target,split,fold,method,n,mae,r2,spearman,source
220,butina,1,chemeleon,340.0,0.751962636957306,0.24871699711691453,0.5160550570798922,fitted
220,butina,1,knn,340.0,0.8836604471208953,-0.04642026543850131,0.3765154541330954,fitted
220,butina,1,lgbm,340.0,0.8188946309769304,0.12939845416275375,0.38544245715196684,fitted
220,butina,1,median,340.0,1.0314097561367899,-0.37824673763903216,,fitted
220,butina,1,monroe35,340.0,0.7094807340960911,0.36749232637853546,0.597300026994665,fitted
220,butina,1,pub_gnn,,1.3420921564102173,-1.4882519245147705,0.3521505868817453,published
220,butina,1,pub_knn,,0.8836604469628966,-0.0464202656039254,0.3764314703198848,published
220,butina,1,pub_mlp,,0.8353341221809387,0.0754909515380859,0.4609617376721008,published
220,butina,1,pub_rf,,0.8114837961886265,0.1305175209173268,0.4416897048885964,published
220,butina,1,pub_svm,,0.7917564735615228,0.1584279774729721,0.4598051897691221,published
220,butina,1,pub_xgboost,,0.7822127402851015,0.2299181030287957,0.4836686078126564,published
220,butina,2,chemeleon,340.0,1.0069883951057517,-0.2527101686167472,0.3706013223420562,fitted
220,butina,2,knn,340.0,0.9935403214926208,-0.2409969185544787,0.2636707239697604,fitted
220,butina,2,lgbm,340.0,0.9604880965762725,-0.07927946656883988,0.31221912461718315,fitted
220,butina,2,median,340.0,1.0244066016042983,-0.18834949961342606,,fitted
220,butina,2,monroe35,340.0,0.9911196613911135,-0.2562511742999345,0.20783113611205062,fitted
220,butina,2,pub_gnn,,1.12548565864563,-0.4081906080245971,0.2362752004707034,published
220,butina,2,pub_knn,,0.99354032066945,-0.2409969165415313,0.2636803415510665,published
220,butina,2,pub_mlp,,0.982798159122467,-0.1466307640075683,0.3426630989428422,published
220,butina,2,pub_rf,,0.9465679093265196,-0.0754382237329558,0.3473729655430021,published
220,butina,2,pub_svm,,0.9729534590574086,-0.1240901953415893,0.2298627708930701,published
220,butina,2,pub_xgboost,,1.089303840379405,-0.3143749723936149,0.1016841307371169,published
220,butina,3,chemeleon,340.0,0.6392333771056725,0.344087285121902,0.5505536545281585,fitted
220,butina,3,knn,340.0,0.8264859317939097,0.15099396611814264,0.3908880571520177,fitted
220,butina,3,lgbm,340.0,0.7105168972545873,0.2520278171093141,0.49414416498882946,fitted
220,butina,3,median,340.0,0.9011462954114737,-0.0024865017684665425,,fitted
220,butina,3,monroe35,340.0,0.727306068815481,0.23159154895601253,0.4880262568903325,fitted
220,butina,3,pub_gnn,,0.7487516403198242,0.1090821623802185,0.4805088389989457,published
220,butina,3,pub_knn,,0.8264859312353328,0.1509939685318976,0.3908880571520177,published
220,butina,3,pub_mlp,,0.7900791168212891,0.1577458381652832,0.360875520639954,published
220,butina,3,pub_rf,,0.7008372178593616,0.3263100737670578,0.4915010692971038,published
220,butina,3,pub_svm,,0.7235818463109928,0.2744370548196373,0.4905823637486488,published
220,butina,3,pub_xgboost,,0.7113476357488934,0.3032027689162124,0.4318595735359169,published
220,butina,4,chemeleon,340.0,0.5984690420356505,0.468861300291308,0.6252655398601488,fitted
220,butina,4,knn,340.0,0.8387917092494086,-0.2923255659768518,0.3565653345366004,fitted
220,butina,4,lgbm,340.0,0.7506869554575234,0.16140910963263944,0.3278912958300303,fitted
220,butina,4,median,340.0,0.8451685275331787,-0.0009983710615895092,,fitted
220,butina,4,monroe35,340.0,0.6781731723771761,0.35191902314514234,0.494939028602004,fitted
220,butina,4,pub_gnn,,0.820722222328186,0.0592837929725647,0.3486555865693717,published
220,butina,4,pub_knn,,0.838791707769181,-0.2923255634412769,0.3567180939028146,published
220,butina,4,pub_mlp,,0.7810953259468079,0.0870125293731689,0.4042378102482727,published
220,butina,4,pub_rf,,0.6832864936908227,0.3278255517828119,0.4425686122427002,published
220,butina,4,pub_svm,,0.7147101701568234,0.258051107654542,0.3983093702768756,published
220,butina,4,pub_xgboost,,0.7055974901098858,0.240624619006797,0.4239602464728382,published
220,butina,5,chemeleon,339.0,0.6147588162273047,0.05926564975303372,0.4474908552894072,fitted
220,butina,5,knn,339.0,0.768676521774797,-0.513351166102791,0.26577766004479714,fitted
220,butina,5,lgbm,339.0,0.6661706431789316,0.00032406687535402323,0.3060302815884717,fitted
220,butina,5,median,339.0,0.7110944241684322,-0.0039001344081111,,fitted
220,butina,5,monroe35,339.0,0.570454218276954,0.2331799859910707,0.566706753679634,fitted
220,butina,5,pub_gnn,,0.6544133424758911,0.0331511497497558,0.402628416211903,published
220,butina,5,pub_knn,,0.768676521774797,-0.5133511661027912,0.2657734015963697,published
220,butina,5,pub_mlp,,0.6370944976806641,0.0345478057861328,0.4141488940000588,published
220,butina,5,pub_rf,,0.633894621377559,0.1040384252237454,0.3537861117165496,published
220,butina,5,pub_svm,,0.6301753158582803,0.0881502298830598,0.382111160328903,published
220,butina,5,pub_xgboost,,0.6763697329914035,-0.1057014259430273,0.35868209385105,published
230,butina,1,chemeleon,234.0,0.5170808223816963,0.33876773256753046,0.4948142455328406,fitted
230,butina,1,knn,234.0,0.5146716627684661,0.317965491348413,0.47297475469231204,fitted
230,butina,1,lgbm,234.0,0.5244634096887657,0.33291847662126994,0.5079323529970501,fitted
230,butina,1,median,234.0,0.6450649333217003,-0.005901859520162089,,fitted
230,butina,1,monroe35,234.0,0.5098620355731941,0.36862218772765853,0.5283840875814054,fitted
230,butina,1,pub_gnn,,0.56423020362854,0.1800391674041748,0.3854640582125734,published
230,butina,1,pub_knn,,0.5146716619872336,0.3179654933816833,0.472974754692312,published
230,butina,1,pub_mlp,,0.5169287919998169,0.3596444129943847,0.5266738445263114,published
230,butina,1,pub_rf,,0.5187376400419037,0.3720214477346494,0.5369535666792055,published
230,butina,1,pub_svm,,0.5036371710412217,0.4084485562590513,0.5980394961286898,published
230,butina,1,pub_xgboost,,0.52107180600477,0.3254560235606099,0.5149414460434883,published
230,butina,2,chemeleon,233.0,0.8865044544690552,-0.44020033223882393,-0.04229596502867326,fitted
230,butina,2,knn,233.0,0.8488663290443733,-0.25080623321662565,0.1651734626739253,fitted
230,butina,2,lgbm,233.0,0.7910594931605714,-0.12467015189041963,0.11995491818551439,fitted
230,butina,2,median,233.0,0.7940934872845932,-0.09077650140584681,,fitted
230,butina,2,monroe35,233.0,0.7909873563744516,-0.1942659278849166,0.07278215019126515,fitted
230,butina,2,pub_gnn,,0.8461573123931885,-0.3022330999374389,0.1324614546886408,published
230,butina,2,pub_knn,,0.84886633071815,-0.2508062360930974,0.1651734626739253,published
230,butina,2,pub_mlp,,0.8684748411178589,-0.4146791696548462,0.0129263891685979,published
230,butina,2,pub_rf,,0.7607499136298245,-0.0332200843914163,0.2154178414685544,published
230,butina,2,pub_svm,,0.8110404719404142,-0.2339592073080565,-0.004782825657296,published
230,butina,2,pub_xgboost,,0.8682418989845686,-0.4428931972843211,-0.0719321401188941,published
230,butina,3,chemeleon,233.0,0.5628275240507454,0.037876248769317056,0.3484918136859024,fitted
230,butina,3,knn,233.0,0.5782841706869601,-0.2119263196286021,0.35905074584646557,fitted
230,butina,3,lgbm,233.0,0.5880057417366292,-0.02451906862467057,0.2132223120655378,fitted
230,butina,3,median,233.0,0.6261997382786223,-0.017906226558702,,fitted
230,butina,3,monroe35,233.0,0.4952838587939248,0.26016603557381734,0.4483684303295356,fitted
230,butina,3,pub_gnn,,0.5788801908493042,-0.0674186944961547,0.381649151605652,published
230,butina,3,pub_knn,,0.5782841706869601,-0.2119263196286021,0.3608372866563023,published
230,butina,3,pub_mlp,,0.5358806848526001,0.1549938917160034,0.3627816786153777,published
230,butina,3,pub_rf,,0.5606403773823652,0.1416313731225336,0.298233659562632,published
230,butina,3,pub_svm,,0.5406239061513999,0.1569133544516916,0.3560759823440957,published
230,butina,3,pub_xgboost,,0.5578421368623617,0.1065415669251328,0.3439968734819676,published
230,butina,4,chemeleon,233.0,0.60279124435465,0.3671332528610911,0.5313003177611658,fitted
230,butina,4,knn,233.0,0.6407541516010237,0.30854670782807425,0.4641213360941481,fitted
230,butina,4,lgbm,233.0,0.6656161938221857,0.28024391601816934,0.47077204475248946,fitted
230,butina,4,median,233.0,0.839701620456641,-0.00794523209905873,,fitted
230,butina,4,monroe35,233.0,0.5673716434412767,0.4393507531382581,0.6257663357316089,fitted
230,butina,4,pub_gnn,,0.7045652270317078,0.2006081342697143,0.4179761978051193,published
230,butina,4,pub_knn,,0.6407541524539466,0.3085467062164572,0.4641152796573417,published
230,butina,4,pub_mlp,,0.6855239272117615,0.2935162186622619,0.4594622094009264,published
230,butina,4,pub_rf,,0.6462620522066128,0.3858572092995296,0.5755751750791491,published
230,butina,4,pub_svm,,0.6961044693036136,0.2481986980288804,0.4037558774634338,published
230,butina,4,pub_xgboost,,0.6363226609956165,0.3487111381954911,0.4925588539306247,published
230,butina,5,chemeleon,233.0,0.477426034131356,0.3602608833821458,0.5144747833667683,fitted
230,butina,5,knn,233.0,0.4860077958974714,0.32149481470460817,0.6175693471226696,fitted
230,butina,5,lgbm,233.0,0.5287396303413816,0.2586790084908266,0.4399129069376885,fitted
230,butina,5,median,233.0,0.6569236474155957,-0.07479495774107559,,fitted
230,butina,5,monroe35,233.0,0.4705970905961224,0.4133185520459828,0.4993444277641274,fitted
230,butina,5,pub_gnn,,0.5914523601531982,0.1026121377944946,0.4499326169143341,published
230,butina,5,pub_knn,,0.4860077966536005,0.3214948136895313,0.6175693471226696,published
230,butina,5,pub_mlp,,0.5241977572441101,0.2374522089958191,0.5386553539903235,published
230,butina,5,pub_rf,,0.4728079283127902,0.4105399924846106,0.5722978473340318,published
230,butina,5,pub_svm,,0.5290698659232268,0.2017563106733181,0.5313107490857024,published
230,butina,5,pub_xgboost,,0.5010929023932217,0.3356056168638477,0.5222666155661582,published
260,butina,1,chemeleon,271.0,0.525913276028469,0.4417027382862073,0.6008448013607719,fitted
260,butina,1,knn,271.0,0.634877762382982,0.2340094153841138,0.5025132786666223,fitted
260,butina,1,lgbm,271.0,0.5429732397716612,0.4417430566368541,0.5401024362064811,fitted
260,butina,1,median,271.0,0.9725529034600142,-0.5220787428223619,,fitted
260,butina,1,monroe35,271.0,0.5158156889801538,0.48534604407925463,0.6575678634892985,fitted
260,butina,1,pub_gnn,,0.628200113773346,0.2677172422409057,0.587351254644064,published
260,butina,1,pub_knn,,0.6348777624694103,0.2340094152350429,0.5025071771138515,published
260,butina,1,pub_mlp,,0.4963367581367492,0.4828598499298095,0.6785115314460815,published
260,butina,1,pub_rf,,0.5895511741450662,0.3531146732256569,0.4835537011788863,published
260,butina,1,pub_svm,,0.5294182356876989,0.4376452242144663,0.6529127436257504,published
260,butina,1,pub_xgboost,,0.487934654250219,0.5120716126123095,0.6796032852716749,published
260,butina,2,chemeleon,270.0,0.6425865647381649,0.4239316752362785,0.6302306103758005,fitted
260,butina,2,knn,270.0,0.6649262486813851,0.3677166455787929,0.5831725333945437,fitted
260,butina,2,lgbm,270.0,0.6249974996979555,0.4828767648688651,0.7257206233757418,fitted
260,butina,2,median,270.0,0.933577685382111,-0.0434539945265775,,fitted
260,butina,2,monroe35,270.0,0.6162576252020718,0.49905557735808226,0.7237515214104818,fitted
260,butina,2,pub_gnn,,0.7575161457061768,0.1871361136436462,0.6450362206781469,published
260,butina,2,pub_knn,,0.6649262482848499,0.3677166464342036,0.5831631462183868,published
260,butina,2,pub_mlp,,0.7152804732322693,0.3425704836845398,0.606326401505071,published
260,butina,2,pub_rf,,0.7707803499424613,0.2800152436446704,0.6398977760854145,published
260,butina,2,pub_svm,,0.6878731072112484,0.4025631221846082,0.6727716270093848,published
260,butina,2,pub_xgboost,,0.7571633327606372,0.2238314922790283,0.5232775709249913,published
260,butina,3,chemeleon,270.0,0.7283095878701159,0.17189160018344996,0.4347526149383556,fitted
260,butina,3,knn,270.0,0.7312151985433201,0.08424680442124965,0.4490216073670673,fitted
260,butina,3,lgbm,270.0,0.6928513675994749,0.25957689580458976,0.5149814961772217,fitted
260,butina,3,median,270.0,0.8121272343050815,-0.052943510753437284,,fitted
260,butina,3,monroe35,270.0,0.6147737133888658,0.3871284063160768,0.5991143407012804,fitted
260,butina,3,pub_gnn,,0.818200409412384,-0.0955491065979003,0.322054408100661,published
260,butina,3,pub_knn,,0.7312151991373136,0.0842468049881975,0.4490216073670673,published
260,butina,3,pub_mlp,,0.8452396392822266,-0.1130101680755615,0.2958864071562164,published
260,butina,3,pub_rf,,0.7056316028710109,0.2061137883378894,0.4269620552741366,published
260,butina,3,pub_svm,,0.7024811703371542,0.2106727969035103,0.4886744084759091,published
260,butina,3,pub_xgboost,,0.7014114560330429,0.2249668816083642,0.4493765282351123,published
260,butina,4,chemeleon,270.0,0.8960694297304829,-0.2599779644296871,0.1645919032904779,fitted
260,butina,4,knn,270.0,0.8820459406286159,-0.27782465474571705,0.26359536920088583,fitted
260,butina,4,lgbm,270.0,0.925531866672822,-0.2940602690358003,0.16192073864757597,fitted
260,butina,4,median,270.0,0.8067884466633496,-0.00032577381996445887,,fitted
260,butina,4,monroe35,270.0,0.9357818002100697,-0.35582988103244517,-0.0765711470937686,fitted
260,butina,4,pub_gnn,,0.9505882263183594,-0.4176874160766601,0.0534054958530361,published
260,butina,4,pub_knn,,0.8820459424599567,-0.277824657687894,0.2635953692008858,published
260,butina,4,pub_mlp,,1.107115626335144,-0.925610899925232,-0.0273666966106205,published
260,butina,4,pub_rf,,0.853725460499978,-0.108941753282854,0.0772668112568031,published
260,butina,4,pub_svm,,0.912584448135492,-0.320624061765753,-0.0627702817004319,published
260,butina,4,pub_xgboost,,0.8501223374151352,-0.103356157769437,0.2687971469854773,published
260,butina,5,chemeleon,270.0,0.6633844150605953,0.6001647837915558,0.7849836949415151,fitted
260,butina,5,knn,270.0,0.8338085117936007,0.3545268583961406,0.6225131588065987,fitted
260,butina,5,lgbm,270.0,0.7498527114758695,0.49694135314508625,0.7263539000378089,fitted
260,butina,5,median,270.0,1.2444123630207273,-0.09076300257676118,,fitted
260,butina,5,monroe35,270.0,0.6541683015838181,0.6079590860951238,0.7976020982194177,fitted
260,butina,5,pub_gnn,,0.8197066187858582,0.4429100155830383,0.7150375684536671,published
260,butina,5,pub_knn,,0.833808510929658,0.3545268594386782,0.6225131588065987,published
260,butina,5,pub_mlp,,0.7615386843681335,0.4655704498291015,0.7436255239291927,published
260,butina,5,pub_rf,,0.906557320922083,0.3546727570272735,0.6958187912519401,published
260,butina,5,pub_svm,,0.9473669741626688,0.2753715672985545,0.6938207383196167,published
260,butina,5,pub_xgboost,,0.765480496886974,0.4678661984188668,0.7176872715747631,published
262,butina,1,chemeleon,200.0,0.7889041178525946,0.3333771092616896,0.5435758700735843,fitted
262,butina,1,knn,200.0,0.7867213864278679,0.33345904925085423,0.600563645438228,fitted
262,butina,1,lgbm,200.0,0.7721360251848131,0.3864563493360921,0.6135993822948052,fitted
262,butina,1,median,200.0,1.0180225852439058,-0.0022455459086461182,,fitted
262,butina,1,monroe35,200.0,0.8414811321180824,0.30143301938406875,0.5709255191941474,fitted
262,butina,1,pub_gnn,,1.2318397760391235,-0.565809965133667,0.3455783608993306,published
262,butina,1,pub_knn,,0.7867213867048178,0.3334590480648292,0.600563645438228,published
262,butina,1,pub_mlp,,0.769521951675415,0.3598173260688782,0.5882970608938212,published
262,butina,1,pub_rf,,0.8202794241988459,0.2930551576565485,0.5973253350795544,published
262,butina,1,pub_svm,,0.7774808150073134,0.3670563064432436,0.5918289283285127,published
262,butina,1,pub_xgboost,,0.7622811046475647,0.3638355893115121,0.5747576842397532,published
262,butina,2,chemeleon,200.0,0.8731650463730969,0.09879661978873833,0.6110682546317834,fitted
262,butina,2,knn,200.0,0.8090765100839586,0.14890671213169582,0.4372155419835908,fitted
262,butina,2,lgbm,200.0,0.8920084706429152,0.03478360388571655,0.5163816543434395,fitted
262,butina,2,median,200.0,0.9673957007770423,-0.1313191145864998,,fitted
262,butina,2,monroe35,200.0,0.9069731108372372,0.05742248935489991,0.46895939309180634,fitted
262,butina,2,pub_gnn,,0.9833396673202516,-0.1963275671005249,0.2279497663812982,published
262,butina,2,pub_knn,,0.8090765118251145,0.1489067111023881,0.4372155419835908,published
262,butina,2,pub_mlp,,0.9716605544090272,-0.1727739572525024,0.5149216708952553,published
262,butina,2,pub_rf,,0.808706176395516,0.172707476346671,0.562850578252069,published
262,butina,2,pub_svm,,0.8635470964586304,0.119356099343676,0.6289006793576601,published
262,butina,2,pub_xgboost,,0.8184652144792994,0.1481199313973189,0.5506714658803241,published
262,butina,3,chemeleon,200.0,0.9213538352402696,-0.3051865788323085,0.33130527374926155,fitted
262,butina,3,knn,200.0,0.8618727772546859,-0.06926980009310735,0.23199346578659655,fitted
262,butina,3,lgbm,200.0,0.9882582198249955,-0.40939840960758,0.4337943769034023,fitted
262,butina,3,median,200.0,0.90073313670753,-0.10456645676838705,,fitted
262,butina,3,monroe35,200.0,0.9012075377171607,-0.21282462024386994,0.26265675083924644,fitted
262,butina,3,pub_gnn,,1.3248775005340576,-1.4073927402496338,-0.2345779350755978,published
262,butina,3,pub_knn,,0.8618727774283065,-0.0692697997856941,0.2319934657865965,published
262,butina,3,pub_mlp,,0.9009162187576294,-0.1944755315780639,0.4281016187285284,published
262,butina,3,pub_rf,,0.9156192518221452,-0.2109873586996389,0.2398441662890765,published
262,butina,3,pub_svm,,0.980442754358138,-0.4052094823971539,0.3227259897982902,published
262,butina,3,pub_xgboost,,0.9662887661101056,-0.462632366229881,0.1597794648540667,published
262,butina,4,chemeleon,200.0,0.6480140887412591,0.1465036291855627,0.39993819672502523,fitted
262,butina,4,knn,200.0,0.7774287282313587,-0.22719157236058662,0.13247235812913447,fitted
262,butina,4,lgbm,200.0,0.6886529273510666,0.08414050201329382,0.3240611811291812,fitted
262,butina,4,median,200.0,0.79442148019962,-0.13223235067088535,,fitted
262,butina,4,monroe35,200.0,0.6725961901329853,0.10399565304292602,0.33717992438658956,fitted
262,butina,4,pub_gnn,,0.8626916408538818,-0.4746491909027099,0.3460799239033737,published
262,butina,4,pub_knn,,0.7774287284036232,-0.2271915732593794,0.1325073345485659,published
262,butina,4,pub_mlp,,0.8088141679763794,-0.2420623302459716,0.0648734153786415,published
262,butina,4,pub_rf,,0.6696854582770139,0.1115065263876253,0.2540453536825977,published
262,butina,4,pub_svm,,0.6886907529002435,0.0671154546367613,0.2362108460244827,published
262,butina,4,pub_xgboost,,0.7731722272210284,-0.1587174897432348,0.169186060978129,published
262,butina,5,chemeleon,200.0,0.6895359082913609,0.37477636404222137,0.507583408600983,fitted
262,butina,5,knn,200.0,0.7836374700700639,0.14109713412414826,0.4003347408478803,fitted
262,butina,5,lgbm,200.0,0.6596528229134293,0.3865022417304842,0.5905062884103447,fitted
262,butina,5,median,200.0,0.9040839424900406,-0.07092298910108585,,fitted
262,butina,5,monroe35,200.0,0.6682683096200757,0.36736070109265384,0.5274525651354762,fitted
262,butina,5,pub_gnn,,0.9505241513252258,-0.1336379051208496,0.1691282165108527,published
262,butina,5,pub_knn,,0.7836374681943653,0.1410971391177073,0.4003347408478803,published
262,butina,5,pub_mlp,,0.7236829996109009,0.3007099032402038,0.4974759474459179,published
262,butina,5,pub_rf,,0.6709431340330789,0.3957463003432667,0.6526910291670365,published
262,butina,5,pub_svm,,0.7045537390690287,0.3125936223543394,0.5602890633076897,published
262,butina,5,pub_xgboost,,0.6543793840710598,0.3942539739561694,0.6308342819482956,published
279,butina,1,chemeleon,455.0,0.8167395864368047,0.2016801690976564,0.5110191039831513,fitted
279,butina,1,knn,455.0,0.8497664625978244,0.061671888467007774,0.3562278607307938,fitted
279,butina,1,lgbm,455.0,0.8541123536808904,0.1371213174787671,0.38573065124754347,fitted
279,butina,1,median,455.0,0.956452554353657,-0.017910914628738395,,fitted
279,butina,1,monroe35,455.0,0.8042992050208556,0.24179175686132415,0.5142353581572986,fitted
279,butina,1,pub_gnn,,0.9722987413406372,-0.2169978618621826,0.3534001639527576,published
279,butina,1,pub_knn,,0.8497664620204702,0.0616718880397242,0.3562278607307938,published
279,butina,1,pub_mlp,,0.9613954424858092,-0.0511331558227539,0.317194691599839,published
279,butina,1,pub_rf,,0.8854128914291227,0.135820209536207,0.4309892702351769,published
279,butina,1,pub_svm,,0.8662486974862261,0.1490447052504517,0.4453045696505529,published
279,butina,1,pub_xgboost,,0.8845959879053545,0.1045804046135263,0.3886093313160178,published
279,butina,2,chemeleon,455.0,0.7837161548253136,0.28485058372198757,0.5100479710492106,fitted
279,butina,2,knn,455.0,0.8001253038178799,0.3308145726498327,0.5567204066507085,fitted
279,butina,2,lgbm,455.0,0.7982206997772137,0.3758997718306465,0.5687222894947757,fitted
279,butina,2,median,455.0,1.0920502118157973,-0.018825472015261857,,fitted
279,butina,2,monroe35,455.0,0.7841725600677893,0.37588431067568306,0.581280169428612,fitted
279,butina,2,pub_gnn,,0.9238137602806092,0.040024995803833,0.3832370824762767,published
279,butina,2,pub_knn,,0.8001253035804925,0.3308145720993208,0.5568433707173024,published
279,butina,2,pub_mlp,,0.8569032549858093,0.1634318232536316,0.3999347035379071,published
279,butina,2,pub_rf,,0.7790677331165025,0.3941468349474635,0.6030518572884718,published
279,butina,2,pub_svm,,0.7730664813815925,0.3888733124324238,0.5566879161292997,published
279,butina,2,pub_xgboost,,0.7771363792919921,0.3917939104477279,0.5874983828992553,published
279,butina,3,chemeleon,455.0,0.7993231656217896,-0.21564366786061973,0.2900459889593689,fitted
279,butina,3,knn,455.0,0.7881880438229435,-0.032323977349665745,0.3572624340978161,fitted
279,butina,3,lgbm,455.0,0.7955354959565236,-0.07022073914344262,0.25539286369959013,fitted
279,butina,3,median,455.0,0.8003249816841956,-0.016702872483943754,,fitted
279,butina,3,monroe35,455.0,0.7679584310378127,0.009054812274480684,0.37465763574074795,fitted
279,butina,3,pub_gnn,,0.9511202573776244,-0.6618591547012329,0.3265273077846419,published
279,butina,3,pub_knn,,0.7881880446507249,-0.0323239788456193,0.3572624340978161,published
279,butina,3,pub_mlp,,0.8215948939323425,-0.1462901830673217,0.2791333913058602,published
279,butina,3,pub_rf,,0.7608763472102332,0.0628607292786995,0.264976022382142,published
279,butina,3,pub_svm,,0.7535758870913921,0.0544482361056007,0.3332883307952931,published
279,butina,3,pub_xgboost,,0.7824376258285288,-0.0159870314351981,0.2990643573696227,published
279,butina,4,chemeleon,454.0,0.7164156405344493,0.058774178842823654,0.4775753392919099,fitted
279,butina,4,knn,454.0,0.7336482066187635,0.10844583923698448,0.40992198608605246,fitted
279,butina,4,lgbm,454.0,0.7266352517183915,0.05264850940562227,0.36471446169205146,fitted
279,butina,4,median,454.0,0.8113824734755696,-0.010268673514108873,,fitted
279,butina,4,monroe35,454.0,0.649390579759122,0.2683769830792495,0.491413420123302,fitted
279,butina,4,pub_gnn,,0.849574625492096,-0.2755091190338135,0.2492039489222761,published
279,butina,4,pub_knn,,0.7336482079063538,0.1084458356393553,0.4099219860860524,published
279,butina,4,pub_mlp,,0.7002710700035095,0.1505885124206543,0.4648695554250545,published
279,butina,4,pub_rf,,0.6607129064071018,0.2829938032652036,0.5022963334762651,published
279,butina,4,pub_svm,,0.6609732593234922,0.2290253608990793,0.4688750102515282,published
279,butina,4,pub_xgboost,,0.7374819064730991,0.0750163349677962,0.4099271330237125,published
279,butina,5,chemeleon,454.0,0.7378509362849548,0.2945139946316693,0.5485679881462137,fitted
279,butina,5,knn,454.0,0.8434955204138608,0.06772362186501701,0.4315186875954013,fitted
279,butina,5,lgbm,454.0,0.7920711894223884,0.2280348286737045,0.49510457886317477,fitted
279,butina,5,median,454.0,0.9523513760363326,-0.0343225617099614,,fitted
279,butina,5,monroe35,454.0,0.7574930422396751,0.3136625112956607,0.5555426212253441,fitted
279,butina,5,pub_gnn,,0.8049651384353638,0.1163125038146972,0.4574812999069995,published
279,butina,5,pub_knn,,0.8434955220157564,0.0677236189969696,0.4315186875954013,published
279,butina,5,pub_mlp,,0.7982390522956848,0.2072636485099792,0.4712019299047976,published
279,butina,5,pub_rf,,0.7963271362683363,0.2586944543131213,0.4885205162966044,published
279,butina,5,pub_svm,,0.7628175145395203,0.3048871507315341,0.5606063093752652,published
279,butina,5,pub_xgboost,,0.7812860173889565,0.2190439201903892,0.4778513528613194,published
284,butina,1,chemeleon,264.0,0.6710873530630023,0.2649262620770405,0.5776594213480759,fitted
284,butina,1,knn,264.0,0.892306738073715,-0.36719338262768964,0.3139372949218392,fitted
284,butina,1,lgbm,264.0,0.7920265259381033,0.010538515545998162,0.412009271906572,fitted
284,butina,1,median,264.0,0.8643146647713967,-0.02548198661798229,,fitted
284,butina,1,monroe35,264.0,0.6836027001957266,0.2510981286982733,0.5620047068551143,fitted
284,butina,1,pub_gnn,,0.8528622388839722,-0.1442412137985229,0.2826223183105624,published
284,butina,1,pub_knn,,0.8923067406553894,-0.3671933868670463,0.3139327805184099,published
284,butina,1,pub_mlp,,0.6984173059463501,0.2614126205444336,0.5061340991749697,published
284,butina,1,pub_rf,,0.6835731237998005,0.2550800556315183,0.4685390871697681,published
284,butina,1,pub_svm,,0.71315627701141,0.2637123759642894,0.5378987815029513,published
284,butina,1,pub_xgboost,,0.6861383548819402,0.2078236464922754,0.5020828835231076,published
284,butina,2,chemeleon,263.0,0.6585569108511079,-0.4883265450011376,0.012414011933678347,fitted
284,butina,2,knn,263.0,0.8105976197286648,-1.2802663793940154,-0.061792499508686365,fitted
284,butina,2,lgbm,263.0,0.5862896087606295,-0.313199475262238,0.11482395859966087,fitted
284,butina,2,median,263.0,0.5961132441516075,-0.2166439122150008,,fitted
284,butina,2,monroe35,263.0,0.5867438672061153,-0.21968974039994826,0.23623700059845423,fitted
284,butina,2,pub_gnn,,0.5835185050964355,-0.4938470125198364,0.2434573866265323,published
284,butina,2,pub_knn,,0.810597617986586,-1.2802663778794572,-0.0617924995086863,published
284,butina,2,pub_mlp,,0.6619627475738525,-0.5473756790161133,0.0652262538441594,published
284,butina,2,pub_rf,,0.5593101073235133,-0.0625006627244815,0.0998602817710388,published
284,butina,2,pub_svm,,0.5652233268899663,-0.1309917538400853,0.1034485602158268,published
284,butina,2,pub_xgboost,,0.6231992952334278,-0.3787812260505345,0.084753178427756,published
284,butina,3,chemeleon,263.0,0.7721207107657085,-0.007882536895654546,0.5192661567769754,fitted
284,butina,3,knn,263.0,0.7707440634214648,-0.06253994007142194,0.3979376720584965,fitted
284,butina,3,lgbm,263.0,0.8258672894992908,-0.10166126731013825,0.2917513933295075,fitted
284,butina,3,median,263.0,0.8434812316333177,-0.012643406965675341,,fitted
284,butina,3,monroe35,263.0,0.8518961311914159,-0.16010362334304173,0.1804866979395125,fitted
284,butina,3,pub_gnn,,0.7183595299720764,0.15537029504776,0.4925989975537811,published
284,butina,3,pub_knn,,0.7707440643994217,-0.0625399420837682,0.3979376720584965,published
284,butina,3,pub_mlp,,0.7715530395507812,-0.0089538097381591,0.318153437393159,published
284,butina,3,pub_rf,,0.8097657736390852,-0.029229387950967,0.27624742463216,published
284,butina,3,pub_svm,,0.688166111254039,0.1673903619049013,0.5522688210298988,published
284,butina,3,pub_xgboost,,0.7933426296585252,-0.0961555866516601,0.3778228333121568,published
284,butina,4,chemeleon,263.0,0.9034677155900256,-0.2037499054442773,0.3013621864742453,fitted
284,butina,4,knn,263.0,0.8411210855161216,0.07272164202926223,0.4072633060183451,fitted
284,butina,4,lgbm,263.0,0.83404013969379,0.10022017668326244,0.5557383211213918,fitted
284,butina,4,median,263.0,0.8958797910863455,-0.0034114762335308857,,fitted
284,butina,4,monroe35,263.0,0.7687750833504586,0.12679292074333215,0.45874404694185755,fitted
284,butina,4,pub_gnn,,0.784151554107666,0.2175661325454712,0.4540735803531084,published
284,butina,4,pub_knn,,0.8411210850109303,0.0727216421825025,0.4072633060183451,published
284,butina,4,pub_mlp,,0.8223922252655029,0.100025475025177,0.5061571988627263,published
284,butina,4,pub_rf,,0.7778239419828493,0.2066359551891492,0.6148863866862693,published
284,butina,4,pub_svm,,0.7912493116069129,0.2099220534952205,0.6494056205359954,published
284,butina,4,pub_xgboost,,0.8113439558702202,0.1391479473045218,0.536436578007108,published
284,butina,5,chemeleon,263.0,0.719903367593782,0.10531771308669269,0.37844809079889474,fitted
284,butina,5,knn,263.0,0.6857181590378497,0.1676935326988539,0.34841755613625247,fitted
284,butina,5,lgbm,263.0,0.7170690961310775,0.11024900233865942,0.3137653719620374,fitted
284,butina,5,median,263.0,0.7578937750511412,-0.006091978823497435,,fitted
284,butina,5,monroe35,263.0,0.6758602330285443,0.26921803063802574,0.44820308696859557,fitted
284,butina,5,pub_gnn,,0.8002660870552063,-0.1165663003921508,0.3686284096409271,published
284,butina,5,pub_knn,,0.6857181603596604,0.1676935296789796,0.3484175561362524,published
284,butina,5,pub_mlp,,0.8359453678131104,-0.2754132747650146,0.3284571366494628,published
284,butina,5,pub_rf,,0.667767212093475,0.1731538591716862,0.3318462476601146,published
284,butina,5,pub_svm,,0.7014417611135513,0.1211515581039492,0.4003554363079437,published
284,butina,5,pub_xgboost,,0.6854966944145066,0.1053084528501473,0.322595264703682,published
1865,butina,1,chemeleon,207.0,0.7956447828520885,0.05416057873374691,0.37761912770575257,fitted
1865,butina,1,knn,207.0,0.9082228565320815,-0.18818913125357195,0.23123499459166877,fitted
1865,butina,1,lgbm,207.0,0.7314118854458791,0.2278402439157915,0.4496902721352329,fitted
1865,butina,1,median,207.0,0.9210215856217315,-0.0665508187094126,,fitted
1865,butina,1,monroe35,207.0,0.7824641126258138,0.0370595684597691,0.34560934306416463,fitted
1865,butina,1,pub_gnn,,0.8844912648200989,0.0440138578414917,0.2518394396804825,published
1865,butina,1,pub_knn,,0.9082228562008826,-0.1881891275627176,0.2312139725467932,published
1865,butina,1,pub_mlp,,0.7505648732185364,0.1688892245292663,0.3828471172730717,published
1865,butina,1,pub_rf,,0.75402110433051,0.2148364871546606,0.4364415250130123,published
1865,butina,1,pub_svm,,0.7405298097584742,0.1745321052095756,0.4276437669023023,published
1865,butina,1,pub_xgboost,,0.7097747506278312,0.3018520364131665,0.5640486789646352,published
1865,butina,2,chemeleon,207.0,0.5959612723666934,0.17853160719923367,0.42375765305509805,fitted
1865,butina,2,knn,207.0,0.609066368589629,-0.00555121876070408,0.3206025484237263,fitted
1865,butina,2,lgbm,207.0,0.5682045139206091,0.2946192230505549,0.5207486898782429,fitted
1865,butina,2,median,207.0,0.6516266004959813,-0.00034994431050816566,,fitted
1865,butina,2,monroe35,207.0,0.5600142109547886,0.3591989281247122,0.5044696270067782,fitted
1865,butina,2,pub_gnn,,0.7196311950683594,-0.1725941896438598,0.2684445274723008,published
1865,butina,2,pub_knn,,0.6090663695162482,-0.0055512229743772,0.3206025484237263,published
1865,butina,2,pub_mlp,,0.68227219581604,0.0189639329910278,0.4336579700410147,published
1865,butina,2,pub_rf,,0.5850998718371601,0.2445992731748698,0.4383072010621732,published
1865,butina,2,pub_svm,,0.5435796131981916,0.3194653271435664,0.5542283103068018,published
1865,butina,2,pub_xgboost,,0.5801980371208602,0.2356649820135777,0.4601594470730268,published
1865,butina,3,chemeleon,207.0,0.5530840027788454,0.35436685534221835,0.5362211438770274,fitted
1865,butina,3,knn,207.0,0.6655854517709902,-0.025773951609511903,0.37223741007328476,fitted
1865,butina,3,lgbm,207.0,0.642850735182475,0.1529766963857171,0.4738054120460142,fitted
1865,butina,3,median,207.0,0.7269368145426237,-0.00023130766186496565,,fitted
1865,butina,3,monroe35,207.0,0.5527411328996029,0.3695320008091154,0.6157819312826137,fitted
1865,butina,3,pub_gnn,,0.7086471915245056,0.0074714422225952,0.2978181773135389,published
1865,butina,3,pub_knn,,0.665585450781984,-0.0257739517761823,0.3721893388479447,published
1865,butina,3,pub_mlp,,0.6076246500015259,0.2128070592880249,0.4700586329970366,published
1865,butina,3,pub_rf,,0.6041379760394257,0.2758775557185461,0.4912879886676665,published
1865,butina,3,pub_svm,,0.5845012300760688,0.3084640184624282,0.5300638150699217,published
1865,butina,3,pub_xgboost,,0.5802661795878348,0.317976520652992,0.5431225366669825,published
1865,butina,4,chemeleon,207.0,0.5828847266949666,0.33554774312301994,0.5760423530370459,fitted
1865,butina,4,knn,207.0,0.7461325476358068,-0.03379201990267733,0.4013936228641192,fitted
1865,butina,4,lgbm,207.0,0.6377913668547966,0.2989357179589459,0.6081660568437516,fitted
1865,butina,4,median,207.0,0.8510535187153029,-0.17234869756575422,,fitted
1865,butina,4,monroe35,207.0,0.555146025576133,0.42861491236238136,0.6251391856282283,fitted
1865,butina,4,pub_gnn,,0.7673109769821167,-0.055946946144104,0.4164115212716226,published
1865,butina,4,pub_knn,,0.7461325499733256,-0.0337920222833889,0.4013698101957386,published
1865,butina,4,pub_mlp,,0.5640272498130798,0.3467388749122619,0.57134676535297,published
1865,butina,4,pub_rf,,0.6103795724721828,0.3395806260425553,0.651470724035537,published
1865,butina,4,pub_svm,,0.5552843860604395,0.4224355798035255,0.6520552050498878,published
1865,butina,4,pub_xgboost,,0.5508637521477622,0.4335970730468874,0.656614127610231,published
1865,butina,5,chemeleon,206.0,0.6796388764372592,0.3064582453939273,0.596852181062695,fitted
1865,butina,5,knn,206.0,0.5980616007104687,0.3341653925632877,0.6315552489947045,fitted
1865,butina,5,lgbm,206.0,0.6091681591053543,0.45417004604581934,0.7043276136484019,fitted
1865,butina,5,median,206.0,0.9041032235118253,-0.01059893477843632,,fitted
1865,butina,5,monroe35,206.0,0.5809299735495923,0.4972269264936262,0.7263835499604016,fitted
1865,butina,5,pub_gnn,,0.9514838457107544,-0.1642460823059082,0.1692749775651428,published
1865,butina,5,pub_knn,,0.5980616021522764,0.334165390887856,0.6315552489947045,published
1865,butina,5,pub_mlp,,0.7167245745658875,0.1827343702316284,0.6222275150502877,published
1865,butina,5,pub_rf,,0.5851260242005627,0.4724872419983673,0.7422380030351492,published
1865,butina,5,pub_svm,,0.6226054705857551,0.4041248441533364,0.697827450808041,published
1865,butina,5,pub_xgboost,,0.6291625389685489,0.399672441494447,0.6991544750457253,published
2409,butina,1,chemeleon,248.0,0.6188346218803469,0.3944487675843934,0.6594284228746755,fitted
2409,butina,1,knn,248.0,0.8175517305277389,0.012917130493953266,0.2597683995191919,fitted
2409,butina,1,lgbm,248.0,0.7282852710564647,0.20777494415940578,0.45721328975231285,fitted
2409,butina,1,median,248.0,0.9201738664025287,-0.005846638839879681,,fitted
2409,butina,1,monroe35,248.0,0.6139712658228702,0.42586749836988236,0.6475459011444905,fitted
2409,butina,1,pub_gnn,,0.9085960388183594,-0.2074209451675415,0.5059748952919885,published
2409,butina,1,pub_knn,,0.8175517303776871,0.0129171293892336,0.2597634311341277,published
2409,butina,1,pub_mlp,,0.7314382791519165,0.2813222408294678,0.5631740133011578,published
2409,butina,1,pub_rf,,0.7828189116153471,0.1927843111755458,0.4352053079941434,published
2409,butina,1,pub_svm,,0.7658297859112431,0.2537258170983039,0.5513934924843539,published
2409,butina,1,pub_xgboost,,0.7698739221511911,0.2014752736836893,0.4522644873451052,published
2409,butina,2,chemeleon,245.0,0.6177986611926405,0.5601640600707485,0.7895658094829849,fitted
2409,butina,2,knn,245.0,0.8238497203381021,0.21687134829297472,0.5246727426401426,fitted
2409,butina,2,lgbm,245.0,0.6947369350665795,0.5027763884207619,0.724631711357307,fitted
2409,butina,2,median,245.0,1.0344231463510476,-6.565476622988342e-05,,fitted
2409,butina,2,monroe35,245.0,0.6132205255608864,0.6270453044446035,0.827973307260653,fitted
2409,butina,2,pub_gnn,,0.961738348007202,0.0794488787651062,0.4034070740569597,published
2409,butina,2,pub_knn,,0.8238497211132594,0.2168713474720379,0.5246727426401426,published
2409,butina,2,pub_mlp,,0.7325341105461121,0.4336986541748047,0.6609721954270525,published
2409,butina,2,pub_rf,,0.7685542015962669,0.4062196539664169,0.6670961437317476,published
2409,butina,2,pub_svm,,0.7363202010060288,0.4601335260788258,0.6896599916436892,published
2409,butina,2,pub_xgboost,,0.7384030254117803,0.4069797302357121,0.6712224533890316,published
2409,butina,3,chemeleon,245.0,1.0015724157909973,-0.4492917415330362,0.32700580072842356,fitted
2409,butina,3,knn,245.0,0.964275049184349,-0.29832996533451706,0.254591837822345,fitted
2409,butina,3,lgbm,245.0,0.8787821386389296,-0.0911103599939993,0.2556938139246516,fitted
2409,butina,3,median,245.0,0.8958872391313699,-0.11732318588863677,,fitted
2409,butina,3,monroe35,245.0,0.8719706693790219,-0.1524421386147663,0.31097677662837603,fitted
2409,butina,3,pub_gnn,,0.8602826595306396,-0.0135121345520019,0.3218179719489065,published
2409,butina,3,pub_knn,,0.9642750486938328,-0.2983299608476324,0.254591837822345,published
2409,butina,3,pub_mlp,,1.088538646697998,-0.7220735549926758,0.1999158277883623,published
2409,butina,3,pub_rf,,0.9178024113207988,-0.1507713993393189,0.1694551020119601,published
2409,butina,3,pub_svm,,0.8777876030671008,-0.0691706495173212,0.2491702628045228,published
2409,butina,3,pub_xgboost,,0.9105400115219172,-0.2302525033259292,0.2754648089741521,published
2409,butina,4,chemeleon,245.0,0.719383983787682,0.43621063037804864,0.6815303407177146,fitted
2409,butina,4,knn,245.0,0.7989476401909696,0.2739352640506332,0.5283430820636881,fitted
2409,butina,4,lgbm,245.0,0.7999886447354725,0.3258270556732259,0.6097900274903499,fitted
2409,butina,4,median,245.0,1.0240438114091979,-0.10954387584948932,,fitted
2409,butina,4,monroe35,245.0,0.6368257948721705,0.5184739207229895,0.731568278469825,fitted
2409,butina,4,pub_gnn,,0.887610912322998,0.2002811431884765,0.5845376149945829,published
2409,butina,4,pub_knn,,0.7989476392085103,0.2739352657010202,0.5281331515272638,published
2409,butina,4,pub_mlp,,0.8246980905532837,0.2512174248695373,0.5138468405413394,published
2409,butina,4,pub_rf,,0.8008615781624694,0.3312973616381497,0.5853441407350676,published
2409,butina,4,pub_svm,,0.7726072436403834,0.3307496172928487,0.5889879388793774,published
2409,butina,4,pub_xgboost,,0.8077089936421019,0.2916906701316331,0.5116439415661866,published
2409,butina,5,chemeleon,244.0,0.6535704145967368,0.3578319890778119,0.598318135173871,fitted
2409,butina,5,knn,244.0,0.8750590976953135,-0.1143864149690148,0.2662719898870428,fitted
2409,butina,5,lgbm,244.0,0.7895764518384886,0.0879362259444364,0.36919170661865613,fitted
2409,butina,5,median,244.0,0.8646532772456953,-0.002724320746146036,,fitted
2409,butina,5,monroe35,244.0,0.6771105564854148,0.33427738879520363,0.5697723288093566,fitted
2409,butina,5,pub_gnn,,0.7614439725875854,0.1728416085243225,0.6387580905935485,published
2409,butina,5,pub_knn,,0.8750590961695435,-0.114386413296516,0.2662719898870428,published
2409,butina,5,pub_mlp,,0.7652103900909424,0.1396219134330749,0.4350161940646078,published
2409,butina,5,pub_rf,,0.7916700288107049,0.1915098451164497,0.4345754452443696,published
2409,butina,5,pub_svm,,0.7578342487920673,0.1736111837685903,0.458174301945598,published
2409,butina,5,pub_xgboost,,0.7753003515886875,0.1640551967370114,0.4390840204581174,published
4005,butina,1,chemeleon,253.0,1.0337724107034412,0.11742103944714144,0.580002590103247,fitted
4005,butina,1,knn,253.0,0.9865386708099061,0.2118687415338778,0.5192415036894713,fitted
4005,butina,1,lgbm,253.0,0.9984410906274731,0.20372691787352115,0.6122529020597011,fitted
4005,butina,1,median,253.0,1.3533668442889029,-0.3947507997601478,,fitted
4005,butina,1,monroe35,253.0,1.0216396799691796,0.18062299526733816,0.6128596305499129,fitted
4005,butina,1,pub_gnn,,1.2469522953033447,-0.2780852317810058,0.1597008004984586,published
4005,butina,1,pub_knn,,0.9865386720710868,0.211868740208318,0.5192867674711823,published
4005,butina,1,pub_mlp,,1.132700800895691,-0.0198700428009033,0.4330767070180165,published
4005,butina,1,pub_rf,,1.214813660387833,-0.1680059454023601,0.3962148312917427,published
4005,butina,1,pub_svm,,1.083782311638048,0.0671167593404556,0.5385703851897902,published
4005,butina,1,pub_xgboost,,1.147264698850172,-0.0723532609411818,0.4248775302680053,published
4005,butina,2,chemeleon,253.0,0.6603165936692089,0.2835633139228172,0.525886480556048,fitted
4005,butina,2,knn,253.0,0.6157657953033248,0.32874805694314524,0.5888549885918092,fitted
4005,butina,2,lgbm,253.0,0.6575440609379899,0.2881123686352187,0.47978229129016464,fitted
4005,butina,2,median,253.0,0.872616727790689,-0.13612944496919588,,fitted
4005,butina,2,monroe35,253.0,0.6546655969116105,0.29755956055472266,0.5384678957354148,fitted
4005,butina,2,pub_gnn,,0.818352460861206,-0.1733458042144775,0.3949311968049744,published
4005,butina,2,pub_knn,,0.6157657947784323,0.3287480563541887,0.5888549885918092,published
4005,butina,2,pub_mlp,,0.6560710668563843,0.2154978513717651,0.428694816712919,published
4005,butina,2,pub_rf,,0.6444026993310845,0.3089080536229012,0.4911072323457431,published
4005,butina,2,pub_svm,,0.6271578316931815,0.3344670040999119,0.5248601068247317,published
4005,butina,2,pub_xgboost,,0.6309781814942768,0.3333843459645341,0.5259127676121833,published
4005,butina,3,chemeleon,252.0,0.6798781737568436,0.2695856132041611,0.5207685306296692,fitted
4005,butina,3,knn,252.0,0.7822407304642669,0.026212070055108505,0.3499750756158688,fitted
4005,butina,3,lgbm,252.0,0.7458797175622788,0.06876353824962578,0.4663385649184108,fitted
4005,butina,3,median,252.0,0.8779401307036704,-0.015101412383574209,,fitted
4005,butina,3,monroe35,252.0,0.7321269798781596,0.14506304333279296,0.45442291610830354,fitted
4005,butina,3,pub_gnn,,0.7293847799301147,0.183766484260559,0.4913916577757856,published
4005,butina,3,pub_knn,,0.7822407308102942,0.0262120677911931,0.3499750756158688,published
4005,butina,3,pub_mlp,,0.7066390514373779,0.1687243580818176,0.4670717821707328,published
4005,butina,3,pub_rf,,0.7013293834670261,0.2179673694772208,0.5347949811824723,published
4005,butina,3,pub_svm,,0.6937752159741828,0.1953127684733812,0.5059243160005674,published
4005,butina,3,pub_xgboost,,0.7029974887723053,0.1668376979280906,0.521642753429051,published
4005,butina,4,chemeleon,252.0,0.6568350288230118,-0.030496417141291365,0.49609079225191344,fitted
4005,butina,4,knn,252.0,0.9262093821741267,-1.4965332628608468,0.24023466902230972,fitted
4005,butina,4,lgbm,252.0,0.6465373440235738,-0.031781851581262455,0.42732761360194377,fitted
4005,butina,4,median,252.0,0.7466821053136823,-0.34674489927489516,,fitted
4005,butina,4,monroe35,252.0,0.6147909356484563,0.026139389312810346,0.5544024306799024,fitted
4005,butina,4,pub_gnn,,0.7734350562095642,-0.5708298683166504,0.3782984555872999,published
4005,butina,4,pub_knn,,0.9262093810140336,-1.4965332611668645,0.240160474677728,published
4005,butina,4,pub_mlp,,0.7244346141815186,-0.3154751062393188,0.3881688901018285,published
4005,butina,4,pub_rf,,0.6001254962200961,0.1042156984279315,0.4889994544763755,published
4005,butina,4,pub_svm,,0.6048569481659923,0.1151272087975152,0.5226777593982588,published
4005,butina,4,pub_xgboost,,0.6512245764118001,-0.1357559359279794,0.4055503095330555,published
4005,butina,5,chemeleon,252.0,0.7007635149451088,0.22761520944811764,0.4987490976528734,fitted
4005,butina,5,knn,252.0,0.7644211395255127,-0.03636970747547408,0.4096669663791222,fitted
4005,butina,5,lgbm,252.0,0.6882104902595126,0.18984625228629382,0.467526673045765,fitted
4005,butina,5,median,252.0,0.869053111092806,-0.04638232534674236,,fitted
4005,butina,5,monroe35,252.0,0.6401377121404207,0.3380961326205324,0.5385425117550239,fitted
4005,butina,5,pub_gnn,,0.9331130981445312,-0.4211316108703613,0.3505241417794246,published
4005,butina,5,pub_knn,,0.7644211402773755,-0.0363697104164704,0.4096669663791222,published
4005,butina,5,pub_mlp,,0.8238337635993958,-0.0986679792404174,0.3982509675669047,published
4005,butina,5,pub_rf,,0.6947060618239437,0.2677583283706416,0.4606822944874847,published
4005,butina,5,pub_svm,,0.7490664294898929,0.1210690218236069,0.4714843924436425,published
4005,butina,5,pub_xgboost,,0.6319167797079533,0.3457165626297258,0.5803773430169995,published
4822,butina,1,chemeleon,224.0,0.7983759582831463,0.0774469657942769,0.4984867858213231,fitted
4822,butina,1,knn,224.0,0.7627929568426988,0.1427625958731461,0.6524208570369413,fitted
4822,butina,1,lgbm,224.0,0.6961565247949706,0.2148538281417629,0.5815088367496434,fitted
4822,butina,1,median,224.0,1.103788379889172,-0.6418007633909151,,fitted
4822,butina,1,monroe35,224.0,0.6254424199236706,0.3978822849607183,0.668571642230457,fitted
4822,butina,1,pub_gnn,,0.8985461592674255,-0.2868355512619018,0.5375468793062921,published
4822,butina,1,pub_knn,,0.762792956811877,0.1427625962148727,0.6525904269730418,published
4822,butina,1,pub_mlp,,0.7337217330932617,0.1738744974136352,0.5837553019573183,published
4822,butina,1,pub_rf,,0.6195828587302381,0.4000436363915109,0.6954379353807053,published
4822,butina,1,pub_svm,,0.6577239279890996,0.3462811557038219,0.696376453877638,published
4822,butina,1,pub_xgboost,,0.5845947670095661,0.4129509067251989,0.6156159804414337,published
4822,butina,2,chemeleon,223.0,0.697178548700421,0.20722410685960524,0.6237363708344541,fitted
4822,butina,2,knn,223.0,0.5512843347074001,0.3885180566592177,0.642970468358037,fitted
4822,butina,2,lgbm,223.0,0.8348448480785362,-0.05176991350393689,0.6180958332803141,fitted
4822,butina,2,median,223.0,0.7722987860629699,-0.013393978030776132,,fitted
4822,butina,2,monroe35,223.0,0.6793387272914854,0.25925562791876333,0.6581259294247191,fitted
4822,butina,2,pub_gnn,,0.9410030841827391,-0.3736108541488647,0.4259152351223946,published
4822,butina,2,pub_knn,,0.5512843357655802,0.3885180543988575,0.642970468358037,published
4822,butina,2,pub_mlp,,0.641512930393219,0.2885552048683166,0.6348647601283769,published
4822,butina,2,pub_rf,,0.6947006576601815,0.2948781481409842,0.688091701081491,published
4822,butina,2,pub_svm,,0.7603490963882258,0.1376271860016713,0.6936134991936151,published
4822,butina,2,pub_xgboost,,0.7344060834376309,0.1675352414028104,0.6183726710511661,published
4822,butina,3,chemeleon,223.0,0.5299434079456213,0.7764835273226763,0.8155183487950992,fitted
4822,butina,3,knn,223.0,1.3107230989706151,-0.1488634381672005,0.2838547526725867,fitted
4822,butina,3,lgbm,223.0,0.815208714084879,0.5829044355856776,0.7454710511705475,fitted
4822,butina,3,median,223.0,1.4249228960637608,-0.00636964532231965,,fitted
4822,butina,3,monroe35,223.0,0.6388826315043729,0.7387276543737094,0.8261812869453222,fitted
4822,butina,3,pub_gnn,,1.0486392974853516,0.3757493495941162,0.6732515081681418,published
4822,butina,3,pub_knn,,1.3107230989706151,-0.1488634381672005,0.2840005685276333,published
4822,butina,3,pub_mlp,,1.0857006311416626,0.2362306714057922,0.6688041982799512,published
4822,butina,3,pub_rf,,1.0651316878721078,0.2891836925952576,0.7897137787430342,published
4822,butina,3,pub_svm,,1.0426487268566005,0.3240524610153676,0.7663198140628988,published
4822,butina,3,pub_xgboost,,0.9244670788022517,0.461075618210765,0.7216750355028023,published
4822,butina,4,chemeleon,223.0,0.6727284822072881,0.34784548584729924,0.6466427568999655,fitted
4822,butina,4,knn,223.0,0.875172687631946,-0.09748991602057488,0.2745233307178273,fitted
4822,butina,4,lgbm,223.0,0.8226438061955105,0.07066579084186153,0.37759677696870747,fitted
4822,butina,4,median,223.0,1.0023589526864174,-0.2055335574031576,,fitted
4822,butina,4,monroe35,223.0,0.6282346431536154,0.4491195180458838,0.6765276632497564,fitted
4822,butina,4,pub_gnn,,0.7545638084411621,0.1832216382026672,0.6665173315209443,published
4822,butina,4,pub_knn,,0.8751726881540152,-0.0974899158784805,0.2745233307178273,published
4822,butina,4,pub_mlp,,0.7483044266700745,0.1396437883377075,0.6969195005664136,published
4822,butina,4,pub_rf,,0.8083750500045254,0.1418574540721768,0.4015798155665894,published
4822,butina,4,pub_svm,,0.7653001222270374,0.1889385208026893,0.5947444271467519,published
4822,butina,4,pub_xgboost,,0.8079974941321064,0.1037326350060354,0.4015243620753095,published
4822,butina,5,chemeleon,223.0,0.6738792571020348,0.07896279115595273,0.5268286402479939,fitted
4822,butina,5,knn,223.0,0.7539857907268565,-0.04595606111555872,0.30277399859764126,fitted
4822,butina,5,lgbm,223.0,0.6916061658698839,0.06292889717454819,0.5459707783777388,fitted
4822,butina,5,median,223.0,0.9694501396063542,-0.34714088763972795,,fitted
4822,butina,5,monroe35,223.0,0.6933649336308634,0.08485498625790866,0.5762571737361102,fitted
4822,butina,5,pub_gnn,,0.7317185401916504,0.1215103864669799,0.5156549662026634,published
4822,butina,5,pub_knn,,0.7539857909351263,-0.0459560602827231,0.3027739985976412,published
4822,butina,5,pub_mlp,,0.7248952388763428,0.0645443201065063,0.5033840021674594,published
4822,butina,5,pub_rf,,0.6577088758462203,0.1900592007190655,0.5702789472942367,published
4822,butina,5,pub_svm,,0.6929425365662355,0.0473566167271438,0.5922037420228885,published
4822,butina,5,pub_xgboost,,0.6943907000188204,0.0263143059143394,0.5571609484095127,published
220,diverse_25,1,chemeleon,85.0,0.8002099724402008,0.06506822140930912,0.44030565389791604,fitted
220,diverse_25,1,knn,85.0,0.9004424468961182,-0.42798997993117505,0.23163182075956268,fitted
220,diverse_25,1,lgbm,85.0,0.7533997852706322,0.039265883411836566,0.33525181268494453,fitted
220,diverse_25,1,median,85.0,0.7977728109492345,-0.030332534723453985,,fitted
220,diverse_25,1,monroe35,85.0,0.7071145028148829,0.24114683029861272,0.4540346695154609,fitted
220,diverse_25,1,pub_gnn,,0.8538534045219421,-0.0507533550262451,-0.0393988547828761,published
220,diverse_25,1,pub_knn,,0.8561984954479768,-0.3480160942752575,0.2850441948784408,published
220,diverse_25,1,pub_mlp,,0.680945873260498,0.1767886281013488,0.5180675800789993,published
220,diverse_25,1,pub_rf,,0.7233548090255355,0.2061107216235356,0.4876683148931046,published
220,diverse_25,1,pub_svm,,0.6710403726436759,0.2430296892098276,0.4954171471953915,published
220,diverse_25,1,pub_xgboost,,0.7870527785702824,0.0171381394594221,0.2829252086764371,published
220,diverse_25,2,chemeleon,85.0,0.721129353391301,0.18300434370944074,0.4271762125134651,fitted
220,diverse_25,2,knn,85.0,0.9045718802014455,-0.1353254124862362,0.12877725609522514,fitted
220,diverse_25,2,lgbm,85.0,0.847991124354863,0.05793878689154164,0.33673215132389056,fitted
220,diverse_25,2,median,85.0,0.8549015311912465,-0.0007270276429443001,,fitted
220,diverse_25,2,monroe35,85.0,0.7915070360724675,0.08094944667709225,0.3325499929197053,fitted
220,diverse_25,2,pub_gnn,,1.015202283859253,-0.3081625699996948,0.0043775863669975,published
220,diverse_25,2,pub_knn,,0.8659558767851898,-0.035878616927236,0.2970309606785532,published
220,diverse_25,2,pub_mlp,,0.858663022518158,-0.1305735111236572,0.3249478451663033,published
220,diverse_25,2,pub_rf,,0.8388118597983028,0.0600421591677485,0.2892236135641982,published
220,diverse_25,2,pub_svm,,0.8694360523540124,-0.1209337435281001,0.1671788507878599,published
220,diverse_25,2,pub_xgboost,,0.8489395543601581,-0.1501614154420032,0.253939094878421,published
220,diverse_25,3,chemeleon,85.0,0.5768760509025394,0.39982678810761074,0.5739733725909563,fitted
220,diverse_25,3,knn,85.0,0.6861236318317484,0.16855588185847303,0.45122267022136203,fitted
220,diverse_25,3,lgbm,85.0,0.684721969521094,0.2763513095297958,0.4437767193213756,fitted
220,diverse_25,3,median,85.0,0.7601900949057735,-0.01571041983393595,,fitted
220,diverse_25,3,monroe35,85.0,0.6561783194781169,0.34469116501060837,0.5026603152837361,fitted
220,diverse_25,3,pub_gnn,,0.771540105342865,0.0148344635963439,0.3521192134921451,published
220,diverse_25,3,pub_knn,,0.6354812633924304,0.250297479296413,0.474488823886543,published
220,diverse_25,3,pub_mlp,,0.6403900384902954,0.2385941743850708,0.5320630269084861,published
220,diverse_25,3,pub_rf,,0.6972746394170508,0.153686644347434,0.4921363138148576,published
220,diverse_25,3,pub_svm,,0.6285087705022321,0.3408773047741349,0.5660583854138052,published
220,diverse_25,3,pub_xgboost,,0.6454631635053851,0.2474052743409499,0.5214315379594239,published
220,diverse_25,4,chemeleon,85.0,0.7483088278716735,0.25189310347593097,0.5530311917920633,fitted
220,diverse_25,4,knn,85.0,0.7677369557103331,0.18580074578691175,0.45490345563205087,fitted
220,diverse_25,4,lgbm,85.0,0.7807616896796626,0.13759919743118598,0.45122928427214604,fitted
220,diverse_25,4,median,85.0,0.8925602747903326,-0.09513545024553927,,fitted
220,diverse_25,4,monroe35,85.0,0.8049951816448205,0.09498515170785404,0.45902712667960366,fitted
220,diverse_25,4,pub_gnn,,0.8997054100036621,-0.0469862222671508,0.0802161507804761,published
220,diverse_25,4,pub_knn,,0.7682545897767431,0.1381851165237058,0.4704991404469662,published
220,diverse_25,4,pub_mlp,,0.81021648645401,0.1164747476577758,0.431294950298194,published
220,diverse_25,4,pub_rf,,0.7448554501049071,0.1619702907749414,0.5520344750933657,published
220,diverse_25,4,pub_svm,,0.7926178775751367,0.1543206557983161,0.4370309571818754,published
220,diverse_25,4,pub_xgboost,,0.8745271494289187,-0.1221532979665431,0.3422744686792225,published
220,diverse_25,5,chemeleon,84.0,0.7953070326947218,0.12615259201942064,0.46481183369633217,fitted
220,diverse_25,5,knn,84.0,0.8772112808413465,0.05968579700690457,0.2900201480370174,fitted
220,diverse_25,5,lgbm,84.0,0.8682728238341155,0.06856552751226286,0.3688201763900321,fitted
220,diverse_25,5,median,84.0,0.9650497926521753,-0.13674159333585867,,fitted
220,diverse_25,5,monroe35,84.0,0.7967469167357452,0.14802898798372877,0.4553250514058561,fitted
220,diverse_25,5,pub_gnn,,0.9398535490036012,-0.0596879720687866,0.1750853000525097,published
220,diverse_25,5,pub_knn,,0.9102760056389828,-0.0303119896168027,0.2892000526629207,published
220,diverse_25,5,pub_mlp,,0.8396345973014832,0.1145150661468505,0.3590600289748573,published
220,diverse_25,5,pub_rf,,0.8660207872745792,0.0652624023436148,0.2957506910214458,published
220,diverse_25,5,pub_svm,,0.8662482590738672,0.0849880336989413,0.2970061456682111,published
220,diverse_25,5,pub_xgboost,,0.8620842882524228,0.0690331644067362,0.333140965299704,published
230,diverse_25,1,chemeleon,59.0,0.7528233059791402,-0.48784319487907735,0.18898857368016184,fitted
230,diverse_25,1,knn,59.0,0.6442023846132541,-0.3669497263241228,0.40426745133277464,fitted
230,diverse_25,1,lgbm,59.0,0.6998194407519482,-0.39656682923666664,0.0009059294547835188,fitted
230,diverse_25,1,median,59.0,0.5894411181598915,-0.007098143817355629,,fitted
230,diverse_25,1,monroe35,59.0,0.5916839866525896,0.00592756134514516,0.2688857068859083,fitted
230,diverse_25,1,pub_gnn,,0.55823814868927,0.1225500702857971,0.3878547007705439,published
230,diverse_25,1,pub_knn,,0.6686428466001013,-0.1846575356943014,0.2979631200313793,published
230,diverse_25,1,pub_mlp,,0.6080419421195984,-0.080370545387268,0.3903971479500976,published
230,diverse_25,1,pub_rf,,0.5857656806805503,0.0035117944359289,0.2757824601545828,published
230,diverse_25,1,pub_svm,,0.5607142915420955,0.0349698963631492,0.3304012392187891,published
230,diverse_25,1,pub_xgboost,,0.599239250679551,-0.0399985776392888,0.3265145096224599,published
230,diverse_25,2,chemeleon,58.0,0.8024690326692507,-0.17732562716728562,0.18937005224462944,fitted
230,diverse_25,2,knn,58.0,0.7299575967160161,-0.11371513117901877,0.22598262124074786,fitted
230,diverse_25,2,lgbm,58.0,0.7914432331447705,-0.1412267497694628,0.16023383137124778,fitted
230,diverse_25,2,median,58.0,0.8113928371440025,-0.13205955117859047,,fitted
230,diverse_25,2,monroe35,58.0,0.7817742645835579,-0.015313378864922678,0.15648027387752805,fitted
230,diverse_25,2,pub_gnn,,0.7914523482322693,-0.0091770887374877,-0.0222752100446972,published
230,diverse_25,2,pub_knn,,0.7603182368668107,-0.177843338726654,0.2365048889690441,published
230,diverse_25,2,pub_mlp,,0.8064252138137817,-0.1230642795562744,0.1626028799533495,published
230,diverse_25,2,pub_rf,,0.7799800074647919,-0.0429145202606926,0.1452196013963689,published
230,diverse_25,2,pub_svm,,0.8047343719803601,-0.0125524621471915,0.104268904477181,published
230,diverse_25,2,pub_xgboost,,0.8295147471134638,-0.374186695757279,-0.0134758867397477,published
230,diverse_25,3,chemeleon,58.0,0.7512847751948739,0.011314992725700579,0.20558016497975862,fitted
230,diverse_25,3,knn,58.0,0.7069400612332501,-0.010971295370370004,0.28679094390338017,fitted
230,diverse_25,3,lgbm,58.0,0.7155995575093237,0.047304474430563515,0.2738402855977572,fitted
230,diverse_25,3,median,58.0,0.7494649686218898,-0.0068124004343417255,,fitted
230,diverse_25,3,monroe35,58.0,0.7259946839363087,0.08506338308298966,0.38824289424054076,fitted
230,diverse_25,3,pub_gnn,,0.7707386612892151,-0.0348211526870727,0.0361757106114314,published
230,diverse_25,3,pub_knn,,0.7108121185399753,-0.0053477721757633,0.2188076782135303,published
230,diverse_25,3,pub_mlp,,0.7723102569580078,-0.0375685691833496,-0.0472499077373798,published
230,diverse_25,3,pub_rf,,0.7018826928480365,0.0911616566367947,0.2840531562805763,published
230,diverse_25,3,pub_svm,,0.7633142126527832,-0.0240917753307126,0.1383351790983053,published
230,diverse_25,3,pub_xgboost,,0.7501151137735675,0.0035236573048548,0.155916535523832,published
230,diverse_25,4,chemeleon,58.0,0.6394454851263445,-0.10255104474638799,0.11090430914453432,fitted
230,diverse_25,4,knn,58.0,0.684091566263804,-0.2899968020106205,0.32631401029017354,fitted
230,diverse_25,4,lgbm,58.0,0.6785957432590142,-0.21552552405682657,0.19559766922079033,fitted
230,diverse_25,4,median,58.0,0.6147624649807225,-0.006077781758452305,,fitted
230,diverse_25,4,monroe35,58.0,0.6095925329151705,0.006285223281481511,0.36323083996380495,fitted
230,diverse_25,4,pub_gnn,,0.714564859867096,-0.3433748483657837,0.12234852634336,published
230,diverse_25,4,pub_knn,,0.8294859138171664,-1.3762898981268863,0.3005507353393638,published
230,diverse_25,4,pub_mlp,,0.6310245394706726,-0.008437156677246,0.4190983088699004,published
230,diverse_25,4,pub_rf,,0.6360675181222115,-0.0880579334613593,0.3046869009063711,published
230,diverse_25,4,pub_svm,,0.6610879743852339,-0.1793089504489213,0.3191767565532715,published
230,diverse_25,4,pub_xgboost,,0.6092635771573269,-0.0426069866421394,0.3123163790389216,published
230,diverse_25,5,chemeleon,58.0,0.6591548329875847,0.052927089224572454,0.4491786150920594,fitted
230,diverse_25,5,knn,58.0,0.6860669203497136,-0.011109379800927632,0.3191410830056177,fitted
230,diverse_25,5,lgbm,58.0,0.647581580320728,0.017833832223983603,0.4281671094343732,fitted
230,diverse_25,5,median,58.0,0.7733951325232389,-0.17626944470737804,,fitted
230,diverse_25,5,monroe35,58.0,0.6883552551730755,0.0001955438839469359,0.5063680572847954,fitted
230,diverse_25,5,pub_gnn,,0.7535114884376526,-0.1718374490737915,0.2804405352495866,published
230,diverse_25,5,pub_knn,,0.6947017057404817,-0.0486439511578213,0.257952379121082,published
230,diverse_25,5,pub_mlp,,0.6978443264961243,-0.0847264528274536,0.2789638847787682,published
230,diverse_25,5,pub_rf,,0.6999098213412108,-0.0226099379794688,0.3382760120233056,published
230,diverse_25,5,pub_svm,,0.7374169851813587,-0.1213636140169782,0.1614778816942825,published
230,diverse_25,5,pub_xgboost,,0.6791836710217501,-0.0677733255875869,0.4050636822763609,published
260,diverse_25,1,chemeleon,68.0,0.6713793878750305,0.399639758005512,0.6716292568643804,fitted
260,diverse_25,1,knn,68.0,0.9104995204747619,-0.16437937185603047,0.42798645024183185,fitted
260,diverse_25,1,lgbm,68.0,0.6911034572470464,0.426475303830284,0.6414147202718968,fitted
260,diverse_25,1,median,68.0,0.9547518614184284,-0.02320586464390817,,fitted
260,diverse_25,1,monroe35,68.0,0.6480521350263874,0.4803068232457953,0.7053939537892722,fitted
260,diverse_25,1,pub_gnn,,0.9033765196800232,0.0464296340942382,0.2323828067046672,published
260,diverse_25,1,pub_knn,,0.758377148986488,0.3223267300873412,0.5545121396619297,published
260,diverse_25,1,pub_mlp,,0.6886900663375854,0.3834815621376037,0.6261833872328557,published
260,diverse_25,1,pub_rf,,0.7266798475262527,0.3501361745776078,0.5858337154978523,published
260,diverse_25,1,pub_svm,,0.7262838483822331,0.2849479009286755,0.57501145254906,published
260,diverse_25,1,pub_xgboost,,0.7873526809815933,0.2766175364574612,0.5075965800003222,published
260,diverse_25,2,chemeleon,68.0,0.7347954412693898,0.3270612329857324,0.5614323079960849,fitted
260,diverse_25,2,knn,68.0,0.6351723971622004,0.4311818187168234,0.6182359575709931,fitted
260,diverse_25,2,lgbm,68.0,0.7144017250597725,0.3371999330304949,0.5685518514407896,fitted
260,diverse_25,2,median,68.0,0.992147660793044,-0.0034121855343214325,,fitted
260,diverse_25,2,monroe35,68.0,0.6354200147964137,0.4896229783921481,0.6828081170172009,fitted
260,diverse_25,2,pub_gnn,,0.8650502562522888,0.1769821643829345,0.4337577071874288,published
260,diverse_25,2,pub_knn,,0.676586064892738,0.3409002475736522,0.5914947233457087,published
260,diverse_25,2,pub_mlp,,0.763809323310852,0.286323606967926,0.5334694899089746,published
260,diverse_25,2,pub_rf,,0.7455537869013963,0.3710182521001705,0.5915328978413908,published
260,diverse_25,2,pub_svm,,0.7357490175266568,0.3581199541105042,0.575614133141971,published
260,diverse_25,2,pub_xgboost,,0.692977189626132,0.4035911845408522,0.6027943740675991,published
260,diverse_25,3,chemeleon,67.0,0.6754479744188309,0.45589919072512386,0.6191868311435292,fitted
260,diverse_25,3,knn,67.0,0.7251103236717845,0.2962291104093222,0.5780992780375791,fitted
260,diverse_25,3,lgbm,67.0,0.7059197474769956,0.3757910961303078,0.5730905476686653,fitted
260,diverse_25,3,median,67.0,0.8853484879865917,-0.010808413446475651,,fitted
260,diverse_25,3,monroe35,67.0,0.6376317733058511,0.5031658398949879,0.655664755901993,fitted
260,diverse_25,3,pub_gnn,,0.8280510902404785,0.2136034965515136,0.4375555011919226,published
260,diverse_25,3,pub_knn,,0.7254306334409772,0.249892273089909,0.5530356710919389,published
260,diverse_25,3,pub_mlp,,0.7587112188339233,0.1970518231391906,0.477365927829305,published
260,diverse_25,3,pub_rf,,0.6983146824861385,0.4034148808578035,0.6164529822967516,published
260,diverse_25,3,pub_svm,,0.6850461244748827,0.3918166944699116,0.5462309816266018,published
260,diverse_25,3,pub_xgboost,,0.7337890780295797,0.3366752976473317,0.5127064118267007,published
260,diverse_25,4,chemeleon,67.0,0.7458097374740839,0.27065468376550683,0.5556475673203067,fitted
260,diverse_25,4,knn,67.0,0.7695176858553454,0.2570502988807022,0.5544104004319257,fitted
260,diverse_25,4,lgbm,67.0,0.7970302097995255,0.08582857617351736,0.3896477069260802,fitted
260,diverse_25,4,median,67.0,0.9336817631600699,-0.019538921724090885,,fitted
260,diverse_25,4,monroe35,67.0,0.696817117476071,0.3745281557755803,0.6261860342626785,fitted
260,diverse_25,4,pub_gnn,,0.8721568584442139,-0.1260410547256469,0.4835127560058302,published
260,diverse_25,4,pub_knn,,0.7919407789965641,0.2221716572064576,0.5213062090154067,published
260,diverse_25,4,pub_mlp,,0.7095276713371277,0.344348669052124,0.5907671435066078,published
260,diverse_25,4,pub_rf,,0.7451634773859533,0.2964862621311673,0.5530535077156367,published
260,diverse_25,4,pub_svm,,0.735443428179127,0.3510110715274133,0.6302367581068938,published
260,diverse_25,4,pub_xgboost,,0.7448695788771117,0.2588043845341256,0.505302856685058,published
260,diverse_25,5,chemeleon,67.0,0.7018560289612735,0.3767277297908094,0.5855649124669616,fitted
260,diverse_25,5,knn,67.0,0.7215442640487991,0.32825325577299047,0.6053398256806184,fitted
260,diverse_25,5,lgbm,67.0,0.7439854256488474,0.28837899886371765,0.5332641581450701,fitted
260,diverse_25,5,median,67.0,0.9621268813397337,-0.0039876382395476195,,fitted
260,diverse_25,5,monroe35,67.0,0.7567021437821857,0.32670626676798875,0.5510037119764938,fitted
260,diverse_25,5,pub_gnn,,0.9082032442092896,0.0751239657402038,0.433810911468112,published
260,diverse_25,5,pub_knn,,0.7313685014963781,0.2900827935623404,0.581214830650032,published
260,diverse_25,5,pub_mlp,,0.8487789630889893,0.1106772422790527,0.4682723394398428,published
260,diverse_25,5,pub_rf,,0.7765495170480707,0.3067151653881974,0.5716566233550355,published
260,diverse_25,5,pub_svm,,0.7491770021231993,0.30823719595751,0.6067565954466827,published
260,diverse_25,5,pub_xgboost,,0.7502551165160211,0.3287074874606532,0.5513828475476941,published
262,diverse_25,1,chemeleon,50.0,1.0461783633991508,0.06385590031704802,0.41676871005314275,fitted
262,diverse_25,1,knn,50.0,0.9414361461704488,0.18400797259060298,0.4253163342482643,fitted
262,diverse_25,1,lgbm,50.0,0.9019400757678201,0.2116853234998196,0.492208696629187,fitted
262,diverse_25,1,median,50.0,1.1012877597088278,-0.12288034809794612,,fitted
262,diverse_25,1,monroe35,50.0,0.8896964537319946,0.23119631831654264,0.450527023587808,fitted
262,diverse_25,1,pub_gnn,,1.141215443611145,-0.2287546396255493,0.1000744315878269,published
262,diverse_25,1,pub_knn,,0.9129427412206914,0.2105015130403095,0.463780643126311,published
262,diverse_25,1,pub_mlp,,1.0321686267852783,-0.0297759771347045,0.3760474442246989,published
262,diverse_25,1,pub_rf,,0.9561796362520524,0.1689181908355825,0.4778506087958087,published
262,diverse_25,1,pub_svm,,1.00437752862007,0.0612504402220274,0.3741746501594756,published
262,diverse_25,1,pub_xgboost,,1.002358808670019,0.1058731728856493,0.3577997071789339,published
262,diverse_25,2,chemeleon,50.0,0.8052486526444951,0.06471982952452271,0.38965591860404614,fitted
262,diverse_25,2,knn,50.0,0.6808044753540693,0.2422719137363083,0.4908396776006847,fitted
262,diverse_25,2,lgbm,50.0,0.6724279795863021,0.29938622294055084,0.591447164595444,fitted
262,diverse_25,2,median,50.0,0.8483720355798198,-0.002303587572817012,,fitted
262,diverse_25,2,monroe35,50.0,0.6210205154023543,0.33977868351422946,0.5932720259347284,fitted
262,diverse_25,2,pub_gnn,,0.8743089437484741,-0.0742892026901245,0.0572430188533427,published
262,diverse_25,2,pub_knn,,0.6762191903913561,0.2912016226298972,0.5483708324549671,published
262,diverse_25,2,pub_mlp,,0.7555927038192749,0.1980980634689331,0.4756164922177068,published
262,diverse_25,2,pub_rf,,0.6795694377286315,0.3634341388512466,0.6794727128825055,published
262,diverse_25,2,pub_svm,,0.7437447995570083,0.2281055084435632,0.5226306830376922,published
262,diverse_25,2,pub_xgboost,,0.7029961519743114,0.2219388976853861,0.4969385562872405,published
262,diverse_25,3,chemeleon,50.0,0.7902450604579745,0.37910712784504563,0.5867466986794717,fitted
262,diverse_25,3,knn,50.0,0.9370141359679448,0.20866039124356606,0.4174309723889556,fitted
262,diverse_25,3,lgbm,50.0,0.7618683581838789,0.36663622148559305,0.5675390156062424,fitted
262,diverse_25,3,median,50.0,1.0356784676174469,-0.040998070170360945,,fitted
262,diverse_25,3,monroe35,50.0,0.8541233399557555,0.3546687040074892,0.5750300120048019,fitted
262,diverse_25,3,pub_gnn,,0.9810436964035034,0.0926187634468078,0.2728931572629051,published
262,diverse_25,3,pub_knn,,0.8734770244028851,0.2724523375990177,0.485906362545018,published
262,diverse_25,3,pub_mlp,,0.8181696534156799,0.3808817863464355,0.6295798319327731,published
262,diverse_25,3,pub_rf,,0.8923212141889607,0.2762291559673244,0.6068187274909964,published
262,diverse_25,3,pub_svm,,0.8548822160353603,0.3311977999585493,0.616998799519808,published
262,diverse_25,3,pub_xgboost,,0.8674957200138749,0.2717735830341227,0.5195092096941795,published
262,diverse_25,4,chemeleon,50.0,0.800230072507699,0.11812023130105909,0.40526328532161027,fitted
262,diverse_25,4,knn,50.0,0.7856102542465812,0.20837419052808526,0.4659639361862288,fitted
262,diverse_25,4,lgbm,50.0,0.7002034800472665,0.22565081121421593,0.4687972735288019,fitted
262,diverse_25,4,median,50.0,0.9009088937810413,-0.0003073814115917006,,fitted
262,diverse_25,4,monroe35,50.0,0.7741123018442897,0.1795409975023733,0.3769779345627018,fitted
262,diverse_25,4,pub_gnn,,0.9148001074790956,-0.0645151138305664,0.281893054252619,published
262,diverse_25,4,pub_knn,,0.8219006415481389,0.1318338135957311,0.3912406666092142,published
262,diverse_25,4,pub_mlp,,0.8382131457328796,0.078662097454071,0.4036785373164422,published
262,diverse_25,4,pub_rf,,0.7375044795438527,0.2967864182630236,0.5064950669850721,published
262,diverse_25,4,pub_svm,,0.7567073931140293,0.2326742165990153,0.4566475388225135,published
262,diverse_25,4,pub_xgboost,,0.7355314964834929,0.2748149222838868,0.4812831669028531,published
262,diverse_25,5,chemeleon,50.0,0.7357024873124114,0.07201008414383436,0.43234806940993686,fitted
262,diverse_25,5,knn,50.0,0.9005852275376728,-0.5016550828437119,0.3269290832667426,fitted
262,diverse_25,5,lgbm,50.0,0.7469884845538028,0.15139841676573973,0.49093572293433124,fitted
262,diverse_25,5,median,50.0,0.8460930768579835,-0.0471488676675369,,fitted
262,diverse_25,5,monroe35,50.0,0.7490431625319885,0.10348080125025472,0.4970346016208871,fitted
262,diverse_25,5,pub_gnn,,0.8545585870742798,-0.0676478147506713,0.3549370857746614,published
262,diverse_25,5,pub_knn,,0.9242839652382392,-0.4755306109268589,0.2965879903005409,published
262,diverse_25,5,pub_mlp,,0.7570863366127014,0.0081843137741088,0.3167575103663161,published
262,diverse_25,5,pub_rf,,0.7193138496535535,0.0970241868159147,0.4713904975372587,published
262,diverse_25,5,pub_svm,,0.7598727871273021,0.0143650419301682,0.2832376889236707,published
262,diverse_25,5,pub_xgboost,,0.7588632292633757,0.0657465772293761,0.3775061838977578,published
279,diverse_25,1,chemeleon,114.0,0.7837579570049091,0.2204964792547408,0.5331362207423385,fitted
279,diverse_25,1,knn,114.0,0.907200652983128,0.03635213893961253,0.30774714217461335,fitted
279,diverse_25,1,lgbm,114.0,0.911551629412095,0.056620752141717356,0.32754078124448965,fitted
279,diverse_25,1,median,114.0,0.9638068174735245,-0.05003570033828875,,fitted
279,diverse_25,1,monroe35,114.0,0.8228623427610501,0.1755119424079682,0.42177016797677336,fitted
279,diverse_25,1,pub_gnn,,0.9723619222640992,-0.0695387125015258,0.1036543505373997,published
279,diverse_25,1,pub_knn,,0.9296496079868992,0.0257742803561767,0.3129476808620947,published
279,diverse_25,1,pub_mlp,,0.918835699558258,0.0132287740707397,0.2600188338465141,published
279,diverse_25,1,pub_rf,,0.873585571612667,0.1198828691943797,0.3519274194355526,published
279,diverse_25,1,pub_svm,,0.8984557443969162,0.1188685942072561,0.4130904527063119,published
279,diverse_25,1,pub_xgboost,,0.8941751155634529,0.0830124374420284,0.3218704119590739,published
279,diverse_25,2,chemeleon,114.0,0.7042269300190512,0.2125449421345863,0.5357391657639664,fitted
279,diverse_25,2,knn,114.0,0.6805976604746403,0.2695459370516007,0.5295706764957918,fitted
279,diverse_25,2,lgbm,114.0,0.7419188531545003,0.12523132569830042,0.4381855002923628,fitted
279,diverse_25,2,median,114.0,0.8263073240632397,-0.02004207783321421,,fitted
279,diverse_25,2,monroe35,114.0,0.6409074945423349,0.3391992929266169,0.6160388822648388,fitted
279,diverse_25,2,pub_gnn,,0.8483577370643616,-0.0774434804916381,-0.1413811259909186,published
279,diverse_25,2,pub_knn,,0.6340035507664142,0.352553393932806,0.6066869179048814,published
279,diverse_25,2,pub_mlp,,0.7772016525268555,0.0827702283859252,0.3722964763825377,published
279,diverse_25,2,pub_rf,,0.7125555057286282,0.238590351013227,0.4774240584211054,published
279,diverse_25,2,pub_svm,,0.6902073076591347,0.2850132405163014,0.5442770353485442,published
279,diverse_25,2,pub_xgboost,,0.7360969317709233,0.2000755746605933,0.4113333563529622,published
279,diverse_25,3,chemeleon,114.0,0.6947733502573202,0.142416099336223,0.48086787650917107,fitted
279,diverse_25,3,knn,114.0,0.6945165173518102,0.19870381651663183,0.4946669016278615,fitted
279,diverse_25,3,lgbm,114.0,0.6912625984344176,0.25296998547881544,0.49395406675234355,fitted
279,diverse_25,3,median,114.0,0.8484265307553378,-0.019894644893138302,,fitted
279,diverse_25,3,monroe35,114.0,0.7049566327853887,0.18758074176239126,0.45704461095351034,fitted
279,diverse_25,3,pub_gnn,,0.8328759670257568,0.0120381116867065,0.222878354345879,published
279,diverse_25,3,pub_knn,,0.7695408464760453,0.0245699327665575,0.4031648248795633,published
279,diverse_25,3,pub_mlp,,0.7316676378250122,0.1925360560417175,0.4549790098937709,published
279,diverse_25,3,pub_rf,,0.6733076441393171,0.2814889995974998,0.515250008658441,published
279,diverse_25,3,pub_svm,,0.7264284188041834,0.2051349618722774,0.432455857946299,published
279,diverse_25,3,pub_xgboost,,0.7525143434941447,0.0920354562755589,0.3496009542618117,published
279,diverse_25,4,chemeleon,113.0,0.8496236025340994,0.14039768973653832,0.3769782438035236,fitted
279,diverse_25,4,knn,113.0,0.7963987220912895,0.24386796291041446,0.45643445161958274,fitted
279,diverse_25,4,lgbm,113.0,0.766788727804372,0.26621948169179876,0.5166275402791473,fitted
279,diverse_25,4,median,113.0,0.964252484186327,-0.00029502068756559474,,fitted
279,diverse_25,4,monroe35,113.0,0.8088520582496076,0.26998787140444325,0.5350173314946091,fitted
279,diverse_25,4,pub_gnn,,0.9773191213607788,-0.0142686367034912,0.1381105758176134,published
279,diverse_25,4,pub_knn,,0.799509532213533,0.2770406093940957,0.4559270896728875,published
279,diverse_25,4,pub_mlp,,0.859566330909729,0.1071601510047912,0.4179206894200369,published
279,diverse_25,4,pub_rf,,0.8134184296093138,0.2811953578435634,0.5122442657560589,published
279,diverse_25,4,pub_svm,,0.7772230839915822,0.2889419242617002,0.5536108992296451,published
279,diverse_25,4,pub_xgboost,,0.8380209570358909,0.2112588834005593,0.4538435787278521,published
279,diverse_25,5,chemeleon,113.0,0.9056127222959681,0.09182899819940182,0.35631215941527183,fitted
279,diverse_25,5,knn,113.0,0.9207570512636828,0.08145546410833637,0.35321393746164986,fitted
279,diverse_25,5,lgbm,113.0,0.9234233591649911,0.09683787311602166,0.39512102823567496,fitted
279,diverse_25,5,median,113.0,1.033607491150749,-0.0055103059967351875,,fitted
279,diverse_25,5,monroe35,113.0,0.8918188985667194,0.18963963609911583,0.45346740945623387,fitted
279,diverse_25,5,pub_gnn,,1.0267752408981323,-0.0001040697097778,0.0087478348749526,published
279,diverse_25,5,pub_knn,,0.9413464426194462,-0.0213228362159767,0.2878601683325634,published
279,diverse_25,5,pub_mlp,,0.8508007526397705,0.2248699069023132,0.5003857182894731,published
279,diverse_25,5,pub_rf,,0.8956774653922325,0.1679030342809297,0.4055177462008494,published
279,diverse_25,5,pub_svm,,0.8840979202495176,0.2137801308559127,0.516363394458353,published
279,diverse_25,5,pub_xgboost,,0.9215043759008829,0.1382845531616786,0.3794399915401676,published
284,diverse_25,1,chemeleon,66.0,0.768287016228177,0.06737924817525753,0.4197726727362845,fitted
284,diverse_25,1,knn,66.0,0.8116550922376861,-0.06523393941260247,0.27982757362523714,fitted
284,diverse_25,1,lgbm,66.0,0.8456567214440582,-0.15971196903852714,0.36401590666742895,fitted
284,diverse_25,1,median,66.0,0.84264736895175,-0.04427081774971797,,fitted
284,diverse_25,1,monroe35,66.0,0.749424746304988,0.08439146888298044,0.38877349729178784,fitted
284,diverse_25,1,pub_gnn,,0.8600220084190369,-0.0767940282821655,-0.0149255289177205,published
284,diverse_25,1,pub_knn,,0.8255075940157007,-0.0878381904877751,0.3172979574116826,published
284,diverse_25,1,pub_mlp,,0.7326149940490723,0.1941454410552978,0.4936488221625966,published
284,diverse_25,1,pub_rf,,0.7640727008119191,0.0203983959708864,0.2919349956843671,published
284,diverse_25,1,pub_svm,,0.7870667231809368,-0.0033636960685663,0.4432151468266345,published
284,diverse_25,1,pub_xgboost,,0.8110240052972502,-0.010013371358218,0.336974026735011,published
284,diverse_25,2,chemeleon,66.0,0.6893360609428338,0.24072459053242634,0.4029308618112393,fitted
284,diverse_25,2,knn,66.0,0.7160030938796902,0.24845853086712177,0.40998664003588964,fitted
284,diverse_25,2,lgbm,66.0,0.6955634627155163,0.2647910390601277,0.38003089520638345,fitted
284,diverse_25,2,median,66.0,0.8212789600583471,-0.006285737611618103,,fitted
284,diverse_25,2,monroe35,66.0,0.719442440400903,0.2514506169441648,0.4183992986883572,fitted
284,diverse_25,2,pub_gnn,,0.8214134573936462,0.037506103515625,0.2852788911777223,published
284,diverse_25,2,pub_knn,,0.7948825427447727,0.1197213940324222,0.2723363394046953,published
284,diverse_25,2,pub_mlp,,0.789218008518219,0.0117195844650268,0.2776594856984403,published
284,diverse_25,2,pub_rf,,0.726220847490596,0.2074258156665869,0.3524340348129289,published
284,diverse_25,2,pub_svm,,0.7420821982419658,0.1905580890814616,0.3085963594526759,published
284,diverse_25,2,pub_xgboost,,0.8179682612073174,-0.0216562522812342,0.2057491180093105,published
284,diverse_25,3,chemeleon,66.0,0.8096737830796317,0.03381034490824908,0.3635927148628898,fitted
284,diverse_25,3,knn,66.0,0.7504280743091342,0.10322203398580299,0.35259120135696215,fitted
284,diverse_25,3,lgbm,66.0,0.7569749774548657,0.015747147351990565,0.34017013772123733,fitted
284,diverse_25,3,median,66.0,0.8802877224267495,-0.013264439940876782,,fitted
284,diverse_25,3,monroe35,66.0,0.7244995766765847,0.17712958166740744,0.4163457027746153,fitted
284,diverse_25,3,pub_gnn,,0.8504408597946167,0.0307801365852355,0.1813266533443797,published
284,diverse_25,3,pub_knn,,0.8131323957730108,0.0168125513788862,0.2134961643740469,published
284,diverse_25,3,pub_mlp,,0.7662039399147034,0.0893522500991821,0.413318720880195,published
284,diverse_25,3,pub_rf,,0.8049708070983711,0.1112571049294816,0.3744480982083972,published
284,diverse_25,3,pub_svm,,0.774157434479506,0.1212869755954254,0.3563697097906869,published
284,diverse_25,3,pub_xgboost,,0.8310892763296468,0.0521395458500738,0.2616132187707904,published
284,diverse_25,4,chemeleon,66.0,0.697918066215272,0.1981160806025456,0.44769638683781376,fitted
284,diverse_25,4,knn,66.0,0.7598610771092696,0.09138624540819218,0.33348642076536766,fitted
284,diverse_25,4,lgbm,66.0,0.8072739310089863,-0.05542147097489991,0.2728012861697543,fitted
284,diverse_25,4,median,66.0,0.835961672956655,-0.0038275683007502614,,fitted
284,diverse_25,4,monroe35,66.0,0.7583275059830895,0.18600234214712585,0.34540634228380424,fitted
284,diverse_25,4,pub_gnn,,0.8647896647453308,-0.0702414512634277,0.0271697719458919,published
284,diverse_25,4,pub_knn,,0.860344761839185,-0.2736772339172504,0.3718368986354347,published
284,diverse_25,4,pub_mlp,,0.8614020943641663,-0.0772461891174316,0.3060977394480492,published
284,diverse_25,4,pub_rf,,0.6869824295835816,0.2660843235787071,0.4404317061225493,published
284,diverse_25,4,pub_svm,,0.7876240308546189,0.1157208789993609,0.4083042819248717,published
284,diverse_25,4,pub_xgboost,,0.7611708664725382,0.1780936106926296,0.4275180780209526,published
284,diverse_25,5,chemeleon,65.0,0.6109923183063811,0.341482672867798,0.4943068830695394,fitted
284,diverse_25,5,knn,65.0,0.7362075520610072,0.15998729167686443,0.3661079187010754,fitted
284,diverse_25,5,lgbm,65.0,0.7003705001599464,0.24929422277319824,0.48565246951858265,fitted
284,diverse_25,5,median,65.0,0.8279956127758504,-0.012735131533300859,,fitted
284,diverse_25,5,monroe35,65.0,0.6432527772600639,0.328732359618479,0.5245973304978877,fitted
284,diverse_25,5,pub_gnn,,0.6760973334312439,0.2341648936271667,0.5545381046514498,published
284,diverse_25,5,pub_knn,,0.7231728645302816,0.2002227547784251,0.3971414218383442,published
284,diverse_25,5,pub_mlp,,0.6882785558700562,0.2525734901428222,0.4952684845752012,published
284,diverse_25,5,pub_rf,,0.7093400297575384,0.2676219513840367,0.4695237897190725,published
284,diverse_25,5,pub_svm,,0.6903843315783427,0.2472446989392288,0.5285311548392316,published
284,diverse_25,5,pub_xgboost,,0.7709931440814518,0.1505271315063386,0.310675686031643,published
1865,diverse_25,1,chemeleon,52.0,1.0163928837819236,-0.15226464513671356,0.3535890376677882,fitted
1865,diverse_25,1,knn,52.0,0.8706053952200337,0.08416102069873033,0.4309833302298673,fitted
1865,diverse_25,1,lgbm,52.0,0.820558591335507,0.19460886874583316,0.4489978870203786,fitted
1865,diverse_25,1,median,52.0,0.9581038001122111,-0.0864591752967907,,fitted
1865,diverse_25,1,monroe35,52.0,0.8943301545266575,0.06360543527165985,0.429659986010659,fitted
1865,diverse_25,1,pub_gnn,,1.0600115060806274,-0.2842221260070801,-0.1274252417527886,published
1865,diverse_25,1,pub_knn,,0.8346360292558725,0.1526357816430131,0.4805873941885742,published
1865,diverse_25,1,pub_mlp,,0.9582943320274352,-0.1009689569473266,0.3757870697319256,published
1865,diverse_25,1,pub_rf,,0.8039835463334234,0.1923444173887162,0.5206719174736223,published
1865,diverse_25,1,pub_svm,,0.8188553034016939,0.1803414872680204,0.458261296554836,published
1865,diverse_25,1,pub_xgboost,,0.8686911033324972,0.1379312473974732,0.4392222152075182,published
1865,diverse_25,2,chemeleon,52.0,0.9090825747486387,-0.09777910858196814,0.44909284992895454,fitted
1865,diverse_25,2,knn,52.0,0.7243625286309965,0.17338792078807053,0.44315901854681333,fitted
1865,diverse_25,2,lgbm,52.0,0.6256536024876668,0.43019463356999543,0.705442903524332,fitted
1865,diverse_25,2,median,52.0,0.8586308985179892,-0.02876355956024068,,fitted
1865,diverse_25,2,monroe35,52.0,0.6309086887667917,0.34239496162936545,0.6566915694350863,fitted
1865,diverse_25,2,pub_gnn,,0.8658028244972229,-0.0125548839569091,0.553084312136838,published
1865,diverse_25,2,pub_knn,,0.7259890366815392,0.2317038037282769,0.4976734262805848,published
1865,diverse_25,2,pub_mlp,,0.7434840798377991,0.251563012599945,0.7627748139287605,published
1865,diverse_25,2,pub_rf,,0.6880050562369946,0.3261865940089621,0.6525933837323126,published
1865,diverse_25,2,pub_svm,,0.644805744677234,0.389634366309767,0.7339167562717287,published
1865,diverse_25,2,pub_xgboost,,0.6363677612190993,0.4071215401092853,0.6934471724568382,published
1865,diverse_25,3,chemeleon,52.0,0.7232957714197761,0.36031142132089744,0.6465741734813637,fitted
1865,diverse_25,3,knn,52.0,0.8714849201707996,0.1365553448015815,0.4615154753404874,fitted
1865,diverse_25,3,lgbm,52.0,0.8202387185469914,0.19287105541989524,0.4467876204711443,fitted
1865,diverse_25,3,median,52.0,1.0397462181132513,-0.0348005294746625,,fitted
1865,diverse_25,3,monroe35,52.0,0.8038274155323671,0.2715663195200536,0.5727214519626287,fitted
1865,diverse_25,3,pub_gnn,,1.021415948867798,-0.0292320251464843,0.1237993597712897,published
1865,diverse_25,3,pub_knn,,0.8686774406945166,0.1829300119302169,0.4708217720405361,published
1865,diverse_25,3,pub_mlp,,0.7874144911766052,0.2879036664962768,0.5529135543992224,published
1865,diverse_25,3,pub_rf,,0.7563728347652618,0.3872856132519268,0.6966061906027262,published
1865,diverse_25,3,pub_svm,,0.7713231854334313,0.3185786347115696,0.611739595007787,published
1865,diverse_25,3,pub_xgboost,,0.8533288717373764,0.1172364759092087,0.3792529352441855,published
1865,diverse_25,4,chemeleon,51.0,0.879808381016978,0.06609195212030416,0.292954432627188,fitted
1865,diverse_25,4,knn,51.0,0.8192917716642109,0.10417115460319915,0.3394723746631394,fitted
1865,diverse_25,4,lgbm,51.0,0.8356362089332032,0.12810236109277195,0.3820987378906357,fitted
1865,diverse_25,4,median,51.0,0.9311141771187463,-0.0014808101498018367,,fitted
1865,diverse_25,4,monroe35,51.0,0.8342780621891718,0.144723686319864,0.3577989957959802,fitted
1865,diverse_25,4,pub_gnn,,0.9979091882705688,-0.1608614921569824,-0.0664283452420006,published
1865,diverse_25,4,pub_knn,,0.8798633372818528,0.0351749883167533,0.3103307845161037,published
1865,diverse_25,4,pub_mlp,,0.8565850257873535,0.1437689065933227,0.4579845246555097,published
1865,diverse_25,4,pub_rf,,0.8095089218498327,0.2158281059134877,0.4482103267179946,published
1865,diverse_25,4,pub_svm,,0.876971980880289,0.1029829737669958,0.3736368165280648,published
1865,diverse_25,4,pub_xgboost,,0.8339287966895685,0.19224810390401,0.438843387027876,published
1865,diverse_25,5,chemeleon,51.0,0.8210065695858758,-0.15327406720855885,0.1100929885573299,fitted
1865,diverse_25,5,knn,51.0,0.8322552277784666,-0.1556272416749016,0.09294327928350002,fitted
1865,diverse_25,5,lgbm,51.0,0.7018613021831979,0.06590803000712786,0.42082400065070613,fitted
1865,diverse_25,5,median,51.0,0.8231456034098612,-0.05005230931035487,,fitted
1865,diverse_25,5,monroe35,51.0,0.7739642729501751,0.05687839496338132,0.3338084572903504,fitted
1865,diverse_25,5,pub_gnn,,0.8241894245147705,-0.0870817899703979,-0.1297766918135726,published
1865,diverse_25,5,pub_knn,,0.8393551002259062,-0.1299133555636527,0.1669268535914467,published
1865,diverse_25,5,pub_mlp,,0.8124768733978271,-0.1423532962799072,0.1034412543534961,published
1865,diverse_25,5,pub_rf,,0.7395465991892503,0.1287391501579394,0.3568406525947815,published
1865,diverse_25,5,pub_svm,,0.7662431318520068,0.04130702597531,0.3717731171340001,published
1865,diverse_25,5,pub_xgboost,,0.8504697202362554,-0.2408964571866021,0.1782845766197615,published
2409,diverse_25,1,chemeleon,62.0,0.7931587977195191,0.3653741483046188,0.5608945316703096,fitted
2409,diverse_25,1,knn,62.0,0.9204906076763854,0.14425326230488278,0.3216480315415407,fitted
2409,diverse_25,1,lgbm,62.0,0.9238721336211952,0.1795119417909733,0.3590712209301039,fitted
2409,diverse_25,1,median,62.0,1.0891550494134539,-0.001140378035112244,,fitted
2409,diverse_25,1,monroe35,62.0,0.8449872871551498,0.30625035093715347,0.5184093900158641,fitted
2409,diverse_25,1,pub_gnn,,1.0331826210021973,-0.0558944940567016,0.2928880838418508,published
2409,diverse_25,1,pub_knn,,0.9194054806455856,0.1821898068288485,0.3793442138357522,published
2409,diverse_25,1,pub_mlp,,0.9786123037338256,0.1435925960540771,0.4077264039036598,published
2409,diverse_25,1,pub_rf,,0.895211717377599,0.2874405028675755,0.4815402451539148,published
2409,diverse_25,1,pub_svm,,0.8872046951036546,0.2790532445172514,0.4556260716136514,published
2409,diverse_25,1,pub_xgboost,,0.8940291162373062,0.2595943546602867,0.4182280660672068,published
2409,diverse_25,2,chemeleon,61.0,0.8529340554767725,0.0738139950448582,0.5574594116421061,fitted
2409,diverse_25,2,knn,61.0,0.8411025998122639,0.07281971585695635,0.576683061782691,fitted
2409,diverse_25,2,lgbm,61.0,0.6242966101519046,0.4081283443128856,0.6414934696156671,fitted
2409,diverse_25,2,median,61.0,0.9392042325722437,-0.12149407423072334,,fitted
2409,diverse_25,2,monroe35,61.0,0.5954632983688523,0.5377614908582172,0.7504098587890774,fitted
2409,diverse_25,2,pub_gnn,,0.8927011489868164,0.0257532596588134,0.3134486227874739,published
2409,diverse_25,2,pub_knn,,0.8048598476208579,0.1531273138082467,0.5817864517099715,published
2409,diverse_25,2,pub_mlp,,0.7204549908638,0.3434242010116577,0.549420911445768,published
2409,diverse_25,2,pub_rf,,0.6858341776157176,0.3961183861675162,0.6656882975092506,published
2409,diverse_25,2,pub_svm,,0.6577629952982972,0.4191091720570457,0.6167169081552433,published
2409,diverse_25,2,pub_xgboost,,0.7395819556534714,0.2927333272753933,0.5733477922469052,published
2409,diverse_25,3,chemeleon,61.0,0.7564045535765237,0.1931500434561344,0.4939300375667496,fitted
2409,diverse_25,3,knn,61.0,0.8169640464269616,0.24544677151266825,0.48480522562776546,fitted
2409,diverse_25,3,lgbm,61.0,0.8185718726390656,0.22179736100854386,0.5300590030990752,fitted
2409,diverse_25,3,median,61.0,0.983070470849404,-0.00017696972636804809,,fitted
2409,diverse_25,3,monroe35,61.0,0.6988964667212878,0.3741399689326238,0.6281837923559769,fitted
2409,diverse_25,3,pub_gnn,,0.9875898361206056,-0.201001763343811,0.3754661747415034,published
2409,diverse_25,3,pub_knn,,0.8270727241109721,0.2393097141092997,0.507577582379839,published
2409,diverse_25,3,pub_mlp,,0.9188936352729796,0.0224277973175048,0.4041101496108362,published
2409,diverse_25,3,pub_rf,,0.8220996805921115,0.2295451983743403,0.4938771401062337,published
2409,diverse_25,3,pub_svm,,0.7706939466389668,0.2812153756847926,0.5207490500482854,published
2409,diverse_25,3,pub_xgboost,,0.8157709226793455,0.2055701614098152,0.4183660152198578,published
2409,diverse_25,4,chemeleon,61.0,0.8451557931759244,0.2975920648829907,0.5338764838533698,fitted
2409,diverse_25,4,knn,61.0,0.9060301796293571,0.23801829380580308,0.5520479634613399,fitted
2409,diverse_25,4,lgbm,61.0,0.8166477807487199,0.3948503902224717,0.6607594353518149,fitted
2409,diverse_25,4,median,61.0,1.0832322175027806,-0.0032022304016219305,,fitted
2409,diverse_25,4,monroe35,61.0,0.7777048699167768,0.3286355323656853,0.5339822857724846,fitted
2409,diverse_25,4,pub_gnn,,1.0404988527297974,0.0710893273353576,0.2779945424741833,published
2409,diverse_25,4,pub_knn,,1.006467029046975,0.1009764041557107,0.3950643659747291,published
2409,diverse_25,4,pub_mlp,,0.8676117658615112,0.2937597632408142,0.5618875419390179,published
2409,diverse_25,4,pub_rf,,0.9054871965385553,0.268466829981552,0.535119656402969,published
2409,diverse_25,4,pub_svm,,0.9682526559611287,0.2208990721067772,0.5378440558201755,published
2409,diverse_25,4,pub_xgboost,,0.9741712671843552,0.2062662182141591,0.4335233635729653,published
2409,diverse_25,5,chemeleon,61.0,0.8135947280961704,0.21931713108420436,0.5907071529376678,fitted
2409,diverse_25,5,knn,61.0,1.1210943321656874,-0.32944047507508856,0.2890605387707424,fitted
2409,diverse_25,5,lgbm,61.0,0.8352426632703545,0.26718200198823483,0.5680964793574331,fitted
2409,diverse_25,5,median,61.0,1.111007051886493,-0.10022031641855067,,fitted
2409,diverse_25,5,monroe35,61.0,0.7185377640354703,0.45099141621769845,0.6982599125292647,fitted
2409,diverse_25,5,pub_gnn,,1.0783674716949463,-0.0236108303070068,0.0550222154776583,published
2409,diverse_25,5,pub_knn,,0.9032078565621088,0.1323346169098046,0.4634526953141706,published
2409,diverse_25,5,pub_mlp,,0.9013007283210754,0.2440236210823059,0.5750780206734354,published
2409,diverse_25,5,pub_rf,,0.8869804281649708,0.2653919622009522,0.5295922211903898,published
2409,diverse_25,5,pub_svm,,0.8228929964557834,0.3361295144131204,0.5871634918151517,published
2409,diverse_25,5,pub_xgboost,,0.8631853180671564,0.2661108314988561,0.5475220886610322,published
4005,diverse_25,1,chemeleon,63.0,0.7767946555620902,0.05413272493561949,0.3912678224469051,fitted
4005,diverse_25,1,knn,63.0,0.8946141175687803,-0.5282740317280386,0.2675045346889859,fitted
4005,diverse_25,1,lgbm,63.0,0.74605036728544,0.1715645191440589,0.3870673519893743,fitted
4005,diverse_25,1,median,63.0,0.802739822773127,-0.0066799017830485585,,fitted
4005,diverse_25,1,monroe35,63.0,0.6922262176476323,0.28378336964482,0.5403965250334103,fitted
4005,diverse_25,1,pub_gnn,,0.892788827419281,-0.131709337234497,-0.2777111039636029,published
4005,diverse_25,1,pub_knn,,0.6982229534522558,0.2370871558895689,0.4866305031770169,published
4005,diverse_25,1,pub_mlp,,0.8597174882888794,-0.1983102560043335,0.232826076788846,published
4005,diverse_25,1,pub_rf,,0.7395568681142829,0.1726045687527367,0.3073784267379342,published
4005,diverse_25,1,pub_svm,,0.7077009492014673,0.2276453653071422,0.4077576693287543,published
4005,diverse_25,1,pub_xgboost,,0.7752210294242622,-0.0153397939047981,0.2737026550127022,published
4005,diverse_25,2,chemeleon,63.0,0.69669551032037,0.2520970231687689,0.504254528469301,fitted
4005,diverse_25,2,knn,63.0,0.7300743441437866,0.1507043987054819,0.44146274217476117,fitted
4005,diverse_25,2,lgbm,63.0,0.7243918233881548,0.19653170586220448,0.4936452128950706,fitted
4005,diverse_25,2,median,63.0,0.8588477718888654,-0.11654030598624288,,fitted
4005,diverse_25,2,monroe35,63.0,0.7515785603935461,0.19548228584334815,0.44297492968873514,fitted
4005,diverse_25,2,pub_gnn,,0.8543850779533386,-0.1035897731781005,-0.0781056852455781,published
4005,diverse_25,2,pub_knn,,0.8438042586830934,-0.0675744543612526,0.3605247057125333,published
4005,diverse_25,2,pub_mlp,,0.7816172242164612,0.0053890347480773,0.3637411045517796,published
4005,diverse_25,2,pub_rf,,0.7154666284379946,0.1941849739655186,0.4989498706821857,published
4005,diverse_25,2,pub_svm,,0.7363092176780845,0.1685147878224793,0.4501998255888332,published
4005,diverse_25,2,pub_xgboost,,0.7373179680298804,0.2363539285457112,0.4754269537981456,published
4005,diverse_25,3,chemeleon,63.0,0.7096031476756054,0.1913202083196599,0.5025924171030529,fitted
4005,diverse_25,3,knn,63.0,0.6943899704402543,0.15951392546904442,0.4711713895938402,fitted
4005,diverse_25,3,lgbm,63.0,0.6858460908917713,0.12823561036249165,0.4302688449981959,fitted
4005,diverse_25,3,median,63.0,0.7332451327483708,-0.003946806759494992,,fitted
4005,diverse_25,3,monroe35,63.0,0.6295262878391712,0.36602519959800994,0.5831493065766343,fitted
4005,diverse_25,3,pub_gnn,,0.9791936874389648,-0.6907522678375244,0.2247239568687927,published
4005,diverse_25,3,pub_knn,,0.7604847606701471,-0.2343643601703835,0.4822519673708698,published
4005,diverse_25,3,pub_mlp,,0.716985285282135,0.1580331921577453,0.4149783984562795,published
4005,diverse_25,3,pub_rf,,0.7137791538434319,0.1364626877039249,0.403528566430386,published
4005,diverse_25,3,pub_svm,,0.7081817763986251,0.1642334362366805,0.4038886240412632,published
4005,diverse_25,3,pub_xgboost,,0.6405233705212661,0.2384118926253756,0.4554248700781461,published
4005,diverse_25,4,chemeleon,63.0,0.6957896586658869,0.4779337654355662,0.6476885418629095,fitted
4005,diverse_25,4,knn,63.0,0.7867515651836583,0.23277681938961048,0.514617637768336,fitted
4005,diverse_25,4,lgbm,63.0,0.6601991012153543,0.46867636510393784,0.6759157033375159,fitted
4005,diverse_25,4,median,63.0,1.0314912038769395,-0.0759039332301581,,fitted
4005,diverse_25,4,monroe35,63.0,0.7634246663814348,0.4217153723753584,0.678844031313623,fitted
4005,diverse_25,4,pub_gnn,,1.0369868278503418,-0.1157033443450927,-0.1923575442665785,published
4005,diverse_25,4,pub_knn,,0.7353672745822942,0.381862609213303,0.6312707030460465,published
4005,diverse_25,4,pub_mlp,,0.8574349284172058,0.2253308296203613,0.5297393314154466,published
4005,diverse_25,4,pub_rf,,0.761044385622457,0.3648607900166424,0.6503768429557291,published
4005,diverse_25,4,pub_svm,,0.7943520491336064,0.3577815776051242,0.6361432487767821,published
4005,diverse_25,4,pub_xgboost,,0.7319307480758713,0.4268797030045856,0.6021314394149476,published
4005,diverse_25,5,chemeleon,63.0,0.7776510351241481,0.23064485423466763,0.5178455705593619,fitted
4005,diverse_25,5,knn,63.0,0.8202699616689064,0.14702114020461754,0.43782252850861264,fitted
4005,diverse_25,5,lgbm,63.0,0.8424320229364215,0.1429101830596956,0.37527302413421193,fitted
4005,diverse_25,5,median,63.0,0.90212927503178,-0.085193764930799,,fitted
4005,diverse_25,5,monroe35,63.0,0.7630972591634886,0.24879545223628785,0.5178455705593619,fitted
4005,diverse_25,5,pub_gnn,,0.916512966156006,-0.16236412525177,0.0531179492103115,published
4005,diverse_25,5,pub_knn,,0.8336364938242047,0.1060121932825206,0.3878741330354247,published
4005,diverse_25,5,pub_mlp,,0.7591332197189331,0.223993182182312,0.5965004922151221,published
4005,diverse_25,5,pub_rf,,0.7917593102647213,0.2080716813736713,0.3889062238597144,published
4005,diverse_25,5,pub_svm,,0.7501020788507252,0.3052646015904705,0.5093728249553083,published
4005,diverse_25,5,pub_xgboost,,0.7443259793578586,0.2484605360918784,0.5358231525917587,published
4822,diverse_25,1,chemeleon,56.0,0.641821768085948,0.5419622272646061,0.6684211434523657,fitted
4822,diverse_25,1,knn,56.0,0.9482576685671413,-0.12730523006830619,0.4498102667481608,fitted
4822,diverse_25,1,lgbm,56.0,0.6754226289062654,0.44667913583954,0.6379342763480291,fitted
4822,diverse_25,1,median,56.0,0.924121750722949,-0.042828152009728004,,fitted
4822,diverse_25,1,monroe35,56.0,0.5597564469348782,0.6448995377265758,0.7474409155882694,fitted
4822,diverse_25,1,pub_gnn,,0.7871480584144592,0.1052953004837036,0.563801972817417,published
4822,diverse_25,1,pub_knn,,0.7384727647297659,0.332941976901671,0.4719654123809233,published
4822,diverse_25,1,pub_mlp,,0.675815999507904,0.3921640515327453,0.5509168283125572,published
4822,diverse_25,1,pub_rf,,0.7108557278664135,0.4418217862066951,0.5666387552946142,published
4822,diverse_25,1,pub_svm,,0.7153907408464326,0.4517228040402112,0.5613753275658386,published
4822,diverse_25,1,pub_xgboost,,0.6486360790080697,0.4522610444604602,0.6169489216371965,published
4822,diverse_25,2,chemeleon,56.0,0.6481610877229177,0.5898154190985525,0.6973461611777079,fitted
4822,diverse_25,2,knn,56.0,0.8203103260389809,0.4084460309442983,0.625369538190046,fitted
4822,diverse_25,2,lgbm,56.0,0.7114866131987118,0.5150871073165899,0.6922196210788716,fitted
4822,diverse_25,2,median,56.0,1.0701983726954383,-0.008305887865950767,,fitted
4822,diverse_25,2,monroe35,56.0,0.6156974216633249,0.6513100830412418,0.7559596029744031,fitted
4822,diverse_25,2,pub_gnn,,0.9064574837684632,0.2045897841453552,0.5477537210936642,published
4822,diverse_25,2,pub_knn,,0.8418996505650175,0.3619534768901657,0.5293323536718457,published
4822,diverse_25,2,pub_mlp,,0.7411564588546753,0.5370026230812073,0.6961157915539872,published
4822,diverse_25,2,pub_rf,,0.745701881264417,0.5109289988148984,0.6921854441448793,published
4822,diverse_25,2,pub_svm,,0.6819598973011625,0.5587439871918845,0.6944752987223595,published
4822,diverse_25,2,pub_xgboost,,0.7666473977251724,0.475271851848978,0.6480630223608947,published
4822,diverse_25,3,chemeleon,56.0,0.6048642189255232,0.5755222329585123,0.7346331961632441,fitted
4822,diverse_25,3,knn,56.0,0.5628860483994029,0.5732122644991313,0.7654949675582385,fitted
4822,diverse_25,3,lgbm,56.0,0.6595702336496682,0.5101777909256546,0.7296091868663844,fitted
4822,diverse_25,3,median,56.0,1.0122493287363172,-0.13671358894539098,,fitted
4822,diverse_25,3,monroe35,56.0,0.5136044620266452,0.7101133947923935,0.824005878552957,fitted
4822,diverse_25,3,pub_gnn,,0.957670271396637,-0.1808422803878784,0.6181923820516753,published
4822,diverse_25,3,pub_knn,,0.5120892561059638,0.6462361542620916,0.7911960219204047,published
4822,diverse_25,3,pub_mlp,,0.5682557225227356,0.6287955641746521,0.7937592919698229,published
4822,diverse_25,3,pub_rf,,0.5452369101647679,0.6201362765323875,0.7759189324258724,published
4822,diverse_25,3,pub_svm,,0.5912712148650955,0.5828385178777088,0.7774910713895157,published
4822,diverse_25,3,pub_xgboost,,0.5962287882533701,0.5745348514050708,0.7741075549242837,published
4822,diverse_25,4,chemeleon,56.0,0.6055406007718653,0.5309816343972341,0.723221001074492,fitted
4822,diverse_25,4,knn,56.0,0.6978519522090042,0.4455289812415062,0.6830610447293821,fitted
4822,diverse_25,4,lgbm,56.0,0.6845959366358073,0.431876242243335,0.6421833359729977,fitted
4822,diverse_25,4,median,56.0,1.0312819185598003,-0.12938457984902407,,fitted
4822,diverse_25,4,monroe35,56.0,0.5909507908066954,0.5794826572831089,0.772028165041145,fitted
4822,diverse_25,4,pub_gnn,,0.7314633131027222,0.3551182746887207,0.6125162363069929,published
4822,diverse_25,4,pub_knn,,0.6797893070574481,0.4675129791533688,0.6868207002170094,published
4822,diverse_25,4,pub_mlp,,0.5905651450157166,0.5882101655006409,0.7826235577790037,published
4822,diverse_25,4,pub_rf,,0.6663254852013899,0.4817897531732668,0.7267755844446124,published
4822,diverse_25,4,pub_svm,,0.724529707718132,0.3980945443781695,0.7491284452528694,published
4822,diverse_25,4,pub_xgboost,,0.6907020909121085,0.4319114404934568,0.6916057162921714,published
4822,diverse_25,5,chemeleon,55.0,0.6614175567484877,0.5071744859450249,0.6116993453257972,fitted
4822,diverse_25,5,knn,55.0,0.61780148886677,0.5259311118553749,0.6412092571255438,fitted
4822,diverse_25,5,lgbm,55.0,0.7040346651468388,0.47810345402008336,0.629484658916598,fitted
4822,diverse_25,5,median,55.0,1.0456008047141636,-0.013781072478544099,,fitted
4822,diverse_25,5,monroe35,55.0,0.5834760412034625,0.6222907317359092,0.6952145602602876,fitted
4822,diverse_25,5,pub_gnn,,0.8606733679771423,0.2479215860366821,0.4395461679316769,published
4822,diverse_25,5,pub_knn,,0.715442927044048,0.4418969988026381,0.5623838814746315,published
4822,diverse_25,5,pub_mlp,,0.683752179145813,0.5278618335723877,0.6075867170309669,published
4822,diverse_25,5,pub_rf,,0.6633581930372717,0.5300387543358576,0.6551344722290916,published
4822,diverse_25,5,pub_svm,,0.6874831221069647,0.5163169410165758,0.6344631036945503,published
4822,diverse_25,5,pub_xgboost,,0.6831467263325932,0.5033008972017361,0.6218005376288889,published
220,random,1,chemeleon,340.0,0.4382735968395217,0.712688987768102,0.8291858312945115,fitted
220,random,1,knn,340.0,0.4924010347720949,0.6436323078198323,0.7817015412921298,fitted
220,random,1,lgbm,340.0,0.48860329099478833,0.6852393498892273,0.8125025999608224,fitted
220,random,1,median,340.0,0.8852661811375635,-0.006907610586473156,,fitted
220,random,1,monroe35,340.0,0.4231743240653205,0.7273516619188107,0.8268455839014982,fitted
220,random,1,pub_gnn,,0.5364988446235657,0.611146092414856,0.7444775771743721,published
220,random,1,pub_knn,,0.4924010341563687,0.6436323101206083,0.7817016009585444,published
220,random,1,pub_mlp,,0.5008774995803833,0.6617104411125183,0.7994895112445106,published
220,random,1,pub_rf,,0.4771809007793591,0.6905975140790042,0.8147160902447521,published
220,random,1,pub_svm,,0.4774355604562696,0.692692864757537,0.8108272772608619,published
220,random,1,pub_xgboost,,0.4763757311703694,0.661285940563022,0.7983192340860549,published
220,random,2,chemeleon,340.0,0.4671142001097036,0.6292149852911987,0.7639141019089701,fitted
220,random,2,knn,340.0,0.511395773562201,0.5586300460388198,0.7223292536097806,fitted
220,random,2,lgbm,340.0,0.48555542919183864,0.6361747100257829,0.7571742938698985,fitted
220,random,2,median,340.0,0.8837708053923634,-0.04114158456380457,,fitted
220,random,2,monroe35,340.0,0.4203969697704998,0.7080531494775217,0.8093994184287373,fitted
220,random,2,pub_gnn,,0.5371999740600586,0.4977370500564575,0.7089305359604523,published
220,random,2,pub_knn,,0.511395773562201,0.5586300460388198,0.7222591659434454,published
220,random,2,pub_mlp,,0.4658789336681366,0.6502043604850769,0.7782631299139054,published
220,random,2,pub_rf,,0.4562822631886465,0.6909819413704914,0.8005824072961552,published
220,random,2,pub_svm,,0.4558885872400689,0.6835171748467113,0.7939735172765091,published
220,random,2,pub_xgboost,,0.4888595589638077,0.6131668181862762,0.7415274548699733,published
220,random,3,chemeleon,340.0,0.4057346147124993,0.7189856577620666,0.8213623612655563,fitted
220,random,3,knn,340.0,0.4488518357531445,0.6431837693408635,0.7914078656887552,fitted
220,random,3,lgbm,340.0,0.45692506903941865,0.6613189504882617,0.7856065306254019,fitted
220,random,3,median,340.0,0.8564530058288907,-0.06178887738061012,,fitted
220,random,3,monroe35,340.0,0.38465269916327427,0.7523387744853525,0.8392786702027983,fitted
220,random,3,pub_gnn,,0.614617109298706,0.4565532803535461,0.6550068635404126,published
220,random,3,pub_knn,,0.4488518336529457,0.6431837705882438,0.791486974717329,published
220,random,3,pub_mlp,,0.4719879627227783,0.6171810030937195,0.7736888417195356,published
220,random,3,pub_rf,,0.4504404771585045,0.6609853701415425,0.7938420712972231,published
220,random,3,pub_svm,,0.4522690718112745,0.6650974752586079,0.7966016814254346,published
220,random,3,pub_xgboost,,0.4884797355167052,0.6177822938013586,0.7534486396181281,published
220,random,4,chemeleon,340.0,0.45391016328492373,0.7291309848450576,0.8163459898981821,fitted
220,random,4,knn,340.0,0.5356789544413675,0.6110053832974811,0.7258254256173382,fitted
220,random,4,lgbm,340.0,0.49590172656112186,0.673663315165936,0.7763849809467063,fitted
220,random,4,median,340.0,0.9088299181950212,-0.07414398491998542,,fitted
220,random,4,monroe35,340.0,0.46049275059918704,0.7055867515906591,0.8009164999891905,fitted
220,random,4,pub_gnn,,0.5945956707000732,0.5362688302993774,0.706912815119207,published
220,random,4,pub_knn,,0.5356789552856444,0.6110053835913896,0.7257920906208336,published
220,random,4,pub_mlp,,0.5177651643753052,0.6472294330596924,0.7570221826798893,published
220,random,4,pub_rf,,0.49956857629107,0.6696816696017469,0.7719932622650842,published
220,random,4,pub_svm,,0.5167759361771135,0.6352157775920458,0.7593569438294471,published
220,random,4,pub_xgboost,,0.494458644736463,0.6730639169270937,0.7744299993822046,published
220,random,5,chemeleon,339.0,0.462692766125768,0.7155532222168652,0.7882151854355133,fitted
220,random,5,knn,339.0,0.48598578417252036,0.6699977380355364,0.7568951981378221,fitted
220,random,5,lgbm,339.0,0.4951741908882496,0.6821418196415643,0.770369365300268,fitted
220,random,5,median,339.0,0.9107564071319784,-0.04089549539525983,,fitted
220,random,5,monroe35,339.0,0.4327862195764478,0.7500238003033318,0.7982184982600465,fitted
220,random,5,pub_gnn,,0.5972716808319092,0.5616386532783508,0.6906938588384282,published
220,random,5,pub_knn,,0.4859857825349349,0.6699977385965821,0.7569076170614879,published
220,random,5,pub_mlp,,0.4941653907299042,0.6829761266708374,0.7708772544055535,published
220,random,5,pub_rf,,0.4841287730956147,0.7112518759102595,0.7765207639653255,published
220,random,5,pub_svm,,0.4807514273410763,0.7000851573852078,0.7761743880408671,published
220,random,5,pub_xgboost,,0.4768958921862799,0.7143389478337037,0.7653788253797252,published
230,random,1,chemeleon,234.0,0.4346417266886057,0.5590349001098235,0.670899161951077,fitted
230,random,1,knn,234.0,0.42029767592680317,0.525448757332798,0.682663719152389,fitted
230,random,1,lgbm,234.0,0.4860669597406139,0.41704713450061204,0.5650104538601058,fitted
230,random,1,median,234.0,0.7014918970350562,-0.005522334136657703,,fitted
230,random,1,monroe35,234.0,0.3961458315653453,0.5686818512425948,0.7043596621514546,fitted
230,random,1,pub_gnn,,0.4845501780509949,0.4015675783157348,0.5608491404455901,published
230,random,1,pub_knn,,0.4202976777656813,0.5254487536662642,0.682663719152389,published
230,random,1,pub_mlp,,0.436497688293457,0.5317867994308472,0.6859681179551602,published
230,random,1,pub_rf,,0.46286468933056,0.4909208618174864,0.6380914718902261,published
230,random,1,pub_svm,,0.4532236856035775,0.4947034657895521,0.6365690287312581,published
230,random,1,pub_xgboost,,0.5176645543919788,0.356585001347015,0.5226556549599651,published
230,random,2,chemeleon,233.0,0.4527663032312523,0.5515791796404476,0.7322412642051461,fitted
230,random,2,knn,233.0,0.478006867313553,0.46763621773006503,0.6844533076046928,fitted
230,random,2,lgbm,233.0,0.4891134470255076,0.43785718772204874,0.6548776694478851,fitted
230,random,2,median,233.0,0.7458026724241488,-0.05699433645001961,,fitted
230,random,2,monroe35,233.0,0.42240203320385405,0.5847537407025754,0.7599529159840053,fitted
230,random,2,pub_gnn,,0.5415223240852356,0.3412081599235534,0.5939519629719008,published
230,random,2,pub_knn,,0.4780068677565961,0.4676362141727921,0.6844049236409306,published
230,random,2,pub_mlp,,0.4663474857807159,0.4887171983718872,0.7020159497799316,published
230,random,2,pub_rf,,0.4945361705590158,0.4874966752053128,0.7116367620818874,published
230,random,2,pub_svm,,0.4695182295801302,0.4965310377573979,0.7066769349726649,published
230,random,2,pub_xgboost,,0.5103648934998374,0.417562500891904,0.6369575902080029,published
230,random,3,chemeleon,233.0,0.4145293060571947,0.51062519657601,0.713449829507698,fitted
230,random,3,knn,233.0,0.41745584080191334,0.5507905184468842,0.7342970538348182,fitted
230,random,3,lgbm,233.0,0.43414487023413834,0.482929382108521,0.6953771500797464,fitted
230,random,3,median,233.0,0.7195569774512537,-0.01194617956181121,,fitted
230,random,3,monroe35,233.0,0.3743251120639012,0.5883889758448166,0.7558464528654718,fitted
230,random,3,pub_gnn,,0.5164087414741516,0.3149097561836242,0.5954881043799678,published
230,random,3,pub_knn,,0.4174558409245573,0.5507905176277178,0.7342970538348182,published
230,random,3,pub_mlp,,0.4423346221446991,0.4567782878875732,0.6793688489715846,published
230,random,3,pub_rf,,0.4248027575124807,0.5271190983962641,0.7247031772135573,published
230,random,3,pub_svm,,0.41979003231617,0.5032075362307427,0.7069365984757228,published
230,random,3,pub_xgboost,,0.4490514239247942,0.4335063778655617,0.687679752163506,published
230,random,4,chemeleon,233.0,0.4333795715109327,0.5439152212997636,0.7196104084013744,fitted
230,random,4,knn,233.0,0.4544138667712627,0.4776391499428012,0.7010997768765674,fitted
230,random,4,lgbm,233.0,0.43392868193799916,0.5256562636510524,0.6922583966168009,fitted
230,random,4,median,233.0,0.7148143416580314,-0.027958861863760065,,fitted
230,random,4,monroe35,233.0,0.39693831562957554,0.5791489756672594,0.7398195390367532,fitted
230,random,4,pub_gnn,,0.5061295628547668,0.4241300821304321,0.6346636587226051,published
230,random,4,pub_knn,,0.4544138662863733,0.4776391511594269,0.7010997768765674,published
230,random,4,pub_mlp,,0.4401226043701172,0.4898929595947265,0.6880286317272497,published
230,random,4,pub_rf,,0.4229931437984077,0.5560461403787633,0.7147320762105145,published
230,random,4,pub_svm,,0.4167247898581814,0.5512510728490596,0.7199380501549826,published
230,random,4,pub_xgboost,,0.4461411839356083,0.5110316335540177,0.6840279021836061,published
230,random,5,chemeleon,233.0,0.4213307085055683,0.5671480058541879,0.7234350784189695,fitted
230,random,5,knn,233.0,0.3813719841267066,0.6206202159661103,0.754424416911155,fitted
230,random,5,lgbm,233.0,0.42661325441097114,0.5458518103543543,0.6890917385451545,fitted
230,random,5,median,233.0,0.6645223186840646,-0.01866074705886267,,fitted
230,random,5,monroe35,233.0,0.3604735555840961,0.6605180750946127,0.784583037590637,fitted
230,random,5,pub_gnn,,0.4735053479671478,0.4727433323860168,0.6688341460609006,published
230,random,5,pub_knn,,0.3813719827422257,0.6206202204362555,0.7544376405722681,published
230,random,5,pub_mlp,,0.4135200679302215,0.5784429311752319,0.7290074817182807,published
230,random,5,pub_rf,,0.3816132090154956,0.6515640439815065,0.7796907406561775,published
230,random,5,pub_svm,,0.3956700726861484,0.617244069005856,0.7371881838778449,published
230,random,5,pub_xgboost,,0.4422168235410883,0.5197782304512499,0.6646059167120434,published
260,random,1,chemeleon,271.0,0.47232154685250854,0.7096825695282539,0.8354893015382273,fitted
260,random,1,knn,271.0,0.4806600089525259,0.7121979863117461,0.8400311668599894,fitted
260,random,1,lgbm,271.0,0.4815920309991667,0.7153423514489634,0.8365640698375799,fitted
260,random,1,median,271.0,0.9653686948984646,-0.005054144115164361,,fitted
260,random,1,monroe35,271.0,0.4337088525431604,0.7624671058632054,0.8644088594298678,fitted
260,random,1,pub_gnn,,0.589101254940033,0.5876432657241821,0.7736067657182233,published
260,random,1,pub_knn,,0.4806600089945324,0.7121979852444213,0.8400311668599894,published
260,random,1,pub_mlp,,0.4841680824756622,0.7013713121414185,0.8272866939957908,published
260,random,1,pub_rf,,0.473578743466538,0.7254807921454223,0.8508583374800778,published
260,random,1,pub_svm,,0.4661407904307962,0.7341027843263698,0.845105236931257,published
260,random,1,pub_xgboost,,0.4810675941070647,0.7224171697226114,0.8364148383345842,published
260,random,2,chemeleon,270.0,0.44071464873162697,0.701561907574163,0.8317505872293166,fitted
260,random,2,knn,270.0,0.4495526138444016,0.6720321542706356,0.8134423089603422,fitted
260,random,2,lgbm,270.0,0.44442816879696045,0.7068799947590716,0.8398106437984946,fitted
260,random,2,median,270.0,0.938494072034235,-0.005829780901961179,,fitted
260,random,2,monroe35,270.0,0.4123592165751498,0.7500316459828097,0.855911246966335,fitted
260,random,2,pub_gnn,,0.6006726026535034,0.419369637966156,0.733735238949511,published
260,random,2,pub_knn,,0.44955261413058,0.6720321540940518,0.8134423089603422,published
260,random,2,pub_mlp,,0.4453920423984527,0.6695874929428101,0.8383126438748584,published
260,random,2,pub_rf,,0.4312393008429573,0.7390753309996323,0.8535075576301787,published
260,random,2,pub_svm,,0.4168596479334245,0.7363662372861678,0.8483935066088274,published
260,random,2,pub_xgboost,,0.4286107283363606,0.7343827187082421,0.8490376404791253,published
260,random,3,chemeleon,270.0,0.41844174537687684,0.7369193267791265,0.8635516316619357,fitted
260,random,3,knn,270.0,0.46191348516635733,0.6566161241145061,0.8088435191125002,fitted
260,random,3,lgbm,270.0,0.4579808692544777,0.6694655163146397,0.8207046051865093,fitted
260,random,3,median,270.0,0.9088921630875533,-0.02068648161362363,,fitted
260,random,3,monroe35,270.0,0.43987233324862873,0.6980842344211503,0.8387615990056223,fitted
260,random,3,pub_gnn,,0.5955895781517029,0.5051313638687134,0.7275266882680164,published
260,random,3,pub_knn,,0.4619134858399355,0.6566161231252379,0.8088435191125002,published
260,random,3,pub_mlp,,0.4609119594097137,0.6899330019950867,0.8387527585960475,published
260,random,3,pub_rf,,0.4875906759527997,0.6595558920739614,0.826433190590986,published
260,random,3,pub_svm,,0.4470312235620226,0.69846765618364,0.845646449014142,published
260,random,3,pub_xgboost,,0.4622856889226315,0.6781940779671315,0.8267898025845017,published
260,random,4,chemeleon,270.0,0.45586976434266235,0.6975520471096779,0.834840429986537,fitted
260,random,4,knn,270.0,0.4793752023773907,0.6539741425796337,0.8166596757346085,fitted
260,random,4,lgbm,270.0,0.4577856119500132,0.6928183565388366,0.8357089151475651,fitted
260,random,4,median,270.0,0.9426272281389289,-0.0009409469686858518,,fitted
260,random,4,monroe35,270.0,0.4397771553221597,0.7132622663002439,0.8508743304778525,fitted
260,random,4,pub_gnn,,0.5612072348594666,0.542736291885376,0.755065693512245,published
260,random,4,pub_knn,,0.4793752022084901,0.653974143280962,0.8166596757346085,published
260,random,4,pub_mlp,,0.4512702524662018,0.6908428072929382,0.8427308722147053,published
260,random,4,pub_rf,,0.4553908974171233,0.7094436276540821,0.8564894574227938,published
260,random,4,pub_svm,,0.43209904443801,0.7307502793452962,0.8615592281188481,published
260,random,4,pub_xgboost,,0.4371005792339192,0.7147974778037776,0.8550393402199117,published
260,random,5,chemeleon,270.0,0.46885085515212493,0.6576924563878437,0.8202365774829983,fitted
260,random,5,knn,270.0,0.507236676932234,0.5962341030779689,0.7911252006052398,fitted
260,random,5,lgbm,270.0,0.4752015558934747,0.6690130637081915,0.8122011960730875,fitted
260,random,5,median,270.0,0.9030346651338288,-0.00020733154271934673,,fitted
260,random,5,monroe35,270.0,0.44318200378269235,0.7024738488465863,0.8357723391884226,fitted
260,random,5,pub_gnn,,0.569480836391449,0.5533595085144043,0.7588696633321016,published
260,random,5,pub_knn,,0.5072366790883814,0.5962340999246865,0.7911252006052398,published
260,random,5,pub_mlp,,0.481473445892334,0.6626440286636353,0.8172366082711567,published
260,random,5,pub_rf,,0.4678001344690397,0.6873727863819622,0.8245918828513125,published
260,random,5,pub_svm,,0.4991983024311346,0.6451776558609145,0.8096581879270474,published
260,random,5,pub_xgboost,,0.4815876221479164,0.6572953652526479,0.8126200516464105,published
262,random,1,chemeleon,200.0,0.535331511112431,0.5737546714861991,0.7428102981700874,fitted
262,random,1,knn,200.0,0.542817435182555,0.5683611803718576,0.7328251375290579,fitted
262,random,1,lgbm,200.0,0.5168695280069585,0.5962214242600401,0.7515796588111839,fitted
262,random,1,median,200.0,0.9095777860418884,-0.00205470200514557,,fitted
262,random,1,monroe35,200.0,0.5022566361132556,0.630156334253777,0.7738503246952139,fitted
262,random,1,pub_gnn,,0.6815275549888611,0.3569223880767822,0.6358904010754184,published
262,random,1,pub_knn,,0.5428174337256878,0.5683611796790102,0.7328251375290579,published
262,random,1,pub_mlp,,0.5606843829154968,0.5425124764442444,0.718306790460147,published
262,random,1,pub_rf,,0.5380309585895274,0.5828756604317347,0.7447446277196416,published
262,random,1,pub_svm,,0.5626983086176157,0.561754968280378,0.7313318261164319,published
262,random,1,pub_xgboost,,0.5919459684932472,0.5117341700555982,0.6973971246674152,published
262,random,2,chemeleon,200.0,0.5420508248716189,0.5453199499641468,0.7434873726724673,fitted
262,random,2,knn,200.0,0.5405848427304637,0.5202414572404033,0.7327375487120557,fitted
262,random,2,lgbm,200.0,0.5686965717822693,0.5188517533631178,0.7168945802760278,fitted
262,random,2,median,200.0,0.9307269969225522,-0.01490398368658763,,fitted
262,random,2,monroe35,200.0,0.5065530771516111,0.5670460093317736,0.7427815817362088,fitted
262,random,2,pub_gnn,,0.7137480974197388,0.3098554015159607,0.6020546694986687,published
262,random,2,pub_knn,,0.540584843429724,0.5202414551603258,0.7327375487120557,published
262,random,2,pub_mlp,,0.5669056177139282,0.4896197319030761,0.6975659592054807,published
262,random,2,pub_rf,,0.5519119806719576,0.5385746746077984,0.7285187544844616,published
262,random,2,pub_svm,,0.5424099988856941,0.5392968532707424,0.7305116200717507,published
262,random,2,pub_xgboost,,0.5542574793175817,0.5440769935127645,0.7279524716397482,published
262,random,3,chemeleon,200.0,0.47636698782577513,0.6350058698094789,0.7932158109471493,fitted
262,random,3,knn,200.0,0.5033448554205946,0.6434984339376173,0.7925350791263217,fitted
262,random,3,lgbm,200.0,0.4990612647101881,0.623860364891755,0.7806953627725227,fitted
262,random,3,median,200.0,0.9144324131635913,-0.0033420022871732957,,fitted
262,random,3,monroe35,200.0,0.47415915745038106,0.6510124258802279,0.7883938554105456,fitted
262,random,3,pub_gnn,,0.6077784299850464,0.4815447926521301,0.6843329197970016,published
262,random,3,pub_knn,,0.5033448548178192,0.6434984347082084,0.7925350791263217,published
262,random,3,pub_mlp,,0.5467512607574463,0.5554845929145813,0.7618464738242821,published
262,random,3,pub_rf,,0.4998999845246743,0.6440698430834814,0.7902047289209163,published
262,random,3,pub_svm,,0.5013776248424076,0.637681199814436,0.7913092296788267,published
262,random,3,pub_xgboost,,0.5265963169170587,0.597168684185607,0.7695110505280545,published
262,random,4,chemeleon,200.0,0.49808471168505447,0.6295684221337956,0.7884308160125602,fitted
262,random,4,knn,200.0,0.48755854760305567,0.6209383554461667,0.7803461577346885,fitted
262,random,4,lgbm,200.0,0.5250904691569435,0.5820891078059129,0.7618749749339513,fitted
262,random,4,median,200.0,0.8995497543956881,-0.0012531499097960808,,fitted
262,random,4,monroe35,200.0,0.4629966756899069,0.6460045624449309,0.7934673203576672,fitted
262,random,4,pub_gnn,,0.6433675289154053,0.3948180675506592,0.6515706545299063,published
262,random,4,pub_knn,,0.4875585447778419,0.6209383573197811,0.7803461577346885,published
262,random,4,pub_mlp,,0.4716611504554748,0.6597660183906555,0.809044857028334,published
262,random,4,pub_rf,,0.4919983181245369,0.6450003732568124,0.7963564662604747,published
262,random,4,pub_svm,,0.4953131613465412,0.6313630903230543,0.7938003371751249,published
262,random,4,pub_xgboost,,0.499099739936529,0.631515827979472,0.7873590118861034,published
262,random,5,chemeleon,200.0,0.5238207424645134,0.5551152885653456,0.7536998869500858,fitted
262,random,5,knn,200.0,0.539326541330487,0.5156588858194262,0.711678082140282,fitted
262,random,5,lgbm,200.0,0.5354677847588638,0.5511456536896897,0.74561833793219,fitted
262,random,5,median,200.0,0.8442538628911558,-0.00010878248114942757,,fitted
262,random,5,monroe35,200.0,0.4776821835160466,0.6261053892127983,0.7847202847070363,fitted
262,random,5,pub_gnn,,0.7144914269447327,0.2198253273963928,0.5051654411576962,published
262,random,5,pub_knn,,0.5393265390610802,0.5156588867790778,0.711678082140282,published
262,random,5,pub_mlp,,0.5051339864730835,0.5956515669822693,0.7675183982359983,published
262,random,5,pub_rf,,0.5171568997910073,0.5758797277620342,0.7575025276480652,published
262,random,5,pub_svm,,0.519026819892004,0.5799148365531701,0.7569835084443175,published
262,random,5,pub_xgboost,,0.5288655850518513,0.5640761261107845,0.7509675358528983,published
279,random,1,chemeleon,455.0,0.5060733352483718,0.6520385086423394,0.8045023332633653,fitted
279,random,1,knn,455.0,0.541154365522433,0.5851672968136836,0.7614748265766325,fitted
279,random,1,lgbm,455.0,0.56198290587867,0.5859660990396298,0.7578965586418617,fitted
279,random,1,median,455.0,0.934363338055328,-0.002069594408703468,,fitted
279,random,1,monroe35,455.0,0.49435128730878014,0.6449067979847658,0.7896745868668053,fitted
279,random,1,pub_gnn,,0.6766071319580078,0.4284716248512268,0.651769086375764,published
279,random,1,pub_knn,,0.5411543651758547,0.5851672974671617,0.7614748265766325,published
279,random,1,pub_mlp,,0.5131964683532715,0.622728705406189,0.7854369686364193,published
279,random,1,pub_rf,,0.5344373368702781,0.6196513457380964,0.7820702893340484,published
279,random,1,pub_svm,,0.5099798304148283,0.6304655092791649,0.789284247237545,published
279,random,1,pub_xgboost,,0.5351765352502438,0.5925318981032035,0.7655767838570725,published
279,random,2,chemeleon,455.0,0.5363358772655376,0.5669202000555301,0.7570217445780459,fitted
279,random,2,knn,455.0,0.5618934121209307,0.5267469770446822,0.7245350041369364,fitted
279,random,2,lgbm,455.0,0.5424880485154374,0.5841389867417128,0.7601106876216731,fitted
279,random,2,median,455.0,0.9326486143163958,-1.5963047302891553e-05,,fitted
279,random,2,monroe35,455.0,0.5076993188922193,0.6090780130795306,0.7793214324573322,fitted
279,random,2,pub_gnn,,0.6074586510658264,0.4866527318954468,0.7065103265474945,published
279,random,2,pub_knn,,0.5618934114521625,0.5267469775920035,0.7245350041369364,published
279,random,2,pub_mlp,,0.5263947248458862,0.5841943621635437,0.7627749883779837,published
279,random,2,pub_rf,,0.5396004975912231,0.5717578058135451,0.7566452909198975,published
279,random,2,pub_svm,,0.5026287256445328,0.6087210597515204,0.7802463236783671,published
279,random,2,pub_xgboost,,0.5267219525705866,0.5871805509595128,0.7620560956561794,published
279,random,3,chemeleon,455.0,0.4600834189332784,0.6543261574910302,0.8090682448653427,fitted
279,random,3,knn,455.0,0.5161589538794429,0.5566942912910023,0.7542168608722969,fitted
279,random,3,lgbm,455.0,0.4887518465567097,0.6417426914312148,0.7951323424603388,fitted
279,random,3,median,455.0,0.8879125572699463,-0.0003271761833403275,,fitted
279,random,3,monroe35,455.0,0.4374991485778148,0.6916901654749824,0.8296703931065632,fitted
279,random,3,pub_gnn,,0.5654826760292053,0.5134131908416748,0.7261406409589443,published
279,random,3,pub_knn,,0.5161589551408955,0.5566942907734239,0.7542168608722969,published
279,random,3,pub_mlp,,0.5083091855049133,0.5938898324966431,0.7768175878015761,published
279,random,3,pub_rf,,0.4965965096760026,0.6374142829999816,0.8020139384720925,published
279,random,3,pub_svm,,0.4687335410003715,0.6571341521208123,0.8083641276651063,published
279,random,3,pub_xgboost,,0.4803112862705225,0.6500955068334568,0.8013453583611281,published
279,random,4,chemeleon,454.0,0.534971841105205,0.6034397566554017,0.7711592543468233,fitted
279,random,4,knn,454.0,0.5996679077794995,0.5188692869161742,0.7241479082635639,fitted
279,random,4,lgbm,454.0,0.5742555669073177,0.5806066359404047,0.7551213218138925,fitted
279,random,4,median,454.0,0.9768174183567754,-0.02757691878823243,,fitted
279,random,4,monroe35,454.0,0.5266841963975006,0.6282382541090057,0.784413378403827,fitted
279,random,4,pub_gnn,,0.627371609210968,0.4708911180496216,0.6927690389151805,published
279,random,4,pub_knn,,0.5996679078315008,0.5188692864130446,0.7241479082635639,published
279,random,4,pub_mlp,,0.546559751033783,0.5954599380493164,0.7645559806208957,published
279,random,4,pub_rf,,0.581418970918682,0.5791645801651814,0.7630699490832579,published
279,random,4,pub_svm,,0.5360418502256036,0.6169410588119912,0.7829706915900174,published
279,random,4,pub_xgboost,,0.5664180243033389,0.5773143681277746,0.7559684675109615,published
279,random,5,chemeleon,454.0,0.5081589078330039,0.5588934061670261,0.7638924556213844,fitted
279,random,5,knn,454.0,0.5246432632363888,0.5583439152273137,0.7429665531919749,fitted
279,random,5,lgbm,454.0,0.5092503064833923,0.5979417092692119,0.7555879318232599,fitted
279,random,5,median,454.0,0.8561315997974557,-0.0017385941064076427,,fitted
279,random,5,monroe35,454.0,0.4832851486553542,0.6253428912188486,0.7781555713637964,fitted
279,random,5,pub_gnn,,0.5934577584266663,0.4784017205238342,0.7160865722331236,published
279,random,5,pub_knn,,0.5246432621062646,0.5583439159881192,0.7429665531919749,published
279,random,5,pub_mlp,,0.478856086730957,0.6421053409576416,0.7903178291360138,published
279,random,5,pub_rf,,0.5061667536666115,0.6186003086256705,0.7730599930702223,published
279,random,5,pub_svm,,0.4832953578866019,0.6478598607352977,0.7962497389068827,published
279,random,5,pub_xgboost,,0.5166005629596995,0.5943370539170021,0.7539877194706105,published
284,random,1,chemeleon,264.0,0.5069424411050834,0.4800945899064698,0.7063492750906172,fitted
284,random,1,knn,264.0,0.5910036236003295,0.24403979600705528,0.6103462399777928,fitted
284,random,1,lgbm,264.0,0.5341006975275383,0.5268911259273377,0.7300296918448326,fitted
284,random,1,median,264.0,0.8348166805360164,-0.0023004747903452305,,fitted
284,random,1,monroe35,264.0,0.4545406666798861,0.612436266790956,0.8062082192465289,fitted
284,random,1,pub_gnn,,0.6051334142684937,0.3482211232185364,0.6018837995139038,published
284,random,1,pub_knn,,0.5910036236003295,0.2440397960070554,0.6106708282520737,published
284,random,1,pub_mlp,,0.5226366519927979,0.4974066615104675,0.7018687338782786,published
284,random,1,pub_rf,,0.5050801556259471,0.551894354236327,0.7588503563513647,published
284,random,1,pub_svm,,0.5030421247659741,0.5426510455472283,0.7428788055809733,published
284,random,1,pub_xgboost,,0.523173459691308,0.5307045819017188,0.7331824564659436,published
284,random,2,chemeleon,263.0,0.4974420560710089,0.5227795104367422,0.7508159721288196,fitted
284,random,2,knn,263.0,0.5154300380837087,0.4874550625385179,0.7048986861295949,fitted
284,random,2,lgbm,263.0,0.5043943225532898,0.5283690403768018,0.7545398159607593,fitted
284,random,2,median,263.0,0.8058811083958171,-0.00021121204175211794,,fitted
284,random,2,monroe35,263.0,0.4738266617162172,0.5523921426657532,0.7504350120202377,fitted
284,random,2,pub_gnn,,0.6201815009117126,0.2863409519195556,0.6151658076127463,published
284,random,2,pub_knn,,0.5154300380998137,0.4874550639246805,0.7048986861295949,published
284,random,2,pub_mlp,,0.5422598719596863,0.4447395801544189,0.6781007473860764,published
284,random,2,pub_rf,,0.5227039393405081,0.5091178365792903,0.7218647721009248,published
284,random,2,pub_svm,,0.4822483473501731,0.5710198882125576,0.7750516317464686,published
284,random,2,pub_xgboost,,0.5163336790685988,0.5166057658071834,0.7198322324355964,published
284,random,3,chemeleon,263.0,0.4155079385675409,0.6240278381917838,0.7883197090294883,fitted
284,random,3,knn,263.0,0.46041090271814844,0.49423762879841393,0.697688985207115,fitted
284,random,3,lgbm,263.0,0.4228611415424802,0.6004281172518189,0.7798454290223649,fitted
284,random,3,median,263.0,0.7556374551359362,-0.00858040751399991,,fitted
284,random,3,monroe35,263.0,0.38880240460481824,0.6548521457412724,0.7938994169332568,fitted
284,random,3,pub_gnn,,0.5289353132247925,0.4846009016036987,0.6956247402675233,published
284,random,3,pub_knn,,0.4604109028034935,0.4942376282300136,0.6977037127810334,published
284,random,3,pub_mlp,,0.4605078101158142,0.5836925506591797,0.7480990307864186,published
284,random,3,pub_rf,,0.436810384051275,0.5922439955307939,0.7684149577357362,published
284,random,3,pub_svm,,0.4115707762215699,0.6382211483948546,0.7818805179803363,published
284,random,3,pub_xgboost,,0.4624891161871084,0.5486846153230069,0.7429311582104875,published
284,random,4,chemeleon,263.0,0.438144521408268,0.6155633142465555,0.7894968422686058,fitted
284,random,4,knn,263.0,0.43733444021718626,0.5628492675685205,0.7529347971634684,fitted
284,random,4,lgbm,263.0,0.46518098716635997,0.5730618972591981,0.7647375175978119,fitted
284,random,4,median,263.0,0.7603980868203375,-0.0058478725726611724,,fitted
284,random,4,monroe35,263.0,0.40996177762870245,0.6191744388854791,0.7869204951860197,fitted
284,random,4,pub_gnn,,0.5447366833686829,0.4162067770957947,0.6935799450326383,published
284,random,4,pub_knn,,0.437334439240841,0.562849271406801,0.7529347971634684,published
284,random,4,pub_mlp,,0.462698370218277,0.5214685201644897,0.7325602643985433,published
284,random,4,pub_rf,,0.4224116295754724,0.6103212476551868,0.7726000162096236,published
284,random,4,pub_svm,,0.4503885685497175,0.5854915067402757,0.7627544189218001,published
284,random,4,pub_xgboost,,0.4524141791481157,0.5735472207647173,0.7451789137701811,published
284,random,5,chemeleon,263.0,0.4019463934344299,0.6487822836937622,0.8098187152437333,fitted
284,random,5,knn,263.0,0.4970084228592663,0.47713911115490415,0.6880099176773793,fitted
284,random,5,lgbm,263.0,0.4841463264954118,0.5270951204443642,0.7205440858132509,fitted
284,random,5,median,263.0,0.7556030682212252,-0.00034284613822133103,,fitted
284,random,5,monroe35,263.0,0.44781419491952124,0.5823360968817823,0.7669306902252168,fitted
284,random,5,pub_gnn,,0.6154410243034363,0.2868279218673706,0.619443156377855,published
284,random,5,pub_knn,,0.4970084237483562,0.4771391096925,0.6880083819558751,published
284,random,5,pub_mlp,,0.4774117767810821,0.5304880142211914,0.7233641908206979,published
284,random,5,pub_rf,,0.4826860169051565,0.5541036162021169,0.7424828535869737,published
284,random,5,pub_svm,,0.4759025738046511,0.5426881846199683,0.7285531840344005,published
284,random,5,pub_xgboost,,0.493692165689372,0.5202582708737,0.7282841572755592,published
1865,random,1,chemeleon,207.0,0.4405244298806842,0.6184504037875576,0.7963611827129387,fitted
1865,random,1,knn,207.0,0.46557836334296854,0.5748360451974719,0.775194312494361,fitted
1865,random,1,lgbm,207.0,0.4386704062152109,0.6362191531521151,0.8006015994198392,fitted
1865,random,1,median,207.0,0.8333166400090173,-0.006522625434128848,,fitted
1865,random,1,monroe35,207.0,0.4264748310890493,0.6572935215383351,0.8117688246383075,fitted
1865,random,1,pub_gnn,,0.5057215094566345,0.5243661403656006,0.7311526813030305,published
1865,random,1,pub_knn,,0.4655783645437195,0.5748360413524256,0.775194312494361,published
1865,random,1,pub_mlp,,0.4928044974803924,0.544514536857605,0.7451217694302998,published
1865,random,1,pub_rf,,0.4654615694733814,0.611295065771019,0.7988469280269637,published
1865,random,1,pub_svm,,0.4518499120327639,0.6209055211389709,0.805285797188102,published
1865,random,1,pub_xgboost,,0.4358614761742358,0.6405712379980286,0.8032478142256184,published
1865,random,2,chemeleon,207.0,0.44284718014211405,0.6010998465310258,0.7721908522798288,fitted
1865,random,2,knn,207.0,0.4429765223119003,0.6286459235119501,0.7675500192971434,fitted
1865,random,2,lgbm,207.0,0.4953149151870329,0.5555609092911977,0.7292512272223745,fitted
1865,random,2,median,207.0,0.7712018695451756,-0.003115620044162437,,fitted
1865,random,2,monroe35,207.0,0.43817200952488167,0.6111328064264507,0.765411136226126,fitted
1865,random,2,pub_gnn,,0.6749716997146606,0.1728554964065551,0.4394889033586976,published
1865,random,2,pub_knn,,0.4429765255570125,0.6286459184384463,0.7675500192971434,published
1865,random,2,pub_mlp,,0.4590077698230743,0.5677217245101929,0.7527363770526072,published
1865,random,2,pub_rf,,0.4469469801078251,0.6184111387235798,0.7754506735931492,published
1865,random,2,pub_svm,,0.4414351021634825,0.6361168615388508,0.7900288994754104,published
1865,random,2,pub_xgboost,,0.4472943114100813,0.6072256583537473,0.7710907355044637,published
1865,random,3,chemeleon,207.0,0.4588768698521927,0.6139143653293955,0.779428801082522,fitted
1865,random,3,knn,207.0,0.46026069433448713,0.5764982512337633,0.7766203210785563,fitted
1865,random,3,lgbm,207.0,0.4779946649424782,0.6111133297724805,0.7766268231917652,fitted
1865,random,3,median,207.0,0.8254457640538929,-0.01285734686194151,,fitted
1865,random,3,monroe35,207.0,0.44006313545346054,0.6313469495071609,0.8017262403044527,fitted
1865,random,3,pub_gnn,,0.6368936896324158,0.2570883631706238,0.5486762481225287,published
1865,random,3,pub_knn,,0.4602606974195612,0.5764982494885289,0.7766203210785563,published
1865,random,3,pub_mlp,,0.5040124654769897,0.5634135603904724,0.7453378711924593,published
1865,random,3,pub_rf,,0.4720926593977745,0.6199739511671617,0.7985159389118132,published
1865,random,3,pub_svm,,0.4626658298955731,0.6255419366081969,0.7932820156203153,published
1865,random,3,pub_xgboost,,0.4678287870281298,0.6184483209214086,0.7801684570051306,published
1865,random,4,chemeleon,207.0,0.47159291976243173,0.5859344445406207,0.800977796510396,fitted
1865,random,4,knn,207.0,0.5100896312709969,0.5057260260571467,0.731612617106243,fitted
1865,random,4,lgbm,207.0,0.45573833857532997,0.6227182591347442,0.7962842512453413,fitted
1865,random,4,median,207.0,0.8019771784534839,-0.00047540940925827613,,fitted
1865,random,4,monroe35,207.0,0.4337963806452977,0.6415004298094806,0.8212122403273002,fitted
1865,random,4,pub_gnn,,0.6322104334831238,0.306925892829895,0.6142270918983543,published
1865,random,4,pub_knn,,0.5100896316037891,0.5057260268629555,0.731612617106243,published
1865,random,4,pub_mlp,,0.4901237189769745,0.5668550729751587,0.7910570237953385,published
1865,random,4,pub_rf,,0.468607886581534,0.6184108903700354,0.8131734657550822,published
1865,random,4,pub_svm,,0.4636761517433024,0.6126474651759891,0.802629714359231,published
1865,random,4,pub_xgboost,,0.4555960275451186,0.6466146416177123,0.8044543439262307,published
1865,random,5,chemeleon,206.0,0.5142699108728931,0.44048086304978284,0.7002662844878033,fitted
1865,random,5,knn,206.0,0.5030440801745687,0.41701774808645664,0.6955297879070259,fitted
1865,random,5,lgbm,206.0,0.5221364150209091,0.5149277428888785,0.7207563450772746,fitted
1865,random,5,median,206.0,0.7859403986516491,-0.005258188193492774,,fitted
1865,random,5,monroe35,206.0,0.4588220753523229,0.5576839277114719,0.7819972731864069,fitted
1865,random,5,pub_gnn,,0.5674393177032471,0.3205087184906006,0.6979243279444802,published
1865,random,5,pub_knn,,0.5030440810088767,0.4170177504025839,0.6955297879070259,published
1865,random,5,pub_mlp,,0.5035995841026306,0.4567033648490906,0.7367503822444096,published
1865,random,5,pub_rf,,0.4918289272099175,0.5274127065420349,0.7496908678882067,published
1865,random,5,pub_svm,,0.4832231351089243,0.5410046996150107,0.7689797623645228,published
1865,random,5,pub_xgboost,,0.4914525467571597,0.5552372863434918,0.7555498815971896,published
2409,random,1,chemeleon,246.0,0.5330195788646758,0.5925044694225592,0.784662997719769,fitted
2409,random,1,knn,246.0,0.6784946551176689,0.4128962977883328,0.658615568353838,fitted
2409,random,1,lgbm,246.0,0.6140175810184673,0.5166348069716968,0.7255803899056326,fitted
2409,random,1,median,246.0,0.9642036375245925,-0.01800182786175153,,fitted
2409,random,1,monroe35,246.0,0.505757647997475,0.6605753402449875,0.8169056676715791,fitted
2409,random,1,pub_gnn,,0.6454105973243713,0.4659110307693481,0.7250515638461427,published
2409,random,1,pub_knn,,0.6784946557828784,0.4128962964715352,0.658615568353838,published
2409,random,1,pub_mlp,,0.5704686641693115,0.5194590091705322,0.7487841442651462,published
2409,random,1,pub_rf,,0.6282317839483191,0.5175755817807165,0.7548567788866791,published
2409,random,1,pub_svm,,0.5554366918172494,0.5639699270404734,0.7694406144021645,published
2409,random,1,pub_xgboost,,0.6039673071884496,0.488966338483418,0.7172113616726002,published
2409,random,2,chemeleon,246.0,0.5246744201816033,0.6030715226892283,0.7759737549045024,fitted
2409,random,2,knn,246.0,0.6588215475451311,0.3891150131010851,0.6302742034020782,fitted
2409,random,2,lgbm,246.0,0.5793993200563212,0.5219066322893695,0.7070702148681498,fitted
2409,random,2,median,246.0,0.9168371799361382,-0.000608659783547072,,fitted
2409,random,2,monroe35,246.0,0.5313466589826614,0.5810151909920891,0.7564576550171257,fitted
2409,random,2,pub_gnn,,0.6836281418800354,0.3765130639076233,0.6510425015197134,published
2409,random,2,pub_knn,,0.6588215461809735,0.3891150133585502,0.6302746809759472,published
2409,random,2,pub_mlp,,0.6023044586181641,0.4569518566131592,0.6654959158026146,published
2409,random,2,pub_rf,,0.6208929664271756,0.4690257812422306,0.675985116253248,published
2409,random,2,pub_svm,,0.5756857479716055,0.525614308459747,0.7147996721783941,published
2409,random,2,pub_xgboost,,0.5819686405143851,0.5043468402364035,0.7194582250068764,published
2409,random,3,chemeleon,245.0,0.48687789157151934,0.626306631921838,0.7966038979000843,fitted
2409,random,3,knn,245.0,0.600650270267834,0.4289775404457904,0.6644450027278154,fitted
2409,random,3,lgbm,245.0,0.557081561228635,0.5589660956834068,0.7272500458896783,fitted
2409,random,3,median,245.0,0.8890026641412397,-0.005712810734215701,,fitted
2409,random,3,monroe35,245.0,0.4683739294104316,0.6617483638489015,0.8024348932922972,fitted
2409,random,3,pub_gnn,,0.6369234323501587,0.4346725344657898,0.6890962719181376,published
2409,random,3,pub_knn,,0.6006502720388811,0.4289775404083885,0.6644450027278154,published
2409,random,3,pub_mlp,,0.6233991384506226,0.4358299374580383,0.708858539358434,published
2409,random,3,pub_rf,,0.5679014464142043,0.5376015081586178,0.7297625704839681,published
2409,random,3,pub_svm,,0.5159362671926182,0.5829999003399836,0.7683223944552093,published
2409,random,3,pub_xgboost,,0.5326474700465939,0.5551155861960146,0.7504168940567759,published
2409,random,4,chemeleon,245.0,0.5278523901385387,0.6158323046501815,0.7719571980668558,fitted
2409,random,4,knn,245.0,0.5928025885919429,0.5155944221471351,0.7066873101372511,fitted
2409,random,4,lgbm,245.0,0.4851228122656606,0.6710461660198064,0.8088979030612627,fitted
2409,random,4,median,245.0,0.9257717901294379,-0.005543492285645657,,fitted
2409,random,4,monroe35,245.0,0.45703801350817524,0.694979458368068,0.8238613697494157,fitted
2409,random,4,pub_gnn,,0.6754694581031799,0.3500678539276123,0.6369849716339021,published
2409,random,4,pub_knn,,0.5928025890852322,0.5155944233982959,0.7066873101372511,published
2409,random,4,pub_mlp,,0.5070220232009888,0.6293238401412964,0.7881243526359769,published
2409,random,4,pub_rf,,0.5627085157054158,0.5992214019668535,0.78117256672171,published
2409,random,4,pub_svm,,0.4875550414773693,0.6842937967716829,0.8181209501914416,published
2409,random,4,pub_xgboost,,0.5549039563772179,0.6094682561433419,0.7715521019755048,published
2409,random,5,chemeleon,245.0,0.4941796762812902,0.7041716034264613,0.8363268265295335,fitted
2409,random,5,knn,245.0,0.6367327390140496,0.5004389398382993,0.7420432408407038,fitted
2409,random,5,lgbm,245.0,0.524144016060052,0.671294961059506,0.8166921821879597,fitted
2409,random,5,median,245.0,1.021988759147912,-0.08476297205373173,,fitted
2409,random,5,monroe35,245.0,0.45927607739785076,0.7328130881524186,0.8581908814667261,fitted
2409,random,5,pub_gnn,,0.6591705679893494,0.4578660130500793,0.6970412368185481,published
2409,random,5,pub_knn,,0.6367327385442019,0.5004389399044551,0.7420432408407038,published
2409,random,5,pub_mlp,,0.6110818386077881,0.5468162894248962,0.7745120927747344,published
2409,random,5,pub_rf,,0.6014569757880854,0.580384683448071,0.8095457461370336,published
2409,random,5,pub_svm,,0.5448556738650674,0.6650322875873091,0.8372513954185657,published
2409,random,5,pub_xgboost,,0.5646251129773477,0.636005587170763,0.8154709841805133,published
4005,random,1,chemeleon,253.0,0.4427244323244265,0.6808870625937811,0.822962546907648,fitted
4005,random,1,knn,253.0,0.46830319831229983,0.6329429248862775,0.8029710433432236,fitted
4005,random,1,lgbm,253.0,0.4589765098215224,0.6719901893206547,0.8155194029681924,fitted
4005,random,1,median,253.0,0.9097805762344975,-0.03530531992503105,,fitted
4005,random,1,monroe35,253.0,0.45902229838545916,0.6387307192205129,0.8039330837805944,fitted
4005,random,1,pub_gnn,,0.6083207726478577,0.4731298685073852,0.6763963710890611,published
4005,random,1,pub_knn,,0.4683031981006232,0.6329429237762643,0.8029710433432236,published
4005,random,1,pub_mlp,,0.511006236076355,0.5451768636703491,0.7437069070066664,published
4005,random,1,pub_rf,,0.4823005036874195,0.6490048844682585,0.806124120224419,published
4005,random,1,pub_svm,,0.4420955475593978,0.6837535458773556,0.8283186691477297,published
4005,random,1,pub_xgboost,,0.4606967275292863,0.6566480487733372,0.8047596650607032,published
4005,random,2,chemeleon,253.0,0.4308420484295093,0.7267524335987641,0.8307790864543224,fitted
4005,random,2,knn,253.0,0.4570248897182607,0.6603582484415206,0.7909121190652793,fitted
4005,random,2,lgbm,253.0,0.4276010000278049,0.7270624102184363,0.8268106551011596,fitted
4005,random,2,median,253.0,0.9051913897694434,-0.011825070881503308,,fitted
4005,random,2,monroe35,253.0,0.4157148405275187,0.7430231778387484,0.8360855571848882,fitted
4005,random,2,pub_gnn,,0.6174324750900269,0.4544653296470642,0.6975952669920669,published
4005,random,2,pub_knn,,0.4570248890206457,0.6603582487978857,0.7909121190652793,published
4005,random,2,pub_mlp,,0.4160317778587341,0.7304589748382568,0.8372026202545915,published
4005,random,2,pub_rf,,0.4674363117215835,0.6898964285891748,0.8159822910789529,published
4005,random,2,pub_svm,,0.4153986674659016,0.7375649467338492,0.8415791070498115,published
4005,random,2,pub_xgboost,,0.4366817314736547,0.708093447303642,0.8189730632945825,published
4005,random,3,chemeleon,252.0,0.4617106911893558,0.6851892879039179,0.8084810818864666,fitted
4005,random,3,knn,252.0,0.5107767784736044,0.5830858875525661,0.7395966164570493,fitted
4005,random,3,lgbm,252.0,0.4706050928192963,0.6670942807919613,0.7913196356992421,fitted
4005,random,3,median,252.0,0.8900158318872978,-0.017027552114916134,,fitted
4005,random,3,monroe35,252.0,0.44249685901532615,0.6829522222467228,0.7984221749648822,fitted
4005,random,3,pub_gnn,,0.5732296109199524,0.5455546975135803,0.7511181667326332,published
4005,random,3,pub_knn,,0.5107767791652208,0.5830858868597651,0.7395966164570493,published
4005,random,3,pub_mlp,,0.4544362425804138,0.6720361709594727,0.7911142073635478,published
4005,random,3,pub_rf,,0.4774923366196689,0.6641668862085457,0.7922843970348712,published
4005,random,3,pub_svm,,0.4584258335364718,0.6846593200087214,0.8022683158326925,published
4005,random,3,pub_xgboost,,0.4846690536223476,0.6552606026705148,0.7811857797773112,published
4005,random,4,chemeleon,252.0,0.40481038486664855,0.7571979324063124,0.8671056354907253,fitted
4005,random,4,knn,252.0,0.4386051340652276,0.7201440259498828,0.836583512279193,fitted
4005,random,4,lgbm,252.0,0.41259275460698014,0.76113501710784,0.8640670861031375,fitted
4005,random,4,median,252.0,0.9524258124241823,-6.449011666465054e-05,,fitted
4005,random,4,monroe35,252.0,0.3909705759870251,0.7771130393827044,0.8769553421660032,fitted
4005,random,4,pub_gnn,,0.5396260023117065,0.58733731508255,0.7858296204164966,published
4005,random,4,pub_knn,,0.4386051327107186,0.7201440264271155,0.836583512279193,published
4005,random,4,pub_mlp,,0.4412868022918701,0.7300913333892822,0.8557066445112586,published
4005,random,4,pub_rf,,0.4283084757174276,0.745688975117545,0.8588947705699072,published
4005,random,4,pub_svm,,0.4160437786419022,0.7578035949307852,0.870283238276057,published
4005,random,4,pub_xgboost,,0.4494329294294739,0.7224169170166266,0.8488397533339385,published
4005,random,5,chemeleon,252.0,0.4225171319423384,0.7100355581566602,0.8401690153751601,fitted
4005,random,5,knn,252.0,0.4709946659037726,0.6253870536817031,0.797530796201677,fitted
4005,random,5,lgbm,252.0,0.48895487657454173,0.633379219716061,0.7815115732212404,fitted
4005,random,5,median,252.0,0.9122348189490898,-0.001429962116845429,,fitted
4005,random,5,monroe35,252.0,0.43862897056851885,0.7017648866668534,0.8324418829941308,fitted
4005,random,5,pub_gnn,,0.6168888211250305,0.4145476818084717,0.667809607911101,published
4005,random,5,pub_knn,,0.4709946681375641,0.6253870512817561,0.797530796201677,published
4005,random,5,pub_mlp,,0.4497362375259399,0.6715829372406006,0.8233585936999963,published
4005,random,5,pub_rf,,0.4763594157022057,0.6647432351074003,0.8172380779550344,published
4005,random,5,pub_svm,,0.4533886200506336,0.6777339407378249,0.8209263598334461,published
4005,random,5,pub_xgboost,,0.4583184474186917,0.6417987468567394,0.7973535256383034,published
4822,random,1,chemeleon,224.0,0.387841491607198,0.8078963801595673,0.8956070239078017,fitted
4822,random,1,knn,224.0,0.4208402046666819,0.7793690954387581,0.8804709019850746,fitted
4822,random,1,lgbm,224.0,0.42111461055430116,0.7916747719219018,0.8842871878210092,fitted
4822,random,1,median,224.0,0.9987157344068577,-0.0005619459520640468,,fitted
4822,random,1,monroe35,224.0,0.3753989416786612,0.8273373093177256,0.8996285446228462,fitted
4822,random,1,pub_gnn,,0.5369126796722412,0.6076922416687012,0.8240898327395766,published
4822,random,1,pub_knn,,0.4208402048336142,0.7793690948166776,0.8804709019850746,published
4822,random,1,pub_mlp,,0.4309988617897033,0.7891231775283813,0.881582684443548,published
4822,random,1,pub_rf,,0.4208779168608806,0.7769009005565017,0.8789483505260611,published
4822,random,1,pub_svm,,0.407254217850685,0.8001643884210716,0.8940503062116553,published
4822,random,1,pub_xgboost,,0.409357622547169,0.7899098665600518,0.8751921541496172,published
4822,random,2,chemeleon,223.0,0.4038191063253293,0.7691446278045837,0.851847373225639,fitted
4822,random,2,knn,223.0,0.4265713670245142,0.7433777194484897,0.8444862997301346,fitted
4822,random,2,lgbm,223.0,0.41930337204143453,0.7847544821696948,0.8625135507652942,fitted
4822,random,2,median,223.0,0.9871086936939472,-0.0005703777037073809,,fitted
4822,random,2,monroe35,223.0,0.38365419181327465,0.8058446021127409,0.8763758481612244,fitted
4822,random,2,pub_gnn,,0.5346898436546326,0.6437294483184814,0.7806296850857284,published
4822,random,2,pub_knn,,0.4265713668365307,0.7433777197219198,0.844513040794205,published
4822,random,2,pub_mlp,,0.443059504032135,0.7475998401641846,0.8362942218343036,published
4822,random,2,pub_rf,,0.4182262628974554,0.7775038291347998,0.8639078966040652,published
4822,random,2,pub_svm,,0.390396687281025,0.8111362333853154,0.8843431521875738,published
4822,random,2,pub_xgboost,,0.4031891978639512,0.7878919322140573,0.864817981858552,published
4822,random,3,chemeleon,223.0,0.4100235135949886,0.7724037846021244,0.8691885183116693,fitted
4822,random,3,knn,223.0,0.457815213427935,0.7466975351570775,0.8450453278040425,fitted
4822,random,3,lgbm,223.0,0.4646045034590878,0.7215633548236844,0.8333656169489027,fitted
4822,random,3,median,223.0,0.9799503554418072,-0.005766645365527845,,fitted
4822,random,3,monroe35,223.0,0.39949295673565205,0.7868885456004377,0.8695326358895209,fitted
4822,random,3,pub_gnn,,0.5680108070373535,0.6031453013420105,0.8073057893587853,published
4822,random,3,pub_knn,,0.4578152126152744,0.746697535928025,0.8450453278040425,published
4822,random,3,pub_mlp,,0.4774270057678222,0.719897985458374,0.8468051848554751,published
4822,random,3,pub_rf,,0.4460605996395493,0.7595694943507072,0.8577098164026756,published
4822,random,3,pub_svm,,0.455176271640159,0.7507086040592271,0.8620226484986733,published
4822,random,3,pub_xgboost,,0.4527102821473516,0.7441084204719606,0.8387963351898174,published
4822,random,4,chemeleon,223.0,0.39752099455549583,0.7980842146344641,0.8836632238785225,fitted
4822,random,4,knn,223.0,0.45098311608564146,0.7131075500193779,0.8427088287171685,fitted
4822,random,4,lgbm,223.0,0.4545713136507475,0.7332386525583878,0.8487998092615142,fitted
4822,random,4,median,223.0,1.002353244034581,-1.2095263640654608e-05,,fitted
4822,random,4,monroe35,223.0,0.37515540175800166,0.8138850023041235,0.8912421828732826,fitted
4822,random,4,pub_gnn,,0.5367669463157654,0.6535590887069702,0.7969648460182099,published
4822,random,4,pub_knn,,0.4509831171317398,0.7131075493062408,0.842722583794507,published
4822,random,4,pub_mlp,,0.4719039797782898,0.7331144213676453,0.8514327231221153,published
4822,random,4,pub_rf,,0.4425418224182377,0.7555448330812586,0.8553274444473531,published
4822,random,4,pub_svm,,0.4155716678888737,0.7803733390656122,0.8714127842023777,published
4822,random,4,pub_xgboost,,0.4428094283331331,0.7442419654702517,0.8508634625874221,published
4822,random,5,chemeleon,223.0,0.4708407429877378,0.7564348383258592,0.8665751713251599,fitted
4822,random,5,knn,223.0,0.4975064596215224,0.6997191807682459,0.8273180769502037,fitted
4822,random,5,lgbm,223.0,0.4743111755408849,0.7281732647617782,0.8450723432584077,fitted
4822,random,5,median,223.0,1.0367599903767317,-0.0004166400675491566,,fitted
4822,random,5,monroe35,223.0,0.40960326055476837,0.8013358181432766,0.8908796813760003,fitted
4822,random,5,pub_gnn,,0.6380385160446167,0.5487022995948792,0.744673328087018,published
4822,random,5,pub_knn,,0.4975064597049676,0.6997191798203085,0.8273180769502037,published
4822,random,5,pub_mlp,,0.4986100196838379,0.717204213142395,0.8414536392975,published
4822,random,5,pub_rf,,0.49201899154987,0.7179283500028528,0.8410662302012066,published
4822,random,5,pub_svm,,0.4512389536117474,0.7522836465636108,0.863469946739088,published
4822,random,5,pub_xgboost,,0.4869455626361087,0.7032294612941485,0.8296121852731002,published
220,scaffold,1,chemeleon,340.0,0.5319394540170185,0.4638739381618864,0.7062474253727173,fitted
220,scaffold,1,knn,340.0,0.60350089481461,0.3293533988696079,0.5972950730313723,fitted
220,scaffold,1,lgbm,340.0,0.5544961540973985,0.47387617457634956,0.6907105832956179,fitted
220,scaffold,1,median,340.0,0.8510533374343519,-0.05123894843729482,,fitted
220,scaffold,1,monroe35,340.0,0.5410840967387591,0.4815909786121705,0.6981766089497298,fitted
220,scaffold,1,pub_gnn,,0.685734212398529,0.2449238896369934,0.5568590765195683,published
220,scaffold,1,pub_knn,,0.6035008928962604,0.3293534025005706,0.5973292233475388,published
220,scaffold,1,pub_mlp,,0.5752339363098145,0.4096159338951111,0.6519382089725293,published
220,scaffold,1,pub_rf,,0.5808316174192927,0.4615404043700676,0.6654826846682519,published
220,scaffold,1,pub_svm,,0.5640855297569499,0.4654047118204302,0.6750444070032257,published
220,scaffold,1,pub_xgboost,,0.6129701948839755,0.3442715761446476,0.5814546644838796,published
220,scaffold,2,chemeleon,340.0,0.5411491985691537,0.5824768392988549,0.7590420375772947,fitted
220,scaffold,2,knn,340.0,0.5890647131171873,0.5606117282612144,0.7379779617529416,fitted
220,scaffold,2,lgbm,340.0,0.5310900982581034,0.6325968241113014,0.7923715928278792,fitted
220,scaffold,2,median,340.0,0.9198205041971625,-0.07715649839434713,,fitted
220,scaffold,2,monroe35,340.0,0.5455503133951936,0.4976929071702041,0.7595392462171628,fitted
220,scaffold,2,pub_gnn,,0.6825454831123352,0.3122985363006592,0.6643318062521479,published
220,scaffold,2,pub_knn,,0.5890647156739611,0.5606117258039174,0.7379779617529416,published
220,scaffold,2,pub_mlp,,0.5943230390548706,0.4704349040985107,0.742064406511374,published
220,scaffold,2,pub_rf,,0.6024999315292584,0.51393372950033,0.7442500193413214,published
220,scaffold,2,pub_svm,,0.65675896962314,0.3635046452311916,0.6593176573936133,published
220,scaffold,2,pub_xgboost,,0.5959575426972707,0.5268889516282109,0.7050564565865072,published
220,scaffold,3,chemeleon,340.0,0.6608148128160282,0.4091933199948503,0.7691651847527747,fitted
220,scaffold,3,knn,340.0,0.7579841402773437,0.27035036538183443,0.6016640904242196,fitted
220,scaffold,3,lgbm,340.0,0.7651606532647911,0.30793793160825456,0.6486746171466037,fitted
220,scaffold,3,median,340.0,1.0646745949963574,-0.04520731523510935,,fitted
220,scaffold,3,monroe35,340.0,0.7351923693116825,0.2285415374535521,0.647869503752462,fitted
220,scaffold,3,pub_gnn,,0.8265434503555298,0.2311309576034546,0.5953213487299303,published
220,scaffold,3,pub_knn,,0.7579841407828269,0.2703503650040483,0.6016640904242196,published
220,scaffold,3,pub_mlp,,0.7901449799537659,0.1583831906318664,0.6015717770225407,published
220,scaffold,3,pub_rf,,0.8182447772552882,0.2490064849208353,0.6284490723939636,published
220,scaffold,3,pub_svm,,0.7861886205029337,0.2729879092619224,0.6388933902163733,published
220,scaffold,3,pub_xgboost,,0.8171894382512315,0.2847629745991108,0.6446301884638227,published
220,scaffold,4,chemeleon,340.0,0.5095873140708669,0.5886478339604857,0.7309099788356617,fitted
220,scaffold,4,knn,340.0,0.6189580392974292,0.38751289437396697,0.6238667303926339,fitted
220,scaffold,4,lgbm,340.0,0.5473239336943281,0.5363868495778557,0.690091991177127,fitted
220,scaffold,4,median,340.0,0.7978799734644809,-0.07242786810621316,,fitted
220,scaffold,4,monroe35,340.0,0.5151272479211224,0.5973346601841407,0.697816855948519,fitted
220,scaffold,4,pub_gnn,,0.6651263236999512,0.2934744358062744,0.5648128168359122,published
220,scaffold,4,pub_knn,,0.6189580422752673,0.3875128936675692,0.6238667303926339,published
220,scaffold,4,pub_mlp,,0.5438298583030701,0.4599015116691589,0.6796411580345711,published
220,scaffold,4,pub_rf,,0.5401748510324428,0.5349127062080059,0.6911999968321969,published
220,scaffold,4,pub_svm,,0.5311365410867637,0.5528443730158357,0.7009076994350445,published
220,scaffold,4,pub_xgboost,,0.5749661660962331,0.4803470575441536,0.6588559486827649,published
220,scaffold,5,chemeleon,339.0,0.540870806956226,0.5026438292753905,0.7005648438522253,fitted
220,scaffold,5,knn,339.0,0.5458968514726863,0.5041937930148588,0.756074659918901,fitted
220,scaffold,5,lgbm,339.0,0.5956636299551051,0.44477772442394303,0.6578328214664849,fitted
220,scaffold,5,median,339.0,0.8113296922780473,-0.0014963085422015077,,fitted
220,scaffold,5,monroe35,339.0,0.5029409135443871,0.5781892690004111,0.7557082341019812,fitted
220,scaffold,5,pub_gnn,,0.6808024048805237,0.2074292302131652,0.6407437611223326,published
220,scaffold,5,pub_knn,,0.5458968518057972,0.5041937939639739,0.756074659918901,published
220,scaffold,5,pub_mlp,,0.5971342325210571,0.4204493761062622,0.6795335731070465,published
220,scaffold,5,pub_rf,,0.5380327115197125,0.5408711264470852,0.7481469092008523,published
220,scaffold,5,pub_svm,,0.5527146887047647,0.5175550519671579,0.73081345635288,published
220,scaffold,5,pub_xgboost,,0.5902501045143509,0.4516381904171749,0.665374339133273,published
230,scaffold,1,chemeleon,234.0,0.7146002228031053,-0.14383516610409086,0.19264041390963166,fitted
230,scaffold,1,knn,234.0,0.6827858310828214,-0.0020510818173811174,0.33100826163703795,fitted
230,scaffold,1,lgbm,234.0,0.7010612910243509,-0.0021801329831332428,0.25158470146679357,fitted
230,scaffold,1,median,234.0,0.7427882614996444,-0.05826656336342406,,fitted
230,scaffold,1,monroe35,234.0,0.676709961654049,0.11246566212458808,0.2172753918712866,fitted
230,scaffold,1,pub_gnn,,0.7081729769706726,-0.0320973396301269,0.2166534998678444,published
230,scaffold,1,pub_knn,,0.6827858313297247,-0.0020510828983151,0.3310082616370379,published
230,scaffold,1,pub_mlp,,0.7136310935020447,-0.0730401277542114,0.2536818301420721,published
230,scaffold,1,pub_rf,,0.624083326835932,0.258433994834742,0.3557470454539876,published
230,scaffold,1,pub_svm,,0.641165958415477,0.2026751715948037,0.3599864944804649,published
230,scaffold,1,pub_xgboost,,0.6345997562927543,0.176312847136932,0.4587153428823439,published
230,scaffold,2,chemeleon,233.0,0.6777110394058261,0.22578696544786447,0.4846177766030267,fitted
230,scaffold,2,knn,233.0,0.6811399467950855,0.1495670965792194,0.4383848629274929,fitted
230,scaffold,2,lgbm,233.0,0.7356433197119169,0.035592028607989934,0.27140201447351103,fitted
230,scaffold,2,median,233.0,0.7988800139599459,-0.0650799565443374,,fitted
230,scaffold,2,monroe35,233.0,0.6006999385523366,0.32318867796146744,0.6089273844625286,fitted
230,scaffold,2,pub_gnn,,0.7210869789123535,0.1813375353813171,0.3975943621411514,published
230,scaffold,2,pub_knn,,0.6811399474849925,0.1495670956121261,0.4383848629274929,published
230,scaffold,2,pub_mlp,,0.6290546655654907,0.2808745503425598,0.5418064628561862,published
230,scaffold,2,pub_rf,,0.6903440316021167,0.144728740330477,0.4438633084398745,published
230,scaffold,2,pub_svm,,0.7278109049487557,0.1005826791353218,0.3673495623543275,published
230,scaffold,2,pub_xgboost,,0.7293013506745247,0.0638663783485341,0.325403479625524,published
230,scaffold,3,chemeleon,233.0,0.5729706769007235,0.009074523746948393,0.27919138267898425,fitted
230,scaffold,3,knn,233.0,0.6840912232426213,-0.5848819479796075,0.1302732184632062,fitted
230,scaffold,3,lgbm,233.0,0.5835531959135163,-0.028757489384404478,0.2241638458503412,fitted
230,scaffold,3,median,233.0,0.6002194401654836,-0.0003577080097119101,,fitted
230,scaffold,3,monroe35,233.0,0.5298492791053572,0.1596605456111423,0.43990547804849855,fitted
230,scaffold,3,pub_gnn,,0.6341148614883423,-0.2493175268173217,0.1652409924170334,published
230,scaffold,3,pub_knn,,0.6840912226807402,-0.5848819499897739,0.1302732184632062,published
230,scaffold,3,pub_mlp,,0.6136304140090942,-0.1441041231155395,0.1546842014886103,published
230,scaffold,3,pub_rf,,0.5626870111516175,0.0936565092173635,0.3172322702080907,published
230,scaffold,3,pub_svm,,0.5614047767993227,0.1071639506879604,0.3014580474948876,published
230,scaffold,3,pub_xgboost,,0.597804176793997,-0.1130329863121184,0.1429885822094334,published
230,scaffold,4,chemeleon,233.0,0.5661423976887752,0.24419149088868508,0.5493187980586882,fitted
230,scaffold,4,knn,233.0,0.5737853073568965,0.18846735368975898,0.509310119145874,fitted
230,scaffold,4,lgbm,233.0,0.5800852536541292,0.13244922657248415,0.45265474788154125,fitted
230,scaffold,4,median,233.0,0.713501009949283,-0.0008934306188754793,,fitted
230,scaffold,4,monroe35,233.0,0.5640063467395824,0.23166961657149876,0.5320089884604847,fitted
230,scaffold,4,pub_gnn,,0.6543612480163574,0.0691210031509399,0.3340886701043085,published
230,scaffold,4,pub_knn,,0.573785308731691,0.1884673502453581,0.509310119145874,published
230,scaffold,4,pub_mlp,,0.5740787982940674,0.1504599452018737,0.482485030726478,published
230,scaffold,4,pub_rf,,0.5584115886231936,0.2464008471200756,0.5442910741834488,published
230,scaffold,4,pub_svm,,0.5713410237594119,0.2378709065244469,0.5321522446743089,published
230,scaffold,4,pub_xgboost,,0.6175133536523414,0.1148064382194991,0.3811687230873972,published
230,scaffold,5,chemeleon,233.0,0.5457676571767238,0.2361122983007813,0.484137406690783,fitted
230,scaffold,5,knn,233.0,0.5352183220952608,0.24527071008547585,0.551709555831297,fitted
230,scaffold,5,lgbm,233.0,0.6316983044227062,0.04827214865232321,0.33680983956168226,fitted
230,scaffold,5,median,233.0,0.6889153657443419,-0.0016439680784876565,,fitted
230,scaffold,5,monroe35,233.0,0.514429847246365,0.35132792691659465,0.5711287827952958,fitted
230,scaffold,5,pub_gnn,,0.6413740515708923,0.0672810673713684,0.354691431579171,published
230,scaffold,5,pub_knn,,0.5352183215874221,0.2452707083955821,0.551709555831297,published
230,scaffold,5,pub_mlp,,0.5727543830871582,0.2047924399375915,0.5013387321193914,published
230,scaffold,5,pub_rf,,0.5262566987191845,0.3262410994872867,0.5772094653276105,published
230,scaffold,5,pub_svm,,0.5591011792567413,0.2689739972722512,0.491018316341595,published
230,scaffold,5,pub_xgboost,,0.5223192437250456,0.3285954798363278,0.5866975373882086,published
260,scaffold,1,chemeleon,271.0,0.5109391615042163,0.5506143694850125,0.7338806674143056,fitted
260,scaffold,1,knn,271.0,0.5519948574379763,0.4474739285592457,0.6764743168940751,fitted
260,scaffold,1,lgbm,271.0,0.5662797668411884,0.47103778889651193,0.6769570281109767,fitted
260,scaffold,1,median,271.0,0.8252881514783194,-0.02802937124376581,,fitted
260,scaffold,1,monroe35,271.0,0.5114677379962754,0.5546295966383675,0.7496790386793657,fitted
260,scaffold,1,pub_gnn,,0.6583346128463745,0.2838014960289001,0.6373204602865674,published
260,scaffold,1,pub_knn,,0.5519948594865572,0.4474739249026896,0.6764743168940751,published
260,scaffold,1,pub_mlp,,0.5599059462547302,0.4442157745361328,0.6808225838303172,published
260,scaffold,1,pub_rf,,0.4966027731855166,0.5709209126784326,0.7372602399937633,published
260,scaffold,1,pub_svm,,0.5079812796949169,0.5351851203990521,0.7020303815711322,published
260,scaffold,1,pub_xgboost,,0.4918699095910099,0.5956491110812359,0.7637444136831586,published
260,scaffold,2,chemeleon,270.0,0.44748691424037823,0.7030152297731318,0.8457007108384288,fitted
260,scaffold,2,knn,270.0,0.4881625915363967,0.623843773356046,0.8045508607876033,fitted
260,scaffold,2,lgbm,270.0,0.42276149111033745,0.7417788707559736,0.8618512246064776,fitted
260,scaffold,2,median,270.0,0.9064845286406639,-0.04268974515477564,,fitted
260,scaffold,2,monroe35,270.0,0.4090130281109941,0.7577395278286928,0.8677492818410851,fitted
260,scaffold,2,pub_gnn,,0.5341305136680603,0.5733294486999512,0.766860718883439,published
260,scaffold,2,pub_knn,,0.4881625918604466,0.6238437733031738,0.8045508607876033,published
260,scaffold,2,pub_mlp,,0.4575628638267517,0.6909047365188599,0.842362389277955,published
260,scaffold,2,pub_rf,,0.4760279103662941,0.6907435520293774,0.8465759113863348,published
260,scaffold,2,pub_svm,,0.4256201815628222,0.7416600086457434,0.8679139165245401,published
260,scaffold,2,pub_xgboost,,0.4239773513581626,0.7334682538930932,0.8665040236182125,published
260,scaffold,3,chemeleon,270.0,0.5517180132648092,0.7101319993010167,0.8497808785417906,fitted
260,scaffold,3,knn,270.0,0.6060383123765789,0.5405865064974625,0.7524610438615393,fitted
260,scaffold,3,lgbm,270.0,0.588161763643822,0.6278917192683722,0.8008519168958873,fitted
260,scaffold,3,median,270.0,1.1057490502143767,-0.0013447431658468734,,fitted
260,scaffold,3,monroe35,270.0,0.5322038360366355,0.722058258687652,0.8581576826106219,fitted
260,scaffold,3,pub_gnn,,0.6516109704971313,0.5084859132766724,0.7378260612380125,published
260,scaffold,3,pub_knn,,0.6060383131277737,0.5405865047268428,0.7524610438615393,published
260,scaffold,3,pub_mlp,,0.5924219489097595,0.6580018997192383,0.819474827502711,published
260,scaffold,3,pub_rf,,0.6212842225451328,0.6241068056782592,0.8220679545622662,published
260,scaffold,3,pub_svm,,0.5594753324356776,0.6787696896841511,0.833326322217932,published
260,scaffold,3,pub_xgboost,,0.6043417043283613,0.6586654541864285,0.8234203406593411,published
260,scaffold,4,chemeleon,270.0,0.5420773193273263,0.5294068160160457,0.728586888967446,fitted
260,scaffold,4,knn,270.0,0.6190353850244877,0.40656164645531967,0.6692432213405999,fitted
260,scaffold,4,lgbm,270.0,0.570570534955599,0.4936509664781238,0.6903624144772088,fitted
260,scaffold,4,median,270.0,0.8927288958986432,-0.0024700340122951747,,fitted
260,scaffold,4,monroe35,270.0,0.5226141610188334,0.5645806515283389,0.7370375116187488,fitted
260,scaffold,4,pub_gnn,,0.6743937134742737,0.2779200673103332,0.6451683512686696,published
260,scaffold,4,pub_knn,,0.6190353855355146,0.4065616446886638,0.6692432213405999,published
260,scaffold,4,pub_mlp,,0.7789091467857361,0.0269111990928649,0.615570594916531,published
260,scaffold,4,pub_rf,,0.5745682591045785,0.5268752628321853,0.7145152197785952,published
260,scaffold,4,pub_svm,,0.5390304212690368,0.5800108409393645,0.7501108117306177,published
260,scaffold,4,pub_xgboost,,0.5682836349764563,0.4986128363137632,0.6918245352707729,published
260,scaffold,5,chemeleon,270.0,0.6639349800528083,0.4259059491539924,0.6745216723980271,fitted
260,scaffold,5,knn,270.0,0.6637227506463639,0.36449291471099776,0.686304494730348,fitted
260,scaffold,5,lgbm,270.0,0.6315134394387847,0.49432148852130176,0.7038466340248761,fitted
260,scaffold,5,median,270.0,0.9407430292263534,-0.017198699845160093,,fitted
260,scaffold,5,monroe35,270.0,0.5602629715902485,0.5878107178949961,0.7728364123007279,fitted
260,scaffold,5,pub_gnn,,0.6666586399078369,0.4556506276130676,0.664570487889546,published
260,scaffold,5,pub_knn,,0.6637227521496988,0.3644929128725677,0.686304494730348,published
260,scaffold,5,pub_mlp,,0.602817714214325,0.5202264785766602,0.7299576715531799,published
260,scaffold,5,pub_rf,,0.6854878304184061,0.38453345425275,0.6239243925083784,published
260,scaffold,5,pub_svm,,0.6676358853422173,0.4382977439046043,0.7042392674535898,published
260,scaffold,5,pub_xgboost,,0.6385962747720771,0.4688755075914187,0.6959793331489149,published
262,scaffold,1,chemeleon,200.0,0.6583666544225341,0.2877509560845781,0.6033662185787859,fitted
262,scaffold,1,knn,200.0,0.7126387591250551,0.24194482652754146,0.5482510748777927,fitted
262,scaffold,1,lgbm,200.0,0.692409802307286,0.28680509357629136,0.6028342969644638,fitted
262,scaffold,1,median,200.0,0.8859573794352826,-0.027225438633405874,,fitted
262,scaffold,1,monroe35,200.0,0.6209331911925315,0.4087443943061314,0.6462890481710644,fitted
262,scaffold,1,pub_gnn,,0.8402451872825623,0.0657877326011657,0.4874172762371087,published
262,scaffold,1,pub_knn,,0.712638756922192,0.2419448274778922,0.5482510748777927,published
262,scaffold,1,pub_mlp,,0.7790063619613647,0.0544797778129577,0.4866139919969932,published
262,scaffold,1,pub_rf,,0.6639491015539033,0.3204220212025205,0.5977507292176797,published
262,scaffold,1,pub_svm,,0.6692004175104538,0.356432032913243,0.6473833448156288,published
262,scaffold,1,pub_xgboost,,0.7105778081169302,0.2495665706192698,0.5748147515680697,published
262,scaffold,2,chemeleon,200.0,0.7093705428043865,0.2909318002199527,0.5398240344629243,fitted
262,scaffold,2,knn,200.0,0.7030137000556742,0.2508587766223882,0.49099597273092876,fitted
262,scaffold,2,lgbm,200.0,0.6174267025620226,0.4672994150298512,0.6840139778042945,fitted
262,scaffold,2,median,200.0,0.8820056706892767,-0.003640556364028935,,fitted
262,scaffold,2,monroe35,200.0,0.6312758852006805,0.43172124819704816,0.6493066117424575,fitted
262,scaffold,2,pub_gnn,,0.7322714328765869,0.2459832429885864,0.5122872574385988,published
262,scaffold,2,pub_knn,,0.7030137012213735,0.2508587762493333,0.4909959727309287,published
262,scaffold,2,pub_mlp,,0.6684155464172363,0.2789031863212585,0.5693986559927541,published
262,scaffold,2,pub_rf,,0.6452517246229035,0.3977970385657551,0.6387963743277962,published
262,scaffold,2,pub_svm,,0.6535142661736635,0.3966577712870709,0.6433438352173338,published
262,scaffold,2,pub_xgboost,,0.6542908161686699,0.3246201740371932,0.5880220196554986,published
262,scaffold,3,chemeleon,200.0,0.5372517435432025,0.5955957141221242,0.7328381344588114,fitted
262,scaffold,3,knn,200.0,0.655252298374077,0.428512212411163,0.6592655486279291,fitted
262,scaffold,3,lgbm,200.0,0.6029749428386694,0.5583960797559351,0.7266626066641394,fitted
262,scaffold,3,median,200.0,0.9881802042436992,-0.01008424163895083,,fitted
262,scaffold,3,monroe35,200.0,0.568567636203478,0.5859905689920271,0.7348107303768384,fitted
262,scaffold,3,pub_gnn,,0.7375689148902893,0.3654898405075073,0.622113250430424,published
262,scaffold,3,pub_knn,,0.6552522963506763,0.4285122158714742,0.659258551063451,published
262,scaffold,3,pub_mlp,,0.7099589705467224,0.3245924115180969,0.5616378097952455,published
262,scaffold,3,pub_rf,,0.6140081280684653,0.5542448339882724,0.7226518891497905,published
262,scaffold,3,pub_svm,,0.6203104615494891,0.5429854974292867,0.7025629123176854,published
262,scaffold,3,pub_xgboost,,0.6570507370916662,0.4915168954038561,0.6483221568045433,published
262,scaffold,4,chemeleon,200.0,0.5931303957628885,0.5059686252768326,0.7563951982034448,fitted
262,scaffold,4,knn,200.0,0.749627634067271,0.13354842050875715,0.5839468125362582,fitted
262,scaffold,4,lgbm,200.0,0.5812099397275841,0.5440905005487402,0.7516919925673926,fitted
262,scaffold,4,median,200.0,0.9458629142582091,-0.10412561863502523,,fitted
262,scaffold,4,monroe35,200.0,0.5579287555393597,0.5677985622431172,0.752628507984364,fitted
262,scaffold,4,pub_gnn,,0.7149766683578491,0.3243448138236999,0.6529387236178401,published
262,scaffold,4,pub_knn,,0.7496276340672711,0.1335484205087572,0.5834688913836525,published
262,scaffold,4,pub_mlp,,0.5933416485786438,0.4948422312736511,0.7233957817221829,published
262,scaffold,4,pub_rf,,0.5601980883470076,0.5611008390310412,0.7611969406930017,published
262,scaffold,4,pub_svm,,0.5923942637608642,0.5224421241387502,0.7466319551564964,published
262,scaffold,4,pub_xgboost,,0.5873024419435862,0.5349132293066363,0.7367743650469031,published
262,scaffold,5,chemeleon,200.0,0.5716510456816214,0.443455793040635,0.6677684624820968,fitted
262,scaffold,5,knn,200.0,0.5892200004194854,0.3722182044868404,0.6266498409469781,fitted
262,scaffold,5,lgbm,200.0,0.545157274140213,0.492350471349314,0.7004355808310131,fitted
262,scaffold,5,median,200.0,0.8182963816558271,-0.02138617053823877,,fitted
262,scaffold,5,monroe35,200.0,0.5101943432089527,0.561393203959541,0.7465539820918857,fitted
262,scaffold,5,pub_gnn,,0.764000415802002,0.0966183543205261,0.4168417989914031,published
262,scaffold,5,pub_knn,,0.5892199999581578,0.3722182045811548,0.6266498409469781,published
262,scaffold,5,pub_mlp,,0.5941410064697266,0.4101706147193908,0.6329642554604912,published
262,scaffold,5,pub_rf,,0.543130324582762,0.5267493933203538,0.7318528964351889,published
262,scaffold,5,pub_svm,,0.5487140885690871,0.5076613578888587,0.7024524152862182,published
262,scaffold,5,pub_xgboost,,0.5769333695475088,0.4543112361045389,0.6714603674901873,published
279,scaffold,1,chemeleon,455.0,0.6590446797039459,0.46725545201555274,0.6882338851121662,fitted
279,scaffold,1,knn,455.0,0.6818748106454904,0.36548231218253513,0.6532334165292618,fitted
279,scaffold,1,lgbm,455.0,0.6273773759927616,0.5010083901830479,0.7144883593264564,fitted
279,scaffold,1,median,455.0,1.0203297409138634,-0.11046343976932738,,fitted
279,scaffold,1,monroe35,455.0,0.6411566799979117,0.46630198150841495,0.7065549501430358,fitted
279,scaffold,1,pub_gnn,,0.7564263343811035,0.2894729375839233,0.6175204571966452,published
279,scaffold,1,pub_knn,,0.6818748112436583,0.3654823100250612,0.6532334165292618,published
279,scaffold,1,pub_mlp,,0.7311020493507385,0.3271495103836059,0.6268509152214058,published
279,scaffold,1,pub_rf,,0.6918297945507708,0.4286427016261179,0.6716868138653017,published
279,scaffold,1,pub_svm,,0.6584010541452934,0.4721588687979192,0.6822463740851453,published
279,scaffold,1,pub_xgboost,,0.7204463631384727,0.3826192256879136,0.6205416934840585,published
279,scaffold,2,chemeleon,455.0,0.6799989668048201,0.3341788681186415,0.6527945065602199,fitted
279,scaffold,2,knn,455.0,0.7475786502432418,0.17218392120675174,0.5609541078459116,fitted
279,scaffold,2,lgbm,455.0,0.6772913170545493,0.3571651701079004,0.6226355603555189,fitted
279,scaffold,2,median,455.0,0.8944027417599496,-0.00014287601779128245,,fitted
279,scaffold,2,monroe35,455.0,0.6413351908113565,0.4261970077706866,0.6488690508527588,fitted
279,scaffold,2,pub_gnn,,0.8083277344703674,0.1065693497657775,0.5542717215340703,published
279,scaffold,2,pub_knn,,0.7475786480569658,0.1721839215966429,0.5609541078459116,published
279,scaffold,2,pub_mlp,,0.6583171486854553,0.3948737978935241,0.650995355285478,published
279,scaffold,2,pub_rf,,0.6666003196295925,0.3852954954922872,0.6259917269136741,published
279,scaffold,2,pub_svm,,0.6571252466818925,0.4118145162193731,0.6510900105800175,published
279,scaffold,2,pub_xgboost,,0.6538672649452205,0.3806401413490342,0.6379989795114702,published
279,scaffold,3,chemeleon,455.0,0.5176791614156254,0.5382416548457205,0.7207052370133756,fitted
279,scaffold,3,knn,455.0,0.560934628687572,0.47457718578742314,0.6944856025466011,fitted
279,scaffold,3,lgbm,455.0,0.5804263120149368,0.45752887943354403,0.6665390366292504,fitted
279,scaffold,3,median,455.0,0.8320439961333692,-1.078242135599261e-05,,fitted
279,scaffold,3,monroe35,455.0,0.5280505973148989,0.5840089439994577,0.7463023304400278,fitted
279,scaffold,3,pub_gnn,,0.7263886332511902,0.1795284748077392,0.602542045925072,published
279,scaffold,3,pub_knn,,0.5609346278020855,0.474577185673866,0.6944856025466011,published
279,scaffold,3,pub_mlp,,0.5587265491485596,0.5379847288131714,0.7299647386818264,published
279,scaffold,3,pub_rf,,0.5574629327271283,0.5300296202655365,0.7203182928534497,published
279,scaffold,3,pub_svm,,0.5455148339930913,0.5436483847282589,0.7152752127349816,published
279,scaffold,3,pub_xgboost,,0.5776398557729474,0.4771146580823506,0.6720774975178953,published
279,scaffold,4,chemeleon,454.0,0.6325130985856386,0.5241371457400277,0.715382494195473,fitted
279,scaffold,4,knn,454.0,0.7069916465767099,0.44532396673514607,0.6520719715174224,fitted
279,scaffold,4,lgbm,454.0,0.6453382791575123,0.5167888668656981,0.7148102194908793,fitted
279,scaffold,4,median,454.0,0.9735335207763173,-0.0007336976809031448,,fitted
279,scaffold,4,monroe35,454.0,0.6251901777913654,0.528435685788764,0.7494941702958299,fitted
279,scaffold,4,pub_gnn,,0.6627411246299744,0.4837939143180847,0.6902338903171495,published
279,scaffold,4,pub_knn,,0.7069916466604816,0.4453239672832108,0.6520719715174224,published
279,scaffold,4,pub_mlp,,0.6585286259651184,0.5219975709915161,0.7305347253627404,published
279,scaffold,4,pub_rf,,0.6621035040281981,0.5001708529702871,0.7138363815118244,published
279,scaffold,4,pub_svm,,0.639558879297253,0.5466774316986918,0.7518327059542322,published
279,scaffold,4,pub_xgboost,,0.6915162885480469,0.4513120277401531,0.6521616885385131,published
279,scaffold,5,chemeleon,454.0,0.6789490162287503,0.32187981795312337,0.6057286541053729,fitted
279,scaffold,5,knn,454.0,0.7024857308748541,0.22097486365977625,0.5662297747083898,fitted
279,scaffold,5,lgbm,454.0,0.655708132598654,0.3845797917784515,0.6210836835074793,fitted
279,scaffold,5,median,454.0,0.8865953961967463,-0.012182656508133993,,fitted
279,scaffold,5,monroe35,454.0,0.6331526850965713,0.38513764454236077,0.6117909875147848,fitted
279,scaffold,5,pub_gnn,,0.7168064117431641,0.2470701336860656,0.5753226668530692,published
279,scaffold,5,pub_knn,,0.7024857304030667,0.2209748638693828,0.5662297747083898,published
279,scaffold,5,pub_mlp,,0.6354133486747742,0.4052105545997619,0.6496320486755335,published
279,scaffold,5,pub_rf,,0.6392479652549409,0.4267532722286402,0.6311076383062875,published
279,scaffold,5,pub_svm,,0.6179668090652197,0.4446985576801087,0.6595778610454036,published
279,scaffold,5,pub_xgboost,,0.6233127510843571,0.4402164885218873,0.6479667824262025,published
284,scaffold,1,chemeleon,264.0,0.6031792807164742,0.20909524220320197,0.5889913089602413,fitted
284,scaffold,1,knn,264.0,0.6474582448829701,0.12136795024096492,0.4542140695172044,fitted
284,scaffold,1,lgbm,264.0,0.6600474209093171,0.10584075429656736,0.44823002160130004,fitted
284,scaffold,1,median,264.0,0.7100997111592128,-0.008254627906110645,,fitted
284,scaffold,1,monroe35,264.0,0.5445285097160957,0.31070121330617606,0.5897902737632766,fitted
284,scaffold,1,pub_gnn,,0.6985427737236023,-0.0767387151718139,0.4491392054046044,published
284,scaffold,1,pub_knn,,0.6474582454651052,0.1213679479305384,0.4542066580229376,published
284,scaffold,1,pub_mlp,,0.6061648726463318,0.2066311240196228,0.5349265021171301,published
284,scaffold,1,pub_rf,,0.5849035115776002,0.2893780520358856,0.5304333849513257,published
284,scaffold,1,pub_svm,,0.5773004161792034,0.3060985523031893,0.5688048925224085,published
284,scaffold,1,pub_xgboost,,0.5920986644440892,0.2522889509117668,0.5324401016119419,published
284,scaffold,2,chemeleon,263.0,0.4557349976657865,0.5435556283558858,0.720460239725049,fitted
284,scaffold,2,knn,263.0,0.5073803688674794,0.46710586014136446,0.6531697237852301,fitted
284,scaffold,2,lgbm,263.0,0.5126579068603949,0.45595343319267856,0.6421242114609624,fitted
284,scaffold,2,median,263.0,0.7906314885620958,-0.004333167775548263,,fitted
284,scaffold,2,monroe35,263.0,0.49876138468407266,0.4761667856501358,0.6646919400993238,fitted
284,scaffold,2,pub_gnn,,0.5327050685882568,0.4104360342025757,0.6716913846569419,published
284,scaffold,2,pub_knn,,0.5073803677263699,0.4671058602710783,0.6531697237852301,published
284,scaffold,2,pub_mlp,,0.4682194590568542,0.5428818464279175,0.7062195810013714,published
284,scaffold,2,pub_rf,,0.50095879322653,0.5275990333708649,0.7022114169061744,published
284,scaffold,2,pub_svm,,0.4703084378755905,0.5438028907038548,0.7277176158431052,published
284,scaffold,2,pub_xgboost,,0.523229986740068,0.4898232061425029,0.6650518901403236,published
284,scaffold,3,chemeleon,263.0,0.49272869347033055,0.48571574703095377,0.6952897582586619,fitted
284,scaffold,3,knn,263.0,0.5552579584264775,0.3442058173295104,0.6006697613132852,fitted
284,scaffold,3,lgbm,263.0,0.5614500399594627,0.3990005207605629,0.6111112119332424,fitted
284,scaffold,3,median,263.0,0.7531423243402655,-0.012622802521373488,,fitted
284,scaffold,3,monroe35,263.0,0.515989783104059,0.47058618356575743,0.6421261486261164,fitted
284,scaffold,3,pub_gnn,,0.683086097240448,0.0654596090316772,0.4592247024742459,published
284,scaffold,3,pub_knn,,0.5552579574913761,0.3442058199689768,0.6006697613132852,published
284,scaffold,3,pub_mlp,,0.5361270904541016,0.4207164049148559,0.6777211581762864,published
284,scaffold,3,pub_rf,,0.5110654300815217,0.4731058579617866,0.6409212655678057,published
284,scaffold,3,pub_svm,,0.509568772599223,0.4844785728827609,0.6777650260784914,published
284,scaffold,3,pub_xgboost,,0.550016595622643,0.383006494455848,0.597300408917205,published
284,scaffold,4,chemeleon,263.0,0.5721978902419363,0.36954118944479963,0.651610701976523,fitted
284,scaffold,4,knn,263.0,0.6022986776690581,0.30330624880626345,0.5742469608771489,fitted
284,scaffold,4,lgbm,263.0,0.6128373173313362,0.28794130474153157,0.5804482752293595,fitted
284,scaffold,4,median,263.0,0.8049022126935615,-0.017118048916974438,,fitted
284,scaffold,4,monroe35,263.0,0.5179104821781607,0.49033824938794346,0.7216522730131486,fitted
284,scaffold,4,pub_gnn,,0.6427606344223022,0.2598228454589844,0.5841085468879977,published
284,scaffold,4,pub_knn,,0.6022986774101614,0.3033062476703364,0.5742469608771489,published
284,scaffold,4,pub_mlp,,0.650039792060852,0.2366732358932495,0.5355835702088694,published
284,scaffold,4,pub_rf,,0.5536221741101188,0.4437185083457668,0.7023195301938214,published
284,scaffold,4,pub_svm,,0.5714026628640724,0.4157434132853398,0.6659586164774141,published
284,scaffold,4,pub_xgboost,,0.6006181879027636,0.3361235320483592,0.6002303253931598,published
284,scaffold,5,chemeleon,263.0,0.551595894967131,0.49242293602014,0.7427332660990329,fitted
284,scaffold,5,knn,263.0,0.6044011015677049,0.3369461992194741,0.6584810643387882,fitted
284,scaffold,5,lgbm,263.0,0.5562480080890866,0.4959888962116692,0.7263420358226584,fitted
284,scaffold,5,median,263.0,0.8683477609822556,-0.022826232245749756,,fitted
284,scaffold,5,monroe35,263.0,0.609013296701455,0.3675558273195365,0.6546872540060977,fitted
284,scaffold,5,pub_gnn,,0.7283462285995483,0.1311306953430175,0.5057087139198743,published
284,scaffold,5,pub_knn,,0.6044011014191077,0.3369461983481374,0.6584810643387882,published
284,scaffold,5,pub_mlp,,0.5560205578804016,0.485562264919281,0.7244069349001161,published
284,scaffold,5,pub_rf,,0.5682787560075161,0.4515238673064249,0.7053173638899201,published
284,scaffold,5,pub_svm,,0.5555410795649007,0.4767993982688984,0.7221465708436353,published
284,scaffold,5,pub_xgboost,,0.5864583741356503,0.4195967439158016,0.6853349276380937,published
1865,scaffold,1,chemeleon,207.0,0.6394347738107272,0.25794736897117954,0.6405707335829549,fitted
1865,scaffold,1,knn,207.0,0.6884404763949283,0.10693097568298437,0.5508592531174186,fitted
1865,scaffold,1,lgbm,207.0,0.633333433090501,0.29393686178388156,0.5977376406185438,fitted
1865,scaffold,1,median,207.0,0.838284072864043,-0.0994847657761484,,fitted
1865,scaffold,1,monroe35,207.0,0.556875230399205,0.4368888005711158,0.6874556059818095,fitted
1865,scaffold,1,pub_gnn,,0.8750905394554138,-0.7885129451751709,0.4367787866689035,published
1865,scaffold,1,pub_knn,,0.6884404762440408,0.1069309754126058,0.5508592531174186,published
1865,scaffold,1,pub_mlp,,0.6199840307235718,0.3228012323379516,0.6480240070848089,published
1865,scaffold,1,pub_rf,,0.6187567743491096,0.3214241035801849,0.6064838288367753,published
1865,scaffold,1,pub_svm,,0.588887768006051,0.3737296551322434,0.6517121980076549,published
1865,scaffold,1,pub_xgboost,,0.6184525395306335,0.3014077452635931,0.5863559459053079,published
1865,scaffold,2,chemeleon,207.0,0.6058063860663303,0.33693166400607444,0.5708965649622341,fitted
1865,scaffold,2,knn,207.0,0.6009115713794475,0.2626031991744132,0.5587186145110683,fitted
1865,scaffold,2,lgbm,207.0,0.6229603142695674,0.32651744193345944,0.5859131625056319,fitted
1865,scaffold,2,median,207.0,0.8085166311131026,-0.0014591458161115067,,fitted
1865,scaffold,2,monroe35,207.0,0.5753750686588153,0.37481424752448345,0.6356158138574891,fitted
1865,scaffold,2,pub_gnn,,0.7073128819465637,0.1534460186958313,0.4692453345243058,published
1865,scaffold,2,pub_knn,,0.6009115718778831,0.2626031991113017,0.5587186145110683,published
1865,scaffold,2,pub_mlp,,0.644435703754425,0.2614821791648865,0.4947406625236389,published
1865,scaffold,2,pub_rf,,0.5885769314665547,0.3939995602123906,0.6023776441107968,published
1865,scaffold,2,pub_svm,,0.5992937797934363,0.3874829781692982,0.5920727385064605,published
1865,scaffold,2,pub_xgboost,,0.659365082776367,0.2518454293091824,0.4934690364488248,published
1865,scaffold,3,chemeleon,207.0,0.5534754725964696,0.3819824570664897,0.6620074659008266,fitted
1865,scaffold,3,knn,207.0,0.5809202534397384,0.3545111938245803,0.6511697051778848,fitted
1865,scaffold,3,lgbm,207.0,0.592849578620203,0.38434794433603514,0.6848781849193115,fitted
1865,scaffold,3,median,207.0,0.7881782963423668,-0.004193177258240199,,fitted
1865,scaffold,3,monroe35,207.0,0.5356829830606072,0.3899835347629912,0.6740861658557202,fitted
1865,scaffold,3,pub_gnn,,0.751071035861969,0.095376968383789,0.3453220644748316,published
1865,scaffold,3,pub_knn,,0.5809202542278804,0.3545111923473575,0.6511697051778848,published
1865,scaffold,3,pub_mlp,,0.6203713417053223,0.2192885875701904,0.5471268287957124,published
1865,scaffold,3,pub_rf,,0.5607893717079253,0.4396871594263997,0.7183099117119817,published
1865,scaffold,3,pub_svm,,0.5865349159038418,0.3776173576568635,0.6683281261939903,published
1865,scaffold,3,pub_xgboost,,0.5847873296993954,0.4230501215277916,0.6722399351321411,published
1865,scaffold,4,chemeleon,207.0,0.4879928448255776,0.5468497613242045,0.7283528900885823,fitted
1865,scaffold,4,knn,207.0,0.5722554317438444,0.3590992682746412,0.6514086401098458,fitted
1865,scaffold,4,lgbm,207.0,0.5476189337234081,0.4703964658510602,0.7054579575134975,fitted
1865,scaffold,4,median,207.0,0.8117070434799437,-0.0007280978346151379,,fitted
1865,scaffold,4,monroe35,207.0,0.5532911899023248,0.48003276303159936,0.6967515510479105,fitted
1865,scaffold,4,pub_gnn,,0.6197152733802795,0.3515595197677612,0.5814507027490897,published
1865,scaffold,4,pub_knn,,0.5722554317659478,0.3590992690250979,0.6514086401098458,published
1865,scaffold,4,pub_mlp,,0.547767162322998,0.4478853344917297,0.6894522021415771,published
1865,scaffold,4,pub_rf,,0.4977595883523291,0.5622807263335123,0.7719941267681124,published
1865,scaffold,4,pub_svm,,0.5153893930214052,0.5138723501143803,0.7484658053444276,published
1865,scaffold,4,pub_xgboost,,0.5417127992197358,0.4881691647661955,0.7145940007873521,published
1865,scaffold,5,chemeleon,206.0,0.5004489816585507,0.5427806949278704,0.7472490439620199,fitted
1865,scaffold,5,knn,206.0,0.5445909702440347,0.43295636494695044,0.6928137751575253,fitted
1865,scaffold,5,lgbm,206.0,0.5245167369136948,0.5076554266410567,0.7245242380935611,fitted
1865,scaffold,5,median,206.0,0.7786217505945443,-0.002696307425637867,,fitted
1865,scaffold,5,monroe35,206.0,0.505686424014143,0.5437339609396143,0.748575831444697,fitted
1865,scaffold,5,pub_gnn,,0.6694165468215942,0.1485300660133361,0.5944309932994695,published
1865,scaffold,5,pub_knn,,0.5445909706875098,0.4329563639754515,0.6928137751575253,published
1865,scaffold,5,pub_mlp,,0.5615922212600708,0.4433007836341858,0.6919017444898364,published
1865,scaffold,5,pub_rf,,0.5345025642402251,0.4958645787419403,0.7388976137907535,published
1865,scaffold,5,pub_svm,,0.5237672602595229,0.5012859044227443,0.7276840320186981,published
1865,scaffold,5,pub_xgboost,,0.5601637405551345,0.4377725383284664,0.680073732313923,published
2409,scaffold,1,chemeleon,246.0,0.6032974490093103,0.5669357830263142,0.7572756463203568,fitted
2409,scaffold,1,knn,246.0,0.7652510793694401,0.32128549641423443,0.6047858710845996,fitted
2409,scaffold,1,lgbm,246.0,0.6472066334801359,0.5430831154653184,0.71610942783917,fitted
2409,scaffold,1,median,246.0,1.0099523168309974,-0.05952966146434657,,fitted
2409,scaffold,1,monroe35,246.0,0.534750428983352,0.6623448549795592,0.8016956556198654,fitted
2409,scaffold,1,pub_gnn,,0.753911554813385,0.3349810838699341,0.7177679048659443,published
2409,scaffold,1,pub_knn,,0.7652510813274379,0.3212854942520728,0.6047858710845996,published
2409,scaffold,1,pub_mlp,,0.6942870616912842,0.3983402848243713,0.6655963715712737,published
2409,scaffold,1,pub_rf,,0.6833258671293224,0.5031787505307561,0.7473575973668465,published
2409,scaffold,1,pub_svm,,0.6539403387153754,0.4736333891340578,0.703411603574504,published
2409,scaffold,1,pub_xgboost,,0.6588521279064543,0.503856424776655,0.6974772795807179,published
2409,scaffold,2,chemeleon,246.0,0.6064623504293046,0.4207084498058574,0.6728612491715082,fitted
2409,scaffold,2,knn,246.0,0.6756483207199999,0.30184898393376236,0.5646895350488589,fitted
2409,scaffold,2,lgbm,246.0,0.6035423533293781,0.4376360495795294,0.6575914258020513,fitted
2409,scaffold,2,median,246.0,0.8672512542591448,-0.009880365811904435,,fitted
2409,scaffold,2,monroe35,246.0,0.5373782544843672,0.5498791018768072,0.7377534173621478,fitted
2409,scaffold,2,pub_gnn,,0.7586310505867004,0.1594515442848205,0.4387835098564579,published
2409,scaffold,2,pub_knn,,0.6756483193397376,0.3018489877592512,0.5646895350488589,published
2409,scaffold,2,pub_mlp,,0.6050751805305481,0.4590442180633545,0.6905595085043604,published
2409,scaffold,2,pub_rf,,0.6410278285533848,0.3900428626732981,0.6667452631903849,published
2409,scaffold,2,pub_svm,,0.6063688727997264,0.4629326468722265,0.682375033762339,published
2409,scaffold,2,pub_xgboost,,0.6110380795979937,0.4299197513235399,0.6513085996315009,published
2409,scaffold,3,chemeleon,245.0,0.623639950101087,0.47561888278694897,0.6845423479049811,fitted
2409,scaffold,3,knn,245.0,0.7005246397855424,0.3033634959017235,0.5318306849346277,fitted
2409,scaffold,3,lgbm,245.0,0.6536787820103652,0.3980599103487651,0.6350782306122889,fitted
2409,scaffold,3,median,245.0,0.9145421609469607,-0.0012840662727002794,,fitted
2409,scaffold,3,monroe35,245.0,0.5527732085862749,0.5429817465803528,0.7345351157625897,fitted
2409,scaffold,3,pub_gnn,,0.816652238368988,0.1654387712478637,0.5459014071973207,published
2409,scaffold,3,pub_knn,,0.7005246384962259,0.3033634976876267,0.5318306849346277,published
2409,scaffold,3,pub_mlp,,0.7504962086677551,0.2176575064659118,0.5244420887948833,published
2409,scaffold,3,pub_rf,,0.7249891950999533,0.3281690838231247,0.5841463740757429,published
2409,scaffold,3,pub_svm,,0.6860414745593213,0.3316776877179005,0.5878270427623412,published
2409,scaffold,3,pub_xgboost,,0.7196197786041578,0.3192689777337677,0.5977925878293886,published
2409,scaffold,4,chemeleon,245.0,0.7069953509618101,0.38633042062112966,0.6533356440752736,fitted
2409,scaffold,4,knn,245.0,0.7820835914868627,0.17903055453061878,0.5083008228522548,fitted
2409,scaffold,4,lgbm,245.0,0.7113040034489013,0.37043611319309055,0.6174667123719566,fitted
2409,scaffold,4,median,245.0,0.9715431959299422,-0.01833414328905869,,fitted
2409,scaffold,4,monroe35,245.0,0.6636912682229227,0.4019266354318588,0.6496466814350691,fitted
2409,scaffold,4,pub_gnn,,0.8398223519325256,0.2002941966056823,0.4890007433874936,published
2409,scaffold,4,pub_knn,,0.7820835951167192,0.1790305499964805,0.5083008228522548,published
2409,scaffold,4,pub_mlp,,0.7547813057899475,0.1970487833023071,0.5462028292024094,published
2409,scaffold,4,pub_rf,,0.735284591116387,0.3644230749731338,0.619494913970322,published
2409,scaffold,4,pub_svm,,0.6901965182201867,0.4262188472667887,0.6587967978235219,published
2409,scaffold,4,pub_xgboost,,0.6740512931267526,0.4322863350874931,0.6620610722207598,published
2409,scaffold,5,chemeleon,245.0,0.6090987360165746,0.5626689504702758,0.7134397116309089,fitted
2409,scaffold,5,knn,245.0,0.6882695073956345,0.4248603583128274,0.6206861172240594,fitted
2409,scaffold,5,lgbm,245.0,0.6335717732566462,0.5043527431395316,0.687949343724664,fitted
2409,scaffold,5,median,245.0,0.9516468375784323,-0.0075360802388726444,,fitted
2409,scaffold,5,monroe35,245.0,0.5397285074003331,0.6328080133168807,0.7764262444231744,fitted
2409,scaffold,5,pub_gnn,,0.7112324237823486,0.3782268762588501,0.5935648154764996,published
2409,scaffold,5,pub_knn,,0.6882695089757843,0.4248603563797022,0.6206861172240594,published
2409,scaffold,5,pub_mlp,,0.7283416390419006,0.3617591857910156,0.6339496813639094,published
2409,scaffold,5,pub_rf,,0.7091483199179743,0.4134343903129663,0.6452768352076813,published
2409,scaffold,5,pub_svm,,0.6370509010133278,0.5125733332711359,0.6942772425283192,published
2409,scaffold,5,pub_xgboost,,0.6688448052440649,0.473905994997188,0.6638451571816399,published
4005,scaffold,1,chemeleon,253.0,0.4764110214965888,0.6635911312899401,0.8114450582669945,fitted
4005,scaffold,1,knn,253.0,0.6195615011709155,0.4742980242128506,0.7065410159367096,fitted
4005,scaffold,1,lgbm,253.0,0.5825876314819047,0.5341655959369686,0.730531554135933,fitted
4005,scaffold,1,median,253.0,0.9186035109532616,-0.02703087549915484,,fitted
4005,scaffold,1,monroe35,253.0,0.5168584173491506,0.615654143354786,0.7766205848726394,fitted
4005,scaffold,1,pub_gnn,,0.6873242259025574,0.3281655311584472,0.6197066727024471,published
4005,scaffold,1,pub_knn,,0.6195615024683251,0.4742980235386355,0.7065410159367096,published
4005,scaffold,1,pub_mlp,,0.5714293718338013,0.5396666526794434,0.7611124121053862,published
4005,scaffold,1,pub_rf,,0.5319934272936565,0.5992812495366648,0.7927838238060935,published
4005,scaffold,1,pub_svm,,0.5593481670715026,0.5732589257614569,0.7723500573660607,published
4005,scaffold,1,pub_xgboost,,0.5542524256144842,0.5734185938013009,0.7496589422510824,published
4005,scaffold,2,chemeleon,253.0,0.4227312478608532,0.7244049451490675,0.8394296815808411,fitted
4005,scaffold,2,knn,253.0,0.4709876861048101,0.669487310023587,0.8105820502614113,fitted
4005,scaffold,2,lgbm,253.0,0.43935630932642283,0.7108162793765884,0.851715377559584,fitted
4005,scaffold,2,median,253.0,0.8957212285411038,-0.0043315485454431535,,fitted
4005,scaffold,2,monroe35,253.0,0.44849684927333155,0.6963150803615165,0.8211841744006358,fitted
4005,scaffold,2,pub_gnn,,0.5437260270118713,0.5539154410362244,0.7837279559258448,published
4005,scaffold,2,pub_knn,,0.4709876859727089,0.6694873102779084,0.8105820502614113,published
4005,scaffold,2,pub_mlp,,0.5593550205230713,0.5440616607666016,0.7939435577061068,published
4005,scaffold,2,pub_rf,,0.4956927044634081,0.6601462488192278,0.8117759352941684,published
4005,scaffold,2,pub_svm,,0.4659944486124582,0.6903855452563064,0.8250394330609537,published
4005,scaffold,2,pub_xgboost,,0.4826720154664425,0.6706918088113534,0.8195311851957721,published
4005,scaffold,3,chemeleon,252.0,0.512452493475429,0.6469489391546415,0.7840240204076004,fitted
4005,scaffold,3,knn,252.0,0.5470615513323979,0.5256244186546299,0.7000578537147356,fitted
4005,scaffold,3,lgbm,252.0,0.5389893504514586,0.6081894024101447,0.7270932834691861,fitted
4005,scaffold,3,median,252.0,0.9275266743010979,-0.06847553970901021,,fitted
4005,scaffold,3,monroe35,252.0,0.5093196477783891,0.64312464086441,0.7610704446006951,fitted
4005,scaffold,3,pub_gnn,,0.5998059511184692,0.5230038166046143,0.6929438536642388,published
4005,scaffold,3,pub_knn,,0.5470615517446362,0.525624417544769,0.7000358633448256,published
4005,scaffold,3,pub_mlp,,0.5113717317581177,0.628384530544281,0.7406833469525029,published
4005,scaffold,3,pub_rf,,0.5413033334664122,0.6089933439707355,0.7493805021562302,published
4005,scaffold,3,pub_svm,,0.5020778020112326,0.6506539931019919,0.7701316685103553,published
4005,scaffold,3,pub_xgboost,,0.5342054489963056,0.6172469008702535,0.723757714075858,published
4005,scaffold,4,chemeleon,252.0,0.5578945160107424,0.58703827445006,0.7537231031141101,fitted
4005,scaffold,4,knn,252.0,0.6182757588035079,0.4357417935884693,0.662579247432096,fitted
4005,scaffold,4,lgbm,252.0,0.5653972985863742,0.5520983477909028,0.7590274440312709,fitted
4005,scaffold,4,median,252.0,0.9167351395961382,-0.0059882081120239405,,fitted
4005,scaffold,4,monroe35,252.0,0.5166181757261542,0.6397277036885691,0.8021201601150175,fitted
4005,scaffold,4,pub_gnn,,0.728181779384613,0.3251470327377319,0.5713423344049701,published
4005,scaffold,4,pub_knn,,0.6182757600614465,0.435741791513608,0.662579247432096,published
4005,scaffold,4,pub_mlp,,0.6228622198104858,0.4677505493164062,0.6919800469653686,published
4005,scaffold,4,pub_rf,,0.5824489662876032,0.5332586097984245,0.746945686887763,published
4005,scaffold,4,pub_svm,,0.5665134384579589,0.5509239537121593,0.7413994799944503,published
4005,scaffold,4,pub_xgboost,,0.6017262632391855,0.5188094771302283,0.736624912756792,published
4005,scaffold,5,chemeleon,252.0,0.6123026055488647,0.4317430796658942,0.5998536605536096,fitted
4005,scaffold,5,knn,252.0,0.5969793350740076,0.42239278732264074,0.6131569885316154,fitted
4005,scaffold,5,lgbm,252.0,0.6716136528724186,0.27982950015518915,0.5150176101060004,fitted
4005,scaffold,5,median,252.0,0.9052729678252283,-0.002387509528516407,,fitted
4005,scaffold,5,monroe35,252.0,0.5467865775478241,0.4878739232865469,0.6264216127276849,fitted
4005,scaffold,5,pub_gnn,,0.7486840486526489,0.2366300821304321,0.6068459373299447,published
4005,scaffold,5,pub_knn,,0.5969793348536457,0.422392787746394,0.6131569885316154,published
4005,scaffold,5,pub_mlp,,0.6356189846992493,0.3687920570373535,0.6106065966718205,published
4005,scaffold,5,pub_rf,,0.5604605225212568,0.4961202084105478,0.6078455303314843,published
4005,scaffold,5,pub_svm,,0.5584559132014983,0.4874331271709666,0.6225964635147421,published
4005,scaffold,5,pub_xgboost,,0.6685491408161864,0.2827421137241003,0.5145054405485725,published
4822,scaffold,1,chemeleon,224.0,0.4804230040405305,0.590395729971332,0.805400440494126,fitted
4822,scaffold,1,knn,224.0,0.5151705940744795,0.5331153354475897,0.7045513422140596,fitted
4822,scaffold,1,lgbm,224.0,0.48495596834020693,0.6060113671165384,0.7892708779858025,fitted
4822,scaffold,1,median,224.0,0.8419210453247682,-0.026609958689232327,,fitted
4822,scaffold,1,monroe35,224.0,0.4375882142187745,0.6857113255719975,0.8280241683491931,fitted
4822,scaffold,1,pub_gnn,,0.6326514482498169,0.2980993390083313,0.7149343593111243,published
4822,scaffold,1,pub_knn,,0.5151705949696858,0.5331153340356652,0.7045687726498774,published
4822,scaffold,1,pub_mlp,,0.4946455061435699,0.5848467946052551,0.7517826058975791,published
4822,scaffold,1,pub_rf,,0.4771919601238442,0.6207426781455104,0.783108202450534,published
4822,scaffold,1,pub_svm,,0.4767545847719524,0.6504578443614746,0.8083902428773325,published
4822,scaffold,1,pub_xgboost,,0.5352130624436023,0.5565526651014752,0.7714630639555046,published
4822,scaffold,2,chemeleon,223.0,0.5015401136882515,0.7164473278246601,0.8589828844798365,fitted
4822,scaffold,2,knn,223.0,0.4894500349449736,0.7194552322897732,0.8376111362623819,fitted
4822,scaffold,2,lgbm,223.0,0.5151129440527963,0.7237937706289114,0.8492205181266828,fitted
4822,scaffold,2,median,223.0,1.0338089136196875,-0.018350867705093643,,fitted
4822,scaffold,2,monroe35,223.0,0.45647392533732145,0.7711585692704309,0.8718592871408058,fitted
4822,scaffold,2,pub_gnn,,0.520989716053009,0.7039307355880737,0.8568548530626756,published
4822,scaffold,2,pub_knn,,0.4894500369082541,0.7194552313136482,0.8376111362623819,published
4822,scaffold,2,pub_mlp,,0.5042727589607239,0.7222539186477661,0.8485850861403045,published
4822,scaffold,2,pub_rf,,0.5018910833949888,0.7201098117748785,0.8493111625657702,published
4822,scaffold,2,pub_svm,,0.5126016443634087,0.7268811440604861,0.8526317556736326,published
4822,scaffold,2,pub_xgboost,,0.4928663273308746,0.7279212735589324,0.8484594095223283,published
4822,scaffold,3,chemeleon,223.0,0.4788320281296591,0.6848476696688486,0.8135972703043685,fitted
4822,scaffold,3,knn,223.0,0.49366371552753,0.6464150282008285,0.7931333470953643,fitted
4822,scaffold,3,lgbm,223.0,0.49619719761066455,0.6851276367500372,0.7990762331842366,fitted
4822,scaffold,3,median,223.0,0.9612877073798002,-0.013964678502007555,,fitted
4822,scaffold,3,monroe35,223.0,0.4298047744541501,0.7580943143575325,0.8581899795730621,fitted
4822,scaffold,3,pub_gnn,,0.5709893703460693,0.5539793372154236,0.7395655598878352,published
4822,scaffold,3,pub_knn,,0.4936637165665605,0.6464150266500436,0.7931501761986979,published
4822,scaffold,3,pub_mlp,,0.5208511352539062,0.6207699775695801,0.7821330494080247,published
4822,scaffold,3,pub_rf,,0.4733942345466192,0.7031329818659162,0.8260245337784919,published
4822,scaffold,3,pub_svm,,0.4696247324131891,0.7119554587544661,0.8289885075381248,published
4822,scaffold,3,pub_xgboost,,0.4780278338883322,0.6951006195956546,0.8138653194335497,published
4822,scaffold,4,chemeleon,223.0,0.41856535943757855,0.7560556740300279,0.8311283074625102,fitted
4822,scaffold,4,knn,223.0,0.5651557852867011,0.5281369131890725,0.699941643431649,fitted
4822,scaffold,4,lgbm,223.0,0.4671161553427007,0.6978888461095034,0.80597845912164,fitted
4822,scaffold,4,median,223.0,1.0617911113071008,-0.18646789225203952,,fitted
4822,scaffold,4,monroe35,223.0,0.4062181650363985,0.7695822243172443,0.836366912333994,fitted
4822,scaffold,4,pub_gnn,,0.5589975118637085,0.5354071855545044,0.7384317299173406,published
4822,scaffold,4,pub_knn,,0.5651557852867011,0.5281369131890725,0.6996370322072147,published
4822,scaffold,4,pub_mlp,,0.5178688168525696,0.6184051036834717,0.7410932355321752,published
4822,scaffold,4,pub_rf,,0.488972267178164,0.6932867746175508,0.7890570344319361,published
4822,scaffold,4,pub_svm,,0.4634184717903067,0.7251430775899842,0.7844618716475342,published
4822,scaffold,4,pub_xgboost,,0.4545939187748236,0.7120021681572068,0.8034955054183516,published
4822,scaffold,5,chemeleon,223.0,0.45606119295956016,0.7653070390838593,0.883527298837114,fitted
4822,scaffold,5,knn,223.0,0.5465352689041697,0.7161523709137808,0.8349117189465879,fitted
4822,scaffold,5,lgbm,223.0,0.5560206731011804,0.7072065857994814,0.8275555151797596,fitted
4822,scaffold,5,median,223.0,1.1742063924324175,-0.050727057601388514,,fitted
4822,scaffold,5,monroe35,223.0,0.4414798503550631,0.8042058880905361,0.8850737138799654,fitted
4822,scaffold,5,pub_gnn,,0.6999996900558472,0.5450966954231262,0.7691698356107195,published
4822,scaffold,5,pub_knn,,0.5465352688464327,0.7161523701328388,0.8349117189465879,published
4822,scaffold,5,pub_mlp,,0.5319536328315735,0.677968442440033,0.8322402112752835,published
4822,scaffold,5,pub_rf,,0.5334211200627195,0.7381192031784014,0.8559867182681522,published
4822,scaffold,5,pub_svm,,0.4893169120888155,0.7771614662183299,0.8794004592528497,published
4822,scaffold,5,pub_xgboost,,0.4539063841200941,0.7893838065898121,0.881381872878336,published
220,time,1,chemeleon,1244.0,0.9432660497798071,-0.20427681090004945,0.2264740633509632,fitted
220,time,1,knn,1244.0,1.2748906460515097,-1.002330716860123,0.11209447015878024,fitted
220,time,1,lgbm,1244.0,0.9728441429477827,-0.24031698498104292,0.21407146915970118,fitted
220,time,1,median,1244.0,1.0279787313593702,-0.17485683152588405,,fitted
220,time,1,monroe35,1244.0,0.9418602666092162,-0.1221108558515207,0.22083439095800592,fitted
220,time,1,pub_gnn,,1.0086675882339478,-0.1818529367446899,0.1733365586971968,published
220,time,1,pub_knn,,1.274890646295146,-1.0023307167777222,0.1121141529603404,published
220,time,1,pub_mlp,,1.0184286832809448,-0.2447617053985595,0.2187838741338589,published
220,time,1,pub_rf,,1.0130275644669968,-0.2214801638932195,0.1247285156648461,published
220,time,1,pub_svm,,0.9449231876150572,-0.1108361127223875,0.1701473935037563,published
220,time,1,pub_xgboost,,0.977792999157898,-0.24391254519411,0.2089598472612427,published
220,time,2,chemeleon,1048.0,0.8136168376834211,0.003345845012833304,0.3253716637354748,fitted
220,time,2,knn,1048.0,1.1747374653852198,-0.7987834855457348,0.1305350920328075,fitted
220,time,2,lgbm,1048.0,0.9180933530235097,-0.252532070662443,0.23112006434765922,fitted
220,time,2,median,1048.0,0.9662876806544436,-0.11915441106106739,,fitted
220,time,2,monroe35,1048.0,0.8934630332623698,-0.15526293429750537,0.2959642601358526,fitted
220,time,2,pub_gnn,,1.037031888961792,-0.3925261497497558,0.2035341260207578,published
220,time,2,pub_knn,,1.1747374652315334,-0.7987834852607116,0.1305337699124844,published
220,time,2,pub_mlp,,0.9012343287467957,-0.1362097263336181,0.170528063130459,published
220,time,2,pub_rf,,0.9331511255208286,-0.1530079093068657,0.1901665964828514,published
220,time,2,pub_svm,,0.893736796662754,-0.0685430358590639,0.2284065009665963,published
220,time,2,pub_xgboost,,0.9980438027537618,-0.3847823747166023,0.1195254750374532,published
220,time,3,chemeleon,853.0,0.8454004551468892,-0.09035996120154421,0.2957556072815097,fitted
220,time,3,knn,853.0,1.0379699787917487,-0.3394723626438978,0.13551779821124185,fitted
220,time,3,lgbm,853.0,0.8419043523482687,-0.10592596598402593,0.24682539027821956,fitted
220,time,3,median,853.0,0.9027203922753589,-0.01413545032951502,,fitted
220,time,3,monroe35,853.0,0.7954049441677632,0.004254952970771275,0.32994586024404043,fitted
220,time,3,pub_gnn,,0.9463089108467102,-0.2056885957717895,0.193464437945262,published
220,time,3,pub_knn,,1.0379699787465693,-0.3394723630765095,0.1355177982112418,published
220,time,3,pub_mlp,,0.8964884281158447,-0.1322393417358398,0.1764274304393111,published
220,time,3,pub_rf,,0.8465247358715943,0.0232830736905398,0.1740681848080566,published
220,time,3,pub_svm,,0.8202645826777517,0.0533055482936414,0.2756991874817847,published
220,time,3,pub_xgboost,,0.8966823032519128,-0.1078628176811677,0.1311349904537321,published
220,time,4,chemeleon,527.0,0.7973835583523154,0.03228066975880162,0.34456053696575883,fitted
220,time,4,knn,527.0,1.0770163896589713,-0.4515389775492058,0.12786739003668843,fitted
220,time,4,lgbm,527.0,0.8744510823151616,-0.04731082282090204,0.304468090752455,fitted
220,time,4,median,527.0,0.9095601248279277,-0.0011388791879010096,,fitted
220,time,4,monroe35,527.0,0.8031488684561202,0.0567632607387063,0.3283026287142458,fitted
220,time,4,pub_gnn,,0.9395661950111388,-0.1153616905212402,0.1976930023574808,published
220,time,4,pub_knn,,1.0770163895709544,-0.4515389774581495,0.1279390197769624,published
220,time,4,pub_mlp,,0.8406450152397156,0.0745266079902648,0.3618824245046483,published
220,time,4,pub_rf,,0.8238325611223177,0.1249927524046726,0.3746725862180784,published
220,time,4,pub_svm,,0.8528095839615647,0.0990734103536309,0.3130156019605415,published
220,time,4,pub_xgboost,,0.8270175166831263,0.0546999350922888,0.3252189173636565,published
220,time,5,chemeleon,119.0,0.5639553194648416,0.2645769335883835,0.3835933007581497,fitted
220,time,5,knn,119.0,0.8795479270546406,-0.9313560136356185,0.19213485546743655,fitted
220,time,5,lgbm,119.0,0.5443595174509624,0.24093765037532922,0.3928121879049453,fitted
220,time,5,median,119.0,0.7298462787002994,-0.008307073819029176,,fitted
220,time,5,monroe35,119.0,0.5356014380657832,0.3736518357902774,0.4257067724789499,fitted
220,time,5,pub_gnn,,0.60038822889328,0.1591913104057312,0.331474007143763,published
220,time,5,pub_knn,,0.8795479269152474,-0.931356014964285,0.1921348554674365,published
220,time,5,pub_mlp,,0.6217093467712402,0.09583181142807,0.2408575884701596,published
220,time,5,pub_rf,,0.6351895398687533,0.2276140289825021,0.1932671969930424,published
220,time,5,pub_svm,,0.5779474763406405,0.3636793130150078,0.4219930635206254,published
220,time,5,pub_xgboost,,0.5778782864309127,0.1169445372098799,0.3298781486593051,published
230,time,1,chemeleon,888.0,0.7504164549216217,-0.49976162779441213,0.09572920725745863,fitted
230,time,1,knn,888.0,0.8845974915233495,-0.9596471505306372,0.0602189007559346,fitted
230,time,1,lgbm,888.0,0.7191279339844349,-0.3724532940349643,0.009973967803444775,fitted
230,time,1,median,888.0,0.7606360163171387,-0.4235283758426962,,fitted
230,time,1,monroe35,888.0,0.7125229658586374,-0.2627724992328404,0.04975154689261949,fitted
230,time,1,pub_gnn,,0.9362900257110596,-1.347630500793457,0.0417683766820355,published
230,time,1,pub_knn,,0.8845974915509003,-0.9596471510516704,0.060216372960445,published
230,time,1,pub_mlp,,0.750098705291748,-0.4563843011856079,-0.0312251502250319,published
230,time,1,pub_rf,,0.7221484158094913,-0.2629056641221179,0.0030936656897184,published
230,time,1,pub_svm,,0.712896958256992,-0.2221664919724211,-0.0087641871282291,published
230,time,1,pub_xgboost,,0.8133772809653055,-0.778481375176336,0.0188786154009137,published
230,time,2,chemeleon,811.0,0.779668669783363,-0.713480771787224,0.13023025110589834,fitted
230,time,2,knn,811.0,0.8960301178238472,-1.2019085674699586,0.0747420489222516,fitted
230,time,2,lgbm,811.0,0.7367044686200811,-0.47560148650279976,-0.032610383858124654,fitted
230,time,2,median,811.0,0.6925254921316566,-0.21917379327504705,,fitted
230,time,2,monroe35,811.0,0.6814954799402716,-0.20266136213352737,0.001250681986094107,fitted
230,time,2,pub_gnn,,0.755902111530304,-0.6038262844085693,0.0908162320445876,published
230,time,2,pub_knn,,0.8960301178238472,-1.2019085674699586,0.0738623024699895,published
230,time,2,pub_mlp,,0.7243420481681824,-0.4089972972869873,0.0099167277782422,published
230,time,2,pub_rf,,0.6702631015418578,-0.1508350420203252,0.0491299620936247,published
230,time,2,pub_svm,,0.6667987184542817,-0.1414460096905945,0.0179704020685089,published
230,time,2,pub_xgboost,,0.7493648072398795,-0.5197089791209208,-0.0531606206682443,published
230,time,3,chemeleon,667.0,0.6695586808222967,-0.31208019847439883,0.049069533043752264,fitted
230,time,3,knn,667.0,0.7417475074802647,-0.5458572062669524,-0.08393491739442556,fitted
230,time,3,lgbm,667.0,0.7669212584122472,-0.7380970222443406,-0.013606215288603594,fitted
230,time,3,median,667.0,0.621980944077302,-0.005174237426914141,,fitted
230,time,3,monroe35,667.0,0.6674632389590851,-0.1983900494979418,-0.050736679634616165,fitted
230,time,3,pub_gnn,,0.7227164506912231,-0.479824423789978,-0.0471608588835244,published
230,time,3,pub_knn,,0.7417475070399607,-0.5458572057456059,-0.0839349173944255,published
230,time,3,pub_mlp,,0.6571251749992371,-0.2503608465194702,0.0498123732083978,published
230,time,3,pub_rf,,0.635726314434491,-0.1023873797042982,-0.0358842670235502,published
230,time,3,pub_svm,,0.6351214051888872,-0.0796339443655462,-0.0655457940134107,published
230,time,3,pub_xgboost,,0.7329490516538628,-0.5091294360476648,-0.079606377431933,published
230,time,4,chemeleon,433.0,0.7882033353893997,-0.9180040856955682,-0.11694433466598288,fitted
230,time,4,knn,433.0,0.7526567899465424,-0.8184316272690952,-0.005792189534502927,fitted
230,time,4,lgbm,433.0,0.7911995478613638,-1.1193376063793532,0.03090903408094232,fitted
230,time,4,median,433.0,0.6357523962633255,-0.22762801079474237,,fitted
230,time,4,monroe35,433.0,0.6852751913541871,-0.442399230535639,-0.029699076127834064,fitted
230,time,4,pub_gnn,,0.8635798096656799,-1.3522710800170898,-0.1301619563428986,published
230,time,4,pub_knn,,0.7526567899373212,-0.8184316264276279,-0.0057921895345029,published
230,time,4,pub_mlp,,0.739852786064148,-0.7468463182449341,0.0548686985009692,published
230,time,4,pub_rf,,0.6583156946440545,-0.3441619191646259,0.0101049986421847,published
230,time,4,pub_svm,,0.6597486367597977,-0.3404809130260675,0.1115851132408987,published
230,time,4,pub_xgboost,,0.696219877797691,-0.5570592428219985,0.0491053825472408,published
230,time,5,chemeleon,107.0,0.9063916130368663,-0.8971308971882326,-0.3372749129716721,fitted
230,time,5,knn,107.0,0.8230773069918633,-0.5922425645066125,-0.20564077092880748,fitted
230,time,5,lgbm,107.0,0.823652685362872,-0.5625133530632751,-0.15216092261627748,fitted
230,time,5,median,107.0,0.6933980258137022,-0.06973929274303359,,fitted
230,time,5,monroe35,107.0,0.7776029204709722,-0.36390168983402105,-0.18646148515217748,fitted
230,time,5,pub_gnn,,0.8602420687675476,-0.7909450531005859,-0.0623596033164358,published
230,time,5,pub_knn,,0.8230773070803367,-0.5922425642637177,-0.2056407709288074,published
230,time,5,pub_mlp,,0.8187083601951599,-0.5971089601516724,-0.1444949671830454,published
230,time,5,pub_rf,,0.790941416031599,-0.3859119282722951,-0.2321463629142499,published
230,time,5,pub_svm,,0.767572376259543,-0.4027240459868415,-0.1301003444520069,published
230,time,5,pub_xgboost,,0.8319623321848961,-0.6177625855990334,-0.3553531627159603,published
260,time,1,chemeleon,908.0,0.8109296952579109,0.12437344952894569,0.36484706976280873,fitted
260,time,1,knn,908.0,0.9794245277243814,-0.33210549494375363,0.180652467652143,fitted
260,time,1,lgbm,908.0,0.8631619699797607,-0.010225831487913783,0.3009807349201547,fitted
260,time,1,median,908.0,0.9249785417024062,-0.10405407145554513,,fitted
260,time,1,monroe35,908.0,0.8119060952811571,0.15448218745289566,0.40120192061085963,fitted
260,time,1,pub_gnn,,0.8657212853431702,-0.0150880813598632,0.2877938024843451,published
260,time,1,pub_knn,,0.9794245280215678,-0.3321054956304914,0.180652467652143,published
260,time,1,pub_mlp,,0.8952587842941284,-0.0926569700241088,0.2155861393370507,published
260,time,1,pub_rf,,0.8978855450116742,-0.0510172292319703,0.1024106226095541,published
260,time,1,pub_svm,,0.8458463582193282,0.0531103299068106,0.2601954679620548,published
260,time,1,pub_xgboost,,0.8966098448866949,-0.0781807662749103,0.2144704691940432,published
260,time,2,chemeleon,758.0,0.8105152139989008,0.1344166752132563,0.42470665866266727,fitted
260,time,2,knn,758.0,0.9100675375120975,-0.10772442390036119,0.344072169221063,fitted
260,time,2,lgbm,758.0,0.8263244011087555,0.0825319368697004,0.3807340130082103,fitted
260,time,2,median,758.0,0.9334284655334296,-0.08454904713504963,,fitted
260,time,2,monroe35,758.0,0.7638844634653217,0.25308333147966144,0.4803458204260728,fitted
260,time,2,pub_gnn,,0.8453467488288879,0.0444386601448059,0.3573033842601641,published
260,time,2,pub_knn,,0.9100675375074554,-0.1077244233173733,0.344072169221063,published
260,time,2,pub_mlp,,0.7788943648338318,0.1708062291145324,0.4903277514294432,published
260,time,2,pub_rf,,0.8491051853535314,0.0699016539614911,0.3154015487137839,published
260,time,2,pub_svm,,0.8262267322120141,0.0849461780181599,0.4113905289114197,published
260,time,2,pub_xgboost,,0.8501078589215053,0.0005646202208497,0.3468603343511711,published
260,time,3,chemeleon,412.0,0.8271821223364804,0.04864798746305388,0.3695355796989863,fitted
260,time,3,knn,412.0,0.8701098496015449,-0.11835955942414822,0.23172814133325143,fitted
260,time,3,lgbm,412.0,0.8802029000557011,-0.0633312761530711,0.27193835143981576,fitted
260,time,3,median,412.0,1.012478175899075,-0.298392909654815,,fitted
260,time,3,monroe35,412.0,0.7424426394927942,0.20713921195778784,0.46172186602876575,fitted
260,time,3,pub_gnn,,0.8697315454483032,-0.0311728715896606,0.308391637135522,published
260,time,3,pub_knn,,0.8701098497908253,-0.1183595595246687,0.2317281413332514,published
260,time,3,pub_mlp,,0.9232088923454284,-0.2146222591400146,0.2315055578611366,published
260,time,3,pub_rf,,0.826570504703246,0.0276754088539716,0.2448974382864034,published
260,time,3,pub_svm,,0.793529880370321,0.093877335206804,0.3352473033124816,published
260,time,3,pub_xgboost,,0.8706369040084392,-0.1478495725944117,0.1487760655663563,published
260,time,4,chemeleon,277.0,0.7095859295947593,0.2721715273515457,0.5638097104254752,fitted
260,time,4,knn,277.0,0.8344632314387234,-0.004680871636572048,0.3657995829017812,fitted
260,time,4,lgbm,277.0,0.7825556143422581,0.09981541129572191,0.39681727043226517,fitted
260,time,4,median,277.0,0.9672802048436958,-0.20327147659525702,,fitted
260,time,4,monroe35,277.0,0.6890074739016436,0.333036430969634,0.5859552831610002,fitted
260,time,4,pub_gnn,,0.9169046878814696,-0.204679250717163,0.1638927651279692,published
260,time,4,pub_knn,,0.8344632326253895,-0.0046808738533832,0.3657995829017812,published
260,time,4,pub_mlp,,0.7266797423362732,0.1788665652275085,0.4633840761549193,published
260,time,4,pub_rf,,0.7656401942698419,0.1184955486221347,0.3841978091449562,published
260,time,4,pub_svm,,0.7231187953162644,0.2015966365460176,0.474666193164321,published
260,time,4,pub_xgboost,,0.784542825035927,0.0869767622701744,0.4023836612005732,published
260,time,5,chemeleon,148.0,0.5802439604263991,0.44872822911921817,0.6904001020875822,fitted
260,time,5,knn,148.0,0.8488266155293591,-0.10297062549230795,0.2520793750421566,fitted
260,time,5,lgbm,148.0,0.764452586663641,0.018213141682507428,0.351722351082275,fitted
260,time,5,median,148.0,0.8444480763984961,-0.0005160981976493062,,fitted
260,time,5,monroe35,148.0,0.6340811796152338,0.4037895743831713,0.6722973886069794,fitted
260,time,5,pub_gnn,,0.9285005927085876,-0.2274845838546753,0.2004422024643144,published
260,time,5,pub_knn,,0.8488266177250813,-0.1029706300751243,0.2520793750421566,published
260,time,5,pub_mlp,,0.657792329788208,0.2664530277252197,0.5825741952996931,published
260,time,5,pub_rf,,0.7613498557855717,0.048427834359464,0.2887345780292176,published
260,time,5,pub_svm,,0.6948119144530989,0.1834512128866715,0.5351573025356234,published
260,time,5,pub_xgboost,,0.7194403915912958,0.1662289652703338,0.482888893178946,published
262,time,1,chemeleon,748.0,0.9411764766863292,-0.1111466555646412,0.09046437521869857,fitted
262,time,1,knn,748.0,0.9315021373886129,-0.10118764363115651,0.19651796278491215,fitted
262,time,1,lgbm,748.0,0.982210845858429,-0.11224788621674353,0.1396597764345311,fitted
262,time,1,median,748.0,0.9253399170494573,-0.010168843917370829,,fitted
262,time,1,monroe35,748.0,0.9104484053275568,0.018187518734544494,0.11134607299622287,fitted
262,time,1,pub_gnn,,1.394052267074585,-1.417848825454712,-0.0272549023862167,published
262,time,1,pub_knn,,0.931502137746647,-0.1011876440115946,0.1965179627849121,published
262,time,1,pub_mlp,,0.9896660447120668,-0.2366156578063964,0.1404817923974926,published
262,time,1,pub_rf,,0.876233759075037,0.0735795510178012,0.202652328294136,published
262,time,1,pub_svm,,1.032334394178258,-0.2814629828217923,0.1298082006810788,published
262,time,1,pub_xgboost,,0.9823136998403468,-0.1629842644873702,0.0872680413977698,published
262,time,2,chemeleon,636.0,0.9759503188530534,-0.12284605378112912,0.07044072108613468,fitted
262,time,2,knn,636.0,0.9285207723481071,-0.05463313874312625,0.18386468930608493,fitted
262,time,2,lgbm,636.0,0.935175000013161,-0.038192339646135,0.21205241205262335,fitted
262,time,2,median,636.0,0.9329970329535366,-0.000760794370397111,,fitted
262,time,2,monroe35,636.0,0.9354665695411704,-0.016755659615281138,0.07815140219917811,fitted
262,time,2,pub_gnn,,1.5273500680923462,-1.9503729343414309,-0.0921124704328082,published
262,time,2,pub_knn,,0.9285207728224254,-0.054633139075338,0.1838646893060849,published
262,time,2,pub_mlp,,1.004624843597412,-0.2492202520370483,0.1831485392687367,published
262,time,2,pub_rf,,0.8948645427951587,0.062036130912657,0.1707643936721354,published
262,time,2,pub_svm,,0.914067554129429,0.0447997458331332,0.1528609359840289,published
262,time,2,pub_xgboost,,0.9815705667112006,-0.1840545543767111,0.0973010326391843,published
262,time,3,chemeleon,461.0,0.8148730269992174,0.1317083692161103,0.4112794777213119,fitted
262,time,3,knn,461.0,0.9818580679192959,-0.33268035139696983,0.22262888649150947,fitted
262,time,3,lgbm,461.0,0.8074099684563575,0.1952645373956623,0.3735583237451794,fitted
262,time,3,median,461.0,0.9574795891772336,-0.03698058593866893,,fitted
262,time,3,monroe35,461.0,0.820895576171567,0.1770385943106727,0.311865336010921,fitted
262,time,3,pub_gnn,,0.9547430276870728,-0.0690144300460815,-0.1091595018528072,published
262,time,3,pub_knn,,0.981858067919296,-0.3326803513969698,0.2191344050829921,published
262,time,3,pub_mlp,,0.7571778297424316,0.2682996988296509,0.4756053503779837,published
262,time,3,pub_rf,,0.7887289522716894,0.2358189253042564,0.4188140237140365,published
262,time,3,pub_svm,,0.8043118554111286,0.2269510872386937,0.4454077962555942,published
262,time,3,pub_xgboost,,0.8287734614705522,0.157671911878655,0.3345269912617261,published
262,time,4,chemeleon,350.0,0.8663203251945865,0.13233649444454243,0.528242318383784,fitted
262,time,4,knn,350.0,0.9223838662913152,-0.021783964377889875,0.4481178392224678,fitted
262,time,4,lgbm,350.0,0.8069395071302896,0.23418491340428382,0.5082891012653671,fitted
262,time,4,median,350.0,0.9991171873564186,-0.05555278305786193,,fitted
262,time,4,monroe35,350.0,0.8546620207594804,0.19081423162160205,0.47535024192274533,fitted
262,time,4,pub_gnn,,1.0395103693008425,-0.2264506816864013,0.261229792234222,published
262,time,4,pub_knn,,0.9223838662996068,-0.0217839639814516,0.4481032850893842,published
262,time,4,pub_mlp,,0.8507861495018005,0.1653407216072082,0.4580746855201713,published
262,time,4,pub_rf,,0.80985441320119,0.255857229220937,0.5598913870355017,published
262,time,4,pub_svm,,0.826682473421012,0.2336814847927609,0.54050892843878,published
262,time,4,pub_xgboost,,0.8852725905952544,0.1058668193114361,0.3970478348785178,published
262,time,5,chemeleon,176.0,0.7942224512031054,-0.4888043986844153,0.2505856618339419,fitted
262,time,5,knn,176.0,0.916957232332054,-0.7968873971716857,0.09262029131658127,fitted
262,time,5,lgbm,176.0,0.7666915157320475,-0.3955140591156179,0.11674060932992765,fitted
262,time,5,median,176.0,0.8053650638491195,-0.445752448767055,,fitted
262,time,5,monroe35,176.0,0.6978581573049566,-0.10514279467060206,0.26496952690058295,fitted
262,time,5,pub_gnn,,0.7651312351226807,-0.3517193794250488,0.158768418026499,published
262,time,5,pub_knn,,0.916957232338671,-0.7968873979803601,0.0926202913165812,published
262,time,5,pub_mlp,,0.7311062216758728,-0.2368103265762329,0.249072323822875,published
262,time,5,pub_rf,,0.7082280077183281,-0.1625651249402271,0.2527760137664648,published
262,time,5,pub_svm,,0.6798285287104958,-0.0275880650115094,0.3205348962291042,published
262,time,5,pub_xgboost,,0.8909024700248215,-0.7708787153337864,0.0899282891601694,published
279,time,1,chemeleon,1554.0,1.0669691875299288,-0.3350316298966405,0.11217056421264039,fitted
279,time,1,knn,1554.0,1.0245906371781852,-0.18440142620159117,0.18275639708609587,fitted
279,time,1,lgbm,1554.0,1.040243498930499,-0.18342779953157162,0.1439437650056843,fitted
279,time,1,median,1554.0,0.9837058665950239,-0.0036613262619702436,,fitted
279,time,1,monroe35,1554.0,0.9845277468324664,-0.06279795462308302,0.16489342318745043,fitted
279,time,1,pub_gnn,,0.986517608165741,-0.0550349950790405,0.0728902990428831,published
279,time,1,pub_knn,,1.0245906378361933,-0.1844014276253631,0.1827563970860958,published
279,time,1,pub_mlp,,1.0601545572280884,-0.3140784502029419,0.0910487409337764,published
279,time,1,pub_rf,,0.98498662998277,-0.0604233174723471,0.1683333542829678,published
279,time,1,pub_svm,,1.0094377591399355,-0.1185644097428191,0.16056518552759,published
279,time,1,pub_xgboost,,1.005892745876131,-0.145505650867451,0.1586831909225328,published
279,time,2,chemeleon,1204.0,0.9440264297525949,-0.1133648939758174,0.24436770921360731,fitted
279,time,2,knn,1204.0,1.0164664202303832,-0.18837705559491913,0.24426157432359363,fitted
279,time,2,lgbm,1204.0,0.9943177055998246,-0.13800891136653326,0.11910677826598365,fitted
279,time,2,median,1204.0,1.005080026757841,-0.06930832935472786,,fitted
279,time,2,monroe35,1204.0,0.9373167622691846,0.0283374532544729,0.21561599956597927,fitted
279,time,2,pub_gnn,,1.236050367355347,-0.8001842498779297,0.1507934382545041,published
279,time,2,pub_knn,,1.0164664209905288,-0.1883770569945737,0.2442615743235936,published
279,time,2,pub_mlp,,0.987116813659668,-0.1835291385650634,0.1416136385962112,published
279,time,2,pub_rf,,0.9375095831585704,0.032092287278051,0.1967187483853901,published
279,time,2,pub_svm,,0.9294167675158004,0.0214536235083909,0.2439437533994277,published
279,time,2,pub_xgboost,,0.9848236589272914,-0.0834162607981636,0.1432167096521003,published
279,time,3,chemeleon,1073.0,0.9349399197523733,-0.10807106941887668,0.26918975108690646,fitted
279,time,3,knn,1073.0,1.0291874835398154,-0.2322158003944541,0.23840867022654777,fitted
279,time,3,lgbm,1073.0,0.9656143211176482,-0.09198424950525363,0.1950851064115792,fitted
279,time,3,median,1073.0,1.0109064859252435,-0.06642764946102342,,fitted
279,time,3,monroe35,1073.0,0.8907061173602239,0.09909713876844561,0.3398575755595815,fitted
279,time,3,pub_gnn,,1.205159068107605,-0.7232362031936646,0.1235205209518667,published
279,time,3,pub_knn,,1.029187483984081,-0.2322158008257862,0.2384086702265477,published
279,time,3,pub_mlp,,1.0107877254486084,-0.2290461063385009,0.1849467162378176,published
279,time,3,pub_rf,,0.9387627886665464,0.0166403105288915,0.2134520942001617,published
279,time,3,pub_svm,,0.9310625912577633,0.004014930157707,0.2366121320665052,published
279,time,3,pub_xgboost,,0.972100998924996,-0.092912961791006,0.174552572666877,published
279,time,4,chemeleon,709.0,1.0002762353336347,-0.3190575991857516,0.13847537428132778,fitted
279,time,4,knn,709.0,1.0770156933429669,-0.505421311935659,0.1502721987848151,fitted
279,time,4,lgbm,709.0,0.9800048801747614,-0.2302252952887378,0.1423092737668027,fitted
279,time,4,median,709.0,0.9598742687662458,-0.08006547782178441,,fitted
279,time,4,monroe35,709.0,0.8838071348253423,-0.009980655698061502,0.25903097008348086,fitted
279,time,4,pub_gnn,,1.2133722305297852,-0.9486000537872314,0.0428026886919502,published
279,time,4,pub_knn,,1.0770156942701856,-0.5054213132173753,0.1502721987848151,published
279,time,4,pub_mlp,,0.9796677231788636,-0.2840452194213867,0.1138791466568953,published
279,time,4,pub_rf,,0.9372886621258896,-0.0727527431376744,0.1214478104056342,published
279,time,4,pub_svm,,0.9302841552251642,-0.0894721545103478,0.1666894992018766,published
279,time,4,pub_xgboost,,0.9831210169035268,-0.2223556376927185,0.0965963009973098,published
279,time,5,chemeleon,199.0,0.8508003779775831,-0.27474233264670334,0.22046502491668252,fitted
279,time,5,knn,199.0,0.9005303319598275,-0.3185907902953862,0.2770080360699242,fitted
279,time,5,lgbm,199.0,0.814471183508223,-0.12615963946494313,0.2113260930515405,fitted
279,time,5,median,199.0,0.7998804511696517,-0.04732631605165105,,fitted
279,time,5,monroe35,199.0,0.8628842779082071,-0.2560252849533766,0.0832150645062765,fitted
279,time,5,pub_gnn,,1.0821574926376345,-0.9824262857437134,0.2447974405249646,published
279,time,5,pub_knn,,0.9005303348864675,-0.3185907960485377,0.2770080360699242,published
279,time,5,pub_mlp,,0.9624707102775574,-0.5378404855728149,0.0522128960746465,published
279,time,5,pub_rf,,0.7865678525560896,-0.0425140706623012,0.227826878803549,published
279,time,5,pub_svm,,0.8550868006647019,-0.2293899694661647,0.1431362456932031,published
279,time,5,pub_xgboost,,0.8545430212748413,-0.2459192036476674,0.175817720766249,published
284,time,1,chemeleon,839.0,0.7929665713536231,-0.016029916362001462,0.27972429570016955,fitted
284,time,1,knn,839.0,0.900183835172926,-0.3986703902929327,0.23432587419044587,fitted
284,time,1,lgbm,839.0,0.8000314267424584,-0.07149011993176524,0.30444068836134414,fitted
284,time,1,median,839.0,0.8154759318212546,-0.08961624988202099,,fitted
284,time,1,monroe35,839.0,0.732941935400057,0.12292108589733475,0.4031862413114027,fitted
284,time,1,pub_gnn,,0.8301076889038086,-0.1326305866241455,0.2672586503881738,published
284,time,1,pub_knn,,0.900183835172926,-0.3986703902929327,0.2352883317898096,published
284,time,1,pub_mlp,,0.7680195569992065,-0.0328061580657959,0.3497048334480422,published
284,time,1,pub_rf,,0.7366527620692609,0.1061148647691496,0.4147457034432443,published
284,time,1,pub_svm,,0.8484070116980755,-0.1891719209149207,0.2760330908866431,published
284,time,1,pub_xgboost,,0.7760748825787965,-0.0191683254120458,0.3486712486158873,published
284,time,2,chemeleon,674.0,0.8089681756074772,0.04947749183110761,0.3477373295563803,fitted
284,time,2,knn,674.0,0.8374918317516754,-0.01755030244504341,0.26189707661207556,fitted
284,time,2,lgbm,674.0,0.7574250900294226,0.14622581997598094,0.4138931680435451,fitted
284,time,2,median,674.0,0.8777423179706436,-0.061193870146222684,,fitted
284,time,2,monroe35,674.0,0.7270553087425564,0.20824782452006052,0.48674227841255074,fitted
284,time,2,pub_gnn,,1.1102194786071775,-1.0679175853729248,0.298375387915394,published
284,time,2,pub_knn,,0.8374918312494573,-0.0175503018953937,0.2618982792277176,published
284,time,2,pub_mlp,,1.0359491109848022,-0.6519243717193604,0.1966321428338672,published
284,time,2,pub_rf,,0.7795205354128938,0.1189065536946397,0.4271868947685066,published
284,time,2,pub_svm,,0.8231726095467258,-0.0006483239382308,0.3177153140770137,published
284,time,2,pub_xgboost,,0.7628535624053496,0.1432682519753375,0.4195322954251797,published
284,time,3,chemeleon,491.0,0.8334348857263347,0.15234906496843226,0.46393094168624044,fitted
284,time,3,knn,491.0,0.8362893895633223,0.12442259520735999,0.36374409408383684,fitted
284,time,3,lgbm,491.0,0.8268029812736915,0.16849663436000484,0.4910622964227936,fitted
284,time,3,median,491.0,0.9413644437205372,-0.04366063801672171,,fitted
284,time,3,monroe35,491.0,0.7888411634840514,0.23919879209824269,0.5777060443737562,fitted
284,time,3,pub_gnn,,0.861915111541748,0.0757412314414978,0.34658032432463,published
284,time,3,pub_knn,,0.8362893889854062,0.1244225953435864,0.3637440940838368,published
284,time,3,pub_mlp,,0.8067865967750549,0.1687701344490051,0.4702038632736356,published
284,time,3,pub_rf,,0.8301761505828663,0.1552822252317783,0.5070213082738109,published
284,time,3,pub_svm,,0.7961144150519874,0.2033732425661073,0.5301992667957823,published
284,time,3,pub_xgboost,,0.813419029423871,0.1335905761665455,0.4425746911276603,published
284,time,4,chemeleon,236.0,0.8066942813438207,0.32543993349019573,0.5927818663401737,fitted
284,time,4,knn,236.0,0.8830324536757419,0.1399028560668909,0.4509593264854185,fitted
284,time,4,lgbm,236.0,0.7777543268798919,0.3306318844722811,0.5485080665630057,fitted
284,time,4,median,236.0,1.052052871882181,-0.00334617088252398,,fitted
284,time,4,monroe35,236.0,0.8241858905609123,0.2873603573316912,0.5382045530377887,fitted
284,time,4,pub_gnn,,1.2849074602127075,-1.029210329055786,0.3674942728262352,published
284,time,4,pub_knn,,0.8830324537420238,0.1399028544841383,0.4509593264854185,published
284,time,4,pub_mlp,,0.7925471663475037,0.273201048374176,0.5290373501861547,published
284,time,4,pub_rf,,0.8733888922556234,0.2326864988444351,0.4795381875798269,published
284,time,4,pub_svm,,0.8392129793569578,0.2864957353472527,0.5751189552786126,published
284,time,4,pub_xgboost,,0.7773442185975735,0.3231193089847022,0.554290849188622,published
284,time,5,chemeleon,88.0,0.8982355606540708,0.05449742501534571,0.45172794913922837,fitted
284,time,5,knn,88.0,0.9172587836056597,0.07768232684086407,0.38776148217078216,fitted
284,time,5,lgbm,88.0,0.8640766471183053,0.09438157569075467,0.4405334836312194,fitted
284,time,5,median,88.0,1.0322485481374868,-0.06280922187162075,,fitted
284,time,5,monroe35,88.0,0.8948581200583625,-0.0034831391660281597,0.37973925593065905,fitted
284,time,5,pub_gnn,,0.936035692691803,-0.085597276687622,0.4757594040341747,published
284,time,5,pub_knn,,0.9172587835784366,0.0776823256747175,0.3877614821707821,published
284,time,5,pub_mlp,,0.8701624274253845,0.1093801259994506,0.4057784688747251,published
284,time,5,pub_rf,,0.8847085580796005,0.0992219378653371,0.4661799801704034,published
284,time,5,pub_svm,,0.871285931647909,0.0785882096354751,0.4737868698104782,published
284,time,5,pub_xgboost,,0.861429419309739,0.0673165668715271,0.410829946593976,published
1865,time,1,chemeleon,740.0,0.877797602720665,-0.11657935266567931,0.18646984710442271,fitted
1865,time,1,knn,740.0,0.8964061770040586,-0.24878999111331246,0.1643913014125055,fitted
1865,time,1,lgbm,740.0,0.7940417571421635,0.06236508671443497,0.29754628040564807,fitted
1865,time,1,median,740.0,0.8402241733909676,-0.010129497674377097,,fitted
1865,time,1,monroe35,740.0,0.8016969776706341,0.05004420138341703,0.2453222074008062,fitted
1865,time,1,pub_gnn,,1.186365246772766,-1.4254310131072998,0.2108493246435335,published
1865,time,1,pub_knn,,0.896406176978533,-0.2487899911532203,0.1643913014125055,published
1865,time,1,pub_mlp,,0.8857959508895874,-0.2074848413467407,0.3058900833685701,published
1865,time,1,pub_rf,,0.8081790296586927,0.0364103310050033,0.2272269128720778,published
1865,time,1,pub_svm,,0.907220313852265,-0.2256066667919884,0.1815287053809646,published
1865,time,1,pub_xgboost,,0.8026979004297773,0.0898658926394065,0.3224104396175987,published
1865,time,2,chemeleon,596.0,0.8475875955063262,0.00378252338847318,0.27314285959243556,fitted
1865,time,2,knn,596.0,0.8177837610157525,-0.012984676730681377,0.3001622484806933,fitted
1865,time,2,lgbm,596.0,0.7953561357620623,0.04953748361212962,0.31175606177406767,fitted
1865,time,2,median,596.0,0.8337600090221913,-0.002111892685785932,,fitted
1865,time,2,monroe35,596.0,0.7830837197758366,0.09774244145823652,0.28894606131338607,fitted
1865,time,2,pub_gnn,,0.9040160775184632,-0.1172443628311157,0.0728077031127264,published
1865,time,2,pub_knn,,0.8177837600381003,-0.0129846738052481,0.3001580313445624,published
1865,time,2,pub_mlp,,0.9158764481544496,-0.1647411584854126,0.2938019574395941,published
1865,time,2,pub_rf,,0.7753243561196356,0.1150752832602983,0.2915768974762413,published
1865,time,2,pub_svm,,0.7693576996153382,0.1221119047905715,0.3344802779493651,published
1865,time,2,pub_xgboost,,0.7547097518275339,0.157039186768176,0.380668670755183,published
1865,time,3,chemeleon,431.0,0.8459883726829206,0.004284918780636304,0.26412241743910897,fitted
1865,time,3,knn,431.0,0.9078160869857086,-0.20688551957903356,0.1506434629370346,fitted
1865,time,3,lgbm,431.0,0.8320508021773579,-0.025621173021151078,0.24781648511741858,fitted
1865,time,3,median,431.0,0.8824887226131766,-0.0951425773915644,,fitted
1865,time,3,monroe35,431.0,0.8079946497596991,0.03789430830013729,0.23704459506015013,fitted
1865,time,3,pub_gnn,,0.8908649682998657,-0.1167604923248291,0.1672133733672145,published
1865,time,3,pub_knn,,0.9078160871492148,-0.2068855191578873,0.1506434629370346,published
1865,time,3,pub_mlp,,0.959686040878296,-0.3360849618911743,0.1643694463817162,published
1865,time,3,pub_rf,,0.8279891675917052,0.0011973567501324,0.212041213871956,published
1865,time,3,pub_svm,,0.8234095762275168,-0.0004651632615078,0.2260561061845998,published
1865,time,3,pub_xgboost,,0.8461093207824073,-0.0204868131831581,0.2672956450897766,published
1865,time,4,chemeleon,339.0,0.8469627486377039,0.00167066935449256,0.2983615106477222,fitted
1865,time,4,knn,339.0,0.8278439656227035,0.026127136675536344,0.3235669957213278,fitted
1865,time,4,lgbm,339.0,0.7944201152886801,0.09126794917825465,0.33463718763168104,fitted
1865,time,4,median,339.0,0.8661041531693031,-0.10028585678283752,,fitted
1865,time,4,monroe35,339.0,0.770076961060533,0.12566348446424525,0.3679659666950594,fitted
1865,time,4,pub_gnn,,0.9083475470542908,-0.1529467105865478,0.2512556730987755,published
1865,time,4,pub_knn,,0.827843965268981,0.026127137383078,0.3235669957213278,published
1865,time,4,pub_mlp,,0.8003283739089966,0.0435894131660461,0.3313416503488046,published
1865,time,4,pub_rf,,0.800612492007931,0.0724869919443158,0.315715392968921,published
1865,time,4,pub_svm,,0.7805723697722435,0.1020846745300284,0.3962024775509992,published
1865,time,4,pub_xgboost,,0.7958928200774084,0.0795281505990791,0.3761250546196522,published
1865,time,5,chemeleon,125.0,0.6920659497126066,0.16704926365350525,0.45085732034403103,fitted
1865,time,5,knn,125.0,0.7805896686466598,-0.08708681907190896,0.2948387473399622,fitted
1865,time,5,lgbm,125.0,0.6583181238075415,0.17439399386711618,0.4541177086593951,fitted
1865,time,5,median,125.0,0.7290797387700615,-0.004140320476246018,,fitted
1865,time,5,monroe35,125.0,0.6336975923492978,0.1977045316620908,0.4888430096710062,fitted
1865,time,5,pub_gnn,,0.7691900134086609,-0.1140408515930175,0.2095879763989741,published
1865,time,5,pub_knn,,0.7805896687718525,-0.0870868186506186,0.2948387473399622,published
1865,time,5,pub_mlp,,0.7322388887405396,0.0712133049964904,0.3522549564817244,published
1865,time,5,pub_rf,,0.6413552152028799,0.1953657933594258,0.4706021512666495,published
1865,time,5,pub_svm,,0.7965619854070538,-0.0261261295941124,0.3272275356946528,published
1865,time,5,pub_xgboost,,0.6197769293821822,0.2702907465018008,0.544851804858739,published
2409,time,1,chemeleon,834.0,0.9482235151236372,-0.09495758196716908,0.43506109572847257,fitted
2409,time,1,knn,834.0,1.1283833237911827,-0.5239853829875556,0.2240510945151895,fitted
2409,time,1,lgbm,834.0,1.035178068570941,-0.2711199104698403,0.34224244527834835,fitted
2409,time,1,median,834.0,0.971317574374673,-0.05508292915297619,,fitted
2409,time,1,monroe35,834.0,0.8394146622117529,0.13692684356208762,0.4474419182144752,fitted
2409,time,1,pub_gnn,,1.1698014736175537,-0.6832982301712036,0.4750177977151666,published
2409,time,1,pub_knn,,1.128383323791183,-0.5239853829875554,0.2244767858737026,published
2409,time,1,pub_mlp,,1.1127536296844482,-0.501732587814331,0.3440208116689292,published
2409,time,1,pub_rf,,0.9527070033976464,0.0377519295101126,0.3280548643390412,published
2409,time,1,pub_svm,,0.9667668772764084,-0.0626036604376665,0.3727015858573316,published
2409,time,1,pub_xgboost,,1.0860102219566203,-0.3715133685405136,0.3604093462561734,published
2409,time,2,chemeleon,644.0,0.9235793586416073,0.02697332214838244,0.4312270063506174,fitted
2409,time,2,knn,644.0,1.2523994535166347,-0.6913850650515558,0.1038666284422897,fitted
2409,time,2,lgbm,644.0,0.8856621027378876,0.14787976402547265,0.41029225982218237,fitted
2409,time,2,median,644.0,1.0302403382380643,-0.10012161542191822,,fitted
2409,time,2,monroe35,644.0,0.8352321784155753,0.21115647770097856,0.47405303766245416,fitted
2409,time,2,pub_gnn,,1.0925347805023191,-0.5201765298843384,0.5292668744506177,published
2409,time,2,pub_knn,,1.2523994535166347,-0.6913850650515558,0.1022170830287017,published
2409,time,2,pub_mlp,,0.9244411587715148,0.0390196442604064,0.3557963164751304,published
2409,time,2,pub_rf,,0.9174336355372432,0.1581403192571383,0.3957278833677106,published
2409,time,2,pub_svm,,0.9284177607840812,0.0866875115887511,0.351467093425669,published
2409,time,2,pub_xgboost,,0.9333515803869096,0.0448279973751309,0.3716080579684831,published
2409,time,3,chemeleon,328.0,0.8600712080709089,0.14605169977264942,0.5190507761366574,fitted
2409,time,3,knn,328.0,1.0815229503705162,-0.25080868997560857,0.1322625855840729,fitted
2409,time,3,lgbm,328.0,0.8982639450541074,0.11030503054747143,0.3669682488305911,fitted
2409,time,3,median,328.0,1.0236882622593428,-0.19771688835286128,,fitted
2409,time,3,monroe35,328.0,0.813194435857825,0.25777125762600306,0.5216332866508352,fitted
2409,time,3,pub_gnn,,1.05954909324646,-0.9040094614028932,0.6212877900171973,published
2409,time,3,pub_knn,,1.0815229498345782,-0.2508086889374072,0.1322625855840729,published
2409,time,3,pub_mlp,,1.0201622247695925,-0.2089875936508178,0.1974606098450852,published
2409,time,3,pub_rf,,0.8590696862934991,0.1745430987767019,0.443725889982808,published
2409,time,3,pub_svm,,0.8634375762054995,0.1318069509259215,0.3479988512880981,published
2409,time,3,pub_xgboost,,0.8914245286703364,0.1093512334033426,0.3547630655165153,published
2409,time,4,chemeleon,239.0,0.8707536222465299,0.19484413319388771,0.5078448155341466,fitted
2409,time,4,knn,239.0,1.0796314122213768,-0.11230134942184367,0.3900890455448497,fitted
2409,time,4,lgbm,239.0,0.9923884485251103,0.09989880981782484,0.37895512739593784,fitted
2409,time,4,median,239.0,1.1896255885616303,-0.27483309344489704,,fitted
2409,time,4,monroe35,239.0,0.8810353446907728,0.24730809358831163,0.5007641099905302,fitted
2409,time,4,pub_gnn,,1.0886250734329224,-0.1548464298248291,0.5523095366406341,published
2409,time,4,pub_knn,,1.0796314121915318,-0.112301349401819,0.3900890455448497,published
2409,time,4,pub_mlp,,1.03376305103302,-0.1034443378448486,0.3684638600562192,published
2409,time,4,pub_rf,,1.0225718332286575,0.0711364737185525,0.4526026447664248,published
2409,time,4,pub_svm,,0.8788333719723191,0.2513373037932124,0.5106177668888865,published
2409,time,4,pub_xgboost,,0.9886459982016036,0.0699529167627411,0.3407299856818876,published
2409,time,5,chemeleon,109.0,1.0517495747005199,-0.2688232410446256,0.24465065761637197,fitted
2409,time,5,knn,109.0,0.9366094303807971,-0.10924176650717365,0.2216949776175353,fitted
2409,time,5,lgbm,109.0,0.9339045064506974,-0.006053402354626147,0.28740370179041586,fitted
2409,time,5,median,109.0,0.9153761774803537,-0.001428314309010359,,fitted
2409,time,5,monroe35,109.0,0.8013793558474683,0.2435204922314944,0.5076611202422348,fitted
2409,time,5,pub_gnn,,0.9897485971450806,-0.0794582366943359,0.2873063883363019,published
2409,time,5,pub_knn,,0.9366094305503588,-0.1092417648845516,0.2216949776175353,published
2409,time,5,pub_mlp,,1.149886965751648,-0.4908816814422607,0.0133829789377195,published
2409,time,5,pub_rf,,0.8675384575752397,0.1116935928484109,0.257738194438028,published
2409,time,5,pub_svm,,0.9503200804870204,-0.0216963330602495,0.1675977144184569,published
2409,time,5,pub_xgboost,,0.876854712349346,0.0580188805913706,0.3120671574109588,published
4005,time,1,chemeleon,906.0,0.9259198588375641,-0.13701678113918758,0.2259731335974166,fitted
4005,time,1,knn,906.0,1.1538801127206528,-0.7063929357264076,0.1261758669746081,fitted
4005,time,1,lgbm,906.0,0.9290589165796044,-0.14276479396214414,0.17457219706693386,fitted
4005,time,1,median,906.0,0.9348659645240631,-0.02355920816587065,,fitted
4005,time,1,monroe35,906.0,0.8963319220253326,-0.01741661924644,0.24110379306799937,fitted
4005,time,1,pub_gnn,,1.0890847444534302,-0.4257581233978271,0.3212732950407794,published
4005,time,1,pub_knn,,1.1538801127206528,-0.7063929357264074,0.1267598344081631,published
4005,time,1,pub_mlp,,0.9850661754608154,-0.2886842489242553,0.1743361918813439,published
4005,time,1,pub_rf,,0.8973386173890092,-0.0466681189741275,0.1813812537717379,published
4005,time,1,pub_svm,,0.8947221294926125,-0.0518845706724553,0.2698005180343472,published
4005,time,1,pub_xgboost,,0.9755143693400437,-0.3480279369051779,0.1328046076207483,published
4005,time,2,chemeleon,754.0,0.8074518313732838,0.20397367957226042,0.527081957100437,fitted
4005,time,2,knn,754.0,0.8139739191490515,0.2350318229736208,0.4922009243820236,fitted
4005,time,2,lgbm,754.0,0.8694437247375263,0.10284241066571376,0.3856803796711073,fitted
4005,time,2,median,754.0,0.9742138911875587,-0.07766263437084042,,fitted
4005,time,2,monroe35,754.0,0.8505020518866622,0.15183002062940343,0.4369287209865315,fitted
4005,time,2,pub_gnn,,1.020419716835022,-0.2152286767959594,0.2627888921914934,published
4005,time,2,pub_knn,,0.8139739192068818,0.2350318223767541,0.4922009243820236,published
4005,time,2,pub_mlp,,0.8095793128013611,0.2386471629142761,0.4818064679879855,published
4005,time,2,pub_rf,,0.8340261049853733,0.2047360609098935,0.5348298538199258,published
4005,time,2,pub_svm,,0.9435400199545824,-0.0934785669585773,0.3591165246298525,published
4005,time,2,pub_xgboost,,0.8749678717628063,0.0877290934717133,0.4023082535387639,published
4005,time,3,chemeleon,499.0,0.7170942949805358,0.3743170684340168,0.6425400473062556,fitted
4005,time,3,knn,499.0,0.8219810081839253,0.2077568264181242,0.5700576602888612,fitted
4005,time,3,lgbm,499.0,0.8633225898718984,0.1126932313190333,0.43469748355255183,fitted
4005,time,3,median,499.0,1.0218488404101567,-0.1091651532874347,,fitted
4005,time,3,monroe35,499.0,0.8128887675261918,0.2866069338849524,0.5518401209969458,fitted
4005,time,3,pub_gnn,,0.9736093878746032,-0.0478584766387939,0.4201300353326629,published
4005,time,3,pub_knn,,0.8219810076413655,0.2077568272332858,0.5700576602888612,published
4005,time,3,pub_mlp,,0.8247888684272766,0.2235791087150573,0.5869420709676633,published
4005,time,3,pub_rf,,0.7552200231635405,0.379036913213178,0.6101704553600663,published
4005,time,3,pub_svm,,0.7520622357300187,0.3797885383299297,0.6345387300423192,published
4005,time,3,pub_xgboost,,0.7652325254661853,0.2938597815656387,0.5800149574859103,published
4005,time,4,chemeleon,377.0,0.7861521996131003,0.28411519719693945,0.537770487342515,fitted
4005,time,4,knn,377.0,0.7559829032290046,0.2895995679122071,0.5604959579501042,fitted
4005,time,4,lgbm,377.0,0.7935070522162245,0.20593043173289427,0.4947908532447489,fitted
4005,time,4,median,377.0,1.0526235858637922,-0.13046704773223539,,fitted
4005,time,4,monroe35,377.0,0.8155974215330828,0.27859071421301973,0.5451551800493197,fitted
4005,time,4,pub_gnn,,0.8752233982086182,0.1914748549461364,0.4865281375723825,published
4005,time,4,pub_knn,,0.7559829024353136,0.289599569098465,0.5604959579501042,published
4005,time,4,pub_mlp,,0.8843978047370911,0.118980586528778,0.530987911990414,published
4005,time,4,pub_rf,,0.7882022523560691,0.3314034070044815,0.5628840219308655,published
4005,time,4,pub_svm,,0.7798292141743203,0.3305036094306,0.6357962793540559,published
4005,time,4,pub_xgboost,,0.8404230178444894,0.190538595308899,0.4374102504555143,published
4005,time,5,chemeleon,244.0,0.7027934306836351,0.29301074310742015,0.6200528530414938,fitted
4005,time,5,knn,244.0,0.7567242828846642,0.3288174261495551,0.5749290566343059,fitted
4005,time,5,lgbm,244.0,0.8022194365697456,0.18880906297848077,0.5240866157458146,fitted
4005,time,5,median,244.0,1.009352855502902,-0.07927943867402631,,fitted
4005,time,5,monroe35,244.0,0.7879747433534093,0.2893183867940625,0.5722856232254376,fitted
4005,time,5,pub_gnn,,0.8677489757537842,0.1568112969398498,0.4835047735369656,published
4005,time,5,pub_knn,,0.7567242837205516,0.3288174257583287,0.5749290566343059,published
4005,time,5,pub_mlp,,0.783447265625,0.2399063110351562,0.6988189383714083,published
4005,time,5,pub_rf,,0.7594320137591897,0.3435348780906563,0.6094822953994659,published
4005,time,5,pub_svm,,0.7003873603826583,0.4175915851181977,0.718214517553701,published
4005,time,5,pub_xgboost,,0.7337171596616803,0.3221976367639863,0.5707325817872586,published
4822,time,1,chemeleon,825.0,1.025440291943151,-0.030211333228788773,0.5764888307024706,fitted
4822,time,1,knn,825.0,1.0832840018772392,-0.18235902729283393,0.2979709665713358,fitted
4822,time,1,lgbm,825.0,1.2770535480052245,-0.7126110711500424,0.3208808659370521,fitted
4822,time,1,median,825.0,1.0971825698213349,-0.052807774459188606,,fitted
4822,time,1,monroe35,825.0,1.150237127741976,-0.3806035798281775,0.5503777138883358,fitted
4822,time,1,pub_gnn,,0.9505861401557922,0.1312060952186584,0.6558935181818463,published
4822,time,1,pub_knn,,1.0832840023226282,-0.1823590279301863,0.2979695940531346,published
4822,time,1,pub_mlp,,1.101971983909607,-0.184340238571167,0.3754406111706089,published
4822,time,1,pub_rf,,1.1716586826339508,-0.3950529276264318,0.4731371479103557,published
4822,time,1,pub_svm,,1.0944352553847705,-0.2075081638686979,0.6051218515670282,published
4822,time,1,pub_xgboost,,1.2081092752939249,-0.5118788048278868,0.3528975800291053,published
4822,time,2,chemeleon,596.0,1.0835732571252585,-0.10029308240106838,0.7203093341507613,fitted
4822,time,2,knn,596.0,1.1533442424744869,-0.3292340097413604,0.2675346038682146,fitted
4822,time,2,lgbm,596.0,1.155588980200243,-0.30371880100496407,0.590988258587689,fitted
4822,time,2,median,596.0,1.1664956222641107,-0.08312483611741883,,fitted
4822,time,2,monroe35,596.0,1.0828656313658644,-0.11147615467216077,0.7595120278830896,fitted
4822,time,2,pub_gnn,,1.4987190961837769,-0.7482329607009888,0.6527803783574263,published
4822,time,2,pub_knn,,1.1533442419050877,-0.3292340090126959,0.2675346038682146,published
4822,time,2,pub_mlp,,1.1349036693572998,-0.2579512596130371,0.611303215678016,published
4822,time,2,pub_rf,,1.1196077378332077,-0.2440115643247065,0.607567045690042,published
4822,time,2,pub_svm,,1.2357843159084552,-0.4951359796884202,0.7032112592935622,published
4822,time,2,pub_xgboost,,1.1672803248172607,-0.3585685640666516,0.544635311532229,published
4822,time,3,chemeleon,388.0,0.6314083426182654,0.6547178241326503,0.8118170842401113,fitted
4822,time,3,knn,388.0,0.6793835208867225,0.5860866461745351,0.7537190637838131,fitted
4822,time,3,lgbm,388.0,0.6486353532999586,0.6274029385849794,0.7833574878005722,fitted
4822,time,3,median,388.0,1.2185291251664425,-0.01911658050571985,,fitted
4822,time,3,monroe35,388.0,0.5424185597369564,0.7388912305191577,0.8536921557982998,fitted
4822,time,3,pub_gnn,,1.0556281805038452,0.0277011394500732,0.7754172297521764,published
4822,time,3,pub_knn,,0.6793835205656127,0.5860866468293902,0.7537231086820679,published
4822,time,3,pub_mlp,,0.6520793437957764,0.6174535751342773,0.7765722426175623,published
4822,time,3,pub_rf,,0.6580461368895395,0.6136110710694965,0.7991111209401021,published
4822,time,3,pub_svm,,0.7125398869379913,0.5697972292412969,0.7893288481572227,published
4822,time,3,pub_xgboost,,0.6867852953653956,0.5881644987715798,0.7797655799482499,published
4822,time,4,chemeleon,273.0,0.5791656354553045,0.6894491233656241,0.7957942026801168,fitted
4822,time,4,knn,273.0,0.7021848228834469,0.4980179856001501,0.7131334331609064,fitted
4822,time,4,lgbm,273.0,0.6485966258683125,0.6313939616377144,0.7563435108538299,fitted
4822,time,4,median,273.0,1.2296509339796915,-0.0004473162738189984,,fitted
4822,time,4,monroe35,273.0,0.5215209582790726,0.7484408961764771,0.8163144879317717,fitted
4822,time,4,pub_gnn,,0.9815781116485596,0.1053964495658874,0.776404267126231,published
4822,time,4,pub_knn,,0.7021848231724469,0.4980179856109925,0.7131241014978449,published
4822,time,4,pub_mlp,,0.7362697720527649,0.5266066193580627,0.7384359593809074,published
4822,time,4,pub_rf,,0.6418123601280036,0.6279343433559181,0.7866316759100415,published
4822,time,4,pub_svm,,0.64482915627302,0.5901015887017778,0.7618394768253861,published
4822,time,4,pub_xgboost,,0.5928819567872785,0.6567413718838271,0.7905426427329746,published
4822,time,5,chemeleon,172.0,0.6109750899453948,0.6858450375222237,0.8009028032747234,fitted
4822,time,5,knn,172.0,0.7574391268877503,0.4503938883945585,0.6703851128715017,fitted
4822,time,5,lgbm,172.0,0.7033509963800886,0.5927204373323409,0.7743399227875425,fitted
4822,time,5,median,172.0,1.2775835912100626,-0.036933819358399456,,fitted
4822,time,5,monroe35,172.0,0.6071336167174967,0.6738037240928578,0.8412718723770116,fitted
4822,time,5,pub_gnn,,0.9018895626068116,0.3193694353103637,0.670299419258133,published
4822,time,5,pub_knn,,0.7574391282311934,0.4503938870526341,0.6703851128715017,published
4822,time,5,pub_mlp,,0.60849529504776,0.6515381336212158,0.7680111036640984,published
4822,time,5,pub_rf,,0.7378744100093805,0.5082039689164115,0.761564363558291,published
4822,time,5,pub_svm,,0.7104382126089369,0.5464750405866827,0.7615702596074092,published
4822,time,5,pub_xgboost,,0.7051228675374627,0.5458328689392951,0.749846846331724,published
220,umap,1,chemeleon,561.0,1.0132887242455555,-0.23569398578093081,0.12461116792820809,fitted
220,umap,1,knn,561.0,0.9982498672811355,-0.14434616717708404,0.19283536326428913,fitted
220,umap,1,lgbm,561.0,1.0005922119704205,-0.1430655224148385,0.18330358734622387,fitted
220,umap,1,median,561.0,0.9780813613596373,-0.03693092436579515,,fitted
220,umap,1,monroe35,561.0,0.921795334390207,-0.031045932438616308,0.2524119869494403,fitted
220,umap,1,pub_gnn,,1.111952781677246,-0.4013488292694092,0.0146509039045105,published
220,umap,1,pub_knn,,0.9982498665202107,-0.1443461663595691,0.1930137666493403,published
220,umap,1,pub_mlp,,1.0780918598175049,-0.3011043071746826,0.0069281681110955,published
220,umap,1,pub_rf,,1.0772442210650328,-0.2524412497183157,0.2865181473554207,published
220,umap,1,pub_svm,,0.9565372992981768,-0.0757143389747738,0.1324383265072843,published
220,umap,1,pub_xgboost,,0.984305295292934,-0.1416087520612281,0.1279663447650164,published
220,umap,2,chemeleon,294.0,0.5397613714237952,0.4593576381077564,0.7020849836727863,fitted
220,umap,2,knn,294.0,0.7848275622103094,-0.19096527711651712,0.3341085482483552,fitted
220,umap,2,lgbm,294.0,0.7444888441826015,0.04839834023578704,0.32037996067193053,fitted
220,umap,2,median,294.0,0.7585917865609554,-0.035919261915526635,,fitted
220,umap,2,monroe35,294.0,0.6379569024216674,0.27685733394685785,0.5139052035588165,fitted
220,umap,2,pub_gnn,,0.9094713926315308,-0.6442344188690186,0.1575837281355902,published
220,umap,2,pub_knn,,0.7848275608961475,-0.1909652719798378,0.3338863588055472,published
220,umap,2,pub_mlp,,0.6602516770362854,0.2045448422431945,0.5054614559058207,published
220,umap,2,pub_rf,,0.7742054511343758,0.1348978617671715,0.3924304618955722,published
220,umap,2,pub_svm,,0.7101189277424645,0.1370256741433175,0.4223138269461723,published
220,umap,2,pub_xgboost,,0.6815020590162483,0.0984387689630454,0.5121052572048918,published
220,umap,3,chemeleon,254.0,0.9020169361316677,0.019389891288804306,0.45797810718595905,fitted
220,umap,3,knn,254.0,0.9956685752296542,-0.1429593303723351,0.24214264584548503,fitted
220,umap,3,lgbm,254.0,1.0288832372462173,-0.2284650568270543,0.29312165476472557,fitted
220,umap,3,median,254.0,1.0996307504263685,-0.40021431566846366,,fitted
220,umap,3,monroe35,254.0,0.9955220153189991,-0.14752275932144654,0.3864731151015337,fitted
220,umap,3,pub_gnn,,0.928108811378479,0.0142284631729125,0.4533737757824409,published
220,umap,3,pub_knn,,0.9956685762141096,-0.1429593317500617,0.2421614643122019,published
220,umap,3,pub_mlp,,0.9827637076377868,-0.143768310546875,0.4644314052608512,published
220,umap,3,pub_rf,,0.763598620497851,-0.0426523252022319,0.0979802206865311,published
220,umap,3,pub_svm,,0.9701562891584276,-0.1212629958976061,0.2843103906246301,published
220,umap,3,pub_xgboost,,0.995847224339286,-0.1911213601728492,0.303501002381932,published
220,umap,4,chemeleon,335.0,0.7147413808201765,0.056285151973266556,0.4289522260469267,fitted
220,umap,4,knn,335.0,0.7612503081489235,0.08594003761180513,0.326047815242542,fitted
220,umap,4,lgbm,335.0,0.7506186654615091,0.0009589388588820968,0.3771081316631524,fitted
220,umap,4,median,335.0,0.7861102709738802,-0.052265317345966844,,fitted
220,umap,4,monroe35,335.0,0.7556587664684712,0.021585060218069385,0.22615539154499306,fitted
220,umap,4,pub_gnn,,0.8459820747375488,-0.1815539598464965,0.1774990192829365,published
220,umap,4,pub_knn,,0.761250307514269,0.0859400385719968,0.326047815242542,published
220,umap,4,pub_mlp,,0.7644049525260925,-0.0831482410430908,0.3344816359370407,published
220,umap,4,pub_rf,,0.7402979629759687,0.0796344527635184,0.2238148176594608,published
220,umap,4,pub_svm,,0.7339397923540473,0.017969917693894,0.2620841151614049,published
220,umap,4,pub_xgboost,,0.7907208280384278,-0.0735893776184037,0.1476655687636956,published
220,umap,5,chemeleon,255.0,0.6199594551560255,0.1696118184822646,0.4481550249291941,fitted
220,umap,5,knn,255.0,0.8100685455337737,-0.25641331286367364,0.2123529084032039,fitted
220,umap,5,lgbm,255.0,0.7266011920340847,-0.08922816946956735,0.3421659943243471,fitted
220,umap,5,median,255.0,0.8286327834397371,-0.07554411300677222,,fitted
220,umap,5,monroe35,255.0,0.6732314486351328,0.21892567205866642,0.5470379909405425,fitted
220,umap,5,pub_gnn,,0.6164295673370361,0.1671599745750427,0.4449199531319733,published
220,umap,5,pub_knn,,0.810068545254109,-0.2564133122995549,0.2123569274099093,published
220,umap,5,pub_mlp,,0.6532937288284302,0.1440274715423584,0.4275330917492016,published
220,umap,5,pub_rf,,0.9245234365362708,-0.1730506965588658,0.2619123542780886,published
220,umap,5,pub_svm,,0.7529718205136737,0.0348631913505808,0.219682411253741,published
220,umap,5,pub_xgboost,,0.8226086526569794,-0.1912546918224507,0.1124976998615333,published
230,umap,1,chemeleon,274.0,0.7503467537959357,-0.1704071933496838,-0.09249598241529859,fitted
230,umap,1,knn,274.0,0.8070363708075212,-0.3505823320304724,-0.005567562499991962,fitted
230,umap,1,lgbm,274.0,0.7414283327784864,-0.18701551220434154,0.004946124810077993,fitted
230,umap,1,median,274.0,0.7274934046097233,-0.025835148239469863,,fitted
230,umap,1,monroe35,274.0,0.7079690023555535,0.012067865303166725,0.12702256939045053,fitted
230,umap,1,pub_gnn,,0.8035880327224731,-0.4247313737869262,-0.0389829665661459,published
230,umap,1,pub_knn,,0.8070363705616356,-0.3505823318213057,-0.0055675624999919,published
230,umap,1,pub_mlp,,0.7719438672065735,-0.320069670677185,0.0470609545674818,published
230,umap,1,pub_rf,,0.6802502715174572,-0.1623597059250823,-0.1420251136665207,published
230,umap,1,pub_svm,,0.7205037180931836,-0.0210860557762857,-0.0180655891629343,published
230,umap,1,pub_xgboost,,0.7234399786655283,-0.0579761249743273,0.1325564426808249,published
230,umap,2,chemeleon,216.0,0.6967419201183737,-0.6395911315373002,-0.11116896794484062,fitted
230,umap,2,knn,216.0,0.6358390947693257,-0.3937473804394833,0.05493674845372303,fitted
230,umap,2,lgbm,216.0,0.68706620780073,-0.500401727456415,-0.13746036297764988,fitted
230,umap,2,median,216.0,0.5696594839598322,-0.0027347476030117335,,fitted
230,umap,2,monroe35,216.0,0.6268246396443792,-0.33917397466559285,-0.07070913692079202,fitted
230,umap,2,pub_gnn,,0.8410193920135498,-1.290639877319336,-0.0325720991391983,published
230,umap,2,pub_knn,,0.6358390942098543,-0.3937473791176846,0.054936748453723,published
230,umap,2,pub_mlp,,0.7053452730178833,-0.539575457572937,-0.1565502584300479,published
230,umap,2,pub_rf,,0.6989150626217213,0.0059192753557933,0.2326998427568364,published
230,umap,2,pub_svm,,0.5970520305712967,-0.143270222392533,-0.0795913405907038,published
230,umap,2,pub_xgboost,,0.6870307697057612,-0.5012685141843687,-0.1405747045846391,published
230,umap,3,chemeleon,211.0,0.8626871813119784,-0.46024930494114713,-0.08198831240201822,fitted
230,umap,3,knn,211.0,0.8233073022449204,-0.5626639252974293,0.237104619291467,fitted
230,umap,3,lgbm,211.0,0.7303769268804065,-0.10437990278141651,0.2118373605600995,fitted
230,umap,3,median,211.0,0.7271306343055767,-0.012616692573658161,,fitted
230,umap,3,monroe35,211.0,0.7188215881342387,-0.037529156518983475,0.14034079189562038,fitted
230,umap,3,pub_gnn,,1.0370688438415527,-1.0077135562896729,-0.5030898974096386,published
230,umap,3,pub_knn,,0.8233073022449205,-0.5626639252974293,0.236785594433826,published
230,umap,3,pub_mlp,,0.7143695950508118,-0.0315024852752685,0.197486117051026,published
230,umap,3,pub_rf,,0.7118379981110986,-0.0149166585448496,0.0408281810217929,published
230,umap,3,pub_svm,,0.7219988516216311,-0.0201841916085274,0.1513430115227743,published
230,umap,3,pub_xgboost,,0.7818671167014157,-0.2118840253457852,-0.0839522709202946,published
230,umap,4,chemeleon,224.0,0.8878656359544096,-0.2543477302453123,0.09812222697350535,fitted
230,umap,4,knn,224.0,0.9063336977587869,-0.3355410822509173,0.1098560713387236,fitted
230,umap,4,lgbm,224.0,1.021777113816207,-0.7639216398372348,-0.11657012114663787,fitted
230,umap,4,median,224.0,0.8663241792660491,-0.19738438357906274,,fitted
230,umap,4,monroe35,224.0,0.8911632499615258,-0.2737427662646388,-0.05200512731000899,fitted
230,umap,4,pub_gnn,,0.9395516514778136,-0.3570079803466797,0.0646319181478871,published
230,umap,4,pub_knn,,0.9063336970661584,-0.3355410791076303,0.1098904766336596,published
230,umap,4,pub_mlp,,0.8398918509483337,-0.2262554168701172,0.2629250724144216,published
230,umap,4,pub_rf,,0.8081426634816681,-0.2035873641737735,0.0390962259908446,published
230,umap,4,pub_svm,,0.8582621693866432,-0.2119885758186033,0.0452330146346972,published
230,umap,4,pub_xgboost,,0.8777521945985107,-0.3826631962733084,0.1210708487332809,published
230,umap,5,chemeleon,241.0,0.6649777881183184,-0.11637278732128786,0.0404849847903101,fitted
230,umap,5,knn,241.0,0.7129574208784558,-0.1374978327830867,0.09974170644194352,fitted
230,umap,5,lgbm,241.0,0.7726439641187811,-0.28207656284695326,-0.1703752397701062,fitted
230,umap,5,median,241.0,0.6684575552503504,-0.030506213469293053,,fitted
230,umap,5,monroe35,241.0,0.6659527809290751,-0.03588409346014387,0.0499898084715979,fitted
230,umap,5,pub_gnn,,0.9390597939491272,-1.0331404209136963,-0.3415135060207379,published
230,umap,5,pub_knn,,0.7129574210811042,-0.137497831948643,0.0997417064419435,published
230,umap,5,pub_mlp,,0.7169808149337769,-0.2995734214782715,-0.0062611038059301,published
230,umap,5,pub_rf,,0.7177802246553631,-0.2010532262565001,0.10888346543087,published
230,umap,5,pub_svm,,0.6654261866141934,-0.032697450008323,0.0993880570875074,published
230,umap,5,pub_xgboost,,0.7311434654401214,-0.3998958990646823,0.0012787142731689,published
260,umap,1,chemeleon,415.0,0.8000788252067624,-0.18497870124240956,0.3263756563901549,fitted
260,umap,1,knn,415.0,0.9634594767168239,-0.6531673355191201,-0.06373735491721214,fitted
260,umap,1,lgbm,415.0,0.7806851970130623,-0.08921164778844037,0.14653878649734925,fitted
260,umap,1,median,415.0,0.856301400854851,-0.36984967951203696,,fitted
260,umap,1,monroe35,415.0,0.7010299971317409,0.12285551327336464,0.3992759161345329,fitted
260,umap,1,pub_gnn,,0.90118408203125,-0.4582102298736572,0.0388705290744037,published
260,umap,1,pub_knn,,0.9634594768588864,-0.6531673360653147,-0.0637479352714705,published
260,umap,1,pub_mlp,,0.7689383029937744,-0.1839268207550048,0.3733798315636162,published
260,umap,1,pub_rf,,0.9610675171672391,-0.0401369209686435,0.0554227818324805,published
260,umap,1,pub_svm,,0.7444668462533183,0.0424354011330859,0.2082724487855916,published
260,umap,1,pub_xgboost,,0.751696377892435,-0.063349395751683,0.2221488501131294,published
260,umap,2,chemeleon,297.0,1.0020968258698548,-0.5717894970164348,0.3055175903088542,fitted
260,umap,2,knn,297.0,1.1230348648993198,-0.8443033490295404,-0.026537113511541557,fitted
260,umap,2,lgbm,297.0,1.1006542056758573,-0.8458471108932477,0.15465525599495303,fitted
260,umap,2,median,297.0,1.012458829501878,-0.4378349831880406,,fitted
260,umap,2,monroe35,297.0,0.9409635309413792,-0.31023386057852176,0.31778388973294824,fitted
260,umap,2,pub_gnn,,1.0210652351379397,-0.6842654943466187,0.076229839283733,published
260,umap,2,pub_knn,,1.123034864362609,-0.844303346734335,-0.0265371135115415,published
260,umap,2,pub_mlp,,1.1680338382720947,-1.0304441452026367,0.2471472557862541,published
260,umap,2,pub_rf,,1.1570260672013175,-0.657005783595491,0.1656415771568905,published
260,umap,2,pub_svm,,0.9328231392764512,-0.2769423391404759,0.2888724164390435,published
260,umap,2,pub_xgboost,,1.2135795216292524,-1.1588200844071932,-0.0495955892353756,published
260,umap,3,chemeleon,242.0,0.7662803129448352,0.31464193774824456,0.6409414085664233,fitted
260,umap,3,knn,242.0,0.9338462655923744,-0.1890498405594081,0.26946857309878397,fitted
260,umap,3,lgbm,242.0,0.8808773669580556,0.13079810044959383,0.4422412683378436,fitted
260,umap,3,median,242.0,1.0122182554953048,-0.08628955549716255,,fitted
260,umap,3,monroe35,242.0,0.7946137202742196,0.28237523706487166,0.6107881328863219,fitted
260,umap,3,pub_gnn,,0.8027963042259216,0.2947033643722534,0.5165665035803279,published
260,umap,3,pub_knn,,0.9338462668214252,-0.1890498421805411,0.2694685730987839,published
260,umap,3,pub_mlp,,0.7587504982948303,0.2745193839073181,0.5715890015328833,published
260,umap,3,pub_rf,,0.9163457389086817,0.1329131992037269,0.2634213435831938,published
260,umap,3,pub_svm,,0.952477680454081,0.0379917033031083,0.4985129014416581,published
260,umap,3,pub_xgboost,,0.9069166564204568,0.0613192681646408,0.370260039482608,published
260,umap,4,chemeleon,206.0,0.7691907516817224,0.34040991126130915,0.4949357950445684,fitted
260,umap,4,knn,206.0,0.8721002209855618,0.08673352908256671,0.31492792367452777,fitted
260,umap,4,lgbm,206.0,0.8096147292597389,0.2833765613038335,0.4033291419377281,fitted
260,umap,4,median,206.0,0.9795841790420003,-0.007274823884309445,,fitted
260,umap,4,monroe35,206.0,0.699430933243625,0.44995946908365525,0.7054153639718217,fitted
260,umap,4,pub_gnn,,1.0275497436523438,-0.097176194190979,0.5718447217521103,published
260,umap,4,pub_knn,,0.8721002208123811,0.0867335296371746,0.3149280317537262,published
260,umap,4,pub_mlp,,0.902071177959442,0.2019866108894348,0.3915609394852005,published
260,umap,4,pub_rf,,0.7531643471091503,0.0282456948123137,0.2317794814374491,published
260,umap,4,pub_svm,,0.8155486819409626,0.2955909002975515,0.5012162880419804,published
260,umap,4,pub_xgboost,,0.8090821134512978,0.2850258415983743,0.4773936504487301,published
260,umap,5,chemeleon,191.0,0.6307133921115868,0.5501203806941883,0.658156407076559,fitted
260,umap,5,knn,191.0,0.9104142240679591,0.1151364399830388,0.4638902846590501,fitted
260,umap,5,lgbm,191.0,0.8853997185828942,0.16571888304240434,0.5268750258722077,fitted
260,umap,5,median,191.0,1.139184762731395,-0.23148908762970533,,fitted
260,umap,5,monroe35,191.0,0.7501034209301046,0.3865438337704157,0.6760549918110803,fitted
260,umap,5,pub_gnn,,0.938631236553192,0.0852959752082824,0.5156299380847204,published
260,umap,5,pub_knn,,0.910414225460198,0.1151364374845813,0.4638765065155769,published
260,umap,5,pub_mlp,,0.6918461322784424,0.484887421131134,0.625480833453686,published
260,umap,5,pub_rf,,0.8819232476042109,-0.285160940424374,-0.1272038269156703,published
260,umap,5,pub_svm,,0.8411637905760599,0.2929522608526426,0.6529250430033227,published
260,umap,5,pub_xgboost,,0.7825105283619883,0.3386424145143287,0.5782698384755958,published
262,umap,1,chemeleon,163.0,0.7893467081598307,-0.30419996760200574,0.0319776101333477,fitted
262,umap,1,knn,163.0,0.9185930965843958,-0.4881866318399357,0.16134373212201206,fitted
262,umap,1,lgbm,163.0,0.9615766740532863,-0.6830015133965246,-0.19979286529086876,fitted
262,umap,1,median,163.0,0.8003345976366286,-0.06885958973112549,,fitted
262,umap,1,monroe35,163.0,0.7556915322373836,-0.15638792039419203,-0.10959951785044784,fitted
262,umap,1,pub_gnn,,1.0371809005737305,-1.0156104564666748,-0.2760550852364056,published
262,umap,1,pub_knn,,0.9185930961039984,-0.4881866283603644,0.161343732122012,published
262,umap,1,pub_mlp,,0.7394846081733704,-0.0284638404846191,0.1286185261166247,published
262,umap,1,pub_rf,,0.720923959667286,-0.0363678336821011,0.1733438793135487,published
262,umap,1,pub_svm,,0.7528753122831625,-0.1317692689867753,-0.0002133688024495,published
262,umap,1,pub_xgboost,,0.8119511020049891,-0.33665292538569,-0.1529025527062555,published
262,umap,2,chemeleon,382.0,1.0850094863177981,-0.1014771523603788,0.05138051317408608,fitted
262,umap,2,knn,382.0,1.1492296206217272,-0.2630922611547244,0.052336033940106885,fitted
262,umap,2,lgbm,382.0,1.093753130623143,-0.1885898471305112,-0.015607739944069932,fitted
262,umap,2,median,382.0,1.0661592239922721,-0.052998267517174735,,fitted
262,umap,2,monroe35,382.0,1.1042024717717593,-0.11866092113465165,-0.158796916997484,fitted
262,umap,2,pub_gnn,,1.1601725816726685,-0.3235089778900146,0.0603145323750974,published
262,umap,2,pub_knn,,1.1492296208100738,-0.2630922613984126,0.0523360339401068,published
262,umap,2,pub_mlp,,1.0335708856582642,-0.0639504194259643,0.1618519297197671,published
262,umap,2,pub_rf,,0.9276454888820392,-0.2265620847845293,0.1429136248580422,published
262,umap,2,pub_svm,,1.0199048064088545,0.0277589804713324,0.2335783299995671,published
262,umap,2,pub_xgboost,,1.072831135928073,-0.1440681149068137,0.0115885042810049,published
262,umap,3,chemeleon,165.0,0.9828267249585079,-0.5839720786292171,0.136850604805977,fitted
262,umap,3,knn,165.0,0.8347911888080578,-0.2685551643998203,0.11229992240334924,fitted
262,umap,3,lgbm,165.0,0.7493619645831616,-0.06436863634452927,0.2764701993317551,fitted
262,umap,3,median,165.0,0.7306068308329265,-6.831712637378473e-06,,fitted
262,umap,3,monroe35,165.0,0.8052908238629457,-0.1382458267641411,0.11346980593699489,fitted
262,umap,3,pub_gnn,,0.7462466955184937,0.0389362573623657,0.2324014541143501,published
262,umap,3,pub_knn,,0.834791188744395,-0.2685551650840889,0.1122999224033492,published
262,umap,3,pub_mlp,,0.9272840023040771,-0.4902706146240234,-0.0201683433571046,published
262,umap,3,pub_rf,,0.7314365245260765,-0.1853728389802666,0.1525092761237288,published
262,umap,3,pub_svm,,0.7714655656535617,-0.0575691361189403,0.2777097663650284,published
262,umap,3,pub_xgboost,,0.7643214986065181,-0.1081072816497192,0.385228849098109,published
262,umap,4,chemeleon,154.0,0.6867018700764863,0.06284010450330191,0.3817835752784022,fitted
262,umap,4,knn,154.0,0.7755774959751035,-0.16636908158989838,0.26611680946264293,fitted
262,umap,4,lgbm,154.0,0.8245975496703927,-0.330610501853136,0.07507066921998716,fitted
262,umap,4,median,154.0,0.7673876213435364,-0.031921644072804956,,fitted
262,umap,4,monroe35,154.0,0.7026877189299021,0.08994523894408979,0.4211199082243487,fitted
262,umap,4,pub_gnn,,0.8633077144622803,-0.5011163949966431,0.3572488889580521,published
262,umap,4,pub_knn,,0.7755774965003028,-0.1663690823987393,0.2661168094626429,published
262,umap,4,pub_mlp,,0.7569894194602966,-0.0483325719833374,0.167379996612495,published
262,umap,4,pub_rf,,1.0018239825530126,-0.2329708415019744,0.0820649899744426,published
262,umap,4,pub_svm,,0.7415526534057856,-0.0235549582226746,0.4205871052690226,published
262,umap,4,pub_xgboost,,0.7480893992221591,-0.051733055895798,0.2910799476351236,published
262,umap,5,chemeleon,136.0,1.0333332145047152,-0.7358308513469856,-0.04532842873935433,fitted
262,umap,5,knn,136.0,0.9988591968007917,-0.6339808485596325,-0.13397206927431957,fitted
262,umap,5,lgbm,136.0,1.0517504518103842,-0.8407525045152806,-0.01338142930521255,fitted
262,umap,5,median,136.0,1.066044480530627,-0.947211529571724,,fitted
262,umap,5,monroe35,136.0,0.8931279630152105,-0.2992145251244489,0.21435336809485508,fitted
262,umap,5,pub_gnn,,1.0760047435760498,-0.927152156829834,-0.0648721386463433,published
262,umap,5,pub_knn,,0.998859198630438,-0.6339808475588677,-0.1339720692743195,published
262,umap,5,pub_mlp,,1.1958330869674685,-1.134895086288452,0.0932477350371791,published
262,umap,5,pub_rf,,1.2074051387659788,-0.936191393023937,0.1739879137383816,published
262,umap,5,pub_svm,,1.0349619715285157,-0.7643627422878942,-0.1000040566261186,published
262,umap,5,pub_xgboost,,1.02248388281124,-0.7076442873801214,-0.0459591871946001,published
279,umap,1,chemeleon,547.0,0.9118418087938914,-0.09152703500827264,0.28505999490468914,fitted
279,umap,1,knn,547.0,0.8881687883404719,-0.03598610039316541,0.32085515961292904,fitted
279,umap,1,lgbm,547.0,0.9094943644774842,-0.034631217886727406,0.22982301546034045,fitted
279,umap,1,median,547.0,0.9035810001735703,-0.014172111052401792,,fitted
279,umap,1,monroe35,547.0,0.8453778095460677,0.11413104779591421,0.32696568743516596,fitted
279,umap,1,pub_gnn,,1.0034193992614746,-0.3062503337860107,0.2292443461560945,published
279,umap,1,pub_knn,,0.8881687887686334,-0.0359861012081628,0.320855159612929,published
279,umap,1,pub_mlp,,0.8880639672279358,-0.0728909969329834,0.2319230940302561,published
279,umap,1,pub_rf,,0.8472198497262217,-0.0972111532958051,0.1401360684095907,published
279,umap,1,pub_svm,,0.8544022828583986,0.0852193371789369,0.3482405230882263,published
279,umap,1,pub_xgboost,,0.9446525819821266,-0.0945944986431621,0.170562287862258,published
279,umap,2,chemeleon,418.0,0.8137982747702236,-0.13071125485442492,0.323762774354535,fitted
279,umap,2,knn,418.0,0.8882535995700361,-0.2207151030972634,0.33295047512898657,fitted
279,umap,2,lgbm,418.0,0.8387983283068912,-0.06635461452853919,0.44593463029221964,fitted
279,umap,2,median,418.0,0.8768134620957393,-0.24286948501662486,,fitted
279,umap,2,monroe35,418.0,0.8047756313711522,0.0018111644141738381,0.5342282087233411,fitted
279,umap,2,pub_gnn,,1.0679763555526731,-0.8294881582260132,0.3357603415722403,published
279,umap,2,pub_knn,,0.8882536002089017,-0.22071510490253,0.3329494069625014,published
279,umap,2,pub_mlp,,0.935437262058258,-0.3288954496383667,0.3558119335416868,published
279,umap,2,pub_rf,,0.7482900072566241,0.0719909480907968,0.3610307191362896,published
279,umap,2,pub_svm,,0.8363502352228434,-0.0707193095864635,0.3596600114059666,published
279,umap,2,pub_xgboost,,0.940499802708386,-0.3860023913937545,0.1351850114034382,published
279,umap,3,chemeleon,602.0,0.839967911237985,-0.006597974604771517,0.1756585788307429,fitted
279,umap,3,knn,602.0,1.0072721086721845,-0.39432742213854444,0.0412363355464061,fitted
279,umap,3,lgbm,602.0,0.8821295592733088,-0.12037164344432205,0.06517187706725444,fitted
279,umap,3,median,602.0,0.9495239054798428,-0.19429826919695703,,fitted
279,umap,3,monroe35,602.0,0.8043126944189982,0.09085939929369591,0.2332460401915163,fitted
279,umap,3,pub_gnn,,1.0581557750701904,-0.624674916267395,0.0259146285083699,published
279,umap,3,pub_knn,,1.0072721094598325,-0.394327424058162,0.0412363355464061,published
279,umap,3,pub_mlp,,0.9498025178909302,-0.301784873008728,0.0456415518428916,published
279,umap,3,pub_rf,,1.10240500886382,-0.060422612832373,0.394997143892851,published
279,umap,3,pub_svm,,0.8659511965761143,-0.0785792127375546,0.082634452539375,published
279,umap,3,pub_xgboost,,0.8352612514394929,0.0251110563058729,0.1594468176620612,published
279,umap,4,chemeleon,382.0,1.1589265960457038,-0.761161844459098,-0.026355738379175698,fitted
279,umap,4,knn,382.0,1.0908886546770058,-0.5889644600033404,0.03216366008476608,fitted
279,umap,4,lgbm,382.0,1.1206353517196248,-0.6691469582858995,-0.03278017447384293,fitted
279,umap,4,median,382.0,0.9597167708194034,-0.11780172231795549,,fitted
279,umap,4,monroe35,382.0,1.0283036350611012,-0.38579187168688245,0.04708078733501424,fitted
279,umap,4,pub_gnn,,1.0977941751480105,-0.5646588802337646,0.0119811727708543,published
279,umap,4,pub_knn,,1.0908886543554108,-0.5889644580920366,0.032163660084766,published
279,umap,4,pub_mlp,,1.190945029258728,-0.8545060157775879,0.0032067266031473,published
279,umap,4,pub_rf,,0.996839646807847,-0.1190231028919239,-0.0747250748704309,published
279,umap,4,pub_svm,,1.112125546011782,-0.589296441698163,-0.0049344688309046,published
279,umap,4,pub_xgboost,,1.1649469368246792,-0.8706238029530955,-0.1324433737385301,published
279,umap,5,chemeleon,324.0,0.6841191149653566,0.3151886647653058,0.5269442095435679,fitted
279,umap,5,knn,324.0,1.0704266411098597,-0.5235370060047293,0.1727465095011398,fitted
279,umap,5,lgbm,324.0,0.8105980377063466,0.018785607796303894,0.34635590850081305,fitted
279,umap,5,median,324.0,1.0746746752768177,-0.48826167573430257,,fitted
279,umap,5,monroe35,324.0,0.8561251899607779,0.003743520471497175,0.3647603059932817,fitted
279,umap,5,pub_gnn,,0.8241757750511169,-0.0750031471252441,0.2025420024269055,published
279,umap,5,pub_knn,,1.0704266418898891,-0.5235370089673339,0.1727465095011398,published
279,umap,5,pub_mlp,,0.8061779737472534,0.0175569653511047,0.2656090389972748,published
279,umap,5,pub_rf,,0.8719855016693435,0.0156159080466496,0.123140094310704,published
279,umap,5,pub_svm,,0.8194730057633264,0.0628077586437901,0.2817687652510962,published
279,umap,5,pub_xgboost,,0.9138008539808607,-0.1583190467646449,0.1158086143646855,published
284,umap,1,chemeleon,212.0,0.4550332166039963,-0.13267787562961475,0.2734170360115831,fitted
284,umap,1,knn,212.0,0.5714232386727482,-0.6429574508022284,0.08882640491538416,fitted
284,umap,1,lgbm,212.0,0.479880064193208,-0.15870615621370776,0.194719824241826,fitted
284,umap,1,median,212.0,0.4503741600655526,-0.20281079184779816,,fitted
284,umap,1,monroe35,212.0,0.47252928005621336,-0.0975106622353008,0.22752552408483423,fitted
284,umap,1,pub_gnn,,0.6219707727432251,-1.2804954051971436,0.1397583381372684,published
284,umap,1,pub_knn,,0.5714232376527243,-0.6429574460697385,0.0888264049153841,published
284,umap,1,pub_mlp,,0.5593883395195007,-0.5305087566375732,0.1228750679070609,published
284,umap,1,pub_rf,,0.6970337340376734,-0.0572007196328774,0.1585843276162029,published
284,umap,1,pub_svm,,0.4728973407136163,-0.0865680608853411,0.1296334139014879,published
284,umap,1,pub_xgboost,,0.6615534746504845,-1.2934530747453836,0.0938549202955869,published
284,umap,2,chemeleon,218.0,1.0627284945007638,-0.3324490320048936,0.4995464975879308,fitted
284,umap,2,knn,218.0,0.9728255438122023,-0.2868240565273008,0.11918662425720082,fitted
284,umap,2,lgbm,218.0,0.8674094666890091,-0.047052877916770486,0.3058808340590978,fitted
284,umap,2,median,218.0,0.9561350099212724,-0.1658560828491238,,fitted
284,umap,2,monroe35,218.0,0.8882332470489969,0.02346183389585088,0.49045789469568574,fitted
284,umap,2,pub_gnn,,0.9491193294525146,-0.1320705413818359,0.3917088226388277,published
284,umap,2,pub_knn,,0.9728255441717826,-0.2868240566868902,0.1191866242572008,published
284,umap,2,pub_mlp,,1.1223571300506592,-0.6434425115585327,0.088961390418058,published
284,umap,2,pub_rf,,0.8137382393974374,-0.0475918595276898,0.2003124469903278,published
284,umap,2,pub_svm,,1.0520534641864565,-0.4025884016558088,0.2788553880002749,published
284,umap,2,pub_xgboost,,0.9393143268356936,-0.104224143919259,0.3170960139591383,published
284,umap,3,chemeleon,300.0,0.8974199466054003,-0.08245075623490372,0.1943569487988881,fitted
284,umap,3,knn,300.0,0.9913039019157622,-0.28328772732138807,0.2139616430930351,fitted
284,umap,3,lgbm,300.0,0.9121144811585085,-0.11165447317183608,0.2274733983185502,fitted
284,umap,3,median,300.0,0.9431743364813,-0.1216519052930054,,fitted
284,umap,3,monroe35,300.0,0.8310816857777782,0.08364517992576903,0.3548240785643807,fitted
284,umap,3,pub_gnn,,1.8717195987701416,-3.320840358734131,0.2199652615070887,published
284,umap,3,pub_knn,,0.9913039020796413,-0.2832877259326678,0.2139616430930351,published
284,umap,3,pub_mlp,,0.848080575466156,-0.0460219383239746,0.3273268375095864,published
284,umap,3,pub_rf,,0.9374011124297924,-0.3557723481606958,0.1116794625284413,published
284,umap,3,pub_svm,,0.8776978302283215,-0.0471607932853319,0.2880380168078981,published
284,umap,3,pub_xgboost,,0.9373303139141498,-0.1172742444708263,0.1369861902618926,published
284,umap,4,chemeleon,349.0,0.9624615925110149,-0.43337916412549604,0.10994323725367076,fitted
284,umap,4,knn,349.0,0.8958791921343532,-0.37456679598239306,0.06106996727836138,fitted
284,umap,4,lgbm,349.0,0.9350899092052133,-0.31794843775545156,-0.1326412656995196,fitted
284,umap,4,median,349.0,0.8670910353981421,-0.07293009412755636,,fitted
284,umap,4,monroe35,349.0,0.8812691357915298,-0.21675630131866663,0.03495580680492103,fitted
284,umap,4,pub_gnn,,0.8622835278511047,-0.1450649499893188,0.5220670996710538,published
284,umap,4,pub_knn,,0.8958791922235569,-0.3745667966857839,0.0610699672783613,published
284,umap,4,pub_mlp,,1.1435948610305786,-0.8901948928833008,0.4149465910502835,published
284,umap,4,pub_rf,,0.9011307029750402,-0.3567168654297792,-0.0610836973250771,published
284,umap,4,pub_svm,,0.9446162973024208,-0.3669174335777614,0.205911803877983,published
284,umap,4,pub_xgboost,,0.8955996075583759,-0.2207977283730304,-0.0480042719022311,published
284,umap,5,chemeleon,237.0,0.6126248608631415,0.0933842260593919,0.3085081905993467,fitted
284,umap,5,knn,237.0,0.765086831190189,-0.44682763296096484,0.08225459851702152,fitted
284,umap,5,lgbm,237.0,0.7275755345101105,-0.29574749527795174,0.040999430732790484,fitted
284,umap,5,median,237.0,0.6558824133741097,-0.0017696281852346285,,fitted
284,umap,5,monroe35,237.0,0.6751417545764894,-0.11761300831589971,0.006538954155324889,fitted
284,umap,5,pub_gnn,,0.6410555839538574,0.0044965147972106,0.323347158666311,published
284,umap,5,pub_knn,,0.7650868311552428,-0.4468276343094362,0.0822545985170215,published
284,umap,5,pub_mlp,,0.7819206118583679,-0.5333302021026611,-0.0166689917707361,published
284,umap,5,pub_rf,,0.770046695968566,0.0940678938582687,0.3259891142343754,published
284,umap,5,pub_svm,,0.6869425494370223,-0.1200464567230437,0.0744891766595905,published
284,umap,5,pub_xgboost,,0.824025164468991,-0.6226284388673202,-0.2258429548356382,published
1865,umap,1,chemeleon,163.0,0.7518990253391068,-0.03746101640577337,0.5370769181017127,fitted
1865,umap,1,knn,163.0,0.7641762717371127,-0.4314881924211369,0.25929674737609176,fitted
1865,umap,1,lgbm,163.0,0.5706787318442149,0.40011367364964123,0.6331272077789214,fitted
1865,umap,1,median,163.0,0.7245864812633283,-0.00045205061887210185,,fitted
1865,umap,1,monroe35,163.0,0.6328032915737345,0.18983138218474427,0.43617428770561223,fitted
1865,umap,1,pub_gnn,,0.7356600165367126,-0.05731201171875,-0.1457297110332518,published
1865,umap,1,pub_knn,,0.7641762713884849,-0.4314881927693308,0.2592967473760917,published
1865,umap,1,pub_mlp,,0.6006888151168823,0.3113757967948913,0.6615144806377303,published
1865,umap,1,pub_rf,,0.9097534482154372,-0.2448911137225726,-0.2420191130082056,published
1865,umap,1,pub_svm,,0.5713910652484837,0.3064027828424874,0.6367078435388727,published
1865,umap,1,pub_xgboost,,0.5976424510197642,0.3224203903948853,0.6063849244166909,published
1865,umap,2,chemeleon,245.0,0.8477074820610807,-0.010669508405907191,0.29055542579992,fitted
1865,umap,2,knn,245.0,0.9734405931616321,-0.45627324116089163,0.1934800920221814,fitted
1865,umap,2,lgbm,245.0,0.8515615953418395,-0.058091319674099307,0.271553088849442,fitted
1865,umap,2,median,245.0,0.8772894280147208,-0.05909439978256392,,fitted
1865,umap,2,monroe35,245.0,0.8032189391040782,0.07477289335877935,0.34359836922324666,fitted
1865,umap,2,pub_gnn,,0.8944908380508423,-0.1456708908081054,0.0906158473267661,published
1865,umap,2,pub_knn,,0.9734405935896546,-0.4562732410315846,0.1934576516477861,published
1865,umap,2,pub_mlp,,0.8852325081825256,-0.170304536819458,0.2747734799992872,published
1865,umap,2,pub_rf,,0.7467765820135067,0.0099595287937362,0.3346486107057536,published
1865,umap,2,pub_svm,,0.7900711312450762,0.1336567101360439,0.5264117783285575,published
1865,umap,2,pub_xgboost,,0.7788188049122876,0.1003348808477951,0.3463314154969067,published
1865,umap,3,chemeleon,220.0,0.7905527357945927,0.1627411182991081,0.43547058313180664,fitted
1865,umap,3,knn,220.0,0.9432824252546579,-0.18400996565760308,0.1954585464478017,fitted
1865,umap,3,lgbm,220.0,0.8029195476267581,0.1070296839646796,0.34380169351282247,fitted
1865,umap,3,median,220.0,0.8750826322229505,-0.04577532592222511,,fitted
1865,umap,3,monroe35,220.0,0.8091767869224227,0.1238223897728975,0.38323473768475946,fitted
1865,umap,3,pub_gnn,,0.964638888835907,-0.4664486646652221,0.2576567155046565,published
1865,umap,3,pub_knn,,0.9432824249101386,-0.1840099630709719,0.1954585464478017,published
1865,umap,3,pub_mlp,,0.8389939665794373,0.0467553734779357,0.3137802282736146,published
1865,umap,3,pub_rf,,0.7811149831454265,0.1036350278012218,0.2175457575509703,published
1865,umap,3,pub_svm,,0.7491385726510165,0.233516896868098,0.5129630236459718,published
1865,umap,3,pub_xgboost,,0.7893074231783335,0.1410511726134582,0.4286526548918007,published
1865,umap,4,chemeleon,171.0,0.6789759751135415,0.0485663611442444,0.28571171435416876,fitted
1865,umap,4,knn,171.0,0.9612292651887137,-0.8477558291042417,-0.004593775482588103,fitted
1865,umap,4,lgbm,171.0,0.7394217790726914,-0.08535387388037452,0.2515343866100878,fitted
1865,umap,4,median,171.0,0.753935026606807,-0.16487377948275284,,fitted
1865,umap,4,monroe35,171.0,0.6542425635528197,0.11312367872836548,0.3949716525640674,fitted
1865,umap,4,pub_gnn,,0.8564408421516418,-0.5268599987030029,-0.1336384599207994,published
1865,umap,4,pub_knn,,0.961229265194922,-0.8477558327142933,-0.0045937754825881,published
1865,umap,4,pub_mlp,,0.7815231680870056,-0.2786475419998169,0.0239360569135304,published
1865,umap,4,pub_rf,,0.6576066913061398,0.055440433153112,0.4655178120778908,published
1865,umap,4,pub_svm,,0.6507064670464128,0.1108860000316869,0.3154516932061064,published
1865,umap,4,pub_xgboost,,0.7443785874392129,-0.1368079120956418,0.1444865596919167,published
1865,umap,5,chemeleon,235.0,0.8144578144071732,-0.14636563903164657,0.1343445297204727,fitted
1865,umap,5,knn,235.0,0.8109970452708112,-0.08463100275719282,0.27291687424609135,fitted
1865,umap,5,lgbm,235.0,0.8199688538976106,-0.22660313132713794,0.23925598505129467,fitted
1865,umap,5,median,235.0,0.7912488395874879,-0.00219118102854976,,fitted
1865,umap,5,monroe35,235.0,0.7747279396393781,-0.15172867196181228,0.1745985108635908,fitted
1865,umap,5,pub_gnn,,0.9550995230674744,-0.5948445796966553,0.0565366254347856,published
1865,umap,5,pub_knn,,0.8109970455862088,-0.0846310033964243,0.2734722514438237,published
1865,umap,5,pub_mlp,,0.9485990405082704,-0.5647884607315063,0.354484871369646,published
1865,umap,5,pub_rf,,0.6513407647019539,0.3448510696715057,0.6359057835210173,published
1865,umap,5,pub_svm,,0.7997425565823186,-0.0793624659216889,0.2584959379058692,published
1865,umap,5,pub_xgboost,,0.7862805022073749,-0.038189987303832,0.3896799386743191,published
2409,umap,1,chemeleon,199.0,1.0753213435262414,-0.30896598171833367,0.0952543398746892,fitted
2409,umap,1,knn,199.0,1.16110341531532,-0.625436803344086,0.12921214671071407,fitted
2409,umap,1,lgbm,199.0,1.000617238021692,-0.1036647592916351,0.05916638482520386,fitted
2409,umap,1,median,199.0,1.1157936569979856,-0.3669805530292496,,fitted
2409,umap,1,monroe35,199.0,1.005246605565634,-0.1335467909569601,0.11338598549961805,fitted
2409,umap,1,pub_gnn,,1.1098390817642212,-0.371294617652893,0.0845894722187697,published
2409,umap,1,pub_knn,,1.1611034157123885,-0.6254368025607582,0.129212146710714,published
2409,umap,1,pub_mlp,,0.990130603313446,-0.1490246057510376,0.092439400263905,published
2409,umap,1,pub_rf,,0.8343474690772746,0.2871258206067222,0.6270034013571659,published
2409,umap,1,pub_svm,,0.9890039817818376,-0.1062803148335915,0.0224864119901595,published
2409,umap,1,pub_xgboost,,1.0154055369268398,-0.1700981584511536,0.0396182999508313,published
2409,umap,2,chemeleon,277.0,1.3497299729986314,-1.739364018084932,0.16916200064937847,fitted
2409,umap,2,knn,277.0,0.9226714466792661,-0.31376495538114746,0.21288613023896827,fitted
2409,umap,2,lgbm,277.0,0.928976462669078,-0.3206352612963892,0.33275810645933307,fitted
2409,umap,2,median,277.0,0.810257788067914,-0.014923360212426573,,fitted
2409,umap,2,monroe35,277.0,0.7134429913243173,0.2276974420974942,0.5689318538859086,fitted
2409,umap,2,pub_gnn,,0.8101341724395752,0.0351684093475341,0.568231417587251,published
2409,umap,2,pub_knn,,0.9226714454586638,-0.3137649525337127,0.2129168130264212,published
2409,umap,2,pub_mlp,,1.1143085956573486,-1.1035254001617432,0.2825317914573172,published
2409,umap,2,pub_rf,,0.8779502251643508,-0.0358641366242751,0.1182162670366813,published
2409,umap,2,pub_svm,,1.0687871147674204,-0.7568552439652021,0.4052817879426785,published
2409,umap,2,pub_xgboost,,1.0158847531176611,-0.5074484644868604,0.3393000248938163,published
2409,umap,3,chemeleon,200.0,0.7348584521696745,0.0002268529645378381,0.39061795770087154,fitted
2409,umap,3,knn,200.0,0.8870469636989721,-0.34173199664165566,0.140235437049209,fitted
2409,umap,3,lgbm,200.0,0.7739728421296888,0.08723230929428427,0.3902787553314225,fitted
2409,umap,3,median,200.0,0.822356656316886,-0.014855005146247713,,fitted
2409,umap,3,monroe35,200.0,0.7236718593136189,0.027917603945037728,0.39772049788488817,fitted
2409,umap,3,pub_gnn,,0.7604530453681946,0.0417404174804687,0.489896752836142,published
2409,umap,3,pub_knn,,0.8870469616466061,-0.3417319921438411,0.1402654930332407,published
2409,umap,3,pub_mlp,,0.8326618671417236,-0.1703276634216308,0.3729587430475501,published
2409,umap,3,pub_rf,,0.9250316560752652,0.0725523191219966,0.4248020685719151,published
2409,umap,3,pub_svm,,0.7735870887966734,-0.0078975182799971,0.3597025182432282,published
2409,umap,3,pub_xgboost,,0.8850601466124334,-0.2143054821580832,0.2397224396778026,published
2409,umap,4,chemeleon,355.0,0.8368631490999439,0.2913965736063471,0.5609127139984931,fitted
2409,umap,4,knn,355.0,0.9406416677360251,0.06580966277262623,0.352587618057337,fitted
2409,umap,4,lgbm,355.0,0.781213105529052,0.36734058948949677,0.6146465642122471,fitted
2409,umap,4,median,355.0,1.0244089212027345,-0.005520778445010643,,fitted
2409,umap,4,monroe35,355.0,0.7077145157109969,0.47652785378811235,0.7080793637136581,fitted
2409,umap,4,pub_gnn,,0.8896241784095764,0.0917175412178039,0.6031630692062354,published
2409,umap,4,pub_knn,,0.9406416676094104,0.0658096621703665,0.352587618057337,published
2409,umap,4,pub_mlp,,0.8938745856285095,0.1525432467460632,0.4330492945901026,published
2409,umap,4,pub_rf,,0.8699830571106145,0.2225945511954353,0.4835281625115677,published
2409,umap,4,pub_svm,,0.8222782349497879,0.3209768686518489,0.5674021114413664,published
2409,umap,4,pub_xgboost,,0.8404856676803862,0.2711893454784422,0.5754714161697948,published
2409,umap,5,chemeleon,196.0,0.7165207354877466,0.4032800787703219,0.6460448749758411,fitted
2409,umap,5,knn,196.0,0.9378298733177207,0.05643538246694457,0.2914926334260803,fitted
2409,umap,5,lgbm,196.0,0.8679324687440075,0.22490821426175023,0.5342909768431896,fitted
2409,umap,5,median,196.0,0.9844536672463051,-4.1323635814105586e-05,,fitted
2409,umap,5,monroe35,196.0,0.6412602124427125,0.558021922709061,0.7404982056823874,fitted
2409,umap,5,pub_gnn,,0.9735111594200134,-0.2565109729766845,0.563890026364684,published
2409,umap,5,pub_knn,,0.9378298721388748,0.056435382313744,0.2914926334260803,published
2409,umap,5,pub_mlp,,0.8295732736587524,0.1768577694892883,0.3953516276693095,published
2409,umap,5,pub_rf,,0.8035067468311254,0.1190502942386797,0.3488220840564958,published
2409,umap,5,pub_svm,,0.8717909620264458,0.2143742678313527,0.5336685319114813,published
2409,umap,5,pub_xgboost,,0.8801198642007407,0.1932247873820888,0.4825040636885644,published
4005,umap,1,chemeleon,341.0,0.6916002742873693,0.3490329553349413,0.6017967930099473,fitted
4005,umap,1,knn,341.0,1.0321853337436213,-0.4930948610753738,0.3442456052064242,fitted
4005,umap,1,lgbm,341.0,0.8047602386522644,0.13355775158664085,0.45435281689862145,fitted
4005,umap,1,median,341.0,0.9188466507303763,-0.01843911865065473,,fitted
4005,umap,1,monroe35,341.0,0.6968982670692082,0.32791705894468226,0.5531578930686886,fitted
4005,umap,1,pub_gnn,,1.148131251335144,-0.687415599822998,0.3143645457277361,published
4005,umap,1,pub_knn,,1.0321853342610825,-0.4930948637920207,0.3442456052064242,published
4005,umap,1,pub_mlp,,0.7845878005027771,0.1783625483512878,0.4368197819625738,published
4005,umap,1,pub_rf,,0.8913553842334461,0.1208166725128525,0.4639828642685173,published
4005,umap,1,pub_svm,,0.7021033639071026,0.3045940851598746,0.5387086155351949,published
4005,umap,1,pub_xgboost,,0.8589264622665531,0.0208050395245987,0.4371041128992928,published
4005,umap,2,chemeleon,224.0,0.7180623373623438,-0.06250974711143131,0.22594920067119748,fitted
4005,umap,2,knn,224.0,0.847829603243236,-0.38276682705845166,0.026735218665174476,fitted
4005,umap,2,lgbm,224.0,0.6770075168109854,-0.012590443234070436,0.4367858374796468,fitted
4005,umap,2,median,224.0,0.8390927280834638,-0.23685153708782436,,fitted
4005,umap,2,monroe35,224.0,0.7567917036424515,-0.07117678366854552,0.11035491957494366,fitted
4005,umap,2,pub_gnn,,0.8339978456497192,-0.4667342901229858,0.4169339114182901,published
4005,umap,2,pub_knn,,0.8478296035488578,-0.382766827384114,0.0267352186651744,published
4005,umap,2,pub_mlp,,0.7680043578147888,-0.2076470851898193,0.1976126578927076,published
4005,umap,2,pub_rf,,0.7629048427951697,0.3512455485990757,0.5522265702227671,published
4005,umap,2,pub_svm,,0.7233919615653297,0.0281616845937371,0.0959757710916578,published
4005,umap,2,pub_xgboost,,0.6733897540509738,0.1118941915575604,0.3480446474939655,published
4005,umap,3,chemeleon,185.0,0.8261310743301622,-0.20223863334614944,0.013913252819136841,fitted
4005,umap,3,knn,185.0,0.8577591492439751,-0.16786945554864952,0.05760433527045805,fitted
4005,umap,3,lgbm,185.0,0.8292116689331551,-0.07298399132711997,0.08147606916196667,fitted
4005,umap,3,median,185.0,0.8591131259055782,-0.12035290998518833,,fitted
4005,umap,3,monroe35,185.0,0.820826378000575,-0.029697668196850602,0.027412358680848247,fitted
4005,umap,3,pub_gnn,,0.8372127413749695,-0.0532789230346679,0.1642182718139113,published
4005,umap,3,pub_knn,,0.8577591495737509,-0.1678694578274862,0.0576205008546877,published
4005,umap,3,pub_mlp,,0.7986908555030823,-0.094896912574768,0.1049990477209065,published
4005,umap,3,pub_rf,,0.7860900923052918,0.2444937655498971,0.3891177097243603,published
4005,umap,3,pub_svm,,0.7870163393549638,0.0503945916690814,0.1069560579430655,published
4005,umap,3,pub_xgboost,,0.8196022105202022,-0.0660636036683259,0.0808686287617521,published
4005,umap,4,chemeleon,215.0,0.8799141383302087,-0.505331102217139,0.3835556809491561,fitted
4005,umap,4,knn,215.0,0.8107350087401882,-0.3877979837451042,0.263304163718595,fitted
4005,umap,4,lgbm,215.0,0.9267199876547658,-0.7041231156122838,0.2449316899875833,fitted
4005,umap,4,median,215.0,1.3373007774083732,-2.201376744530502,,fitted
4005,umap,4,monroe35,215.0,0.9293263812325113,-0.8167343839520265,-0.01659598220944994,fitted
4005,umap,4,pub_gnn,,0.8008631467819214,-0.2710920572280884,0.3468130409127586,published
4005,umap,4,pub_knn,,0.8107350077421328,-0.3877979790798842,0.263304163718595,published
4005,umap,4,pub_mlp,,0.9722673296928406,-0.9378026723861694,0.3061662832201741,published
4005,umap,4,pub_rf,,0.7105947699686793,0.1252577090879879,0.344199498186342,published
4005,umap,4,pub_svm,,0.976805645709923,-0.950556725981892,0.2040995853086441,published
4005,umap,4,pub_xgboost,,0.8463314558605803,-0.5193236142097739,0.3069476797600519,published
4005,umap,5,chemeleon,297.0,0.7398058703675235,0.20487289687526455,0.39743420620005077,fitted
4005,umap,5,knn,297.0,0.8622220142686615,-0.10595216309328581,0.2584796615942739,fitted
4005,umap,5,lgbm,297.0,0.749254594662174,0.18687996283035468,0.37516891078654563,fitted
4005,umap,5,median,297.0,0.9112076946867081,-0.10152960898862506,,fitted
4005,umap,5,monroe35,297.0,0.799268841317469,0.14485730354713444,0.3005261769796868,fitted
4005,umap,5,pub_gnn,,0.8887112140655518,-0.201728343963623,0.3357118253239336,published
4005,umap,5,pub_knn,,0.8622220136957943,-0.1059521614603631,0.2584796615942739,published
4005,umap,5,pub_mlp,,0.7242613434791565,0.2300953269004821,0.4297597094110996,published
4005,umap,5,pub_rf,,0.7639099812803338,0.1529108794964183,0.4827259253401172,published
4005,umap,5,pub_svm,,0.7506987947970628,0.186846940861625,0.387402169274655,published
4005,umap,5,pub_xgboost,,0.7472821419744936,0.1863933722463079,0.3883592217898924,published
4822,umap,1,chemeleon,216.0,0.8351909460799073,-0.30080569170197125,0.33197223037283635,fitted
4822,umap,1,knn,216.0,1.0388395648776922,-0.8230405239897902,-0.06296810336597093,fitted
4822,umap,1,lgbm,216.0,0.9169746154316497,-0.48937904970088675,0.2547848579362035,fitted
4822,umap,1,median,216.0,0.8077135992205093,-0.07568222273193892,,fitted
4822,umap,1,monroe35,216.0,0.7983259767172826,-0.1931718918810612,0.39757609342317807,fitted
4822,umap,1,pub_gnn,,0.7584297060966492,0.0001789331436157,0.5591686914114036,published
4822,umap,1,pub_knn,,1.0388395644101314,-0.8230405233386617,-0.0629681033659709,published
4822,umap,1,pub_mlp,,1.090138554573059,-1.0420897006988523,0.1714890820888745,published
4822,umap,1,pub_rf,,0.8332467768397279,-0.2095379330111502,0.555617972957229,published
4822,umap,1,pub_svm,,0.9976745770429511,-0.7427309661777854,0.2890162536450597,published
4822,umap,1,pub_xgboost,,0.9610766312369742,-0.5861880684830643,0.3408416407304392,published
4822,umap,2,chemeleon,233.0,0.7032423656964474,0.377363148184251,0.6092700059531007,fitted
4822,umap,2,knn,233.0,0.6962440277919473,0.32372543807896026,0.542550408523349,fitted
4822,umap,2,lgbm,233.0,0.5882289470544189,0.5119834031625174,0.7150967150182778,fitted
4822,umap,2,median,233.0,1.0358843650567124,-0.20518669230492592,,fitted
4822,umap,2,monroe35,233.0,0.577952411832924,0.5723647670251906,0.7566653101061476,fitted
4822,umap,2,pub_gnn,,0.8281148076057434,0.0484195351600647,0.4102769532432528,published
4822,umap,2,pub_knn,,0.6962440285666182,0.3237254380994105,0.542550408523349,published
4822,umap,2,pub_mlp,,0.5989125370979309,0.5515978336334229,0.7626373595870085,published
4822,umap,2,pub_rf,,1.145877069410134,0.0239486515322394,0.6238845434701425,published
4822,umap,2,pub_svm,,0.6355580459607654,0.4881800168351922,0.7751734456616861,published
4822,umap,2,pub_xgboost,,0.5876642406413506,0.5432710593163126,0.704982680397083,published
4822,umap,3,chemeleon,257.0,0.6457214538836976,0.671945568609589,0.8393904716268472,fitted
4822,umap,3,knn,257.0,0.9408229141535521,0.16574950095850016,0.4900696031969085,fitted
4822,umap,3,lgbm,257.0,0.9650096143900263,0.23676518414795678,0.7654555710228953,fitted
4822,umap,3,median,257.0,1.2521948338427988,-0.14721167971994364,,fitted
4822,umap,3,monroe35,257.0,0.7435368999986676,0.5513666555201558,0.8613748915867825,fitted
4822,umap,3,pub_gnn,,0.7575506567955017,0.5512093305587769,0.8184831613390178,published
4822,umap,3,pub_knn,,0.9408229134440704,0.1657495007530673,0.490083829762327,published
4822,umap,3,pub_mlp,,1.1166139841079712,-0.0831238031387329,0.5671786632531584,published
4822,umap,3,pub_rf,,0.6637890882136,0.2100478942330165,0.5626366345715281,published
4822,umap,3,pub_svm,,0.917979857639815,0.259172096950177,0.6997334991068432,published
4822,umap,3,pub_xgboost,,1.0581306964187966,0.0288723975631917,0.6668754090851944,published
4822,umap,4,chemeleon,236.0,0.7015509289283318,-0.32575995956967185,0.22542273387126802,fitted
4822,umap,4,knn,236.0,0.7660940745892745,-0.40770872741138486,0.11098869523093584,fitted
4822,umap,4,lgbm,236.0,0.6818351216731253,-0.1598140682849416,0.20650769957731913,fitted
4822,umap,4,median,236.0,1.2527650357633884,-1.9513573662555341,,fitted
4822,umap,4,monroe35,236.0,0.7493206418807383,-0.2996144287326876,0.22907101276279682,fitted
4822,umap,4,pub_gnn,,1.1434695720672607,-2.2104201316833496,0.2661705214957091,published
4822,umap,4,pub_knn,,0.76609407516777,-0.4077087288692358,0.1109886952309358,published
4822,umap,4,pub_mlp,,0.778716504573822,-0.3846461772918701,0.0286101390450043,published
4822,umap,4,pub_rf,,0.6265898851210566,0.4029448525768542,0.7330070960981839,published
4822,umap,4,pub_svm,,0.7463841682878699,-0.2265458891887173,0.1878083028924042,published
4822,umap,4,pub_xgboost,,0.6895281223329113,-0.2243941492731198,0.2009009313818857,published
4822,umap,5,chemeleon,174.0,0.45628984950061385,0.6669472146509832,0.8287140091807458,fitted
4822,umap,5,knn,174.0,0.6398258793059916,0.3532173096115774,0.5786840798343965,fitted
4822,umap,5,lgbm,174.0,0.5862997469016029,0.46720969129718515,0.7930195321608193,fitted
4822,umap,5,median,174.0,0.8420998895332623,-0.05553447326834804,,fitted
4822,umap,5,monroe35,174.0,0.6726163694427201,0.2904837162012637,0.8145361963012531,fitted
4822,umap,5,pub_gnn,,0.6778095960617065,0.2859108448028564,0.6508614003707308,published
4822,umap,5,pub_knn,,0.6398258772524956,0.3532173138923281,0.5786840798343965,published
4822,umap,5,pub_mlp,,0.546297550201416,0.5070610046386719,0.7871215052553047,published
4822,umap,5,pub_rf,,0.5722896722192087,0.617950239341813,0.8134731647892024,published
4822,umap,5,pub_svm,,0.6107170792788653,0.4333782663287129,0.8204233035615148,published
4822,umap,5,pub_xgboost,,0.6033734408100969,0.3992627056195643,0.760251990374728,published
