endpoint,method,repeat,fold,n,r2,spearman,mae
LOG_HLM,fus_GRMS_early_lgbm,0,0,929,0.2196211940291154,0.542961978462059,0.4091857852536525
LOG_HLM,fus_GRMS_early_lgbm,0,1,929,0.2574713124207759,0.5573785032592997,0.4039093997374367
LOG_HLM,fus_GRMS_early_lgbm,0,2,929,0.23323550331315024,0.5546480065200421,0.398377247740444
LOG_HLM,fus_GRMS_early_lgbm,0,3,929,0.24832841580968523,0.5556727650193513,0.40460283332491054
LOG_HLM,fus_GRMS_early_lgbm,0,4,929,0.3183682854982356,0.5731655589975452,0.3899938068727293
LOG_HLM,fus_GRMS_early_lgbm,1,0,929,0.21648559050312177,0.5243524963716373,0.4123828276196888
LOG_HLM,fus_GRMS_early_lgbm,1,1,929,0.24355622346872963,0.5552477459847398,0.4091391983341717
LOG_HLM,fus_GRMS_early_lgbm,1,2,929,0.19516341245717173,0.539198400988287,0.409758365470439
LOG_HLM,fus_GRMS_early_lgbm,1,3,929,0.26043236156325733,0.5493661786484957,0.4019183880205983
LOG_HLM,fus_GRMS_early_lgbm,1,4,929,0.22636479474712357,0.5490032662061162,0.4018300602703094
LOG_HLM,fus_GRMS_early_lgbm,2,0,929,0.26681606765788346,0.5613519304765766,0.40209260075543984
LOG_HLM,fus_GRMS_early_lgbm,2,1,929,0.2768271066150262,0.5543689597121723,0.4030444640004649
LOG_HLM,fus_GRMS_early_lgbm,2,2,929,0.3456382831456273,0.5992308039946443,0.3813172776557053
LOG_HLM,fus_GRMS_early_lgbm,2,3,929,0.24122102808671575,0.5459390852728906,0.401787295473909
LOG_HLM,fus_GRMS_early_lgbm,2,4,929,0.28391066390984576,0.5805452620546695,0.3921608435358354
LOG_HLM,fus_GRMS_early_lgbm,3,0,929,0.2862886952445739,0.5834060957411843,0.3914571433006776
LOG_HLM,fus_GRMS_early_lgbm,3,1,929,0.24366692839879311,0.5411134712430089,0.4040250765600677
LOG_HLM,fus_GRMS_early_lgbm,3,2,929,0.2771383304329922,0.555934720202222,0.3998358693138782
LOG_HLM,fus_GRMS_early_lgbm,3,3,929,0.2829544319623879,0.5617052609221497,0.39817885712451667
LOG_HLM,fus_GRMS_early_lgbm,3,4,929,0.18366871774786486,0.5452900843714223,0.4093786664881231
LOG_HLM,fus_GRMS_early_lgbm,4,0,929,0.303021718579666,0.5777004902700305,0.38819650592667065
LOG_HLM,fus_GRMS_early_lgbm,4,1,929,0.320521372184172,0.5833453461961354,0.3866594594389589
LOG_HLM,fus_GRMS_early_lgbm,4,2,929,0.2580756891427395,0.5514908010078801,0.4059133958711417
LOG_HLM,fus_GRMS_early_lgbm,4,3,929,0.2789152156085608,0.5628772064554151,0.39801394504847487
LOG_HLM,fus_GRMS_early_lgbm,4,4,929,0.28453175377127393,0.567233773252045,0.3968652154075672
LOG_HLM,fus_GRMS_late_lgbm,0,0,929,0.2947408899571058,0.54032900216925,0.4051010024660302
LOG_HLM,fus_GRMS_late_lgbm,0,1,929,0.2791146281388973,0.5323791833569308,0.41189690309478116
LOG_HLM,fus_GRMS_late_lgbm,0,2,929,0.2859764569102182,0.5370661197096395,0.39956725230430923
LOG_HLM,fus_GRMS_late_lgbm,0,3,929,0.28462850910314497,0.5312066327199421,0.40526473118412143
LOG_HLM,fus_GRMS_late_lgbm,0,4,929,0.29303302352959526,0.5424420996500858,0.4025533185322186
LOG_HLM,fus_GRMS_late_lgbm,1,0,929,0.284304243885771,0.5252300121366256,0.40692631021715403
LOG_HLM,fus_GRMS_late_lgbm,1,1,929,0.28118041413032957,0.5362460679531068,0.4070622754829406
LOG_HLM,fus_GRMS_late_lgbm,1,2,929,0.25975542519862194,0.522079104891044,0.41349717026445304
LOG_HLM,fus_GRMS_late_lgbm,1,3,929,0.29544311387844857,0.532298460782853,0.4023287267199634
LOG_HLM,fus_GRMS_late_lgbm,1,4,929,0.2544292628071968,0.5042220679882113,0.41360489179219473
LOG_HLM,fus_GRMS_late_lgbm,2,0,929,0.2629678738682708,0.5165774102471994,0.4123149413958092
LOG_HLM,fus_GRMS_late_lgbm,2,1,929,0.2721074147678719,0.5175038645569318,0.4077706335429482
LOG_HLM,fus_GRMS_late_lgbm,2,2,929,0.3099234290534154,0.54925681690322,0.40058032083221573
LOG_HLM,fus_GRMS_late_lgbm,2,3,929,0.28776185026914336,0.5387787673294177,0.4062282901422914
LOG_HLM,fus_GRMS_late_lgbm,2,4,929,0.2755795302288909,0.536723412640337,0.4106502234113774
LOG_HLM,fus_GRMS_late_lgbm,3,0,929,0.27494107759405195,0.5228945271167801,0.4145414291684019
LOG_HLM,fus_GRMS_late_lgbm,3,1,929,0.2877181288879884,0.5321432378054376,0.40630601626786883
LOG_HLM,fus_GRMS_late_lgbm,3,2,929,0.27883749517034084,0.5284741814173222,0.411020405351237
LOG_HLM,fus_GRMS_late_lgbm,3,3,929,0.28374169266015015,0.5293105847915048,0.40582048938165993
LOG_HLM,fus_GRMS_late_lgbm,3,4,929,0.2922750946732562,0.537110363940515,0.39997510224963545
LOG_HLM,fus_GRMS_late_lgbm,4,0,929,0.2834212819925024,0.5341347418873491,0.40619252072679646
LOG_HLM,fus_GRMS_late_lgbm,4,1,929,0.2929215549756182,0.5384441271372761,0.4032068692857508
LOG_HLM,fus_GRMS_late_lgbm,4,2,929,0.2820169260428004,0.5349645837725391,0.4093203143995168
LOG_HLM,fus_GRMS_late_lgbm,4,3,929,0.2534925707866613,0.5064133455689559,0.41344480575464854
LOG_HLM,fus_GRMS_late_lgbm,4,4,929,0.28589161614453185,0.5389844206838936,0.40365182936463107
LOG_HLM,fus_GRM_early_lgbm,0,0,929,0.36524396500041123,0.6079554895320831,0.3798738455337874
LOG_HLM,fus_GRM_early_lgbm,0,1,929,0.3503949120116995,0.6040844026368792,0.3846658255538221
LOG_HLM,fus_GRM_early_lgbm,0,2,929,0.37522537689757807,0.6173209419267832,0.37626609279499645
LOG_HLM,fus_GRM_early_lgbm,0,3,929,0.39766540322137,0.6368270910464537,0.3717494945900669
LOG_HLM,fus_GRM_early_lgbm,0,4,929,0.3425470503889978,0.5963427497026994,0.38303611338907484
LOG_HLM,fus_GRM_early_lgbm,1,0,929,0.37063993812421037,0.6098236105640151,0.380193959930353
LOG_HLM,fus_GRM_early_lgbm,1,1,929,0.36874458273102906,0.6095365380181695,0.3772567574526695
LOG_HLM,fus_GRM_early_lgbm,1,2,929,0.3872048261506028,0.6244387522591933,0.3719024639731687
LOG_HLM,fus_GRM_early_lgbm,1,3,929,0.36105866642318396,0.6061206475112503,0.3809325402513416
LOG_HLM,fus_GRM_early_lgbm,1,4,929,0.3815539691440407,0.6226173767712192,0.37024446809182315
LOG_HLM,fus_GRM_early_lgbm,2,0,929,0.37127477110772167,0.6187592833070092,0.38189540095956614
LOG_HLM,fus_GRM_early_lgbm,2,1,929,0.36527534575428633,0.6081131171743105,0.37820372322073376
LOG_HLM,fus_GRM_early_lgbm,2,2,929,0.36024675636889103,0.6082411285638654,0.3776261960330143
LOG_HLM,fus_GRM_early_lgbm,2,3,929,0.3816417019562961,0.6196964177469253,0.37777175105151595
LOG_HLM,fus_GRM_early_lgbm,2,4,929,0.35976990166472733,0.6069689058246934,0.3808608802676059
LOG_HLM,fus_GRM_early_lgbm,3,0,929,0.35316616673579926,0.6063721411859567,0.3845493947582835
LOG_HLM,fus_GRM_early_lgbm,3,1,929,0.3775300088189113,0.6199619208224367,0.3778271224994329
LOG_HLM,fus_GRM_early_lgbm,3,2,929,0.3636897882126209,0.6135760054376797,0.37563609466730774
LOG_HLM,fus_GRM_early_lgbm,3,3,929,0.36062971356849793,0.605062921252013,0.3833096802308117
LOG_HLM,fus_GRM_early_lgbm,3,4,929,0.3778743892438524,0.6206352506392575,0.37713352336829115
LOG_HLM,fus_GRM_early_lgbm,4,0,929,0.3829485983154125,0.6216491249399474,0.3740264349246084
LOG_HLM,fus_GRM_early_lgbm,4,1,929,0.36025987380832447,0.6004282025121659,0.38077234897121176
LOG_HLM,fus_GRM_early_lgbm,4,2,929,0.3653583226027879,0.6096815229812167,0.3823344851627764
LOG_HLM,fus_GRM_early_lgbm,4,3,929,0.37039518034261976,0.6154204803896834,0.3769287645515698
LOG_HLM,fus_GRM_early_lgbm,4,4,929,0.3780316229169709,0.6187434045639243,0.3765985075772333
LOG_HLM,fus_GRM_late_lgbm,0,0,929,0.29883540450839396,0.5380472077250587,0.40317523574638126
LOG_HLM,fus_GRM_late_lgbm,0,1,929,0.3671698018431553,0.6125376412659107,0.378450320969
LOG_HLM,fus_GRM_late_lgbm,0,2,929,0.29270396926305864,0.5383648149920865,0.39713926270588834
LOG_HLM,fus_GRM_late_lgbm,0,3,929,0.2877384345032806,0.5277066709477094,0.40412840738962674
LOG_HLM,fus_GRM_late_lgbm,0,4,929,0.360206634570136,0.6021809577377675,0.3777177317322696
LOG_HLM,fus_GRM_late_lgbm,1,0,929,0.3777218420410159,0.6113507107603177,0.3743213151942673
LOG_HLM,fus_GRM_late_lgbm,1,1,929,0.2841594542538691,0.5357131916696627,0.4053362514301113
LOG_HLM,fus_GRM_late_lgbm,1,2,929,0.2653307442765117,0.523273944593754,0.4113724776257123
LOG_HLM,fus_GRM_late_lgbm,1,3,929,0.36615808126166594,0.6026579577437791,0.3752133761575171
LOG_HLM,fus_GRM_late_lgbm,1,4,929,0.2585375107558925,0.5036305251669874,0.4121278396018112
LOG_HLM,fus_GRM_late_lgbm,2,0,929,0.26705249776649154,0.5170579085682692,0.41019204273605303
LOG_HLM,fus_GRM_late_lgbm,2,1,929,0.2752697467055246,0.5150251317999777,0.4060817210029978
LOG_HLM,fus_GRM_late_lgbm,2,2,929,0.37723449817635646,0.6093025303278229,0.3765118973750945
LOG_HLM,fus_GRM_late_lgbm,2,3,929,0.29122500111198957,0.5367713355203165,0.4047217910033779
LOG_HLM,fus_GRM_late_lgbm,2,4,929,0.28035936498450864,0.5368879207650364,0.4084069335939726
LOG_HLM,fus_GRM_late_lgbm,3,0,929,0.27867038481133366,0.5236768615160073,0.41258218703483995
LOG_HLM,fus_GRM_late_lgbm,3,1,929,0.3886720573774337,0.6220799089471863,0.3707979867380895
LOG_HLM,fus_GRM_late_lgbm,3,2,929,0.2826128738950302,0.5271152116752179,0.4093102417922128
LOG_HLM,fus_GRM_late_lgbm,3,3,929,0.2859490902041041,0.5275276829720827,0.40454820602283725
LOG_HLM,fus_GRM_late_lgbm,3,4,929,0.3736454316201143,0.6094257883670374,0.37153639704667907
LOG_HLM,fus_GRM_late_lgbm,4,0,929,0.40226012446167103,0.6386008771583135,0.3620678725307442
LOG_HLM,fus_GRM_late_lgbm,4,1,929,0.2970498199764753,0.5395097559659,0.40138603778829957
LOG_HLM,fus_GRM_late_lgbm,4,2,929,0.28456781626642413,0.5340327804752719,0.40806660266247385
LOG_HLM,fus_GRM_late_lgbm,4,3,929,0.3378532095227983,0.5878329947675262,0.38231238841414183
LOG_HLM,fus_GRM_late_lgbm,4,4,929,0.28610496572183663,0.5361077546727329,0.403202134724949
LOG_HLM,fus_GRS_early_lgbm,0,0,929,0.22127768672438042,0.5453346572909932,0.40954528538259516
LOG_HLM,fus_GRS_early_lgbm,0,1,929,0.25680692637029157,0.5616975142214707,0.4046057227232135
LOG_HLM,fus_GRS_early_lgbm,0,2,929,0.22544246783457222,0.5508524714238525,0.4029470614842309
LOG_HLM,fus_GRS_early_lgbm,0,3,929,0.26097468247541766,0.5545397833424899,0.4031501935904935
LOG_HLM,fus_GRS_early_lgbm,0,4,929,0.3141503486070577,0.5752008222632937,0.3921715250492559
LOG_HLM,fus_GRS_early_lgbm,1,0,929,0.20698426117703217,0.5274285068000744,0.41583012606341446
LOG_HLM,fus_GRS_early_lgbm,1,1,929,0.22812341402406744,0.5480976264754833,0.41278080666424277
LOG_HLM,fus_GRS_early_lgbm,1,2,929,0.18162446016471712,0.5372880190142908,0.4134193953025276
LOG_HLM,fus_GRS_early_lgbm,1,3,929,0.25999869742042236,0.5523091241820748,0.4012554913829745
LOG_HLM,fus_GRS_early_lgbm,1,4,929,0.23781939895844384,0.5490517765602312,0.4008120988104734
LOG_HLM,fus_GRS_early_lgbm,2,0,929,0.2597045522214648,0.5566267971076808,0.40288392268565437
LOG_HLM,fus_GRS_early_lgbm,2,1,929,0.264024442949801,0.5463303907702414,0.4046508567265024
LOG_HLM,fus_GRS_early_lgbm,2,2,929,0.31599843960409413,0.5833658032313823,0.39163184100515946
LOG_HLM,fus_GRS_early_lgbm,2,3,929,0.24693961050914437,0.5573844559706256,0.4010660368272531
LOG_HLM,fus_GRS_early_lgbm,2,4,929,0.28268888849433715,0.570956598169902,0.39440659058626604
LOG_HLM,fus_GRS_early_lgbm,3,0,929,0.3012259451050624,0.5857741587155085,0.3905701994514979
LOG_HLM,fus_GRS_early_lgbm,3,1,929,0.2311821308927412,0.5384458651419947,0.4067975017932246
LOG_HLM,fus_GRS_early_lgbm,3,2,929,0.27496423947517123,0.564346113902515,0.39952657224016835
LOG_HLM,fus_GRS_early_lgbm,3,3,929,0.28616377108823143,0.5593196869783136,0.3990700043935909
LOG_HLM,fus_GRS_early_lgbm,3,4,929,0.16020902267049775,0.5221313397626465,0.41717408823773466
LOG_HLM,fus_GRS_early_lgbm,4,0,929,0.3021563419161538,0.5744182896374516,0.39010174263065844
LOG_HLM,fus_GRS_early_lgbm,4,1,929,0.31257751180191395,0.5764501648952313,0.3913219396661333
LOG_HLM,fus_GRS_early_lgbm,4,2,929,0.26454965430903676,0.5541650130881108,0.40981438662570546
LOG_HLM,fus_GRS_early_lgbm,4,3,929,0.27052265469253045,0.5603174191013848,0.4043307688752045
LOG_HLM,fus_GRS_early_lgbm,4,4,929,0.29369469935924064,0.5698450069172314,0.3932530402741365
LOG_HLM,fus_GRS_late_lgbm,0,0,929,0.37627135484417684,0.6377813041311323,0.362556110910557
LOG_HLM,fus_GRS_late_lgbm,0,1,929,0.3404529054179388,0.6144176847823012,0.3669683201282948
LOG_HLM,fus_GRS_late_lgbm,0,2,929,0.41434259743762725,0.6589425154722491,0.34956483827099083
LOG_HLM,fus_GRS_late_lgbm,0,3,929,0.38266784060916725,0.6413671378703751,0.3592176798562698
LOG_HLM,fus_GRS_late_lgbm,0,4,929,0.3260771384771096,0.6033427509943589,0.375513816221397
LOG_HLM,fus_GRS_late_lgbm,1,0,929,0.3907408014936773,0.6439832559293374,0.35943848380631777
LOG_HLM,fus_GRS_late_lgbm,1,1,929,0.34316824818276026,0.6255138349849931,0.3720774810719528
LOG_HLM,fus_GRS_late_lgbm,1,2,929,0.3827592075163705,0.6360496409943199,0.3594143314888753
LOG_HLM,fus_GRS_late_lgbm,1,3,929,0.3406935257770555,0.6137395788269018,0.3709159079247035
LOG_HLM,fus_GRS_late_lgbm,1,4,929,0.3865237686115347,0.6416156358449516,0.356062348508175
LOG_HLM,fus_GRS_late_lgbm,2,0,929,0.3771679311998559,0.6340325972733435,0.36101974241058565
LOG_HLM,fus_GRS_late_lgbm,2,1,929,0.3985640297373131,0.6498542062510998,0.35580549900655606
LOG_HLM,fus_GRS_late_lgbm,2,2,929,0.3719048245100325,0.6298271497755654,0.3626118723320132
LOG_HLM,fus_GRS_late_lgbm,2,3,929,0.34348029538222735,0.6146242401260096,0.3705959157923048
LOG_HLM,fus_GRS_late_lgbm,2,4,929,0.3476926536598056,0.6224573154253329,0.3696507929838867
LOG_HLM,fus_GRS_late_lgbm,3,0,929,0.3723450842030983,0.636189526961849,0.3603399481067493
LOG_HLM,fus_GRS_late_lgbm,3,1,929,0.360702365191672,0.6267444258149324,0.36635194716938374
LOG_HLM,fus_GRS_late_lgbm,3,2,929,0.3404610098221291,0.6175042998336184,0.3680872236885249
LOG_HLM,fus_GRS_late_lgbm,3,3,929,0.37264383399062706,0.623767486388553,0.3612695372426315
LOG_HLM,fus_GRS_late_lgbm,3,4,929,0.40099141152693873,0.6350331972122639,0.35989474910866814
LOG_HLM,fus_GRS_late_lgbm,4,0,929,0.39040853051042845,0.6472329669897281,0.35651864412470413
LOG_HLM,fus_GRS_late_lgbm,4,1,929,0.3345301254542461,0.5990581356939121,0.3752688468234674
LOG_HLM,fus_GRS_late_lgbm,4,2,929,0.3138808898382961,0.5808045599731044,0.38209383886522746
LOG_HLM,fus_GRS_late_lgbm,4,3,929,0.3465839228159775,0.62143831720657,0.3700759085776196
LOG_HLM,fus_GRS_late_lgbm,4,4,929,0.3692378780539043,0.6364289865353301,0.3645053783815056
LOG_HLM,fus_GR_early_lgbm,0,0,929,0.32054190280061845,0.5790994940093595,0.4054071034392396
LOG_HLM,fus_GR_early_lgbm,0,1,929,0.31435241767573285,0.5750094099501071,0.40539021692661265
LOG_HLM,fus_GR_early_lgbm,0,2,929,0.32615620470585394,0.5820488705852067,0.4021585429538711
LOG_HLM,fus_GR_early_lgbm,0,3,929,0.31634618543855364,0.5724177141072866,0.4056948299793509
LOG_HLM,fus_GR_early_lgbm,0,4,929,0.31308000526653557,0.5719866101601401,0.4049954985633441
LOG_HLM,fus_GR_early_lgbm,1,0,929,0.309951435890471,0.5763985932495813,0.4097772097349193
LOG_HLM,fus_GR_early_lgbm,1,1,929,0.32359733453786066,0.5821174005170653,0.40443487704533154
LOG_HLM,fus_GR_early_lgbm,1,2,929,0.33354332847094137,0.586889113390699,0.4003009419485919
LOG_HLM,fus_GR_early_lgbm,1,3,929,0.31752544157443363,0.5784264216354746,0.40244563870334965
LOG_HLM,fus_GR_early_lgbm,1,4,929,0.3137329913063537,0.5778650407469038,0.40444716995928337
LOG_HLM,fus_GR_early_lgbm,2,0,929,0.32893247028288397,0.5865821049818579,0.40303103127667556
LOG_HLM,fus_GR_early_lgbm,2,1,929,0.31397430219531686,0.5746267608226057,0.4047886573248414
LOG_HLM,fus_GR_early_lgbm,2,2,929,0.3315232311193512,0.586814391407829,0.4020194872251762
LOG_HLM,fus_GR_early_lgbm,2,3,929,0.314953415585452,0.5764141128189179,0.4058311880964662
LOG_HLM,fus_GR_early_lgbm,2,4,929,0.31554380815610583,0.5706382616902145,0.4064262562744771
LOG_HLM,fus_GR_early_lgbm,3,0,929,0.3095432452521091,0.5702848161187377,0.40713534488354275
LOG_HLM,fus_GR_early_lgbm,3,1,929,0.33547221277471695,0.5922888966720847,0.40171232699557247
LOG_HLM,fus_GR_early_lgbm,3,2,929,0.32323344316112257,0.5831110092425286,0.40249889444195674
LOG_HLM,fus_GR_early_lgbm,3,3,929,0.30841516234782496,0.5700828671589216,0.4083397808114977
LOG_HLM,fus_GR_early_lgbm,3,4,929,0.3187167904443743,0.5766855045938357,0.4041619935628907
LOG_HLM,fus_GR_early_lgbm,4,0,929,0.33760104860110296,0.5906807610354375,0.399104104644893
LOG_HLM,fus_GR_early_lgbm,4,1,929,0.31790927388221857,0.572860730596043,0.40509421858532435
LOG_HLM,fus_GR_early_lgbm,4,2,929,0.3090047033403186,0.5708247819663448,0.40682904247663115
LOG_HLM,fus_GR_early_lgbm,4,3,929,0.31918136878646974,0.5816270095632669,0.4053194687909862
LOG_HLM,fus_GR_early_lgbm,4,4,929,0.31711042235046527,0.578708976362833,0.40613407876244007
LOG_HLM,fus_GR_late_lgbm,0,0,929,0.3747613644695552,0.6359072135912341,0.362597628073251
LOG_HLM,fus_GR_late_lgbm,0,1,929,0.34066342225158774,0.6204198888851399,0.36732898677035475
LOG_HLM,fus_GR_late_lgbm,0,2,929,0.41183210254419733,0.6585904552990265,0.3499969012233113
LOG_HLM,fus_GR_late_lgbm,0,3,929,0.38076424759342764,0.6395369013176643,0.3600638402960826
LOG_HLM,fus_GR_late_lgbm,0,4,929,0.3237735794691987,0.6009681023904719,0.3762433158235036
LOG_HLM,fus_GR_late_lgbm,1,0,929,0.38637962524940095,0.642144141370761,0.36057642821235364
LOG_HLM,fus_GR_late_lgbm,1,1,929,0.3436811641260401,0.6260431568979459,0.3718007689496865
LOG_HLM,fus_GR_late_lgbm,1,2,929,0.37370121912581955,0.6285689294017852,0.36121798457827864
LOG_HLM,fus_GR_late_lgbm,1,3,929,0.3402493269732463,0.6112575196991611,0.370819666713733
LOG_HLM,fus_GR_late_lgbm,1,4,929,0.3822870899947435,0.6383022609637748,0.35675997618940314
LOG_HLM,fus_GR_late_lgbm,2,0,929,0.3784425684808713,0.6341586272734314,0.3604530342592584
LOG_HLM,fus_GR_late_lgbm,2,1,929,0.40198600370776616,0.6529536794295142,0.35432059335881255
LOG_HLM,fus_GR_late_lgbm,2,2,929,0.3758471682392516,0.6370303808188452,0.36138540818891557
LOG_HLM,fus_GR_late_lgbm,2,3,929,0.341710457641042,0.613285972969747,0.3710025429119563
LOG_HLM,fus_GR_late_lgbm,2,4,929,0.35085335814594476,0.6204815532933133,0.36850810915709575
LOG_HLM,fus_GR_late_lgbm,3,0,929,0.37487338899579703,0.6422517395683244,0.35949200817504257
LOG_HLM,fus_GR_late_lgbm,3,1,929,0.35940961226813484,0.6280715708920733,0.36649516080894157
LOG_HLM,fus_GR_late_lgbm,3,2,929,0.33971724901968947,0.6148755657295258,0.3680261605571342
LOG_HLM,fus_GR_late_lgbm,3,3,929,0.37071435388762175,0.6206348634669492,0.36240225162814044
LOG_HLM,fus_GR_late_lgbm,3,4,929,0.36027252165229695,0.6270612723042408,0.3648273605346917
LOG_HLM,fus_GR_late_lgbm,4,0,929,0.39369542014568193,0.6521166149777265,0.3555933436996084
LOG_HLM,fus_GR_late_lgbm,4,1,929,0.33451741176840766,0.5992687038201879,0.37527119577950807
LOG_HLM,fus_GR_late_lgbm,4,2,929,0.3131288976953157,0.5805194948421577,0.3821952144294942
LOG_HLM,fus_GR_late_lgbm,4,3,929,0.3465808686154618,0.6214102524527979,0.37008617692120244
LOG_HLM,fus_GR_late_lgbm,4,4,929,0.371635252415805,0.639818774367595,0.3633645429391891
LOG_HLM,uni_G_lgbm,0,0,929,0.2039646737557128,0.4622544868281688,0.4478519199388327
LOG_HLM,uni_G_lgbm,0,1,929,0.18764499645653387,0.44606435620821894,0.4486247774599557
LOG_HLM,uni_G_lgbm,0,2,929,0.19011854487801272,0.4493532880456508,0.44809215989520146
LOG_HLM,uni_G_lgbm,0,3,929,0.20404013630430584,0.45768326577375834,0.44851029611825666
LOG_HLM,uni_G_lgbm,0,4,929,0.2095244776022941,0.4681399321168582,0.44410440009218966
LOG_HLM,uni_G_lgbm,1,0,929,0.20682401856204957,0.4617493330865548,0.4474599561194018
LOG_HLM,uni_G_lgbm,1,1,929,0.18742611970647494,0.4458419561611907,0.4503587435071244
LOG_HLM,uni_G_lgbm,1,2,929,0.201403737083806,0.4603736477247479,0.447271107051228
LOG_HLM,uni_G_lgbm,1,3,929,0.19356458211553995,0.4508628975355732,0.4489808978877954
LOG_HLM,uni_G_lgbm,1,4,929,0.19055135218431218,0.44377976675392455,0.44816509991174275
LOG_HLM,uni_G_lgbm,2,0,929,0.1870731589632384,0.45050846689096036,0.4492437020434652
LOG_HLM,uni_G_lgbm,2,1,929,0.2084395759408959,0.46311992511615485,0.4435344724442675
LOG_HLM,uni_G_lgbm,2,2,929,0.18716744882740755,0.44207689299771974,0.45312606247643833
LOG_HLM,uni_G_lgbm,2,3,929,0.19356713403057746,0.4519714573810857,0.4498625879344311
LOG_HLM,uni_G_lgbm,2,4,929,0.19025056043295674,0.4446122593328651,0.4501573582033178
LOG_HLM,uni_G_lgbm,3,0,929,0.1948876578879808,0.45234550997862505,0.4452846309651483
LOG_HLM,uni_G_lgbm,3,1,929,0.1827110063956724,0.44227902269679575,0.45349855757070595
LOG_HLM,uni_G_lgbm,3,2,929,0.1967624635770283,0.46001831720977154,0.4497349754356823
LOG_HLM,uni_G_lgbm,3,3,929,0.20287274816868472,0.4604196563168487,0.4461385888463903
LOG_HLM,uni_G_lgbm,3,4,929,0.19636451476701178,0.4516674832061592,0.44757857362992737
LOG_HLM,uni_G_lgbm,4,0,929,0.19773347675217867,0.45520416783815687,0.4481260494167312
LOG_HLM,uni_G_lgbm,4,1,929,0.2055605488533424,0.45899164529743625,0.44493698972277673
LOG_HLM,uni_G_lgbm,4,2,929,0.19125285240814882,0.44448972482393106,0.4499666362048899
LOG_HLM,uni_G_lgbm,4,3,929,0.19062131723988684,0.4514167275869771,0.44967635304305964
LOG_HLM,uni_G_lgbm,4,4,929,0.19631857357007498,0.4636924555198187,0.44935240488231526
LOG_HPPB,fus_GRMS_early_lgbm,0,0,66,-0.003993472198977166,0.4437578933327334,0.6272103438416021
LOG_HPPB,fus_GRMS_early_lgbm,0,1,66,0.1414362855303979,0.4931634101536407,0.5475845899901137
LOG_HPPB,fus_GRMS_early_lgbm,0,2,66,0.18336631818161997,0.4701854732066274,0.5443255714686542
LOG_HPPB,fus_GRMS_early_lgbm,0,3,66,-0.04602865129865785,0.4173720631900777,0.6487326487700784
LOG_HPPB,fus_GRMS_early_lgbm,0,4,66,0.18795219538565167,0.585994906479626,0.5357679693769786
LOG_HPPB,fus_GRMS_early_lgbm,1,0,66,0.06324169301865101,0.5045037522845752,0.5641069464997994
LOG_HPPB,fus_GRMS_early_lgbm,1,1,66,0.08822020003257991,0.44788535404141616,0.5891751307624546
LOG_HPPB,fus_GRMS_early_lgbm,1,2,66,0.10863351065039706,0.4776586750982973,0.5748914965018164
LOG_HPPB,fus_GRMS_early_lgbm,1,3,66,0.10304740320042982,0.4789946664979255,0.5685813012319529
LOG_HPPB,fus_GRMS_early_lgbm,1,4,66,0.028692379543562296,0.4454278825822685,0.6301249861838386
LOG_HPPB,fus_GRMS_early_lgbm,2,0,66,0.198215878119002,0.5062572409965872,0.561785160284718
LOG_HPPB,fus_GRMS_early_lgbm,2,1,66,-0.1730369222879169,0.4793704140790709,0.6530119717648435
LOG_HPPB,fus_GRMS_early_lgbm,2,2,66,0.13905420638647525,0.5100773414048989,0.5767435180695608
LOG_HPPB,fus_GRMS_early_lgbm,2,3,66,0.03147059120321771,0.38307465897774906,0.6212522598324336
LOG_HPPB,fus_GRMS_early_lgbm,2,4,66,0.0030641220593553564,0.42263252932611345,0.6117148568072288
LOG_HPPB,fus_GRMS_early_lgbm,3,0,66,0.27308681085156916,0.5609030561122246,0.5408433542271941
LOG_HPPB,fus_GRMS_early_lgbm,3,1,66,0.08369996392080581,0.46010291311255885,0.5898511335372101
LOG_HPPB,fus_GRMS_early_lgbm,3,2,66,0.1177543184318246,0.4847090013360054,0.5982783187407172
LOG_HPPB,fus_GRMS_early_lgbm,3,3,66,0.10110233766438348,0.3691719984753688,0.5853600882867314
LOG_HPPB,fus_GRMS_early_lgbm,3,4,66,0.23116994118540002,0.535122327989312,0.533895018002311
LOG_HPPB,fus_GRMS_early_lgbm,4,0,66,0.026374047135493406,0.41520107716568194,0.6478447011728206
LOG_HPPB,fus_GRMS_early_lgbm,4,1,66,0.22494138057523982,0.5471255010020042,0.5374791863338643
LOG_HPPB,fus_GRMS_early_lgbm,4,2,66,0.1568494765421391,0.4816875241628009,0.5866484104865791
LOG_HPPB,fus_GRMS_early_lgbm,4,3,66,0.11992016068542755,0.4004007974416765,0.5710596483706488
LOG_HPPB,fus_GRMS_early_lgbm,4,4,66,0.10097237227937006,0.40296840591283684,0.594782429185145
LOG_HPPB,fus_GRMS_late_lgbm,0,0,66,0.2709006036545044,0.5760056069631813,0.5057175725113752
LOG_HPPB,fus_GRMS_late_lgbm,0,1,66,0.12512408946469655,0.5381226667963084,0.5640490979079288
LOG_HPPB,fus_GRMS_late_lgbm,0,2,66,0.3254796720780788,0.6344853058756106,0.4874178291099343
LOG_HPPB,fus_GRMS_late_lgbm,0,3,66,0.13492382462996655,0.567419843996219,0.5497926030573757
LOG_HPPB,fus_GRMS_late_lgbm,0,4,66,0.20576033228295398,0.6271679319176092,0.5174795380256451
LOG_HPPB,fus_GRMS_late_lgbm,1,0,66,0.17285160189756243,0.56985708727857,0.5319861259558109
LOG_HPPB,fus_GRMS_late_lgbm,1,1,66,0.12136158304318656,0.5338528133077766,0.5445676076104405
LOG_HPPB,fus_GRMS_late_lgbm,1,2,66,0.06576388474097739,0.5795616898158168,0.5623416860640505
LOG_HPPB,fus_GRMS_late_lgbm,1,3,66,0.1341590966670464,0.533458188770926,0.5461052851475375
LOG_HPPB,fus_GRMS_late_lgbm,1,4,66,0.2305978210602917,0.6076100933165512,0.5057654570070049
LOG_HPPB,fus_GRMS_late_lgbm,2,0,66,0.1681033115316981,0.5233704995960266,0.5298155268473568
LOG_HPPB,fus_GRMS_late_lgbm,2,1,66,0.17657206187957453,0.5680991889012504,0.5265296016381703
LOG_HPPB,fus_GRMS_late_lgbm,2,2,66,0.14454875279704216,0.5921209356677316,0.5187127301692092
LOG_HPPB,fus_GRMS_late_lgbm,2,3,66,-0.0049057844434174935,0.44387356288121527,0.5905926316425237
LOG_HPPB,fus_GRMS_late_lgbm,2,4,66,0.270151984513164,0.6115809776089574,0.49881888721174017
LOG_HPPB,fus_GRMS_late_lgbm,3,0,66,0.18050228134927537,0.5575754023659355,0.5288935326184141
LOG_HPPB,fus_GRMS_late_lgbm,3,1,66,0.0341298650905707,0.5193246195606293,0.5953275118232985
LOG_HPPB,fus_GRMS_late_lgbm,3,2,66,0.1229308300508134,0.5521430526108654,0.5658644828876329
LOG_HPPB,fus_GRMS_late_lgbm,3,3,66,0.17740772239669012,0.5529294736015955,0.513162523508643
LOG_HPPB,fus_GRMS_late_lgbm,3,4,66,0.13407354780424285,0.5239729681790062,0.549758658633657
LOG_HPPB,fus_GRMS_late_lgbm,4,0,66,0.152065889542368,0.5832199418783627,0.5470433947815905
LOG_HPPB,fus_GRMS_late_lgbm,4,1,66,0.15719082362814407,0.5799860473119006,0.5161151508920542
LOG_HPPB,fus_GRMS_late_lgbm,4,2,66,0.25323319580031356,0.5759629784369762,0.5127711335338185
LOG_HPPB,fus_GRMS_late_lgbm,4,3,66,0.1812611238296501,0.5364847232192356,0.5181274672680826
LOG_HPPB,fus_GRMS_late_lgbm,4,4,66,0.24246897103470466,0.5677473084102601,0.498862915989375
LOG_HPPB,fus_GRM_early_lgbm,0,0,66,0.02378723778100178,0.36386978260809466,0.6293277996658924
LOG_HPPB,fus_GRM_early_lgbm,0,1,66,0.20219555361183505,0.5299661823647296,0.5630042728972339
LOG_HPPB,fus_GRM_early_lgbm,0,2,66,0.07389499885175377,0.45445056780227133,0.589441426894899
LOG_HPPB,fus_GRM_early_lgbm,0,3,66,0.015075847826647726,0.42757389779559124,0.6266393742841708
LOG_HPPB,fus_GRM_early_lgbm,0,4,66,0.04863963128198068,0.44444096526386107,0.5795499096808451
LOG_HPPB,fus_GRM_early_lgbm,1,0,66,0.19600869039537938,0.47949023046092193,0.544266081636761
LOG_HPPB,fus_GRM_early_lgbm,1,1,66,0.08141534641801917,0.4787441681104952,0.6126381015033457
LOG_HPPB,fus_GRM_early_lgbm,1,2,66,0.11707381538998685,0.4893432698730796,0.5742448683984346
LOG_HPPB,fus_GRM_early_lgbm,1,3,66,0.1110576030474213,0.4712500913532061,0.5787472964725808
LOG_HPPB,fus_GRM_early_lgbm,1,4,66,0.07979858265278184,0.5008036907147629,0.6082757500123722
LOG_HPPB,fus_GRM_early_lgbm,2,0,66,0.25918630951708743,0.5600680527722112,0.5299982572766813
LOG_HPPB,fus_GRM_early_lgbm,2,1,66,0.1352077988424295,0.46947019038076154,0.5712640739451925
LOG_HPPB,fus_GRM_early_lgbm,2,2,66,0.2080595945151139,0.5263547929191718,0.5743207756228432
LOG_HPPB,fus_GRM_early_lgbm,2,3,66,0.15217441177552615,0.4075964428857716,0.583723198488815
LOG_HPPB,fus_GRM_early_lgbm,2,4,66,0.004576034908430282,0.4304382769760705,0.6199551485965518
LOG_HPPB,fus_GRM_early_lgbm,3,0,66,0.23333819746368079,0.5523280694181387,0.5462335890108462
LOG_HPPB,fus_GRM_early_lgbm,3,1,66,0.015444325587940178,0.44039579573829,0.6289921600478243
LOG_HPPB,fus_GRM_early_lgbm,3,2,66,0.2303031764906781,0.5381700901803608,0.5558351019654457
LOG_HPPB,fus_GRM_early_lgbm,3,3,66,0.09806551782197992,0.43104510017064696,0.5767322540587774
LOG_HPPB,fus_GRM_early_lgbm,3,4,66,0.0762602991139818,0.4492422344689379,0.5956726315181913
LOG_HPPB,fus_GRM_early_lgbm,4,0,66,0.12337486025500566,0.5147950610348357,0.5912998389214004
LOG_HPPB,fus_GRM_early_lgbm,4,1,66,0.21196643766013978,0.5441042930353689,0.5721529184562366
LOG_HPPB,fus_GRM_early_lgbm,4,2,66,0.23558490966694345,0.5300552152010424,0.5405346931763627
LOG_HPPB,fus_GRM_early_lgbm,4,3,66,0.15365515490116965,0.44066257515030066,0.5692475250357194
LOG_HPPB,fus_GRM_early_lgbm,4,4,66,-0.019237835560015126,0.3960525217100869,0.6188276927732631
LOG_HPPB,fus_GRM_late_lgbm,0,0,66,0.11324030286795406,0.49864757840382073,0.5407996095518813
LOG_HPPB,fus_GRM_late_lgbm,0,1,66,0.07635078690987762,0.5216444477223514,0.5738779549297519
LOG_HPPB,fus_GRM_late_lgbm,0,2,66,0.3270569087072559,0.6407109618100276,0.48646751112332576
LOG_HPPB,fus_GRM_late_lgbm,0,3,66,0.13855105903168685,0.5704033192051399,0.5490042640988964
LOG_HPPB,fus_GRM_late_lgbm,0,4,66,0.19598989003195733,0.6272139355790525,0.5200984160575303
LOG_HPPB,fus_GRM_late_lgbm,1,0,66,0.15360256081771662,0.5903422175598041,0.5444124568184332
LOG_HPPB,fus_GRM_late_lgbm,1,1,66,0.11875076562673714,0.5421446421952029,0.5459347769082847
LOG_HPPB,fus_GRM_late_lgbm,1,2,66,0.0654866362695461,0.5780446472569505,0.5623304804068565
LOG_HPPB,fus_GRM_late_lgbm,1,3,66,0.1341590966670464,0.533458188770926,0.5461052851475375
LOG_HPPB,fus_GRM_late_lgbm,1,4,66,0.23883666579249274,0.618121581336121,0.5051518014907085
LOG_HPPB,fus_GRM_late_lgbm,2,0,66,0.16674099668438158,0.5315732319968801,0.5316001154684254
LOG_HPPB,fus_GRM_late_lgbm,2,1,66,0.16721673072497467,0.6125210606330277,0.5095379515055735
LOG_HPPB,fus_GRM_late_lgbm,2,2,66,0.1444781085107859,0.5902493196301761,0.5187465229290398
LOG_HPPB,fus_GRM_late_lgbm,2,3,66,-0.006297961254644324,0.4487009377471506,0.5912783018977458
LOG_HPPB,fus_GRM_late_lgbm,2,4,66,0.270233605143814,0.6162184163563884,0.5014058782318234
LOG_HPPB,fus_GRM_late_lgbm,3,0,66,0.18082851159574675,0.5654553164202238,0.5287774162948603
LOG_HPPB,fus_GRM_late_lgbm,3,1,66,0.03712289812601488,0.5349950043713656,0.5941030380967294
LOG_HPPB,fus_GRM_late_lgbm,3,2,66,0.12315944158701608,0.5586685068446793,0.5668774382567671
LOG_HPPB,fus_GRM_late_lgbm,3,3,66,0.17009880873419447,0.5617591696144172,0.5169482832512338
LOG_HPPB,fus_GRM_late_lgbm,3,4,66,0.13384023026492153,0.5226375734545843,0.5498250080030305
LOG_HPPB,fus_GRM_late_lgbm,4,0,66,0.15201436809599922,0.5868246032132743,0.547422820502951
LOG_HPPB,fus_GRM_late_lgbm,4,1,66,0.14097664983053293,0.6046299682892322,0.5204061280605942
LOG_HPPB,fus_GRM_late_lgbm,4,2,66,0.25323319580031356,0.5759629784369762,0.5127711335338185
LOG_HPPB,fus_GRM_late_lgbm,4,3,66,0.18414837233617898,0.5245094782479638,0.518374730696921
LOG_HPPB,fus_GRM_late_lgbm,4,4,66,0.2425477448672535,0.5629824046307934,0.4990056896152049
LOG_HPPB,fus_GRS_early_lgbm,0,0,66,0.02446727213467359,0.48882649495914815,0.6299453214270443
LOG_HPPB,fus_GRS_early_lgbm,0,1,66,0.12064654670365427,0.4975471776887108,0.5401156696684865
LOG_HPPB,fus_GRS_early_lgbm,0,2,66,0.27582270724321045,0.5885042115361944,0.5263821447462055
LOG_HPPB,fus_GRS_early_lgbm,0,3,66,0.20930982153291655,0.5636004968525011,0.5544043099310739
LOG_HPPB,fus_GRS_early_lgbm,0,4,66,0.11869618801918957,0.5624523792434457,0.5863052318797647
LOG_HPPB,fus_GRS_early_lgbm,1,0,66,0.05215008005339172,0.49458819111546015,0.5759053542628753
LOG_HPPB,fus_GRS_early_lgbm,1,1,66,0.10028220678425903,0.5085326013490788,0.5832486070714021
LOG_HPPB,fus_GRS_early_lgbm,1,2,66,0.12576630810001166,0.5253786179037649,0.5531052832414239
LOG_HPPB,fus_GRS_early_lgbm,1,3,66,0.2615986481989031,0.5846841111278827,0.5248951992541772
LOG_HPPB,fus_GRS_early_lgbm,1,4,66,0.005083307986760377,0.4730035800652181,0.5882783682014484
LOG_HPPB,fus_GRS_early_lgbm,2,0,66,0.26321154072476793,0.554457305711296,0.5190954777582577
LOG_HPPB,fus_GRS_early_lgbm,2,1,66,-0.060864876188261086,0.4883674811609417,0.6255805144383202
LOG_HPPB,fus_GRS_early_lgbm,2,2,66,0.1308667425485872,0.5514513250621328,0.565067130893368
LOG_HPPB,fus_GRS_early_lgbm,2,3,66,-0.03181366800612784,0.4041791481187499,0.6327455197747157
LOG_HPPB,fus_GRS_early_lgbm,2,4,66,0.17206677528754089,0.5159223037782719,0.5600689155581036
LOG_HPPB,fus_GRS_early_lgbm,3,0,66,0.15143611584735983,0.5291987183120765,0.5353651122977265
LOG_HPPB,fus_GRS_early_lgbm,3,1,66,0.1094735832887983,0.5110375852233816,0.5968785989645484
LOG_HPPB,fus_GRS_early_lgbm,3,2,66,0.3390666218719526,0.6406458750835005,0.49000146440591474
LOG_HPPB,fus_GRS_early_lgbm,3,3,66,0.06377378725207439,0.42823146292585174,0.5794795687378002
LOG_HPPB,fus_GRS_early_lgbm,3,4,66,0.2647167154248171,0.5710945736097902,0.4958353928254162
LOG_HPPB,fus_GRS_early_lgbm,4,0,66,0.13199787544298358,0.5433518772018872,0.5936737428255597
LOG_HPPB,fus_GRS_early_lgbm,4,1,66,0.19004654408935695,0.5914266927228808,0.5181283939591186
LOG_HPPB,fus_GRS_early_lgbm,4,2,66,0.18214167092353417,0.5139809412756873,0.5551798463958667
LOG_HPPB,fus_GRS_early_lgbm,4,3,66,-0.031196540348694235,0.43010573121778334,0.5854546484880131
LOG_HPPB,fus_GRS_early_lgbm,4,4,66,0.07882015181030677,0.45371520423308687,0.5839601101804814
LOG_HPPB,fus_GRS_late_lgbm,0,0,66,0.19763450647403924,0.5311482273217019,0.5474332653536197
LOG_HPPB,fus_GRS_late_lgbm,0,1,66,0.13111408099670985,0.541285591429395,0.5613815550677312
LOG_HPPB,fus_GRS_late_lgbm,0,2,66,0.29814947075372134,0.6329189267901848,0.5060689542408212
LOG_HPPB,fus_GRS_late_lgbm,0,3,66,0.06813539937122737,0.5764737905398876,0.5918288582283118
LOG_HPPB,fus_GRS_late_lgbm,0,4,66,0.20155475651467591,0.6322497857446777,0.5333153085719169
LOG_HPPB,fus_GRS_late_lgbm,1,0,66,0.14005081103106265,0.5760258037343047,0.5342868805999146
LOG_HPPB,fus_GRS_late_lgbm,1,1,66,0.062151077327757154,0.5713495389100243,0.5761439517930671
LOG_HPPB,fus_GRS_late_lgbm,1,2,66,0.04254405263816352,0.5656499271904972,0.5498732375423306
LOG_HPPB,fus_GRS_late_lgbm,1,3,66,0.07584338332176077,0.5205081979015012,0.5535012568644395
LOG_HPPB,fus_GRS_late_lgbm,1,4,66,0.12157605943350247,0.6353971476891422,0.5512766054277282
LOG_HPPB,fus_GRS_late_lgbm,2,0,66,0.1408651346821529,0.5503783730061218,0.5503080361295738
LOG_HPPB,fus_GRS_late_lgbm,2,1,66,0.1261895020554834,0.5794298311607224,0.5424852438632758
LOG_HPPB,fus_GRS_late_lgbm,2,2,66,0.09359007368864869,0.6205445928233575,0.5554457055578242
LOG_HPPB,fus_GRS_late_lgbm,2,3,66,-0.09596903534572432,0.44645691285878203,0.6323252914613229
LOG_HPPB,fus_GRS_late_lgbm,2,4,66,0.2472366991351117,0.6144989583012591,0.5335643429874245
LOG_HPPB,fus_GRS_late_lgbm,3,0,66,0.14804954081329869,0.5434319800973901,0.5572939594777694
LOG_HPPB,fus_GRS_late_lgbm,3,1,66,-0.09906491654046956,0.5274764638612814,0.6403204787515328
LOG_HPPB,fus_GRS_late_lgbm,3,2,66,0.13055097135426053,0.5572177295031966,0.5827378317818378
LOG_HPPB,fus_GRS_late_lgbm,3,3,66,0.1394524325190133,0.5797242167985502,0.5156707882936065
LOG_HPPB,fus_GRS_late_lgbm,3,4,66,0.09256742527398898,0.551027233342015,0.553853614903828
LOG_HPPB,fus_GRS_late_lgbm,4,0,66,0.08568734692606705,0.5615000371790052,0.5724570811985801
LOG_HPPB,fus_GRS_late_lgbm,4,1,66,0.06198978870721261,0.5694601071861518,0.559379963187313
LOG_HPPB,fus_GRS_late_lgbm,4,2,66,0.1392159456771046,0.5974298563377193,0.5392241860908524
LOG_HPPB,fus_GRS_late_lgbm,4,3,66,0.12627068151162624,0.5672275986000173,0.5322662306874326
LOG_HPPB,fus_GRS_late_lgbm,4,4,66,0.26470286537214227,0.5931442656011935,0.4899138657626091
LOG_HPPB,fus_GR_early_lgbm,0,0,66,0.28190331979109906,0.5606212424849701,0.5278782656616956
LOG_HPPB,fus_GR_early_lgbm,0,1,66,0.2704672934008924,0.559681863727455,0.5064652719535666
LOG_HPPB,fus_GR_early_lgbm,0,2,66,0.31591439283007783,0.5862515265383484,0.50661789074267
LOG_HPPB,fus_GR_early_lgbm,0,3,66,0.3300101159934977,0.571747661990648,0.5160296743794316
LOG_HPPB,fus_GR_early_lgbm,0,4,66,0.31713401924416507,0.615428774215097,0.4796454079568566
LOG_HPPB,fus_GR_early_lgbm,1,0,66,0.3654231135660515,0.6130971641237035,0.4873424146662044
LOG_HPPB,fus_GR_early_lgbm,1,1,66,0.2800100993847743,0.5567964762794558,0.5234830713191669
LOG_HPPB,fus_GR_early_lgbm,1,2,66,0.25782821852132765,0.5802229458917837,0.4981705119891092
LOG_HPPB,fus_GR_early_lgbm,1,3,66,0.2505891902611911,0.5259010302247705,0.5341305447728454
LOG_HPPB,fus_GR_early_lgbm,1,4,66,0.27493947559771525,0.5656235652710924,0.5037645740282886
LOG_HPPB,fus_GR_early_lgbm,2,0,66,0.31486560742597725,0.5806508851035405,0.5158341022135519
LOG_HPPB,fus_GR_early_lgbm,2,1,66,0.27817493502602386,0.5652092227389411,0.5059060703503636
LOG_HPPB,fus_GR_early_lgbm,2,2,66,0.2927846032059095,0.5751920507682032,0.49112930120609066
LOG_HPPB,fus_GR_early_lgbm,2,3,66,0.11701547218603969,0.39925057670194897,0.5858314073308237
LOG_HPPB,fus_GR_early_lgbm,2,4,66,0.3724468160465826,0.6127254509018037,0.48946355293080845
LOG_HPPB,fus_GR_early_lgbm,3,0,66,0.24764657844023708,0.5282599392816485,0.5149308643414613
LOG_HPPB,fus_GR_early_lgbm,3,1,66,0.30276503234054664,0.5517597695390782,0.5113040400982242
LOG_HPPB,fus_GR_early_lgbm,3,2,66,0.3308236515604819,0.618810537742151,0.5045101072991486
LOG_HPPB,fus_GR_early_lgbm,3,3,66,0.20692442362681496,0.5044412203975972,0.532385907560624
LOG_HPPB,fus_GR_early_lgbm,3,4,66,0.3102240268188018,0.5752293674053256,0.49685685445177336
LOG_HPPB,fus_GR_early_lgbm,4,0,66,0.36758612309007865,0.6034716718549559,0.4964288961755614
LOG_HPPB,fus_GR_early_lgbm,4,1,66,0.3423741010143744,0.6039474782899132,0.46710603174781706
LOG_HPPB,fus_GR_early_lgbm,4,2,66,0.3442033331439365,0.5947686495047753,0.49699231617348905
LOG_HPPB,fus_GR_early_lgbm,4,3,66,0.2572448673057345,0.5232965931863729,0.5222733697249902
LOG_HPPB,fus_GR_early_lgbm,4,4,66,0.27854492824652044,0.548680694722779,0.5202072629667038
LOG_HPPB,fus_GR_late_lgbm,0,0,66,0.0915189476485524,0.5026535266873664,0.5474404555360155
LOG_HPPB,fus_GR_late_lgbm,0,1,66,0.03078737829994005,0.5258894045133611,0.5818057739335102
LOG_HPPB,fus_GR_late_lgbm,0,2,66,0.3223403711914782,0.6513223447677514,0.49013062268651486
LOG_HPPB,fus_GR_late_lgbm,0,3,66,0.08988634372005078,0.5796703009762977,0.5759195491331148
LOG_HPPB,fus_GR_late_lgbm,0,4,66,0.19155918505689917,0.599807028539914,0.5401291563522709
LOG_HPPB,fus_GR_late_lgbm,1,0,66,0.07225361457672608,0.5574875387073667,0.5829533184398759
LOG_HPPB,fus_GR_late_lgbm,1,1,66,0.1410552416408617,0.5734694355150083,0.5438315379525672
LOG_HPPB,fus_GR_late_lgbm,1,2,66,0.05385195514362817,0.5937542018186945,0.5606102349495323
LOG_HPPB,fus_GR_late_lgbm,1,3,66,0.05940517550123814,0.5040828201739098,0.5748431814893626
LOG_HPPB,fus_GR_late_lgbm,1,4,66,0.11721363342815128,0.6225181983075815,0.5604103293449111
LOG_HPPB,fus_GR_late_lgbm,2,0,66,0.08638814775100068,0.5823211962651685,0.5746435921775078
LOG_HPPB,fus_GR_late_lgbm,2,1,66,0.0734291516052552,0.6001999354684961,0.544845703379634
LOG_HPPB,fus_GR_late_lgbm,2,2,66,0.08346357615692235,0.6320448799634572,0.5517228757141791
LOG_HPPB,fus_GR_late_lgbm,2,3,66,-0.0758887373899364,0.4616413625455965,0.6315291906025116
LOG_HPPB,fus_GR_late_lgbm,2,4,66,0.20552711166090443,0.6338405250546403,0.534378090825402
LOG_HPPB,fus_GR_late_lgbm,3,0,66,0.19942563407640024,0.5890225007745014,0.5345939496621772
LOG_HPPB,fus_GR_late_lgbm,3,1,66,-0.10577085374740425,0.5178903594589258,0.6425257174327724
LOG_HPPB,fus_GR_late_lgbm,3,2,66,0.05886684613488835,0.6217727826281967,0.590657708911528
LOG_HPPB,fus_GR_late_lgbm,3,3,66,0.12504756730263578,0.5907043002350421,0.5338645264064837
LOG_HPPB,fus_GR_late_lgbm,3,4,66,0.08053490038435795,0.5432537456130289,0.5608030218100505
LOG_HPPB,fus_GR_late_lgbm,4,0,66,0.06480479144818807,0.5841441934416984,0.5820415962689159
LOG_HPPB,fus_GR_late_lgbm,4,1,66,0.07147096446312928,0.5996434345579397,0.5505549395199814
LOG_HPPB,fus_GR_late_lgbm,4,2,66,0.18409401018623317,0.5765021336646193,0.5317308100509198
LOG_HPPB,fus_GR_late_lgbm,4,3,66,0.08617988525524956,0.5390707045398788,0.5435813302319444
LOG_HPPB,fus_GR_late_lgbm,4,4,66,0.25267442197667034,0.5930906521512962,0.48081860926607906
LOG_HPPB,uni_G_lgbm,0,0,66,-0.15793773831665536,0.18106759650035317,0.6645054695953776
LOG_HPPB,uni_G_lgbm,0,1,66,-0.2124360349893022,0.1580622939877125,0.6826572980599128
LOG_HPPB,uni_G_lgbm,0,2,66,-0.06993980977414194,0.20446954215976357,0.6370985165683083
LOG_HPPB,uni_G_lgbm,0,3,66,-0.373823858909619,0.16605778478838523,0.720624997671637
LOG_HPPB,uni_G_lgbm,0,4,66,-0.2404209252882621,0.17021209985192015,0.6685006396657853
LOG_HPPB,uni_G_lgbm,1,0,66,-0.2621484258166802,0.09276230645636932,0.6849993477476467
LOG_HPPB,uni_G_lgbm,1,1,66,-0.10502884831543824,0.2282055031006642,0.6428489838498168
LOG_HPPB,uni_G_lgbm,1,2,66,-0.1344331188395831,0.14213394025164636,0.6451599336309908
LOG_HPPB,uni_G_lgbm,1,3,66,-0.1954027438293089,0.1019477266973511,0.6928915426104164
LOG_HPPB,uni_G_lgbm,1,4,66,-0.1938680539485742,0.1845956329110939,0.6658009046642062
LOG_HPPB,uni_G_lgbm,2,0,66,-0.1773868496181774,0.20783057092975915,0.6884593967687275
LOG_HPPB,uni_G_lgbm,2,1,66,-0.1871690443803289,0.19845726709293912,0.6627733734704789
LOG_HPPB,uni_G_lgbm,2,2,66,-0.2500038907897475,0.16142332275770807,0.6971036454478307
LOG_HPPB,uni_G_lgbm,2,3,66,-0.12008705531646369,0.05994905980593861,0.6918025176330782
LOG_HPPB,uni_G_lgbm,2,4,66,-0.27349231242418837,0.18964761404363387,0.6853918538139893
LOG_HPPB,uni_G_lgbm,3,0,66,-0.14779277966885873,0.12294893752105035,0.659563825993416
LOG_HPPB,uni_G_lgbm,3,1,66,-0.17263770166425796,0.09297106600730073,0.708570671779749
LOG_HPPB,uni_G_lgbm,3,2,66,-0.10667948220478629,0.25066803078088323,0.6674473365500417
LOG_HPPB,uni_G_lgbm,3,3,66,-0.41600308731297697,0.08827397611134413,0.7408078319733762
LOG_HPPB,uni_G_lgbm,3,4,66,-0.2638672267430042,0.13967932600788172,0.6954419598413907
LOG_HPPB,uni_G_lgbm,4,0,66,-0.1442436983921338,0.18115110032072573,0.6584047256010734
LOG_HPPB,uni_G_lgbm,4,1,66,-0.09323354875550138,0.17820759065259298,0.6605037551655624
LOG_HPPB,uni_G_lgbm,4,2,66,0.0290474587673879,0.31943342685768766,0.5979798902835316
LOG_HPPB,uni_G_lgbm,4,3,66,-0.26057737108362455,0.1271658804498647,0.6869488547518178
LOG_HPPB,uni_G_lgbm,4,4,66,-0.239613127948628,0.13253930216890172,0.7065801459095254
LOG_MDR1_ER,fus_GRMS_early_lgbm,0,0,804,0.4315715942250705,0.688915339147798,0.37455478428682387
LOG_MDR1_ER,fus_GRMS_early_lgbm,0,1,804,0.33998148735180944,0.65593728718012,0.3966244204324777
LOG_MDR1_ER,fus_GRMS_early_lgbm,0,2,804,0.4073273965979307,0.6768655273326675,0.3835258877660442
LOG_MDR1_ER,fus_GRMS_early_lgbm,0,3,804,0.43344731776929446,0.6768627565974956,0.3781400843926914
LOG_MDR1_ER,fus_GRMS_early_lgbm,0,4,804,0.39935202683728144,0.676641651930781,0.3824682757592207
LOG_MDR1_ER,fus_GRMS_early_lgbm,1,0,804,0.40259970675645884,0.6764295983322944,0.37996320790738025
LOG_MDR1_ER,fus_GRMS_early_lgbm,1,1,804,0.3789747635388071,0.6737901691521143,0.38581667103967415
LOG_MDR1_ER,fus_GRMS_early_lgbm,1,2,804,0.41531024522225846,0.6819954280560718,0.37796157565837657
LOG_MDR1_ER,fus_GRMS_early_lgbm,1,3,804,0.3709178290128381,0.6666828446814757,0.39039357642790135
LOG_MDR1_ER,fus_GRMS_early_lgbm,1,4,804,0.4147934486540046,0.6766775791301761,0.38592289796341883
LOG_MDR1_ER,fus_GRMS_early_lgbm,2,0,804,0.36331965148735823,0.6687107457537618,0.3894054602057894
LOG_MDR1_ER,fus_GRMS_early_lgbm,2,1,804,0.39341354923556404,0.6641994578363952,0.38426425625693916
LOG_MDR1_ER,fus_GRMS_early_lgbm,2,2,804,0.3490720988930106,0.6582951442322951,0.39317580724955803
LOG_MDR1_ER,fus_GRMS_early_lgbm,2,3,804,0.4118308039222284,0.6743488454866052,0.38364420762970486
LOG_MDR1_ER,fus_GRMS_early_lgbm,2,4,804,0.3763839456908653,0.6606466595728149,0.39236075931963504
LOG_MDR1_ER,fus_GRMS_early_lgbm,3,0,804,0.3779961641857975,0.6550147900113472,0.3901527834462575
LOG_MDR1_ER,fus_GRMS_early_lgbm,3,1,804,0.41471067742631673,0.6829816712404961,0.3806871956056153
LOG_MDR1_ER,fus_GRMS_early_lgbm,3,2,804,0.4052844253939778,0.6736099596846489,0.38230247520498273
LOG_MDR1_ER,fus_GRMS_early_lgbm,3,3,804,0.4279743860067752,0.6819395746528991,0.37761218633623683
LOG_MDR1_ER,fus_GRMS_early_lgbm,3,4,804,0.4033541928981693,0.6793187748092999,0.3865782469734797
LOG_MDR1_ER,fus_GRMS_early_lgbm,4,0,804,0.3375880585378537,0.6405420278449884,0.4065868691143966
LOG_MDR1_ER,fus_GRMS_early_lgbm,4,1,804,0.4374768559007822,0.6968676954329396,0.37250724723102835
LOG_MDR1_ER,fus_GRMS_early_lgbm,4,2,804,0.42869030018258414,0.6861315393023101,0.37864627605291795
LOG_MDR1_ER,fus_GRMS_early_lgbm,4,3,804,0.34266606494372853,0.652446207042493,0.3936259716253935
LOG_MDR1_ER,fus_GRMS_early_lgbm,4,4,804,0.44715477753133426,0.6895850875430234,0.37008084275287734
LOG_MDR1_ER,fus_GRMS_late_lgbm,0,0,804,0.3889533486695884,0.6512706912377864,0.39794878543617745
LOG_MDR1_ER,fus_GRMS_late_lgbm,0,1,804,0.41377344957324336,0.6642241749761846,0.39829645158531
LOG_MDR1_ER,fus_GRMS_late_lgbm,0,2,804,0.4147393726478571,0.6734660817213581,0.38772121445089935
LOG_MDR1_ER,fus_GRMS_late_lgbm,0,3,804,0.37647540215187114,0.6380780130282048,0.4047289204134188
LOG_MDR1_ER,fus_GRMS_late_lgbm,0,4,804,0.3905996464521053,0.6518183845331561,0.4020659247710851
LOG_MDR1_ER,fus_GRMS_late_lgbm,1,0,804,0.38115779323907184,0.6540145155360624,0.39556844192810786
LOG_MDR1_ER,fus_GRMS_late_lgbm,1,1,804,0.4110796428027427,0.660551034257482,0.3968769252502948
LOG_MDR1_ER,fus_GRMS_late_lgbm,1,2,804,0.3767816407954425,0.6449922248263222,0.4024311421669365
LOG_MDR1_ER,fus_GRMS_late_lgbm,1,3,804,0.3917627425469351,0.651233602045588,0.4006511548248284
LOG_MDR1_ER,fus_GRMS_late_lgbm,1,4,804,0.4120634636495578,0.6615166160657289,0.3903953616019777
LOG_MDR1_ER,fus_GRMS_late_lgbm,2,0,804,0.3950651801573273,0.6465862668170865,0.39438845314643994
LOG_MDR1_ER,fus_GRMS_late_lgbm,2,1,804,0.3679289623389371,0.6304385126861052,0.40625593385995223
LOG_MDR1_ER,fus_GRMS_late_lgbm,2,2,804,0.40801502506541387,0.6684108714856717,0.39606566243495545
LOG_MDR1_ER,fus_GRMS_late_lgbm,2,3,804,0.40950391407133946,0.672074753330527,0.38720658310949013
LOG_MDR1_ER,fus_GRMS_late_lgbm,2,4,804,0.38334145682786624,0.6531351114699986,0.3990912725692105
LOG_MDR1_ER,fus_GRMS_late_lgbm,3,0,804,0.38526202404017584,0.6418839323852621,0.40354569561878983
LOG_MDR1_ER,fus_GRMS_late_lgbm,3,1,804,0.4001160888204859,0.6677714896582252,0.39445086382169653
LOG_MDR1_ER,fus_GRMS_late_lgbm,3,2,804,0.4142944908694184,0.6563046507736441,0.3925447590465938
LOG_MDR1_ER,fus_GRMS_late_lgbm,3,3,804,0.38746009178459084,0.6481197998494753,0.40132239354232146
LOG_MDR1_ER,fus_GRMS_late_lgbm,3,4,804,0.40938421966987426,0.6567323834117135,0.39324066668419694
LOG_MDR1_ER,fus_GRMS_late_lgbm,4,0,804,0.3928532681335859,0.652250146160616,0.40109302072854297
LOG_MDR1_ER,fus_GRMS_late_lgbm,4,1,804,0.40765949144269886,0.6657636763307595,0.3943525828273073
LOG_MDR1_ER,fus_GRMS_late_lgbm,4,2,804,0.38124566330859866,0.649072146814897,0.40209056327716286
LOG_MDR1_ER,fus_GRMS_late_lgbm,4,3,804,0.3968733351625445,0.65745994437495,0.3920863101895066
LOG_MDR1_ER,fus_GRMS_late_lgbm,4,4,804,0.37816787822425413,0.6445480566016878,0.39867348742656095
LOG_MDR1_ER,fus_GRM_early_lgbm,0,0,804,0.45639353418003736,0.6979612353368944,0.3742267561674321
LOG_MDR1_ER,fus_GRM_early_lgbm,0,1,804,0.4672936322568617,0.710400916780859,0.3730179995974085
LOG_MDR1_ER,fus_GRM_early_lgbm,0,2,804,0.4751362175897944,0.7158735805660725,0.367210033582083
LOG_MDR1_ER,fus_GRM_early_lgbm,0,3,804,0.47048833964554104,0.712179844218762,0.3712448974474575
LOG_MDR1_ER,fus_GRM_early_lgbm,0,4,804,0.45634245476464286,0.6993696271512283,0.3724370225110565
LOG_MDR1_ER,fus_GRM_early_lgbm,1,0,804,0.4636370744444609,0.70624135058009,0.3693341686918882
LOG_MDR1_ER,fus_GRM_early_lgbm,1,1,804,0.4693260543822788,0.6997722842424036,0.3710087818674367
LOG_MDR1_ER,fus_GRM_early_lgbm,1,2,804,0.4511488764119056,0.6963528737681506,0.3768381751132481
LOG_MDR1_ER,fus_GRM_early_lgbm,1,3,804,0.4635554753311507,0.699155703305266,0.3718965569356023
LOG_MDR1_ER,fus_GRM_early_lgbm,1,4,804,0.45618138502360994,0.7025150506047656,0.3698094511558694
LOG_MDR1_ER,fus_GRM_early_lgbm,2,0,804,0.46184604359499004,0.7051220197431161,0.37036178190624913
LOG_MDR1_ER,fus_GRM_early_lgbm,2,1,804,0.4588488271733655,0.694035654213124,0.3727331676479905
LOG_MDR1_ER,fus_GRM_early_lgbm,2,2,804,0.4663018212482434,0.7021451649467434,0.3750442395902417
LOG_MDR1_ER,fus_GRM_early_lgbm,2,3,804,0.44905745936113484,0.6985642015539462,0.3756402148498368
LOG_MDR1_ER,fus_GRM_early_lgbm,2,4,804,0.4561379434263442,0.7019497398100701,0.3739574462405783
LOG_MDR1_ER,fus_GRM_early_lgbm,3,0,804,0.4567256487191037,0.700189945440761,0.37315629887172996
LOG_MDR1_ER,fus_GRM_early_lgbm,3,1,804,0.4604180266161362,0.7027931706388032,0.3746008505814904
LOG_MDR1_ER,fus_GRM_early_lgbm,3,2,804,0.46486158866252936,0.7004508413331674,0.3695073218391069
LOG_MDR1_ER,fus_GRM_early_lgbm,3,3,804,0.45828981009306036,0.7044328034313802,0.3738946274609816
LOG_MDR1_ER,fus_GRM_early_lgbm,3,4,804,0.4593622796676389,0.6953199898690378,0.3700124616256987
LOG_MDR1_ER,fus_GRM_early_lgbm,4,0,804,0.4439692276204342,0.693251890035362,0.3772233119424021
LOG_MDR1_ER,fus_GRM_early_lgbm,4,1,804,0.45242713623746433,0.7007981258562472,0.37405724485745107
LOG_MDR1_ER,fus_GRM_early_lgbm,4,2,804,0.4591019661660739,0.6988280869587619,0.37753969905524376
LOG_MDR1_ER,fus_GRM_early_lgbm,4,3,804,0.4685834738537754,0.7095592638844629,0.36945159908362757
LOG_MDR1_ER,fus_GRM_early_lgbm,4,4,804,0.451766547126197,0.6928763053359182,0.3761131076396622
LOG_MDR1_ER,fus_GRM_late_lgbm,0,0,804,0.379958263708536,0.6471194945522865,0.4004696425640061
LOG_MDR1_ER,fus_GRM_late_lgbm,0,1,804,0.5101425648255028,0.7348899910740254,0.3559600520436936
LOG_MDR1_ER,fus_GRM_late_lgbm,0,2,804,0.40595215521423733,0.6692626987199,0.39004480961549315
LOG_MDR1_ER,fus_GRM_late_lgbm,0,3,804,0.36450057253207757,0.6314859640688824,0.4078915735895201
LOG_MDR1_ER,fus_GRM_late_lgbm,0,4,804,0.44943229237087,0.6941608467433992,0.37416205237429434
LOG_MDR1_ER,fus_GRM_late_lgbm,1,0,804,0.4418221161862723,0.6948789608518383,0.3724201069932222
LOG_MDR1_ER,fus_GRM_late_lgbm,1,1,804,0.4114663808167488,0.6587947374969951,0.39575373113850604
LOG_MDR1_ER,fus_GRM_late_lgbm,1,2,804,0.37152341883212503,0.6437308297372211,0.4051915418647099
LOG_MDR1_ER,fus_GRM_late_lgbm,1,3,804,0.471714427628387,0.7103745642549335,0.368494326876974
LOG_MDR1_ER,fus_GRM_late_lgbm,1,4,804,0.40379565913283566,0.6551292048954545,0.39412912002154915
LOG_MDR1_ER,fus_GRM_late_lgbm,2,0,804,0.4025786206829983,0.650998900601317,0.3918991449245091
LOG_MDR1_ER,fus_GRM_late_lgbm,2,1,804,0.37205936910284865,0.6331286820987373,0.40510467498890396
LOG_MDR1_ER,fus_GRM_late_lgbm,2,2,804,0.4654193987804418,0.7051917647146524,0.3724585228605669
LOG_MDR1_ER,fus_GRM_late_lgbm,2,3,804,0.39674539746931226,0.6629084741476093,0.3911379393945573
LOG_MDR1_ER,fus_GRM_late_lgbm,2,4,804,0.3776165869924093,0.650386880394152,0.40019676956290823
LOG_MDR1_ER,fus_GRM_late_lgbm,3,0,804,0.38467910145899864,0.6396159647125388,0.40310779960840315
LOG_MDR1_ER,fus_GRM_late_lgbm,3,1,804,0.4611764130903647,0.7086271516166152,0.3694775074032427
LOG_MDR1_ER,fus_GRM_late_lgbm,3,2,804,0.4034902715078241,0.6496217710280684,0.3957656110356197
LOG_MDR1_ER,fus_GRM_late_lgbm,3,3,804,0.38197919087128485,0.6456753824249177,0.40251002537848996
LOG_MDR1_ER,fus_GRM_late_lgbm,3,4,804,0.45186938851584624,0.6900018452554973,0.3718445950637516
LOG_MDR1_ER,fus_GRM_late_lgbm,4,0,804,0.45082930284605305,0.696472613263992,0.3746870120919985
LOG_MDR1_ER,fus_GRM_late_lgbm,4,1,804,0.40374338997109616,0.6623646824057425,0.3940682724607572
LOG_MDR1_ER,fus_GRM_late_lgbm,4,2,804,0.37805760229151175,0.647773710955527,0.402411089162433
LOG_MDR1_ER,fus_GRM_late_lgbm,4,3,804,0.45109297325524167,0.6975889150361523,0.369380924514692
LOG_MDR1_ER,fus_GRM_late_lgbm,4,4,804,0.36825255495926046,0.6381265317847344,0.4019702517171034
LOG_MDR1_ER,fus_GRS_early_lgbm,0,0,804,0.43788249990995876,0.6927663839631695,0.3740512411257182
LOG_MDR1_ER,fus_GRS_early_lgbm,0,1,804,0.31679741307235165,0.6427692297390857,0.40556493456669274
LOG_MDR1_ER,fus_GRS_early_lgbm,0,2,804,0.3990921304490064,0.6630060791084142,0.39069535678505696
LOG_MDR1_ER,fus_GRS_early_lgbm,0,3,804,0.42565053495616145,0.6649577079887437,0.38196062325550517
LOG_MDR1_ER,fus_GRS_early_lgbm,0,4,804,0.4038810706499054,0.6739291252869875,0.3804473585542595
LOG_MDR1_ER,fus_GRS_early_lgbm,1,0,804,0.4068034636860435,0.6741016266408957,0.3779560315779295
LOG_MDR1_ER,fus_GRS_early_lgbm,1,1,804,0.3774771830927264,0.673222087622215,0.38746908349969084
LOG_MDR1_ER,fus_GRS_early_lgbm,1,2,804,0.40995865303835266,0.6746938251049619,0.38152131427818464
LOG_MDR1_ER,fus_GRS_early_lgbm,1,3,804,0.36872085616340555,0.6616459713914666,0.3912304790181762
LOG_MDR1_ER,fus_GRS_early_lgbm,1,4,804,0.3908908565044823,0.6670761274496617,0.3865334020361691
LOG_MDR1_ER,fus_GRS_early_lgbm,2,0,804,0.35252879117056823,0.6610413546138187,0.39334431713422713
LOG_MDR1_ER,fus_GRS_early_lgbm,2,1,804,0.39727992840028303,0.6720126770369896,0.3868488747501536
LOG_MDR1_ER,fus_GRS_early_lgbm,2,2,804,0.3373357682321444,0.652437155974265,0.39483913255624437
LOG_MDR1_ER,fus_GRS_early_lgbm,2,3,804,0.39905706157542076,0.6690684476644493,0.3863366054006711
LOG_MDR1_ER,fus_GRS_early_lgbm,2,4,804,0.3588016937345455,0.6496123914665513,0.39889502967516977
LOG_MDR1_ER,fus_GRS_early_lgbm,3,0,804,0.3696063961801792,0.6504122063169323,0.39247366480204254
LOG_MDR1_ER,fus_GRS_early_lgbm,3,1,804,0.4061680631037514,0.6737110915184218,0.37829065824483077
LOG_MDR1_ER,fus_GRS_early_lgbm,3,2,804,0.40083590938140223,0.6701215810138144,0.38142840381476195
LOG_MDR1_ER,fus_GRS_early_lgbm,3,3,804,0.4024918214319616,0.6718578852987216,0.3852892654988261
LOG_MDR1_ER,fus_GRS_early_lgbm,3,4,804,0.3968437902695803,0.6720002549999982,0.3869863157749406
LOG_MDR1_ER,fus_GRS_early_lgbm,4,0,804,0.34592814166766384,0.6509717871678931,0.4029020836835606
LOG_MDR1_ER,fus_GRS_early_lgbm,4,1,804,0.4341483001706642,0.6913779223896297,0.37314602117998297
LOG_MDR1_ER,fus_GRS_early_lgbm,4,2,804,0.41961751023258065,0.6815380720370364,0.38065678743858455
LOG_MDR1_ER,fus_GRS_early_lgbm,4,3,804,0.33498376539116925,0.6484158532254753,0.39558915810995804
LOG_MDR1_ER,fus_GRS_early_lgbm,4,4,804,0.44288273986259596,0.6898302820804665,0.36799363946352154
LOG_MDR1_ER,fus_GRS_late_lgbm,0,0,804,0.47654266573353765,0.7017832526510602,0.35518438275207653
LOG_MDR1_ER,fus_GRS_late_lgbm,0,1,804,0.525467507472875,0.746516747639114,0.34247434049334213
LOG_MDR1_ER,fus_GRS_late_lgbm,0,2,804,0.4334027419921519,0.6845982987107005,0.36698912362714337
LOG_MDR1_ER,fus_GRS_late_lgbm,0,3,804,0.4432060672013861,0.6915674846934424,0.37161913027309446
LOG_MDR1_ER,fus_GRS_late_lgbm,0,4,804,0.43916283144129653,0.6997070223437567,0.36690057551015226
LOG_MDR1_ER,fus_GRS_late_lgbm,1,0,804,0.4471751476937845,0.6957441376115986,0.363945025570288
LOG_MDR1_ER,fus_GRS_late_lgbm,1,1,804,0.4763670539214361,0.7157043819388248,0.3599000565305617
LOG_MDR1_ER,fus_GRS_late_lgbm,1,2,804,0.4502196278771158,0.698671685115575,0.3649390595513371
LOG_MDR1_ER,fus_GRS_late_lgbm,1,3,804,0.4751872000993014,0.7231155671292554,0.35867843784329856
LOG_MDR1_ER,fus_GRS_late_lgbm,1,4,804,0.45127484724319433,0.6977562591290634,0.3678906814064692
LOG_MDR1_ER,fus_GRS_late_lgbm,2,0,804,0.46156384900740155,0.7056742408295266,0.3625905087328897
LOG_MDR1_ER,fus_GRS_late_lgbm,2,1,804,0.4544603589191194,0.6964256299568462,0.36593667280604275
LOG_MDR1_ER,fus_GRS_late_lgbm,2,2,804,0.4603664519882362,0.7107808644904225,0.36676589075816185
LOG_MDR1_ER,fus_GRS_late_lgbm,2,3,804,0.5098771794224732,0.7344122935903923,0.34099127314197974
LOG_MDR1_ER,fus_GRS_late_lgbm,2,4,804,0.4585321072863098,0.6934097631938158,0.3663750829076624
LOG_MDR1_ER,fus_GRS_late_lgbm,3,0,804,0.4408007132578642,0.6901809285763274,0.37176828798858064
LOG_MDR1_ER,fus_GRS_late_lgbm,3,1,804,0.47119817314463874,0.706575525458894,0.36270133480950617
LOG_MDR1_ER,fus_GRS_late_lgbm,3,2,804,0.432304779390859,0.6975796244751543,0.372204997415869
LOG_MDR1_ER,fus_GRS_late_lgbm,3,3,804,0.4599937962713423,0.7116566232177939,0.3626393501795238
LOG_MDR1_ER,fus_GRS_late_lgbm,3,4,804,0.4286394942627434,0.6826491369104987,0.3690485667420443
LOG_MDR1_ER,fus_GRS_late_lgbm,4,0,804,0.4557026951209535,0.6993933181454384,0.3653922999632719
LOG_MDR1_ER,fus_GRS_late_lgbm,4,1,804,0.4236665464138797,0.6914944825474886,0.37205446764814726
LOG_MDR1_ER,fus_GRS_late_lgbm,4,2,804,0.46675660922132045,0.7091464157069514,0.36207319751437894
LOG_MDR1_ER,fus_GRS_late_lgbm,4,3,804,0.45990365559123847,0.7064805822288597,0.36252130327092896
LOG_MDR1_ER,fus_GRS_late_lgbm,4,4,804,0.44076359999035586,0.6840198765633511,0.3705761179030048
LOG_MDR1_ER,fus_GR_early_lgbm,0,0,804,0.45792650204852203,0.702983169746435,0.3771474185857284
LOG_MDR1_ER,fus_GR_early_lgbm,0,1,804,0.4469044216711694,0.6881608910499597,0.3833656991131102
LOG_MDR1_ER,fus_GR_early_lgbm,0,2,804,0.4568271303226106,0.7005745927509948,0.3783767459934284
LOG_MDR1_ER,fus_GR_early_lgbm,0,3,804,0.4559574633357901,0.6971347175145137,0.37851511692283357
LOG_MDR1_ER,fus_GR_early_lgbm,0,4,804,0.4492697133857184,0.6958435895511628,0.3804670494616327
LOG_MDR1_ER,fus_GR_early_lgbm,1,0,804,0.4477947681057888,0.6895210218563671,0.381522274339725
LOG_MDR1_ER,fus_GR_early_lgbm,1,1,804,0.4656718216673904,0.7044542223175561,0.3773696909496015
LOG_MDR1_ER,fus_GR_early_lgbm,1,2,804,0.45216017287963484,0.69339261629093,0.3787959531341714
LOG_MDR1_ER,fus_GR_early_lgbm,1,3,804,0.43422066556717054,0.6878123787442589,0.38396861220236284
LOG_MDR1_ER,fus_GR_early_lgbm,1,4,804,0.4551999807240059,0.7028831000278113,0.37833038469772706
LOG_MDR1_ER,fus_GR_early_lgbm,2,0,804,0.454149252416719,0.7010385754449828,0.37816985206414716
LOG_MDR1_ER,fus_GR_early_lgbm,2,1,804,0.47430590462422606,0.7141399505262146,0.3699910420831414
LOG_MDR1_ER,fus_GR_early_lgbm,2,2,804,0.44175649692881813,0.688560269435524,0.38701532934736194
LOG_MDR1_ER,fus_GR_early_lgbm,2,3,804,0.44523207087694694,0.6934518407552286,0.3809988710623804
LOG_MDR1_ER,fus_GR_early_lgbm,2,4,804,0.4450916145703139,0.6911190664561985,0.3827848097427489
LOG_MDR1_ER,fus_GR_early_lgbm,3,0,804,0.43709085839219763,0.6846415263241199,0.38399386700651444
LOG_MDR1_ER,fus_GR_early_lgbm,3,1,804,0.4533550085170627,0.6948999193138828,0.3763753553878437
LOG_MDR1_ER,fus_GR_early_lgbm,3,2,804,0.44942256017708593,0.701104407541805,0.3817859542120193
LOG_MDR1_ER,fus_GR_early_lgbm,3,3,804,0.4556963105497829,0.6984243637208711,0.37927128831482115
LOG_MDR1_ER,fus_GR_early_lgbm,3,4,804,0.4489531457256132,0.6957512046059778,0.377848997904215
LOG_MDR1_ER,fus_GR_early_lgbm,4,0,804,0.4457457411275665,0.6952368868897009,0.382628377593662
LOG_MDR1_ER,fus_GR_early_lgbm,4,1,804,0.44623129387271787,0.6958488961102457,0.3866759530232738
LOG_MDR1_ER,fus_GR_early_lgbm,4,2,804,0.4524276089057079,0.6922742321282676,0.3840381906822994
LOG_MDR1_ER,fus_GR_early_lgbm,4,3,804,0.45714801433190966,0.6983356771059117,0.3755751447430345
LOG_MDR1_ER,fus_GR_early_lgbm,4,4,804,0.4523724637326323,0.6974639114630047,0.37933424364304985
LOG_MDR1_ER,fus_GR_late_lgbm,0,0,804,0.4314901604278182,0.6857182776697324,0.3703395950244599
LOG_MDR1_ER,fus_GR_late_lgbm,0,1,804,0.49849336825816104,0.7393351241732016,0.3489293117810566
LOG_MDR1_ER,fus_GR_late_lgbm,0,2,804,0.3815515933041016,0.6709550475433784,0.38031455915717993
LOG_MDR1_ER,fus_GR_late_lgbm,0,3,804,0.3841021505423152,0.670336462121052,0.3928618934063548
LOG_MDR1_ER,fus_GR_late_lgbm,0,4,804,0.42165124502719986,0.6952307303240287,0.37162319491213897
LOG_MDR1_ER,fus_GR_late_lgbm,1,0,804,0.3993930127093823,0.6805423744191491,0.3795440673266843
LOG_MDR1_ER,fus_GR_late_lgbm,1,1,804,0.45639439385257996,0.707672495724515,0.37009850402955075
LOG_MDR1_ER,fus_GR_late_lgbm,1,2,804,0.42673154574532357,0.6943539937670611,0.37019004647620396
LOG_MDR1_ER,fus_GR_late_lgbm,1,3,804,0.45921851137572844,0.7201500771407753,0.3636146764737283
LOG_MDR1_ER,fus_GR_late_lgbm,1,4,804,0.41324845227840346,0.6877216405763599,0.3800294207695606
LOG_MDR1_ER,fus_GR_late_lgbm,2,0,804,0.40743984326892424,0.6796333241300977,0.3782488933814076
LOG_MDR1_ER,fus_GR_late_lgbm,2,1,804,0.41418583162309686,0.6865637822662605,0.3780774608424038
LOG_MDR1_ER,fus_GR_late_lgbm,2,2,804,0.43368455667761985,0.7037386337445909,0.37347098441168014
LOG_MDR1_ER,fus_GR_late_lgbm,2,3,804,0.5011986106277865,0.7326330292342581,0.34456138691821736
LOG_MDR1_ER,fus_GR_late_lgbm,2,4,804,0.41824049046923784,0.6847314621978062,0.37724091096577056
LOG_MDR1_ER,fus_GR_late_lgbm,3,0,804,0.40399884152987986,0.6802167205364819,0.3847874169788891
LOG_MDR1_ER,fus_GR_late_lgbm,3,1,804,0.4292809340571624,0.6973257368319914,0.3748841387346481
LOG_MDR1_ER,fus_GR_late_lgbm,3,2,804,0.3739892479228487,0.6750635269066502,0.3926844581897817
LOG_MDR1_ER,fus_GR_late_lgbm,3,3,804,0.4389113257759958,0.7070521966401031,0.3684077042044076
LOG_MDR1_ER,fus_GR_late_lgbm,3,4,804,0.374086520618532,0.6620123258062411,0.386504719107348
LOG_MDR1_ER,fus_GR_late_lgbm,4,0,804,0.3932178811699426,0.6746676194804221,0.3891715757467778
LOG_MDR1_ER,fus_GR_late_lgbm,4,1,804,0.3724473992433268,0.6694492730551301,0.3893384045391076
LOG_MDR1_ER,fus_GR_late_lgbm,4,2,804,0.45331101641856575,0.7086582580034436,0.36502373621466255
LOG_MDR1_ER,fus_GR_late_lgbm,4,3,804,0.40069433707425783,0.6875419333415618,0.37724193883930984
LOG_MDR1_ER,fus_GR_late_lgbm,4,4,804,0.3789277433252811,0.6699633358127205,0.38994061848004163
LOG_MDR1_ER,uni_G_lgbm,0,0,804,0.17350219433459424,0.4688740801334543,0.5015431794450748
LOG_MDR1_ER,uni_G_lgbm,0,1,804,0.18349292015149699,0.47180756253916145,0.5019033192621738
LOG_MDR1_ER,uni_G_lgbm,0,2,804,0.16816530055708878,0.4747502462420509,0.5078833582895398
LOG_MDR1_ER,uni_G_lgbm,0,3,804,0.18019881214151834,0.47085351088369265,0.5028724826115512
LOG_MDR1_ER,uni_G_lgbm,0,4,804,0.17752767311667217,0.4708949350064832,0.504645478186587
LOG_MDR1_ER,uni_G_lgbm,1,0,804,0.16655726673659876,0.4586543545938884,0.5083888186310862
LOG_MDR1_ER,uni_G_lgbm,1,1,804,0.16014789184414158,0.45167088311116527,0.5063502010352972
LOG_MDR1_ER,uni_G_lgbm,1,2,804,0.17593024633438548,0.4698574317395145,0.5040981274103428
LOG_MDR1_ER,uni_G_lgbm,1,3,804,0.17880191377388588,0.47149221449943085,0.5062235830673207
LOG_MDR1_ER,uni_G_lgbm,1,4,804,0.17562132038504885,0.4738648352189936,0.5003751752566683
LOG_MDR1_ER,uni_G_lgbm,2,0,804,0.1811077765256025,0.46907916483875156,0.5008690771614946
LOG_MDR1_ER,uni_G_lgbm,2,1,804,0.17328832506974656,0.4645382450371029,0.502246397061389
LOG_MDR1_ER,uni_G_lgbm,2,2,804,0.1815424834195144,0.4748322727503225,0.5052509256655054
LOG_MDR1_ER,uni_G_lgbm,2,3,804,0.16689346604517408,0.45884420936392784,0.5073622487090171
LOG_MDR1_ER,uni_G_lgbm,2,4,804,0.1735013094430835,0.46405346540846065,0.5060649967409135
LOG_MDR1_ER,uni_G_lgbm,3,0,804,0.179704842937511,0.47466156053925285,0.5010478942308509
LOG_MDR1_ER,uni_G_lgbm,3,1,804,0.1745310382983346,0.4632841187991943,0.5046487096438438
LOG_MDR1_ER,uni_G_lgbm,3,2,804,0.17627774671934326,0.4775121582813632,0.5068429637031023
LOG_MDR1_ER,uni_G_lgbm,3,3,804,0.1715751331912646,0.45923221960915717,0.5061602709195673
LOG_MDR1_ER,uni_G_lgbm,3,4,804,0.17870314163078838,0.47694571943034525,0.502855761706158
LOG_MDR1_ER,uni_G_lgbm,4,0,804,0.17432026952193858,0.466011961929405,0.5019693563209039
LOG_MDR1_ER,uni_G_lgbm,4,1,804,0.16847719064769573,0.4598227934268992,0.5084733728741959
LOG_MDR1_ER,uni_G_lgbm,4,2,804,0.18129484578016175,0.4864766519335155,0.5060051235319788
LOG_MDR1_ER,uni_G_lgbm,4,3,804,0.18790984599227778,0.47826245696673536,0.4991778792553612
LOG_MDR1_ER,uni_G_lgbm,4,4,804,0.18020657570332044,0.4664303173808415,0.501573009329252
LOG_RLM,fus_GRMS_early_lgbm,0,0,922,0.2615170611240488,0.5811804158800655,0.5070544248593106
LOG_RLM,fus_GRMS_early_lgbm,0,1,922,0.24869018463512294,0.5693339441505655,0.5066220720244408
LOG_RLM,fus_GRMS_early_lgbm,0,2,922,0.3194068781189401,0.6085765639137249,0.48470696734027696
LOG_RLM,fus_GRMS_early_lgbm,0,3,922,0.30482219686045386,0.5930638070885141,0.4904554783248472
LOG_RLM,fus_GRMS_early_lgbm,0,4,922,0.2613407785857691,0.5761059066633509,0.5078474566309455
LOG_RLM,fus_GRMS_early_lgbm,1,0,922,0.2741090680892877,0.5746696707472824,0.49854627471044105
LOG_RLM,fus_GRMS_early_lgbm,1,1,922,0.314747386938232,0.6053151826117289,0.490717877026942
LOG_RLM,fus_GRMS_early_lgbm,1,2,922,0.44108609390123177,0.6631033836288557,0.4445491113177362
LOG_RLM,fus_GRMS_early_lgbm,1,3,922,0.40267563318651245,0.6388541044564692,0.45753030728491106
LOG_RLM,fus_GRMS_early_lgbm,1,4,922,0.3911971840423484,0.6330171340685736,0.4588080755323953
LOG_RLM,fus_GRMS_early_lgbm,2,0,922,0.3069149687349467,0.6006661062285812,0.49019459875593985
LOG_RLM,fus_GRMS_early_lgbm,2,1,922,0.3284321193875511,0.5996820086669774,0.4812141646648748
LOG_RLM,fus_GRMS_early_lgbm,2,2,922,0.3514391953152274,0.6098033317452707,0.47698435438919284
LOG_RLM,fus_GRMS_early_lgbm,2,3,922,0.3680733987372715,0.61881775230479,0.47148178591745105
LOG_RLM,fus_GRMS_early_lgbm,2,4,922,0.3447539187295021,0.6152495179907695,0.47437833822742576
LOG_RLM,fus_GRMS_early_lgbm,3,0,922,0.3951263625337623,0.6383390575678212,0.4651889986833621
LOG_RLM,fus_GRMS_early_lgbm,3,1,922,0.41249844669378744,0.6438988880914612,0.45222333090374367
LOG_RLM,fus_GRMS_early_lgbm,3,2,922,0.2860446264310752,0.5827272263634022,0.4898312699638806
LOG_RLM,fus_GRMS_early_lgbm,3,3,922,0.26304628966398647,0.5804966148038843,0.5004770196217613
LOG_RLM,fus_GRMS_early_lgbm,3,4,922,0.3203466564800893,0.602595866476554,0.48494291280459667
LOG_RLM,fus_GRMS_early_lgbm,4,0,922,0.3744913033617683,0.6273807117612832,0.4626643558712867
LOG_RLM,fus_GRMS_early_lgbm,4,1,922,0.3780364697034265,0.6340955138191122,0.46110733952435645
LOG_RLM,fus_GRMS_early_lgbm,4,2,922,0.3977489127000269,0.63511649561649,0.45975936569225834
LOG_RLM,fus_GRMS_early_lgbm,4,3,922,0.28377455477002544,0.5869564564866625,0.49824486578186167
LOG_RLM,fus_GRMS_early_lgbm,4,4,922,0.3893712516701624,0.627751923857688,0.4548372842168554
LOG_RLM,fus_GRMS_late_lgbm,0,0,922,0.37058492629339546,0.6124965567351347,0.46716076922752275
LOG_RLM,fus_GRMS_late_lgbm,0,1,922,0.3403944162211465,0.5810008328549572,0.48439871151790065
LOG_RLM,fus_GRMS_late_lgbm,0,2,922,0.31916937237686593,0.5689866494856162,0.4831228161933475
LOG_RLM,fus_GRMS_late_lgbm,0,3,922,0.37656295996697564,0.6185203346058462,0.4640415822317649
LOG_RLM,fus_GRMS_late_lgbm,0,4,922,0.36285872291278076,0.6091867729244836,0.4698376870357532
LOG_RLM,fus_GRMS_late_lgbm,1,0,922,0.36727226654258494,0.6121001943122756,0.4733678448926605
LOG_RLM,fus_GRMS_late_lgbm,1,1,922,0.37029982138692763,0.6134166678684341,0.46853799660888623
LOG_RLM,fus_GRMS_late_lgbm,1,2,922,0.37756349850834425,0.6155274645194263,0.4679158656367465
LOG_RLM,fus_GRMS_late_lgbm,1,3,922,0.36030615785956466,0.6089850924004904,0.47481599455143325
LOG_RLM,fus_GRMS_late_lgbm,1,4,922,0.35670175425427264,0.6057319858107907,0.477919897490825
LOG_RLM,fus_GRMS_late_lgbm,2,0,922,0.3616785779161452,0.6116839491678723,0.4805276043338596
LOG_RLM,fus_GRMS_late_lgbm,2,1,922,0.33151099983072807,0.5812254961195613,0.47946042681971507
LOG_RLM,fus_GRMS_late_lgbm,2,2,922,0.36160434196537095,0.6056577155829617,0.4698533950440644
LOG_RLM,fus_GRMS_late_lgbm,2,3,922,0.3903436644269833,0.6254308907498636,0.4622289178611327
LOG_RLM,fus_GRMS_late_lgbm,2,4,922,0.34690164697646086,0.5913768275704889,0.478761519924892
LOG_RLM,fus_GRMS_late_lgbm,3,0,922,0.36147783270339673,0.6039985880285271,0.47299993083541947
LOG_RLM,fus_GRMS_late_lgbm,3,1,922,0.3904605122954129,0.6226575495394984,0.4620323179082814
LOG_RLM,fus_GRMS_late_lgbm,3,2,922,0.40698158974743837,0.6377053655149295,0.4547530673071925
LOG_RLM,fus_GRMS_late_lgbm,3,3,922,0.3075692730802605,0.5687308004214475,0.4917738639255306
LOG_RLM,fus_GRMS_late_lgbm,3,4,922,0.3601168436758855,0.5998876399196145,0.47327512032207447
LOG_RLM,fus_GRMS_late_lgbm,4,0,922,0.37488422273631805,0.6141550655312454,0.4685801354059649
LOG_RLM,fus_GRMS_late_lgbm,4,1,922,0.3923388361734774,0.6264376070916153,0.4634152040790031
LOG_RLM,fus_GRMS_late_lgbm,4,2,922,0.35157483693534763,0.6000241752805083,0.4817533656199327
LOG_RLM,fus_GRMS_late_lgbm,4,3,922,0.34595718430487743,0.5903340944862805,0.4773259065404318
LOG_RLM,fus_GRMS_late_lgbm,4,4,922,0.39369447695582416,0.6271296033115953,0.45951468911241333
LOG_RLM,fus_GRM_early_lgbm,0,0,922,0.37126030285269007,0.6111714663232787,0.4798227895402329
LOG_RLM,fus_GRM_early_lgbm,0,1,922,0.36637657521083433,0.6106545559550695,0.48702693878237824
LOG_RLM,fus_GRM_early_lgbm,0,2,922,0.36795293158464226,0.6074658844031252,0.48170280923864006
LOG_RLM,fus_GRM_early_lgbm,0,3,922,0.3713246429250736,0.6132289239203936,0.48178408154262425
LOG_RLM,fus_GRM_early_lgbm,0,4,922,0.3703499289103698,0.6171695802057591,0.48355618724255417
LOG_RLM,fus_GRM_early_lgbm,1,0,922,0.36626934168237024,0.6128182971845022,0.48483647983306194
LOG_RLM,fus_GRM_early_lgbm,1,1,922,0.3723011044546938,0.6138617953479055,0.48061978487404267
LOG_RLM,fus_GRM_early_lgbm,1,2,922,0.3689070381120667,0.608822121065426,0.48225199581018374
LOG_RLM,fus_GRM_early_lgbm,1,3,922,0.3693155039483834,0.6109899287421356,0.4807814338447715
LOG_RLM,fus_GRM_early_lgbm,1,4,922,0.3734534276586694,0.6147567575369167,0.47933306392312347
LOG_RLM,fus_GRM_early_lgbm,2,0,922,0.36516318240595547,0.6128607174284783,0.4837461858991852
LOG_RLM,fus_GRM_early_lgbm,2,1,922,0.3773281497718105,0.6217507502527351,0.47918972576303714
LOG_RLM,fus_GRM_early_lgbm,2,2,922,0.3732215475908831,0.6132892201670727,0.4783963042337628
LOG_RLM,fus_GRM_early_lgbm,2,3,922,0.36229499678162425,0.6001908562259849,0.48532512325712884
LOG_RLM,fus_GRM_early_lgbm,2,4,922,0.37164689744070256,0.614852630199571,0.480904967949266
LOG_RLM,fus_GRM_early_lgbm,3,0,922,0.37285201584609184,0.6170292323009026,0.4818507683063908
LOG_RLM,fus_GRM_early_lgbm,3,1,922,0.3715091527067209,0.6192889376108069,0.4803725672133388
LOG_RLM,fus_GRM_early_lgbm,3,2,922,0.3606429778779713,0.599675036945491,0.48234977078380614
LOG_RLM,fus_GRM_early_lgbm,3,3,922,0.3739743587233977,0.6136648380356663,0.47983602866447506
LOG_RLM,fus_GRM_early_lgbm,3,4,922,0.37069899948074936,0.6132172558633996,0.48279856685632666
LOG_RLM,fus_GRM_early_lgbm,4,0,922,0.3711675761793166,0.6090516905654615,0.4800212049432981
LOG_RLM,fus_GRM_early_lgbm,4,1,922,0.3746365416264713,0.6168033791688067,0.48046799590750305
LOG_RLM,fus_GRM_early_lgbm,4,2,922,0.3659101751350198,0.6136859394186609,0.4845201101036484
LOG_RLM,fus_GRM_early_lgbm,4,3,922,0.3669334941156861,0.6106543944200186,0.483262661501672
LOG_RLM,fus_GRM_early_lgbm,4,4,922,0.3694888547145767,0.6084648531546605,0.48058067680401984
LOG_RLM,fus_GRM_late_lgbm,0,0,922,0.3302447226625589,0.5809290624594429,0.4823569176836771
LOG_RLM,fus_GRM_late_lgbm,0,1,922,0.42914706294254534,0.6545096402667605,0.4449131755993645
LOG_RLM,fus_GRM_late_lgbm,0,2,922,0.27792234986837117,0.536069793191461,0.49794843391820415
LOG_RLM,fus_GRM_late_lgbm,0,3,922,0.32915158013432455,0.5819326981876958,0.4823439423551654
LOG_RLM,fus_GRM_late_lgbm,0,4,922,0.43498171890601434,0.6642485396370683,0.43794228324169887
LOG_RLM,fus_GRM_late_lgbm,1,0,922,0.4366617799800734,0.663068271853045,0.443753766290032
LOG_RLM,fus_GRM_late_lgbm,1,1,922,0.33190622560126504,0.5833397382586307,0.4848926760013219
LOG_RLM,fus_GRM_late_lgbm,1,2,922,0.3141969100358354,0.5680294491916215,0.4883022648891499
LOG_RLM,fus_GRM_late_lgbm,1,3,922,0.4307059656728648,0.6607522089585915,0.4417522993720483
LOG_RLM,fus_GRM_late_lgbm,1,4,922,0.30857825599990485,0.5696451419241579,0.4956652041374735
LOG_RLM,fus_GRM_late_lgbm,2,0,922,0.3378066937435893,0.5917397635756999,0.48926584765722736
LOG_RLM,fus_GRM_late_lgbm,2,1,922,0.30745848307036905,0.5615276502054204,0.487365147139248
LOG_RLM,fus_GRM_late_lgbm,2,2,922,0.40148649864761365,0.6343982466915461,0.45514905294146096
LOG_RLM,fus_GRM_late_lgbm,2,3,922,0.3386413393808132,0.5850078106872524,0.47957673520494515
LOG_RLM,fus_GRM_late_lgbm,2,4,922,0.30132514288000123,0.5531534925679485,0.4974655911778036
LOG_RLM,fus_GRM_late_lgbm,3,0,922,0.3214123255664787,0.5761127497694988,0.48918269641856343
LOG_RLM,fus_GRM_late_lgbm,3,1,922,0.42774609191998025,0.6524179748278984,0.44239785580864116
LOG_RLM,fus_GRM_late_lgbm,3,2,922,0.3570898802578716,0.5952914410780703,0.47524201419665435
LOG_RLM,fus_GRM_late_lgbm,3,3,922,0.2644067408682639,0.5357620890001284,0.5078209984836245
LOG_RLM,fus_GRM_late_lgbm,3,4,922,0.41811998070537293,0.6464762485739556,0.4465484220979185
LOG_RLM,fus_GRM_late_lgbm,4,0,922,0.43038050883334045,0.653463871407341,0.44363545536386517
LOG_RLM,fus_GRM_late_lgbm,4,1,922,0.3465097696534458,0.5930881573909007,0.4815305485378739
LOG_RLM,fus_GRM_late_lgbm,4,2,922,0.31197963583962807,0.5714000091168513,0.4976834913249065
LOG_RLM,fus_GRM_late_lgbm,4,3,922,0.41340535628385733,0.6456450445692536,0.450560556652606
LOG_RLM,fus_GRM_late_lgbm,4,4,922,0.3595560993952521,0.60153917340579,0.47440837773892186
LOG_RLM,fus_GRS_early_lgbm,0,0,922,0.25769280164719155,0.5778199465275737,0.5079928963483699
LOG_RLM,fus_GRS_early_lgbm,0,1,922,0.23604099966381542,0.5601658699139777,0.5104586810192027
LOG_RLM,fus_GRS_early_lgbm,0,2,922,0.31739754239713713,0.607190585676913,0.4851630571299704
LOG_RLM,fus_GRS_early_lgbm,0,3,922,0.28463439080499064,0.5838452245814337,0.4964576604096415
LOG_RLM,fus_GRS_early_lgbm,0,4,922,0.25428396313330315,0.5705759087193152,0.5069964561875916
LOG_RLM,fus_GRS_early_lgbm,1,0,922,0.2658184137900039,0.5712761661606702,0.5012687485613601
LOG_RLM,fus_GRS_early_lgbm,1,1,922,0.3135981573487052,0.6027876424460582,0.48877815144449166
LOG_RLM,fus_GRS_early_lgbm,1,2,922,0.4375794378205051,0.6605556714382688,0.4435455364355638
LOG_RLM,fus_GRS_early_lgbm,1,3,922,0.38029982818107155,0.6209244533133482,0.46482939338872775
LOG_RLM,fus_GRS_early_lgbm,1,4,922,0.38208323626852225,0.6259119309299681,0.45981174480056825
LOG_RLM,fus_GRS_early_lgbm,2,0,922,0.29506222730039444,0.5941370331037774,0.4905173609726568
LOG_RLM,fus_GRS_early_lgbm,2,1,922,0.31669238377378983,0.5904220839151136,0.48482941069910007
LOG_RLM,fus_GRS_early_lgbm,2,2,922,0.3397390703268933,0.5999226173318164,0.4800223064383045
LOG_RLM,fus_GRS_early_lgbm,2,3,922,0.35369010969239,0.6102587383829841,0.47361492471529837
LOG_RLM,fus_GRS_early_lgbm,2,4,922,0.3400393208583712,0.6124687994221858,0.47431690488617595
LOG_RLM,fus_GRS_early_lgbm,3,0,922,0.38310400325755634,0.6285332776309649,0.46806233330863656
LOG_RLM,fus_GRS_early_lgbm,3,1,922,0.4072495720382284,0.6401381499908582,0.45293317932671084
LOG_RLM,fus_GRS_early_lgbm,3,2,922,0.2857949858786929,0.5813590758196964,0.4894723891123693
LOG_RLM,fus_GRS_early_lgbm,3,3,922,0.26260922617903437,0.5798152094689154,0.5003734374142319
LOG_RLM,fus_GRS_early_lgbm,3,4,922,0.2984434579590578,0.5905798133678203,0.491942652633761
LOG_RLM,fus_GRS_early_lgbm,4,0,922,0.3754190091812857,0.6254229628269808,0.46331223631926455
LOG_RLM,fus_GRS_early_lgbm,4,1,922,0.3578350726899573,0.620252869680928,0.4689898864288593
LOG_RLM,fus_GRS_early_lgbm,4,2,922,0.39158367365302127,0.6304039183409434,0.45781650790825174
LOG_RLM,fus_GRS_early_lgbm,4,3,922,0.2634934190049226,0.5750932832705247,0.5051000938977659
LOG_RLM,fus_GRS_early_lgbm,4,4,922,0.3879478449161665,0.628871729863214,0.45649456318214554
LOG_RLM,fus_GRS_late_lgbm,0,0,922,0.45759721700586986,0.6836384496072987,0.43255757024179736
LOG_RLM,fus_GRS_late_lgbm,0,1,922,0.4237648784420963,0.6484796133934815,0.44377117846634395
LOG_RLM,fus_GRS_late_lgbm,0,2,922,0.4417640543409743,0.668442461075195,0.43663140240060927
LOG_RLM,fus_GRS_late_lgbm,0,3,922,0.45284102276782945,0.6735364463768323,0.4346803455805263
LOG_RLM,fus_GRS_late_lgbm,0,4,922,0.4499412271583799,0.6796848040323775,0.42949665263519526
LOG_RLM,fus_GRS_late_lgbm,1,0,922,0.44153759432758866,0.6716482914143278,0.4357387613720489
LOG_RLM,fus_GRS_late_lgbm,1,1,922,0.4594116372855538,0.677891258054809,0.4340583563723203
LOG_RLM,fus_GRS_late_lgbm,1,2,922,0.3999514968567953,0.6364913672805947,0.45545317291005444
LOG_RLM,fus_GRS_late_lgbm,1,3,922,0.4395214459333918,0.6783757472262777,0.4374373916831207
LOG_RLM,fus_GRS_late_lgbm,1,4,922,0.46698991001276113,0.6866646828048076,0.4287641228371883
LOG_RLM,fus_GRS_late_lgbm,2,0,922,0.48089505447763925,0.6979756559916083,0.4235112114430705
LOG_RLM,fus_GRS_late_lgbm,2,1,922,0.44101407825706507,0.679072707630314,0.4312532286175744
LOG_RLM,fus_GRS_late_lgbm,2,2,922,0.40236795373013534,0.6379089654182494,0.45276275443265124
LOG_RLM,fus_GRS_late_lgbm,2,3,922,0.46565808684485066,0.685883568255041,0.427505814979311
LOG_RLM,fus_GRS_late_lgbm,2,4,922,0.3974956011606944,0.6378478711386004,0.4541864776643427
LOG_RLM,fus_GRS_late_lgbm,3,0,922,0.43285971708278004,0.6536499535844029,0.43815146259880067
LOG_RLM,fus_GRS_late_lgbm,3,1,922,0.4137017220269541,0.647033335087933,0.44224162109290777
LOG_RLM,fus_GRS_late_lgbm,3,2,922,0.43121676345125926,0.6665080580447367,0.43858433801777486
LOG_RLM,fus_GRS_late_lgbm,3,3,922,0.4434126225840982,0.6705200676344006,0.4324520124481172
LOG_RLM,fus_GRS_late_lgbm,3,4,922,0.4010210724530545,0.6492029891844345,0.44929232474111663
LOG_RLM,fus_GRS_late_lgbm,4,0,922,0.40066457550083157,0.6388716897585007,0.4533815028154415
LOG_RLM,fus_GRS_late_lgbm,4,1,922,0.4242689627191645,0.6571449512628869,0.4426680356880388
LOG_RLM,fus_GRS_late_lgbm,4,2,922,0.40669783269337656,0.6395904755721752,0.45193295513787796
LOG_RLM,fus_GRS_late_lgbm,4,3,922,0.4312271597026808,0.6649419208937805,0.4425204826345515
LOG_RLM,fus_GRS_late_lgbm,4,4,922,0.41982804150712616,0.6581743317571888,0.43793260505634435
LOG_RLM,fus_GR_early_lgbm,0,0,922,0.3585448990823964,0.5984602190193832,0.4853774242031916
LOG_RLM,fus_GR_early_lgbm,0,1,922,0.35863128528880006,0.5997729788879907,0.48588758223423834
LOG_RLM,fus_GR_early_lgbm,0,2,922,0.36026491492808976,0.5985445263022294,0.48303845150338726
LOG_RLM,fus_GR_early_lgbm,0,3,922,0.3641604921118009,0.607694138786694,0.48284552048874135
LOG_RLM,fus_GR_early_lgbm,0,4,922,0.3650274585497302,0.6085520419647057,0.4837238084420916
LOG_RLM,fus_GR_early_lgbm,1,0,922,0.3631216370593958,0.6077078943914158,0.484183398922426
LOG_RLM,fus_GR_early_lgbm,1,1,922,0.3615862996403695,0.6028284577068314,0.4836126982766261
LOG_RLM,fus_GR_early_lgbm,1,2,922,0.3630264872904986,0.602196556941183,0.48298782442413374
LOG_RLM,fus_GR_early_lgbm,1,3,922,0.362679112731086,0.6026573080784239,0.48334724771307264
LOG_RLM,fus_GR_early_lgbm,1,4,922,0.36074267772671054,0.5988894533906528,0.48261374381065447
LOG_RLM,fus_GR_early_lgbm,2,0,922,0.36500819390491623,0.6097451340304547,0.4833048699821621
LOG_RLM,fus_GR_early_lgbm,2,1,922,0.3650319946092364,0.6072722300549266,0.4827287467953197
LOG_RLM,fus_GR_early_lgbm,2,2,922,0.36514934333149607,0.6038558259531257,0.48085277875331534
LOG_RLM,fus_GR_early_lgbm,2,3,922,0.3536516150330382,0.591965562300632,0.48531066051331917
LOG_RLM,fus_GR_early_lgbm,2,4,922,0.36281596935708305,0.6031181212482885,0.4836026205787723
LOG_RLM,fus_GR_early_lgbm,3,0,922,0.366450512712594,0.6094256723000714,0.48309646351518165
LOG_RLM,fus_GR_early_lgbm,3,1,922,0.3646056049692541,0.611749316488835,0.4815762959909694
LOG_RLM,fus_GR_early_lgbm,3,2,922,0.35005457273563756,0.5870692072510201,0.48638533531292794
LOG_RLM,fus_GR_early_lgbm,3,3,922,0.36911148366347535,0.607658711604525,0.48071164407764677
LOG_RLM,fus_GR_early_lgbm,3,4,922,0.3598181134442132,0.5997929601565231,0.4853259198860912
LOG_RLM,fus_GR_early_lgbm,4,0,922,0.3651269270077314,0.6040939493483004,0.4818108083595147
LOG_RLM,fus_GR_early_lgbm,4,1,922,0.363883373315126,0.6050068839288544,0.48347564611916705
LOG_RLM,fus_GR_early_lgbm,4,2,922,0.3529010708542144,0.6009653332850919,0.48901161996237447
LOG_RLM,fus_GR_early_lgbm,4,3,922,0.3550060018115465,0.5945587808394198,0.4869738806729688
LOG_RLM,fus_GR_early_lgbm,4,4,922,0.35696412478793704,0.5941983879636938,0.48467576619573
LOG_RLM,fus_GR_late_lgbm,0,0,922,0.4531398149795939,0.6896008102575727,0.429569843379646
LOG_RLM,fus_GR_late_lgbm,0,1,922,0.37746310507838476,0.6255046984036906,0.45619818914014615
LOG_RLM,fus_GR_late_lgbm,0,2,922,0.42355718194792613,0.6641646770876518,0.4409175917134411
LOG_RLM,fus_GR_late_lgbm,0,3,922,0.4385669058219195,0.674463173366343,0.4380323057324493
LOG_RLM,fus_GR_late_lgbm,0,4,922,0.4435914959965951,0.6843379032673107,0.4261235652403163
LOG_RLM,fus_GR_late_lgbm,1,0,922,0.4255498845689166,0.6663902559801292,0.43890679146184675
LOG_RLM,fus_GR_late_lgbm,1,1,922,0.44940084843082295,0.6800275025884733,0.4329364628303328
LOG_RLM,fus_GR_late_lgbm,1,2,922,0.35609121905767327,0.6198882516996207,0.46978359996610797
LOG_RLM,fus_GR_late_lgbm,1,3,922,0.43731093888207095,0.681609496795253,0.4337756250586075
LOG_RLM,fus_GR_late_lgbm,1,4,922,0.4656214536182678,0.6932302745571809,0.42628907408493744
LOG_RLM,fus_GR_late_lgbm,2,0,922,0.4716078986223584,0.6965751389990742,0.4243622911307715
LOG_RLM,fus_GR_late_lgbm,2,1,922,0.4236871828658163,0.6709766628883053,0.4341952601326209
LOG_RLM,fus_GR_late_lgbm,2,2,922,0.35030236503673706,0.6153275490045719,0.46863220107442777
LOG_RLM,fus_GR_late_lgbm,2,3,922,0.4626153247062096,0.6901673467948423,0.4248062541332332
LOG_RLM,fus_GR_late_lgbm,2,4,922,0.35721209441772295,0.6246964038255987,0.46552095480030437
LOG_RLM,fus_GR_late_lgbm,3,0,922,0.39865865882733864,0.6465651274210279,0.4469272319505522
LOG_RLM,fus_GR_late_lgbm,3,1,922,0.3613854653764128,0.6242020543095342,0.45992173037534895
LOG_RLM,fus_GR_late_lgbm,3,2,922,0.42621031482668337,0.6686814595642878,0.438466568875781
LOG_RLM,fus_GR_late_lgbm,3,3,922,0.4095110970723197,0.6633167400270388,0.4382173843433041
LOG_RLM,fus_GR_late_lgbm,3,4,922,0.3733548513379976,0.6330484788080765,0.45735348063378084
LOG_RLM,fus_GR_late_lgbm,4,0,922,0.35781763757008866,0.6262497838145307,0.4653605224824809
LOG_RLM,fus_GR_late_lgbm,4,1,922,0.37206419300351934,0.6333175461886023,0.45779536003618737
LOG_RLM,fus_GR_late_lgbm,4,2,922,0.3647303734429249,0.6225064496812963,0.46490372732400664
LOG_RLM,fus_GR_late_lgbm,4,3,922,0.3621004906992181,0.6284386526836828,0.46542755497470145
LOG_RLM,fus_GR_late_lgbm,4,4,922,0.41633571126539026,0.6632165793400814,0.4353590140364888
LOG_RLM,uni_G_lgbm,0,0,922,0.24491785124174392,0.49732409359853336,0.5310983223293956
LOG_RLM,uni_G_lgbm,0,1,922,0.24163668437166996,0.4914131743453011,0.5337077860924891
LOG_RLM,uni_G_lgbm,0,2,922,0.23955535690748642,0.49073683819376096,0.5324755702831028
LOG_RLM,uni_G_lgbm,0,3,922,0.24480249108205288,0.5005190807449605,0.5310012581300644
LOG_RLM,uni_G_lgbm,0,4,922,0.23994881827306103,0.49249902934822615,0.5319825853054903
LOG_RLM,uni_G_lgbm,1,0,922,0.24660432256035558,0.5061606654333141,0.530787960647593
LOG_RLM,uni_G_lgbm,1,1,922,0.2370280566824643,0.4886301652126598,0.5322694512656686
LOG_RLM,uni_G_lgbm,1,2,922,0.2442673289466626,0.49520408846488856,0.5295534952737335
LOG_RLM,uni_G_lgbm,1,3,922,0.24342051155518674,0.4952087848804144,0.5311444854352442
LOG_RLM,uni_G_lgbm,1,4,922,0.24636603450077754,0.5014798779803942,0.5327792614020456
LOG_RLM,uni_G_lgbm,2,0,922,0.24181214947867036,0.4965002619286217,0.5332610892531721
LOG_RLM,uni_G_lgbm,2,1,922,0.2405090782430609,0.4941181907957266,0.5327032494879795
LOG_RLM,uni_G_lgbm,2,2,922,0.23621124336521604,0.49081513253921677,0.5323113601968886
LOG_RLM,uni_G_lgbm,2,3,922,0.2413173154543321,0.4916914932467998,0.532518615619894
LOG_RLM,uni_G_lgbm,2,4,922,0.2457206474353174,0.4980034533605856,0.5297405999945706
LOG_RLM,uni_G_lgbm,3,0,922,0.24419340922227728,0.49935089971670993,0.5329267495150417
LOG_RLM,uni_G_lgbm,3,1,922,0.24561384390690233,0.49683541573996276,0.5304471716222842
LOG_RLM,uni_G_lgbm,3,2,922,0.23674113395579877,0.4902878101456131,0.5345126067286319
LOG_RLM,uni_G_lgbm,3,3,922,0.251083186323537,0.5032265357639321,0.5282646720340672
LOG_RLM,uni_G_lgbm,3,4,922,0.23877416281923913,0.49310791755508865,0.5317259673239353
LOG_RLM,uni_G_lgbm,4,0,922,0.2385297279877332,0.4900764185735202,0.5300182044681876
LOG_RLM,uni_G_lgbm,4,1,922,0.23722001109487256,0.489032300164198,0.53538503347509
LOG_RLM,uni_G_lgbm,4,2,922,0.24073498247974834,0.4945602556999199,0.5324044902448042
LOG_RLM,uni_G_lgbm,4,3,922,0.2410720579272163,0.4943367964404318,0.5330768899246758
LOG_RLM,uni_G_lgbm,4,4,922,0.2457775038553226,0.49664918467425617,0.5305024138622257
LOG_RPPB,fus_GRMS_early_lgbm,0,0,59,0.3292481249787791,0.5943979310677031,0.5098836955410901
LOG_RPPB,fus_GRMS_early_lgbm,0,1,59,0.03984972010822008,0.4197606628248028,0.5600779362531043
LOG_RPPB,fus_GRMS_early_lgbm,0,2,59,0.13040125188928375,0.5191776619148877,0.5508497048180488
LOG_RPPB,fus_GRMS_early_lgbm,0,3,59,0.0792050198173877,0.4658162743962237,0.5668049013340878
LOG_RPPB,fus_GRMS_early_lgbm,0,4,59,0.12038633617846783,0.48074928043238857,0.5567167877733867
LOG_RPPB,fus_GRMS_early_lgbm,1,0,59,0.016135354719759465,0.41239644066998166,0.5803344801314082
LOG_RPPB,fus_GRMS_early_lgbm,1,1,59,-0.03601001066507381,0.43951548098614834,0.6116155910477696
LOG_RPPB,fus_GRMS_early_lgbm,1,2,59,0.042854632458507846,0.41189964790556916,0.5830673462364405
LOG_RPPB,fus_GRMS_early_lgbm,1,3,59,0.1484140225069972,0.531568257921412,0.5341737621522127
LOG_RPPB,fus_GRMS_early_lgbm,1,4,59,0.03174652636980457,0.4632221865045734,0.5652773526617324
LOG_RPPB,fus_GRMS_early_lgbm,2,0,59,0.10132261453114366,0.47052119410624826,0.5596760101193747
LOG_RPPB,fus_GRMS_early_lgbm,2,1,59,0.09864399089170861,0.47102486922469966,0.5520572985981671
LOG_RPPB,fus_GRMS_early_lgbm,2,2,59,0.087736215751956,0.4594456377702276,0.5776287419505853
LOG_RPPB,fus_GRMS_early_lgbm,2,3,59,0.13429977613547484,0.4711348792858166,0.5623807590245774
LOG_RPPB,fus_GRMS_early_lgbm,2,4,59,0.1711520577443546,0.5553266413018467,0.5531872401526905
LOG_RPPB,fus_GRMS_early_lgbm,3,0,59,0.019063481092486123,0.44507437388585286,0.5923375814320866
LOG_RPPB,fus_GRMS_early_lgbm,3,1,59,0.16936301829447675,0.5277185189514597,0.540499613419165
LOG_RPPB,fus_GRMS_early_lgbm,3,2,59,0.050939831235832456,0.47096642216312556,0.5607117777110152
LOG_RPPB,fus_GRMS_early_lgbm,3,3,59,0.07659809211335356,0.4307485498494565,0.5676626558344321
LOG_RPPB,fus_GRMS_early_lgbm,3,4,59,0.23596315231819986,0.5617265010316318,0.49732859218449776
LOG_RPPB,fus_GRMS_early_lgbm,4,0,59,0.1569450878385905,0.49238007574039977,0.5601085763902557
LOG_RPPB,fus_GRMS_early_lgbm,4,1,59,0.09235783025892164,0.45705602150851854,0.5721521976434435
LOG_RPPB,fus_GRMS_early_lgbm,4,2,59,0.1707609992896405,0.5009716682543577,0.5583863814101976
LOG_RPPB,fus_GRMS_early_lgbm,4,3,59,0.09102026339101554,0.4662253978492693,0.5503258330152805
LOG_RPPB,fus_GRMS_early_lgbm,4,4,59,0.13778354986319552,0.49974429789522096,0.5330891867258417
LOG_RPPB,fus_GRMS_late_lgbm,0,0,59,0.04706500121341506,0.41803302930710606,0.5984429538716959
LOG_RPPB,fus_GRMS_late_lgbm,0,1,59,-0.006250216131448605,0.45620716017858515,0.6092904487890004
LOG_RPPB,fus_GRMS_late_lgbm,0,2,59,-0.08566086235904735,0.44674042093856775,0.6238317667641736
LOG_RPPB,fus_GRMS_late_lgbm,0,3,59,-0.189096797069912,0.38245873690320814,0.6662983930382071
LOG_RPPB,fus_GRMS_late_lgbm,0,4,59,-0.04799400127465736,0.4106041626289814,0.6306413070950212
LOG_RPPB,fus_GRMS_late_lgbm,1,0,59,-0.21909333204995196,0.385421389003395,0.6686368407213821
LOG_RPPB,fus_GRMS_late_lgbm,1,1,59,-0.04035583391062425,0.4600406863535608,0.6099648416832947
LOG_RPPB,fus_GRMS_late_lgbm,1,2,59,0.007841601016073674,0.4668059821883086,0.611853607525566
LOG_RPPB,fus_GRMS_late_lgbm,1,3,59,-0.02107852055081616,0.44698730611024273,0.6340903324008524
LOG_RPPB,fus_GRMS_late_lgbm,1,4,59,-0.06548378632943819,0.41985239883052355,0.6135855781316825
LOG_RPPB,fus_GRMS_late_lgbm,2,0,59,-0.08645597901348001,0.4608481151986167,0.6475645663133327
LOG_RPPB,fus_GRMS_late_lgbm,2,1,59,-0.06677321431701944,0.4241303859138515,0.6281055705791321
LOG_RPPB,fus_GRMS_late_lgbm,2,2,59,-0.05246080686231536,0.4195665301118714,0.6241827087976584
LOG_RPPB,fus_GRMS_late_lgbm,2,3,59,-0.1512948071414102,0.357236844854085,0.6485903370088246
LOG_RPPB,fus_GRMS_late_lgbm,2,4,59,0.004029092763486286,0.45609318081428524,0.6315277882701812
LOG_RPPB,fus_GRMS_late_lgbm,3,0,59,-0.038400152340545946,0.4444769347797823,0.6369543655280475
LOG_RPPB,fus_GRMS_late_lgbm,3,1,59,0.026643481657169565,0.46501773938732593,0.6302919632650921
LOG_RPPB,fus_GRMS_late_lgbm,3,2,59,-0.30551432001317225,0.3741669667938025,0.6802876934664929
LOG_RPPB,fus_GRMS_late_lgbm,3,3,59,-0.05180072251317158,0.4101957128118921,0.6140669711060995
LOG_RPPB,fus_GRMS_late_lgbm,3,4,59,-0.17833051492201535,0.41269052951603374,0.6215923252096089
LOG_RPPB,fus_GRMS_late_lgbm,4,0,59,-0.09931743984506469,0.48026711168811287,0.6634158629574702
LOG_RPPB,fus_GRMS_late_lgbm,4,1,59,-0.07402067160034131,0.38636400827215156,0.627528349645002
LOG_RPPB,fus_GRMS_late_lgbm,4,2,59,0.011325967745622334,0.3767391637376237,0.6381930157753544
LOG_RPPB,fus_GRMS_late_lgbm,4,3,59,-0.07672505711726463,0.4131721842759215,0.624697771284671
LOG_RPPB,fus_GRMS_late_lgbm,4,4,59,-0.07198401607414606,0.45920309695321804,0.6260131577161044
LOG_RPPB,fus_GRM_early_lgbm,0,0,59,0.13068026785365083,0.46552404335833386,0.5781682260977903
LOG_RPPB,fus_GRM_early_lgbm,0,1,59,0.05180714686424026,0.4406031736754434,0.5531043751453611
LOG_RPPB,fus_GRM_early_lgbm,0,2,59,0.11445922244348061,0.5286536719366433,0.5512924744118056
LOG_RPPB,fus_GRM_early_lgbm,0,3,59,-0.06515387903631531,0.4354598322569332,0.6300969753445287
LOG_RPPB,fus_GRM_early_lgbm,0,4,59,0.10900493791798993,0.49335164674595977,0.5588922212753392
LOG_RPPB,fus_GRM_early_lgbm,1,0,59,0.10258639918693846,0.4430871737923375,0.5628983637306245
LOG_RPPB,fus_GRM_early_lgbm,1,1,59,0.10117786661186823,0.5155247739412661,0.5688725204137258
LOG_RPPB,fus_GRM_early_lgbm,1,2,59,0.06633649565429933,0.4559747508694,0.5810868412308243
LOG_RPPB,fus_GRM_early_lgbm,1,3,59,0.08122835680096474,0.438820538297437,0.5762737303938655
LOG_RPPB,fus_GRM_early_lgbm,1,4,59,0.0063919191351925475,0.4508021859201028,0.588926887771156
LOG_RPPB,fus_GRM_early_lgbm,2,0,59,0.11708604951444068,0.4986045968474509,0.548578657780101
LOG_RPPB,fus_GRM_early_lgbm,2,1,59,0.04373560065373239,0.4544551272684765,0.5484948945065701
LOG_RPPB,fus_GRM_early_lgbm,2,2,59,0.10513581464060928,0.47879832841403885,0.5635128009833602
LOG_RPPB,fus_GRM_early_lgbm,2,3,59,0.12690419424298682,0.43501512300264644,0.5522336018276425
LOG_RPPB,fus_GRM_early_lgbm,2,4,59,0.2107300271811965,0.5584032262777988,0.5520489716034773
LOG_RPPB,fus_GRM_early_lgbm,3,0,59,0.08473967838352925,0.45229258599023936,0.5989384251147756
LOG_RPPB,fus_GRM_early_lgbm,3,1,59,0.06988642798368794,0.4778339518980682,0.5750900349406972
LOG_RPPB,fus_GRM_early_lgbm,3,2,59,0.006802258997792077,0.46775183377655677,0.5900575594387485
LOG_RPPB,fus_GRM_early_lgbm,3,3,59,0.08765935843444228,0.4439054326543732,0.5753722641725972
LOG_RPPB,fus_GRM_early_lgbm,3,4,59,0.06572379059870304,0.4644720116219309,0.5784886524445514
LOG_RPPB,fus_GRM_early_lgbm,4,0,59,0.06395122685804178,0.47651889301265365,0.6051759575282696
LOG_RPPB,fus_GRM_early_lgbm,4,1,59,0.028147214170099244,0.4678395043689178,0.5862296186764665
LOG_RPPB,fus_GRM_early_lgbm,4,2,59,0.12686258596816102,0.48195446973903383,0.5687440091787538
LOG_RPPB,fus_GRM_early_lgbm,4,3,59,0.14401745252580256,0.4854249770386243,0.5383439711281492
LOG_RPPB,fus_GRM_early_lgbm,4,4,59,0.1474184597936976,0.5497530611648499,0.5361522140877264
LOG_RPPB,fus_GRM_late_lgbm,0,0,59,0.014385131828919762,0.38438281662758306,0.6237569101634093
LOG_RPPB,fus_GRM_late_lgbm,0,1,59,0.09091655474551819,0.5085719020099739,0.5502564918139188
LOG_RPPB,fus_GRM_late_lgbm,0,2,59,-0.09738630464331477,0.45434883758286004,0.6278157010250855
LOG_RPPB,fus_GRM_late_lgbm,0,3,59,-0.2183062148704269,0.40342506121109567,0.6754745739812417
LOG_RPPB,fus_GRM_late_lgbm,0,4,59,0.011481088381569804,0.48283652207339195,0.5969549857019459
LOG_RPPB,fus_GRM_late_lgbm,1,0,59,-0.07333473573616889,0.43319894026583095,0.6167171926062426
LOG_RPPB,fus_GRM_late_lgbm,1,1,59,-0.07562860195391385,0.4689576503878234,0.6287480248248374
LOG_RPPB,fus_GRM_late_lgbm,1,2,59,-0.04668000236764813,0.4766109685304632,0.6271974039326773
LOG_RPPB,fus_GRM_late_lgbm,1,3,59,0.09219601204401029,0.4843223258946239,0.5985322898723334
LOG_RPPB,fus_GRM_late_lgbm,1,4,59,-0.13088546720500482,0.4235476340090393,0.6469119386994516
LOG_RPPB,fus_GRM_late_lgbm,2,0,59,-0.10295527742484945,0.4587006418823643,0.6571299448261205
LOG_RPPB,fus_GRM_late_lgbm,2,1,59,-0.10388967757609024,0.42256240031571446,0.6483120168755245
LOG_RPPB,fus_GRM_late_lgbm,2,2,59,-0.0028988670895850888,0.46894874167563433,0.6170609891585581
LOG_RPPB,fus_GRM_late_lgbm,2,3,59,-0.2050502608801703,0.353115719534403,0.6490038956521051
LOG_RPPB,fus_GRM_late_lgbm,2,4,59,0.010160277157336584,0.46560183527678317,0.631445520502223
LOG_RPPB,fus_GRM_late_lgbm,3,0,59,-0.17944195890205727,0.4341405025518533,0.6689165218175874
LOG_RPPB,fus_GRM_late_lgbm,3,1,59,0.09499051561011662,0.5291241859153865,0.5826338175941446
LOG_RPPB,fus_GRM_late_lgbm,3,2,59,-0.3291357339694314,0.35103701825864286,0.701846032357304
LOG_RPPB,fus_GRM_late_lgbm,3,3,59,-0.10520430146959447,0.390049466270316,0.6249808190017064
LOG_RPPB,fus_GRM_late_lgbm,3,4,59,-0.1016366596688949,0.43433772900471274,0.5898696773987917
LOG_RPPB,fus_GRM_late_lgbm,4,0,59,-0.07020748076784034,0.48467053632478596,0.6318896592652885
LOG_RPPB,fus_GRM_late_lgbm,4,1,59,-0.030408518860226108,0.40208909120755093,0.6101946703265201
LOG_RPPB,fus_GRM_late_lgbm,4,2,59,-0.004255533110421039,0.394476856224453,0.6514902977662073
LOG_RPPB,fus_GRM_late_lgbm,4,3,59,-0.0069272894590481915,0.4525674209178701,0.5881704095796717
LOG_RPPB,fus_GRM_late_lgbm,4,4,59,-0.0688982613129423,0.45309178460905514,0.6240780628841383
LOG_RPPB,fus_GRS_early_lgbm,0,0,59,0.2261420463706696,0.5495777199801279,0.5353214109745187
LOG_RPPB,fus_GRS_early_lgbm,0,1,59,0.13129312911314217,0.512726847657734,0.5437769954546535
LOG_RPPB,fus_GRS_early_lgbm,0,2,59,0.20183602735335038,0.5468519412030446,0.5379097550117597
LOG_RPPB,fus_GRS_early_lgbm,0,3,59,0.1402742961584319,0.5327371820729709,0.5171760222612217
LOG_RPPB,fus_GRS_early_lgbm,0,4,59,0.20735835068023456,0.559417875832303,0.5148294658844463
LOG_RPPB,fus_GRS_early_lgbm,1,0,59,0.06525907908083806,0.46397521885751836,0.5574619015086143
LOG_RPPB,fus_GRS_early_lgbm,1,1,59,0.20940970685162374,0.5632461024286585,0.5097342810299357
LOG_RPPB,fus_GRS_early_lgbm,1,2,59,-0.0032902201739881676,0.45994243053464007,0.5908132962642638
LOG_RPPB,fus_GRS_early_lgbm,1,3,59,0.2453409999061884,0.5693829542243426,0.5131142466023705
LOG_RPPB,fus_GRS_early_lgbm,1,4,59,0.21946153727227857,0.5786174550216578,0.5317472896105303
LOG_RPPB,fus_GRS_early_lgbm,2,0,59,0.25431426495626375,0.5772816271661941,0.46945950729019714
LOG_RPPB,fus_GRS_early_lgbm,2,1,59,0.19458710855831274,0.5315468014845552,0.5157957389573663
LOG_RPPB,fus_GRS_early_lgbm,2,2,59,0.13234401151609965,0.5255190754370948,0.5741431463144016
LOG_RPPB,fus_GRS_early_lgbm,2,3,59,0.06733977492496224,0.4486915355758857,0.5964072190065358
LOG_RPPB,fus_GRS_early_lgbm,2,4,59,0.19854024621514443,0.5356887155556572,0.5286572209717438
LOG_RPPB,fus_GRS_early_lgbm,3,0,59,0.05794223930456999,0.4613451395165108,0.5968910089038104
LOG_RPPB,fus_GRS_early_lgbm,3,1,59,0.2724291093477966,0.5670158828174359,0.5229836153505804
LOG_RPPB,fus_GRS_early_lgbm,3,2,59,0.23006037669811208,0.5684770380068844,0.5178763187374942
LOG_RPPB,fus_GRS_early_lgbm,3,3,59,0.17670056118325017,0.4947471471473065,0.552809123419419
LOG_RPPB,fus_GRS_early_lgbm,3,4,59,0.20681848688774052,0.569245156199772,0.5397784197167427
LOG_RPPB,fus_GRS_early_lgbm,4,0,59,0.20191485185602054,0.5325910665540261,0.552376557568642
LOG_RPPB,fus_GRS_early_lgbm,4,1,59,0.1925403777970609,0.5620771782770994,0.5219392307527173
LOG_RPPB,fus_GRS_early_lgbm,4,2,59,0.28677961452981116,0.6057745696835091,0.4991295220758727
LOG_RPPB,fus_GRS_early_lgbm,4,3,59,0.041449697256402906,0.4437820541393383,0.5818649912944525
LOG_RPPB,fus_GRS_early_lgbm,4,4,59,0.15028355319282338,0.540130627331581,0.5302686765234258
LOG_RPPB,fus_GRS_late_lgbm,0,0,59,0.20547583929889957,0.5546006306240997,0.5238209819543749
LOG_RPPB,fus_GRS_late_lgbm,0,1,59,0.11667178822844904,0.5380873260869641,0.5276530880329718
LOG_RPPB,fus_GRS_late_lgbm,0,2,59,0.16716539470432001,0.5286489178651874,0.5335119336622628
LOG_RPPB,fus_GRS_late_lgbm,0,3,59,0.013952255892291654,0.445899113733464,0.5857177232701504
LOG_RPPB,fus_GRS_late_lgbm,0,4,59,0.09964087178002212,0.5520176290475614,0.5596422665228052
LOG_RPPB,fus_GRS_late_lgbm,1,0,59,0.02853133946443409,0.4830661161851016,0.5886405976723078
LOG_RPPB,fus_GRS_late_lgbm,1,1,59,0.1119133287649211,0.5162829656136302,0.5409198245032836
LOG_RPPB,fus_GRS_late_lgbm,1,2,59,0.04943112822834228,0.47834365889095587,0.5877828792604012
LOG_RPPB,fus_GRS_late_lgbm,1,3,59,0.11157206620821902,0.494837161524326,0.5840099733578603
LOG_RPPB,fus_GRS_late_lgbm,1,4,59,0.09363937760498908,0.4971334222884796,0.5629492898402694
LOG_RPPB,fus_GRS_late_lgbm,2,0,59,0.06696625419626911,0.5054608566367226,0.577884609237846
LOG_RPPB,fus_GRS_late_lgbm,2,1,59,0.0833590366088901,0.5143372330151507,0.5687044568707521
LOG_RPPB,fus_GRS_late_lgbm,2,2,59,0.0007800041902358279,0.46193665311015825,0.6183367058475425
LOG_RPPB,fus_GRS_late_lgbm,2,3,59,-0.081973548288788,0.429997515574431,0.6071657353379291
LOG_RPPB,fus_GRS_late_lgbm,2,4,59,0.07791562964094634,0.5121563299547167,0.5616217155059212
LOG_RPPB,fus_GRS_late_lgbm,3,0,59,0.18487360745973092,0.5816731126685407,0.5462160038847781
LOG_RPPB,fus_GRS_late_lgbm,3,1,59,0.07286325607867039,0.4742264787450597,0.568790752160062
LOG_RPPB,fus_GRS_late_lgbm,3,2,59,0.03728853592542791,0.47711995667056434,0.5662792606317611
LOG_RPPB,fus_GRS_late_lgbm,3,3,59,-0.008729287968942234,0.4596918824625123,0.5942129472247697
LOG_RPPB,fus_GRS_late_lgbm,3,4,59,0.11994168140955797,0.5718629278796425,0.5484741452656582
LOG_RPPB,fus_GRS_late_lgbm,4,0,59,-0.04134144467615375,0.49119880629274953,0.6032706104538114
LOG_RPPB,fus_GRS_late_lgbm,4,1,59,-0.06082654265579235,0.4159549581202447,0.605286848381819
LOG_RPPB,fus_GRS_late_lgbm,4,2,59,0.1742739274456908,0.5386314170878451,0.5366787285374444
LOG_RPPB,fus_GRS_late_lgbm,4,3,59,0.03862927922545889,0.5005265949873869,0.5480630394486634
LOG_RPPB,fus_GRS_late_lgbm,4,4,59,-0.04788392586850221,0.43359378114579505,0.5734112957898604
LOG_RPPB,fus_GR_early_lgbm,0,0,59,0.12968339941472495,0.415856919547003,0.5816834408192221
LOG_RPPB,fus_GR_early_lgbm,0,1,59,0.14410333243215867,0.4679340123532405,0.5356304500330746
LOG_RPPB,fus_GR_early_lgbm,0,2,59,0.22863965389522456,0.543616119699582,0.5406774958376858
LOG_RPPB,fus_GR_early_lgbm,0,3,59,0.21247042984675069,0.5560978470498344,0.5217992049652789
LOG_RPPB,fus_GR_early_lgbm,0,4,59,0.23964453601837088,0.5630872189621682,0.5102830207725869
LOG_RPPB,fus_GR_early_lgbm,1,0,59,0.14909897210611456,0.4779508460212162,0.5386314296551731
LOG_RPPB,fus_GR_early_lgbm,1,1,59,0.2880069787830227,0.5765802624273063,0.49840260612052734
LOG_RPPB,fus_GR_early_lgbm,1,2,59,0.1834158498082814,0.5395540489201905,0.5527158420248516
LOG_RPPB,fus_GR_early_lgbm,1,3,59,0.2523988397788184,0.5314006838306203,0.5449764158537674
LOG_RPPB,fus_GR_early_lgbm,1,4,59,0.16251138039295598,0.4908527677588531,0.5476755303740689
LOG_RPPB,fus_GR_early_lgbm,2,0,59,0.2578999051422466,0.5709484636113703,0.5064008626361184
LOG_RPPB,fus_GR_early_lgbm,2,1,59,0.12343250067695344,0.4887122463516888,0.5438640018349025
LOG_RPPB,fus_GR_early_lgbm,2,2,59,0.19240482822036375,0.5349367310558462,0.5403115706910989
LOG_RPPB,fus_GR_early_lgbm,2,3,59,0.18654018538852324,0.49350497543149957,0.549249985950855
LOG_RPPB,fus_GR_early_lgbm,2,4,59,0.27557718488256566,0.5882404512113153,0.5104474413696547
LOG_RPPB,fus_GR_early_lgbm,3,0,59,0.17646834809494005,0.5369317767278347,0.5226207606064295
LOG_RPPB,fus_GR_early_lgbm,3,1,59,0.2354887582773627,0.5324605111838646,0.5387809903331731
LOG_RPPB,fus_GR_early_lgbm,3,2,59,0.20376835420282036,0.5336236382847871,0.5095980787992125
LOG_RPPB,fus_GR_early_lgbm,3,3,59,0.14961436038692866,0.5026739530670096,0.5654215212364786
LOG_RPPB,fus_GR_early_lgbm,3,4,59,0.1738986473705032,0.49717976529387137,0.5460836021970555
LOG_RPPB,fus_GR_early_lgbm,4,0,59,0.2005408059481647,0.493884886882948,0.5572252063836459
LOG_RPPB,fus_GR_early_lgbm,4,1,59,0.15788207547810895,0.5122892138394234,0.5387512818591705
LOG_RPPB,fus_GR_early_lgbm,4,2,59,0.25918529719155514,0.5766471353830964,0.5153763910503483
LOG_RPPB,fus_GR_early_lgbm,4,3,59,0.16098076336386002,0.5025644023506544,0.5293963591296417
LOG_RPPB,fus_GR_early_lgbm,4,4,59,0.17637148659564794,0.5233934363949853,0.5310105771820315
LOG_RPPB,fus_GR_late_lgbm,0,0,59,0.07516554023939148,0.48048108748320023,0.5717820468434889
LOG_RPPB,fus_GR_late_lgbm,0,1,59,0.1000947763576926,0.5346286070224567,0.5242779078717199
LOG_RPPB,fus_GR_late_lgbm,0,2,59,0.24790204662163795,0.5549839083028505,0.5072036032356637
LOG_RPPB,fus_GR_late_lgbm,0,3,59,0.09799281946561877,0.5213057784886964,0.5503498782327155
LOG_RPPB,fus_GR_late_lgbm,0,4,59,0.11824090910747154,0.5378805064991099,0.5211707811516323
LOG_RPPB,fus_GR_late_lgbm,1,0,59,0.069898150760493,0.4858729190686852,0.5613986432154707
LOG_RPPB,fus_GR_late_lgbm,1,1,59,0.17358832992475637,0.5468758171595643,0.5203836896312128
LOG_RPPB,fus_GR_late_lgbm,1,2,59,0.08293955812003206,0.5352740651250152,0.5566219282170978
LOG_RPPB,fus_GR_late_lgbm,1,3,59,0.221065952947758,0.559835693334497,0.535650974555685
LOG_RPPB,fus_GR_late_lgbm,1,4,59,0.06743890531434171,0.48325882700211265,0.5696538336204933
LOG_RPPB,fus_GR_late_lgbm,2,0,59,0.08856805643936783,0.5189648885736217,0.5548110941891807
LOG_RPPB,fus_GR_late_lgbm,2,1,59,0.06914435402321428,0.498955020903463,0.5796759786857058
LOG_RPPB,fus_GR_late_lgbm,2,2,59,-0.008145209491425831,0.47521633878261305,0.6005548171585873
LOG_RPPB,fus_GR_late_lgbm,2,3,59,-0.02724616692997306,0.4983537239589113,0.5750471579353412
LOG_RPPB,fus_GR_late_lgbm,2,4,59,0.1369997919111604,0.5426036992601078,0.5406546195415725
LOG_RPPB,fus_GR_late_lgbm,3,0,59,0.16017020874030785,0.5648749113667375,0.5304748312476049
LOG_RPPB,fus_GR_late_lgbm,3,1,59,0.10042406222662104,0.5156951740931293,0.5538349314168033
LOG_RPPB,fus_GR_late_lgbm,3,2,59,0.03448243458150457,0.522268237978118,0.558574089239696
LOG_RPPB,fus_GR_late_lgbm,3,3,59,0.03548478644629793,0.4870841608517722,0.5755449010857716
LOG_RPPB,fus_GR_late_lgbm,3,4,59,0.05967148842934167,0.5020477958827458,0.5548536888782091
LOG_RPPB,fus_GR_late_lgbm,4,0,59,0.012605658070240056,0.5032866420396647,0.5773678346142566
LOG_RPPB,fus_GR_late_lgbm,4,1,59,-0.07644149872245043,0.4266619816481568,0.6049114127498297
LOG_RPPB,fus_GR_late_lgbm,4,2,59,0.2195191054428578,0.5763226603824328,0.5014006713305026
LOG_RPPB,fus_GR_late_lgbm,4,3,59,0.02633632510564765,0.47694666064591357,0.5671912536634542
LOG_RPPB,fus_GR_late_lgbm,4,4,59,-0.00902257177860033,0.45509514263592404,0.5544872880392778
LOG_RPPB,uni_G_lgbm,0,0,59,-0.29100367244344527,0.13699070702195637,0.6635193850169174
LOG_RPPB,uni_G_lgbm,0,1,59,-0.26549675506774784,0.22795686393676207,0.6415190194512239
LOG_RPPB,uni_G_lgbm,0,2,59,-0.3199559468180311,0.1993453549888018,0.683977938481529
LOG_RPPB,uni_G_lgbm,0,3,59,-0.5490307476431906,0.04506992911933527,0.727251042075008
LOG_RPPB,uni_G_lgbm,0,4,59,-0.38286072177273334,0.16806231675497912,0.677503298188415
LOG_RPPB,uni_G_lgbm,1,0,59,-0.34335445376249085,0.1527152643886755,0.6762598236305777
LOG_RPPB,uni_G_lgbm,1,1,59,-0.4093018138826874,0.22187801423178174,0.665869435689931
LOG_RPPB,uni_G_lgbm,1,2,59,-0.23001443360457507,0.23146389261271227,0.629273812884022
LOG_RPPB,uni_G_lgbm,1,3,59,-0.4477427301992327,0.0628982294668765,0.7303351071279814
LOG_RPPB,uni_G_lgbm,1,4,59,-0.35364759956439906,0.125796458933753,0.6858516514842632
LOG_RPPB,uni_G_lgbm,2,0,59,-0.4584172692106525,0.17976444488141327,0.6750855175547342
LOG_RPPB,uni_G_lgbm,2,1,59,-0.36497411039675187,0.19238974811483392,0.6698208074810412
LOG_RPPB,uni_G_lgbm,2,2,59,-0.3442902419771514,0.1845443405454731,0.6450162373063654
LOG_RPPB,uni_G_lgbm,2,3,59,-0.46188008843237083,0.12085696043008097,0.7070211674608009
LOG_RPPB,uni_G_lgbm,2,4,59,-0.3503518880266505,0.18555104219673105,0.6825012195410652
LOG_RPPB,uni_G_lgbm,3,0,59,-0.22391803410847722,0.3285209112196336,0.6234469336448765
LOG_RPPB,uni_G_lgbm,3,1,59,-0.28007341912904105,0.1507862294700817,0.6866120447849127
LOG_RPPB,uni_G_lgbm,3,2,59,-0.5429715234668555,0.12020516449602858,0.7070968012566076
LOG_RPPB,uni_G_lgbm,3,3,59,-0.2557676174494239,0.1890900593944335,0.6433482504156092
LOG_RPPB,uni_G_lgbm,3,4,59,-0.4489517877998561,0.0912491972098459,0.7263169302485211
LOG_RPPB,uni_G_lgbm,4,0,59,-0.29709047330480365,0.17890598971430038,0.6671757461847784
LOG_RPPB,uni_G_lgbm,4,1,59,-0.3129467502583594,0.16880498026906893,0.6564844313055814
LOG_RPPB,uni_G_lgbm,4,2,59,-0.383607711371015,0.21866643344500022,0.6724197515409462
LOG_RPPB,uni_G_lgbm,4,3,59,-0.28751720872325937,0.19842754639898905,0.6343795343219859
LOG_RPPB,uni_G_lgbm,4,4,59,-0.5122855319319448,0.12786042047735052,0.7346221375047017
LOG_SOL,fus_GRMS_early_lgbm,0,0,672,0.30309772569906257,0.4113795564350121,0.40415650611220305
LOG_SOL,fus_GRMS_early_lgbm,0,1,672,0.2824447209811114,0.40120138646198716,0.4068910295535419
LOG_SOL,fus_GRMS_early_lgbm,0,2,672,0.33677483434912825,0.41156450795955085,0.39162422640942024
LOG_SOL,fus_GRMS_early_lgbm,0,3,672,0.2475789356915904,0.4043858392142682,0.40738568508872386
LOG_SOL,fus_GRMS_early_lgbm,0,4,672,0.29324394342602333,0.3978220299241819,0.4063171721886881
LOG_SOL,fus_GRMS_early_lgbm,1,0,672,0.1498844321283832,0.4381465243058901,0.41526196398853377
LOG_SOL,fus_GRMS_early_lgbm,1,1,672,0.25517213542131134,0.373029385274253,0.42203101712541496
LOG_SOL,fus_GRMS_early_lgbm,1,2,672,0.2626587268538184,0.40010949420417374,0.4076665980996176
LOG_SOL,fus_GRMS_early_lgbm,1,3,672,0.3092437407996279,0.4325217347034998,0.3966300470459591
LOG_SOL,fus_GRMS_early_lgbm,1,4,672,0.2853586588921899,0.39638662719676976,0.4135697934024162
LOG_SOL,fus_GRMS_early_lgbm,2,0,672,0.2313029709917076,0.4099309990983658,0.4123462989730227
LOG_SOL,fus_GRMS_early_lgbm,2,1,672,0.1484311181162492,0.39723181644242067,0.4172758847827073
LOG_SOL,fus_GRMS_early_lgbm,2,2,672,0.2960671003006593,0.4046592202344619,0.40536860543542647
LOG_SOL,fus_GRMS_early_lgbm,2,3,672,0.2713730022626375,0.4151919362132132,0.39850025617323964
LOG_SOL,fus_GRMS_early_lgbm,2,4,672,0.2934888308702108,0.39698444006669825,0.4077665670345255
LOG_SOL,fus_GRMS_early_lgbm,3,0,672,0.28370756815930476,0.40212944811791507,0.410191300753535
LOG_SOL,fus_GRMS_early_lgbm,3,1,672,0.27910977737954856,0.41252969549370444,0.40283897590997564
LOG_SOL,fus_GRMS_early_lgbm,3,2,672,0.16324129928736686,0.3943329069604042,0.4232512022013006
LOG_SOL,fus_GRMS_early_lgbm,3,3,672,0.28829303280084184,0.4159186643227082,0.40456214494967635
LOG_SOL,fus_GRMS_early_lgbm,3,4,672,0.31228280839819345,0.42778310615557535,0.3984786224339198
LOG_SOL,fus_GRMS_early_lgbm,4,0,672,0.2996325332815388,0.401992449824457,0.41179423336599763
LOG_SOL,fus_GRMS_early_lgbm,4,1,672,0.2712773989648406,0.3957844654195255,0.4180663972580077
LOG_SOL,fus_GRMS_early_lgbm,4,2,672,0.26946668557046005,0.403761968221302,0.41864688740244144
LOG_SOL,fus_GRMS_early_lgbm,4,3,672,0.2910277115722274,0.410562415448834,0.40419587853852623
LOG_SOL,fus_GRMS_early_lgbm,4,4,672,0.3139701228029982,0.41135104313127163,0.40166831028461963
LOG_SOL,fus_GRMS_late_lgbm,0,0,672,0.19424864334328884,0.3664072614482359,0.4354447599602879
LOG_SOL,fus_GRMS_late_lgbm,0,1,672,0.20263862704432978,0.4088340427435612,0.42574040674377195
LOG_SOL,fus_GRMS_late_lgbm,0,2,672,0.24435864584201206,0.41838947555067574,0.4127801912885025
LOG_SOL,fus_GRMS_late_lgbm,0,3,672,0.26459423261340753,0.43718735072979964,0.4079277952799844
LOG_SOL,fus_GRMS_late_lgbm,0,4,672,0.2940470725304165,0.44391503854158326,0.4003126362262423
LOG_SOL,fus_GRMS_late_lgbm,1,0,672,0.20110255306226854,0.38145863022062315,0.42500723877408814
LOG_SOL,fus_GRMS_late_lgbm,1,1,672,0.2509747873140229,0.42256476695561535,0.4084422729911107
LOG_SOL,fus_GRMS_late_lgbm,1,2,672,0.2741681554355735,0.43595574934608566,0.40462669691773306
LOG_SOL,fus_GRMS_late_lgbm,1,3,672,0.2356548237550954,0.42888320064774516,0.4222472598740941
LOG_SOL,fus_GRMS_late_lgbm,1,4,672,0.1908788148370233,0.4051500555360795,0.42770551028395215
LOG_SOL,fus_GRMS_late_lgbm,2,0,672,0.24360177074630263,0.41554671703867724,0.4158478704898159
LOG_SOL,fus_GRMS_late_lgbm,2,1,672,0.2357988782396,0.42649004769757787,0.41664419064756847
LOG_SOL,fus_GRMS_late_lgbm,2,2,672,0.25533570079732526,0.4579719528769695,0.40862315515379033
LOG_SOL,fus_GRMS_late_lgbm,2,3,672,0.2716800294452346,0.4022499233550175,0.4005654927739067
LOG_SOL,fus_GRMS_late_lgbm,2,4,672,0.2300945496244442,0.4072090412054894,0.4256808519099467
LOG_SOL,fus_GRMS_late_lgbm,3,0,672,0.23177660868563732,0.3954615513012032,0.42069520903256397
LOG_SOL,fus_GRMS_late_lgbm,3,1,672,0.24314286905451588,0.42372469885959846,0.41741231123697825
LOG_SOL,fus_GRMS_late_lgbm,3,2,672,0.2235291690235045,0.42157046486604816,0.4121392682585609
LOG_SOL,fus_GRMS_late_lgbm,3,3,672,0.2156571535726426,0.4113020663566202,0.4157779106557437
LOG_SOL,fus_GRMS_late_lgbm,3,4,672,0.25394167133835854,0.44595660571898177,0.41307198422075536
LOG_SOL,fus_GRMS_late_lgbm,4,0,672,0.24194667533943504,0.4119014704986682,0.4121748416492232
LOG_SOL,fus_GRMS_late_lgbm,4,1,672,0.28149914409687204,0.46274467379993933,0.3990330510899304
LOG_SOL,fus_GRMS_late_lgbm,4,2,672,0.22845398460517186,0.4206391888986243,0.42424625499051705
LOG_SOL,fus_GRMS_late_lgbm,4,3,672,0.2553510583490445,0.4224511304143342,0.4183289434281316
LOG_SOL,fus_GRMS_late_lgbm,4,4,672,0.19439149092319707,0.39572943490554197,0.4228274774864609
LOG_SOL,fus_GRM_early_lgbm,0,0,672,0.3028684985519048,0.4631668125197527,0.4010659841167034
LOG_SOL,fus_GRM_early_lgbm,0,1,672,0.27224072269664734,0.44581565406276835,0.40803693406018543
LOG_SOL,fus_GRM_early_lgbm,0,2,672,0.3212183012462615,0.46522586646038533,0.388876966027111
LOG_SOL,fus_GRM_early_lgbm,0,3,672,0.3032274583574701,0.4726437482758699,0.3983259024237785
LOG_SOL,fus_GRM_early_lgbm,0,4,672,0.29000283306185837,0.46262160682140285,0.3966609745352645
LOG_SOL,fus_GRM_early_lgbm,1,0,672,0.2788281586363025,0.4783148167543706,0.40157968261295096
LOG_SOL,fus_GRM_early_lgbm,1,1,672,0.29262172912257745,0.4484162506176452,0.39880275628488837
LOG_SOL,fus_GRM_early_lgbm,1,2,672,0.3102340006690376,0.4603139536586533,0.3949840126755556
LOG_SOL,fus_GRM_early_lgbm,1,3,672,0.2974235412322185,0.48018389852309556,0.40036623100504704
LOG_SOL,fus_GRM_early_lgbm,1,4,672,0.29491193967583473,0.4410642031662564,0.3987554886157699
LOG_SOL,fus_GRM_early_lgbm,2,0,672,0.2882403262877338,0.4571331356616874,0.4005410722928355
LOG_SOL,fus_GRM_early_lgbm,2,1,672,0.30228919445105185,0.46151618867492794,0.39866226406162175
LOG_SOL,fus_GRM_early_lgbm,2,2,672,0.2995366427859023,0.45397058135324314,0.3980443609349048
LOG_SOL,fus_GRM_early_lgbm,2,3,672,0.30688670303957555,0.4534557899922896,0.3950896492280909
LOG_SOL,fus_GRM_early_lgbm,2,4,672,0.30839452344097074,0.47371711642308345,0.3992813168485011
LOG_SOL,fus_GRM_early_lgbm,3,0,672,0.30348961930717155,0.46543109710745434,0.40030500326892177
LOG_SOL,fus_GRM_early_lgbm,3,1,672,0.29801552280563026,0.4688725857066318,0.3991793107539409
LOG_SOL,fus_GRM_early_lgbm,3,2,672,0.27966347170199213,0.4647834685172605,0.39914864757653695
LOG_SOL,fus_GRM_early_lgbm,3,3,672,0.30421495574360213,0.4617756334319088,0.39551957669188553
LOG_SOL,fus_GRM_early_lgbm,3,4,672,0.28550551903193166,0.4532635242007975,0.40374910096519023
LOG_SOL,fus_GRM_early_lgbm,4,0,672,0.29211213211604725,0.44070429820425955,0.40141751701586675
LOG_SOL,fus_GRM_early_lgbm,4,1,672,0.30968825080298223,0.46513889058211405,0.3971891886433426
LOG_SOL,fus_GRM_early_lgbm,4,2,672,0.30158708132673906,0.4682861361668716,0.396752078061697
LOG_SOL,fus_GRM_early_lgbm,4,3,672,0.28851146460367905,0.46864425641591456,0.3980343721497135
LOG_SOL,fus_GRM_early_lgbm,4,4,672,0.3167391474263629,0.4724980305621032,0.3957708951873085
LOG_SOL,fus_GRM_late_lgbm,0,0,672,0.19872778729521146,0.36817393767564766,0.43386631812965654
LOG_SOL,fus_GRM_late_lgbm,0,1,672,0.2556236377731166,0.4537687898885162,0.4043367209064783
LOG_SOL,fus_GRM_late_lgbm,0,2,672,0.24406994206194665,0.4192072873553904,0.4127678311207458
LOG_SOL,fus_GRM_late_lgbm,0,3,672,0.2673185133478778,0.44108515696354983,0.4065229720737271
LOG_SOL,fus_GRM_late_lgbm,0,4,672,0.3560303267080912,0.4841443792337318,0.37302253310783745
LOG_SOL,fus_GRM_late_lgbm,1,0,672,0.2516378938629926,0.4273231652977526,0.40173192312324374
LOG_SOL,fus_GRM_late_lgbm,1,1,672,0.25309304068620664,0.42481799839912004,0.40729128040428847
LOG_SOL,fus_GRM_late_lgbm,1,2,672,0.2674437990169136,0.4335497971090964,0.40413789423751045
LOG_SOL,fus_GRM_late_lgbm,1,3,672,0.31463975372486463,0.4798127764014091,0.39546948654072384
LOG_SOL,fus_GRM_late_lgbm,1,4,672,0.19218340462426708,0.40624369802447313,0.42665632855662344
LOG_SOL,fus_GRM_late_lgbm,2,0,672,0.2420688345185379,0.41626150492919095,0.41552467033833135
LOG_SOL,fus_GRM_late_lgbm,2,1,672,0.23278882868736805,0.42302449354515875,0.41701201602069604
LOG_SOL,fus_GRM_late_lgbm,2,2,672,0.28177662856192953,0.4798490454406052,0.3954781806675747
LOG_SOL,fus_GRM_late_lgbm,2,3,672,0.27137918757189894,0.4034952028999091,0.40094162777467285
LOG_SOL,fus_GRM_late_lgbm,2,4,672,0.22621331544991474,0.4051166280375854,0.4266704742070412
LOG_SOL,fus_GRM_late_lgbm,3,0,672,0.23308057494589385,0.3953161934981154,0.4206770453649325
LOG_SOL,fus_GRM_late_lgbm,3,1,672,0.31657541974780257,0.4790490562004302,0.38461075849627363
LOG_SOL,fus_GRM_late_lgbm,3,2,672,0.21904909650718984,0.4150874586716874,0.41265443138656493
LOG_SOL,fus_GRM_late_lgbm,3,3,672,0.21972450061141613,0.41084244050408963,0.41484064616976635
LOG_SOL,fus_GRM_late_lgbm,3,4,672,0.2943835346404693,0.473205237134839,0.39679115288717753
LOG_SOL,fus_GRM_late_lgbm,4,0,672,0.28355563310395193,0.4481902861066188,0.39337825793332015
LOG_SOL,fus_GRM_late_lgbm,4,1,672,0.26739806325988946,0.45363227701040876,0.4028805546243093
LOG_SOL,fus_GRM_late_lgbm,4,2,672,0.23378010796248438,0.4245768727231213,0.42122781301572704
LOG_SOL,fus_GRM_late_lgbm,4,3,672,0.29920987993973003,0.45539568581460643,0.3978965844081804
LOG_SOL,fus_GRM_late_lgbm,4,4,672,0.19775675017192906,0.3985014128102294,0.4212356560599875
LOG_SOL,fus_GRS_early_lgbm,0,0,672,0.2958588052713369,0.4082534556817815,0.40712348480820654
LOG_SOL,fus_GRS_early_lgbm,0,1,672,0.28541662092853604,0.41169450631617804,0.4046976908584365
LOG_SOL,fus_GRS_early_lgbm,0,2,672,0.33269247568088145,0.414602696906588,0.3916319955718831
LOG_SOL,fus_GRS_early_lgbm,0,3,672,0.24328029735520096,0.4068565901969093,0.40715952996133575
LOG_SOL,fus_GRS_early_lgbm,0,4,672,0.2865681343509713,0.401701839101591,0.40908193446330654
LOG_SOL,fus_GRS_early_lgbm,1,0,672,0.14415372585760566,0.42563119983688297,0.4167124665642075
LOG_SOL,fus_GRS_early_lgbm,1,1,672,0.2693199625776431,0.4059812044305471,0.4166756813166624
LOG_SOL,fus_GRS_early_lgbm,1,2,672,0.26745132492667567,0.4106208675887497,0.40548284884577646
LOG_SOL,fus_GRS_early_lgbm,1,3,672,0.31255337870866173,0.4469488995687432,0.3960723788714624
LOG_SOL,fus_GRS_early_lgbm,1,4,672,0.2946938952494723,0.4105721530307874,0.40757649903717674
LOG_SOL,fus_GRS_early_lgbm,2,0,672,0.22748036933184435,0.4233217265610509,0.4109465852390907
LOG_SOL,fus_GRS_early_lgbm,2,1,672,0.15251736626086876,0.4135743039340308,0.41623534715181953
LOG_SOL,fus_GRS_early_lgbm,2,2,672,0.29534634466362075,0.4136914333551052,0.40316495399334873
LOG_SOL,fus_GRS_early_lgbm,2,3,672,0.2812955858282974,0.4074183721330859,0.39591008127850325
LOG_SOL,fus_GRS_early_lgbm,2,4,672,0.27987791253910566,0.3909337007926405,0.4115965099883312
LOG_SOL,fus_GRS_early_lgbm,3,0,672,0.2821854224200976,0.4258085928928916,0.40806296285401933
LOG_SOL,fus_GRS_early_lgbm,3,1,672,0.27111067157729396,0.42012589825555163,0.4054028178004672
LOG_SOL,fus_GRS_early_lgbm,3,2,672,0.16292660509137935,0.3935811527938072,0.4261992558299251
LOG_SOL,fus_GRS_early_lgbm,3,3,672,0.2966177130650147,0.4189511481956776,0.40462622607481213
LOG_SOL,fus_GRS_early_lgbm,3,4,672,0.2982556653923243,0.4206947864248061,0.4014482811943308
LOG_SOL,fus_GRS_early_lgbm,4,0,672,0.28729267170739636,0.416058394016468,0.41176699210993917
LOG_SOL,fus_GRS_early_lgbm,4,1,672,0.28945398873545114,0.4108235677883606,0.4137329195517455
LOG_SOL,fus_GRS_early_lgbm,4,2,672,0.26551218794067366,0.415813601763123,0.4205519353044227
LOG_SOL,fus_GRS_early_lgbm,4,3,672,0.28714842580052713,0.4201738853528976,0.4041972343718138
LOG_SOL,fus_GRS_early_lgbm,4,4,672,0.3102987985603697,0.42770574928910143,0.4033698633163998
LOG_SOL,fus_GRS_late_lgbm,0,0,672,0.35289574216690334,0.5065257250223171,0.3645570386574211
LOG_SOL,fus_GRS_late_lgbm,0,1,672,0.28128368694281414,0.4700925229601265,0.38756134881450555
LOG_SOL,fus_GRS_late_lgbm,0,2,672,0.3203586250620504,0.497323583317022,0.36775355203614374
LOG_SOL,fus_GRS_late_lgbm,0,3,672,0.2953061723264726,0.47260369071797875,0.38119645935997193
LOG_SOL,fus_GRS_late_lgbm,0,4,672,0.3386752329729822,0.4997920133142178,0.36144203776958683
LOG_SOL,fus_GRS_late_lgbm,1,0,672,0.2982301124140082,0.4903629343099728,0.37407110708130087
LOG_SOL,fus_GRS_late_lgbm,1,1,672,0.33972342344802997,0.49281099624153335,0.36757079871982407
LOG_SOL,fus_GRS_late_lgbm,1,2,672,0.34381884916810423,0.5240194827037079,0.3656374800817883
LOG_SOL,fus_GRS_late_lgbm,1,3,672,0.37999889619720273,0.5128478710470277,0.36051243307552444
LOG_SOL,fus_GRS_late_lgbm,1,4,672,0.2858491165685729,0.5214367938463612,0.36958477311609883
LOG_SOL,fus_GRS_late_lgbm,2,0,672,0.31932671991219863,0.49081769344926973,0.3752343057568203
LOG_SOL,fus_GRS_late_lgbm,2,1,672,0.3595323181211325,0.5044755141314694,0.3599916533671421
LOG_SOL,fus_GRS_late_lgbm,2,2,672,0.2351413347204263,0.45043484568938125,0.39781101115548545
LOG_SOL,fus_GRS_late_lgbm,2,3,672,0.348023674139574,0.5017163457812952,0.3609307289636353
LOG_SOL,fus_GRS_late_lgbm,2,4,672,0.3245889333465407,0.4931068291344875,0.37191817631274593
LOG_SOL,fus_GRS_late_lgbm,3,0,672,0.314885650246012,0.5056990156627506,0.3740849097926785
LOG_SOL,fus_GRS_late_lgbm,3,1,672,0.27678621215609955,0.5014710579859095,0.3784754061230683
LOG_SOL,fus_GRS_late_lgbm,3,2,672,0.3192007528934431,0.5159240867991775,0.36473420398277046
LOG_SOL,fus_GRS_late_lgbm,3,3,672,0.289397131091651,0.4892042849921617,0.3796206179829775
LOG_SOL,fus_GRS_late_lgbm,3,4,672,0.2234403689154406,0.4452077519109816,0.3989827456927943
LOG_SOL,fus_GRS_late_lgbm,4,0,672,0.21956221744669557,0.4436085631739822,0.4031433226926796
LOG_SOL,fus_GRS_late_lgbm,4,1,672,0.3721653177668869,0.5021001073314538,0.35439279343514535
LOG_SOL,fus_GRS_late_lgbm,4,2,672,0.2045411695259347,0.46569035167697975,0.3986360144641085
LOG_SOL,fus_GRS_late_lgbm,4,3,672,0.26840277614803487,0.47702582919246467,0.38139617660292224
LOG_SOL,fus_GRS_late_lgbm,4,4,672,0.3911399079758364,0.5157111126946825,0.35057856023574235
LOG_SOL,fus_GR_early_lgbm,0,0,672,0.26948913880044345,0.41324190959680557,0.42274693253495843
LOG_SOL,fus_GR_early_lgbm,0,1,672,0.23087271980236923,0.4092393377857475,0.4300222651258337
LOG_SOL,fus_GR_early_lgbm,0,2,672,0.2600025553910069,0.4088356604212059,0.4207436655931822
LOG_SOL,fus_GR_early_lgbm,0,3,672,0.2564758286192407,0.3928286510721463,0.4243191781133128
LOG_SOL,fus_GR_early_lgbm,0,4,672,0.24390076001466743,0.39085477542308755,0.42464751487982366
LOG_SOL,fus_GR_early_lgbm,1,0,672,0.24042391240273897,0.4019490210973478,0.42820090418449025
LOG_SOL,fus_GR_early_lgbm,1,1,672,0.24977923130383883,0.4038223754780251,0.4243831446399335
LOG_SOL,fus_GR_early_lgbm,1,2,672,0.2682311082410226,0.39579183615763314,0.4205279069259543
LOG_SOL,fus_GR_early_lgbm,1,3,672,0.2466202858276496,0.41606260294363256,0.4267483927250795
LOG_SOL,fus_GR_early_lgbm,1,4,672,0.2592849924240034,0.4052908487387504,0.4212759492175636
LOG_SOL,fus_GR_early_lgbm,2,0,672,0.264003839821101,0.4061012664651894,0.4185974629521751
LOG_SOL,fus_GR_early_lgbm,2,1,672,0.2477466140757958,0.41382654768727334,0.4276658934958779
LOG_SOL,fus_GR_early_lgbm,2,2,672,0.26187665912451485,0.43032169524756264,0.4180331117463606
LOG_SOL,fus_GR_early_lgbm,2,3,672,0.24846112419163047,0.41994825973025585,0.42011241810118577
LOG_SOL,fus_GR_early_lgbm,2,4,672,0.24361310878568487,0.4070106961768585,0.42683886008425886
LOG_SOL,fus_GR_early_lgbm,3,0,672,0.2616276852910705,0.40276760865023825,0.4259548228377703
LOG_SOL,fus_GR_early_lgbm,3,1,672,0.23572337490559847,0.40084251343532584,0.4289794192918115
LOG_SOL,fus_GR_early_lgbm,3,2,672,0.25595940489269253,0.41894008082785134,0.41579370191161613
LOG_SOL,fus_GR_early_lgbm,3,3,672,0.24566249646457705,0.39580737262543153,0.425818115155732
LOG_SOL,fus_GR_early_lgbm,3,4,672,0.23528918429262868,0.40308944522016915,0.42552924620659754
LOG_SOL,fus_GR_early_lgbm,4,0,672,0.2654805556282307,0.40127853762847876,0.4205020829383467
LOG_SOL,fus_GR_early_lgbm,4,1,672,0.2631751865007568,0.4126668143156092,0.4189361297843984
LOG_SOL,fus_GR_early_lgbm,4,2,672,0.23456448114145267,0.4115688987659742,0.4289386916615649
LOG_SOL,fus_GR_early_lgbm,4,3,672,0.2400654045642746,0.41142819955050597,0.4202825275873959
LOG_SOL,fus_GR_early_lgbm,4,4,672,0.2832464342888442,0.42841581226738823,0.4179595966100334
LOG_SOL,fus_GR_late_lgbm,0,0,672,0.3680671208383016,0.5084821142335259,0.358606349951817
LOG_SOL,fus_GR_late_lgbm,0,1,672,0.2764264667829761,0.4737567498133686,0.3852990370695597
LOG_SOL,fus_GR_late_lgbm,0,2,672,0.3285311021806593,0.49609908540685244,0.36099436854591105
LOG_SOL,fus_GR_late_lgbm,0,3,672,0.27991416153443005,0.46476060240232037,0.3806893566878767
LOG_SOL,fus_GR_late_lgbm,0,4,672,0.34164005514163265,0.5055442887345999,0.358658849674919
LOG_SOL,fus_GR_late_lgbm,1,0,672,0.2926053889126894,0.48328163737848384,0.3731843075516341
LOG_SOL,fus_GR_late_lgbm,1,1,672,0.34705697800699475,0.4932784396853274,0.3650819524805816
LOG_SOL,fus_GR_late_lgbm,1,2,672,0.35105388525104775,0.5203220299142584,0.36077507558193384
LOG_SOL,fus_GR_late_lgbm,1,3,672,0.3616018751932363,0.5060312926975562,0.36056076279143545
LOG_SOL,fus_GR_late_lgbm,1,4,672,0.28997145368867716,0.5020375848374881,0.3650889125979703
LOG_SOL,fus_GR_late_lgbm,2,0,672,0.28468368387495624,0.4889348586934258,0.3790591208235795
LOG_SOL,fus_GR_late_lgbm,2,1,672,0.3289718659872375,0.502926235247455,0.36414854435831834
LOG_SOL,fus_GR_late_lgbm,2,2,672,0.18577309285193266,0.42952853142566694,0.401020362612429
LOG_SOL,fus_GR_late_lgbm,2,3,672,0.32991286578999757,0.5000601119933166,0.36210983236379995
LOG_SOL,fus_GR_late_lgbm,2,4,672,0.3264725892664223,0.4878588323107048,0.3679258921887707
LOG_SOL,fus_GR_late_lgbm,3,0,672,0.3184153902821195,0.49818715049695617,0.3682192417773293
LOG_SOL,fus_GR_late_lgbm,3,1,672,0.28310579926026525,0.5043009902179915,0.3714970864236836
LOG_SOL,fus_GR_late_lgbm,3,2,672,0.27239036575891573,0.5105541472880925,0.36746651165410443
LOG_SOL,fus_GR_late_lgbm,3,3,672,0.2987225677492462,0.48199315154207334,0.37419441705206397
LOG_SOL,fus_GR_late_lgbm,3,4,672,0.2118431827135736,0.44339879737344495,0.3974642475954517
LOG_SOL,fus_GR_late_lgbm,4,0,672,0.21735981994244258,0.453636421933412,0.39705946475554654
LOG_SOL,fus_GR_late_lgbm,4,1,672,0.3489671131529223,0.5034517184686876,0.35883285171109386
LOG_SOL,fus_GR_late_lgbm,4,2,672,0.17952647330806382,0.4564547966342794,0.40265512946399795
LOG_SOL,fus_GR_late_lgbm,4,3,672,0.2332125382614213,0.4618405683032227,0.3898730335625367
LOG_SOL,fus_GR_late_lgbm,4,4,672,0.39065670367748107,0.526208551635762,0.35184478369480626
LOG_SOL,uni_G_lgbm,0,0,672,0.19594876002712136,0.372676333164843,0.4594516990440549
LOG_SOL,uni_G_lgbm,0,1,672,0.15174189436318009,0.362361026611678,0.4673094698844231
LOG_SOL,uni_G_lgbm,0,2,672,0.18352897265015666,0.3637069469655271,0.45853009508282094
LOG_SOL,uni_G_lgbm,0,3,672,0.19551958290257143,0.3715358026344618,0.4586458524193169
LOG_SOL,uni_G_lgbm,0,4,672,0.17499573935018609,0.35488792282615816,0.46085149394290204
LOG_SOL,uni_G_lgbm,1,0,672,0.16826657767559738,0.36688140694808424,0.4680237303666152
LOG_SOL,uni_G_lgbm,1,1,672,0.20230259503563985,0.36475131520073417,0.4519195120251472
LOG_SOL,uni_G_lgbm,1,2,672,0.19053379704918927,0.3722042078515178,0.45605854842214394
LOG_SOL,uni_G_lgbm,1,3,672,0.17733939791574793,0.3739464021058464,0.4600234322668768
LOG_SOL,uni_G_lgbm,1,4,672,0.19771385497277572,0.37537842874459143,0.45385681861366645
LOG_SOL,uni_G_lgbm,2,0,672,0.18721131537724178,0.37102000981521677,0.4557630264574383
LOG_SOL,uni_G_lgbm,2,1,672,0.17181331883496076,0.35818432405315964,0.4647532148225494
LOG_SOL,uni_G_lgbm,2,2,672,0.18938740282204425,0.37520035201625035,0.4533917542733151
LOG_SOL,uni_G_lgbm,2,3,672,0.18669315907257367,0.37072436438137696,0.4604626600418841
LOG_SOL,uni_G_lgbm,2,4,672,0.18652622938689967,0.3670880048072063,0.4603748038638028
LOG_SOL,uni_G_lgbm,3,0,672,0.18745787595888808,0.36190492836411814,0.4608538723512224
LOG_SOL,uni_G_lgbm,3,1,672,0.187657430390619,0.3691911209272223,0.4572515491119474
LOG_SOL,uni_G_lgbm,3,2,672,0.18467492766825822,0.3634870806670789,0.4603633273887876
LOG_SOL,uni_G_lgbm,3,3,672,0.18262032934911698,0.37623428958042754,0.4610530670603244
LOG_SOL,uni_G_lgbm,3,4,672,0.18941117676391062,0.37566655000030347,0.45780041304100216
LOG_SOL,uni_G_lgbm,4,0,672,0.17957496008230023,0.35666297422692145,0.46645271567757685
LOG_SOL,uni_G_lgbm,4,1,672,0.17581180076953562,0.3635794632570327,0.45753673233440917
LOG_SOL,uni_G_lgbm,4,2,672,0.16947177932652324,0.36601741463649085,0.4662660005488147
LOG_SOL,uni_G_lgbm,4,3,672,0.17924510377341996,0.3700019208258183,0.458341533315289
LOG_SOL,uni_G_lgbm,4,4,672,0.2115299503464534,0.3816699508693572,0.4519919877008324
