endpoint,method,repeat,fold,n,r2,spearman,mae
LOG_HLM,chemeleon,0,0,929,0.5063561251880411,0.7078010660078098,0.3292128376329387
LOG_HLM,chemeleon,0,1,929,0.46409729899389773,0.6844244649213412,0.3417238418073197
LOG_HLM,chemeleon,0,2,929,0.46036695517102666,0.6815738830633955,0.34072063496340144
LOG_HLM,chemeleon,0,3,929,0.48726491365892344,0.7033134961279928,0.32881910558127014
LOG_HLM,chemeleon,0,4,929,0.44402605998620925,0.6706578101453007,0.3498317578073196
LOG_HLM,chemeleon,1,0,929,0.45921475823112157,0.6811927880546349,0.3450121702292788
LOG_HLM,chemeleon,1,1,929,0.4791919184638631,0.689086926067332,0.3369395545500538
LOG_HLM,chemeleon,1,2,929,0.4863576477356033,0.7022845730124131,0.33059337656512383
LOG_HLM,chemeleon,1,3,929,0.47029536677885375,0.6900531634881331,0.33689446937244344
LOG_HLM,chemeleon,1,4,929,0.4634552713849379,0.6919337343314909,0.33758233930570514
LOG_HLM,chemeleon,2,0,929,0.42669258535983057,0.6608614619687373,0.35273609769321856
LOG_HLM,chemeleon,2,1,929,0.49132041389103354,0.7026979523688236,0.3326705440053822
LOG_HLM,chemeleon,2,2,929,0.4806172721569181,0.6953889871391432,0.3293068475812702
LOG_HLM,chemeleon,2,3,929,0.46266043874690466,0.6810064393377078,0.3406781284424112
LOG_HLM,chemeleon,2,4,929,0.4742890822698951,0.6992124045124591,0.33522660651130254
LOG_HLM,chemeleon,3,0,929,0.45520957581109667,0.6805267677331005,0.3418329797082885
LOG_HLM,chemeleon,3,1,929,0.500946573751224,0.712162740598731,0.32857336221420885
LOG_HLM,chemeleon,3,2,929,0.4873910462614459,0.7020508152017119,0.33210165360925725
LOG_HLM,chemeleon,3,3,929,0.4746874033687102,0.6928600718823716,0.34049776223789013
LOG_HLM,chemeleon,3,4,929,0.4882970854254015,0.6943515449647527,0.3307210917621098
LOG_HLM,chemeleon,4,0,929,0.4841721593892798,0.6991861563963194,0.33068865653067814
LOG_HLM,chemeleon,4,1,929,0.44976496432340296,0.6754597499992715,0.3513590153530678
LOG_HLM,chemeleon,4,2,929,0.4769545998161422,0.6947376359990903,0.33742785747147475
LOG_HLM,chemeleon,4,3,929,0.4995011373987519,0.7018600930642187,0.32929731271151774
LOG_HLM,chemeleon,4,4,929,0.4706642952146801,0.6894533822655871,0.3384520459967707
LOG_HLM,chemprop,0,0,929,0.3935280434858157,0.6550534151950215,0.364924641876211
LOG_HLM,chemprop,0,1,929,0.4008779545309129,0.6596532513881859,0.3648972953315393
LOG_HLM,chemprop,0,2,929,0.38988003720996767,0.6517158575127037,0.36723530716792246
LOG_HLM,chemprop,0,3,929,0.39272919300034526,0.6612228158429988,0.36051479933799785
LOG_HLM,chemprop,0,4,929,0.40023971988174145,0.6700488341097245,0.36905503547147467
LOG_HLM,chemprop,1,0,929,0.38938333676897363,0.6495111144626391,0.3703282515532831
LOG_HLM,chemprop,1,1,929,0.4026773292615925,0.6666878528120493,0.35379938931862215
LOG_HLM,chemprop,1,2,929,0.41532415829325986,0.6723208564647108,0.356509126853606
LOG_HLM,chemprop,1,3,929,0.37376065054004115,0.6543559001712168,0.3684843849461787
LOG_HLM,chemprop,1,4,929,0.37834561856709514,0.6518214573967857,0.36674451624004306
LOG_HLM,chemprop,2,0,929,0.37843587442654636,0.6505497486978435,0.3702235748406889
LOG_HLM,chemprop,2,1,929,0.4010758177770919,0.6546992896130842,0.36758882501506995
LOG_HLM,chemprop,2,2,929,0.4327974627744493,0.6771030172204622,0.3510315482034445
LOG_HLM,chemprop,2,3,929,0.3826710345247031,0.6538266403552968,0.3684884665349838
LOG_HLM,chemprop,2,4,929,0.4261312502033714,0.6768655389651824,0.35100999889235734
LOG_HLM,chemprop,3,0,929,0.3817614285520661,0.650899561601167,0.3707763028557589
LOG_HLM,chemprop,3,1,929,0.3954328415065631,0.6555434508952407,0.36223972824004297
LOG_HLM,chemprop,3,2,929,0.38008251297965523,0.6470845873592215,0.3688416312389666
LOG_HLM,chemprop,3,3,929,0.40934005753579894,0.6631669911031638,0.3615488474155005
LOG_HLM,chemprop,3,4,929,0.3841293732430313,0.654270261611211,0.3687773510279871
LOG_HLM,chemprop,4,0,929,0.41286333028543853,0.670635738038382,0.35355435487298165
LOG_HLM,chemprop,4,1,929,0.41949403976800925,0.6699322272535053,0.3617213489354144
LOG_HLM,chemprop,4,2,929,0.3869845433748843,0.6529235593794047,0.3673665803412271
LOG_HLM,chemprop,4,3,929,0.4109254597497297,0.6657463525513244,0.359132181540366
LOG_HLM,chemprop,4,4,929,0.36026665572342864,0.6382331789564323,0.3767266554198062
LOG_HLM,chemprop_st,0,0,929,0.35698886978862054,0.6383505855574936,0.37132800312055975
LOG_HLM,chemprop_st,0,1,929,0.3588294098094994,0.6328444262867327,0.37915048308611415
LOG_HLM,chemprop_st,0,2,929,0.3891340259969317,0.6557470123629023,0.36096404543702904
LOG_HLM,chemprop_st,0,3,929,0.3895497698733916,0.6616187394808658,0.3608408421151776
LOG_HLM,chemprop_st,0,4,929,0.36452726920798106,0.631940259548443,0.3764993828794403
LOG_HLM,chemprop_st,1,0,929,0.4147645109006092,0.6664406254734245,0.3573677000441335
LOG_HLM,chemprop_st,1,1,929,0.3539484892196514,0.6247396883326506,0.3767434874262648
LOG_HLM,chemprop_st,1,2,929,0.37397210543432324,0.6582778865476355,0.3623472417556512
LOG_HLM,chemprop_st,1,3,929,0.390336721436909,0.6634586815508756,0.3587063496027987
LOG_HLM,chemprop_st,1,4,929,0.36856177728388007,0.6492730515660684,0.36549133706243275
LOG_HLM,chemprop_st,2,0,929,0.3790010278137925,0.6638789019696645,0.3604709315016146
LOG_HLM,chemprop_st,2,1,929,0.34784783892700244,0.6280122824969783,0.3877315315618945
LOG_HLM,chemprop_st,2,2,929,0.41227827914850035,0.6713929244375819,0.3492244336350915
LOG_HLM,chemprop_st,2,3,929,0.34907371713867175,0.6456026052068882,0.3674157369569429
LOG_HLM,chemprop_st,2,4,929,0.43230852098768235,0.6912883055317878,0.3433823862787944
LOG_HLM,chemprop_st,3,0,929,0.35315023615852437,0.6405207892149287,0.37408640394467163
LOG_HLM,chemprop_st,3,1,929,0.37796822885357706,0.6582625340191904,0.3585596100161464
LOG_HLM,chemprop_st,3,2,929,0.3692044908374865,0.6523617798407693,0.3679936192238967
LOG_HLM,chemprop_st,3,3,929,0.40993338832581727,0.6635005327560136,0.3563565767395049
LOG_HLM,chemprop_st,3,4,929,0.38998876194192067,0.6638518262444246,0.3605425090021528
LOG_HLM,chemprop_st,4,0,929,0.3990690222093315,0.6650604088694339,0.35434089821205594
LOG_HLM,chemprop_st,4,1,929,0.373301264199715,0.6357681338625094,0.37444521567814854
LOG_HLM,chemprop_st,4,2,929,0.3964425791443529,0.6646234692282731,0.35797644213455326
LOG_HLM,chemprop_st,4,3,929,0.40628363771889087,0.6705794302485953,0.3514091984531754
LOG_HLM,chemprop_st,4,4,929,0.3629800137472817,0.6490768398746357,0.3696496534305705
LOG_HLM,fus_GRMS_early_attfp,0,0,929,0.1775094360434205,0.5362496581178717,0.41223727779249775
LOG_HLM,fus_GRMS_early_attfp,0,1,929,0.25310109763522703,0.5610845444025306,0.41066967167811574
LOG_HLM,fus_GRMS_early_attfp,0,2,929,0.14184322529585613,0.5507046103264545,0.42460412508801726
LOG_HLM,fus_GRMS_early_attfp,0,3,929,0.19066960236478514,0.5446695784697194,0.41309277041543246
LOG_HLM,fus_GRMS_early_attfp,0,4,929,0.36266816135165814,0.6107756373971075,0.3863741133605151
LOG_HLM,fus_GRMS_early_attfp,1,0,929,0.1551981171283916,0.5330946755586943,0.42102333044805706
LOG_HLM,fus_GRMS_early_attfp,1,1,929,0.2478039092250145,0.5511335775863753,0.40905592567059296
LOG_HLM,fus_GRMS_early_attfp,1,2,929,0.2397953104524262,0.5351245956772815,0.4186355957849368
LOG_HLM,fus_GRMS_early_attfp,1,3,929,0.2771404185661891,0.5722285894603695,0.3987822673193727
LOG_HLM,fus_GRMS_early_attfp,1,4,929,0.23429456177583585,0.5603311467826056,0.4070472802922688
LOG_HLM,fus_GRMS_early_attfp,2,0,929,0.25676389220864015,0.5915621074957556,0.39856304397609676
LOG_HLM,fus_GRMS_early_attfp,2,1,929,0.23968971388102878,0.5380171046678056,0.41189112845636866
LOG_HLM,fus_GRMS_early_attfp,2,2,929,0.3368248966462899,0.5914059095654037,0.39052828184999044
LOG_HLM,fus_GRMS_early_attfp,2,3,929,0.21630273115329968,0.5370756271853129,0.4184955453323351
LOG_HLM,fus_GRMS_early_attfp,2,4,929,0.14749814709238618,0.578656264889547,0.41052125863377353
LOG_HLM,fus_GRMS_early_attfp,3,0,929,0.3000884006298007,0.6062866552668994,0.39273965348974677
LOG_HLM,fus_GRMS_early_attfp,3,1,929,0.25002604100738324,0.5423647402750005,0.40452118373686397
LOG_HLM,fus_GRMS_early_attfp,3,2,929,0.3067851394802399,0.568719519282975,0.39737608327306156
LOG_HLM,fus_GRMS_early_attfp,3,3,929,0.2642767751632391,0.5639939852122599,0.4060392537825479
LOG_HLM,fus_GRMS_early_attfp,3,4,929,0.16606566051374727,0.5531987280372994,0.41719814395102095
LOG_HLM,fus_GRMS_early_attfp,4,0,929,0.318840849887404,0.5949340451230778,0.39078341808767314
LOG_HLM,fus_GRMS_early_attfp,4,1,929,0.26144841229857607,0.5662619150782096,0.4092691296866206
LOG_HLM,fus_GRMS_early_attfp,4,2,929,0.2388251579480677,0.5724173754481329,0.412333025327871
LOG_HLM,fus_GRMS_early_attfp,4,3,929,0.29601049292902193,0.5574174540362151,0.40446789578840875
LOG_HLM,fus_GRMS_early_attfp,4,4,929,0.309497492259452,0.587519586307732,0.3986610975011492
LOG_HLM,fus_GRMS_early_lgbm,0,0,929,0.4418567277944907,0.6831883813774259,0.3401144823277695
LOG_HLM,fus_GRMS_early_lgbm,0,1,929,0.40249988955696836,0.6495420548945944,0.34628039752738554
LOG_HLM,fus_GRMS_early_lgbm,0,2,929,0.3647421071193713,0.6367708971474072,0.3587437483549915
LOG_HLM,fus_GRMS_early_lgbm,0,3,929,0.4499300981745846,0.6797906284203742,0.33394818436798895
LOG_HLM,fus_GRMS_early_lgbm,0,4,929,0.3630308280599698,0.6215460966700396,0.368833371390294
LOG_HLM,fus_GRMS_early_lgbm,1,0,929,0.38965995012953436,0.6363941176447309,0.36141474770228127
LOG_HLM,fus_GRMS_early_lgbm,1,1,929,0.4554923811953344,0.6837346717182234,0.33495875867374153
LOG_HLM,fus_GRMS_early_lgbm,1,2,929,0.37948422705275986,0.6390268636762235,0.3598224737579523
LOG_HLM,fus_GRMS_early_lgbm,1,3,929,0.4021268808721573,0.6562879953756172,0.3494451120638561
LOG_HLM,fus_GRMS_early_lgbm,1,4,929,0.38239637018003203,0.6404824686357685,0.35342841574186157
LOG_HLM,fus_GRMS_early_lgbm,2,0,929,0.4083054137502842,0.6642353357457892,0.34661746420103756
LOG_HLM,fus_GRMS_early_lgbm,2,1,929,0.41380006685484594,0.6645064650426459,0.34362624489392224
LOG_HLM,fus_GRMS_early_lgbm,2,2,929,0.3574395780954357,0.6343175652657186,0.36353972675783436
LOG_HLM,fus_GRMS_early_lgbm,2,3,929,0.38500028141479403,0.6401983405611186,0.36015602444869
LOG_HLM,fus_GRMS_early_lgbm,2,4,929,0.4309317172833057,0.6708081413945066,0.34302350681766075
LOG_HLM,fus_GRMS_early_lgbm,3,0,929,0.4289091580012454,0.661240385452703,0.3449021133771971
LOG_HLM,fus_GRMS_early_lgbm,3,1,929,0.4235315682912747,0.6656589904384219,0.34034783550263714
LOG_HLM,fus_GRMS_early_lgbm,3,2,929,0.4289669801880116,0.6782811909055989,0.3421731208271161
LOG_HLM,fus_GRMS_early_lgbm,3,3,929,0.4253635000777678,0.6571998611563614,0.3471830120244732
LOG_HLM,fus_GRMS_early_lgbm,3,4,929,0.2744323720159211,0.6024011922433379,0.3819708696994416
LOG_HLM,fus_GRMS_early_lgbm,4,0,929,0.42866291572384174,0.6658008001188216,0.34289659019918256
LOG_HLM,fus_GRMS_early_lgbm,4,1,929,0.38113385120249554,0.6185823928332499,0.36742663613092486
LOG_HLM,fus_GRMS_early_lgbm,4,2,929,0.3744007367491987,0.623309276097824,0.3692113865719711
LOG_HLM,fus_GRMS_early_lgbm,4,3,929,0.4074823480118178,0.6455271029601732,0.35368191633808355
LOG_HLM,fus_GRMS_early_lgbm,4,4,929,0.392934038500969,0.6517204383759329,0.35395654590293313
LOG_HLM,fus_GRMS_early_rf,0,0,929,0.443249036490203,0.6869474046885548,0.34165143661482367
LOG_HLM,fus_GRMS_early_rf,0,1,929,0.41056929010416,0.6516491780345611,0.3467539382341087
LOG_HLM,fus_GRMS_early_rf,0,2,929,0.3798274213079199,0.6471202201069923,0.35337133308386626
LOG_HLM,fus_GRMS_early_rf,0,3,929,0.44623083758119675,0.681337065376847,0.33654484842004306
LOG_HLM,fus_GRMS_early_rf,0,4,929,0.36538609902632835,0.6209695568369942,0.3683571482694686
LOG_HLM,fus_GRMS_early_rf,1,0,929,0.4090537401164315,0.6514485777370743,0.3544959999989108
LOG_HLM,fus_GRMS_early_rf,1,1,929,0.45336014209016473,0.6817452892600557,0.33795341711432114
LOG_HLM,fus_GRMS_early_rf,1,2,929,0.40335747616635265,0.653023259701369,0.3531094726079537
LOG_HLM,fus_GRMS_early_rf,1,3,929,0.42217110721632367,0.6665297946594081,0.34594029461656384
LOG_HLM,fus_GRMS_early_rf,1,4,929,0.397668086675103,0.6548737860565679,0.34936517660346905
LOG_HLM,fus_GRMS_early_rf,2,0,929,0.4045825998138233,0.6651336788494017,0.34994550698270055
LOG_HLM,fus_GRMS_early_rf,2,1,929,0.42638906078204175,0.6721758527541842,0.339915998722451
LOG_HLM,fus_GRMS_early_rf,2,2,929,0.36445722817300397,0.635584336307579,0.3628457223168765
LOG_HLM,fus_GRMS_early_rf,2,3,929,0.37836128072945485,0.6410197539821368,0.35957707992965443
LOG_HLM,fus_GRMS_early_rf,2,4,929,0.4356426059054138,0.6744620710254086,0.3419361134240897
LOG_HLM,fus_GRMS_early_rf,3,0,929,0.42779755811406317,0.6640620921050718,0.3441260312884428
LOG_HLM,fus_GRMS_early_rf,3,1,929,0.42887241070095694,0.6719662297616671,0.3410769235615685
LOG_HLM,fus_GRMS_early_rf,3,2,929,0.4284827127259906,0.6755434979660118,0.34213629796070516
LOG_HLM,fus_GRMS_early_rf,3,3,929,0.42432328169978706,0.6646757832346958,0.3465956575190356
LOG_HLM,fus_GRMS_early_rf,3,4,929,0.33008377316081505,0.6228152162432647,0.3676761021914204
LOG_HLM,fus_GRMS_early_rf,4,0,929,0.4321698517733662,0.6742228464390001,0.34236145625562836
LOG_HLM,fus_GRMS_early_rf,4,1,929,0.3666339327021769,0.613177237521848,0.3719727100926241
LOG_HLM,fus_GRMS_early_rf,4,2,929,0.37439724751143977,0.6260096962569284,0.36760898470916176
LOG_HLM,fus_GRMS_early_rf,4,3,929,0.42119025988644576,0.656077926926315,0.3520884655071637
LOG_HLM,fus_GRMS_early_rf,4,4,929,0.4153638756196504,0.659068071012425,0.34683182078797886
LOG_HLM,fus_GRMS_late_attfp,0,0,929,0.4477232293960026,0.6722195920374746,0.3510902739629682
LOG_HLM,fus_GRMS_late_attfp,0,1,929,0.42456611832016755,0.6553618324578492,0.36231443761070686
LOG_HLM,fus_GRMS_late_attfp,0,2,929,0.44124139528340933,0.6713102014912867,0.36070639161192897
LOG_HLM,fus_GRMS_late_attfp,0,3,929,0.4529161181705217,0.6755412960702406,0.3492304691045748
LOG_HLM,fus_GRMS_late_attfp,0,4,929,0.40809240790832324,0.6418745147349705,0.3675634340132348
LOG_HLM,fus_GRMS_late_attfp,1,0,929,0.4511025190549445,0.6711904259540856,0.36065310543047346
LOG_HLM,fus_GRMS_late_attfp,1,1,929,0.43196642929141726,0.6541816846592626,0.3589364012054714
LOG_HLM,fus_GRMS_late_attfp,1,2,929,0.42964957189996456,0.6596520061781637,0.354838250695297
LOG_HLM,fus_GRMS_late_attfp,1,3,929,0.43178048974133654,0.6570362147441081,0.3561757999351281
LOG_HLM,fus_GRMS_late_attfp,1,4,929,0.4403388435598423,0.6617834564700285,0.35800140167288186
LOG_HLM,fus_GRMS_late_attfp,2,0,929,0.4244810084075069,0.666838052474611,0.35730331676959504
LOG_HLM,fus_GRMS_late_attfp,2,1,929,0.44521849192542085,0.6627823806539135,0.35930209119735307
LOG_HLM,fus_GRMS_late_attfp,2,2,929,0.44572949151411523,0.6672332320235624,0.34950014963758236
LOG_HLM,fus_GRMS_late_attfp,2,3,929,0.4329943303539653,0.6586602571373945,0.36139823419063605
LOG_HLM,fus_GRMS_late_attfp,2,4,929,0.4431930514257185,0.6683100425757904,0.3545752114345404
LOG_HLM,fus_GRMS_late_attfp,3,0,929,0.44289934795900876,0.6749857881381809,0.35701907750322665
LOG_HLM,fus_GRMS_late_attfp,3,1,929,0.4337304497055853,0.6554108764439741,0.35738091486396056
LOG_HLM,fus_GRMS_late_attfp,3,2,929,0.4310798756437585,0.6589689781099838,0.36012839189473106
LOG_HLM,fus_GRMS_late_attfp,3,3,929,0.43768059686583305,0.6611278078368499,0.3634845472599789
LOG_HLM,fus_GRMS_late_attfp,3,4,929,0.4604157711011193,0.6735848281574781,0.34267712623637925
LOG_HLM,fus_GRMS_late_attfp,4,0,929,0.45081541118486634,0.67638563198551,0.35216100949330725
LOG_HLM,fus_GRMS_late_attfp,4,1,929,0.40362812827922445,0.631652502142143,0.37271480816753566
LOG_HLM,fus_GRMS_late_attfp,4,2,929,0.4080595188816388,0.6431209320035217,0.3680146341102214
LOG_HLM,fus_GRMS_late_attfp,4,3,929,0.4104519171969091,0.6411773565701359,0.3646351314220601
LOG_HLM,fus_GRMS_late_attfp,4,4,929,0.44380365814694445,0.66639725821297,0.35249437073509604
LOG_HLM,fus_GRMS_late_lgbm,0,0,929,0.2947408899571058,0.54032900216925,0.4051010024660302
LOG_HLM,fus_GRMS_late_lgbm,0,1,929,0.2791146281388973,0.5323791833569308,0.41189690309478116
LOG_HLM,fus_GRMS_late_lgbm,0,2,929,0.2859764569102182,0.5370661197096395,0.39956725230430923
LOG_HLM,fus_GRMS_late_lgbm,0,3,929,0.28462850910314497,0.5312066327199421,0.40526473118412143
LOG_HLM,fus_GRMS_late_lgbm,0,4,929,0.29303302352959526,0.5424420996500858,0.4025533185322186
LOG_HLM,fus_GRMS_late_lgbm,1,0,929,0.284304243885771,0.5252300121366256,0.40692631021715403
LOG_HLM,fus_GRMS_late_lgbm,1,1,929,0.28118041413032957,0.5362460679531068,0.4070622754829406
LOG_HLM,fus_GRMS_late_lgbm,1,2,929,0.25975542519862194,0.522079104891044,0.41349717026445304
LOG_HLM,fus_GRMS_late_lgbm,1,3,929,0.29544311387844857,0.532298460782853,0.4023287267199634
LOG_HLM,fus_GRMS_late_lgbm,1,4,929,0.2544292628071968,0.5042220679882113,0.41360489179219473
LOG_HLM,fus_GRMS_late_lgbm,2,0,929,0.2629678738682708,0.5165774102471994,0.4123149413958092
LOG_HLM,fus_GRMS_late_lgbm,2,1,929,0.2721074147678719,0.5175038645569318,0.4077706335429482
LOG_HLM,fus_GRMS_late_lgbm,2,2,929,0.3099234290534154,0.54925681690322,0.40058032083221573
LOG_HLM,fus_GRMS_late_lgbm,2,3,929,0.28776185026914336,0.5387787673294177,0.4062282901422914
LOG_HLM,fus_GRMS_late_lgbm,2,4,929,0.2755795302288909,0.536723412640337,0.4106502234113774
LOG_HLM,fus_GRMS_late_lgbm,3,0,929,0.27494107759405195,0.5228945271167801,0.4145414291684019
LOG_HLM,fus_GRMS_late_lgbm,3,1,929,0.2877181288879884,0.5321432378054376,0.40630601626786883
LOG_HLM,fus_GRMS_late_lgbm,3,2,929,0.27883749517034084,0.5284741814173222,0.411020405351237
LOG_HLM,fus_GRMS_late_lgbm,3,3,929,0.28374169266015015,0.5293105847915048,0.40582048938165993
LOG_HLM,fus_GRMS_late_lgbm,3,4,929,0.2922750946732562,0.537110363940515,0.39997510224963545
LOG_HLM,fus_GRMS_late_lgbm,4,0,929,0.2834212819925024,0.5341347418873491,0.40619252072679646
LOG_HLM,fus_GRMS_late_lgbm,4,1,929,0.2929215549756182,0.5384441271372761,0.4032068692857508
LOG_HLM,fus_GRMS_late_lgbm,4,2,929,0.2820169260428004,0.5349645837725391,0.4093203143995168
LOG_HLM,fus_GRMS_late_lgbm,4,3,929,0.2534925707866613,0.5064133455689559,0.41344480575464854
LOG_HLM,fus_GRMS_late_lgbm,4,4,929,0.28589161614453185,0.5389844206838936,0.40365182936463107
LOG_HLM,fus_GRMS_late_rf,0,0,929,0.29777602638682965,0.5404803150106545,0.4043212803018462
LOG_HLM,fus_GRMS_late_rf,0,1,929,0.2833729699448948,0.5384574797815374,0.4107665596233656
LOG_HLM,fus_GRMS_late_rf,0,2,929,0.29324371569843166,0.5455485362812096,0.39765642576716576
LOG_HLM,fus_GRMS_late_rf,0,3,929,0.2928759257112541,0.541573398704986,0.40266806173666875
LOG_HLM,fus_GRMS_late_rf,0,4,929,0.29854218121413956,0.5475416272150312,0.4005097076831109
LOG_HLM,fus_GRMS_late_rf,1,0,929,0.28863107286524203,0.5300272612084005,0.4053070256246821
LOG_HLM,fus_GRMS_late_rf,1,1,929,0.28717120709678534,0.5429736132611008,0.40443454257899525
LOG_HLM,fus_GRMS_late_rf,1,2,929,0.26748231738040096,0.5285426839483064,0.41042449397692893
LOG_HLM,fus_GRMS_late_rf,1,3,929,0.30213237448827734,0.5377412268694483,0.3999928970414926
LOG_HLM,fus_GRMS_late_rf,1,4,929,0.2620072063853649,0.5112283160738706,0.41100428009356504
LOG_HLM,fus_GRMS_late_rf,2,0,929,0.2708659741588101,0.5260114025694891,0.41018854140732197
LOG_HLM,fus_GRMS_late_rf,2,1,929,0.27592918444035297,0.5215409426591241,0.406093246996289
LOG_HLM,fus_GRMS_late_rf,2,2,929,0.31277983771578544,0.5542873303558878,0.3987170609790462
LOG_HLM,fus_GRMS_late_rf,2,3,929,0.29435072887487057,0.5449969469638242,0.403645151786923
LOG_HLM,fus_GRMS_late_rf,2,4,929,0.2838963898825686,0.5434944964938558,0.4075494818322596
LOG_HLM,fus_GRMS_late_rf,3,0,929,0.2826120161071608,0.5352560093294623,0.4117552304019844
LOG_HLM,fus_GRMS_late_rf,3,1,929,0.2973538032619867,0.5419161083708661,0.4030469203836139
LOG_HLM,fus_GRMS_late_rf,3,2,929,0.2865850190841034,0.5370977017370926,0.4083338664776992
LOG_HLM,fus_GRMS_late_rf,3,3,929,0.29114632671483776,0.5370763896734351,0.40273786595604427
LOG_HLM,fus_GRMS_late_rf,3,4,929,0.29515520878761625,0.5409222387604958,0.40004413212128626
LOG_HLM,fus_GRMS_late_rf,4,0,929,0.2913025315691433,0.5404081932118544,0.4046809863324625
LOG_HLM,fus_GRMS_late_rf,4,1,929,0.2948161367184585,0.5406664070342854,0.4020287092459961
LOG_HLM,fus_GRMS_late_rf,4,2,929,0.28770899177738984,0.5413729421238296,0.40695427758161473
LOG_HLM,fus_GRMS_late_rf,4,3,929,0.258491399931559,0.5109479935817876,0.4113164578458318
LOG_HLM,fus_GRMS_late_rf,4,4,929,0.2911334972602694,0.5451127582591935,0.4021402822567915
LOG_HLM,fus_GRM_early_attfp,0,0,929,0.37798741798167457,0.6719820834112187,0.3668174598813707
LOG_HLM,fus_GRM_early_attfp,0,1,929,0.3639194696347796,0.646624003913126,0.37287531287865394
LOG_HLM,fus_GRM_early_attfp,0,2,929,0.38160605101627365,0.662183495375164,0.36917756072695973
LOG_HLM,fus_GRM_early_attfp,0,3,929,0.38986800738037886,0.6660010739283148,0.36940943963614625
LOG_HLM,fus_GRM_early_attfp,0,4,929,0.3630413000228728,0.6279154901959807,0.38825744151793784
LOG_HLM,fus_GRM_early_attfp,1,0,929,0.40447796447326256,0.6639437743747261,0.36667583200115295
LOG_HLM,fus_GRM_early_attfp,1,1,929,0.40765408045415463,0.6661108422288736,0.36333376232731174
LOG_HLM,fus_GRM_early_attfp,1,2,929,0.4507786630827628,0.6973672310418071,0.3482420282031597
LOG_HLM,fus_GRM_early_attfp,1,3,929,0.3784800697129439,0.6468907673821608,0.37601876024847875
LOG_HLM,fus_GRM_early_attfp,1,4,929,0.33720256096995727,0.6249810312946459,0.3864864454237905
LOG_HLM,fus_GRM_early_attfp,2,0,929,0.4279330089014576,0.6831230458149781,0.3593093759593068
LOG_HLM,fus_GRM_early_attfp,2,1,929,0.35175309156449297,0.6284846271035888,0.389314337530866
LOG_HLM,fus_GRM_early_attfp,2,2,929,0.3734403752823392,0.6441848576691172,0.37408360219395964
LOG_HLM,fus_GRM_early_attfp,2,3,929,0.3546395391844589,0.6287901135672179,0.3812057800155617
LOG_HLM,fus_GRM_early_attfp,2,4,929,0.3893803454749396,0.6563385402726788,0.367986811422152
LOG_HLM,fus_GRM_early_attfp,3,0,929,0.3493599857234262,0.6305636343123824,0.3910137342923572
LOG_HLM,fus_GRM_early_attfp,3,1,929,0.4286528272071206,0.6852233127070783,0.3548460418651406
LOG_HLM,fus_GRM_early_attfp,3,2,929,0.3797690176184778,0.6578972850672374,0.37072713447411965
LOG_HLM,fus_GRM_early_attfp,3,3,929,0.3550821839157343,0.6225693631913108,0.3839210793065243
LOG_HLM,fus_GRM_early_attfp,3,4,929,0.3618928867301894,0.6354008576478981,0.3838535781927063
LOG_HLM,fus_GRM_early_attfp,4,0,929,0.4200973241783452,0.6910903019527621,0.36382618089214175
LOG_HLM,fus_GRM_early_attfp,4,1,929,0.3366929420241507,0.6136520953267351,0.39803311845353845
LOG_HLM,fus_GRM_early_attfp,4,2,929,0.4463145859384633,0.6973136946035944,0.3540242087155776
LOG_HLM,fus_GRM_early_attfp,4,3,929,0.36753296945920766,0.650753287387273,0.3689919489763058
LOG_HLM,fus_GRM_early_attfp,4,4,929,0.41140419657333505,0.6578959487442868,0.36151392320683196
LOG_HLM,fus_GRM_early_lgbm,0,0,929,0.4537511262965035,0.6974772499029193,0.3371963808840261
LOG_HLM,fus_GRM_early_lgbm,0,1,929,0.40138535163385936,0.6469342406831097,0.34999191669223767
LOG_HLM,fus_GRM_early_lgbm,0,2,929,0.34897239216022136,0.6365573488378997,0.3623863767480762
LOG_HLM,fus_GRM_early_lgbm,0,3,929,0.4510679859143589,0.682057004325882,0.33568746825852536
LOG_HLM,fus_GRM_early_lgbm,0,4,929,0.3729552744403247,0.6324641892580484,0.36357535803452395
LOG_HLM,fus_GRM_early_lgbm,1,0,929,0.37725851966929935,0.6427238135219187,0.36358008871422726
LOG_HLM,fus_GRM_early_lgbm,1,1,929,0.4624447208495528,0.6930187350479959,0.3311442862606698
LOG_HLM,fus_GRM_early_lgbm,1,2,929,0.4528361798099376,0.6906099571780242,0.33070769359897784
LOG_HLM,fus_GRM_early_lgbm,1,3,929,0.4252837778394367,0.6723647981902794,0.34254316826919884
LOG_HLM,fus_GRM_early_lgbm,1,4,929,0.3907431269976176,0.6504210489610779,0.35180151305641766
LOG_HLM,fus_GRM_early_lgbm,2,0,929,0.386906390142838,0.6572142746436764,0.3520695643091845
LOG_HLM,fus_GRM_early_lgbm,2,1,929,0.41634281989027166,0.6663905765981915,0.34160401530886175
LOG_HLM,fus_GRM_early_lgbm,2,2,929,0.35199084778583856,0.6333210631634529,0.36409572867093926
LOG_HLM,fus_GRM_early_lgbm,2,3,929,0.36043296366971045,0.6368457008622304,0.36279136866944967
LOG_HLM,fus_GRM_early_lgbm,2,4,929,0.4172164066417521,0.6699396478712042,0.34515458542597066
LOG_HLM,fus_GRM_early_lgbm,3,0,929,0.416525462003526,0.6567094482761819,0.3488018015096735
LOG_HLM,fus_GRM_early_lgbm,3,1,929,0.4173128690198098,0.6778024025954663,0.344332729154306
LOG_HLM,fus_GRM_early_lgbm,3,2,929,0.4198099413987195,0.6725433061197713,0.3453850035239242
LOG_HLM,fus_GRM_early_lgbm,3,3,929,0.4229119759906479,0.6595857695471794,0.34910279705827924
LOG_HLM,fus_GRM_early_lgbm,3,4,929,0.4651114278511548,0.6904269062947288,0.33230284850786884
LOG_HLM,fus_GRM_early_lgbm,4,0,929,0.42472996087824444,0.6690471587665663,0.34374801336572897
LOG_HLM,fus_GRM_early_lgbm,4,1,929,0.40404378625575543,0.6353717290438267,0.3630451966499988
LOG_HLM,fus_GRM_early_lgbm,4,2,929,0.4098517254054467,0.6506949268333259,0.3545446423017752
LOG_HLM,fus_GRM_early_lgbm,4,3,929,0.4308192473413316,0.6701281908925694,0.3485774653298264
LOG_HLM,fus_GRM_early_lgbm,4,4,929,0.4036377118116634,0.6542965070310329,0.35067122321808036
LOG_HLM,fus_GRM_early_rf,0,0,929,0.44546450913311486,0.6949820236514449,0.33901959000105636
LOG_HLM,fus_GRM_early_rf,0,1,929,0.4232929937069284,0.6602368473508831,0.34327978512563945
LOG_HLM,fus_GRM_early_rf,0,2,929,0.36273402402334276,0.6424952747092938,0.3592508661837619
LOG_HLM,fus_GRM_early_rf,0,3,929,0.4505127197083505,0.6856764248930404,0.3350686934684731
LOG_HLM,fus_GRM_early_rf,0,4,929,0.3641898853947354,0.6252136069766693,0.36570993446523514
LOG_HLM,fus_GRM_early_rf,1,0,929,0.39787644025304403,0.655777064443805,0.3557656478416668
LOG_HLM,fus_GRM_early_rf,1,1,929,0.46858934254359497,0.694804733078155,0.33087239103241184
LOG_HLM,fus_GRM_early_rf,1,2,929,0.44982033655356024,0.6860161014830729,0.33389630451044744
LOG_HLM,fus_GRM_early_rf,1,3,929,0.41936184368511464,0.6653236341197469,0.34566034555800296
LOG_HLM,fus_GRM_early_rf,1,4,929,0.39972999495606776,0.6612507875120351,0.3482789895990767
LOG_HLM,fus_GRM_early_rf,2,0,929,0.3935468797629954,0.6627658916937662,0.3489416240085605
LOG_HLM,fus_GRM_early_rf,2,1,929,0.4209779022762328,0.6682624613493737,0.34171864954056447
LOG_HLM,fus_GRM_early_rf,2,2,929,0.36945948144432217,0.6382002795965152,0.36067415566401806
LOG_HLM,fus_GRM_early_rf,2,3,929,0.368581459851946,0.6409388784708753,0.36158612643536675
LOG_HLM,fus_GRM_early_rf,2,4,929,0.43518499476306893,0.6774284650081674,0.3399672332671265
LOG_HLM,fus_GRM_early_rf,3,0,929,0.43294389393125843,0.6706081409230505,0.344792907041905
LOG_HLM,fus_GRM_early_rf,3,1,929,0.4195291739581736,0.6741338367006413,0.3450967287108902
LOG_HLM,fus_GRM_early_rf,3,2,929,0.421997003254714,0.677778065314658,0.3421545294150979
LOG_HLM,fus_GRM_early_rf,3,3,929,0.4259507821699837,0.6690313253917812,0.34486191055066356
LOG_HLM,fus_GRM_early_rf,3,4,929,0.45569740305541184,0.685444626010301,0.3323059589355243
LOG_HLM,fus_GRM_early_rf,4,0,929,0.43491570149825154,0.6764047808859741,0.34083722315776965
LOG_HLM,fus_GRM_early_rf,4,1,929,0.3750604030230079,0.6218648932139674,0.3672747777337523
LOG_HLM,fus_GRM_early_rf,4,2,929,0.4049153650204802,0.6495102640753069,0.3548701683308332
LOG_HLM,fus_GRM_early_rf,4,3,929,0.41535760586395776,0.661873840495058,0.35283295940428616
LOG_HLM,fus_GRM_early_rf,4,4,929,0.4205896701349401,0.6615769945741442,0.3459040547306328
LOG_HLM,fus_GRM_late_attfp,0,0,929,0.45776112109767364,0.6828574288502931,0.34947458757020156
LOG_HLM,fus_GRM_late_attfp,0,1,929,0.43118335635801697,0.6616802331148303,0.35974905841698385
LOG_HLM,fus_GRM_late_attfp,0,2,929,0.4485881946663899,0.6758100488382135,0.35234703612435275
LOG_HLM,fus_GRM_late_attfp,0,3,929,0.4715719726034645,0.6916334109338077,0.3460532479827028
LOG_HLM,fus_GRM_late_attfp,0,4,929,0.4120539194434196,0.6452884478295676,0.3647134676359924
LOG_HLM,fus_GRM_late_attfp,1,0,929,0.4542924743860467,0.6733542441137849,0.3548091964487162
LOG_HLM,fus_GRM_late_attfp,1,1,929,0.44973274256573237,0.6699479569124343,0.3510033558397924
LOG_HLM,fus_GRM_late_attfp,1,2,929,0.4561359489235485,0.6834407186327882,0.3460612854025302
LOG_HLM,fus_GRM_late_attfp,1,3,929,0.43659461160853386,0.6607132440123695,0.3564135202854242
LOG_HLM,fus_GRM_late_attfp,1,4,929,0.4409741906404856,0.6663181924758101,0.35908250048366125
LOG_HLM,fus_GRM_late_attfp,2,0,929,0.43037886900907096,0.6665762850311534,0.35789676641688256
LOG_HLM,fus_GRM_late_attfp,2,1,929,0.44486573352107806,0.6662808969170949,0.35971158465111014
LOG_HLM,fus_GRM_late_attfp,2,2,929,0.4474238496783717,0.671177715700566,0.35128468231646615
LOG_HLM,fus_GRM_late_attfp,2,3,929,0.4401745760290342,0.6655255555546963,0.3575598629844153
LOG_HLM,fus_GRM_late_attfp,2,4,929,0.45439292984081914,0.6776545465546461,0.3526413223280191
LOG_HLM,fus_GRM_late_attfp,3,0,929,0.44087007824289437,0.6753246523046015,0.36239163710825456
LOG_HLM,fus_GRM_late_attfp,3,1,929,0.4379875189073539,0.6653727819519055,0.35334755727800654
LOG_HLM,fus_GRM_late_attfp,3,2,929,0.4344598819477832,0.6679847542357098,0.35412238895315995
LOG_HLM,fus_GRM_late_attfp,3,3,929,0.44492735220043556,0.6684694066804061,0.358362277653759
LOG_HLM,fus_GRM_late_attfp,3,4,929,0.4498126861338254,0.6756798484634481,0.3459874932779643
LOG_HLM,fus_GRM_late_attfp,4,0,929,0.45054512036477246,0.67791878797289,0.3536325007638914
LOG_HLM,fus_GRM_late_attfp,4,1,929,0.40985739205765626,0.6376088807633873,0.3738714257821497
LOG_HLM,fus_GRM_late_attfp,4,2,929,0.4159078678085175,0.6494242534708432,0.3656581555681316
LOG_HLM,fus_GRM_late_attfp,4,3,929,0.41024183485035215,0.6432191289621665,0.3675754034081927
LOG_HLM,fus_GRM_late_attfp,4,4,929,0.4438395826816338,0.6706641652720607,0.3494711745941749
LOG_HLM,fus_GRM_late_lgbm,0,0,929,0.29883540450839396,0.5380472077250587,0.40317523574638126
LOG_HLM,fus_GRM_late_lgbm,0,1,929,0.3671698018431553,0.6125376412659107,0.378450320969
LOG_HLM,fus_GRM_late_lgbm,0,2,929,0.29270396926305864,0.5383648149920865,0.39713926270588834
LOG_HLM,fus_GRM_late_lgbm,0,3,929,0.2877384345032806,0.5277066709477094,0.40412840738962674
LOG_HLM,fus_GRM_late_lgbm,0,4,929,0.360206634570136,0.6021809577377675,0.3777177317322696
LOG_HLM,fus_GRM_late_lgbm,1,0,929,0.3777218420410159,0.6113507107603177,0.3743213151942673
LOG_HLM,fus_GRM_late_lgbm,1,1,929,0.2841594542538691,0.5357131916696627,0.4053362514301113
LOG_HLM,fus_GRM_late_lgbm,1,2,929,0.2653307442765117,0.523273944593754,0.4113724776257123
LOG_HLM,fus_GRM_late_lgbm,1,3,929,0.36615808126166594,0.6026579577437791,0.3752133761575171
LOG_HLM,fus_GRM_late_lgbm,1,4,929,0.2585375107558925,0.5036305251669874,0.4121278396018112
LOG_HLM,fus_GRM_late_lgbm,2,0,929,0.26705249776649154,0.5170579085682692,0.41019204273605303
LOG_HLM,fus_GRM_late_lgbm,2,1,929,0.2752697467055246,0.5150251317999777,0.4060817210029978
LOG_HLM,fus_GRM_late_lgbm,2,2,929,0.37723449817635646,0.6093025303278229,0.3765118973750945
LOG_HLM,fus_GRM_late_lgbm,2,3,929,0.29122500111198957,0.5367713355203165,0.4047217910033779
LOG_HLM,fus_GRM_late_lgbm,2,4,929,0.28035936498450864,0.5368879207650364,0.4084069335939726
LOG_HLM,fus_GRM_late_lgbm,3,0,929,0.27867038481133366,0.5236768615160073,0.41258218703483995
LOG_HLM,fus_GRM_late_lgbm,3,1,929,0.3886720573774337,0.6220799089471863,0.3707979867380895
LOG_HLM,fus_GRM_late_lgbm,3,2,929,0.2826128738950302,0.5271152116752179,0.4093102417922128
LOG_HLM,fus_GRM_late_lgbm,3,3,929,0.2859490902041041,0.5275276829720827,0.40454820602283725
LOG_HLM,fus_GRM_late_lgbm,3,4,929,0.3736454316201143,0.6094257883670374,0.37153639704667907
LOG_HLM,fus_GRM_late_lgbm,4,0,929,0.40226012446167103,0.6386008771583135,0.3620678725307442
LOG_HLM,fus_GRM_late_lgbm,4,1,929,0.2970498199764753,0.5395097559659,0.40138603778829957
LOG_HLM,fus_GRM_late_lgbm,4,2,929,0.28456781626642413,0.5340327804752719,0.40806660266247385
LOG_HLM,fus_GRM_late_lgbm,4,3,929,0.3378532095227983,0.5878329947675262,0.38231238841414183
LOG_HLM,fus_GRM_late_lgbm,4,4,929,0.28610496572183663,0.5361077546727329,0.403202134724949
LOG_HLM,fus_GRM_late_rf,0,0,929,0.29781514853790736,0.5406058683293171,0.4042686288560639
LOG_HLM,fus_GRM_late_rf,0,1,929,0.28293557374878886,0.5379146355169718,0.410978941099958
LOG_HLM,fus_GRM_late_rf,0,2,929,0.29343444330472523,0.5457007490430612,0.3976157725060999
LOG_HLM,fus_GRM_late_rf,0,3,929,0.2922221508429814,0.5412302335176341,0.40274667465886616
LOG_HLM,fus_GRM_late_rf,0,4,929,0.2981972185180849,0.5472337240483303,0.4006269047564035
LOG_HLM,fus_GRM_late_rf,1,0,929,0.28902059542584124,0.5302861755749819,0.40518425462356433
LOG_HLM,fus_GRM_late_rf,1,1,929,0.28638957917607377,0.5420987385341458,0.40469657220943583
LOG_HLM,fus_GRM_late_rf,1,2,929,0.2668684316812,0.5279111828130449,0.4106702153124248
LOG_HLM,fus_GRM_late_rf,1,3,929,0.30154713469792715,0.5374174493527254,0.4000027671424647
LOG_HLM,fus_GRM_late_rf,1,4,929,0.2620702618124965,0.510738679161196,0.4109681912506402
LOG_HLM,fus_GRM_late_rf,2,0,929,0.2705128604451583,0.5257282834585417,0.4102631272286648
LOG_HLM,fus_GRM_late_rf,2,1,929,0.27535194365745796,0.5213275106169106,0.4061097641393821
LOG_HLM,fus_GRM_late_rf,2,2,929,0.312358182172346,0.554054240077822,0.39880503150859126
LOG_HLM,fus_GRM_late_rf,2,3,929,0.29439394547085984,0.5451388980446843,0.4034327308790434
LOG_HLM,fus_GRM_late_rf,2,4,929,0.2839511387266107,0.543916765116189,0.4074460583697378
LOG_HLM,fus_GRM_late_rf,3,0,929,0.282472945751155,0.5353955375273443,0.4117477467605195
LOG_HLM,fus_GRM_late_rf,3,1,929,0.2968972914528235,0.5418293078963083,0.4031900881415777
LOG_HLM,fus_GRM_late_rf,3,2,929,0.2861191671451656,0.5368198210282481,0.40837991429748527
LOG_HLM,fus_GRM_late_rf,3,3,929,0.29068203964164274,0.5362453603991283,0.4029059901165134
LOG_HLM,fus_GRM_late_rf,3,4,929,0.2955256253251135,0.5412064973177692,0.3999820792268719
LOG_HLM,fus_GRM_late_rf,4,0,929,0.2910981269468401,0.540078065536018,0.404770453444083
LOG_HLM,fus_GRM_late_rf,4,1,929,0.2944494780453719,0.5406623309808282,0.4021597575760604
LOG_HLM,fus_GRM_late_rf,4,2,929,0.2874443119278699,0.5406966458568588,0.4070018469638662
LOG_HLM,fus_GRM_late_rf,4,3,929,0.2584916823902226,0.510751181938943,0.41131801626121545
LOG_HLM,fus_GRM_late_rf,4,4,929,0.2904340371316416,0.5443020695112628,0.4023593898394162
LOG_HLM,fus_GRS_early_attfp,0,0,929,0.21825116590287896,0.5463625553861277,0.41216660268655086
LOG_HLM,fus_GRS_early_attfp,0,1,929,0.23799140784139428,0.545513557526019,0.4182489305620887
LOG_HLM,fus_GRS_early_attfp,0,2,929,0.2627728309374535,0.5601588446421489,0.40673228429714725
LOG_HLM,fus_GRS_early_attfp,0,3,929,0.26552563183358235,0.5867108983257217,0.4004887025499289
LOG_HLM,fus_GRS_early_attfp,0,4,929,0.30481871282144013,0.5815971852160582,0.3977660225476462
LOG_HLM,fus_GRS_early_attfp,1,0,929,0.16850863115201742,0.5216112348423522,0.42069780980030574
LOG_HLM,fus_GRS_early_attfp,1,1,929,0.21058366601492484,0.5206500693745685,0.42160970028456973
LOG_HLM,fus_GRS_early_attfp,1,2,929,0.19215916318518622,0.5301777331178554,0.41799051628831224
LOG_HLM,fus_GRS_early_attfp,1,3,929,0.2859262893084674,0.5945847257481167,0.39607498282896836
LOG_HLM,fus_GRS_early_attfp,1,4,929,0.2678703381885803,0.5643279216877995,0.4020145149766829
LOG_HLM,fus_GRS_early_attfp,2,0,929,0.2792844115208747,0.5661340456758638,0.40084828468728606
LOG_HLM,fus_GRS_early_attfp,2,1,929,0.2738345665758981,0.5657882797051125,0.4118932385107613
LOG_HLM,fus_GRS_early_attfp,2,2,929,0.3104096416185419,0.5796675272824942,0.3973268914981446
LOG_HLM,fus_GRS_early_attfp,2,3,929,0.20669392114860252,0.5575169894038992,0.4154933992155336
LOG_HLM,fus_GRS_early_attfp,2,4,929,0.28800170358639554,0.5684884720818956,0.40581652867715345
LOG_HLM,fus_GRS_early_attfp,3,0,929,0.29213107866480226,0.5818960735851182,0.3989225461776679
LOG_HLM,fus_GRS_early_attfp,3,1,929,0.2394938482564788,0.538098561639276,0.4117579178942946
LOG_HLM,fus_GRS_early_attfp,3,2,929,0.25763048940142275,0.5557849761043026,0.4070240688367198
LOG_HLM,fus_GRS_early_attfp,3,3,929,0.33120421872314565,0.6051797394845603,0.3875208603676551
LOG_HLM,fus_GRS_early_attfp,3,4,929,0.18505032046430703,0.5453991880225729,0.4183056264500807
LOG_HLM,fus_GRS_early_attfp,4,0,929,0.29292437065557664,0.5701486787150354,0.4001998606182582
LOG_HLM,fus_GRS_early_attfp,4,1,929,0.23394955139567097,0.5549013857023561,0.41668914510486943
LOG_HLM,fus_GRS_early_attfp,4,2,929,0.24588188798030985,0.5561372490566944,0.4121248997748789
LOG_HLM,fus_GRS_early_attfp,4,3,929,0.2751626954319166,0.5582932239118022,0.40252966341942836
LOG_HLM,fus_GRS_early_attfp,4,4,929,0.34966289386544536,0.6217451328622544,0.3883676468481707
LOG_HLM,fus_GRS_early_lgbm,0,0,929,0.4363483438486073,0.6824000191712055,0.3447604303382892
LOG_HLM,fus_GRS_early_lgbm,0,1,929,0.4042063140655786,0.6474333296856357,0.34749606819456197
LOG_HLM,fus_GRS_early_lgbm,0,2,929,0.3703983481005291,0.6401328631317502,0.35582859565274594
LOG_HLM,fus_GRS_early_lgbm,0,3,929,0.43550716531638634,0.670208342476477,0.34014270535405494
LOG_HLM,fus_GRS_early_lgbm,0,4,929,0.36440273082408037,0.620559854690677,0.3677772309355036
LOG_HLM,fus_GRS_early_lgbm,1,0,929,0.3842571849801807,0.6343400146363823,0.3641988091518235
LOG_HLM,fus_GRS_early_lgbm,1,1,929,0.44569352015573815,0.67727315037031,0.3381129053694345
LOG_HLM,fus_GRS_early_lgbm,1,2,929,0.37507509249518345,0.6364274649765463,0.35889159458759334
LOG_HLM,fus_GRS_early_lgbm,1,3,929,0.4002526736811477,0.6534302155963233,0.34984909822976723
LOG_HLM,fus_GRS_early_lgbm,1,4,929,0.3775544983049197,0.6417217866886441,0.35418882864032664
LOG_HLM,fus_GRS_early_lgbm,2,0,929,0.4004861030541058,0.6587856740834158,0.3511101377455859
LOG_HLM,fus_GRS_early_lgbm,2,1,929,0.41580581487101376,0.6649837297473931,0.34374976125235934
LOG_HLM,fus_GRS_early_lgbm,2,2,929,0.3576019340548713,0.6336355645863371,0.3634832732458005
LOG_HLM,fus_GRS_early_lgbm,2,3,929,0.3777814590461247,0.6382881300333498,0.3605060503801293
LOG_HLM,fus_GRS_early_lgbm,2,4,929,0.42250021841966645,0.6654194545495079,0.34561889450273486
LOG_HLM,fus_GRS_early_lgbm,3,0,929,0.41937242076337733,0.6585341188806895,0.34799387353725153
LOG_HLM,fus_GRS_early_lgbm,3,1,929,0.42204419602279863,0.6650066167662116,0.3423991697127285
LOG_HLM,fus_GRS_early_lgbm,3,2,929,0.42767517640130426,0.675062550780406,0.3445340339110438
LOG_HLM,fus_GRS_early_lgbm,3,3,929,0.43111713928881323,0.6652666050192768,0.3461010206954041
LOG_HLM,fus_GRS_early_lgbm,3,4,929,0.27066576031562495,0.5992061557053255,0.38280451091699785
LOG_HLM,fus_GRS_early_lgbm,4,0,929,0.42666815333218944,0.669114805109133,0.34321631562068333
LOG_HLM,fus_GRS_early_lgbm,4,1,929,0.3562750752489886,0.6063555616878753,0.3754447416359923
LOG_HLM,fus_GRS_early_lgbm,4,2,929,0.37164588519659825,0.6310981027507127,0.3674229868152567
LOG_HLM,fus_GRS_early_lgbm,4,3,929,0.4017543500596893,0.6430507978268418,0.3562829014972799
LOG_HLM,fus_GRS_early_lgbm,4,4,929,0.410076991458049,0.6557822958444474,0.3501177670454406
LOG_HLM,fus_GRS_early_rf,0,0,929,0.43630891013797435,0.6839671995043906,0.3438901954610387
LOG_HLM,fus_GRS_early_rf,0,1,929,0.40648981709985277,0.6495233539660286,0.3467745976376398
LOG_HLM,fus_GRS_early_rf,0,2,929,0.37620967533840366,0.6443800215618725,0.3547097821306158
LOG_HLM,fus_GRS_early_rf,0,3,929,0.4428187831556978,0.6809494861646779,0.33594817441022984
LOG_HLM,fus_GRS_early_rf,0,4,929,0.3547864352569057,0.6160772405507378,0.3702086863485846
LOG_HLM,fus_GRS_early_rf,1,0,929,0.40838973585802874,0.652713225184061,0.3547993342649835
LOG_HLM,fus_GRS_early_rf,1,1,929,0.4562263239939436,0.6824523103993959,0.3380652436150657
LOG_HLM,fus_GRS_early_rf,1,2,929,0.4009409871855596,0.653662675047794,0.3526205405631692
LOG_HLM,fus_GRS_early_rf,1,3,929,0.40977671072980193,0.660748216191409,0.3493265970377276
LOG_HLM,fus_GRS_early_rf,1,4,929,0.39813205502693705,0.654129940108643,0.34906356600223004
LOG_HLM,fus_GRS_early_rf,2,0,929,0.4079874620578675,0.6668860765806521,0.34855288220393404
LOG_HLM,fus_GRS_early_rf,2,1,929,0.4180460209057618,0.6664394637835868,0.3425018331045484
LOG_HLM,fus_GRS_early_rf,2,2,929,0.3712209642436114,0.6403865798713113,0.36034294665187927
LOG_HLM,fus_GRS_early_rf,2,3,929,0.37780753737323525,0.6415868104778788,0.3598165382490222
LOG_HLM,fus_GRS_early_rf,2,4,929,0.43006067589207564,0.6718997704731015,0.3431090469135549
LOG_HLM,fus_GRS_early_rf,3,0,929,0.4208561012526959,0.6614002582711692,0.3462824452578357
LOG_HLM,fus_GRS_early_rf,3,1,929,0.42852399731719637,0.6705873115169069,0.3408980092479233
LOG_HLM,fus_GRS_early_rf,3,2,929,0.4247283306806089,0.6731232500619136,0.34295896890381955
LOG_HLM,fus_GRS_early_rf,3,3,929,0.4240602312831274,0.6644784630026335,0.34721239526006575
LOG_HLM,fus_GRS_early_rf,3,4,929,0.3229284127939326,0.6194685320826132,0.36890281175898026
LOG_HLM,fus_GRS_early_rf,4,0,929,0.43258301814171474,0.6746463848869335,0.34222596219369456
LOG_HLM,fus_GRS_early_rf,4,1,929,0.3599931400524281,0.610610533177999,0.37396066737178224
LOG_HLM,fus_GRS_early_rf,4,2,929,0.37031352773516524,0.6258823659394093,0.3683487638350079
LOG_HLM,fus_GRS_early_rf,4,3,929,0.4145819259223481,0.6495635955094305,0.35372080813638124
LOG_HLM,fus_GRS_early_rf,4,4,929,0.41395994738222663,0.6588364391700547,0.346832688889683
LOG_HLM,fus_GRS_late_attfp,0,0,929,0.4481667438857465,0.6728597970292794,0.3479977159886804
LOG_HLM,fus_GRS_late_attfp,0,1,929,0.4356057192800309,0.6625454642616926,0.35202362176135416
LOG_HLM,fus_GRS_late_attfp,0,2,929,0.4472644648950832,0.6705684663262044,0.3514360381854989
LOG_HLM,fus_GRS_late_attfp,0,3,929,0.4616262034939941,0.680228527292528,0.34303340431088064
LOG_HLM,fus_GRS_late_attfp,0,4,929,0.4065078951914043,0.6451029039435083,0.36762847862458964
LOG_HLM,fus_GRS_late_attfp,1,0,929,0.4468951096384438,0.6670563970149149,0.3552598328892785
LOG_HLM,fus_GRS_late_attfp,1,1,929,0.4574142034199722,0.6707070035339235,0.3466462567845008
LOG_HLM,fus_GRS_late_attfp,1,2,929,0.43850238232470884,0.6626636984718539,0.34851550898806316
LOG_HLM,fus_GRS_late_attfp,1,3,929,0.420797732281337,0.6549492958960269,0.3609762254932797
LOG_HLM,fus_GRS_late_attfp,1,4,929,0.45779092783782027,0.6751708764595977,0.349825791849477
LOG_HLM,fus_GRS_late_attfp,2,0,929,0.44612904555555666,0.6708310386005301,0.347702818579722
LOG_HLM,fus_GRS_late_attfp,2,1,929,0.4652769517932801,0.6779226311611435,0.34937049151311356
LOG_HLM,fus_GRS_late_attfp,2,2,929,0.45224919288810117,0.670175458302048,0.3448367280100027
LOG_HLM,fus_GRS_late_attfp,2,3,929,0.44864930685433857,0.6685701990627616,0.3479384858710107
LOG_HLM,fus_GRS_late_attfp,2,4,929,0.4581013818406279,0.6771029109220457,0.34941992737653665
LOG_HLM,fus_GRS_late_attfp,3,0,929,0.46276516405484047,0.6877296167721043,0.3458370546853997
LOG_HLM,fus_GRS_late_attfp,3,1,929,0.445140901035861,0.6688634473177516,0.34620014758554
LOG_HLM,fus_GRS_late_attfp,3,2,929,0.4435219872460415,0.6683592815208775,0.3483737553516039
LOG_HLM,fus_GRS_late_attfp,3,3,929,0.45589224054001154,0.6731789580249212,0.3508482643317786
LOG_HLM,fus_GRS_late_attfp,3,4,929,0.4643243503067218,0.6744937707317676,0.3413735456583718
LOG_HLM,fus_GRS_late_attfp,4,0,929,0.47706901506683264,0.6884339273018228,0.3389462280918991
LOG_HLM,fus_GRS_late_attfp,4,1,929,0.3998867806464207,0.6284530185101581,0.3704054413907205
LOG_HLM,fus_GRS_late_attfp,4,2,929,0.39609165987547834,0.631168297669345,0.3661272959567265
LOG_HLM,fus_GRS_late_attfp,4,3,929,0.4321798097915349,0.6584003954726904,0.35736189579110245
LOG_HLM,fus_GRS_late_attfp,4,4,929,0.4605425829097708,0.6764070207454654,0.34247362708663215
LOG_HLM,fus_GRS_late_lgbm,0,0,929,0.37627135484417684,0.6377813041311323,0.362556110910557
LOG_HLM,fus_GRS_late_lgbm,0,1,929,0.3404529054179388,0.6144176847823012,0.3669683201282948
LOG_HLM,fus_GRS_late_lgbm,0,2,929,0.41434259743762725,0.6589425154722491,0.34956483827099083
LOG_HLM,fus_GRS_late_lgbm,0,3,929,0.38266784060916725,0.6413671378703751,0.3592176798562698
LOG_HLM,fus_GRS_late_lgbm,0,4,929,0.3260771384771096,0.6033427509943589,0.375513816221397
LOG_HLM,fus_GRS_late_lgbm,1,0,929,0.3907408014936773,0.6439832559293374,0.35943848380631777
LOG_HLM,fus_GRS_late_lgbm,1,1,929,0.34316824818276026,0.6255138349849931,0.3720774810719528
LOG_HLM,fus_GRS_late_lgbm,1,2,929,0.3827592075163705,0.6360496409943199,0.3594143314888753
LOG_HLM,fus_GRS_late_lgbm,1,3,929,0.3406935257770555,0.6137395788269018,0.3709159079247035
LOG_HLM,fus_GRS_late_lgbm,1,4,929,0.3865237686115347,0.6416156358449516,0.356062348508175
LOG_HLM,fus_GRS_late_lgbm,2,0,929,0.3771679311998559,0.6340325972733435,0.36101974241058565
LOG_HLM,fus_GRS_late_lgbm,2,1,929,0.3985640297373131,0.6498542062510998,0.35580549900655606
LOG_HLM,fus_GRS_late_lgbm,2,2,929,0.3719048245100325,0.6298271497755654,0.3626118723320132
LOG_HLM,fus_GRS_late_lgbm,2,3,929,0.34348029538222735,0.6146242401260096,0.3705959157923048
LOG_HLM,fus_GRS_late_lgbm,2,4,929,0.3476926536598056,0.6224573154253329,0.3696507929838867
LOG_HLM,fus_GRS_late_lgbm,3,0,929,0.3723450842030983,0.636189526961849,0.3603399481067493
LOG_HLM,fus_GRS_late_lgbm,3,1,929,0.360702365191672,0.6267444258149324,0.36635194716938374
LOG_HLM,fus_GRS_late_lgbm,3,2,929,0.3404610098221291,0.6175042998336184,0.3680872236885249
LOG_HLM,fus_GRS_late_lgbm,3,3,929,0.37264383399062706,0.623767486388553,0.3612695372426315
LOG_HLM,fus_GRS_late_lgbm,3,4,929,0.40099141152693873,0.6350331972122639,0.35989474910866814
LOG_HLM,fus_GRS_late_lgbm,4,0,929,0.39040853051042845,0.6472329669897281,0.35651864412470413
LOG_HLM,fus_GRS_late_lgbm,4,1,929,0.3345301254542461,0.5990581356939121,0.3752688468234674
LOG_HLM,fus_GRS_late_lgbm,4,2,929,0.3138808898382961,0.5808045599731044,0.38209383886522746
LOG_HLM,fus_GRS_late_lgbm,4,3,929,0.3465839228159775,0.62143831720657,0.3700759085776196
LOG_HLM,fus_GRS_late_lgbm,4,4,929,0.3692378780539043,0.6364289865353301,0.3645053783815056
LOG_HLM,fus_GRS_late_rf,0,0,929,0.3697621541838638,0.6419462238667113,0.35737540342255375
LOG_HLM,fus_GRS_late_rf,0,1,929,0.3382453947671401,0.6219466284922975,0.3635915414669647
LOG_HLM,fus_GRS_late_rf,0,2,929,0.4086924378690968,0.66308593276448,0.3439146844848084
LOG_HLM,fus_GRS_late_rf,0,3,929,0.37270166037154284,0.6445039844027873,0.35653341476517986
LOG_HLM,fus_GRS_late_rf,0,4,929,0.2997595694482217,0.5978726594924907,0.37741262283274174
LOG_HLM,fus_GRS_late_rf,1,0,929,0.38278311555107036,0.643012032093716,0.3566698903427255
LOG_HLM,fus_GRS_late_rf,1,1,929,0.3438042567336037,0.6285701102167345,0.36596138604749784
LOG_HLM,fus_GRS_late_rf,1,2,929,0.3588284620631692,0.6315777608774746,0.3609887719526614
LOG_HLM,fus_GRS_late_rf,1,3,929,0.3273472688933041,0.6181102684599499,0.36791569828938536
LOG_HLM,fus_GRS_late_rf,1,4,929,0.3870714609697097,0.6488621624526631,0.35134735206787526
LOG_HLM,fus_GRS_late_rf,2,0,929,0.3702032523160479,0.636000964563859,0.35644063685109784
LOG_HLM,fus_GRS_late_rf,2,1,929,0.4051013625840997,0.6572321864035003,0.34868599427571073
LOG_HLM,fus_GRS_late_rf,2,2,929,0.36608813000477813,0.6342653338672426,0.359789528983368
LOG_HLM,fus_GRS_late_rf,2,3,929,0.33656198578581964,0.6193459769606611,0.367266305786864
LOG_HLM,fus_GRS_late_rf,2,4,929,0.347936860306965,0.6289258646151719,0.36576409036446755
LOG_HLM,fus_GRS_late_rf,3,0,929,0.3754040510564961,0.6454284342084453,0.35346922965549127
LOG_HLM,fus_GRS_late_rf,3,1,929,0.3545467242234105,0.6329240769202007,0.3619606897733252
LOG_HLM,fus_GRS_late_rf,3,2,929,0.3313576553505089,0.6227114759788175,0.3638665268253159
LOG_HLM,fus_GRS_late_rf,3,3,929,0.35990157447715665,0.6222617880129079,0.36009447318672994
LOG_HLM,fus_GRS_late_rf,3,4,929,0.37832577358457986,0.6345414493334995,0.3588446404668714
LOG_HLM,fus_GRS_late_rf,4,0,929,0.39680385641778815,0.6534469974853164,0.3486913841086353
LOG_HLM,fus_GRS_late_rf,4,1,929,0.317186119738348,0.5965843438934132,0.3744463997598508
LOG_HLM,fus_GRS_late_rf,4,2,929,0.2885597997856767,0.5763393319702373,0.3832983214686374
LOG_HLM,fus_GRS_late_rf,4,3,929,0.33305604407860046,0.6209601268771666,0.3700909092157983
LOG_HLM,fus_GRS_late_rf,4,4,929,0.36782982605620584,0.6403276277820562,0.35925422371911164
LOG_HLM,fus_GR_early_attfp,0,0,929,0.42557027264467495,0.6706278719555585,0.35646692615374087
LOG_HLM,fus_GR_early_attfp,0,1,929,0.42208552796017373,0.6683307783597584,0.35476204209605167
LOG_HLM,fus_GR_early_attfp,0,2,929,0.399766746477102,0.6555027006379882,0.36344849296153103
LOG_HLM,fus_GR_early_attfp,0,3,929,0.38259949156882433,0.6505822836060468,0.3601990834486216
LOG_HLM,fus_GR_early_attfp,0,4,929,0.41712729048971375,0.6686211324845195,0.3616427246044671
LOG_HLM,fus_GR_early_attfp,1,0,929,0.3954563347321942,0.6424818127741142,0.3636194849324898
LOG_HLM,fus_GR_early_attfp,1,1,929,0.3560368694217727,0.6328423458748663,0.3847274350875354
LOG_HLM,fus_GR_early_attfp,1,2,929,0.30269440460335584,0.5975156160597535,0.3979004585708889
LOG_HLM,fus_GR_early_attfp,1,3,929,0.405798334534373,0.6599361114745813,0.3632442182079796
LOG_HLM,fus_GR_early_attfp,1,4,929,0.27422307419304803,0.5728826284318118,0.4152107666479976
LOG_HLM,fus_GR_early_attfp,2,0,929,0.373136608605235,0.6414463523059177,0.36880373701478797
LOG_HLM,fus_GR_early_attfp,2,1,929,0.3293887995842387,0.6060571190218834,0.4004155757332032
LOG_HLM,fus_GR_early_attfp,2,2,929,0.4022539151366238,0.6526847193145624,0.3677454921257494
LOG_HLM,fus_GR_early_attfp,2,3,929,0.43213419529702246,0.6621772617323088,0.3529990316717383
LOG_HLM,fus_GR_early_attfp,2,4,929,0.39506772022242365,0.6578967080186906,0.3670375517974742
LOG_HLM,fus_GR_early_attfp,3,0,929,0.40392542769121187,0.660025508442886,0.37141743141101224
LOG_HLM,fus_GR_early_attfp,3,1,929,0.3456081380972036,0.6301510583483347,0.37036577957369404
LOG_HLM,fus_GR_early_attfp,3,2,929,0.3570973667881885,0.6340265937552333,0.3864878719808487
LOG_HLM,fus_GR_early_attfp,3,3,929,0.4200712635297117,0.6723365354811495,0.3551437258528299
LOG_HLM,fus_GR_early_attfp,3,4,929,0.33696761917020024,0.6152962964554426,0.3923195665842976
LOG_HLM,fus_GR_early_attfp,4,0,929,0.4659890398375647,0.6868516450007461,0.3442238916318262
LOG_HLM,fus_GR_early_attfp,4,1,929,0.27675561519846625,0.5963072915880414,0.425954850180756
LOG_HLM,fus_GR_early_attfp,4,2,929,0.4643507981172732,0.6910280718226257,0.3444025989204241
LOG_HLM,fus_GR_early_attfp,4,3,929,0.3634136356393006,0.639683347511246,0.3822554839242468
LOG_HLM,fus_GR_early_attfp,4,4,929,0.37602963555474544,0.6544876190947899,0.37243626865176893
LOG_HLM,fus_GR_early_lgbm,0,0,929,0.45320806698377714,0.6947141508789408,0.3448331248040821
LOG_HLM,fus_GR_early_lgbm,0,1,929,0.42471964231024495,0.6511173789946477,0.34984350044455126
LOG_HLM,fus_GR_early_lgbm,0,2,929,0.3610452073387893,0.6332252259162648,0.3650334388191637
LOG_HLM,fus_GR_early_lgbm,0,3,929,0.45576707688575013,0.6751070574558165,0.34054991540135515
LOG_HLM,fus_GR_early_lgbm,0,4,929,0.3511311250845639,0.6192154995444508,0.37676762429474225
LOG_HLM,fus_GR_early_lgbm,1,0,929,0.3897409637634631,0.6430404487288756,0.3647893414322492
LOG_HLM,fus_GR_early_lgbm,1,1,929,0.4671877003839595,0.6913418965307947,0.33655309839329123
LOG_HLM,fus_GR_early_lgbm,1,2,929,0.4521570998148178,0.6833184523169665,0.33938635258754063
LOG_HLM,fus_GR_early_lgbm,1,3,929,0.4287652457485869,0.6662324282417339,0.34805457553302527
LOG_HLM,fus_GR_early_lgbm,1,4,929,0.40163683535421746,0.6543073725385797,0.355775044563738
LOG_HLM,fus_GR_early_lgbm,2,0,929,0.3964005623325263,0.6569572259064295,0.355281260499839
LOG_HLM,fus_GR_early_lgbm,2,1,929,0.41625789398577306,0.6636257029955936,0.349180768732711
LOG_HLM,fus_GR_early_lgbm,2,2,929,0.3690607581701688,0.6333794922860311,0.3665401779698288
LOG_HLM,fus_GR_early_lgbm,2,3,929,0.36862897716970233,0.6383068219471815,0.3683632680599368
LOG_HLM,fus_GR_early_lgbm,2,4,929,0.42985223446400567,0.6648285149806413,0.35033311635860714
LOG_HLM,fus_GR_early_lgbm,3,0,929,0.43114459728812693,0.6634194728363404,0.3527944109393274
LOG_HLM,fus_GR_early_lgbm,3,1,929,0.41906341167197925,0.6703896271718398,0.353199394055988
LOG_HLM,fus_GR_early_lgbm,3,2,929,0.4337311627589908,0.678366592162364,0.34672722955298685
LOG_HLM,fus_GR_early_lgbm,3,3,929,0.42511634064836823,0.6598982846667918,0.3524366691612451
LOG_HLM,fus_GR_early_lgbm,3,4,929,0.45909536390719763,0.6801463042735845,0.3408883281443429
LOG_HLM,fus_GR_early_lgbm,4,0,929,0.44160989866944667,0.6729264934086393,0.34418334617810686
LOG_HLM,fus_GR_early_lgbm,4,1,929,0.3684681122177009,0.6191491999199136,0.37943424929825437
LOG_HLM,fus_GR_early_lgbm,4,2,929,0.4101123150718766,0.6477283962779821,0.36122088841232336
LOG_HLM,fus_GR_early_lgbm,4,3,929,0.411030606043713,0.6496262828638569,0.36025773041924763
LOG_HLM,fus_GR_early_lgbm,4,4,929,0.4170841946252538,0.6533910012202397,0.35411138947359616
LOG_HLM,fus_GR_early_rf,0,0,929,0.44814696430939394,0.6954168221387869,0.34108837281240345
LOG_HLM,fus_GR_early_rf,0,1,929,0.4181534733576918,0.6560377485795937,0.3478492402281156
LOG_HLM,fus_GR_early_rf,0,2,929,0.36074754377254314,0.6446165208959844,0.35979814550468553
LOG_HLM,fus_GR_early_rf,0,3,929,0.45328369649778777,0.6845539313613638,0.3369177986346609
LOG_HLM,fus_GR_early_rf,0,4,929,0.3519136088917144,0.6229023961303102,0.3710483394666944
LOG_HLM,fus_GR_early_rf,1,0,929,0.4011330475371818,0.6563125806808127,0.35528953508194727
LOG_HLM,fus_GR_early_rf,1,1,929,0.4590376511910622,0.6885668079152337,0.3353639790094202
LOG_HLM,fus_GR_early_rf,1,2,929,0.4484426372693865,0.6849940676458947,0.3374978643969275
LOG_HLM,fus_GR_early_rf,1,3,929,0.4132817433137893,0.6641929504263107,0.3474989235848732
LOG_HLM,fus_GR_early_rf,1,4,929,0.4038542343432415,0.6626350130848779,0.34948770483596997
LOG_HLM,fus_GR_early_rf,2,0,929,0.39408103914127723,0.6613955834472022,0.35114646533761373
LOG_HLM,fus_GR_early_rf,2,1,929,0.42036423884690555,0.6698964096271759,0.34303618650986917
LOG_HLM,fus_GR_early_rf,2,2,929,0.37141470421174716,0.6379648385837418,0.3621311583164719
LOG_HLM,fus_GR_early_rf,2,3,929,0.36710712842725135,0.6403566137066464,0.36400772463664205
LOG_HLM,fus_GR_early_rf,2,4,929,0.4323279379898185,0.6744608435245374,0.3447603961069492
LOG_HLM,fus_GR_early_rf,3,0,929,0.43266870239404565,0.6669907345420384,0.34579236103519695
LOG_HLM,fus_GR_early_rf,3,1,929,0.4082573868400555,0.6693056208639281,0.3507899714350487
LOG_HLM,fus_GR_early_rf,3,2,929,0.4214906056924166,0.6758206875337411,0.3445423337770334
LOG_HLM,fus_GR_early_rf,3,3,929,0.4258610272245891,0.6701047343986966,0.3458056880610823
LOG_HLM,fus_GR_early_rf,3,4,929,0.45134432535466384,0.6811658439547952,0.3375786611808261
LOG_HLM,fus_GR_early_rf,4,0,929,0.4383509749320025,0.6776153553453877,0.3402512213633998
LOG_HLM,fus_GR_early_rf,4,1,929,0.346980747200631,0.6057840026927803,0.37762917222387127
LOG_HLM,fus_GR_early_rf,4,2,929,0.39976608919408274,0.6477804927212899,0.35817633685282857
LOG_HLM,fus_GR_early_rf,4,3,929,0.40768764719690287,0.6542870592092012,0.35750832339841554
LOG_HLM,fus_GR_early_rf,4,4,929,0.4212341138939486,0.6623364536821081,0.3472569517577109
LOG_HLM,fus_GR_late_attfp,0,0,929,0.4676412852955105,0.6902795791153494,0.3384079658498838
LOG_HLM,fus_GR_late_attfp,0,1,929,0.44842283281350404,0.6765926253734769,0.3451960280245752
LOG_HLM,fus_GR_late_attfp,0,2,929,0.44819608947068956,0.6755894948093946,0.3526253021969207
LOG_HLM,fus_GR_late_attfp,0,3,929,0.4694842099613282,0.6894425550125888,0.3486826726980482
LOG_HLM,fus_GR_late_attfp,0,4,929,0.4364567012833912,0.6664451659343593,0.3522316182061577
LOG_HLM,fus_GR_late_attfp,1,0,929,0.459722076164941,0.6778470529869883,0.3485726076551198
LOG_HLM,fus_GR_late_attfp,1,1,929,0.46788328253284406,0.6819574457139684,0.3398274445193813
LOG_HLM,fus_GR_late_attfp,1,2,929,0.4656417074052984,0.6869953073106911,0.33840953214305036
LOG_HLM,fus_GR_late_attfp,1,3,929,0.44012210222610126,0.6662935692068945,0.35192178368917565
LOG_HLM,fus_GR_late_attfp,1,4,929,0.4621119645822652,0.6810801952532939,0.34867557056161436
LOG_HLM,fus_GR_late_attfp,2,0,929,0.44242330317740963,0.6692812532439364,0.34699404505336695
LOG_HLM,fus_GR_late_attfp,2,1,929,0.4724914201807944,0.6844302126285781,0.34156678941386326
LOG_HLM,fus_GR_late_attfp,2,2,929,0.4450949901322483,0.6661889336013055,0.3474060537264035
LOG_HLM,fus_GR_late_attfp,2,3,929,0.44897114320404596,0.6715918163676601,0.3510689745004077
LOG_HLM,fus_GR_late_attfp,2,4,929,0.4572072033554413,0.6779430278083223,0.349230001735236
LOG_HLM,fus_GR_late_attfp,3,0,929,0.4691164142668318,0.6925791023892417,0.34427668559754193
LOG_HLM,fus_GR_late_attfp,3,1,929,0.45798518832724666,0.679105337714471,0.3410859931826133
LOG_HLM,fus_GR_late_attfp,3,2,929,0.4472947303161252,0.6756475717085421,0.3469899184149405
LOG_HLM,fus_GR_late_attfp,3,3,929,0.46299824146804747,0.6806992976558783,0.34838703491383605
LOG_HLM,fus_GR_late_attfp,3,4,929,0.4627777462223853,0.6852831435300986,0.33998528623670493
LOG_HLM,fus_GR_late_attfp,4,0,929,0.48404748686969334,0.6946189006678224,0.336061602407038
LOG_HLM,fus_GR_late_attfp,4,1,929,0.40840920221327104,0.6370515277945261,0.36707212941784617
LOG_HLM,fus_GR_late_attfp,4,2,929,0.41589811652972597,0.6472572767296242,0.36184652452873034
LOG_HLM,fus_GR_late_attfp,4,3,929,0.4378081570154704,0.6687233308192725,0.3501344468956895
LOG_HLM,fus_GR_late_attfp,4,4,929,0.46450666241222827,0.6778729670223903,0.3425725354251788
LOG_HLM,fus_GR_late_lgbm,0,0,929,0.3747613644695552,0.6359072135912341,0.362597628073251
LOG_HLM,fus_GR_late_lgbm,0,1,929,0.34066342225158774,0.6204198888851399,0.36732898677035475
LOG_HLM,fus_GR_late_lgbm,0,2,929,0.41183210254419733,0.6585904552990265,0.3499969012233113
LOG_HLM,fus_GR_late_lgbm,0,3,929,0.38076424759342764,0.6395369013176643,0.3600638402960826
LOG_HLM,fus_GR_late_lgbm,0,4,929,0.3237735794691987,0.6009681023904719,0.3762433158235036
LOG_HLM,fus_GR_late_lgbm,1,0,929,0.38637962524940095,0.642144141370761,0.36057642821235364
LOG_HLM,fus_GR_late_lgbm,1,1,929,0.3436811641260401,0.6260431568979459,0.3718007689496865
LOG_HLM,fus_GR_late_lgbm,1,2,929,0.37370121912581955,0.6285689294017852,0.36121798457827864
LOG_HLM,fus_GR_late_lgbm,1,3,929,0.3402493269732463,0.6112575196991611,0.370819666713733
LOG_HLM,fus_GR_late_lgbm,1,4,929,0.3822870899947435,0.6383022609637748,0.35675997618940314
LOG_HLM,fus_GR_late_lgbm,2,0,929,0.3784425684808713,0.6341586272734314,0.3604530342592584
LOG_HLM,fus_GR_late_lgbm,2,1,929,0.40198600370776616,0.6529536794295142,0.35432059335881255
LOG_HLM,fus_GR_late_lgbm,2,2,929,0.3758471682392516,0.6370303808188452,0.36138540818891557
LOG_HLM,fus_GR_late_lgbm,2,3,929,0.341710457641042,0.613285972969747,0.3710025429119563
LOG_HLM,fus_GR_late_lgbm,2,4,929,0.35085335814594476,0.6204815532933133,0.36850810915709575
LOG_HLM,fus_GR_late_lgbm,3,0,929,0.37487338899579703,0.6422517395683244,0.35949200817504257
LOG_HLM,fus_GR_late_lgbm,3,1,929,0.35940961226813484,0.6280715708920733,0.36649516080894157
LOG_HLM,fus_GR_late_lgbm,3,2,929,0.33971724901968947,0.6148755657295258,0.3680261605571342
LOG_HLM,fus_GR_late_lgbm,3,3,929,0.37071435388762175,0.6206348634669492,0.36240225162814044
LOG_HLM,fus_GR_late_lgbm,3,4,929,0.36027252165229695,0.6270612723042408,0.3648273605346917
LOG_HLM,fus_GR_late_lgbm,4,0,929,0.39369542014568193,0.6521166149777265,0.3555933436996084
LOG_HLM,fus_GR_late_lgbm,4,1,929,0.33451741176840766,0.5992687038201879,0.37527119577950807
LOG_HLM,fus_GR_late_lgbm,4,2,929,0.3131288976953157,0.5805194948421577,0.3821952144294942
LOG_HLM,fus_GR_late_lgbm,4,3,929,0.3465808686154618,0.6214102524527979,0.37008617692120244
LOG_HLM,fus_GR_late_lgbm,4,4,929,0.371635252415805,0.639818774367595,0.3633645429391891
LOG_HLM,fus_GR_late_rf,0,0,929,0.3504042457530221,0.6263376914928628,0.3623181673589836
LOG_HLM,fus_GR_late_rf,0,1,929,0.3194755284811718,0.6101756381444223,0.3671479390877693
LOG_HLM,fus_GR_late_rf,0,2,929,0.397777934683629,0.6599338508741281,0.34804896170019256
LOG_HLM,fus_GR_late_rf,0,3,929,0.3418298554546131,0.6275851745198652,0.36310188605600563
LOG_HLM,fus_GR_late_rf,0,4,929,0.28125384631186323,0.5891112276306542,0.38231718161136896
LOG_HLM,fus_GR_late_rf,1,0,929,0.3643154903193502,0.6368166350932277,0.3611770706913474
LOG_HLM,fus_GR_late_rf,1,1,929,0.3169879115178621,0.6128482268854409,0.37237252066006354
LOG_HLM,fus_GR_late_rf,1,2,929,0.3287883403185833,0.621555607506209,0.3678434077916439
LOG_HLM,fus_GR_late_rf,1,3,929,0.30711782499974505,0.6059195082456884,0.3727355167719548
LOG_HLM,fus_GR_late_rf,1,4,929,0.35702907513743565,0.636872677564146,0.35755914921761023
LOG_HLM,fus_GR_late_rf,2,0,929,0.36196486318196486,0.6310635624529406,0.35786550401137346
LOG_HLM,fus_GR_late_rf,2,1,929,0.3843872590585474,0.6475322224978385,0.35372524071389244
LOG_HLM,fus_GR_late_rf,2,2,929,0.357798443528609,0.6338300907764768,0.3610673169481905
LOG_HLM,fus_GR_late_rf,2,3,929,0.3175147111892931,0.6063149512250614,0.3713416104323216
LOG_HLM,fus_GR_late_rf,2,4,929,0.3276863325011531,0.6194599010271139,0.3708932056657253
LOG_HLM,fus_GR_late_rf,3,0,929,0.3561521980315884,0.6387303152552483,0.35848811438472344
LOG_HLM,fus_GR_late_rf,3,1,929,0.3275879190792972,0.616043700665898,0.36870480603813627
LOG_HLM,fus_GR_late_rf,3,2,929,0.3067077272463802,0.6097173583471076,0.3705747986053151
LOG_HLM,fus_GR_late_rf,3,3,929,0.3320078199758554,0.6088954050468461,0.36803022098556853
LOG_HLM,fus_GR_late_rf,3,4,929,0.33234001932762447,0.6202785965495886,0.3660888659728456
LOG_HLM,fus_GR_late_rf,4,0,929,0.3795075785237805,0.6473348663369471,0.35299863509632895
LOG_HLM,fus_GR_late_rf,4,1,929,0.3009848353124285,0.588455614844411,0.37922694285638475
LOG_HLM,fus_GR_late_rf,4,2,929,0.26367289622563994,0.5588410139798546,0.38974339534211355
LOG_HLM,fus_GR_late_rf,4,3,929,0.3081358199664669,0.6113243657601005,0.37655627617939347
LOG_HLM,fus_GR_late_rf,4,4,929,0.35080412255333226,0.6356099420164038,0.3624366330668035
LOG_HLM,lgbm,0,0,929,0.34038072475570913,0.5818840770495379,0.39107797319372795
LOG_HLM,lgbm,0,1,929,0.31582314184238536,0.5746397792208301,0.39995107672592
LOG_HLM,lgbm,0,2,929,0.3107684209027737,0.5597881137290004,0.39891826751088
LOG_HLM,lgbm,0,3,929,0.3475929097938073,0.5869753308223367,0.3914808438954369
LOG_HLM,lgbm,0,4,929,0.3270025219940246,0.5742081241295199,0.3914259581454208
LOG_HLM,lgbm,1,0,929,0.33626150428882995,0.5784468743588671,0.394662260638256
LOG_HLM,lgbm,1,1,929,0.33499500857872877,0.5788690287629829,0.39057044894618137
LOG_HLM,lgbm,1,2,929,0.3542791758041608,0.5896957274910051,0.38618860521639314
LOG_HLM,lgbm,1,3,929,0.3136485101657229,0.5663089900912457,0.39571044538772676
LOG_HLM,lgbm,1,4,929,0.29959198727603265,0.5649854836924757,0.4044893440245689
LOG_HLM,lgbm,2,0,929,0.3060685812126084,0.5648544101521459,0.4012756717427024
LOG_HLM,lgbm,2,1,929,0.3154787369896037,0.5669920105666815,0.39678969584822443
LOG_HLM,lgbm,2,2,929,0.32331692828197545,0.5545593857326478,0.3925938174621629
LOG_HLM,lgbm,2,3,929,0.31761847265344145,0.5748158625478178,0.40130003166942063
LOG_HLM,lgbm,2,4,929,0.3476716870258443,0.5871283701711687,0.38763720977501803
LOG_HLM,lgbm,3,0,929,0.3131684522741732,0.5619099895706332,0.39797125788185966
LOG_HLM,lgbm,3,1,929,0.32815026602645103,0.571132736306094,0.39284685269994657
LOG_HLM,lgbm,3,2,929,0.3346502708491693,0.5760639805910336,0.39316269852114255
LOG_HLM,lgbm,3,3,929,0.3275074759165787,0.5762729632779383,0.39508986037792787
LOG_HLM,lgbm,3,4,929,0.33892458741750076,0.5877404288608243,0.3929582750523334
LOG_HLM,lgbm,4,0,929,0.30930034789948624,0.561058136838766,0.3958280101173825
LOG_HLM,lgbm,4,1,929,0.3442382539116402,0.5876178591938171,0.38853702128131545
LOG_HLM,lgbm,4,2,929,0.3110160777782308,0.5658384221867401,0.4030581106843722
LOG_HLM,lgbm,4,3,929,0.33935178645189734,0.5812500069949158,0.39067912601926624
LOG_HLM,lgbm,4,4,929,0.30978188920962135,0.5619182732543787,0.3989683696699278
LOG_HLM,uni_G_attfp,0,0,929,0.4360865630684092,0.692327896452741,0.34356988079613443
LOG_HLM,uni_G_attfp,0,1,929,0.42532928363400513,0.6530270105169238,0.35403746674068626
LOG_HLM,uni_G_attfp,0,2,929,0.36254146778940133,0.63726667578959,0.36512558940589696
LOG_HLM,uni_G_attfp,0,3,929,0.4447125569581152,0.6790615123958831,0.34506778827242196
LOG_HLM,uni_G_attfp,0,4,929,0.33000007799037023,0.6168627934416641,0.378139341490245
LOG_HLM,uni_G_attfp,1,0,929,0.4093515618895166,0.6543534629003807,0.3586724522296605
LOG_HLM,uni_G_attfp,1,1,929,0.45439779801407343,0.6899606231237968,0.3395039368509001
LOG_HLM,uni_G_attfp,1,2,929,0.4122220718602716,0.6805636153199174,0.3469918345176995
LOG_HLM,uni_G_attfp,1,3,929,0.39477448968257156,0.6457562519752432,0.3645573624282815
LOG_HLM,uni_G_attfp,1,4,929,0.39975985285032367,0.6490694369491985,0.3545150264344112
LOG_HLM,uni_G_attfp,2,0,929,0.39192830932524303,0.6538494413656432,0.35937776563146323
LOG_HLM,uni_G_attfp,2,1,929,0.4114470329050941,0.6589286302681653,0.3507323295850299
LOG_HLM,uni_G_attfp,2,2,929,0.37875282621091466,0.6294162022066012,0.36489671777729216
LOG_HLM,uni_G_attfp,2,3,929,0.370537935448333,0.6408765776078104,0.37261909767562557
LOG_HLM,uni_G_attfp,2,4,929,0.44235871615388356,0.6706139164920165,0.3515946445217212
LOG_HLM,uni_G_attfp,3,0,929,0.4253533667614967,0.6609630984404313,0.35529837694293886
LOG_HLM,uni_G_attfp,3,1,929,0.4142545268566472,0.6666680129718777,0.35439717234029694
LOG_HLM,uni_G_attfp,3,2,929,0.39861671497748796,0.6652496428290955,0.3556010527513267
LOG_HLM,uni_G_attfp,3,3,929,0.42716068934004225,0.6654863921809477,0.3511994170194092
LOG_HLM,uni_G_attfp,3,4,929,0.46055404275367384,0.67852169866575,0.3431757901206169
LOG_HLM,uni_G_attfp,4,0,929,0.44927282965388293,0.679348252374482,0.3408568730591146
LOG_HLM,uni_G_attfp,4,1,929,0.3200085170935637,0.5977406877712751,0.4049150502816332
LOG_HLM,uni_G_attfp,4,2,929,0.3858714975495866,0.6387671842373763,0.363267936989472
LOG_HLM,uni_G_attfp,4,3,929,0.4012744709938685,0.6506432533406727,0.3691485265736911
LOG_HLM,uni_G_attfp,4,4,929,0.4370906547824367,0.6603332423587503,0.3457965695986182
LOG_HLM,uni_G_lgbm,0,0,929,0.4496689056905504,0.6922393913092448,0.34546162544962106
LOG_HLM,uni_G_lgbm,0,1,929,0.42089180500950174,0.6495672524491956,0.3510591542511862
LOG_HLM,uni_G_lgbm,0,2,929,0.35850866755653354,0.633085248383871,0.3655911429687357
LOG_HLM,uni_G_lgbm,0,3,929,0.4517081001127159,0.6741844391186446,0.3411204457704587
LOG_HLM,uni_G_lgbm,0,4,929,0.34743077883173656,0.6198254786166173,0.3771833729877719
LOG_HLM,uni_G_lgbm,1,0,929,0.3884966603473733,0.6423608571582335,0.36506484045936005
LOG_HLM,uni_G_lgbm,1,1,929,0.46423717116677343,0.6880691000542539,0.3380278145943233
LOG_HLM,uni_G_lgbm,1,2,929,0.45010921445739893,0.6820272247661044,0.3401669067066752
LOG_HLM,uni_G_lgbm,1,3,929,0.4262367097302656,0.6679900784604311,0.34851734645875465
LOG_HLM,uni_G_lgbm,1,4,929,0.40056734251158577,0.6557525429997053,0.3547738164457143
LOG_HLM,uni_G_lgbm,2,0,929,0.39543953994284076,0.6563905581956265,0.3552586897296418
LOG_HLM,uni_G_lgbm,2,1,929,0.41613542055621466,0.6631103490828348,0.34892514475880776
LOG_HLM,uni_G_lgbm,2,2,929,0.36973836523327874,0.6333438899949944,0.36628541382113383
LOG_HLM,uni_G_lgbm,2,3,929,0.3637102405161171,0.6348060092750518,0.36985176930626745
LOG_HLM,uni_G_lgbm,2,4,929,0.4289767446132918,0.6653834629981819,0.3501006948267181
LOG_HLM,uni_G_lgbm,3,0,929,0.4282631755256411,0.6610619543702,0.35295994870280145
LOG_HLM,uni_G_lgbm,3,1,929,0.4166719089615405,0.6686285997887442,0.3535129518764562
LOG_HLM,uni_G_lgbm,3,2,929,0.4296239908461662,0.6771055026309102,0.3476642785898065
LOG_HLM,uni_G_lgbm,3,3,929,0.4211535199947489,0.6586950608160397,0.3531713339732946
LOG_HLM,uni_G_lgbm,3,4,929,0.45495894942052606,0.6766562461950502,0.3421948694194649
LOG_HLM,uni_G_lgbm,4,0,929,0.44180894764527456,0.6733915273376507,0.34396324159160424
LOG_HLM,uni_G_lgbm,4,1,929,0.35796895318010125,0.6135719873881182,0.3791598206801824
LOG_HLM,uni_G_lgbm,4,2,929,0.397345436146343,0.6387919908942955,0.3646241687756236
LOG_HLM,uni_G_lgbm,4,3,929,0.4077258589802758,0.6487453385752393,0.36002290383802066
LOG_HLM,uni_G_lgbm,4,4,929,0.4176119507644416,0.6535734741616853,0.35375127730469635
LOG_HLM,uni_G_rf,0,0,929,0.4428070378469743,0.6948307444335866,0.3406176549979555
LOG_HLM,uni_G_rf,0,1,929,0.4136059615152683,0.6509613833555662,0.34921740841279786
LOG_HLM,uni_G_rf,0,2,929,0.35683861580963805,0.6430397148506584,0.36013560552523166
LOG_HLM,uni_G_rf,0,3,929,0.447702601756525,0.6816625536641843,0.3373004325218315
LOG_HLM,uni_G_rf,0,4,929,0.3424330325445579,0.6183363675258803,0.3728591544132336
LOG_HLM,uni_G_rf,1,0,929,0.40106920890924425,0.656543406374769,0.35494193413300634
LOG_HLM,uni_G_rf,1,1,929,0.46048784395073217,0.6906405279373159,0.33435708473825604
LOG_HLM,uni_G_rf,1,2,929,0.444646362753058,0.6834949951874136,0.33735682539580414
LOG_HLM,uni_G_rf,1,3,929,0.41471687703848237,0.6650523035170723,0.3475445406343534
LOG_HLM,uni_G_rf,1,4,929,0.39896015401557994,0.6577237366685933,0.35014484619712277
LOG_HLM,uni_G_rf,2,0,929,0.39293433740960426,0.6613851555800813,0.3508622174469978
LOG_HLM,uni_G_rf,2,1,929,0.4171640229736774,0.6707763119439131,0.3434092165316756
LOG_HLM,uni_G_rf,2,2,929,0.3732113884173355,0.6412075662978797,0.36014077276658846
LOG_HLM,uni_G_rf,2,3,929,0.36197791482333985,0.6374534547695624,0.3656896014439725
LOG_HLM,uni_G_rf,2,4,929,0.42766418066738476,0.6743178918603079,0.3447716816512645
LOG_HLM,uni_G_rf,3,0,929,0.4264795007368687,0.6643527937441432,0.3473511918341379
LOG_HLM,uni_G_rf,3,1,929,0.4042027636753135,0.6662669229607516,0.3510200760885048
LOG_HLM,uni_G_rf,3,2,929,0.4168216967656463,0.6752662785257565,0.3454691033615015
LOG_HLM,uni_G_rf,3,3,929,0.4229060989289223,0.6684401792607766,0.34630543230544286
LOG_HLM,uni_G_rf,3,4,929,0.4526600134607388,0.6835964164126552,0.3362011560299425
LOG_HLM,uni_G_rf,4,0,929,0.4364629626049161,0.6792649590105707,0.3404607583268547
LOG_HLM,uni_G_rf,4,1,929,0.3419666746759221,0.6016413290799444,0.3797039961664245
LOG_HLM,uni_G_rf,4,2,929,0.3937243550586127,0.6456875290147268,0.3601197585143628
LOG_HLM,uni_G_rf,4,3,929,0.40634503983345405,0.6535898391608616,0.3572258152435615
LOG_HLM,uni_G_rf,4,4,929,0.41219356496822723,0.6584348332227187,0.3493513340547946
LOG_HLM,uni_M_lgbm,0,0,929,0.3081672940561626,0.5503928260041371,0.4029025608492674
LOG_HLM,uni_M_lgbm,0,1,929,0.2929030013170878,0.547066087957178,0.40992627014861965
LOG_HLM,uni_M_lgbm,0,2,929,0.3025640955552925,0.5529734934235847,0.3975009274566031
LOG_HLM,uni_M_lgbm,0,3,929,0.30264670086850753,0.5496471198283421,0.4023580494289875
LOG_HLM,uni_M_lgbm,0,4,929,0.30901191451533794,0.55540024073474,0.39947230665104716
LOG_HLM,uni_M_lgbm,1,0,929,0.2961760865450269,0.5361071994734417,0.40509093806846064
LOG_HLM,uni_M_lgbm,1,1,929,0.2988698878331131,0.5520036494421077,0.40341641744259077
LOG_HLM,uni_M_lgbm,1,2,929,0.278747906383748,0.5362606867953205,0.4090393399724071
LOG_HLM,uni_M_lgbm,1,3,929,0.30932071769906067,0.5457732714201352,0.39922898003751195
LOG_HLM,uni_M_lgbm,1,4,929,0.2719269037845118,0.5204400731546744,0.4097928736563056
LOG_HLM,uni_M_lgbm,2,0,929,0.28235923451679734,0.535641878151584,0.4090357512357185
LOG_HLM,uni_M_lgbm,2,1,929,0.28510089031561603,0.5292330402724045,0.40580621368519765
LOG_HLM,uni_M_lgbm,2,2,929,0.32072624568013897,0.5615926854072141,0.3980936314145161
LOG_HLM,uni_M_lgbm,2,3,929,0.3034512685553522,0.5532184505335751,0.4026759224865823
LOG_HLM,uni_M_lgbm,2,4,929,0.2951115082488749,0.5524213262947695,0.40648587344133413
LOG_HLM,uni_M_lgbm,3,0,929,0.2882349613158225,0.5406101143226572,0.41224258369914046
LOG_HLM,uni_M_lgbm,3,1,929,0.30786434158292963,0.5509615605005673,0.40260089755988143
LOG_HLM,uni_M_lgbm,3,2,929,0.2949094878608528,0.5446863321392261,0.4069983903274346
LOG_HLM,uni_M_lgbm,3,3,929,0.3016807489321466,0.5448454456844795,0.4017315337525808
LOG_HLM,uni_M_lgbm,3,4,929,0.30527784187950835,0.5501838660939007,0.39930504159881536
LOG_HLM,uni_M_lgbm,4,0,929,0.2999124571945134,0.5490291008299917,0.4039265476018533
LOG_HLM,uni_M_lgbm,4,1,929,0.3038325369216509,0.5490416516359805,0.4017147220217363
LOG_HLM,uni_M_lgbm,4,2,929,0.29561480130132134,0.5486721811155775,0.40595372588739437
LOG_HLM,uni_M_lgbm,4,3,929,0.26802925108175124,0.5182413890978985,0.4107730821922176
LOG_HLM,uni_M_lgbm,4,4,929,0.29985630648579653,0.5521180569101298,0.4015790112634428
LOG_HLM,uni_M_rf,0,0,929,0.2863333994849505,0.5319154428699799,0.4178832123637072
LOG_HLM,uni_M_rf,0,1,929,0.27649020082929254,0.5326000426412989,0.421826234387943
LOG_HLM,uni_M_rf,0,2,929,0.2633903770445267,0.5106862898281964,0.4199721159733439
LOG_HLM,uni_M_rf,0,3,929,0.25599703150620234,0.5121967903384407,0.4223049207091943
LOG_HLM,uni_M_rf,0,4,929,0.26319435752333686,0.5067436056020248,0.4201357486200267
LOG_HLM,uni_M_rf,1,0,929,0.2628835501320643,0.5142701105974654,0.4224721483839189
LOG_HLM,uni_M_rf,1,1,929,0.2675000624497713,0.5189325565928595,0.42059792719671585
LOG_HLM,uni_M_rf,1,2,929,0.2706056152390498,0.5206919396617914,0.41962124585637045
LOG_HLM,uni_M_rf,1,3,929,0.27802996900586907,0.5275390686938505,0.418369283925678
LOG_HLM,uni_M_rf,1,4,929,0.26705575963258044,0.5055223430853326,0.41949455229254645
LOG_HLM,uni_M_rf,2,0,929,0.2620398645035522,0.5133688366879097,0.4250472111803452
LOG_HLM,uni_M_rf,2,1,929,0.2614533628517688,0.5024166374117208,0.41947616979597135
LOG_HLM,uni_M_rf,2,2,929,0.2774775993162927,0.5231491186912791,0.41832924774714014
LOG_HLM,uni_M_rf,2,3,929,0.26676798901786936,0.5184581771272968,0.4192635186896688
LOG_HLM,uni_M_rf,2,4,929,0.2747941588309918,0.5232053733322785,0.4156430015280551
LOG_HLM,uni_M_rf,3,0,929,0.272074963225858,0.5270542112414367,0.4225805834981932
LOG_HLM,uni_M_rf,3,1,929,0.27442011644980024,0.5232398671687016,0.41946859122299673
LOG_HLM,uni_M_rf,3,2,929,0.2652924414236256,0.5096224400820801,0.4196611723876793
LOG_HLM,uni_M_rf,3,3,929,0.2630514554757364,0.5081862421655486,0.4216029285769643
LOG_HLM,uni_M_rf,3,4,929,0.2695261534916019,0.5205438052244994,0.41843047576577036
LOG_HLM,uni_M_rf,4,0,929,0.26538011026879493,0.516511473468799,0.42028233601970466
LOG_HLM,uni_M_rf,4,1,929,0.2617959569487023,0.5026426885889149,0.41980925729779855
LOG_HLM,uni_M_rf,4,2,929,0.2735410667073547,0.5233824437173162,0.4193805944820334
LOG_HLM,uni_M_rf,4,3,929,0.26994488235316205,0.5128687330053533,0.4195595412242454
LOG_HLM,uni_M_rf,4,4,929,0.2758462710636622,0.5267705918785149,0.4193738064543961
LOG_HLM,uni_R_lgbm,0,0,929,0.3940996692287775,0.6293387956223875,0.3676620965712685
LOG_HLM,uni_R_lgbm,0,1,929,0.36754527827363204,0.6157108071307149,0.3710388219935428
LOG_HLM,uni_R_lgbm,0,2,929,0.38556332014326167,0.6259143693555298,0.3703003609554025
LOG_HLM,uni_R_lgbm,0,3,929,0.4032808322137511,0.6371681599356955,0.36386251641815415
LOG_HLM,uni_R_lgbm,0,4,929,0.37972837351424493,0.6209406512604412,0.37026061357613466
LOG_HLM,uni_R_lgbm,1,0,929,0.3935767758485449,0.62630016427285,0.3682826959165381
LOG_HLM,uni_R_lgbm,1,1,929,0.3796260335927263,0.6219047247491913,0.37164062690190075
LOG_HLM,uni_R_lgbm,1,2,929,0.41026165052386043,0.642045966488095,0.3632064497301278
LOG_HLM,uni_R_lgbm,1,3,929,0.38079296611877955,0.6196536659604942,0.3695015896359319
LOG_HLM,uni_R_lgbm,1,4,929,0.40376153606662035,0.6381094475995873,0.3616520879558271
LOG_HLM,uni_R_lgbm,2,0,929,0.3918177878706508,0.6248658341820997,0.36843699871963054
LOG_HLM,uni_R_lgbm,2,1,929,0.386949395935678,0.6287075045120833,0.37109101263865557
LOG_HLM,uni_R_lgbm,2,2,929,0.3864018761121415,0.6215396504303512,0.36879858736833065
LOG_HLM,uni_R_lgbm,2,3,929,0.3897807735263036,0.6257737616701764,0.3681163488701659
LOG_HLM,uni_R_lgbm,2,4,929,0.38409079479667496,0.6247340089601102,0.37062946300719335
LOG_HLM,uni_R_lgbm,3,0,929,0.39541551480096393,0.6402271929884633,0.36547036077730166
LOG_HLM,uni_R_lgbm,3,1,929,0.3938306131924134,0.62634160546981,0.3676763384378332
LOG_HLM,uni_R_lgbm,3,2,929,0.37312553314750374,0.6167446047879669,0.3703274227077748
LOG_HLM,uni_R_lgbm,3,3,929,0.39913013703701017,0.635670612658084,0.36547343104048335
LOG_HLM,uni_R_lgbm,3,4,929,0.3961233311913114,0.6320446142225027,0.3659667870469249
LOG_HLM,uni_R_lgbm,4,0,929,0.40218130742242175,0.6373569003669947,0.3640670650183227
LOG_HLM,uni_R_lgbm,4,1,929,0.38435316809176046,0.617224215650622,0.3709223338807348
LOG_HLM,uni_R_lgbm,4,2,929,0.36682234155082194,0.6032795717688402,0.3756293961712866
LOG_HLM,uni_R_lgbm,4,3,929,0.3934110261932676,0.6372850730083942,0.3671565030779773
LOG_HLM,uni_R_lgbm,4,4,929,0.3919639578044387,0.6258828518750277,0.3686749648406206
LOG_HLM,uni_R_rf,0,0,929,0.36321666366974514,0.6059367132869272,0.38450324696088517
LOG_HLM,uni_R_rf,0,1,929,0.34359467611282934,0.5859486096025279,0.3895155241576003
LOG_HLM,uni_R_rf,0,2,929,0.3609528343354196,0.5969539655977668,0.3833851085393962
LOG_HLM,uni_R_rf,0,3,929,0.34838055579229454,0.5932413415454549,0.38849214261575876
LOG_HLM,uni_R_rf,0,4,929,0.3552113543737695,0.5939332151604391,0.3870222522559955
LOG_HLM,uni_R_rf,1,0,929,0.34594570392706847,0.5889825714144821,0.39033488008747474
LOG_HLM,uni_R_rf,1,1,929,0.35588845472240593,0.5936507347112454,0.38809441669476485
LOG_HLM,uni_R_rf,1,2,929,0.354572599482057,0.5946522328353595,0.38554748533294925
LOG_HLM,uni_R_rf,1,3,929,0.3530594621703286,0.5941181819979514,0.3854381301857516
LOG_HLM,uni_R_rf,1,4,929,0.3591475583039193,0.5980986932454158,0.38540415939371175
LOG_HLM,uni_R_rf,2,0,929,0.3567144213433284,0.5983940889522181,0.3858875193944751
LOG_HLM,uni_R_rf,2,1,929,0.3590233050304561,0.5944877056647978,0.38696221065552283
LOG_HLM,uni_R_rf,2,2,929,0.3527267482778307,0.5947050099991684,0.38672196161616956
LOG_HLM,uni_R_rf,2,3,929,0.3405572221315126,0.5878153160952722,0.3910289447235422
LOG_HLM,uni_R_rf,2,4,929,0.351553691200327,0.5907226537149026,0.3857376031836489
LOG_HLM,uni_R_rf,3,0,929,0.33474138279059884,0.5886722559656448,0.3917392334357667
LOG_HLM,uni_R_rf,3,1,929,0.36121044285093695,0.5939164959380672,0.38569110725166206
LOG_HLM,uni_R_rf,3,2,929,0.3545814337334967,0.5956521896324338,0.38669398725735016
LOG_HLM,uni_R_rf,3,3,929,0.350798161356502,0.5903517709468734,0.38899673006584223
LOG_HLM,uni_R_rf,3,4,929,0.35510427159820024,0.595289582955406,0.38630967494774743
LOG_HLM,uni_R_rf,4,0,929,0.35993814789422474,0.599752992723694,0.3870388677133153
LOG_HLM,uni_R_rf,4,1,929,0.363439407602937,0.5985416387471106,0.3841423145483924
LOG_HLM,uni_R_rf,4,2,929,0.34305800710460765,0.5847082665292074,0.38918798481938627
LOG_HLM,uni_R_rf,4,3,929,0.3499983040165142,0.5941915127198714,0.3882602942027492
LOG_HLM,uni_R_rf,4,4,929,0.34496094714576864,0.588409091457284,0.3884523791999335
LOG_HLM,uni_S_lgbm,0,0,929,0.23005141960163855,0.5361232161514052,0.4125730238073667
LOG_HLM,uni_S_lgbm,0,1,929,0.22753578416842524,0.53036276069732,0.420570230973736
LOG_HLM,uni_S_lgbm,0,2,929,0.22898441521030655,0.5401328627787851,0.4060712599605664
LOG_HLM,uni_S_lgbm,0,3,929,0.21240043020570443,0.5253081419145053,0.42027783324777085
LOG_HLM,uni_S_lgbm,0,4,929,0.25867875984396427,0.5278518933931271,0.4142339425451995
LOG_HLM,uni_S_lgbm,1,0,929,0.2202022794177494,0.5222658204913652,0.41636433504563847
LOG_HLM,uni_S_lgbm,1,1,929,0.2017127013882738,0.5120804960377298,0.4238805107656589
LOG_HLM,uni_S_lgbm,1,2,929,0.22118332480903014,0.5425350910802393,0.40838753739160255
LOG_HLM,uni_S_lgbm,1,3,929,0.24040108400395443,0.5333205824720599,0.4113114693560572
LOG_HLM,uni_S_lgbm,1,4,929,0.2462301339143289,0.5525656754103783,0.4000651748960123
LOG_HLM,uni_S_lgbm,2,0,929,0.2384434932238133,0.5352828360557796,0.4129072335430111
LOG_HLM,uni_S_lgbm,2,1,929,0.22033319483851133,0.5100593227602744,0.42043988969723334
LOG_HLM,uni_S_lgbm,2,2,929,0.28987236108449177,0.5493372786090964,0.40459093662389756
LOG_HLM,uni_S_lgbm,2,3,929,0.2485295113450522,0.5529606423624965,0.4043910961749763
LOG_HLM,uni_S_lgbm,2,4,929,0.2521557382360162,0.5493507481370201,0.40451010512333757
LOG_HLM,uni_S_lgbm,3,0,929,0.27463053032986684,0.5678186553883421,0.3977834176862482
LOG_HLM,uni_S_lgbm,3,1,929,0.23264970026472798,0.5283957464630886,0.4116353969042479
LOG_HLM,uni_S_lgbm,3,2,929,0.24547207969108975,0.5333438770107689,0.41125636034335666
LOG_HLM,uni_S_lgbm,3,3,929,0.25324157569386996,0.5312885743488623,0.41407881071942126
LOG_HLM,uni_S_lgbm,3,4,929,0.20408717870972604,0.526845983884727,0.41257886954838696
LOG_HLM,uni_S_lgbm,4,0,929,0.28902005757820304,0.5651814144523789,0.39585226181320265
LOG_HLM,uni_S_lgbm,4,1,929,0.26786878238961187,0.5497696170473703,0.4044359015895592
LOG_HLM,uni_S_lgbm,4,2,929,0.22026623426989989,0.5212892417531843,0.42513218668304814
LOG_HLM,uni_S_lgbm,4,3,929,0.25260288500476624,0.5416491924841055,0.41073349599988485
LOG_HLM,uni_S_lgbm,4,4,929,0.25742007963772917,0.5403754868934815,0.4087319067020972
LOG_HLM,uni_S_rf,0,0,929,0.2448266848203262,0.5440224413026077,0.40612160584503965
LOG_HLM,uni_S_rf,0,1,929,0.2310002437271026,0.5307606052994286,0.41517372383815254
LOG_HLM,uni_S_rf,0,2,929,0.2416086795050849,0.5483385670220444,0.40010715878223324
LOG_HLM,uni_S_rf,0,3,929,0.21779184143409203,0.5306933639582272,0.4171314554674852
LOG_HLM,uni_S_rf,0,4,929,0.2498936672953178,0.5246749602109356,0.4125712004581774
LOG_HLM,uni_S_rf,1,0,929,0.22310804651604788,0.5295021003823688,0.41307472592472244
LOG_HLM,uni_S_rf,1,1,929,0.1941516268518465,0.5098342662342409,0.42534139199715515
LOG_HLM,uni_S_rf,1,2,929,0.21830139985079688,0.54258224961346,0.4076386192265845
LOG_HLM,uni_S_rf,1,3,929,0.2476554907288111,0.542822165139576,0.408644028923066
LOG_HLM,uni_S_rf,1,4,929,0.24787582630132576,0.5535391866799678,0.397302188447322
LOG_HLM,uni_S_rf,2,0,929,0.2463515142863092,0.5434142776906437,0.4079516518296291
LOG_HLM,uni_S_rf,2,1,929,0.2115043140570132,0.5069182197371986,0.4213165030077772
LOG_HLM,uni_S_rf,2,2,929,0.2864220311255836,0.5476279772930063,0.4037640979541896
LOG_HLM,uni_S_rf,2,3,929,0.26030991832369,0.5583099279486862,0.40124489768251415
LOG_HLM,uni_S_rf,2,4,929,0.273415600887177,0.5605764076005245,0.3983406188601005
LOG_HLM,uni_S_rf,3,0,929,0.2726286530203067,0.5661704908472466,0.396883426907124
LOG_HLM,uni_S_rf,3,1,929,0.24135196490313304,0.5358206453014868,0.40783393009413527
LOG_HLM,uni_S_rf,3,2,929,0.239584443922915,0.5268466900099225,0.4083512308416288
LOG_HLM,uni_S_rf,3,3,929,0.25276591667867043,0.5340716794905415,0.4108461210840081
LOG_HLM,uni_S_rf,3,4,929,0.21679665086705402,0.5365289875782895,0.4055801130654199
LOG_HLM,uni_S_rf,4,0,929,0.2856175578429676,0.5642571800915966,0.395083288119797
LOG_HLM,uni_S_rf,4,1,929,0.2724878737459546,0.5525365572369922,0.40232324873946196
LOG_HLM,uni_S_rf,4,2,929,0.22855858010727292,0.522398480915199,0.42160016129221267
LOG_HLM,uni_S_rf,4,3,929,0.26780319306677924,0.550706098504286,0.40309413929761795
LOG_HLM,uni_S_rf,4,4,929,0.25507691317092773,0.5372946398870919,0.4076725607898866
LOG_HPPB,chemeleon,0,0,66,0.20102055169496014,0.5343548101200164,0.5860551568787878
LOG_HPPB,chemeleon,0,1,66,0.24821094322079695,0.5399701489715785,0.5466887470151515
LOG_HPPB,chemeleon,0,2,66,0.20216011823160396,0.47260695761845345,0.5721005032500001
LOG_HPPB,chemeleon,0,3,66,0.09929911287512083,0.5494264630970714,0.6172059822575756
LOG_HPPB,chemeleon,0,4,66,0.15796548421210166,0.5152543080784578,0.5822428319242424
LOG_HPPB,chemeleon,1,0,66,0.3257896887615317,0.581845129403673,0.5193937304393941
LOG_HPPB,chemeleon,1,1,66,0.19942899696424088,0.5092214719145121,0.5706420836515151
LOG_HPPB,chemeleon,1,2,66,0.18641798875749604,0.5256082414255759,0.5903243845303031
LOG_HPPB,chemeleon,1,3,66,0.15935509193673136,0.5280088509717827,0.5743340372878788
LOG_HPPB,chemeleon,1,4,66,0.2228581943009854,0.5684225908105339,0.5535626738030303
LOG_HPPB,chemeleon,2,0,66,0.3035847483908102,0.5825757497003445,0.5506759456363637
LOG_HPPB,chemeleon,2,1,66,0.24161594464194736,0.5551879260079676,0.5499604328030303
LOG_HPPB,chemeleon,2,2,66,0.2683242180787314,0.5219342650765986,0.5634508025000001
LOG_HPPB,chemeleon,2,3,66,0.2915423293705798,0.5438319991111286,0.5313202856666667
LOG_HPPB,chemeleon,2,4,66,0.11608676006889307,0.4477658675316178,0.5871969561666667
LOG_HPPB,chemeleon,3,0,66,0.32813313022719115,0.5858739784681765,0.5111036378712122
LOG_HPPB,chemeleon,3,1,66,0.21912798199074957,0.538822031362523,0.5629249934787879
LOG_HPPB,chemeleon,3,2,66,0.26464712662630774,0.5698838314038771,0.5503892416818182
LOG_HPPB,chemeleon,3,3,66,0.19551070370779677,0.4753206901489481,0.5509935982121211
LOG_HPPB,chemeleon,3,4,66,0.19077524594946893,0.528906470193408,0.5776890135303029
LOG_HPPB,chemeleon,4,0,66,0.2318509706438342,0.5303677107867513,0.5415300958636364
LOG_HPPB,chemeleon,4,1,66,0.2898742537907556,0.5828888726846323,0.5483672696666667
LOG_HPPB,chemeleon,4,2,66,0.358750165324923,0.6163512822721933,0.5159895682424243
LOG_HPPB,chemeleon,4,3,66,0.1943992783963252,0.540366771418343,0.5587425670454547
LOG_HPPB,chemeleon,4,4,66,0.2489866048494368,0.539594401390433,0.5298484302424242
LOG_HPPB,chemprop,0,0,66,0.18211123556478936,0.42409376991945674,0.5665444593484847
LOG_HPPB,chemprop,0,1,66,0.18659861259671795,0.4860712459428308,0.5741266864090909
LOG_HPPB,chemprop,0,2,66,0.1673130225207733,0.45972716553141346,0.5707696679545453
LOG_HPPB,chemprop,0,3,66,0.1884544098614187,0.5227901345669854,0.5630176782727272
LOG_HPPB,chemprop,0,4,66,0.1700059980411467,0.45864167251921556,0.598687600818182
LOG_HPPB,chemprop,1,0,66,0.1410045386499067,0.38679038505796487,0.5892199273030303
LOG_HPPB,chemprop,1,1,66,0.16753816661295662,0.45876692171293076,0.5745083058484848
LOG_HPPB,chemprop,1,2,66,0.16294506360370387,0.43632644117230185,0.5938923968484848
LOG_HPPB,chemprop,1,3,66,0.21489437283331547,0.49419156866869557,0.5641229261818183
LOG_HPPB,chemprop,1,4,66,0.02372215762544272,0.49845004125501025,0.6338706855454546
LOG_HPPB,chemprop,2,0,66,0.06749183538701509,0.38203091569678965,0.6147067710999999
LOG_HPPB,chemprop,2,1,66,0.17771945001579825,0.4911647131539131,0.5751972358575757
LOG_HPPB,chemprop,2,2,66,0.168303162595424,0.4197517978706653,0.5901238658484848
LOG_HPPB,chemprop,2,3,66,0.169255393116575,0.45941404254712565,0.5706315008939393
LOG_HPPB,chemprop,2,4,66,0.22017834511427137,0.5091170975864162,0.5676588797045454
LOG_HPPB,chemprop,3,0,66,0.19091690251301252,0.5357116763852637,0.5775174248393938
LOG_HPPB,chemprop,3,1,66,0.2257273290904237,0.5073218591431659,0.5647409562424243
LOG_HPPB,chemprop,3,2,66,0.12935061793764124,0.4933148243126896,0.5967734807121212
LOG_HPPB,chemprop,3,3,66,0.1899863968913179,0.42935423605549256,0.5926568661666667
LOG_HPPB,chemprop,3,4,66,0.11827568625765883,0.3810706718783069,0.5921367551515152
LOG_HPPB,chemprop,4,0,66,0.1616013098818666,0.4730035800652181,0.5906079938636364
LOG_HPPB,chemprop,4,1,66,0.1239737834384631,0.4642778862363968,0.6137935315606061
LOG_HPPB,chemprop,4,2,66,0.2187859289714983,0.482021522012708,0.5567265985757576
LOG_HPPB,chemprop,4,3,66,0.13859633963195372,0.46106315693104155,0.5956656561969697
LOG_HPPB,chemprop,4,4,66,0.24920684452742425,0.5177384170871415,0.5525242524242424
LOG_HPPB,chemprop_st,0,0,66,-0.12830602304214778,0.22022983228245072,0.6655940490303031
LOG_HPPB,chemprop_st,0,1,66,-0.11087151161160613,0.2514586312487584,0.6574412811515151
LOG_HPPB,chemprop_st,0,2,66,-0.16275889157155765,0.11495788496487737,0.6830856386666667
LOG_HPPB,chemprop_st,0,3,66,0.025477765362209803,0.2841695456740286,0.6496382497727272
LOG_HPPB,chemprop_st,0,4,66,-0.08411158879225678,0.29206024487808224,0.6225980637121212
LOG_HPPB,chemprop_st,1,0,66,-0.1502670057655715,0.16411819349806894,0.6759811079545455
LOG_HPPB,chemprop_st,1,1,66,-0.05464006085776729,0.16532893570398197,0.6490430511212123
LOG_HPPB,chemprop_st,1,2,66,-0.04788653319857605,0.2530868707670552,0.6399778046212122
LOG_HPPB,chemprop_st,1,3,66,-0.07536221175651492,0.2855890365361335,0.6442376711924243
LOG_HPPB,chemprop_st,1,4,66,0.039111982939355694,0.20902002944494588,0.6419647621060607
LOG_HPPB,chemprop_st,2,0,66,-0.04395177793500138,0.15182289764836626,0.6547262983181819
LOG_HPPB,chemprop_st,2,1,66,-0.031952878837349985,0.33145111630149315,0.6165910616666668
LOG_HPPB,chemprop_st,2,2,66,-0.1343937644951685,0.25600935195374175,0.6522604610212123
LOG_HPPB,chemprop_st,2,3,66,-0.1309841555515805,0.15969272198680076,0.6751696804545455
LOG_HPPB,chemprop_st,2,4,66,-0.0405559282121275,0.14885866673044135,0.6525908482424242
LOG_HPPB,chemprop_st,3,0,66,-0.10000943586150579,0.20327944139966872,0.6578625950757575
LOG_HPPB,chemprop_st,3,1,66,-0.02961279381683335,0.3251260320188787,0.6096576511969697
LOG_HPPB,chemprop_st,3,2,66,0.021446175391039435,0.22256781723179994,0.6489031581060606
LOG_HPPB,chemprop_st,3,3,66,-0.08685164146187652,0.12831779896115872,0.662426677469697
LOG_HPPB,chemprop_st,3,4,66,-0.05463852066502328,0.23613647988427322,0.6501501619106062
LOG_HPPB,chemprop_st,4,0,66,-0.09406584477896196,0.24964251793988892,0.6495357791742424
LOG_HPPB,chemprop_st,4,1,66,-0.11774840538071918,0.21169201224420214,0.6552287298845455
LOG_HPPB,chemprop_st,4,2,66,0.03684601235633467,0.3080712668080007,0.6174087935606062
LOG_HPPB,chemprop_st,4,3,66,-0.011008909296476244,0.16169670908624295,0.6510364076818181
LOG_HPPB,chemprop_st,4,4,66,-0.025054959917867325,0.17144527133040452,0.6561836189742424
LOG_HPPB,fus_GRMS_early_attfp,0,0,66,-0.19967587118151697,0.38242753814355424,0.6563000362593581
LOG_HPPB,fus_GRMS_early_attfp,0,1,66,0.1602550521114875,0.5707814506255023,0.5683823022158617
LOG_HPPB,fus_GRMS_early_attfp,0,2,66,-0.01952827903713006,0.28684152847328487,0.6497463195693154
LOG_HPPB,fus_GRMS_early_attfp,0,3,66,0.17721714838337144,0.4554686929450988,0.5762747713083604
LOG_HPPB,fus_GRMS_early_attfp,0,4,66,0.1570687632406813,0.5771065349081168,0.5719173095804561
LOG_HPPB,fus_GRMS_early_attfp,1,0,66,0.1153667161247095,0.5350645555510688,0.5351571584739032
LOG_HPPB,fus_GRMS_early_attfp,1,1,66,0.19151210426426257,0.5709484495504559,0.5497187937133298
LOG_HPPB,fus_GRMS_early_attfp,1,2,66,0.08632376990631818,0.5366510453381272,0.5834770709182443
LOG_HPPB,fus_GRMS_early_attfp,1,3,66,0.08604513825476368,0.5711989479378862,0.5549031051875944
LOG_HPPB,fus_GRMS_early_attfp,1,4,66,0.004006186554978197,0.4811656525223212,0.6055590614156229
LOG_HPPB,fus_GRMS_early_attfp,2,0,66,0.12622921454841263,0.5318289513800946,0.5902017260247001
LOG_HPPB,fus_GRMS_early_attfp,2,1,66,-0.6411992524051837,0.40568213844333145,0.7100806861591453
LOG_HPPB,fus_GRMS_early_attfp,2,2,66,-0.22018710910963657,0.28068344311562393,0.6943454950547339
LOG_HPPB,fus_GRMS_early_attfp,2,3,66,-0.028691336952986868,0.4024882840035955,0.6472297105540523
LOG_HPPB,fus_GRMS_early_attfp,2,4,66,0.1626267934436182,0.5886503355955287,0.5383374938474792
LOG_HPPB,fus_GRMS_early_attfp,3,0,66,0.1266352719843462,0.5059441180122993,0.573619166410352
LOG_HPPB,fus_GRMS_early_attfp,3,1,66,0.11983501206719493,0.49256332915039874,0.5702963645970405
LOG_HPPB,fus_GRMS_early_attfp,3,2,66,-0.4509671229817205,0.06667432078769171,0.8212048661967847
LOG_HPPB,fus_GRMS_early_attfp,3,3,66,-0.5006441220772082,0.323184669516294,0.7359512039864412
LOG_HPPB,fus_GRMS_early_attfp,3,4,66,0.2839670206820871,0.6371843981601446,0.5126831243788518
LOG_HPPB,fus_GRMS_early_attfp,4,0,66,-0.08079739599221392,0.3403229341896487,0.6153456961885404
LOG_HPPB,fus_GRMS_early_attfp,4,1,66,0.01934549058833268,0.5128328236666319,0.6247590628687838
LOG_HPPB,fus_GRMS_early_attfp,4,2,66,0.0834944069186041,0.6731309167563891,0.5324823674614341
LOG_HPPB,fus_GRMS_early_attfp,4,3,66,0.17067353623927684,0.5620766316623003,0.524605767425625
LOG_HPPB,fus_GRMS_early_attfp,4,4,66,0.22492184318272368,0.5877109666426652,0.5429738482736555
LOG_HPPB,fus_GRMS_early_lgbm,0,0,66,0.0604805011076015,0.5001983132932533,0.6070530415767178
LOG_HPPB,fus_GRMS_early_lgbm,0,1,66,0.08690651141893635,0.47323320358702914,0.5612866807022082
LOG_HPPB,fus_GRMS_early_lgbm,0,2,66,0.06973980021209503,0.4274277722110889,0.6139028575901079
LOG_HPPB,fus_GRMS_early_lgbm,0,3,66,-0.09186563328405417,0.3650596499483884,0.6189011008184175
LOG_HPPB,fus_GRMS_early_lgbm,0,4,66,0.024520747069640914,0.48688536570197916,0.5825032595211624
LOG_HPPB,fus_GRMS_early_lgbm,1,0,66,0.10674622152474234,0.5246897473383316,0.5432274639301561
LOG_HPPB,fus_GRMS_early_lgbm,1,1,66,0.1789407003450424,0.49344007350640473,0.5868814437308121
LOG_HPPB,fus_GRMS_early_lgbm,1,2,66,-0.13325557469021954,0.40614138548695367,0.648399738050691
LOG_HPPB,fus_GRMS_early_lgbm,1,3,66,-0.04681676464582707,0.5117682055200533,0.616144716031059
LOG_HPPB,fus_GRMS_early_lgbm,1,4,66,-0.024262206549284793,0.43586719412867964,0.6443503114172885
LOG_HPPB,fus_GRMS_early_lgbm,2,0,66,0.2300591156385532,0.5221430137327905,0.5473582611395811
LOG_HPPB,fus_GRMS_early_lgbm,2,1,66,-0.09170213491288837,0.48625911973340347,0.6353772767236529
LOG_HPPB,fus_GRMS_early_lgbm,2,2,66,0.03230048608656266,0.5069878612932588,0.5800023452059887
LOG_HPPB,fus_GRMS_early_lgbm,2,3,66,0.018708903352761208,0.43296558780761235,0.5987531300536857
LOG_HPPB,fus_GRMS_early_lgbm,2,4,66,0.11394754158399467,0.4857998726897813,0.5767814754153601
LOG_HPPB,fus_GRMS_early_lgbm,3,0,66,0.15905832529351593,0.4817238643954576,0.5892203774902127
LOG_HPPB,fus_GRMS_early_lgbm,3,1,66,0.07253546752267381,0.49348182323764317,0.5745932016946033
LOG_HPPB,fus_GRMS_early_lgbm,3,2,66,0.1541999757131901,0.5228945088950814,0.555768035861962
LOG_HPPB,fus_GRMS_early_lgbm,3,3,66,-0.4552643795085003,0.24697053514063264,0.7258888972339854
LOG_HPPB,fus_GRMS_early_lgbm,3,4,66,-0.024514667929145473,0.48701061489569436,0.608693454573208
LOG_HPPB,fus_GRMS_early_lgbm,4,0,66,-0.15233043709210992,0.38096629755021094,0.676070661684382
LOG_HPPB,fus_GRMS_early_lgbm,4,1,66,0.11279850343434783,0.4746889612558451,0.5500467352848968
LOG_HPPB,fus_GRMS_early_lgbm,4,2,66,0.11406427515724515,0.47060297051901123,0.5909169612480855
LOG_HPPB,fus_GRMS_early_lgbm,4,3,66,-0.1357601311534442,0.43089897611131256,0.6587126346264928
LOG_HPPB,fus_GRMS_early_lgbm,4,4,66,-0.04602009793576434,0.3669175129884964,0.6359009898741064
LOG_HPPB,fus_GRMS_early_rf,0,0,66,0.12524639711700636,0.49794904448014965,0.5674381022025038
LOG_HPPB,fus_GRMS_early_rf,0,1,66,0.10449814980783034,0.43958292020889544,0.5717432514278312
LOG_HPPB,fus_GRMS_early_rf,0,2,66,0.01653439114320787,0.34090743042698607,0.6181057508371959
LOG_HPPB,fus_GRMS_early_rf,0,3,66,0.07297387801061961,0.379185454241817,0.5816135426703879
LOG_HPPB,fus_GRMS_early_rf,0,4,66,0.02425701504850919,0.46434051083325434,0.5945939604671078
LOG_HPPB,fus_GRMS_early_rf,1,0,66,0.1452299823257659,0.5015760688042753,0.554319411025906
LOG_HPPB,fus_GRMS_early_rf,1,1,66,0.03721403930268541,0.30848154642618575,0.6120138271151554
LOG_HPPB,fus_GRMS_early_rf,1,2,66,-0.13228367395678986,0.34694026659093186,0.6434798615880254
LOG_HPPB,fus_GRMS_early_rf,1,3,66,-0.07238569562650166,0.5291103039412158,0.6210393443070772
LOG_HPPB,fus_GRMS_early_rf,1,4,66,0.08155002010867485,0.38349215629013295,0.5923418880399495
LOG_HPPB,fus_GRMS_early_rf,2,0,66,0.0916874626542451,0.3536134769539079,0.585750302439172
LOG_HPPB,fus_GRMS_early_rf,2,1,66,-0.055727359827213,0.4450730098667423,0.5876599456046401
LOG_HPPB,fus_GRMS_early_rf,2,2,66,-0.09714641171213168,0.41076945557782235,0.6310646012433034
LOG_HPPB,fus_GRMS_early_rf,2,3,66,-0.026192381494189787,0.2998048200228016,0.6397261025125185
LOG_HPPB,fus_GRMS_early_rf,2,4,66,0.148590238261042,0.4471756012024049,0.5688423766851625
LOG_HPPB,fus_GRMS_early_rf,3,0,66,0.15224603014306692,0.44041207414829664,0.5724973915086642
LOG_HPPB,fus_GRMS_early_rf,3,1,66,-0.035404351242327214,0.4442948396793588,0.6001603301205567
LOG_HPPB,fus_GRMS_early_rf,3,2,66,0.19396839532414012,0.41824880754608357,0.5662802229555609
LOG_HPPB,fus_GRMS_early_rf,3,3,66,-0.2604974269065823,0.27228415163660663,0.6774501639514513
LOG_HPPB,fus_GRMS_early_rf,3,4,66,0.03993816558555929,0.5061477120908484,0.594265797186171
LOG_HPPB,fus_GRMS_early_rf,4,0,66,-0.033208727901108404,0.4853143787575151,0.6475670782189642
LOG_HPPB,fus_GRMS_early_rf,4,1,66,0.0032362365107672098,0.3949670173680695,0.6093128264151616
LOG_HPPB,fus_GRMS_early_rf,4,2,66,0.09404772519656679,0.40135479291917175,0.5728111785755458
LOG_HPPB,fus_GRMS_early_rf,4,3,66,-0.03536855307347264,0.48500125250501014,0.6118891134551063
LOG_HPPB,fus_GRMS_early_rf,4,4,66,0.07815038503219329,0.36910278891115567,0.5871533960840553
LOG_HPPB,fus_GRMS_late_attfp,0,0,66,0.04468435110399949,0.43265246482332453,0.5939717097480038
LOG_HPPB,fus_GRMS_late_attfp,0,1,66,-0.021307221396352993,0.4706447202502496,0.6211883892081717
LOG_HPPB,fus_GRMS_late_attfp,0,2,66,0.13503375852433386,0.41361458737862355,0.5846504021211821
LOG_HPPB,fus_GRMS_late_attfp,0,3,66,-0.0023520340036486953,0.17660136313834435,0.6500349590351115
LOG_HPPB,fus_GRMS_late_attfp,0,4,66,0.07728567684720633,0.4652381300548795,0.5854114190486293
LOG_HPPB,fus_GRMS_late_attfp,1,0,66,0.21064693550041524,0.4758216869238087,0.5505811539465517
LOG_HPPB,fus_GRMS_late_attfp,1,1,66,-0.08908757638232867,0.26223006190826026,0.6508862467523943
LOG_HPPB,fus_GRMS_late_attfp,1,2,66,0.1305508097018896,0.453944827754898,0.5608476966697469
LOG_HPPB,fus_GRMS_late_attfp,1,3,66,0.14929815176028183,0.5363796720850779,0.5631679783791798
LOG_HPPB,fus_GRMS_late_attfp,1,4,66,0.027377669379218483,0.21505286560889167,0.6451742074669808
LOG_HPPB,fus_GRMS_late_attfp,2,0,66,-0.03962034008867121,0.4160360717904496,0.6164584250168729
LOG_HPPB,fus_GRMS_late_attfp,2,1,66,0.04420601812788283,0.48928597524818596,0.567662453008643
LOG_HPPB,fus_GRMS_late_attfp,2,2,66,0.09867133970421182,0.4510432214338306,0.5707967574093525
LOG_HPPB,fus_GRMS_late_attfp,2,3,66,-0.13217637951397276,0.2132785020312606,0.6640436499442094
LOG_HPPB,fus_GRMS_late_attfp,2,4,66,-0.08929744879679968,-0.05060067426091569,0.6779637886563703
LOG_HPPB,fus_GRMS_late_attfp,3,0,66,-0.008895055822971676,0.3124341137224113,0.6673999621490306
LOG_HPPB,fus_GRMS_late_attfp,3,1,66,0.0798598353064216,0.4816248995659434,0.5933371648356888
LOG_HPPB,fus_GRMS_late_attfp,3,2,66,-0.1454452685790526,0.07995073532149632,0.6773281039667349
LOG_HPPB,fus_GRMS_late_attfp,3,3,66,0.025964555925941712,0.42780949599967244,0.5884578708357936
LOG_HPPB,fus_GRMS_late_attfp,3,4,66,0.1778719373885903,0.4847352545432026,0.5744352874628779
LOG_HPPB,fus_GRMS_late_attfp,4,0,66,0.11982584337190272,0.5198259036490605,0.5808446731779872
LOG_HPPB,fus_GRMS_late_attfp,4,1,66,-0.1024154184999937,0.3129351104972719,0.6373120551727537
LOG_HPPB,fus_GRMS_late_attfp,4,2,66,0.09947023594769666,0.3544343433482209,0.59464207179526
LOG_HPPB,fus_GRMS_late_attfp,4,3,66,-0.1090703583192878,0.4964669290211872,0.6167488444135975
LOG_HPPB,fus_GRMS_late_attfp,4,4,66,-0.1463921613462027,-0.6326128025895421,0.711518873605647
LOG_HPPB,fus_GRMS_late_lgbm,0,0,66,0.2709006036545044,0.5760056069631813,0.5057175725113752
LOG_HPPB,fus_GRMS_late_lgbm,0,1,66,0.12512408946469655,0.5381226667963084,0.5640490979079288
LOG_HPPB,fus_GRMS_late_lgbm,0,2,66,0.3254796720780788,0.6344853058756106,0.4874178291099343
LOG_HPPB,fus_GRMS_late_lgbm,0,3,66,0.13492382462996655,0.567419843996219,0.5497926030573757
LOG_HPPB,fus_GRMS_late_lgbm,0,4,66,0.20576033228295398,0.6271679319176092,0.5174795380256451
LOG_HPPB,fus_GRMS_late_lgbm,1,0,66,0.17285160189756243,0.56985708727857,0.5319861259558109
LOG_HPPB,fus_GRMS_late_lgbm,1,1,66,0.12136158304318656,0.5338528133077766,0.5445676076104405
LOG_HPPB,fus_GRMS_late_lgbm,1,2,66,0.06576388474097739,0.5795616898158168,0.5623416860640505
LOG_HPPB,fus_GRMS_late_lgbm,1,3,66,0.1341590966670464,0.533458188770926,0.5461052851475375
LOG_HPPB,fus_GRMS_late_lgbm,1,4,66,0.2305978210602917,0.6076100933165512,0.5057654570070049
LOG_HPPB,fus_GRMS_late_lgbm,2,0,66,0.1681033115316981,0.5233704995960266,0.5298155268473568
LOG_HPPB,fus_GRMS_late_lgbm,2,1,66,0.17657206187957453,0.5680991889012504,0.5265296016381703
LOG_HPPB,fus_GRMS_late_lgbm,2,2,66,0.14454875279704216,0.5921209356677316,0.5187127301692092
LOG_HPPB,fus_GRMS_late_lgbm,2,3,66,-0.0049057844434174935,0.44387356288121527,0.5905926316425237
LOG_HPPB,fus_GRMS_late_lgbm,2,4,66,0.270151984513164,0.6115809776089574,0.49881888721174017
LOG_HPPB,fus_GRMS_late_lgbm,3,0,66,0.18050228134927537,0.5575754023659355,0.5288935326184141
LOG_HPPB,fus_GRMS_late_lgbm,3,1,66,0.0341298650905707,0.5193246195606293,0.5953275118232985
LOG_HPPB,fus_GRMS_late_lgbm,3,2,66,0.1229308300508134,0.5521430526108654,0.5658644828876329
LOG_HPPB,fus_GRMS_late_lgbm,3,3,66,0.17740772239669012,0.5529294736015955,0.513162523508643
LOG_HPPB,fus_GRMS_late_lgbm,3,4,66,0.13407354780424285,0.5239729681790062,0.549758658633657
LOG_HPPB,fus_GRMS_late_lgbm,4,0,66,0.152065889542368,0.5832199418783627,0.5470433947815905
LOG_HPPB,fus_GRMS_late_lgbm,4,1,66,0.15719082362814407,0.5799860473119006,0.5161151508920542
LOG_HPPB,fus_GRMS_late_lgbm,4,2,66,0.25323319580031356,0.5759629784369762,0.5127711335338185
LOG_HPPB,fus_GRMS_late_lgbm,4,3,66,0.1812611238296501,0.5364847232192356,0.5181274672680826
LOG_HPPB,fus_GRMS_late_lgbm,4,4,66,0.24246897103470466,0.5677473084102601,0.498862915989375
LOG_HPPB,fus_GRMS_late_rf,0,0,66,0.13839726919332362,0.519554530396011,0.5447937128904545
LOG_HPPB,fus_GRMS_late_rf,0,1,66,0.05860920416913118,0.5101190911361373,0.5620934603514394
LOG_HPPB,fus_GRMS_late_rf,0,2,66,0.35056152475449864,0.6368086505789992,0.4556002096909848
LOG_HPPB,fus_GRMS_late_rf,0,3,66,0.1605993956123326,0.5558512859051438,0.530290862274091
LOG_HPPB,fus_GRMS_late_rf,0,4,66,0.22330274335203903,0.6123641829389281,0.4956734943236364
LOG_HPPB,fus_GRMS_late_rf,1,0,66,0.24160791747567467,0.5865419741679905,0.5077067832993184
LOG_HPPB,fus_GRMS_late_rf,1,1,66,0.1459918731332478,0.5530957748830997,0.5457585846052273
LOG_HPPB,fus_GRMS_late_rf,1,2,66,0.07853344117297612,0.572687040748163,0.5429849797873486
LOG_HPPB,fus_GRMS_late_rf,1,3,66,0.07903709479309606,0.5245227484133781,0.5650982041014395
LOG_HPPB,fus_GRMS_late_rf,1,4,66,0.18123758998345307,0.6130762888223151,0.5051185641181818
LOG_HPPB,fus_GRMS_late_rf,2,0,66,0.27166858761046686,0.591865064900884,0.5036395431862123
LOG_HPPB,fus_GRMS_late_rf,2,1,66,0.2035314722620617,0.5810310096445245,0.5108056636207575
LOG_HPPB,fus_GRMS_late_rf,2,2,66,0.07466088599054876,0.5853312319620776,0.5283296755926514
LOG_HPPB,fus_GRMS_late_rf,2,3,66,0.008264598451447447,0.4605404615780005,0.5735518180556061
LOG_HPPB,fus_GRMS_late_rf,2,4,66,0.22330772197524706,0.6477888298946929,0.5256980486803028
LOG_HPPB,fus_GRMS_late_rf,3,0,66,0.11698424126136442,0.571178073072267,0.528341019273106
LOG_HPPB,fus_GRMS_late_rf,3,1,66,0.08806499398593026,0.5333688209752839,0.5595044165055302
LOG_HPPB,fus_GRMS_late_rf,3,2,66,0.20301920163652032,0.5960211675880733,0.5381345446966666
LOG_HPPB,fus_GRMS_late_rf,3,3,66,0.1779792235259119,0.5569576653306614,0.5184786943471213
LOG_HPPB,fus_GRMS_late_rf,3,4,66,0.11844957276320323,0.5441242472297971,0.5451870600928789
LOG_HPPB,fus_GRMS_late_rf,4,0,66,0.1395955387282537,0.5806970117946175,0.5515126727610605
LOG_HPPB,fus_GRMS_late_rf,4,1,66,0.21972933933857508,0.5883390566771786,0.49372068293992394
LOG_HPPB,fus_GRMS_late_rf,4,2,66,0.22482050869121672,0.5697377073445429,0.524683652432576
LOG_HPPB,fus_GRMS_late_rf,4,3,66,0.16473874742761185,0.5516183239870863,0.5221837890318181
LOG_HPPB,fus_GRMS_late_rf,4,4,66,0.25859758077984674,0.5934724295535615,0.481218461045
LOG_HPPB,fus_GRM_early_attfp,0,0,66,0.06429640055959762,0.45152334334307187,0.5708844159758365
LOG_HPPB,fus_GRM_early_attfp,0,1,66,0.13479044465627454,0.5153586824065539,0.5816249995122486
LOG_HPPB,fus_GRM_early_attfp,0,2,66,-0.062411660686808146,0.30456428938397684,0.6558941011900874
LOG_HPPB,fus_GRM_early_attfp,0,3,66,0.14490849420805796,0.5503240823186965,0.5738129568593104
LOG_HPPB,fus_GRM_early_attfp,0,4,66,0.076301012419,0.4100658602233613,0.6119566762377131
LOG_HPPB,fus_GRM_early_attfp,1,0,66,0.33791774803272656,0.6219457462581361,0.4894544001504283
LOG_HPPB,fus_GRM_early_attfp,1,1,66,0.1270202818408831,0.5083656024241253,0.5705818785987251
LOG_HPPB,fus_GRM_early_attfp,1,2,66,-0.12046291061432646,0.38067404943154226,0.6436651337541246
LOG_HPPB,fus_GRM_early_attfp,1,3,66,-0.09393939698026221,0.49951465940158896,0.6287947849348747
LOG_HPPB,fus_GRM_early_attfp,1,4,66,0.1907368103694035,0.5833272448626354,0.5431840208114057
LOG_HPPB,fus_GRM_early_attfp,2,0,66,-0.6346387378749112,0.22219206965065455,0.7925612856785852
LOG_HPPB,fus_GRM_early_attfp,2,1,66,0.11895286873351252,0.5625567535715417,0.5614402785281811
LOG_HPPB,fus_GRM_early_attfp,2,2,66,-0.11644376018269087,0.34405953513548365,0.6403905768758253
LOG_HPPB,fus_GRM_early_attfp,2,3,66,0.15359180806893546,0.49901366262672836,0.58197079068462
LOG_HPPB,fus_GRM_early_attfp,2,4,66,0.0794392431450257,0.5490924652471643,0.5443598681215901
LOG_HPPB,fus_GRM_early_attfp,3,0,66,0.0011863368132760677,0.3653936477982955,0.630615215008912
LOG_HPPB,fus_GRM_early_attfp,3,1,66,0.13499694314459632,0.5605945162033379,0.5557831036027671
LOG_HPPB,fus_GRM_early_attfp,3,2,66,-0.039414587551975355,0.2414178208859282,0.6774780926625266
LOG_HPPB,fus_GRM_early_attfp,3,3,66,0.11746274458467476,0.4739011992868432,0.5868296371814294
LOG_HPPB,fus_GRM_early_attfp,3,4,66,0.20669331118856804,0.5731611853060901,0.5598233976870286
LOG_HPPB,fus_GRM_early_attfp,4,0,66,-0.025817459995759906,0.47039422186281943,0.6043516297172649
LOG_HPPB,fus_GRM_early_attfp,4,1,66,-0.2289090298650709,0.41023285914831487,0.6998034577840487
LOG_HPPB,fus_GRM_early_attfp,4,2,66,0.2871421665377276,0.6106941936893929,0.5164449697602134
LOG_HPPB,fus_GRM_early_attfp,4,3,66,0.23421230184564035,0.6031792420664847,0.5169647932689562
LOG_HPPB,fus_GRM_early_attfp,4,4,66,0.22979159470096266,0.5634334979275476,0.5305596741038453
LOG_HPPB,fus_GRM_early_lgbm,0,0,66,0.11658526696377614,0.4516277176711679,0.5774916284502443
LOG_HPPB,fus_GRM_early_lgbm,0,1,66,-0.014427923890025562,0.4280957748830996,0.6081588016589133
LOG_HPPB,fus_GRM_early_lgbm,0,2,66,0.05004181757127024,0.4434807114228458,0.5979494177177106
LOG_HPPB,fus_GRM_early_lgbm,0,3,66,0.016580579139255813,0.3990376586506347,0.609056735980313
LOG_HPPB,fus_GRM_early_lgbm,0,4,66,0.06151847461513371,0.48944764529058116,0.5855464578821776
LOG_HPPB,fus_GRM_early_lgbm,1,0,66,0.20466330196482052,0.5135166165664664,0.5388769580354253
LOG_HPPB,fus_GRM_early_lgbm,1,1,66,0.05575943977378173,0.4384556774654592,0.6228893597329541
LOG_HPPB,fus_GRM_early_lgbm,1,2,66,-0.1125758958053431,0.39177312959251837,0.657216017713315
LOG_HPPB,fus_GRM_early_lgbm,1,3,66,-0.10132401166694138,0.49267284569138287,0.631479088811259
LOG_HPPB,fus_GRM_early_lgbm,1,4,66,-0.011861245295460732,0.47473071142284573,0.613627828087311
LOG_HPPB,fus_GRM_early_lgbm,2,0,66,0.1864778856615087,0.5330396935860074,0.556598207018676
LOG_HPPB,fus_GRM_early_lgbm,2,1,66,-0.005590254312530574,0.4721735136940548,0.6274583605433239
LOG_HPPB,fus_GRM_early_lgbm,2,2,66,0.003513030094847047,0.502938137363136,0.6017839917627312
LOG_HPPB,fus_GRM_early_lgbm,2,3,66,0.03911269693040065,0.39206538076152303,0.5985892439851107
LOG_HPPB,fus_GRM_early_lgbm,2,4,66,-0.026617929390799766,0.4034840514362058,0.6364666802661867
LOG_HPPB,fus_GRM_early_lgbm,3,0,66,0.16625935722358343,0.5415101035404143,0.5622898455139363
LOG_HPPB,fus_GRM_early_lgbm,3,1,66,-0.06638105140958217,0.43053815965263864,0.6314734914338287
LOG_HPPB,fus_GRM_early_lgbm,3,2,66,0.17864987253720277,0.5246639111556447,0.5615147779414038
LOG_HPPB,fus_GRM_early_lgbm,3,3,66,-0.2685474884406771,0.287001085504342,0.6857752661992691
LOG_HPPB,fus_GRM_early_lgbm,3,4,66,-0.005219337538151736,0.49247982968792203,0.6187373314815466
LOG_HPPB,fus_GRM_early_lgbm,4,0,66,-0.12149129287744675,0.46365088148485734,0.6611059604632705
LOG_HPPB,fus_GRM_early_lgbm,4,1,66,0.12570284527325615,0.5086109719438878,0.5673350249287207
LOG_HPPB,fus_GRM_early_lgbm,4,2,66,0.20370915092578645,0.5502358884435539,0.5313551149888011
LOG_HPPB,fus_GRM_early_lgbm,4,3,66,-0.05167277218551325,0.4585999227879772,0.6301983286227024
LOG_HPPB,fus_GRM_early_lgbm,4,4,66,0.02094500413425826,0.40264904809619245,0.6142790634194125
LOG_HPPB,fus_GRM_early_rf,0,0,66,-0.00314771583835749,0.4440860888443554,0.6019972100409268
LOG_HPPB,fus_GRM_early_rf,0,1,66,0.09564515426952991,0.44558909485637954,0.5742654900435307
LOG_HPPB,fus_GRM_early_rf,0,2,66,0.10004471397372261,0.40140279099139764,0.5978702482689778
LOG_HPPB,fus_GRM_early_rf,0,3,66,0.056287433289127886,0.35746119886300337,0.5928464846614455
LOG_HPPB,fus_GRM_early_rf,0,4,66,-0.007724203845053124,0.4133640889911933,0.5907181713733661
LOG_HPPB,fus_GRM_early_rf,1,0,66,0.19143887731645892,0.4722257014028057,0.5415407265900214
LOG_HPPB,fus_GRM_early_rf,1,1,66,0.06993964789494334,0.35115021710086847,0.6091694101474171
LOG_HPPB,fus_GRM_early_rf,1,2,66,-0.021849362546933593,0.3737853437772097,0.6139961889560703
LOG_HPPB,fus_GRM_early_rf,1,3,66,0.014937453428588543,0.5447457414829661,0.6053098929854559
LOG_HPPB,fus_GRM_early_rf,1,4,66,0.03817360859316554,0.3417632999173728,0.6021932338599884
LOG_HPPB,fus_GRM_early_rf,2,0,66,0.11179785470579195,0.3911051269205077,0.5822812554876579
LOG_HPPB,fus_GRM_early_rf,2,1,66,-0.10973890357275073,0.44336127088596883,0.6345093188624242
LOG_HPPB,fus_GRM_early_rf,2,2,66,-0.0435023445885141,0.41277959275385595,0.6127754618991021
LOG_HPPB,fus_GRM_early_rf,2,3,66,0.0018577224807035941,0.2826665553494469,0.630939562997882
LOG_HPPB,fus_GRM_early_rf,2,4,66,0.04828141818951903,0.3467038243152973,0.6069202207170812
LOG_HPPB,fus_GRM_early_rf,3,0,66,0.167837130636861,0.43909694388777565,0.567973668422511
LOG_HPPB,fus_GRM_early_rf,3,1,66,0.07040125896481308,0.49377407135631174,0.5803913563670346
LOG_HPPB,fus_GRM_early_rf,3,2,66,0.1826241666133107,0.4409339512358049,0.5599714012157418
LOG_HPPB,fus_GRM_early_rf,3,3,66,-0.19607715043462126,0.2909956267315036,0.6701141010713811
LOG_HPPB,fus_GRM_early_rf,3,4,66,0.08014551691353144,0.5135216942320652,0.5833654777866534
LOG_HPPB,fus_GRM_early_rf,4,0,66,-0.024014547689808596,0.4796989812959252,0.6379730352580623
LOG_HPPB,fus_GRM_early_rf,4,1,66,0.06151451470106972,0.43246459103275176,0.5919844978671098
LOG_HPPB,fus_GRM_early_rf,4,2,66,0.1224719975585753,0.44112182698730806,0.5764799632306319
LOG_HPPB,fus_GRM_early_rf,4,3,66,0.03453660881461096,0.5087204751396516,0.5889570178279286
LOG_HPPB,fus_GRM_early_rf,4,4,66,0.14545645420671305,0.42094166521095905,0.576858267722863
LOG_HPPB,fus_GRM_late_attfp,0,0,66,0.061620537783301677,0.43695268714087754,0.5866892226723961
LOG_HPPB,fus_GRM_late_attfp,0,1,66,-0.047596582452219316,0.4311077247675044,0.6247862056605556
LOG_HPPB,fus_GRM_late_attfp,0,2,66,0.1535179283442495,0.38399315306499343,0.5843462701561819
LOG_HPPB,fus_GRM_late_attfp,0,3,66,0.025721061920431998,0.34247304534842526,0.5992967623485934
LOG_HPPB,fus_GRM_late_attfp,0,4,66,0.1191197422733955,0.4891189763232325,0.5848869170356542
LOG_HPPB,fus_GRM_late_attfp,1,0,66,0.26463485300949097,0.5207026480050664,0.5322986146229733
LOG_HPPB,fus_GRM_late_attfp,1,1,66,-0.04808605708776148,0.2725213706585208,0.6370655618136685
LOG_HPPB,fus_GRM_late_attfp,1,2,66,0.05596854192432299,0.4305023536645479,0.5892502636425474
LOG_HPPB,fus_GRM_late_attfp,1,3,66,0.09432906320127332,0.5256082414255759,0.5839525311979262
LOG_HPPB,fus_GRM_late_attfp,1,4,66,0.04804508561103982,0.2600173261526261,0.6414079656276443
LOG_HPPB,fus_GRM_late_attfp,2,0,66,-0.09116453729274054,0.21281925498763843,0.6495947296376313
LOG_HPPB,fus_GRM_late_attfp,2,1,66,-0.08918865975543411,0.4451356344635999,0.6292652924259494
LOG_HPPB,fus_GRM_late_attfp,2,2,66,0.044714455432203204,0.42513751320041626,0.5824315897191705
LOG_HPPB,fus_GRM_late_attfp,2,3,66,-0.05019149487936603,0.1866630483667938,0.6525831636265234
LOG_HPPB,fus_GRM_late_attfp,2,4,66,-0.12057292416064724,-0.05085117264834597,0.6833469481095699
LOG_HPPB,fus_GRM_late_attfp,3,0,66,-0.023113755298104,0.17954471919065013,0.6722143283062695
LOG_HPPB,fus_GRM_late_attfp,3,1,66,0.01611754333443971,0.4265361291969019,0.5988828922085787
LOG_HPPB,fus_GRM_late_attfp,3,2,66,-0.09306246956139641,0.035048899374619406,0.6724880750766719
LOG_HPPB,fus_GRM_late_attfp,3,3,66,0.07139529598584782,0.38806375186073544,0.5731886805658273
LOG_HPPB,fus_GRM_late_attfp,3,4,66,0.031697350310678996,0.3997745514731008,0.6171957636822791
LOG_HPPB,fus_GRM_late_attfp,4,0,66,0.1718493429424257,0.5353568036697375,0.5580215026094995
LOG_HPPB,fus_GRM_late_attfp,4,1,66,-0.09537097649180026,0.35952781055930316,0.6329757500720976
LOG_HPPB,fus_GRM_late_attfp,4,2,66,0.09602299148010407,0.383617405483848,0.5841457690596895
LOG_HPPB,fus_GRM_late_attfp,4,3,66,0.06897584826069558,0.5076349821274537,0.5710906030787506
LOG_HPPB,fus_GRM_late_attfp,4,4,66,-0.16793484574126505,-0.6277907086315092,0.7167555418994878
LOG_HPPB,fus_GRM_late_lgbm,0,0,66,0.11324030286795406,0.49864757840382073,0.5407996095518813
LOG_HPPB,fus_GRM_late_lgbm,0,1,66,0.07635078690987762,0.5216444477223514,0.5738779549297519
LOG_HPPB,fus_GRM_late_lgbm,0,2,66,0.3270569087072559,0.6407109618100276,0.48646751112332576
LOG_HPPB,fus_GRM_late_lgbm,0,3,66,0.13855105903168685,0.5704033192051399,0.5490042640988964
LOG_HPPB,fus_GRM_late_lgbm,0,4,66,0.19598989003195733,0.6272139355790525,0.5200984160575303
LOG_HPPB,fus_GRM_late_lgbm,1,0,66,0.15360256081771662,0.5903422175598041,0.5444124568184332
LOG_HPPB,fus_GRM_late_lgbm,1,1,66,0.11875076562673714,0.5421446421952029,0.5459347769082847
LOG_HPPB,fus_GRM_late_lgbm,1,2,66,0.0654866362695461,0.5780446472569505,0.5623304804068565
LOG_HPPB,fus_GRM_late_lgbm,1,3,66,0.1341590966670464,0.533458188770926,0.5461052851475375
LOG_HPPB,fus_GRM_late_lgbm,1,4,66,0.23883666579249274,0.618121581336121,0.5051518014907085
LOG_HPPB,fus_GRM_late_lgbm,2,0,66,0.16674099668438158,0.5315732319968801,0.5316001154684254
LOG_HPPB,fus_GRM_late_lgbm,2,1,66,0.16721673072497467,0.6125210606330277,0.5095379515055735
LOG_HPPB,fus_GRM_late_lgbm,2,2,66,0.1444781085107859,0.5902493196301761,0.5187465229290398
LOG_HPPB,fus_GRM_late_lgbm,2,3,66,-0.006297961254644324,0.4487009377471506,0.5912783018977458
LOG_HPPB,fus_GRM_late_lgbm,2,4,66,0.270233605143814,0.6162184163563884,0.5014058782318234
LOG_HPPB,fus_GRM_late_lgbm,3,0,66,0.18082851159574675,0.5654553164202238,0.5287774162948603
LOG_HPPB,fus_GRM_late_lgbm,3,1,66,0.03712289812601488,0.5349950043713656,0.5941030380967294
LOG_HPPB,fus_GRM_late_lgbm,3,2,66,0.12315944158701608,0.5586685068446793,0.5668774382567671
LOG_HPPB,fus_GRM_late_lgbm,3,3,66,0.17009880873419447,0.5617591696144172,0.5169482832512338
LOG_HPPB,fus_GRM_late_lgbm,3,4,66,0.13384023026492153,0.5226375734545843,0.5498250080030305
LOG_HPPB,fus_GRM_late_lgbm,4,0,66,0.15201436809599922,0.5868246032132743,0.547422820502951
LOG_HPPB,fus_GRM_late_lgbm,4,1,66,0.14097664983053293,0.6046299682892322,0.5204061280605942
LOG_HPPB,fus_GRM_late_lgbm,4,2,66,0.25323319580031356,0.5759629784369762,0.5127711335338185
LOG_HPPB,fus_GRM_late_lgbm,4,3,66,0.18414837233617898,0.5245094782479638,0.518374730696921
LOG_HPPB,fus_GRM_late_lgbm,4,4,66,0.2425477448672535,0.5629824046307934,0.4990056896152049
LOG_HPPB,fus_GRM_late_rf,0,0,66,0.09465728731152223,0.48955734850123545,0.552981080809924
LOG_HPPB,fus_GRM_late_rf,0,1,66,0.05282192039444367,0.5173785070140281,0.565552976414697
LOG_HPPB,fus_GRM_late_rf,0,2,66,0.349034544232837,0.6449080984392447,0.4563272017876514
LOG_HPPB,fus_GRM_late_rf,0,3,66,0.15895460334173006,0.5483362558450234,0.5322874180968181
LOG_HPPB,fus_GRM_late_rf,0,4,66,0.2258355507273052,0.6247181863727457,0.49927781723810594
LOG_HPPB,fus_GRM_late_rf,1,0,66,0.23298896325140828,0.5900446726786909,0.5160748866222732
LOG_HPPB,fus_GRM_late_rf,1,1,66,0.1371393054133161,0.5513840180360723,0.548191185318788
LOG_HPPB,fus_GRM_late_rf,1,2,66,0.09067985664250433,0.5713927855711424,0.5423539346447728
LOG_HPPB,fus_GRM_late_rf,1,3,66,0.10393255820057223,0.5390516548843342,0.557725741862197
LOG_HPPB,fus_GRM_late_rf,1,4,66,0.19108913873213607,0.6091934827640911,0.5013224584656061
LOG_HPPB,fus_GRM_late_rf,2,0,66,0.27476143450977675,0.5914475675885,0.5040311202192425
LOG_HPPB,fus_GRM_late_rf,2,1,66,0.16212345930130634,0.5816781304787194,0.5101824457093941
LOG_HPPB,fus_GRM_late_rf,2,2,66,0.08755894363992323,0.5970629064400621,0.5299349337314392
LOG_HPPB,fus_GRM_late_rf,2,3,66,0.0015436269815730652,0.45519638442259536,0.5750784057380304
LOG_HPPB,fus_GRM_late_rf,2,4,66,0.2431310847519027,0.6428206118773258,0.5213174481271968
LOG_HPPB,fus_GRM_late_rf,3,0,66,0.11776252397262743,0.5744971767057181,0.532035127759318
LOG_HPPB,fus_GRM_late_rf,3,1,66,0.0927898503017518,0.5415936038744156,0.5607814091291666
LOG_HPPB,fus_GRM_late_rf,3,2,66,0.2058385687708042,0.5935578820242539,0.5359833884262122
LOG_HPPB,fus_GRM_late_rf,3,3,66,0.18302705096054472,0.5625521877087509,0.5155503849726516
LOG_HPPB,fus_GRM_late_rf,3,4,66,0.12176426238927907,0.5505537058405076,0.5455808399167424
LOG_HPPB,fus_GRM_late_rf,4,0,66,0.13339351677935163,0.578776524157652,0.5524495083915151
LOG_HPPB,fus_GRM_late_rf,4,1,66,0.20983090238197954,0.58524951207171,0.49724106398469664
LOG_HPPB,fus_GRM_late_rf,4,2,66,0.22479069462266033,0.572952436649898,0.5251838671742427
LOG_HPPB,fus_GRM_late_rf,4,3,66,0.16537022961738024,0.5446878686015153,0.5216475881490907
LOG_HPPB,fus_GRM_late_rf,4,4,66,0.26336880370472127,0.5976474026773995,0.480409414425303
LOG_HPPB,fus_GRS_early_attfp,0,0,66,-0.20822900137141742,0.4719598367842586,0.6224724000951039
LOG_HPPB,fus_GRS_early_attfp,0,1,66,0.1278213592962678,0.5413061403712066,0.5568495035153259
LOG_HPPB,fus_GRS_early_attfp,0,2,66,0.3501910072560016,0.6300451941183818,0.48124108536600724
LOG_HPPB,fus_GRS_early_attfp,0,3,66,0.04193962509415261,0.30619252890227366,0.6332771337367612
LOG_HPPB,fus_GRS_early_attfp,0,4,66,0.1684613522967936,0.6169775282407691,0.5189728778825387
LOG_HPPB,fus_GRS_early_attfp,1,0,66,-0.05815273284611533,0.49419156866869557,0.5974548184607156
LOG_HPPB,fus_GRS_early_attfp,1,1,66,0.11682554479537444,0.49753154716776593,0.5991682634979076
LOG_HPPB,fus_GRS_early_attfp,1,2,66,0.12527851521733213,0.5080942291710759,0.5748960356172002
LOG_HPPB,fus_GRS_early_attfp,1,3,66,0.2736858028384346,0.6125103069982625,0.5164532448176474
LOG_HPPB,fus_GRS_early_attfp,1,4,66,-0.240580235112408,0.353453224664119,0.7190142647490341
LOG_HPPB,fus_GRS_early_attfp,2,0,66,0.26593559672973965,0.6102140717801516,0.5186293865431217
LOG_HPPB,fus_GRS_early_attfp,2,1,66,-0.2891948343097952,0.5019778935446533,0.662206598788418
LOG_HPPB,fus_GRS_early_attfp,2,2,66,0.12873696009347035,0.5166111743437052,0.5701357250630408
LOG_HPPB,fus_GRS_early_attfp,2,3,66,0.11415164625233054,0.42760074734348064,0.5935520381195866
LOG_HPPB,fus_GRS_early_attfp,2,4,66,0.27808178343665557,0.6304418165651463,0.5006074339045119
LOG_HPPB,fus_GRS_early_attfp,3,0,66,-0.25304636597575714,0.06602719995349683,0.7119017908533501
LOG_HPPB,fus_GRS_early_attfp,3,1,66,0.2526901379593187,0.5515348245246094,0.5234078546957401
LOG_HPPB,fus_GRS_early_attfp,3,2,66,-0.09239562213418218,0.1889384087192854,0.7092492617443884
LOG_HPPB,fus_GRS_early_attfp,3,3,66,0.14195731850054427,0.42142178712020045,0.5783302626079998
LOG_HPPB,fus_GRS_early_attfp,3,4,66,0.2656772312730462,0.5933889300910847,0.5157626485498343
LOG_HPPB,fus_GRS_early_attfp,4,0,66,0.09436276340770045,0.5300545878024634,0.5978677909646558
LOG_HPPB,fus_GRS_early_attfp,4,1,66,0.09954535101439399,0.5049838741938166,0.5941995527273526
LOG_HPPB,fus_GRS_early_attfp,4,2,66,0.37255571582591107,0.6834848501035073,0.475240175544159
LOG_HPPB,fus_GRS_early_attfp,4,3,66,0.28566403403209095,0.6382698911723425,0.49871588876564615
LOG_HPPB,fus_GRS_early_attfp,4,4,66,0.343681171871687,0.6218622467956594,0.49647301907435587
LOG_HPPB,fus_GRS_early_lgbm,0,0,66,0.031752568369776246,0.4669443052772212,0.6159635150175727
LOG_HPPB,fus_GRS_early_lgbm,0,1,66,0.06822115763397896,0.4692301269205077,0.5707846571894969
LOG_HPPB,fus_GRS_early_lgbm,0,2,66,0.1558047258658013,0.5165485497468477,0.5603115744806519
LOG_HPPB,fus_GRS_early_lgbm,0,3,66,-0.004938613165380801,0.4193134256926623,0.5975615656956926
LOG_HPPB,fus_GRS_early_lgbm,0,4,66,-0.01583561516891807,0.4745274452554189,0.6052548140427824
LOG_HPPB,fus_GRS_early_lgbm,1,0,66,0.10335391101683444,0.5308895824272309,0.5445072679725268
LOG_HPPB,fus_GRS_early_lgbm,1,1,66,0.1487248626407176,0.48955734850123545,0.569123844498974
LOG_HPPB,fus_GRS_early_lgbm,1,2,66,-0.07112227404578286,0.4539030780236596,0.6117543350843627
LOG_HPPB,fus_GRS_early_lgbm,1,3,66,-0.1584818607568792,0.46168940289961724,0.6686773649592492
LOG_HPPB,fus_GRS_early_lgbm,1,4,66,0.06896488208318674,0.49039234312600305,0.5703271317639803
LOG_HPPB,fus_GRS_early_lgbm,2,0,66,0.3121829312418698,0.5737665564090465,0.49589371709647156
LOG_HPPB,fus_GRS_early_lgbm,2,1,66,-0.03853702269863635,0.4856328737648279,0.6191687147562417
LOG_HPPB,fus_GRS_early_lgbm,2,2,66,-0.13911388764434562,0.49961903372968486,0.6260577842265087
LOG_HPPB,fus_GRS_early_lgbm,2,3,66,-0.029247757303094923,0.39027648761636957,0.6266493536426351
LOG_HPPB,fus_GRS_early_lgbm,2,4,66,0.13021704943701562,0.49961903372968486,0.5875290634634409
LOG_HPPB,fus_GRS_early_lgbm,3,0,66,0.17929719058188553,0.5319750754394288,0.5682780956975784
LOG_HPPB,fus_GRS_early_lgbm,3,1,66,0.061565589456955006,0.5456689872856172,0.5617215246976534
LOG_HPPB,fus_GRS_early_lgbm,3,2,66,0.22703719390110977,0.5702342184368738,0.5329548356283791
LOG_HPPB,fus_GRS_early_lgbm,3,3,66,-0.5208481021789104,0.23567723284065106,0.7434224541307827
LOG_HPPB,fus_GRS_early_lgbm,3,4,66,0.03369743143252979,0.49559018466518123,0.583936585191777
LOG_HPPB,fus_GRS_early_lgbm,4,0,66,-0.05732739666089559,0.46701249363251063,0.6281303290800256
LOG_HPPB,fus_GRS_early_lgbm,4,1,66,0.0549289992498988,0.47383857468998564,0.568771535662707
LOG_HPPB,fus_GRS_early_lgbm,4,2,66,0.16604766198510235,0.4831696396217634,0.5703027507032852
LOG_HPPB,fus_GRS_early_lgbm,4,3,66,-0.0459934644505926,0.47074909457834563,0.6191302490148137
LOG_HPPB,fus_GRS_early_lgbm,4,4,66,0.03951764616148312,0.42350927368211944,0.6030539319897538
LOG_HPPB,fus_GRS_early_rf,0,0,66,0.11779498429043977,0.521767266151645,0.5666461532091948
LOG_HPPB,fus_GRS_early_rf,0,1,66,0.07590593025359404,0.4628166456430535,0.5695824651705743
LOG_HPPB,fus_GRS_early_rf,0,2,66,0.12136246868239198,0.4411067853990963,0.5772338885307485
LOG_HPPB,fus_GRS_early_rf,0,3,66,0.12859339200441133,0.44250540139558203,0.5563613691658499
LOG_HPPB,fus_GRS_early_rf,0,4,66,0.008595728903522892,0.4491644835281035,0.5932912316018556
LOG_HPPB,fus_GRS_early_rf,1,0,66,0.14756944950368556,0.516694673806182,0.5414080774051725
LOG_HPPB,fus_GRS_early_rf,1,1,66,0.10419629926861274,0.4181861829492261,0.595704311107806
LOG_HPPB,fus_GRS_early_rf,1,2,66,-0.10991518529940558,0.3394253149680236,0.6466499909500586
LOG_HPPB,fus_GRS_early_rf,1,3,66,-0.05454437790052369,0.5296530561122245,0.6224913297430174
LOG_HPPB,fus_GRS_early_rf,1,4,66,0.12331588668009896,0.42451126723184057,0.5638023112415816
LOG_HPPB,fus_GRS_early_rf,2,0,66,0.14676504548723468,0.384389775511758,0.5650730181436614
LOG_HPPB,fus_GRS_early_rf,2,1,66,-0.012083320735132519,0.4572848062539683,0.5824909319300863
LOG_HPPB,fus_GRS_early_rf,2,2,66,-0.07814159172181334,0.4383513031373632,0.6255422302282568
LOG_HPPB,fus_GRS_early_rf,2,3,66,-0.05291646870925781,0.3103675020261116,0.6550325875231091
LOG_HPPB,fus_GRS_early_rf,2,4,66,0.11039817876416635,0.4385809266591743,0.5730430120570783
LOG_HPPB,fus_GRS_early_rf,3,0,66,0.1572529498507914,0.46152240397466376,0.5723289126340502
LOG_HPPB,fus_GRS_early_rf,3,1,66,-0.019106439132068553,0.4724817084247383,0.607125525322094
LOG_HPPB,fus_GRS_early_rf,3,2,66,0.26753052827816837,0.5212871442424037,0.5287292876351594
LOG_HPPB,fus_GRS_early_rf,3,3,66,-0.23662366062989282,0.27577029058116237,0.6790132465987492
LOG_HPPB,fus_GRS_early_rf,3,4,66,0.05449597537742312,0.5281132252998788,0.5863470836132135
LOG_HPPB,fus_GRS_early_rf,4,0,66,-0.05789117670275323,0.46075003394675373,0.6459265840827171
LOG_HPPB,fus_GRS_early_rf,4,1,66,0.05296989127446583,0.46210690021200107,0.5866327783235115
LOG_HPPB,fus_GRS_early_rf,4,2,66,0.10392024002325373,0.42381638276553113,0.5777532041931983
LOG_HPPB,fus_GRS_early_rf,4,3,66,-0.011104028244339537,0.4842497494989981,0.6039464556250942
LOG_HPPB,fus_GRS_early_rf,4,4,66,0.1201257664067319,0.41804005888989176,0.5804102576352179
LOG_HPPB,fus_GRS_late_attfp,0,0,66,0.06155968796167577,0.45878779657854996,0.5858916711887057
LOG_HPPB,fus_GRS_late_attfp,0,1,66,-0.0934041404993815,0.3498001231807608,0.6360812293267816
LOG_HPPB,fus_GRS_late_attfp,0,2,66,0.1246815730402181,0.40315627970340956,0.5907117896034215
LOG_HPPB,fus_GRS_late_attfp,0,3,66,-0.05797497287107811,-0.2832719264524034,0.674688951614744
LOG_HPPB,fus_GRS_late_attfp,0,4,66,0.1633463907822038,0.5147324364379782,0.5564028270409509
LOG_HPPB,fus_GRS_late_attfp,1,0,66,0.36170775004468303,0.5935350541504191,0.4974300053691604
LOG_HPPB,fus_GRS_late_attfp,1,1,66,-0.03552375137126318,0.26993288732174125,0.638359446909465
LOG_HPPB,fus_GRS_late_attfp,1,2,66,-0.04106780009487543,0.4072268784991515,0.6168859788122162
LOG_HPPB,fus_GRS_late_attfp,1,3,66,0.11330311209600019,0.46179377722771325,0.574718178274708
LOG_HPPB,fus_GRS_late_attfp,1,4,66,0.05002562802768373,0.25314949536391274,0.6394799703071219
LOG_HPPB,fus_GRS_late_attfp,2,0,66,-0.09329628743924223,0.18998215200024493,0.654165367213236
LOG_HPPB,fus_GRS_late_attfp,2,1,66,0.004639665842576357,0.4681188615103276,0.5759146197574139
LOG_HPPB,fus_GRS_late_attfp,2,2,66,0.09362626176542665,0.40797837366144235,0.582901376500744
LOG_HPPB,fus_GRS_late_attfp,2,3,66,-0.06576091798282602,0.18614117672631403,0.6546612680191287
LOG_HPPB,fus_GRS_late_attfp,2,4,66,-0.09307171875508735,0.02924568673248469,0.6717103247724209
LOG_HPPB,fus_GRS_late_attfp,3,0,66,-0.07099631853822452,-0.10598169274862582,0.6855449322878984
LOG_HPPB,fus_GRS_late_attfp,3,1,66,0.0030147164501779233,0.42421901911317184,0.6079801150284676
LOG_HPPB,fus_GRS_late_attfp,3,2,66,-0.06439519463976695,0.13466375810939235,0.6557901187308364
LOG_HPPB,fus_GRS_late_attfp,3,3,66,0.025840022132550322,0.37629032765151244,0.5830573596498846
LOG_HPPB,fus_GRS_late_attfp,3,4,66,0.13262579711356104,0.5268189836314889,0.5828217903244226
LOG_HPPB,fus_GRS_late_attfp,4,0,66,0.08299446755708129,0.49022534420104946,0.5804679626015119
LOG_HPPB,fus_GRS_late_attfp,4,1,66,-0.08013172914484024,0.3040215428778779,0.6378302827365097
LOG_HPPB,fus_GRS_late_attfp,4,2,66,0.024699352870548252,0.38971286624465135,0.5939207518196697
LOG_HPPB,fus_GRS_late_attfp,4,3,66,-0.03619108137098537,0.5466918557009575,0.6035524656996916
LOG_HPPB,fus_GRS_late_attfp,4,4,66,-0.17558191465054396,-0.6026364955603858,0.7181757038403225
LOG_HPPB,fus_GRS_late_lgbm,0,0,66,0.19763450647403924,0.5311482273217019,0.5474332653536197
LOG_HPPB,fus_GRS_late_lgbm,0,1,66,0.13111408099670985,0.541285591429395,0.5613815550677312
LOG_HPPB,fus_GRS_late_lgbm,0,2,66,0.29814947075372134,0.6329189267901848,0.5060689542408212
LOG_HPPB,fus_GRS_late_lgbm,0,3,66,0.06813539937122737,0.5764737905398876,0.5918288582283118
LOG_HPPB,fus_GRS_late_lgbm,0,4,66,0.20155475651467591,0.6322497857446777,0.5333153085719169
LOG_HPPB,fus_GRS_late_lgbm,1,0,66,0.14005081103106265,0.5760258037343047,0.5342868805999146
LOG_HPPB,fus_GRS_late_lgbm,1,1,66,0.062151077327757154,0.5713495389100243,0.5761439517930671
LOG_HPPB,fus_GRS_late_lgbm,1,2,66,0.04254405263816352,0.5656499271904972,0.5498732375423306
LOG_HPPB,fus_GRS_late_lgbm,1,3,66,0.07584338332176077,0.5205081979015012,0.5535012568644395
LOG_HPPB,fus_GRS_late_lgbm,1,4,66,0.12157605943350247,0.6353971476891422,0.5512766054277282
LOG_HPPB,fus_GRS_late_lgbm,2,0,66,0.1408651346821529,0.5503783730061218,0.5503080361295738
LOG_HPPB,fus_GRS_late_lgbm,2,1,66,0.1261895020554834,0.5794298311607224,0.5424852438632758
LOG_HPPB,fus_GRS_late_lgbm,2,2,66,0.09359007368864869,0.6205445928233575,0.5554457055578242
LOG_HPPB,fus_GRS_late_lgbm,2,3,66,-0.09596903534572432,0.44645691285878203,0.6323252914613229
LOG_HPPB,fus_GRS_late_lgbm,2,4,66,0.2472366991351117,0.6144989583012591,0.5335643429874245
LOG_HPPB,fus_GRS_late_lgbm,3,0,66,0.14804954081329869,0.5434319800973901,0.5572939594777694
LOG_HPPB,fus_GRS_late_lgbm,3,1,66,-0.09906491654046956,0.5274764638612814,0.6403204787515328
LOG_HPPB,fus_GRS_late_lgbm,3,2,66,0.13055097135426053,0.5572177295031966,0.5827378317818378
LOG_HPPB,fus_GRS_late_lgbm,3,3,66,0.1394524325190133,0.5797242167985502,0.5156707882936065
LOG_HPPB,fus_GRS_late_lgbm,3,4,66,0.09256742527398898,0.551027233342015,0.553853614903828
LOG_HPPB,fus_GRS_late_lgbm,4,0,66,0.08568734692606705,0.5615000371790052,0.5724570811985801
LOG_HPPB,fus_GRS_late_lgbm,4,1,66,0.06198978870721261,0.5694601071861518,0.559379963187313
LOG_HPPB,fus_GRS_late_lgbm,4,2,66,0.1392159456771046,0.5974298563377193,0.5392241860908524
LOG_HPPB,fus_GRS_late_lgbm,4,3,66,0.12627068151162624,0.5672275986000173,0.5322662306874326
LOG_HPPB,fus_GRS_late_lgbm,4,4,66,0.26470286537214227,0.5931442656011935,0.4899138657626091
LOG_HPPB,fus_GRS_late_rf,0,0,66,0.14412472090072082,0.5232076318793691,0.5367530847384847
LOG_HPPB,fus_GRS_late_rf,0,1,66,0.06481007011379525,0.5104948387172826,0.5630273193353789
LOG_HPPB,fus_GRS_late_rf,0,2,66,0.342035243919777,0.6265382166943578,0.46025330750204546
LOG_HPPB,fus_GRS_late_rf,0,3,66,0.11306754536720764,0.5496952115350262,0.5497389793740908
LOG_HPPB,fus_GRS_late_rf,0,4,66,0.21023775055995408,0.6043064848099209,0.5068999643067423
LOG_HPPB,fus_GRS_late_rf,1,0,66,0.23258830322323798,0.583515118653208,0.5110467311867427
LOG_HPPB,fus_GRS_late_rf,1,1,66,0.16777810164912121,0.5753903640614563,0.541446053766818
LOG_HPPB,fus_GRS_late_rf,1,2,66,0.05942251282457833,0.5678618028983112,0.5513739601731062
LOG_HPPB,fus_GRS_late_rf,1,3,66,0.08695208333690185,0.5209322715268775,0.5628732334636364
LOG_HPPB,fus_GRS_late_rf,1,4,66,0.0691998992176005,0.6029580612131502,0.5476937657297728
LOG_HPPB,fus_GRS_late_rf,2,0,66,0.2489402341334127,0.5857130928523715,0.5186149752066667
LOG_HPPB,fus_GRS_late_rf,2,1,66,0.2074190072122446,0.5761105544422179,0.5105836335169697
LOG_HPPB,fus_GRS_late_rf,2,2,66,0.0631069808855882,0.5881493388206682,0.5330001072756061
LOG_HPPB,fus_GRS_late_rf,2,3,66,-0.0037962465740164486,0.45530551332384966,0.5780640213546211
LOG_HPPB,fus_GRS_late_rf,2,4,66,0.1941924553525448,0.6349716624045105,0.5321780568631816
LOG_HPPB,fus_GRS_late_rf,3,0,66,0.11500065618749311,0.579444519857466,0.5333073827168179
LOG_HPPB,fus_GRS_late_rf,3,1,66,0.07531761999090447,0.5269810454241818,0.5729322202507574
LOG_HPPB,fus_GRS_late_rf,3,2,66,0.1775587066543437,0.6053733026100322,0.5503467490409093
LOG_HPPB,fus_GRS_late_rf,3,3,66,0.19207250333473658,0.5671655811623246,0.5157635189439396
LOG_HPPB,fus_GRS_late_rf,3,4,66,0.0856923044546476,0.5356490517884062,0.5542160900448485
LOG_HPPB,fus_GRS_late_rf,4,0,66,0.13455355722270768,0.5670865994109059,0.5568491369195454
LOG_HPPB,fus_GRS_late_rf,4,1,66,0.24197451013660665,0.5959376663825201,0.4845679891759847
LOG_HPPB,fus_GRS_late_rf,4,2,66,0.2185441939697541,0.5860618522587492,0.5251564315217426
LOG_HPPB,fus_GRS_late_rf,4,3,66,0.1557400126128311,0.5406381446713925,0.5254928481809089
LOG_HPPB,fus_GRS_late_rf,4,4,66,0.2807417840614682,0.6153075389912339,0.4750283192066668
LOG_HPPB,fus_GR_early_attfp,0,0,66,0.232852284892769,0.5382166602595665,0.5279177905343808
LOG_HPPB,fus_GR_early_attfp,0,1,66,0.305459080859928,0.5821373775223415,0.5170073696236062
LOG_HPPB,fus_GR_early_attfp,0,2,66,0.2762045432675454,0.5727854377249445,0.525066705206935
LOG_HPPB,fus_GR_early_attfp,0,3,66,0.15096400321946657,0.4442380152419748,0.6092404792675674
LOG_HPPB,fus_GR_early_attfp,0,4,66,0.18521435316301815,0.49460906598107934,0.5568162629598928
LOG_HPPB,fus_GR_early_attfp,1,0,66,0.337382507534817,0.60871108145557,0.490508918383015
LOG_HPPB,fus_GR_early_attfp,1,1,66,0.11989241929111238,0.4772829275171519,0.5660995747217481
LOG_HPPB,fus_GR_early_attfp,1,2,66,0.21022221024003795,0.5298458391462715,0.5374447845812603
LOG_HPPB,fus_GR_early_attfp,1,3,66,0.20109520723654262,0.5782546525171723,0.5506378481452732
LOG_HPPB,fus_GR_early_attfp,1,4,66,0.12762623271530094,0.563475247658786,0.5718501949629413
LOG_HPPB,fus_GR_early_attfp,2,0,66,0.1521266700083561,0.45507207049833415,0.5732915826712449
LOG_HPPB,fus_GR_early_attfp,2,1,66,0.17996846081363926,0.5645607406709838,0.5470898040564538
LOG_HPPB,fus_GR_early_attfp,2,2,66,0.20149254417871698,0.5451679905107566,0.5679985464495984
LOG_HPPB,fus_GR_early_attfp,2,3,66,0.21383343690741174,0.49120646288515146,0.5651974313195094
LOG_HPPB,fus_GR_early_attfp,2,4,66,0.21923197190367694,0.5842874886811181,0.5515308377136101
LOG_HPPB,fus_GR_early_attfp,3,0,66,-0.24967706394228228,-0.030790426788304723,0.7221292088372392
LOG_HPPB,fus_GR_early_attfp,3,1,66,0.26355946839839683,0.5897358286077266,0.5301292277131265
LOG_HPPB,fus_GR_early_attfp,3,2,66,0.08917321369249454,0.5148994353629317,0.6210657794105567
LOG_HPPB,fus_GR_early_attfp,3,3,66,0.3046953250584835,0.5820538780598647,0.5237375789342481
LOG_HPPB,fus_GR_early_attfp,3,4,66,0.3115884186996599,0.617520274746868,0.517635215047477
LOG_HPPB,fus_GR_early_attfp,4,0,66,0.00696207467135046,0.3442265340604372,0.6340830583652671
LOG_HPPB,fus_GR_early_attfp,4,1,66,-0.23169704421897697,0.16365894645444679,0.6920458444262964
LOG_HPPB,fus_GR_early_attfp,4,2,66,0.3688617353083695,0.6382907660379616,0.4915479926525506
LOG_HPPB,fus_GR_early_attfp,4,3,66,0.26996976992495136,0.6113621893892071,0.5103857589800901
LOG_HPPB,fus_GR_early_attfp,4,4,66,0.31976112541664414,0.5978561513335914,0.5070071546198642
LOG_HPPB,fus_GR_early_lgbm,0,0,66,0.12831045745932756,0.47118194722778894,0.5814780824180861
LOG_HPPB,fus_GR_early_lgbm,0,1,66,0.11831287820954184,0.48614938209752845,0.5534702066274375
LOG_HPPB,fus_GR_early_lgbm,0,2,66,0.22113853035648023,0.5291784525427338,0.5349730390323011
LOG_HPPB,fus_GR_early_lgbm,0,3,66,0.16243819918064695,0.43189812661433574,0.566633377158061
LOG_HPPB,fus_GR_early_lgbm,0,4,66,0.07718376552624273,0.46227389913695466,0.5619536353667078
LOG_HPPB,fus_GR_early_lgbm,1,0,66,0.16665087532172773,0.468347824297225,0.5419795345432419
LOG_HPPB,fus_GR_early_lgbm,1,1,66,0.22224641056973837,0.4828770340634824,0.5602392796811853
LOG_HPPB,fus_GR_early_lgbm,1,2,66,-0.041257290932478874,0.3876021585272771,0.6154206410292392
LOG_HPPB,fus_GR_early_lgbm,1,3,66,0.10430009364546566,0.5213156879276302,0.5844017831965136
LOG_HPPB,fus_GR_early_lgbm,1,4,66,0.1839733418765459,0.49850743152972626,0.5384866654086361
LOG_HPPB,fus_GR_early_lgbm,2,0,66,0.2637843883226576,0.5170758183032732,0.5269167109426847
LOG_HPPB,fus_GR_early_lgbm,2,1,66,-0.001671455570942948,0.49287115898463596,0.6211985530358209
LOG_HPPB,fus_GR_early_lgbm,2,2,66,0.006709516563977558,0.47498121242484975,0.5908455905596737
LOG_HPPB,fus_GR_early_lgbm,2,3,66,0.09716076261620576,0.41866460699306884,0.5892966116050355
LOG_HPPB,fus_GR_early_lgbm,2,4,66,0.3049313357667591,0.5802795144822337,0.5177352387985095
LOG_HPPB,fus_GR_early_lgbm,3,0,66,0.2655337779847944,0.5265899151705845,0.52810800267231
LOG_HPPB,fus_GR_early_lgbm,3,1,66,0.08765795491357797,0.48969814629258523,0.5680746090998756
LOG_HPPB,fus_GR_early_lgbm,3,2,66,0.24684480808206466,0.5412861273479483,0.5278472527871889
LOG_HPPB,fus_GR_early_lgbm,3,3,66,-0.2513464137488739,0.2562103373413494,0.6961445790259073
LOG_HPPB,fus_GR_early_lgbm,3,4,66,0.10390852716171717,0.49940503571565104,0.5743787237611753
LOG_HPPB,fus_GR_early_lgbm,4,0,66,0.05386244171008603,0.4717246993987977,0.5994785424050523
LOG_HPPB,fus_GR_early_lgbm,4,1,66,0.23075187830201516,0.5451898087075605,0.5112661553699438
LOG_HPPB,fus_GR_early_lgbm,4,2,66,0.24178514721974242,0.5176135355736151,0.5507871533980089
LOG_HPPB,fus_GR_early_lgbm,4,3,66,0.06548314094500374,0.4671113059452238,0.583660515371451
LOG_HPPB,fus_GR_early_lgbm,4,4,66,0.20319164593632233,0.5120189548015505,0.5571011169354297
LOG_HPPB,fus_GR_early_rf,0,0,66,-0.023776058873899997,0.46793098771975505,0.609573125936645
LOG_HPPB,fus_GR_early_rf,0,1,66,0.01602541061975349,0.41549332528435057,0.6005076861631574
LOG_HPPB,fus_GR_early_rf,0,2,66,0.056771585182870066,0.3744468102872412,0.6119409359785447
LOG_HPPB,fus_GR_early_rf,0,3,66,0.08036072557859197,0.3816969178468826,0.5755698544345665
LOG_HPPB,fus_GR_early_rf,0,4,66,0.0071780506735354965,0.43162959640798426,0.5897245377698983
LOG_HPPB,fus_GR_early_rf,1,0,66,0.20402685684687605,0.46052041042494263,0.5348705299706604
LOG_HPPB,fus_GR_early_rf,1,1,66,0.049624805324653076,0.35261823003935144,0.6136360620684519
LOG_HPPB,fus_GR_early_rf,1,2,66,-0.039613171127924174,0.3762838176352706,0.627088884565984
LOG_HPPB,fus_GR_early_rf,1,3,66,-0.05263831639444083,0.5120762358049433,0.6262077453613628
LOG_HPPB,fus_GR_early_rf,1,4,66,0.0518775693141742,0.35889487307949236,0.6105435965217598
LOG_HPPB,fus_GR_early_rf,2,0,66,0.12083001346323441,0.39349121692172473,0.5804324959983796
LOG_HPPB,fus_GR_early_rf,2,1,66,-0.11782700536577684,0.45155936873747504,0.6390517139199522
LOG_HPPB,fus_GR_early_rf,2,2,66,-0.04925158795125362,0.418430611222445,0.6203111987502442
LOG_HPPB,fus_GR_early_rf,2,3,66,-0.03346041690200363,0.2971954618204029,0.6430449607194028
LOG_HPPB,fus_GR_early_rf,2,4,66,0.09635674207638123,0.3887984301937208,0.5880006612972348
LOG_HPPB,fus_GR_early_rf,3,0,66,0.17343409105315788,0.44690422511690053,0.583943502575137
LOG_HPPB,fus_GR_early_rf,3,1,66,0.05462813847476977,0.503308700734803,0.5830648727258817
LOG_HPPB,fus_GR_early_rf,3,2,66,0.2295702987864745,0.47111932197728806,0.5490882743092305
LOG_HPPB,fus_GR_early_rf,3,3,66,-0.18530223034949445,0.29399423847695394,0.6655830802522019
LOG_HPPB,fus_GR_early_rf,3,4,66,0.03409246661331777,0.5059232431466801,0.6000653876264338
LOG_HPPB,fus_GR_early_rf,4,0,66,-0.023552343956452892,0.46638067802271216,0.6374595941842832
LOG_HPPB,fus_GR_early_rf,4,1,66,0.03203113775975763,0.4461527221108885,0.6085810302083108
LOG_HPPB,fus_GR_early_rf,4,2,66,0.11683234748715221,0.4078469438877756,0.581661973857333
LOG_HPPB,fus_GR_early_rf,4,3,66,0.021310856055804184,0.49412894407183805,0.5937118027089991
LOG_HPPB,fus_GR_early_rf,4,4,66,0.11853568538789483,0.3870408834453951,0.5874306833163545
LOG_HPPB,fus_GR_late_attfp,0,0,66,0.12870081228230112,0.48410900857462696,0.5583008885580268
LOG_HPPB,fus_GR_late_attfp,0,1,66,0.07993985010578541,0.4994520348047313,0.5905218757241009
LOG_HPPB,fus_GR_late_attfp,0,2,66,0.06074542800336047,0.3530148524861161,0.602193521870136
LOG_HPPB,fus_GR_late_attfp,0,3,66,0.025726338945936345,0.3418467993798496,0.5861058680230065
LOG_HPPB,fus_GR_late_attfp,0,4,66,0.03493275992231826,0.40568213844333145,0.579851990436632
LOG_HPPB,fus_GR_late_attfp,1,0,66,0.2356017109246069,0.49074721584152925,0.5471779152475442
LOG_HPPB,fus_GR_late_attfp,1,1,66,-0.12155634604678767,0.22263044182865754,0.6567452969154457
LOG_HPPB,fus_GR_late_attfp,1,2,66,-0.007423435554855695,0.43204709372036804,0.6127622582326002
LOG_HPPB,fus_GR_late_attfp,1,3,66,0.1827834506394983,0.5082821029616487,0.5724164555271831
LOG_HPPB,fus_GR_late_attfp,1,4,66,0.05139157088703705,0.25661472305669825,0.6346343678128242
LOG_HPPB,fus_GR_late_attfp,2,0,66,-0.09540224019041466,0.19048314877510547,0.6505615654297952
LOG_HPPB,fus_GR_late_attfp,2,1,66,-0.13418915437487056,0.3812167959376412,0.629757017282273
LOG_HPPB,fus_GR_late_attfp,2,2,66,0.08141530245262929,0.447891116725333,0.572239059946693
LOG_HPPB,fus_GR_late_attfp,2,3,66,-0.1890656416631573,0.16472356460102544,0.6733938704967845
LOG_HPPB,fus_GR_late_attfp,2,4,66,-0.10462704637113984,0.04214635368514389,0.672122466055774
LOG_HPPB,fus_GR_late_attfp,3,0,66,-0.08155522450403585,-0.20384306277138683,0.6892145686413021
LOG_HPPB,fus_GR_late_attfp,3,1,66,0.12390024036164948,0.5256708660224335,0.5846160208605754
LOG_HPPB,fus_GR_late_attfp,3,2,66,-0.057865736595440476,-0.023275475165396447,0.6686132732788066
LOG_HPPB,fus_GR_late_attfp,3,3,66,0.02715115648992983,0.37380621864282887,0.5954067516799696
LOG_HPPB,fus_GR_late_attfp,3,4,66,0.17938098112846146,0.4520869647147901,0.5591034809762971
LOG_HPPB,fus_GR_late_attfp,4,0,66,0.10035028940059254,0.5095972194956575,0.5844016952031272
LOG_HPPB,fus_GR_late_attfp,4,1,66,-0.017456710361963834,0.33182686388263855,0.6278777480782989
LOG_HPPB,fus_GR_late_attfp,4,2,66,0.032381860032451026,0.33785970004658433,0.607090934816988
LOG_HPPB,fus_GR_late_attfp,4,3,66,0.02306335071658605,0.5088665991989858,0.5869875501259209
LOG_HPPB,fus_GR_late_attfp,4,4,66,-0.18517614332236954,-0.6021563736511444,0.7221928365416183
LOG_HPPB,fus_GR_late_lgbm,0,0,66,0.0915189476485524,0.5026535266873664,0.5474404555360155
LOG_HPPB,fus_GR_late_lgbm,0,1,66,0.03078737829994005,0.5258894045133611,0.5818057739335102
LOG_HPPB,fus_GR_late_lgbm,0,2,66,0.3223403711914782,0.6513223447677514,0.49013062268651486
LOG_HPPB,fus_GR_late_lgbm,0,3,66,0.08988634372005078,0.5796703009762977,0.5759195491331148
LOG_HPPB,fus_GR_late_lgbm,0,4,66,0.19155918505689917,0.599807028539914,0.5401291563522709
LOG_HPPB,fus_GR_late_lgbm,1,0,66,0.07225361457672608,0.5574875387073667,0.5829533184398759
LOG_HPPB,fus_GR_late_lgbm,1,1,66,0.1410552416408617,0.5734694355150083,0.5438315379525672
LOG_HPPB,fus_GR_late_lgbm,1,2,66,0.05385195514362817,0.5937542018186945,0.5606102349495323
LOG_HPPB,fus_GR_late_lgbm,1,3,66,0.05940517550123814,0.5040828201739098,0.5748431814893626
LOG_HPPB,fus_GR_late_lgbm,1,4,66,0.11721363342815128,0.6225181983075815,0.5604103293449111
LOG_HPPB,fus_GR_late_lgbm,2,0,66,0.08638814775100068,0.5823211962651685,0.5746435921775078
LOG_HPPB,fus_GR_late_lgbm,2,1,66,0.0734291516052552,0.6001999354684961,0.544845703379634
LOG_HPPB,fus_GR_late_lgbm,2,2,66,0.08346357615692235,0.6320448799634572,0.5517228757141791
LOG_HPPB,fus_GR_late_lgbm,2,3,66,-0.0758887373899364,0.4616413625455965,0.6315291906025116
LOG_HPPB,fus_GR_late_lgbm,2,4,66,0.20552711166090443,0.6338405250546403,0.534378090825402
LOG_HPPB,fus_GR_late_lgbm,3,0,66,0.19942563407640024,0.5890225007745014,0.5345939496621772
LOG_HPPB,fus_GR_late_lgbm,3,1,66,-0.10577085374740425,0.5178903594589258,0.6425257174327724
LOG_HPPB,fus_GR_late_lgbm,3,2,66,0.05886684613488835,0.6217727826281967,0.590657708911528
LOG_HPPB,fus_GR_late_lgbm,3,3,66,0.12504756730263578,0.5907043002350421,0.5338645264064837
LOG_HPPB,fus_GR_late_lgbm,3,4,66,0.08053490038435795,0.5432537456130289,0.5608030218100505
LOG_HPPB,fus_GR_late_lgbm,4,0,66,0.06480479144818807,0.5841441934416984,0.5820415962689159
LOG_HPPB,fus_GR_late_lgbm,4,1,66,0.07147096446312928,0.5996434345579397,0.5505549395199814
LOG_HPPB,fus_GR_late_lgbm,4,2,66,0.18409401018623317,0.5765021336646193,0.5317308100509198
LOG_HPPB,fus_GR_late_lgbm,4,3,66,0.08617988525524956,0.5390707045398788,0.5435813302319444
LOG_HPPB,fus_GR_late_lgbm,4,4,66,0.25267442197667034,0.5930906521512962,0.48081860926607906
LOG_HPPB,fus_GR_late_rf,0,0,66,0.07989778754624943,0.4858726398127036,0.5448578630154545
LOG_HPPB,fus_GR_late_rf,0,1,66,0.05411924790437439,0.5159226361611627,0.5681779503042425
LOG_HPPB,fus_GR_late_rf,0,2,66,0.341120761665611,0.632744655978624,0.4627585780442425
LOG_HPPB,fus_GR_late_rf,0,3,66,0.10095679727205353,0.5375301407068133,0.5549902597733333
LOG_HPPB,fus_GR_late_rf,0,4,66,0.21105554119021885,0.6190401636606547,0.505886866250303
LOG_HPPB,fus_GR_late_rf,1,0,66,0.22375662662949403,0.5824939722884542,0.5220358204754545
LOG_HPPB,fus_GR_late_rf,1,1,66,0.1631523104405329,0.5830576054259384,0.5409582318766668
LOG_HPPB,fus_GR_late_rf,1,2,66,0.0623173753055043,0.5659144522453058,0.5540217528072727
LOG_HPPB,fus_GR_late_rf,1,3,66,0.11639903963265164,0.5322255738268591,0.5563329695463636
LOG_HPPB,fus_GR_late_rf,1,4,66,0.07779517534473912,0.6047179168979057,0.5463524079648484
LOG_HPPB,fus_GR_late_rf,2,0,66,0.23983445484027044,0.5879467267869072,0.5201253789136363
LOG_HPPB,fus_GR_late_rf,2,1,66,0.1820554231386473,0.5947790871554693,0.503017728988788
LOG_HPPB,fus_GR_late_rf,2,2,66,0.07012154193564979,0.5873352190615198,0.5369878464842425
LOG_HPPB,fus_GR_late_rf,2,3,66,-0.006871197045759336,0.4436987246024512,0.5763684511893938
LOG_HPPB,fus_GR_late_rf,2,4,66,0.20001373321885052,0.6286179507059051,0.535628881239697
LOG_HPPB,fus_GR_late_rf,3,0,66,0.11071910719415223,0.5678172197075775,0.5382941740278789
LOG_HPPB,fus_GR_late_rf,3,1,66,0.05982557211173267,0.5389175932917195,0.5794177769121213
LOG_HPPB,fus_GR_late_rf,3,2,66,0.17406945245218508,0.5985888296588344,0.5498835976163636
LOG_HPPB,fus_GR_late_rf,3,3,66,0.19539224892741947,0.5948041917167669,0.5141244489730302
LOG_HPPB,fus_GR_late_rf,3,4,66,0.09332329516720128,0.548931195724783,0.554261274730909
LOG_HPPB,fus_GR_late_rf,4,0,66,0.12824557956822447,0.5782546525171723,0.5626769111327273
LOG_HPPB,fus_GR_late_rf,4,1,66,0.23412970762049934,0.5868360349772209,0.48736615721454546
LOG_HPPB,fus_GR_late_rf,4,2,66,0.22788000147213272,0.5843770875083502,0.5249262539951515
LOG_HPPB,fus_GR_late_rf,4,3,66,0.15628480946868195,0.5622286239144957,0.5329163471421212
LOG_HPPB,fus_GR_late_rf,4,4,66,0.2756484531539968,0.611696187239114,0.4756916026278788
LOG_HPPB,lgbm,0,0,66,0.1846743337394503,0.4525822478289914,0.5510691690762195
LOG_HPPB,lgbm,0,1,66,0.21164490756200804,0.4516893337893608,0.5516691796633726
LOG_HPPB,lgbm,0,2,66,0.2684297869586212,0.5201811976443762,0.5377876371472442
LOG_HPPB,lgbm,0,3,66,-0.06736515660273801,0.3668938595500826,0.6390815661030963
LOG_HPPB,lgbm,0,4,66,0.10780514561864452,0.43974407147628597,0.5621662472165693
LOG_HPPB,lgbm,1,0,66,0.07726544072720387,0.3290260628317047,0.6279636011004347
LOG_HPPB,lgbm,1,1,66,0.06480694070631854,0.4165353262514621,0.6023424965532642
LOG_HPPB,lgbm,1,2,66,0.12115639490483743,0.44269207889100315,0.5685835442212697
LOG_HPPB,lgbm,1,3,66,0.2590451229060693,0.5156512572431148,0.5214461512221843
LOG_HPPB,lgbm,1,4,66,0.062475728058483115,0.4288517540705597,0.5943504257822202
LOG_HPPB,lgbm,2,0,66,0.18803588981708574,0.447055016881158,0.5716662971317665
LOG_HPPB,lgbm,2,1,66,0.22905290986286786,0.4994728986671816,0.5510723210880673
LOG_HPPB,lgbm,2,2,66,0.09858812224533597,0.4710198628749275,0.5658331073270386
LOG_HPPB,lgbm,2,3,66,0.06858050280011041,0.3573747221170174,0.6143199470292225
LOG_HPPB,lgbm,2,4,66,-0.014114749603012733,0.37653824879147757,0.6257552000253266
LOG_HPPB,lgbm,3,0,66,0.18836729942639785,0.4700595990110657,0.5517362080519223
LOG_HPPB,lgbm,3,1,66,0.04305639562914121,0.3773106349428447,0.6006868860335309
LOG_HPPB,lgbm,3,2,66,0.1372304148148894,0.40994300992169364,0.5776405883790701
LOG_HPPB,lgbm,3,3,66,0.018529994892270252,0.4097926039030409,0.5918860283642926
LOG_HPPB,lgbm,3,4,66,0.18243085264117376,0.45360986151708454,0.559664636902316
LOG_HPPB,lgbm,4,0,66,0.20707246126573275,0.4790727287909152,0.5486087709171079
LOG_HPPB,lgbm,4,1,66,0.07042277472214264,0.35701984199341624,0.5865666251201466
LOG_HPPB,lgbm,4,2,66,0.30986751321781036,0.570741177606841,0.5039292057834028
LOG_HPPB,lgbm,4,3,66,0.1491672183384085,0.42590833657480925,0.5807173438586957
LOG_HPPB,lgbm,4,4,66,0.05065332838478109,0.37541098251650934,0.6038101023796754
LOG_HPPB,uni_G_attfp,0,0,66,-0.1020734893391464,0.3443935329853907,0.6357429733461665
LOG_HPPB,uni_G_attfp,0,1,66,-0.1191677408573315,0.40108966800710977,0.6481367399952634
LOG_HPPB,uni_G_attfp,0,2,66,-0.001189521193522891,0.24989301632731917,0.6262822615350216
LOG_HPPB,uni_G_attfp,0,3,66,-0.045305567686940273,-0.002463234143064378,0.6677112131480621
LOG_HPPB,uni_G_attfp,0,4,66,-0.03156715189633985,0.39528645536497503,0.6017900156667381
LOG_HPPB,uni_G_attfp,1,0,66,0.20464084148168848,0.44878873594695806,0.5640366909544491
LOG_HPPB,uni_G_attfp,1,1,66,-0.18773919627857572,0.25062363662399084,0.6796868911465086
LOG_HPPB,uni_G_attfp,1,2,66,-0.028769747934610068,0.3730338486149189,0.6172718181228555
LOG_HPPB,uni_G_attfp,1,3,66,-0.11078536737210576,0.5051508731187702,0.635576516413597
LOG_HPPB,uni_G_attfp,1,4,66,-0.023895224165394024,0.040246740913797624,0.6602412381779585
LOG_HPPB,uni_G_attfp,2,0,66,-0.078388169045017,0.19050402364072466,0.6457156106278981
LOG_HPPB,uni_G_attfp,2,1,66,-0.21043170852119975,0.4040538989250347,0.6517156396640902
LOG_HPPB,uni_G_attfp,2,2,66,0.02266019264935537,0.38539176906147915,0.5951612160931885
LOG_HPPB,uni_G_attfp,2,3,66,-0.09733232150264248,0.2063062969144512,0.651069940105299
LOG_HPPB,uni_G_attfp,2,4,66,-0.03138953803523936,0.04552808191545261,0.6603084744199992
LOG_HPPB,uni_G_attfp,3,0,66,-0.1426380514419836,-0.4503961005996357,0.71122221875602
LOG_HPPB,uni_G_attfp,3,1,66,-0.004414258161183904,0.4216096609107732,0.6142590120014193
LOG_HPPB,uni_G_attfp,3,2,66,-0.02857468410042685,0.013923535367999491,0.6633909817970768
LOG_HPPB,uni_G_attfp,3,3,66,-0.05973637487907735,0.30333267231244465,0.6224481398920085
LOG_HPPB,uni_G_attfp,3,4,66,0.1638656053677947,0.5249819954570003,0.5648179284047262
LOG_HPPB,uni_G_attfp,4,0,66,0.09043386164184453,0.5118308301169108,0.6000540072115635
LOG_HPPB,uni_G_attfp,4,1,66,-0.04981635228357595,0.3308248703329174,0.6435247323145573
LOG_HPPB,uni_G_attfp,4,2,66,0.04617053340710198,0.35721070047557313,0.6017745240952029
LOG_HPPB,uni_G_attfp,4,3,66,0.13501424941391893,0.5321003246331439,0.5741043363766235
LOG_HPPB,uni_G_attfp,4,4,66,-0.17057150117331088,-0.42910373766806226,0.7197543974765905
LOG_HPPB,uni_G_lgbm,0,0,66,0.06122481694562687,0.42630051770207095,0.5715628513874219
LOG_HPPB,uni_G_lgbm,0,1,66,-0.14013051606357374,0.3296731971747421,0.6576485330289206
LOG_HPPB,uni_G_lgbm,0,2,66,-0.19848389142609113,0.27411172835047987,0.6898445579091492
LOG_HPPB,uni_G_lgbm,0,3,66,-0.23594253709005897,0.2408354559320141,0.6876307881772652
LOG_HPPB,uni_G_lgbm,0,4,66,-0.10244736455062564,0.40189754509018044,0.651455888017024
LOG_HPPB,uni_G_lgbm,1,0,66,0.2232862189575623,0.5192789449643207,0.5279424905671025
LOG_HPPB,uni_G_lgbm,1,1,66,-0.012437447388393252,0.2756432337868282,0.6772870983077232
LOG_HPPB,uni_G_lgbm,1,2,66,-0.2864632067946338,0.3023474276574562,0.6979397324437969
LOG_HPPB,uni_G_lgbm,1,3,66,-0.16849458553868102,0.4726530698480981,0.6604282580996137
LOG_HPPB,uni_G_lgbm,1,4,66,-0.23596101758529686,0.2505010231401381,0.7166918150360708
LOG_HPPB,uni_G_lgbm,2,0,66,-0.0353651627874807,0.3023474276574562,0.6461105589361731
LOG_HPPB,uni_G_lgbm,2,1,66,-0.12307337613365577,0.4467350010156578,0.6593651505368487
LOG_HPPB,uni_G_lgbm,2,2,66,-0.3667686623792106,0.33726828657314634,0.7076667104370998
LOG_HPPB,uni_G_lgbm,2,3,66,-0.24654142866890894,0.13370284571429716,0.6856068637670614
LOG_HPPB,uni_G_lgbm,2,4,66,-0.5254687992843281,0.09510041342680106,0.8097602518600261
LOG_HPPB,uni_G_lgbm,3,0,66,-0.06442327124986247,0.31737764465703283,0.6701137669605279
LOG_HPPB,uni_G_lgbm,3,1,66,0.035351795061866365,0.48356591900929635,0.5869292889196748
LOG_HPPB,uni_G_lgbm,3,2,66,-0.08705972386802108,0.3171161958423491,0.6940212909555572
LOG_HPPB,uni_G_lgbm,3,3,66,-0.46041861241965987,0.18042044189246584,0.748640576747798
LOG_HPPB,uni_G_lgbm,3,4,66,0.07242355000195799,0.530096965803819,0.5845277478969614
LOG_HPPB,uni_G_lgbm,4,0,66,-0.17407866413740614,0.4264257682030729,0.6692572633904452
LOG_HPPB,uni_G_lgbm,4,1,66,-0.03855004607936707,0.4230945870700407,0.6070800424116979
LOG_HPPB,uni_G_lgbm,4,2,66,0.10822713626665026,0.4467836379631101,0.5787822346702547
LOG_HPPB,uni_G_lgbm,4,3,66,-0.12792650924916815,0.4437312124248498,0.6526825927973761
LOG_HPPB,uni_G_lgbm,4,4,66,-0.03888014107753679,0.31459794589178364,0.642848618423097
LOG_HPPB,uni_G_rf,0,0,66,-0.07177654687402124,0.3987913200714064,0.6354137577436223
LOG_HPPB,uni_G_rf,0,1,66,-0.023252447340546212,0.3996639111556447,0.617258058397072
LOG_HPPB,uni_G_rf,0,2,66,-0.07975962277499815,0.3040383270699085,0.6642115823163482
LOG_HPPB,uni_G_rf,0,3,66,-0.022421075290690595,0.2882118403473614,0.6118213596567786
LOG_HPPB,uni_G_rf,0,4,66,-0.04964754450319231,0.40549229181705093,0.6114730575499085
LOG_HPPB,uni_G_rf,1,0,66,0.18574019269068476,0.4621430360721444,0.5389692264698557
LOG_HPPB,uni_G_rf,1,1,66,-0.029122787029709718,0.2608341683366734,0.6473171854846521
LOG_HPPB,uni_G_rf,1,2,66,-0.08342468769859956,0.342246993987976,0.6411557304355275
LOG_HPPB,uni_G_rf,1,3,66,-0.05820311213658447,0.5171697561790247,0.6272485218448839
LOG_HPPB,uni_G_rf,1,4,66,-0.09617576329030753,0.28191050759830955,0.6738269213542757
LOG_HPPB,uni_G_rf,2,0,66,0.008297827152303205,0.2856263112454271,0.6246824327558964
LOG_HPPB,uni_G_rf,2,1,66,-0.18381238637849995,0.40319802943464794,0.663782994069257
LOG_HPPB,uni_G_rf,2,2,66,-0.08456815625936764,0.3629655143620575,0.6365979880513678
LOG_HPPB,uni_G_rf,2,3,66,-0.1554682404683243,0.21940756513026055,0.6781852960389281
LOG_HPPB,uni_G_rf,2,4,66,-0.02806543171605269,0.27594017140125554,0.6343928750836744
LOG_HPPB,uni_G_rf,3,0,66,0.05727492520540378,0.31401344355377425,0.6396874295970854
LOG_HPPB,uni_G_rf,3,1,66,0.0538850837872048,0.5223885270541082,0.5892100056812332
LOG_HPPB,uni_G_rf,3,2,66,0.10708247861777653,0.32000793263195876,0.5942703378193244
LOG_HPPB,uni_G_rf,3,3,66,-0.25257799869190456,0.26284861389445563,0.6868248157493989
LOG_HPPB,uni_G_rf,3,4,66,0.044576690254709894,0.5029120741482966,0.5950569705842934
LOG_HPPB,uni_G_rf,4,0,66,-0.030443366322621568,0.4537778288299445,0.6407331485401664
LOG_HPPB,uni_G_rf,4,1,66,-0.028838859384596516,0.4231752758322125,0.6267741815336655
LOG_HPPB,uni_G_rf,4,2,66,0.09491983482521305,0.39568090016454954,0.5872229548101197
LOG_HPPB,uni_G_rf,4,3,66,0.0015214018370693916,0.4880490146960589,0.6005619152924567
LOG_HPPB,uni_G_rf,4,4,66,0.02857302150574048,0.2594251002004009,0.6224352502287004
LOG_HPPB,uni_M_lgbm,0,0,66,0.17235837650136743,0.4058638109552439,0.5939374951022162
LOG_HPPB,uni_M_lgbm,0,1,66,0.1736457873341325,0.41254383767535074,0.5748663699459448
LOG_HPPB,uni_M_lgbm,0,2,66,0.13073957025517768,0.35568011022044094,0.6059119989164421
LOG_HPPB,uni_M_lgbm,0,3,66,0.03317077762482512,0.36210963593854384,0.6112070538387943
LOG_HPPB,uni_M_lgbm,0,4,66,0.09366564079703932,0.3710024215096861,0.5891953213960281
LOG_HPPB,uni_M_lgbm,1,0,66,0.07541969695536377,0.3206725951903808,0.6120307718472031
LOG_HPPB,uni_M_lgbm,1,1,66,0.04691823969762876,0.31969480311113424,0.6181675451679398
LOG_HPPB,uni_M_lgbm,1,2,66,0.1475821006403375,0.42081476303606385,0.5762246782170686
LOG_HPPB,uni_M_lgbm,1,3,66,0.09331996194002179,0.3652826486305945,0.6111384661510523
LOG_HPPB,uni_M_lgbm,1,4,66,0.0495665813559899,0.3470523154459124,0.610030639194368
LOG_HPPB,uni_M_lgbm,2,0,66,0.13221304887807028,0.37123204742818977,0.5800240389921263
LOG_HPPB,uni_M_lgbm,2,1,66,0.10001461735602246,0.35956287575150303,0.5995614577165461
LOG_HPPB,uni_M_lgbm,2,2,66,0.15504230719528123,0.36826228582054304,0.5870134398783371
LOG_HPPB,uni_M_lgbm,2,3,66,0.0911495024925616,0.3455701226342995,0.6136329004021029
LOG_HPPB,uni_M_lgbm,2,4,66,0.0777016577811439,0.37611681696726795,0.605648048867468
LOG_HPPB,uni_M_lgbm,3,0,66,0.13702945347162043,0.3960525217100869,0.5968020996747724
LOG_HPPB,uni_M_lgbm,3,1,66,0.10795332898664955,0.36893578824315304,0.600532311615104
LOG_HPPB,uni_M_lgbm,3,2,66,-0.02104567401976598,0.2598008517034069,0.6463146150625322
LOG_HPPB,uni_M_lgbm,3,3,66,0.13127242293905472,0.3724636773547094,0.5859574681119927
LOG_HPPB,uni_M_lgbm,3,4,66,0.10948039848951441,0.3862870145398141,0.6175485328116568
LOG_HPPB,uni_M_lgbm,4,0,66,0.10018260302186621,0.3676415330661323,0.5907640779820211
LOG_HPPB,uni_M_lgbm,4,1,66,0.06793520682013865,0.3116754342017369,0.6229324918292619
LOG_HPPB,uni_M_lgbm,4,2,66,0.11139379443234876,0.36686915497662,0.6250934307407332
LOG_HPPB,uni_M_lgbm,4,3,66,0.06355034050859576,0.28624958249833005,0.596725066706651
LOG_HPPB,uni_M_lgbm,4,4,66,0.034471788617987054,0.34780384982926543,0.6185252487056961
LOG_HPPB,uni_M_rf,0,0,66,0.21183932216957124,0.431561038744155,0.5672521435596688
LOG_HPPB,uni_M_rf,0,1,66,0.19312455392089434,0.42876377755511025,0.5619834159734588
LOG_HPPB,uni_M_rf,0,2,66,0.1761109311681558,0.419495240480962,0.5823011796746368
LOG_HPPB,uni_M_rf,0,3,66,0.09039999366590712,0.3748643119572479,0.5888678272940797
LOG_HPPB,uni_M_rf,0,4,66,0.16166774670376916,0.41202196058784246,0.559285403247941
LOG_HPPB,uni_M_rf,1,0,66,0.19550265420775048,0.4324795424181697,0.5669219192636907
LOG_HPPB,uni_M_rf,1,1,66,0.1114100497085061,0.3611702571810288,0.5852751150195661
LOG_HPPB,uni_M_rf,1,2,66,0.20578078465855465,0.45099574148296606,0.5737044037299553
LOG_HPPB,uni_M_rf,1,3,66,0.16090429582476806,0.4076799432197729,0.5841261010025057
LOG_HPPB,uni_M_rf,1,4,66,0.13895985277270695,0.3860116065464262,0.559820644861276
LOG_HPPB,uni_M_rf,2,0,66,0.1646780793451088,0.40350492651970615,0.5710209500782262
LOG_HPPB,uni_M_rf,2,1,66,0.1615331774351445,0.3863038577154309,0.5694614745504324
LOG_HPPB,uni_M_rf,2,2,66,0.22163029616704766,0.44178982965931873,0.5490715459218825
LOG_HPPB,uni_M_rf,2,3,66,0.1506210737418937,0.4097257014028056,0.5792255651823354
LOG_HPPB,uni_M_rf,2,4,66,0.14597912006589586,0.4150070975283902,0.5720878977494618
LOG_HPPB,uni_M_rf,3,0,66,0.1521036495431608,0.41820098530394123,0.5710502399102864
LOG_HPPB,uni_M_rf,3,1,66,0.20043338472007577,0.41895248830995324,0.5633823348037201
LOG_HPPB,uni_M_rf,3,2,66,0.16182912115196735,0.3947373914495659,0.5778174348285592
LOG_HPPB,uni_M_rf,3,3,66,0.1471774979668261,0.3825254676018705,0.576778048082678
LOG_HPPB,uni_M_rf,3,4,66,0.15335133092843944,0.3640927688710755,0.5756848339129323
LOG_HPPB,uni_M_rf,4,0,66,0.17753319386808286,0.4199544923179693,0.5633646081650744
LOG_HPPB,uni_M_rf,4,1,66,0.17887283436514134,0.4264675183700735,0.5597417647915538
LOG_HPPB,uni_M_rf,4,2,66,0.21278359786740697,0.4230857548430194,0.5718911746843905
LOG_HPPB,uni_M_rf,4,3,66,0.1694288571601501,0.4017514195056781,0.5552526972335206
LOG_HPPB,uni_M_rf,4,4,66,0.12020674496577854,0.3758036907147629,0.5848982840086283
LOG_HPPB,uni_R_lgbm,0,0,66,0.16455700937788365,0.5108079617015705,0.5287672433296489
LOG_HPPB,uni_R_lgbm,0,1,66,0.15935278419186438,0.5226390280561124,0.5387274325650923
LOG_HPPB,uni_R_lgbm,0,2,66,0.38769595154950764,0.6292519492248525,0.4558979406223706
LOG_HPPB,uni_R_lgbm,0,3,66,0.20704869751146238,0.5667717428012151,0.5394586927594455
LOG_HPPB,uni_R_lgbm,0,4,66,0.2756676870592143,0.6156832865723793,0.47688329793453577
LOG_HPPB,uni_R_lgbm,1,0,66,0.2783117444714044,0.5925079325317303,0.5024452155892688
LOG_HPPB,uni_R_lgbm,1,1,66,0.2082662721250359,0.5488790080160321,0.5442779144628398
LOG_HPPB,uni_R_lgbm,1,2,66,0.15599482723450497,0.5768829325317303,0.5211039255668696
LOG_HPPB,uni_R_lgbm,1,3,66,0.2198068146992017,0.5297832145494139,0.5179289942459624
LOG_HPPB,uni_R_lgbm,1,4,66,0.22238412192911283,0.6119072719445703,0.49779728869592155
LOG_HPPB,uni_R_lgbm,2,0,66,0.27528616650728877,0.5855252171008685,0.5138325124354006
LOG_HPPB,uni_R_lgbm,2,1,66,0.24826523768543585,0.5941613001189947,0.4782502917088967
LOG_HPPB,uni_R_lgbm,2,2,66,0.18545536336851598,0.576689037595733,0.49692080082444123
LOG_HPPB,uni_R_lgbm,2,3,66,0.10700475400393417,0.44361059215208837,0.5634336410952452
LOG_HPPB,uni_R_lgbm,2,4,66,0.34375113624529086,0.6495840683379432,0.4824511613919261
LOG_HPPB,uni_R_lgbm,3,0,66,0.21301323896089708,0.5768142867894481,0.5164538342662731
LOG_HPPB,uni_R_lgbm,3,1,66,0.1348009795700268,0.5261509879316749,0.5630829825813048
LOG_HPPB,uni_R_lgbm,3,2,66,0.23498978913973279,0.5994635159862689,0.5379389808558434
LOG_HPPB,uni_R_lgbm,3,3,66,0.23574227919993873,0.5706934702738812,0.5048596959775363
LOG_HPPB,uni_R_lgbm,3,4,66,0.16044636891825792,0.5415148890273985,0.5248380365280841
LOG_HPPB,uni_R_lgbm,4,0,66,0.22676113430873435,0.567650220782624,0.5209753490736914
LOG_HPPB,uni_R_lgbm,4,1,66,0.26591313699970764,0.5923471145437323,0.47556568142138966
LOG_HPPB,uni_R_lgbm,4,2,66,0.28513222226435697,0.5870699732798932,0.5126426712204991
LOG_HPPB,uni_R_lgbm,4,3,66,0.22029428493436765,0.5357951758477405,0.5137017132337829
LOG_HPPB,uni_R_lgbm,4,4,66,0.3157149064894367,0.5935350541504191,0.4862260335923972
LOG_HPPB,uni_R_rf,0,0,66,0.3174466914487961,0.5654955744822979,0.512546636419151
LOG_HPPB,uni_R_rf,0,1,66,0.3498345395683212,0.5973342796931117,0.4946322624654733
LOG_HPPB,uni_R_rf,0,2,66,0.3637722957563464,0.6225928670923311,0.4991239455822686
LOG_HPPB,uni_R_rf,0,3,66,0.3907510530477988,0.6331934702738812,0.48269846490702467
LOG_HPPB,uni_R_rf,0,4,66,0.3436445349554257,0.6064524883099534,0.4730506650763888
LOG_HPPB,uni_R_rf,1,0,66,0.37229087127743654,0.6027617447541009,0.49968013160425645
LOG_HPPB,uni_R_rf,1,1,66,0.4005821170957654,0.6372052730257638,0.47804719060727513
LOG_HPPB,uni_R_rf,1,2,66,0.320343833452148,0.594182174984614,0.4836201686286034
LOG_HPPB,uni_R_rf,1,3,66,0.34433992599371543,0.5885877109986711,0.5019192469728279
LOG_HPPB,uni_R_rf,1,4,66,0.3374971842577654,0.5956642904435764,0.4810270057668564
LOG_HPPB,uni_R_rf,2,0,66,0.4120939245948767,0.6582053878386686,0.47890664426952023
LOG_HPPB,uni_R_rf,2,1,66,0.3188221201024044,0.5790896471419398,0.5061277471419572
LOG_HPPB,uni_R_rf,2,2,66,0.34802549217656176,0.5881702136862874,0.48054123646911834
LOG_HPPB,uni_R_rf,2,3,66,0.24702283877282427,0.5252533687100498,0.5464705909048642
LOG_HPPB,uni_R_rf,2,4,66,0.3551343222636484,0.5877692885771545,0.488065243988763
LOG_HPPB,uni_R_rf,3,0,66,0.34871046966603436,0.6080013360245176,0.48767740264215487
LOG_HPPB,uni_R_rf,3,1,66,0.3454419055984004,0.5719713179657961,0.49714728643500367
LOG_HPPB,uni_R_rf,3,2,66,0.41600706500764295,0.6547192852802639,0.46838336992390467
LOG_HPPB,uni_R_rf,3,3,66,0.3050913952445139,0.5908170507682032,0.5160346423680426
LOG_HPPB,uni_R_rf,3,4,66,0.3367047429199248,0.593973426328422,0.4996647961587217
LOG_HPPB,uni_R_rf,4,0,66,0.3598106740672722,0.6048659819639279,0.4920739517118326
LOG_HPPB,uni_R_rf,4,1,66,0.37837852218750534,0.6197538853681211,0.46973008704135016
LOG_HPPB,uni_R_rf,4,2,66,0.4300915172758337,0.6541974136397842,0.4593830759565347
LOG_HPPB,uni_R_rf,4,3,66,0.2838472570488524,0.5634543727931668,0.5165367808130671
LOG_HPPB,uni_R_rf,4,4,66,0.28685062520925186,0.5595925226536168,0.5151028423975663
LOG_HPPB,uni_S_lgbm,0,0,66,-0.022589729932492864,0.4705452571810288,0.6510198962547843
LOG_HPPB,uni_S_lgbm,0,1,66,0.00012144888185716685,0.41488617744178635,0.5920653656708729
LOG_HPPB,uni_S_lgbm,0,2,66,-0.1118591619773408,0.23536410985636322,0.6624849802932264
LOG_HPPB,uni_S_lgbm,0,3,66,-0.32346857494838566,0.17549865877144571,0.7492868951065849
LOG_HPPB,uni_S_lgbm,0,4,66,-0.010305566454295922,0.46037428636560834,0.6175914290870308
LOG_HPPB,uni_S_lgbm,1,0,66,0.035282544981894315,0.4720642111123545,0.5853989599861996
LOG_HPPB,uni_S_lgbm,1,1,66,-0.18047474044114997,0.22684716468373384,0.717237018736736
LOG_HPPB,uni_S_lgbm,1,2,66,-0.1815135121126914,0.1469381790934759,0.692993421898478
LOG_HPPB,uni_S_lgbm,1,3,66,-0.10796083888129138,0.28389817242097914,0.7160536413912779
LOG_HPPB,uni_S_lgbm,1,4,66,-0.07833377187899293,0.29928607214428865,0.6509152370593192
LOG_HPPB,uni_S_lgbm,2,0,66,-0.020273308624479736,0.3720318550651978,0.6607514014424929
LOG_HPPB,uni_S_lgbm,2,1,66,-0.0855151002244452,0.4739896459585839,0.6394497088338871
LOG_HPPB,uni_S_lgbm,2,2,66,-0.12691582186314943,0.20918702836989939,0.6830433724932689
LOG_HPPB,uni_S_lgbm,2,3,66,-0.3050353848320826,0.1820952540101488,0.7191936190977063
LOG_HPPB,uni_S_lgbm,2,4,66,-0.012747483258754855,0.3987934327889989,0.6593221005473824
LOG_HPPB,uni_S_lgbm,3,0,66,-0.2706279160635692,0.242607688226222,0.7358530481154592
LOG_HPPB,uni_S_lgbm,3,1,66,-0.05770260400712579,0.2526693734546714,0.6370145271150945
LOG_HPPB,uni_S_lgbm,3,2,66,0.035350287333546504,0.43188009479541445,0.6283225070396375
LOG_HPPB,uni_S_lgbm,3,3,66,-0.4181001854588533,0.040541104790878635,0.7692929752895802
LOG_HPPB,uni_S_lgbm,3,4,66,-0.1437197448976082,0.2327338767883453,0.666296854465466
LOG_HPPB,uni_S_lgbm,4,0,66,-0.18590396724721647,0.17033890345258748,0.7282370557201285
LOG_HPPB,uni_S_lgbm,4,1,66,-0.15990098602624925,0.31677887390928694,0.6487387621652866
LOG_HPPB,uni_S_lgbm,4,2,66,-0.05295800344489243,0.20246532164052036,0.6598948166477074
LOG_HPPB,uni_S_lgbm,4,3,66,-0.09903920581616776,0.3081130165392391,0.6428362210345228
LOG_HPPB,uni_S_lgbm,4,4,66,-0.2983264953189204,0.1191328580887153,0.7074493128583241
LOG_HPPB,uni_S_rf,0,0,66,0.004136612108110338,0.428945692926807,0.6289409683300757
LOG_HPPB,uni_S_rf,0,1,66,0.013952949609336018,0.38205577822311293,0.6011750333875316
LOG_HPPB,uni_S_rf,0,2,66,-0.4065356857068243,0.026984425448676536,0.7718503396347158
LOG_HPPB,uni_S_rf,0,3,66,-0.28585398209870494,0.13078649346216892,0.7157001772738889
LOG_HPPB,uni_S_rf,0,4,66,0.07467098548688877,0.4432986462891112,0.5718134685289205
LOG_HPPB,uni_S_rf,1,0,66,0.12459725159243462,0.5312653300083764,0.5663406314150189
LOG_HPPB,uni_S_rf,1,1,66,-0.11284778146312857,0.21115205189347191,0.6731235921606943
LOG_HPPB,uni_S_rf,1,2,66,-0.28681301017493466,0.05926993001030246,0.7222107935273926
LOG_HPPB,uni_S_rf,1,3,66,-0.218552031788821,0.12195580317776579,0.7402243558670076
LOG_HPPB,uni_S_rf,1,4,66,-0.3061461191358734,0.1397734983201839,0.7525449018360101
LOG_HPPB,uni_S_rf,2,0,66,-0.4272391613759148,0.043681112224448905,0.7804400710542927
LOG_HPPB,uni_S_rf,2,1,66,-0.06322961186243425,0.46640712252955413,0.6183353265856945
LOG_HPPB,uni_S_rf,2,2,66,-0.0834310793531754,0.26704243006673023,0.6833803991065153
LOG_HPPB,uni_S_rf,2,3,66,-0.3412167632858194,0.09468783640779388,0.760281072487323
LOG_HPPB,uni_S_rf,2,4,66,-0.18430995761792213,0.170175456917429,0.7106421390287754
LOG_HPPB,uni_S_rf,3,0,66,-0.34304432320132827,0.10932492738857666,0.7732320272967488
LOG_HPPB,uni_S_rf,3,1,66,0.09559667765742952,0.3526673416539555,0.5934331170328913
LOG_HPPB,uni_S_rf,3,2,66,-0.23440287163900253,0.13502144937953026,0.7232138912090152
LOG_HPPB,uni_S_rf,3,3,66,-0.5825152221998808,-0.07149493246293914,0.8441715650759468
LOG_HPPB,uni_S_rf,3,4,66,-0.26846072265735565,0.13819738016273878,0.7189510135719697
LOG_HPPB,uni_S_rf,4,0,66,-0.29872800710307135,0.05890948563794256,0.7544091692815402
LOG_HPPB,uni_S_rf,4,1,66,-0.16233342966733932,0.31635475488900605,0.6407126086976579
LOG_HPPB,uni_S_rf,4,2,66,-0.27122583356506613,0.08221651636606549,0.7507533180507389
LOG_HPPB,uni_S_rf,4,3,66,-0.2727716820847139,0.2402747189793434,0.7172552231847599
LOG_HPPB,uni_S_rf,4,4,66,-0.3374793142355801,0.020061792844507913,0.7511919421846086
LOG_MDR1_ER,chemeleon,0,0,804,0.5313879516955384,0.7592553464509941,0.3382711844069154
LOG_MDR1_ER,chemeleon,0,1,804,0.5022874201732609,0.7506212738662758,0.34668496843472635
LOG_MDR1_ER,chemeleon,0,2,804,0.5189604875348165,0.7541903271095309,0.34380333534278606
LOG_MDR1_ER,chemeleon,0,3,804,0.5152689765917713,0.7582244251619236,0.3365367595425622
LOG_MDR1_ER,chemeleon,0,4,804,0.5375927977722097,0.7731259930632336,0.3337221689233831
LOG_MDR1_ER,chemeleon,1,0,804,0.5182800357403221,0.7593340815087947,0.3387105553248757
LOG_MDR1_ER,chemeleon,1,1,804,0.5337456609162889,0.7711971226838819,0.3325858734782338
LOG_MDR1_ER,chemeleon,1,2,804,0.5171045362767921,0.7580168970975509,0.34427153589614423
LOG_MDR1_ER,chemeleon,1,3,804,0.512827388002286,0.7563031743042944,0.34163654786455216
LOG_MDR1_ER,chemeleon,1,4,804,0.5268224286485397,0.7604056864259723,0.3372397333591294
LOG_MDR1_ER,chemeleon,2,0,804,0.5198606828707683,0.7658854848226632,0.3453308368910696
LOG_MDR1_ER,chemeleon,2,1,804,0.5076583394589427,0.7501278982900061,0.3387394311834204
LOG_MDR1_ER,chemeleon,2,2,804,0.533768044888328,0.7585929791187007,0.3370297683187201
LOG_MDR1_ER,chemeleon,2,3,804,0.5017757865695271,0.759831012861868,0.33872489733279854
LOG_MDR1_ER,chemeleon,2,4,804,0.5200728146710752,0.7594103921733196,0.344866387249005
LOG_MDR1_ER,chemeleon,3,0,804,0.5193628460691306,0.7649796160476825,0.33718389389490044
LOG_MDR1_ER,chemeleon,3,1,804,0.5276926509310098,0.7588163003735527,0.3375608760481717
LOG_MDR1_ER,chemeleon,3,2,804,0.516972639494967,0.7552709600054769,0.34082885376666666
LOG_MDR1_ER,chemeleon,3,3,804,0.5136281362083199,0.7579526160415637,0.3421066947370647
LOG_MDR1_ER,chemeleon,3,4,804,0.5274004477167089,0.758829669170757,0.3392076138767413
LOG_MDR1_ER,chemeleon,4,0,804,0.522373085686896,0.7599977418508348,0.34258209293047265
LOG_MDR1_ER,chemeleon,4,1,804,0.5231504937741702,0.7666705495441506,0.33646630622266793
LOG_MDR1_ER,chemeleon,4,2,804,0.5223438696924213,0.7663511992261337,0.3361724682461443
LOG_MDR1_ER,chemeleon,4,3,804,0.5096469385334821,0.7560171882556387,0.344195973235653
LOG_MDR1_ER,chemeleon,4,4,804,0.5208764147518434,0.7568870143839252,0.33898442590032335
LOG_MDR1_ER,chemprop,0,0,804,0.5317667286868946,0.7632049832595643,0.3605007842594029
LOG_MDR1_ER,chemprop,0,1,804,0.5288590985298813,0.757516456146593,0.34934275831504974
LOG_MDR1_ER,chemprop,0,2,804,0.4969085169285836,0.7324760293887261,0.36396420592024875
LOG_MDR1_ER,chemprop,0,3,804,0.5216100652311901,0.7533315839219318,0.3571852049989677
LOG_MDR1_ER,chemprop,0,4,804,0.5259327743059505,0.7543901894732613,0.3515237585035447
LOG_MDR1_ER,chemprop,1,0,804,0.5244171338524573,0.7515593293481696,0.35332855325273627
LOG_MDR1_ER,chemprop,1,1,804,0.5273288751641815,0.7547527170810397,0.3556033083173508
LOG_MDR1_ER,chemprop,1,2,804,0.5309255271939141,0.7606747479006197,0.3541686909172202
LOG_MDR1_ER,chemprop,1,3,804,0.534749985262157,0.7609675684293661,0.3415477692130597
LOG_MDR1_ER,chemprop,1,4,804,0.5235657600824092,0.7581969487048025,0.35067859811592034
LOG_MDR1_ER,chemprop,2,0,804,0.5082992112645182,0.7499412892761813,0.35948784449998794
LOG_MDR1_ER,chemprop,2,1,804,0.5335682931166618,0.7622502110088004,0.3558080111499204
LOG_MDR1_ER,chemprop,2,2,804,0.5104944021288791,0.7433341941853582,0.36089949465621884
LOG_MDR1_ER,chemprop,2,3,804,0.5169801509825991,0.7417129908573821,0.35421672584801
LOG_MDR1_ER,chemprop,2,4,804,0.525794926889195,0.7645866103530136,0.36049174868370654
LOG_MDR1_ER,chemprop,3,0,804,0.5174000195015762,0.7541454411997468,0.36060016567394026
LOG_MDR1_ER,chemprop,3,1,804,0.5443986136931459,0.7671602352351866,0.34599230742686565
LOG_MDR1_ER,chemprop,3,2,804,0.5273332741172463,0.7592559467769481,0.35648157336815917
LOG_MDR1_ER,chemprop,3,3,804,0.5168310777514613,0.7496259103452441,0.35555197913644276
LOG_MDR1_ER,chemprop,3,4,804,0.5145878737286248,0.7450434838023399,0.36093877206824626
LOG_MDR1_ER,chemprop,4,0,804,0.5159085492847366,0.7523914042097395,0.3619290318446144
LOG_MDR1_ER,chemprop,4,1,804,0.5303340260406898,0.7566152052635656,0.3504178415344527
LOG_MDR1_ER,chemprop,4,2,804,0.5108235748560921,0.7415089031225146,0.3579694918950249
LOG_MDR1_ER,chemprop,4,3,804,0.5409446772451382,0.7658265836108012,0.3489001845930323
LOG_MDR1_ER,chemprop,4,4,804,0.527228201215497,0.7561545705412436,0.3526763688267413
LOG_MDR1_ER,chemprop_st,0,0,804,0.5317667286868946,0.7632049832595643,0.3605007842594029
LOG_MDR1_ER,chemprop_st,0,1,804,0.5288590985298813,0.757516456146593,0.34934275831504974
LOG_MDR1_ER,chemprop_st,0,2,804,0.4969085169285836,0.7324760293887261,0.36396420592024875
LOG_MDR1_ER,chemprop_st,0,3,804,0.5216100652311901,0.7533315839219318,0.3571852049989677
LOG_MDR1_ER,chemprop_st,0,4,804,0.5259327743059505,0.7543901894732613,0.3515237585035447
LOG_MDR1_ER,chemprop_st,1,0,804,0.5244171338524573,0.7515593293481696,0.35332855325273627
LOG_MDR1_ER,chemprop_st,1,1,804,0.5273288751641815,0.7547527170810397,0.3556033083173508
LOG_MDR1_ER,chemprop_st,1,2,804,0.5309255271939141,0.7606747479006197,0.3541686909172202
LOG_MDR1_ER,chemprop_st,1,3,804,0.534749985262157,0.7609675684293661,0.3415477692130597
LOG_MDR1_ER,chemprop_st,1,4,804,0.5235657600824092,0.7581969487048025,0.35067859811592034
LOG_MDR1_ER,chemprop_st,2,0,804,0.5082992112645182,0.7499412892761813,0.35948784449998794
LOG_MDR1_ER,chemprop_st,2,1,804,0.5335682931166618,0.7622502110088004,0.3558080111499204
LOG_MDR1_ER,chemprop_st,2,2,804,0.5104944021288791,0.7433341941853582,0.36089949465621884
LOG_MDR1_ER,chemprop_st,2,3,804,0.5169801509825991,0.7417129908573821,0.35421672584801
LOG_MDR1_ER,chemprop_st,2,4,804,0.525794926889195,0.7645866103530136,0.36049174868370654
LOG_MDR1_ER,chemprop_st,3,0,804,0.5174000195015762,0.7541454411997468,0.36060016567394026
LOG_MDR1_ER,chemprop_st,3,1,804,0.5443986136931459,0.7671602352351866,0.34599230742686565
LOG_MDR1_ER,chemprop_st,3,2,804,0.5273332741172463,0.7592559467769481,0.35648157336815917
LOG_MDR1_ER,chemprop_st,3,3,804,0.5168310777514613,0.7496259103452441,0.35555197913644276
LOG_MDR1_ER,chemprop_st,3,4,804,0.5145878737286248,0.7450434838023399,0.36093877206824626
LOG_MDR1_ER,chemprop_st,4,0,804,0.5159085492847366,0.7523914042097395,0.3619290318446144
LOG_MDR1_ER,chemprop_st,4,1,804,0.5303340260406898,0.7566152052635656,0.3504178415344527
LOG_MDR1_ER,chemprop_st,4,2,804,0.5108235748560921,0.7415089031225146,0.3579694918950249
LOG_MDR1_ER,chemprop_st,4,3,804,0.5409446772451382,0.7658265836108012,0.3489001845930323
LOG_MDR1_ER,chemprop_st,4,4,804,0.527228201215497,0.7561545705412436,0.3526763688267413
LOG_MDR1_ER,fus_GRMS_early_attfp,0,0,804,0.4525612668915434,0.6944832007440348,0.37473835173676723
LOG_MDR1_ER,fus_GRMS_early_attfp,0,1,804,0.3747467954488036,0.6538409258596293,0.396187048739058
LOG_MDR1_ER,fus_GRMS_early_attfp,0,2,804,0.4317654286835906,0.6689748660840196,0.38363709170499277
LOG_MDR1_ER,fus_GRMS_early_attfp,0,3,804,0.4407375830599499,0.6907449710290776,0.37857871003842436
LOG_MDR1_ER,fus_GRMS_early_attfp,0,4,804,0.4392044108096145,0.6781495783691476,0.38260033287363604
LOG_MDR1_ER,fus_GRMS_early_attfp,1,0,804,0.4224607694438679,0.6673211066177739,0.3784075138467059
LOG_MDR1_ER,fus_GRMS_early_attfp,1,1,804,0.410433194557393,0.6625744909264772,0.3870110165319817
LOG_MDR1_ER,fus_GRMS_early_attfp,1,2,804,0.44440656822242064,0.7085705650256332,0.38173133298242234
LOG_MDR1_ER,fus_GRMS_early_attfp,1,3,804,0.39018259641515773,0.661147469955129,0.38603780692488093
LOG_MDR1_ER,fus_GRMS_early_attfp,1,4,804,0.45168534841162566,0.7048781217093913,0.37447768430415035
LOG_MDR1_ER,fus_GRMS_early_attfp,2,0,804,0.3856950454745778,0.6594175845400367,0.3924528921104072
LOG_MDR1_ER,fus_GRMS_early_attfp,2,1,804,0.4154259478394148,0.6765465233565471,0.39474729679019
LOG_MDR1_ER,fus_GRMS_early_attfp,2,2,804,0.36786589088899213,0.6371372025341605,0.39338224579842235
LOG_MDR1_ER,fus_GRMS_early_attfp,2,3,804,0.4442035473877377,0.6923699610284554,0.3744951420887156
LOG_MDR1_ER,fus_GRMS_early_attfp,2,4,804,0.3613437872698979,0.6569700094470523,0.39961003295640196
LOG_MDR1_ER,fus_GRMS_early_attfp,3,0,804,0.4136141239516087,0.6670114769623182,0.39203379423250995
LOG_MDR1_ER,fus_GRMS_early_attfp,3,1,804,0.4396555068568382,0.6931954092150727,0.37588829197651685
LOG_MDR1_ER,fus_GRMS_early_attfp,3,2,804,0.4193125362102317,0.6857215127151923,0.3857341249627327
LOG_MDR1_ER,fus_GRMS_early_attfp,3,3,804,0.4571306823068434,0.7027303632514623,0.37394193187117947
LOG_MDR1_ER,fus_GRMS_early_attfp,3,4,804,0.421303356508943,0.6852179546871661,0.38725696128835774
LOG_MDR1_ER,fus_GRMS_early_attfp,4,0,804,0.36791145968751626,0.6730666185174465,0.3993552565708845
LOG_MDR1_ER,fus_GRMS_early_attfp,4,1,804,0.44365646930818214,0.7069592670758965,0.381828569100862
LOG_MDR1_ER,fus_GRMS_early_attfp,4,2,804,0.44080830421819706,0.6934418891980695,0.3850000404196904
LOG_MDR1_ER,fus_GRMS_early_attfp,4,3,804,0.3560863228219119,0.6479181792667966,0.39437601053595456
LOG_MDR1_ER,fus_GRMS_early_attfp,4,4,804,0.4618166333414775,0.7108220644262886,0.3732527953165617
LOG_MDR1_ER,fus_GRMS_early_lgbm,0,0,804,0.5167080908457099,0.7448283823951644,0.3342153351376718
LOG_MDR1_ER,fus_GRMS_early_lgbm,0,1,804,0.5134465729608375,0.7548642853506266,0.3378779660331434
LOG_MDR1_ER,fus_GRMS_early_lgbm,0,2,804,0.5257004587232801,0.7511653308067306,0.34042823501575575
LOG_MDR1_ER,fus_GRMS_early_lgbm,0,3,804,0.5290569577036546,0.7472745490311028,0.33402905820089857
LOG_MDR1_ER,fus_GRMS_early_lgbm,0,4,804,0.48407933508598633,0.7413614119329411,0.34165744335900283
LOG_MDR1_ER,fus_GRMS_early_lgbm,1,0,804,0.5200069715111966,0.7500355173614843,0.33525381145928357
LOG_MDR1_ER,fus_GRMS_early_lgbm,1,1,804,0.5041044575239482,0.7363583373326202,0.3440875638848503
LOG_MDR1_ER,fus_GRMS_early_lgbm,1,2,804,0.4741634741133526,0.7286483280171776,0.3494325141597732
LOG_MDR1_ER,fus_GRMS_early_lgbm,1,3,804,0.4692446629439626,0.7299711462566041,0.3502816923758364
LOG_MDR1_ER,fus_GRMS_early_lgbm,1,4,804,0.508983902922391,0.7438544963655139,0.3486535522764267
LOG_MDR1_ER,fus_GRMS_early_lgbm,2,0,804,0.4953072374192873,0.7350230738743803,0.34503839797915614
LOG_MDR1_ER,fus_GRMS_early_lgbm,2,1,804,0.5075765132842979,0.7388019641279845,0.3403723589234527
LOG_MDR1_ER,fus_GRMS_early_lgbm,2,2,804,0.4980420818584841,0.7382796574586286,0.34220484143830193
LOG_MDR1_ER,fus_GRMS_early_lgbm,2,3,804,0.47439191286015914,0.7443671935258078,0.34343513399991055
LOG_MDR1_ER,fus_GRMS_early_lgbm,2,4,804,0.4788440904333061,0.7313947730773668,0.3580325371712155
LOG_MDR1_ER,fus_GRMS_early_lgbm,3,0,804,0.5032198433898867,0.7397944384625426,0.3406033359744927
LOG_MDR1_ER,fus_GRMS_early_lgbm,3,1,804,0.504487171550285,0.7459199640007613,0.34084217186458077
LOG_MDR1_ER,fus_GRMS_early_lgbm,3,2,804,0.44870249300755627,0.7046513139461145,0.3642434928663792
LOG_MDR1_ER,fus_GRMS_early_lgbm,3,3,804,0.4978726967531921,0.7460135412754686,0.3408100092793081
LOG_MDR1_ER,fus_GRMS_early_lgbm,3,4,804,0.5084497027642256,0.7343600642762076,0.34433903498043406
LOG_MDR1_ER,fus_GRMS_early_lgbm,4,0,804,0.4534972126324477,0.7223039258795089,0.36265568165789064
LOG_MDR1_ER,fus_GRMS_early_lgbm,4,1,804,0.5198014641368325,0.7415348137767811,0.34150681537381167
LOG_MDR1_ER,fus_GRMS_early_lgbm,4,2,804,0.45875885608618727,0.7255632802177433,0.34876743821651063
LOG_MDR1_ER,fus_GRMS_early_lgbm,4,3,804,0.48656043666040993,0.7283764958073582,0.35146432008603773
LOG_MDR1_ER,fus_GRMS_early_lgbm,4,4,804,0.5150214610120355,0.7486939043018088,0.34143805844431585
LOG_MDR1_ER,fus_GRMS_early_rf,0,0,804,0.5132197777424428,0.7487870240930431,0.3361509631532063
LOG_MDR1_ER,fus_GRMS_early_rf,0,1,804,0.5121455672206181,0.7593312876841628,0.3377004253329809
LOG_MDR1_ER,fus_GRMS_early_rf,0,2,804,0.5417513846704749,0.7566425662733878,0.3354108409711408
LOG_MDR1_ER,fus_GRMS_early_rf,0,3,804,0.5375441421568327,0.7530751985606954,0.33373526637376927
LOG_MDR1_ER,fus_GRMS_early_rf,0,4,804,0.4924543792094209,0.7450981596430646,0.3398906184758501
LOG_MDR1_ER,fus_GRMS_early_rf,1,0,804,0.5272855345903865,0.751796504278881,0.3346729604423789
LOG_MDR1_ER,fus_GRMS_early_rf,1,1,804,0.5105185126636222,0.74394354811803,0.3425796552944803
LOG_MDR1_ER,fus_GRMS_early_rf,1,2,804,0.47862240495428254,0.7306955549672874,0.3489357394437452
LOG_MDR1_ER,fus_GRMS_early_rf,1,3,804,0.46847945524539125,0.7335032332747746,0.35315360863414175
LOG_MDR1_ER,fus_GRMS_early_rf,1,4,804,0.5187989413685979,0.7540187955129329,0.34259934178269047
LOG_MDR1_ER,fus_GRMS_early_rf,2,0,804,0.5131956880330502,0.7456008864505393,0.34021300495369977
LOG_MDR1_ER,fus_GRMS_early_rf,2,1,804,0.51635605604312,0.7404911197360505,0.33649910378777376
LOG_MDR1_ER,fus_GRMS_early_rf,2,2,804,0.5279752261575241,0.756966118873082,0.3346660948699477
LOG_MDR1_ER,fus_GRMS_early_rf,2,3,804,0.4770463504726127,0.7507284320490476,0.34250821803460846
LOG_MDR1_ER,fus_GRMS_early_rf,2,4,804,0.4966930625852358,0.7400699218110078,0.35149221005585973
LOG_MDR1_ER,fus_GRMS_early_rf,3,0,804,0.5000207458412561,0.7368666517893581,0.3443831927816275
LOG_MDR1_ER,fus_GRMS_early_rf,3,1,804,0.5163087542425828,0.7535849445639389,0.3375867329559144
LOG_MDR1_ER,fus_GRMS_early_rf,3,2,804,0.47385164721031614,0.7127679979164071,0.36154340124551954
LOG_MDR1_ER,fus_GRMS_early_rf,3,3,804,0.4994674500781354,0.748471737519945,0.3434935198056229
LOG_MDR1_ER,fus_GRMS_early_rf,3,4,804,0.5294031585202841,0.7469839220010341,0.33785635460190044
LOG_MDR1_ER,fus_GRMS_early_rf,4,0,804,0.458148889151617,0.7252129165670453,0.3595694978582691
LOG_MDR1_ER,fus_GRMS_early_rf,4,1,804,0.5176804209167405,0.7444961712480581,0.34265094685423847
LOG_MDR1_ER,fus_GRMS_early_rf,4,2,804,0.46799599667514424,0.7333405449412668,0.3469905921667734
LOG_MDR1_ER,fus_GRMS_early_rf,4,3,804,0.5018176399052257,0.73746910197356,0.3481804075040887
LOG_MDR1_ER,fus_GRMS_early_rf,4,4,804,0.5199467178444075,0.753256219925257,0.34190933152208447
LOG_MDR1_ER,fus_GRMS_late_attfp,0,0,804,0.5306526029784604,0.7459084842335355,0.3488739747032606
LOG_MDR1_ER,fus_GRMS_late_attfp,0,1,804,0.540756861000441,0.7554151767711722,0.34170719739355665
LOG_MDR1_ER,fus_GRMS_late_attfp,0,2,804,0.5215202482236063,0.7438832846280421,0.34314147831429115
LOG_MDR1_ER,fus_GRMS_late_attfp,0,3,804,0.5241909272320939,0.7398775173427818,0.3501067343433269
LOG_MDR1_ER,fus_GRMS_late_attfp,0,4,804,0.5185429601825187,0.7391196750943578,0.3484869569587728
LOG_MDR1_ER,fus_GRMS_late_attfp,1,0,804,0.5264865986330518,0.7456080441830667,0.34325552474818305
LOG_MDR1_ER,fus_GRMS_late_attfp,1,1,804,0.5368146598750494,0.747710962910131,0.34209632735655365
LOG_MDR1_ER,fus_GRMS_late_attfp,1,2,804,0.5217025140251945,0.7416238193637676,0.3523986427870145
LOG_MDR1_ER,fus_GRMS_late_attfp,1,3,804,0.5211370072766384,0.7419730474427211,0.34879511260631396
LOG_MDR1_ER,fus_GRMS_late_attfp,1,4,804,0.5256870884256191,0.7489323722422669,0.35385339832322965
LOG_MDR1_ER,fus_GRMS_late_attfp,2,0,804,0.5290175947857854,0.7413014905054409,0.348149880512433
LOG_MDR1_ER,fus_GRMS_late_attfp,2,1,804,0.5253561784352263,0.7363345090101421,0.347470471453712
LOG_MDR1_ER,fus_GRMS_late_attfp,2,2,804,0.5387811746335354,0.751184010179681,0.34233281676745
LOG_MDR1_ER,fus_GRMS_late_attfp,2,3,804,0.5386706051735858,0.7568267508939374,0.3342524177139837
LOG_MDR1_ER,fus_GRMS_late_attfp,2,4,804,0.5245471874456167,0.7435393440353749,0.3498936426150994
LOG_MDR1_ER,fus_GRMS_late_attfp,3,0,804,0.5119525377919776,0.7288014342248827,0.3552229783574402
LOG_MDR1_ER,fus_GRMS_late_attfp,3,1,804,0.5173775070039396,0.7432848058309198,0.35210346127422004
LOG_MDR1_ER,fus_GRMS_late_attfp,3,2,804,0.5009511810496708,0.7253174887303232,0.36060635833281235
LOG_MDR1_ER,fus_GRMS_late_attfp,3,3,804,0.522936627444512,0.7452280609437054,0.3459994590322981
LOG_MDR1_ER,fus_GRMS_late_attfp,3,4,804,0.5190058376782963,0.7352070968687113,0.3505984919931817
LOG_MDR1_ER,fus_GRMS_late_attfp,4,0,804,0.5173273075800626,0.7403850698473475,0.3538868950602647
LOG_MDR1_ER,fus_GRMS_late_attfp,4,1,804,0.5260576272779238,0.7473512060375243,0.34731970946211277
LOG_MDR1_ER,fus_GRMS_late_attfp,4,2,804,0.5225725514673196,0.7401347570140295,0.34782195429441837
LOG_MDR1_ER,fus_GRMS_late_attfp,4,3,804,0.5251607957613148,0.7392740281328904,0.3466652798294242
LOG_MDR1_ER,fus_GRMS_late_attfp,4,4,804,0.5198320585463884,0.7439545387008785,0.3483819826884507
LOG_MDR1_ER,fus_GRMS_late_lgbm,0,0,804,0.3889533486695884,0.6512706912377864,0.39794878543617745
LOG_MDR1_ER,fus_GRMS_late_lgbm,0,1,804,0.41377344957324336,0.6642241749761846,0.39829645158531
LOG_MDR1_ER,fus_GRMS_late_lgbm,0,2,804,0.4147393726478571,0.6734660817213581,0.38772121445089935
LOG_MDR1_ER,fus_GRMS_late_lgbm,0,3,804,0.37647540215187114,0.6380780130282048,0.4047289204134188
LOG_MDR1_ER,fus_GRMS_late_lgbm,0,4,804,0.3905996464521053,0.6518183845331561,0.4020659247710851
LOG_MDR1_ER,fus_GRMS_late_lgbm,1,0,804,0.38115779323907184,0.6540145155360624,0.39556844192810786
LOG_MDR1_ER,fus_GRMS_late_lgbm,1,1,804,0.4110796428027427,0.660551034257482,0.3968769252502948
LOG_MDR1_ER,fus_GRMS_late_lgbm,1,2,804,0.3767816407954425,0.6449922248263222,0.4024311421669365
LOG_MDR1_ER,fus_GRMS_late_lgbm,1,3,804,0.3917627425469351,0.651233602045588,0.4006511548248284
LOG_MDR1_ER,fus_GRMS_late_lgbm,1,4,804,0.4120634636495578,0.6615166160657289,0.3903953616019777
LOG_MDR1_ER,fus_GRMS_late_lgbm,2,0,804,0.3950651801573273,0.6465862668170865,0.39438845314643994
LOG_MDR1_ER,fus_GRMS_late_lgbm,2,1,804,0.3679289623389371,0.6304385126861052,0.40625593385995223
LOG_MDR1_ER,fus_GRMS_late_lgbm,2,2,804,0.40801502506541387,0.6684108714856717,0.39606566243495545
LOG_MDR1_ER,fus_GRMS_late_lgbm,2,3,804,0.40950391407133946,0.672074753330527,0.38720658310949013
LOG_MDR1_ER,fus_GRMS_late_lgbm,2,4,804,0.38334145682786624,0.6531351114699986,0.3990912725692105
LOG_MDR1_ER,fus_GRMS_late_lgbm,3,0,804,0.38526202404017584,0.6418839323852621,0.40354569561878983
LOG_MDR1_ER,fus_GRMS_late_lgbm,3,1,804,0.4001160888204859,0.6677714896582252,0.39445086382169653
LOG_MDR1_ER,fus_GRMS_late_lgbm,3,2,804,0.4142944908694184,0.6563046507736441,0.3925447590465938
LOG_MDR1_ER,fus_GRMS_late_lgbm,3,3,804,0.38746009178459084,0.6481197998494753,0.40132239354232146
LOG_MDR1_ER,fus_GRMS_late_lgbm,3,4,804,0.40938421966987426,0.6567323834117135,0.39324066668419694
LOG_MDR1_ER,fus_GRMS_late_lgbm,4,0,804,0.3928532681335859,0.652250146160616,0.40109302072854297
LOG_MDR1_ER,fus_GRMS_late_lgbm,4,1,804,0.40765949144269886,0.6657636763307595,0.3943525828273073
LOG_MDR1_ER,fus_GRMS_late_lgbm,4,2,804,0.38124566330859866,0.649072146814897,0.40209056327716286
LOG_MDR1_ER,fus_GRMS_late_lgbm,4,3,804,0.3968733351625445,0.65745994437495,0.3920863101895066
LOG_MDR1_ER,fus_GRMS_late_lgbm,4,4,804,0.37816787822425413,0.6445480566016878,0.39867348742656095
LOG_MDR1_ER,fus_GRMS_late_rf,0,0,804,0.3809129093334487,0.6475128207111531,0.39918918734166847
LOG_MDR1_ER,fus_GRMS_late_rf,0,1,804,0.42355548205738625,0.6685454483438357,0.3952324627825823
LOG_MDR1_ER,fus_GRMS_late_rf,0,2,804,0.4152039219611722,0.6737265614564646,0.38610801726705446
LOG_MDR1_ER,fus_GRMS_late_rf,0,3,804,0.36907204644401315,0.6340096428510819,0.40560512655942127
LOG_MDR1_ER,fus_GRMS_late_rf,0,4,804,0.3876814555313466,0.6479856541490507,0.4037695553599431
LOG_MDR1_ER,fus_GRMS_late_rf,1,0,804,0.3756399058974502,0.6497928624349201,0.39771047297335727
LOG_MDR1_ER,fus_GRMS_late_rf,1,1,804,0.41532730542415697,0.6591734403974656,0.3933944286337377
LOG_MDR1_ER,fus_GRMS_late_rf,1,2,804,0.3709942713970512,0.6452777487203333,0.40593645946811735
LOG_MDR1_ER,fus_GRMS_late_rf,1,3,804,0.3875263354596147,0.6455136042001761,0.4024858780453426
LOG_MDR1_ER,fus_GRMS_late_rf,1,4,804,0.4095270605744382,0.6608697537478508,0.3912007497545724
LOG_MDR1_ER,fus_GRMS_late_rf,2,0,804,0.40198042855868954,0.6506611609080207,0.39353041320008136
LOG_MDR1_ER,fus_GRMS_late_rf,2,1,804,0.3693716171405753,0.629868101633499,0.40685688631615374
LOG_MDR1_ER,fus_GRMS_late_rf,2,2,804,0.4101362691120434,0.6676732940016313,0.39503266376501406
LOG_MDR1_ER,fus_GRMS_late_rf,2,3,804,0.3987931023563632,0.6649168935302295,0.3899107889995984
LOG_MDR1_ER,fus_GRMS_late_rf,2,4,804,0.37835643690203136,0.6488364274287642,0.4012925270278383
LOG_MDR1_ER,fus_GRMS_late_rf,3,0,804,0.3856999519114832,0.6384605592020164,0.4030445986049956
LOG_MDR1_ER,fus_GRMS_late_rf,3,1,804,0.37837000827298894,0.6563933501894086,0.40251314691629353
LOG_MDR1_ER,fus_GRMS_late_rf,3,2,804,0.39993423718414367,0.6445362042675581,0.39613986435841836
LOG_MDR1_ER,fus_GRMS_late_rf,3,3,804,0.3869251258599403,0.6491968888407421,0.40283233690158776
LOG_MDR1_ER,fus_GRMS_late_rf,3,4,804,0.40838958658996927,0.6584676379863635,0.3922749996194222
LOG_MDR1_ER,fus_GRMS_late_rf,4,0,804,0.3883463012512097,0.647179501269978,0.402965157854243
LOG_MDR1_ER,fus_GRMS_late_rf,4,1,804,0.4079057602665197,0.6638473204855112,0.3926904866630982
LOG_MDR1_ER,fus_GRMS_late_rf,4,2,804,0.3781150954788126,0.6463048412779703,0.402522664171407
LOG_MDR1_ER,fus_GRMS_late_rf,4,3,804,0.39144753533807397,0.6534716827626375,0.3938515426401505
LOG_MDR1_ER,fus_GRMS_late_rf,4,4,804,0.3714304793496509,0.6406500020067627,0.4015919387528878
LOG_MDR1_ER,fus_GRM_early_attfp,0,0,804,0.46595020709629187,0.7356667387442635,0.3816716890483464
LOG_MDR1_ER,fus_GRM_early_attfp,0,1,804,0.4793562084604098,0.7398995908663176,0.37228879108027657
LOG_MDR1_ER,fus_GRM_early_attfp,0,2,804,0.47764715515993283,0.7327370557313754,0.37772066879239896
LOG_MDR1_ER,fus_GRM_early_attfp,0,3,804,0.4646046967760499,0.7442693403953217,0.38467357155450055
LOG_MDR1_ER,fus_GRM_early_attfp,0,4,804,0.44838349544414513,0.7103134267171141,0.3780106530010147
LOG_MDR1_ER,fus_GRM_early_attfp,1,0,804,0.4640630180610972,0.7282687372986324,0.38441269521614607
LOG_MDR1_ER,fus_GRM_early_attfp,1,1,804,0.487388383707409,0.7422149788021443,0.3673659912314134
LOG_MDR1_ER,fus_GRM_early_attfp,1,2,804,0.4818710448001916,0.7397413357090848,0.3728032238530404
LOG_MDR1_ER,fus_GRM_early_attfp,1,3,804,0.43349469259947715,0.7024972289762098,0.3781639291077299
LOG_MDR1_ER,fus_GRM_early_attfp,1,4,804,0.46815904358312577,0.7327510479439933,0.37545344343838677
LOG_MDR1_ER,fus_GRM_early_attfp,2,0,804,0.5044028750897419,0.7443812319173452,0.3612794098005472
LOG_MDR1_ER,fus_GRM_early_attfp,2,1,804,0.47150194134121903,0.7288683013003637,0.3795038616083773
LOG_MDR1_ER,fus_GRM_early_attfp,2,2,804,0.4792236698565019,0.7405341584890535,0.3685025629086711
LOG_MDR1_ER,fus_GRM_early_attfp,2,3,804,0.5032641808592813,0.7479338223757876,0.3590451791591807
LOG_MDR1_ER,fus_GRM_early_attfp,2,4,804,0.47581247417716177,0.729932656127175,0.37436790743035503
LOG_MDR1_ER,fus_GRM_early_attfp,3,0,804,0.48970773246541033,0.7423187197448708,0.3643717362120141
LOG_MDR1_ER,fus_GRM_early_attfp,3,1,804,0.507658501605551,0.7548168596002682,0.35633533974209375
LOG_MDR1_ER,fus_GRM_early_attfp,3,2,804,0.4735291543592599,0.7419954211292339,0.37892181229886207
LOG_MDR1_ER,fus_GRM_early_attfp,3,3,804,0.4597602466109727,0.7221786844803387,0.3740412330888251
LOG_MDR1_ER,fus_GRM_early_attfp,3,4,804,0.48867918644149755,0.7344898228010954,0.3711616487189391
LOG_MDR1_ER,fus_GRM_early_attfp,4,0,804,0.4793385427455217,0.7355469968059195,0.3760934591460317
LOG_MDR1_ER,fus_GRM_early_attfp,4,1,804,0.4773526233663655,0.73795652046921,0.37067052126117045
LOG_MDR1_ER,fus_GRM_early_attfp,4,2,804,0.4607678660597193,0.7221925843351176,0.3824296223894294
LOG_MDR1_ER,fus_GRM_early_attfp,4,3,804,0.4792381009972644,0.7320608347232227,0.38320932177104916
LOG_MDR1_ER,fus_GRM_early_attfp,4,4,804,0.4739108692902021,0.7362480158938605,0.3700145692078239
LOG_MDR1_ER,fus_GRM_early_lgbm,0,0,804,0.49527710461257834,0.7428032794352415,0.34034218627545115
LOG_MDR1_ER,fus_GRM_early_lgbm,0,1,804,0.48456476688057426,0.7493840107267167,0.3478836582579056
LOG_MDR1_ER,fus_GRM_early_lgbm,0,2,804,0.5383230586469798,0.7558908327321753,0.33756513514198616
LOG_MDR1_ER,fus_GRM_early_lgbm,0,3,804,0.5272641739588917,0.7510930232899112,0.3345762023612533
LOG_MDR1_ER,fus_GRM_early_lgbm,0,4,804,0.47461388820436956,0.7368196920813872,0.3451563472943889
LOG_MDR1_ER,fus_GRM_early_lgbm,1,0,804,0.5092535376977735,0.7487988228069833,0.33656490797203215
LOG_MDR1_ER,fus_GRM_early_lgbm,1,1,804,0.49136723775090885,0.7337219597271334,0.34598682164910144
LOG_MDR1_ER,fus_GRM_early_lgbm,1,2,804,0.45649185644001344,0.7257217431810287,0.3543504563045503
LOG_MDR1_ER,fus_GRM_early_lgbm,1,3,804,0.45315149905915286,0.7267451645966216,0.3561287037824557
LOG_MDR1_ER,fus_GRM_early_lgbm,1,4,804,0.5147088796425842,0.7495236976333863,0.34130486158923234
LOG_MDR1_ER,fus_GRM_early_lgbm,2,0,804,0.4934268475536481,0.7428545581570023,0.3432064766086327
LOG_MDR1_ER,fus_GRM_early_lgbm,2,1,804,0.504992412536015,0.7383863046530261,0.33787155654007384
LOG_MDR1_ER,fus_GRM_early_lgbm,2,2,804,0.5045031530428362,0.7440080455685272,0.3429581309403633
LOG_MDR1_ER,fus_GRM_early_lgbm,2,3,804,0.4683564664858779,0.7449775950847344,0.3450248670390886
LOG_MDR1_ER,fus_GRM_early_lgbm,2,4,804,0.4647937411684341,0.727548535069302,0.3597598975110205
LOG_MDR1_ER,fus_GRM_early_lgbm,3,0,804,0.48711514184646487,0.7340450316853484,0.3462946736375226
LOG_MDR1_ER,fus_GRM_early_lgbm,3,1,804,0.4928443514058507,0.7438643786543508,0.3435388334474549
LOG_MDR1_ER,fus_GRM_early_lgbm,3,2,804,0.5004406703990204,0.7268574832749476,0.35191306370739706
LOG_MDR1_ER,fus_GRM_early_lgbm,3,3,804,0.4865677626985221,0.7461732250488455,0.3429007380615921
LOG_MDR1_ER,fus_GRM_early_lgbm,3,4,804,0.5210974567478652,0.7445068471736002,0.33865231590104217
LOG_MDR1_ER,fus_GRM_early_lgbm,4,0,804,0.4885689950761558,0.7434975564049385,0.34389694283708455
LOG_MDR1_ER,fus_GRM_early_lgbm,4,1,804,0.49918011928650374,0.7383948477532382,0.34601473753804746
LOG_MDR1_ER,fus_GRM_early_lgbm,4,2,804,0.45130008844444824,0.722602080075182,0.3518491524919282
LOG_MDR1_ER,fus_GRM_early_lgbm,4,3,804,0.5177208242430379,0.7413957690492705,0.33901629297681
LOG_MDR1_ER,fus_GRM_early_lgbm,4,4,804,0.51364199274528,0.7494665945067164,0.3421752492759191
LOG_MDR1_ER,fus_GRM_early_rf,0,0,804,0.49978811035920234,0.7450860376766877,0.3400168938396845
LOG_MDR1_ER,fus_GRM_early_rf,0,1,804,0.5001699627378384,0.7563153424495908,0.34144871469634025
LOG_MDR1_ER,fus_GRM_early_rf,0,2,804,0.54212451926758,0.7590162781845818,0.33371538559531133
LOG_MDR1_ER,fus_GRM_early_rf,0,3,804,0.5316918994490671,0.7536178239546449,0.3347487280799437
LOG_MDR1_ER,fus_GRM_early_rf,0,4,804,0.49301357938725343,0.7459057870723834,0.340120275705385
LOG_MDR1_ER,fus_GRM_early_rf,1,0,804,0.5185748953757832,0.7493018497774349,0.3326525379408367
LOG_MDR1_ER,fus_GRM_early_rf,1,1,804,0.5004715990644887,0.7383614634145779,0.34491284505809156
LOG_MDR1_ER,fus_GRM_early_rf,1,2,804,0.4739498884529487,0.7303810996147408,0.34927811947602594
LOG_MDR1_ER,fus_GRM_early_rf,1,3,804,0.46109069078253984,0.7280758710412111,0.35578696125223636
LOG_MDR1_ER,fus_GRM_early_rf,1,4,804,0.5212075868581699,0.7537423454111604,0.3406646537628601
LOG_MDR1_ER,fus_GRM_early_rf,2,0,804,0.5120679079895191,0.751221050009467,0.3377968886579189
LOG_MDR1_ER,fus_GRM_early_rf,2,1,804,0.5103607458876829,0.7401366041708107,0.3367047270743969
LOG_MDR1_ER,fus_GRM_early_rf,2,2,804,0.5251256507915739,0.7570355070695626,0.3337430979618687
LOG_MDR1_ER,fus_GRM_early_rf,2,3,804,0.47578720314976386,0.748145695577166,0.34252734562313475
LOG_MDR1_ER,fus_GRM_early_rf,2,4,804,0.480869426307418,0.7352679375951936,0.35348737686160514
LOG_MDR1_ER,fus_GRM_early_rf,3,0,804,0.4922117795844443,0.7360552419942783,0.3466823929623107
LOG_MDR1_ER,fus_GRM_early_rf,3,1,804,0.5134009978650685,0.7488675182725223,0.33825861235489385
LOG_MDR1_ER,fus_GRM_early_rf,3,2,804,0.491853511872003,0.7223979881691918,0.3562792265369719
LOG_MDR1_ER,fus_GRM_early_rf,3,3,804,0.49653139633792087,0.7472735561843328,0.34184118563026833
LOG_MDR1_ER,fus_GRM_early_rf,3,4,804,0.5297771459297456,0.7479083402466065,0.3367293726412059
LOG_MDR1_ER,fus_GRM_early_rf,4,0,804,0.4954129638188939,0.743662184254017,0.3443358248325533
LOG_MDR1_ER,fus_GRM_early_rf,4,1,804,0.5118833050366152,0.74019578672887,0.3445841988995176
LOG_MDR1_ER,fus_GRM_early_rf,4,2,804,0.46333397268712906,0.7317570928800072,0.3481172989330338
LOG_MDR1_ER,fus_GRM_early_rf,4,3,804,0.527717125792138,0.7436319096795749,0.3386616055488754
LOG_MDR1_ER,fus_GRM_early_rf,4,4,804,0.5230374596721872,0.7544257010623806,0.3407850520797162
LOG_MDR1_ER,fus_GRM_late_attfp,0,0,804,0.5249968368389472,0.7442052671444722,0.35088133106904285
LOG_MDR1_ER,fus_GRM_late_attfp,0,1,804,0.5372336059569516,0.7534767935343971,0.34714838599284215
LOG_MDR1_ER,fus_GRM_late_attfp,0,2,804,0.5234240462263924,0.7494866347239384,0.3421567703925589
LOG_MDR1_ER,fus_GRM_late_attfp,0,3,804,0.5217902242105706,0.7425038279438109,0.3538840798110895
LOG_MDR1_ER,fus_GRM_late_attfp,0,4,804,0.5136889001145161,0.7391163733016115,0.349403932505375
LOG_MDR1_ER,fus_GRM_late_attfp,1,0,804,0.5224201113564833,0.7444582121762034,0.34291631209799717
LOG_MDR1_ER,fus_GRM_late_attfp,1,1,804,0.5325862449745085,0.7489789898615336,0.3459233973592628
LOG_MDR1_ER,fus_GRM_late_attfp,1,2,804,0.5195642114647105,0.7409722117197249,0.34984733669190066
LOG_MDR1_ER,fus_GRM_late_attfp,1,3,804,0.5127065686383627,0.7391801694789436,0.3538815353447548
LOG_MDR1_ER,fus_GRM_late_attfp,1,4,804,0.5259757633604554,0.7480439129199496,0.35062479709069955
LOG_MDR1_ER,fus_GRM_late_attfp,2,0,804,0.525175468868121,0.740978307337103,0.348803315907192
LOG_MDR1_ER,fus_GRM_late_attfp,2,1,804,0.5253616739700566,0.7387456951145358,0.3487034657018395
LOG_MDR1_ER,fus_GRM_late_attfp,2,2,804,0.5383999857818151,0.7537694524369251,0.3453980465094989
LOG_MDR1_ER,fus_GRM_late_attfp,2,3,804,0.5404077450645393,0.7591533141282902,0.3334206877828258
LOG_MDR1_ER,fus_GRM_late_attfp,2,4,804,0.5188475055681192,0.7432207556695303,0.35339818522130995
LOG_MDR1_ER,fus_GRM_late_attfp,3,0,804,0.5056929518176998,0.7279108737617267,0.3611537994904958
LOG_MDR1_ER,fus_GRM_late_attfp,3,1,804,0.518211910246884,0.7446079704122426,0.35401858932065133
LOG_MDR1_ER,fus_GRM_late_attfp,3,2,804,0.4961149035531036,0.7244456999979566,0.3613155943454879
LOG_MDR1_ER,fus_GRM_late_attfp,3,3,804,0.527758148431645,0.7519098273474102,0.3457118996450571
LOG_MDR1_ER,fus_GRM_late_attfp,3,4,804,0.5177492666931589,0.7343487462019282,0.35260186203390065
LOG_MDR1_ER,fus_GRM_late_attfp,4,0,804,0.5030457492651104,0.7325267800212908,0.3600830199466873
LOG_MDR1_ER,fus_GRM_late_attfp,4,1,804,0.5210631688310869,0.7455816529305546,0.34984756797967664
LOG_MDR1_ER,fus_GRM_late_attfp,4,2,804,0.5223055600676794,0.7420977767043744,0.3485777053693122
LOG_MDR1_ER,fus_GRM_late_attfp,4,3,804,0.5269598113951839,0.7414639479443511,0.34678318115073137
LOG_MDR1_ER,fus_GRM_late_attfp,4,4,804,0.516954130404589,0.744676476839367,0.35088069068766103
LOG_MDR1_ER,fus_GRM_late_lgbm,0,0,804,0.379958263708536,0.6471194945522865,0.4004696425640061
LOG_MDR1_ER,fus_GRM_late_lgbm,0,1,804,0.5101425648255028,0.7348899910740254,0.3559600520436936
LOG_MDR1_ER,fus_GRM_late_lgbm,0,2,804,0.40595215521423733,0.6692626987199,0.39004480961549315
LOG_MDR1_ER,fus_GRM_late_lgbm,0,3,804,0.36450057253207757,0.6314859640688824,0.4078915735895201
LOG_MDR1_ER,fus_GRM_late_lgbm,0,4,804,0.44943229237087,0.6941608467433992,0.37416205237429434
LOG_MDR1_ER,fus_GRM_late_lgbm,1,0,804,0.4418221161862723,0.6948789608518383,0.3724201069932222
LOG_MDR1_ER,fus_GRM_late_lgbm,1,1,804,0.4114663808167488,0.6587947374969951,0.39575373113850604
LOG_MDR1_ER,fus_GRM_late_lgbm,1,2,804,0.37152341883212503,0.6437308297372211,0.4051915418647099
LOG_MDR1_ER,fus_GRM_late_lgbm,1,3,804,0.471714427628387,0.7103745642549335,0.368494326876974
LOG_MDR1_ER,fus_GRM_late_lgbm,1,4,804,0.40379565913283566,0.6551292048954545,0.39412912002154915
LOG_MDR1_ER,fus_GRM_late_lgbm,2,0,804,0.4025786206829983,0.650998900601317,0.3918991449245091
LOG_MDR1_ER,fus_GRM_late_lgbm,2,1,804,0.37205936910284865,0.6331286820987373,0.40510467498890396
LOG_MDR1_ER,fus_GRM_late_lgbm,2,2,804,0.4654193987804418,0.7051917647146524,0.3724585228605669
LOG_MDR1_ER,fus_GRM_late_lgbm,2,3,804,0.39674539746931226,0.6629084741476093,0.3911379393945573
LOG_MDR1_ER,fus_GRM_late_lgbm,2,4,804,0.3776165869924093,0.650386880394152,0.40019676956290823
LOG_MDR1_ER,fus_GRM_late_lgbm,3,0,804,0.38467910145899864,0.6396159647125388,0.40310779960840315
LOG_MDR1_ER,fus_GRM_late_lgbm,3,1,804,0.4611764130903647,0.7086271516166152,0.3694775074032427
LOG_MDR1_ER,fus_GRM_late_lgbm,3,2,804,0.4034902715078241,0.6496217710280684,0.3957656110356197
LOG_MDR1_ER,fus_GRM_late_lgbm,3,3,804,0.38197919087128485,0.6456753824249177,0.40251002537848996
LOG_MDR1_ER,fus_GRM_late_lgbm,3,4,804,0.45186938851584624,0.6900018452554973,0.3718445950637516
LOG_MDR1_ER,fus_GRM_late_lgbm,4,0,804,0.45082930284605305,0.696472613263992,0.3746870120919985
LOG_MDR1_ER,fus_GRM_late_lgbm,4,1,804,0.40374338997109616,0.6623646824057425,0.3940682724607572
LOG_MDR1_ER,fus_GRM_late_lgbm,4,2,804,0.37805760229151175,0.647773710955527,0.402411089162433
LOG_MDR1_ER,fus_GRM_late_lgbm,4,3,804,0.45109297325524167,0.6975889150361523,0.369380924514692
LOG_MDR1_ER,fus_GRM_late_lgbm,4,4,804,0.36825255495926046,0.6381265317847344,0.4019702517171034
LOG_MDR1_ER,fus_GRM_late_rf,0,0,804,0.37883327558398516,0.6465610256080152,0.40012577603487626
LOG_MDR1_ER,fus_GRM_late_rf,0,1,804,0.4245458298735313,0.6696731685551616,0.3950577466829477
LOG_MDR1_ER,fus_GRM_late_rf,0,2,804,0.4096306333989357,0.6708079999623182,0.38797709401460045
LOG_MDR1_ER,fus_GRM_late_rf,0,3,804,0.3672710359805119,0.632316126390228,0.4067418998808305
LOG_MDR1_ER,fus_GRM_late_rf,0,4,804,0.3856558250120794,0.6469428180035829,0.40436466642761437
LOG_MDR1_ER,fus_GRM_late_rf,1,0,804,0.3754818710817658,0.6495881778268278,0.398577048618097
LOG_MDR1_ER,fus_GRM_late_rf,1,1,804,0.4138469697467242,0.6582406835034643,0.3941217148701834
LOG_MDR1_ER,fus_GRM_late_rf,1,2,804,0.3698918767930157,0.6454743502831778,0.4060882135419854
LOG_MDR1_ER,fus_GRM_late_rf,1,3,804,0.39114304732453153,0.6476992596358659,0.40025691594619783
LOG_MDR1_ER,fus_GRM_late_rf,1,4,804,0.403742662007193,0.6556995461778073,0.3938819617350283
LOG_MDR1_ER,fus_GRM_late_rf,2,0,804,0.402686319164565,0.6515528138360593,0.393091620437799
LOG_MDR1_ER,fus_GRM_late_rf,2,1,804,0.3673986941588365,0.6289779828429726,0.40757530129745156
LOG_MDR1_ER,fus_GRM_late_rf,2,2,804,0.41042409334562313,0.6677305597534128,0.39498432388903676
LOG_MDR1_ER,fus_GRM_late_rf,2,3,804,0.39779691487674007,0.6656786878674879,0.39089875879146835
LOG_MDR1_ER,fus_GRM_late_rf,2,4,804,0.37783084030259984,0.6483697198508982,0.4016880230483714
LOG_MDR1_ER,fus_GRM_late_rf,3,0,804,0.3864056564551135,0.6402578843393851,0.40278907244747963
LOG_MDR1_ER,fus_GRM_late_rf,3,1,804,0.3739797181804727,0.6524050036545711,0.4033864569116797
LOG_MDR1_ER,fus_GRM_late_rf,3,2,804,0.40193600581281697,0.6457310875516138,0.39564653985671555
LOG_MDR1_ER,fus_GRM_late_rf,3,3,804,0.3814519554680835,0.6456859700198019,0.40403422988308757
LOG_MDR1_ER,fus_GRM_late_rf,3,4,804,0.4061673137890409,0.658206095637251,0.3935244208380211
LOG_MDR1_ER,fus_GRM_late_rf,4,0,804,0.3894578338592316,0.6463070768723301,0.4028569104639238
LOG_MDR1_ER,fus_GRM_late_rf,4,1,804,0.4083089045833743,0.6649018275966091,0.392175660602088
LOG_MDR1_ER,fus_GRM_late_rf,4,2,804,0.3752428800994161,0.6436659151451114,0.40399103844647627
LOG_MDR1_ER,fus_GRM_late_rf,4,3,804,0.38763461806272703,0.6511229651374087,0.3957302843446605
LOG_MDR1_ER,fus_GRM_late_rf,4,4,804,0.36775662397386977,0.6385991458273562,0.40283983266311346
LOG_MDR1_ER,fus_GRS_early_attfp,0,0,804,0.43666949384244247,0.6871024471248486,0.3876846336509753
LOG_MDR1_ER,fus_GRS_early_attfp,0,1,804,0.3472374183252809,0.6334850503252092,0.4026101553726152
LOG_MDR1_ER,fus_GRS_early_attfp,0,2,804,0.4137605090021128,0.6544773406391463,0.3943948435741471
LOG_MDR1_ER,fus_GRS_early_attfp,0,3,804,0.4350063904094664,0.6800315309662558,0.38201850275934146
LOG_MDR1_ER,fus_GRS_early_attfp,0,4,804,0.44205538243765385,0.6876106230448278,0.3804567896259489
LOG_MDR1_ER,fus_GRS_early_attfp,1,0,804,0.4153028582257675,0.6742430034030401,0.3828161243953546
LOG_MDR1_ER,fus_GRS_early_attfp,1,1,804,0.40114365441836797,0.6680876074136098,0.38870954880109426
LOG_MDR1_ER,fus_GRS_early_attfp,1,2,804,0.440194660384577,0.692608105716477,0.38428759176885696
LOG_MDR1_ER,fus_GRS_early_attfp,1,3,804,0.3910104951005864,0.6704567245223109,0.3854890920438428
LOG_MDR1_ER,fus_GRS_early_attfp,1,4,804,0.4163099347809469,0.6867667032903981,0.38753849168036614
LOG_MDR1_ER,fus_GRS_early_attfp,2,0,804,0.3875356265101718,0.6591404648439309,0.3929623472143816
LOG_MDR1_ER,fus_GRS_early_attfp,2,1,804,0.4281561619765867,0.6834157299946282,0.38324987172172464
LOG_MDR1_ER,fus_GRS_early_attfp,2,2,804,0.3748052946612803,0.6448576251959574,0.39229586626342766
LOG_MDR1_ER,fus_GRS_early_attfp,2,3,804,0.4257482739736608,0.6810855417150921,0.3770347009065675
LOG_MDR1_ER,fus_GRS_early_attfp,2,4,804,0.36057993475781847,0.6554451584346778,0.4025939911985801
LOG_MDR1_ER,fus_GRS_early_attfp,3,0,804,0.4091341394623197,0.6656879891285586,0.3877523218127392
LOG_MDR1_ER,fus_GRS_early_attfp,3,1,804,0.4305465338103357,0.6759499148056658,0.3827896795852743
LOG_MDR1_ER,fus_GRS_early_attfp,3,2,804,0.4376570527222148,0.6869350716310082,0.38183146524277006
LOG_MDR1_ER,fus_GRS_early_attfp,3,3,804,0.42736237669664834,0.6833289828942892,0.3831979744978107
LOG_MDR1_ER,fus_GRS_early_attfp,3,4,804,0.3899005813356008,0.6647316929734501,0.4013256902834064
LOG_MDR1_ER,fus_GRS_early_attfp,4,0,804,0.36166108431263466,0.6645943106878454,0.4053813174221739
LOG_MDR1_ER,fus_GRS_early_attfp,4,1,804,0.43729001815979107,0.6948279956467133,0.37778713809926284
LOG_MDR1_ER,fus_GRS_early_attfp,4,2,804,0.4316391972803799,0.6857724249739753,0.3754468140046917
LOG_MDR1_ER,fus_GRS_early_attfp,4,3,804,0.36712682635734484,0.6337568363561091,0.3933571708543084
LOG_MDR1_ER,fus_GRS_early_attfp,4,4,804,0.4799909405366145,0.7114682691367463,0.36973285088502433
LOG_MDR1_ER,fus_GRS_early_lgbm,0,0,804,0.5178478451649188,0.7472770657822172,0.33190881295623065
LOG_MDR1_ER,fus_GRS_early_lgbm,0,1,804,0.5077083633485195,0.7540358586236997,0.3412953853968609
LOG_MDR1_ER,fus_GRS_early_lgbm,0,2,804,0.5171763334283072,0.7423596804464948,0.3428204080619736
LOG_MDR1_ER,fus_GRS_early_lgbm,0,3,804,0.538586744076027,0.751386273847227,0.3290795905100913
LOG_MDR1_ER,fus_GRS_early_lgbm,0,4,804,0.4749118625225216,0.7351776808969702,0.344055835929677
LOG_MDR1_ER,fus_GRS_early_lgbm,1,0,804,0.5145307642715515,0.7434821052646162,0.33696901838280724
LOG_MDR1_ER,fus_GRS_early_lgbm,1,1,804,0.49843608537273865,0.7354415326441845,0.3469186009992838
LOG_MDR1_ER,fus_GRS_early_lgbm,1,2,804,0.46056333850361286,0.7214044487154815,0.3552199241954043
LOG_MDR1_ER,fus_GRS_early_lgbm,1,3,804,0.45946724442263553,0.7247370197118181,0.3548078065537975
LOG_MDR1_ER,fus_GRS_early_lgbm,1,4,804,0.5074236214518513,0.7485275721544323,0.34586398991198286
LOG_MDR1_ER,fus_GRS_early_lgbm,2,0,804,0.49845502931323216,0.734629698748355,0.3451345576184444
LOG_MDR1_ER,fus_GRS_early_lgbm,2,1,804,0.4937861861468976,0.7335814141855406,0.3438623452762079
LOG_MDR1_ER,fus_GRS_early_lgbm,2,2,804,0.4900825801810078,0.7369413231022397,0.34519580826235247
LOG_MDR1_ER,fus_GRS_early_lgbm,2,3,804,0.46683955173967995,0.7441580030203323,0.3451546145941544
LOG_MDR1_ER,fus_GRS_early_lgbm,2,4,804,0.49254137686184085,0.7336713476313274,0.35342222969258785
LOG_MDR1_ER,fus_GRS_early_lgbm,3,0,804,0.49789442370887593,0.7355352485166768,0.34508222380454545
LOG_MDR1_ER,fus_GRS_early_lgbm,3,1,804,0.5134755231853712,0.7512302627039665,0.33974999450538107
LOG_MDR1_ER,fus_GRS_early_lgbm,3,2,804,0.4469644733756142,0.6984691110938966,0.3643961412936792
LOG_MDR1_ER,fus_GRS_early_lgbm,3,3,804,0.4993724960551824,0.7466563676900437,0.3403609333593646
LOG_MDR1_ER,fus_GRS_early_lgbm,3,4,804,0.5196034606850881,0.7417928269464202,0.3419141425964837
LOG_MDR1_ER,fus_GRS_early_lgbm,4,0,804,0.44379596972361013,0.7195688061835467,0.36344960528724507
LOG_MDR1_ER,fus_GRS_early_lgbm,4,1,804,0.5163640931160981,0.738383699806263,0.3390172257497026
LOG_MDR1_ER,fus_GRS_early_lgbm,4,2,804,0.4609242680427923,0.7282262988715834,0.34950690978664756
LOG_MDR1_ER,fus_GRS_early_lgbm,4,3,804,0.4742282106822533,0.721916434396322,0.35606727017470857
LOG_MDR1_ER,fus_GRS_early_lgbm,4,4,804,0.5196595390984555,0.7510497911500641,0.3413209371921695
LOG_MDR1_ER,fus_GRS_early_rf,0,0,804,0.5124720163825236,0.7476741352218049,0.33637010323931543
LOG_MDR1_ER,fus_GRS_early_rf,0,1,804,0.5136819351656152,0.7593666376470639,0.3387354153986825
LOG_MDR1_ER,fus_GRS_early_rf,0,2,804,0.5382004255363363,0.7568427980684743,0.33586582735123405
LOG_MDR1_ER,fus_GRS_early_rf,0,3,804,0.533968122231382,0.7494875813917887,0.33547156630305663
LOG_MDR1_ER,fus_GRS_early_rf,0,4,804,0.49043777445557935,0.744010622998649,0.34114433076060774
LOG_MDR1_ER,fus_GRS_early_rf,1,0,804,0.5260050363191591,0.7502313159802958,0.33352812636158874
LOG_MDR1_ER,fus_GRS_early_rf,1,1,804,0.511183057339109,0.7451559294713979,0.3431363627170908
LOG_MDR1_ER,fus_GRS_early_rf,1,2,804,0.47880656106426756,0.7322732577530653,0.35000219950407274
LOG_MDR1_ER,fus_GRS_early_rf,1,3,804,0.4706818226464451,0.7340289340947159,0.35363309348402644
LOG_MDR1_ER,fus_GRS_early_rf,1,4,804,0.5212282075176518,0.7535059786115408,0.34306320733450885
LOG_MDR1_ER,fus_GRS_early_rf,2,0,804,0.5156613713159437,0.7472866940869395,0.34036041896335895
LOG_MDR1_ER,fus_GRS_early_rf,2,1,804,0.5146997176668002,0.7420491733915681,0.33689343951013767
LOG_MDR1_ER,fus_GRS_early_rf,2,2,804,0.5250128396862802,0.7545020117269057,0.336516585918566
LOG_MDR1_ER,fus_GRS_early_rf,2,3,804,0.4793299540681284,0.7482643941712506,0.342294876924432
LOG_MDR1_ER,fus_GRS_early_rf,2,4,804,0.5003078191187976,0.7409340217532727,0.35086088617229416
LOG_MDR1_ER,fus_GRS_early_rf,3,0,804,0.5024240850764735,0.7381694283777079,0.34359418814914794
LOG_MDR1_ER,fus_GRS_early_rf,3,1,804,0.5142927672644253,0.7513400256593166,0.3389257600785863
LOG_MDR1_ER,fus_GRS_early_rf,3,2,804,0.47512039192722866,0.7136407333166243,0.3623867931398211
LOG_MDR1_ER,fus_GRS_early_rf,3,3,804,0.4980636587881372,0.7468891859476162,0.34419289199250275
LOG_MDR1_ER,fus_GRS_early_rf,3,4,804,0.5260914524168809,0.7454273229814818,0.3375834749254273
LOG_MDR1_ER,fus_GRS_early_rf,4,0,804,0.45843865584162624,0.7239130954295454,0.3599542061651768
LOG_MDR1_ER,fus_GRS_early_rf,4,1,804,0.5221639597695217,0.7433751087080627,0.34123933725793454
LOG_MDR1_ER,fus_GRS_early_rf,4,2,804,0.46688392271610524,0.7310385258026445,0.3474982876469894
LOG_MDR1_ER,fus_GRS_early_rf,4,3,804,0.4943451056267343,0.7365649879975216,0.35170716359335574
LOG_MDR1_ER,fus_GRS_early_rf,4,4,804,0.5259510873523394,0.7542702397297794,0.34089329021966913
LOG_MDR1_ER,fus_GRS_late_attfp,0,0,804,0.5417659830863386,0.750320025684715,0.33899284009152053
LOG_MDR1_ER,fus_GRS_late_attfp,0,1,804,0.5441036294190753,0.7604941421463338,0.3346043838928726
LOG_MDR1_ER,fus_GRS_late_attfp,0,2,804,0.5127255038919961,0.7371130163250562,0.3445410893588442
LOG_MDR1_ER,fus_GRS_late_attfp,0,3,804,0.527428318002602,0.7443405944681579,0.3499597589833789
LOG_MDR1_ER,fus_GRS_late_attfp,0,4,804,0.5225723604314885,0.7456768738626276,0.34157788454059396
LOG_MDR1_ER,fus_GRS_late_attfp,1,0,804,0.5271086132280505,0.7438450253932105,0.34021687023828917
LOG_MDR1_ER,fus_GRS_late_attfp,1,1,804,0.5400941322509899,0.7499655793878545,0.3399994504499063
LOG_MDR1_ER,fus_GRS_late_attfp,1,2,804,0.5230958645608503,0.7429724977981315,0.3468227677068778
LOG_MDR1_ER,fus_GRS_late_attfp,1,3,804,0.5245466906081984,0.7461085544024038,0.34451429126999755
LOG_MDR1_ER,fus_GRS_late_attfp,1,4,804,0.5383357918776792,0.7582176599502122,0.34760928627777193
LOG_MDR1_ER,fus_GRS_late_attfp,2,0,804,0.5326330858855612,0.7470227122934402,0.3451800880153828
LOG_MDR1_ER,fus_GRS_late_attfp,2,1,804,0.538181902036527,0.7462717737934862,0.34363653875503897
LOG_MDR1_ER,fus_GRS_late_attfp,2,2,804,0.5330405083853167,0.748855876862064,0.34154402948854073
LOG_MDR1_ER,fus_GRS_late_attfp,2,3,804,0.5507732300311359,0.7577795143617018,0.3302733541874101
LOG_MDR1_ER,fus_GRS_late_attfp,2,4,804,0.5224115970873244,0.7415154143501684,0.35232232252124857
LOG_MDR1_ER,fus_GRS_late_attfp,3,0,804,0.5188213895144009,0.7371515064544854,0.35219397988133727
LOG_MDR1_ER,fus_GRS_late_attfp,3,1,804,0.5396821424978848,0.7536330629980901,0.3410239798580022
LOG_MDR1_ER,fus_GRS_late_attfp,3,2,804,0.5064432012685105,0.7332691292422121,0.3568309425230558
LOG_MDR1_ER,fus_GRS_late_attfp,3,3,804,0.5427766442574988,0.759876799260583,0.3361208753414422
LOG_MDR1_ER,fus_GRS_late_attfp,3,4,804,0.5167411763006282,0.7362614077805245,0.34919865472704076
LOG_MDR1_ER,fus_GRS_late_attfp,4,0,804,0.5263148655049863,0.7437075969286863,0.3446588733865362
LOG_MDR1_ER,fus_GRS_late_attfp,4,1,804,0.5174688480675731,0.743941192993134,0.3476132051093826
LOG_MDR1_ER,fus_GRS_late_attfp,4,2,804,0.5391136595447414,0.7495639382352334,0.340074409865705
LOG_MDR1_ER,fus_GRS_late_attfp,4,3,804,0.5305508407050945,0.7431840203390433,0.34217962171755045
LOG_MDR1_ER,fus_GRS_late_attfp,4,4,804,0.5355158521397463,0.7517773400272756,0.3425749541793357
LOG_MDR1_ER,fus_GRS_late_lgbm,0,0,804,0.47654266573353765,0.7017832526510602,0.35518438275207653
LOG_MDR1_ER,fus_GRS_late_lgbm,0,1,804,0.525467507472875,0.746516747639114,0.34247434049334213
LOG_MDR1_ER,fus_GRS_late_lgbm,0,2,804,0.4334027419921519,0.6845982987107005,0.36698912362714337
LOG_MDR1_ER,fus_GRS_late_lgbm,0,3,804,0.4432060672013861,0.6915674846934424,0.37161913027309446
LOG_MDR1_ER,fus_GRS_late_lgbm,0,4,804,0.43916283144129653,0.6997070223437567,0.36690057551015226
LOG_MDR1_ER,fus_GRS_late_lgbm,1,0,804,0.4471751476937845,0.6957441376115986,0.363945025570288
LOG_MDR1_ER,fus_GRS_late_lgbm,1,1,804,0.4763670539214361,0.7157043819388248,0.3599000565305617
LOG_MDR1_ER,fus_GRS_late_lgbm,1,2,804,0.4502196278771158,0.698671685115575,0.3649390595513371
LOG_MDR1_ER,fus_GRS_late_lgbm,1,3,804,0.4751872000993014,0.7231155671292554,0.35867843784329856
LOG_MDR1_ER,fus_GRS_late_lgbm,1,4,804,0.45127484724319433,0.6977562591290634,0.3678906814064692
LOG_MDR1_ER,fus_GRS_late_lgbm,2,0,804,0.46156384900740155,0.7056742408295266,0.3625905087328897
LOG_MDR1_ER,fus_GRS_late_lgbm,2,1,804,0.4544603589191194,0.6964256299568462,0.36593667280604275
LOG_MDR1_ER,fus_GRS_late_lgbm,2,2,804,0.4603664519882362,0.7107808644904225,0.36676589075816185
LOG_MDR1_ER,fus_GRS_late_lgbm,2,3,804,0.5098771794224732,0.7344122935903923,0.34099127314197974
LOG_MDR1_ER,fus_GRS_late_lgbm,2,4,804,0.4585321072863098,0.6934097631938158,0.3663750829076624
LOG_MDR1_ER,fus_GRS_late_lgbm,3,0,804,0.4408007132578642,0.6901809285763274,0.37176828798858064
LOG_MDR1_ER,fus_GRS_late_lgbm,3,1,804,0.47119817314463874,0.706575525458894,0.36270133480950617
LOG_MDR1_ER,fus_GRS_late_lgbm,3,2,804,0.432304779390859,0.6975796244751543,0.372204997415869
LOG_MDR1_ER,fus_GRS_late_lgbm,3,3,804,0.4599937962713423,0.7116566232177939,0.3626393501795238
LOG_MDR1_ER,fus_GRS_late_lgbm,3,4,804,0.4286394942627434,0.6826491369104987,0.3690485667420443
LOG_MDR1_ER,fus_GRS_late_lgbm,4,0,804,0.4557026951209535,0.6993933181454384,0.3653922999632719
LOG_MDR1_ER,fus_GRS_late_lgbm,4,1,804,0.4236665464138797,0.6914944825474886,0.37205446764814726
LOG_MDR1_ER,fus_GRS_late_lgbm,4,2,804,0.46675660922132045,0.7091464157069514,0.36207319751437894
LOG_MDR1_ER,fus_GRS_late_lgbm,4,3,804,0.45990365559123847,0.7064805822288597,0.36252130327092896
LOG_MDR1_ER,fus_GRS_late_lgbm,4,4,804,0.44076359999035586,0.6840198765633511,0.3705761179030048
LOG_MDR1_ER,fus_GRS_late_rf,0,0,804,0.44235847978207465,0.6910680974200076,0.3671829194877283
LOG_MDR1_ER,fus_GRS_late_rf,0,1,804,0.4882839090003399,0.7305505744251185,0.3550137927005872
LOG_MDR1_ER,fus_GRS_late_rf,0,2,804,0.4103567572310709,0.6824842907091593,0.3719344403944138
LOG_MDR1_ER,fus_GRS_late_rf,0,3,804,0.402869350668835,0.6832534090673041,0.38367814930372623
LOG_MDR1_ER,fus_GRS_late_rf,0,4,804,0.41156165870460804,0.6888213449927344,0.374460273798127
LOG_MDR1_ER,fus_GRS_late_rf,1,0,804,0.41394533427560465,0.6854764628026563,0.3737177320141666
LOG_MDR1_ER,fus_GRS_late_rf,1,1,804,0.4367928591162572,0.6996712318504918,0.37253963642812665
LOG_MDR1_ER,fus_GRS_late_rf,1,2,804,0.41699641383393193,0.6886919563710914,0.3760495535941436
LOG_MDR1_ER,fus_GRS_late_rf,1,3,804,0.44946526639375184,0.713158641484629,0.3647383048186482
LOG_MDR1_ER,fus_GRS_late_rf,1,4,804,0.42454953502290027,0.6961408374877329,0.3751985830001548
LOG_MDR1_ER,fus_GRS_late_rf,2,0,804,0.43581161834046234,0.6941992557608586,0.3676302021776896
LOG_MDR1_ER,fus_GRS_late_rf,2,1,804,0.4235142107836227,0.6924838002981553,0.3762274844229519
LOG_MDR1_ER,fus_GRS_late_rf,2,2,804,0.43083473558980345,0.7060163690325626,0.3741762225681718
LOG_MDR1_ER,fus_GRS_late_rf,2,3,804,0.4706888690752743,0.7119846489189631,0.35212793030918565
LOG_MDR1_ER,fus_GRS_late_rf,2,4,804,0.4127156361502471,0.6792355686486546,0.3804888524110408
LOG_MDR1_ER,fus_GRS_late_rf,3,0,804,0.41177374192980143,0.6795664697165392,0.3831553359013997
LOG_MDR1_ER,fus_GRS_late_rf,3,1,804,0.4403993586125886,0.7028804269340586,0.3711857197435423
LOG_MDR1_ER,fus_GRS_late_rf,3,2,804,0.402054196309667,0.6869241640300154,0.38317784419121753
LOG_MDR1_ER,fus_GRS_late_rf,3,3,804,0.43830070989852843,0.7054706117479221,0.3696556480014702
LOG_MDR1_ER,fus_GRS_late_rf,3,4,804,0.38627247535202003,0.6702456302633827,0.38108469394367644
LOG_MDR1_ER,fus_GRS_late_rf,4,0,804,0.41771477475435936,0.6845612872720195,0.3796177004376497
LOG_MDR1_ER,fus_GRS_late_rf,4,1,804,0.38625478675875213,0.679719961910006,0.3835566627517429
LOG_MDR1_ER,fus_GRS_late_rf,4,2,804,0.446770489395094,0.7075974459663095,0.36556517919875614
LOG_MDR1_ER,fus_GRS_late_rf,4,3,804,0.407658936959859,0.6942313408460778,0.3752937724831705
LOG_MDR1_ER,fus_GRS_late_rf,4,4,804,0.3963186131419597,0.6772847178422623,0.38175563938421087
LOG_MDR1_ER,fus_GR_early_attfp,0,0,804,0.4887545637030809,0.7430151209408585,0.372814639157299
LOG_MDR1_ER,fus_GR_early_attfp,0,1,804,0.5125896567308733,0.7397755773779171,0.3590993006007339
LOG_MDR1_ER,fus_GR_early_attfp,0,2,804,0.4522701407243388,0.7126415831241909,0.39050739678321045
LOG_MDR1_ER,fus_GR_early_attfp,0,3,804,0.49681460464599836,0.7433530120950671,0.363480687208963
LOG_MDR1_ER,fus_GR_early_attfp,0,4,804,0.45463700101986804,0.7135032817626401,0.3745662627366687
LOG_MDR1_ER,fus_GR_early_attfp,1,0,804,0.48998561616368885,0.7388542386648935,0.3664176351535134
LOG_MDR1_ER,fus_GR_early_attfp,1,1,804,0.49685185236412277,0.7389018953098496,0.3608939964877966
LOG_MDR1_ER,fus_GR_early_attfp,1,2,804,0.47107187869962,0.7281360652628199,0.37741255211486713
LOG_MDR1_ER,fus_GR_early_attfp,1,3,804,0.5078746420946361,0.7282357655500873,0.3577640525714409
LOG_MDR1_ER,fus_GR_early_attfp,1,4,804,0.5108427673584043,0.7508415934913584,0.35496952794067566
LOG_MDR1_ER,fus_GR_early_attfp,2,0,804,0.505807442002121,0.7461959710970761,0.3662573272233934
LOG_MDR1_ER,fus_GR_early_attfp,2,1,804,0.4970422826366232,0.744213764065666,0.3612345957475847
LOG_MDR1_ER,fus_GR_early_attfp,2,2,804,0.4962843994651712,0.7437178948277416,0.372880222187874
LOG_MDR1_ER,fus_GR_early_attfp,2,3,804,0.49963085019935627,0.7497316831604298,0.35776121354371854
LOG_MDR1_ER,fus_GR_early_attfp,2,4,804,0.4287453752250098,0.708623578425255,0.39149308415892053
LOG_MDR1_ER,fus_GR_early_attfp,3,0,804,0.4862271726586682,0.7347211330090265,0.36597043752229214
LOG_MDR1_ER,fus_GR_early_attfp,3,1,804,0.4691541707075869,0.7245576146094401,0.3800748481548717
LOG_MDR1_ER,fus_GR_early_attfp,3,2,804,0.46099728061707057,0.7189853198369284,0.38127260524878
LOG_MDR1_ER,fus_GR_early_attfp,3,3,804,0.5109275735398209,0.7394292123919746,0.35217689628148247
LOG_MDR1_ER,fus_GR_early_attfp,3,4,804,0.5014577420295232,0.7431101340677936,0.3566736447100691
LOG_MDR1_ER,fus_GR_early_attfp,4,0,804,0.4901931947802748,0.7374235695589024,0.36596417083137894
LOG_MDR1_ER,fus_GR_early_attfp,4,1,804,0.4569921424779809,0.719709405295175,0.38649885316737903
LOG_MDR1_ER,fus_GR_early_attfp,4,2,804,0.48468917521850796,0.7277684348844332,0.3651766648812847
LOG_MDR1_ER,fus_GR_early_attfp,4,3,804,0.46628907301851497,0.7176199708126139,0.38327214382113906
LOG_MDR1_ER,fus_GR_early_attfp,4,4,804,0.4815948133227831,0.7405547542871643,0.3638475635966578
LOG_MDR1_ER,fus_GR_early_lgbm,0,0,804,0.49706770191201866,0.739560545239121,0.33998105491534925
LOG_MDR1_ER,fus_GR_early_lgbm,0,1,804,0.5056046756100769,0.7542330887890166,0.34080348890065887
LOG_MDR1_ER,fus_GR_early_lgbm,0,2,804,0.5298086365234749,0.7521645546093115,0.3400928225862003
LOG_MDR1_ER,fus_GR_early_lgbm,0,3,804,0.5245623222447606,0.7483701208075169,0.3369129830644464
LOG_MDR1_ER,fus_GR_early_lgbm,0,4,804,0.4766782476966216,0.7328172685146007,0.34491645390706555
LOG_MDR1_ER,fus_GR_early_lgbm,1,0,804,0.5180461246315333,0.7514965029281475,0.3367952564546434
LOG_MDR1_ER,fus_GR_early_lgbm,1,1,804,0.500807309007649,0.7339954774675157,0.3471409591515179
LOG_MDR1_ER,fus_GR_early_lgbm,1,2,804,0.4655981333881162,0.7232340616820722,0.35165562621177543
LOG_MDR1_ER,fus_GR_early_lgbm,1,3,804,0.4609272631878031,0.7233957068151196,0.35827897790162916
LOG_MDR1_ER,fus_GR_early_lgbm,1,4,804,0.510860669444317,0.7476423872146272,0.3435157353974006
LOG_MDR1_ER,fus_GR_early_lgbm,2,0,804,0.49810907882900823,0.7394036523600142,0.3450940229918813
LOG_MDR1_ER,fus_GR_early_lgbm,2,1,804,0.5077892098216483,0.7360775002334922,0.3384440794135187
LOG_MDR1_ER,fus_GR_early_lgbm,2,2,804,0.5118626073421417,0.7478274723241076,0.3413919114061202
LOG_MDR1_ER,fus_GR_early_lgbm,2,3,804,0.48524769931147305,0.745352074432106,0.3414307128585379
LOG_MDR1_ER,fus_GR_early_lgbm,2,4,804,0.48386757636030886,0.7304152951046535,0.354021109838078
LOG_MDR1_ER,fus_GR_early_lgbm,3,0,804,0.4907992957256062,0.7328960497513207,0.3499480304613312
LOG_MDR1_ER,fus_GR_early_lgbm,3,1,804,0.5212623033747428,0.7522613412828804,0.3350727944114135
LOG_MDR1_ER,fus_GR_early_lgbm,3,2,804,0.4997977420753019,0.7279507303712792,0.35364852491229776
LOG_MDR1_ER,fus_GR_early_lgbm,3,3,804,0.5033867412535966,0.7444624144578809,0.3420805364731081
LOG_MDR1_ER,fus_GR_early_lgbm,3,4,804,0.5299306070240392,0.7446754839925971,0.3389341549313997
LOG_MDR1_ER,fus_GR_early_lgbm,4,0,804,0.4881866686006312,0.7353345275971571,0.3450505923531582
LOG_MDR1_ER,fus_GR_early_lgbm,4,1,804,0.5081780014159327,0.734016604323201,0.3455596244838023
LOG_MDR1_ER,fus_GR_early_lgbm,4,2,804,0.47574480497652016,0.7290383089926171,0.3470358826599874
LOG_MDR1_ER,fus_GR_early_lgbm,4,3,804,0.5090846212932927,0.7342529249439013,0.348784449369545
LOG_MDR1_ER,fus_GR_early_lgbm,4,4,804,0.5220114220200607,0.7483098111386094,0.34410623684518277
LOG_MDR1_ER,fus_GR_early_rf,0,0,804,0.4977212803711577,0.7443197446859897,0.3406900805950345
LOG_MDR1_ER,fus_GR_early_rf,0,1,804,0.49816293264291545,0.7556318482616119,0.3431954491923738
LOG_MDR1_ER,fus_GR_early_rf,0,2,804,0.536920063448263,0.7577773945055709,0.3363198932814167
LOG_MDR1_ER,fus_GR_early_rf,0,3,804,0.5376023977228641,0.757242130275119,0.33582707229136405
LOG_MDR1_ER,fus_GR_early_rf,0,4,804,0.49033885509668196,0.7433820124565326,0.3405794127054482
LOG_MDR1_ER,fus_GR_early_rf,1,0,804,0.5242466459078439,0.7516826039738577,0.3321726053424224
LOG_MDR1_ER,fus_GR_early_rf,1,1,804,0.5008529094042865,0.7416501875268199,0.34504611711712674
LOG_MDR1_ER,fus_GR_early_rf,1,2,804,0.47176428094473544,0.7306049288377079,0.3503873695472276
LOG_MDR1_ER,fus_GR_early_rf,1,3,804,0.46251257615621,0.731181357200754,0.35556909673133036
LOG_MDR1_ER,fus_GR_early_rf,1,4,804,0.5221036336745364,0.7570437456368136,0.33871653914576605
LOG_MDR1_ER,fus_GR_early_rf,2,0,804,0.5149989674007666,0.7504876551626127,0.3388477158443686
LOG_MDR1_ER,fus_GR_early_rf,2,1,804,0.5121661623298442,0.7434079650093091,0.335725177994211
LOG_MDR1_ER,fus_GR_early_rf,2,2,804,0.5270443089524913,0.7584320455841351,0.33268391813648185
LOG_MDR1_ER,fus_GR_early_rf,2,3,804,0.4788127522479454,0.7513479684334761,0.34184300837996157
LOG_MDR1_ER,fus_GR_early_rf,2,4,804,0.48436447233638036,0.7404640588892054,0.3520852468735978
LOG_MDR1_ER,fus_GR_early_rf,3,0,804,0.492794330279013,0.7387283780197118,0.3479565076470979
LOG_MDR1_ER,fus_GR_early_rf,3,1,804,0.510653784180183,0.7499929865765962,0.33895413888162257
LOG_MDR1_ER,fus_GR_early_rf,3,2,804,0.4964333544487949,0.7252756506292282,0.35434303316587906
LOG_MDR1_ER,fus_GR_early_rf,3,3,804,0.4972782282120882,0.747460626987353,0.3442097223936134
LOG_MDR1_ER,fus_GR_early_rf,3,4,804,0.5329684437070156,0.7509606427459095,0.33744271433472534
LOG_MDR1_ER,fus_GR_early_rf,4,0,804,0.49747019943070414,0.7420604179584739,0.34450729894827886
LOG_MDR1_ER,fus_GR_early_rf,4,1,804,0.5155519564788295,0.7422293404461184,0.3433715982011708
LOG_MDR1_ER,fus_GR_early_rf,4,2,804,0.4661082563527422,0.7305274406107347,0.3488150938641555
LOG_MDR1_ER,fus_GR_early_rf,4,3,804,0.5233096597462956,0.7451152920222106,0.3436544238052268
LOG_MDR1_ER,fus_GR_early_rf,4,4,804,0.5283758647542887,0.7585866064278054,0.3386950950534531
LOG_MDR1_ER,fus_GR_late_attfp,0,0,804,0.5345660380798389,0.7514725129794512,0.34783747276262034
LOG_MDR1_ER,fus_GR_late_attfp,0,1,804,0.5437476937427275,0.7600867286287711,0.33969919171440416
LOG_MDR1_ER,fus_GR_late_attfp,0,2,804,0.5122442032367153,0.7393063533765621,0.3456198737015984
LOG_MDR1_ER,fus_GR_late_attfp,0,3,804,0.5248314848509377,0.745999525973391,0.35082949518299006
LOG_MDR1_ER,fus_GR_late_attfp,0,4,804,0.523296961416875,0.7483852444036633,0.3412067304380618
LOG_MDR1_ER,fus_GR_late_attfp,1,0,804,0.526394475795349,0.7472153707457236,0.34367297557807647
LOG_MDR1_ER,fus_GR_late_attfp,1,1,804,0.5390425232063847,0.7520067799889655,0.34498724701326006
LOG_MDR1_ER,fus_GR_late_attfp,1,2,804,0.5220981739267092,0.7441746274313633,0.34720988073475617
LOG_MDR1_ER,fus_GR_late_attfp,1,3,804,0.5173738501581343,0.7441375919378995,0.34840633423992706
LOG_MDR1_ER,fus_GR_late_attfp,1,4,804,0.5364560195574185,0.7588383969865484,0.34775572923690196
LOG_MDR1_ER,fus_GR_late_attfp,2,0,804,0.5297002468713616,0.7482143362224789,0.343470359970188
LOG_MDR1_ER,fus_GR_late_attfp,2,1,804,0.5392109797499232,0.7506752801126674,0.34174631767784086
LOG_MDR1_ER,fus_GR_late_attfp,2,2,804,0.5369953961079751,0.7554620945534157,0.34336830808042224
LOG_MDR1_ER,fus_GR_late_attfp,2,3,804,0.5485032292952339,0.7587288836788806,0.3307316688545486
LOG_MDR1_ER,fus_GR_late_attfp,2,4,804,0.5219702866808456,0.7454112758069449,0.3527985793946294
LOG_MDR1_ER,fus_GR_late_attfp,3,0,804,0.51403442485109,0.7375304275786972,0.3550491406974033
LOG_MDR1_ER,fus_GR_late_attfp,3,1,804,0.5430850408027185,0.7580292961374451,0.34130807106566113
LOG_MDR1_ER,fus_GR_late_attfp,3,2,804,0.5007495265619986,0.7328591758840753,0.3597091835048118
LOG_MDR1_ER,fus_GR_late_attfp,3,3,804,0.544528011826773,0.7622591466297296,0.336798773612853
LOG_MDR1_ER,fus_GR_late_attfp,3,4,804,0.5177223608763852,0.738092032508574,0.3514265354671468
LOG_MDR1_ER,fus_GR_late_attfp,4,0,804,0.5255749105531643,0.7489208275123843,0.34882022680148705
LOG_MDR1_ER,fus_GR_late_attfp,4,1,804,0.5189980340559606,0.7450129826259896,0.3521420463325298
LOG_MDR1_ER,fus_GR_late_attfp,4,2,804,0.5310181867773245,0.7471038948339758,0.34162050696186896
LOG_MDR1_ER,fus_GR_late_attfp,4,3,804,0.5366622707359952,0.7487056568368294,0.34476963920907405
LOG_MDR1_ER,fus_GR_late_attfp,4,4,804,0.5333688863559862,0.7531893990286957,0.3475427110080616
LOG_MDR1_ER,fus_GR_late_lgbm,0,0,804,0.4314901604278182,0.6857182776697324,0.3703395950244599
LOG_MDR1_ER,fus_GR_late_lgbm,0,1,804,0.49849336825816104,0.7393351241732016,0.3489293117810566
LOG_MDR1_ER,fus_GR_late_lgbm,0,2,804,0.3815515933041016,0.6709550475433784,0.38031455915717993
LOG_MDR1_ER,fus_GR_late_lgbm,0,3,804,0.3841021505423152,0.670336462121052,0.3928618934063548
LOG_MDR1_ER,fus_GR_late_lgbm,0,4,804,0.42165124502719986,0.6952307303240287,0.37162319491213897
LOG_MDR1_ER,fus_GR_late_lgbm,1,0,804,0.3993930127093823,0.6805423744191491,0.3795440673266843
LOG_MDR1_ER,fus_GR_late_lgbm,1,1,804,0.45639439385257996,0.707672495724515,0.37009850402955075
LOG_MDR1_ER,fus_GR_late_lgbm,1,2,804,0.42673154574532357,0.6943539937670611,0.37019004647620396
LOG_MDR1_ER,fus_GR_late_lgbm,1,3,804,0.45921851137572844,0.7201500771407753,0.3636146764737283
LOG_MDR1_ER,fus_GR_late_lgbm,1,4,804,0.41324845227840346,0.6877216405763599,0.3800294207695606
LOG_MDR1_ER,fus_GR_late_lgbm,2,0,804,0.40743984326892424,0.6796333241300977,0.3782488933814076
LOG_MDR1_ER,fus_GR_late_lgbm,2,1,804,0.41418583162309686,0.6865637822662605,0.3780774608424038
LOG_MDR1_ER,fus_GR_late_lgbm,2,2,804,0.43368455667761985,0.7037386337445909,0.37347098441168014
LOG_MDR1_ER,fus_GR_late_lgbm,2,3,804,0.5011986106277865,0.7326330292342581,0.34456138691821736
LOG_MDR1_ER,fus_GR_late_lgbm,2,4,804,0.41824049046923784,0.6847314621978062,0.37724091096577056
LOG_MDR1_ER,fus_GR_late_lgbm,3,0,804,0.40399884152987986,0.6802167205364819,0.3847874169788891
LOG_MDR1_ER,fus_GR_late_lgbm,3,1,804,0.4292809340571624,0.6973257368319914,0.3748841387346481
LOG_MDR1_ER,fus_GR_late_lgbm,3,2,804,0.3739892479228487,0.6750635269066502,0.3926844581897817
LOG_MDR1_ER,fus_GR_late_lgbm,3,3,804,0.4389113257759958,0.7070521966401031,0.3684077042044076
LOG_MDR1_ER,fus_GR_late_lgbm,3,4,804,0.374086520618532,0.6620123258062411,0.386504719107348
LOG_MDR1_ER,fus_GR_late_lgbm,4,0,804,0.3932178811699426,0.6746676194804221,0.3891715757467778
LOG_MDR1_ER,fus_GR_late_lgbm,4,1,804,0.3724473992433268,0.6694492730551301,0.3893384045391076
LOG_MDR1_ER,fus_GR_late_lgbm,4,2,804,0.45331101641856575,0.7086582580034436,0.36502373621466255
LOG_MDR1_ER,fus_GR_late_lgbm,4,3,804,0.40069433707425783,0.6875419333415618,0.37724193883930984
LOG_MDR1_ER,fus_GR_late_lgbm,4,4,804,0.3789277433252811,0.6699633358127205,0.38994061848004163
LOG_MDR1_ER,fus_GR_late_rf,0,0,804,0.44468040653558627,0.6964987266599123,0.36455792251352115
LOG_MDR1_ER,fus_GR_late_rf,0,1,804,0.48288041093242773,0.7263065617398411,0.35624025434775014
LOG_MDR1_ER,fus_GR_late_rf,0,2,804,0.40981684291067755,0.681669013325997,0.371110995877381
LOG_MDR1_ER,fus_GR_late_rf,0,3,804,0.40843002793039196,0.6816140376079821,0.3826410425063558
LOG_MDR1_ER,fus_GR_late_rf,0,4,804,0.42489271723231103,0.6968319477348606,0.36983121438259187
LOG_MDR1_ER,fus_GR_late_rf,1,0,804,0.41478110055691253,0.6891660628540984,0.37323456863911203
LOG_MDR1_ER,fus_GR_late_rf,1,1,804,0.44632542896672767,0.7027763166786534,0.36922311116002315
LOG_MDR1_ER,fus_GR_late_rf,1,2,804,0.42131417329907817,0.6926761355255049,0.3733375892240325
LOG_MDR1_ER,fus_GR_late_rf,1,3,804,0.4565967159994778,0.7167252926275828,0.3626202243200485
LOG_MDR1_ER,fus_GR_late_rf,1,4,804,0.43044433750614886,0.6962639853196327,0.3730972583181124
LOG_MDR1_ER,fus_GR_late_rf,2,0,804,0.4321976013881922,0.6946629074615768,0.3676562137666932
LOG_MDR1_ER,fus_GR_late_rf,2,1,804,0.42726604189482775,0.6939094850525911,0.37388213995373787
LOG_MDR1_ER,fus_GR_late_rf,2,2,804,0.43201967385377926,0.7048195686835871,0.37337451995636045
LOG_MDR1_ER,fus_GR_late_rf,2,3,804,0.49050474785031206,0.7248926939963029,0.34542836604533655
LOG_MDR1_ER,fus_GR_late_rf,2,4,804,0.4162313693112222,0.681038328581995,0.3805046442530226
LOG_MDR1_ER,fus_GR_late_rf,3,0,804,0.42282655669827274,0.6853061592134887,0.3788113632609149
LOG_MDR1_ER,fus_GR_late_rf,3,1,804,0.44320214535122315,0.7037143484051611,0.3705706943583518
LOG_MDR1_ER,fus_GR_late_rf,3,2,804,0.4011850506256358,0.6865176167988218,0.38342302430151504
LOG_MDR1_ER,fus_GR_late_rf,3,3,804,0.4487499726598454,0.7129838593056367,0.36519142620099715
LOG_MDR1_ER,fus_GR_late_rf,3,4,804,0.38489844766249637,0.668876304300948,0.3823490645480223
LOG_MDR1_ER,fus_GR_late_rf,4,0,804,0.4090966891894965,0.6814352949247263,0.3819268283767799
LOG_MDR1_ER,fus_GR_late_rf,4,1,804,0.3870439428896294,0.6827511168115972,0.3827034958919752
LOG_MDR1_ER,fus_GR_late_rf,4,2,804,0.4572940475381514,0.7116007904263268,0.36156225549237064
LOG_MDR1_ER,fus_GR_late_rf,4,3,804,0.4066637640016413,0.6915758281035269,0.3757839543549005
LOG_MDR1_ER,fus_GR_late_rf,4,4,804,0.39534677018814957,0.6796487163766057,0.38410589171117104
LOG_MDR1_ER,lgbm,0,0,804,0.4477198731243177,0.690424100792096,0.38475023360506644
LOG_MDR1_ER,lgbm,0,1,804,0.4450700925263913,0.683001666712653,0.39187502379133515
LOG_MDR1_ER,lgbm,0,2,804,0.4483308294622613,0.7004505330836747,0.38601858289866553
LOG_MDR1_ER,lgbm,0,3,804,0.452800042975237,0.698451239852038,0.38345937754850734
LOG_MDR1_ER,lgbm,0,4,804,0.4601808769574617,0.7036770772807681,0.3832182996066075
LOG_MDR1_ER,lgbm,1,0,804,0.43607006398601766,0.693068555723121,0.3897502516483936
LOG_MDR1_ER,lgbm,1,1,804,0.45640188157467143,0.697991990497302,0.38827432496929254
LOG_MDR1_ER,lgbm,1,2,804,0.45424627564271614,0.6977407003895578,0.38553083790780174
LOG_MDR1_ER,lgbm,1,3,804,0.45410965338299425,0.6979544701251829,0.38304977166678567
LOG_MDR1_ER,lgbm,1,4,804,0.44917519047985544,0.7078001621110969,0.3786758322229852
LOG_MDR1_ER,lgbm,2,0,804,0.4337982050539644,0.6862721963306,0.3875398684578887
LOG_MDR1_ER,lgbm,2,1,804,0.4225603218148106,0.6768061412421507,0.39191068062769996
LOG_MDR1_ER,lgbm,2,2,804,0.4589110384318489,0.7021238493223417,0.3847988145152987
LOG_MDR1_ER,lgbm,2,3,804,0.46501961917832313,0.7066750399053693,0.37943540858089064
LOG_MDR1_ER,lgbm,2,4,804,0.4430398631968767,0.6940246902520111,0.38775213157667904
LOG_MDR1_ER,lgbm,3,0,804,0.4405683173345214,0.6794486837333948,0.3878958491316317
LOG_MDR1_ER,lgbm,3,1,804,0.4499546394348848,0.6970741613821627,0.3834363877632284
LOG_MDR1_ER,lgbm,3,2,804,0.4491443551941795,0.6955063408851645,0.38994900334740773
LOG_MDR1_ER,lgbm,3,3,804,0.4530625575692262,0.7036622538475986,0.38164395041396604
LOG_MDR1_ER,lgbm,3,4,804,0.4493994834115955,0.7002047457844707,0.37750440874552516
LOG_MDR1_ER,lgbm,4,0,804,0.4349017776889661,0.6875481660561622,0.3876812148609148
LOG_MDR1_ER,lgbm,4,1,804,0.45058673420765016,0.7007345103493308,0.3784465424536024
LOG_MDR1_ER,lgbm,4,2,804,0.4488111338368357,0.6905474868797031,0.38894799668462476
LOG_MDR1_ER,lgbm,4,3,804,0.4709213120856931,0.7084998650998313,0.3780486788267575
LOG_MDR1_ER,lgbm,4,4,804,0.4398476507007242,0.6878822745096768,0.39221265749065193
LOG_MDR1_ER,uni_G_attfp,0,0,804,0.5115017405053908,0.7489558773123084,0.34392153767964717
LOG_MDR1_ER,uni_G_attfp,0,1,804,0.5220481469663778,0.7557386601024871,0.33803368941807804
LOG_MDR1_ER,uni_G_attfp,0,2,804,0.5186597757800089,0.7516355707443153,0.33723034138863794
LOG_MDR1_ER,uni_G_attfp,0,3,804,0.5247310811906016,0.752157300177177,0.3351294614348305
LOG_MDR1_ER,uni_G_attfp,0,4,804,0.5102513206944181,0.7398773326271038,0.3457499631704077
LOG_MDR1_ER,uni_G_attfp,1,0,804,0.5231271735608233,0.7445687183306413,0.34271201671488344
LOG_MDR1_ER,uni_G_attfp,1,1,804,0.5227124560222237,0.743378618305947,0.3414939298665789
LOG_MDR1_ER,uni_G_attfp,1,2,804,0.4981565280575334,0.7349970289637646,0.3471758575237931
LOG_MDR1_ER,uni_G_attfp,1,3,804,0.48164671479441856,0.7296599926968039,0.3537474893672539
LOG_MDR1_ER,uni_G_attfp,1,4,804,0.5106020612909696,0.7569188085700224,0.3486850443109269
LOG_MDR1_ER,uni_G_attfp,2,0,804,0.5236970512582156,0.7496885982285074,0.3409936954269653
LOG_MDR1_ER,uni_G_attfp,2,1,804,0.5247434037545038,0.7418403523174487,0.33827989772702327
LOG_MDR1_ER,uni_G_attfp,2,2,804,0.5213447550445895,0.7580758906672519,0.33177010252692846
LOG_MDR1_ER,uni_G_attfp,2,3,804,0.5037965657554351,0.7520140993477112,0.338750050741774
LOG_MDR1_ER,uni_G_attfp,2,4,804,0.486807598507491,0.7405157331001605,0.35834084959336565
LOG_MDR1_ER,uni_G_attfp,3,0,804,0.493401873701908,0.7388597108668579,0.3481186812499206
LOG_MDR1_ER,uni_G_attfp,3,1,804,0.5250809386326616,0.7461780767657578,0.3444620564925689
LOG_MDR1_ER,uni_G_attfp,3,2,804,0.473815707305861,0.7176823123539808,0.37282833185043934
LOG_MDR1_ER,uni_G_attfp,3,3,804,0.5319269634591439,0.7449437604256127,0.340617095044668
LOG_MDR1_ER,uni_G_attfp,3,4,804,0.5211214311198055,0.7443728966223699,0.3566114780179987
LOG_MDR1_ER,uni_G_attfp,4,0,804,0.5078183910936389,0.7447478463595021,0.34764953200804904
LOG_MDR1_ER,uni_G_attfp,4,1,804,0.5082065791290029,0.7428504930927304,0.35050685484791455
LOG_MDR1_ER,uni_G_attfp,4,2,804,0.48708305635344895,0.7315609017403796,0.34325820414873776
LOG_MDR1_ER,uni_G_attfp,4,3,804,0.5285281896730818,0.7344298594740843,0.34109366995162527
LOG_MDR1_ER,uni_G_attfp,4,4,804,0.5323199860164655,0.7574522212695255,0.3390076293698498
LOG_MDR1_ER,uni_G_lgbm,0,0,804,0.4971769030124369,0.740129587681036,0.34333461896670986
LOG_MDR1_ER,uni_G_lgbm,0,1,804,0.5060607741322585,0.7521063562433392,0.3408123363635406
LOG_MDR1_ER,uni_G_lgbm,0,2,804,0.5394883220661171,0.7547001197966277,0.3373710027110283
LOG_MDR1_ER,uni_G_lgbm,0,3,804,0.538393954876877,0.7545845969762183,0.3340100035754345
LOG_MDR1_ER,uni_G_lgbm,0,4,804,0.4886860399251167,0.7351480452751864,0.3437259582493288
LOG_MDR1_ER,uni_G_lgbm,1,0,804,0.5181657624909273,0.7468051047072695,0.335967557781551
LOG_MDR1_ER,uni_G_lgbm,1,1,804,0.5100823131306755,0.7372126784351343,0.34244655847582545
LOG_MDR1_ER,uni_G_lgbm,1,2,804,0.4735474945763686,0.7247489359755946,0.3507988315904353
LOG_MDR1_ER,uni_G_lgbm,1,3,804,0.4642778221582532,0.7256365817929447,0.352751930729665
LOG_MDR1_ER,uni_G_lgbm,1,4,804,0.5140966004847165,0.7457379992879197,0.3427347948464747
LOG_MDR1_ER,uni_G_lgbm,2,0,804,0.5074416751169173,0.7444393653345163,0.33975477513691493
LOG_MDR1_ER,uni_G_lgbm,2,1,804,0.5112067152009441,0.7351512195966994,0.33828683722687225
LOG_MDR1_ER,uni_G_lgbm,2,2,804,0.5223317829852556,0.7491922291123461,0.33411321146083756
LOG_MDR1_ER,uni_G_lgbm,2,3,804,0.48354439590544374,0.7449701608252478,0.3430724637487751
LOG_MDR1_ER,uni_G_lgbm,2,4,804,0.48975311422212975,0.7336330778673543,0.35034148888303285
LOG_MDR1_ER,uni_G_lgbm,3,0,804,0.4988871454125373,0.7341355340128084,0.3454516444289999
LOG_MDR1_ER,uni_G_lgbm,3,1,804,0.5210768892670055,0.7480894689518967,0.33613900847281575
LOG_MDR1_ER,uni_G_lgbm,3,2,804,0.494482396887167,0.7229979355236273,0.35832858820009716
LOG_MDR1_ER,uni_G_lgbm,3,3,804,0.5026594298888236,0.7453322532776069,0.34011158763095656
LOG_MDR1_ER,uni_G_lgbm,3,4,804,0.5301571879887153,0.7441448607518063,0.33730731054813323
LOG_MDR1_ER,uni_G_lgbm,4,0,804,0.5009481279012373,0.7423989979167722,0.34227163187578974
LOG_MDR1_ER,uni_G_lgbm,4,1,804,0.5139448699719498,0.7365421380644752,0.3459331509997254
LOG_MDR1_ER,uni_G_lgbm,4,2,804,0.47412375202725643,0.7293307197289355,0.3451582889055249
LOG_MDR1_ER,uni_G_lgbm,4,3,804,0.5249193825797206,0.7353810125033197,0.34189379640823875
LOG_MDR1_ER,uni_G_lgbm,4,4,804,0.5229188557836774,0.7506534283598326,0.34118566562534214
LOG_MDR1_ER,uni_G_rf,0,0,804,0.49728812602280725,0.7437325104557732,0.3400199627174737
LOG_MDR1_ER,uni_G_rf,0,1,804,0.49673837730027004,0.7549642396219516,0.34261298681334124
LOG_MDR1_ER,uni_G_rf,0,2,804,0.5351964935975335,0.7552293297095196,0.3369222856906499
LOG_MDR1_ER,uni_G_rf,0,3,804,0.5330928960260064,0.7553940037365672,0.3353651177550092
LOG_MDR1_ER,uni_G_rf,0,4,804,0.4845668579077662,0.7419433313080028,0.3430199341277578
LOG_MDR1_ER,uni_G_rf,1,0,804,0.5183436397727714,0.750084882626463,0.33346652475373634
LOG_MDR1_ER,uni_G_rf,1,1,804,0.5009160647452007,0.7396893613351527,0.34453979040264104
LOG_MDR1_ER,uni_G_rf,1,2,804,0.4691338748643158,0.7279554825979936,0.3514573249399233
LOG_MDR1_ER,uni_G_rf,1,3,804,0.4546548894636976,0.7279095114836005,0.3570617407793473
LOG_MDR1_ER,uni_G_rf,1,4,804,0.518056709548739,0.7533120502389701,0.3415109184779079
LOG_MDR1_ER,uni_G_rf,2,0,804,0.5113579145428522,0.7510254548594711,0.33932856062037814
LOG_MDR1_ER,uni_G_rf,2,1,804,0.5088050966061636,0.7404944677077165,0.3370152328405441
LOG_MDR1_ER,uni_G_rf,2,2,804,0.5227968696094043,0.7563793002531413,0.3336019455013529
LOG_MDR1_ER,uni_G_rf,2,3,804,0.473415962789664,0.7484172002159788,0.3428030117354074
LOG_MDR1_ER,uni_G_rf,2,4,804,0.4826133747251975,0.7361443211300535,0.3531937439235433
LOG_MDR1_ER,uni_G_rf,3,0,804,0.49043771721298846,0.7344354009444282,0.3478824260739357
LOG_MDR1_ER,uni_G_rf,3,1,804,0.5083799369882989,0.7475244967480487,0.33972129720436595
LOG_MDR1_ER,uni_G_rf,3,2,804,0.48682328714491063,0.7210534889270456,0.35774074688486873
LOG_MDR1_ER,uni_G_rf,3,3,804,0.4948196060842185,0.7468189247215498,0.3422592617871095
LOG_MDR1_ER,uni_G_rf,3,4,804,0.532350571135137,0.7470393367044714,0.3362951287385187
LOG_MDR1_ER,uni_G_rf,4,0,804,0.4934876188246837,0.7417749167884732,0.344338711259936
LOG_MDR1_ER,uni_G_rf,4,1,804,0.504980007242722,0.7367388747190158,0.3471320214070413
LOG_MDR1_ER,uni_G_rf,4,2,804,0.46225252827647845,0.7313420829301818,0.34909081765219563
LOG_MDR1_ER,uni_G_rf,4,3,804,0.5236943957781014,0.7399599236246851,0.34239692791242365
LOG_MDR1_ER,uni_G_rf,4,4,804,0.5232579658649446,0.7555053411115568,0.3410130261346756
LOG_MDR1_ER,uni_M_lgbm,0,0,804,0.41638145687561323,0.6711375903859275,0.3888252745850659
LOG_MDR1_ER,uni_M_lgbm,0,1,804,0.45380183933814844,0.6867513758532934,0.3852721571639193
LOG_MDR1_ER,uni_M_lgbm,0,2,804,0.44189258764935724,0.6903352525504054,0.3802871833699124
LOG_MDR1_ER,uni_M_lgbm,0,3,804,0.40781589345224045,0.6564911378410221,0.3950298437117679
LOG_MDR1_ER,uni_M_lgbm,0,4,804,0.42212434095739104,0.6715818085049206,0.3923576010741775
LOG_MDR1_ER,uni_M_lgbm,1,0,804,0.4106955290827019,0.6707722458619488,0.387833872640018
LOG_MDR1_ER,uni_M_lgbm,1,1,804,0.44369011478229736,0.6789211165861929,0.3845573355024408
LOG_MDR1_ER,uni_M_lgbm,1,2,804,0.40982130427553953,0.6651686186601892,0.39448725486628833
LOG_MDR1_ER,uni_M_lgbm,1,3,804,0.418410501644096,0.6635240256999773,0.3926232860228164
LOG_MDR1_ER,uni_M_lgbm,1,4,804,0.4356150758441556,0.6779537374848128,0.3829872301350492
LOG_MDR1_ER,uni_M_lgbm,2,0,804,0.4367956552632827,0.6723878153710678,0.380997977887721
LOG_MDR1_ER,uni_M_lgbm,2,1,804,0.4111918388445126,0.6560863334300762,0.39251187192031856
LOG_MDR1_ER,uni_M_lgbm,2,2,804,0.4470272525665915,0.686249295547794,0.3833486484579376
LOG_MDR1_ER,uni_M_lgbm,2,3,804,0.42297203853635124,0.678354316524597,0.38416523409131415
LOG_MDR1_ER,uni_M_lgbm,2,4,804,0.4153718336003457,0.673678054390213,0.3902891935948309
LOG_MDR1_ER,uni_M_lgbm,3,0,804,0.41976515572697803,0.6617495545278348,0.39296103109883707
LOG_MDR1_ER,uni_M_lgbm,3,1,804,0.41498317584953615,0.6759706299530246,0.3907137764822701
LOG_MDR1_ER,uni_M_lgbm,3,2,804,0.43041566050755997,0.667659440325692,0.3883258613629902
LOG_MDR1_ER,uni_M_lgbm,3,3,804,0.4221844154078046,0.6681517768791142,0.39168931842471133
LOG_MDR1_ER,uni_M_lgbm,3,4,804,0.44146885205574726,0.6785634608523604,0.38261498543915584
LOG_MDR1_ER,uni_M_lgbm,4,0,804,0.4201442266621551,0.670299904780799,0.3920396662202297
LOG_MDR1_ER,uni_M_lgbm,4,1,804,0.4363911370194785,0.683590567329907,0.3842215485309651
LOG_MDR1_ER,uni_M_lgbm,4,2,804,0.41691183281366373,0.6668045299834789,0.3912116970796167
LOG_MDR1_ER,uni_M_lgbm,4,3,804,0.4275734733654044,0.6736669021810818,0.3831222522191185
LOG_MDR1_ER,uni_M_lgbm,4,4,804,0.4071103066850864,0.6633303282208863,0.3913036824089579
LOG_MDR1_ER,uni_M_rf,0,0,804,0.4116616459117056,0.662734897229016,0.3994746873603079
LOG_MDR1_ER,uni_M_rf,0,1,804,0.42558068774938995,0.6746252302141815,0.39921010790895833
LOG_MDR1_ER,uni_M_rf,0,2,804,0.4227759053944907,0.6679568787481084,0.40031304845628
LOG_MDR1_ER,uni_M_rf,0,3,804,0.41297236458110587,0.6636505559402227,0.3998323963829985
LOG_MDR1_ER,uni_M_rf,0,4,804,0.42159028386835784,0.6672733614667242,0.3997024848647046
LOG_MDR1_ER,uni_M_rf,1,0,804,0.4044090135988634,0.6589644807853816,0.40240024226241394
LOG_MDR1_ER,uni_M_rf,1,1,804,0.42232889508233407,0.6637328005963823,0.40069049210339236
LOG_MDR1_ER,uni_M_rf,1,2,804,0.4227757694660105,0.6718381245992571,0.3989276472150415
LOG_MDR1_ER,uni_M_rf,1,3,804,0.4100654261175857,0.6602514411012208,0.3998411520385521
LOG_MDR1_ER,uni_M_rf,1,4,804,0.4101225562789417,0.6664470820547856,0.40097360097064777
LOG_MDR1_ER,uni_M_rf,2,0,804,0.42217813875667565,0.6709682984659495,0.39838915265903607
LOG_MDR1_ER,uni_M_rf,2,1,804,0.42552254699812375,0.6641795123770444,0.3933106551795771
LOG_MDR1_ER,uni_M_rf,2,2,804,0.42214916621451304,0.6693499351321827,0.40096663974214236
LOG_MDR1_ER,uni_M_rf,2,3,804,0.41838496989993335,0.6653627086600984,0.4014316487978628
LOG_MDR1_ER,uni_M_rf,2,4,804,0.41523670561011483,0.6717006961339396,0.40356119828151016
LOG_MDR1_ER,uni_M_rf,3,0,804,0.42011047228264053,0.6652894458038396,0.3996904006763246
LOG_MDR1_ER,uni_M_rf,3,1,804,0.4166535148776608,0.666528010611731,0.399983474708636
LOG_MDR1_ER,uni_M_rf,3,2,804,0.41101940746405674,0.6612321428209625,0.40345309048777467
LOG_MDR1_ER,uni_M_rf,3,3,804,0.4300344631440799,0.675542089577303,0.39528501417408785
LOG_MDR1_ER,uni_M_rf,3,4,804,0.42234826731325403,0.6695053502867615,0.3967883607776274
LOG_MDR1_ER,uni_M_rf,4,0,804,0.4177581579934069,0.6634302594033283,0.4000027836693045
LOG_MDR1_ER,uni_M_rf,4,1,804,0.4205801407342996,0.6737290820965892,0.39908242799644483
LOG_MDR1_ER,uni_M_rf,4,2,804,0.41719627389927394,0.6616412187819896,0.4022319025953026
LOG_MDR1_ER,uni_M_rf,4,3,804,0.42750047328516605,0.6733689096116279,0.3961274037781395
LOG_MDR1_ER,uni_M_rf,4,4,804,0.40900949964247646,0.6618342235772836,0.40089089690951907
LOG_MDR1_ER,uni_R_lgbm,0,0,804,0.48228329111001644,0.7090413591102523,0.3618556123396421
LOG_MDR1_ER,uni_R_lgbm,0,1,804,0.4484450436145554,0.6997704099568215,0.3814463716307377
LOG_MDR1_ER,uni_R_lgbm,0,2,804,0.4567326516211848,0.7006550364288178,0.3701255550937571
LOG_MDR1_ER,uni_R_lgbm,0,3,804,0.46562503573814573,0.7051448742380623,0.3760594459384091
LOG_MDR1_ER,uni_R_lgbm,0,4,804,0.45775912807527963,0.6998267713281091,0.37256679209105537
LOG_MDR1_ER,uni_R_lgbm,1,0,804,0.4611554895426162,0.702151787568658,0.3673331534653758
LOG_MDR1_ER,uni_R_lgbm,1,1,804,0.47314185828839306,0.7071523411384558,0.3683580646318652
LOG_MDR1_ER,uni_R_lgbm,1,2,804,0.45609656381642727,0.6955863227737922,0.37501498074361883
LOG_MDR1_ER,uni_R_lgbm,1,3,804,0.43605275693590395,0.6936932872359965,0.3815604138951813
LOG_MDR1_ER,uni_R_lgbm,1,4,804,0.46483989656612335,0.7078318639393552,0.3743672068901629
LOG_MDR1_ER,uni_R_lgbm,2,0,804,0.46001837650058863,0.7027900033260367,0.37095321440793594
LOG_MDR1_ER,uni_R_lgbm,2,1,804,0.47133339986481493,0.707086651625423,0.3696695127185053
LOG_MDR1_ER,uni_R_lgbm,2,2,804,0.4671700947440154,0.7100043281192331,0.3751117659880373
LOG_MDR1_ER,uni_R_lgbm,2,3,804,0.46554214876875255,0.69593809069332,0.36859747310189095
LOG_MDR1_ER,uni_R_lgbm,2,4,804,0.4624711936650391,0.6981731273091624,0.3769180647591511
LOG_MDR1_ER,uni_R_lgbm,3,0,804,0.4407455148457038,0.6835480365447735,0.3829220146783184
LOG_MDR1_ER,uni_R_lgbm,3,1,804,0.4778986615815002,0.7119225814565696,0.3693866516076956
LOG_MDR1_ER,uni_R_lgbm,3,2,804,0.46198213594245097,0.706864600290858,0.37436833210380893
LOG_MDR1_ER,uni_R_lgbm,3,3,804,0.46480668671072356,0.711317148622581,0.36995779816797053
LOG_MDR1_ER,uni_R_lgbm,3,4,804,0.44546731572857445,0.6906847115259738,0.3746110040362256
LOG_MDR1_ER,uni_R_lgbm,4,0,804,0.46310267238319247,0.6996944456341929,0.3723788592637404
LOG_MDR1_ER,uni_R_lgbm,4,1,804,0.44487079300789045,0.700698444613177,0.37834058384059216
LOG_MDR1_ER,uni_R_lgbm,4,2,804,0.4711335595702467,0.7066801847757106,0.37208161133851697
LOG_MDR1_ER,uni_R_lgbm,4,3,804,0.47410255575250115,0.7135045055040077,0.3676114421393323
LOG_MDR1_ER,uni_R_lgbm,4,4,804,0.45320199515743365,0.6991248286617777,0.37337872679113265
LOG_MDR1_ER,uni_R_rf,0,0,804,0.43210945624436337,0.6814855204266101,0.3932324523298634
LOG_MDR1_ER,uni_R_rf,0,1,804,0.4275881971629484,0.6730209706554902,0.3982205966853714
LOG_MDR1_ER,uni_R_rf,0,2,804,0.44227096259892307,0.6906249751066762,0.3923490040296458
LOG_MDR1_ER,uni_R_rf,0,3,804,0.44444040473840984,0.6879721116269168,0.39133376214786114
LOG_MDR1_ER,uni_R_rf,0,4,804,0.42164080922223346,0.6727368548530754,0.40053953175743423
LOG_MDR1_ER,uni_R_rf,1,0,804,0.4396074411462173,0.6828931231622953,0.3927131817431654
LOG_MDR1_ER,uni_R_rf,1,1,804,0.4473005997408509,0.6905310010054305,0.39186413004583726
LOG_MDR1_ER,uni_R_rf,1,2,804,0.4290515836689348,0.6741658153390439,0.3968031791864359
LOG_MDR1_ER,uni_R_rf,1,3,804,0.4290609624435382,0.6733713532074319,0.39804505996303946
LOG_MDR1_ER,uni_R_rf,1,4,804,0.4362391700142887,0.6860538393095974,0.3929698918132828
LOG_MDR1_ER,uni_R_rf,2,0,804,0.430332629943052,0.681677740179158,0.3944515686831722
LOG_MDR1_ER,uni_R_rf,2,1,804,0.4473306585649689,0.6877595500603154,0.3898010634658438
LOG_MDR1_ER,uni_R_rf,2,2,804,0.4342159918227866,0.6807268469576345,0.3995024835946936
LOG_MDR1_ER,uni_R_rf,2,3,804,0.43816879617347226,0.6800844058291189,0.39263904271087885
LOG_MDR1_ER,uni_R_rf,2,4,804,0.4281625389641299,0.6780285203315969,0.39884914755955664
LOG_MDR1_ER,uni_R_rf,3,0,804,0.4292293018394606,0.6748855137999351,0.39931885060420186
LOG_MDR1_ER,uni_R_rf,3,1,804,0.44301431759776655,0.6845200526762935,0.39162508292172404
LOG_MDR1_ER,uni_R_rf,3,2,804,0.43667721441579965,0.6836925033488375,0.39575063666549454
LOG_MDR1_ER,uni_R_rf,3,3,804,0.4382961912967399,0.68780734524203,0.3932376079717641
LOG_MDR1_ER,uni_R_rf,3,4,804,0.4313167255872342,0.6761371472349044,0.39334967243800834
LOG_MDR1_ER,uni_R_rf,4,0,804,0.4315122968874917,0.682215493697097,0.3976445620104031
LOG_MDR1_ER,uni_R_rf,4,1,804,0.4343128819669908,0.6831285432940647,0.39511488634113645
LOG_MDR1_ER,uni_R_rf,4,2,804,0.4432203371521004,0.68647699983872,0.3934996643818365
LOG_MDR1_ER,uni_R_rf,4,3,804,0.4414636468644506,0.6845572036170562,0.3924782527928205
LOG_MDR1_ER,uni_R_rf,4,4,804,0.4276847272483404,0.6724558099488095,0.39596937305324587
LOG_MDR1_ER,uni_S_lgbm,0,0,804,0.40742609738420754,0.6667536716991824,0.38943103675537405
LOG_MDR1_ER,uni_S_lgbm,0,1,804,0.3471366109532307,0.6437591511829469,0.39963072084079676
LOG_MDR1_ER,uni_S_lgbm,0,2,804,0.3661054256655504,0.6387172131128007,0.40533898150973
LOG_MDR1_ER,uni_S_lgbm,0,3,804,0.40410075157903746,0.6479074198148919,0.3974202795900055
LOG_MDR1_ER,uni_S_lgbm,0,4,804,0.38334017159727485,0.6554394400993854,0.39659094877749385
LOG_MDR1_ER,uni_S_lgbm,1,0,804,0.3935411356812759,0.6563720211904018,0.3890650501359194
LOG_MDR1_ER,uni_S_lgbm,1,1,804,0.37327649683151565,0.6628314375556452,0.39232646169391994
LOG_MDR1_ER,uni_S_lgbm,1,2,804,0.38973125226870775,0.6553420456624194,0.39589397384915304
LOG_MDR1_ER,uni_S_lgbm,1,3,804,0.367228459972023,0.6499524019415273,0.39576687796037135
LOG_MDR1_ER,uni_S_lgbm,1,4,804,0.3757544021590695,0.6487864113523776,0.39843538573942283
LOG_MDR1_ER,uni_S_lgbm,2,0,804,0.356618802342753,0.6371937393287821,0.3990012214168636
LOG_MDR1_ER,uni_S_lgbm,2,1,804,0.3744313834739639,0.6484460831920552,0.39878194154844065
LOG_MDR1_ER,uni_S_lgbm,2,2,804,0.3407452799296903,0.642494693793893,0.399291202378887
LOG_MDR1_ER,uni_S_lgbm,2,3,804,0.37750100637478967,0.655829843479227,0.39830054994279473
LOG_MDR1_ER,uni_S_lgbm,2,4,804,0.3622843790764181,0.6431808509824857,0.4002180802461634
LOG_MDR1_ER,uni_S_lgbm,3,0,804,0.3639498118221174,0.6399082613689828,0.3987995708474392
LOG_MDR1_ER,uni_S_lgbm,3,1,804,0.38683474564158693,0.6536545675573665,0.3952449380722245
LOG_MDR1_ER,uni_S_lgbm,3,2,804,0.3872304796174568,0.6482821148630038,0.39511014202126316
LOG_MDR1_ER,uni_S_lgbm,3,3,804,0.370409683243876,0.6400170945240219,0.40464778894595826
LOG_MDR1_ER,uni_S_lgbm,3,4,804,0.37855755615932096,0.6480058647307506,0.3999835084165369
LOG_MDR1_ER,uni_S_lgbm,4,0,804,0.3651995626787854,0.6454074501717799,0.3993338866432003
LOG_MDR1_ER,uni_S_lgbm,4,1,804,0.4043207126472752,0.6713219522003337,0.3891959874290661
LOG_MDR1_ER,uni_S_lgbm,4,2,804,0.39366344619266724,0.6536428999919879,0.39538521764686213
LOG_MDR1_ER,uni_S_lgbm,4,3,804,0.33757716904540536,0.6388208488950317,0.39907638167912085
LOG_MDR1_ER,uni_S_lgbm,4,4,804,0.38267986266737186,0.6480162620242059,0.3971363171509839
LOG_MDR1_ER,uni_S_rf,0,0,804,0.41268417638073174,0.6721588371972514,0.3853649912784045
LOG_MDR1_ER,uni_S_rf,0,1,804,0.34224121652720096,0.6531091747007404,0.3995108431965149
LOG_MDR1_ER,uni_S_rf,0,2,804,0.37535109787000087,0.6468341097751081,0.3993010494211464
LOG_MDR1_ER,uni_S_rf,0,3,804,0.39445921452202304,0.6450000640732508,0.3973289698046042
LOG_MDR1_ER,uni_S_rf,0,4,804,0.38531605838831984,0.6569794337389617,0.3919702009524188
LOG_MDR1_ER,uni_S_rf,1,0,804,0.39207296596374464,0.6580562992606409,0.3873929957695308
LOG_MDR1_ER,uni_S_rf,1,1,804,0.3741895750174903,0.6644527645902168,0.3891668415021513
LOG_MDR1_ER,uni_S_rf,1,2,804,0.4030710104068195,0.6598042406332699,0.38936435823182164
LOG_MDR1_ER,uni_S_rf,1,3,804,0.36670049223066503,0.6539525633975956,0.3942857502734064
LOG_MDR1_ER,uni_S_rf,1,4,804,0.37439265117543474,0.6524576363250769,0.3970639241848455
LOG_MDR1_ER,uni_S_rf,2,0,804,0.35255689130004675,0.6391102121050314,0.3988559474148539
LOG_MDR1_ER,uni_S_rf,2,1,804,0.3888087447694858,0.6570305731000173,0.39043458006460724
LOG_MDR1_ER,uni_S_rf,2,2,804,0.3407690678245757,0.6457845284687843,0.39802931795862617
LOG_MDR1_ER,uni_S_rf,2,3,804,0.381174547279161,0.6643351084125176,0.3913637795017819
LOG_MDR1_ER,uni_S_rf,2,4,804,0.3691287719493678,0.6497339727674482,0.39484786785678944
LOG_MDR1_ER,uni_S_rf,3,0,804,0.37364106748516246,0.6494753130929319,0.39316367036090477
LOG_MDR1_ER,uni_S_rf,3,1,804,0.38270985374814626,0.6517953844400824,0.39464440699240044
LOG_MDR1_ER,uni_S_rf,3,2,804,0.38795586811175875,0.652156626567086,0.3944113567683891
LOG_MDR1_ER,uni_S_rf,3,3,804,0.37589096263915,0.6437319447640089,0.39849179107064703
LOG_MDR1_ER,uni_S_rf,3,4,804,0.37255906819358686,0.6513942896498511,0.3986295486877386
LOG_MDR1_ER,uni_S_rf,4,0,804,0.36371995460828443,0.6491068015660657,0.397099832360675
LOG_MDR1_ER,uni_S_rf,4,1,804,0.4011853140637375,0.6731890735802623,0.38498427577740213
LOG_MDR1_ER,uni_S_rf,4,2,804,0.3813210369104787,0.6536280217241108,0.39495806314409204
LOG_MDR1_ER,uni_S_rf,4,3,804,0.3301949652175291,0.6376083660501357,0.39968730115963835
LOG_MDR1_ER,uni_S_rf,4,4,804,0.38735821046222685,0.6536274176251774,0.3928512602314674
LOG_RLM,chemeleon,0,0,922,0.529518427440274,0.7354059120126084,0.3943586277885032
LOG_RLM,chemeleon,0,1,922,0.5143619415145743,0.7248873387117706,0.4019168727234273
LOG_RLM,chemeleon,0,2,922,0.5185859115813233,0.7278664395764886,0.401698143324295
LOG_RLM,chemeleon,0,3,922,0.5134236407650559,0.7281598264713497,0.4033085857234273
LOG_RLM,chemeleon,0,4,922,0.5046163034184983,0.7228010012589388,0.4074031389533622
LOG_RLM,chemeleon,1,0,922,0.5151698728472551,0.7255700541148721,0.40250788410737526
LOG_RLM,chemeleon,1,1,922,0.500092457807269,0.714363862222195,0.4084061668817787
LOG_RLM,chemeleon,1,2,922,0.516589261666452,0.7257977306194152,0.40162584457592193
LOG_RLM,chemeleon,1,3,922,0.5014374964471737,0.7211821090003373,0.4047227139685466
LOG_RLM,chemeleon,1,4,922,0.5243413542770707,0.7315003689583621,0.4029126669989153
LOG_RLM,chemeleon,2,0,922,0.49415039150267903,0.7140803123497388,0.41410504610737525
LOG_RLM,chemeleon,2,1,922,0.5021975305510407,0.7211997883643105,0.4116517102700651
LOG_RLM,chemeleon,2,2,922,0.5267022962762251,0.7356425061916685,0.3983248458362257
LOG_RLM,chemeleon,2,3,922,0.5034935220070701,0.7132404727312904,0.4094121141572668
LOG_RLM,chemeleon,2,4,922,0.5301476828046514,0.7418112922161573,0.3955429862982646
LOG_RLM,chemeleon,3,0,922,0.5211826527464927,0.7290229792199995,0.3987534858015185
LOG_RLM,chemeleon,3,1,922,0.5316868258650453,0.7382095246879101,0.39805547370390454
LOG_RLM,chemeleon,3,2,922,0.5035797341631696,0.718992015468693,0.4084706196106291
LOG_RLM,chemeleon,3,3,922,0.49622434875225996,0.7129239718982704,0.410430989829718
LOG_RLM,chemeleon,3,4,922,0.5002569355568117,0.7171278203585805,0.40732191826572667
LOG_RLM,chemeleon,4,0,922,0.5211586927811969,0.7275363553784183,0.39733651984056395
LOG_RLM,chemeleon,4,1,922,0.5033753881174892,0.7266125869589984,0.4125288206366594
LOG_RLM,chemeleon,4,2,922,0.5352500428118974,0.7385075925957696,0.3917515409295011
LOG_RLM,chemeleon,4,3,922,0.49892229927142884,0.7174744987860349,0.41031072771041216
LOG_RLM,chemeleon,4,4,922,0.5101879675305916,0.7232746875971652,0.4004837431550976
LOG_RLM,chemprop,0,0,922,0.46790437882398794,0.7005039036987804,0.4294664834088937
LOG_RLM,chemprop,0,1,922,0.4775686471644546,0.7054052154345674,0.4214054095737527
LOG_RLM,chemprop,0,2,922,0.4692453149788127,0.6993824908058359,0.4324246458731019
LOG_RLM,chemprop,0,3,922,0.46481775815829673,0.7027379726960334,0.4314788959013015
LOG_RLM,chemprop,0,4,922,0.47701470967448245,0.7074211921290127,0.4245759693611713
LOG_RLM,chemprop,1,0,922,0.46976582852191295,0.7028212502922507,0.43137638810520607
LOG_RLM,chemprop,1,1,922,0.45645669007517986,0.7010771860582418,0.42984197430911064
LOG_RLM,chemprop,1,2,922,0.4958620671843387,0.7172526218344204,0.41583855633731015
LOG_RLM,chemprop,1,3,922,0.4534834661969539,0.6982272535718334,0.4301168196475054
LOG_RLM,chemprop,1,4,922,0.47910537719359436,0.709275455529902,0.42700728516811287
LOG_RLM,chemprop,2,0,922,0.4469656601606321,0.68615862142512,0.4358987901203904
LOG_RLM,chemprop,2,1,922,0.48089704897403196,0.7088167392397905,0.4273826940379609
LOG_RLM,chemprop,2,2,922,0.4949449001539814,0.7225869540868399,0.4178661339663774
LOG_RLM,chemprop,2,3,922,0.4669161867690609,0.6984902253740559,0.42654266370607374
LOG_RLM,chemprop,2,4,922,0.48465389531797054,0.7123260356929371,0.4217480704913232
LOG_RLM,chemprop,3,0,922,0.4718112832578283,0.7012328929455941,0.4283167012093275
LOG_RLM,chemprop,3,1,922,0.46675991822423313,0.6996922447712663,0.43149515607266814
LOG_RLM,chemprop,3,2,922,0.4466162039512098,0.6836712567621691,0.43738696648698483
LOG_RLM,chemprop,3,3,922,0.47438578861155745,0.707362943779055,0.42348633808785247
LOG_RLM,chemprop,3,4,922,0.45542776669478946,0.6951554671175076,0.4338496226757049
LOG_RLM,chemprop,4,0,922,0.48205482762595164,0.7134252923017731,0.42401013584273317
LOG_RLM,chemprop,4,1,922,0.4877570515646177,0.715184004812136,0.4231325882874186
LOG_RLM,chemprop,4,2,922,0.4671627366645529,0.6940971138284695,0.43122737571258135
LOG_RLM,chemprop,4,3,922,0.47574153181605705,0.7081302851552767,0.4248580415455532
LOG_RLM,chemprop,4,4,922,0.44198585103250654,0.6792251371495885,0.4406092138427332
LOG_RLM,chemprop_st,0,0,922,0.4744513771619411,0.7008201900172933,0.4261265309143167
LOG_RLM,chemprop_st,0,1,922,0.4471490572049365,0.686262078707486,0.43195638623969634
LOG_RLM,chemprop_st,0,2,922,0.4747465906528623,0.6995313179064906,0.42668584009652927
LOG_RLM,chemprop_st,0,3,922,0.44646868423199315,0.70136294236563,0.4334157611854664
LOG_RLM,chemprop_st,0,4,922,0.47341239113011824,0.7039031848546242,0.42789035520498914
LOG_RLM,chemprop_st,1,0,922,0.4602563656641002,0.6947930678411628,0.43353389526355746
LOG_RLM,chemprop_st,1,1,922,0.4441123383060095,0.6832344362742645,0.433724418105206
LOG_RLM,chemprop_st,1,2,922,0.46308588892491853,0.6962962859121282,0.42887394844793925
LOG_RLM,chemprop_st,1,3,922,0.4346412894464847,0.6785029434159159,0.4399849319750542
LOG_RLM,chemprop_st,1,4,922,0.47801169047310343,0.7085588315121862,0.42394866781019525
LOG_RLM,chemprop_st,2,0,922,0.4464470766195089,0.6879214173723535,0.4358776225845987
LOG_RLM,chemprop_st,2,1,922,0.4485388109503883,0.6897257218767449,0.4377432142418656
LOG_RLM,chemprop_st,2,2,922,0.4854517296380959,0.7146675075072434,0.4200698246062906
LOG_RLM,chemprop_st,2,3,922,0.4509562353888098,0.6895084289812845,0.43180454209002167
LOG_RLM,chemprop_st,2,4,922,0.4668539628395829,0.699491525465391,0.42771639890563995
LOG_RLM,chemprop_st,3,0,922,0.46038187062315317,0.6889568712377399,0.4340296272657267
LOG_RLM,chemprop_st,3,1,922,0.46154039197987895,0.6978196683467774,0.4309473580639913
LOG_RLM,chemprop_st,3,2,922,0.4262078560985324,0.6703131855734552,0.44771758003362255
LOG_RLM,chemprop_st,3,3,922,0.45644030424260185,0.6946293702884144,0.4267870301334057
LOG_RLM,chemprop_st,3,4,922,0.45994621712774375,0.6968636614614071,0.4288962124284165
LOG_RLM,chemprop_st,4,0,922,0.46178776592186055,0.6976390241479543,0.43093637674728846
LOG_RLM,chemprop_st,4,1,922,0.47204441406588526,0.7023853874583966,0.4290114488232104
LOG_RLM,chemprop_st,4,2,922,0.4600650248291219,0.694383751177584,0.4290735784327549
LOG_RLM,chemprop_st,4,3,922,0.4831601653249551,0.7124613713633308,0.41607029369522774
LOG_RLM,chemprop_st,4,4,922,0.4419609960635076,0.6823149147892391,0.4387667364761388
LOG_RLM,fus_GRMS_early_attfp,0,0,922,0.29089598050673626,0.5877668616502196,0.4961410480703722
LOG_RLM,fus_GRMS_early_attfp,0,1,922,0.2921762411463569,0.5856712924123426,0.5011178417215617
LOG_RLM,fus_GRMS_early_attfp,0,2,922,0.3391399848287421,0.6165097064474565,0.47931305087655446
LOG_RLM,fus_GRMS_early_attfp,0,3,922,0.3271146471105705,0.6186529821795053,0.48385529692354345
LOG_RLM,fus_GRMS_early_attfp,0,4,922,0.3217412824235979,0.5860068314078835,0.4916014138654881
LOG_RLM,fus_GRMS_early_attfp,1,0,922,0.286664506084659,0.5864098581996597,0.49801870944232485
LOG_RLM,fus_GRMS_early_attfp,1,1,922,0.3197681163932796,0.6169130856559234,0.49005778001360306
LOG_RLM,fus_GRMS_early_attfp,1,2,922,0.4237564725449654,0.6639397297253283,0.45207276715532996
LOG_RLM,fus_GRMS_early_attfp,1,3,922,0.4058793340096054,0.6547064813846909,0.45274890304134346
LOG_RLM,fus_GRMS_early_attfp,1,4,922,0.3819538195202583,0.6415659432288191,0.4590915550564202
LOG_RLM,fus_GRMS_early_attfp,2,0,922,0.3054456375641875,0.6100858320288877,0.4851145198772399
LOG_RLM,fus_GRMS_early_attfp,2,1,922,0.3210008206986199,0.5951026678841463,0.4880229693280022
LOG_RLM,fus_GRMS_early_attfp,2,2,922,0.3595682660970604,0.6247516679275094,0.4746728187424719
LOG_RLM,fus_GRMS_early_attfp,2,3,922,0.3919524474235534,0.6299997117193773,0.46660450200938225
LOG_RLM,fus_GRMS_early_attfp,2,4,922,0.3701718420829302,0.6329073332857782,0.4655132255471418
LOG_RLM,fus_GRMS_early_attfp,3,0,922,0.4087021308545298,0.6517510384056324,0.4600975492182769
LOG_RLM,fus_GRMS_early_attfp,3,1,922,0.3970647466505769,0.6364607431150994,0.4623582154534446
LOG_RLM,fus_GRMS_early_attfp,3,2,922,0.317392881889346,0.5856568892954256,0.4883929041360119
LOG_RLM,fus_GRMS_early_attfp,3,3,922,0.28504125173989514,0.5691485576488852,0.4991053063003425
LOG_RLM,fus_GRMS_early_attfp,3,4,922,0.35659656924626626,0.6147834622400163,0.4694900409877607
LOG_RLM,fus_GRMS_early_attfp,4,0,922,0.38968416917555404,0.6425284238555697,0.46285888963585664
LOG_RLM,fus_GRMS_early_attfp,4,1,922,0.3901351949348971,0.6503207859120703,0.4572621077920217
LOG_RLM,fus_GRMS_early_attfp,4,2,922,0.43065273808428306,0.6707037628625769,0.44762387394449865
LOG_RLM,fus_GRMS_early_attfp,4,3,922,0.31102519406811047,0.6110921349049818,0.490649450811883
LOG_RLM,fus_GRMS_early_attfp,4,4,922,0.38138434974460433,0.635018615711313,0.46364741581512275
LOG_RLM,fus_GRMS_early_lgbm,0,0,922,0.48267538851385994,0.7130181897343586,0.4234186126834594
LOG_RLM,fus_GRMS_early_lgbm,0,1,922,0.43207918961404523,0.6773532988815674,0.43854542822206993
LOG_RLM,fus_GRMS_early_lgbm,0,2,922,0.46912648172605464,0.704487775193112,0.41796120312724516
LOG_RLM,fus_GRMS_early_lgbm,0,3,922,0.4827149021578041,0.7092215894048786,0.4206585591666564
LOG_RLM,fus_GRMS_early_lgbm,0,4,922,0.47764383142118594,0.7078787515730313,0.4201102075402376
LOG_RLM,fus_GRMS_early_lgbm,1,0,922,0.46259517225725466,0.693690754400598,0.4282944833476942
LOG_RLM,fus_GRMS_early_lgbm,1,1,922,0.49523410833333337,0.7200761920201312,0.41388264615916637
LOG_RLM,fus_GRMS_early_lgbm,1,2,922,0.4846466610200577,0.7135249189679377,0.41360597684822853
LOG_RLM,fus_GRMS_early_lgbm,1,3,922,0.44950726533440166,0.6947193361405193,0.42508211062231577
LOG_RLM,fus_GRMS_early_lgbm,1,4,922,0.4755830404279273,0.7087996010629057,0.41837215637767733
LOG_RLM,fus_GRMS_early_lgbm,2,0,922,0.4122613357532354,0.6693386538281351,0.44604710256044694
LOG_RLM,fus_GRMS_early_lgbm,2,1,922,0.5065413591242076,0.7228259232479447,0.40510177395009295
LOG_RLM,fus_GRMS_early_lgbm,2,2,922,0.4843170951678889,0.7060384239538826,0.4219761871310681
LOG_RLM,fus_GRMS_early_lgbm,2,3,922,0.4484296347984371,0.6863877612250522,0.42770120296328956
LOG_RLM,fus_GRMS_early_lgbm,2,4,922,0.4739011932160423,0.7041415794232989,0.41817959075194744
LOG_RLM,fus_GRMS_early_lgbm,3,0,922,0.500585222236889,0.7209153038215013,0.4145034446466382
LOG_RLM,fus_GRMS_early_lgbm,3,1,922,0.48137189100730216,0.698902210821644,0.4192196447473347
LOG_RLM,fus_GRMS_early_lgbm,3,2,922,0.47485927101602377,0.7049652385189128,0.41567160136921555
LOG_RLM,fus_GRMS_early_lgbm,3,3,922,0.45654441989940864,0.6914735630983283,0.42928800064129913
LOG_RLM,fus_GRMS_early_lgbm,3,4,922,0.4515098160705838,0.690256898102921,0.4293714538845996
LOG_RLM,fus_GRMS_early_lgbm,4,0,922,0.5046042357241796,0.7227334291891471,0.4051025287460006
LOG_RLM,fus_GRMS_early_lgbm,4,1,922,0.42894620430681585,0.6674339335506415,0.44348302517757493
LOG_RLM,fus_GRMS_early_lgbm,4,2,922,0.4955334086357025,0.7131134188531241,0.41635019857502237
LOG_RLM,fus_GRMS_early_lgbm,4,3,922,0.3907884074681991,0.6498131526530676,0.4606015335269749
LOG_RLM,fus_GRMS_early_lgbm,4,4,922,0.4845918452329525,0.7167855854459196,0.4092825681269115
LOG_RLM,fus_GRMS_early_rf,0,0,922,0.5046791495033185,0.725573041995509,0.4108353559949912
LOG_RLM,fus_GRMS_early_rf,0,1,922,0.46673171798252877,0.6951925244986394,0.42403132720153713
LOG_RLM,fus_GRMS_early_rf,0,2,922,0.4716377382237311,0.7066538354303262,0.4166543240038504
LOG_RLM,fus_GRMS_early_rf,0,3,922,0.49733457485159105,0.7169870145682512,0.4115816729810052
LOG_RLM,fus_GRMS_early_rf,0,4,922,0.4879055574296737,0.7118204096768239,0.4111011449585721
LOG_RLM,fus_GRMS_early_rf,1,0,922,0.47985102263874246,0.7049306327321498,0.41736999472284836
LOG_RLM,fus_GRMS_early_rf,1,1,922,0.49595385287314064,0.721162907191524,0.41286070552150667
LOG_RLM,fus_GRMS_early_rf,1,2,922,0.4878651406786919,0.7113916488054071,0.41169535276082087
LOG_RLM,fus_GRMS_early_rf,1,3,922,0.45650854104346394,0.6967259891151306,0.4190485334041824
LOG_RLM,fus_GRMS_early_rf,1,4,922,0.4830557218739775,0.7128823331001617,0.41370452878114655
LOG_RLM,fus_GRMS_early_rf,2,0,922,0.41720729068040074,0.6747345823890722,0.44158405512370413
LOG_RLM,fus_GRMS_early_rf,2,1,922,0.5142170183135126,0.7259930460782896,0.40050812596565977
LOG_RLM,fus_GRMS_early_rf,2,2,922,0.4968347627106484,0.7122621716596282,0.41664229749771015
LOG_RLM,fus_GRMS_early_rf,2,3,922,0.4530749865839454,0.6878408212074771,0.4238501352217102
LOG_RLM,fus_GRMS_early_rf,2,4,922,0.48743906798164105,0.7110840503244388,0.4156472925502028
LOG_RLM,fus_GRMS_early_rf,3,0,922,0.5047941826290971,0.7235841171126776,0.41302129026913104
LOG_RLM,fus_GRMS_early_rf,3,1,922,0.4766691468044779,0.6971788905298485,0.4207496768779604
LOG_RLM,fus_GRMS_early_rf,3,2,922,0.4795071075233378,0.7080416293739125,0.41144450546882483
LOG_RLM,fus_GRMS_early_rf,3,3,922,0.47175225075929483,0.7002949895523912,0.41882437705544323
LOG_RLM,fus_GRMS_early_rf,3,4,922,0.46530778322249866,0.6954863634062124,0.42324364470985454
LOG_RLM,fus_GRMS_early_rf,4,0,922,0.5044435580696629,0.7198881164258774,0.4030624068732887
LOG_RLM,fus_GRMS_early_rf,4,1,922,0.43422836855042946,0.6644414561741485,0.44295760033348636
LOG_RLM,fus_GRMS_early_rf,4,2,922,0.49400135678458035,0.7079272088679783,0.4128862046139186
LOG_RLM,fus_GRMS_early_rf,4,3,922,0.4193187831762092,0.6648629695197125,0.44827816730135756
LOG_RLM,fus_GRMS_early_rf,4,4,922,0.48519100467967113,0.7152843209892168,0.4101083493257352
LOG_RLM,fus_GRMS_late_attfp,0,0,922,0.5066131980833923,0.717254858914282,0.4144236062767824
LOG_RLM,fus_GRMS_late_attfp,0,1,922,0.48633651843753967,0.6995169607569679,0.423749458298561
LOG_RLM,fus_GRMS_late_attfp,0,2,922,0.5053851907657507,0.7142596694615183,0.4137342592933828
LOG_RLM,fus_GRMS_late_attfp,0,3,922,0.5027284122798508,0.7169276783232923,0.4155105744100214
LOG_RLM,fus_GRMS_late_attfp,0,4,922,0.49865055503887235,0.7124625128869587,0.41840523897543974
LOG_RLM,fus_GRMS_late_attfp,1,0,922,0.5122436250505455,0.7236348295797513,0.4124499632725438
LOG_RLM,fus_GRMS_late_attfp,1,1,922,0.5081293275568738,0.7163016253950414,0.41609839285747285
LOG_RLM,fus_GRMS_late_attfp,1,2,922,0.4938259762312378,0.7067919827730116,0.4218108091133145
LOG_RLM,fus_GRMS_late_attfp,1,3,922,0.4969670672835813,0.7124473283243365,0.4152117904996583
LOG_RLM,fus_GRMS_late_attfp,1,4,922,0.4995490795846853,0.7138020257439432,0.41673196423297487
LOG_RLM,fus_GRMS_late_attfp,2,0,922,0.49512463232503956,0.7079294765927695,0.42104818431927216
LOG_RLM,fus_GRMS_late_attfp,2,1,922,0.511946954818605,0.7206642758805946,0.409841694117637
LOG_RLM,fus_GRMS_late_attfp,2,2,922,0.5047148837661548,0.7167837801386496,0.41691259311910484
LOG_RLM,fus_GRMS_late_attfp,2,3,922,0.4999142536593514,0.7089637889345279,0.41906956452550115
LOG_RLM,fus_GRMS_late_attfp,2,4,922,0.48943135453556863,0.7064867696394848,0.4229667756252989
LOG_RLM,fus_GRMS_late_attfp,3,0,922,0.4975252901306624,0.7142831817837622,0.419301591599351
LOG_RLM,fus_GRMS_late_attfp,3,1,922,0.47120358017844477,0.6964421481158432,0.430937676385738
LOG_RLM,fus_GRMS_late_attfp,3,2,922,0.5003472732427237,0.7107722611493463,0.41560841214606675
LOG_RLM,fus_GRMS_late_attfp,3,3,922,0.47404521265586175,0.6921101732048303,0.42707441510722133
LOG_RLM,fus_GRMS_late_attfp,3,4,922,0.48150398608986344,0.6956508730495954,0.4229510854882863
LOG_RLM,fus_GRMS_late_attfp,4,0,922,0.49718076497827224,0.7109693080467436,0.4195905422256465
LOG_RLM,fus_GRMS_late_attfp,4,1,922,0.4900529019614379,0.7082558527543568,0.4233199305175174
LOG_RLM,fus_GRMS_late_attfp,4,2,922,0.4973233158205679,0.7162981855016924,0.41932020300920975
LOG_RLM,fus_GRMS_late_attfp,4,3,922,0.48425482808343434,0.6999450321174686,0.4243032622817791
LOG_RLM,fus_GRMS_late_attfp,4,4,922,0.49544823869344934,0.712817220285971,0.416930822031505
LOG_RLM,fus_GRMS_late_lgbm,0,0,922,0.37058492629339546,0.6124965567351347,0.46716076922752275
LOG_RLM,fus_GRMS_late_lgbm,0,1,922,0.3403944162211465,0.5810008328549572,0.48439871151790065
LOG_RLM,fus_GRMS_late_lgbm,0,2,922,0.31916937237686593,0.5689866494856162,0.4831228161933475
LOG_RLM,fus_GRMS_late_lgbm,0,3,922,0.37656295996697564,0.6185203346058462,0.4640415822317649
LOG_RLM,fus_GRMS_late_lgbm,0,4,922,0.36285872291278076,0.6091867729244836,0.4698376870357532
LOG_RLM,fus_GRMS_late_lgbm,1,0,922,0.36727226654258494,0.6121001943122756,0.4733678448926605
LOG_RLM,fus_GRMS_late_lgbm,1,1,922,0.37029982138692763,0.6134166678684341,0.46853799660888623
LOG_RLM,fus_GRMS_late_lgbm,1,2,922,0.37756349850834425,0.6155274645194263,0.4679158656367465
LOG_RLM,fus_GRMS_late_lgbm,1,3,922,0.36030615785956466,0.6089850924004904,0.47481599455143325
LOG_RLM,fus_GRMS_late_lgbm,1,4,922,0.35670175425427264,0.6057319858107907,0.477919897490825
LOG_RLM,fus_GRMS_late_lgbm,2,0,922,0.3616785779161452,0.6116839491678723,0.4805276043338596
LOG_RLM,fus_GRMS_late_lgbm,2,1,922,0.33151099983072807,0.5812254961195613,0.47946042681971507
LOG_RLM,fus_GRMS_late_lgbm,2,2,922,0.36160434196537095,0.6056577155829617,0.4698533950440644
LOG_RLM,fus_GRMS_late_lgbm,2,3,922,0.3903436644269833,0.6254308907498636,0.4622289178611327
LOG_RLM,fus_GRMS_late_lgbm,2,4,922,0.34690164697646086,0.5913768275704889,0.478761519924892
LOG_RLM,fus_GRMS_late_lgbm,3,0,922,0.36147783270339673,0.6039985880285271,0.47299993083541947
LOG_RLM,fus_GRMS_late_lgbm,3,1,922,0.3904605122954129,0.6226575495394984,0.4620323179082814
LOG_RLM,fus_GRMS_late_lgbm,3,2,922,0.40698158974743837,0.6377053655149295,0.4547530673071925
LOG_RLM,fus_GRMS_late_lgbm,3,3,922,0.3075692730802605,0.5687308004214475,0.4917738639255306
LOG_RLM,fus_GRMS_late_lgbm,3,4,922,0.3601168436758855,0.5998876399196145,0.47327512032207447
LOG_RLM,fus_GRMS_late_lgbm,4,0,922,0.37488422273631805,0.6141550655312454,0.4685801354059649
LOG_RLM,fus_GRMS_late_lgbm,4,1,922,0.3923388361734774,0.6264376070916153,0.4634152040790031
LOG_RLM,fus_GRMS_late_lgbm,4,2,922,0.35157483693534763,0.6000241752805083,0.4817533656199327
LOG_RLM,fus_GRMS_late_lgbm,4,3,922,0.34595718430487743,0.5903340944862805,0.4773259065404318
LOG_RLM,fus_GRMS_late_lgbm,4,4,922,0.39369447695582416,0.6271296033115953,0.45951468911241333
LOG_RLM,fus_GRMS_late_rf,0,0,922,0.3524019477788055,0.5985135450023676,0.4747966967272468
LOG_RLM,fus_GRMS_late_rf,0,1,922,0.34164047002998554,0.5755532599445217,0.4855218974555914
LOG_RLM,fus_GRMS_late_rf,0,2,922,0.2921400472853224,0.5437342347769335,0.4929047157870359
LOG_RLM,fus_GRMS_late_rf,0,3,922,0.34263489615065823,0.5905044468628217,0.4779311894330674
LOG_RLM,fus_GRMS_late_rf,0,4,922,0.303161520900595,0.5601676403928261,0.49610158215308386
LOG_RLM,fus_GRMS_late_rf,1,0,922,0.34564259242299433,0.5899436676384006,0.4822307188367327
LOG_RLM,fus_GRMS_late_rf,1,1,922,0.344037804253605,0.5892926404364766,0.4801927630377722
LOG_RLM,fus_GRMS_late_rf,1,2,922,0.33732534817950244,0.585034386510757,0.48038355892050166
LOG_RLM,fus_GRMS_late_rf,1,3,922,0.3314095326509149,0.5825192873582851,0.4858414055597687
LOG_RLM,fus_GRMS_late_rf,1,4,922,0.31304721523196477,0.569108152633903,0.49487968688664447
LOG_RLM,fus_GRMS_late_rf,2,0,922,0.3455415410641717,0.5962806281651059,0.48599900449020744
LOG_RLM,fus_GRMS_late_rf,2,1,922,0.3284969495442319,0.576127406433377,0.48009190116256467
LOG_RLM,fus_GRMS_late_rf,2,2,922,0.32446584215862495,0.5771877573049121,0.4826523988097991
LOG_RLM,fus_GRMS_late_rf,2,3,922,0.3334478915790636,0.5790671109365312,0.4830061723473687
LOG_RLM,fus_GRMS_late_rf,2,4,922,0.31609930366245054,0.5625323997682118,0.4916602408837398
LOG_RLM,fus_GRMS_late_rf,3,0,922,0.33058928287964195,0.5808277785318191,0.48653873475183257
LOG_RLM,fus_GRMS_late_rf,3,1,922,0.3447898307318492,0.5862507354373486,0.4807842720103081
LOG_RLM,fus_GRMS_late_rf,3,2,922,0.37350163619872834,0.609958370446612,0.4694209918766842
LOG_RLM,fus_GRMS_late_rf,3,3,922,0.27908888700987944,0.5464251174676148,0.5027191060707645
LOG_RLM,fus_GRMS_late_rf,3,4,922,0.33368616762298975,0.575514314583052,0.48493346285935324
LOG_RLM,fus_GRMS_late_rf,4,0,922,0.3388874448102337,0.5868733598485479,0.4819489292664737
LOG_RLM,fus_GRMS_late_rf,4,1,922,0.3502968477856261,0.5972873932028075,0.48023789126801164
LOG_RLM,fus_GRMS_late_rf,4,2,922,0.3245644619158974,0.5776514681774846,0.4937111221031365
LOG_RLM,fus_GRMS_late_rf,4,3,922,0.32787886369085484,0.5748225893067483,0.4829277490352615
LOG_RLM,fus_GRMS_late_rf,4,4,922,0.3657415620442408,0.603505031705457,0.4712873049934896
LOG_RLM,fus_GRM_early_attfp,0,0,922,0.4876690280865056,0.7233929387193008,0.41613977628804505
LOG_RLM,fus_GRM_early_attfp,0,1,922,0.48405479384627303,0.7188294183813813,0.41426542008634715
LOG_RLM,fus_GRM_early_attfp,0,2,922,0.47483618513473214,0.7089415177319333,0.4203527239745329
LOG_RLM,fus_GRM_early_attfp,0,3,922,0.46562289740783624,0.7133622480203313,0.4279930858444624
LOG_RLM,fus_GRM_early_attfp,0,4,922,0.48184408814100876,0.7149817329542401,0.42127616589793987
LOG_RLM,fus_GRM_early_attfp,1,0,922,0.49220469575561965,0.7276614326586247,0.4169964583304893
LOG_RLM,fus_GRM_early_attfp,1,1,922,0.49617215233134815,0.7306667196156951,0.4122701452580566
LOG_RLM,fus_GRM_early_attfp,1,2,922,0.5263346657888123,0.7352860137255063,0.39460987617353266
LOG_RLM,fus_GRM_early_attfp,1,3,922,0.4764596427051334,0.7027222135409811,0.41832726652923224
LOG_RLM,fus_GRM_early_attfp,1,4,922,0.4836807982543918,0.7157987497613606,0.40820599944529484
LOG_RLM,fus_GRM_early_attfp,2,0,922,0.4659770918212385,0.706797468215412,0.4179658134098168
LOG_RLM,fus_GRM_early_attfp,2,1,922,0.4105289956540187,0.6764693688706416,0.4562162919437326
LOG_RLM,fus_GRM_early_attfp,2,2,922,0.4497262635863104,0.6993733049881851,0.43465875387436276
LOG_RLM,fus_GRM_early_attfp,2,3,922,0.43506470606341296,0.6892610528090566,0.4312472758974317
LOG_RLM,fus_GRM_early_attfp,2,4,922,0.49053151893646296,0.7263255588870314,0.40923986429536846
LOG_RLM,fus_GRM_early_attfp,3,0,922,0.4563878778008156,0.7061654931545137,0.43313162007641687
LOG_RLM,fus_GRM_early_attfp,3,1,922,0.44602785636564557,0.7073223009411587,0.4357010919980374
LOG_RLM,fus_GRM_early_attfp,3,2,922,0.4562046037566163,0.6899918347842525,0.43261745467013185
LOG_RLM,fus_GRM_early_attfp,3,3,922,0.5037058722116676,0.7290841311770379,0.40650881607958916
LOG_RLM,fus_GRM_early_attfp,3,4,922,0.4653880393418751,0.7090358045191132,0.42943635519700224
LOG_RLM,fus_GRM_early_attfp,4,0,922,0.4587991360089271,0.7157418574495383,0.4241733156467111
LOG_RLM,fus_GRM_early_attfp,4,1,922,0.46383692327398884,0.7161609421844306,0.4217138612676596
LOG_RLM,fus_GRM_early_attfp,4,2,922,0.49754129339879105,0.7199105714980497,0.41108828644290335
LOG_RLM,fus_GRM_early_attfp,4,3,922,0.4995099258087319,0.729552316750399,0.41157489445760664
LOG_RLM,fus_GRM_early_attfp,4,4,922,0.5106799491319192,0.7303940027258563,0.4021302973258618
LOG_RLM,fus_GRM_early_lgbm,0,0,922,0.5152908684990315,0.731182175868462,0.40715345318567975
LOG_RLM,fus_GRM_early_lgbm,0,1,922,0.4982490594014254,0.7139882910918716,0.4113836872002743
LOG_RLM,fus_GRM_early_lgbm,0,2,922,0.47429019759979996,0.7017409133210005,0.4177653964027899
LOG_RLM,fus_GRM_early_lgbm,0,3,922,0.49172493673482887,0.7101702474372252,0.4144525149934826
LOG_RLM,fus_GRM_early_lgbm,0,4,922,0.4866610714122971,0.71156479912405,0.4159512178588853
LOG_RLM,fus_GRM_early_lgbm,1,0,922,0.4768012850230411,0.7010986486325198,0.4216757927884234
LOG_RLM,fus_GRM_early_lgbm,1,1,922,0.4911379800319976,0.7139924475055363,0.4167323475645245
LOG_RLM,fus_GRM_early_lgbm,1,2,922,0.4851590117330774,0.7065179995271612,0.41694773031352034
LOG_RLM,fus_GRM_early_lgbm,1,3,922,0.4606968828283007,0.6927941573451362,0.4221926124876817
LOG_RLM,fus_GRM_early_lgbm,1,4,922,0.480216845322747,0.7047701428566812,0.4177170274404347
LOG_RLM,fus_GRM_early_lgbm,2,0,922,0.4161195396823242,0.6636805930157875,0.4464798359049905
LOG_RLM,fus_GRM_early_lgbm,2,1,922,0.5150551570698765,0.7257348659077353,0.40292838126225217
LOG_RLM,fus_GRM_early_lgbm,2,2,922,0.503317658201917,0.7164895051058232,0.41531333440815366
LOG_RLM,fus_GRM_early_lgbm,2,3,922,0.45758429190679684,0.6840155428466385,0.42652207526585134
LOG_RLM,fus_GRM_early_lgbm,2,4,922,0.49545368944187473,0.7139702608950416,0.41293421325531493
LOG_RLM,fus_GRM_early_lgbm,3,0,922,0.498343462648964,0.7170833961895405,0.4175510383487496
LOG_RLM,fus_GRM_early_lgbm,3,1,922,0.47466033209935754,0.6948618836902722,0.4263766508211757
LOG_RLM,fus_GRM_early_lgbm,3,2,922,0.4770289314532933,0.7031628418023714,0.4186726626792117
LOG_RLM,fus_GRM_early_lgbm,3,3,922,0.4860618066577532,0.7061730610921368,0.41568809481404584
LOG_RLM,fus_GRM_early_lgbm,3,4,922,0.46158107311332575,0.6915231365657515,0.42497191597706574
LOG_RLM,fus_GRM_early_lgbm,4,0,922,0.5055907280439689,0.71888781213443,0.4046641568277673
LOG_RLM,fus_GRM_early_lgbm,4,1,922,0.4580515357360794,0.680396899813557,0.43830742349451307
LOG_RLM,fus_GRM_early_lgbm,4,2,922,0.49422555882032415,0.7095440818080042,0.4164856314984264
LOG_RLM,fus_GRM_early_lgbm,4,3,922,0.46709561853550097,0.6945795763667085,0.4210680851439789
LOG_RLM,fus_GRM_early_lgbm,4,4,922,0.48526829802608584,0.7091505353774763,0.41436463453308836
LOG_RLM,fus_GRM_early_rf,0,0,922,0.5078805194242573,0.7313723267812158,0.4062449730261085
LOG_RLM,fus_GRM_early_rf,0,1,922,0.5043879113429806,0.7198446925606188,0.40518130453315665
LOG_RLM,fus_GRM_early_rf,0,2,922,0.4693170674532481,0.7044777926072913,0.4165793329690669
LOG_RLM,fus_GRM_early_rf,0,3,922,0.49019988185300434,0.7129898048683067,0.4129865922125298
LOG_RLM,fus_GRM_early_rf,0,4,922,0.48395444452796677,0.7126975594970734,0.4136846519657707
LOG_RLM,fus_GRM_early_rf,1,0,922,0.4815455759942092,0.7081754174753608,0.41726051970224887
LOG_RLM,fus_GRM_early_rf,1,1,922,0.48471507840467076,0.7152136384590696,0.41596159711693353
LOG_RLM,fus_GRM_early_rf,1,2,922,0.48859118683941694,0.7110334172394894,0.41236215050183583
LOG_RLM,fus_GRM_early_rf,1,3,922,0.4548814160815441,0.6938711534399844,0.4204423009253069
LOG_RLM,fus_GRM_early_rf,1,4,922,0.48062866204940835,0.7117735076120547,0.41542307567447123
LOG_RLM,fus_GRM_early_rf,2,0,922,0.4192143807214005,0.6727929732775597,0.44101746733093244
LOG_RLM,fus_GRM_early_rf,2,1,922,0.5142660716109536,0.7302367482695585,0.39790432149754806
LOG_RLM,fus_GRM_early_rf,2,2,922,0.5074670517703657,0.7212633536095556,0.40993321060417315
LOG_RLM,fus_GRM_early_rf,2,3,922,0.4585105943092326,0.690331855600749,0.42320626713274
LOG_RLM,fus_GRM_early_rf,2,4,922,0.49726017253425325,0.7176764412109374,0.4093314401860462
LOG_RLM,fus_GRM_early_rf,3,0,922,0.49649823269186866,0.7174407204123713,0.4153812013554734
LOG_RLM,fus_GRM_early_rf,3,1,922,0.4680556580572214,0.6915641801551874,0.4260671913471601
LOG_RLM,fus_GRM_early_rf,3,2,922,0.4742100130163456,0.705445927223555,0.41552957341284963
LOG_RLM,fus_GRM_early_rf,3,3,922,0.482004316067433,0.7091195571117396,0.4140785448385325
LOG_RLM,fus_GRM_early_rf,3,4,922,0.4632264280455799,0.6974931849279367,0.4222017328551722
LOG_RLM,fus_GRM_early_rf,4,0,922,0.5017866893628211,0.7181880812944866,0.40258009705838144
LOG_RLM,fus_GRM_early_rf,4,1,922,0.4584655574491836,0.6810903101454192,0.4338495690521459
LOG_RLM,fus_GRM_early_rf,4,2,922,0.48965606809847484,0.7057052905853161,0.41363036814189025
LOG_RLM,fus_GRM_early_rf,4,3,922,0.4692121475863087,0.6981646459806384,0.4157927505831657
LOG_RLM,fus_GRM_early_rf,4,4,922,0.4870493516975064,0.7160772968490579,0.41051382440369416
LOG_RLM,fus_GRM_late_attfp,0,0,922,0.5110717209816146,0.7246850974988042,0.41147712628564637
LOG_RLM,fus_GRM_late_attfp,0,1,922,0.4962570037378542,0.7132589439626134,0.4205708048511282
LOG_RLM,fus_GRM_late_attfp,0,2,922,0.502082534837871,0.7138063926464128,0.4148054451894364
LOG_RLM,fus_GRM_late_attfp,0,3,922,0.5020603945046698,0.7197316970439115,0.41352552929768854
LOG_RLM,fus_GRM_late_attfp,0,4,922,0.4952165760233813,0.7141466356386489,0.41721529711686084
LOG_RLM,fus_GRM_late_attfp,1,0,922,0.5164440477976346,0.7287052142836328,0.41033088642429033
LOG_RLM,fus_GRM_late_attfp,1,1,922,0.5163832993146469,0.724989585519417,0.4113253461466713
LOG_RLM,fus_GRM_late_attfp,1,2,922,0.4985820577745985,0.7097966644927223,0.4199893352194718
LOG_RLM,fus_GRM_late_attfp,1,3,922,0.5003862503593897,0.7144435237167182,0.4133743447321085
LOG_RLM,fus_GRM_late_attfp,1,4,922,0.4984256002033507,0.7146109446284142,0.4173952394885306
LOG_RLM,fus_GRM_late_attfp,2,0,922,0.4912487899932143,0.7091033459439754,0.4218017260650811
LOG_RLM,fus_GRM_late_attfp,2,1,922,0.5151196372330127,0.7277980324323648,0.4070782399156958
LOG_RLM,fus_GRM_late_attfp,2,2,922,0.5012542708374255,0.7140377618649743,0.41554130983623694
LOG_RLM,fus_GRM_late_attfp,2,3,922,0.5017200786730044,0.7119178911979158,0.4174329188167881
LOG_RLM,fus_GRM_late_attfp,2,4,922,0.4964122027232932,0.7136039292577068,0.4183270968386153
LOG_RLM,fus_GRM_late_attfp,3,0,922,0.4872107608451105,0.7145123369061592,0.4199147298236346
LOG_RLM,fus_GRM_late_attfp,3,1,922,0.464234600059094,0.6971652305524745,0.4344747913443459
LOG_RLM,fus_GRM_late_attfp,3,2,922,0.5062966351645768,0.721883760209526,0.41361157781472213
LOG_RLM,fus_GRM_late_attfp,3,3,922,0.4827960854303237,0.7016873342680249,0.4215036978926064
LOG_RLM,fus_GRM_late_attfp,3,4,922,0.48912621999460437,0.7038525824146045,0.42025856192488203
LOG_RLM,fus_GRM_late_attfp,4,0,922,0.4990474376284312,0.7141346304874739,0.41938080947140616
LOG_RLM,fus_GRM_late_attfp,4,1,922,0.4775234389842553,0.7070553376368544,0.4260596590542559
LOG_RLM,fus_GRM_late_attfp,4,2,922,0.4908015645394309,0.7120773367666807,0.4226095439222819
LOG_RLM,fus_GRM_late_attfp,4,3,922,0.48421244485247317,0.7056038355853915,0.42360782927788426
LOG_RLM,fus_GRM_late_attfp,4,4,922,0.5019505651971592,0.7164823921735829,0.41340776052196393
LOG_RLM,fus_GRM_late_lgbm,0,0,922,0.3302447226625589,0.5809290624594429,0.4823569176836771
LOG_RLM,fus_GRM_late_lgbm,0,1,922,0.42914706294254534,0.6545096402667605,0.4449131755993645
LOG_RLM,fus_GRM_late_lgbm,0,2,922,0.27792234986837117,0.536069793191461,0.49794843391820415
LOG_RLM,fus_GRM_late_lgbm,0,3,922,0.32915158013432455,0.5819326981876958,0.4823439423551654
LOG_RLM,fus_GRM_late_lgbm,0,4,922,0.43498171890601434,0.6642485396370683,0.43794228324169887
LOG_RLM,fus_GRM_late_lgbm,1,0,922,0.4366617799800734,0.663068271853045,0.443753766290032
LOG_RLM,fus_GRM_late_lgbm,1,1,922,0.33190622560126504,0.5833397382586307,0.4848926760013219
LOG_RLM,fus_GRM_late_lgbm,1,2,922,0.3141969100358354,0.5680294491916215,0.4883022648891499
LOG_RLM,fus_GRM_late_lgbm,1,3,922,0.4307059656728648,0.6607522089585915,0.4417522993720483
LOG_RLM,fus_GRM_late_lgbm,1,4,922,0.30857825599990485,0.5696451419241579,0.4956652041374735
LOG_RLM,fus_GRM_late_lgbm,2,0,922,0.3378066937435893,0.5917397635756999,0.48926584765722736
LOG_RLM,fus_GRM_late_lgbm,2,1,922,0.30745848307036905,0.5615276502054204,0.487365147139248
LOG_RLM,fus_GRM_late_lgbm,2,2,922,0.40148649864761365,0.6343982466915461,0.45514905294146096
LOG_RLM,fus_GRM_late_lgbm,2,3,922,0.3386413393808132,0.5850078106872524,0.47957673520494515
LOG_RLM,fus_GRM_late_lgbm,2,4,922,0.30132514288000123,0.5531534925679485,0.4974655911778036
LOG_RLM,fus_GRM_late_lgbm,3,0,922,0.3214123255664787,0.5761127497694988,0.48918269641856343
LOG_RLM,fus_GRM_late_lgbm,3,1,922,0.42774609191998025,0.6524179748278984,0.44239785580864116
LOG_RLM,fus_GRM_late_lgbm,3,2,922,0.3570898802578716,0.5952914410780703,0.47524201419665435
LOG_RLM,fus_GRM_late_lgbm,3,3,922,0.2644067408682639,0.5357620890001284,0.5078209984836245
LOG_RLM,fus_GRM_late_lgbm,3,4,922,0.41811998070537293,0.6464762485739556,0.4465484220979185
LOG_RLM,fus_GRM_late_lgbm,4,0,922,0.43038050883334045,0.653463871407341,0.44363545536386517
LOG_RLM,fus_GRM_late_lgbm,4,1,922,0.3465097696534458,0.5930881573909007,0.4815305485378739
LOG_RLM,fus_GRM_late_lgbm,4,2,922,0.31197963583962807,0.5714000091168513,0.4976834913249065
LOG_RLM,fus_GRM_late_lgbm,4,3,922,0.41340535628385733,0.6456450445692536,0.450560556652606
LOG_RLM,fus_GRM_late_lgbm,4,4,922,0.3595560993952521,0.60153917340579,0.47440837773892186
LOG_RLM,fus_GRM_late_rf,0,0,922,0.34999180974303623,0.5949380813371712,0.4752958208937463
LOG_RLM,fus_GRM_late_rf,0,1,922,0.341932114887174,0.5756064799970809,0.48531265236183396
LOG_RLM,fus_GRM_late_rf,0,2,922,0.29295011196880283,0.5449890068891378,0.4925328183340859
LOG_RLM,fus_GRM_late_rf,0,3,922,0.3415814996313644,0.5888549431530665,0.4786856685309722
LOG_RLM,fus_GRM_late_rf,0,4,922,0.3023982423264545,0.5596886129159555,0.49641654942010927
LOG_RLM,fus_GRM_late_rf,1,0,922,0.3467677420431994,0.5895735132205899,0.481758170658876
LOG_RLM,fus_GRM_late_rf,1,1,922,0.3425884453878679,0.58884683870317,0.48071275820992015
LOG_RLM,fus_GRM_late_rf,1,2,922,0.336077679658934,0.5842530728531558,0.4806333824720095
LOG_RLM,fus_GRM_late_rf,1,3,922,0.3303756861540734,0.5836903134572763,0.4852397518599867
LOG_RLM,fus_GRM_late_rf,1,4,922,0.3163712636239966,0.5757721717007102,0.4923939959983703
LOG_RLM,fus_GRM_late_rf,2,0,922,0.3465894092817168,0.5984768754160914,0.4851795013045069
LOG_RLM,fus_GRM_late_rf,2,1,922,0.32781718204198174,0.5754581782060423,0.4804974037917027
LOG_RLM,fus_GRM_late_rf,2,2,922,0.3242551699635593,0.5773165579828079,0.48286658152107137
LOG_RLM,fus_GRM_late_rf,2,3,922,0.3358966664908476,0.5813856007050429,0.48090230231996245
LOG_RLM,fus_GRM_late_rf,2,4,922,0.31631641091579343,0.5622658594231107,0.4914516999526902
LOG_RLM,fus_GRM_late_rf,3,0,922,0.3291048082776279,0.5802161962093594,0.487101078321655
LOG_RLM,fus_GRM_late_rf,3,1,922,0.3459080625301737,0.5869448513452437,0.48020600104822586
LOG_RLM,fus_GRM_late_rf,3,2,922,0.37282082879819733,0.6092837901221682,0.46941529780445396
LOG_RLM,fus_GRM_late_rf,3,3,922,0.2782329375341076,0.5459956936598134,0.5028319745023012
LOG_RLM,fus_GRM_late_rf,3,4,922,0.3345623182797326,0.5763048974307241,0.4843944837494124
LOG_RLM,fus_GRM_late_rf,4,0,922,0.33971711930203163,0.587323495029144,0.4814715081352616
LOG_RLM,fus_GRM_late_rf,4,1,922,0.35113987465155383,0.5978675028797791,0.4797860908395636
LOG_RLM,fus_GRM_late_rf,4,2,922,0.3240921509087469,0.5791041802806418,0.4939292771520487
LOG_RLM,fus_GRM_late_rf,4,3,922,0.3278761696735012,0.574714888184389,0.48305380914702234
LOG_RLM,fus_GRM_late_rf,4,4,922,0.3674868371559964,0.6070108078778782,0.4702879961702547
LOG_RLM,fus_GRS_early_attfp,0,0,922,0.2687146724816908,0.5888513167580537,0.49886641462267406
LOG_RLM,fus_GRS_early_attfp,0,1,922,0.27410967915668005,0.580211584091653,0.4979632850030733
LOG_RLM,fus_GRS_early_attfp,0,2,922,0.321147799848829,0.6155785602612329,0.48466783989119755
LOG_RLM,fus_GRS_early_attfp,0,3,922,0.32841828629023884,0.6053231043260333,0.48696236919971936
LOG_RLM,fus_GRS_early_attfp,0,4,922,0.2770244784652859,0.5795616281183054,0.4999506491964829
LOG_RLM,fus_GRS_early_attfp,1,0,922,0.33507033745544346,0.6093023867421556,0.4824435420025921
LOG_RLM,fus_GRS_early_attfp,1,1,922,0.31828212342905227,0.6093002569195477,0.4890850045462667
LOG_RLM,fus_GRS_early_attfp,1,2,922,0.4609239174099443,0.6919194698078625,0.43168353606552695
LOG_RLM,fus_GRS_early_attfp,1,3,922,0.35361971548660853,0.6277770426359395,0.4685630116077684
LOG_RLM,fus_GRS_early_attfp,1,4,922,0.38650919332547673,0.6376379297799356,0.46056429992667114
LOG_RLM,fus_GRS_early_attfp,2,0,922,0.29803599876293563,0.5953488615874069,0.48678734405616925
LOG_RLM,fus_GRS_early_attfp,2,1,922,0.33796065767818606,0.6095185637368624,0.4798032586684607
LOG_RLM,fus_GRS_early_attfp,2,2,922,0.3313267504481252,0.6326356813072433,0.4699810325401545
LOG_RLM,fus_GRS_early_attfp,2,3,922,0.38643399573729176,0.6467248945490761,0.4579424895313469
LOG_RLM,fus_GRS_early_attfp,2,4,922,0.3571665383722068,0.6203887593346679,0.4704241159489576
LOG_RLM,fus_GRS_early_attfp,3,0,922,0.339820164171186,0.6026798052455881,0.4851502739336349
LOG_RLM,fus_GRS_early_attfp,3,1,922,0.3820790869900308,0.6493183826032691,0.46283711250757675
LOG_RLM,fus_GRS_early_attfp,3,2,922,0.31945639541930615,0.5906053712391156,0.4780095861632094
LOG_RLM,fus_GRS_early_attfp,3,3,922,0.2653622614665494,0.5905972733164662,0.4980535545115214
LOG_RLM,fus_GRS_early_attfp,3,4,922,0.2992869318576855,0.5983824797819024,0.4937987528344957
LOG_RLM,fus_GRS_early_attfp,4,0,922,0.36685094357748005,0.6143634351735385,0.4695946505210525
LOG_RLM,fus_GRS_early_attfp,4,1,922,0.3701430180407447,0.6393618679564226,0.4629307498465943
LOG_RLM,fus_GRS_early_attfp,4,2,922,0.4015274179666113,0.6678307777278688,0.45915938070601003
LOG_RLM,fus_GRS_early_attfp,4,3,922,0.25867611904875676,0.5875885771109766,0.49859425798171864
LOG_RLM,fus_GRS_early_attfp,4,4,922,0.38221488917963886,0.6340218051021659,0.46805159664684476
LOG_RLM,fus_GRS_early_lgbm,0,0,922,0.489111243147348,0.7170992133167887,0.4209721697184372
LOG_RLM,fus_GRS_early_lgbm,0,1,922,0.43380466186969524,0.6777212831963337,0.43892219841073105
LOG_RLM,fus_GRS_early_lgbm,0,2,922,0.4689646068222506,0.7038874640057339,0.41930871208618714
LOG_RLM,fus_GRS_early_lgbm,0,3,922,0.4868260273949263,0.7120395975358651,0.4192803269603159
LOG_RLM,fus_GRS_early_lgbm,0,4,922,0.47213429193889456,0.7042329626033984,0.42077740182405804
LOG_RLM,fus_GRS_early_lgbm,1,0,922,0.4591665838422131,0.6912647638704252,0.43094711252485457
LOG_RLM,fus_GRS_early_lgbm,1,1,922,0.49031762683193336,0.7160713364102487,0.4172831827410795
LOG_RLM,fus_GRS_early_lgbm,1,2,922,0.4767854453806114,0.7079486323835357,0.416989334904108
LOG_RLM,fus_GRS_early_lgbm,1,3,922,0.4444394378847516,0.6911443063133577,0.42772515712623166
LOG_RLM,fus_GRS_early_lgbm,1,4,922,0.4770851551664571,0.7124756393051516,0.4163834076736591
LOG_RLM,fus_GRS_early_lgbm,2,0,922,0.41579609893462166,0.67259001956998,0.4451277074771516
LOG_RLM,fus_GRS_early_lgbm,2,1,922,0.4952168571491974,0.71407923211597,0.4089521779748707
LOG_RLM,fus_GRS_early_lgbm,2,2,922,0.4732510098698707,0.6992750879887825,0.4270655189025182
LOG_RLM,fus_GRS_early_lgbm,2,3,922,0.4485412745837334,0.6879572029889065,0.42615934244879794
LOG_RLM,fus_GRS_early_lgbm,2,4,922,0.4664084310182607,0.6988253993052806,0.42321774977474735
LOG_RLM,fus_GRS_early_lgbm,3,0,922,0.4949455635739285,0.7180295474123777,0.41560039218683076
LOG_RLM,fus_GRS_early_lgbm,3,1,922,0.47462293078350803,0.6946450834760723,0.42262983664074955
LOG_RLM,fus_GRS_early_lgbm,3,2,922,0.47412791315800773,0.7051930759093366,0.41547089638121754
LOG_RLM,fus_GRS_early_lgbm,3,3,922,0.44671699641390894,0.6858189989927085,0.4325234494367716
LOG_RLM,fus_GRS_early_lgbm,3,4,922,0.4397234609456183,0.6847041211310033,0.4305743934014084
LOG_RLM,fus_GRS_early_lgbm,4,0,922,0.5066038325334572,0.7231691771045151,0.4044930367058943
LOG_RLM,fus_GRS_early_lgbm,4,1,922,0.41619229493749066,0.6581106887129696,0.4466134546608854
LOG_RLM,fus_GRS_early_lgbm,4,2,922,0.49381369607539216,0.7105522995058324,0.41380590171200327
LOG_RLM,fus_GRS_early_lgbm,4,3,922,0.39015576238750127,0.6502887696218594,0.45977704895894517
LOG_RLM,fus_GRS_early_lgbm,4,4,922,0.47566406753595747,0.7112566195843095,0.4150946723575152
LOG_RLM,fus_GRS_early_rf,0,0,922,0.5040379155023027,0.7242993238023988,0.4118010245884673
LOG_RLM,fus_GRS_early_rf,0,1,922,0.4644399771949127,0.6924313627120809,0.42416007085363033
LOG_RLM,fus_GRS_early_rf,0,2,922,0.47097037659787,0.7053888816870847,0.4175290130058501
LOG_RLM,fus_GRS_early_rf,0,3,922,0.49764438062581573,0.7180352243855881,0.41182196625622386
LOG_RLM,fus_GRS_early_rf,0,4,922,0.4844102926312951,0.7103685678303511,0.41126739059061135
LOG_RLM,fus_GRS_early_rf,1,0,922,0.4789395596017152,0.7042986653324839,0.4186399283897265
LOG_RLM,fus_GRS_early_rf,1,1,922,0.4977217513057228,0.7237759313883438,0.4124214402624845
LOG_RLM,fus_GRS_early_rf,1,2,922,0.48140991658645194,0.7081111014293403,0.41474026315545454
LOG_RLM,fus_GRS_early_rf,1,3,922,0.45426314123912537,0.6948616665160965,0.41992186264181214
LOG_RLM,fus_GRS_early_rf,1,4,922,0.4777329268352216,0.7096174759280556,0.4166647449155337
LOG_RLM,fus_GRS_early_rf,2,0,922,0.41541598798396984,0.6714087954356676,0.4427248178981692
LOG_RLM,fus_GRS_early_rf,2,1,922,0.5137838198289719,0.725427861641478,0.40014995610314646
LOG_RLM,fus_GRS_early_rf,2,2,922,0.49473077817278466,0.7109146374923181,0.41858634427993097
LOG_RLM,fus_GRS_early_rf,2,3,922,0.4553428330892224,0.68851378386173,0.42283114821508905
LOG_RLM,fus_GRS_early_rf,2,4,922,0.4848048539508638,0.7091627281563287,0.41785822510155407
LOG_RLM,fus_GRS_early_rf,3,0,922,0.5028367633879192,0.721196961369554,0.4134390013790762
LOG_RLM,fus_GRS_early_rf,3,1,922,0.47081177282492426,0.6919487740218028,0.42293524111283476
LOG_RLM,fus_GRS_early_rf,3,2,922,0.4717359921659262,0.7038236382785871,0.4144527815046782
LOG_RLM,fus_GRS_early_rf,3,3,922,0.4787597037111031,0.705082777146435,0.41617529120687385
LOG_RLM,fus_GRS_early_rf,3,4,922,0.4641774665994166,0.6947256336735543,0.42402575786171814
LOG_RLM,fus_GRS_early_rf,4,0,922,0.500288014918534,0.7170080063450347,0.4040258987461562
LOG_RLM,fus_GRS_early_rf,4,1,922,0.4251714555108935,0.6592666920702124,0.4444714587654734
LOG_RLM,fus_GRS_early_rf,4,2,922,0.4867466694378354,0.7044585705751929,0.4168337654312807
LOG_RLM,fus_GRS_early_rf,4,3,922,0.42042510781884235,0.666385348332917,0.4471326939488743
LOG_RLM,fus_GRS_early_rf,4,4,922,0.48362638016713455,0.714221194752392,0.41087618201847653
LOG_RLM,fus_GRS_late_attfp,0,0,922,0.5052839474812709,0.7158478505998297,0.41464643814582264
LOG_RLM,fus_GRS_late_attfp,0,1,922,0.49296894959912607,0.7033105119159516,0.4167665746583273
LOG_RLM,fus_GRS_late_attfp,0,2,922,0.5111233786005076,0.7166442510305546,0.40925959464485123
LOG_RLM,fus_GRS_late_attfp,0,3,922,0.5049423637794318,0.7171843142863179,0.4132227731674523
LOG_RLM,fus_GRS_late_attfp,0,4,922,0.5039711769574344,0.7139478266577989,0.4117004098982154
LOG_RLM,fus_GRS_late_attfp,1,0,922,0.5001389166942447,0.7107454008685423,0.4131020788434255
LOG_RLM,fus_GRS_late_attfp,1,1,922,0.5187875489394296,0.7234768675202723,0.4075655011273887
LOG_RLM,fus_GRS_late_attfp,1,2,922,0.4931687134987187,0.703562252351472,0.4173663996062842
LOG_RLM,fus_GRS_late_attfp,1,3,922,0.5038882930586207,0.7186692603180029,0.4112044529245369
LOG_RLM,fus_GRS_late_attfp,1,4,922,0.5288721821559761,0.7325608367475432,0.3990181448312612
LOG_RLM,fus_GRS_late_attfp,2,0,922,0.4924858400832566,0.7039663746994816,0.41774343883091003
LOG_RLM,fus_GRS_late_attfp,2,1,922,0.5229315012825116,0.7260446904459161,0.4042919446704502
LOG_RLM,fus_GRS_late_attfp,2,2,922,0.49173081314559497,0.7022170395375796,0.42070294147383347
LOG_RLM,fus_GRS_late_attfp,2,3,922,0.5048417045507806,0.70971101191446,0.41165202827836045
LOG_RLM,fus_GRS_late_attfp,2,4,922,0.4885445032462624,0.7065617857230078,0.4206610533863053
LOG_RLM,fus_GRS_late_attfp,3,0,922,0.5031780240888887,0.7151311423085575,0.4131324461768443
LOG_RLM,fus_GRS_late_attfp,3,1,922,0.48379022526137205,0.7016830696473538,0.42117034507021384
LOG_RLM,fus_GRS_late_attfp,3,2,922,0.4972706657261867,0.7075317743575132,0.4144282166212841
LOG_RLM,fus_GRS_late_attfp,3,3,922,0.4954269807528052,0.706504372447382,0.4156844869768951
LOG_RLM,fus_GRS_late_attfp,3,4,922,0.48092648125475057,0.6952480148049321,0.4222107807321781
LOG_RLM,fus_GRS_late_attfp,4,0,922,0.49980956984604263,0.7100870711681788,0.4131740045401287
LOG_RLM,fus_GRS_late_attfp,4,1,922,0.4768126625492827,0.6919056795895375,0.4282967030699388
LOG_RLM,fus_GRS_late_attfp,4,2,922,0.492271585247248,0.7058977943718986,0.41938134501082047
LOG_RLM,fus_GRS_late_attfp,4,3,922,0.4813214786555803,0.6977107102995463,0.42343216871891914
LOG_RLM,fus_GRS_late_attfp,4,4,922,0.5029839255949399,0.7143358910626928,0.4086585874954959
LOG_RLM,fus_GRS_late_lgbm,0,0,922,0.45759721700586986,0.6836384496072987,0.43255757024179736
LOG_RLM,fus_GRS_late_lgbm,0,1,922,0.4237648784420963,0.6484796133934815,0.44377117846634395
LOG_RLM,fus_GRS_late_lgbm,0,2,922,0.4417640543409743,0.668442461075195,0.43663140240060927
LOG_RLM,fus_GRS_late_lgbm,0,3,922,0.45284102276782945,0.6735364463768323,0.4346803455805263
LOG_RLM,fus_GRS_late_lgbm,0,4,922,0.4499412271583799,0.6796848040323775,0.42949665263519526
LOG_RLM,fus_GRS_late_lgbm,1,0,922,0.44153759432758866,0.6716482914143278,0.4357387613720489
LOG_RLM,fus_GRS_late_lgbm,1,1,922,0.4594116372855538,0.677891258054809,0.4340583563723203
LOG_RLM,fus_GRS_late_lgbm,1,2,922,0.3999514968567953,0.6364913672805947,0.45545317291005444
LOG_RLM,fus_GRS_late_lgbm,1,3,922,0.4395214459333918,0.6783757472262777,0.4374373916831207
LOG_RLM,fus_GRS_late_lgbm,1,4,922,0.46698991001276113,0.6866646828048076,0.4287641228371883
LOG_RLM,fus_GRS_late_lgbm,2,0,922,0.48089505447763925,0.6979756559916083,0.4235112114430705
LOG_RLM,fus_GRS_late_lgbm,2,1,922,0.44101407825706507,0.679072707630314,0.4312532286175744
LOG_RLM,fus_GRS_late_lgbm,2,2,922,0.40236795373013534,0.6379089654182494,0.45276275443265124
LOG_RLM,fus_GRS_late_lgbm,2,3,922,0.46565808684485066,0.685883568255041,0.427505814979311
LOG_RLM,fus_GRS_late_lgbm,2,4,922,0.3974956011606944,0.6378478711386004,0.4541864776643427
LOG_RLM,fus_GRS_late_lgbm,3,0,922,0.43285971708278004,0.6536499535844029,0.43815146259880067
LOG_RLM,fus_GRS_late_lgbm,3,1,922,0.4137017220269541,0.647033335087933,0.44224162109290777
LOG_RLM,fus_GRS_late_lgbm,3,2,922,0.43121676345125926,0.6665080580447367,0.43858433801777486
LOG_RLM,fus_GRS_late_lgbm,3,3,922,0.4434126225840982,0.6705200676344006,0.4324520124481172
LOG_RLM,fus_GRS_late_lgbm,3,4,922,0.4010210724530545,0.6492029891844345,0.44929232474111663
LOG_RLM,fus_GRS_late_lgbm,4,0,922,0.40066457550083157,0.6388716897585007,0.4533815028154415
LOG_RLM,fus_GRS_late_lgbm,4,1,922,0.4242689627191645,0.6571449512628869,0.4426680356880388
LOG_RLM,fus_GRS_late_lgbm,4,2,922,0.40669783269337656,0.6395904755721752,0.45193295513787796
LOG_RLM,fus_GRS_late_lgbm,4,3,922,0.4312271597026808,0.6649419208937805,0.4425204826345515
LOG_RLM,fus_GRS_late_lgbm,4,4,922,0.41982804150712616,0.6581743317571888,0.43793260505634435
LOG_RLM,fus_GRS_late_rf,0,0,922,0.44627762661281245,0.6830280376264763,0.4322122342993387
LOG_RLM,fus_GRS_late_rf,0,1,922,0.41410642956454524,0.6491004153646908,0.44332879192164404
LOG_RLM,fus_GRS_late_rf,0,2,922,0.45121558999659594,0.6826490698934512,0.42714819990906777
LOG_RLM,fus_GRS_late_rf,0,3,922,0.455648036546318,0.6837789482793154,0.43156169123984955
LOG_RLM,fus_GRS_late_rf,0,4,922,0.4450652180068111,0.6825640337075439,0.4274835679560009
LOG_RLM,fus_GRS_late_rf,1,0,922,0.4452551648499311,0.6801719531595165,0.42868795909824603
LOG_RLM,fus_GRS_late_rf,1,1,922,0.46653443800306427,0.6883753813068239,0.4255598325289377
LOG_RLM,fus_GRS_late_rf,1,2,922,0.38717087572676756,0.6372235055133946,0.4575181866642899
LOG_RLM,fus_GRS_late_rf,1,3,922,0.4423285160549596,0.6852694745301768,0.43163871431371215
LOG_RLM,fus_GRS_late_rf,1,4,922,0.46675530663090803,0.6956722325655341,0.42507123827454374
LOG_RLM,fus_GRS_late_rf,2,0,922,0.46923713634126885,0.6951005340616248,0.4238482220468061
LOG_RLM,fus_GRS_late_rf,2,1,922,0.4479595346845042,0.68799721018346,0.42485192717137554
LOG_RLM,fus_GRS_late_rf,2,2,922,0.3865238219202922,0.6390443635019578,0.4549758435472726
LOG_RLM,fus_GRS_late_rf,2,3,922,0.4571511160853776,0.68880608286159,0.42638798871485656
LOG_RLM,fus_GRS_late_rf,2,4,922,0.3979348508380667,0.6512769356853073,0.4504348029254962
LOG_RLM,fus_GRS_late_rf,3,0,922,0.4280271374195772,0.6644102060071779,0.4371826254708808
LOG_RLM,fus_GRS_late_rf,3,1,922,0.4006349040816545,0.6483992262457556,0.444299613375165
LOG_RLM,fus_GRS_late_rf,3,2,922,0.4388346902478113,0.6792645388678356,0.4324116745275785
LOG_RLM,fus_GRS_late_rf,3,3,922,0.42972221448703884,0.6699122809430544,0.4335690675228668
LOG_RLM,fus_GRS_late_rf,3,4,922,0.3976033388300195,0.6536725521045527,0.45037243232221363
LOG_RLM,fus_GRS_late_rf,4,0,922,0.4041755044341522,0.6545701829044613,0.4483359226562401
LOG_RLM,fus_GRS_late_rf,4,1,922,0.41981918731802526,0.660463762161139,0.44006734006427634
LOG_RLM,fus_GRS_late_rf,4,2,922,0.38639480333502063,0.6374435719751116,0.4586137086192169
LOG_RLM,fus_GRS_late_rf,4,3,922,0.41584735067203293,0.6630481078370702,0.44555255444970315
LOG_RLM,fus_GRS_late_rf,4,4,922,0.42730933910023206,0.6693752438740904,0.4306519547388904
LOG_RLM,fus_GR_early_attfp,0,0,922,0.49614539178837436,0.7228033915634484,0.41120954500937607
LOG_RLM,fus_GR_early_attfp,0,1,922,0.486164090957234,0.7127831354630114,0.4124017353580207
LOG_RLM,fus_GR_early_attfp,0,2,922,0.4580660136702275,0.7027035124726861,0.43125181989184247
LOG_RLM,fus_GR_early_attfp,0,3,922,0.48946741192293197,0.7268220910202826,0.40764406806115655
LOG_RLM,fus_GR_early_attfp,0,4,922,0.4158484053861897,0.6777982632595161,0.45213656898520055
LOG_RLM,fus_GR_early_attfp,1,0,922,0.47703484920225614,0.711555415309247,0.4216521131557626
LOG_RLM,fus_GR_early_attfp,1,1,922,0.44199910540923326,0.6848736488816102,0.4382731284187622
LOG_RLM,fus_GR_early_attfp,1,2,922,0.5343244248308825,0.7389381155506389,0.3953545776877927
LOG_RLM,fus_GR_early_attfp,1,3,922,0.45185089245882093,0.705057625320457,0.4293731341257611
LOG_RLM,fus_GR_early_attfp,1,4,922,0.4975268150607617,0.7264170876305465,0.4021272630136598
LOG_RLM,fus_GR_early_attfp,2,0,922,0.5114286256074172,0.7257653772349788,0.40595972651154144
LOG_RLM,fus_GR_early_attfp,2,1,922,0.4568362712708106,0.6982497622726325,0.4325022522285568
LOG_RLM,fus_GR_early_attfp,2,2,922,0.5022563782293564,0.7218708663553922,0.40468017947196994
LOG_RLM,fus_GR_early_attfp,2,3,922,0.46638884275804604,0.6976602840678717,0.42360189454049996
LOG_RLM,fus_GR_early_attfp,2,4,922,0.49955368105416176,0.7178886420260273,0.40554361139029405
LOG_RLM,fus_GR_early_attfp,3,0,922,0.4628172021245044,0.7020169664533833,0.4270631497646469
LOG_RLM,fus_GR_early_attfp,3,1,922,0.46028278204996964,0.6864384939060229,0.4260811463813276
LOG_RLM,fus_GR_early_attfp,3,2,922,0.4871650376196809,0.7167818237808099,0.41919611259753825
LOG_RLM,fus_GR_early_attfp,3,3,922,0.4900389604197556,0.7195041277966219,0.4149773639384107
LOG_RLM,fus_GR_early_attfp,3,4,922,0.44711150706809677,0.6951042671013603,0.44284197515427975
LOG_RLM,fus_GR_early_attfp,4,0,922,0.4960918331053813,0.7269132367021774,0.4117193941793219
LOG_RLM,fus_GR_early_attfp,4,1,922,0.4525958665801634,0.7017705762441925,0.426798849510636
LOG_RLM,fus_GR_early_attfp,4,2,922,0.5024657775696613,0.7256246787019033,0.41391461460960755
LOG_RLM,fus_GR_early_attfp,4,3,922,0.4702908918963553,0.7212683410718499,0.4250160283201917
LOG_RLM,fus_GR_early_attfp,4,4,922,0.46776969089013776,0.7033299178176278,0.4219439348950889
LOG_RLM,fus_GR_early_lgbm,0,0,922,0.515249047320838,0.7314785480680043,0.4072716764695588
LOG_RLM,fus_GR_early_lgbm,0,1,922,0.49957585989007813,0.7144504450869295,0.4106325564808691
LOG_RLM,fus_GR_early_lgbm,0,2,922,0.4729710621554063,0.7017560896596573,0.4179882771567655
LOG_RLM,fus_GR_early_lgbm,0,3,922,0.4914699902772177,0.7096368972898919,0.4142530765591396
LOG_RLM,fus_GR_early_lgbm,0,4,922,0.48464948617596115,0.7108352071234996,0.41660540021661085
LOG_RLM,fus_GR_early_lgbm,1,0,922,0.4769728191562901,0.7008904700113624,0.4220378087463643
LOG_RLM,fus_GR_early_lgbm,1,1,922,0.491269003413191,0.7138535283092097,0.41656443172086827
LOG_RLM,fus_GR_early_lgbm,1,2,922,0.4841716600203684,0.7066028963705827,0.4171247495604961
LOG_RLM,fus_GR_early_lgbm,1,3,922,0.4590131091212999,0.6915595339029883,0.4227752571413203
LOG_RLM,fus_GR_early_lgbm,1,4,922,0.48097915692329074,0.7058826815192307,0.4176489005818298
LOG_RLM,fus_GR_early_lgbm,2,0,922,0.4155705189586959,0.6637586561430616,0.44673304681807907
LOG_RLM,fus_GR_early_lgbm,2,1,922,0.5141868320285952,0.725177901941314,0.4032732985610002
LOG_RLM,fus_GR_early_lgbm,2,2,922,0.5020211056859458,0.7146989442715882,0.41640918468463467
LOG_RLM,fus_GR_early_lgbm,2,3,922,0.45696087853176925,0.6838761940275819,0.42668067379989394
LOG_RLM,fus_GR_early_lgbm,2,4,922,0.4962087619663149,0.7145998314205086,0.4128967096472365
LOG_RLM,fus_GR_early_lgbm,3,0,922,0.4974489127871693,0.7158250611733391,0.4174845158367326
LOG_RLM,fus_GR_early_lgbm,3,1,922,0.4701376320303956,0.6910866790720699,0.4281652439366328
LOG_RLM,fus_GR_early_lgbm,3,2,922,0.4759908736028535,0.7027558771519654,0.4191664056551243
LOG_RLM,fus_GR_early_lgbm,3,3,922,0.484110639494439,0.7053882422577229,0.41637324905652356
LOG_RLM,fus_GR_early_lgbm,3,4,922,0.4613965529843086,0.6910991822036382,0.42478496237274316
LOG_RLM,fus_GR_early_lgbm,4,0,922,0.504147526818314,0.7183558117813929,0.4048468030539448
LOG_RLM,fus_GR_early_lgbm,4,1,922,0.4567517943865044,0.6792073427064658,0.4387142581754303
LOG_RLM,fus_GR_early_lgbm,4,2,922,0.49618617280771926,0.7108272680816248,0.41524121038554046
LOG_RLM,fus_GR_early_lgbm,4,3,922,0.4660461055798867,0.693861000876333,0.4212251605374032
LOG_RLM,fus_GR_early_lgbm,4,4,922,0.48480165519559626,0.7091422768722262,0.4141494308708316
LOG_RLM,fus_GR_early_rf,0,0,922,0.5051969617017159,0.730953364626042,0.40752921669689623
LOG_RLM,fus_GR_early_rf,0,1,922,0.4988255702183798,0.7181324454247783,0.406720689913377
LOG_RLM,fus_GR_early_rf,0,2,922,0.464634742409328,0.7036366253209143,0.41801619165508663
LOG_RLM,fus_GR_early_rf,0,3,922,0.4868160809182591,0.7136516127681811,0.4143327124012377
LOG_RLM,fus_GR_early_rf,0,4,922,0.47703028973115746,0.710091261862303,0.4156073076250031
LOG_RLM,fus_GR_early_rf,1,0,922,0.47304134166471956,0.7041454713293596,0.4201790038956488
LOG_RLM,fus_GR_early_rf,1,1,922,0.48270618133307264,0.7160442386312402,0.4160404665401937
LOG_RLM,fus_GR_early_rf,1,2,922,0.4827928844392333,0.7091971577347463,0.4140098010320003
LOG_RLM,fus_GR_early_rf,1,3,922,0.45110747138976515,0.6935468381499135,0.42127720870151514
LOG_RLM,fus_GR_early_rf,1,4,922,0.4766331245803206,0.7100460605911272,0.41735365715540457
LOG_RLM,fus_GR_early_rf,2,0,922,0.406788517933365,0.6675452282737555,0.4456960915460493
LOG_RLM,fus_GR_early_rf,2,1,922,0.5108613129116717,0.729189151350814,0.39786416150664056
LOG_RLM,fus_GR_early_rf,2,2,922,0.5018734098063788,0.7188996948662111,0.41333148938689407
LOG_RLM,fus_GR_early_rf,2,3,922,0.4509166137600795,0.686504434133313,0.4249511245506356
LOG_RLM,fus_GR_early_rf,2,4,922,0.4931625719014795,0.7160669388628494,0.410996422597573
LOG_RLM,fus_GR_early_rf,3,0,922,0.49229702329516345,0.7161924758170001,0.41574217366308314
LOG_RLM,fus_GR_early_rf,3,1,922,0.46620570918935167,0.6921494293596617,0.426360246625993
LOG_RLM,fus_GR_early_rf,3,2,922,0.47174359075009553,0.7052831796636247,0.41575487527219235
LOG_RLM,fus_GR_early_rf,3,3,922,0.47393323205930415,0.7044014101202364,0.41625881103962503
LOG_RLM,fus_GR_early_rf,3,4,922,0.4564438330828192,0.694986897020951,0.42327564576585286
LOG_RLM,fus_GR_early_rf,4,0,922,0.5031847135944199,0.7205507008682199,0.40236380860943666
LOG_RLM,fus_GR_early_rf,4,1,922,0.45657643449137697,0.6798898409953112,0.4337484499124413
LOG_RLM,fus_GR_early_rf,4,2,922,0.49085080186261354,0.7071470655724118,0.4130211728374353
LOG_RLM,fus_GR_early_rf,4,3,922,0.46157254110237633,0.6955866259546665,0.41938410741627874
LOG_RLM,fus_GR_early_rf,4,4,922,0.484260396061411,0.7147235800671988,0.41132375067210825
LOG_RLM,fus_GR_late_attfp,0,0,922,0.5165659311649067,0.7250068003086259,0.40615303598275765
LOG_RLM,fus_GR_late_attfp,0,1,922,0.49940916200103624,0.7081152614785349,0.41249313806051596
LOG_RLM,fus_GR_late_attfp,0,2,922,0.5096828257189416,0.7158458740018697,0.4092275711217469
LOG_RLM,fus_GR_late_attfp,0,3,922,0.5105058809009269,0.7195270195590411,0.4091587680700413
LOG_RLM,fus_GR_late_attfp,0,4,922,0.5147462800573892,0.7241138606883943,0.4044195490672147
LOG_RLM,fus_GR_late_attfp,1,0,922,0.5151844551686581,0.7220078568519849,0.40655864034579897
LOG_RLM,fus_GR_late_attfp,1,1,922,0.5223438478491514,0.7275548878996005,0.4060783486150074
LOG_RLM,fus_GR_late_attfp,1,2,922,0.5073303196298471,0.7161225134426986,0.4106488001102402
LOG_RLM,fus_GR_late_attfp,1,3,922,0.49982960717771774,0.7179862844329996,0.4123939740443821
LOG_RLM,fus_GR_late_attfp,1,4,922,0.5202148517364928,0.7258338456689616,0.40429171732333025
LOG_RLM,fus_GR_late_attfp,2,0,922,0.4942307400084054,0.7067624717057964,0.41616096223903726
LOG_RLM,fus_GR_late_attfp,2,1,922,0.5242100015150946,0.7284287002106719,0.4017960552461551
LOG_RLM,fus_GR_late_attfp,2,2,922,0.4949762325467286,0.7063270915295837,0.41589252263654264
LOG_RLM,fus_GR_late_attfp,2,3,922,0.5093875856888945,0.7121630046674077,0.4094685036418291
LOG_RLM,fus_GR_late_attfp,2,4,922,0.49804409138444394,0.711834261185008,0.41576703656071956
LOG_RLM,fus_GR_late_attfp,3,0,922,0.4966102709597894,0.7129684376911356,0.41740472705032833
LOG_RLM,fus_GR_late_attfp,3,1,922,0.48555906522326664,0.7035366255290849,0.41962573210714016
LOG_RLM,fus_GR_late_attfp,3,2,922,0.511137294645555,0.7196528323175582,0.4086353172304661
LOG_RLM,fus_GR_late_attfp,3,3,922,0.5134471008214969,0.7197743011573029,0.4063875520227627
LOG_RLM,fus_GR_late_attfp,3,4,922,0.489637386477097,0.7041086054790379,0.4194586812206189
LOG_RLM,fus_GR_late_attfp,4,0,922,0.5078097887164996,0.7157294998816728,0.40860066425133124
LOG_RLM,fus_GR_late_attfp,4,1,922,0.48405626901067045,0.6991383732965564,0.42244149957952903
LOG_RLM,fus_GR_late_attfp,4,2,922,0.49540984401105936,0.7085760999300219,0.4169331225451823
LOG_RLM,fus_GR_late_attfp,4,3,922,0.4925478978024965,0.7069067327119393,0.41407733414351783
LOG_RLM,fus_GR_late_attfp,4,4,922,0.5097932017581785,0.7181816305368036,0.40438878029332204
LOG_RLM,fus_GR_late_lgbm,0,0,922,0.4531398149795939,0.6896008102575727,0.429569843379646
LOG_RLM,fus_GR_late_lgbm,0,1,922,0.37746310507838476,0.6255046984036906,0.45619818914014615
LOG_RLM,fus_GR_late_lgbm,0,2,922,0.42355718194792613,0.6641646770876518,0.4409175917134411
LOG_RLM,fus_GR_late_lgbm,0,3,922,0.4385669058219195,0.674463173366343,0.4380323057324493
LOG_RLM,fus_GR_late_lgbm,0,4,922,0.4435914959965951,0.6843379032673107,0.4261235652403163
LOG_RLM,fus_GR_late_lgbm,1,0,922,0.4255498845689166,0.6663902559801292,0.43890679146184675
LOG_RLM,fus_GR_late_lgbm,1,1,922,0.44940084843082295,0.6800275025884733,0.4329364628303328
LOG_RLM,fus_GR_late_lgbm,1,2,922,0.35609121905767327,0.6198882516996207,0.46978359996610797
LOG_RLM,fus_GR_late_lgbm,1,3,922,0.43731093888207095,0.681609496795253,0.4337756250586075
LOG_RLM,fus_GR_late_lgbm,1,4,922,0.4656214536182678,0.6932302745571809,0.42628907408493744
LOG_RLM,fus_GR_late_lgbm,2,0,922,0.4716078986223584,0.6965751389990742,0.4243622911307715
LOG_RLM,fus_GR_late_lgbm,2,1,922,0.4236871828658163,0.6709766628883053,0.4341952601326209
LOG_RLM,fus_GR_late_lgbm,2,2,922,0.35030236503673706,0.6153275490045719,0.46863220107442777
LOG_RLM,fus_GR_late_lgbm,2,3,922,0.4626153247062096,0.6901673467948423,0.4248062541332332
LOG_RLM,fus_GR_late_lgbm,2,4,922,0.35721209441772295,0.6246964038255987,0.46552095480030437
LOG_RLM,fus_GR_late_lgbm,3,0,922,0.39865865882733864,0.6465651274210279,0.4469272319505522
LOG_RLM,fus_GR_late_lgbm,3,1,922,0.3613854653764128,0.6242020543095342,0.45992173037534895
LOG_RLM,fus_GR_late_lgbm,3,2,922,0.42621031482668337,0.6686814595642878,0.438466568875781
LOG_RLM,fus_GR_late_lgbm,3,3,922,0.4095110970723197,0.6633167400270388,0.4382173843433041
LOG_RLM,fus_GR_late_lgbm,3,4,922,0.3733548513379976,0.6330484788080765,0.45735348063378084
LOG_RLM,fus_GR_late_lgbm,4,0,922,0.35781763757008866,0.6262497838145307,0.4653605224824809
LOG_RLM,fus_GR_late_lgbm,4,1,922,0.37206419300351934,0.6333175461886023,0.45779536003618737
LOG_RLM,fus_GR_late_lgbm,4,2,922,0.3647303734429249,0.6225064496812963,0.46490372732400664
LOG_RLM,fus_GR_late_lgbm,4,3,922,0.3621004906992181,0.6284386526836828,0.46542755497470145
LOG_RLM,fus_GR_late_lgbm,4,4,922,0.41633571126539026,0.6632165793400814,0.4353590140364888
LOG_RLM,fus_GR_late_rf,0,0,922,0.4204974931885396,0.6711754925547362,0.44031740105090594
LOG_RLM,fus_GR_late_rf,0,1,922,0.37803167322080755,0.6305232803355796,0.45640049411482964
LOG_RLM,fus_GR_late_rf,0,2,922,0.41955013030693344,0.6634743390945183,0.4383504864187083
LOG_RLM,fus_GR_late_rf,0,3,922,0.4239586248372573,0.6648013404834806,0.4427604980401824
LOG_RLM,fus_GR_late_rf,0,4,922,0.423902086290844,0.6715934754075096,0.4342649132363051
LOG_RLM,fus_GR_late_rf,1,0,922,0.4170130069244825,0.6630200876950237,0.4394592564209986
LOG_RLM,fus_GR_late_rf,1,1,922,0.431816242795374,0.6700294041608693,0.4378198723750556
LOG_RLM,fus_GR_late_rf,1,2,922,0.3637717568837532,0.6260816946360604,0.464048340926897
LOG_RLM,fus_GR_late_rf,1,3,922,0.4232518897195624,0.6730457477649309,0.43654043629614847
LOG_RLM,fus_GR_late_rf,1,4,922,0.44730811848838725,0.6834072678197926,0.4311822985902297
LOG_RLM,fus_GR_late_rf,2,0,922,0.460328373262609,0.6912718962087478,0.4271916974976687
LOG_RLM,fus_GR_late_rf,2,1,922,0.41480933657779506,0.6642841334631059,0.4360018226607924
LOG_RLM,fus_GR_late_rf,2,2,922,0.35358065327483945,0.6177225349462075,0.4653189442076002
LOG_RLM,fus_GR_late_rf,2,3,922,0.44634816751612627,0.6843871971938099,0.43002386997270603
LOG_RLM,fus_GR_late_rf,2,4,922,0.35729232385205323,0.6261770910050232,0.46200072171282025
LOG_RLM,fus_GR_late_rf,3,0,922,0.3928238025449472,0.6411332864036977,0.4496259280843604
LOG_RLM,fus_GR_late_rf,3,1,922,0.3800977192393452,0.637447884718469,0.45080175148437834
LOG_RLM,fus_GR_late_rf,3,2,922,0.41030163543340104,0.6622586139203144,0.4427423391707328
LOG_RLM,fus_GR_late_rf,3,3,922,0.39885245130347824,0.657025643553254,0.44239380713158927
LOG_RLM,fus_GR_late_rf,3,4,922,0.3646482628198807,0.6310500814091883,0.4615366562129052
LOG_RLM,fus_GR_late_rf,4,0,922,0.371542435737952,0.6325306936366066,0.46033550830951275
LOG_RLM,fus_GR_late_rf,4,1,922,0.3763598650002642,0.6397721069487012,0.45488529151127877
LOG_RLM,fus_GR_late_rf,4,2,922,0.36344167744665146,0.6204133016644919,0.46700704349427835
LOG_RLM,fus_GR_late_rf,4,3,922,0.36609934235214614,0.6341258639960786,0.46187784910635293
LOG_RLM,fus_GR_late_rf,4,4,922,0.4059345567224859,0.6567360822507722,0.4375587146804046
LOG_RLM,lgbm,0,0,922,0.3835859967891162,0.6200573856749406,0.4735761944071587
LOG_RLM,lgbm,0,1,922,0.4160639606375369,0.6495921337594823,0.45730729529670083
LOG_RLM,lgbm,0,2,922,0.3906444592532148,0.6276937573784898,0.47019474241749126
LOG_RLM,lgbm,0,3,922,0.38477474888269514,0.6221517444380981,0.4712294799754204
LOG_RLM,lgbm,0,4,922,0.3937082903134421,0.6389302417840872,0.46813420732499333
LOG_RLM,lgbm,1,0,922,0.39854137686281377,0.6320148533394909,0.4656651875981922
LOG_RLM,lgbm,1,1,922,0.3912457188064612,0.6281924423180462,0.469799288487001
LOG_RLM,lgbm,1,2,922,0.3920366729851652,0.6262800531469176,0.4668803893254565
LOG_RLM,lgbm,1,3,922,0.3798596988502565,0.6245170503464091,0.4736660002064854
LOG_RLM,lgbm,1,4,922,0.38629939414950587,0.6236237276645576,0.4731034572810606
LOG_RLM,lgbm,2,0,922,0.3834321952739239,0.6240571312428106,0.4728873972658169
LOG_RLM,lgbm,2,1,922,0.3874182572202062,0.6268505314953196,0.4685055267895725
LOG_RLM,lgbm,2,2,922,0.36520950448233047,0.6083144478401307,0.4761060071140804
LOG_RLM,lgbm,2,3,922,0.3905200181339564,0.6284686144236985,0.46672628840343616
LOG_RLM,lgbm,2,4,922,0.3778589103752449,0.6178646566877326,0.47160298021665936
LOG_RLM,lgbm,3,0,922,0.3783785599467894,0.6229901743897843,0.4738374225405109
LOG_RLM,lgbm,3,1,922,0.4072364203627027,0.641285932845733,0.4646748820750999
LOG_RLM,lgbm,3,2,922,0.38828386735508336,0.6200861229576832,0.46969387388291783
LOG_RLM,lgbm,3,3,922,0.386572165406989,0.6259034193007686,0.4712842981157708
LOG_RLM,lgbm,3,4,922,0.4166517550722546,0.6480948148374669,0.4607850270048355
LOG_RLM,lgbm,4,0,922,0.38812990587995044,0.6233344012228698,0.4737852306385659
LOG_RLM,lgbm,4,1,922,0.38635906950676435,0.6249062486136985,0.4719893319090798
LOG_RLM,lgbm,4,2,922,0.382752244879215,0.617046460050822,0.475803537664755
LOG_RLM,lgbm,4,3,922,0.382778814188378,0.6226590252804102,0.4733192627150153
LOG_RLM,lgbm,4,4,922,0.39718260727564225,0.6320431309482891,0.45869741549155113
LOG_RLM,uni_G_attfp,0,0,922,0.49901195915417784,0.7300051875201872,0.4109138891990925
LOG_RLM,uni_G_attfp,0,1,922,0.5050102846315487,0.7167831185290859,0.40865761252794275
LOG_RLM,uni_G_attfp,0,2,922,0.45548226172803785,0.7003416771026533,0.42468984505106244
LOG_RLM,uni_G_attfp,0,3,922,0.47941421715886945,0.7094557243283375,0.41965137348776105
LOG_RLM,uni_G_attfp,0,4,922,0.478303505287236,0.7071000409279241,0.42117633446398184
LOG_RLM,uni_G_attfp,1,0,922,0.4884774044574758,0.7095956720606375,0.41737440056642566
LOG_RLM,uni_G_attfp,1,1,922,0.4693694981847343,0.7142731685530119,0.4237208530373431
LOG_RLM,uni_G_attfp,1,2,922,0.4861387708712569,0.7071054957253947,0.41765400587609053
LOG_RLM,uni_G_attfp,1,3,922,0.45384671153472533,0.6902148455982625,0.4237203860372953
LOG_RLM,uni_G_attfp,1,4,922,0.46098938034485437,0.704611381516697,0.4222465149341393
LOG_RLM,uni_G_attfp,2,0,922,0.4009835947788568,0.6733833708302088,0.4471695845255596
LOG_RLM,uni_G_attfp,2,1,922,0.5171126530521029,0.7274813783746965,0.4015834772662642
LOG_RLM,uni_G_attfp,2,2,922,0.5042112249254775,0.7171640503266128,0.4138011907475714
LOG_RLM,uni_G_attfp,2,3,922,0.4594228880212282,0.6894355297157955,0.4258736815004831
LOG_RLM,uni_G_attfp,2,4,922,0.4957642997273616,0.7150480102757557,0.41224868901095346
LOG_RLM,uni_G_attfp,3,0,922,0.48900460051208383,0.7140299857140855,0.41790819195083956
LOG_RLM,uni_G_attfp,3,1,922,0.42599822103354845,0.6787979085246522,0.44329945685335687
LOG_RLM,uni_G_attfp,3,2,922,0.4759017306204055,0.7038292692844031,0.4182365201069198
LOG_RLM,uni_G_attfp,3,3,922,0.4718666279348507,0.7048606933415456,0.41885985516884183
LOG_RLM,uni_G_attfp,3,4,922,0.45877244827865815,0.6918147943895443,0.42933710160833644
LOG_RLM,uni_G_attfp,4,0,922,0.496862039644844,0.7122621027085366,0.4070709156679957
LOG_RLM,uni_G_attfp,4,1,922,0.4390843618563388,0.667513694641186,0.43967870564139455
LOG_RLM,uni_G_attfp,4,2,922,0.47636653239530413,0.6953384556534459,0.4187986899269262
LOG_RLM,uni_G_attfp,4,3,922,0.4608853094239075,0.6927781560580214,0.42507478186962844
LOG_RLM,uni_G_attfp,4,4,922,0.4899393396441829,0.7101852958288137,0.4122607786001959
LOG_RLM,uni_G_lgbm,0,0,922,0.5147766039536256,0.7316296233071389,0.40741501529700114
LOG_RLM,uni_G_lgbm,0,1,922,0.4968585574646843,0.7128206908060121,0.41136142118393687
LOG_RLM,uni_G_lgbm,0,2,922,0.47180752569301576,0.7010675652077103,0.41861774060758694
LOG_RLM,uni_G_lgbm,0,3,922,0.49127469475844243,0.7101650036516856,0.4139981825205072
LOG_RLM,uni_G_lgbm,0,4,922,0.4835494133077334,0.7103837395505503,0.4167057751108202
LOG_RLM,uni_G_lgbm,1,0,922,0.4762287671091261,0.7007268456303406,0.4218831395631773
LOG_RLM,uni_G_lgbm,1,1,922,0.4898324870673133,0.713626077925263,0.4171597064499624
LOG_RLM,uni_G_lgbm,1,2,922,0.4811581307016336,0.704552064394707,0.4178422142491422
LOG_RLM,uni_G_lgbm,1,3,922,0.45686980060675686,0.689776714196254,0.4234619592454013
LOG_RLM,uni_G_lgbm,1,4,922,0.4794028569807113,0.7043156538239147,0.4178592031609442
LOG_RLM,uni_G_lgbm,2,0,922,0.41593506261909763,0.6645182948719046,0.4463059582442745
LOG_RLM,uni_G_lgbm,2,1,922,0.5151682005896404,0.7258205862581916,0.4020870254948241
LOG_RLM,uni_G_lgbm,2,2,922,0.49873090005055576,0.7131117430597104,0.4169042524443745
LOG_RLM,uni_G_lgbm,2,3,922,0.45663365698305014,0.6834319261812938,0.4266043049866538
LOG_RLM,uni_G_lgbm,2,4,922,0.49277785145038544,0.712306950067355,0.4136397932255603
LOG_RLM,uni_G_lgbm,3,0,922,0.49455507638376817,0.7138295765363009,0.4184810729642933
LOG_RLM,uni_G_lgbm,3,1,922,0.4592455148332506,0.6840930319570433,0.4316473051713437
LOG_RLM,uni_G_lgbm,3,2,922,0.47528084844609575,0.7023401242440392,0.4193394260370471
LOG_RLM,uni_G_lgbm,3,3,922,0.48202074659758665,0.7038532719301097,0.4173243338270533
LOG_RLM,uni_G_lgbm,3,4,922,0.46063748724869913,0.6904516080858228,0.42454898112277306
LOG_RLM,uni_G_lgbm,4,0,922,0.5015755687684483,0.7163115279703142,0.40567277751659814
LOG_RLM,uni_G_lgbm,4,1,922,0.44523890548927214,0.6699519661903717,0.44118610132985686
LOG_RLM,uni_G_lgbm,4,2,922,0.4933709148369295,0.7087730120526737,0.4149419351452902
LOG_RLM,uni_G_lgbm,4,3,922,0.46137744828807614,0.6907480753419407,0.42247733058754267
LOG_RLM,uni_G_lgbm,4,4,922,0.4848435440278124,0.7089181284742272,0.4141281652019668
LOG_RLM,uni_G_rf,0,0,922,0.5072072027923973,0.7314179877263358,0.40658475635329766
LOG_RLM,uni_G_rf,0,1,922,0.500598691387218,0.7189070649717826,0.4065771955321492
LOG_RLM,uni_G_rf,0,2,922,0.4629404476628508,0.7022513067500384,0.4187766544068376
LOG_RLM,uni_G_rf,0,3,922,0.4878454373117551,0.7132604991927911,0.4136240146779887
LOG_RLM,uni_G_rf,0,4,922,0.4775528025819673,0.7104923427010489,0.41581166346218534
LOG_RLM,uni_G_rf,1,0,922,0.4780892264686547,0.7067839844463831,0.41824171564814505
LOG_RLM,uni_G_rf,1,1,922,0.4823849661678995,0.7150583222945698,0.4166525785702733
LOG_RLM,uni_G_rf,1,2,922,0.4833628779867909,0.7085846345429184,0.4145559485721893
LOG_RLM,uni_G_rf,1,3,922,0.44999244659340487,0.6922948242282001,0.42181951421487723
LOG_RLM,uni_G_rf,1,4,922,0.4761956966359244,0.7101756196922892,0.41675780879697727
LOG_RLM,uni_G_rf,2,0,922,0.4155243183919619,0.6715524588656829,0.44228514948411957
LOG_RLM,uni_G_rf,2,1,922,0.5135075505812359,0.7304171319864802,0.39732312707751627
LOG_RLM,uni_G_rf,2,2,922,0.5033429174833619,0.7198071295381484,0.41245267276855657
LOG_RLM,uni_G_rf,2,3,922,0.4540905372714128,0.6881593446058517,0.4238960837807096
LOG_RLM,uni_G_rf,2,4,922,0.49377223378220736,0.715834903117069,0.41054363274309635
LOG_RLM,uni_G_rf,3,0,922,0.4898821243073437,0.7142010533724052,0.41724287691200457
LOG_RLM,uni_G_rf,3,1,922,0.4580503378685038,0.6852715043415146,0.4293663449310241
LOG_RLM,uni_G_rf,3,2,922,0.4710816984468238,0.7051940209401379,0.4160702447100132
LOG_RLM,uni_G_rf,3,3,922,0.47662156279462997,0.706257864633593,0.41564987837121703
LOG_RLM,uni_G_rf,3,4,922,0.46011948053495133,0.6968080868815579,0.4224922552853406
LOG_RLM,uni_G_rf,4,0,922,0.4997028510397097,0.7179998601368173,0.40257413859395014
LOG_RLM,uni_G_rf,4,1,922,0.4475654112017332,0.6735746028522125,0.4369387030584058
LOG_RLM,uni_G_rf,4,2,922,0.4873467589763736,0.70486960335483,0.41368207843021654
LOG_RLM,uni_G_rf,4,3,922,0.46327499729959,0.695342470139225,0.41791892388702606
LOG_RLM,uni_G_rf,4,4,922,0.4851164365964923,0.715148142583259,0.41112548868134363
LOG_RLM,uni_M_lgbm,0,0,922,0.36420121022539254,0.6035272677935208,0.4771694316303618
LOG_RLM,uni_M_lgbm,0,1,922,0.3632284048119597,0.5997633732507613,0.4800914344732132
LOG_RLM,uni_M_lgbm,0,2,922,0.32472046897063367,0.569371907736461,0.4881465035498216
LOG_RLM,uni_M_lgbm,0,3,922,0.3690045812863604,0.6088176092697336,0.4745467964320745
LOG_RLM,uni_M_lgbm,0,4,922,0.33337262427362246,0.5791356198460331,0.49130934305725993
LOG_RLM,uni_M_lgbm,1,0,922,0.36243782266224145,0.6056879651763235,0.4791752133187805
LOG_RLM,uni_M_lgbm,1,1,922,0.3694420143139582,0.6087581810897584,0.4770174507850775
LOG_RLM,uni_M_lgbm,1,2,922,0.3653369138151429,0.6002995216188188,0.4749700216667466
LOG_RLM,uni_M_lgbm,1,3,922,0.35855503085496176,0.6024562504832218,0.48029586256833684
LOG_RLM,uni_M_lgbm,1,4,922,0.3417777124192184,0.5904820276575741,0.48904582599504304
LOG_RLM,uni_M_lgbm,2,0,922,0.36113536889385967,0.6060999326278906,0.4844608772559122
LOG_RLM,uni_M_lgbm,2,1,922,0.3551588464059877,0.5982220022365307,0.47647366654113493
LOG_RLM,uni_M_lgbm,2,2,922,0.35210405694802394,0.5976386913216215,0.4779683566541293
LOG_RLM,uni_M_lgbm,2,3,922,0.3561646073435306,0.5939969857749201,0.4803936114080627
LOG_RLM,uni_M_lgbm,2,4,922,0.3403826536778619,0.5820424446553902,0.487730745776645
LOG_RLM,uni_M_lgbm,3,0,922,0.357260978136706,0.5995922213182299,0.4834122480539354
LOG_RLM,uni_M_lgbm,3,1,922,0.3635648363981393,0.6016691661080857,0.4772187780373159
LOG_RLM,uni_M_lgbm,3,2,922,0.3922709240703762,0.624971540028389,0.46734798368702607
LOG_RLM,uni_M_lgbm,3,3,922,0.3122516524325142,0.566893951057416,0.4959811921044521
LOG_RLM,uni_M_lgbm,3,4,922,0.35371451935780995,0.5931098150592922,0.48306546136791384
LOG_RLM,uni_M_lgbm,4,0,922,0.37015099334181545,0.6097364055528409,0.47616035952574826
LOG_RLM,uni_M_lgbm,4,1,922,0.37127767104500664,0.6116074470598538,0.4753354170905448
LOG_RLM,uni_M_lgbm,4,2,922,0.35441130811757415,0.6037585604006436,0.4851532994402625
LOG_RLM,uni_M_lgbm,4,3,922,0.350914823553063,0.5943303872878968,0.4788325276533245
LOG_RLM,uni_M_lgbm,4,4,922,0.383595658512886,0.6190803817211599,0.46961540390309586
LOG_RLM,uni_M_rf,0,0,922,0.3268991168703089,0.601478623596269,0.4980007963139148
LOG_RLM,uni_M_rf,0,1,922,0.3213067067762445,0.6012695638856639,0.502049741850954
LOG_RLM,uni_M_rf,0,2,922,0.31208387835934537,0.5784231252298552,0.5040766267848974
LOG_RLM,uni_M_rf,0,3,922,0.2972902736542954,0.5628520916795577,0.5082165988893307
LOG_RLM,uni_M_rf,0,4,922,0.30733813933226184,0.5755479106655126,0.5056737953690504
LOG_RLM,uni_M_rf,1,0,922,0.30579417524891417,0.579105151124651,0.5057248372581615
LOG_RLM,uni_M_rf,1,1,922,0.3198681078351808,0.583099357636782,0.501871093993101
LOG_RLM,uni_M_rf,1,2,922,0.31743975362562493,0.5837383197440774,0.5024536405722736
LOG_RLM,uni_M_rf,1,3,922,0.31359508559991556,0.5865249168328789,0.5042939998610886
LOG_RLM,uni_M_rf,1,4,922,0.31012628252675967,0.5803248576339908,0.5043012180211225
LOG_RLM,uni_M_rf,2,0,922,0.30234119088907074,0.5741349419068427,0.5080995884480807
LOG_RLM,uni_M_rf,2,1,922,0.31303433412880655,0.5831253445371914,0.5055620895660655
LOG_RLM,uni_M_rf,2,2,922,0.3214912141869566,0.5891451655818838,0.5005816659476894
LOG_RLM,uni_M_rf,2,3,922,0.320034959967752,0.5941632728248571,0.5030172662260488
LOG_RLM,uni_M_rf,2,4,922,0.32052844985745466,0.5953770035728999,0.49965555365296
LOG_RLM,uni_M_rf,3,0,922,0.30019234667714545,0.5711087014675676,0.5110906963140812
LOG_RLM,uni_M_rf,3,1,922,0.31580048685440276,0.5894434480053921,0.503755840462504
LOG_RLM,uni_M_rf,3,2,922,0.30843130500105276,0.5711370173826363,0.5047671795401315
LOG_RLM,uni_M_rf,3,3,922,0.3184617351392588,0.58849757692687,0.5007159341886998
LOG_RLM,uni_M_rf,3,4,922,0.305176946462397,0.5709105283682485,0.5080804710735403
LOG_RLM,uni_M_rf,4,0,922,0.31764402543777814,0.5866687717942549,0.5013723471200627
LOG_RLM,uni_M_rf,4,1,922,0.3167922352209913,0.5831183038645863,0.5027115997368311
LOG_RLM,uni_M_rf,4,2,922,0.3120866701456102,0.5864263320939436,0.5059142011433789
LOG_RLM,uni_M_rf,4,3,922,0.3103794767907556,0.5767858049406459,0.5058946587623486
LOG_RLM,uni_M_rf,4,4,922,0.3197771076196031,0.582985542367772,0.5019288617719202
LOG_RLM,uni_R_lgbm,0,0,922,0.41551844741704436,0.646598185426368,0.4519113736938154
LOG_RLM,uni_R_lgbm,0,1,922,0.41940594600763936,0.6446856200468941,0.4499099236482746
LOG_RLM,uni_R_lgbm,0,2,922,0.4264379542057304,0.6486731765940114,0.4462637588575747
LOG_RLM,uni_R_lgbm,0,3,922,0.4222836655909685,0.6463912248942415,0.4495802206319174
LOG_RLM,uni_R_lgbm,0,4,922,0.4285636610129743,0.6573902494015171,0.4440839824450049
LOG_RLM,uni_R_lgbm,1,0,922,0.4337990843628803,0.6559080690747295,0.44241317746584397
LOG_RLM,uni_R_lgbm,1,1,922,0.4431610137679647,0.6629159387930503,0.44599468730307373
LOG_RLM,uni_R_lgbm,1,2,922,0.42412680315270235,0.6465079361086642,0.44916405774101975
LOG_RLM,uni_R_lgbm,1,3,922,0.4427868814859164,0.6694583835681244,0.4402000313051078
LOG_RLM,uni_R_lgbm,1,4,922,0.43383305131941985,0.6586777195067903,0.4418443068269839
LOG_RLM,uni_R_lgbm,2,0,922,0.4261979470316062,0.6475928662129072,0.4453733977507981
LOG_RLM,uni_R_lgbm,2,1,922,0.4434345217516402,0.6679008703431212,0.43763820133727066
LOG_RLM,uni_R_lgbm,2,2,922,0.4315105507024414,0.6550577259066572,0.4449413133069145
LOG_RLM,uni_R_lgbm,2,3,922,0.42375325034051103,0.6485472489170081,0.4488250032449606
LOG_RLM,uni_R_lgbm,2,4,922,0.4233366749439009,0.6521280476521691,0.44756772726798416
LOG_RLM,uni_R_lgbm,3,0,922,0.44697546602585003,0.6691938948418862,0.43779600965667914
LOG_RLM,uni_R_lgbm,3,1,922,0.4373480175467567,0.6628358227484239,0.4373762862785193
LOG_RLM,uni_R_lgbm,3,2,922,0.4253208129187479,0.6501508061487516,0.44495655908264603
LOG_RLM,uni_R_lgbm,3,3,922,0.4327316307067327,0.6548182051368194,0.439525899831178
LOG_RLM,uni_R_lgbm,3,4,922,0.41625319672178973,0.6443279707346391,0.4514631621472735
LOG_RLM,uni_R_lgbm,4,0,922,0.43130841959262256,0.6550872752800344,0.4432047356821146
LOG_RLM,uni_R_lgbm,4,1,922,0.451280345010028,0.6731227280426367,0.4361914467161868
LOG_RLM,uni_R_lgbm,4,2,922,0.42541563668943216,0.6505276085420134,0.4503833286274045
LOG_RLM,uni_R_lgbm,4,3,922,0.42669752833335894,0.6551026998483462,0.44715976645649663
LOG_RLM,uni_R_lgbm,4,4,922,0.4298391160855328,0.6537580309768077,0.43719671462295595
LOG_RLM,uni_R_rf,0,0,922,0.4017278563422405,0.6334207890814069,0.46058391359562356
LOG_RLM,uni_R_rf,0,1,922,0.407452023800671,0.6391305293827909,0.4585688106131399
LOG_RLM,uni_R_rf,0,2,922,0.40769417738922054,0.6357853058827806,0.4572917156712418
LOG_RLM,uni_R_rf,0,3,922,0.3990804162155104,0.6337783234751758,0.46117587393060194
LOG_RLM,uni_R_rf,0,4,922,0.403371046740471,0.637431972869254,0.4622946729414154
LOG_RLM,uni_R_rf,1,0,922,0.4035953273887839,0.6339625914369255,0.46181920866106285
LOG_RLM,uni_R_rf,1,1,922,0.4033004838197234,0.6332558810539388,0.46029613418210413
LOG_RLM,uni_R_rf,1,2,922,0.39455099521654513,0.6271644964604144,0.4634681939866486
LOG_RLM,uni_R_rf,1,3,922,0.4037710981872713,0.6385103296360954,0.459812107705423
LOG_RLM,uni_R_rf,1,4,922,0.39733581120564365,0.6268645515506165,0.4601569542953688
LOG_RLM,uni_R_rf,2,0,922,0.3908273235484926,0.6236275736032239,0.4672505920909979
LOG_RLM,uni_R_rf,2,1,922,0.4042764444339938,0.6368652255410321,0.4555794059589642
LOG_RLM,uni_R_rf,2,2,922,0.4064119259129595,0.6381836929926065,0.45627065089426794
LOG_RLM,uni_R_rf,2,3,922,0.39178692854421693,0.6224772242354942,0.46420814691737533
LOG_RLM,uni_R_rf,2,4,922,0.40937182669851313,0.6409566300933679,0.45887201894272234
LOG_RLM,uni_R_rf,3,0,922,0.40717263952479255,0.6440607546096653,0.458647711683693
LOG_RLM,uni_R_rf,3,1,922,0.41014843374139376,0.6416677303625213,0.4562029235505152
LOG_RLM,uni_R_rf,3,2,922,0.3825398478835611,0.6127837426807294,0.46718811271255967
LOG_RLM,uni_R_rf,3,3,922,0.4066722938508991,0.6310654810813812,0.4571089541213069
LOG_RLM,uni_R_rf,3,4,922,0.39316700041508823,0.6252430440513533,0.46411090683422995
LOG_RLM,uni_R_rf,4,0,922,0.4037907116392708,0.6347633281251904,0.45962035925640987
LOG_RLM,uni_R_rf,4,1,922,0.41283005682098506,0.6396696732906657,0.455391326287717
LOG_RLM,uni_R_rf,4,2,922,0.38315409133376543,0.6203280033871011,0.4690455172385847
LOG_RLM,uni_R_rf,4,3,922,0.40247058508403233,0.6298487624573471,0.46065040778345445
LOG_RLM,uni_R_rf,4,4,922,0.40594236415230944,0.6359966946072357,0.45462493288747285
LOG_RLM,uni_S_lgbm,0,0,922,0.2367387147274863,0.5696210181899268,0.5169381341780993
LOG_RLM,uni_S_lgbm,0,1,922,0.2208721694078688,0.5562897996207845,0.5133253287123232
LOG_RLM,uni_S_lgbm,0,2,922,0.2990222063480522,0.5978669477922927,0.49141477385919313
LOG_RLM,uni_S_lgbm,0,3,922,0.27054309725215653,0.5770382578717459,0.5010484022345492
LOG_RLM,uni_S_lgbm,0,4,922,0.22276603087587765,0.5512499191745301,0.5203469613790456
LOG_RLM,uni_S_lgbm,1,0,922,0.2366509836606887,0.5563784477409162,0.5111695250617859
LOG_RLM,uni_S_lgbm,1,1,922,0.2882252676731927,0.5899731050513861,0.4970771997265343
LOG_RLM,uni_S_lgbm,1,2,922,0.3437110533385481,0.5931441197877915,0.47936263715178873
LOG_RLM,uni_S_lgbm,1,3,922,0.32411868009452727,0.580913506204388,0.48855956629582037
LOG_RLM,uni_S_lgbm,1,4,922,0.3282030039985364,0.5907180143391326,0.4781597296435021
LOG_RLM,uni_S_lgbm,2,0,922,0.27588802111902233,0.5835445879259811,0.49824162890128604
LOG_RLM,uni_S_lgbm,2,1,922,0.29183016826079744,0.5769230154052605,0.4934189374264725
LOG_RLM,uni_S_lgbm,2,2,922,0.3142175164337081,0.5857910374747968,0.4887578015274755
LOG_RLM,uni_S_lgbm,2,3,922,0.3140964544765146,0.582562525189209,0.4880982418808017
LOG_RLM,uni_S_lgbm,2,4,922,0.3090214468846021,0.5900283294729498,0.4846923503586145
LOG_RLM,uni_S_lgbm,3,0,922,0.3462115107725309,0.60542296082917,0.4836692113041256
LOG_RLM,uni_S_lgbm,3,1,922,0.35409446153313817,0.6021253442273099,0.4749986909675361
LOG_RLM,uni_S_lgbm,3,2,922,0.23949089193725848,0.5606237970971517,0.5029318859454027
LOG_RLM,uni_S_lgbm,3,3,922,0.23654770165889116,0.5671718359607963,0.5091298234763626
LOG_RLM,uni_S_lgbm,3,4,922,0.29492290864082726,0.5905125554085571,0.493929405738181
LOG_RLM,uni_S_lgbm,4,0,922,0.3321701000548505,0.5948319222078265,0.47963719431981877
LOG_RLM,uni_S_lgbm,4,1,922,0.3305004716996812,0.6032753105334194,0.47982640838106366
LOG_RLM,uni_S_lgbm,4,2,922,0.32243300846429135,0.5857625147065616,0.4823404774903504
LOG_RLM,uni_S_lgbm,4,3,922,0.25011899392038806,0.5697205299376055,0.5102923098553059
LOG_RLM,uni_S_lgbm,4,4,922,0.32686957743899225,0.5893221224728966,0.4796301179842708
LOG_RLM,uni_S_rf,0,0,922,0.26447624101135936,0.5718729455199105,0.5060103841910238
LOG_RLM,uni_S_rf,0,1,922,0.2517149439770009,0.5601768561212431,0.5065000762286639
LOG_RLM,uni_S_rf,0,2,922,0.3148561003619086,0.5970994302077257,0.4837861454798343
LOG_RLM,uni_S_rf,0,3,922,0.2993049481524358,0.5873224948483985,0.49389275562504004
LOG_RLM,uni_S_rf,0,4,922,0.2629466655119236,0.5625012204035943,0.5071758810279514
LOG_RLM,uni_S_rf,1,0,922,0.2631838508384262,0.5617093171162897,0.5017768724446497
LOG_RLM,uni_S_rf,1,1,922,0.319155543187848,0.5966856930130505,0.48899253891822514
LOG_RLM,uni_S_rf,1,2,922,0.36346946373891464,0.6096447748794644,0.472513149503812
LOG_RLM,uni_S_rf,1,3,922,0.33138453904720055,0.5833309621216642,0.48694416346492153
LOG_RLM,uni_S_rf,1,4,922,0.3508694123761653,0.601944608093698,0.47531437315210734
LOG_RLM,uni_S_rf,2,0,922,0.29192400495620763,0.5847587400371602,0.4910144557681554
LOG_RLM,uni_S_rf,2,1,922,0.31998608071570267,0.5843279182942271,0.4844299533266726
LOG_RLM,uni_S_rf,2,2,922,0.33305836491922625,0.5949217019135622,0.48464927919166195
LOG_RLM,uni_S_rf,2,3,922,0.3265768647707259,0.5844774885344249,0.487411159477445
LOG_RLM,uni_S_rf,2,4,922,0.3322999588953226,0.6000096872380731,0.47811158962766376
LOG_RLM,uni_S_rf,3,0,922,0.3567645996840946,0.6045422408746208,0.48178602667452103
LOG_RLM,uni_S_rf,3,1,922,0.3708586452861353,0.614240142960482,0.469737648246267
LOG_RLM,uni_S_rf,3,2,922,0.2683959134247461,0.5662126431512211,0.49106643678702433
LOG_RLM,uni_S_rf,3,3,922,0.2596240003646708,0.5681923898776343,0.5040014719372826
LOG_RLM,uni_S_rf,3,4,922,0.3181740101586369,0.5910108649477256,0.4873986911799107
LOG_RLM,uni_S_rf,4,0,922,0.3495586611031697,0.6011221135054093,0.47374092335774787
LOG_RLM,uni_S_rf,4,1,922,0.34122097595189427,0.6040569171243748,0.47709528578839827
LOG_RLM,uni_S_rf,4,2,922,0.33939778966126277,0.5945483087687197,0.4781022058816499
LOG_RLM,uni_S_rf,4,3,922,0.2766249455798089,0.5741556786653855,0.5010613810161909
LOG_RLM,uni_S_rf,4,4,922,0.339642754539383,0.5976748270673302,0.4758802058202368
LOG_RPPB,chemeleon,0,0,59,0.20528923123649445,0.5138298339215056,0.5454934483559323
LOG_RPPB,chemeleon,0,1,59,0.20547677501203898,0.5462967022310543,0.534888258059322
LOG_RPPB,chemeleon,0,2,59,0.11892135341684928,0.47122254859718354,0.5597694805932205
LOG_RPPB,chemeleon,0,3,59,0.06727072361147657,0.5191776619148877,0.5907017929322034
LOG_RPPB,chemeleon,0,4,59,0.12852687815127073,0.5096801531834716,0.5664408744745763
LOG_RPPB,chemeleon,1,0,59,0.1917606883909092,0.4966758719973787,0.5376264641355932
LOG_RPPB,chemeleon,1,1,59,0.10965723536612704,0.5009132220467798,0.5628492938135593
LOG_RPPB,chemeleon,1,2,59,0.24153611096780558,0.5352795921026117,0.5456136885169491
LOG_RPPB,chemeleon,1,3,59,0.1422218548712978,0.5098262687024164,0.5407143162830509
LOG_RPPB,chemeleon,1,4,59,0.19817956529036707,0.5391662649065451,0.5294158707627119
LOG_RPPB,chemeleon,2,0,59,0.2366693875761675,0.5586580751337896,0.5379833967559322
LOG_RPPB,chemeleon,2,1,59,0.16870318157348319,0.5094755914569489,0.539984157559322
LOG_RPPB,chemeleon,2,2,59,0.14285392844378153,0.4639167726499404,0.5679514225084747
LOG_RPPB,chemeleon,2,3,59,0.12000195496815713,0.46441356541435297,0.5602637531186441
LOG_RPPB,chemeleon,2,4,59,0.055577690551843806,0.4464998027917127,0.605266546644068
LOG_RPPB,chemeleon,3,0,59,0.15504542006973687,0.5164014670549352,0.5461675299491526
LOG_RPPB,chemeleon,3,1,59,0.12910509443140072,0.5010301144619357,0.5523030734915254
LOG_RPPB,chemeleon,3,2,59,0.1529666333710099,0.5344028989889424,0.5574086417118645
LOG_RPPB,chemeleon,3,3,59,0.2041493909394454,0.5064363886628956,0.5267644937118644
LOG_RPPB,chemeleon,3,4,59,0.08860646394210381,0.49053902020169443,0.5850186740762711
LOG_RPPB,chemeleon,4,0,59,0.15265897331743417,0.5120764476941673,0.5398145864796611
LOG_RPPB,chemeleon,4,1,59,0.2807288064849228,0.5820073350611787,0.5046977366949152
LOG_RPPB,chemeleon,4,2,59,0.21478458544209555,0.5266295533810756,0.5496202407864407
LOG_RPPB,chemeleon,4,3,59,0.03155202358003362,0.480310933875554,0.5930285109661017
LOG_RPPB,chemeleon,4,4,59,0.10988889289556769,0.5298733179016516,0.5547410021694916
LOG_RPPB,chemprop,0,0,59,0.1502411794826174,0.437674425447443,0.5535963825254238
LOG_RPPB,chemprop,0,1,59,0.10558326193084921,0.4646765733484537,0.5615938658728814
LOG_RPPB,chemprop,0,2,59,0.03985493664031503,0.43814199510806656,0.5694139731186442
LOG_RPPB,chemprop,0,3,59,0.11608198538528214,0.48092461905512246,0.5714407949779661
LOG_RPPB,chemprop,0,4,59,0.1467398694572838,0.48200587389531446,0.5773947212711865
LOG_RPPB,chemprop,1,0,59,0.06772906234343246,0.35342421722383494,0.5819650723898306
LOG_RPPB,chemprop,1,1,59,0.07806383740172262,0.42686187704552314,0.5627862394576271
LOG_RPPB,chemprop,1,2,59,0.15875122073463654,0.4424670144688346,0.5596787545593219
LOG_RPPB,chemprop,1,3,59,0.1904885719190309,0.4972311109693691,0.5428516837627119
LOG_RPPB,chemprop,1,4,59,-0.017538583834836752,0.4744663131177595,0.627089604423729
LOG_RPPB,chemprop,2,0,59,0.01613369929637065,0.38977775833731687,0.5924942920508474
LOG_RPPB,chemprop,2,1,59,0.06554238297317516,0.4368561785413518,0.5668269312033899
LOG_RPPB,chemprop,2,2,59,0.1532476290855923,0.4263943073848996,0.5569871806440678
LOG_RPPB,chemprop,2,3,59,0.1012642520476702,0.43402153747382144,0.5923486213898306
LOG_RPPB,chemprop,2,4,59,0.16298462832061122,0.4927599760896564,0.5592729771186442
LOG_RPPB,chemprop,3,0,59,0.11193603791730877,0.5003287599710002,0.5827975115932202
LOG_RPPB,chemprop,3,1,59,0.18733946708386828,0.5148234194503307,0.5418826749661017
LOG_RPPB,chemprop,3,2,59,0.01607739925288698,0.43232659745406105,0.6076257377932205
LOG_RPPB,chemprop,3,3,59,0.1589379110018726,0.42557606047880836,0.5690953633898305
LOG_RPPB,chemprop,3,4,59,0.13566171619196532,0.40976636132897415,0.556663258059322
LOG_RPPB,chemprop,4,0,59,0.1071489968707795,0.44530165553636486,0.5791254912135595
LOG_RPPB,chemprop,4,1,59,0.08152370678264986,0.44413273138480597,0.5940402079999999
LOG_RPPB,chemprop,4,2,59,0.1735708890986153,0.4903344584751717,0.5486898698983051
LOG_RPPB,chemprop,4,3,59,0.1431063256244023,0.46777422235008487,0.5528589960677966
LOG_RPPB,chemprop,4,4,59,0.13955612042183074,0.5087450138622244,0.5596779908898304
LOG_RPPB,chemprop_st,0,0,59,-0.10357875785644488,0.15669428251647122,0.6439648488813561
LOG_RPPB,chemprop_st,0,1,59,0.02252615829894955,0.30783617531303764,0.6450717609830509
LOG_RPPB,chemprop_st,0,2,59,-0.060513940795989374,0.21914405531350573,0.6302913435254237
LOG_RPPB,chemprop_st,0,3,59,-0.03947008274230712,0.20900363829873222,0.6233702206440679
LOG_RPPB,chemprop_st,0,4,59,0.04570748581096029,0.2599395082029115,0.63152596579661
LOG_RPPB,chemprop_st,1,0,59,0.031372207997859225,0.22308917432501701,0.6329598721355932
LOG_RPPB,chemprop_st,1,1,59,-0.05734497226735025,0.1566066132051043,0.6350011104406779
LOG_RPPB,chemprop_st,1,2,59,-0.0032111939492960317,0.2371162641437239,0.6220282885254237
LOG_RPPB,chemprop_st,1,3,59,0.038228538555409974,0.2943935475701102,0.6174781587118644
LOG_RPPB,chemprop_st,1,4,59,0.017777127735354226,0.19342772397920982,0.6268115093559322
LOG_RPPB,chemprop_st,2,0,59,0.01803030791523974,0.40073642225818157,0.6492219257288135
LOG_RPPB,chemprop_st,2,1,59,0.027124401656033248,0.2286707871487108,0.6265575191186441
LOG_RPPB,chemprop_st,2,2,59,-0.015398537935268575,0.23054106579120504,0.6232379477118645
LOG_RPPB,chemprop_st,2,3,59,0.028669762396694498,0.211370709705639,0.6310835610847458
LOG_RPPB,chemprop_st,2,4,59,-0.0031660534397748297,0.2511725770662197,0.6190822899661017
LOG_RPPB,chemprop_st,3,0,59,0.018475761419505132,0.21923172462487264,0.6294811124406778
LOG_RPPB,chemprop_st,3,1,59,0.02868993157512345,0.25453323400195155,0.6156122891864405
LOG_RPPB,chemprop_st,3,2,59,0.005533207953131947,0.40514911093031647,0.6539123239661018
LOG_RPPB,chemprop_st,3,3,59,0.06087828978623566,0.29220181478593726,0.6293526322033898
LOG_RPPB,chemprop_st,3,4,59,-0.017071383358549852,0.21832580840741445,0.6329534820677966
LOG_RPPB,chemprop_st,4,0,59,-0.038598286935566994,0.2097634389972455,0.6300719545423729
LOG_RPPB,chemprop_st,4,1,59,-0.02044425182140497,0.23705781793614594,0.6222769739135594
LOG_RPPB,chemprop_st,4,2,59,0.03242223706668945,0.27098584143514315,0.6117604108135593
LOG_RPPB,chemprop_st,4,3,59,-0.05374102303488426,0.2089159689873653,0.625778323710678
LOG_RPPB,chemprop_st,4,4,59,-0.09607542113464107,0.19190812258218323,0.6337458475762712
LOG_RPPB,fus_GRMS_early_attfp,0,0,59,-0.007421317240848824,0.45702012015574284,0.6197121674531463
LOG_RPPB,fus_GRMS_early_attfp,0,1,59,0.1498268098347061,0.6422945981778293,0.5391452460397719
LOG_RPPB,fus_GRMS_early_attfp,0,2,59,-0.16877338404095288,0.38723534830767625,0.6507096939695985
LOG_RPPB,fus_GRMS_early_attfp,0,3,59,0.22387690988587738,0.5378220021322522,0.5688404222774057
LOG_RPPB,fus_GRMS_early_attfp,0,4,59,0.23868524098363075,0.5918262979342735,0.4993893482189743
LOG_RPPB,fus_GRMS_early_attfp,1,0,59,0.22089959689826288,0.6066716346590717,0.528385325944685
LOG_RPPB,fus_GRMS_early_attfp,1,1,59,0.3381150970046599,0.6017329301187353,0.5203235988627962
LOG_RPPB,fus_GRMS_early_attfp,1,2,59,0.23997435527213973,0.5870337089128822,0.5342921648301884
LOG_RPPB,fus_GRMS_early_attfp,1,3,59,-0.08077630618575093,0.43004719535852115,0.593564037887793
LOG_RPPB,fus_GRMS_early_attfp,1,4,59,-0.01940498838446736,0.4594748608740166,0.5814215423480301
LOG_RPPB,fus_GRMS_early_attfp,2,0,59,0.19754066931994352,0.5659346279772438,0.549048722460607
LOG_RPPB,fus_GRMS_early_attfp,2,1,59,0.2424037306344783,0.5988106197398381,0.5297974122293418
LOG_RPPB,fus_GRMS_early_attfp,2,2,59,-0.13886902219959474,0.37469863678220694,0.6198708678085066
LOG_RPPB,fus_GRMS_early_attfp,2,3,59,-0.21978631005928695,0.31949619372483773,0.6572726173528843
LOG_RPPB,fus_GRMS_early_attfp,2,4,59,0.010343652287862382,0.5527842312722061,0.6120177135448387
LOG_RPPB,fus_GRMS_early_attfp,3,0,59,-0.09484374043361421,0.41800727659746445,0.6260657138488062
LOG_RPPB,fus_GRMS_early_attfp,3,1,59,-0.007292532298951215,0.42627741496974364,0.6292042383456351
LOG_RPPB,fus_GRMS_early_attfp,3,2,59,-0.12123728238844977,0.15444410352472032,0.7055752768762305
LOG_RPPB,fus_GRMS_early_attfp,3,3,59,0.39815650048803486,0.6484898961810915,0.4858230620185436
LOG_RPPB,fus_GRMS_early_attfp,3,4,59,0.028043620197903074,0.5409780973414612,0.5921922522934778
LOG_RPPB,fus_GRMS_early_attfp,4,0,59,0.12724362711851722,0.5471733953447235,0.5516467924887848
LOG_RPPB,fus_GRMS_early_attfp,4,1,59,0.19795023343118223,0.5112289776842871,0.531305537729919
LOG_RPPB,fus_GRMS_early_attfp,4,2,59,0.22800011679036636,0.5983138269754255,0.5383738673109336
LOG_RPPB,fus_GRMS_early_attfp,4,3,59,0.2389304253766652,0.5993950818156175,0.5358403834247216
LOG_RPPB,fus_GRMS_early_attfp,4,4,59,0.17846157649918548,0.5452154473908623,0.5219946109946447
LOG_RPPB,fus_GRMS_early_lgbm,0,0,59,0.27123240384740865,0.569186709138198,0.5210935815458296
LOG_RPPB,fus_GRMS_early_lgbm,0,1,59,-0.10412684831423014,0.4282416201525468,0.6039870376560698
LOG_RPPB,fus_GRMS_early_lgbm,0,2,59,0.15524886034685204,0.5071961893614089,0.548712883466481
LOG_RPPB,fus_GRMS_early_lgbm,0,3,59,-0.012004683519997839,0.4330279519449963,0.6002417160903345
LOG_RPPB,fus_GRMS_early_lgbm,0,4,59,0.08245888753810182,0.4559388653155509,0.5834098558052376
LOG_RPPB,fus_GRMS_early_lgbm,1,0,59,0.053146115954217144,0.4157863207095025,0.5756430230558499
LOG_RPPB,fus_GRMS_early_lgbm,1,1,59,0.009684055335133834,0.4552375108246156,0.5949803387547006
LOG_RPPB,fus_GRMS_early_lgbm,1,2,59,0.07337196750534758,0.4291997253486409,0.6045229237991058
LOG_RPPB,fus_GRMS_early_lgbm,1,3,59,0.13568814358218162,0.4986045968474509,0.5610081892733965
LOG_RPPB,fus_GRMS_early_lgbm,1,4,59,-0.07329587977974161,0.45354257080485516,0.6206429927659304
LOG_RPPB,fus_GRMS_early_lgbm,2,0,59,0.11806426886572774,0.49582840198749856,0.5635507989347165
LOG_RPPB,fus_GRMS_early_lgbm,2,1,59,0.13673661959014216,0.49703381162512045,0.5653132207795596
LOG_RPPB,fus_GRMS_early_lgbm,2,2,59,0.031248840119345034,0.4511462762941593,0.5851400940175927
LOG_RPPB,fus_GRMS_early_lgbm,2,3,59,-0.0548570598455389,0.37616528829013113,0.6110723366637246
LOG_RPPB,fus_GRMS_early_lgbm,2,4,59,0.16110320608964412,0.5577603086004851,0.5557460077661981
LOG_RPPB,fus_GRMS_early_lgbm,3,0,59,-0.016635051639570353,0.4390771344293137,0.60610795362692
LOG_RPPB,fus_GRMS_early_lgbm,3,1,59,0.05976212361272848,0.4876751560303752,0.5572007705025924
LOG_RPPB,fus_GRMS_early_lgbm,3,2,59,0.03799451120728348,0.4524387036441742,0.578744183249381
LOG_RPPB,fus_GRMS_early_lgbm,3,3,59,0.03627309768444398,0.428060024300871,0.5743191531681985
LOG_RPPB,fus_GRMS_early_lgbm,3,4,59,0.1458249404513382,0.5351042534798778,0.5342568387905626
LOG_RPPB,fus_GRMS_early_lgbm,4,0,59,0.03823876496197132,0.4780092930827902,0.5739488024656305
LOG_RPPB,fus_GRMS_early_lgbm,4,1,59,0.03971218407419097,0.4512405388819076,0.5906385142232329
LOG_RPPB,fus_GRMS_early_lgbm,4,2,59,0.1259173369824439,0.4715147796350732,0.582890689207519
LOG_RPPB,fus_GRMS_early_lgbm,4,3,59,-0.012153520596999146,0.41584476691708044,0.6067556249338864
LOG_RPPB,fus_GRMS_early_lgbm,4,4,59,0.010474591083738938,0.40722395129933353,0.5881231495608618
LOG_RPPB,fus_GRMS_early_rf,0,0,59,0.27361599876397935,0.6006224521747544,0.524882409153288
LOG_RPPB,fus_GRMS_early_rf,0,1,59,-0.04005113137436034,0.4182763961541833,0.5900524856206093
LOG_RPPB,fus_GRMS_early_rf,0,2,59,0.15441401333015836,0.48530808462346836,0.5737757393652954
LOG_RPPB,fus_GRMS_early_rf,0,3,59,0.02003339403231541,0.39410853619334285,0.5938526497480412
LOG_RPPB,fus_GRMS_early_rf,0,4,59,0.0968982970767095,0.3858967240421987,0.571728958844895
LOG_RPPB,fus_GRMS_early_rf,1,0,59,0.05399175573627657,0.370875829217686,0.5882609489698699
LOG_RPPB,fus_GRMS_early_rf,1,1,59,-0.09222232140389308,0.35243578129109554,0.6366452750071662
LOG_RPPB,fus_GRMS_early_rf,1,2,59,0.13061973257674386,0.49650053337464484,0.5806974354286019
LOG_RPPB,fus_GRMS_early_rf,1,3,59,0.15932860946558336,0.47122254859718354,0.5712902724486651
LOG_RPPB,fus_GRMS_early_rf,1,4,59,-0.030577335225120406,0.3699352708646045,0.5886053516021753
LOG_RPPB,fus_GRMS_early_rf,2,0,59,0.010715716108582685,0.3858967240421987,0.5953460699522674
LOG_RPPB,fus_GRMS_early_rf,2,1,59,0.1336969899245274,0.4239165375960723,0.5751541379288229
LOG_RPPB,fus_GRMS_early_rf,2,2,59,-0.0458918310144949,0.4380835489004886,0.5898076300098103
LOG_RPPB,fus_GRMS_early_rf,2,3,59,-0.11295116883381096,0.3835880651100265,0.6224525752442593
LOG_RPPB,fus_GRMS_early_rf,2,4,59,0.13530022003174635,0.5342860065737864,0.5652856152843933
LOG_RPPB,fus_GRMS_early_rf,3,0,59,-0.0004690400206810441,0.38931018867669326,0.6164680962529911
LOG_RPPB,fus_GRMS_early_rf,3,1,59,-0.026492031179113917,0.3484270664759206,0.5868389951174181
LOG_RPPB,fus_GRMS_early_rf,3,2,59,-0.023884740584802167,0.4188316432391361,0.617226989091292
LOG_RPPB,fus_GRMS_early_rf,3,3,59,-0.00988722305601386,0.4335539678131979,0.5976335765182506
LOG_RPPB,fus_GRMS_early_rf,3,4,59,0.10787998152263834,0.46544317484438463,0.5723560456001748
LOG_RPPB,fus_GRMS_early_rf,4,0,59,0.09350252421993632,0.4945790350390134,0.5432621591523462
LOG_RPPB,fus_GRMS_early_rf,4,1,59,0.06102488703067843,0.3769488157739579,0.5921036705435425
LOG_RPPB,fus_GRMS_early_rf,4,2,59,0.1583279842504699,0.4312516438236067,0.5722889900794802
LOG_RPPB,fus_GRMS_early_rf,4,3,59,0.047023926265095994,0.39202793732906777,0.5894758141398013
LOG_RPPB,fus_GRMS_early_rf,4,4,59,-0.10960424344095876,0.336771968789269,0.6330498142180786
LOG_RPPB,fus_GRMS_late_attfp,0,0,59,0.22083598188849596,0.5961220941912525,0.5443167978327645
LOG_RPPB,fus_GRMS_late_attfp,0,1,59,0.05451783110128805,0.47502155208975,0.5580508586754118
LOG_RPPB,fus_GRMS_late_attfp,0,2,59,0.0672159479684239,0.40874355269636015,0.5766086870634916
LOG_RPPB,fus_GRMS_late_attfp,0,3,59,0.07469398980517705,0.35327810170489005,0.5959925039830145
LOG_RPPB,fus_GRMS_late_attfp,0,4,59,0.08091883240741016,0.33203290525030693,0.6061999910869618
LOG_RPPB,fus_GRMS_late_attfp,1,0,59,0.19120382874807718,0.5384649104156095,0.5294578975672515
LOG_RPPB,fus_GRMS_late_attfp,1,1,59,-0.030038665087313232,0.28805213404790314,0.6122009251794543
LOG_RPPB,fus_GRMS_late_attfp,1,2,59,0.22602560404047023,0.565788512458299,0.5283686564706587
LOG_RPPB,fus_GRMS_late_attfp,1,3,59,0.2167734650422536,0.5152909891109544,0.5393328517238112
LOG_RPPB,fus_GRMS_late_attfp,1,4,59,-0.1348096432370105,0.31698300679898606,0.6244758142925032
LOG_RPPB,fus_GRMS_late_attfp,2,0,59,0.04565877491084902,0.2860065167826751,0.614314654635714
LOG_RPPB,fus_GRMS_late_attfp,2,1,59,0.018108238640383134,0.30622890460464414,0.602619313927733
LOG_RPPB,fus_GRMS_late_attfp,2,2,59,0.08590592302049016,0.4746124286367044,0.5751703771269094
LOG_RPPB,fus_GRMS_late_attfp,2,3,59,-0.026103168826124623,0.3492745364858008,0.6075320458789665
LOG_RPPB,fus_GRMS_late_attfp,2,4,59,0.16427014899665437,0.5245254899082696,0.5506485760416409
LOG_RPPB,fus_GRMS_late_attfp,3,0,59,0.09478999779755326,0.4078960826864799,0.5702557807147587
LOG_RPPB,fus_GRMS_late_attfp,3,1,59,-0.054405077902563326,0.34439427815304235,0.6197868881906193
LOG_RPPB,fus_GRMS_late_attfp,3,2,59,-0.08153914013609076,0.09640701939982069,0.6472646563571689
LOG_RPPB,fus_GRMS_late_attfp,3,3,59,0.04059707847040217,0.39211560664043466,0.5917356113350641
LOG_RPPB,fus_GRMS_late_attfp,3,4,59,0.14770159003498562,0.4544484870223133,0.5517243889660111
LOG_RPPB,fus_GRMS_late_attfp,4,0,59,0.015269396354492981,0.4466459183106576,0.5959076348645451
LOG_RPPB,fus_GRMS_late_attfp,4,1,59,0.07130515064316012,0.37943277959602056,0.5785190734388993
LOG_RPPB,fus_GRMS_late_attfp,4,2,59,0.09786056507532859,0.4103216003009646,0.5754716894559337
LOG_RPPB,fus_GRMS_late_attfp,4,3,59,0.11386600237510092,0.3784976402747734,0.5836038458572402
LOG_RPPB,fus_GRMS_late_attfp,4,4,59,0.08158913248559518,0.4752845600238507,0.556690816081273
LOG_RPPB,fus_GRMS_late_lgbm,0,0,59,0.04706500121341506,0.41803302930710606,0.5984429538716959
LOG_RPPB,fus_GRMS_late_lgbm,0,1,59,-0.006250216131448605,0.45620716017858515,0.6092904487890004
LOG_RPPB,fus_GRMS_late_lgbm,0,2,59,-0.08566086235904735,0.44674042093856775,0.6238317667641736
LOG_RPPB,fus_GRMS_late_lgbm,0,3,59,-0.189096797069912,0.38245873690320814,0.6662983930382071
LOG_RPPB,fus_GRMS_late_lgbm,0,4,59,-0.04799400127465736,0.4106041626289814,0.6306413070950212
LOG_RPPB,fus_GRMS_late_lgbm,1,0,59,-0.21909333204995196,0.385421389003395,0.6686368407213821
LOG_RPPB,fus_GRMS_late_lgbm,1,1,59,-0.04035583391062425,0.4600406863535608,0.6099648416832947
LOG_RPPB,fus_GRMS_late_lgbm,1,2,59,0.007841601016073674,0.4668059821883086,0.611853607525566
LOG_RPPB,fus_GRMS_late_lgbm,1,3,59,-0.02107852055081616,0.44698730611024273,0.6340903324008524
LOG_RPPB,fus_GRMS_late_lgbm,1,4,59,-0.06548378632943819,0.41985239883052355,0.6135855781316825
LOG_RPPB,fus_GRMS_late_lgbm,2,0,59,-0.08645597901348001,0.4608481151986167,0.6475645663133327
LOG_RPPB,fus_GRMS_late_lgbm,2,1,59,-0.06677321431701944,0.4241303859138515,0.6281055705791321
LOG_RPPB,fus_GRMS_late_lgbm,2,2,59,-0.05246080686231536,0.4195665301118714,0.6241827087976584
LOG_RPPB,fus_GRMS_late_lgbm,2,3,59,-0.1512948071414102,0.357236844854085,0.6485903370088246
LOG_RPPB,fus_GRMS_late_lgbm,2,4,59,0.004029092763486286,0.45609318081428524,0.6315277882701812
LOG_RPPB,fus_GRMS_late_lgbm,3,0,59,-0.038400152340545946,0.4444769347797823,0.6369543655280475
LOG_RPPB,fus_GRMS_late_lgbm,3,1,59,0.026643481657169565,0.46501773938732593,0.6302919632650921
LOG_RPPB,fus_GRMS_late_lgbm,3,2,59,-0.30551432001317225,0.3741669667938025,0.6802876934664929
LOG_RPPB,fus_GRMS_late_lgbm,3,3,59,-0.05180072251317158,0.4101957128118921,0.6140669711060995
LOG_RPPB,fus_GRMS_late_lgbm,3,4,59,-0.17833051492201535,0.41269052951603374,0.6215923252096089
LOG_RPPB,fus_GRMS_late_lgbm,4,0,59,-0.09931743984506469,0.48026711168811287,0.6634158629574702
LOG_RPPB,fus_GRMS_late_lgbm,4,1,59,-0.07402067160034131,0.38636400827215156,0.627528349645002
LOG_RPPB,fus_GRMS_late_lgbm,4,2,59,0.011325967745622334,0.3767391637376237,0.6381930157753544
LOG_RPPB,fus_GRMS_late_lgbm,4,3,59,-0.07672505711726463,0.4131721842759215,0.624697771284671
LOG_RPPB,fus_GRMS_late_lgbm,4,4,59,-0.07198401607414606,0.45920309695321804,0.6260131577161044
LOG_RPPB,fus_GRMS_late_rf,0,0,59,0.08788496776804677,0.3921797831614015,0.6113467817803998
LOG_RPPB,fus_GRMS_late_rf,0,1,59,-0.04166409394227388,0.35743300505567077,0.6213026660181732
LOG_RPPB,fus_GRMS_late_rf,0,2,59,-0.03738126844698608,0.4060961176405589,0.6186385378435755
LOG_RPPB,fus_GRMS_late_rf,0,3,59,-0.21910165325983844,0.39472799805491005,0.7084493785095205
LOG_RPPB,fus_GRMS_late_rf,0,4,59,-0.09302725748785434,0.3629562523744118,0.6434188069098993
LOG_RPPB,fus_GRMS_late_rf,1,0,59,-0.09481175628701366,0.38078260615447557,0.6310730146695523
LOG_RPPB,fus_GRMS_late_rf,1,1,59,-0.15100200655453921,0.4259037376895876,0.6514574045952883
LOG_RPPB,fus_GRMS_late_rf,1,2,59,0.038750323772499984,0.4771033636283935,0.6037810250471464
LOG_RPPB,fus_GRMS_late_rf,1,3,59,-0.06699312016574388,0.40693766620883126,0.661153138455997
LOG_RPPB,fus_GRMS_late_rf,1,4,59,-0.06390886725001588,0.36445197777025123,0.6404745996392419
LOG_RPPB,fus_GRMS_late_rf,2,0,59,-0.13109992704054085,0.42278299754648574,0.6621483813240787
LOG_RPPB,fus_GRMS_late_rf,2,1,59,-0.04391841881413683,0.3975977557370323,0.6235412288015287
LOG_RPPB,fus_GRMS_late_rf,2,2,59,-0.0029929024187667075,0.4066746544317484,0.6392336429471096
LOG_RPPB,fus_GRMS_late_rf,2,3,59,-0.13628894929415947,0.3050104475974751,0.6379053572151466
LOG_RPPB,fus_GRMS_late_rf,2,4,59,0.018546778461950297,0.43753470294280944,0.6217198832596728
LOG_RPPB,fus_GRMS_late_rf,3,0,59,-0.0565649335525078,0.38674420643502144,0.6468459592204585
LOG_RPPB,fus_GRMS_late_rf,3,1,59,0.03492971653911925,0.4429702796691896,0.6477728756372516
LOG_RPPB,fus_GRMS_late_rf,3,2,59,-0.26863156653883924,0.2793769543236213,0.6880351370009734
LOG_RPPB,fus_GRMS_late_rf,3,3,59,0.04263174733992048,0.399251877611853,0.5873338914450751
LOG_RPPB,fus_GRMS_late_rf,3,4,59,-0.10117997792118416,0.3400450042374119,0.6397069891074924
LOG_RPPB,fus_GRMS_late_rf,4,0,59,0.05021800018773159,0.4559229656959096,0.6425505514663994
LOG_RPPB,fus_GRMS_late_rf,4,1,59,0.005586464083620846,0.4221923492796399,0.6114955854584461
LOG_RPPB,fus_GRMS_late_rf,4,2,59,0.024039147520839688,0.3780648177912855,0.6282390087160133
LOG_RPPB,fus_GRMS_late_rf,4,3,59,-0.05264524017340766,0.3987901281896278,0.6224548008832124
LOG_RPPB,fus_GRMS_late_rf,4,4,59,-0.026469938655553804,0.43315117332476105,0.5967317523334733
LOG_RPPB,fus_GRM_early_attfp,0,0,59,0.021555570888258768,0.4607606774407314,0.6034842773712995
LOG_RPPB,fus_GRM_early_attfp,0,1,59,0.1866200119743382,0.5920600827645854,0.5656123593711652
LOG_RPPB,fus_GRM_early_attfp,0,2,59,0.13233765221730265,0.53475357623441,0.5719700135079734
LOG_RPPB,fus_GRM_early_attfp,0,3,59,0.33656362437479037,0.6766317451298721,0.5024519071660921
LOG_RPPB,fus_GRM_early_attfp,0,4,59,0.07061473495124881,0.5153786584223213,0.6008617785622389
LOG_RPPB,fus_GRM_early_attfp,1,0,59,0.3290164316937164,0.6513829834561998,0.49542674097268663
LOG_RPPB,fus_GRM_early_attfp,1,1,59,0.3123255505238661,0.5886702027250645,0.5216530156530668
LOG_RPPB,fus_GRM_early_attfp,1,2,59,0.22831922512794034,0.5845789681946083,0.5536035558490443
LOG_RPPB,fus_GRM_early_attfp,1,3,59,-0.14259333344605518,0.4284399246501277,0.6288023464417466
LOG_RPPB,fus_GRM_early_attfp,1,4,59,-0.05027872316215709,0.43247271297300593,0.6218640777411619
LOG_RPPB,fus_GRM_early_attfp,2,0,59,-0.014918160719123774,0.4372360788906084,0.6096375511279443
LOG_RPPB,fus_GRM_early_attfp,2,1,59,0.20134754481630146,0.563713672089282,0.542011962267704
LOG_RPPB,fus_GRM_early_attfp,2,2,59,-0.12032054456410668,0.3363871477148639,0.6467193328322451
LOG_RPPB,fus_GRM_early_attfp,2,3,59,0.15383500942093442,0.517862622244384,0.5600277740200355
LOG_RPPB,fus_GRM_early_attfp,2,4,59,0.1495048408696925,0.5731235115093312,0.5650446239196142
LOG_RPPB,fus_GRM_early_attfp,3,0,59,0.0575385026203894,0.5338184369131629,0.587853412293244
LOG_RPPB,fus_GRM_early_attfp,3,1,59,0.2637826662597259,0.6488990196341372,0.5081693309980431
LOG_RPPB,fus_GRM_early_attfp,3,2,59,-0.29336967131340974,0.1617206563681745,0.7526930445921685
LOG_RPPB,fus_GRM_early_attfp,3,3,59,0.22672660127172972,0.5329709669032827,0.5568697862072624
LOG_RPPB,fus_GRM_early_attfp,3,4,59,0.17640965453642488,0.6581335204314525,0.5402723357435616
LOG_RPPB,fus_GRM_early_attfp,4,0,59,0.17361024318532703,0.5742047663495231,0.5679256317799771
LOG_RPPB,fus_GRM_early_attfp,4,1,59,0.1738117298807469,0.5125440173547908,0.5816630790882997
LOG_RPPB,fus_GRM_early_attfp,4,2,59,0.2747050032579744,0.6541884014199412,0.5251896805030869
LOG_RPPB,fus_GRM_early_attfp,4,3,59,0.3189437118943622,0.6375896784678047,0.5159294514673772
LOG_RPPB,fus_GRM_early_attfp,4,4,59,0.07070015918928463,0.547611741901558,0.5717293067228932
LOG_RPPB,fus_GRM_early_lgbm,0,0,59,0.2695274424381805,0.5657091089745463,0.5241308726581353
LOG_RPPB,fus_GRM_early_lgbm,0,1,59,-0.03995184457712564,0.4620532452730939,0.579913438622236
LOG_RPPB,fus_GRM_early_lgbm,0,2,59,0.16231270220562521,0.5244454835033168,0.5632260594045742
LOG_RPPB,fus_GRM_early_lgbm,0,3,59,-0.008244122423885836,0.4723107045793272,0.6075292533519163
LOG_RPPB,fus_GRM_early_lgbm,0,4,59,-0.004897619583424939,0.4179196072860975,0.6080577489630402
LOG_RPPB,fus_GRM_early_lgbm,1,0,59,0.06161821222341246,0.4347292439872585,0.5865574367478598
LOG_RPPB,fus_GRM_early_lgbm,1,1,59,-0.1342123577701939,0.4131038312048861,0.6402764580506619
LOG_RPPB,fus_GRM_early_lgbm,1,2,59,0.07809799737549361,0.489961717174669,0.5930509037670311
LOG_RPPB,fus_GRM_early_lgbm,1,3,59,0.08419504600162131,0.45731903328560153,0.5730183969300303
LOG_RPPB,fus_GRM_early_lgbm,1,4,59,0.03541085899847063,0.5113825652415324,0.5990419024455031
LOG_RPPB,fus_GRM_early_lgbm,2,0,59,-0.027734319935345697,0.4594456377702276,0.6147003142157146
LOG_RPPB,fus_GRM_early_lgbm,2,1,59,0.03984423020348715,0.39989479528916677,0.5851287214254586
LOG_RPPB,fus_GRM_early_lgbm,2,2,59,0.09068450361209135,0.5376545194190361,0.5738920456404993
LOG_RPPB,fus_GRM_early_lgbm,2,3,59,-0.1365427519929332,0.33303135684853435,0.6454674544822251
LOG_RPPB,fus_GRM_early_lgbm,2,4,59,0.09811711456018624,0.5248546129343347,0.585861528283021
LOG_RPPB,fus_GRM_early_lgbm,3,0,59,0.03951843904766006,0.4689792220696104,0.6001497455486359
LOG_RPPB,fus_GRM_early_lgbm,3,1,59,0.028164881315659418,0.4071422309243402,0.5891092485610541
LOG_RPPB,fus_GRM_early_lgbm,3,2,59,-0.019837924410332386,0.45796195096291525,0.5861962332303796
LOG_RPPB,fus_GRM_early_lgbm,3,3,59,-0.06177846332110515,0.419123878547006,0.6175748853162246
LOG_RPPB,fus_GRM_early_lgbm,3,4,59,0.023318170492257595,0.4522049153978783,0.5984677993775319
LOG_RPPB,fus_GRM_early_lgbm,4,0,59,0.03331777841111638,0.5305239779070107,0.6026593836224821
LOG_RPPB,fus_GRM_early_lgbm,4,1,59,0.04087854349255393,0.4853443993103247,0.578636181862932
LOG_RPPB,fus_GRM_early_lgbm,4,2,59,0.20566991092725495,0.5362225664104736,0.5482522430862844
LOG_RPPB,fus_GRM_early_lgbm,4,3,59,-0.06971369363922242,0.4188316432391361,0.612409432951379
LOG_RPPB,fus_GRM_early_lgbm,4,4,59,0.06812262955518233,0.472749057541132,0.5669285186578481
LOG_RPPB,fus_GRM_early_rf,0,0,59,0.2843342039748977,0.5866830316674144,0.5291530420512827
LOG_RPPB,fus_GRM_early_rf,0,1,59,-0.017460401618294874,0.43586259301252667,0.5842641133604515
LOG_RPPB,fus_GRM_early_rf,0,2,59,0.11562845335547878,0.4248162597802951,0.5893428716069977
LOG_RPPB,fus_GRM_early_rf,0,3,59,0.033514107754510136,0.4182995076353542,0.6025219219948229
LOG_RPPB,fus_GRM_early_rf,0,4,59,0.05072111881253949,0.3833835003945176,0.5783960938587995
LOG_RPPB,fus_GRM_early_rf,1,0,59,0.024861630395158762,0.3508818071941943,0.5994152187081699
LOG_RPPB,fus_GRM_early_rf,1,1,59,-0.08194550302119086,0.3678658055466261,0.6395124233949866
LOG_RPPB,fus_GRM_early_rf,1,2,59,0.11803866485218883,0.48250266665972696,0.5854714759756592
LOG_RPPB,fus_GRM_early_rf,1,3,59,0.14752943221207726,0.44746416521674887,0.579562840476537
LOG_RPPB,fus_GRM_early_rf,1,4,59,-0.008811871519682768,0.3842602063181273,0.5907468354439774
LOG_RPPB,fus_GRM_early_rf,2,0,59,0.00863373534410461,0.40278792483707876,0.6011277315818564
LOG_RPPB,fus_GRM_early_rf,2,1,59,0.06130229995908443,0.3664922995996376,0.5911903148539465
LOG_RPPB,fus_GRM_early_rf,2,2,59,-0.009453796074213816,0.47625588123557083,0.579657656972529
LOG_RPPB,fus_GRM_early_rf,2,3,59,-0.09989381845195866,0.33606569357318516,0.6273098691552762
LOG_RPPB,fus_GRM_early_rf,2,4,59,0.12473471932715985,0.5248469440499482,0.5712982201309964
LOG_RPPB,fus_GRM_early_rf,3,0,59,-0.052617026336651884,0.38501439241971436,0.6191229750880513
LOG_RPPB,fus_GRM_early_rf,3,1,59,-0.04546628999607427,0.35833893451006743,0.5967297683078013
LOG_RPPB,fus_GRM_early_rf,3,2,59,-0.015876784146262368,0.41775037260001746,0.60553754005716
LOG_RPPB,fus_GRM_early_rf,3,3,59,-0.06102224557368485,0.41160741686767943,0.6151549628388474
LOG_RPPB,fus_GRM_early_rf,3,4,59,0.04560565491561064,0.4231797659681125,0.5922270911932725
LOG_RPPB,fus_GRM_early_rf,4,0,59,0.09676615412907519,0.49703381162512045,0.5538851263006409
LOG_RPPB,fus_GRM_early_rf,4,1,59,0.07247605431238446,0.3699352708646045,0.587056603604214
LOG_RPPB,fus_GRM_early_rf,4,2,59,0.12024035394344645,0.4156462783833542,0.5829431004566863
LOG_RPPB,fus_GRM_early_rf,4,3,59,0.03297384783078294,0.38606642415611736,0.598004242407979
LOG_RPPB,fus_GRM_early_rf,4,4,59,-0.11067947507728171,0.35427168723371516,0.6273594753888356
LOG_RPPB,fus_GRM_late_attfp,0,0,59,0.2786676318983894,0.5858647847613231,0.5424837698941787
LOG_RPPB,fus_GRM_late_attfp,0,1,59,0.10441632935519096,0.3492745364858008,0.5941593127391838
LOG_RPPB,fus_GRM_late_attfp,0,2,59,0.027616051984215906,0.42259530389233313,0.5918825834715353
LOG_RPPB,fus_GRM_late_attfp,0,3,59,0.08570654774225117,0.37189321881846565,0.5791036678149153
LOG_RPPB,fus_GRM_late_attfp,0,4,59,0.050209967829673574,0.35774923658460284,0.5902810396596396
LOG_RPPB,fus_GRM_late_attfp,1,0,59,0.11755483638479525,0.46412133437646325,0.5611325687743418
LOG_RPPB,fus_GRM_late_attfp,1,1,59,0.013719853511577007,0.2832010988189337,0.6061432540257642
LOG_RPPB,fus_GRM_late_attfp,1,2,59,0.17833778669912748,0.4711933254933946,0.554431876950473
LOG_RPPB,fus_GRM_late_attfp,1,3,59,0.1413773527805634,0.45874428327929223,0.574672755529328
LOG_RPPB,fus_GRM_late_attfp,1,4,59,-0.014245151734989303,0.4208419176649948,0.5970165284613015
LOG_RPPB,fus_GRM_late_attfp,2,0,59,0.03706117425760269,0.3638276421727092,0.5919725270870827
LOG_RPPB,fus_GRM_late_attfp,2,1,59,-0.019853454036713902,0.2721255424829131,0.6130911984481949
LOG_RPPB,fus_GRM_late_attfp,2,2,59,0.11244370301422835,0.4654948202545449,0.573913489676303
LOG_RPPB,fus_GRM_late_attfp,2,3,59,-0.06423003776897929,0.29328306962612927,0.6190264969908624
LOG_RPPB,fus_GRM_late_attfp,2,4,59,0.07887596736592528,0.46894314650164365,0.5841282177427796
LOG_RPPB,fus_GRM_late_attfp,3,0,59,0.11429591363715619,0.4199360014475366,0.5642092604191749
LOG_RPPB,fus_GRM_late_attfp,3,1,59,0.03513391460811521,0.36701296048570725,0.5935720314812571
LOG_RPPB,fus_GRM_late_attfp,3,2,59,0.0005796171191022603,0.18249828316213404,0.6333283884779374
LOG_RPPB,fus_GRM_late_attfp,3,3,59,0.05185842658028461,0.42472859046892814,0.5729753703035184
LOG_RPPB,fus_GRM_late_attfp,3,4,59,0.1069948981902541,0.4148511813882554,0.5754278755086076
LOG_RPPB,fus_GRM_late_attfp,4,0,59,0.05820168457089592,0.4732681658624116,0.5861014764182394
LOG_RPPB,fus_GRM_late_attfp,4,1,59,0.11480390921872763,0.38185829721050535,0.5778153651369643
LOG_RPPB,fus_GRM_late_attfp,4,2,59,0.09310846523965988,0.37528309885798644,0.5940893959026343
LOG_RPPB,fus_GRM_late_attfp,4,3,59,0.05067620681695606,0.3398062508581737,0.5940415096098142
LOG_RPPB,fus_GRM_late_attfp,4,4,59,-0.03532726472385783,0.3166323295535184,0.6111155886258168
LOG_RPPB,fus_GRM_late_lgbm,0,0,59,0.014385131828919762,0.38438281662758306,0.6237569101634093
LOG_RPPB,fus_GRM_late_lgbm,0,1,59,0.09091655474551819,0.5085719020099739,0.5502564918139188
LOG_RPPB,fus_GRM_late_lgbm,0,2,59,-0.09738630464331477,0.45434883758286004,0.6278157010250855
LOG_RPPB,fus_GRM_late_lgbm,0,3,59,-0.2183062148704269,0.40342506121109567,0.6754745739812417
LOG_RPPB,fus_GRM_late_lgbm,0,4,59,0.011481088381569804,0.48283652207339195,0.5969549857019459
LOG_RPPB,fus_GRM_late_lgbm,1,0,59,-0.07333473573616889,0.43319894026583095,0.6167171926062426
LOG_RPPB,fus_GRM_late_lgbm,1,1,59,-0.07562860195391385,0.4689576503878234,0.6287480248248374
LOG_RPPB,fus_GRM_late_lgbm,1,2,59,-0.04668000236764813,0.4766109685304632,0.6271974039326773
LOG_RPPB,fus_GRM_late_lgbm,1,3,59,0.09219601204401029,0.4843223258946239,0.5985322898723334
LOG_RPPB,fus_GRM_late_lgbm,1,4,59,-0.13088546720500482,0.4235476340090393,0.6469119386994516
LOG_RPPB,fus_GRM_late_lgbm,2,0,59,-0.10295527742484945,0.4587006418823643,0.6571299448261205
LOG_RPPB,fus_GRM_late_lgbm,2,1,59,-0.10388967757609024,0.42256240031571446,0.6483120168755245
LOG_RPPB,fus_GRM_late_lgbm,2,2,59,-0.0028988670895850888,0.46894874167563433,0.6170609891585581
LOG_RPPB,fus_GRM_late_lgbm,2,3,59,-0.2050502608801703,0.353115719534403,0.6490038956521051
LOG_RPPB,fus_GRM_late_lgbm,2,4,59,0.010160277157336584,0.46560183527678317,0.631445520502223
LOG_RPPB,fus_GRM_late_lgbm,3,0,59,-0.17944195890205727,0.4341405025518533,0.6689165218175874
LOG_RPPB,fus_GRM_late_lgbm,3,1,59,0.09499051561011662,0.5291241859153865,0.5826338175941446
LOG_RPPB,fus_GRM_late_lgbm,3,2,59,-0.3291357339694314,0.35103701825864286,0.701846032357304
LOG_RPPB,fus_GRM_late_lgbm,3,3,59,-0.10520430146959447,0.390049466270316,0.6249808190017064
LOG_RPPB,fus_GRM_late_lgbm,3,4,59,-0.1016366596688949,0.43433772900471274,0.5898696773987917
LOG_RPPB,fus_GRM_late_lgbm,4,0,59,-0.07020748076784034,0.48467053632478596,0.6318896592652885
LOG_RPPB,fus_GRM_late_lgbm,4,1,59,-0.030408518860226108,0.40208909120755093,0.6101946703265201
LOG_RPPB,fus_GRM_late_lgbm,4,2,59,-0.004255533110421039,0.394476856224453,0.6514902977662073
LOG_RPPB,fus_GRM_late_lgbm,4,3,59,-0.0069272894590481915,0.4525674209178701,0.5881704095796717
LOG_RPPB,fus_GRM_late_lgbm,4,4,59,-0.0688982613129423,0.45309178460905514,0.6240780628841383
LOG_RPPB,fus_GRM_late_rf,0,0,59,0.08523225872675855,0.37666759213220813,0.611154049362949
LOG_RPPB,fus_GRM_late_rf,0,1,59,-0.04981536004243048,0.3440486279552295,0.6215795035175005
LOG_RPPB,fus_GRM_late_rf,0,2,59,-0.03333227097414038,0.40793722698219365,0.6170354867242173
LOG_RPPB,fus_GRM_late_rf,0,3,59,-0.21379989388852616,0.38964302939706197,0.7073634513395783
LOG_RPPB,fus_GRM_late_rf,0,4,59,-0.09105620936793635,0.3600338992957129,0.642096294475931
LOG_RPPB,fus_GRM_late_rf,1,0,59,-0.09717533179799998,0.3801014071741458,0.6323654011288438
LOG_RPPB,fus_GRM_late_rf,1,1,59,-0.1348436282758163,0.4404278324907215,0.6468197101886832
LOG_RPPB,fus_GRM_late_rf,1,2,59,0.031469494764126305,0.4636313159355913,0.6076222291599899
LOG_RPPB,fus_GRM_late_rf,1,3,59,-0.06756087253775012,0.3907008009149861,0.6606627616274474
LOG_RPPB,fus_GRM_late_rf,1,4,59,-0.06910535292251985,0.36538714441997033,0.6421609535183136
LOG_RPPB,fus_GRM_late_rf,2,0,59,-0.12960701890389537,0.4261145287361104,0.6596692338065174
LOG_RPPB,fus_GRM_late_rf,2,1,59,-0.044749704759613484,0.391022269148217,0.6254912571077779
LOG_RPPB,fus_GRM_late_rf,2,2,59,-0.00773321106947833,0.39250697726182693,0.6410285545804565
LOG_RPPB,fus_GRM_late_rf,2,3,59,-0.1418713630912365,0.30577473857233145,0.6416959284972664
LOG_RPPB,fus_GRM_late_rf,2,4,59,0.016158308956744416,0.42307523712452305,0.6236000116751829
LOG_RPPB,fus_GRM_late_rf,3,0,59,-0.0763722040620376,0.36970688798620643,0.6528572679168883
LOG_RPPB,fus_GRM_late_rf,3,1,59,0.034810230685591304,0.4373949764483482,0.6472247764227366
LOG_RPPB,fus_GRM_late_rf,3,2,59,-0.2658695640255251,0.27888015430024254,0.6891958812518103
LOG_RPPB,fus_GRM_late_rf,3,3,59,0.04561631164224422,0.38964302939706197,0.5876864509036662
LOG_RPPB,fus_GRM_late_rf,3,4,59,-0.0957421991456524,0.32920307431543877,0.638381009482484
LOG_RPPB,fus_GRM_late_rf,4,0,59,0.05129281578948652,0.44985095582948464,0.6434944357102393
LOG_RPPB,fus_GRM_late_rf,4,1,59,0.006685744934187388,0.41777959613080445,0.6100233124618616
LOG_RPPB,fus_GRM_late_rf,4,2,59,0.018028926995803163,0.38060726496975356,0.6331838855726797
LOG_RPPB,fus_GRM_late_rf,4,3,59,-0.05396726056372714,0.39262387309304186,0.6239532641552815
LOG_RPPB,fus_GRM_late_rf,4,4,59,-0.03992285381434191,0.4256115023817177,0.600524647938572
LOG_RPPB,fus_GRS_early_attfp,0,0,59,0.40378057409143997,0.6514414296637778,0.4800587544790416
LOG_RPPB,fus_GRS_early_attfp,0,1,59,0.1359768435562856,0.5026666082741181,0.5516671829052165
LOG_RPPB,fus_GRS_early_attfp,0,2,59,0.08457299461810952,0.5704934321683236,0.5919899853774983
LOG_RPPB,fus_GRS_early_attfp,0,3,59,0.3754664323136191,0.6353979456836317,0.48473894054557776
LOG_RPPB,fus_GRS_early_attfp,0,4,59,0.2817998450706718,0.6342874677396507,0.5110163781368905
LOG_RPPB,fus_GRS_early_attfp,1,0,59,0.150862713343486,0.5890793261781102,0.5458838208276502
LOG_RPPB,fus_GRS_early_attfp,1,1,59,-0.04350074039607699,0.27984044188320184,0.6387980016684149
LOG_RPPB,fus_GRS_early_attfp,1,2,59,0.3223397673167824,0.6209032862043015,0.4651816890633353
LOG_RPPB,fus_GRS_early_attfp,1,3,59,-0.08073637625942331,0.40257747779688685,0.6181645871330939
LOG_RPPB,fus_GRS_early_attfp,1,4,59,-0.159540905242342,0.3492453133820118,0.6467100043022797
LOG_RPPB,fus_GRS_early_attfp,2,0,59,0.10446873994478978,0.5402475197467369,0.5621353837150385
LOG_RPPB,fus_GRS_early_attfp,2,1,59,0.3812420009463885,0.6679817064083362,0.4548828017790183
LOG_RPPB,fus_GRS_early_attfp,2,2,59,0.1756733892997896,0.5079267669561331,0.5374116762838375
LOG_RPPB,fus_GRS_early_attfp,2,3,59,0.08521553531098436,0.48498663048178964,0.5751281992808127
LOG_RPPB,fus_GRS_early_attfp,2,4,59,-0.0771650627626097,0.41388681896321927,0.6278797527688916
LOG_RPPB,fus_GRS_early_attfp,3,0,59,-0.04482342729349065,0.41482195828446644,0.6219070023161417
LOG_RPPB,fus_GRS_early_attfp,3,1,59,0.2330955105320056,0.5299317641092296,0.548600388146451
LOG_RPPB,fus_GRS_early_attfp,3,2,59,0.28795935081018087,0.5443095311734041,0.5321810268536666
LOG_RPPB,fus_GRS_early_attfp,3,3,59,0.41064459022081123,0.6459767092552398,0.4658592171817078
LOG_RPPB,fus_GRS_early_attfp,3,4,59,0.280399797056473,0.5931997838123554,0.5535319966504499
LOG_RPPB,fus_GRS_early_attfp,4,0,59,-0.3230885450150369,0.22983971130026967,0.7186410424398914
LOG_RPPB,fus_GRS_early_attfp,4,1,59,-0.08030631763566798,0.21248118764961996,0.6645170812099783
LOG_RPPB,fus_GRS_early_attfp,4,2,59,0.32893572762166823,0.6254913134991701,0.5000979353563514
LOG_RPPB,fus_GRS_early_attfp,4,3,59,0.29146431144743346,0.5778284312193557,0.5032071953478927
LOG_RPPB,fus_GRS_early_attfp,4,4,59,0.37208393346488167,0.6526980231267037,0.4401597366203693
LOG_RPPB,fus_GRS_early_lgbm,0,0,59,0.24411576587660766,0.5262573424121102,0.5598257014728526
LOG_RPPB,fus_GRS_early_lgbm,0,1,59,-0.08737400292714681,0.44933444385924315,0.5822401563578964
LOG_RPPB,fus_GRS_early_lgbm,0,2,59,0.2568962862904127,0.5595055451436699,0.5237729064622318
LOG_RPPB,fus_GRS_early_lgbm,0,3,59,0.09434103389367532,0.5132745949495152,0.5671224223101896
LOG_RPPB,fus_GRS_early_lgbm,0,4,59,0.1945645535191005,0.5504171598652994,0.5248790083492978
LOG_RPPB,fus_GRS_early_lgbm,1,0,59,0.08282525060020962,0.4363301626731503,0.5723217498302188
LOG_RPPB,fus_GRS_early_lgbm,1,1,59,0.07249424809553762,0.4488084279910416,0.5597089476002709
LOG_RPPB,fus_GRS_early_lgbm,1,2,59,0.042026114728785036,0.495243939911719,0.5914503376188001
LOG_RPPB,fus_GRS_early_lgbm,1,3,59,0.12912844053941497,0.5131869256381483,0.5695677579177951
LOG_RPPB,fus_GRS_early_lgbm,1,4,59,0.08504859622491379,0.49498093197761833,0.5645713136848793
LOG_RPPB,fus_GRS_early_lgbm,2,0,59,0.19152086928660583,0.5312175806759444,0.5264309656853988
LOG_RPPB,fus_GRS_early_lgbm,2,1,59,0.1875598917781579,0.5107396475642186,0.5328709544101626
LOG_RPPB,fus_GRS_early_lgbm,2,2,59,0.07877025920330938,0.4987507123663958,0.5738212623000934
LOG_RPPB,fus_GRS_early_lgbm,2,3,59,0.07604368050354471,0.4427007992991463,0.5792258186873583
LOG_RPPB,fus_GRS_early_lgbm,2,4,59,0.14647130129376495,0.5895468958387338,0.5485866500241198
LOG_RPPB,fus_GRS_early_lgbm,3,0,59,-0.03620383771333158,0.4039217405711796,0.6223245562315799
LOG_RPPB,fus_GRS_early_lgbm,3,1,59,0.06951229414488291,0.49907216650807446,0.5595784158151199
LOG_RPPB,fus_GRS_early_lgbm,3,2,59,0.23963139578633852,0.546333908062772,0.5174265589468542
LOG_RPPB,fus_GRS_early_lgbm,3,3,59,0.12394269030237248,0.5075760897106656,0.5451295592027112
LOG_RPPB,fus_GRS_early_lgbm,3,4,59,0.20392050422370644,0.5786466781254469,0.5129544092519831
LOG_RPPB,fus_GRS_early_lgbm,4,0,59,0.10263364182899726,0.5260158682015073,0.5515194253379344
LOG_RPPB,fus_GRS_early_lgbm,4,1,59,0.19434021847147154,0.5746138898025687,0.5064052229876742
LOG_RPPB,fus_GRS_early_lgbm,4,2,59,0.22779318777372448,0.5529303467911509,0.523598237701441
LOG_RPPB,fus_GRS_early_lgbm,4,3,59,0.07511655532329264,0.4497727904160776,0.5869901575883926
LOG_RPPB,fus_GRS_early_lgbm,4,4,59,0.04159245539222034,0.41914697764523434,0.5729371271005209
LOG_RPPB,fus_GRS_early_rf,0,0,59,0.31292518974112304,0.5875683100032144,0.5185283280574954
LOG_RPPB,fus_GRS_early_rf,0,1,59,-0.10022246420277892,0.41734734139499297,0.6129778827220416
LOG_RPPB,fus_GRS_early_rf,0,2,59,0.1680833749036318,0.5023013867304209,0.5643802959593398
LOG_RPPB,fus_GRS_early_rf,0,3,59,0.13660429859347334,0.43954759405242333,0.556485619892411
LOG_RPPB,fus_GRS_early_rf,0,4,59,0.12338913233916382,0.47114176334784763,0.5502260986790821
LOG_RPPB,fus_GRS_early_rf,1,0,59,-0.048020472881453724,0.3174306296640581,0.5976399666189524
LOG_RPPB,fus_GRS_early_rf,1,1,59,-0.061179793047117625,0.364002980795443,0.6192656684690505
LOG_RPPB,fus_GRS_early_rf,1,2,59,0.11276055036898347,0.4920658113913322,0.5888451576962341
LOG_RPPB,fus_GRS_early_rf,1,3,59,0.17223094672144423,0.48302769097335985,0.5579236719171067
LOG_RPPB,fus_GRS_early_rf,1,4,59,0.04780382591670085,0.41433121949793966,0.5696831097321121
LOG_RPPB,fus_GRS_early_rf,2,0,59,0.01743614495753898,0.3899937168907066,0.5797204850852429
LOG_RPPB,fus_GRS_early_rf,2,1,59,0.11113484098685633,0.42584095697725133,0.5648776576407908
LOG_RPPB,fus_GRS_early_rf,2,2,59,-0.01873780910058498,0.48692246997282207,0.5744918249655209
LOG_RPPB,fus_GRS_early_rf,2,3,59,-0.11791663068083746,0.35599263584791013,0.6201300447153859
LOG_RPPB,fus_GRS_early_rf,2,4,59,0.14639321107664371,0.5453695315468015,0.5579567642140931
LOG_RPPB,fus_GRS_early_rf,3,0,59,0.01519777533638711,0.426448455147826,0.608193583180166
LOG_RPPB,fus_GRS_early_rf,3,1,59,-0.04889323410497215,0.37987667670007885,0.5822264127350839
LOG_RPPB,fus_GRS_early_rf,3,2,59,0.03659369720855721,0.4167859960840468,0.5759661371611089
LOG_RPPB,fus_GRS_early_rf,3,3,59,-0.05625395599914884,0.43849907945878014,0.6120959488655657
LOG_RPPB,fus_GRS_early_rf,3,4,59,0.09002486404582144,0.4765550799053393,0.5657380865680236
LOG_RPPB,fus_GRS_early_rf,4,0,59,0.1084040718138769,0.5060420533292976,0.5298318489449264
LOG_RPPB,fus_GRS_early_rf,4,1,59,0.08602239035980397,0.40960299257700594,0.5799967377587283
LOG_RPPB,fus_GRS_early_rf,4,2,59,0.11685222968017872,0.41699056079955577,0.579769772963238
LOG_RPPB,fus_GRS_early_rf,4,3,59,0.023724141551461186,0.3785031707530903,0.5985976391351616
LOG_RPPB,fus_GRS_early_rf,4,4,59,-0.11496263402234042,0.32303690931938395,0.6310883014706268
LOG_RPPB,fus_GRS_late_attfp,0,0,59,0.19178097895465596,0.5559111033776263,0.5528274332180699
LOG_RPPB,fus_GRS_late_attfp,0,1,59,0.045907475665325714,0.49620830233675517,0.5427869687699478
LOG_RPPB,fus_GRS_late_attfp,0,2,59,0.0581306241873456,0.43028098018883293,0.577612600316182
LOG_RPPB,fus_GRS_late_attfp,0,3,59,0.0672145258583472,0.3540379024034034,0.5893010495626116
LOG_RPPB,fus_GRS_late_attfp,0,4,59,0.07401463346146919,0.39921682086115506,0.5794467827218422
LOG_RPPB,fus_GRS_late_attfp,1,0,59,0.12500187203954516,0.4880258332758428,0.5656416497846783
LOG_RPPB,fus_GRS_late_attfp,1,1,59,0.028942291807003695,0.2889580502653613,0.601996758412763
LOG_RPPB,fus_GRS_late_attfp,1,2,59,0.12684499319273312,0.4684755768410201,0.5712282011430886
LOG_RPPB,fus_GRS_late_attfp,1,3,59,0.18912689527194204,0.5302532182509083,0.5461168209190236
LOG_RPPB,fus_GRS_late_attfp,1,4,59,0.016534700030070293,0.41073072375401026,0.5878992634762554
LOG_RPPB,fus_GRS_late_attfp,2,0,59,-0.029287647816585105,0.30371571767879246,0.6171567071623929
LOG_RPPB,fus_GRS_late_attfp,2,1,59,0.07800169467934304,0.3304256345419135,0.5832360647585976
LOG_RPPB,fus_GRS_late_attfp,2,2,59,0.10832259582259851,0.46263095608322563,0.5656337687320114
LOG_RPPB,fus_GRS_late_attfp,2,3,59,-0.08334730727818895,0.3011440845453629,0.619358798417914
LOG_RPPB,fus_GRS_late_attfp,2,4,59,0.17974660458769665,0.5482838732887043,0.5513003906980759
LOG_RPPB,fus_GRS_late_attfp,3,0,59,0.09989410091786921,0.419526877994491,0.5658989418502093
LOG_RPPB,fus_GRS_late_attfp,3,1,59,0.0215198337462007,0.36908780085472426,0.5904410288849686
LOG_RPPB,fus_GRS_late_attfp,3,2,59,-0.012001135638124438,0.19836642851954617,0.6270398837763876
LOG_RPPB,fus_GRS_late_attfp,3,3,59,0.058068939422381116,0.45181840768130577,0.5671538222800521
LOG_RPPB,fus_GRS_late_attfp,3,4,59,0.15291984560361083,0.43562880818221494,0.5658390092072368
LOG_RPPB,fus_GRS_late_attfp,4,0,59,0.032227785147886046,0.4522567542381404,0.5827427292179423
LOG_RPPB,fus_GRS_late_attfp,4,1,59,0.0453815004376974,0.3502388989108369,0.5942839520091102
LOG_RPPB,fus_GRS_late_attfp,4,2,59,0.1228214800005577,0.4044769795431701,0.5751709539834946
LOG_RPPB,fus_GRS_late_attfp,4,3,59,0.06698222906785778,0.3381989801497802,0.5879097201146594
LOG_RPPB,fus_GRS_late_attfp,4,4,59,0.011947598446913732,0.3228860737643585,0.6054445999116527
LOG_RPPB,fus_GRS_late_lgbm,0,0,59,0.20547583929889957,0.5546006306240997,0.5238209819543749
LOG_RPPB,fus_GRS_late_lgbm,0,1,59,0.11667178822844904,0.5380873260869641,0.5276530880329718
LOG_RPPB,fus_GRS_late_lgbm,0,2,59,0.16716539470432001,0.5286489178651874,0.5335119336622628
LOG_RPPB,fus_GRS_late_lgbm,0,3,59,0.013952255892291654,0.445899113733464,0.5857177232701504
LOG_RPPB,fus_GRS_late_lgbm,0,4,59,0.09964087178002212,0.5520176290475614,0.5596422665228052
LOG_RPPB,fus_GRS_late_lgbm,1,0,59,0.02853133946443409,0.4830661161851016,0.5886405976723078
LOG_RPPB,fus_GRS_late_lgbm,1,1,59,0.1119133287649211,0.5162829656136302,0.5409198245032836
LOG_RPPB,fus_GRS_late_lgbm,1,2,59,0.04943112822834228,0.47834365889095587,0.5877828792604012
LOG_RPPB,fus_GRS_late_lgbm,1,3,59,0.11157206620821902,0.494837161524326,0.5840099733578603
LOG_RPPB,fus_GRS_late_lgbm,1,4,59,0.09363937760498908,0.4971334222884796,0.5629492898402694
LOG_RPPB,fus_GRS_late_lgbm,2,0,59,0.06696625419626911,0.5054608566367226,0.577884609237846
LOG_RPPB,fus_GRS_late_lgbm,2,1,59,0.0833590366088901,0.5143372330151507,0.5687044568707521
LOG_RPPB,fus_GRS_late_lgbm,2,2,59,0.0007800041902358279,0.46193665311015825,0.6183367058475425
LOG_RPPB,fus_GRS_late_lgbm,2,3,59,-0.081973548288788,0.429997515574431,0.6071657353379291
LOG_RPPB,fus_GRS_late_lgbm,2,4,59,0.07791562964094634,0.5121563299547167,0.5616217155059212
LOG_RPPB,fus_GRS_late_lgbm,3,0,59,0.18487360745973092,0.5816731126685407,0.5462160038847781
LOG_RPPB,fus_GRS_late_lgbm,3,1,59,0.07286325607867039,0.4742264787450597,0.568790752160062
LOG_RPPB,fus_GRS_late_lgbm,3,2,59,0.03728853592542791,0.47711995667056434,0.5662792606317611
LOG_RPPB,fus_GRS_late_lgbm,3,3,59,-0.008729287968942234,0.4596918824625123,0.5942129472247697
LOG_RPPB,fus_GRS_late_lgbm,3,4,59,0.11994168140955797,0.5718629278796425,0.5484741452656582
LOG_RPPB,fus_GRS_late_lgbm,4,0,59,-0.04134144467615375,0.49119880629274953,0.6032706104538114
LOG_RPPB,fus_GRS_late_lgbm,4,1,59,-0.06082654265579235,0.4159549581202447,0.605286848381819
LOG_RPPB,fus_GRS_late_lgbm,4,2,59,0.1742739274456908,0.5386314170878451,0.5366787285374444
LOG_RPPB,fus_GRS_late_lgbm,4,3,59,0.03862927922545889,0.5005265949873869,0.5480630394486634
LOG_RPPB,fus_GRS_late_lgbm,4,4,59,-0.04788392586850221,0.43359378114579505,0.5734112957898604
LOG_RPPB,fus_GRS_late_rf,0,0,59,0.25560179235158864,0.5835732133825793,0.5002753083930753
LOG_RPPB,fus_GRS_late_rf,0,1,59,0.027348218596485063,0.4268408527752242,0.5718290831436729
LOG_RPPB,fus_GRS_late_rf,0,2,59,0.20024293345145028,0.5306486258000338,0.5356143538394954
LOG_RPPB,fus_GRS_late_rf,0,3,59,0.03085658736458141,0.46094720506476117,0.5700964289993157
LOG_RPPB,fus_GRS_late_rf,0,4,59,0.16150061196768184,0.5425744903643984,0.5432908859987722
LOG_RPPB,fus_GRS_late_rf,1,0,59,0.08785774562604343,0.4682458516946015,0.569442683298233
LOG_RPPB,fus_GRS_late_rf,1,1,59,0.16513452209257562,0.5080014706225154,0.5407242382974501
LOG_RPPB,fus_GRS_late_rf,1,2,59,0.08275354335766716,0.46493753241137364,0.5827504540730433
LOG_RPPB,fus_GRS_late_rf,1,3,59,0.22800689666106988,0.54379940681171,0.5458577948405671
LOG_RPPB,fus_GRS_late_rf,1,4,59,0.09816813134854652,0.45510207185318674,0.5533062208354775
LOG_RPPB,fus_GRS_late_rf,2,0,59,0.06393416774251615,0.4494257248230163,0.5710142507536295
LOG_RPPB,fus_GRS_late_rf,2,1,59,0.09524262533387429,0.47269592282002576,0.5590697156465696
LOG_RPPB,fus_GRS_late_rf,2,2,59,0.01837589832602793,0.46056054086915815,0.5927377952974439
LOG_RPPB,fus_GRS_late_rf,2,3,59,-0.013737705407913081,0.3575707987520877,0.5917817110031326
LOG_RPPB,fus_GRS_late_rf,2,4,59,0.15297634766141477,0.5445246524191988,0.5496392405765148
LOG_RPPB,fus_GRS_late_rf,3,0,59,0.1374706034087413,0.5033168707443232,0.5545711498608203
LOG_RPPB,fus_GRS_late_rf,3,1,59,0.08147802561926398,0.4542837532035663,0.5795685502976781
LOG_RPPB,fus_GRS_late_rf,3,2,59,0.1178292783218593,0.4866357872834251,0.5429259210499412
LOG_RPPB,fus_GRS_late_rf,3,3,59,0.08024685802312781,0.4539848621017516,0.5686477419512698
LOG_RPPB,fus_GRS_late_rf,3,4,59,0.19857187290206235,0.5810354668965583,0.5300595551064132
LOG_RPPB,fus_GRS_late_rf,4,0,59,0.10883195538991308,0.5180465859157749,0.5493811377917269
LOG_RPPB,fus_GRS_late_rf,4,1,59,0.06732602092891027,0.4567904850425117,0.5786261546747998
LOG_RPPB,fus_GRS_late_rf,4,2,59,0.17773565022106952,0.5221915393294708,0.5325479786812722
LOG_RPPB,fus_GRS_late_rf,4,3,59,0.1458384019103508,0.5391337406741138,0.5355155254471409
LOG_RPPB,fus_GRS_late_rf,4,4,59,0.024538743868376622,0.45252360015343895,0.5661857023040143
LOG_RPPB,fus_GR_early_attfp,0,0,59,0.3656539714168723,0.6575198352518841,0.4797300981781673
LOG_RPPB,fus_GR_early_attfp,0,1,59,0.32222962711391046,0.620143485505788,0.4819692816177508
LOG_RPPB,fus_GR_early_attfp,0,2,59,0.15692651453864725,0.5986352811171043,0.5576235800064854
LOG_RPPB,fus_GR_early_attfp,0,3,59,0.3332611152214767,0.6155262351071303,0.508076512074115
LOG_RPPB,fus_GR_early_attfp,0,4,59,0.09103106669385042,0.49217551401387694,0.5858790170923133
LOG_RPPB,fus_GR_early_attfp,1,0,59,0.2696810578810217,0.6235918117528868,0.5243401407007492
LOG_RPPB,fus_GR_early_attfp,1,1,59,0.10978375409206786,0.4356872543897929,0.5850426140011404
LOG_RPPB,fus_GR_early_attfp,1,2,59,0.2713877784598755,0.5873843861583498,0.4879447453771467
LOG_RPPB,fus_GR_early_attfp,1,3,59,0.043559927143016486,0.5287628399576706,0.5687329674575557
LOG_RPPB,fus_GR_early_attfp,1,4,59,0.17633730319992535,0.5396922807747464,0.5563104493651315
LOG_RPPB,fus_GR_early_attfp,2,0,59,0.171046380425797,0.5343152296775755,0.5428770672706684
LOG_RPPB,fus_GR_early_attfp,2,1,59,0.12410652009285017,0.5021698155097056,0.5431894846197339
LOG_RPPB,fus_GR_early_attfp,2,2,59,0.08166431009625152,0.4572246818822657,0.591247517938285
LOG_RPPB,fus_GR_early_attfp,2,3,59,0.10564706867902063,0.4627770716021705,0.6021678431790791
LOG_RPPB,fus_GR_early_attfp,2,4,59,0.3300476978317546,0.6553281024677111,0.49329126985187727
LOG_RPPB,fus_GR_early_attfp,3,0,59,0.013579665589919299,0.4472011572826481,0.5900659625895631
LOG_RPPB,fus_GR_early_attfp,3,1,59,0.36463100921389957,0.6367714315617135,0.5022766642916509
LOG_RPPB,fus_GR_early_attfp,3,2,59,0.40533827548266155,0.6508569675879983,0.4927488509205672
LOG_RPPB,fus_GR_early_attfp,3,3,59,0.47781943357187995,0.6786481392913113,0.4627339445006027
LOG_RPPB,fus_GR_early_attfp,3,4,59,0.42086973030206765,0.707754350665128,0.4711704858372899
LOG_RPPB,fus_GR_early_attfp,4,0,59,0.05265779001953952,0.38185829721050535,0.6059801597209261
LOG_RPPB,fus_GR_early_attfp,4,1,59,-0.10287609857962732,0.1640877277750813,0.6612503118408656
LOG_RPPB,fus_GR_early_attfp,4,2,59,0.05612476300501279,0.39427811632081866,0.5982787130771926
LOG_RPPB,fus_GR_early_attfp,4,3,59,0.3345613567283494,0.6294364325106813,0.5037005631047219
LOG_RPPB,fus_GR_early_attfp,4,4,59,0.32041419190477116,0.6679524833045473,0.47767200983562297
LOG_RPPB,fus_GR_early_lgbm,0,0,59,0.24076561785058148,0.5179069801976098,0.544686359852851
LOG_RPPB,fus_GR_early_lgbm,0,1,59,0.03346237258637652,0.47459707473248974,0.5415066994352646
LOG_RPPB,fus_GR_early_lgbm,0,2,59,0.2479753532648925,0.5589876968935387,0.5209991874119374
LOG_RPPB,fus_GR_early_lgbm,0,3,59,0.14676761315412068,0.5113247809535371,0.5407595529586042
LOG_RPPB,fus_GR_early_lgbm,0,4,59,0.1328377260251261,0.47705188718800257,0.5666768163982291
LOG_RPPB,fus_GR_early_lgbm,1,0,59,0.14039119840520486,0.4783599754522341,0.5467036365672318
LOG_RPPB,fus_GR_early_lgbm,1,1,59,0.08746420204045291,0.45959846868698667,0.5604104168570306
LOG_RPPB,fus_GR_early_lgbm,1,2,59,0.07041720171767185,0.47275596539085507,0.5856423141611699
LOG_RPPB,fus_GR_early_lgbm,1,3,59,0.23116787706926178,0.5624360735264035,0.5470223319459835
LOG_RPPB,fus_GR_early_lgbm,1,4,59,0.05360936910094627,0.4310493486875579,0.5619858504250043
LOG_RPPB,fus_GR_early_lgbm,2,0,59,0.11267151467892333,0.4624623747041117,0.5563080709028209
LOG_RPPB,fus_GR_early_lgbm,2,1,59,0.1336293977423939,0.48318185803208735,0.5461251416708099
LOG_RPPB,fus_GR_early_lgbm,2,2,59,0.04583421299377133,0.49622280350724607,0.568470280113661
LOG_RPPB,fus_GR_early_lgbm,2,3,59,0.03166520010594842,0.4176395809730302,0.5910653790980192
LOG_RPPB,fus_GR_early_lgbm,2,4,59,0.18166432285956735,0.5599228498787223,0.5460957924554278
LOG_RPPB,fus_GR_early_lgbm,3,0,59,0.054935583967221424,0.46252758015955137,0.5681977699600478
LOG_RPPB,fus_GR_early_lgbm,3,1,59,0.07976069216121517,0.4566468920775007,0.5453981151747227
LOG_RPPB,fus_GR_early_lgbm,3,2,59,0.20578100352696804,0.5310810424947231,0.5250287693328864
LOG_RPPB,fus_GR_early_lgbm,3,3,59,0.1326263584842351,0.5073645451929893,0.5342613965296698
LOG_RPPB,fus_GR_early_lgbm,3,4,59,0.1866198735145821,0.5423035342577637,0.5424570655740821
LOG_RPPB,fus_GR_early_lgbm,4,0,59,0.13999249226606547,0.5270833029479794,0.5276771276021452
LOG_RPPB,fus_GR_early_lgbm,4,1,59,0.17966992123671832,0.5219398863745238,0.5209746912036833
LOG_RPPB,fus_GR_early_lgbm,4,2,59,0.2585089181857033,0.5580899221777312,0.523916583933336
LOG_RPPB,fus_GR_early_lgbm,4,3,59,0.07838497529599142,0.44171366784534905,0.5728486952396922
LOG_RPPB,fus_GR_early_lgbm,4,4,59,0.053812772920959207,0.40924632514100345,0.5520234935149952
LOG_RPPB,fus_GR_early_rf,0,0,59,0.27438137105962745,0.5648616265817236,0.5255009421696977
LOG_RPPB,fus_GR_early_rf,0,1,59,-0.06065001576451401,0.43811277200427756,0.598095783005335
LOG_RPPB,fus_GR_early_rf,0,2,59,0.05186687467477302,0.3690585777509353,0.6175596560821778
LOG_RPPB,fus_GR_early_rf,0,3,59,-0.006983136929293421,0.4138283727556414,0.6101411442914813
LOG_RPPB,fus_GR_early_rf,0,4,59,-0.04118661441274485,0.34705865162628946,0.6005563897225429
LOG_RPPB,fus_GR_early_rf,1,0,59,-0.06761621078924995,0.305322988387186,0.6099642145818495
LOG_RPPB,fus_GR_early_rf,1,1,59,-0.1609720236963852,0.3067886262018177,0.6658906753655975
LOG_RPPB,fus_GR_early_rf,1,2,59,0.09281531954976974,0.4776001636517723,0.5894423615600134
LOG_RPPB,fus_GR_early_rf,1,3,59,0.0639254059461305,0.404804348461381,0.6013870471907067
LOG_RPPB,fus_GR_early_rf,1,4,59,-0.047743191434371335,0.3769306077524417,0.5905905973994419
LOG_RPPB,fus_GR_early_rf,2,0,59,0.013424745282119233,0.42630663807353264,0.5907494724633751
LOG_RPPB,fus_GR_early_rf,2,1,59,0.0752052023597759,0.37081738215611204,0.5930882134575476
LOG_RPPB,fus_GR_early_rf,2,2,59,-0.04268585159366434,0.4642382267916191,0.5897138741804133
LOG_RPPB,fus_GR_early_rf,2,3,59,-0.21507791907468765,0.3442824162015254,0.6328198751701914
LOG_RPPB,fus_GR_early_rf,2,4,59,0.06041675444026795,0.5130992563267813,0.5942015823370839
LOG_RPPB,fus_GR_early_rf,3,0,59,-0.14312777322143222,0.33910985125222826,0.646134343920354
LOG_RPPB,fus_GR_early_rf,3,1,59,-0.07578558943741176,0.37046669978666813,0.6006906750092853
LOG_RPPB,fus_GR_early_rf,3,2,59,-0.060111333356011265,0.40988924281831723,0.6149192660880957
LOG_RPPB,fus_GR_early_rf,3,3,59,-0.167811422687131,0.35377489446930255,0.6387021119797359
LOG_RPPB,fus_GR_early_rf,3,4,59,-0.05621340035200317,0.3868611005581694,0.6262176392525504
LOG_RPPB,fus_GR_early_rf,4,0,59,0.011193680886819823,0.481428446184868,0.5749005814339896
LOG_RPPB,fus_GR_early_rf,4,1,59,0.0982600092950946,0.4085801540538755,0.5788489000415008
LOG_RPPB,fus_GR_early_rf,4,2,59,0.11202034220854307,0.41978988592859173,0.5815229376338765
LOG_RPPB,fus_GR_early_rf,4,3,59,-0.01826359213202622,0.32131272100295155,0.6135572761959289
LOG_RPPB,fus_GR_early_rf,4,4,59,-0.15321650388887798,0.3209865720180753,0.6433185871231926
LOG_RPPB,fus_GR_late_attfp,0,0,59,0.0871757464757742,0.5057058110681713,0.5802204759863445
LOG_RPPB,fus_GR_late_attfp,0,1,59,0.15916294845397017,0.5271263461454881,0.5211967288439366
LOG_RPPB,fus_GR_late_attfp,0,2,59,-0.0009932383895989716,0.4125425561889266,0.5969578648171467
LOG_RPPB,fus_GR_late_attfp,0,3,59,0.13609234405711368,0.3936936542450392,0.5823974594879735
LOG_RPPB,fus_GR_late_attfp,0,4,59,0.04489645552905652,0.32875991762594203,0.5975949775815536
LOG_RPPB,fus_GR_late_attfp,1,0,59,0.0593043053214799,0.2917342451253137,0.6049488531610501
LOG_RPPB,fus_GR_late_attfp,1,1,59,-0.12058764169807468,0.32244772720752396,0.6349789347351696
LOG_RPPB,fus_GR_late_attfp,1,2,59,0.1310819538685809,0.46032233088389685,0.5601319598092599
LOG_RPPB,fus_GR_late_attfp,1,3,59,0.17185048487462296,0.5063487193515287,0.5601750871183299
LOG_RPPB,fus_GR_late_attfp,1,4,59,-0.015100483298718936,0.47598591451478617,0.5868601153946114
LOG_RPPB,fus_GR_late_attfp,2,0,59,0.011060392163821486,0.27060594108588654,0.6233187765908869
LOG_RPPB,fus_GR_late_attfp,2,1,59,-0.024122439611300672,0.25669574368233555,0.6196302800811468
LOG_RPPB,fus_GR_late_attfp,2,2,59,0.017138460600885752,0.44115197479833074,0.593092344009445
LOG_RPPB,fus_GR_late_attfp,2,3,59,0.0028176100129617687,0.3810108272006251,0.596998673602163
LOG_RPPB,fus_GR_late_attfp,2,4,59,0.009282018810205628,0.49904294340428546,0.6100460672033772
LOG_RPPB,fus_GR_late_attfp,3,0,59,0.06577817613809023,0.38483905379698047,0.5792365644711237
LOG_RPPB,fus_GR_late_attfp,3,1,59,-0.1434579008996204,0.32630517690766836,0.6306588828931617
LOG_RPPB,fus_GR_late_attfp,3,2,59,-0.03093870321510117,0.12206490452653866,0.6422056380791026
LOG_RPPB,fus_GR_late_attfp,3,3,59,0.03136658336315368,0.40497377230758264,0.5802176772766128
LOG_RPPB,fus_GR_late_attfp,3,4,59,0.050185217192096676,0.40661026611976514,0.5862053102396505
LOG_RPPB,fus_GR_late_attfp,4,0,59,0.0069952333283228585,0.42750478532888053,0.5922598874359548
LOG_RPPB,fus_GR_late_attfp,4,1,59,0.08359124388729533,0.3365332632338087,0.5971904208683237
LOG_RPPB,fus_GR_late_attfp,4,2,59,0.0807669547152372,0.38825815694029026,0.5880564361765585
LOG_RPPB,fus_GR_late_attfp,4,3,59,-0.014224497382025358,0.30257601663102257,0.6116743330212523
LOG_RPPB,fus_GR_late_attfp,4,4,59,0.02441120147918796,0.30611201218948825,0.6135981694323893
LOG_RPPB,fus_GR_late_lgbm,0,0,59,0.07516554023939148,0.48048108748320023,0.5717820468434889
LOG_RPPB,fus_GR_late_lgbm,0,1,59,0.1000947763576926,0.5346286070224567,0.5242779078717199
LOG_RPPB,fus_GR_late_lgbm,0,2,59,0.24790204662163795,0.5549839083028505,0.5072036032356637
LOG_RPPB,fus_GR_late_lgbm,0,3,59,0.09799281946561877,0.5213057784886964,0.5503498782327155
LOG_RPPB,fus_GR_late_lgbm,0,4,59,0.11824090910747154,0.5378805064991099,0.5211707811516323
LOG_RPPB,fus_GR_late_lgbm,1,0,59,0.069898150760493,0.4858729190686852,0.5613986432154707
LOG_RPPB,fus_GR_late_lgbm,1,1,59,0.17358832992475637,0.5468758171595643,0.5203836896312128
LOG_RPPB,fus_GR_late_lgbm,1,2,59,0.08293955812003206,0.5352740651250152,0.5566219282170978
LOG_RPPB,fus_GR_late_lgbm,1,3,59,0.221065952947758,0.559835693334497,0.535650974555685
LOG_RPPB,fus_GR_late_lgbm,1,4,59,0.06743890531434171,0.48325882700211265,0.5696538336204933
LOG_RPPB,fus_GR_late_lgbm,2,0,59,0.08856805643936783,0.5189648885736217,0.5548110941891807
LOG_RPPB,fus_GR_late_lgbm,2,1,59,0.06914435402321428,0.498955020903463,0.5796759786857058
LOG_RPPB,fus_GR_late_lgbm,2,2,59,-0.008145209491425831,0.47521633878261305,0.6005548171585873
LOG_RPPB,fus_GR_late_lgbm,2,3,59,-0.02724616692997306,0.4983537239589113,0.5750471579353412
LOG_RPPB,fus_GR_late_lgbm,2,4,59,0.1369997919111604,0.5426036992601078,0.5406546195415725
LOG_RPPB,fus_GR_late_lgbm,3,0,59,0.16017020874030785,0.5648749113667375,0.5304748312476049
LOG_RPPB,fus_GR_late_lgbm,3,1,59,0.10042406222662104,0.5156951740931293,0.5538349314168033
LOG_RPPB,fus_GR_late_lgbm,3,2,59,0.03448243458150457,0.522268237978118,0.558574089239696
LOG_RPPB,fus_GR_late_lgbm,3,3,59,0.03548478644629793,0.4870841608517722,0.5755449010857716
LOG_RPPB,fus_GR_late_lgbm,3,4,59,0.05967148842934167,0.5020477958827458,0.5548536888782091
LOG_RPPB,fus_GR_late_lgbm,4,0,59,0.012605658070240056,0.5032866420396647,0.5773678346142566
LOG_RPPB,fus_GR_late_lgbm,4,1,59,-0.07644149872245043,0.4266619816481568,0.6049114127498297
LOG_RPPB,fus_GR_late_lgbm,4,2,59,0.2195191054428578,0.5763226603824328,0.5014006713305026
LOG_RPPB,fus_GR_late_lgbm,4,3,59,0.02633632510564765,0.47694666064591357,0.5671912536634542
LOG_RPPB,fus_GR_late_lgbm,4,4,59,-0.00902257177860033,0.45509514263592404,0.5544872880392778
LOG_RPPB,fus_GR_late_rf,0,0,59,0.18984217093443967,0.5386188959350068,0.5359714460509584
LOG_RPPB,fus_GR_late_rf,0,1,59,0.0731696602937425,0.5152843534844068,0.5371698880099308
LOG_RPPB,fus_GR_late_rf,0,2,59,0.24727737222878066,0.5432441516134392,0.5136694533105696
LOG_RPPB,fus_GR_late_rf,0,3,59,0.051724384157281755,0.5159131434712385,0.5607122333267057
LOG_RPPB,fus_GR_late_rf,0,4,59,0.1266317909546456,0.5387459281108171,0.5411874034479757
LOG_RPPB,fus_GR_late_rf,1,0,59,0.05734266021104917,0.4823414235504769,0.5590890950946621
LOG_RPPB,fus_GR_late_rf,1,1,59,0.18337291607673734,0.5591291011436544,0.5283476519277581
LOG_RPPB,fus_GR_late_rf,1,2,59,0.10144338307674383,0.5160734118750647,0.570860564471498
LOG_RPPB,fus_GR_late_rf,1,3,59,0.17764592088602493,0.5051871767146906,0.5530108207778125
LOG_RPPB,fus_GR_late_rf,1,4,59,0.04264788282247067,0.4820481359585449,0.5639943863028961
LOG_RPPB,fus_GR_late_rf,2,0,59,0.09968060551809466,0.5073505806992977,0.5642735382985632
LOG_RPPB,fus_GR_late_rf,2,1,59,0.09776367718036827,0.4652794032380274,0.560270902092139
LOG_RPPB,fus_GR_late_rf,2,2,59,0.05630351891360952,0.5038502564940182,0.5755793915064165
LOG_RPPB,fus_GR_late_rf,2,3,59,0.05021006676048556,0.4804126423354309,0.5509300624598973
LOG_RPPB,fus_GR_late_rf,2,4,59,0.1567671582918746,0.5499232853972479,0.5403189460462494
LOG_RPPB,fus_GR_late_rf,3,0,59,0.16609076830673963,0.552003273035448,0.5381218218622063
LOG_RPPB,fus_GR_late_rf,3,1,59,0.08209893269183532,0.49526564986956906,0.5760636741354597
LOG_RPPB,fus_GR_late_rf,3,2,59,0.09779805954746679,0.5236362587588971,0.5574575167225493
LOG_RPPB,fus_GR_late_rf,3,3,59,0.11520034863118189,0.48789326917011944,0.544277981999899
LOG_RPPB,fus_GR_late_rf,3,4,59,0.10882226395637118,0.5168483511181585,0.5490000362978694
LOG_RPPB,fus_GR_late_rf,4,0,59,0.09911759941415799,0.5193324964302899,0.5578964297440493
LOG_RPPB,fus_GR_late_rf,4,1,59,0.11477338398693937,0.49947393224484216,0.5547178188715274
LOG_RPPB,fus_GR_late_rf,4,2,59,0.23550963831855276,0.5959231393173876,0.5155050165628253
LOG_RPPB,fus_GR_late_rf,4,3,59,0.11092536720410962,0.5141078656831256,0.532039198793308
LOG_RPPB,fus_GR_late_rf,4,4,59,0.06652417065558391,0.49402343948551614,0.5554641761889069
LOG_RPPB,lgbm,0,0,59,0.0618857275245871,0.37899289891435006,0.5977676029282131
LOG_RPPB,lgbm,0,1,59,-0.03755641016920097,0.3496938790793702,0.5894406299265637
LOG_RPPB,lgbm,0,2,59,0.1643966869307557,0.47585370491804996,0.562496692481289
LOG_RPPB,lgbm,0,3,59,0.20930060683044638,0.5150580848084761,0.524737061155549
LOG_RPPB,lgbm,0,4,59,0.15450273596926345,0.47260984560183655,0.5222391089756562
LOG_RPPB,lgbm,1,0,59,0.08833746176196045,0.441866241992318,0.5692926847513509
LOG_RPPB,lgbm,1,1,59,0.1182178730928839,0.43453102858358306,0.5507978573884592
LOG_RPPB,lgbm,1,2,59,0.10573545106870652,0.4747139705637047,0.5305167206678274
LOG_RPPB,lgbm,1,3,59,0.24435106916623983,0.5279015737664837,0.5287895346871383
LOG_RPPB,lgbm,1,4,59,0.13833889625365314,0.49224834524593947,0.5282754029896044
LOG_RPPB,lgbm,2,0,59,0.08700897965389476,0.4316378567610144,0.5371712928409901
LOG_RPPB,lgbm,2,1,59,0.031218803037204812,0.4278679662043338,0.5442323869369919
LOG_RPPB,lgbm,2,2,59,0.1248489214877756,0.48950129321238933,0.5825649259553546
LOG_RPPB,lgbm,2,3,59,0.07893975809948839,0.375584523304767,0.5745940975506729
LOG_RPPB,lgbm,2,4,59,0.1455474920387657,0.4894428452967819,0.5648200404552096
LOG_RPPB,lgbm,3,0,59,0.1099882015340552,0.456747910651531,0.5655020418097625
LOG_RPPB,lgbm,3,1,59,0.20948875586975657,0.4925113608661731,0.5365205655435914
LOG_RPPB,lgbm,3,2,59,0.11451842909324705,0.4170551018169557,0.5589177673316114
LOG_RPPB,lgbm,3,3,59,0.00991912219205282,0.4242734193944757,0.569171896273458
LOG_RPPB,lgbm,3,4,59,0.16584073512263842,0.4724345018550141,0.5526564647292564
LOG_RPPB,lgbm,4,0,59,0.12775789293050632,0.4700381373151087,0.5357773114578239
LOG_RPPB,lgbm,4,1,59,0.01688561725187654,0.45878691356067464,0.5648350183352723
LOG_RPPB,lgbm,4,2,59,0.20218071066202792,0.5154813916999006,0.5490990069502146
LOG_RPPB,lgbm,4,3,59,0.1570814814487479,0.45180898961370974,0.5503140221597252
LOG_RPPB,lgbm,4,4,59,0.12105404386721885,0.4389730701697493,0.5572507451846204
LOG_RPPB,uni_G_attfp,0,0,59,0.2572093308772868,0.5974955800693343,0.5374047313582525
LOG_RPPB,uni_G_attfp,0,1,59,0.043920151250333994,0.4124256637737706,0.5821447723538392
LOG_RPPB,uni_G_attfp,0,2,59,-0.025761721850912966,0.3687955698168345,0.6051213685881532
LOG_RPPB,uni_G_attfp,0,3,59,0.009910343731420301,0.297783427609631,0.6041290291317919
LOG_RPPB,uni_G_attfp,0,4,59,0.08202771849849932,0.3101155774085775,0.6210815420045178
LOG_RPPB,uni_G_attfp,1,0,59,0.08274261254675164,0.30222533938555485,0.6110177481399139
LOG_RPPB,uni_G_attfp,1,1,59,0.013922720897923568,0.3279124476160618,0.6091321381922106
LOG_RPPB,uni_G_attfp,1,2,59,0.06821135926722977,0.45374713253137794,0.5852773197097226
LOG_RPPB,uni_G_attfp,1,3,59,0.08786789029118636,0.3774748316421594,0.5840016764220504
LOG_RPPB,uni_G_attfp,1,4,59,-0.06457998942337073,0.3336986221662784,0.6115024234380319
LOG_RPPB,uni_G_attfp,2,0,59,0.002560745131051645,0.30181621593250924,0.6086915005085203
LOG_RPPB,uni_G_attfp,2,1,59,0.05758946593724945,0.28480836952732724,0.6168604728161875
LOG_RPPB,uni_G_attfp,2,2,59,-0.027731737495952036,0.40737006681827836,0.6021587236642991
LOG_RPPB,uni_G_attfp,2,3,59,-0.10715469868787841,0.32104501822565323,0.6165102039842386
LOG_RPPB,uni_G_attfp,2,4,59,0.09884714132122885,0.5094463683531598,0.5783462642198126
LOG_RPPB,uni_G_attfp,3,0,59,-0.024102273366633398,0.362980172162829,0.6062152258056217
LOG_RPPB,uni_G_attfp,3,1,59,-0.21371405202112626,0.3564341969140991,0.6444055752496608
LOG_RPPB,uni_G_attfp,3,2,59,0.049538335784556575,0.37338359711170327,0.5900325603722509
LOG_RPPB,uni_G_attfp,3,3,59,-0.02154486450968296,0.3894270810918492,0.5966865995834083
LOG_RPPB,uni_G_attfp,3,4,59,0.07336627198659007,0.3793158871808647,0.5906052916080269
LOG_RPPB,uni_G_attfp,4,0,59,0.09653297576887832,0.4872952556811185,0.5530443732715514
LOG_RPPB,uni_G_attfp,4,1,59,0.03136922917516283,0.28799368784032525,0.6057090927002164
LOG_RPPB,uni_G_attfp,4,2,59,0.030225550023116554,0.35888893763237284,0.6003651137867156
LOG_RPPB,uni_G_attfp,4,3,59,-0.04362324712197707,0.28980552027524153,0.617311439359295
LOG_RPPB,uni_G_attfp,4,4,59,-0.004208458873736554,0.3448326247098769,0.606370164432762
LOG_RPPB,uni_G_lgbm,0,0,59,0.1949158970610655,0.53634729757176,0.5639059169559187
LOG_RPPB,uni_G_lgbm,0,1,59,-0.17944987782507926,0.4029575948666763,0.637492765824487
LOG_RPPB,uni_G_lgbm,0,2,59,-0.08044994457873922,0.28592720315164283,0.6703837232731958
LOG_RPPB,uni_G_lgbm,0,3,59,-0.03286142386760482,0.4183361839523835,0.6364099635269271
LOG_RPPB,uni_G_lgbm,0,4,59,-0.1701528180190981,0.2744089540898331,0.6561516656536832
LOG_RPPB,uni_G_lgbm,1,0,59,-0.3774166788919451,0.10465099289513828,0.7055356822884746
LOG_RPPB,uni_G_lgbm,1,1,59,-0.3063743419859539,0.2911582915985096,0.7267987621177721
LOG_RPPB,uni_G_lgbm,1,2,59,-0.006057744136878984,0.4527601624828311,0.6144755023780448
LOG_RPPB,uni_G_lgbm,1,3,59,-0.03832331055359206,0.33134123357863104,0.6486406983050943
LOG_RPPB,uni_G_lgbm,1,4,59,-0.12041925093559702,0.35112585301175275,0.6356016346874964
LOG_RPPB,uni_G_lgbm,2,0,59,-0.2638784481919554,0.28845732399119917,0.6782498191124168
LOG_RPPB,uni_G_lgbm,2,1,59,-0.21331407473944308,0.22857059395505336,0.6870926496507229
LOG_RPPB,uni_G_lgbm,2,2,59,-0.17037447802450845,0.4187854347454372,0.6174429884142272
LOG_RPPB,uni_G_lgbm,2,3,59,-0.44543015403097463,0.20055238228000088,0.7249041062761503
LOG_RPPB,uni_G_lgbm,2,4,59,0.13066741541072435,0.5422797610059162,0.5692035545409966
LOG_RPPB,uni_G_lgbm,3,0,59,-0.2775025512328908,0.2743837398191716,0.6874754345233464
LOG_RPPB,uni_G_lgbm,3,1,59,-0.09851242665891635,0.31230090359336404,0.581976632518346
LOG_RPPB,uni_G_lgbm,3,2,59,-0.1588421096953334,0.34786801941529216,0.6423887652377955
LOG_RPPB,uni_G_lgbm,3,3,59,0.018908812266628883,0.44686353877675494,0.5993090380411176
LOG_RPPB,uni_G_lgbm,3,4,59,-0.09627556092766354,0.34983122271273087,0.6437927616483129
LOG_RPPB,uni_G_lgbm,4,0,59,-0.03728262716384756,0.4264422235733022,0.589012455979572
LOG_RPPB,uni_G_lgbm,4,1,59,-0.15837589095371185,0.2556804068247877,0.6705383857660725
LOG_RPPB,uni_G_lgbm,4,2,59,0.04633364585896216,0.3852471000531279,0.6270891397592829
LOG_RPPB,uni_G_lgbm,4,3,59,-0.1384710317096458,0.3042391836624502,0.6661666935725801
LOG_RPPB,uni_G_lgbm,4,4,59,-0.3031010604805797,0.24580270908712876,0.7089208443068485
LOG_RPPB,uni_G_rf,0,0,59,0.1342500398214762,0.461826205172262,0.5876510041830403
LOG_RPPB,uni_G_rf,0,1,59,-0.2973511539408489,0.3493292813636047,0.6895979320518687
LOG_RPPB,uni_G_rf,0,2,59,-0.2710701174218204,0.1101839815207816,0.7343335134039848
LOG_RPPB,uni_G_rf,0,3,59,-0.4434143262366361,0.20438404348350644,0.7091004317665355
LOG_RPPB,uni_G_rf,0,4,59,-0.3022291595556821,0.21647134502302523,0.6608466045513414
LOG_RPPB,uni_G_rf,1,0,59,-0.3973171353803828,0.1494578720734104,0.7310819262717634
LOG_RPPB,uni_G_rf,1,1,59,-0.3175034502688989,0.24351536711701655,0.7195595169702593
LOG_RPPB,uni_G_rf,1,2,59,-0.1299107764756544,0.34925551971231433,0.6405234368156206
LOG_RPPB,uni_G_rf,1,3,59,-0.1096706198586368,0.36325111198777904,0.6537454723189352
LOG_RPPB,uni_G_rf,1,4,59,-0.09515709551414009,0.43966449500828825,0.6152107081750381
LOG_RPPB,uni_G_rf,2,0,59,-0.3059263941566088,0.19344468363705644,0.7007271854765743
LOG_RPPB,uni_G_rf,2,1,59,-0.3282045116394299,0.1560180059917224,0.7346957260560413
LOG_RPPB,uni_G_rf,2,2,59,-0.25947218547389794,0.34245294765691664,0.6326983169963852
LOG_RPPB,uni_G_rf,2,3,59,-0.3506249798333978,0.3222374848418896,0.6845332832203552
LOG_RPPB,uni_G_rf,2,4,59,-0.050208226549665724,0.41720983893551256,0.6319782409179795
LOG_RPPB,uni_G_rf,3,0,59,-0.4119699845740872,0.15766555620737155,0.7215867142034275
LOG_RPPB,uni_G_rf,3,1,59,-0.15664844078001394,0.3498655613167353,0.6125801420505983
LOG_RPPB,uni_G_rf,3,2,59,-0.18404131365482557,0.3642129615797904,0.6759605121242231
LOG_RPPB,uni_G_rf,3,3,59,-0.41807736595476985,0.15179589119071055,0.728505254153078
LOG_RPPB,uni_G_rf,3,4,59,-0.4453504411002591,0.244790601581323,0.7409525811739305
LOG_RPPB,uni_G_rf,4,0,59,-0.19426796269628244,0.32524293156114004,0.6320488694352039
LOG_RPPB,uni_G_rf,4,1,59,-0.2030980830367768,0.3459352059031003,0.6433218864407735
LOG_RPPB,uni_G_rf,4,2,59,-0.03752135389835409,0.36581766204638694,0.658644966818251
LOG_RPPB,uni_G_rf,4,3,59,-0.4560214720505291,0.1839728792925535,0.7281934875433332
LOG_RPPB,uni_G_rf,4,4,59,-0.4802386247895263,0.20450991831905896,0.777520380475565
LOG_RPPB,uni_M_lgbm,0,0,59,0.13473410429433486,0.4295274555071743,0.5994482374995497
LOG_RPPB,uni_M_lgbm,0,1,59,-0.0131758056952751,0.3507115929746632,0.6070464164156959
LOG_RPPB,uni_M_lgbm,0,2,59,0.010210442840303036,0.4072006779859142,0.6041479070247475
LOG_RPPB,uni_M_lgbm,0,3,59,-0.11623100902831074,0.3848446769338671,0.6652888098245526
LOG_RPPB,uni_M_lgbm,0,4,59,-0.04370534793676728,0.3769835471521669,0.6196260044055905
LOG_RPPB,uni_M_lgbm,1,0,59,-0.06724141586354815,0.3768958765598059,0.6241065103587028
LOG_RPPB,uni_M_lgbm,1,1,59,-0.05754831300082697,0.42356585522662843,0.6161385950005792
LOG_RPPB,uni_M_lgbm,1,2,59,0.07822239291111655,0.4666997866682252,0.5941800136316833
LOG_RPPB,uni_M_lgbm,1,3,59,0.02446211352063521,0.387854700604927,0.6411068227401615
LOG_RPPB,uni_M_lgbm,1,4,59,-0.01861323043765939,0.37552237061281735,0.625544800512708
LOG_RPPB,uni_M_lgbm,2,0,59,-0.08940388990612447,0.40851573687132875,0.6402053457416356
LOG_RPPB,uni_M_lgbm,2,1,59,0.027592049912589456,0.3949852421169526,0.608731315092633
LOG_RPPB,uni_M_lgbm,2,2,59,0.04114495202790713,0.4158216195680761,0.613432752797298
LOG_RPPB,uni_M_lgbm,2,3,59,-0.010673320763254557,0.32675307220344635,0.6046187724564694
LOG_RPPB,uni_M_lgbm,2,4,59,0.08116291094995598,0.4497793623425581,0.6027284549684003
LOG_RPPB,uni_M_lgbm,3,0,59,-0.020316618458821933,0.41728279610742564,0.6301971208594199
LOG_RPPB,uni_M_lgbm,3,1,59,0.05859119177570782,0.4271603495134282,0.6330549763963094
LOG_RPPB,uni_M_lgbm,3,2,59,-0.20638002331846472,0.29232297846225774,0.6815603861715036
LOG_RPPB,uni_M_lgbm,3,3,59,0.04067920160236216,0.3846108886875712,0.589329005854602
LOG_RPPB,uni_M_lgbm,3,4,59,-0.06393925606847795,0.36394985242116945,0.6133251053005325
LOG_RPPB,uni_M_lgbm,4,0,59,0.119697563123778,0.4782723048598731,0.6059769177241587
LOG_RPPB,uni_M_lgbm,4,1,59,0.033118269013227675,0.39995324235074076,0.6016250334491092
LOG_RPPB,uni_M_lgbm,4,2,59,0.068953295982627,0.3659078289838978,0.6077832623526731
LOG_RPPB,uni_M_lgbm,4,3,59,-0.019681629334194817,0.37313149323795747,0.6172359937205096
LOG_RPPB,uni_M_lgbm,4,4,59,-0.0018542641689802686,0.42996580846897914,0.5880043094806031
LOG_RPPB,uni_M_rf,0,0,59,0.21152975420291809,0.44244425611502375,0.5736596343478407
LOG_RPPB,uni_M_rf,0,1,59,0.12770735156343105,0.3977030304801426,0.5840182159256124
LOG_RPPB,uni_M_rf,0,2,59,0.16331771407521478,0.4292644437300914,0.5819383640031064
LOG_RPPB,uni_M_rf,0,3,59,0.1627255603782889,0.4609719746339752,0.5845905906936083
LOG_RPPB,uni_M_rf,0,4,59,0.17625450552537447,0.43896665595137196,0.5627444146041211
LOG_RPPB,uni_M_rf,1,0,59,0.15759035285676948,0.4283585142756947,0.5776163070470888
LOG_RPPB,uni_M_rf,1,1,59,0.08800162601457573,0.39437154797042573,0.5926043050048885
LOG_RPPB,uni_M_rf,1,2,59,0.16429068489635523,0.4478798328414038,0.5829262827080147
LOG_RPPB,uni_M_rf,1,3,59,0.18805078422519994,0.44790905637219086,0.5894102573107728
LOG_RPPB,uni_M_rf,1,4,59,0.16178098565193255,0.44557117390923157,0.566647126104867
LOG_RPPB,uni_M_rf,2,0,59,0.1486308419230189,0.44752915047195996,0.5813202810966358
LOG_RPPB,uni_M_rf,2,1,59,0.099719298987476,0.38329582980215665,0.5831698628216586
LOG_RPPB,uni_M_rf,2,2,59,0.1931020698285899,0.4682778573307227,0.5804613253824487
LOG_RPPB,uni_M_rf,2,3,59,0.16608594588768988,0.39787837166486445,0.5912940331057324
LOG_RPPB,uni_M_rf,2,4,59,0.1955092416314863,0.45690990385458363,0.5823478761789322
LOG_RPPB,uni_M_rf,3,0,59,0.17340553596181563,0.46041672754902235,0.5700495659944778
LOG_RPPB,uni_M_rf,3,1,59,0.2144212080156731,0.44919489172681837,0.576166883320771
LOG_RPPB,uni_M_rf,3,2,59,0.14428509725619565,0.42803705543703785,0.5866516221317232
LOG_RPPB,uni_M_rf,3,3,59,0.13488905812328544,0.42488091411204293,0.5853018163677883
LOG_RPPB,uni_M_rf,3,4,59,0.12764258270960294,0.4122271252812764,0.5824984142555039
LOG_RPPB,uni_M_rf,4,0,59,0.19793869792463425,0.4427657149536806,0.5712008814923791
LOG_RPPB,uni_M_rf,4,1,59,0.16159993393285366,0.4401940442444255,0.5727668190560693
LOG_RPPB,uni_M_rf,4,2,59,0.18525740537990254,0.43908355007452,0.5741151259509026
LOG_RPPB,uni_M_rf,4,3,59,0.13040192912106574,0.40521347789239887,0.5866117545000348
LOG_RPPB,uni_M_rf,4,4,59,0.15630400380919895,0.44454835033168705,0.5727461268479128
LOG_RPPB,uni_R_lgbm,0,0,59,0.16540562801237102,0.44412297640100556,0.5733849592625001
LOG_RPPB,uni_R_lgbm,0,1,59,0.1629874658516487,0.48510178389441194,0.5478112448111829
LOG_RPPB,uni_R_lgbm,0,2,59,0.2767521434287128,0.5482998963134835,0.527044346474755
LOG_RPPB,uni_R_lgbm,0,3,59,0.23716308396396202,0.5681970959818625,0.5202924904577532
LOG_RPPB,uni_R_lgbm,0,4,59,0.263710008278529,0.57691015100333,0.512536062041821
LOG_RPPB,uni_R_lgbm,1,0,59,0.18946931183132676,0.496449134319715,0.542228630698445
LOG_RPPB,uni_R_lgbm,1,1,59,0.3112714082843129,0.592106609061267,0.5016200735744809
LOG_RPPB,uni_R_lgbm,1,2,59,0.18621829388529676,0.5182067919683246,0.5578465447784173
LOG_RPPB,uni_R_lgbm,1,3,59,0.263669996108144,0.5562780367939004,0.5398149542090226
LOG_RPPB,uni_R_lgbm,1,4,59,0.21458337349480683,0.5122022539751823,0.5360252205935909
LOG_RPPB,uni_R_lgbm,2,0,59,0.2411046713629329,0.5462489415182077,0.521519928284429
LOG_RPPB,uni_R_lgbm,2,1,59,0.1895198460351023,0.511924247934503,0.5403074538811125
LOG_RPPB,uni_R_lgbm,2,2,59,0.22772824372360723,0.5496361670417019,0.5308450732033164
LOG_RPPB,uni_R_lgbm,2,3,59,0.2025162309606906,0.5022065063960666,0.5561785890411594
LOG_RPPB,uni_R_lgbm,2,4,59,0.28052622099325486,0.5659136736900551,0.5174369350946308
LOG_RPPB,uni_R_lgbm,3,0,59,0.24224592149071067,0.5725974956411296,0.5148272017893224
LOG_RPPB,uni_R_lgbm,3,1,59,0.2666733540583328,0.5534725368447428,0.5295589621890033
LOG_RPPB,uni_R_lgbm,3,2,59,0.24720305623889616,0.5333898363730569,0.5127949527981666
LOG_RPPB,uni_R_lgbm,3,3,59,0.16995284456961735,0.5026520742240654,0.5604879173365871
LOG_RPPB,uni_R_lgbm,3,4,59,0.19942558500362706,0.5160008191881373,0.5392481207545688
LOG_RPPB,uni_R_lgbm,4,0,59,0.21079759105390283,0.49537530873093805,0.5558688989980128
LOG_RPPB,uni_R_lgbm,4,1,59,0.2159172659458276,0.5427419128422575,0.5370761931192848
LOG_RPPB,uni_R_lgbm,4,2,59,0.2646300823193338,0.577553078075012,0.5195496372929564
LOG_RPPB,uni_R_lgbm,4,3,59,0.19765353906085226,0.5305824249685847,0.5246277559231766
LOG_RPPB,uni_R_lgbm,4,4,59,0.18986287351553044,0.5338632611584435,0.5351717926515854
LOG_RPPB,uni_R_rf,0,0,59,0.17878453121892612,0.4580721518921459,0.5543106452256912
LOG_RPPB,uni_R_rf,0,1,59,0.1977395762292159,0.5141220649593954,0.5362786344824543
LOG_RPPB,uni_R_rf,0,2,59,0.3013800250180517,0.583906836807462,0.5014140123274706
LOG_RPPB,uni_R_rf,0,3,59,0.28981979044226114,0.5909582395745053,0.4964702140583027
LOG_RPPB,uni_R_rf,0,4,59,0.2709616963799324,0.5911541665471273,0.49166724114378296
LOG_RPPB,uni_R_rf,1,0,59,0.25838099916295154,0.5686523766296183,0.5063685503073616
LOG_RPPB,uni_R_rf,1,1,59,0.2253215944307737,0.5188562077732088,0.5211364575978739
LOG_RPPB,uni_R_rf,1,2,59,0.23533095390962844,0.566957436609858,0.5110432656898747
LOG_RPPB,uni_R_rf,1,3,59,0.27545022344212156,0.5336430982904292,0.5149010910497477
LOG_RPPB,uni_R_rf,1,4,59,0.31496412034258725,0.6212831865535581,0.4924820524666141
LOG_RPPB,uni_R_rf,2,0,59,0.24359571660574142,0.5497822846956367,0.504558707369738
LOG_RPPB,uni_R_rf,2,1,59,0.2931836455704214,0.6045179578596684,0.4955492433777637
LOG_RPPB,uni_R_rf,2,2,59,0.2599952498539435,0.5578106051239096,0.5007003489117755
LOG_RPPB,uni_R_rf,2,3,59,0.1431651023756073,0.4416487675627433,0.5747055944567685
LOG_RPPB,uni_R_rf,2,4,59,0.2965347752900921,0.5693537311205537,0.5101408663191673
LOG_RPPB,uni_R_rf,3,0,59,0.22062434774027428,0.5466766025803109,0.5167580335859917
LOG_RPPB,uni_R_rf,3,1,59,0.3278441867406653,0.5788804629557588,0.5059195485618947
LOG_RPPB,uni_R_rf,3,2,59,0.3234298210304629,0.6089802598584005,0.4730662495109705
LOG_RPPB,uni_R_rf,3,3,59,0.2699971761042098,0.5899852423955684,0.5055453164266999
LOG_RPPB,uni_R_rf,3,4,59,0.1958027948493063,0.49334443816543583,0.5479418698844427
LOG_RPPB,uni_R_rf,4,0,59,0.30533618348389435,0.5843744064680856,0.509704278728187
LOG_RPPB,uni_R_rf,4,1,59,0.26434851105641577,0.5410949897566172,0.5276451113709542
LOG_RPPB,uni_R_rf,4,2,59,0.2769974921092653,0.582942474382426,0.5006168823034222
LOG_RPPB,uni_R_rf,4,3,59,0.1924176076769799,0.4950393781851963,0.5287667187013145
LOG_RPPB,uni_R_rf,4,4,59,0.24419032527859397,0.5634506641551812,0.516931936121085
LOG_RPPB,uni_S_lgbm,0,0,59,-0.061476159114750795,0.29118751555631334,0.6392651255948546
LOG_RPPB,uni_S_lgbm,0,1,59,-0.36947302123127623,-0.026390390786525147,0.7391556482473834
LOG_RPPB,uni_S_lgbm,0,2,59,-0.32779112950390044,0.09114686071780562,0.7929678949152138
LOG_RPPB,uni_S_lgbm,0,3,59,-0.14706678897708714,0.12373062144251008,0.7054014650318626
LOG_RPPB,uni_S_lgbm,0,4,59,-0.24961735478638003,0.14161516096136134,0.6757625660943529
LOG_RPPB,uni_S_lgbm,1,0,59,-0.18366077720102925,0.19871710576501384,0.6972865080669053
LOG_RPPB,uni_S_lgbm,1,1,59,-0.37327362416877463,0.04582182674110907,0.7592491569844958
LOG_RPPB,uni_S_lgbm,1,2,59,-0.6063693353946336,-0.016511053640769532,0.8354839593842461
LOG_RPPB,uni_S_lgbm,1,3,59,-0.1527363157802104,0.2299566037154256,0.6863146078428662
LOG_RPPB,uni_S_lgbm,1,4,59,-0.3963259727261561,-0.06855740148892978,0.7523364621398103
LOG_RPPB,uni_S_lgbm,2,0,59,-0.04704944040314718,0.25546837332319866,0.6685569285721225
LOG_RPPB,uni_S_lgbm,2,1,59,-0.4585454447338342,0.05038283946274486,0.755387098396964
LOG_RPPB,uni_S_lgbm,2,2,59,-0.194142170528683,0.15856919504301042,0.6844649986136895
LOG_RPPB,uni_S_lgbm,2,3,59,-0.35287499760210217,0.09378242136577394,0.7319061550579591
LOG_RPPB,uni_S_lgbm,2,4,59,-0.04374288696069173,0.2971405193262736,0.6668984333323605
LOG_RPPB,uni_S_lgbm,3,0,59,-0.11645874370793319,0.3101155774085775,0.6979221392461474
LOG_RPPB,uni_S_lgbm,3,1,59,-0.1008228868469283,0.19714193868903238,0.665970451753184
LOG_RPPB,uni_S_lgbm,3,2,59,-0.20108992585808272,0.19038852118515667,0.6971504285953364
LOG_RPPB,uni_S_lgbm,3,3,59,-0.37135906709294364,0.1350399626088425,0.7448393395116798
LOG_RPPB,uni_S_lgbm,3,4,59,-0.07604214073607007,0.22852801075425927,0.6841152359251782
LOG_RPPB,uni_S_lgbm,4,0,59,-0.1540603244853911,0.13308201465498135,0.7372185978406948
LOG_RPPB,uni_S_lgbm,4,1,59,-0.40827657316568833,0.01946258712345577,0.7730962398034189
LOG_RPPB,uni_S_lgbm,4,2,59,-0.14447217503267873,0.09611759721645066,0.6805901164544959
LOG_RPPB,uni_S_lgbm,4,3,59,-0.22194151283338548,0.1808325662461626,0.6954250160919625
LOG_RPPB,uni_S_lgbm,4,4,59,-0.20058268061340834,0.1263899238873066,0.7254738644846844
LOG_RPPB,uni_S_rf,0,0,59,0.137304668550284,0.39252256004232433,0.5871693935550344
LOG_RPPB,uni_S_rf,0,1,59,-0.16795731038373507,0.0016073176792048606,0.6939770544949945
LOG_RPPB,uni_S_rf,0,2,59,-0.10287867306501286,0.13892583370936804,0.6899927918533216
LOG_RPPB,uni_S_rf,0,3,59,-0.042432544295698094,0.24232062126723178,0.6512825861926336
LOG_RPPB,uni_S_rf,0,4,59,0.02357514568147978,0.28087145845159844,0.6246656918542213
LOG_RPPB,uni_S_rf,1,0,59,-0.17965251314764608,0.09363766564786996,0.7159589336850782
LOG_RPPB,uni_S_rf,1,1,59,-0.06705934253346313,0.12733305567056635,0.6805304955270696
LOG_RPPB,uni_S_rf,1,2,59,-0.1040091667773766,0.11745447606395674,0.6870518815334605
LOG_RPPB,uni_S_rf,1,3,59,0.12239139936485599,0.3836857584628172,0.6021942236281788
LOG_RPPB,uni_S_rf,1,4,59,-0.1777612894742493,-0.035984157835277135,0.6962145694606828
LOG_RPPB,uni_S_rf,2,0,59,-0.2013870968230791,0.03419402928771054,0.7089962848576051
LOG_RPPB,uni_S_rf,2,1,59,-0.24594188394630745,-0.04592291791975659,0.7109499521037288
LOG_RPPB,uni_S_rf,2,2,59,-0.005823284763132985,0.24185911389442827,0.6504069110753513
LOG_RPPB,uni_S_rf,2,3,59,-0.23075657700454877,0.008886420781416934,0.7143207781525619
LOG_RPPB,uni_S_rf,2,4,59,0.072131987821065,0.3895173951100606,0.6128861345451906
LOG_RPPB,uni_S_rf,3,0,59,-0.06215803053944158,0.3189257117499621,0.6527361460071371
LOG_RPPB,uni_S_rf,3,1,59,0.06900388591739692,0.30735956369594475,0.60428336721485
LOG_RPPB,uni_S_rf,3,2,59,-0.10842641397300179,0.12175234553340394,0.717191476113433
LOG_RPPB,uni_S_rf,3,3,59,-0.30111643239454167,-0.11115008113367297,0.7300607936543142
LOG_RPPB,uni_S_rf,3,4,59,-0.00023796302377543377,0.3205261292777046,0.6626991984760257
LOG_RPPB,uni_S_rf,4,0,59,-0.07401923528193688,0.1499722350832363,0.6871157439207322
LOG_RPPB,uni_S_rf,4,1,59,-0.3879210405600235,-0.0886427405792046,0.7474477392401715
LOG_RPPB,uni_S_rf,4,2,59,0.0010137493977419032,0.1940660692706199,0.6452921108353035
LOG_RPPB,uni_S_rf,4,3,59,-0.0883007969182108,0.23300205424854814,0.6652115599180581
LOG_RPPB,uni_S_rf,4,4,59,-0.062200038347404174,0.14375913973081922,0.6669830674065256
LOG_SOL,chemeleon,0,0,672,0.3522967818296687,0.5138873380434378,0.36453195201339283
LOG_SOL,chemeleon,0,1,672,0.37024672081614607,0.5155159163833626,0.36788151160967264
LOG_SOL,chemeleon,0,2,672,0.34813236145777016,0.4850187608593529,0.36679182639732144
LOG_SOL,chemeleon,0,3,672,0.3192126869027828,0.45630685493224066,0.37895189563958337
LOG_SOL,chemeleon,0,4,672,0.36956361881812916,0.5204446549346762,0.37606869369226187
LOG_SOL,chemeleon,1,0,672,0.34697493089530695,0.4881930344108295,0.3795802925907143
LOG_SOL,chemeleon,1,1,672,0.38840515754444416,0.5337552661905389,0.36388055795982144
LOG_SOL,chemeleon,1,2,672,0.37993827178853623,0.5139206731947825,0.36030895498511906
LOG_SOL,chemeleon,1,3,672,0.38205843636953385,0.5150697868727206,0.36803481476116073
LOG_SOL,chemeleon,1,4,672,0.3608686441991451,0.5020388270881626,0.37080246916071424
LOG_SOL,chemeleon,2,0,672,0.3635488189672972,0.4970495079296603,0.3769936839404762
LOG_SOL,chemeleon,2,1,672,0.3815730635166953,0.515878688243904,0.3651708680699405
LOG_SOL,chemeleon,2,2,672,0.35969698806955164,0.5110145835062001,0.380063447547619
LOG_SOL,chemeleon,2,3,672,0.3789922707396193,0.519265606844439,0.3698701981964286
LOG_SOL,chemeleon,2,4,672,0.3714861176552139,0.5144951608326663,0.36945398003526786
LOG_SOL,chemeleon,3,0,672,0.3581184482254586,0.5180719078958708,0.3623032024166667
LOG_SOL,chemeleon,3,1,672,0.3630611648665567,0.5256105357192213,0.36668475268705353
LOG_SOL,chemeleon,3,2,672,0.3377198055720362,0.494878590798878,0.36961948582485116
LOG_SOL,chemeleon,3,3,672,0.3921987042878805,0.5170183905742503,0.3647997707477678
LOG_SOL,chemeleon,3,4,672,0.3618587041484208,0.5184913851028278,0.3821523314285714
LOG_SOL,chemeleon,4,0,672,0.372877155870289,0.5114626111037514,0.36212725400297624
LOG_SOL,chemeleon,4,1,672,0.3934568014569588,0.521060781854133,0.3668454870491072
LOG_SOL,chemeleon,4,2,672,0.3668000416142764,0.5281419114171243,0.36413909362276786
LOG_SOL,chemeleon,4,3,672,0.3005349733930638,0.4905074350489123,0.3860715024164732
LOG_SOL,chemeleon,4,4,672,0.35938933726544575,0.5245497819412591,0.3635138654553572
LOG_SOL,chemprop,0,0,672,0.3589277330340763,0.47066971811845104,0.377034818125
LOG_SOL,chemprop,0,1,672,0.30687566901732477,0.4719869904335107,0.3833993572325894
LOG_SOL,chemprop,0,2,672,0.36794367955384955,0.4956364217691578,0.3770928888497024
LOG_SOL,chemprop,0,3,672,0.3538735071186302,0.5087173842807331,0.37140300454017855
LOG_SOL,chemprop,0,4,672,0.3422364896156591,0.4821736274409936,0.391650611844494
LOG_SOL,chemprop,1,0,672,0.3009990397613249,0.4416164728954814,0.39580124726934524
LOG_SOL,chemprop,1,1,672,0.3181332164712092,0.4605566319787038,0.3919300881123512
LOG_SOL,chemprop,1,2,672,0.3721743190699387,0.4965965373974494,0.38190443923214284
LOG_SOL,chemprop,1,3,672,0.3668944611362267,0.5142599364580827,0.38079874826488097
LOG_SOL,chemprop,1,4,672,0.3224868879446161,0.4612774304825134,0.3874201563459822
LOG_SOL,chemprop,2,0,672,0.3187794702612715,0.4670736145231193,0.38084448760892853
LOG_SOL,chemprop,2,1,672,0.3542779125503429,0.4861901968302142,0.3800298803392857
LOG_SOL,chemprop,2,2,672,0.3380550243625007,0.46006894227344347,0.3937058050372024
LOG_SOL,chemprop,2,3,672,0.3807075547096952,0.4997438225256843,0.3756517078452381
LOG_SOL,chemprop,2,4,672,0.35352565394732705,0.49547049733850246,0.38735704312816965
LOG_SOL,chemprop,3,0,672,0.35076140677491174,0.4827387037312854,0.37093499980610123
LOG_SOL,chemprop,3,1,672,0.35526672911224944,0.49437358105057017,0.38959333645684524
LOG_SOL,chemprop,3,2,672,0.3181174496243353,0.475574137431239,0.3786464274122024
LOG_SOL,chemprop,3,3,672,0.3746126094616846,0.4792133236450641,0.38563736536354165
LOG_SOL,chemprop,3,4,672,0.3162215475152609,0.4698573962364831,0.39447152252619044
LOG_SOL,chemprop,4,0,672,0.3651607594360493,0.46419366307301735,0.3780213903690476
LOG_SOL,chemprop,4,1,672,0.3736190956344905,0.48768741173862395,0.38517815403125005
LOG_SOL,chemprop,4,2,672,0.3263286332367743,0.49235318616604384,0.3810128611309524
LOG_SOL,chemprop,4,3,672,0.34064341619663585,0.4909554033312476,0.3809600199845239
LOG_SOL,chemprop,4,4,672,0.33886934548581304,0.4905244585158801,0.37997491585119053
LOG_SOL,chemprop_st,0,0,672,0.38033547178275406,0.48876957830953177,0.3794005557633929
LOG_SOL,chemprop_st,0,1,672,0.3051209528312553,0.4660880526671999,0.3824746371239583
LOG_SOL,chemprop_st,0,2,672,0.37875748913503304,0.5038456724046004,0.3725435543943452
LOG_SOL,chemprop_st,0,3,672,0.2946827595110203,0.4805060196889961,0.3743213506473214
LOG_SOL,chemprop_st,0,4,672,0.35539279333992235,0.4946948915751866,0.39206832150888393
LOG_SOL,chemprop_st,1,0,672,0.3117831528348085,0.4840205648624434,0.3744964588794643
LOG_SOL,chemprop_st,1,1,672,0.33959867146296674,0.47144348511007356,0.37648252982142855
LOG_SOL,chemprop_st,1,2,672,0.3793268701386572,0.5216772251214079,0.363845147358631
LOG_SOL,chemprop_st,1,3,672,0.36767166798480566,0.5137706847854698,0.3776400589300596
LOG_SOL,chemprop_st,1,4,672,0.33602833756249817,0.48808438870701026,0.3738630992720238
LOG_SOL,chemprop_st,2,0,672,0.3366696897564426,0.4786160787360072,0.37986594995833334
LOG_SOL,chemprop_st,2,1,672,0.3551579931757747,0.4835480203089803,0.37961296570230657
LOG_SOL,chemprop_st,2,2,672,0.31552216971228064,0.44108779637602324,0.40695942892410714
LOG_SOL,chemprop_st,2,3,672,0.3631278030107089,0.47359198108923967,0.3870169818407738
LOG_SOL,chemprop_st,2,4,672,0.308928462567605,0.459803012388754,0.39076512746726194
LOG_SOL,chemprop_st,3,0,672,0.35898543648253134,0.4783091620371199,0.3752561145403274
LOG_SOL,chemprop_st,3,1,672,0.3087252906093304,0.4509166044576242,0.4146270587395833
LOG_SOL,chemprop_st,3,2,672,0.3097559182545273,0.48230376502471295,0.3728772176080357
LOG_SOL,chemprop_st,3,3,672,0.35751679222527377,0.47611254164610733,0.3703506366369047
LOG_SOL,chemprop_st,3,4,672,0.34929421085110335,0.524270209556909,0.3690115574950893
LOG_SOL,chemprop_st,4,0,672,0.31894000768568675,0.4409734761832147,0.3837884893824405
LOG_SOL,chemprop_st,4,1,672,0.3713625773234901,0.49576861561369573,0.3758100106208333
LOG_SOL,chemprop_st,4,2,672,0.32440866241085187,0.4922373830928374,0.37747101574880954
LOG_SOL,chemprop_st,4,3,672,0.31573674538061336,0.47653371922258736,0.38145503236770834
LOG_SOL,chemprop_st,4,4,672,0.3373911494356906,0.4871143872093993,0.382584910625
LOG_SOL,fus_GRMS_early_attfp,0,0,672,0.2913770044632008,0.47114918278043755,0.41362850623113684
LOG_SOL,fus_GRMS_early_attfp,0,1,672,0.3153987251182816,0.4645399255317955,0.408653712208779
LOG_SOL,fus_GRMS_early_attfp,0,2,672,0.3285555017213284,0.46824042390713905,0.4202459206773887
LOG_SOL,fus_GRMS_early_attfp,0,3,672,0.2599969414946418,0.4312814885329929,0.42283388506802144
LOG_SOL,fus_GRMS_early_attfp,0,4,672,0.29591438580420326,0.46359370943576694,0.41371036099876446
LOG_SOL,fus_GRMS_early_attfp,1,0,672,0.17754550076010955,0.46487260480612913,0.4218292247468187
LOG_SOL,fus_GRMS_early_attfp,1,1,672,0.29859981561141735,0.47496495039204434,0.41292182567640845
LOG_SOL,fus_GRMS_early_attfp,1,2,672,0.2775593312531345,0.4139220997256672,0.41429679971624916
LOG_SOL,fus_GRMS_early_attfp,1,3,672,0.2499746077684334,0.4472372420708854,0.4361121771627792
LOG_SOL,fus_GRMS_early_attfp,1,4,672,0.29901680906241546,0.4852551122230391,0.4189309329929832
LOG_SOL,fus_GRMS_early_attfp,2,0,672,0.24704916301865754,0.45013443447708035,0.4204888498691142
LOG_SOL,fus_GRMS_early_attfp,2,1,672,0.2052451498295802,0.45708271772815884,0.4239848253715589
LOG_SOL,fus_GRMS_early_attfp,2,2,672,0.2933059471105466,0.46023498533453067,0.42060026019519287
LOG_SOL,fus_GRMS_early_attfp,2,3,672,0.27031568275044493,0.4520365745928091,0.4286185379833865
LOG_SOL,fus_GRMS_early_attfp,2,4,672,0.26988314523149126,0.4206546733081984,0.42570343224432394
LOG_SOL,fus_GRMS_early_attfp,3,0,672,0.3538909961061276,0.4667966520082695,0.40463080695414666
LOG_SOL,fus_GRMS_early_attfp,3,1,672,0.2669877156100995,0.4288106934422786,0.4279538128422523
LOG_SOL,fus_GRMS_early_attfp,3,2,672,0.18437846675333736,0.3886459090500499,0.4361612976043916
LOG_SOL,fus_GRMS_early_attfp,3,3,672,0.28001950657227515,0.4867516548923352,0.41735336800514133
LOG_SOL,fus_GRMS_early_attfp,3,4,672,0.3186718327121817,0.4826360093207964,0.4203000890768796
LOG_SOL,fus_GRMS_early_attfp,4,0,672,0.2686639022471312,0.4794560217368532,0.40599085499456117
LOG_SOL,fus_GRMS_early_attfp,4,1,672,0.3265362292944629,0.5070949549515248,0.4178491737602563
LOG_SOL,fus_GRMS_early_attfp,4,2,672,0.26328972004567774,0.45444425829378904,0.4344326474524248
LOG_SOL,fus_GRMS_early_attfp,4,3,672,0.2440194378504149,0.3759771279738741,0.4414362198502297
LOG_SOL,fus_GRMS_early_attfp,4,4,672,0.2902253514399801,0.4478396078602498,0.42877390055550685
LOG_SOL,fus_GRMS_early_lgbm,0,0,672,0.38943107007955036,0.5309514584013808,0.3579273067396276
LOG_SOL,fus_GRMS_early_lgbm,0,1,672,0.32004364042047484,0.4910265192068971,0.3743445174245379
LOG_SOL,fus_GRMS_early_lgbm,0,2,672,0.4253066817704887,0.5501112640285418,0.34259008790210366
LOG_SOL,fus_GRMS_early_lgbm,0,3,672,0.36559845637057675,0.531188401596865,0.36133588465444005
LOG_SOL,fus_GRMS_early_lgbm,0,4,672,0.38812158149786957,0.545725674925823,0.34932792754709474
LOG_SOL,fus_GRMS_early_lgbm,1,0,672,0.32027610815812624,0.5350965818225853,0.36687602551511567
LOG_SOL,fus_GRMS_early_lgbm,1,1,672,0.38653674435746,0.5299562190195012,0.3518497943093643
LOG_SOL,fus_GRMS_early_lgbm,1,2,672,0.3849125947018335,0.5402057548696328,0.34934962487780813
LOG_SOL,fus_GRMS_early_lgbm,1,3,672,0.3835866915490931,0.5460118003758927,0.3567071110582535
LOG_SOL,fus_GRMS_early_lgbm,1,4,672,0.3440371407683036,0.5293415503202643,0.3642616624854064
LOG_SOL,fus_GRMS_early_lgbm,2,0,672,0.3321821489985991,0.5158756972622205,0.37064561870146584
LOG_SOL,fus_GRMS_early_lgbm,2,1,672,0.361568499097338,0.5510920169367445,0.3542879574417225
LOG_SOL,fus_GRMS_early_lgbm,2,2,672,0.32026575551371617,0.47194854743567166,0.3900045926220749
LOG_SOL,fus_GRMS_early_lgbm,2,3,672,0.393914035916038,0.5347857398715509,0.3516877667770854
LOG_SOL,fus_GRMS_early_lgbm,2,4,672,0.38579565414721373,0.5212241865979917,0.3515916852515296
LOG_SOL,fus_GRMS_early_lgbm,3,0,672,0.37785958877402637,0.5064901659773943,0.3582677358752631
LOG_SOL,fus_GRMS_early_lgbm,3,1,672,0.34196152783282274,0.5146138723666992,0.36269870390305203
LOG_SOL,fus_GRMS_early_lgbm,3,2,672,0.3553163217547881,0.5401750520902214,0.35844673784610726
LOG_SOL,fus_GRMS_early_lgbm,3,3,672,0.3972661902440435,0.5426952738069053,0.34929035504545974
LOG_SOL,fus_GRMS_early_lgbm,3,4,672,0.36321688694495513,0.5543244822440428,0.3621303089427049
LOG_SOL,fus_GRMS_early_lgbm,4,0,672,0.37626920854127044,0.4950969060695627,0.3662380274346438
LOG_SOL,fus_GRMS_early_lgbm,4,1,672,0.35461801957071026,0.5032218321318983,0.36037888283271763
LOG_SOL,fus_GRMS_early_lgbm,4,2,672,0.3411762622630028,0.493908780855666,0.38028365119453
LOG_SOL,fus_GRMS_early_lgbm,4,3,672,0.3120254121137873,0.5392854909967562,0.3642202028785687
LOG_SOL,fus_GRMS_early_lgbm,4,4,672,0.39751052544874,0.5357044211981842,0.3484599056174297
LOG_SOL,fus_GRMS_early_rf,0,0,672,0.38495633128287843,0.575716945733723,0.34709174688617217
LOG_SOL,fus_GRMS_early_rf,0,1,672,0.3310181638397526,0.5519422406620615,0.3616136192802725
LOG_SOL,fus_GRMS_early_rf,0,2,672,0.43759758916865255,0.5829573564231872,0.3318186368092891
LOG_SOL,fus_GRMS_early_rf,0,3,672,0.39114002591842734,0.560627866587316,0.35026453740302077
LOG_SOL,fus_GRMS_early_rf,0,4,672,0.4030118528935004,0.5868908647383869,0.3368529809303666
LOG_SOL,fus_GRMS_early_rf,1,0,672,0.3507587751450931,0.566150647026027,0.35400531626021364
LOG_SOL,fus_GRMS_early_rf,1,1,672,0.3884815598106668,0.5574091263956412,0.3438218812857343
LOG_SOL,fus_GRMS_early_rf,1,2,672,0.39269492583423105,0.568868153871474,0.3415099438938932
LOG_SOL,fus_GRMS_early_rf,1,3,672,0.3813645908865244,0.571401012449775,0.34800762127156
LOG_SOL,fus_GRMS_early_rf,1,4,672,0.35592043690156383,0.5600387083193623,0.3530116891706831
LOG_SOL,fus_GRMS_early_rf,2,0,672,0.3715090820274357,0.561704991364871,0.35329631039387055
LOG_SOL,fus_GRMS_early_rf,2,1,672,0.3840192291116039,0.5773617764428087,0.3423582752569415
LOG_SOL,fus_GRMS_early_rf,2,2,672,0.3299457405023716,0.5110032542999603,0.38108203156313775
LOG_SOL,fus_GRMS_early_rf,2,3,672,0.40509394658113584,0.5570805200994673,0.3408930320478621
LOG_SOL,fus_GRMS_early_rf,2,4,672,0.39560411163951303,0.5777212464229976,0.3427195128200949
LOG_SOL,fus_GRMS_early_rf,3,0,672,0.3852576458097027,0.5636684040986409,0.3479599998811788
LOG_SOL,fus_GRMS_early_rf,3,1,672,0.3755778467443014,0.5687144483752974,0.3461084541556802
LOG_SOL,fus_GRMS_early_rf,3,2,672,0.35378431347964145,0.5578151785920626,0.3535050504152895
LOG_SOL,fus_GRMS_early_rf,3,3,672,0.40515316494831366,0.5590487175939877,0.3394552601453719
LOG_SOL,fus_GRMS_early_rf,3,4,672,0.3910401233901377,0.5846059635343529,0.34714290829967404
LOG_SOL,fus_GRMS_early_rf,4,0,672,0.3733737449034017,0.5399412896018826,0.35904416872899425
LOG_SOL,fus_GRMS_early_rf,4,1,672,0.376535384449305,0.5460910714163016,0.348760297373317
LOG_SOL,fus_GRMS_early_rf,4,2,672,0.33815512865459263,0.533772052396643,0.3738044650339158
LOG_SOL,fus_GRMS_early_rf,4,3,672,0.33252919124894387,0.576025088280406,0.3529743990775076
LOG_SOL,fus_GRMS_early_rf,4,4,672,0.40903327210296736,0.5741887682826051,0.33867481375634745
LOG_SOL,fus_GRMS_late_attfp,0,0,672,0.38896618429802654,0.5249709595177391,0.37181823078577037
LOG_SOL,fus_GRMS_late_attfp,0,1,672,0.3265117875196347,0.5014181328970803,0.38444154228249516
LOG_SOL,fus_GRMS_late_attfp,0,2,672,0.415862488165498,0.5451870482105278,0.3575713213852822
LOG_SOL,fus_GRMS_late_attfp,0,3,672,0.3567010795194733,0.5276769196678213,0.36701524025596505
LOG_SOL,fus_GRMS_late_attfp,0,4,672,0.3959417506619207,0.5298715826567085,0.3776814245507189
LOG_SOL,fus_GRMS_late_attfp,1,0,672,0.36343234902991195,0.5383362989461535,0.36524351363666374
LOG_SOL,fus_GRMS_late_attfp,1,1,672,0.3836231414098731,0.5272424752547147,0.3642108888257321
LOG_SOL,fus_GRMS_late_attfp,1,2,672,0.3813218304775312,0.5350296338327528,0.3592354321450745
LOG_SOL,fus_GRMS_late_attfp,1,3,672,0.38577701398612585,0.5369938967512842,0.3711479119608597
LOG_SOL,fus_GRMS_late_attfp,1,4,672,0.36022885941432103,0.5274128680983025,0.3755303001210499
LOG_SOL,fus_GRMS_late_attfp,2,0,672,0.3631593726716379,0.5151420921209221,0.36654056393101253
LOG_SOL,fus_GRMS_late_attfp,2,1,672,0.3461659230691496,0.5184001385290106,0.36607142374559926
LOG_SOL,fus_GRMS_late_attfp,2,2,672,0.35684622258701315,0.5089052355695386,0.38652346730136744
LOG_SOL,fus_GRMS_late_attfp,2,3,672,0.3751655794022891,0.507293384120502,0.39250335033427114
LOG_SOL,fus_GRMS_late_attfp,2,4,672,0.38141988399158633,0.5130474148143304,0.37094908309738667
LOG_SOL,fus_GRMS_late_attfp,3,0,672,0.36490383849368047,0.5190193102962177,0.3653676956940807
LOG_SOL,fus_GRMS_late_attfp,3,1,672,0.3635753484850638,0.5052645269318382,0.3840430014878923
LOG_SOL,fus_GRMS_late_attfp,3,2,672,0.3463947448264797,0.5174719938020976,0.37221974368937877
LOG_SOL,fus_GRMS_late_attfp,3,3,672,0.3669392157243616,0.5334336986333204,0.37373311375613744
LOG_SOL,fus_GRMS_late_attfp,3,4,672,0.3706475235804273,0.5046603619142578,0.3761292896863174
LOG_SOL,fus_GRMS_late_attfp,4,0,672,0.34583640035720564,0.48568046163637174,0.3857123349944186
LOG_SOL,fus_GRMS_late_attfp,4,1,672,0.40878276835885763,0.5407951321349915,0.361527772515497
LOG_SOL,fus_GRMS_late_attfp,4,2,672,0.31518472256460317,0.4818362622646027,0.41347845111533654
LOG_SOL,fus_GRMS_late_attfp,4,3,672,0.36129071091128984,0.5136019923114051,0.3704966099635326
LOG_SOL,fus_GRMS_late_attfp,4,4,672,0.38157897049824085,0.5314906310186095,0.3637665157081071
LOG_SOL,fus_GRMS_late_lgbm,0,0,672,0.19424864334328884,0.3664072614482359,0.4354447599602879
LOG_SOL,fus_GRMS_late_lgbm,0,1,672,0.20263862704432978,0.4088340427435612,0.42574040674377195
LOG_SOL,fus_GRMS_late_lgbm,0,2,672,0.24435864584201206,0.41838947555067574,0.4127801912885025
LOG_SOL,fus_GRMS_late_lgbm,0,3,672,0.26459423261340753,0.43718735072979964,0.4079277952799844
LOG_SOL,fus_GRMS_late_lgbm,0,4,672,0.2940470725304165,0.44391503854158326,0.4003126362262423
LOG_SOL,fus_GRMS_late_lgbm,1,0,672,0.20110255306226854,0.38145863022062315,0.42500723877408814
LOG_SOL,fus_GRMS_late_lgbm,1,1,672,0.2509747873140229,0.42256476695561535,0.4084422729911107
LOG_SOL,fus_GRMS_late_lgbm,1,2,672,0.2741681554355735,0.43595574934608566,0.40462669691773306
LOG_SOL,fus_GRMS_late_lgbm,1,3,672,0.2356548237550954,0.42888320064774516,0.4222472598740941
LOG_SOL,fus_GRMS_late_lgbm,1,4,672,0.1908788148370233,0.4051500555360795,0.42770551028395215
LOG_SOL,fus_GRMS_late_lgbm,2,0,672,0.24360177074630263,0.41554671703867724,0.4158478704898159
LOG_SOL,fus_GRMS_late_lgbm,2,1,672,0.2357988782396,0.42649004769757787,0.41664419064756847
LOG_SOL,fus_GRMS_late_lgbm,2,2,672,0.25533570079732526,0.4579719528769695,0.40862315515379033
LOG_SOL,fus_GRMS_late_lgbm,2,3,672,0.2716800294452346,0.4022499233550175,0.4005654927739067
LOG_SOL,fus_GRMS_late_lgbm,2,4,672,0.2300945496244442,0.4072090412054894,0.4256808519099467
LOG_SOL,fus_GRMS_late_lgbm,3,0,672,0.23177660868563732,0.3954615513012032,0.42069520903256397
LOG_SOL,fus_GRMS_late_lgbm,3,1,672,0.24314286905451588,0.42372469885959846,0.41741231123697825
LOG_SOL,fus_GRMS_late_lgbm,3,2,672,0.2235291690235045,0.42157046486604816,0.4121392682585609
LOG_SOL,fus_GRMS_late_lgbm,3,3,672,0.2156571535726426,0.4113020663566202,0.4157779106557437
LOG_SOL,fus_GRMS_late_lgbm,3,4,672,0.25394167133835854,0.44595660571898177,0.41307198422075536
LOG_SOL,fus_GRMS_late_lgbm,4,0,672,0.24194667533943504,0.4119014704986682,0.4121748416492232
LOG_SOL,fus_GRMS_late_lgbm,4,1,672,0.28149914409687204,0.46274467379993933,0.3990330510899304
LOG_SOL,fus_GRMS_late_lgbm,4,2,672,0.22845398460517186,0.4206391888986243,0.42424625499051705
LOG_SOL,fus_GRMS_late_lgbm,4,3,672,0.2553510583490445,0.4224511304143342,0.4183289434281316
LOG_SOL,fus_GRMS_late_lgbm,4,4,672,0.19439149092319707,0.39572943490554197,0.4228274774864609
LOG_SOL,fus_GRMS_late_rf,0,0,672,0.1960415949261065,0.3699732824489884,0.4353179755089948
LOG_SOL,fus_GRMS_late_rf,0,1,672,0.21671323908877826,0.4188786497644322,0.42077381321351437
LOG_SOL,fus_GRMS_late_rf,0,2,672,0.2523034307999201,0.42510475339635523,0.4110179717041572
LOG_SOL,fus_GRMS_late_rf,0,3,672,0.27280016348973735,0.449428542864309,0.4060974170404298
LOG_SOL,fus_GRMS_late_rf,0,4,672,0.28236538532078126,0.43904683213263895,0.40230372307810264
LOG_SOL,fus_GRMS_late_rf,1,0,672,0.20280561897072957,0.3875711942016877,0.4222354004262255
LOG_SOL,fus_GRMS_late_rf,1,1,672,0.25490583124914423,0.42439565851391997,0.4070857416717626
LOG_SOL,fus_GRMS_late_rf,1,2,672,0.28066831483330934,0.43811405523648517,0.40143354729511804
LOG_SOL,fus_GRMS_late_rf,1,3,672,0.23122460452952898,0.4261911046731001,0.42394294493596646
LOG_SOL,fus_GRMS_late_rf,1,4,672,0.20547732817182862,0.4082373375038433,0.4242188190182256
LOG_SOL,fus_GRMS_late_rf,2,0,672,0.2527365051722884,0.4191777945809024,0.4128297751032364
LOG_SOL,fus_GRMS_late_rf,2,1,672,0.23200193566451233,0.4241187678898837,0.41749447228452763
LOG_SOL,fus_GRMS_late_rf,2,2,672,0.25689561642180214,0.45722838884131695,0.4078631842727134
LOG_SOL,fus_GRMS_late_rf,2,3,672,0.27121901792440717,0.40382494371354977,0.40132985753489836
LOG_SOL,fus_GRMS_late_rf,2,4,672,0.2301483380648065,0.40623524317774284,0.4260234527259887
LOG_SOL,fus_GRMS_late_rf,3,0,672,0.25152249381499103,0.403441498587333,0.41595419367392994
LOG_SOL,fus_GRMS_late_rf,3,1,672,0.24839217340451625,0.4227901819081417,0.41654094533449076
LOG_SOL,fus_GRMS_late_rf,3,2,672,0.23201426483029175,0.42208606238549407,0.40968325873410855
LOG_SOL,fus_GRMS_late_rf,3,3,672,0.21644072532267322,0.41782417185744697,0.4147734273858781
LOG_SOL,fus_GRMS_late_rf,3,4,672,0.265437258787696,0.4519012612809984,0.40902113189417716
LOG_SOL,fus_GRMS_late_rf,4,0,672,0.2479193605404615,0.40849090601861365,0.4103786868064608
LOG_SOL,fus_GRMS_late_rf,4,1,672,0.26717189909025085,0.4570061491200628,0.4025857474630993
LOG_SOL,fus_GRMS_late_rf,4,2,672,0.24329445596199362,0.43004607833552716,0.4187425771402575
LOG_SOL,fus_GRMS_late_rf,4,3,672,0.2714889434966856,0.42562505114108484,0.4137936507182382
LOG_SOL,fus_GRMS_late_rf,4,4,672,0.19882281734247953,0.4020198175899173,0.4197436702609546
LOG_SOL,fus_GRM_early_attfp,0,0,672,0.33519667603072123,0.46824429916791227,0.39724688579641665
LOG_SOL,fus_GRM_early_attfp,0,1,672,0.2662903782097812,0.47357497739401033,0.44110324732810924
LOG_SOL,fus_GRM_early_attfp,0,2,672,0.3803693365956281,0.5153037656277701,0.39146569976127343
LOG_SOL,fus_GRM_early_attfp,0,3,672,0.2717464325409463,0.4888383444165169,0.419649029079903
LOG_SOL,fus_GRM_early_attfp,0,4,672,0.28773267222193,0.43115775699259234,0.436755583696027
LOG_SOL,fus_GRM_early_attfp,1,0,672,0.3124732194545409,0.4672142311283172,0.40656976980589765
LOG_SOL,fus_GRM_early_attfp,1,1,672,0.37337475074743964,0.4645939814652335,0.3946827125368481
LOG_SOL,fus_GRM_early_attfp,1,2,672,0.286109599887008,0.478176038920866,0.42277565404838185
LOG_SOL,fus_GRM_early_attfp,1,3,672,0.3150585023813771,0.46004438577405427,0.4157032322299051
LOG_SOL,fus_GRM_early_attfp,1,4,672,0.30538193135166936,0.48220619149453137,0.4297705545928447
LOG_SOL,fus_GRM_early_attfp,2,0,672,0.2853471640783882,0.46237191484659307,0.4127848349015225
LOG_SOL,fus_GRM_early_attfp,2,1,672,0.3619039057123282,0.49066487740369163,0.38634763304872083
LOG_SOL,fus_GRM_early_attfp,2,2,672,0.2807574196267224,0.46292763910450896,0.4310244852104746
LOG_SOL,fus_GRM_early_attfp,2,3,672,0.32578297168120207,0.4960155844010307,0.4139953368174706
LOG_SOL,fus_GRM_early_attfp,2,4,672,0.2662036002922512,0.4505867327701775,0.4417322287684519
LOG_SOL,fus_GRM_early_attfp,3,0,672,0.3380113684761633,0.47163875080086864,0.41691781050006516
LOG_SOL,fus_GRM_early_attfp,3,1,672,0.28907944721266865,0.44054007967225606,0.42677375060001904
LOG_SOL,fus_GRM_early_attfp,3,2,672,0.29271679708367426,0.49382222634689354,0.42845132363734384
LOG_SOL,fus_GRM_early_attfp,3,3,672,0.32822221174124533,0.477905324275426,0.4151155303101969
LOG_SOL,fus_GRM_early_attfp,3,4,672,0.3125123612704488,0.504062622711735,0.39890221228885536
LOG_SOL,fus_GRM_early_attfp,4,0,672,0.29591223684851475,0.4731799578277493,0.4203760738018166
LOG_SOL,fus_GRM_early_attfp,4,1,672,0.3238013034019881,0.5017020352921923,0.425492001431011
LOG_SOL,fus_GRM_early_attfp,4,2,672,0.2670437336461664,0.49226306658132896,0.4229456223178341
LOG_SOL,fus_GRM_early_attfp,4,3,672,0.2622897433987541,0.45624925985758624,0.4433715358051028
LOG_SOL,fus_GRM_early_attfp,4,4,672,0.298599623186116,0.45904951142923595,0.41871364738315076
LOG_SOL,fus_GRM_early_lgbm,0,0,672,0.36646886185691696,0.5805493761461278,0.35308662995206186
LOG_SOL,fus_GRM_early_lgbm,0,1,672,0.3169079325482612,0.5460363037002727,0.36745430806081414
LOG_SOL,fus_GRM_early_lgbm,0,2,672,0.42201129921498026,0.5877884621291033,0.33560326472648133
LOG_SOL,fus_GRM_early_lgbm,0,3,672,0.4078133769116121,0.5535866122079683,0.34818800541559825
LOG_SOL,fus_GRM_early_lgbm,0,4,672,0.38644815755729767,0.591486489037117,0.3397519036958443
LOG_SOL,fus_GRM_early_lgbm,1,0,672,0.36553154652361175,0.563916519646817,0.3497719206754054
LOG_SOL,fus_GRM_early_lgbm,1,1,672,0.39772692938883536,0.5594765187029115,0.3441369794757622
LOG_SOL,fus_GRM_early_lgbm,1,2,672,0.3846223073882261,0.563980421906097,0.34602475959069856
LOG_SOL,fus_GRM_early_lgbm,1,3,672,0.36315818861280413,0.545744116946671,0.35730718785791166
LOG_SOL,fus_GRM_early_lgbm,1,4,672,0.3419091875434699,0.5516691534079848,0.35958510422830986
LOG_SOL,fus_GRM_early_lgbm,2,0,672,0.3674523746672359,0.5599613217343307,0.3564916730707533
LOG_SOL,fus_GRM_early_lgbm,2,1,672,0.36927888694133226,0.5782898816262444,0.344956457679128
LOG_SOL,fus_GRM_early_lgbm,2,2,672,0.3341603666835754,0.5116119470456889,0.37691544406258753
LOG_SOL,fus_GRM_early_lgbm,2,3,672,0.39053060047620214,0.5537065717594792,0.34677235627118475
LOG_SOL,fus_GRM_early_lgbm,2,4,672,0.3896557021630457,0.5753426864930324,0.3442813916301075
LOG_SOL,fus_GRM_early_lgbm,3,0,672,0.365969964572357,0.5368274582554242,0.3578881326717487
LOG_SOL,fus_GRM_early_lgbm,3,1,672,0.36331813060842477,0.567790653430885,0.35171197776928237
LOG_SOL,fus_GRM_early_lgbm,3,2,672,0.35032833671182984,0.5798500258251872,0.35277052256073427
LOG_SOL,fus_GRM_early_lgbm,3,3,672,0.39064826801267405,0.5556563617653271,0.3440187716515817
LOG_SOL,fus_GRM_early_lgbm,3,4,672,0.37075022089701315,0.5850929414570223,0.35532332792192733
LOG_SOL,fus_GRM_early_lgbm,4,0,672,0.37902484998484876,0.5435385399580552,0.3585004728164537
LOG_SOL,fus_GRM_early_lgbm,4,1,672,0.3659135380512497,0.5298463143747283,0.3525377591219571
LOG_SOL,fus_GRM_early_lgbm,4,2,672,0.3450872838994913,0.537715565211594,0.3720215122574914
LOG_SOL,fus_GRM_early_lgbm,4,3,672,0.34057628456923306,0.5672986337148628,0.3524596833996552
LOG_SOL,fus_GRM_early_lgbm,4,4,672,0.4069299347150265,0.5623464458815238,0.3413119948613436
LOG_SOL,fus_GRM_early_rf,0,0,672,0.36863633622996306,0.5582577294180109,0.35396887360715396
LOG_SOL,fus_GRM_early_rf,0,1,672,0.31706528075139284,0.5249627542462041,0.369043771810889
LOG_SOL,fus_GRM_early_rf,0,2,672,0.4124952983915553,0.5585282068025872,0.3393438698644903
LOG_SOL,fus_GRM_early_rf,0,3,672,0.37973583381426457,0.5305008775540986,0.3568615426030405
LOG_SOL,fus_GRM_early_rf,0,4,672,0.38054584935152813,0.5631948709582458,0.34480670393978247
LOG_SOL,fus_GRM_early_rf,1,0,672,0.33015786568958283,0.522442589124109,0.3610941946083307
LOG_SOL,fus_GRM_early_rf,1,1,672,0.38438835875289434,0.5426770655338317,0.3457473865565522
LOG_SOL,fus_GRM_early_rf,1,2,672,0.38231058357970904,0.5487702210887897,0.34653561768557717
LOG_SOL,fus_GRM_early_rf,1,3,672,0.36279145763216325,0.5498779920612347,0.35641826588005515
LOG_SOL,fus_GRM_early_rf,1,4,672,0.35238658533858414,0.5454644412101428,0.3557320889089761
LOG_SOL,fus_GRM_early_rf,2,0,672,0.3503425598919463,0.5349754394971443,0.3605941363616511
LOG_SOL,fus_GRM_early_rf,2,1,672,0.36863128592292727,0.5661445573305264,0.3456713222127029
LOG_SOL,fus_GRM_early_rf,2,2,672,0.31009406709948506,0.47001082492831875,0.3908930853213064
LOG_SOL,fus_GRM_early_rf,2,3,672,0.38470287439787076,0.5360122694713537,0.34867830325285415
LOG_SOL,fus_GRM_early_rf,2,4,672,0.3821989130022697,0.5499229134514216,0.34958530702268253
LOG_SOL,fus_GRM_early_rf,3,0,672,0.37054488826047394,0.5313892613146093,0.3543848373323164
LOG_SOL,fus_GRM_early_rf,3,1,672,0.3658155088235042,0.5498618780942441,0.35191411677020584
LOG_SOL,fus_GRM_early_rf,3,2,672,0.33236347445044634,0.5451151977123151,0.35681494451001294
LOG_SOL,fus_GRM_early_rf,3,3,672,0.3891996168121421,0.5351718519487805,0.34620706334447904
LOG_SOL,fus_GRM_early_rf,3,4,672,0.36565150669919166,0.5556711114823515,0.3571801496004586
LOG_SOL,fus_GRM_early_rf,4,0,672,0.36926189184202307,0.5196780650841794,0.36225051492726784
LOG_SOL,fus_GRM_early_rf,4,1,672,0.36621136293709333,0.5164123076980218,0.3552230216179038
LOG_SOL,fus_GRM_early_rf,4,2,672,0.33345754373319125,0.5115330727513339,0.37748082131468896
LOG_SOL,fus_GRM_early_rf,4,3,672,0.3186894199516199,0.5524608731382914,0.3587330958506713
LOG_SOL,fus_GRM_early_rf,4,4,672,0.3976435484739126,0.5476137127806008,0.34341975095696853
LOG_SOL,fus_GRM_late_attfp,0,0,672,0.37901863012009007,0.5206295800061631,0.3781889055221991
LOG_SOL,fus_GRM_late_attfp,0,1,672,0.33239799058897634,0.4973697903238674,0.3846609942170281
LOG_SOL,fus_GRM_late_attfp,0,2,672,0.403584825770259,0.5366811276177598,0.36250258320914835
LOG_SOL,fus_GRM_late_attfp,0,3,672,0.34180426091689664,0.5228289486688464,0.3679040697818015
LOG_SOL,fus_GRM_late_attfp,0,4,672,0.3927954255525037,0.5392028151637299,0.3735345586621154
LOG_SOL,fus_GRM_late_attfp,1,0,672,0.36117050459687805,0.5170127556287383,0.37076644886252746
LOG_SOL,fus_GRM_late_attfp,1,1,672,0.3811286462143877,0.5254772148855811,0.3663922336299518
LOG_SOL,fus_GRM_late_attfp,1,2,672,0.3944494286682755,0.5348878704667138,0.3597006732891322
LOG_SOL,fus_GRM_late_attfp,1,3,672,0.379436694865925,0.5371150975091389,0.3750436317022073
LOG_SOL,fus_GRM_late_attfp,1,4,672,0.35418633267323174,0.5226757176943971,0.38530727826053884
LOG_SOL,fus_GRM_late_attfp,2,0,672,0.3675957468069788,0.5083102841821637,0.37006777623909853
LOG_SOL,fus_GRM_late_attfp,2,1,672,0.364506774001475,0.5324780909614384,0.3725735074174802
LOG_SOL,fus_GRM_late_attfp,2,2,672,0.3460034141735713,0.4919562289693961,0.3868736381711078
LOG_SOL,fus_GRM_late_attfp,2,3,672,0.3870066379409488,0.5127881084620848,0.3880876507592104
LOG_SOL,fus_GRM_late_attfp,2,4,672,0.38387182449012314,0.5207079749498653,0.37509903405366224
LOG_SOL,fus_GRM_late_attfp,3,0,672,0.34911900530969064,0.5062536081572354,0.37393956934640415
LOG_SOL,fus_GRM_late_attfp,3,1,672,0.37289629148505565,0.5241304233647338,0.3803281976375808
LOG_SOL,fus_GRM_late_attfp,3,2,672,0.35579271215962427,0.5228473957009963,0.3801128039325002
LOG_SOL,fus_GRM_late_attfp,3,3,672,0.35257930683144645,0.5227266496931302,0.375892187241606
LOG_SOL,fus_GRM_late_attfp,3,4,672,0.3645261705929318,0.5112727628693434,0.3762471351125176
LOG_SOL,fus_GRM_late_attfp,4,0,672,0.35108334342930836,0.49894128765434254,0.3766329480941575
LOG_SOL,fus_GRM_late_attfp,4,1,672,0.4124396359329283,0.5529710433103837,0.3669205364463772
LOG_SOL,fus_GRM_late_attfp,4,2,672,0.3235579402639722,0.49744466589809183,0.3940970635615005
LOG_SOL,fus_GRM_late_attfp,4,3,672,0.3604896336408365,0.512123619869918,0.3746648862246686
LOG_SOL,fus_GRM_late_attfp,4,4,672,0.3784029445013366,0.5302012763985076,0.36858881883877603
LOG_SOL,fus_GRM_late_lgbm,0,0,672,0.19872778729521146,0.36817393767564766,0.43386631812965654
LOG_SOL,fus_GRM_late_lgbm,0,1,672,0.2556236377731166,0.4537687898885162,0.4043367209064783
LOG_SOL,fus_GRM_late_lgbm,0,2,672,0.24406994206194665,0.4192072873553904,0.4127678311207458
LOG_SOL,fus_GRM_late_lgbm,0,3,672,0.2673185133478778,0.44108515696354983,0.4065229720737271
LOG_SOL,fus_GRM_late_lgbm,0,4,672,0.3560303267080912,0.4841443792337318,0.37302253310783745
LOG_SOL,fus_GRM_late_lgbm,1,0,672,0.2516378938629926,0.4273231652977526,0.40173192312324374
LOG_SOL,fus_GRM_late_lgbm,1,1,672,0.25309304068620664,0.42481799839912004,0.40729128040428847
LOG_SOL,fus_GRM_late_lgbm,1,2,672,0.2674437990169136,0.4335497971090964,0.40413789423751045
LOG_SOL,fus_GRM_late_lgbm,1,3,672,0.31463975372486463,0.4798127764014091,0.39546948654072384
LOG_SOL,fus_GRM_late_lgbm,1,4,672,0.19218340462426708,0.40624369802447313,0.42665632855662344
LOG_SOL,fus_GRM_late_lgbm,2,0,672,0.2420688345185379,0.41626150492919095,0.41552467033833135
LOG_SOL,fus_GRM_late_lgbm,2,1,672,0.23278882868736805,0.42302449354515875,0.41701201602069604
LOG_SOL,fus_GRM_late_lgbm,2,2,672,0.28177662856192953,0.4798490454406052,0.3954781806675747
LOG_SOL,fus_GRM_late_lgbm,2,3,672,0.27137918757189894,0.4034952028999091,0.40094162777467285
LOG_SOL,fus_GRM_late_lgbm,2,4,672,0.22621331544991474,0.4051166280375854,0.4266704742070412
LOG_SOL,fus_GRM_late_lgbm,3,0,672,0.23308057494589385,0.3953161934981154,0.4206770453649325
LOG_SOL,fus_GRM_late_lgbm,3,1,672,0.31657541974780257,0.4790490562004302,0.38461075849627363
LOG_SOL,fus_GRM_late_lgbm,3,2,672,0.21904909650718984,0.4150874586716874,0.41265443138656493
LOG_SOL,fus_GRM_late_lgbm,3,3,672,0.21972450061141613,0.41084244050408963,0.41484064616976635
LOG_SOL,fus_GRM_late_lgbm,3,4,672,0.2943835346404693,0.473205237134839,0.39679115288717753
LOG_SOL,fus_GRM_late_lgbm,4,0,672,0.28355563310395193,0.4481902861066188,0.39337825793332015
LOG_SOL,fus_GRM_late_lgbm,4,1,672,0.26739806325988946,0.45363227701040876,0.4028805546243093
LOG_SOL,fus_GRM_late_lgbm,4,2,672,0.23378010796248438,0.4245768727231213,0.42122781301572704
LOG_SOL,fus_GRM_late_lgbm,4,3,672,0.29920987993973003,0.45539568581460643,0.3978965844081804
LOG_SOL,fus_GRM_late_lgbm,4,4,672,0.19775675017192906,0.3985014128102294,0.4212356560599875
LOG_SOL,fus_GRM_late_rf,0,0,672,0.19509279766007925,0.36792314819735084,0.43610282718848276
LOG_SOL,fus_GRM_late_rf,0,1,672,0.21723557284910433,0.41862116171590635,0.42101785712717493
LOG_SOL,fus_GRM_late_rf,0,2,672,0.25034282611785696,0.4214704604722745,0.41252395363196354
LOG_SOL,fus_GRM_late_rf,0,3,672,0.270387033202112,0.44736851887094814,0.40703696717154547
LOG_SOL,fus_GRM_late_rf,0,4,672,0.2820292012052993,0.43581600877476157,0.4035484801357802
LOG_SOL,fus_GRM_late_rf,1,0,672,0.20245875682060066,0.3869545541502524,0.4224963575597571
LOG_SOL,fus_GRM_late_rf,1,1,672,0.2544164019449392,0.4234187380556789,0.4075001822422043
LOG_SOL,fus_GRM_late_rf,1,2,672,0.2787118926203547,0.4363421094323509,0.4019850793020635
LOG_SOL,fus_GRM_late_rf,1,3,672,0.23372496622187744,0.42659168708887063,0.42242139903801385
LOG_SOL,fus_GRM_late_rf,1,4,672,0.2036749715904932,0.4078959213256165,0.42459511538289507
LOG_SOL,fus_GRM_late_rf,2,0,672,0.2523202350205256,0.41801642487908797,0.412701829411479
LOG_SOL,fus_GRM_late_rf,2,1,672,0.23294423878122572,0.4249731568973957,0.41723548686988954
LOG_SOL,fus_GRM_late_rf,2,2,672,0.25655650840186184,0.45737962739923,0.40800523794055804
LOG_SOL,fus_GRM_late_rf,2,3,672,0.2714009104952281,0.4034630853379874,0.40150022259397183
LOG_SOL,fus_GRM_late_rf,2,4,672,0.22731444584731963,0.40100271386914627,0.42750992857010484
LOG_SOL,fus_GRM_late_rf,3,0,672,0.2504685119678465,0.4016350299715917,0.41616613489016646
LOG_SOL,fus_GRM_late_rf,3,1,672,0.24634727920049626,0.4198958053050548,0.41747144344931963
LOG_SOL,fus_GRM_late_rf,3,2,672,0.23131851691259941,0.4209636785244053,0.41014525815015057
LOG_SOL,fus_GRM_late_rf,3,3,672,0.21577741907980175,0.4165147504724245,0.4147723425655839
LOG_SOL,fus_GRM_late_rf,3,4,672,0.2660475715569842,0.45168138423868304,0.4090313176018262
LOG_SOL,fus_GRM_late_rf,4,0,672,0.2481181088805383,0.4084763962098225,0.41024790890524204
LOG_SOL,fus_GRM_late_rf,4,1,672,0.26470123956482217,0.4537591710359355,0.4039299771247591
LOG_SOL,fus_GRM_late_rf,4,2,672,0.24273885106367943,0.43022638533361757,0.41916730133226887
LOG_SOL,fus_GRM_late_rf,4,3,672,0.2713794817725562,0.42315496745810594,0.4146634472166499
LOG_SOL,fus_GRM_late_rf,4,4,672,0.197379916359103,0.40102528330947157,0.4206946222970135
LOG_SOL,fus_GRS_early_attfp,0,0,672,0.28376518280618745,0.4797224459150088,0.4024063497690501
LOG_SOL,fus_GRS_early_attfp,0,1,672,0.271459933580095,0.4300358096835437,0.4491651555399744
LOG_SOL,fus_GRS_early_attfp,0,2,672,0.3141728298617712,0.4577945794061039,0.4159588658564157
LOG_SOL,fus_GRS_early_attfp,0,3,672,0.30170699605507756,0.4562167155757871,0.398053122533287
LOG_SOL,fus_GRS_early_attfp,0,4,672,0.33238926063846197,0.48927035690577086,0.4018876424609095
LOG_SOL,fus_GRS_early_attfp,1,0,672,0.1908994138186404,0.4801117909922805,0.41957492642133426
LOG_SOL,fus_GRS_early_attfp,1,1,672,0.31693907992791504,0.47892965851081587,0.40947930106304764
LOG_SOL,fus_GRS_early_attfp,1,2,672,0.2665131405164113,0.43715492075645995,0.41365404487897856
LOG_SOL,fus_GRS_early_attfp,1,3,672,0.28278445203298885,0.478936815880203,0.4055348038089827
LOG_SOL,fus_GRS_early_attfp,1,4,672,0.34919570327675287,0.49357094732053536,0.39008060827361024
LOG_SOL,fus_GRS_early_attfp,2,0,672,0.22374090983074768,0.4316388231654088,0.42167150355439176
LOG_SOL,fus_GRS_early_attfp,2,1,672,0.21674254143744298,0.4168658941198333,0.4203742967213945
LOG_SOL,fus_GRS_early_attfp,2,2,672,0.282433569206444,0.4343442494785476,0.4162444398556892
LOG_SOL,fus_GRS_early_attfp,2,3,672,0.2102848114174326,0.4307672651544796,0.4305312611709839
LOG_SOL,fus_GRS_early_attfp,2,4,672,0.2708987906792075,0.43522308348929584,0.4232179640253895
LOG_SOL,fus_GRS_early_attfp,3,0,672,0.27201853569537493,0.40393737171316196,0.41619088273891286
LOG_SOL,fus_GRS_early_attfp,3,1,672,0.3177655844476698,0.43013263188765705,0.41221664778983547
LOG_SOL,fus_GRS_early_attfp,3,2,672,0.1890728378591643,0.44555197815628367,0.4272076110740289
LOG_SOL,fus_GRS_early_attfp,3,3,672,0.2694002591653347,0.43257250397914054,0.4168594384241743
LOG_SOL,fus_GRS_early_attfp,3,4,672,0.32810938313721394,0.47827299952714974,0.4087316004789002
LOG_SOL,fus_GRS_early_attfp,4,0,672,0.2862568539823721,0.43167451115365146,0.421420962596516
LOG_SOL,fus_GRS_early_attfp,4,1,672,0.3136512763899183,0.48358266517570503,0.40273675753646454
LOG_SOL,fus_GRS_early_attfp,4,2,672,0.2753592027380516,0.4346554961881968,0.42885370592348454
LOG_SOL,fus_GRS_early_attfp,4,3,672,0.2511840873074257,0.4313030990433249,0.4385650290293159
LOG_SOL,fus_GRS_early_attfp,4,4,672,0.3361139713029081,0.4568078510176047,0.40116833190163265
LOG_SOL,fus_GRS_early_lgbm,0,0,672,0.38842864647375686,0.5249615607005516,0.3564174054056061
LOG_SOL,fus_GRS_early_lgbm,0,1,672,0.32418590927955127,0.4918526598079062,0.37256981104165776
LOG_SOL,fus_GRS_early_lgbm,0,2,672,0.4255109797938914,0.5560925864218694,0.34098125055662803
LOG_SOL,fus_GRS_early_lgbm,0,3,672,0.3655362530297783,0.5320557248900105,0.3604208171634979
LOG_SOL,fus_GRS_early_lgbm,0,4,672,0.38095302131051767,0.5425967589831296,0.3492481970093826
LOG_SOL,fus_GRS_early_lgbm,1,0,672,0.3261039521850685,0.5295945360977447,0.3657562922904563
LOG_SOL,fus_GRS_early_lgbm,1,1,672,0.387876817445332,0.5232416213690679,0.35131246971981656
LOG_SOL,fus_GRS_early_lgbm,1,2,672,0.38268585475723615,0.5446937622125645,0.3479308499615311
LOG_SOL,fus_GRS_early_lgbm,1,3,672,0.38283062820251723,0.5484001838921404,0.3556660699000043
LOG_SOL,fus_GRS_early_lgbm,1,4,672,0.3373887487036623,0.5261530620319851,0.3653665676643201
LOG_SOL,fus_GRS_early_lgbm,2,0,672,0.33259497982804265,0.5228905298632462,0.36995677599323895
LOG_SOL,fus_GRS_early_lgbm,2,1,672,0.3587807972610585,0.547346279886009,0.35520791364198034
LOG_SOL,fus_GRS_early_lgbm,2,2,672,0.31109824842449985,0.4586104869028184,0.3914760710313671
LOG_SOL,fus_GRS_early_lgbm,2,3,672,0.3907298266557705,0.5319734559478946,0.35266409844822233
LOG_SOL,fus_GRS_early_lgbm,2,4,672,0.3884550670138901,0.5265289032502161,0.3498331553997943
LOG_SOL,fus_GRS_early_lgbm,3,0,672,0.37447434130551194,0.5072885286035784,0.3596947676453451
LOG_SOL,fus_GRS_early_lgbm,3,1,672,0.3358032194372652,0.5198218610972933,0.36383183229235827
LOG_SOL,fus_GRS_early_lgbm,3,2,672,0.3527722609103563,0.5368102696096807,0.359358005901987
LOG_SOL,fus_GRS_early_lgbm,3,3,672,0.38952489063356177,0.5400163014889581,0.35005047328407485
LOG_SOL,fus_GRS_early_lgbm,3,4,672,0.37264595349784535,0.5438894588405473,0.3601953730358215
LOG_SOL,fus_GRS_early_lgbm,4,0,672,0.3846624584303159,0.5032567041522353,0.36363458141544114
LOG_SOL,fus_GRS_early_lgbm,4,1,672,0.3569542611454485,0.5019479024019141,0.3600632081539474
LOG_SOL,fus_GRS_early_lgbm,4,2,672,0.32698019127891076,0.49300330048150015,0.3828767564839288
LOG_SOL,fus_GRS_early_lgbm,4,3,672,0.31687289870330226,0.5486492429170078,0.36319701512972163
LOG_SOL,fus_GRS_early_lgbm,4,4,672,0.3993653994515791,0.5422386908251208,0.3474417373976038
LOG_SOL,fus_GRS_early_rf,0,0,672,0.3728865823956883,0.5515034860099318,0.35198669716025355
LOG_SOL,fus_GRS_early_rf,0,1,672,0.323137304922715,0.5275109952371658,0.36556024841649065
LOG_SOL,fus_GRS_early_rf,0,2,672,0.4221219133909594,0.5502190940962282,0.33769213764423467
LOG_SOL,fus_GRS_early_rf,0,3,672,0.3753489913027579,0.5219488492668254,0.35924130883652583
LOG_SOL,fus_GRS_early_rf,0,4,672,0.39015654400220123,0.5673248114968203,0.3432520981311058
LOG_SOL,fus_GRS_early_rf,1,0,672,0.3314055458997235,0.5291298656534192,0.36144115584836445
LOG_SOL,fus_GRS_early_rf,1,1,672,0.3787392187640226,0.5375521517917458,0.3480643026505617
LOG_SOL,fus_GRS_early_rf,1,2,672,0.3886081066288516,0.54848570576978,0.34423724979157566
LOG_SOL,fus_GRS_early_rf,1,3,672,0.37695636799805876,0.5505113797085229,0.35175887262377087
LOG_SOL,fus_GRS_early_rf,1,4,672,0.3459045521357219,0.5427692018358877,0.3565966076789603
LOG_SOL,fus_GRS_early_rf,2,0,672,0.3513722293603334,0.5383301697071756,0.36194835404307973
LOG_SOL,fus_GRS_early_rf,2,1,672,0.37270010823958966,0.5578695113298415,0.34727377566204787
LOG_SOL,fus_GRS_early_rf,2,2,672,0.3160672401446487,0.48182489351488555,0.38725201256784864
LOG_SOL,fus_GRS_early_rf,2,3,672,0.39250231940106506,0.5349103904770233,0.34721609751497623
LOG_SOL,fus_GRS_early_rf,2,4,672,0.38463607061308036,0.5505002679914079,0.34827131491250063
LOG_SOL,fus_GRS_early_rf,3,0,672,0.3738042949238545,0.5384036612596954,0.35192829392439284
LOG_SOL,fus_GRS_early_rf,3,1,672,0.361930031773947,0.544364603198377,0.35326277387868654
LOG_SOL,fus_GRS_early_rf,3,2,672,0.33953554498860383,0.5377500075803024,0.35740943643853323
LOG_SOL,fus_GRS_early_rf,3,3,672,0.3937191336493081,0.5424938606036063,0.3446217560679225
LOG_SOL,fus_GRS_early_rf,3,4,672,0.3793213028839736,0.5579458500127252,0.3522626290384069
LOG_SOL,fus_GRS_early_rf,4,0,672,0.36586361145370216,0.5266608500191824,0.36057776776278144
LOG_SOL,fus_GRS_early_rf,4,1,672,0.36660541224317367,0.5180634060482561,0.354042463844438
LOG_SOL,fus_GRS_early_rf,4,2,672,0.32199056474603704,0.5081627276967037,0.38101871699725975
LOG_SOL,fus_GRS_early_rf,4,3,672,0.3192906483591049,0.5504423763406742,0.3591393327142585
LOG_SOL,fus_GRS_early_rf,4,4,672,0.4035423451176535,0.5487309544158535,0.3412722521448037
LOG_SOL,fus_GRS_late_attfp,0,0,672,0.3932490714596609,0.5441281727477362,0.38791607322033994
LOG_SOL,fus_GRS_late_attfp,0,1,672,0.35297840045294826,0.5079555989627255,0.3770266489045961
LOG_SOL,fus_GRS_late_attfp,0,2,672,0.4234565302323773,0.554100839999672,0.3573009886387942
LOG_SOL,fus_GRS_late_attfp,0,3,672,0.30940166839105865,0.4804556412989448,0.3848824461649218
LOG_SOL,fus_GRS_late_attfp,0,4,672,0.4022607108465186,0.5342563809063349,0.3689681030295587
LOG_SOL,fus_GRS_late_attfp,1,0,672,0.3465708573230092,0.5183945233552372,0.37805078939606196
LOG_SOL,fus_GRS_late_attfp,1,1,672,0.3677919591063129,0.5138117506866223,0.3659115383697621
LOG_SOL,fus_GRS_late_attfp,1,2,672,0.3801396292289926,0.5349247052157976,0.3616961075905188
LOG_SOL,fus_GRS_late_attfp,1,3,672,0.4182571722544818,0.5375542673677801,0.36870543226178853
LOG_SOL,fus_GRS_late_attfp,1,4,672,0.3848640385622426,0.5539421124818811,0.36632441870262555
LOG_SOL,fus_GRS_late_attfp,2,0,672,0.3656763393680562,0.5245534990281232,0.36516817666098755
LOG_SOL,fus_GRS_late_attfp,2,1,672,0.38135418019753686,0.5349799474535539,0.3702277120225376
LOG_SOL,fus_GRS_late_attfp,2,2,672,0.33452924187082134,0.4699762639291784,0.39564262933311123
LOG_SOL,fus_GRS_late_attfp,2,3,672,0.4005860505607758,0.530813864176748,0.3681902792126055
LOG_SOL,fus_GRS_late_attfp,2,4,672,0.3820844358184765,0.5114388257021691,0.37854393722191315
LOG_SOL,fus_GRS_late_attfp,3,0,672,0.3913695083212402,0.5338623301552671,0.37486917355517263
LOG_SOL,fus_GRS_late_attfp,3,1,672,0.3776713607930914,0.518191606001589,0.3917407207571473
LOG_SOL,fus_GRS_late_attfp,3,2,672,0.3598620203407885,0.5184111316156936,0.3700901150341137
LOG_SOL,fus_GRS_late_attfp,3,3,672,0.39219055004978487,0.5417007370798564,0.3730288353177353
LOG_SOL,fus_GRS_late_attfp,3,4,672,0.37194656731901465,0.5131743889198677,0.37296992521724454
LOG_SOL,fus_GRS_late_attfp,4,0,672,0.3520690832390695,0.48677453079393995,0.3915644431964421
LOG_SOL,fus_GRS_late_attfp,4,1,672,0.4172371667198638,0.5427217694348936,0.36908342595071936
LOG_SOL,fus_GRS_late_attfp,4,2,672,0.32905902451541824,0.5213471161730975,0.38758647711724914
LOG_SOL,fus_GRS_late_attfp,4,3,672,0.34870301652324454,0.5166130303886811,0.370061966253873
LOG_SOL,fus_GRS_late_attfp,4,4,672,0.41010816267317607,0.546028019341783,0.36686369311322276
LOG_SOL,fus_GRS_late_lgbm,0,0,672,0.35289574216690334,0.5065257250223171,0.3645570386574211
LOG_SOL,fus_GRS_late_lgbm,0,1,672,0.28128368694281414,0.4700925229601265,0.38756134881450555
LOG_SOL,fus_GRS_late_lgbm,0,2,672,0.3203586250620504,0.497323583317022,0.36775355203614374
LOG_SOL,fus_GRS_late_lgbm,0,3,672,0.2953061723264726,0.47260369071797875,0.38119645935997193
LOG_SOL,fus_GRS_late_lgbm,0,4,672,0.3386752329729822,0.4997920133142178,0.36144203776958683
LOG_SOL,fus_GRS_late_lgbm,1,0,672,0.2982301124140082,0.4903629343099728,0.37407110708130087
LOG_SOL,fus_GRS_late_lgbm,1,1,672,0.33972342344802997,0.49281099624153335,0.36757079871982407
LOG_SOL,fus_GRS_late_lgbm,1,2,672,0.34381884916810423,0.5240194827037079,0.3656374800817883
LOG_SOL,fus_GRS_late_lgbm,1,3,672,0.37999889619720273,0.5128478710470277,0.36051243307552444
LOG_SOL,fus_GRS_late_lgbm,1,4,672,0.2858491165685729,0.5214367938463612,0.36958477311609883
LOG_SOL,fus_GRS_late_lgbm,2,0,672,0.31932671991219863,0.49081769344926973,0.3752343057568203
LOG_SOL,fus_GRS_late_lgbm,2,1,672,0.3595323181211325,0.5044755141314694,0.3599916533671421
LOG_SOL,fus_GRS_late_lgbm,2,2,672,0.2351413347204263,0.45043484568938125,0.39781101115548545
LOG_SOL,fus_GRS_late_lgbm,2,3,672,0.348023674139574,0.5017163457812952,0.3609307289636353
LOG_SOL,fus_GRS_late_lgbm,2,4,672,0.3245889333465407,0.4931068291344875,0.37191817631274593
LOG_SOL,fus_GRS_late_lgbm,3,0,672,0.314885650246012,0.5056990156627506,0.3740849097926785
LOG_SOL,fus_GRS_late_lgbm,3,1,672,0.27678621215609955,0.5014710579859095,0.3784754061230683
LOG_SOL,fus_GRS_late_lgbm,3,2,672,0.3192007528934431,0.5159240867991775,0.36473420398277046
LOG_SOL,fus_GRS_late_lgbm,3,3,672,0.289397131091651,0.4892042849921617,0.3796206179829775
LOG_SOL,fus_GRS_late_lgbm,3,4,672,0.2234403689154406,0.4452077519109816,0.3989827456927943
LOG_SOL,fus_GRS_late_lgbm,4,0,672,0.21956221744669557,0.4436085631739822,0.4031433226926796
LOG_SOL,fus_GRS_late_lgbm,4,1,672,0.3721653177668869,0.5021001073314538,0.35439279343514535
LOG_SOL,fus_GRS_late_lgbm,4,2,672,0.2045411695259347,0.46569035167697975,0.3986360144641085
LOG_SOL,fus_GRS_late_lgbm,4,3,672,0.26840277614803487,0.47702582919246467,0.38139617660292224
LOG_SOL,fus_GRS_late_lgbm,4,4,672,0.3911399079758364,0.5157111126946825,0.35057856023574235
LOG_SOL,fus_GRS_late_rf,0,0,672,0.34942066864196575,0.5095260883112034,0.3646771517201591
LOG_SOL,fus_GRS_late_rf,0,1,672,0.2582586506918275,0.47442165584471413,0.3920195077768345
LOG_SOL,fus_GRS_late_rf,0,2,672,0.3286415393798916,0.5035156921778319,0.3627558018956777
LOG_SOL,fus_GRS_late_rf,0,3,672,0.28034262963854106,0.474009446264846,0.3821429362584285
LOG_SOL,fus_GRS_late_rf,0,4,672,0.3326663074747488,0.5076778457301236,0.3615247887447349
LOG_SOL,fus_GRS_late_rf,1,0,672,0.28541249883705067,0.48961787302241216,0.373367929944143
LOG_SOL,fus_GRS_late_rf,1,1,672,0.33146304564944906,0.48837385063927946,0.3665399899261748
LOG_SOL,fus_GRS_late_rf,1,2,672,0.341864432178686,0.5194731515549431,0.36263853603787916
LOG_SOL,fus_GRS_late_rf,1,3,672,0.37543277461642777,0.5155468745730336,0.3572511989009824
LOG_SOL,fus_GRS_late_rf,1,4,672,0.26991095608092885,0.5224408053902211,0.36704281818259443
LOG_SOL,fus_GRS_late_rf,2,0,672,0.2993263944784743,0.4963726075926979,0.3761390187567801
LOG_SOL,fus_GRS_late_rf,2,1,672,0.3551913146788629,0.5092461104123386,0.35780672042122325
LOG_SOL,fus_GRS_late_rf,2,2,672,0.20420841768885778,0.4408568261141225,0.40253858414776644
LOG_SOL,fus_GRS_late_rf,2,3,672,0.35687758936700076,0.5101380978905083,0.3554196547603801
LOG_SOL,fus_GRS_late_rf,2,4,672,0.3387372994370653,0.5014391997699349,0.36559483268719944
LOG_SOL,fus_GRS_late_rf,3,0,672,0.2842437957547823,0.5097039546871763,0.37643393041875145
LOG_SOL,fus_GRS_late_rf,3,1,672,0.27726933486597405,0.5040294560981239,0.37623181037237624
LOG_SOL,fus_GRS_late_rf,3,2,672,0.29343978232299095,0.516534527027322,0.365715552132448
LOG_SOL,fus_GRS_late_rf,3,3,672,0.30233165471196166,0.4937062401984313,0.37406571675837014
LOG_SOL,fus_GRS_late_rf,3,4,672,0.21712721322277373,0.4595607583615204,0.3964528138814841
LOG_SOL,fus_GRS_late_rf,4,0,672,0.21021515606090235,0.44807855818098014,0.40096233604827247
LOG_SOL,fus_GRS_late_rf,4,1,672,0.372676193258197,0.5126120618986539,0.35047791550096974
LOG_SOL,fus_GRS_late_rf,4,2,672,0.20191028333407246,0.47070102143399967,0.39767430017488176
LOG_SOL,fus_GRS_late_rf,4,3,672,0.23892670686258988,0.4729096573175546,0.3882603960600856
LOG_SOL,fus_GRS_late_rf,4,4,672,0.36590630463626417,0.5116434146885325,0.359334325797897
LOG_SOL,fus_GR_early_attfp,0,0,672,0.3106210996926627,0.46208542235371947,0.41563516075472084
LOG_SOL,fus_GR_early_attfp,0,1,672,0.2938483438944798,0.4659467638228882,0.4196032976866418
LOG_SOL,fus_GR_early_attfp,0,2,672,0.3124197688088487,0.4735329031341874,0.42246205831959954
LOG_SOL,fus_GR_early_attfp,0,3,672,0.26170657586382085,0.4311680778401617,0.43272151369217665
LOG_SOL,fus_GR_early_attfp,0,4,672,0.31664297643025463,0.5113515334760796,0.39566653896192816
LOG_SOL,fus_GR_early_attfp,1,0,672,0.29540631905368175,0.4521876504477469,0.40480974218107346
LOG_SOL,fus_GR_early_attfp,1,1,672,0.3614632031781899,0.4843501399738106,0.3989942897091162
LOG_SOL,fus_GR_early_attfp,1,2,672,0.27761795505333653,0.46868105687443945,0.4186690598255829
LOG_SOL,fus_GR_early_attfp,1,3,672,0.34669415182835384,0.47991403406241706,0.4022533142004966
LOG_SOL,fus_GR_early_attfp,1,4,672,0.29109095868241797,0.46503777791071615,0.4329198865775004
LOG_SOL,fus_GR_early_attfp,2,0,672,0.3172384848979761,0.46313925602315814,0.40874755171885235
LOG_SOL,fus_GR_early_attfp,2,1,672,0.33270784397484554,0.5060008660222178,0.3783400283300517
LOG_SOL,fus_GR_early_attfp,2,2,672,0.3152806037717997,0.47244377691127876,0.42269862710230843
LOG_SOL,fus_GR_early_attfp,2,3,672,0.3546271736993327,0.48898425984766997,0.3884130855454801
LOG_SOL,fus_GR_early_attfp,2,4,672,0.26756577144921234,0.4597577746507488,0.4267898631432219
LOG_SOL,fus_GR_early_attfp,3,0,672,0.2449515964967749,0.44965611657593474,0.4277005116801243
LOG_SOL,fus_GR_early_attfp,3,1,672,0.28780756726607293,0.457072005964366,0.43103046630662606
LOG_SOL,fus_GR_early_attfp,3,2,672,0.3257918196866961,0.5180930834279527,0.3943984945305594
LOG_SOL,fus_GR_early_attfp,3,3,672,0.3126005607831722,0.48240810048950894,0.3945528222178042
LOG_SOL,fus_GR_early_attfp,3,4,672,0.3027128566557763,0.4652747817417773,0.427960116923739
LOG_SOL,fus_GR_early_attfp,4,0,672,0.3239082931095256,0.4768977169309244,0.4052150992619986
LOG_SOL,fus_GR_early_attfp,4,1,672,0.32896704702212654,0.4969949577027563,0.41678471331232647
LOG_SOL,fus_GR_early_attfp,4,2,672,0.24974458433348645,0.45828622345909187,0.4409817025599295
LOG_SOL,fus_GR_early_attfp,4,3,672,0.3051268097891737,0.4196995401580436,0.4133966915410294
LOG_SOL,fus_GR_early_attfp,4,4,672,0.36964298955444574,0.510289375904674,0.3747431761124206
LOG_SOL,fus_GR_early_lgbm,0,0,672,0.3701553222475866,0.5459382717408807,0.36083128216815197
LOG_SOL,fus_GR_early_lgbm,0,1,672,0.31366590134740335,0.4924952323389494,0.3762834262434972
LOG_SOL,fus_GR_early_lgbm,0,2,672,0.40842834692586116,0.5499944216766088,0.34655033852913164
LOG_SOL,fus_GR_early_lgbm,0,3,672,0.37754558694423435,0.5260960000009919,0.36029437218399574
LOG_SOL,fus_GR_early_lgbm,0,4,672,0.38028456125171606,0.5399518433827942,0.3497315311172886
LOG_SOL,fus_GR_early_lgbm,1,0,672,0.33837395680212223,0.5051745572969837,0.3630238078765885
LOG_SOL,fus_GR_early_lgbm,1,1,672,0.38691540931297763,0.5261514592036959,0.35067622027944256
LOG_SOL,fus_GR_early_lgbm,1,2,672,0.3787815658433136,0.5488444461795036,0.3489022920065506
LOG_SOL,fus_GR_early_lgbm,1,3,672,0.3641522940642856,0.5482047200872864,0.3618063591961999
LOG_SOL,fus_GR_early_lgbm,1,4,672,0.34405917910318307,0.5263680562397185,0.36394310865138635
LOG_SOL,fus_GR_early_lgbm,2,0,672,0.3381858397686808,0.5225611433329962,0.36812465674962375
LOG_SOL,fus_GR_early_lgbm,2,1,672,0.36068404854191605,0.5572607726716425,0.3524599592478656
LOG_SOL,fus_GR_early_lgbm,2,2,672,0.30596873352331955,0.4602294846689255,0.39343008526830286
LOG_SOL,fus_GR_early_lgbm,2,3,672,0.377299858898938,0.5316004355790394,0.35493026399489475
LOG_SOL,fus_GR_early_lgbm,2,4,672,0.3802096322691253,0.5260995323711304,0.3556902718647968
LOG_SOL,fus_GR_early_lgbm,3,0,672,0.3633798257371904,0.5032968508158551,0.3631706485948102
LOG_SOL,fus_GR_early_lgbm,3,1,672,0.3407847268275177,0.517647824348742,0.36446062321307093
LOG_SOL,fus_GR_early_lgbm,3,2,672,0.34849969525531777,0.5441101282140841,0.3573119970815256
LOG_SOL,fus_GR_early_lgbm,3,3,672,0.38276776663175727,0.5347578089639687,0.3498134903638097
LOG_SOL,fus_GR_early_lgbm,3,4,672,0.36164986194548876,0.5447861938323006,0.36437437389421806
LOG_SOL,fus_GR_early_lgbm,4,0,672,0.38076288442724926,0.503033261518031,0.3651923464362061
LOG_SOL,fus_GR_early_lgbm,4,1,672,0.35454157894803917,0.502425029034241,0.3602613257135644
LOG_SOL,fus_GR_early_lgbm,4,2,672,0.3352433992026035,0.48730937670582475,0.37956810789390805
LOG_SOL,fus_GR_early_lgbm,4,3,672,0.3140694931193425,0.5413156614281357,0.36321125792957043
LOG_SOL,fus_GR_early_lgbm,4,4,672,0.39114909886994875,0.5404068788083386,0.3499282124194308
LOG_SOL,fus_GR_early_rf,0,0,672,0.37026883479282235,0.559531919114577,0.35328239962893687
LOG_SOL,fus_GR_early_rf,0,1,672,0.3103830886584018,0.523727238070415,0.368785856815098
LOG_SOL,fus_GR_early_rf,0,2,672,0.4095422847385568,0.5595423783643169,0.33907458697218956
LOG_SOL,fus_GR_early_rf,0,3,672,0.3783168007738874,0.528152766101637,0.3567424412814639
LOG_SOL,fus_GR_early_rf,0,4,672,0.38347802533844755,0.5636905286741776,0.344757098789357
LOG_SOL,fus_GR_early_rf,1,0,672,0.3374935181055071,0.520682331004851,0.3600702760849169
LOG_SOL,fus_GR_early_rf,1,1,672,0.3804022179605514,0.5313139112186575,0.34719590096686137
LOG_SOL,fus_GR_early_rf,1,2,672,0.382778528396267,0.5534957457103756,0.34479731666011876
LOG_SOL,fus_GR_early_rf,1,3,672,0.36284853808636597,0.549056357690368,0.3568300980339597
LOG_SOL,fus_GR_early_rf,1,4,672,0.3457047425421321,0.540396909547071,0.35791124418496306
LOG_SOL,fus_GR_early_rf,2,0,672,0.3518971211442484,0.5381666574286342,0.36082278065690054
LOG_SOL,fus_GR_early_rf,2,1,672,0.3687373733119991,0.5611371074876924,0.34574001446380415
LOG_SOL,fus_GR_early_rf,2,2,672,0.30825008727940895,0.46874118273163956,0.39086016123573575
LOG_SOL,fus_GR_early_rf,2,3,672,0.3887278033032787,0.5381768596457718,0.3487066937782097
LOG_SOL,fus_GR_early_rf,2,4,672,0.3878321028106203,0.5448947428264943,0.3480286706720197
LOG_SOL,fus_GR_early_rf,3,0,672,0.36854119593404977,0.5296177926195431,0.35406760244073565
LOG_SOL,fus_GR_early_rf,3,1,672,0.36222548816358924,0.5479934883363714,0.353573881437864
LOG_SOL,fus_GR_early_rf,3,2,672,0.33287089998572217,0.5486337367769674,0.3566001358880713
LOG_SOL,fus_GR_early_rf,3,3,672,0.3882625812051078,0.5365135621327974,0.3452923515837274
LOG_SOL,fus_GR_early_rf,3,4,672,0.36004059383241127,0.5519646420419391,0.3590787956713974
LOG_SOL,fus_GR_early_rf,4,0,672,0.37316712969736954,0.5211483461506929,0.3605563496121465
LOG_SOL,fus_GR_early_rf,4,1,672,0.36592217202148736,0.5138102480344858,0.35538259706689135
LOG_SOL,fus_GR_early_rf,4,2,672,0.32867431335259867,0.5026536886163465,0.38018631705442385
LOG_SOL,fus_GR_early_rf,4,3,672,0.31270271451743004,0.5501334824679229,0.35969419484730925
LOG_SOL,fus_GR_early_rf,4,4,672,0.3976716091441478,0.547327932070318,0.3442063644102959
LOG_SOL,fus_GR_late_attfp,0,0,672,0.40119926646847426,0.5415826800284453,0.366204537017938
LOG_SOL,fus_GR_late_attfp,0,1,672,0.34638520413538243,0.5104718097370927,0.37685584543888034
LOG_SOL,fus_GR_late_attfp,0,2,672,0.4050044325422826,0.5399812285139326,0.36696431681203057
LOG_SOL,fus_GR_late_attfp,0,3,672,0.3548623172386599,0.4943842775611737,0.3787413651181911
LOG_SOL,fus_GR_late_attfp,0,4,672,0.38267216304942064,0.5382317459922326,0.38042788155429536
LOG_SOL,fus_GR_late_attfp,1,0,672,0.36927357394601645,0.5301890376922903,0.3687546080981732
LOG_SOL,fus_GR_late_attfp,1,1,672,0.3938000927368174,0.5238768112732163,0.35887861577759606
LOG_SOL,fus_GR_late_attfp,1,2,672,0.39748277621061545,0.5491981605998841,0.35927955094404657
LOG_SOL,fus_GR_late_attfp,1,3,672,0.40225643297040126,0.5312040152608426,0.3750437113924082
LOG_SOL,fus_GR_late_attfp,1,4,672,0.3696816022366123,0.5442684730051159,0.38588026518101787
LOG_SOL,fus_GR_late_attfp,2,0,672,0.36881257167820913,0.5284379536597604,0.365899213946682
LOG_SOL,fus_GR_late_attfp,2,1,672,0.38724725024051077,0.548304003491691,0.3635641380892369
LOG_SOL,fus_GR_late_attfp,2,2,672,0.3402715610311734,0.4861385332771514,0.40349503896778255
LOG_SOL,fus_GR_late_attfp,2,3,672,0.3980545204415943,0.5375886701930114,0.3717515966110457
LOG_SOL,fus_GR_late_attfp,2,4,672,0.3788730671157854,0.5265338759136451,0.37938863543466705
LOG_SOL,fus_GR_late_attfp,3,0,672,0.3838261371509063,0.5173826255434509,0.37339551754760203
LOG_SOL,fus_GR_late_attfp,3,1,672,0.3745498896463384,0.5165630078899255,0.39422951126354483
LOG_SOL,fus_GR_late_attfp,3,2,672,0.36772172195706465,0.5186384275230832,0.36566357331941285
LOG_SOL,fus_GR_late_attfp,3,3,672,0.3884078456155464,0.5300431024893986,0.36837421874738674
LOG_SOL,fus_GR_late_attfp,3,4,672,0.3575171215265972,0.5070260306706306,0.37928407378787626
LOG_SOL,fus_GR_late_attfp,4,0,672,0.32546637445232507,0.48617178934154165,0.3917219703638117
LOG_SOL,fus_GR_late_attfp,4,1,672,0.41932729352555986,0.5340191991296259,0.361568147488956
LOG_SOL,fus_GR_late_attfp,4,2,672,0.3187638562449049,0.49749567698377944,0.3960065125013175
LOG_SOL,fus_GR_late_attfp,4,3,672,0.3533928452570564,0.5169539940215042,0.371886549676691
LOG_SOL,fus_GR_late_attfp,4,4,672,0.42281053265770185,0.5550331763351762,0.35689491556155833
LOG_SOL,fus_GR_late_lgbm,0,0,672,0.3680671208383016,0.5084821142335259,0.358606349951817
LOG_SOL,fus_GR_late_lgbm,0,1,672,0.2764264667829761,0.4737567498133686,0.3852990370695597
LOG_SOL,fus_GR_late_lgbm,0,2,672,0.3285311021806593,0.49609908540685244,0.36099436854591105
LOG_SOL,fus_GR_late_lgbm,0,3,672,0.27991416153443005,0.46476060240232037,0.3806893566878767
LOG_SOL,fus_GR_late_lgbm,0,4,672,0.34164005514163265,0.5055442887345999,0.358658849674919
LOG_SOL,fus_GR_late_lgbm,1,0,672,0.2926053889126894,0.48328163737848384,0.3731843075516341
LOG_SOL,fus_GR_late_lgbm,1,1,672,0.34705697800699475,0.4932784396853274,0.3650819524805816
LOG_SOL,fus_GR_late_lgbm,1,2,672,0.35105388525104775,0.5203220299142584,0.36077507558193384
LOG_SOL,fus_GR_late_lgbm,1,3,672,0.3616018751932363,0.5060312926975562,0.36056076279143545
LOG_SOL,fus_GR_late_lgbm,1,4,672,0.28997145368867716,0.5020375848374881,0.3650889125979703
LOG_SOL,fus_GR_late_lgbm,2,0,672,0.28468368387495624,0.4889348586934258,0.3790591208235795
LOG_SOL,fus_GR_late_lgbm,2,1,672,0.3289718659872375,0.502926235247455,0.36414854435831834
LOG_SOL,fus_GR_late_lgbm,2,2,672,0.18577309285193266,0.42952853142566694,0.401020362612429
LOG_SOL,fus_GR_late_lgbm,2,3,672,0.32991286578999757,0.5000601119933166,0.36210983236379995
LOG_SOL,fus_GR_late_lgbm,2,4,672,0.3264725892664223,0.4878588323107048,0.3679258921887707
LOG_SOL,fus_GR_late_lgbm,3,0,672,0.3184153902821195,0.49818715049695617,0.3682192417773293
LOG_SOL,fus_GR_late_lgbm,3,1,672,0.28310579926026525,0.5043009902179915,0.3714970864236836
LOG_SOL,fus_GR_late_lgbm,3,2,672,0.27239036575891573,0.5105541472880925,0.36746651165410443
LOG_SOL,fus_GR_late_lgbm,3,3,672,0.2987225677492462,0.48199315154207334,0.37419441705206397
LOG_SOL,fus_GR_late_lgbm,3,4,672,0.2118431827135736,0.44339879737344495,0.3974642475954517
LOG_SOL,fus_GR_late_lgbm,4,0,672,0.21735981994244258,0.453636421933412,0.39705946475554654
LOG_SOL,fus_GR_late_lgbm,4,1,672,0.3489671131529223,0.5034517184686876,0.35883285171109386
LOG_SOL,fus_GR_late_lgbm,4,2,672,0.17952647330806382,0.4564547966342794,0.40265512946399795
LOG_SOL,fus_GR_late_lgbm,4,3,672,0.2332125382614213,0.4618405683032227,0.3898730335625367
LOG_SOL,fus_GR_late_lgbm,4,4,672,0.39065670367748107,0.526208551635762,0.35184478369480626
LOG_SOL,fus_GR_late_rf,0,0,672,0.34984939564820516,0.5122271217918162,0.3650120405185522
LOG_SOL,fus_GR_late_rf,0,1,672,0.28541116592322757,0.4817556277034571,0.3847554157377309
LOG_SOL,fus_GR_late_rf,0,2,672,0.35433068411170454,0.5089430554655024,0.3584925665097069
LOG_SOL,fus_GR_late_rf,0,3,672,0.3024884309421627,0.47819798769171334,0.3786630895651623
LOG_SOL,fus_GR_late_rf,0,4,672,0.3474513443304178,0.5133349076255137,0.35789738965231027
LOG_SOL,fus_GR_late_rf,1,0,672,0.31034444758886714,0.4917110525825354,0.36948176831879126
LOG_SOL,fus_GR_late_rf,1,1,672,0.35228090954045466,0.49674883348219484,0.36246081632521515
LOG_SOL,fus_GR_late_rf,1,2,672,0.35526515354244326,0.5242558982677082,0.35994314739321465
LOG_SOL,fus_GR_late_rf,1,3,672,0.3844982593990772,0.5174385581245402,0.35590726060010647
LOG_SOL,fus_GR_late_rf,1,4,672,0.2925643538019306,0.5244943189664387,0.3634176262949004
LOG_SOL,fus_GR_late_rf,2,0,672,0.3198984500680777,0.5082552109834436,0.37077233359650386
LOG_SOL,fus_GR_late_rf,2,1,672,0.3510430413113981,0.51891362495467,0.3581638115130007
LOG_SOL,fus_GR_late_rf,2,2,672,0.22771551876478102,0.4435367458475117,0.3986864217172056
LOG_SOL,fus_GR_late_rf,2,3,672,0.3654642738124193,0.50981164999545,0.353885252732352
LOG_SOL,fus_GR_late_rf,2,4,672,0.33749745451528057,0.49771636357785903,0.36642001367412314
LOG_SOL,fus_GR_late_rf,3,0,672,0.310932569531135,0.511896933001948,0.36980399582138457
LOG_SOL,fus_GR_late_rf,3,1,672,0.2964646680281059,0.5082896888581935,0.3707913350795757
LOG_SOL,fus_GR_late_rf,3,2,672,0.2904258866835633,0.5196404319095709,0.36600739107693936
LOG_SOL,fus_GR_late_rf,3,3,672,0.3289642246503769,0.5001319022298689,0.3675486029750567
LOG_SOL,fus_GR_late_rf,3,4,672,0.24923819546116,0.48069408694004134,0.389164166938922
LOG_SOL,fus_GR_late_rf,4,0,672,0.23680797206449655,0.46956500634963777,0.39562018446214126
LOG_SOL,fus_GR_late_rf,4,1,672,0.38359514497161196,0.5191747440990071,0.3488863738486266
LOG_SOL,fus_GR_late_rf,4,2,672,0.22841366185246803,0.47230345936081225,0.39290064509998013
LOG_SOL,fus_GR_late_rf,4,3,672,0.271910372835502,0.4821295182782967,0.37943618765667
LOG_SOL,fus_GR_late_rf,4,4,672,0.3880839584755936,0.5156003441748356,0.3532994809550091
LOG_SOL,lgbm,0,0,672,0.29444557822250905,0.4721948111783413,0.4063482027832646
LOG_SOL,lgbm,0,1,672,0.2274446494915363,0.43632816550528575,0.4288387176149434
LOG_SOL,lgbm,0,2,672,0.28744174318668436,0.49085662372500904,0.403822447048199
LOG_SOL,lgbm,0,3,672,0.2673805102917999,0.4463687882229225,0.42625990524410573
LOG_SOL,lgbm,0,4,672,0.2984431288909163,0.5145643816896402,0.3995566741043821
LOG_SOL,lgbm,1,0,672,0.2690332196280647,0.47685957724709044,0.41015978331835407
LOG_SOL,lgbm,1,1,672,0.28042450572628885,0.4577452686899391,0.41594738136977216
LOG_SOL,lgbm,1,2,672,0.2786362722145761,0.4750518076398838,0.4013172026413119
LOG_SOL,lgbm,1,3,672,0.273786207847205,0.4858645958383133,0.40857571927073716
LOG_SOL,lgbm,1,4,672,0.27214606571549016,0.4795356227566124,0.4180962056388037
LOG_SOL,lgbm,2,0,672,0.2729379158259517,0.4465593482399215,0.41351460830925063
LOG_SOL,lgbm,2,1,672,0.23627906933828235,0.45895253105121353,0.4261082607823083
LOG_SOL,lgbm,2,2,672,0.27044256346053763,0.4906097537963672,0.41041877702841995
LOG_SOL,lgbm,2,3,672,0.2845372729866045,0.4813938498408249,0.40836092107225525
LOG_SOL,lgbm,2,4,672,0.2976856557011508,0.4903323365315287,0.4058715966168079
LOG_SOL,lgbm,3,0,672,0.2637763951926111,0.4500412898163538,0.42067696154138823
LOG_SOL,lgbm,3,1,672,0.2663137093443846,0.49410877815498316,0.41241853872549283
LOG_SOL,lgbm,3,2,672,0.2512214813213284,0.44847119082697545,0.4199014313100581
LOG_SOL,lgbm,3,3,672,0.29624902960905186,0.47296901782391876,0.40701966945502593
LOG_SOL,lgbm,3,4,672,0.287879609827846,0.48429367188825867,0.41680066316581826
LOG_SOL,lgbm,4,0,672,0.2896757479103784,0.47189989592480747,0.40260359485017716
LOG_SOL,lgbm,4,1,672,0.3099212601117399,0.48799371551361354,0.4040508882914852
LOG_SOL,lgbm,4,2,672,0.28831060961962574,0.5016715274994729,0.41607788687323594
LOG_SOL,lgbm,4,3,672,0.20818359580043788,0.41488165596086907,0.4280839465977641
LOG_SOL,lgbm,4,4,672,0.29203335848645606,0.48682633274917325,0.40595371474522873
LOG_SOL,uni_G_attfp,0,0,672,0.3581228366581959,0.5207492385684042,0.36894809180570526
LOG_SOL,uni_G_attfp,0,1,672,0.32085588467042025,0.5111259379382129,0.3836963626907008
LOG_SOL,uni_G_attfp,0,2,672,0.4184988992053835,0.536123979794662,0.3581328515304878
LOG_SOL,uni_G_attfp,0,3,672,0.3582143054780178,0.5025280787607754,0.36744494331906935
LOG_SOL,uni_G_attfp,0,4,672,0.3900796376002451,0.5406562949862711,0.37792664728071756
LOG_SOL,uni_G_attfp,1,0,672,0.3539208300815101,0.4899478157584847,0.37403920543496
LOG_SOL,uni_G_attfp,1,1,672,0.3906006530539238,0.5260432995345435,0.35564568811302
LOG_SOL,uni_G_attfp,1,2,672,0.3912939665376409,0.5447729291447418,0.3513367311727779
LOG_SOL,uni_G_attfp,1,3,672,0.3804511141301311,0.5242674664680723,0.3647101727909635
LOG_SOL,uni_G_attfp,1,4,672,0.3464799083061093,0.52671795600743,0.4034575328094637
LOG_SOL,uni_G_attfp,2,0,672,0.3527652627018232,0.5148581897258101,0.36338446870171415
LOG_SOL,uni_G_attfp,2,1,672,0.37968094740304925,0.5493086253036582,0.3497377369858767
LOG_SOL,uni_G_attfp,2,2,672,0.2925186523318827,0.44675886485452393,0.42345484844613435
LOG_SOL,uni_G_attfp,2,3,672,0.3868356058427789,0.5207348447426752,0.36748902283307733
LOG_SOL,uni_G_attfp,2,4,672,0.36774154274298765,0.5211939247421254,0.36406707477291284
LOG_SOL,uni_G_attfp,3,0,672,0.37667387477490244,0.4948983032223007,0.3730465378037578
LOG_SOL,uni_G_attfp,3,1,672,0.38101822900219917,0.5269704359027859,0.38698567368205095
LOG_SOL,uni_G_attfp,3,2,672,0.3411430545289733,0.5366285545647197,0.37785065094477754
LOG_SOL,uni_G_attfp,3,3,672,0.3994026080599562,0.5322259373542211,0.354149400869302
LOG_SOL,uni_G_attfp,3,4,672,0.38203693105760705,0.5188073572580116,0.366184845020586
LOG_SOL,uni_G_attfp,4,0,672,0.35736303895915844,0.5107479616106583,0.3799961609947827
LOG_SOL,uni_G_attfp,4,1,672,0.36982223297744843,0.47295400639858715,0.3762010748696839
LOG_SOL,uni_G_attfp,4,2,672,0.3006282377417058,0.48671555169758096,0.3912704832721981
LOG_SOL,uni_G_attfp,4,3,672,0.3475529299252277,0.5213124167717867,0.3665124677610191
LOG_SOL,uni_G_attfp,4,4,672,0.40602493388120053,0.5140957519404274,0.3670763661381901
LOG_SOL,uni_G_lgbm,0,0,672,0.36413994547479234,0.5394017345831773,0.3620728090987895
LOG_SOL,uni_G_lgbm,0,1,672,0.31214207283012574,0.49310239698777114,0.3767809519863987
LOG_SOL,uni_G_lgbm,0,2,672,0.40021147534481927,0.5470596313005774,0.34796108661850444
LOG_SOL,uni_G_lgbm,0,3,672,0.37799422355715284,0.5295438506392743,0.36082186603507427
LOG_SOL,uni_G_lgbm,0,4,672,0.3818711719304838,0.5369550743551177,0.34985229548582897
LOG_SOL,uni_G_lgbm,1,0,672,0.33853248766560695,0.5001881265111278,0.3622830949773075
LOG_SOL,uni_G_lgbm,1,1,672,0.3818206275479935,0.5271441860346254,0.3509875140613526
LOG_SOL,uni_G_lgbm,1,2,672,0.37758064539766734,0.5489537182627974,0.34967891798356476
LOG_SOL,uni_G_lgbm,1,3,672,0.3602415937329493,0.5438985971271093,0.3633825836415248
LOG_SOL,uni_G_lgbm,1,4,672,0.3281873505836129,0.5236868161988556,0.3663358184723008
LOG_SOL,uni_G_lgbm,2,0,672,0.3463540125088891,0.5255563784753673,0.3656745241269847
LOG_SOL,uni_G_lgbm,2,1,672,0.3569477225107126,0.5565163337485229,0.3523872861274582
LOG_SOL,uni_G_lgbm,2,2,672,0.3060428101394951,0.4610938818683985,0.3966624806627406
LOG_SOL,uni_G_lgbm,2,3,672,0.3723225788558925,0.5265566363431539,0.35801989174732335
LOG_SOL,uni_G_lgbm,2,4,672,0.38290421597677227,0.5286406316966956,0.3538578096460607
LOG_SOL,uni_G_lgbm,3,0,672,0.3717140473725544,0.5100370110073886,0.3595374970167274
LOG_SOL,uni_G_lgbm,3,1,672,0.3424793979815296,0.5154134996230848,0.3640493187958433
LOG_SOL,uni_G_lgbm,3,2,672,0.35419493792478807,0.5472352064052918,0.35479234523450476
LOG_SOL,uni_G_lgbm,3,3,672,0.3809838209768769,0.5358753423962839,0.34982353183964904
LOG_SOL,uni_G_lgbm,3,4,672,0.35292584534183224,0.539956115307402,0.36390400172258086
LOG_SOL,uni_G_lgbm,4,0,672,0.37516197940630425,0.5078913008715874,0.3653064843850884
LOG_SOL,uni_G_lgbm,4,1,672,0.35543294653838353,0.5011781292751726,0.3600296687662243
LOG_SOL,uni_G_lgbm,4,2,672,0.3290371454753088,0.49713960804526425,0.38107008714682633
LOG_SOL,uni_G_lgbm,4,3,672,0.3202009414528534,0.545704045722469,0.36069452104216077
LOG_SOL,uni_G_lgbm,4,4,672,0.39037349750363803,0.5443480405462311,0.3503084308383622
LOG_SOL,uni_G_rf,0,0,672,0.3620540024220905,0.543031473948929,0.3567591097847624
LOG_SOL,uni_G_rf,0,1,672,0.32123358930465495,0.5137922162088473,0.36841471188067465
LOG_SOL,uni_G_rf,0,2,672,0.4078721703120356,0.5511857937134864,0.3406989461488748
LOG_SOL,uni_G_rf,0,3,672,0.3694347063915183,0.5161264233455296,0.3602442457088248
LOG_SOL,uni_G_rf,0,4,672,0.38420905948448136,0.54872112786175,0.34599137702207344
LOG_SOL,uni_G_rf,1,0,672,0.3371402616188197,0.5094003989920043,0.36061874741432104
LOG_SOL,uni_G_rf,1,1,672,0.3731894434183416,0.5249673808330455,0.3501953925510069
LOG_SOL,uni_G_rf,1,2,672,0.3800077345091899,0.5463310607798972,0.3462163003986304
LOG_SOL,uni_G_rf,1,3,672,0.3641159832152162,0.5433665653753764,0.3580351976050127
LOG_SOL,uni_G_rf,1,4,672,0.33779787445492127,0.5340166090318642,0.3597539094119477
LOG_SOL,uni_G_rf,2,0,672,0.3546485856626539,0.5328497996478444,0.3611712872244608
LOG_SOL,uni_G_rf,2,1,672,0.3652346028247486,0.5572592368450218,0.3479755185239594
LOG_SOL,uni_G_rf,2,2,672,0.30293869541186413,0.4666856139240749,0.3916790208528421
LOG_SOL,uni_G_rf,2,3,672,0.3873628971375902,0.5286490169697278,0.3509931755738793
LOG_SOL,uni_G_rf,2,4,672,0.38639974947960554,0.5369734527735318,0.34956987150436936
LOG_SOL,uni_G_rf,3,0,672,0.3654447262314374,0.5203678417300651,0.35618575540316977
LOG_SOL,uni_G_rf,3,1,672,0.35851761867199183,0.531596152787724,0.3568390294180058
LOG_SOL,uni_G_rf,3,2,672,0.33244855287275854,0.547202475912353,0.3570098767109598
LOG_SOL,uni_G_rf,3,3,672,0.3922180988686709,0.533981000130576,0.34445581932153957
LOG_SOL,uni_G_rf,3,4,672,0.3588756194933035,0.5446307110287142,0.3595354474281283
LOG_SOL,uni_G_rf,4,0,672,0.369022821744558,0.5079209935554738,0.36200634731335474
LOG_SOL,uni_G_rf,4,1,672,0.3640985262716574,0.509361073003852,0.3561130938364472
LOG_SOL,uni_G_rf,4,2,672,0.3294176701867907,0.49962908712636434,0.37915345644178716
LOG_SOL,uni_G_rf,4,3,672,0.3153890318404835,0.5450481715183302,0.3589836377996843
LOG_SOL,uni_G_rf,4,4,672,0.3993311739941596,0.5427674421511489,0.34428496714687556
LOG_SOL,uni_M_lgbm,0,0,672,0.232781482840143,0.3981598067006359,0.4246467575480158
LOG_SOL,uni_M_lgbm,0,1,672,0.23750425750968063,0.4324895756969517,0.4131532860917916
LOG_SOL,uni_M_lgbm,0,2,672,0.27730744893016757,0.4448609306310881,0.40219611509786496
LOG_SOL,uni_M_lgbm,0,3,672,0.2953555972539541,0.46564407299349175,0.398418252042581
LOG_SOL,uni_M_lgbm,0,4,672,0.30159467780632143,0.4571652000553605,0.39646646073553676
LOG_SOL,uni_M_lgbm,1,0,672,0.232312886721868,0.4101934998789638,0.4147200081350399
LOG_SOL,uni_M_lgbm,1,1,672,0.2791641000799917,0.4445936167220512,0.40008950274026744
LOG_SOL,uni_M_lgbm,1,2,672,0.29875216799871973,0.45731623636831403,0.39504896552359403
LOG_SOL,uni_M_lgbm,1,3,672,0.2649372164727003,0.4509982958543153,0.41373074978126084
LOG_SOL,uni_M_lgbm,1,4,672,0.23161270367490117,0.4335032332034975,0.41426962039933235
LOG_SOL,uni_M_lgbm,2,0,672,0.2746693087835913,0.43627183024895677,0.4059654596200748
LOG_SOL,uni_M_lgbm,2,1,672,0.2542750753865626,0.443472756847547,0.4096649343142869
LOG_SOL,uni_M_lgbm,2,2,672,0.278316694781337,0.4764135216472905,0.40080738243986175
LOG_SOL,uni_M_lgbm,2,3,672,0.293175547060457,0.42794915404761474,0.3931417528681641
LOG_SOL,uni_M_lgbm,2,4,672,0.2575326451241339,0.4239584460530818,0.41711970718400126
LOG_SOL,uni_M_lgbm,3,0,672,0.27429753894794395,0.42503572901519576,0.4076732747485967
LOG_SOL,uni_M_lgbm,3,1,672,0.2726866338699111,0.4465423193015387,0.4069821394840136
LOG_SOL,uni_M_lgbm,3,2,672,0.25522995630224354,0.4433539880123706,0.4023110265648371
LOG_SOL,uni_M_lgbm,3,3,672,0.2462700506270642,0.435787383104044,0.4073090184573856
LOG_SOL,uni_M_lgbm,3,4,672,0.28489359566910555,0.4634469582872929,0.40270241951329194
LOG_SOL,uni_M_lgbm,4,0,672,0.27251074060673686,0.42547903117159486,0.4030926493020556
LOG_SOL,uni_M_lgbm,4,1,672,0.28740810292796437,0.4710238444998132,0.3964473124222665
LOG_SOL,uni_M_lgbm,4,2,672,0.259878983244227,0.4458162615080734,0.4111575992230587
LOG_SOL,uni_M_lgbm,4,3,672,0.29275116294370307,0.4428696001826744,0.40486543494093835
LOG_SOL,uni_M_lgbm,4,4,672,0.22951892868543966,0.4216662490548299,0.4130197805214606
LOG_SOL,uni_M_rf,0,0,672,0.26797247328752005,0.42247386527098574,0.42425124132488645
LOG_SOL,uni_M_rf,0,1,672,0.26957468878837987,0.4222029924489588,0.4180394289481484
LOG_SOL,uni_M_rf,0,2,672,0.2738378900977798,0.4214956584921694,0.41278129687403853
LOG_SOL,uni_M_rf,0,3,672,0.26934035828170055,0.4108416570214228,0.42283805727552237
LOG_SOL,uni_M_rf,0,4,672,0.27137754933377867,0.419730595822973,0.4134482790823555
LOG_SOL,uni_M_rf,1,0,672,0.261771810576242,0.4183207719854086,0.42239214437880374
LOG_SOL,uni_M_rf,1,1,672,0.26774552906591353,0.42524689118594383,0.41974840015980563
LOG_SOL,uni_M_rf,1,2,672,0.27723212316991186,0.42079160664402654,0.4140411502977594
LOG_SOL,uni_M_rf,1,3,672,0.26354933514774437,0.42284855949363054,0.42095132517250244
LOG_SOL,uni_M_rf,1,4,672,0.26575861492822617,0.41726899456639055,0.4167766779460395
LOG_SOL,uni_M_rf,2,0,672,0.2721526920520586,0.42118267186642594,0.41673589145416023
LOG_SOL,uni_M_rf,2,1,672,0.26945212253594175,0.41991217947242526,0.4205198340024038
LOG_SOL,uni_M_rf,2,2,672,0.26427977441922246,0.41086520516237424,0.42025645914005677
LOG_SOL,uni_M_rf,2,3,672,0.26798598378744254,0.4156508359167314,0.41765572521108635
LOG_SOL,uni_M_rf,2,4,672,0.26491307264126707,0.41860750174198047,0.42081360981979143
LOG_SOL,uni_M_rf,3,0,672,0.2704291030684839,0.4169800503750693,0.4214507198965989
LOG_SOL,uni_M_rf,3,1,672,0.2585168846692907,0.41481354232058565,0.4208488687783575
LOG_SOL,uni_M_rf,3,2,672,0.26105949251488136,0.4144615262823836,0.417841992767805
LOG_SOL,uni_M_rf,3,3,672,0.2637211221243193,0.4096458029415208,0.41868229789414035
LOG_SOL,uni_M_rf,3,4,672,0.2674382234573338,0.42999017087571845,0.418929583481951
LOG_SOL,uni_M_rf,4,0,672,0.2739552715146304,0.4073465276607663,0.41862187652281785
LOG_SOL,uni_M_rf,4,1,672,0.2573620553605299,0.41319799354045256,0.4197761211326043
LOG_SOL,uni_M_rf,4,2,672,0.2679325203921551,0.42542254331374585,0.4193631115673391
LOG_SOL,uni_M_rf,4,3,672,0.262868221282344,0.4233884663659729,0.4182423572308684
LOG_SOL,uni_M_rf,4,4,672,0.26667092756812805,0.4209275768919885,0.4206355386911776
LOG_SOL,uni_R_lgbm,0,0,672,0.29969397823033217,0.4689514696939186,0.40803240441785044
LOG_SOL,uni_R_lgbm,0,1,672,0.2838281734419027,0.4352053723138544,0.40963753955772264
LOG_SOL,uni_R_lgbm,0,2,672,0.30333185374958627,0.45894652870512054,0.39899049077506055
LOG_SOL,uni_R_lgbm,0,3,672,0.28818082708053794,0.45534450421455636,0.4052566967312682
LOG_SOL,uni_R_lgbm,0,4,672,0.2942542804768863,0.4520047159554881,0.3990777163325771
LOG_SOL,uni_R_lgbm,1,0,672,0.28687992543717455,0.46272853695948657,0.3995047751007766
LOG_SOL,uni_R_lgbm,1,1,672,0.2878095437557203,0.4436582300296228,0.4036950690589601
LOG_SOL,uni_R_lgbm,1,2,672,0.29275317059644956,0.47305725441775803,0.40371749822950803
LOG_SOL,uni_R_lgbm,1,3,672,0.3152216585842941,0.4670588536175986,0.4056421953008875
LOG_SOL,uni_R_lgbm,1,4,672,0.3141881485845974,0.4854692596369257,0.396032256909364
LOG_SOL,uni_R_lgbm,2,0,672,0.3105245145873986,0.4610926673739572,0.4033440505347471
LOG_SOL,uni_R_lgbm,2,1,672,0.2929764243520707,0.45057204139108276,0.40875125470131257
LOG_SOL,uni_R_lgbm,2,2,672,0.3006091606090421,0.45987787194423363,0.39869667673504305
LOG_SOL,uni_R_lgbm,2,3,672,0.3038869878371441,0.4641260680868966,0.39854066131999827
LOG_SOL,uni_R_lgbm,2,4,672,0.28260903930100023,0.43759481660956184,0.4066465966024379
LOG_SOL,uni_R_lgbm,3,0,672,0.29859041700667144,0.47851428867015094,0.40427822223152204
LOG_SOL,uni_R_lgbm,3,1,672,0.2823144081676613,0.4674899282518942,0.40639566425680795
LOG_SOL,uni_R_lgbm,3,2,672,0.27982238150217487,0.44991534384122567,0.40392577392756623
LOG_SOL,uni_R_lgbm,3,3,672,0.28301015728443746,0.4464850790595216,0.4060672813155267
LOG_SOL,uni_R_lgbm,3,4,672,0.2602083292275278,0.42683713780658705,0.4156844040382861
LOG_SOL,uni_R_lgbm,4,0,672,0.2923667773918861,0.4475636032379557,0.4065593339360184
LOG_SOL,uni_R_lgbm,4,1,672,0.30325092671305265,0.4612895703300376,0.3957410777677654
LOG_SOL,uni_R_lgbm,4,2,672,0.28884017008830865,0.4659717948440047,0.405926140900109
LOG_SOL,uni_R_lgbm,4,3,672,0.27561323462537834,0.4494290865871323,0.40466581713233957
LOG_SOL,uni_R_lgbm,4,4,672,0.3213821936946011,0.4741830811648316,0.3992434371115543
LOG_SOL,uni_R_rf,0,0,672,0.2958246489889782,0.45946855365794304,0.4129317436590271
LOG_SOL,uni_R_rf,0,1,672,0.29065314083465055,0.4471789154419014,0.407933134958375
LOG_SOL,uni_R_rf,0,2,672,0.2962328652449788,0.44485640839097684,0.40267620122538506
LOG_SOL,uni_R_rf,0,3,672,0.29503384631955476,0.4370025597385107,0.41129480785312045
LOG_SOL,uni_R_rf,0,4,672,0.287232516061135,0.44911607130675935,0.4048421194203534
LOG_SOL,uni_R_rf,1,0,672,0.29175084514699756,0.4552146443181043,0.41143704120781355
LOG_SOL,uni_R_rf,1,1,672,0.29598070733012316,0.43922784915054913,0.40811034852802885
LOG_SOL,uni_R_rf,1,2,672,0.3044082403616222,0.4512196063522612,0.40250661134284305
LOG_SOL,uni_R_rf,1,3,672,0.2953792749391023,0.4558814857471693,0.4083351366080916
LOG_SOL,uni_R_rf,1,4,672,0.2852061660105716,0.44271147132476574,0.4094288602542633
LOG_SOL,uni_R_rf,2,0,672,0.3059199960818526,0.4537314278006507,0.40370385005270054
LOG_SOL,uni_R_rf,2,1,672,0.2983637041441536,0.45504164160501637,0.40926304119061174
LOG_SOL,uni_R_rf,2,2,672,0.296167221849733,0.4480057497800301,0.40875032543158474
LOG_SOL,uni_R_rf,2,3,672,0.2933480966022046,0.4535129303169552,0.40435717516044856
LOG_SOL,uni_R_rf,2,4,672,0.2844578704745879,0.44886477250866247,0.41007598119302696
LOG_SOL,uni_R_rf,3,0,672,0.30226635439062166,0.44512923861245124,0.41327224359712245
LOG_SOL,uni_R_rf,3,1,672,0.28824809113950456,0.44366595200754516,0.41030331180698876
LOG_SOL,uni_R_rf,3,2,672,0.28865655762591835,0.44658477469581087,0.40602070578046084
LOG_SOL,uni_R_rf,3,3,672,0.2743714116162377,0.43006149317203524,0.41242728841053067
LOG_SOL,uni_R_rf,3,4,672,0.284390104627965,0.4511394714955588,0.4088413402982491
LOG_SOL,uni_R_rf,4,0,672,0.30505738313624786,0.44584177252951,0.4064795680560755
LOG_SOL,uni_R_rf,4,1,672,0.302660005342146,0.4669090147989528,0.40372378796361597
LOG_SOL,uni_R_rf,4,2,672,0.29319209349777076,0.4560806662422147,0.4065779498015776
LOG_SOL,uni_R_rf,4,3,672,0.2656399893467922,0.4388553100511202,0.4135539535065452
LOG_SOL,uni_R_rf,4,4,672,0.3030281832791615,0.45492819136870793,0.4078369796667945
LOG_SOL,uni_S_lgbm,0,0,672,0.29415944524583915,0.411517280797544,0.4042392145587281
LOG_SOL,uni_S_lgbm,0,1,672,0.23600440361152275,0.34250821073521165,0.4196880256218517
LOG_SOL,uni_S_lgbm,0,2,672,0.3203499151764475,0.3905289719920412,0.39330898299912
LOG_SOL,uni_S_lgbm,0,3,672,0.23213643186192667,0.3772518153289523,0.409063847210046
LOG_SOL,uni_S_lgbm,0,4,672,0.2547437030077636,0.34983777504503344,0.41872985001916957
LOG_SOL,uni_S_lgbm,1,0,672,0.1444968286053545,0.40208622156984897,0.41757867810437205
LOG_SOL,uni_S_lgbm,1,1,672,0.21599540079189483,0.35144863503611995,0.43787689992086243
LOG_SOL,uni_S_lgbm,1,2,672,0.2543189911637239,0.38438711298741246,0.40834160329985925
LOG_SOL,uni_S_lgbm,1,3,672,0.28484327963245537,0.42313527145211993,0.4004291815641853
LOG_SOL,uni_S_lgbm,1,4,672,0.22631040614791886,0.35314426923965436,0.4292547502104342
LOG_SOL,uni_S_lgbm,2,0,672,0.21141353698181087,0.3974329105803105,0.4146158812924042
LOG_SOL,uni_S_lgbm,2,1,672,0.1507174108603634,0.3863111311600701,0.41320101479874355
LOG_SOL,uni_S_lgbm,2,2,672,0.2515430526837342,0.37844412516476333,0.4165625249668176
LOG_SOL,uni_S_lgbm,2,3,672,0.26277491026883615,0.40120407647147116,0.40245173144279955
LOG_SOL,uni_S_lgbm,2,4,672,0.22241604703589113,0.33235324976162645,0.43176268684209723
LOG_SOL,uni_S_lgbm,3,0,672,0.2555615682147282,0.3780826342023349,0.4172229910051134
LOG_SOL,uni_S_lgbm,3,1,672,0.24762656209242284,0.3957519233010747,0.4115113036853756
LOG_SOL,uni_S_lgbm,3,2,672,0.16322529110024764,0.38412602271196905,0.42569306536359297
LOG_SOL,uni_S_lgbm,3,3,672,0.26037482154810765,0.39861516901575283,0.4119310183713988
LOG_SOL,uni_S_lgbm,3,4,672,0.28185812204168026,0.40698671668992825,0.4095061714405224
LOG_SOL,uni_S_lgbm,4,0,672,0.2432720514738823,0.36067790829001944,0.42505217189505257
LOG_SOL,uni_S_lgbm,4,1,672,0.2226658761168343,0.346693515547689,0.43182777465012007
LOG_SOL,uni_S_lgbm,4,2,672,0.2161719883000155,0.34110884047817747,0.43850625753207806
LOG_SOL,uni_S_lgbm,4,3,672,0.22402036436573858,0.356128018274231,0.4293937636200775
LOG_SOL,uni_S_lgbm,4,4,672,0.2731747486349462,0.4002966493980771,0.41570752571710073
LOG_SOL,uni_S_rf,0,0,672,0.2887081715730436,0.40472201316103573,0.40153085973864144
LOG_SOL,uni_S_rf,0,1,672,0.24950099097549483,0.37799234266287735,0.413193097548662
LOG_SOL,uni_S_rf,0,2,672,0.30989609375573957,0.3926521971351785,0.3937475902389816
LOG_SOL,uni_S_rf,0,3,672,0.22012406009214147,0.3761981562401154,0.41190957656757615
LOG_SOL,uni_S_rf,0,4,672,0.27744864431738325,0.3796935866382398,0.4098257154574032
LOG_SOL,uni_S_rf,1,0,672,0.16064247088056327,0.4191730822171989,0.4117853545740572
LOG_SOL,uni_S_rf,1,1,672,0.20833943222384554,0.36038037345711266,0.4400044460969451
LOG_SOL,uni_S_rf,1,2,672,0.25459372902201116,0.38680464994148556,0.4048965125179765
LOG_SOL,uni_S_rf,1,3,672,0.2910550531512981,0.429026301445568,0.39606077269658124
LOG_SOL,uni_S_rf,1,4,672,0.22412125650678372,0.36409755921661474,0.4284833804260743
LOG_SOL,uni_S_rf,2,0,672,0.20173593528451272,0.40352327051159337,0.4130209244862214
LOG_SOL,uni_S_rf,2,1,672,0.14189166462553549,0.3877123111561419,0.41523191051766467
LOG_SOL,uni_S_rf,2,2,672,0.2573629520194518,0.3877489679599403,0.4124307316694485
LOG_SOL,uni_S_rf,2,3,672,0.25876158786236103,0.40685315812728756,0.40378155637662383
LOG_SOL,uni_S_rf,2,4,672,0.22669786281987314,0.35003657079693395,0.4267257447638222
LOG_SOL,uni_S_rf,3,0,672,0.2522198797405001,0.39099730647646974,0.41904305387893165
LOG_SOL,uni_S_rf,3,1,672,0.2560484152768834,0.40653519685169925,0.40605951375087085
LOG_SOL,uni_S_rf,3,2,672,0.1786741194613063,0.37530477025380166,0.41710675225608423
LOG_SOL,uni_S_rf,3,3,672,0.28225699461869846,0.4063916061219572,0.40365855736907513
LOG_SOL,uni_S_rf,3,4,672,0.28603640428849597,0.41157108589635927,0.4047526350232084
LOG_SOL,uni_S_rf,4,0,672,0.24970200369973972,0.38592605318291534,0.42094940766624894
LOG_SOL,uni_S_rf,4,1,672,0.23117170108495078,0.36161289864022955,0.42758329593496736
LOG_SOL,uni_S_rf,4,2,672,0.2316859573255543,0.36223102440275706,0.4302937251686839
LOG_SOL,uni_S_rf,4,3,672,0.21872299783674398,0.3727143993483302,0.4306526123209262
LOG_SOL,uni_S_rf,4,4,672,0.2901091804963237,0.40888702516101416,0.40639682504233055
