nonstereo_aromatic_smiles,pIC50,chembl_cid,Target ID,year
CCOCCOc1cc(-c2ccccc2Cl)c2cc[n+]([O-])c(-c3c(Cl)cccc3Cl)c2n1,8.045757490560675,CHEMBL1916531,260,2011.0
CC(C)S(=O)(=O)n1c(N)nc2ccc(-c3[nH]c(-c4c(F)cccc4F)nc3-c3ccccc3)nc21,8.455931955649724,CHEMBL272108,260,2008.0
CCCNc1nnc2ccc(-c3ocnc3-c3ccc(F)cc3)cn12,6.703334809738469,CHEMBL378922,260,2006.0
CC(C)c1nnc2ccc(-c3ocnc3-c3cc(F)c(F)c(F)c3)cn12,8.387216143280265,CHEMBL213374,260,2006.0
CC(C)(C)c1nnc2ccc(-c3ocnc3-c3ccc(F)cc3F)cn12,8.958607314841775,CHEMBL212382,260,2006.0
CC(C)c1nnc2ccc(-c3ocnc3-c3cc(F)c(F)cc3Cl)cn12,8.2518119729938,CHEMBL213598,260,2006.0
Cc1ccc(NC(=O)c2cccc(N(C)C)c2)cc1NC(=O)c1ccc(OC(C)C)cc1,6.7747214952908354,CHEMBL365472,260,2004.0
Cc1ccc(NC(=O)c2cccc(N(C)C)c2)cc1NC(=O)c1ccc(O)cc1,6.7447274948966935,CHEMBL186526,260,2004.0
CC(C)S(=O)(=O)n1c(N)nc2ccc(-c3[nH]c(C(C)(C)C)nc3-c3ccc(F)cc3)cc21,7.798602875679548,CHEMBL193055,260,2005.0
CC(C)S(=O)(=O)n1c(N)nc2ccc(-c3[nH]c(C(C)(C)C)nc3-c3ccc(F)cc3F)cc21,8.356547323513812,CHEMBL363831_CHEMBL404377,260,
Nc1cc(-c2ccccc2Cl)c2c(c1)N(c1c(Cl)cccc1Cl)C(=O)NC2,8.221848749616356,CHEMBL425422,260,2006.0
CC(C)c1nnc2ccc(-c3ocnc3-c3cc(F)ccc3F)cn12,8.236572006437063,CHEMBL379866,260,2006.0
Nc1cc(F)ccc1Sc1ccc2c(-c3c(Cl)cccc3Cl)c(=O)ncn2n1,6.236830361305078,CHEMBL324091,260,2011.0
CCN1CCC(c2cc(-c3ccc(F)cc3Cl)c3c(c2)N(c2c(Cl)cccc2Cl)C(=O)NC3)CC1,8.92118081690115,CHEMBL96345,260,2003.0
CCCNC(=O)c1cn2ncnc(Nc3cc(C(=O)NC4CC4)ccc3C)c2c1C,7.886056647693163,CHEMBL1230065,260,2010.0
CC(C)Oc1nnc2ccc(-c3ocnc3-c3ccc(F)cc3)cn12,7.747146969020107,CHEMBL213501,260,2006.0
Nc1cc(F)ccc1Nc1ccc2c(c1)OCc1ccccc1C2=O,7.42021640338319,CHEMBL218961,260,2006.0
CC(C)c1nnc2ccc(-c3ocnc3-c3cc(F)cc(F)c3F)cn12,7.079354998593212,CHEMBL379112,260,2006.0
CC(C1CC1)N1CCC(c2cc(-c3ccc(F)cc3Cl)c3c(c2)N(c2c(Cl)cccc2Cl)C(=O)NC3)CC1,9.523023534240473,CHEMBL318934,260,2003.0
CC(C)c1nnc2ccc(-c3ocnc3-c3ccc(Cl)c(Cl)c3)cn12,7.578396073130169,CHEMBL211151,260,2006.0
CCCNc1ncc(C(=O)Nc2cc(C(N)=O)ccc2C)s1,8.387216143280265,CHEMBL257994,260,2008.0
CCOCCOc1ccc(C(=O)Nc2cc(NC(=O)c3cccc(N(C)C)c3)ccc2C)cc1,6.508638306165727,CHEMBL185086,260,2004.0
Cc1ccc(NC(=O)c2ccc(C)c(C(F)(F)F)c2)cc1C#Cc1nn(C2CCC(O)CC2)c2ncnc(N)c12,6.465973893943865,CHEMBL4798527,260,2016.0
Nc1cc(F)ccc1Nc1ccc2c(c1)OCc1c(OCCN3CCOCC3)cccc1C2=O,7.142667503568731,CHEMBL3087489,260,2013.0
CCCNc1nccc(-c2c(-c3ccc(F)cc3)nc3n2C(CO)CC3)n1,7.530740137411754,CHEMBL198756_CHEMBL383799,260,
CCCNc1nccc(-c2c(-c3ccc(F)cc3)nc3n2C(COCc2ccc(OC)cc2)CC3)n1,6.9655732531642505,CHEMBL198261_CHEMBL383348,260,
CC(C)c1nnc2ccc(-c3ocnc3-c3cc(F)c(F)cc3F)cn12,8.494850021680094,CHEMBL213423,260,2006.0
Cc1ccc(NC(=O)c2cccc(C#N)c2)cc1-n1cnc2ccc(N3CCN(C)CC3)cc2c1=O,6.1079590564112936,CHEMBL2031226,260,2012.0
Nc1ccc(Nc2ccc3c(c2)OCc2ccccc2C3=O)c(F)c1,5.880744110722064,CHEMBL219424,260,2006.0
CC(C)(O)c1nnc2ccc(-c3ocnc3-c3cc(F)ccc3F)cn12,7.602059991327962,CHEMBL377606,260,2006.0
Nc1ccccc1Nc1ccc2c(c1)OCc1ccc(OCCN3CCOCC3)cc1C2=O,6.640210071143138,CHEMBL3086697,260,2013.0
Nc1ccccc1Nc1ccc2c(c1)OCc1ccccc1C2=O,6.518557371497695,CHEMBL375978,260,2006.0
Nc1ccccc1Nc1ccc2c(c1)SCc1ccccc1C2=O,6.707743928643524,CHEMBL220074,260,2006.0
CCCNc1ncc(C(=O)Nc2cc(C(=O)NC)ccc2C)s1,8.346787486224656,CHEMBL257996,260,2008.0
CCCNc1ncc(C(=O)Nc2c(C)cccc2Cl)s1,7.552841968657781,CHEMBL255254,260,2008.0
CC(CS(C)(=O)=O)Nc1ncc2cc(Oc3ccc(F)cc3F)c(=O)n(C)c2n1,7.801029995663981,CHEMBL1230610_CHEMBL1232769,260,
CCNC(=O)c1cn2ncnc(Nc3cc(C(=O)NOC)ccc3C)c2c1C,8.508638306165727,CHEMBL252128,260,2008.0
CCCNc1nc2c(s1)C(=O)N(c1cc(C(=O)NCC)ccc1C)C2,6.795880017344075,CHEMBL254168,260,2008.0
CC(C)(O)CCc1cccc(C(=O)c2cnn(-c3ccc(F)cc3)c2N)c1,6.229147988357855,CHEMBL438628,260,2006.0
CCCNc1nc2c(s1)C(=O)N(c1cc(C(=O)NC)ccc1C)C2,6.568636235841012,CHEMBL255719,260,2008.0
Cc1ccc(NC(=O)c2ccccc2)cc1-c1ccc(C(=O)NCC2CC2)cc1,7.119186407719209,CHEMBL478421,260,2008.0
Cc1ccc(NC(=O)c2ccccc2)cc1-n1c(C)nc2ccc(N3CCN(C)CC3)cc2c1=O,5.470000200122707,CHEMBL2031223,260,2012.0
CC(Cn1ncnn1)Nc1ncc2cc(Oc3ccc(F)cc3F)c(=O)n(C)c2n1,8.328788659588897,CHEMBL1230351_CHEMBL1232784,260,
CSc1nc(-c2ccc(F)cc2)c(-c2ccnc(NC(C)=O)c2)n1CC1COC(C)(C)O1,5.428058364925538,CHEMBL225458,260,2004.0
Cc1ccc(NC(=O)c2ccccc2F)cc1-n1cnc2ccc(N3CCN(C)CC3)cc2c1=O,6.617019838337441,CHEMBL2031229,260,2012.0
Cc1ccc(NC(=O)c2cccnc2)cc1-n1cnc2ccc(N3CCN(C)CC3)cc2c1=O,5.321919462818888,CHEMBL2031234,260,2012.0
CCNc1c(C(=O)Nc2cc(C(=O)Nc3ccon3)ccc2C)cnn1-c1ccccc1C,8.301029995663981,CHEMBL1289427,260,2010.0
Cc1ccc(NC(=O)c2ccco2)cc1-c1ccc(C(=O)NCC2CC2)cc1,6.795880017344075,CHEMBL477582,260,2008.0
Cc1ccc(NC(=O)c2cccs2)cc1-c1ccc(C(=O)NCC2CC2)cc1,6.698970004336019,CHEMBL477791,260,2008.0
Cc1ccc(NC(=O)c2ccnc(N3CCOCC3)c2)cc1-n1cnc2ccc(N3CCN(C)CC3)cc2c1=O,6.555579681098294,CHEMBL2031219,260,2012.0
Cc1ccc(NC(=O)c2ccnc(N3CCOCC3)c2)cc1NC(=O)c1ccc(OCc2ccccn2)cc1,8.0,CHEMBL184012,260,2004.0
CCOC(=O)c1nc(-c2ccc(F)cc2)c(-c2ccnc(NC(=O)C3CC3)c2)[nH]1,7.050609993355087,CHEMBL4518634,260,2019.0
CCNc1c(C(=O)Nc2cc(C(=O)Nc3ccon3)ccc2C)cnn1-c1ccccn1,8.397940008672037,CHEMBL1289426,260,2010.0
Nc1ccccc1Nc1ccc2c(c1)COc1ccccc1C2=O,5.514278573518419,CHEMBL219259,260,2006.0
CC(C)c1nnc2ccc(-c3ocnc3-c3ccc(Cl)c(F)c3)cn12,7.364516253185088,CHEMBL384967,260,2006.0
CC(C)(O)Cn1c(=O)c(Oc2ccc(F)cc2F)cc2cnc(NC3CCOCC3)nc21,7.920818753952375,CHEMBL1766504,260,2011.0
Nc1ccccc1Nc1ccc2c(c1)CCc1ccc(OCC(O)CO)cc1C2=O,6.933230545814891,CHEMBL2152936_CHEMBL2152938,260,
CC(C)c1nnc2ccc(-c3ocnc3-c3ccc(F)c(Cl)c3)cn12,7.906578314837764,CHEMBL378934,260,2006.0
CC(C)c1nnc2ccc(-c3ocnc3-c3ccc(F)c(Br)c3)cn12,8.096910013008056,CHEMBL439540,260,2006.0
Cc1ccc(NC(=O)c2cccc(N(C)C)c2)cc1NC(=O)c1ccc(OCc2ccccn2)cc1,7.296729909783022,CHEMBL366255,260,2004.0
CCCNc1ncc(C(=O)Nc2cc(C(=O)NCC)ccc2C)s1,8.698970004336019,CHEMBL255482,260,2008.0
CC(C)c1nnc2ccc(-c3ocnc3-c3ccc(Cl)cc3)cn12,7.752026733638194,CHEMBL378328,260,2006.0
CC(C)c1nnc2ccc(-c3ocnc3-c3ccc(Cl)cc3Cl)cn12,8.080921907623926,CHEMBL211362,260,2006.0
CC(C)S(=O)(=O)n1c(N)nc2ccc(-c3[nH]c(C4CCNCC4)nc3-c3ccccc3)cc21,8.568636235841012,CHEMBL191113,260,2005.0
Cc1ccc(NC(=O)c2cccc(N3CCOCC3)c2)cc1-n1cnc2ccc(N3CCN(C)CC3)cc2c1=O,6.268582979049761,CHEMBL2031221,260,2012.0
Cc1ccc(NC(=O)c2cccc(N3CCOCC3)c2)cc1NC(=O)c1ccc(OCc2ccccc2)cc1,7.522878745280337,CHEMBL365929,260,2004.0
Nc1ccc2c(c1)C(=O)c1ccc(Nc3ccc(F)cc3N)cc1OC2,6.376418595480335,CHEMBL3086688,260,2013.0
Nc1ccc2c(c1)C(=O)c1ccc(Nc3ccccc3N)cc1OC2,6.426912717631357,CHEMBL3086689,260,2013.0
Nc1ccc2c(c1)C(=O)c1ccc(Oc3ccc(F)cc3F)cc1OC2,6.117475462045119,CHEMBL3086682,260,2013.0
CC(C)c1nnc2ccc(-c3ocnc3-c3ccc(Cl)cc3F)cn12,8.657577319177793,CHEMBL379590,260,2006.0
Cc1ccc(NC(=O)c2cccc(N3CCOCC3)c2)cc1NC(=O)c1ccc(OCc2ccccn2)cc1,7.522878745280337,CHEMBL184721,260,2004.0
Cc1ccc(NC(=O)c2cccc(N3CCOCC3)c2)cc1NC(=O)c1ccc(OCc2cccnc2)cc1,7.045757490560675,CHEMBL182396,260,2004.0
Cc1ccc(NC(=O)c2cccc(N3CCOCC3)c2)cc1NC(=O)c1ccc(OCc2ccncc2)cc1,7.698970004336019,CHEMBL186791,260,2004.0
Nc1cccc(Nc2ccc3c(c2)OCc2ccc(N)cc2C3=O)c1,5.900406368916748,CHEMBL3086690,260,2013.0
Nc1cccc(Nc2ccc3c(c2)OCc2ccc(OCCN4CCOCC4)cc2C3=O)c1,6.500295521247724,CHEMBL3086698,260,2013.0
Nc1cccc(Nc2ccc3c(c2)OCc2ccccc2C3=O)c1,5.913996294381619,CHEMBL373775,260,2006.0
CC(CO)Nc1nccc(N(CCCCN)C(=O)c2ccc3c(c2)CCO3)n1,6.508638306165727,CHEMBL1091288,260,2010.0
Nc1ccccc1Nc1ccc2c(=O)c3cc(OCCN4CCOCC4)ccc3ccc2c1,6.958607314841775,CHEMBL2152939,260,2012.0
Nc1ccccc1Nc1ccc2c(=O)c3ccccc3ccc2c1,5.976336081802207,CHEMBL220022,260,2006.0
Nc1ccccc1Nc1ccc2c(c1)CCc1cc(OCC(O)CO)ccc1C2=O,5.221848749616356,CHEMBL2152964,260,2012.0
Nc1ccccc1Nc1ccc2c(c1)CCc1ccccc1C2=O,6.982966660701219,CHEMBL218962,260,2006.0
CCNC(=O)NCc1ccccc1Sc1ccc2nnc(C(C)C)n2c1,7.236572006437063,CHEMBL1938764,260,2019.0
CCCCn1ncc(C(=O)Nc2cc(C(=O)Nc3ccnn3C)ccc2C)c1N,8.154901959985743,CHEMBL1287825,260,2010.0
CC(C)S(=O)(=O)n1c(N)nc2ccc(-c3[nH]cnc3-c3ccc(F)cc3)cc21,8.366531544420413,CHEMBL192850,260,2005.0
Cc1ccc(NC(=O)c2ccc(C#N)cc2)cc1-n1c(C)nc2ccc(N3CCN(C)CC3)cc2c1=O,5.320319152237565,CHEMBL2031228,260,2012.0
Nc1c(C(=O)c2ccc(-c3cccnc3)cc2)cnn1-c1ccc(F)cc1,6.008773924307505,CHEMBL203978,260,2006.0
Nc1c(C(=O)c2ccc(C#CCN3CCOCC3)cc2)cnn1-c1ccc(F)cc1,5.504455662453552,CHEMBL204600,260,2006.0
Nc1c(C(=O)c2ccc(F)cc2F)cc[n+]([O-])c1-c1c(Cl)cccc1Cl,8.045757490560675,CHEMBL559783,260,2009.0
Nc1c(C(=O)c2ccc(F)cc2F)cc[n+]([O-])c1-c1c(F)cccc1F,7.769551078621726,CHEMBL550566,260,2009.0
Nc1c(C(=O)c2ccc(F)cc2F)cc[n+]([O-])c1-c1ccc(Cl)cc1,6.095825631715837,CHEMBL550561,260,2009.0
Nc1c(C(=O)c2ccc(F)cc2F)cc[n+]([O-])c1-c1ccc(F)cc1F,6.899629454882437,CHEMBL549629,260,2009.0
Nc1c(C(=O)c2ccc(F)cc2F)cc[n+]([O-])c1-c1cccc(Cl)c1,6.642065152999546,CHEMBL539988,260,2009.0
Nc1c(C(=O)c2ccc(F)cc2F)cc[n+]([O-])c1-c1cccc2c1OCO2,7.619788758288394,CHEMBL552375,260,2009.0
Nc1c(C(=O)c2ccc(F)cc2F)cc[n+]([O-])c1-c1ccccc1Cl,7.4089353929735005,CHEMBL559391,260,2009.0
Nc1c(C(=O)c2ccc(F)cc2F)ccc(=O)n1-c1c(F)cc(OCCCC(N)C(=O)O)cc1F,9.0,CHEMBL3220552,260,2012.0
Cc1ccc(NC(=O)c2cc(F)cc(N3CCOCC3)c2)cc1NC(=O)c1ccc(OCc2cscn2)cc1,8.0,CHEMBL184387,260,2004.0
Nc1c(C(=O)c2ccc(F)cc2F)ccc(=O)n1-c1c(F)cc(OCCCC(N)C(=O)OC2CCCC2)cc1F,8.187086643357144,CHEMBL3220550,260,2012.0
Cc1ccc(NC(=O)c2ccc(C#N)cc2)cc1-n1cnc2ccc(N3CCN(C)CC3)cc2c1=O,6.981591286052804,CHEMBL2031227,260,2012.0
Nc1c(C(=O)c2cccc(-c3ccc[n+]([O-])c3)c2)cnn1-c1ccc(F)cc1F,6.468521082957745,CHEMBL380755,260,2006.0
CSc1nc(-c2ccc(F)cc2)c(-c2ccnc(NC(C)=O)c2)n1CC(C)O,5.060880282351513,CHEMBL225174,260,2004.0
CC(C)(C)n1nc(-c2ccc(Cl)cc2)c2c(N)ncnc21,5.373659632624958,CHEMBL406845,260,2021.0
Nc1c(C(=O)c2cccc(-c3cccnc3)c2)cnn1-c1ccc(F)cc1,6.107905397309519,CHEMBL206339,260,2006.0
Nc1c(C(=O)c2cccc(-c3cccnc3)c2)cnn1-c1ccc(F)cc1F,6.7447274948966935,CHEMBL203926,260,2006.0
CS(=O)(=O)N1CCC(n2c(=O)c(Oc3ccc(F)cc3F)cc3cnc(NC4CCOCC4)nc32)CC1,9.0,CHEMBL1766572,260,2011.0
Nc1c(C(=O)c2cccc(-c3ccncc3)c2)cnn1-c1ccc(F)cc1,5.892790030352131,CHEMBL203344,260,2006.0
CC(C)(C)c1nnc2ccc(-c3ocnc3-c3ccc(F)cc3)cn12,8.455931955649724,CHEMBL379394,260,2006.0
CC(C)c1nnc2ccc(-c3ocnc3-c3ccc(F)c(F)c3F)cn12,7.954677021213342,CHEMBL385352,260,2006.0
CC(C)c1ccccc1-c1c(N)c(C(=O)c2ccc(F)cc2F)cc[n+]1[O-],6.681936665037238,CHEMBL549424,260,2009.0
Nc1c(C(=O)c2ccc(F)cc2F)ccc(=O)n1-c1c(F)cccc1F,8.730487055782083,CHEMBL3220548,260,2012.0
CC(C)c1nc(-c2ccc(F)cc2)c(-c2ccc3nc(N)n(S(=O)(=O)C(C)C)c3c2)[nH]1,8.346787486224656,CHEMBL364925,260,2005.0
Cc1ccc(NC(=O)c2cc(F)cc(N3CCOCC3)c2)cc1NC(=O)c1ccc(OCc2ccncc2)cc1,8.0,CHEMBL183999,260,2004.0
Cc1ccc(NC(=O)c2cc(F)cc(N3CCCC3)c2)cc1NC(=O)c1ccc(OCc2ccccn2)cc1,7.650514997831991,CHEMBL184712,260,2004.0
Cn1ccc2cc(C(=O)N3CCc4c(cnn4-c4ccccc4Cl)C3)c(Cl)cc21,7.585026652029182,CHEMBL396522,260,2007.0
CC(C)c1nnc2ccc(-c3ocnc3-c3ccc(F)cc3Cl)cn12,8.602059991327963,CHEMBL215652,260,2006.0
CC(C)c1nnc2ccc(-c3ocnc3-c3ccc(F)cc3F)cn12,8.337242168318426,CHEMBL380030,260,2006.0
CC(C)c1nnc2ccc(-c3ocnc3-c3ccc(F)cc3)cn12,8.301029995663981,CHEMBL194322,260,2005.0
CS(=O)(=O)CCCn1c(=O)c(Oc2ccc(F)cc2F)cc2cnc(NC3CCOCC3)nc21,8.221848749616356,CHEMBL1766502,260,2011.0
CCNC(=O)N1CCC(Nc2cc(-c3c(-c4ccc(F)cc4)nc(SC=CC(=O)O)n3C)ccn2)CC1,6.835647144215563,CHEMBL3394122,260,2015.0
CC(C)c1nnc2ccc(-c3ocnc3-c3cccc(Cl)c3)cn12,7.8696662315049934,CHEMBL212239,260,2006.0
CC(C)c1nnc2ccc(-c3ocnc3-c3cccc(Cl)c3Cl)cn12,7.838631997765026,CHEMBL378697,260,2006.0
CCCN1CCC(Oc2nccc(Nc3cc(NC(=O)c4ccnc(N5CCOCC5)c4)ccc3C)n2)CC1,7.301029995663981,CHEMBL184725,260,2004.0
CCCN1CCC(Oc2nccc(Nc3cc(NC(=O)c4cccc(N5CCOCC5)c4)ccc3C)n2)CC1,7.397940008672037,CHEMBL361431,260,2004.0
COc1ccc2c(c1)COc1cc(Nc3ccc(F)cc3F)ccc1C2=O,6.661543506395395,CHEMBL3086111,260,2013.0
Cc1ccc(NC(=O)c2cc(F)cc(N3CCOCC3)c2)cc1NC(=O)c1ccc(OCc2ccccn2)cc1,7.221848749616356,CHEMBL186531,260,2004.0
CC(C)(CO)c1ccc(CNC(=O)c2ccc(Oc3ccc(Cl)cc3)cc2)cc1O,6.3979400086720375,CHEMBL198470,260,2005.0
CS(=O)(=O)CCn1c(=O)c(Oc2ccc(F)cc2F)cc2cnc(NC3CCOCC3)nc21,7.698970004336019,CHEMBL1766501,260,2011.0
Cn1ccc2cc(C(=O)N3CCc4c(cnn4-c4ccccc4Cl)C3)ccc21,7.522878745280337,CHEMBL242909,260,2007.0
CC(C)(CO)Nc1nccc(N(CC2CCNCC2)C(=O)c2ccc3c(c2)CCO3)n1,5.517126416391246,CHEMBL1091634,260,2010.0
CC(C)(CO)c1ccc(CNC(=O)c2ccc(Oc3ccccc3)cc2)cc1O,5.795880017344075,CHEMBL199229,260,2005.0
CC(C)c1nnc2ccc(-c3ocnc3-c3cccc(F)c3)cn12,7.422508200162775,CHEMBL384117,260,2006.0
CCCNC(=O)c1ccc(C)c(-c2ccc(C(=O)NCC3CC3)cc2)c1,6.013228265733755,CHEMBL476770,260,2008.0
Nc1[nH]nc(-c2ccc(F)cc2)c1-c1ccncc1,7.011441043121384,CHEMBL3310127,260,2014.0
CSc1nc(-c2ccc(F)cc2)c(-c2ccnc(NC(=O)c3ccoc3)c2)[nH]1,7.657577319177793,CHEMBL4555253,260,2019.0
CCCNC(=O)c1ccc(C)c(Nc2nncc3c2cnn3-c2ccc(F)cc2F)c1,7.920818753952375,CHEMBL1088442,260,2010.0
CC(C)c1nnc2ccc(-c3ocnc3-c3ccccc3)cn12,8.017728766960431,CHEMBL379929,260,2006.0
CC(C)c1nnc2ccc(-c3ocnc3-c3ccccc3Cl)cn12,8.522878745280337,CHEMBL212294,260,2006.0
CS(=O)(=O)CCc1cccc(C(=O)c2cnn(-c3ccc(F)cc3)c2N)c1,6.102372908709558,CHEMBL202851,260,2006.0
CSc1nc(-c2ccc(F)cc2)c(-c2ccnc(NC(=O)c3ccco3)c2)[nH]1,7.886056647693163,CHEMBL1271777,260,2010.0
Nc1c(C(=O)c2cccc(-c3ccncc3)c2)cnn1-c1ccc(F)cc1F,6.508638306165727,CHEMBL206187,260,2006.0
Nc1c(C(=O)c2cccc(C#CCN3CCOCC3)c2)cnn1-c1ccc(F)cc1,5.764471553092451,CHEMBL383844,260,2006.0
CC(C)c1onc(-c2ccc(F)cc2)c1-c1ccncc1,6.346787486224656,CHEMBL220227,260,2007.0
CC(C)c1nnc2ccc(-c3ocnc3-c3c(F)cc(F)cc3F)cn12,8.142667503568731,CHEMBL210060,260,2006.0
CCNC(=O)c1ccc(C)c(N2CC3N=C(NC4CCCC4)SC3C2=O)c1,7.275724130399211,CHEMBL254365,260,2008.0
CC(C)c1nnc2ccc(-c3ocnc3-c3c(F)cccc3F)cn12,7.835647144215563,CHEMBL212038,260,2006.0
CSc1nc(-c2ccc(F)cc2)c(-c2ccnc(NC(=O)c3ccco3)c2)n1C,6.761953896871205,CHEMBL3218968,260,2011.0
CCCN(C)c1cc(-c2ccncc2)c(-c2ccccc2)nn1,6.4089353929735005,CHEMBL4648747,260,2019.0
CCCCn1ncc(C(=O)Nc2cc(C(=O)Nc3ccon3)ccc2C)c1N,8.698970004336019,CHEMBL1289197,260,2010.0
CCOCn1oc(=O)c(-c2ccc(F)cc2)c1-c1ccnc(Oc2ccccc2O)n1,6.337242168318426,CHEMBL371491,260,2005.0
CCOCn1oc(=O)c(-c2ccc(F)cc2)c1-c1ccnc(Oc2cccc(O)c2)n1,6.2839966563652006,CHEMBL197399,260,2005.0
CCOCn1nnc(-c2ccncc2)c1-c1ccc(F)cc1,6.508638306165727,CHEMBL297885,260,2004.0
CCNC(=O)c1ccc(C)c(N2Cc3nc(NC(C)C)sc3C2=O)c1,7.468521082957745,CHEMBL254169,260,2008.0
CCNC(=O)c1ccc(C)c(-n2cnc3ccc(N4CCN(C)CC4)cc3c2=O)c1,6.85196351529462,CHEMBL2031467,260,2012.0
CC(C)c1nnc2ccc(-c3ocnc3-c3cc(Cl)ccc3F)cn12,8.292429823902063,CHEMBL212238,260,2006.0
CC(C)n1cc(NC(=O)c2cccc(-n3cc(NC(=O)Nc4ccccc4Cl)cn3)c2)cn1,5.440931665965463,CHEMBL3355174,260,2014.0
CCNC(=O)c1ccc(C)c(NC(=O)c2cnc(NC(C)C)s2)c1,8.468521082957745,CHEMBL255698,260,2008.0
CC(C)c1nnc2ccc(-c3ocnc3-c3ccc(F)c(F)c3)cn12,7.651695136951839,CHEMBL378752,260,2006.0
CCNC(=O)c1ccc(C)c(NC(=O)c2cnn(-c3ccccc3)c2N)c1,8.096910013008056,CHEMBL1290289,260,2010.0
CCNC(=O)c1ccc(C)c(NC(=O)c2cnn(-c3ccccc3)c2NCC)c1,8.221848749616356,CHEMBL1289309,260,2010.0
CCNC(=O)c1ccc(C)c(NC(=O)c2sc(NCC)nc2C)c1,6.481486060122112,CHEMBL402943,260,2008.0
CC(C)n1ccc2cc(C(=O)N3CCc4c(cnn4-c4ccccc4Cl)C3)ccc21,7.4089353929735005,CHEMBL242001,260,2007.0
CC(C)S(=O)(=O)n1c(N)nc2ccc(-c3c(-c4ccc(F)cc4)ncn3C3CCNCC3)cc21,6.903089986991944,CHEMBL434957,260,2005.0
CC(C)S(=O)(=O)n1c(N)nc2ccc(-c3c(-c4ccc(F)cc4)ncn3C)cc21,7.684029654543082,CHEMBL193305,260,2005.0
CC(C)c1nnc2ccc(-c3ocnc3-c3cc(F)c(Cl)cc3F)cn12,7.610833915635467,CHEMBL378920,260,2006.0
CC(C)S(=O)(=O)n1c(N)nc2ccc(-c3[nH]cnc3-c3ccccc3)cc21,8.3767507096021,CHEMBL192848,260,2005.0
CCNC(=O)NCc1ccccc1-c1cc(-c2cnc(NC(C)C)s2)nc(NCCNC)n1,8.154901959985743,CHEMBL4593539,260,2019.0
Nc1c(C(=O)c2cccc(C#CCN3CCCCC3)c2)cnn1-c1ccc(F)cc1,5.8794260687941495,CHEMBL382175,260,2006.0
O=C(CC1CCCN1)NCCCN(c1ccc(=O)n(-c2ccccc2Cl)n1)c1ccccc1Cl,7.958607314841775,CHEMBL218661,260,2006.0
CC(C)c1nnc2ccc(-c3c[nH]nc3-c3cc(F)ccc3F)cn12,8.55284196865778,CHEMBL214198,260,2006.0
Nc1c(C(=O)c2cccc(C#CCO)c2)cnn1-c1ccc(F)cc1,5.393618634889395,CHEMBL202737,260,2006.0
Nc1c(C(=O)c2cccc(C(O)(CO)CO)c2)cnn1-c1ccc(F)cc1,5.020451625295905,CHEMBL205024,260,2006.0
CCOP(=O)(CCn1cc(-c2nc(-c3ccc(F)cc3)c(-c3ccncc3)n2C)nn1)OCC,5.605548319173783,CHEMBL3120969,260,2014.0
Nc1c(C(=O)c2cccc(C(O)CO)c2)cnn1-c1ccc(F)cc1,5.455931955649724,CHEMBL203508,260,2006.0
Nc1c(C(=O)c2cccc(CCC3(O)CCCC3)c2)cnn1-c1ccc(F)cc1,6.638272163982407,CHEMBL203908,260,2006.0
Nc1c(C(=O)c2cccc(CCCN3CCOCC3)c2)cnn1-c1ccc(F)cc1,5.7594507517174005,CHEMBL203932,260,2006.0
Nc1c(C(=O)c2cccc(CCO)c2)cnn1-c1ccc(F)cc1,6.070581074285707,CHEMBL380849,260,2006.0
Nc1c(C(=O)c2cccc(CCS(N)(=O)=O)c2)cnn1-c1ccc(F)cc1,5.903089986991944,CHEMBL380850,260,2006.0
Nc1c(C(=O)c2cccc(OCC(O)CO)c2)cnn1-c1ccc(F)cc1,6.037860356969059,CHEMBL203567_CHEMBL205133,260,
Nc1c(C(=O)c2cccc(OCCN3CCCCC3)c2)cnn1-c1ccc(F)cc1,5.735182176990463,CHEMBL274506,260,2006.0
Nc1c(C(=O)c2cccc(OCCN3CCOCC3)c2)cnn1-c1ccc(F)cc1,5.896196279044043,CHEMBL203770,260,2006.0
CC(C)c1nnc2ccc(-c3cnoc3-c3cc(F)ccc3F)cn12,7.478861916295964,CHEMBL386033,260,2006.0
Nc1c(C(=O)c2ccccc2)cc[n+]([O-])c1-c1ccc(Cl)cc1,5.596879478824182,CHEMBL550555,260,2009.0
Nc1c(C(=O)c2ccccc2)cc[n+]([O-])c1-c1ccccc1Cl,6.7594507517174005,CHEMBL562178,260,2009.0
Nc1c(C(=O)c2ccccc2)cnn1-c1ccc(F)cc1,5.958607314841775,CHEMBL424677,260,2006.0
Nc1c(C(=O)c2ccccc2)cnn1-c1cccc(F)c1,5.173925197299173,CHEMBL204901,260,2006.0
Nc1c(C(=O)c2ccccc2)cnn1-c1ccccc1,5.638272163982407,CHEMBL203333,260,2006.0
Nc1c(C(=O)c2ccccc2)cnn1-c1ccccc1F,5.543633966870956,CHEMBL204345,260,2006.0
Nc1c(C(=O)c2ccccc2C(F)(F)F)cc[n+]([O-])c1-c1ccccc1Cl,5.781202001888262,CHEMBL563749,260,2009.0
Nc1c(C(=O)c2ccccc2Cl)cc[n+]([O-])c1-c1ccccc1Cl,7.619788758288394,CHEMBL569143,260,2009.0
CCNC(=O)c1ccc(C)c(-c2ccc(C(=O)NCC3CC3)cc2)c1,6.214670164989233,CHEMBL476768,260,2008.0
CSc1nc(-c2ccc(F)cc2)c(-c2ccnc(NC(C)=O)c2)[nH]1,7.346787486224656,CHEMBL1773425,260,2011.0
CC(C)c1noc(-c2ccc(F)cc2)c1-c1ccncc1,5.657577319177793,CHEMBL375428,260,2007.0
CC(C)c1nnc2ccc(-c3[nH]cnc3-c3cc(F)ccc3F)cn12,8.207608310501746,CHEMBL214152,260,2006.0
Nc1c(C(=O)c2ccccc2)cc[n+]([O-])c1-c1ccccc1,6.014573525916998,CHEMBL561314,260,2009.0
Cc1ccc(NC(=O)c2ccnc(N3CCOCC3)c2)cc1Nc1cc(Cl)ncn1,6.619788758288394,CHEMBL185567,260,2004.0
CSCCn1c(SCc2ccc([S+](C)[O-])cc2)nc(-c2ccc(F)cc2)c1-c1ccnc(NC(C)=O)c1,5.62397081827182,CHEMBL222051,260,2004.0
Cc1ccc(NC(=O)c2ccnc(N3CCOCC3)c2)cc1Nc1cc(N2CCCN(C)CC2)ncn1,5.913640169325252,CHEMBL184257,260,2004.0
CCN(C(=O)c1cn(C)c2ccccc12)c1ccnc(NC(C)c2ccccc2)n1,6.8124792791635365,CHEMBL1091248,260,2010.0
CC(C)Cc1nnc2ccc(-c3ocnc3-c3ccc(F)cc3)cn12,8.05551732784983,CHEMBL212655,260,2006.0
CCN(C(=O)c1csc2ccccc12)c1ccnc(NC(C)c2ccccc2)n1,6.72584215073632,CHEMBL1093209,260,2010.0
Cn1cc(C(=O)N2CCc3c(cnn3-c3ccccc3Cl)C2)c2ccccc21,7.397940008672037,CHEMBL242697,260,2007.0
CCOC(=O)Cn1cc(-c2nc(-c3ccc(F)cc3)c(-c3ccncc3)n2C)nn1,5.7281583934635005,CHEMBL3120964,260,2014.0
COc1cccc2c1C(=O)c1ccc(Nc3ccc(F)cc3F)cc1OC2,6.552841968657781,CHEMBL3087468,260,2013.0
CSc1nc(-c2ccc(F)cc2)c(-c2ccnc(NC(C)=O)c2)n1CCNC(C)=O,5.137272471682025,CHEMBL222227,260,2004.0
CSc1nc(-c2ccc(F)cc2)c(-c2ccnc(NC(=O)C3CC3)c2)[nH]1,7.619788758288394,CHEMBL4474903,260,2019.0
CSc1nc(-c2ccc(F)cc2)c(-c2ccnc(NC(C)=O)c2)n1CCO,6.400116927926312,CHEMBL373807,260,2004.0
COc1cccc(-c2nn(-c3ccccc3)cc2-c2ccncc2)c1,6.288192770958808,CHEMBL4518235,260,2019.0
NC(=O)c1ccc2c(c1)C(=O)c1ccc(Nc3ccc(F)c(NC(=O)c4cccs4)c3)cc1OC2,8.585026652029182,CHEMBL4077412,260,2017.0
CC(C)Cn1c(N)nc2ccc(-c3[nH]c(-c4c(F)cccc4F)nc3-c3ccccc3)nc21,8.602059991327963,CHEMBL442972,260,2008.0
O=C(CCCc1ccccc1)Nc1onc(-c2ccc(F)cc2)c1-c1ccncc1,6.567030709125595,CHEMBL3310137,260,2014.0
CC(C)(C)c1cc(NC(=O)Nc2ccc(Cl)c(COc3cccnc3)c2)[nH]n1,6.455931955649724,CHEMBL191598,260,2014.0
CC(C)(C)c1cc(NC(=O)Nc2ccc(Cl)cc2)n(-c2ccccc2)c1,6.707743928643524,CHEMBL3109732,260,2014.0
NC(=O)c1ccc2c(c1)C(=O)c1ccc(Nc3ccc(F)cc3F)cc1CC2,7.860623199523586,CHEMBL2316469,260,2013.0
NC(=O)c1cccc(-c2[nH]nc3cc(Nc4ccccc4Cl)ccc23)c1,8.494850021680094,CHEMBL199136,260,2005.0
CC(C)Cn1cnc2ccc(-c3[nH]c(-c4c(Cl)cccc4Cl)nc3-c3ccc(F)cc3F)nc21,8.4089353929735,CHEMBL272731,260,2008.0
CSc1nc(-c2ccc(F)cc2)c(-c2ccnc(NC(C)=O)c2)n1CCOCCO,5.071655364735138,CHEMBL427104,260,2004.0
CSc1nc(-c2ccc(F)cc2)c(-c2ccnc(NCC3CC3)c2)[nH]1,7.853871964321762,CHEMBL4446519,260,2019.0
Cc1ccc(NC(=O)C2CCOCC2)cc1-n1cnc2ccc(N3CCN(C)CC3)cc2c1=O,5.558917570341095,CHEMBL2031231,260,2012.0
NC(=O)c1nc(-c2ccc(F)c(C(F)(F)F)c2)c(-c2ccnc(NC(=O)C3CC3)c2)[nH]1,7.795880017344075,CHEMBL4461695,260,2019.0
Cc1ccc(Sc2ccc3c(-c4c(Cl)cccc4Cl)c(=O)ncn3n2)cc1C,5.537860356969059,CHEMBL326944,260,2011.0
Cc1ccc(Sc2ccc3c(-c4c(Cl)cccc4Cl)c(=O)ncn3n2)cc1,6.246139511657193,CHEMBL114121,260,2011.0
Cc1ccc(Sc2ccc3c(-c4c(Cl)cccc4Cl)c(=O)ncn3n2)c(C)c1,6.328000465471419,CHEMBL331361,260,2011.0
CC(C)Cn1cnc2ccc(-c3[nH]c(-c4c(Cl)cccc4Cl)nc3-c3ccccc3)nc21,8.431798275933005,CHEMBL429422,260,2008.0
CC(C)Cn1cnc2ccc(-c3[nH]c(-c4c(F)cccc4F)nc3-c3ccccc3)nc21,8.346787486224656,CHEMBL272989,260,2008.0
CC(C)Cn1cnc2ccc(-c3[nH]c(C(C)(C)C)nc3-c3ccc(F)cc3F)nc21,8.4089353929735,CHEMBL271505,260,2008.0
CC(C)Cn1cnc2ccc(-c3[nH]c(C(C)(C)C)nc3-c3ccccc3)nc21,8.292429823902063,CHEMBL402188,260,2008.0
CCN(C(=O)c1ccccc1Cl)c1ccnc(NC(C)c2ccccc2)n1,6.573488738635424,CHEMBL1092971,260,2010.0
CCN(C(=O)c1ccccc1)c1ccnc(NC(C)c2ccccc2)n1,6.714442690992226,CHEMBL1092970,260,2010.0
CCN(C(=O)c1cccc2c1OCC2)c1ccnc(NC(C)c2ccccc2)n1,7.045757490560675,CHEMBL1091259,260,2010.0
CC(C)(C)S(=O)(=O)c1ccc2nccc(Nc3n[nH]c4ccc(F)cc34)c2c1,5.290814870449754,CHEMBL3823499,260,2016.0
Cc1ccc(NC(=O)C2CCC2)cc1-c1ccc(C(=O)NCC2CC2)cc1,5.769551078621726,CHEMBL476534,260,2008.0
Cc1ccc(NC(=O)C2CCC2)cc1-n1cnc2ccc(N3CCN(C)CC3)cc2c1=O,5.782534560389119,CHEMBL2031232,260,2012.0
Cc1ccc(NC(=O)C2CCCC2)cc1-c1ccc(C(=O)NCC2CC2)cc1,5.154901959985743,CHEMBL479258,260,2008.0
NC(=O)c1ccc2c(c1)C(=O)c1ccc(Nc3cc(NC(=O)C4CC4)c(F)cc3F)cc1CC2,9.045757490560677,CHEMBL4094105,260,2017.0
NC(=O)c1ccc2c(c1)C(=O)c1ccc(Nc3ccc(F)c(NC(=O)c4ccccc4)c3)cc1OC2,8.853871964321762,CHEMBL4074639,260,2017.0
CCN(C(=O)c1ccc(Cl)cc1)c1ccnc(NC(C)c2ccccc2)n1,6.504455662453552,CHEMBL1092350,260,2010.0
O=C(Cc1ccccc1)Nc1cc(-c2c(-c3ccc(F)cc3)nc3n2CCS3)ccn1,7.337242168318426,CHEMBL3218960,260,2011.0
O=C(Cc1ccccc1)Nc1[nH]nc(-c2ccc(F)cc2)c1-c1ccncc1,7.782516055786093,CHEMBL3310128,260,2014.0
CCN(C(=O)c1ccc(F)c(C)c1)c1ccnc(NC(C)c2ccccc2)n1,7.4089353929735005,CHEMBL1090891,260,2010.0
CSc1nc(-c2ccc(F)cc2)c(-c2ccnc(NC(=O)C3CC3)c2)n1C,6.653647025549361,CHEMBL1272270,260,2010.0
COc1cccc2c1COc1cc(Nc3ccccc3N)ccc1C2=O,7.026872146400302,CHEMBL3087486,260,2013.0
COc1cccc2c1COc1cc(Nc3ccc(F)cc3N)ccc1C2=O,7.060480747381382,CHEMBL3087487,260,2013.0
O=C(Cc1ccc(F)cc1)Nc1cc(-c2c(-c3ccc(F)cc3)nc3n2CCS3)ccn1,7.337242168318426,CHEMBL3218959,260,2011.0
O=C(Cc1ccc(F)cc1)Nc1cc(-c2[nH]c(SCc3ccccc3)nc2-c2ccc(F)cc2)ccn1,8.522878745280337,CHEMBL4452170,260,2019.0
COc1ccc(NC(=O)c2ccc(-c3cc(-c4nnc(C)o4)ccc3C)cc2)cc1N1CCN(C)CC1,5.0,CHEMBL270608,260,2008.0
Cc1[nH]c2ccc(C(=O)C(=O)N(C)C)cc2c1C(=O)N1CCC(Cc2ccc(F)cc2)CC1,7.045757490560675,CHEMBL603682,260,2010.0
CCN(C(=O)c1ccc2c(c1)CCC2)c1ccnc(NC(C)c2ccccc2)n1,7.346787486224656,CHEMBL1091260,260,2010.0
CCN(C(=O)c1ccc2c(c1)CCCC2)c1ccnc(NC(C)c2ccccc2)n1,6.7447274948966935,CHEMBL1092096,260,2010.0
COc1ccc2c(c1)C(=O)c1ccc(Nc3cc(F)cc(F)c3F)cc1CC2,5.366531544420413,CHEMBL2152789,260,2012.0
CCNc1nnc2ccc(-c3ocnc3-c3ccccc3)cn12,8.267606240177031,CHEMBL211735,260,2006.0
CCN(C(=O)c1ccc2c(c1)OCO2)c1ccnc(NC(C)c2ccccc2)n1,6.785156151952302,CHEMBL1092964,260,2010.0
CCN(C(=O)c1ccc2ccccc2c1)c1ccnc(NC(C)c2ccccc2)c1,6.504455662453552,CHEMBL1091253,260,2010.0
CCN(C(=O)c1ccc2ccccc2c1)c1ccnc(NC(C)c2ccccc2)n1,7.1938200260161125,CHEMBL1092974,260,2010.0
O=C(Cc1c(F)cccc1Cl)Nc1onc(-c2ccc(F)cc2)c1-c1ccncn1,7.962573502059376,CHEMBL3310142,260,2014.0
CCN(C(=O)c1ccc2occc2c1)c1ccnc(NC(C)c2ccccc2)n1,7.1487416512809245,CHEMBL1093219,260,2010.0
CCN(C(=O)c1cccc(C(F)(F)F)c1)c1ccnc(NC(C)c2ccccc2)n1,7.1938200260161125,CHEMBL1093317,260,2010.0
CCN(C(=O)c1cccc(C)c1)c1ccnc(NC(C)c2ccccc2)n1,7.886056647693163,CHEMBL1092675,260,2010.0
CCN(C(=O)c1cccc(C)c1C)c1ccnc(NC(C)c2ccccc2)n1,7.091514981121351,CHEMBL1092677,260,2010.0
CCN(C(=O)c1cccc(C2CC2)c1)c1ccnc(NC(C)c2ccccc2)n1,6.982966660701219,CHEMBL1092694,260,2010.0
CCN(C(=O)c1cccc(Cl)c1)c1ccnc(NC(C)c2ccccc2)n1,7.091514981121351,CHEMBL1092349,260,2010.0
COc1cccc2c1COc1cc(Nc3ccc(F)cc3F)ccc1C2=O,7.200659450546418,CHEMBL3087485,260,2013.0
CCN(C(=O)c1ccc(C)c(C)c1)c1ccnc(NC(C)c2ccccc2)n1,7.040958607678906,CHEMBL1092676,260,2010.0
COc1ccc(NC(=O)c2ccc(-c3cc(C(=O)NC4CC4)ccc3C)cc2)cc1,7.376750709602099,CHEMBL478819,260,2008.0
NC(=O)c1nc(-c2cccc(OC(F)(F)F)c2)c(-c2ccnc(NC(=O)C3CC3)c2)[nH]1,5.690369832574101,CHEMBL4529679,260,2019.0
Cc1ccc(NC(=O)CC2CC2)cc1-c1ccc(C(=O)NCC2CC2)cc1,6.346787486224656,CHEMBL516908,260,2008.0
COc1cccc(CCC(=O)Nc2cc(-c3[nH]c(SC)nc3-c3ccc(F)cc3)ccn2)c1,7.443697499232712,CHEMBL4592870,260,2019.0
CC(Nc1nccc(-c2c(-c3ccc(F)cc3)nc3nc(N)ccn23)n1)c1ccccc1,8.430809941300687,CHEMBL3120970,260,2014.0
Nc1onc(-c2ccc(F)cc2)c1-c1ccncc1,6.978810700930062,CHEMBL3310131,260,2014.0
Cn1c([S+](C)[O-])nc(-c2ccc(F)cc2)c1-c1ccnc(N)c1,6.1487416512809245,CHEMBL4075428,260,2017.0
CC(C)Nc1nccc(N(CC2CCNCC2)C(=O)c2ccc3c(c2)CCO3)n1,7.619788758288394,CHEMBL1093834,260,2010.0
Cc1ccc(O)cc1Nc1ccnc2cc(-c3csc(C=O)n3)ccc12,5.6020599913279625,CHEMBL237127,260,2008.0
Cc1ccc(O)cc1Nc1ccnc2ccc(-c3cccnc3)cc12,5.427128397799519,CHEMBL237345,260,2016.0
CC(Nc1nccc(N(CC2CC2)C(=O)c2ccc3c(c2)CCO3)n1)c1ccccc1,6.782516055786093,CHEMBL1090586,260,2010.0
Cc1ccc(O)cc1Nc1ccnc2ccc(C(F)(F)F)cc12,5.96657624451305,CHEMBL3822938,260,2016.0
Cc1ccc(O)cc1Nc1ccnc2ccc(S(C)(=O)=O)cc12,6.301029995663981,CHEMBL237347,260,2016.0
CC(Nc1nccc(N(CC2CCN(C(N)=O)CC2)C(=O)c2ccc3c(c2)CCO3)n1)c1ccccc1,6.148130399270234,CHEMBL1090246,260,2010.0
CC(Nc1nccc(N(CC2CCN(S(N)(=O)=O)CC2)C(=O)c2ccc3c(c2)CCO3)n1)c1ccccc1,6.171984935776023,CHEMBL1093546,260,2010.0
CS(=O)(=O)c1nc(-c2ccccc2Cl)c2c(n1)N(c1c(Cl)cccc1Cl)C(=O)NC2,8.3767507096021,CHEMBL212937,260,2006.0
CC(C)Nc1nccc(N(CCCCN)C(=O)c2ccc3c(c2)CCO3)n1,7.769551078621726,CHEMBL1089655,260,2010.0
COc1cccc(CNc2nccn(-c3cc(C(=O)NC4CC4)ccc3C)c2=O)c1,6.899984147413955,CHEMBL4789572,260,2020.0
CC(Nc1nccc(N(CC2CCNCC2)C(=O)c2ccc3c(c2)CCO3)n1)c1ccccc1,7.267606240177031,CHEMBL1090230,260,2010.0
CC(Nc1nccc(N(CC2CCOCC2)C(=O)c2ccc3c(c2)CCO3)n1)c1ccccc1,6.801342913045577,CHEMBL1090588,260,2010.0
CC(Nc1nccc(N(CCCCN)C(=O)c2ccc3c(c2)CCO3)n1)c1ccccc1,8.397940008672037,CHEMBL1093548,260,2010.0
CC(Nc1nccc(N(CCCCO)C(=O)c2ccc3c(c2)CCO3)n1)c1ccccc1,7.017728766960431,CHEMBL1093549,260,2010.0
CC(Nc1nccc(N(CCCS(C)(=O)=O)C(=O)c2ccc3c(c2)CCO3)n1)c1ccccc1,7.142667503568731,CHEMBL1093833,260,2010.0
Nc1ncnc2c1c(-c1cccc(O)c1)cn2C1CC(CN2CCC2)C1,5.318758762624412,CHEMBL3787112,260,2016.0
Cc1ccc(NC(=O)CC(C)C)cc1-c1ccc(C(=O)NCC2CC2)cc1,5.6777807052660805,CHEMBL479257,260,2008.0
CSc1nccc(-c2[nH]c(-c3ccc(O)cc3)nc2-c2ccc(F)cc2)n1,7.019996628416253,CHEMBL3314285,260,2014.0
COc1cccc(CNC(=O)c2ccc(-c3cc(C(=O)NC4CC4)ccc3C)cc2)c1,7.638272163982407,CHEMBL517671,260,2008.0
CSCCn1c(SC)nc(-c2ccc(F)cc2)c1-c1ccnc(NC(C)=O)c1,6.3655227298392685,CHEMBL376608,260,2004.0
CSc1nccc(Nc2cc(NC(=O)c3cc(F)cc(N4CCOCC4)c3)ccc2C)n1,8.0,CHEMBL187857,260,2004.0
CSc1nccc(-c2c(-c3ccc(F)cc3)nc3nc(N)ccn23)n1,6.920818753952375,CHEMBL3314271,260,2014.0
CSc1nccc(-c2c(-c3ccc(F)cc3)nc3nc(-c4cn(CC(=O)O)nn4)ccn23)n1,6.6020599913279625,CHEMBL3314273,260,2014.0
CCN(CC)CCCNc1cc(Nc2cc(NC(=O)c3ccnc(N4CCOCC4)c3)ccc2C)ncn1,6.552841968657781,CHEMBL188126,260,2004.0
Nc1onc(-c2ccc(F)cc2)c1-c1ccncn1,6.101274818410507,CHEMBL3310138,260,2014.0
CSc1nc(-c2ccnc(NC(=O)C3CC3)c2)c(-c2ccc(F)cc2)n1C,5.795066477645856,CHEMBL4449296,260,2019.0
CSc1nc(-c2ccccc2Cl)c2c(n1)N(c1c(Cl)cccc1Cl)C(=O)NC2,8.0,CHEMBL212753,260,2006.0
CC(C)Cn1ncc2cc(Oc3ccc(F)cc3F)c(C(=O)NCCN(C)C)cc21,8.346787486224656,CHEMBL1088750,260,2010.0
CCOC(=O)C=CSc1nc(-c2ccc(F)cc2)c(-c2ccnc(Nc3ccccc3)c2)[nH]1,6.835647144215563,CHEMBL3394126,260,2015.0
NC(=O)c1nc(-c2ccccc2O)c(-c2ccnc(NC(=O)C3CC3)c2)[nH]1,6.801342913045577,CHEMBL4475312,260,2019.0
CCOC(=O)C=CSc1nc(-c2ccc(F)cc2)c(-c2ccnc(NC(C)=O)c2)n1CC1CC1,6.183758700008217,CHEMBL3394116,260,2015.0
CC(C)N1C2CCC1CC(c1cc(-c3ccc(F)cc3Cl)c3ccc(=O)n(-c4c(Cl)cccc4Cl)c3c1)C2,9.292429823902063,CHEMBL380806,260,2006.0
C[S+]([O-])c1nc(-c2ccc(F)cc2)c(-c2ccnc(NC(=O)C3CCC3)c2)[nH]1,7.537602002101044,CHEMBL4449570,260,2019.0
C[S+]([O-])c1nc(-c2ccc(F)cc2)c(-c2ccnc(NC(=O)C3CC3)c2)[nH]1,7.356547323513812,CHEMBL4589431,260,2019.0
C[S+]([O-])c1ccccc1CSc1ncc(-c2ccc(F)cc2)c(-c2ccncc2)n1,5.292429823902063,CHEMBL441811,260,2007.0
Cc1ccc(S(=O)(=O)NCCCNc2nccc(-c3[nH]c(-c4ccccc4)nc3-c3ccc(F)c(O)c3)n2)cc1,6.698970004336019,CHEMBL4779919,260,2021.0
CC(C)N1CCC(Nc2nc(-c3ccccc3Cl)c3c(n2)N(c2c(Cl)cccc2Cl)C(=O)NC3)CC1,9.221848749616356,CHEMBL377979,260,2006.0
CCOC(=O)C=CSc1nc(-c2ccc(F)cc2)c(-c2ccnc(NC(C)=O)c2)n1CC(OC)OC,5.6607473659673,CHEMBL3394115,260,2015.0
CCOC(=O)C=CSc1nc(-c2ccc(F)cc2)c(-c2ccnc(NC(C)=O)c2)n1C1CC1,6.345823458122039,CHEMBL3394114,260,2015.0
C[S+]([O-])c1ccc(-c2nc(-c3ccc(F)cc3)c(C3=CCOCC3)[nH]2)cc1,6.342944147142896,CHEMBL2385552,260,2013.0
CCN(C)c1nnc2ccc(-c3ocnc3-c3ccc(F)cc3)cn12,8.327902142064282,CHEMBL211919,260,2006.0
NC(=O)c1nc(-c2ccc(F)cc2)c(-c2ccnc(NC(=O)C3CC3)c2)[nH]1,7.721246399047171,CHEMBL4452444,260,2019.0
CC(C)N1CCC(c2cc(-c3ccc(F)cc3Cl)c3c(c2)N(c2c(Cl)cccc2Cl)C(=O)NC3)CC1,9.221993538576491,CHEMBL328242,260,2003.0
CC(C)N1CCC(c2cc(-c3ccc(F)cc3F)c3c(c2)N(c2c(Cl)cccc2Cl)C(=O)NC3)CC1,9.69897000433602,CHEMBL212549,260,2006.0
CC(C)N1CCN(c2nc(-c3ccc(Cl)cc3Cl)c3c(n2)N(c2c(Cl)cccc2Cl)C(=O)NC3)CC1,7.698970004336019,CHEMBL425265,260,2006.0
CSc1nc(-c2ccc(F)cc2)c(-c2ccnc(NC(=O)C3CC(Cl)C3)c2)[nH]1,7.582471949139942,CHEMBL4435922_CHEMBL4446355,260,
CSc1nc(-c2ccc(F)cc2)c(-c2ccnc(NC(=O)C3CC(=O)C3)c2)[nH]1,7.698970004336019,CHEMBL4458096,260,2019.0
CSc1nc(-c2ccc(F)cc2)c(-c2ccnc(NC(=O)C3(C(F)(F)F)CC3)c2)[nH]1,6.735182176990463,CHEMBL4454724,260,2019.0
CCN(C)c1nnc2ccc(-c3ocnc3-c3ccccc3)cn12,8.036212172654444,CHEMBL377841,260,2006.0
Nc1nccc(-c2c(-c3ccc(F)cc3)ncn2C2CCNCC2)n1,7.721246399047171,CHEMBL274064,260,2001.0
COc1cccc(OC)c1-c1c2nccc(-c3ccc(F)cc3F)c2cc[n+]1[O-],6.85078088734462,CHEMBL1916348,260,2011.0
CC(C)Nc1nc(-c2ccccc2Cl)c2c(n1)N(c1c(Cl)cccc1Cl)C(=O)NC2,8.958607314841775,CHEMBL213895,260,2006.0
CC(C)Nc1ncc(-c2cc(-c3ccccc3Cl)nc(-c3ccccn3)n2)s1,8.397940008672037,CHEMBL1258633,260,2010.0
COc1cccc(OC)c1-c1c(N)c(C(=O)c2ccc(F)cc2F)cc[n+]1[O-],7.823908740944319,CHEMBL552113,260,2009.0
CC(C)Nc1ncc2cc(Oc3ccc(F)cc3F)c(=O)n(C)c2n1,8.397940008672037,CHEMBL1232772,260,2011.0
Nc1nccc(-c2c(-c3ccc(F)cc3)ncn2CC2CC2)n1,7.602059991327962,CHEMBL590753,260,2010.0
O=C(CCc1ccccc1)Nc1onc(-c2ccc(F)cc2)c1-c1ccncc1,7.6307841425898575,CHEMBL3310136,260,2014.0
CC(C)N1CCC(c2cc(-c3ccc(F)cc3Cl)c3cc[n+]([O-])c(-c4c(Cl)cccc4Cl)c3n2)CC1,9.229147988357855,CHEMBL1916519,260,2011.0
CCNc1ncc(C(=O)Nc2c(C)cccc2Cl)s1,6.853871964321762,CHEMBL403140,260,2008.0
COc1ccc(COCC2CCc3nc(-c4ccc(F)cc4)c(-c4ccnc(N)n4)n32)cc1,6.732859997397459,CHEMBL198427_CHEMBL372082,260,
COc1ccc2c(c1)C(=O)c1ccc(Nc3ccc(F)c(C)c3)cc1CC2,5.721246399047171,CHEMBL2152788,260,2012.0
Cc1ccc(NC(=O)c2cncs2)cc1-n1cnc2ccc(N3CCN(C)CC3)cc2c1=O,6.322223026230401,CHEMBL2031237,260,2012.0
CCN(CC)c1cc(-c2ccncc2)c(-c2ccccc2)nn1,6.522878745280337,CHEMBL4642101,260,2019.0
Cc1ccc(NC(=O)c2cscn2)cc1-n1cnc2ccc(N3CCN(C)CC3)cc2c1=O,6.145349626187792,CHEMBL2031236,260,2012.0
Cc1ccc(NC(=O)c2nc(-c3ccccc3)[nH]c2-c2ccccc2)cc1Nc1ccc2ncn(C)c(=O)c2c1,6.914709421769935,CHEMBL605404,260,2010.0
Cc1ccc(NC(=O)c2nc(C(F)(F)F)[nH]c2-c2ccc(F)c(Cl)c2)cc1Nc1ccc2ncn(C)c(=O)c2c1,7.311580177997289,CHEMBL589602,260,2010.0
Cc1ccc(NC(=O)c2nc(C(F)(F)F)[nH]c2-c2ccc(F)c(F)c2)cc1Nc1ccc2ncn(C)c(=O)c2c1,7.958607314841775,CHEMBL591275,260,2010.0
Cc1ccc(NC(=O)c2nc(C(F)(F)F)[nH]c2-c2ccc(F)cc2)cc1Nc1ccc2ncn(C)c(=O)c2c1,7.795880017344075,CHEMBL590871,260,2010.0
Cc1ccc(NC(=O)c2nc(C(F)(F)F)[nH]c2-c2ccccc2)cc1Nc1ccc2ncn(C)c(=O)c2c1,6.3923305633117575,CHEMBL589415,260,2010.0
Cc1ccc(NC(=O)c2nccs2)cc1-n1cnc2ccc(N3CCN(C)CC3)cc2c1=O,5.130000141365475,CHEMBL2029367,260,2012.0
CSc1nc(-c2ccc(F)cc2)c(-c2ccnc(NC(=O)c3cc4ccccc4o3)c2)n1C,6.366531544420413,CHEMBL3218971,260,2011.0
CSc1nc(-c2ccc(F)cc2)c(-c2ccnc(NC(=O)c3cc4ccccc4o3)c2)[nH]1,7.275724130399211,CHEMBL1271663,260,2010.0
CSc1nc(-c2ccc(F)cc2)c(-c2ccnc(NC(=O)Cc3ccccc3)c2)n1C,6.302770657240282,CHEMBL3218967,260,2011.0
O=C(NC1CC1)c1cccc(-c2ccc3c(c2)NC(=O)C32CCCC2)c1,6.886056647693163,CHEMBL1800914,260,2011.0
CSc1nc(-c2ccc(F)cc2)c(-c2ccnc(NC(=O)Cc3ccccc3)c2)[nH]1,7.657577319177793,CHEMBL3218974,260,2011.0
O=C(NC1CC1)c1cccc(-c2cc3c(cc2Cl)C2(CCCC2)C(=O)N3)c1,8.096910013008056,CHEMBL1800915,260,2011.0
O=C(NC1CC1)c1ccc(F)c(Nc2nncc3c2cnn3-c2ccc(F)cc2F)c1,7.366531544420413,CHEMBL1088031,260,2010.0
CSc1nc(-c2ccc(F)cc2)c(-c2ccnc(NC(=O)Cc3ccc(F)cc3)c2)n1C,6.876148359032914,CHEMBL1272216,260,2010.0
CSc1nc(-c2ccc(F)cc2)c(-c2ccnc(NC(C)=O)c2)n1CCCN1CCOCC1,5.2021095169416505,CHEMBL376486,260,2004.0
COc1ccc(CCC(=O)Nc2cc(-c3[nH]c(SC)nc3-c3ccc(F)cc3)ccn2)cc1,7.259637310505756,CHEMBL4547931,260,2019.0
CSc1nc(-c2ccc(F)cc2)c(-c2ccnc(NC(C)=O)c2)n1CCCO,6.089909454405932,CHEMBL374531,260,2004.0
CSc1nc(-c2ccc(F)cc2)c(-c2ccnc(NC(C)=O)c2)n1CCN(C)C,5.618163200001657,CHEMBL373808,260,2004.0
CSc1nc(-c2ccc(F)cc2)c(-c2ccnc(NC(C)=O)c2)n1CCN1CCCCC1,5.871923987331284,CHEMBL221568,260,2004.0
COc1ccccc1Nc1ccc2c(-c3ccccc3)n[nH]c2c1,7.337242168318426,CHEMBL254443,260,2005.0
COc1ccccc1Nc1ccc(=O)n(-c2ccccc2Cl)n1,5.619788758288394,CHEMBL373767,260,2006.0
O=C(NC1CC1)c1ccc(Cl)c(Oc2nncc3c2cnn3-c2ccc(F)cc2F)c1,7.443697499232712,CHEMBL1088167,260,2010.0
CSc1nc(-c2ccc(F)cc2)c(-c2ccnc(NC(=O)Cc3ccc(F)cc3)c2)[nH]1,8.045757490560675,CHEMBL1271554,260,2010.0
CSc1nc(-c2ccc(F)cc2)c(-c2ccnc(NC(C)=O)c2)n1CCN1CCOCC1,5.692717952966654,CHEMBL387551,260,2004.0
CSc1nc(-c2ccc(F)cc2)c(-c2ccnc(NC(=O)Cc3ccc(C(F)(F)F)cc3)c2)[nH]1,7.537602002101044,CHEMBL4555766,260,2019.0
O=C(NC1CC1)c1ccc(Cl)c(Nc2nncc3c2cnn3-c2ccccc2Cl)c1,8.795880017344075,CHEMBL1076741,260,2010.0
Cc1ccc(NC(=O)c2ccsc2)cc1-c1ccc(C(=O)NCC2CC2)cc1,7.468521082957745,CHEMBL476542,260,2008.0
Cc1ccc(NC(=O)c2ccoc2)cc1-n1cnc2ccc(N3CCN(C)CC3)cc2c1=O,7.236195063789288,CHEMBL2031238,260,2012.0
Cc1ccc(NC(=O)c2ccoc2)cc1-n1c(C)nc2ccc(N3CCN(C)CC3)cc2c1=O,5.210272979006859,CHEMBL2031239,260,2012.0
Cc1ccc(NC(=O)c2ccoc2)cc1-c1ccc(C(=O)NCC2CC2)cc1,7.017728766960431,CHEMBL477583,260,2008.0
CC(C)(C)c1nnc2ccc(-c3ocnc3-c3cc(F)ccc3F)cn12,8.05551732784983,CHEMBL212708,260,2006.0
CSc1nc(-c2ccc(F)cc2)c(-c2ccnc(NC(=O)c3ccccn3)c2)[nH]1,7.376750709602099,CHEMBL4475119,260,2019.0
CSc1nc(-c2ccc(F)cc2)c(-c2ccnc(NC(=O)c3ccccc3)c2)n1C,6.4723700991286615,CHEMBL3218966,260,2011.0
Cc1ccc(NC(=O)c2ccnc(N3CCOCC3)c2)cc1Nc1cc(NCCCN2CCCC2)ncn1,6.346787486224656,CHEMBL186852,260,2004.0
CCNc1nnc2ccc(-c3ocnc3-c3ccc(F)cc3)cn12,8.119186407719209,CHEMBL213451,260,2006.0
CSc1nc(-c2ccc(F)cc2)c(-c2ccnc(NC(=O)c3ccccc3)c2)[nH]1,7.721246399047171,CHEMBL3218973,260,2011.0
CSc1nc(-c2ccc(F)cc2)c(-c2ccnc(NC(=O)c3ccc(F)cc3)c2)n1C,6.402304814074488,CHEMBL3218972,260,2011.0
CC(C)(C)c1nnc2ccc(-c3ocnc3-c3cc(F)c(F)cc3F)cn12,8.744727494896694,CHEMBL212968,260,2006.0
Cc1ccc(NC(=O)c2ccnc(N3CCOCC3)c2)cc1Nc1ccnc(Cl)n1,8.0,CHEMBL185328,260,2004.0
COc1ncc(-c2c(-c3ccc(F)cc3)ncn2C2CCNCC2)cn1,6.0,CHEMBL4798964,260,2021.0
COc1nc2[nH]ccc2cc1C(=O)N1CCn2c(cnc2-c2ccc(F)cc2F)C1,6.785156151952302,CHEMBL388230,260,2007.0
CSc1nc(-c2ccc(F)cc2)c(-c2ccnc(NC(=O)c3ccc(F)cc3)c2)[nH]1,7.356547323513812,CHEMBL3219238,260,2011.0
CSc1nc(-c2ccc(F)cc2)c(-c2ccnc(NC(=O)c3ccc(C)c(F)c3)c2)n1C,6.386158178123931,CHEMBL3218969,260,2011.0
CSc1nc(-c2ccc(F)cc2)c(-c2ccnc(NC(=O)c3ccc(C)c(F)c3)c2)[nH]1,7.853871964321762,CHEMBL1271555,260,2010.0
COc1ccccc1CNc1nccn(-c2cc(C(=O)NC3CC3)ccc2C)c1=O,7.499994853671373,CHEMBL4791615,260,2020.0
COc1nc2[nH]ccc2cc1C(=O)N1CCc2c(cnn2-c2ccccc2Cl)C1,6.863279432843593,CHEMBL397727,260,2007.0
CC(C)(C)c1nc(-c2ccc(F)cc2F)c(-c2ccc3nc(N)n(S(=O)(=O)C(C)(C)C)c3c2)[nH]1,8.318758762624412,CHEMBL190514,260,2005.0
COc1nc2[nH]cc(C(=O)C(=O)N(C)C)c2cc1C(=O)N1CCn2c(cnc2-c2ccc(F)cc2F)C1,7.537602002101044,CHEMBL397975,260,2007.0
COc1nc2[nH]cc(C(=O)C(=O)N(C)C)c2cc1C(=O)N1CCc2c(cnn2-c2ccccc2Cl)C1,7.537602002101044,CHEMBL394599,260,2007.0
COc1nc2[nH]cc(C(=O)C(=O)N(C)C)c2cc1C(=O)N1CCC(Cc2ccc(F)cc2)CC1,7.221848749616356,CHEMBL597429,260,2010.0
Cc1ccc(NC(=O)c2ccnc(N3CCOCC3)c2)cc1Nc1ccnc(N(C)C2CCN(C)CC2)n1,7.096910013008056,CHEMBL366080,260,2004.0
Cc1ccc(NC(=O)c2ccnc(N3CCOCC3)c2)cc1Nc1ccnc(NCCCN2CCCC2)n1,7.301029995663981,CHEMBL426969,260,2004.0
Cc1ccc(NC(=O)c2ccnc(N3CCOCC3)c2)cc1Nc1ccnc(NCCCN2CCOCC2)n1,7.045757490560675,CHEMBL359797,260,2004.0
Cc1ccc(NC(=O)c2ccnc(N3CCOCC3)c2)cc1Nc1ccnc(OC2CCN(C)CC2)n1,7.397940008672037,CHEMBL185315,260,2004.0
Cc1ccc(NC(=O)c2ccnc(N3CCOCC3)c2)cc1Nc1ccnc(OCC(C)(C)CN(C)C)n1,7.154901959985743,CHEMBL362902,260,2004.0
Cc1ccc(NC(=O)c2ccnc(N3CCOCC3)c2)cc1Nc1ccnc(OCC2CCCN(C)C2)n1,7.522878745280337,CHEMBL365614,260,2004.0
Cc1ccc(NC(=O)c2ccnc(N3CCOCC3)c2)cc1Nc1ccnc(OCCCN(C)C)n1,7.522878745280337,CHEMBL186665,260,2004.0
Cc1ccc(NC(=O)c2ccnc(N3CCOCC3)c2)cc1Nc1ccncn1,6.6777807052660805,CHEMBL185162,260,2004.0
Cc1ccc(NC(=O)c2ccno2)cc1-c1ccc(C(=O)NCC2CC2)cc1,7.397940008672037,CHEMBL476543,260,2008.0
Cc1ccc(NC(=O)c2ccno2)cc1-n1cnc2ccc(N3CCN(C)CC3)cc2c1=O,7.202847647025781,CHEMBL2031235,260,2012.0
COc1nc2[nH]cc(C(=O)C(=O)N3CCC(O)C3)c2cc1C(=O)N1CCn2c(cnc2-c2ccc(F)cc2F)C1,7.886056647693163,CHEMBL244172,260,2007.0
COc1ccc(CNc2nccn(-c3cc(C(=O)NC4CC4)ccc3C)c2=O)cc1,6.0999990348465305,CHEMBL4743808,260,2020.0
O=C(NC1CC1)c1ccc(Cl)c(Nc2nncc3c2cnn3-c2cccc(F)c2)c1,8.301029995663981,CHEMBL1088440,260,2010.0
O=C(NC1CC1)c1ccc(Cl)c(Nc2nncc3c2cnn3-c2ccc(F)cc2)c1,8.070581074285707,CHEMBL1088441,260,2010.0
Cc1ccc(NC(=O)C2CC2)cc1-c1ccc(C(=O)NCC2CC2)cc1,5.638272163982407,CHEMBL476532,260,2008.0
Cc1ccc(NC(=O)C2CC2)cc1-n1cnc2ccc(N3CCN(C)CC3)cc2c1=O,6.219997856359727,CHEMBL2031233,260,2012.0
CC(C)CC(NC(=O)c1ccc2c(c1)C(=O)c1ccc(Nc3ccc(F)cc3F)cc1CC2)C(=O)O,7.026872146400302,CHEMBL2316200,260,2013.0
CC(C)CC(NCCc1cc(F)c(-n2c(N)c(C(=O)c3ccc(F)cc3F)ccc2=O)c(F)c1)C(=O)O,8.920818753952375,CHEMBL3220551,260,2012.0
O=C(NC(CO)CO)c1ccc2c(c1)C(=O)c1ccc(Nc3ccc(F)c(NC(=O)C4CC4)c3)cc1OC2,7.45717457304082,CHEMBL4102590,260,2017.0
CSc1nc(-c2ccc(F)cc2)c(-c2ccnc(NC(=O)C3CC3c3ccccc3)c2)[nH]1,7.761439372640169,CHEMBL3219237_CHEMBL4442468,260,
CC(C)CN(C(=O)c1ccc2c(c1)CCO2)c1ccnc(NC(C)c2ccccc2)n1,6.335358024443874,CHEMBL1090585,260,2010.0
COc1ccccc1-c1c2nccc(-c3ccc(F)cc3F)c2cc[n+]1[O-],6.84163750790475,CHEMBL1914478,260,2011.0
COc1ccccc1-c1c(N)c(C(=O)c2ccc(F)cc2F)cc[n+]1[O-],7.638272163982407,CHEMBL551716,260,2009.0
COc1ccccc1-c1c(=O)ncn2nc(Sc3ccccc3)ccc12,5.552841968657781,CHEMBL2024350,260,2011.0
COc1ccc2c(c1)C(=O)c1ccc(Nc3ccccc3F)cc1CC2,5.309803919971486,CHEMBL2152783,260,2012.0
COc1ccc2c(c1)C(=O)c1ccc(Nc3ccccc3Cl)cc1CC2,5.337242168318426,CHEMBL2152781,260,2012.0
COc1ccc2c(c1)C(=O)c1ccc(Nc3ccccc3)cc1CC2,5.494850021680094,CHEMBL2152784,260,2012.0
COc1ccc2c(c1)C(=O)c1ccc(Nc3ccc(F)cc3N)cc1CC2,5.721246399047171,CHEMBL2152779,260,2012.0
COc1ccc2c(c1)C(=O)c1ccc(Nc3ccc(F)cc3Cl)cc1CC2,5.267606240177031,CHEMBL2152785,260,2012.0
CC(C)CN1CCC(c2nc(-c3ccc4nc(N)n(S(=O)(=O)C(C)C)c4c3)c(-c3ccccc3)[nH]2)CC1,8.259637310505756,CHEMBL371145,260,2005.0
CCN(C(=O)c1cc(C)ccc1F)c1ccnc(NC(C)c2ccccc2)n1,7.585026652029182,CHEMBL1090892,260,2010.0
CCN(C(=O)c1cc2ccccc2o1)c1ccnc(NC(C)c2ccccc2)n1,6.747146969020107,CHEMBL1091249,260,2010.0
COc1ccc(CNCCCN(c2ccc(=O)n(-c3ccccc3Cl)n2)c2ccccc2Cl)c(OC)c1OC,6.309803919971486,CHEMBL374216,260,2006.0
O=C(Cc1ccccc1F)Nc1onc(-c2ccc(F)cc2)c1-c1ccncn1,7.478861916295964,CHEMBL3310140,260,2014.0
O=C(Cc1ccccc1Cl)Nc1onc(-c2ccc(F)cc2F)c1-c1ccncn1,8.563837352959244,CHEMBL3310146,260,2014.0
O=C(Cc1ccccc1Cl)Nc1onc(-c2ccc(F)cc2)c1-c1ccncn1,8.162411561764488,CHEMBL3310141,260,2014.0
O=C(Cc1ccccc1Cl)Nc1onc(-c2ccc(Cl)cc2)c1-c1ccncn1,7.966576244513051,CHEMBL3310145,260,2014.0
O=C(Cc1ccccc1)Nc1onc(-c2ccccc2Cl)c1-c1ccncn1,6.85078088734462,CHEMBL3310144,260,2014.0
O=C(Cc1ccccc1)Nc1onc(-c2ccc(F)cc2)c1-c1ccncn1,7.341035157335565,CHEMBL3310139,260,2014.0
O=C(Cc1ccccc1)Nc1onc(-c2ccc(F)cc2)c1-c1ccncc1,7.638272163982407,CHEMBL3310135,260,2014.0
O=C(Cc1ccccc1)Nc1onc(-c2c(F)cccc2F)c1-c1ccncn1,6.531652669587842,CHEMBL3310147,260,2014.0
COc1ccc2c(c1)C(=O)c1ccc(Nc3ccc(F)cc3C)cc1CC2,5.4089353929735005,CHEMBL2152786,260,2012.0
O=C(Cc1ccccc1)Nc1onc(-c2c(Cl)cccc2Cl)c1-c1ccncn1,5.995678626217357,CHEMBL3310148,260,2014.0
COc1ccccc1-c1ccnc2c(-c3c(F)cccc3F)[n+]([O-])ccc12,7.113509274827518,CHEMBL1916355,260,2011.0
COc1ccc2c(c1)C(=O)c1ccc(Nc3ccccc3N)cc1CC2,5.823908740944319,CHEMBL2152777,260,2012.0
CSc1nc(-c2ccc(F)cc2)c(-c2ccnc(NC(=O)C3CC3c3ccccc3)c2)n1C,6.730487055782083,CHEMBL3218970,260,2011.0
O=C(NC(CO)CO)c1ccc2c(c1)C(=O)c1ccc(Nc3ccc(F)cc3F)cc1CC2,7.9076542845912,CHEMBL2316480,260,2013.0
CSc1nc(-c2ccc(F)cc2)c(-c2ccnc(NC(=O)CN3CCCC3=O)c2)[nH]1,7.638272163982407,CHEMBL4566059,260,2019.0
O=C(NC1CC1)c1ccc(Cl)c(Nc2nncc3c2cnn3-c2cc(F)ccc2F)c1,8.67778070526608,CHEMBL1081990,260,2010.0
O=C(NC1CC1)c1ccc(Cl)c(Nc2nncc3c2cnn3-c2c(F)cccc2F)c1,8.853871964321762,CHEMBL1082158,260,2010.0
O=C(NC1CC1)c1ccc(Cl)c(-c2ccc3c(c2)NC(=O)C32CCCC2)c1,8.698970004336019,CHEMBL1800913,260,2011.0
NC(=O)c1ccc(-c2nc(-c3ccc4c(c3)OCCO4)c(-c3ccccn3)[nH]2)cc1,5.309052757118991,CHEMBL410456,260,2007.0
CSc1nc(-c2ccc(F)cc2)c(-c2ccnc(NC(=O)CCc3ccc(C(F)(F)F)cc3)c2)[nH]1,7.568636235841012,CHEMBL4518955,260,2019.0
CSc1nc(-c2ccc(F)cc2)c(-c2ccnc(NC(=O)CC3CC3)c2)[nH]1,7.823908740944319,CHEMBL4434855,260,2019.0
CCCCNC(=O)c1ccc(C)c(Nc2ncnc3c2cnn3-c2ccccc2)c1,7.67778070526608,CHEMBL410667,260,2008.0
Cc1ccc(Nc2ncc3cc(-c4c(Cl)cccc4Cl)c(=O)n(C)c3n2)cc1,6.311580177997289,CHEMBL111339,260,2009.0
Nc1nc(-c2ccccc2Cl)c2c(n1)N(c1c(Cl)cccc1Cl)C(=O)NC2,8.275724130399212,CHEMBL212821,260,2006.0
CC(C)Nc1nnc2ccc(-c3ocnc3-c3ccc(F)cc3)cn12,8.259637310505756,CHEMBL212849,260,2006.0
NCCc1cccc(C(=O)c2cnn(-c3ccc(F)cc3)c2N)c1,5.61261017366127,CHEMBL380531,260,2006.0
NCCCN(c1ccc(=O)n(-c2ccccc2Cl)n1)c1ccccc1Cl,6.705533773838408,CHEMBL221546,260,2006.0
NCCCCN(C(=O)c1ccc2c(c1)CCO2)c1ccnc(NC2CCC(O)CC2)n1,7.958607314841775,CHEMBL1091614,260,2010.0
O=C(NC1CC1)c1ccc(Cl)c(Nc2nncc3c2cnn3-c2ccc(F)cc2F)c1,8.481486060122112,CHEMBL1088032,260,2010.0
NCC(=O)NCCCN(c1ccc(=O)n(-c2ccccc2Cl)n1)c1ccccc1Cl,7.698970004336019,CHEMBL376045,260,2006.0
CCCc1c(C(=O)Nc2cc(C(=O)OC)ccc2C)cnn1-c1ccccc1,6.305416957817734,CHEMBL3393301,260,2015.0
CCCc1c(C(=O)Nc2cc(S(=O)(=O)N(C)C)ccc2C)cnn1-c1cccnc1,6.568636235841012,CHEMBL3393305,260,2015.0
CSc1nc(-c2ccc(F)cc2)c(-c2ccnc(NC(=O)C3CCCO3)c2)[nH]1,7.552841968657781,CHEMBL4441042,260,2019.0
CSc1nc(-c2ccc(F)cc2)c(-c2ccnc(NC(=O)C3CCCC3)c2)[nH]1,7.397940008672037,CHEMBL4574237,260,2019.0
COc1cccc(-c2c(N)c(C(=O)c3ccc(F)cc3F)cc[n+]2[O-])c1OC,7.431798275933005,CHEMBL557912,260,2009.0
COc1ccccc1C(=O)c1cc[n+]([O-])c(-c2ccccc2Cl)c1N,6.826813731587726,CHEMBL563249,260,2009.0
CSc1nc(-c2ccc(F)cc2)c(-c2ccnc(NC(=O)C3CCC3)c2)[nH]1,7.568636235841012,CHEMBL4561291,260,2019.0
CSc1nc(-c2ccc(F)cc2)c(-c2ccnc(NC(=O)C3CCC(=O)C3)c2)[nH]1,7.67778070526608,CHEMBL4571942,260,2019.0
COc1ccccc1-n1ncc(C(=O)c2ccccc2)c1N,5.076755981369724,CHEMBL383024,260,2006.0
CCCc1nc(-c2cccc(C)c2)c(-c2ccnc(NC(=O)c3ccccc3)c2)s1,7.886056647693163,CHEMBL197545,260,2005.0
COc1ccccc1-c1nnc2ccc(-c3ocnc3-c3ccc(F)cc3)cn12,9.397940008672036,CHEMBL378919,260,2006.0
COc1ccccc1-c1nc(C)[nH]c1-c1ccnc(NC(=O)C2CC2)c1,6.297569463554474,CHEMBL4586627,260,2019.0
COc1ccccc1-c1nc(C(N)=O)[nH]c1-c1ccnc(NC(=O)C2CC2)c1,5.628932137728263,CHEMBL4456961,260,2019.0
COc1ccc2c(c1)C(=O)c1ccc(Nc3ccccc3OC)cc1CC2,5.119186407719209,CHEMBL2152780,260,2012.0
NC1CCC(Nc2nccc(N(CC3CCNCC3)C(=O)c3ccc4c(c3)CCO4)n2)CC1,6.3979400086720375,CHEMBL1091229,260,2010.0
CCN(C(=O)c1ccc2c(c1)CCO2)c1ccnc(NC(C)c2ccccc2)n1,7.769551078621726,CHEMBL1092975,260,2010.0
Cc1ccc(C(=O)Nc2ccc(CN3CCN(C)CC3)c(C(F)(F)F)c2)cc1C#Cc1cncc2nccn12,7.366531544420413,CHEMBL2324924,260,2013.0
CCOc1ccc(-c2cc(-c3cnc(NC(C)C)s3)nc(-c3ccccn3)n2)c(Cl)c1,5.404503778174426,CHEMBL2070489,260,2012.0
CNc1ncc2cc(-c3cc(C(=O)Nc4ccc(Cl)c(C(F)(F)F)c4)ccc3C)ccc2n1,7.853871964321762,CHEMBL215019,260,2006.0
O=C1NCc2c(-c3ccc(F)cc3Cl)cc(C3CCN(CC4CC4)CC3)cc2N1c1c(Cl)cccc1Cl,9.30102999566398,CHEMBL419134,260,2003.0
CNc1ncc2cc(-c3cc(C(=O)Nc4cc(C(F)(F)F)ccc4OC4CCN(C)CC4)ccc3C)ccc2n1,8.045757490560675,CHEMBL386661,260,2006.0
O=C1NCc2c(-c3ccc(F)cc3Cl)cc(C3CCN(CC4CCC4)CC3)cc2N1c1c(Cl)cccc1Cl,9.221993538576491,CHEMBL264627,260,2003.0
CNc1ncc2cc(-c3cc(C(=O)Nc4cc(C(F)(F)F)ccc4N4CCN(C)C4=O)ccc3C)ccc2n1,8.397940008672037,CHEMBL385598,260,2006.0
O=C1NCc2c(-c3ccc(F)cc3Cl)cc(C3CCNCC3)cc2N1c1c(Cl)cccc1Cl,10.0,CHEMBL328614,260,2003.0
CNc1ncc2cc(-c3cc(C(=O)Nc4cc(C(F)(F)F)ccc4N4CCCCC4)ccc3C)ccc2n1,6.774690718274137,CHEMBL214495,260,2006.0
O=C1NCc2c(-c3ccc(F)cc3Cl)cc(CN3CCNCC3)cc2N1c1c(Cl)cccc1Cl,9.886056647693165,CHEMBL327746,260,2003.0
CNc1ncc2cc(-c3cc(C(=O)Nc4cc(C(F)(F)F)ccc4N4CC(C)(C)C4=O)ccc3C)ccc2n1,6.764471553092451,CHEMBL385055,260,2006.0
O=C1NCc2c(-c3ccc(F)cc3Cl)cc(OC3CCNCC3)cc2N1c1c(Cl)cccc1Cl,10.0,CHEMBL327959,260,2003.0
O=C1NCc2c(-c3ccc(F)cc3F)cc(C3CCNCC3)cc2N1c1c(Cl)cccc1Cl,9.69897000433602,CHEMBL319556,260,2003.0
O=C1NCc2c(-c3ccc(F)cc3F)cc(N3CCNCC3)cc2N1c1c(Cl)cccc1Cl,8.585026652029182,CHEMBL94417,260,2003.0
O=C1NCc2c(-c3ccc(F)cc3F)cc(NC3CCNCC3)cc2N1c1c(Cl)cccc1Cl,9.221993538576491,CHEMBL96432,260,2003.0
O=C1NCc2c(-c3ccccc3Cl)cc(C3CCNCC3)cc2N1c1c(Cl)cccc1Cl,9.04599883231843,CHEMBL96763,260,2003.0
O=C1NCc2c(-c3ccccc3Cl)cc(CN3CCNCC3)cc2N1c1c(Cl)cccc1Cl,10.0,CHEMBL97227,260,2003.0
O=C1NCc2c(-c3ccccc3Cl)cc(N3CCNCC3)cc2N1c1c(Cl)cccc1Cl,8.853871964321762,CHEMBL96487,260,2003.0
O=C1NCc2c(-c3ccccc3Cl)cc(NC3CCNCC3)cc2N1c1c(Cl)cccc1Cl,9.30102999566398,CHEMBL327987,260,2003.0
O=C1NCc2c(-c3ccccc3Cl)cc(O)cc2N1c1c(Cl)cccc1Cl,8.698970004336019,CHEMBL210110,260,2006.0
O=C1NCc2c(-c3ccccc3Cl)cc(OC3CCNCC3)cc2N1c1c(Cl)cccc1Cl,9.69897000433602,CHEMBL94825,260,2003.0
O=C1NCc2c(-c3ccccc3Cl)nc(N3CCOCC3)nc2N1c1c(Cl)cccc1Cl,8.698970004336019,CHEMBL378717,260,2006.0
O=C1NCc2c(-c3ccccc3Cl)nc(N3CCc4n[nH]cc4C3)nc2N1c1c(Cl)cccc1Cl,8.721246399047171,CHEMBL213986,260,2006.0
O=C1NCc2c(-c3ccccc3Cl)nc(NC3CN4CCC3CC4)nc2N1c1c(Cl)cccc1Cl,8.920818753952375,CHEMBL212091,260,2006.0
O=C1NCc2c(-c3ccccc3Cl)nc(NN3CCOCC3)nc2N1c1c(Cl)cccc1Cl,8.397940008672037,CHEMBL215651,260,2006.0
CNc1nc(-c2ccccc2Cl)c2c(n1)N(c1c(Cl)cccc1Cl)C(=O)NC2,8.698970004336019,CHEMBL425785,260,2006.0
O=C1NCc2c(-c3ccccc3Cl)nc(O)nc2N1c1c(Cl)cccc1Cl,8.397940008672037,CHEMBL213846,260,2006.0
Cc1ccccc1-c1c(N)c(C(=O)c2ccc(F)cc2F)cc[n+]1[O-],7.67778070526608,CHEMBL551717,260,2009.0
Cc1ccccc1-c1c(N)c(C(=O)c2ccccc2)cc[n+]1[O-],6.386158178123931,CHEMBL551512,260,2009.0
O=C1NCc2c(-c3ccc(F)cc3Cl)cc(C3CCN(C4CCC4)CC3)cc2N1c1c(Cl)cccc1Cl,9.39804859586648,CHEMBL419140,260,2003.0
CNc1ncc2cc(-c3cc(C(=O)Nc4ccc(Cl)c(C(F)(F)F)c4C)ccc3C)ccc2n1,6.856985199745905,CHEMBL212183,260,2006.0
O=C1NCc2c(-c3ccc(F)cc3Cl)cc(C3CCN(C4CC4)CC3)cc2N1c1c(Cl)cccc1Cl,8.95900230757651,CHEMBL96565,260,2003.0
CNc1ncc2cc(-c3cc(C(=O)Nc4ccc(OC5CCN(C)CC5)cc4)ccc3C)ccc2n1,7.031517051446065,CHEMBL427226,260,2006.0
Cc1cccc(Sc2ccc3c(-c4c(Cl)cccc4Cl)c(=O)ncn3n2)c1,6.6153113369619305,CHEMBL324089,260,2011.0
Cc1ccc(C(=O)Nc2cccc(C(F)(F)F)c2C)cc1-c1ccc2nc(Nc3ccccc3)ncc2c1,7.244125144327507,CHEMBL215863,260,2006.0
CN(C)c1cc(-c2ccncc2)c(-c2cccc3ccccc23)nn1,6.721246399047171,CHEMBL4646628,260,2019.0
COC(=O)CSc1nc(-c2ccc(F)cc2)c(-c2ccnc(NC(C)=O)c2)n1C,6.527243550682788,CHEMBL3394094,260,2015.0
CN(C)c1cc(-c2ccncc2)c(-c2ccccc2)nn1,6.309803919971486,CHEMBL4645737,260,2019.0
Cc1ccccc1-c1c(=O)ncn2nc(Sc3ccccc3)ccc12,5.23458011069174,CHEMBL2024349,260,2011.0
CC1(c2nnc3ccc(-c4ocnc4-c4cc(F)c(F)cc4F)cn23)CC1,8.638272163982407,CHEMBL215899,260,2006.0
COC(=O)CCC(NC(=O)c1ccc2c(c1)C(=O)c1ccc(Nc3ccc(F)cc3F)cc1CC2)C(=O)OC,8.022878745280337,CHEMBL2316197,260,2013.0
Cc1ccc(-c2[nH]c(C(C)(C)C)nc2C(=O)Nc2ccc(C)c(Nc3ccc4ncn(C)c(=O)c4c3)c2)cc1,7.016373712875465,CHEMBL591276,260,2010.0
Cc1ccc(-c2[nH]c(C(F)(F)F)nc2C(=O)Nc2ccc(C)c(Nc3ccc4ncn(C)c(=O)c4c3)c2)cc1,5.783042792638903,CHEMBL605198,260,2010.0
Cc1ccc(-c2[nH]c(C(F)(F)F)nc2C(=O)Nc2ccc(C)c(Nc3ccc4ncn(C)c(=O)c4c3)c2)cc1F,6.999132278468773,CHEMBL600047,260,2010.0
CCC(COC)Nc1nccc(N(CC2CCNCC2)C(=O)c2ccc3c(c2)CCO3)n1,6.275724130399211,CHEMBL1091635,260,2010.0
CN(C)c1nc(-c2ccccc2Cl)c2c(n1)N(c1c(Cl)cccc1Cl)C(=O)NC2,8.522878745280337,CHEMBL441853,260,2006.0
O=C1Nc2cc(-c3cccc4c(NC5CC5)noc34)c(Cl)cc2C12CCCC2,8.397940008672037,CHEMBL1911336,260,2011.0
CN(C)c1nnc2ccc(-c3ocnc3-c3ccc(F)cc3)cn12,7.815308569182401,CHEMBL386904,260,2006.0
CCC(C)Nc1nccc(-c2nn3c(c2-c2ccc(F)cc2)OCC3)n1,6.443697499232712,CHEMBL441119,260,2004.0
CCC(C)Nc1ncc(C(=O)Nc2cc(C(=O)NC)ccc2C)s1,8.487019020988473,CHEMBL258202_CHEMBL258203,260,
CCC(C)Nc1cc(-c2c(-c3ccc(F)cc3)nc(SC=CC(=O)O)n2CC(OC)OC)ccn1,7.468521082957745,CHEMBL3394121,260,2015.0
COC(=O)C(C)N1CCC(c2cc(-c3ccc(F)cc3Cl)c3ccc(=O)n(-c4c(Cl)cccc4Cl)c3c2)CC1,8.09151498112135,CHEMBL199316,260,2006.0
COC(=O)C(C)(C)N1CCC(c2cc(-c3ccc(F)cc3Cl)c3ccc(=O)n(-c4c(Cl)cccc4Cl)c3c2)CC1,8.173925197299173,CHEMBL199632,260,2006.0
CNc1nccn(-c2cc(C(=O)NC3CC3)ccc2C)c1=O,6.0999990348465305,CHEMBL4798384,260,2020.0
CNc1ncc2cc(Oc3ccc(F)cc3F)c(=O)n(C)c2n1,6.585026652029182,CHEMBL1766573,260,2011.0
CNc1ncc2cc(-c3cc(Nc4nc5cc(C(F)(F)F)ccc5[nH]4)ccc3C)ccc2n1,6.557520230935552,CHEMBL213478,260,2006.0
CNc1ncc2cc(-c3cc(NC(=O)c4cccc(C(F)(F)F)c4)ccc3C)ccc2n1,9.045757490560677,CHEMBL212128,260,2006.0
CNc1ncc2cc(-c3cc(NC(=O)Nc4cccc(C(F)(F)F)c4)ccc3C)ccc2n1,8.301029995663981,CHEMBL424719,260,2006.0
CNc1ncc2cc(-c3cc(C(=O)Nc4cccc5c4CCC5)ccc3C)ccc2n1,7.67778070526608,CHEMBL427233,260,2006.0
CNc1ncc2cc(-c3cc(C(=O)Nc4cccc(C(F)(F)F)c4C)ccc3C)ccc2n1,7.301029995663981,CHEMBL215969,260,2006.0
CNc1ncc2cc(-c3cc(C(=O)Nc4cccc(C(F)(F)F)c4)ccc3C)ccc2n1,8.698970004336019,CHEMBL212964,260,2006.0
Cc1ccc(-c2c[nH]cn2)cc1NC(=O)c1ccc(OCc2ccccn2)cc1,5.795880017344075,CHEMBL2059860,260,2012.0
O=C1Nc2cc(-c3cccc4c(NC5CC5)noc34)ccc2C12CCCC2,7.42021640338319,CHEMBL1911335,260,2011.0
Cc1ccccc1-c1c2nccc(-c3ccc(F)cc3F)c2cc[n+]1[O-],7.167491087293763,CHEMBL1916344,260,2011.0
CNc1c(C(=O)Nc2cc(C(=O)Nc3ccon3)ccc2C)cnn1-c1ccccc1,8.301029995663981,CHEMBL1289308,260,2010.0
CNC(=O)c1ccc2c(c1)C(=O)c1ccc(Nc3cc(NC(=O)c4ccc(OC)cc4)c(F)cc3F)cc1CC2,9.397940008672036,CHEMBL4096722,260,2017.0
CNC(=O)c1ccc2c(c1)C(=O)c1ccc(Nc3cc(NC(=O)c4ccc(F)cc4)c(F)cc3F)cc1CC2,9.397940008672036,CHEMBL4089021,260,2017.0
CNC(=O)c1ccc2c(c1)C(=O)c1ccc(Nc3cc(NC(=O)c4ccc(Cl)cc4)c(F)cc3F)cc1CC2,9.69897000433602,CHEMBL4073561,260,2017.0
CNC(=O)c1ccc2c(c1)C(=O)c1ccc(Nc3cc(NC(=O)C4CC4)ccc3C)cc1CC2,7.252732086857986,CHEMBL4103486,260,2017.0
CNC(=O)c1ccc2c(c1)C(=O)c1ccc(Nc3cc(NC(=O)C4CC4)c(F)cc3F)cc1CC2,8.886056647693163,CHEMBL4103075,260,2017.0
CNC(=O)c1ccc2c(c1)C(=O)c1ccc(Nc3cc(C(=O)NC4CC4)ccc3F)cc1CC2,7.488116639021126,CHEMBL4088016,260,2017.0
CNC(=O)c1ccc2c(c1)C(=O)c1ccc(Nc3cc(C(=O)NC(C)C)ccc3F)cc1CC2,6.4266641599339325,CHEMBL4080980,260,2017.0
CNC(=O)c1ccc2c(c1)C(=O)c1ccc(Nc3cc(C(=O)NC(C)C)ccc3C)cc1CC2,6.97183558057553,CHEMBL4075599,260,2017.0
CNC(=O)c1ccc2c(c1)C(=O)c1ccc(Nc3cc(C(=O)N(C)C(C)C)ccc3C)cc1CC2,5.638121131297211,CHEMBL4084426,260,2017.0
O=C1c2ccc(OCCC3CCOCC3)cc2COc2cc(Nc3ccc(F)cc3F)ccc21,6.254144804826272,CHEMBL3087479,260,2013.0
O=C1c2ccc(Oc3ccc(F)cc3F)cc2CCc2ccc(OCC(O)CO)cc21,5.173925197299173,CHEMBL2152952,260,2012.0
O=C1c2ccc(Oc3ccc(F)cc3F)cc2CCc2ccc(OCCN3CCOCC3)cc21,5.346787486224656,CHEMBL2152953,260,2012.0
O=C1c2ccccc2C(=O)N1CCCN(c1ccc(=O)n(-c2ccccc2Cl)n1)c1ccc(F)cc1Cl,8.045757490560675,CHEMBL221595,260,2006.0
CNC(=O)c1ccc2c(c1)C(=O)c1ccc(Nc3cc(NC(=O)c4cccc(Cl)c4)c(F)cc3F)cc1CC2,9.522878745280336,CHEMBL4100394,260,2017.0
O=C1c2ccccc2C(=O)N1CCCN(c1ccc(=O)n(-c2ccccc2Cl)n1)c1ccccc1Cl,8.301029995663981,CHEMBL221547,260,2006.0
O=CCn1oc(=O)c(-c2ccc(F)cc2)c1-c1ccnc(Oc2ccccc2)n1,7.318758762624412,CHEMBL196369,260,2005.0
Cc1ccc(C(=O)Nc2cccc(C(F)(F)F)c2C)cc1-c1ccc2nc(NCCN3CCCC3)ncc2c1,8.154901959985743,CHEMBL214556,260,2006.0
CCC(=O)Nc1cc(-c2sc(CC)nc2-c2cccc(C)c2)ccn1,8.05551732784983,CHEMBL199160,260,2005.0
Cc1ccc(C(=O)Nc2cccc(C(F)(F)F)c2C)cc1-c1ccc2nc(NC3CCN(C)CC3)ncc2c1,8.698970004336019,CHEMBL215691,260,2006.0
CC1(c2nnc3ccc(-c4ocnc4-c4ccc(F)cc4F)cn23)CC1,9.154901959985745,CHEMBL211628,260,2006.0
O=S(=O)(NCCCNc1nccc(-c2[nH]c(-c3ccccc3)nc2-c2ccc(F)c(O)c2)n1)c1ccc(Br)cc1,6.481486060122112,CHEMBL4755378,260,2021.0
CNC(=O)c1ccc(C)c(Nc2nncc3c2cnn3-c2ccccc2)c1,8.0,CHEMBL4535046,260,2019.0
CNC(=O)c1ccc(C)c(Nc2ncnc3c2cnn3Cc2ccccc2)c1,7.886056647693163,CHEMBL440406,260,2008.0
CNC(=O)c1ccc(C)c(Nc2ncnc3c2cnn3C)c1,6.596879478824182,CHEMBL407047,260,2008.0
CNC(=O)c1ccc(C)c(Nc2ncnc3c2cnn3C(C)(C)C)c1,7.886056647693163,CHEMBL407046,260,2008.0
CNC(=O)c1ccc(C)c(Nc2ncnc3c2cnn3-c2ccccn2)c1,7.173925197299173,CHEMBL258653,260,2008.0
CNC(=O)c1ccc(C)c(Nc2ncnc3c2cnn3-c2ccccc2F)c1,8.045757490560675,CHEMBL409329,260,2008.0
CNC(=O)c1ccc(C)c(Nc2ncnc3c2cnn3-c2ccccc2)c1,8.0,CHEMBL410668,260,2008.0
O=C1c2ccccc2COc2cc(Nc3ccc(Cl)cc3Cl)ccc21,5.519849274726719,CHEMBL375350,260,2006.0
Cc1ccc(C(=O)Nc2ccccc2)cc1-c1ccc(C(=O)NCC2CC2)cc1,6.337242168318426,CHEMBL516264,260,2008.0
CNC(=O)c1ccc2c(c1)C(=O)c1ccc(Nc3cc(NC(=O)c4cccc(F)c4)c(F)cc3F)cc1CC2,10.0,CHEMBL4060815,260,2017.0
CNC(=O)c1ccc2c(c1)C(=O)c1ccc(Nc3cc(NC(=O)c4ccccc4)c(F)cc3F)cc1CC2,9.154901959985745,CHEMBL4102854,260,2017.0
Cn1cnc(-c2ccc(F)cc2)c1-c1ccncc1,6.366531544420413,CHEMBL3120971,260,2014.0
Cc1ccc(C(=O)Nc2cccc(C(F)(F)F)c2C)cc1-c1ccc2nc(NCCN3CCOCC3)ncc2c1,7.397940008672037,CHEMBL213290,260,2006.0
CCC(=O)Nc1ccc(C)c(-c2ccc(C(=O)NCC3CC3)cc2)c1,5.958607314841775,CHEMBL517666,260,2008.0
CNCC(=O)NCCCN(c1ccc(=O)n(-c2ccccc2Cl)n1)c1ccccc1Cl,7.455931955649724,CHEMBL221246,260,2006.0
CNC1CC2OC(C)(C1OC)n1c3ccccc3c3c4c(c5c6ccccc6n2c5c31)C(=O)NC4,7.978810700930062,CHEMBL162_CHEMBL388978,260,
CC1(c2nnc3ccc(-c4ocnc4-c4cc(F)c(F)cc4F)cn23)CCC1,8.602059991327963,CHEMBL213159,260,2006.0
O=C1Nc2ccccc2C1=Cc1c[nH]nc1-c1ccccc1[N+](=O)[O-],7.958607314841775,CHEMBL2347053,260,2013.0
CC1(c2nnc3ccc(-c4ocnc4-c4cc(F)ccc4F)cn23)CC1,8.522878745280337,CHEMBL377319,260,2006.0
CC1(c2nnc3ccc(-c4ocnc4-c4cc(F)ccc4F)cn23)CCC1,8.823908740944319,CHEMBL439321,260,2006.0
Cc1ccc(C(=O)Nc2cccc(C(F)(F)F)c2C)cc1-c1ccc2nc(NCCN3CCCCC3)ncc2c1,8.045757490560675,CHEMBL384942,260,2006.0
CC1(c2nnc3ccc(-c4ocnc4-c4ccc(F)cc4)cn23)CCC1,7.853871964321762,CHEMBL386360,260,2006.0
O=C1c2cc(NCCN3CCOCC3)ccc2COc2cc(Oc3ccc(F)cc3F)ccc21,6.086716098239581,CHEMBL3086684,260,2013.0
O=C1c2cc(OCCC3CCOCC3)ccc2COc2cc(Nc3ccc(F)cc3F)ccc21,6.770635762530251,CHEMBL3086677,260,2013.0
CNC(=O)c1ccc2c(c1)C(=O)c1ccc(Nc3cc(NC(=O)c4cccc(OC)c4)c(F)cc3F)cc1CC2,9.69897000433602,CHEMBL4069496,260,2017.0
O=C1c2ccc(Nc3ccc(F)cc3Cl)cc2CCc2ccc(O)cc21,5.42021640338319,CHEMBL2152795,260,2012.0
O=C1c2ccc(Nc3ccc(F)cc3F)cc2CCc2cc(OCCO)ccc21,5.327902142064282,CHEMBL2152955,260,2012.0
O=C1c2ccc(Nc3ccc(F)cc3F)cc2CCc2ccc(C(=O)N3CCOCC3)cc21,7.356547323513812,CHEMBL2316467,260,2013.0
O=C1c2ccc(Nc3ccc(F)cc3F)cc2CCc2ccc(OC3CCOCC3)cc21,6.275724130399211,CHEMBL2152942,260,2012.0
O=C1c2ccc(Nc3ccc(F)cc3F)cc2CCc2ccc(OCCC(O)CO)cc21,7.096910013008056,CHEMBL2152948,260,2012.0
O=C1c2ccc(Nc3ccc(F)cc3F)cc2CCc2ccc(OCCCN3CCOCC3)cc21,7.096910013008056,CHEMBL2152950,260,2012.0
O=C1c2ccc(Nc3ccc(F)cc3F)cc2CCc2ccc(OCCN3CCOCC3)cc21,7.096910013008056,CHEMBL2152949,260,2012.0
O=C1c2ccc(Nc3ccc(F)cc3F)cc2OCc2c(OCCC3CCOCC3)cccc21,6.243363891754152,CHEMBL3087490,260,2013.0
O=C1c2ccc(Nc3ccc(F)cc3F)cc2OCc2c(OCCN3CCOCC3)cccc21,7.468521082957745,CHEMBL3087488,260,2013.0
O=C1c2ccc(Nc3ccccc3)cc2CCc2ccc(O)cc21,5.657577319177793,CHEMBL2152796,260,2012.0
O=C1c2ccc(Nc3ccccc3Cl)cc2CCc2ccc(O)cc21,5.1249387366083,CHEMBL2152794,260,2012.0
CNC(=O)c1ccc2c(c1)C(=O)c1ccc(Nc3cccc(C(=O)NC4CC4)c3F)cc1CC2,7.388276691992658,CHEMBL4059727,260,2017.0
CNC(=O)c1ccc2c(c1)C(=O)c1ccc(Nc3ccc(F)c(C(=O)NC(C)C)c3)cc1CC2,6.181048688359828,CHEMBL4105222,260,2017.0
CNC(=O)c1ccc2c(c1)C(=O)c1ccc(Nc3ccc(C)c(C(=O)NC4CC4)c3)cc1CC2,6.888401475119606,CHEMBL4068387,260,2017.0
O=C1c2ccc(Nc3ccc(F)cc3F)cc2CCc2cc(OCC(O)CO)ccc21,5.13348165853321,CHEMBL2152958_CHEMBL2152960,260,
CNC(=O)c1ccc(C)c(Nc2ncnc3c2cnn3-c2ccc(F)cc2)c1,8.045757490560675,CHEMBL259212,260,2008.0
Cc1ccc(C(=O)Nc2ccccn2)cc1-c1ccc2c(c1)NC(=O)C21CCCC1,8.221848749616356,CHEMBL1800221,260,2011.0
CN(C)c1cc(-c2ccncc2)c(-c2ccc3ccccc3c2)nn1,6.6777807052660805,CHEMBL4648060,260,2019.0
Fc1ccc(-c2ncoc2-c2ccncc2)cc1,6.221848749616356,CHEMBL366007,260,2005.0
CC(=O)N1CCC(c2cc(-c3ccccc3Cl)c3cc[n+]([O-])c(-c4c(F)cccc4F)c3n2)CC1,7.769551078621726,CHEMBL1916524,260,2011.0
CC(=O)N1CCC(Nc2ncc3cc(Oc4ccc(F)cc4F)c(=O)n(C)c3n2)CC1,9.0,CHEMBL1766579,260,2011.0
O=C(O)Cn1cc(-c2nc(-c3ccc(F)cc3)c(-c3ccncc3)o2)nn1,5.494850021680094,CHEMBL3120981,260,2014.0
O=C(O)c1cc(-c2nc(-c3ccc(F)cc3)c(-c3cc[nH]c(=O)c3)[nH]2)ccc1O,5.166852888087215,CHEMBL3314282,260,2014.0
O=C(O)c1ccc(-c2[nH]nc3cc(Nc4ccccc4Cl)ccc23)cc1,7.886056647693163,CHEMBL197698,260,2005.0
O=C(O)c1ccc(-c2cc(-c3ccc(F)cc3)c(-c3ccncc3)[nH]2)cc1,7.045757490560675,CHEMBL423781,260,1999.0
COCC(C)Nc1nccc(N(CCCCN)C(=O)c2ccc3c(c2)CCO3)n1,7.602059991327962,CHEMBL1091615,260,2010.0
COCC(C)Nc1nccc(N(CC2CCNCC2)C(=O)c2ccc3c(c2)CCO3)n1,6.500312917381596,CHEMBL1091287,260,2010.0
COCC(C)Nc1nccc(-c2nn3c(c2-c2ccc(F)cc2)OCC3)n1,6.552841968657781,CHEMBL187961,260,2004.0
Fc1ccc(-c2ncoc2-c2ccc3nncn3c2)cc1,7.709965388637482,CHEMBL386742,260,2006.0
O=C(O)c1ccc(-c2nc(-c3ccc(F)cc3)c(-c3cc[nH]c(=O)c3)[nH]2)cc1,5.531652669587842,CHEMBL3313935,260,2014.0
O=C(O)c1ccc(-n2cc(-c3nc(-c4ccc(F)cc4)c(-c4ccncc4)o3)nn2)cc1,6.721246399047171,CHEMBL3120996,260,2014.0
Fc1ccc(-c2ncoc2-c2ccc3nnc(N4CCOCC4)n3c2)cc1,7.928117992693874,CHEMBL213002,260,2006.0
Fc1ccc(-c2ncoc2-c2ccc3nnc(N4CCCC4)n3c2)cc1,7.812479279163536,CHEMBL386807,260,2006.0
Fc1ccc(-c2ncoc2-c2ccc3nnc(Cc4ccccc4)n3c2)cc1,7.701146923590294,CHEMBL377165,260,2006.0
Fc1ccc(-c2ncoc2-c2ccc3nnc(C4CCC4)n3c2)cc1,7.752026733638194,CHEMBL211678,260,2006.0
O=C(O)c1cccc(-c2[nH]nc3cc(Nc4ccccc4Cl)ccc23)c1,7.619788758288394,CHEMBL197613,260,2005.0
O=C(O)c1ccccc1-n1cc(-c2nc(-c3ccc(F)cc3)c(-c3ccncc3)o2)nn1,5.186419011431808,CHEMBL3120999,260,2014.0
Fc1ccc(-c2ncoc2-c2ccc3nnc(C4CCC4)n3c2)c(F)c1,8.425968732272281,CHEMBL379374,260,2006.0
Fc1ccc(-c2ncoc2-c2ccc3nnc(C4CC4)n3c2)cc1,7.962573502059376,CHEMBL211679,260,2006.0
O=C(c1c(Cl)cccc1Cl)N1CCc2c(cnn2-c2ccccc2Cl)C1,6.950781977329818,CHEMBL438109,260,2007.0
O=C(c1c(F)cccc1F)N1CCc2c(cnn2-c2ccc(F)cc2Cl)C1,7.013228265733755,CHEMBL390447,260,2007.0
O=C(c1c(F)cccc1F)N1CCc2c(cnn2-c2ccccc2Cl)C1,7.167491087293763,CHEMBL242482,260,2007.0
O=C(c1c(F)cccc1F)N1CCn2c(cnc2-c2ccc(F)cc2F)C1,6.777283528852417,CHEMBL395030,260,2007.0
O=C(c1c[nH]c2ccccc12)N1CCN(Cc2ccccc2)CC1,5.324221658325914,CHEMBL318990,260,2003.0
O=C(c1c[nH]c2ccccc12)N1CCc2c(cnn2-c2ccccc2Cl)C1,7.259637310505756,CHEMBL388251,260,2007.0
Cc1ccc(C(=O)Nc2ccnn2C)cc1NC(=O)c1cnn(-c2ccccc2F)c1N,8.397940008672037,CHEMBL1290745,260,2010.0
Fc1ccc(-c2nocc2-c2ccncc2)cc1,6.059981844992336,CHEMBL3310132,260,2014.0
CC(=O)N1CCCC(C(=O)Nc2cc(-c3ccnc(Nc4ccc(F)cc4)c3)ccn2)C1,6.952839623576399,CHEMBL202639_CHEMBL202666_CHEMBL206466,260,
CC(=O)N1CCCC(C(=O)Nc2cc(-c3ccnc(Nc4ccccc4)c3)ccn2)C1,7.431798275933005,CHEMBL203225,260,2006.0
Cc1nnc(-c2ccc(C)c(-c3ccc(C(=O)NCC4CC4)cc3)c2)o1,5.522878745280337,CHEMBL273158,260,2008.0
Cc1cc(OCCN2CCOCC2)ccc1-c1c(N)c(C(=O)c2ccc(F)cc2F)cc[n+]1[O-],7.853871964321762,CHEMBL562451,260,2009.0
Cc1cc(OCCN2CCOCC2)ccc1-c1c2nccc(-c3ccc(F)cc3F)c2cc[n+]1[O-],6.374687549038326,CHEMBL1916352,260,2011.0
COCCOc1ccc(C(=O)Nc2cc(NC(=O)c3cccc(N(C)C)c3)ccc2C)cc1,6.568636235841012,CHEMBL184189,260,2004.0
COCCOc1ccc(-c2c(N)c(C(=O)c3ccc(F)cc3F)cc[n+]2[O-])c(C)c1,7.698970004336019,CHEMBL550701,260,2009.0
O=C(O)C1OC(n2cc(-c3nc(-c4ccc(F)cc4)c(-c4ccncc4)o3)nn2)C(O)C(O)C1O,5.931814138253838,CHEMBL3120978,260,2014.0
O=C(O)C=CSc1nc(-c2ccc(F)cc2)c(-c2ccnc(Nc3ccccc3)c2)[nH]1,7.443697499232712,CHEMBL3394125,260,2015.0
O=C(O)C=CSc1nc(-c2ccc(F)cc2)c(-c2ccnc(Nc3ccccc3)c2)n1CC1CC1,6.596659081552514,CHEMBL3394123_CHEMBL3394124,260,
CC1(C)OCC(COc2ccc3c(c2)C(=O)c2ccc(Nc4ccccc4N)cc2CC3)O1,6.721246399047171,CHEMBL2152798_CHEMBL2152937,260,
COCCNc1nc(-c2ccc(Cl)cc2Cl)c2c(n1)N(c1c(Cl)cccc1Cl)C(=O)NC2,8.698970004336019,CHEMBL213836,260,2006.0
Cc1ccc(C(=O)Nc2ccon2)cc1NC(=O)c1cnn(-c2ccccc2F)c1N,8.698970004336019,CHEMBL1290746,260,2010.0
Cc1ncc(-c2ccc(C)c(-c3ccc4c(c3)NC(=O)C43CCOCC3)c2)[nH]1,6.055517327849831,CHEMBL1911196,260,2011.0
COCCNC(=O)c1ccc(-c2cc(C(=O)NC3CC3)cc(F)c2C)cc1,6.499996931948306,CHEMBL1784170,260,2009.0
O=C(c1cc(-c2ccc(F)cc2Cl)c2c(c1)N(c1c(Cl)cccc1Cl)C(=O)NC2)N1CCNCC1,8.95900230757651,CHEMBL96225,260,2003.0
COCCNC(=O)c1ccc(-c2c3nccc(-c4ccc(F)cc4F)c3cc[n+]2[O-])c(C)c1,5.853871964321762,CHEMBL1916353,260,2011.0
Cc1ccc(C(=O)Nc2ccon2)cc1NC(=O)c1cnn(-c2ccccc2)c1N,8.522878745280337,CHEMBL1234931,260,2010.0
Cc1ccc(C(=O)Nc2ccon2)cc1NC(=O)c1cnn(-c2ccc(F)cc2)c1N,8.698970004336019,CHEMBL1289078,260,2010.0
Cc1ccc(C(=O)Nc2ccon2)cc1NC(=O)c1cnc(NC(C)C)s1,8.42021640338319,CHEMBL403200,260,2008.0
CC1(C)OCC(COc2cccc3c2COc2cc(Nc4ccc(F)cc4F)ccc2C3=O)O1,6.283673264387411,CHEMBL3086107_CHEMBL3086108,260,
Fc1ccc(F)c(-c2ncoc2-c2ccc3nnc(C4CCC4)n3c2)c1,8.013228265733755,CHEMBL214310,260,2006.0
Fc1ccc(F)c(-c2ncoc2-c2ccc3nnc(C4CC4)n3c2)c1,7.619788758288394,CHEMBL214114,260,2006.0
Cc1ccc(C(=O)Nc2ccon2)cc1-n1cnc2ccc(N3CCN(C)CC3)cc2c1=O,8.07954902933771,CHEMBL2031461,260,2012.0
Cc1ccc(C(=O)Nc2ccon2)cc1-c1ccc2c(c1)NC(=O)C21CCCC1,9.657577319177792,CHEMBL1800222,260,2011.0
Cc1ccc(C(=O)Nc2ccon2)cc1-c1ccc2c(c1)NC(=O)C21CCC(F)(F)CC1,8.67778070526608,CHEMBL1825154,260,2011.0
CCOc1ccc(-c2cc(-c3cnc(NC(C)C)s3)nc(-c3ccccc3F)n2)c(Cl)c1,6.229147988357855,CHEMBL2070490,260,2012.0
COCCN(C(=O)c1ccc2c(c1)CCO2)c1ccnc(NC(C)c2ccccc2)n1,6.462180904926726,CHEMBL1090587,260,2010.0
COCCCn1c(SCc2ccc([S+](C)[O-])cc2)nc(-c2ccc(F)cc2)c1-c1ccnc(NC(C)=O)c1,5.884056823060945,CHEMBL222339,260,2004.0
COCCCn1c(SC)nc(-c2ccc(F)cc2)c1-c1ccnc(NC(C)=O)c1,6.688246138944246,CHEMBL222920,260,2004.0
COCCNC(=O)c1ccc(-c2c(N)c(C(=O)c3ccc(F)cc3F)cc[n+]2[O-])c(C)c1,7.154901959985743,CHEMBL564731,260,2009.0
O=C(c1cc(-c2ccc(F)cc2F)c2c(c1)N(c1c(Cl)cccc1Cl)C(=O)NC2)N1CCNCC1,8.61996975203217,CHEMBL327217,260,2003.0
O=C(c1cc(-c2ccccc2Cl)c2c(c1)N(c1c(Cl)cccc1Cl)C(=O)NC2)N1CCNCC1,8.823908740944319,CHEMBL94444,260,2003.0
O=C(c1cc2ccccc2[nH]1)N1CCc2c(cnn2-c2ccccc2Cl)C1,6.8124792791635365,CHEMBL242695,260,2007.0
Fc1cc(F)c(-c2ncoc2-c2ccc3nnc(C4CCC4)n3c2)cc1F,8.040958607678906,CHEMBL377757,260,2006.0
COC(=O)c1ccc2c(c1)C(=O)c1ccc(Nc3ccc(F)c(NC(=O)c4cccs4)c3)cc1OC2,9.221848749616356,CHEMBL4064695,260,2017.0
COC(=O)c1ccc2c(c1)C(=O)c1ccc(Nc3ccc(F)c(NC(=O)c4cccs4)c3)cc1CC2,8.958607314841775,CHEMBL4075277,260,2017.0
COC(=O)c1ccc2c(c1)C(=O)c1ccc(Nc3ccc(F)c(NC(=O)c4ccccc4)c3)cc1OC2,8.920818753952375,CHEMBL4084905,260,2017.0
COC(=O)c1ccc2c(c1)C(=O)c1ccc(Nc3ccc(F)c(NC(=O)c4ccccc4)c3)cc1CC2,9.096910013008056,CHEMBL4075759,260,2017.0
COC(=O)c1ccc2c(c1)C(=O)c1ccc(Nc3ccc(F)c(NC(=O)C4CC4)c3)cc1OC2,7.75448733218585,CHEMBL4076787,260,2017.0
COC(=O)c1ccc2c(c1)C(=O)c1ccc(Nc3cc(NC(=O)c4ccsc4)c(F)cc3C)cc1OC2,9.397940008672036,CHEMBL4072910,260,2017.0
COC(=O)c1ccc2c(c1)C(=O)c1ccc(Nc3cc(NC(=O)c4cccs4)c(F)cc3F)cc1OC2,8.886056647693163,CHEMBL4090650,260,2017.0
Fc1cc(F)c(-c2ncoc2-c2ccc3nnc(C4CC4)n3c2)cc1F,8.10790539730952,CHEMBL212341,260,2006.0
FC(F)c1nnc2ccc(-c3ocnc3-c3ccccc3)cn12,6.26440110030182,CHEMBL213055,260,2006.0
Cc1ccc(C(=O)Nc2ccn[nH]2)cc1NC(=O)c1cnc(NC(C)C)s1,8.3767507096021,CHEMBL255288,260,2008.0
O=C1CCc2c(-c3ccc(F)cc3F)cc(C3CCNCC3)cc2N1c1c(Cl)cccc1Cl,9.130768280269024,CHEMBL564912,260,2009.0
O=C1CCc2ccccc2N1,9.130768280269024,CHEMBL388582,260,2010.0
Fc1ccc(-c2c(-c3ccnc(Oc4ccccc4)n3)nn3c2OCC3)cc1,5.657577319177793,CHEMBL184733,260,2004.0
COC(=O)c1cc(-c2ccccc2F)c2c(c1)N(c1c(Cl)cccc1Cl)C(=O)NC2,8.155026061853112,CHEMBL94495,260,2003.0
COC(=O)c1cc(-c2ccccc2C)c2c(c1)N(c1c(Cl)cccc1Cl)C(=O)NC2,7.95900230757651,CHEMBL94377,260,2003.0
COC(=O)c1cc(-c2ccccc2)c2c(c1)N(c1c(Cl)cccc1Cl)C(=O)NC2,7.523023534240472,CHEMBL421194,260,2003.0
COC(=O)c1cc(-c2cccc(F)c2)c2c(c1)N(c1c(Cl)cccc1Cl)C(=O)NC2,7.101988261202498,CHEMBL94852,260,2003.0
COC(=O)c1cc(-c2cccc(Cl)c2)c2c(c1)N(c1c(Cl)cccc1Cl)C(=O)NC2,7.1739900222089,CHEMBL421566,260,2003.0
COC(=O)c1cc(-c2cccc(C)c2)c2c(c1)N(c1c(Cl)cccc1Cl)C(=O)NC2,6.49499933607313,CHEMBL328274,260,2003.0
COC(=O)c1cc(-c2cccc(C(F)(F)F)c2)c2c(c1)N(c1c(Cl)cccc1Cl)C(=O)NC2,6.770011163455189,CHEMBL328752,260,2003.0
COC(=O)c1cc(-c2ccc(F)cc2F)c2c(c1)N(c1c(Cl)cccc1Cl)C(=O)NC2,8.155026061853112,CHEMBL94547,260,2003.0
COC(=O)c1cc(-c2ccc(F)cc2C)c2c(c1)N(c1c(Cl)cccc1Cl)C(=O)NC2,7.95900230757651,CHEMBL94783,260,2003.0
COC(=O)c1cc(-c2ccc(F)cc2)c2c(c1)N(c1c(Cl)cccc1Cl)C(=O)NC2,7.657972311912529,CHEMBL328252,260,2003.0
COC(=O)c1cc(-c2ccc(Cl)cc2)c2c(c1)N(c1c(Cl)cccc1Cl)C(=O)NC2,7.327994554977048,CHEMBL330358,260,2003.0
COC(=O)c1cc(-c2ccc(C)cc2)c2c(c1)N(c1c(Cl)cccc1Cl)C(=O)NC2,7.3570411205902095,CHEMBL97579,260,2003.0
COC(=O)c1cc(-c2ccc(C(F)(F)F)cc2)c2c(c1)N(c1c(Cl)cccc1Cl)C(=O)NC2,6.885989838296538,CHEMBL94719,260,2003.0
COC(=O)c1cc(-c2c(F)cccc2F)c2c(c1)N(c1c(Cl)cccc1Cl)C(=O)NC2,7.3570411205902095,CHEMBL316337,260,2003.0
COC(=O)c1cc(-c2ccccc2Cl)c2c(c1)N(c1c(Cl)cccc1Cl)C(=O)NC2,8.84948500216801,CHEMBL94556,260,2003.0
Cc1ccc(C(=O)Nc2cccnc2)cc1Nc1ncnc2c1cnn2-c1ccccc1,6.619788758288394,CHEMBL261235,260,2008.0
Fc1ccc(-c2c(-c3ccnc(Oc4ccccc4)n3)nn3c2OCCC3)cc1,5.180456064458131,CHEMBL184067,260,2004.0
Fc1ccc(-c2c(-c3ccncc3)nn3c2OCCC3)cc1,6.337242168318426,CHEMBL364340,260,2004.0
O=C(c1ccc(-n2cc(-c3nc(-c4ccc(F)cc4)c(-c4ccncc4)o3)nn2)cc1)N1CCN(CCO)CC1,5.619788758288394,CHEMBL3120989,260,2014.0
COC1CCC(C(=O)Nc2cc(-c3ccnc(Nc4ccc(F)cc4)c3)ccn2)CC1,7.397940008672037,CHEMBL202676_CHEMBL203631,260,
O=C(c1ccc(F)cc1F)N1CCn2c(cnc2-c2ccc(F)cc2F)C1,6.226945306635738,CHEMBL243957,260,2007.0
O=C(c1ccc2[nH]ccc2c1)N1CCN(Cc2ccccc2)CC1,5.380256848393997,CHEMBL320069,260,2003.0
O=C(c1ccc2c(c1)CCO2)N(CC1CCNCC1)c1ccnc(NC2CC2)n1,6.221848749616356,CHEMBL1091636,260,2010.0
COC(Cn1c(SCCC(=O)O)nc(-c2ccc(F)cc2)c1-c1ccnc(NC(C)=O)c1)OC,5.769806621130954,CHEMBL3394099,260,2015.0
COC(Cn1c(SCC#N)nc(-c2ccc(F)cc2)c1-c1ccnc(NC2CC2)c1)OC,6.815308569182401,CHEMBL3394119,260,2015.0
COC(Cn1c(SCC#N)nc(-c2ccc(F)cc2)c1-c1ccnc(F)c1)OC,6.192464971931146,CHEMBL3394093,260,2015.0
COC(Cn1c(SC=CC(=O)O)nc(-c2ccc(F)cc2)c1-c1ccnc(NC2CC2)c1)OC,6.892790030352131,CHEMBL3394120,260,2015.0
COC(Cn1c(SC=CC(=O)O)nc(-c2ccc(F)cc2)c1-c1ccnc(NC(C)=O)c1)OC,6.474955192963154,CHEMBL3394101,260,2015.0
COC(Cn1c(SC2CCC(C(=O)O)CC2O)nc(-c2ccc(F)cc2)c1-c1ccnc(NC(C)=O)c1)OC,6.8696662315049934,CHEMBL3394112,260,2015.0
COC(Cn1c(SC)nc(-c2ccc(F)cc2)c1-c1ccnc(NC(C)=O)c1)OC,5.387322081683498,CHEMBL374756,260,2004.0
O=C(c1ccc2c(c1)CCO2)N(CC1CCNCC1)c1ccnc(NC2CCC(O)CC2)n1,6.443697499232712,CHEMBL1091228,260,2010.0
COC(=O)c1cccc(-n2cc(-c3nc(-c4ccc(F)cc4)c(-c4ccncc4)n3C)nn2)c1,6.00436480540245,CHEMBL3120997,260,2014.0
O=C(c1ccc2cc[nH]c2c1)N1CCN(Cc2ccccc2)CC1,5.258060922270801,CHEMBL419355,260,2003.0
O=C(c1ccc2ccccc2c1)N(Cc1ccc(F)cc1)c1ccncc1,5.899629454882437,CHEMBL1091737,260,2010.0
O=C(c1cccc2[nH]ccc12)N1CCN(Cc2ccccc2)CC1,5.8124792791635365,CHEMBL105802,260,2003.0
O=C(c1cccc2[nH]ccc12)N1CCc2c(cnn2-c2ccccc2Cl)C1,7.431798275933005,CHEMBL388252,260,2007.0
CC(=O)CSc1nc(-c2ccc(F)cc2)c(-c2ccnc(NC(C)=O)c2)n1C,7.443697499232712,CHEMBL3394097,260,2015.0
Fc1ccc(-c2ncoc2-c2ccc3nnc(C4CC4)n3c2)c(F)c1,8.455931955649724,CHEMBL212898,260,2006.0
Fc1ccc(-c2ncoc2-c2ccc3nnc(-c4ccccc4)n3c2)cc1,7.910094888560602,CHEMBL379783,260,2006.0
Fc1ccc(-c2ncn(CC3CC3)c2-c2ccncc2)cc1,6.795880017344075,CHEMBL96741,260,2007.0
Cc1ccc(C(=O)Nc2ccnn2C)cc1NC(=O)c1cnn(-c2ccccc2)c1N,8.154901959985743,CHEMBL1290405,260,2010.0
Cc1ccc(C(=O)Nc2ccnn2C)cc1NC(=O)c1cnc(NC(C)C)s1,8.267606240177031,CHEMBL258223,260,2008.0
Fc1ccc(-c2nc(-c3c[nH]nn3)oc2-c2ccncc2)cc1,6.42021640338319,CHEMBL3120961,260,2014.0
Fc1ccc(-c2n[nH]cc2-c2ccncc2)cc1,7.173925197299173,CHEMBL1233024,260,2014.0
Fc1ccc(-c2n[nH]c(CCCc3ccccc3)c2-c2ccncc2)cc1,9.022276394711152,CHEMBL3310126,260,2014.0
Fc1ccc(-c2cc(-c3ccc(Cl)cc3)[nH]c2-c2ccncc2)cc1,5.853871964321762,CHEMBL328126,260,1999.0
O=C(c1ccc2cc[nH]c2c1)N1CCc2c(cnn2-c2ccccc2Cl)C1,7.397940008672037,CHEMBL242908,260,2007.0
CNC(=O)c1ccc(C)c(Nc2ncnc3c2cnn3-c2c(Cl)cccc2Cl)c1,8.221848749616356,CHEMBL260134,260,2008.0
CNC(=O)c1ccc(C)c(Nc2ncnc3c2cnn3-c2c(C)cc(C)cc2C)c1,7.619788758288394,CHEMBL409328,260,2008.0
CNC(=O)c1ccc(C)c(Nc2nc(OCCN3CCCC3)nc3c2cnn3-c2ccccc2)c1,8.221848749616356,CHEMBL429863,260,2008.0
Cc1cnc(-c2ccc(C)c(-c3ccc4c(c3)NC(=O)C43CCOCC3)c2)[nH]1,6.761953896871205,CHEMBL1911195,260,2011.0
Cc1cnc(-c2ccc(C)c(NC(=O)c3ccc(OCc4ccccn4)cc3)c2)[nH]1,5.229147988357855,CHEMBL2059864,260,2012.0
Cc1ccc(C(=O)NC2CC2)cc1-n1ccnc(N(C)Cc2ccccc2)c1=O,6.599997654072045,CHEMBL4780420,260,2020.0
Cc1nc(-c2ccc(O)cc2)c(-c2ccnc(NC(=O)C3CC3)c2)[nH]1,5.732593581247096,CHEMBL4453072,260,2019.0
Cc1ccc(C(=O)NC2CC2)cc1-n1ccnc(N)c1=O,5.300000202445418,CHEMBL4758465,260,2020.0
Cc1cnc(NC(=O)c2ccc(C)c(-n3cnc4ccc(N5CCN(C)CC5)cc4c3=O)c2)s1,5.300000202445418,CHEMBL2031243,260,2012.0
CN1CCN(Cc2ccc(NC(=O)Nc3cc(C#Cc4cncc5nccn45)n(C)n3)cc2C(F)(F)F)CC1,7.455931955649724,CHEMBL2324923,260,2013.0
CN1CCN(Cc2ccc(NC(=O)Nc3cc(C#Cc4cnc5cnccn45)n(C)n3)cc2C(F)(F)F)CC1,7.455931955649724,CHEMBL2324925,260,2013.0
CN1CCN(Cc2ccc(NC(=O)Nc3cc(C#Cc4cnc5cccnn45)n(C)n3)cc2C(F)(F)F)CC1,7.619788758288394,CHEMBL2324926,260,2013.0
Cc1ccc(C(=O)NC2CC2)cc1-n1ccnc(NC(C)(C)c2ccccc2)c1=O,7.799989231585883,CHEMBL4777646,260,2020.0
Cc1ccc(C(=O)NC2CC2)cc1-n1ccnc(NC(c2ccccc2)C(C)CN2CCCCC2)c1=O,8.599989277931066,CHEMBL4763279,260,2020.0
Cc1ccc(C(=O)NC2CC2)cc1-n1ccnc(NC2CC2)c1=O,6.399996913372259,CHEMBL4741003,260,2020.0
Cc1ccc(C(=O)NC2CC2)cc1-n1ccnc(NC2CCCc3ccccc32)c1=O,7.50003813440381,CHEMBL4761548,260,2020.0
CN1CCN(CCc2cccc(C(=O)c3cnn(-c4ccc(F)cc4)c3N)c2)CC1,5.785156151952302,CHEMBL425401,260,2006.0
CN1CCN(CCNC(=O)c2ccc3c(c2)C(=O)c2ccc(Nc4ccc(F)cc4F)cc2CC3)CC1,7.784318117920506,CHEMBL2316194,260,2013.0
Cc1nc(-c2ccc(F)cc2F)c(-c2ccc3nc(N)n(S(=O)(=O)C(C)C)c3c2)[nH]1,8.05551732784983,CHEMBL270842,260,2008.0
Cc1ccc(C(=O)NC2CC2)cc1-n1ccnc(NCC2CCCCC2)c1=O,6.900003617448398,CHEMBL4764210,260,2020.0
Cc1nc(-c2ccc(F)cc2)c(-c2ccnc(NC(=O)CCn3cnnn3)c2)[nH]1,7.42021640338319,CHEMBL4466208,260,2019.0
Cc1ccc(C(=O)NC2CC2)cc1-n1ccnc(NCCc2ccccc2)c1=O,7.299988937677888,CHEMBL4751865,260,2020.0
Cc1nc(-c2ccc(F)cc2)c(-c2ccnc(NC(=O)CCn3cncn3)c2)[nH]1,7.387216143280264,CHEMBL4557420,260,2019.0
Cc1ccc(C(=O)NC2CC2)cc1-n1ccnc(NCc2ccccc2)c1=O,7.099989009503443,CHEMBL4741213,260,2020.0
Cc1ccc(C(=O)NC2CC2)cc1-n1ccnc(NCc2ccccc2OCCN2CCCC2)c1=O,7.50003813440381,CHEMBL4759781,260,2020.0
CN1CCN(CCCNC(=O)c2ccc3c(c2)C(=O)c2ccc(Nc4ccc(F)cc4F)cc2CC3)CC1,7.860623199523586,CHEMBL2316195,260,2013.0
c1ccc(-c2ncoc2-c2ccc3nnc(-c4ccno4)n3c2)cc1,6.54515513999149,CHEMBL213521,260,2006.0
c1ccc(-c2ncoc2-c2ccc3nnc(C4CC4)n3c2)cc1,7.326058001365912,CHEMBL386869,260,2006.0
c1ccc(-c2ncoc2-c2ccc3nnc(C4CCC4)n3c2)cc1,7.779891911959945,CHEMBL377538,260,2006.0
C#Cc1nc(-c2ccc(F)cc2)c(-c2ccncc2)o1,5.747146969020107,CHEMBL3120973,260,2014.0
Cc1nc(-c2ccc3c(c2)OCO3)c(-c2ccnc(NC(=O)C3CC3)c2)[nH]1,7.522878745280337,CHEMBL4518273,260,2019.0
Cc1ccc(C(=O)NC2CC2)cc1-c1cnc2c(c1)NC(=O)C21CCOCC1,7.475779098224798,CHEMBL1825159,260,2011.0
Cc1ccc(C(=O)NC2CC2)cc1-c1cnc2c(c1)NC(=O)C2(C)C,6.736004705401783,CHEMBL1825161,260,2011.0
Cc1nc(-c2ccc3ccccc3c2)c(-c2ccnc(NC(=O)C3CC3)c2)[nH]1,7.091514981121351,CHEMBL4435496,260,2019.0
[O-][n+]1ccc2c(-c3ccc(F)cc3Cl)ccnc2c1-c1c(Cl)cccc1Cl,7.853871964321762,CHEMBL1916359,260,2011.0
[O-][n+]1ccc2c(-c3ccc(F)cc3F)cc(C3CCNCC3)nc2c1-c1c(Cl)cccc1Cl,9.086186147616283,CHEMBL1738839,260,2011.0
[O-][n+]1ccc2c(-c3ccc(F)cc3F)cc(NC3CCNCC3)nc2c1-c1c(F)cccc1F,9.55284196865778,CHEMBL1916525,260,2011.0
[O-][n+]1ccc2c(-c3ccc(F)cc3F)ccnc2c1-c1c(Cl)cccc1Cl,7.387216143280264,CHEMBL1916349,260,2011.0
[O-][n+]1ccc2c(-c3ccc(F)cc3F)ccnc2c1-c1c(F)cccc1F,7.180456064458131,CHEMBL1916350,260,2011.0
[O-][n+]1ccc2c(-c3ccc(F)cc3F)ccnc2c1-c1ccccc1Cl,6.709965388637482,CHEMBL1916345,260,2011.0
[O-][n+]1ccc2c(-c3ccc(F)cc3F)ccnc2c1-c1ccccc1F,6.47755576649368,CHEMBL1916346,260,2011.0
[O-][n+]1ccc2c(-c3ccccc3Cl)cc(C3CCNCC3)nc2c1-c1c(F)cccc1F,9.568636235841012,CHEMBL1916523,260,2011.0
[O-][n+]1ccc2c(-c3ccccc3Cl)cc(N3CCNCC3)nc2c1-c1c(Cl)cccc1Cl,9.585026652029182,CHEMBL1916527,260,2011.0
[O-][n+]1ccc2c(-c3ccccc3Cl)cc(N3CCOCC3)nc2c1-c1c(F)cccc1F,7.958607314841775,CHEMBL1916526,260,2011.0
[O-][n+]1ccc2c(-c3ccccc3Cl)cc(NC3CCNCC3)nc2c1-c1c(Cl)cccc1Cl,9.886056647693165,CHEMBL1916528,260,2011.0
[O-][n+]1ccc2c(-c3ccccc3Cl)cc(OC3CCNCC3)nc2c1-c1c(Cl)cccc1Cl,9.337242168318426,CHEMBL1916530,260,2011.0
[O-][n+]1ccc2c(-c3ccccc3Cl)ccnc2c1-c1c(Cl)cccc1Cl,7.431798275933005,CHEMBL1916358,260,2011.0
c1ccc(-c2nnc(N3CCN(c4ncccn4)CC3)cc2-c2ccncc2)cc1,6.221848749616356,CHEMBL4632881,260,2019.0
Cc1ccccc1Oc1ccc(C(=O)NCc2ccncc2)cc1,5.483288122256525,CHEMBL3393292,260,2015.0
Cc1ccc(C(=O)NC2CC2)cc1-c1ccc2c(c1)NC(=O)C2(C)C,8.301029995663981,CHEMBL1800909,260,2011.0
Cc1ccc(C(=O)NC2CC2)cc1-c1ccc2c(c1)NC(=O)C2(CCO)CCO,5.34008379993015,CHEMBL1825144,260,2011.0
Cc1ccc(C(=O)NC2CC2)cc1-c1ccc2c(c1)NC(=O)C21CCC(F)(F)CC1,8.372363747448347,CHEMBL1825153,260,2011.0
Cc1ccn2c(N)nnc2c1-c1ccc2c(c1)NC(=O)C21CCCC1,7.468521082957745,CHEMBL1911344,260,2011.0
Cc1ccc(C(=O)NC2CC2)cc1-c1ccc2c(c1)NC(=O)C21CCC(O)CC1,8.491845309787319,CHEMBL1825151_CHEMBL1825152,260,
Cc1nc(-c2ccccc2)c(-c2ccc3nc(N)n(S(=O)(=O)C(C)C)c3c2)[nH]1,7.690369832574101,CHEMBL258150,260,2008.0
Cc1nc(-c2cccc(O)c2)c(-c2ccnc(NC(=O)C3CC3)c2)[nH]1,7.619788758288394,CHEMBL4514346,260,2019.0
Cc1ccc(C(=O)NC2CC2)cc1-c1ccc2c(c1)NC(=O)C21CCC1,8.853871964321762,CHEMBL1800910,260,2011.0
Cc1ccc(C(=O)NC2CC2)cc1-c1ccc2c(c1)NC(=O)C21CCN(C)CC1,8.150862711662816,CHEMBL1825145,260,2011.0
Cc1ccc(C(=O)NC2CC2)cc1-c1ccc2c(c1)NC(=O)C21CCOCC1,8.318194010053928,CHEMBL1825147,260,2011.0
Cc1ccncc1Nc1cc(=O)n(C)c2c1cnn2-c1cc(F)ccc1F,6.35261702988538,CHEMBL563091,260,2009.0
Cc1ccoc1-c1cc(-c2ccc(Br)cc2)[nH]c(=N)c1C#N,7.154901959985743,CHEMBL3219382,260,2012.0
Cc1ccc(C(=O)NC2CC2)cc1-c1ccc2nc(NCCN3CCOCC3)ncc2c1,9.045757490560677,CHEMBL494072,260,2008.0
Cc1nc(-c2ccccc2O)c(-c2ccnc(NC(=O)C3CC3)c2)[nH]1,7.301029995663981,CHEMBL4561980,260,2019.0
Cc1ccc(C(=O)NC2CC2)cc1-n1ccnc(Nc2ccccc2)c1=O,7.0,CHEMBL4794174,260,2020.0
Cc1ccc(C(=O)NC2CC2)cc1-n1ccncc1=O,5.300000202445418,CHEMBL4758388,260,2020.0
c1ccc(-c2nnc(N3CCNCC3)cc2-c2ccncc2)cc1,6.823908740944319,CHEMBL4639028,260,2019.0
C#CCOCCn1c(SCc2ccc([S+](C)[O-])cc2)nc(-c2ccc(F)cc2)c1-c1ccnc(NC(C)=O)c1,5.303294219066083,CHEMBL225101,260,2004.0
C#CCOCCn1c(SC)nc(-c2ccc(F)cc2)c1-c1ccnc(NC(C)=O)c1,6.176525770829699,CHEMBL221508,260,2004.0
CN1C2CCC1CC(c1cc(-c3ccc(F)cc3Cl)c3ccc(=O)n(-c4c(Cl)cccc4Cl)c3c1)C2,9.214670164989233,CHEMBL200093,260,2006.0
CN1C2CCC1CC(Nc1nc(-c3ccccc3Cl)c3c(n1)N(c1c(Cl)cccc1Cl)C(=O)NC3)C2,9.30102999566398,CHEMBL212803,260,2006.0
CN1C(C)(C)CC(Nc2cc(-c3ccccc3Cl)c3cc[n+]([O-])c(-c4c(Cl)cccc4Cl)c3n2)CC1(C)C,9.30102999566398,CHEMBL1916529,260,2011.0
Cc1ccc(C(=O)NC2CC2)cc1Oc1nnc(C)c2c1cnn2-c1ccc(F)cc1F,8.200659450546418,CHEMBL1081037,260,2010.0
Cc1ccc(C(=O)NC2CC2)cc1Oc1nncc2c1cnn2-c1c(F)cccc1F,8.522878745280337,CHEMBL1082159,260,2010.0
Cc1ccc(C(=O)NC2CC2)cc1Oc1nncc2c1cnn2-c1ccc(F)cc1F,8.0,CHEMBL1088166,260,2010.0
Cc1ccc(C(=O)NC2CCC2)cc1-c1ccc(C(=O)NCC2CC2)cc1,6.070581074285707,CHEMBL517507,260,2008.0
Cc1ccc(C(=O)NC2CCC2)cc1-c1ccc2c(c1)NC(=O)C21CCCC1,8.0,CHEMBL1800220,260,2011.0
Cc1ccc(C(=O)NC2CCC2)cc1-n1cnc2ccc(N3CCN(C)CC3)cc2c1=O,6.465514124239341,CHEMBL2031464,260,2012.0
Cc1ccc(C(=O)NC2CCCC2)cc1-c1ccc(C(=O)NCC2CC2)cc1,5.568636235841012,CHEMBL477977,260,2008.0
Cc1ccc(C(=O)NC2CCCC2)cc1-n1cnc2ccc(N3CCN(C)CC3)cc2c1=O,5.0862025242299245,CHEMBL2031463,260,2012.0
Cc1nc(-c2ccc(C)c(-c3ccc4c(c3)NC(=O)C43CCCC3)c2)no1,6.234331445240986,CHEMBL1911191,260,2011.0
Cc1ccc(C(=O)NC2CCCCC2)cc1-c1ccc(C(=O)NCC2CC2)cc1,5.055517327849831,CHEMBL477978,260,2008.0
Cc1ccc(C(=O)NCC2CC2)cc1-c1ccc2c(c1)NC(=O)C21CCCC1,8.522878745280337,CHEMBL1800921,260,2011.0
Cc1ccc(C(=O)NCC2CC2)cc1-n1cnc2ccc(N3CCN(C)CC3)cc2c1=O,5.722757189289882,CHEMBL2031469,260,2012.0
Cc1ccc(C(=O)NCc2ccccc2)cc1Nc1ncnc2c1cnn2-c1ccccc1,6.735182176990463,CHEMBL260383,260,2008.0
Cc1ccc(C(=O)Nc2cc(-c3c(-c4ccc(F)cc4)nc4n3CCS4)ccn2)cc1F,7.537602002101044,CHEMBL3218962,260,2011.0
c1ccc2cc(-c3nnc(N4CCC4)cc3-c3ccncc3)ccc2c1,6.537602002101044,CHEMBL4643246,260,2019.0
c1ccc2cc(-c3nnc(N4CCCC4)cc3-c3ccncc3)ccc2c1,6.698970004336019,CHEMBL4639995,260,2019.0
c1ccc2cc(-c3nnc(N4CCCCC4)cc3-c3ccncc3)ccc2c1,6.6020599913279625,CHEMBL4635988,260,2019.0
c1ccc2cc(-c3nnc(N4CCNCC4)cc3-c3ccncc3)ccc2c1,6.795880017344075,CHEMBL4647072,260,2019.0
Cn1nc(C(C)(C)C)cc1NC(=O)Nc1ccc(Cl)cc1,6.0999990348465305,CHEMBL87277,260,2010.0
Cn1nc(C(C)(C)C)cc1NC(=O)C(=O)c1ccc(OCCN2CCOCC2)c2ccccc12,6.673393743112328,CHEMBL404722,260,2008.0
Cc1ccc(C(=O)Nc2cc[nH]n2)cc1Nc1ncnc2c1cnn2-c1ccccc1,8.522878745280337,CHEMBL410136,260,2008.0
Cn1nc(C(C)(C)C)cc1C(=O)C(=O)Nc1ccc(OCCN2CCOCC2)c2ccccc12,7.504386962153752,CHEMBL520967,260,2008.0
Cn1nc(-c2ccc(F)cc2)c(-c2ccncc2)c1N,7.152427340857888,CHEMBL3310129,260,2014.0
Cc1ccc(C(=O)NCC2CC2)cc1-c1ccc(C(=O)NCC2CC2)cc1,6.259637310505756,CHEMBL476978,260,2008.0
[O-][n+]1ccc2c(-c3ccc(F)cc3Cl)cc(C3CCNCC3)nc2c1-c1c(Cl)cccc1Cl,9.309803919971486,CHEMBL1916360,260,2011.0
Cc1ccc(C(=O)NC2CC2)cc1Oc1nnc(C)c2c1cnn2-c1ccc(F)cc1,8.113509274827518,CHEMBL1082183,260,2010.0
Cc1ccc(C(=O)NC2CC2)cc1Oc1cc(=O)n(C)c2c1cnn2-c1ccc(F)cc1F,8.10790539730952,CHEMBL563284,260,2009.0
Cc1ccc(C(=O)NC2CC2)cc1-n1cnc2ccc(N3CCN(C)CC3)cc2c1=O,7.577733713092516,CHEMBL2031465,260,2012.0
C#Cc1nc(-c2ccc(F)cc2)c(-c2ccncc2)n1C,6.136677139879544,CHEMBL3120972,260,2014.0
Cc1ccc(C(=O)NC2CC2)cc1NC(=O)c1cnc(-c2ccccc2Cl)s1,8.154901959985743,CHEMBL2401978,260,2013.0
CN1CCN(C(=O)c2ccc(Nc3ncc4cc(-c5c(Cl)cccc5Cl)c(=O)n(C)c4n3)cc2)CC1,8.0,CHEMBL565366,260,2009.0
Cc1nc(-c2ccc(F)cc2)c(-c2ccnc(NC(=O)C3CC3)c2)[nH]1,7.721246399047171,CHEMBL4455711,260,2019.0
Cc1ccc(C(=O)NC2CC2)cc1NC(=O)c1cnn(-c2ccccc2)c1N,8.154901959985743,CHEMBL1290404,260,2010.0
Cc1ccc(C(=O)NC2CC2)cc1NC(=O)c1cnn(-c2ncccc2C(F)(F)F)c1C,8.397940008672037,CHEMBL2401979,260,2013.0
C#Cc1ccn2c(-c3ccnc(SC)n3)c(-c3ccc(F)cc3)nc2n1,5.600326278518962,CHEMBL3314272,260,2014.0
Cc1csc(NC(=O)c2ccc(C)c(-n3cnc4ccc(N5CCN(C)CC5)cc4c3=O)c2)n1,5.243605696748671,CHEMBL2031242,260,2012.0
C#Cc1ccc(-c2nc(-c3ccc(F)cc3)c(-c3cc[nH]c(=O)c3)[nH]2)cc1,5.027334407733889,CHEMBL3314276,260,2014.0
Cc1ccc(C(=O)NC2CC2)cc1Nc1cc(=O)n(C)c2c1cnn2-c1c(F)cccc1F,8.721246399047171,CHEMBL558912,260,2009.0
Cc1ccc(C(=O)NC2CC2)cc1Nc1cc(=O)n(C)c2c1cnn2-c1cc(F)ccc1F,8.537602002101044,CHEMBL563941,260,2009.0
c1ccc(Nc2ccc3c(-c4ccccc4)n[nH]c3c2)cc1,7.522878745280337,CHEMBL383177,260,2005.0
Cc1ccc(C(=O)NC2CC2)cc1Oc1cc(=O)n(C)c2c1cnn2-c1cccc(F)c1,8.070581074285707,CHEMBL564121,260,2009.0
CN1CCC(c2cc(-c3ccc(F)cc3Cl)c3cc[n+]([O-])c(-c4c(Cl)cccc4Cl)c3n2)CC1,9.142667503568733,CHEMBL1916361,260,2011.0
Cc1ccc(C(=O)NC2CC2)cc1Nc1cc(=O)n(C)c2c1cnn2-c1ccc(F)cc1F,8.494850021680094,CHEMBL559401,260,2009.0
Cc1ccc(C(=O)NC2CC2)cc1Nc1cc(=O)n(C)c2c1cnn2-c1cccc(F)c1,8.481486060122112,CHEMBL559403,260,2009.0
Cc1nc(-c2ccc(F)cc2)c(-c2ccc3nc(N)n(S(=O)(=O)C(C)C)c3c2)[nH]1,8.148741651280925,CHEMBL271059,260,2008.0
Cc1nc(-c2ccc(F)c(F)c2)c(-c2ccnc(NC(=O)C3CC3)c2)[nH]1,7.721246399047171,CHEMBL4474740,260,2019.0
Cc1ccc(C(=O)NC2CC2)cc1Nc1ncnn2cc(C(=O)c3ccccc3)c(C)c12,8.397940008672037,CHEMBL1807446,260,2011.0
Cc1ccc(C(=O)NC2CC2)cc1Nc1nnc(C)c2c1cnn2-c1ccc(F)cc1,8.387216143280265,CHEMBL1082182,260,2010.0
Cc1ccc(C(=O)NC2CC2)cc1Nc1nnc(C)c2c1cnn2-c1ccc(F)cc1F,8.568636235841012,CHEMBL1080673,260,2010.0
Cc1nc(-c2ccc(F)c(C)c2)c(-c2ccnc(NC(=O)C3CC3)c2)[nH]1,8.154901959985743,CHEMBL4457174,260,2019.0
Cc1ccc(C(=O)NC2CC2)cc1Nc1nncc2c1cnn2-c1c(F)cccc1F,8.769551078621726,CHEMBL1081991,260,2010.0
Cc1ccc(C(=O)NC2CC2)cc1Nc1nncc2c1cnn2-c1ccc(F)cc1F,8.522878745280337,CHEMBL1088443,260,2010.0
Cc1ccc(C(=O)NC2CC2)cc1Nc1nncc2c1cnn2-c1cccc(F)c1,8.337242168318426,CHEMBL1087386,260,2010.0
Cc1ccc(C(=O)NC2CC2)cc1Oc1cc(=O)n(C)c2c1cnn2-c1c(F)cccc1F,8.853871964321762,CHEMBL560730,260,2009.0
Cc1ccc(C(=O)NC2CC2)cc1Oc1cc(=O)n(C)c2c1cnn2-c1cc(F)ccc1F,8.214670164989233,CHEMBL561468,260,2009.0
CN1CCC(c2cc(-c3ccc(F)cc3Cl)c3c(c2)N(c2c(Cl)cccc2Cl)C(=O)NC3)CC1,9.30102999566398,CHEMBL96653,260,2003.0
[O-][n+]1ccc2c(-c3ccc(F)cc3Cl)cc(-c3ccncc3)nc2c1-c1c(Cl)cccc1Cl,7.537602002101044,CHEMBL1916521,260,2011.0
[O-][n+]1ccc2c(-c3ccc(F)cc3Cl)cc(-c3cccnc3)nc2c1-c1c(Cl)cccc1Cl,7.853871964321762,CHEMBL1916522,260,2011.0
Cc1ccc(C(=O)NC2CC2)cc1-c1ccc2c(-c3ccccc3C)nncc2c1,9.096910013008056,CHEMBL492265,260,2008.0
O=c1[nH]cc(Nc2ccccc2)cc1-c1cccc2[nH]ccc12,5.522878745280337,CHEMBL4755877,260,2020.0
O=c1[nH]cc(Nc2ccccc2)cc1-c1ccccc1Br,5.823908740944319,CHEMBL4794773,260,2020.0
O=c1c(Oc2ccc(F)cc2F)cc2cnc(NC3CCOCC3)nc2n1C1CC1,8.045757490560675,CHEMBL1766499,260,2011.0
O=c1c(Oc2ccc(F)cc2F)cc2cnc(NC3CCOCC3)nc2n1C1CCS(=O)(=O)CC1,9.0,CHEMBL1766503,260,2011.0
O=c1c(Oc2ccc(F)cc2F)cc2cnc(NC3CCOCC3)nc2n1CC(O)CO,8.154901959985743,CHEMBL1766505,260,2011.0
O=c1c(Oc2ccc(F)cc2F)cc2cnc(NC3CCOCC3)nc2n1CCCO,8.698970004336019,CHEMBL1766500,260,2011.0
O=c1c2ccccc2ccc2cc(Nc3ccc(F)cc3F)ccc12,5.376750709602099,CHEMBL515727,260,2009.0
O=c1cc(-c2[nH]c(-c3ccc(-c4nnn[nH]4)cc3)nc2-c2ccc(F)cc2)cc[nH]1,5.596879478824182,CHEMBL3314284,260,2014.0
O=c1cc(-c2[nH]c(-c3ccc(O)cc3)nc2-c2ccc(F)cc2)cc[nH]1,5.304518323509802,CHEMBL3314281,260,2014.0
O=c1cc(-c2[nH]c(C3CCNCC3)nc2-c2ccc(F)cc2)cc[nH]1,5.943095148663527,CHEMBL3314283,260,2014.0
Cn1nc(NC(=O)Cc2ccccc2)c(-c2ccncc2)c1-c1ccc(F)cc1,8.242603971206975,CHEMBL3310130,260,2014.0
Cc1ccc(C(=O)Nc2cccc(C(F)(F)F)c2)cc1-c1ccc2nc(NCCN3CCOCC3)ncc2c1,8.522878745280337,CHEMBL215943,260,2006.0
Cc1ccc(-n2nc(C(C)(C)C)cc2NC(=O)C(=O)c2ccc(OCCN3CCOCC3)c3ccccc23)cc1,6.50174416392291,CHEMBL270617,260,2008.0
O=c1[nH]c2nc(NC3CCOCC3)ncc2cc1Oc1ccc(F)cc1F,7.744727494896693,CHEMBL1766497,260,2011.0
Cc1ccc(-n2nc(C(C)(C)C)cc2NC(=O)NCc2ccccc2Oc2ccnc(Cl)n2)cc1,7.698970004336019,CHEMBL2058046,260,2012.0
Cc1ccc(-n2nc(C(C)(C)C)cc2NC(=O)NCc2ccccc2Oc2ccnc(N3CCOCC3)n2)cc1,7.920818753952375,CHEMBL2058044,260,2012.0
Cc1ccccc1C(=O)c1ccc(Nc2ccccc2)cc1Cl,6.721246399047171,CHEMBL155567,260,2003.0
O=c1ccc(N(CCO)c2ccc(F)cc2Cl)nn1-c1ccccc1Cl,6.774690718274137,CHEMBL221312,260,2006.0
O=c1ccc(Nc2ccccc2Cl)nn1-c1ccccc1Cl,6.102372908709558,CHEMBL222109,260,2006.0
O=c1ccc(Sc2ccccc2F)nn1-c1ccccc1Cl,6.853871964321762,CHEMBL373934,260,2006.0
O=c1ccc2c(-c3ccc(F)cc3Cl)cc(C3CC4CCC(C3)N4)cc2n1-c1c(Cl)cccc1Cl,9.346787486224656,CHEMBL199701,260,2006.0
Cc1nc(COc2ccc(C(=O)Nc3cc(NC(=O)c4cccc(N5CCOCC5)c4)ccc3C)cc2)cs1,7.698970004336019,CHEMBL264502,260,2004.0
Cc1nc(COc2ccc(C(=O)Nc3cc(NC(=O)c4cc(F)cc(N5CCOCC5)c4)ccc3C)cc2)cs1,7.045757490560675,CHEMBL445920,260,2004.0
O=c1ncn2nc(Sc3ccc(Cl)c(Cl)c3)ccc2c1-c1c(Cl)cccc1Cl,5.967023509843065,CHEMBL114057,260,2011.0
O=c1ncn2nc(Sc3ccc(F)c(Cl)c3)ccc2c1-c1c(Cl)cccc1Cl,6.531743128760553,CHEMBL431865,260,2011.0
O=c1ncn2nc(Sc3ccc(F)cc3)ccc2c1-c1c(Cl)cccc1Cl,6.768748592524171,CHEMBL326629,260,2011.0
O=c1ncn2nc(Sc3ccc(F)cc3Cl)ccc2c1-c1c(Cl)cccc1Cl,6.918195718284474,CHEMBL420134,260,2011.0
O=c1ncn2nc(Sc3cccc(Cl)c3)ccc2c1-c1c(Cl)cccc1Cl,6.2508447231052,CHEMBL114430,260,2011.0
Cc1ccc(-n2nc(C(C)(C)C)cc2NC(=O)NCc2ccccc2Oc2ccnc(N3CCCCC3)n2)cc1,7.886056647693163,CHEMBL2058045,260,2012.0
O=c1ncn2nc(Sc3cccc(F)c3)ccc2c1-c1c(Cl)cccc1Cl,6.249607413541272,CHEMBL114962,260,2011.0
Cc1ccccc1-n1ncc(C(=O)c2ccccc2)c1N,5.96657624451305,CHEMBL408417,260,2006.0
Cc1ccc(-c2nnc(C3CC3)[nH]2)cc1-c1ccc2c(c1)NC(=O)C21CCCC1,6.8696662315049934,CHEMBL1911198,260,2011.0
CNC(=O)c1ccc(C)c(Nc2nc(OC)nc3c2cnn3-c2ccccc2)c1,7.958607314841775,CHEMBL412265,260,2008.0
CNC(=O)c1ccc(C)c(Nc2nc(NCCN3CCCC3)nc3c2cnn3-c2ccccc2)c1,8.397940008672037,CHEMBL409916,260,2008.0
CNC(=O)c1ccc(C)c(Nc2nc(NC)nc3c2cnn3-c2ccccc2)c1,7.853871964321762,CHEMBL412281,260,2008.0
CNC(=O)c1ccc(C)c(Nc2nc(N3CCCN(C)CC3)nc3c2cnn3-c2ccccc2)c1,8.096910013008056,CHEMBL265710,260,2008.0
CNC(=O)c1ccc(C)c(Nc2nc(N3CCCC3)nc3c2cnn3-c2ccccc2)c1,7.920818753952375,CHEMBL258851,260,2008.0
CNC(=O)c1ccc(C)c(Nc2nc(N)nc3c2cnn3-c2ccccc2)c1,8.522878745280337,CHEMBL261021,260,2008.0
CNC(=O)c1ccc(C)c(Nc2nc(N(C)CCC#N)nc3c2cnn3-c2ccccc2)c1,8.301029995663981,CHEMBL260807,260,2008.0
CNC(=O)c1ccc(C)c(Nc2nc(C)nc3c2cnn3-c2ccccc2)c1,7.744727494896693,CHEMBL261075,260,2008.0
CNC(=O)c1ccc(C)c(NC(=O)c2cnn(-c3ccccc3)c2N)c1,7.853871964321762,CHEMBL1290288,260,2010.0
CNC(=O)c1ccc(C)c(NC(=O)c2cnc(NCCOC)s2)c1,7.657577319177793,CHEMBL258418,260,2008.0
CNC(=O)c1ccc(C)c(NC(=O)c2cnc(NC(C)C)s2)c1,8.455931955649724,CHEMBL258201,260,2008.0
CNC(=O)c1ccc(C)c(N2Cc3nc(NC4CCCC4)sc3C2=O)c1,6.958607314841775,CHEMBL258247,260,2008.0
CNC(=O)c1ccc(C)c(N2Cc3nc(NC(C)C)sc3C2=O)c1,6.958607314841775,CHEMBL255931,260,2008.0
O=c1[nH]c2ccccc2c(-c2ccncc2)c1-c1ccc(F)cc1,5.7447274948966935,CHEMBL434737,260,2007.0
CNC(=O)c1ccc(C)c(-n2cnc3ccc(N4CCN(C)CC4)cc3c2=O)c1,5.985352921016425,CHEMBL2031468,260,2012.0
O=S(=O)(NCCCNc1nccc(-c2[nH]c(-c3ccccc3)nc2-c2ccc(F)c(O)c2)n1)c1cccc(F)c1,6.853871964321762,CHEMBL4794140,260,2021.0
O=S(=O)(NCCCNc1nccc(-c2[nH]c(-c3ccccc3)nc2-c2ccc(F)c(O)c2)n1)c1ccccc1,6.6777807052660805,CHEMBL4758203,260,2021.0
Cc1ccc(C(=O)Nc2cccc(C(F)(F)F)c2C)cc1-c1ccc2nc(NC3CC3)ncc2c1,8.698970004336019,CHEMBL212181,260,2006.0
Cc1ccc(C(=O)Nc2cccc(C(F)(F)F)c2C)cc1-c1ccc2nc(N)ncc2c1,6.962573502059376,CHEMBL215813,260,2006.0
FC(F)(F)Cc1nnc2ccc(-c3ocnc3-c3ccccc3)cn12,7.079876673709276,CHEMBL212795,260,2006.0
Cc1ccc(-c2ncc(Cl)cc2-c2ccc(S(C)(=O)=O)cc2)cn1,6.275724130399211,CHEMBL416146,260,1998.0
Cc1ccc(-c2ncc[nH]2)cc1NC(=O)c1ccc(OCc2ccccn2)cc1,5.568636235841012,CHEMBL2059865,260,2012.0
Cc1ccc(-c2ncn[nH]2)cc1-c1ccc2c(c1)NC(=O)C21CCCC1,8.045757490560675,CHEMBL1911197,260,2011.0
Cc1ccc(-c2ncnc3nc[nH]c23)cc1NC(=O)c1ccc(OCc2ccccn2)cc1,5.455931955649724,CHEMBL2057337,260,2012.0
Cc1ccccc1-c1ccc2nc(N)ncc2c1,5.408601448718752,CHEMBL215952,260,2006.0
O=S(=O)(O)c1cccc2cccc(Nc3ccccc3)c12,5.920818753952375,CHEMBL285527,260,2019.0
CC1(c2nnc3ccc(-c4ocnc4-c4ccc(F)cc4F)cn23)CCC1,8.958607314841775,CHEMBL384795,260,2006.0
O=[N+]([O-])c1ccc(-c2nc(-c3ccc(F)cc3)c(-c3ccncc3)[nH]2)cc1,7.050609993355087,CHEMBL17331,260,2021.0
CNC(=O)c1ccc(C)c(-c2ccc3c(c2)NC(=O)C32CCCC2)c1,7.920818753952375,CHEMBL1800918,260,2011.0
Cc1nnc(-c2ccc(C)c(-c3ccc(C(=O)Nc4cccc(C#N)c4)cc3)c2)o1,5.823908740944319,CHEMBL270164,260,2008.0
O=c1ncn2nc(Sc3ccccc3)ccc2c1-c1c(Cl)cccc1Cl,6.367591088495232,CHEMBL113806,260,2011.0
O=c1ncn2nc(Sc3ccccc3)ccc2c1-c1c(F)cccc1F,5.123553422557704,CHEMBL2024529,260,2011.0
Cc1ccc(C(=O)NC(C)C)cc1-c1ccc2c(c1)NC(=O)C21CCCC1,7.698970004336019,CHEMBL1800919,260,2011.0
Cc1ccc(C(=O)NC(C)C)cc1-n1cnc2ccc(N3CCN(C)CC3)cc2c1=O,5.931290310095664,CHEMBL2031466,260,2012.0
Cc1ccc(C(=O)NC2CC2)cc1-c1cc2cnc(NC3CCOCC3)nc2n(C)c1=O,9.045757490560677,CHEMBL1232751,260,2019.0
Cc1ccc(C(=O)NC2CC2)cc1-c1cc2nnc(-c3c(C)cccc3F)n2n(C)c1=O,8.322945780426299,CHEMBL1945717,260,2012.0
Cc1ccc(C(=O)NC2CC2)cc1-c1cc2nnc(-c3c(F)cccc3Cl)n2n(C)c1=O,8.462226519303734,CHEMBL1945716,260,2012.0
Oc1cccc(-c2nc(-c3ccc(F)cc3)c(-c3ccnc4[nH]c(-c5ccccc5)cc34)[nH]2)c1,8.154901959985743,CHEMBL4097627,260,2017.0
Cc1ccc(C(=O)NC2CC2)cc1-c1cc2nnc(-c3cc(F)ccc3Cl)n2n(C)c1=O,7.743584453726237,CHEMBL1945718,260,2012.0
Oc1ccccc1-n1cc(-c2nc(-c3ccc(F)cc3)c(-c3ccncc3)o2)nn1,5.66354026615147,CHEMBL3121001,260,2014.0
Cc1ccc(C(=O)NC2CC2)cc1-c1cc2nnc(-c3ccc(F)cc3F)n2n(C)c1=O,7.361447636358072,CHEMBL1945719,260,2012.0
Cc1ccc(C(=O)NC2CC2)cc1-c1ccc(C(=O)NCC2CC2)cn1,6.500017533176058,CHEMBL1232887,260,2009.0
C=CC(=O)Nc1cccc(-c2c[nH]c3nccc(-c4[nH]c(CCCO)nc4-c4ccc(F)cc4)c23)c1,6.669586226650809,CHEMBL4071827,260,2017.0
Cc1ccc(C(=O)NC2CC2)cc1-c1ccc(C(=O)NCCCN(C)C)cc1,6.638272163982407,CHEMBL477558,260,2008.0
Cc1nc(-c2cccs2)c(-c2ccnc(NC(=O)C3CC3)c2)[nH]1,7.318758762624412,CHEMBL4576003,260,2019.0
Cc1ccc(C(=O)NC(C)C)cc1-c1ccc(C(=O)NCC2CC2)cc1,5.6020599913279625,CHEMBL477979,260,2008.0
Cc1ccc(C(=O)NC2CC2)cc1-c1ccc(C(=O)NCCCN2CCOCC2)cc1,6.187086643357144,CHEMBL477557,260,2008.0
Cc1nc(-c2ccco2)c(-c2ccnc(NC(=O)C3CC3)c2)[nH]1,6.005682847330363,CHEMBL4460515,260,2019.0
Cc1ccc(C(=O)NC2CC2)cc1-c1ccc(C(=O)NCc2cccc(NS(C)(=O)=O)c2)cc1,8.0,CHEMBL479028,260,2008.0
Cc1ccccc1Nc1ccc(=O)n(-c2ccccc2Cl)n1,6.119186407719209,CHEMBL221791,260,2006.0
CN1CCN(c2cc(-c3ccncc3)c(-c3ccccc3)nn2)CC1,6.221848749616356,CHEMBL4639555,260,2019.0
CN1CCN(c2cc(-c3ccncc3)c(-c3ccc4ccccc4c3)nn2)CC1,6.638272163982407,CHEMBL4129018,260,2019.0
CN1CCN(c2cc(-c3ccncc3)c(-c3ccc4cccc(F)c4c3)nn2)CC1,6.200659450546418,CHEMBL4642456,260,2019.0
CN1CCN(c2cc(-c3ccncc3)c(-c3ccc4ccc(F)cc4c3)nn2)CC1,6.1487416512809245,CHEMBL4640881,260,2019.0
CN1CCN(c2cc(-c3ccncc3)c(-c3ccc4cc(F)ccc4c3)nn2)CC1,6.036212172654444,CHEMBL4643993,260,2019.0
CN1CCN(c2cc(-c3ccncc3)c(-c3ccc4c(F)cccc4c3)nn2)CC1,5.798602875679549,CHEMBL4643060,260,2019.0
CN1CCN(c2cc(-c3ccncc3)c(-c3ccc4[nH]ccc4c3)nn2)CC1,6.2441251443275085,CHEMBL4635980,260,2019.0
Cc1ccccc1Nc1ccc2c(c1)OCc1cc(OCCN3CCOCC3)ccc1C2=O,7.070581074285707,CHEMBL3087477,260,2013.0
Cc1ccc(C(=O)NC2CC2)cc1-c1ccc(C(=O)NN)cc1,6.214670164989233,CHEMBL517205,260,2008.0
Cc1ccc(C(=O)NC2CC2)cc1-c1ccc(C(=O)Nc2cccc(C#N)c2)cc1,7.481486060122112,CHEMBL476507,260,2008.0
Cc1ccc(C(=O)NC2CC2)cc1-c1ccc(C(=O)NCCCO)cc1,6.568636235841012,CHEMBL477348,260,2008.0
O=c1ncn2nc(Sc3ccccc3)ccc2c1-c1c(F)cccc1C(F)(F)F,5.754319153082864,CHEMBL2024528,260,2011.0
Cc1ccc(C(=O)NC(C)(C)C)cc1Nc1cc(=O)n(C)c2c1cnn2-c1ccc(F)cc1F,6.570247719997592,CHEMBL557515,260,2009.0
Oc1ccc(-c2nc(-c3ccco3)c(-c3ccnc4[nH]c(-c5ccccc5)cc34)[nH]2)cc1,6.5406075122407685,CHEMBL4071494,260,2017.0
O=c1ncn2nc(Sc3ccccc3)ccc2c1-c1ccccc1C(F)(F)F,5.6777807052660805,CHEMBL2024351,260,2011.0
O=c1ncn2nc(Sc3ccccc3)ccc2c1-c1ccccc1Cl,5.001088459627137,CHEMBL2024352,260,2011.0
O=c1ncn2nc(Sc3ccccc3O)ccc2c1-c1c(Cl)cccc1Cl,6.581837942146624,CHEMBL117211,260,2011.0
Cc1ccc(-n2nc(C(C)(C)C)cc2NC(=O)Nc2ccc(OCCc3ccccn3)c3ccccc23)cc1,6.777283528852417,CHEMBL3781528,260,2016.0
Cc1ccc(-n2nc(C(C)(C)C)cc2NC(=O)Nc2ccc(OCCc3cccnc3)c3ccccc23)cc1,7.920818753952375,CHEMBL343227,260,2016.0
Cc1nc(CNC(=O)c2ccc(-c3cc(C(=O)NC4CC4)cc(F)c3C)cc2)cs1,7.100015437450609,CHEMBL1784169,260,2009.0
C=CCOCCn1c(SC)nc(-c2ccc(F)cc2)c1-c1ccnc(NC(C)=O)c1,5.732828271596986,CHEMBL223645,260,2004.0
CNC(=O)CCC(NC(=O)c1ccc2c(c1)C(=O)c1ccc(Nc3ccc(F)cc3F)cc1CC2)C(=O)NC,7.523845995168937,CHEMBL2316198,260,2013.0
Cc1ccc(-n2nc(C(C)(C)C)cc2NC(=O)Nc2ccc(OCCc3ccnc(N)c3)c3ccccc23)cc1,7.221848749616356,CHEMBL3781587,260,2016.0
Cc1ccc(-n2nc(C(C)(C)C)cc2NC(=O)Nc2ccc(OCCc3ccncc3)c3ccccc23)cc1,7.769551078621726,CHEMBL143134,260,2016.0
OC1CCC(Nc2ncc3nc(Nc4c(F)cc(F)cc4F)n(C4CCOC4)c3n2)CC1,5.468521082957745,CHEMBL1950289,260,2012.0
OC1OC(Cn2cc(-c3nc(-c4ccc(F)cc4)c(-c4ccncc4)o3)nn2)C(O)C(O)C1O,5.24184537803261,CHEMBL3120976,260,2014.0
Cc1ccc(-n2nc(C(C)(C)C)cc2NC(=O)Nc2ccc(OCCc3ccncc3N)c3ccccc23)cc1,7.958607314841775,CHEMBL3780111,260,2016.0
Cc1ccc(C(=O)NC(C)(C)C)cc1-c1ccc2c(c1)NC(=O)C21CCCC1,6.560667306169737,CHEMBL1800920,260,2011.0
OCC1OC(O)C(n2cc(-c3nc(-c4ccc(F)cc4)c(-c4ccncc4)o3)nn2)C(O)C1O,5.924453038607469,CHEMBL3121005,260,2014.0
OCCCCc1nc(-c2ccc(F)cc2)c(-c2ccnc3[nH]c(-c4ccccc4)cc23)[nH]1,8.698970004336019,CHEMBL4089892,260,2017.0
Cc1ccccc1CNc1ccc(=O)n(-c2ccccc2Cl)n1,5.455931955649724,CHEMBL374312,260,2006.0
OCCCc1nc(-c2ccc(F)cc2)c(-c2ccnc3[nH]c(-c4ccccc4)cc23)[nH]1,8.698970004336019,CHEMBL4101719,260,2017.0
OCCCc1nc(-c2ccc(F)cc2)c(-c2ccnc3[nH]ccc23)[nH]1,7.920818753952375,CHEMBL4088971,260,2017.0
OCCc1nc(-c2ccc(F)cc2)c(-c2ccnc3[nH]c(-c4ccccc4)cc23)[nH]1,8.397940008672037,CHEMBL4061829,260,2017.0
Cc1ccc(-n2nc(C(C)(C)C)cc2NC(=O)Nc2ccc(OCCn3ccnc3)c3ccccc23)cc1,7.657577319177793,CHEMBL336001,260,2016.0
Cc1ccc(=O)n(-c2ccc(OCCCCN3CCCCC3)cc2)c1,5.283162276700475,CHEMBL3099794,260,2014.0
Cc1ccc(=O)n(-c2ccc(OCCCN3CCCCC3)cc2)c1,5.39040559077478,CHEMBL3099788,260,2014.0
Cc1ccc(C(=O)Nc2cccc(C(F)(F)F)c2)cc1-c1ccc2nc(N)ncc2c1,8.221848749616356,CHEMBL385937,260,2006.0
C=CCN(C)c1nccc(Nc2cc(NC(=O)c3ccnc(N4CCOCC4)c3)ccc2C)n1,6.958607314841775,CHEMBL182772,260,2004.0
Oc1[nH]nc(-c2ccncc2)c1-c1ccc(F)cc1,6.494850021680094,CHEMBL362562,260,2004.0
Oc1ccc(-c2nc(-c3ccccc3)c(-c3ccnc4[nH]c(-c5ccccc5)cc34)[nH]2)cc1,9.0,CHEMBL4070454,260,2017.0
CN1CCN(c2cccc(C(=O)c3cnn(-c4ccc(F)cc4)c3N)c2)CC1,5.637862065199606,CHEMBL426122,260,2006.0
OCCC#Cc1nc(-c2ccc(F)cc2)c(-c2ccncc2)n1CCCc1ccccc1,6.0,CHEMBL190333,260,2007.0
Cc1nnc(-c2ccc(C)c(-c3ccc4c(c3)NC(=O)C4(C)C)c2)[nH]1,7.060480747381382,CHEMBL1911331,260,2011.0
Cc1ccc(C(=O)Nc2ccno2)cc1-n1cnc2ccc(N3CCN(C)CC3)cc2c1=O,7.622403807892091,CHEMBL2031462,260,2012.0
O=C(Nc1onc(Nc2ccc(F)cc2)c1-c1ccncc1)c1ccccc1,5.917214629683549,CHEMBL3310134,260,2014.0
CC(=O)Nc1cc(-c2c(-c3ccc(F)cc3)nc(SC=CC(=O)O)n2CC2CCCO2)ccn1,6.651695136951839,CHEMBL3394108,260,2015.0
CC(=O)Nc1cc(-c2c(-c3ccc(F)cc3)nc(SC=CC(=O)O)n2CC2CCCCC2)ccn1,7.4089353929735005,CHEMBL3394107,260,2015.0
CC(=O)Nc1cc(-c2c(-c3ccc(F)cc3)nc(SC=CC(=O)O)n2CC2CC2)ccn1,7.102407705158788,CHEMBL3394106_CHEMBL3394117,260,
CC(=O)Nc1cc(-c2c(-c3ccc(F)cc3)nc(SC=CC(=O)O)n2CC(O)CO)ccn1,6.140861702705469,CHEMBL3394109,260,2015.0
COc1cc2ncnc(Nc3cc(NC(=O)c4ccccc4)ccc3Cl)c2cc1OC,7.096910013008056,CHEMBL185327,260,2004.0
COc1cc2ncnc(Nc3cc(NC(=O)c4ccccc4)ccc3C)c2cc1OC,7.154901959985743,CHEMBL184555,260,2004.0
COc1cc2ncnc(Nc3cc(NC(=O)c4ccccc4)c(F)cc3F)c2cc1OC,7.301029995663981,CHEMBL186580,260,2004.0
COc1cc2ncnc(Nc3cc(NC(=O)c4ccccc4)c(Cl)cc3F)c2cc1OC,6.292429823902063,CHEMBL184685,260,2004.0
COc1cc2ncnc(Nc3cc(NC(=O)c4cccc(N5CCOCC5)c4)ccc3C)c2cc1OC,8.0,CHEMBL184052,260,2004.0
COc1cc2ncnc(Nc3cc(NC(=O)c4cccc(N(C)C)c4)ccc3Cl)c2cc1OC,7.397940008672037,CHEMBL187007,260,2004.0
COc1cc2ncnc(Nc3cc(NC(=O)c4cccc(N(C)C)c4)ccc3C)c2cc1OC,7.522878745280337,CHEMBL364576,260,2004.0
CC(=O)Nc1cc(-c2c(-c3ccc(F)cc3)nc(SCC(=O)N(C)C)n2C)ccn1,6.853871964321762,CHEMBL3394095,260,2015.0
CC(=O)Nc1cc(-c2c(-c3ccc(F)cc3)nc(SC=CC(=O)O)n2C2CCCCC2)ccn1,6.782516055786093,CHEMBL3394105,260,2015.0
CC(=O)Nc1cc(-c2c(-c3ccc(F)cc3)nc(SC=CC(=O)O)n2C2CCC2)ccn1,6.675717544702307,CHEMBL3394103,260,2015.0
CC(=O)Nc1cc(-c2c(-c3ccc(F)cc3)nc(SC=CC(=O)O)n2C2CC2)ccn1,6.910094888560602,CHEMBL3394102,260,2015.0
CCc1cccc(Nc2ncc3cc(-c4c(Cl)cccc4Cl)c(=O)n(C)c3n2)c1,6.123782159408358,CHEMBL565372,260,2009.0
CC(=O)Nc1cc(-c2c(-c3ccc(F)cc3)nc(SC=CC(=O)O)n2C)ccn1,6.718966632752272,CHEMBL3394100,260,2015.0
CC(=O)Nc1cc(-c2c(-c3ccc(F)cc3)nc(SC3CCC(C(=O)O)CC3O)n2CC2CCCO2)ccn1,6.213248577854438,CHEMBL3394113,260,2015.0
CC(=O)Nc1cc(-c2c(-c3ccc(F)cc3)nc(SC3CCC(C(=O)O)CC3O)n2C2CCCCC2)ccn1,6.380906669373257,CHEMBL3394110,260,2015.0
CC(=O)Nc1cc(-c2c(-c3ccc(F)cc3)nc(SC3CCC(C(=O)O)CC3O)n2C)ccn1,6.11690664142431,CHEMBL3394111,260,2015.0
CC(=O)Nc1cc(-c2[nH]c(SCc3ccccc3)nc2-c2ccc(F)cc2)ccn1,7.292429823902063,CHEMBL4591390,260,2019.0
CC(=O)Nc1cc(-c2[nH]c(C(N)=O)nc2-c2ccc(F)cc2)ccn1,6.931814138253838,CHEMBL4564217,260,2019.0
O=C(Nc1cc(-c2[nH]c(-c3ccccc3)nc2-c2ccc(F)cc2)ccn1)C1CC1,7.568636235841012,CHEMBL4568095,260,2019.0
O=C(Nc1cc(-c2[nH]c(-c3ccco3)nc2-c2ccc(F)cc2)ccn1)C1CC1,7.744727494896693,CHEMBL4476843,260,2019.0
CC(=O)Nc1cc(-c2c(-c3ccc(F)cc3)nc(SC=CC(=O)O)n2C2CCCC2)ccn1,6.785156151952302,CHEMBL3394104,260,2015.0
CC(=O)Nc1cc(-c2c(-c3ccc(F)cc3)nc(SCC(=O)O)n2C)ccn1,5.778325002929231,CHEMBL3394096,260,2015.0
CC(=O)Nc1cc(-c2c(-c3ccc(F)cc3)nc(SCCC(=O)N3CCOCC3)n2CCCO)ccn1,5.022230681908425,CHEMBL374485,260,2004.0
COc1cc2ncnc(Nc3ccc(C)c(NC(=O)c4ccccc4)c3)c2cc1OC,5.679853713888946,CHEMBL186747,260,2004.0
CC(=O)Nc1onc(-c2ccc(F)cc2)c1-c1ccncc1,5.882728704344236,CHEMBL3310133,260,2014.0
Cc1cc(-c2ncoc2-c2ccc3nnc(C(C)C)n3c2)ccc1F,8.18045606445813,CHEMBL215858,260,2006.0
Cc1cc(-c2noc(NC(=O)Cc3ccccc3C)c2-c2ccncn2)ccc1F,8.261219441515632,CHEMBL3310276,260,2014.0
CC(=O)Nc1nccc(-c2c(-c3ccccc3)noc2C)n1,5.689944262249108,CHEMBL2430324,260,2013.0
Cn1c(=O)c(Oc2ccc(F)cc2F)cc2cnc(NCCS(C)(=O)=O)nc21,6.651695136951839,CHEMBL1766578,260,2011.0
Cn1c(=O)c(Oc2ccc(F)cc2F)cc2cnc(NCC(C)(C)O)nc21,7.173925197299173,CHEMBL1766575,260,2011.0
Cn1c(=O)c(Oc2ccc(F)cc2F)cc2cnc(NC3CCS(=O)(=O)CC3)nc21,7.823908740944319,CHEMBL1766581,260,2011.0
CC(=O)Nc1cccc(Nc2ncc3cc(-c4c(Cl)cccc4Cl)c(=O)n(C)c3n2)c1,6.600326278518962,CHEMBL565801,260,2009.0
Cn1c(=O)c(Oc2ccc(F)cc2F)cc2cnc(NC3CCOCC3)nc21,8.0,CHEMBL1230122,260,2011.0
CC(=O)Nc1ccc(Nc2ncc3cc(-c4c(Cl)cccc4Cl)c(=O)n(C)c3n2)cc1,6.96657624451305,CHEMBL566850,260,2009.0
CC(=O)Nc1ccc(C)c(-c2ccc(C(=O)NCC3CC3)cc2)c1,5.3979400086720375,CHEMBL477997,260,2008.0
Cn1c(=O)c(Oc2ccc(F)cc2F)cc2cnc(NC3CCOC3)nc21,7.508638306165727,CHEMBL1766574,260,2011.0
CC(=O)Nc1ccc(-c2c(-c3ccc(F)cc3)nc([S+](C)[O-])n2C)cn1,6.301029995663981,CHEMBL4747276,260,2020.0
Cn1c(=O)c(Oc2ccc(F)cc2F)cc2cnc(NC3CCC(O)CC3)nc21,8.397940008672037,CHEMBL1766580,260,2011.0
CCCC(=O)Nc1ccc(C)c(-c2ccc(C(=O)NCC3CC3)cc2)c1,6.619788758288394,CHEMBL476533,260,2008.0
CCCC(=O)Nc1cc(-c2sc(CC)nc2-c2cccc(C)c2)ccn1,7.886056647693163,CHEMBL197772,260,2005.0
CC(=O)Nc1cc(-c2c(-c3ccc(F)cc3)nc([S+](C)[O-])n2C)ccn1,6.446393978881886,CHEMBL1773422_CHEMBL1773423,260,
CC(=O)Nc1cc(-c2c(-c3ccc(F)cc3)nc(Sc3cccc(I)n3)n2C2CCCCC2)ccn1,6.448550002027124,CHEMBL3394118,260,2015.0
CC(=O)Nc1cc(-c2c(-c3ccc(F)cc3)nc(SCc3ccc([S+](C)[O-])cc3)n2CCO)ccn1,5.650528200785614,CHEMBL373913,260,2004.0
CC(=O)Nc1cc(-c2c(-c3ccc(F)cc3)nc(SCc3ccc([S+](C)[O-])cc3)n2C)ccn1,5.232918378636677,CHEMBL387154,260,2004.0
CC(=O)Nc1cc(-c2c(-c3ccc(F)cc3)nc(SCCCC(=O)N3CCOCC3)n2CCO)ccn1,5.698752911363789,CHEMBL389266,260,2004.0
COc1cc2ncnc(Nc3ccc(Cl)c(NC(=O)c4ccccc4)c3)c2cc1OC,6.214670164989233,CHEMBL360209,260,2004.0
COc1cc2ncnc(Nc3ccc(Cl)c(NC(=O)c4cccc(N(C)C)c4)c3)c2cc1OC,5.772113295386326,CHEMBL184682,260,2004.0
CC(=O)Nc1cc(-c2c(-c3ccc(F)cc3)nc(SCCC(=O)O)n2C)ccn1,6.609064892896621,CHEMBL3394098,260,2015.0
CC(=O)Nc1cc(-c2c(-c3ccc(F)cc3)nc(SCCC(=O)N3CCOCC3)n2CCO)ccn1,5.599980364934842,CHEMBL225548,260,2004.0
N#Cc1ccccc1Oc1ccc(C(=O)NCc2ccncn2)cc1,5.552841968657781,CHEMBL3393063,260,2015.0
O=C(Nc1cc(-c2[nH]c(CCc3ccccc3)nc2-c2ccc(F)cc2)ccn1)C1CC1,7.698970004336019,CHEMBL4473730,260,2019.0
N#Cc1ccccc1Oc1ccc(C(=O)NCc2ccccc2)cc1,6.346787486224656,CHEMBL3393294,260,2015.0
O=C(Nc1cc(-c2[nH]c(CO)nc2-c2ccc(F)cc2)ccn1)C1CC1,7.795880017344075,CHEMBL4451444,260,2019.0
CCc1ccccc1Sc1ccc2c(-c3c(Cl)cccc3Cl)c(=O)ncn2n1,5.780807946482643,CHEMBL2024530,260,2011.0
Cc1cccc(-c2nc(-c3ccc(S(C)(=O)=O)cc3)sc2-c2ccnc(NC(=O)Cc3ccccc3)c2)c1,7.468521082957745,CHEMBL197799,260,2005.0
Cc1cccc(-c2nc(-c3ccc(S(C)(=O)=O)cc3)sc2-c2ccnc(NC(=O)c3ccccc3)c2)c1,7.431798275933005,CHEMBL371716,260,2005.0
Cc1cccc(-c2nc(-c3ccc(S(C)(=O)=O)cc3)sc2-c2ccnc(NCCc3ccccc3)c2)c1,8.040958607678906,CHEMBL382103,260,2005.0
Cc1cccc(-c2nc(-c3ccc(S(C)(=O)=O)cc3)sc2-c2ccnc(NCc3ccccc3)c2)c1,7.958607314841775,CHEMBL198323,260,2005.0
CCc1nc(-c2ccc(C)cc2)c(-c2ccnc(NC(=O)c3ccccc3)c2)s1,6.6777807052660805,CHEMBL196247,260,2005.0
CCc1nc(-c2ccc(F)cc2)c(-c2ccc3nc(N)n(S(=O)(=O)C(C)C)c3c2)[nH]1,8.327902142064282,CHEMBL191053,260,2005.0
CCc1nc(-c2ccc(F)cc2)c(-c2ccnc(NC(=O)C3CC3)c2)[nH]1,7.795880017344075,CHEMBL4536012,260,2019.0
CCc1nc(-c2ccc(F)cc2)c(-c2ccnc(NC(=O)c3ccccc3)c2)s1,7.508638306165727,CHEMBL425909,260,2005.0
CCc1nc(-c2ccc(OC)cc2)c(-c2ccnc(NC(=O)c3ccccc3)c2)s1,6.886056647693163,CHEMBL197753,260,2005.0
CCc1nc(-c2cccc(C(=O)O)c2)c(-c2ccnc(NC(=O)c3ccccc3)c2)s1,5.823908740944319,CHEMBL3218365,260,2013.0
CCc1nc(-c2cccc(C(F)(F)F)c2)c(-c2ccnc(NC(=O)c3ccccc3)c2)s1,7.040958607678906,CHEMBL197517,260,2005.0
CCc1nc(-c2cccc(C)c2)c(-c2ccnc(C)c2)s1,7.275724130399211,CHEMBL371209,260,2005.0
CCc1nc(-c2cccc(C)c2)c(-c2ccnc(Cl)c2)s1,6.619788758288394,CHEMBL197776,260,2005.0
CCc1nc(-c2cccc(C)c2)c(-c2ccnc(F)c2)s1,7.026872146400302,CHEMBL198922,260,2005.0
CCc1nc(-c2cccc(C)c2)c(-c2ccnc(N)c2)s1,7.698970004336019,CHEMBL197983,260,2005.0
CCc1nc(-c2cccc(C)c2)c(-c2ccnc(N3CCCC3)c2)s1,6.795880017344075,CHEMBL370405,260,2005.0
CCc1nc(-c2cccc(C)c2)c(-c2ccnc(NC(=O)C3CCCCC3)c2)s1,8.102372908709558,CHEMBL198383,260,2005.0
CCc1nc(-c2cccc(C)c2)c(-c2ccnc(NC(=O)CCc3ccccc3)c2)s1,8.09151498112135,CHEMBL194201,260,2005.0
CCc1nc(-c2cccc(C)c2)c(-c2ccnc(NC(=O)Cc3ccccc3)c2)s1,8.2518119729938,CHEMBL197581,260,2005.0
CCc1nc(-c2cccc(C)c2)c(-c2ccnc(NC(C)=O)c2)s1,7.585026652029182,CHEMBL371920,260,2005.0
CCc1nc(-c2cccc(C)c2)c(-c2ccnc(NC3CCCC3)c2)s1,8.522878745280337,CHEMBL197912,260,2005.0
CCc1nc(-c2cccc(C)c2)c(-c2ccnc(NCCCc3ccccc3)c2)s1,8.09151498112135,CHEMBL381864,260,2005.0
CCc1nc(-c2cccc(C)c2)c(-c2ccnc(NCCc3ccccc3)c2)s1,8.292429823902063,CHEMBL196575,260,2005.0
CCc1nc(-c2cccc(C)c2)c(-c2ccnc(NCc3ccccc3)c2)s1,8.173925197299173,CHEMBL196576,260,2005.0
Cc1cccc(-c2nc(-c3ccc(S(C)(=O)=O)cc3)sc2-c2ccnc(C)c2)c1,7.585026652029182,CHEMBL364441,260,2005.0
CC(=O)OCCOc1ccc2c(c1)C(=O)c1ccc(Nc3ccc(F)cc3F)cc1OC2,7.657577319177793,CHEMBL3086681,260,2013.0
Cc1cccc(-c2nc(-c3ccc(O)cc3)[nH]c2-c2ccncc2)c1,8.075720713938118,CHEMBL2385556,260,2013.0
Cn1c(=O)c(Cc2ccc(F)cc2F)cc2cnc(NC3CCOCC3)nc21,7.397940008672037,CHEMBL1766496,260,2011.0
O=C(Nc1cc(-c2[nH]c(Cc3ccccc3)nc2-c2ccc(F)cc2)ccn1)C1CC1,7.744727494896693,CHEMBL4476724,260,2019.0
O=C(Nc1cc(-c2[nH]c(SCc3ccccc3)nc2-c2ccc(F)cc2)ccn1)C1CC1,7.387216143280264,CHEMBL4546015,260,2019.0
O=C(Nc1cc(-c2[nH]c(SCc3ccccc3)nc2-c2ccc(F)cc2)ccn1)C1CCCC1,7.698970004336019,CHEMBL4437018,260,2019.0
O=C(Nc1cc(-c2[nH]cnc2-c2ccc(F)cc2)ccn1)C1CC1,7.721246399047171,CHEMBL4457096,260,2019.0
O=C(Nc1cc(-c2c(-c3ccc(F)cc3)nc3n2CCS3)ccn1)C1CC1c1ccccc1,7.698970004336019,CHEMBL3218963,260,2011.0
O=C(Nc1cc(-c2c(-c3ccc(F)cc3)nc3n2CCS3)ccn1)c1cc2ccccc2o1,6.939302159646388,CHEMBL3218964,260,2011.0
O=C(Nc1cc(-c2c(-c3ccc(F)cc3)nc3n2CCS3)ccn1)c1ccc(F)cc1,7.443697499232712,CHEMBL3218965,260,2011.0
O=C(Nc1cc(-c2c(-c3ccc(F)cc3)nc3n2CCS3)ccn1)c1ccccc1,7.080921907623926,CHEMBL3218958,260,2011.0
O=C(Nc1cc(-c2c(-c3ccc(F)cc3)nc3n2CCS3)ccn1)c1ccco1,6.853871964321762,CHEMBL3218961,260,2011.0
Cc1cc(C(=O)NCCN2CCOCC2)ccc1-c1c(N)c(C(=O)c2ccc(F)cc2F)cc[n+]1[O-],7.376750709602099,CHEMBL559462,260,2009.0
Cn1c(=O)c(Oc2ccc(F)cc2F)cc2cnc(NC(CO)CO)nc21,6.801342913045577,CHEMBL1766577,260,2011.0
O=C(Nc1cc(-c2ccnc(Nc3ccc(F)cc3)c2)ccn1)C1CCOC1,6.305770885887,CHEMBL203839,260,2006.0
O=C(Nc1cc(-c2ccnc(Nc3ccc(F)cc3)c2)ccn1)C1CCOCC1,6.701146923590294,CHEMBL205078,260,2006.0
O=C(Nc1cc(-c2ccnc(Nc3ccccc3)c2)ccn1)C1CCOC1,6.7447274948966935,CHEMBL203535,260,2006.0
O=C(Nc1cc(-c2ccnc(Nc3ccccc3)c2)ccn1)C1CCOCC1,6.600326278518962,CHEMBL203059,260,2006.0
O=C(Nc1cc(Nc2ccc3c(c2)CCCCC3=O)ccc1F)c1ccccc1,7.455931955649724,CHEMBL2177219,260,2012.0
O=C(Nc1cc(Nc2ccc3c(c2)CCc2ccc(OCC(O)CO)cc2C3=O)ccc1F)c1cccs1,7.765826334793921,CHEMBL2316493,260,2013.0
O=C(Nc1cc(Nc2ccc3c(c2)OCc2ccc(C(=O)N4CCOCC4)cc2C3=O)ccc1F)c1cccs1,7.482804102050026,CHEMBL4067880,260,2017.0
Cc1cccc(-c2[nH]c(CNc3cccc(C#N)c3)nc2-c2ccc3nccnc3c2)n1,5.987162775294828,CHEMBL387748,260,2007.0
Cn1c(=O)c(Oc2ccc(F)cc2F)cc2cnc(NC(CCO)CCO)nc21,7.853871964321762,CHEMBL1090089,260,2010.0
Cn1c(=O)c(Oc2ccc(F)cc2F)cc2cnc(NC(C)(C)CO)nc21,7.602059991327962,CHEMBL1766576,260,2011.0
Cn1c(=O)c(Oc2ccc(F)cc2)cc2cnc(NC3CCOCC3)nc21,7.853871964321762,CHEMBL1766491,260,2011.0
CCc1ccccc1Nc1ccc(=O)n(-c2ccccc2Cl)n1,6.251811972993799,CHEMBL373545,260,2006.0
Cc1nnc(-c2ccc(C)c(-c3ccc4c(c3)NC(=O)C43CCC(F)(F)CC3)c2)[nH]1,8.698970004336019,CHEMBL1911332,260,2011.0
Cn1c(=O)c(Cc2ccccc2F)cc2cnc(NC3CCOCC3)nc21,7.376750709602099,CHEMBL1766495,260,2011.0
Cc1cccc(-c2nc(-c3c(F)cccc3F)[nH]c2-c2ccncc2)c1,8.366531544420413,CHEMBL2385554,260,2013.0
COc1cc2ncnc(Nc3cccc(Cl)c3)c2cc1OC,6.251811972993799,CHEMBL7917,260,2004.0
CCCNc1nc(C)c(C(=O)Nc2cc(C(=O)NCC)ccc2C)s1,6.886056647693163,CHEMBL404446,260,2008.0
COc1cc2ncnc(Nc3cccc(NC(=O)c4cccc(N(C)C)c4)c3)c2cc1OC,6.6777807052660805,CHEMBL365830,260,2004.0
Cc1c(F)cc(C(=O)NC2CC2)cc1-c1cc2nnc(-c3c(F)cccc3Cl)n2n(C)c1=O,8.517469297059487,CHEMBL1945721,260,2012.0
Cc1c(F)cc(C(=O)NC2CC2)cc1-c1cc2nnc(-c3c(F)cccc3F)n2n(C)c1=O,8.087570639481994,CHEMBL1945720,260,2012.0
Cc1c(F)cc(C(=O)NC2CC2)cc1-c1ccc(C(=O)NC(C)C(C)(C)C)cn1,7.79997712354185,CHEMBL1784176_CHEMBL1784177,260,
Cc1c(F)cc(C(=O)NC2CC2)cc1-c1ccc(C(=O)NC(C)C(C)C)cn1,7.500002701889314,CHEMBL1784174_CHEMBL1784175,260,
CC(C)(C)N1CCC(c2cc3c(ccc(=O)n3-c3c(Cl)cccc3Cl)c(-c3ccc(F)cc3F)n2)CC1,9.292429823902063,CHEMBL199625,260,2006.0
Cc1c(F)cc(C(=O)NC2CC2)cc1-c1ccc(C(=O)NCC(C)(C)C)cn1,7.299990182467421,CHEMBL1088752,260,2009.0
CC(C)(C)N1CCC(c2cc3c(ccc(=O)n3-c3c(Cl)cccc3Cl)c(-c3ccc(F)cc3Cl)n2)CC1,9.42021640338319,CHEMBL199291,260,2006.0
COc1ccc(-c2nn(-c3cccc(NC(=O)c4cccc(C(F)(F)F)c4)c3)cc2-c2ccncc2)cc1Cl,7.657577319177793,CHEMBL4553144,260,2019.0
COc1ccc(-c2nn(-c3cccc(NC(=O)c4ccc(Cl)c(Cl)c4)c3)cc2-c2ccncc2)cc1Cl,5.889410289700751,CHEMBL4465956,260,2019.0
COc1ccc(-c2nn(-c3cccc(NC(=O)Nc4ccccc4)c3)cc2-c2ccncc2)cc1Cl,5.397397479579744,CHEMBL4443352,260,2019.0
COc1ccc(-c2nn(-c3cccc(NC(=O)Nc4ccc(Cl)c(Cl)c4)c3)cc2-c2ccncc2)cc1Cl,5.548213564475709,CHEMBL4541128,260,2019.0
CC(C)(C)N1CCC(c2cc(-c3ccccc3Cl)c3ccc(=O)n(-c4c(Cl)cccc4Cl)c3c2)CC1,10.0,CHEMBL199680,260,2006.0
Cc1c(F)cc(C(=O)NC2CC2)cc1-c1ccc(C(=O)NCC(C)(C)O)cc1,7.100015437450609,CHEMBL1784171,260,2009.0
CC(C)(C)N1CCC(c2cc(-c3ccc(F)cc3F)c3ccc(=O)n(-c4c(Cl)cccc4Cl)c3c2)CC1,9.853871964321762,CHEMBL199679,260,2006.0
Cc1c(F)cc(C(=O)NC2CC2)cc1-c1ccc(C(=O)NCC(C)C)cn1,7.049993536135643,CHEMBL1784173,260,2009.0
CC(C)(C)N1CCC(c2cc(-c3ccc(F)cc3Cl)c3ccc(=O)n(-c4c(F)cccc4F)c3c2)CC1,9.522878745280336,CHEMBL199484,260,2006.0
CC(C)(C)N1CCC(c2cc(-c3ccc(F)cc3Cl)c3ccc(=O)n(-c4c(Cl)cccc4Cl)c3c2)CC1,9.508638306165729,CHEMBL381632,260,2006.0
CC(C)(C)N1CCC(c2cc(-c3ccc(F)cc3Cl)c3cc[n+]([O-])c(-c4c(Cl)cccc4Cl)c3n2)CC1,9.275724130399212,CHEMBL1916520,260,2011.0
CC(C)(C)N1CCC(c2cc(-c3ccc(F)cc3Cl)c3c(c2)N(c2c(Cl)cccc2Cl)C(=O)NC3)CC1,9.69897000433602,CHEMBL316604,260,2003.0
CC(C)(C)N1CCC(Oc2cc(-c3ccccc3Cl)c3ccc(=O)n(-c4c(Cl)cccc4Cl)c3c2)CC1,8.795880017344075,CHEMBL199707,260,2006.0
CC(C)(C)N1CCC(Oc2cc(-c3ccc(F)cc3F)c3ccc(=O)n(-c4c(F)cccc4F)c3c2)CC1,7.978810700930062,CHEMBL200534,260,2006.0
CC(C)(C)N1CCC(Oc2cc(-c3ccc(F)cc3F)c3ccc(=O)n(-c4c(Cl)cccc4Cl)c3c2)CC1,8.7281583934635,CHEMBL199435,260,2006.0
CC(C)(C)N1CCC(Oc2cc(-c3ccc(F)cc3Cl)c3ccc(=O)n(-c4c(Cl)cccc4Cl)c3c2)CC1,8.148741651280925,CHEMBL381201,260,2006.0
CC(C)(C)N1CC=C(c2cc(-c3ccc(F)cc3Cl)c3ccc(=O)n(-c4c(Cl)cccc4Cl)c3c2)CC1,8.939302159646388,CHEMBL199593,260,2006.0
CC(C)(C)Cn1cnc2ccc(-c3[nH]c(C(C)(C)C)nc3-c3ccc(F)cc3F)nc21,8.638272163982407,CHEMBL270657,260,2008.0
Cc1c(Cl)cc(C(=O)NC2CC2)cc1-c1ccc(C(=O)NCC2CC2)cc1,6.349998275896024,CHEMBL1784165,260,2009.0
CC(C)(C)Cn1cnc2ccc(-c3[nH]c(C(C)(C)C)nc3-c3ccc(F)cc3)nc21,8.154901959985743,CHEMBL411291,260,2008.0
COc1ccc(-n2ncc(C(=O)c3ccccc3)c2N)cc1,5.151195298948196,CHEMBL203864,260,2006.0
O=C(NCC1CC1)c1ccc(-c2cccc(NC(=O)c3ccoc3)c2)cc1,5.229147988357855,CHEMBL516287,260,2008.0
CCOc1ccc(-c2cc(-c3cnc(NC(C)C)s3)nc(-c3cnccn3)n2)c(Cl)c1,5.699187205881883,CHEMBL2070491,260,2012.0
COc1ccc(C(C)=NOC(N)=O)cc1OC1CCCC1,6.017728766960431,CHEMBL590754,260,2010.0
CCOc1ccc(C(=O)Nc2cc(NC(=O)c3cccc(N(C)C)c3)ccc2C)cc1,7.221848749616356,CHEMBL185448,260,2004.0
CCOc1ccc(C(=O)Nc2cc(NC(=O)c3cccc(N(C)C)c3)ccc2C)cc1OCC,7.301029995663981,CHEMBL187378,260,2004.0
CCOc1ccccc1-c1nnc2ccc(-c3ocnc3-c3ccc(F)cc3)cn12,9.397940008672036,CHEMBL209644,260,2006.0
Cn1c(C#CCO)nc(-c2ccc(F)cc2)c1-c1ccncc1,6.337242168318426,CHEMBL3120974,260,2014.0
O=C(NC1CCNCC1)c1cccc(-c2n[nH]c3cc(Nc4ccccc4Cl)ccc23)c1,8.356547323513812,CHEMBL194806,260,2005.0
O=C(NC1CCOCC1)c1ccc(-c2cc(-c3c[nH]nc3-c3ccccn3)ccn2)cc1,5.137868620686962,CHEMBL202887,260,2006.0
O=C(NCC(O)CO)c1ccc2c(c1)C(=O)c1ccc(Nc3cc(NC(=O)C4CC4)c(F)cc3F)cc1CC2,8.3767507096021,CHEMBL4061811,260,2017.0
O=C(NCC(O)CO)c1ccc2c(c1)C(=O)c1ccc(Nc3ccc(F)c(NC(=O)C4CC4)c3)cc1CC2,8.173925197299173,CHEMBL4066327,260,2017.0
COc1ccc(C(=O)Nc2cc(NC(=O)c3cccc(N(C)C)c3)ccc2F)cc1OC,5.721246399047171,CHEMBL188122,260,2004.0
COc1ccc(C(=O)Nc2cc(NC(=O)c3cccc(N(C)C)c3)ccc2Cl)cc1OC,6.657577319177793,CHEMBL183100,260,2004.0
COc1ccc(C(=O)Nc2cc(NC(=O)c3cccc(N(C)C)c3)ccc2C)cc1OC,6.7447274948966935,CHEMBL413558,260,2004.0
COc1ccc(C(=O)Nc2cc(NC(=O)c3cccc(N(C)C)c3)ccc2C)cc1,6.7447274948966935,CHEMBL184011,260,2004.0
COc1ccc(C(=O)Nc2cc(NC(=O)c3cccc(N(C)C)c3)ccc2C)c(OC)c1,7.0,CHEMBL187327,260,2004.0
COc1ccc(C(=O)Nc2cc(NC(=O)c3cccc(N(C)C)c3)ccc2Br)cc1OC,6.468521082957745,CHEMBL184347,260,2004.0
Cn1ccc2cc(C(=O)N3CCn4c(cnc4-c4ccc(F)cc4F)C3)c(Cl)cc21,7.301029995663981,CHEMBL243097,260,2007.0
Cn1c(=O)cc(Oc2cc(C(=O)NC3CC3)ccc2Cl)c2cnn(-c3cc(F)ccc3F)c21,8.481486060122112,CHEMBL558711,260,2009.0
CC(C)(C)N1CCC(c2cc3c(ccc(=O)n3-c3c(Cl)cccc3Cl)c(-c3ccccc3Cl)n2)CC1,8.853871964321762,CHEMBL424666,260,2006.0
CCOc1nnc2ccc(-c3ocnc3-c3ccc(F)cc3)cn12,7.255707016877324,CHEMBL384990,260,2006.0
COc1ccc(C(=O)NC2CC2)cc1-c1ccc(C(=O)NCC2CC2)cc1,5.481486060122112,CHEMBL479244,260,2008.0
O=C(NCC1CC1)c1ccc(-c2cc(C(=O)NC3CC3)ccc2Cl)cc1,6.795880017344075,CHEMBL479039,260,2008.0
O=C(NCC1CC1)c1ccc(-c2cc(C(=O)NC3CC3)ccc2F)cc1,5.537602002101044,CHEMBL479245,260,2008.0
Cc1ccc(F)c(-c2ncoc2-c2ccc3nnc(C(C)C)n3c2)c1,8.366531544420413,CHEMBL213258,260,2006.0
O=C(NCC1CC1)c1ccc(-c2cc(NC(=O)c3ccoc3)ccc2Cl)cc1,7.200659450546418,CHEMBL478626,260,2008.0
COc1ccc(C(=O)C(=O)N(C)C)cc1C(=O)N1CCC(Cc2ccc(F)cc2)CC1,6.0245681914907365,CHEMBL592777,260,2010.0
CCc1nc(-c2cccc(C)c2)c(-c2ccncc2)s1,7.823908740944319,CHEMBL198334,260,2005.0
Cc1c(F)cc(C(=O)NC2CC2)cc1-c1ccc(C(=O)NCC2CC2)cc1,6.799998827036022,CHEMBL1784164,260,2009.0
Cc1c(F)cc(C(=O)NC2CC2)cc1-c1ccc(C(=O)NCC2CCCO2)cc1,6.499996931948306,CHEMBL1784168,260,2009.0
O=C(NCc1ccc2c(c1)CCC2)c1ccc(Oc2ccccc2)cc1,5.920818753952375,CHEMBL197228,260,2005.0
O=C(NCc1cccc(C(F)(F)F)c1)c1ccc(Oc2ccccc2)cc1,6.346787486224656,CHEMBL198563,260,2005.0
O=C(NCc1cccc(OC(F)(F)F)c1)c1ccc(Oc2ccccc2)cc1,6.221848749616356,CHEMBL198832,260,2005.0
Cc1ccc2c(NC3CC3)noc2c1-c1ccc2c(c1)NC(=O)C2(C)C,9.397940008672036,CHEMBL1911337,260,2011.0
Cc1ccc2c(NC3CC3)noc2c1-c1ccc2c(c1)NC(=O)C21CCC(F)(F)CC1,10.221848749616356,CHEMBL1911339,260,2011.0
Cc1ccc2c(NC3CC3)noc2c1-c1ccc2c(c1)NC(=O)C21CCCC1,9.045757490560677,CHEMBL1911334,260,2011.0
Cc1ccc2c(NC3CC3)noc2c1-c1ccc2c(c1)NC(=O)C21CCOCC1,9.795880017344077,CHEMBL1911338,260,2011.0
O=C(NCc1ccccn1)c1ccc(Oc2ccccc2)cc1,5.823908740944319,CHEMBL199237,260,2005.0
COc1cc2occ(C(=O)C(=O)N(C)C)c2cc1C(=O)N1CCC(Cc2ccc(F)cc2)CC1,6.221848749616356,CHEMBL597428,260,2010.0
CCc1cccc(C(=O)N(CC)c2ccnc(NC(C)c3ccccc3)n2)c1,7.187086643357144,CHEMBL1092693,260,2010.0
O=C(NCc1ccncc1)c1ccc(Oc2ccc(Cl)cc2)cc1,5.309894379144197,CHEMBL3393290,260,2015.0
O=C(NCc1ccncc1)c1ccc(Oc2ccc(F)cc2)cc1,5.658026434624244,CHEMBL3393291,260,2015.0
O=C(NCc1ccncc1)c1ccc(Oc2ccccc2)cc1,5.518106086327222,CHEMBL1607077,260,2015.0
O=C(NCc1ccncc1)c1ccc(Oc2ccccc2Cl)cc1,5.769551078621726,CHEMBL3393293,260,2015.0
Cn1c(=O)cc(Nc2cc(C(=O)NC3CC3)ccc2Cl)c2cnn(-c3cc(F)ccc3F)c21,8.958607314841775,CHEMBL560390,260,2009.0
Cn1c(=O)cc(Nc2cc(C(=O)NC3CC3)ccc2Cl)c2cnn(-c3c(F)cccc3F)c21,8.958607314841775,CHEMBL564054,260,2009.0
Cn1c(=O)c(Sc2ccccc2F)cc2cnc(NC3CCOCC3)nc21,6.954677021213342,CHEMBL1766494,260,2011.0
Cn1c(=O)c(Oc2ccccc2F)cc2cnc(NC3CCOCC3)nc21,7.823908740944319,CHEMBL1766493,260,2011.0
CC(C(=O)O)n1cc(-c2nc(-c3ccc(F)cc3)c(-c3ccncc3)n2C)nn1,5.84163750790475,CHEMBL3120966,260,2014.0
CC(C(=O)O)N1CCC(c2cc(-c3ccc(F)cc3Cl)c3ccc(=O)n(-c4c(Cl)cccc4Cl)c3c2)CC1,8.690453334686628,CHEMBL199565_CHEMBL200018,260,
Cn1c(=O)c(Oc2ccccc2)cc2cnc(NC3CCOCC3)nc21,6.97469413473523,CHEMBL1232773,260,2011.0
Cn1c(=O)c(Oc2cccc(F)c2)cc2cnc(NC3CCOCC3)nc21,6.226213555018807,CHEMBL1766492,260,2011.0
CC1CN(c2nc(-c3ccc(Cl)cc3Cl)c3c(n2)N(c2c(Cl)cccc2Cl)C(=O)NC3)CC(C)O1,8.698970004336019,CHEMBL211303,260,2006.0
COc1cc2ncnc(Nc3cccc(NC(=O)c4ccccc4)c3F)c2cc1OC,6.161150909262744,CHEMBL182397,260,2004.0
COc1cc2ncnc(Nc3cccc(NC(=O)c4ccccc4)c3)c2cc1OC,6.853871964321762,CHEMBL186802,260,2004.0
O=C(NCc1ccc(C(F)(F)F)cc1)c1ccc(Oc2ccccc2)cc1,5.853871964321762,CHEMBL199074,260,2005.0
Cc1c(F)cc(C(=O)NC2CC2)cc1-c1ccc(C(=O)NCC2CC2)cn1,7.000012101952962,CHEMBL1784172,260,2009.0
Cc1ccc2c(N)noc2c1-c1ccc2c(c1)NC(=O)C21CCOCC1,8.301029995663981,CHEMBL1911341,260,2011.0
Cc1cc(-c2[nH]c(C(F)(F)F)nc2C(=O)Nc2ccc(C)c(Nc3ccc4ncn(C)c(=O)c4c3)c2)ccc1F,7.221125527997261,CHEMBL589603,260,2010.0
Cc1c(F)cc(C(=O)NC2CC2)cc1-c1ccc2c(c1)NC(=O)C21CCCC1,8.920818753952375,CHEMBL1800916,260,2011.0
CC(C)(C)Cn1cnc2ccc(-c3[nH]c(-c4c(F)cccc4F)nc3-c3ccc(F)cc3)nc21,8.142667503568731,CHEMBL404118,260,2008.0
CC(C)(C)Cn1cnc2ccc(-c3[nH]c(-c4c(F)cccc4Cl)nc3-c3ccccc3)nc21,8.494850021680094,CHEMBL409698,260,2008.0
CC(C)(C)Cn1cnc2ccc(-c3[nH]c(-c4c(Cl)cccc4Cl)nc3-c3ccc(F)cc3)nc21,8.443697499232712,CHEMBL274201,260,2008.0
CC(C)(C)Cn1c(N)nc2ccc(-c3[nH]c(-c4c(F)cccc4F)nc3-c3ccccc3)nc21,8.193820026016112,CHEMBL403294,260,2008.0
Cc1c(F)cc(C(=O)NC2CC2)cc1Nc1nnc(C)c2c1cnn2-c1ccc(F)cc1F,8.0,CHEMBL1082205,260,2010.0
CC(O)CNc1cc(-c2[nH]c3cccnc3c2-c2ccc(F)cc2)ccn1,8.88941028970075,CHEMBL142425,260,2003.0
O=C(NCCCN(c1ccc(=O)n(-c2ccccc2Cl)n1)c1ccccc1Cl)C1CCC(C(F)(F)F)CC1,7.698970004336019,CHEMBL221700,260,2006.0
O=C(NCCCN(c1ccc(=O)n(-c2ccccc2Cl)n1)c1ccccc1Cl)C1CCNCC1,8.096910013008056,CHEMBL221648,260,2006.0
O=C(NCCCN1CCOCC1)c1cccc(-c2[nH]nc3cc(Nc4ccccc4Cl)ccc23)c1,8.431798275933005,CHEMBL198687,260,2005.0
CC(O)CNc1nccc(-n2ccnc2Cc2cccc(NC(=O)Nc3ccc(Cl)c(C(F)(F)F)c3)c2)n1,6.243363891754152,CHEMBL3309549,260,2014.0
Cn1c(=O)cc(Nc2cc(C(=O)NC3CC3)ccc2F)c2cnn(-c3ccc(F)cc3F)c21,7.886056647693163,CHEMBL559935,260,2009.0
O=C(NCCN1CCOCC1)c1ccc2c(c1)C(=O)c1ccc(Nc3ccc(F)cc3F)cc1CC2,8.030240373690692,CHEMBL2316477,260,2013.0
Cn1c(=O)cc(Nc2cc(C(=O)NC3CC3)ccc2F)c2cnn(-c3c(F)cccc3F)c21,8.721246399047171,CHEMBL559242,260,2009.0
O=C(NCCO)c1ccc2c(c1)C(=O)c1ccc(Nc3cc(NC(=O)C4CC4)c(F)cc3F)cc1CC2,7.933966259347996,CHEMBL4061369,260,2017.0
O=C(NCCO)c1ccc2c(c1)C(=O)c1ccc(Nc3ccc(F)c(NC(=O)c4cccs4)c3)cc1OC2,8.795880017344075,CHEMBL4073776,260,2017.0
O=C(NCCO)c1ccc2c(c1)C(=O)c1ccc(Nc3ccc(F)cc3F)cc1CC2,7.934833115752497,CHEMBL2316478,260,2013.0
CC(C)(C)CNc1nc(-c2ccccc2Cl)c2c(n1)N(c1c(Cl)cccc1Cl)C(=O)NC2,9.096910013008056,CHEMBL214138,260,2006.0
Cn1c(=O)cc(Nc2cc(C(=O)NC3CC3)ccc2Cl)c2cnn(-c3ccc(F)cc3F)c21,9.0,CHEMBL558448,260,2009.0
Cn1c(=O)cc(Nc2cc(C(=O)NC3CC3)ccc2Cl)c2cnn(-c3ccc(F)cc3)c21,8.823908740944319,CHEMBL561932,260,2009.0
CC(O)c1nc(-c2cccc(CO)c2)c(-c2ccnc(NC(=O)c3ccccc3)c2)s1,6.337242168318426,CHEMBL3218362,260,2013.0
CC(C)(C(=O)O)N1CCC(c2cc(-c3ccc(F)cc3Cl)c3ccc(=O)n(-c4c(Cl)cccc4Cl)c3c2)CC1,9.075720713938118,CHEMBL200047,260,2006.0
Cc1ccc2c(N)noc2c1-c1ccc2c(c1)NC(=O)C2(C)C,7.42021640338319,CHEMBL1911340,260,2011.0
N#Cc1cnc2c(Br)cc(NCc3c[nH]nn3)cc2c1Nc1ccc(F)c(Cl)c1,5.443697499232712,CHEMBL230232,260,2007.0
Cc1ccc2c(N)noc2c1-c1ccc2c(c1)NC(=O)C21CCC(F)(F)CC1,8.920818753952375,CHEMBL1911342,260,2011.0
Cc1ccc(CNC(=O)c2ccc(Oc3ccccc3)cc2)cc1,5.795880017344075,CHEMBL199174,260,2005.0
Cc1cccc(-c2nc(-c3ccc(S(C)(=O)=O)cc3)sc2-c2ccncc2)c1,7.853871964321762,CHEMBL195942,260,2005.0
CCCNC(=O)c1cn2ncnc(Nc3cc(C(=O)Nc4ccon4)ccc3C)c2c1C,8.4089353929735,CHEMBL1230070,260,2010.0
Cn1c(-c2cn(-c3ccccc3C(=O)O)nn2)nc(-c2ccc(F)cc2)c1-c1ccncc1,5.815308569182401,CHEMBL3120998,260,2014.0
CONC(=O)c1ccc(C)c(Nc2ncnn3cc(C(=O)NC(C)c4ccccc4)c(C)c23)c1,8.657577319177793,CHEMBL252535,260,2008.0
Cn1c(=O)c(-c2c(Cl)cccc2Cl)cc2cnc(Nc3ccc(I)cc3)nc21,6.649751981665837,CHEMBL570175,260,2009.0
Cn1c(=O)c(-c2c(Cl)cccc2Cl)cc2cnc(Nc3ccc(F)cc3)nc21,7.301029995663981,CHEMBL574059,260,2009.0
Cn1c(=O)c(-c2c(Cl)cccc2Cl)cc2cnc(Nc3ccc(CCO)cc3)nc21,6.958607314841775,CHEMBL576218,260,2009.0
Cn1c(-c2cnnn2CC(=O)O)nc(-c2ccc(F)cc2)c1-c1ccncc1,5.376750709602099,CHEMBL3120992,260,2014.0
Cc1cccc(C)c1-c1c(N)c(C(=O)c2ccc(F)cc2F)cc[n+]1[O-],7.769551078621726,CHEMBL554485,260,2009.0
CN(C)CCOc1nc(-c2ccccc2Cl)c2c(n1)N(c1c(Cl)cccc1Cl)C(=O)NC2,8.3767507096021,CHEMBL211426,260,2006.0
CONC(=O)c1ccc(C)c(Nc2ncnc3c2cnn3-c2ccccc2)c1,8.397940008672037,CHEMBL259007,260,2008.0
Cc1cccc(C)c1-c1c2nccc(-c3ccc(F)cc3F)c2cc[n+]1[O-],6.8297382846050425,CHEMBL1916347,260,2011.0
Cn1c(-c2cn(CCP(=O)(O)O)nn2)nc(-c2ccc(F)cc2)c1-c1ccncc1,6.459056430288225,CHEMBL3120985,260,2014.0
CN(C)CCNC(=O)c1cccc(-c2[nH]nc3cc(Nc4ccccc4Cl)ccc23)c1,7.795880017344075,CHEMBL198821,260,2005.0
Cn1c(-c2cn(CCOP(=O)(O)O)nn2)nc(-c2ccc(F)cc2)c1-c1ccncc1,6.6020599913279625,CHEMBL3120984,260,2014.0
CN(C)CCNC(=O)c1ccc2c(c1)C(=O)c1ccc(Nc3ccc(F)cc3F)cc1CC2,8.133803120088515,CHEMBL2316481,260,2013.0
Cc1cc(C(=O)O)ccc1-c1c(N)c(C(=O)c2ccc(F)cc2F)cc[n+]1[O-],6.308918507877031,CHEMBL563235,260,2009.0
CN(C)CCNC(=O)c1ccc(-c2n[nH]c3cc(Nc4ccccc4Cl)ccc23)cc1,8.060480747381382,CHEMBL399167,260,2005.0
COc1cc2[nH]ccc2cc1C(=O)N1CCN(Cc2ccccc2)CC1,6.022276394711152,CHEMBL106328,260,2003.0
CN(C)CCNc1nc(-c2ccc(Cl)cc2Cl)c2c(n1)N(c1c(Cl)cccc1Cl)C(=O)NC2,8.2518119729938,CHEMBL213190,260,2006.0
COc1cc2[nH]cc(C(=O)C(=O)N(C)C)c2cc1C(=O)N1CCC(Cc2ccc(F)cc2)CC1,8.0,CHEMBL605978,260,2010.0
CONC(=O)c1ccc(C)c(Nc2cc(=O)n(C)c3c2cnn3-c2ccc(F)cc2F)c1,8.958607314841775,CHEMBL563097,260,2009.0
COc1cc2c(cc1C(=O)N1CCn3c(cnc3-c3ccc(F)cc3F)C1)c(C(=O)C(=O)N(C)C)cn2C,7.886056647693163,CHEMBL396768,260,2007.0
Cc1nnc(-c2ccc(C)c(-c3ccc4c(c3)NC(=O)C43CCN(S(C)(=O)=O)CC3)c2)[nH]1,8.327902142064282,CHEMBL1911333,260,2011.0
N#Cc1c(-c2ccc(Cl)c(Cl)c2)cc(-c2ccc(Br)cc2)[nH]c1=N,6.920818753952375,CHEMBL3219383,260,2012.0
Cc1nnc(-c2ccc(C)c(-c3ccc4c(c3)NC(=O)C43CCOCC3)c2)[nH]1,8.119186407719209,CHEMBL1911194,260,2011.0
Cc1ccc(C(=O)Nc2nccs2)cc1-n1cnc2ccc(N3CCN(C)CC3)cc2c1=O,6.66531746972641,CHEMBL2031241,260,2012.0
CCn1ccc(NC(=O)c2ccc(C)c(Nc3ncnc4c3cnn4-c3ccccc3)c2)n1,8.096910013008056,CHEMBL258974,260,2008.0
CCn1nccc1NC(=O)c1ccc(C)c(NC(=O)c2cnn(-c3ccc(F)cc3)c2N)c1,8.698970004336019,CHEMBL1289077,260,2010.0
Cc1ccc(C(=O)Nc2nncs2)cc1-c1ccc(C(=O)NCC2CC2)cc1,6.823908740944319,CHEMBL478650,260,2008.0
Cn1c(=O)c(-c2c(Cl)cccc2Cl)cc2cnc(Nc3ccc(NC(=O)CCN)cc3)nc21,7.468521082957745,CHEMBL566635,260,2009.0
CCn1nccc1NC(=O)c1ccc(C)c(NC(=O)c2cnn(-c3ccccc3)c2N)c1,8.301029995663981,CHEMBL1290514,260,2010.0
Cc1nnc(Nc2cc(C(=O)NC3CC3)ccc2Cl)c2cnn(-c3c(F)cccc3F)c12,8.769551078621726,CHEMBL1081208,260,2010.0
Cn1c(=O)c(-c2c(Cl)cccc2Cl)cc2cnc(Nc3ccc(NC(=O)CCl)cc3)nc21,6.8696662315049934,CHEMBL565587,260,2009.0
Cn1c(=O)c(-c2c(Cl)cccc2Cl)cc2cnc(Nc3ccc(NC(=O)CCNC(=O)OC(C)(C)C)cc3)nc21,6.52432881167557,CHEMBL565609,260,2009.0
Cc1nnc(Nc2cc(C(=O)NC3CC3)ccc2Cl)c2cnn(-c3ccc(F)cc3)c12,8.638272163982407,CHEMBL1076560,260,2010.0
Cc1nnc(Nc2cc(C(=O)NC3CC3)ccc2Cl)c2cnn(-c3ccc(F)cc3F)c12,8.795880017344075,CHEMBL1082206,260,2010.0
Cc1noc(-c2ccc(C)c(-c3ccc4c(c3)NC(=O)C43CCCC3)c2)n1,6.130181792020672,CHEMBL1911192,260,2011.0
Cc1ccc(C(=O)Nc2nncs2)cc1-n1cnc2ccc(N3CCN(C)CC3)cc2c1=O,5.952988854456336,CHEMBL2031460,260,2012.0
CCn1nccc1NC(=O)c1ccc(C)c(NC(=O)c2cnn(-c3ccccc3F)c2N)c1,8.522878745280337,CHEMBL1290627,260,2010.0
Cc1cc(Cl)ccc1-c1c(N)c(C(=O)c2ccc(F)cc2F)cc[n+]1[O-],7.42021640338319,CHEMBL549630,260,2009.0
CC1CN(C(=O)c2ccc3[nH]ccc3c2)C(C)CN1Cc1ccccc1,5.886056647693163,CHEMBL106118,260,2003.0
CC1CN(C(=O)c2cc3c(C(=O)C(=O)N(C)C)cn(C)c3cc2Cl)C(C)CN1Cc1ccc(F)cc1,8.022878745280337,CHEMBL514201,260,2010.0
CN(C)C(=O)C(=O)c1c[nH]c2cc(Cl)c(C(=O)N3CCC(Cc4ccc(F)cc4)CC3)cc12,7.744727494896693,CHEMBL599799,260,2010.0
COc1cc(-c2ccc(F)cc2F)c2c(c1)N(c1c(Cl)cccc1Cl)C(=O)NC2,7.95900230757651,CHEMBL96091,260,2003.0
CN(C)C(=O)C(=O)c1c[nH]c2cc(Cl)c(C(=O)N3CCn4c(cnc4-c4ccc(F)cc4F)C3)cc12,7.958607314841775,CHEMBL428041,260,2007.0
CN(C)C(=O)C(=O)c1c[nH]c2ccc(C(=O)N3CCc4c(cnn4-c4ccccc4Cl)C3)cc12,7.431798275933005,CHEMBL243979,260,2007.0
CN(C)C(=O)C(=O)c1cn(C)c2cc(Cl)c(C(=O)N3CCc4c(cnn4-c4ccccc4Cl)C3)cc12,7.481486060122112,CHEMBL428042,260,2007.0
COc1cc(-c2ccccc2Cl)c2c(c1)N(c1c(Cl)cccc1Cl)C(=O)NC2,8.610996769288246,CHEMBL96632,260,2003.0
CN(C)C(=O)C(=O)c1cn(C)c2cc(Cl)c(C(=O)N3CCc4c(ncnc4-c4ccc(F)cc4F)C3)cc12,6.709965388637482,CHEMBL243980,260,2007.0
Cc1cccc(Cl)c1NC(=O)c1cnc(Nc2ccccc2)s1,7.207608310501746,CHEMBL186177,260,2008.0
COc1cc(F)c(-c2c(N)c(C(=O)c3ccc(F)cc3F)cc[n+]2[O-])c(F)c1,8.301029995663981,CHEMBL551189,260,2009.0
COc1cc(C(=O)Nc2cc(NC(=O)c3cccc(N(C)C)c3)ccc2C)cc(OC)c1OC,6.638272163982407,CHEMBL186542,260,2004.0
Cc1cc(Cl)ccc1-n1nc(Sc2ccc(F)cc2F)ccc1=O,6.508638306165727,CHEMBL221071,260,2006.0
CN(C)C(=O)C(=O)c1cn(C)c2cc(Cl)c(C(=O)N3CCn4c(cnc4-c4ccc(F)cc4F)C3)cc12,7.853871964321762,CHEMBL243963,260,2007.0
CN(C)C(=O)C(=O)c1nn(C)c2cc(Cl)c(C(=O)N3CCC(Cc4ccc(F)cc4)CC3)cc12,7.0,CHEMBL601063,260,2010.0
Cc1cc(F)ccc1Nc1ccc2c(c1)OCc1cc(OCCN3CCOCC3)ccc1C2=O,6.795880017344075,CHEMBL3087478,260,2013.0
Cc1cc(Cl)ccc1Sc1ccc2c(-c3c(Cl)cccc3Cl)c(=O)ncn2n1,6.770303756120384,CHEMBL115491,260,2011.0
N#CCn1c(=O)c(Oc2ccc(F)cc2F)cc2cnc(NC3CCOCC3)nc21,8.698970004336019,CHEMBL1766506,260,2011.0
Cc1cc(Cl)ccc1-n1nc(Sc2ccc(Cl)cc2)ccc1=O,5.698970004336019,CHEMBL221072,260,2006.0
COc1cc(-c2ccc(F)cc2Cl)c2c(c1)N(c1c(Cl)cccc1Cl)C(=O)NC2,8.523023534240473,CHEMBL94770,260,2003.0
Cc1oc(C(C)(C)C)cc1C(=O)C(=O)Nc1ccc(-c2ccc(CN3CCOCC3)nc2)c2ccccc12,7.464058996346937,CHEMBL484550,260,2008.0
CN(C)CCN1CCN(c2nc(-c3ccc(Cl)cc3Cl)c3c(n2)N(c2c(Cl)cccc2Cl)C(=O)NC3)CC1,9.0,CHEMBL213142,260,2006.0
Cn1c(-c2cn(CCOCCOCCOCCN)nn2)nc(-c2ccc(F)cc2)c1-c1ccncc1,5.285670240254767,CHEMBL3121006,260,2014.0
Cn1c(-c2cn(CCO)nn2)nc(-c2ccc(F)cc2)c1-c1ccncc1,6.203634116803019,CHEMBL3120963,260,2014.0
Cn1c(-c2cn(CC3OC(O)C(O)C(O)C3O)nn2)nc(-c2ccc(F)cc2)c1-c1ccncc1,6.3979400086720375,CHEMBL3120975,260,2014.0
Cn1c(-c2cn(CC(=O)O)nn2)nc(-c2ccc(F)cc2)c1-c1ccncc1,6.248649912344718,CHEMBL3120979_CHEMBL3120980,260,
Cn1c(-c2cn(CC(=O)NCCO)nn2)nc(-c2ccc(F)cc2)c1-c1ccncc1,6.050609993355087,CHEMBL3120988,260,2014.0
Cn1c(-c2cn(CC(=O)N3CCN(CCO)CC3)nn2)nc(-c2ccc(F)cc2)c1-c1ccncc1,5.42021640338319,CHEMBL3120990,260,2014.0
Cn1c(-c2cn(C3OC(C(=O)O)C(O)C(O)C3O)nn2)nc(-c2ccc(F)cc2)c1-c1ccncc1,6.229147988357855,CHEMBL3120977,260,2014.0
Cn1c(-c2cn(C3CCNCC3F)nn2)nc(-c2ccc(F)cc2)c1-c1ccncc1,7.017728766960431,CHEMBL3120986,260,2014.0
Cn1c(-c2cn(C3C(O)OC(CO)C(O)C3O)nn2)nc(-c2ccc(F)cc2)c1-c1ccncc1,6.070070739759503,CHEMBL3121004_CHEMBL3314270,260,
Cn1c(-c2cn(C(CC(=O)O)C(=O)O)nn2)nc(-c2ccc(F)cc2)c1-c1ccncc1,5.638272163982407,CHEMBL3120982,260,2014.0
Cn1c(-c2cn(C(C)(C)C(=O)O)nn2)nc(-c2ccc(F)cc2)c1-c1ccncc1,5.826813731587726,CHEMBL3120968,260,2014.0
Cn1c(-c2cn(-c3ccccc3O)nn2)nc(-c2ccc(F)cc2)c1-c1ccncc1,5.798602875679549,CHEMBL3121000,260,2014.0
Cc1cccc(Cl)c1NC(=O)c1cnc(NC(C)C)s1,7.886056647693163,CHEMBL403141,260,2008.0
Cc1cccc(Cl)c1NC(=O)c1cnc(NC2CC2)s1,7.4089353929735005,CHEMBL258403,260,2008.0
Cc1cccc(Cl)c1NC(=O)c1cnc(NC2CCC2)s1,7.443697499232712,CHEMBL255428,260,2008.0
Cc1cccc(F)c1-c1nnc2cc(-c3cc(C(=O)NC4CC4)cc(F)c3C)c(=O)n(C)n12,8.069221450705024,CHEMBL1944649,260,2012.0
CN(C)CCN1CCN(c2nc(-c3ccccc3Cl)c3c(n2)N(c2c(Cl)cccc2Cl)C(=O)NC3)CC1,9.30102999566398,CHEMBL211795,260,2006.0
Cc1nnc(-c2ccc(C)c(-c3ccc4c(c3)NC(=O)C43CCCC3)c2)o1,7.494850021680094,CHEMBL1911190,260,2011.0
Cn1c(-c2cn(-c3cccc(C(=O)O)c3)nn2)nc(-c2ccc(F)cc2)c1-c1ccncc1,6.835538383624293,CHEMBL3120173_CHEMBL3120983,260,
CC1(C)CC(Nc2nc(-c3ccccc3Cl)c3c(n2)N(c2c(Cl)cccc2Cl)C(=O)NC3)CC(C)(C)N1,9.154901959985745,CHEMBL209442,260,2006.0
Cc1cccc(-c2ncoc2-c2ccc3nnc(C(C)C)n3c2)c1,7.73754891026957,CHEMBL377875,260,2006.0
CCn1c(=O)c(-c2cc(C(=O)NC3CC3)ccc2C)cc2nnc(-c3c(F)cccc3F)n21,8.475554719977977,CHEMBL1945722,260,2012.0
N#Cc1ccc(C(=O)c2cnn(-c3ccc(F)cc3)c2N)cc1,5.076755981369724,CHEMBL205922,260,2006.0
CCn1c(=O)c(-c2cc(C(=O)NC3CC3)ccc2C)cc2nnc(-c3c(F)cccc3Cl)n21,8.60155131388386,CHEMBL1945723,260,2012.0
COCCn1c(SCc2ccc([S+](C)[O-])cc2)nc(-c2ccc(F)cc2)c1-c1ccnc(NC(C)=O)c1,6.823908740944319,CHEMBL374762,260,2004.0
CCn1c(=O)c(-c2cc(C(=O)NC3CC3)ccc2C)cc2nnc(-c3c(C)cccc3F)n21,8.149334605911424,CHEMBL1945724,260,2012.0
CCn1c(=O)c(-c2cc(C(=O)NC3CC3)cc(F)c2C)cc2nnc(-c3c(F)cccc3F)n21,8.409030601676243,CHEMBL1945725,260,2012.0
Cc1ccc(C(=O)Nc2nccs2)cc1-c1ccc(C(=O)NCC2CC2)cc1,7.0655015487564325,CHEMBL478614,260,2008.0
CN(C)CC#Cc1cccc(C(=O)c2cnn(-c3ccc(F)cc3)c2N)c1,5.642065152999546,CHEMBL203133,260,2006.0
Cc1ccc(C(=O)Nc2nc[nH]n2)cc1-c1ccc2c(c1)NC(=O)C21CCCC1,5.933301449577005,CHEMBL1800223,260,2011.0
Cc1ccc(C)c(CC(=O)Nc2onc(-c3ccc(F)cc3)c2-c2ccncn2)c1,8.074172425375258,CHEMBL3310143,260,2014.0
Cc1ccc(C(N)=O)cc1Nc1cc(=O)n(C)c2c1cnn2-c1cc(F)ccc1F,8.431798275933005,CHEMBL550798,260,2009.0
CCn1c(=O)c(-c2cc(C(=O)NC3CC3)cc(F)c2C)cc2nnc(-c3c(F)cccc3Cl)n21,8.625949893519731,CHEMBL1945726,260,2012.0
Cn1c(=O)c(-c2c(Cl)cccc2Cl)cc2cnc(Nc3cccc(N)c3)nc21,6.876148359032914,CHEMBL577269,260,2009.0
Cc1ccc(C(N)=O)cc1Nc1cc(=O)n(C)c2c1cnn2-c1ccc(F)cc1F,8.585026652029182,CHEMBL552271,260,2009.0
CCc1nnc2ccc(-c3ocnc3-c3ccccc3)cn12,7.263603497723357,CHEMBL215680,260,2006.0
Cc1cccc(-c2nc(-c3ccc([S+](C)[O-])cc3)[nH]c2C2=CCOCC2)c1,7.136677139879544,CHEMBL2385553,260,2013.0
Cc1ccc(C(N)=O)cc1Nc1ncnc2c1cnn2-c1ccccc1,8.154901959985743,CHEMBL439267,260,2008.0
CCc1nc(-c2cccc(CO)c2)c(-c2ccnc(NC(=O)c3ccccc3)c2)s1,6.508638306165727,CHEMBL3218363,260,2013.0
CCc1nc(-c2cccc(Cl)c2)c(-c2ccnc(NC(=O)c3ccccc3)c2)s1,7.522878745280337,CHEMBL194595,260,2005.0
CCc1nc(-c2cccc(OC)c2)c(-c2ccnc(NC(=O)c3ccccc3)c2)s1,6.920818753952375,CHEMBL369936,260,2005.0
CCc1nc(-c2ccccc2)c(-c2ccnc(NC(=O)c3ccccc3)c2)s1,7.508638306165727,CHEMBL371188,260,2005.0
CCc1nc(-c2ccccc2C)c(-c2ccnc(NC(=O)c3ccccc3)c2)s1,6.958607314841775,CHEMBL196386,260,2005.0
CC1(C)OCC(CCOc2ccc3c(c2)C(=O)c2ccc(Nc4ccc(F)cc4F)cc2CC3)O1,6.494850021680094,CHEMBL2152947,260,2012.0
Cc1cc(NS(C)(=O)=O)ccc1-c1c2nccc(-c3ccc(F)cc3F)c2cc[n+]1[O-],7.091514981121351,CHEMBL1916354,260,2011.0
N#Cc1cccc(C(=O)c2cnn(-c3ccc(F)cc3)c2N)c1,5.3223930472795065,CHEMBL203721,260,2006.0
Cc1cccc(-c2nc(-c3ccccc3F)[nH]c2-c2ccncc2)c1,8.327902142064282,CHEMBL2385555,260,2013.0
Cc1cccc(-c2nc(C(C)O)sc2-c2ccnc(NC(=O)c3ccccc3)c2)c1,7.42021640338319,CHEMBL3218364,260,2013.0
Cc1cccc(-c2nc(C)sc2-c2ccnc(NC(=O)c3ccccc3)c2)c1,7.886056647693163,CHEMBL383569,260,2005.0
Cn1c(=O)c(-c2ccccc2Cl)cc2cnc(NC3CCOCC3)nc21,7.67778070526608,CHEMBL1766490,260,2011.0
Cn1c(=O)c(-c2c(Cl)cccc2Cl)cc2cnc(Nc3cccc(O)c3)nc21,6.7281583934635005,CHEMBL321193,260,2009.0
CCc1nnc2ccc(-c3ocnc3-c3ccc(F)cc3)cn12,7.665546248849069,CHEMBL213522,260,2006.0
Cc1cccc(-c2nc(-c3ccc4ccccc4c3F)[nH]c2-c2ccncc2)c1,7.698970004336019,CHEMBL2385557,260,2013.0
COc1cc(CC(=O)Nc2cc(-c3[nH]c(SC)nc3-c3ccc(F)cc3)ccn2)cc(OC)c1OC,7.886056647693163,CHEMBL4513323,260,2019.0
COc1cc2c(ccn2C)cc1C(=O)N1CCn2c(cnc2-c2ccc(F)cc2F)C1,7.42021640338319,CHEMBL244164,260,2007.0
COCCn1c(SCCC(=O)N2CCOCC2)nc(-c2ccc(F)cc2)c1-c1ccnc(NC(C)=O)c1,6.337242168318426,CHEMBL221985,260,2004.0
Cc1ccc(C(=O)Nc2ccon2)cc1NC(=O)c1cnn(-c2ccccn2)c1N,8.698970004336019,CHEMBL1290626,260,2010.0
CCn1c(=O)cc(Nc2cc(C(=O)NC3CC3)ccc2Cl)c2cnn(-c3ccc(F)cc3F)c21,8.958607314841775,CHEMBL550519,260,2009.0
CC(=O)NC1CCC(Nc2nccc(-c3c(-c4ccccc4)noc3C)n2)CC1,7.585026652029182,CHEMBL4286199,260,2018.0
Cc1ccc(C(N)=O)cc1NC(=O)c1cnc(NC(C)C)s1,8.494850021680094,CHEMBL257995,260,2008.0
CC1(C)OCC(CCOc2ccc3c(c2)COc2cc(Nc4ccc(F)cc4F)ccc2C3=O)O1,6.287350298372789,CHEMBL3087482,260,2013.0
CC1(C)OCC(COc2ccc3c(c2)C(=O)c2ccc(Nc4ccc(F)cc4F)cc2CC3)O1,6.638272163982407,CHEMBL2152943_CHEMBL2152945,260,
Cc1ccc(C(=O)Nc2ccon2)cc1Nc1ncnc2c1cnn2-c1ccccc1,8.301029995663981,CHEMBL259922,260,2008.0
CCn1c(=O)cc(Oc2cc(C(=O)NC3CC3)ccc2C)c2cnn(-c3ccc(F)cc3)c21,8.397940008672037,CHEMBL562528,260,2009.0
Cc1ccc(C(N)=O)cc1-c1ccc2c(c1)NC(=O)C21CCCC1,8.045757490560675,CHEMBL1800917,260,2011.0
Cn1c(=O)c(-c2c(Cl)cccc2Cl)cc2cnc(Nc3ccc(O)cc3)nc21,6.978810700930062,CHEMBL323405,260,2009.0
CC1(C)C=C(c2cc(-c3ccc(F)cc3Cl)c3ccc(=O)n(-c4c(Cl)cccc4Cl)c3c2)CC(C)(C)N1,9.585026652029182,CHEMBL369989,260,2006.0
Cn1c(=O)c(-c2c(Cl)cccc2Cl)cc2cnc(Nc3ccc(NCC(O)CO)cc3)nc21,7.494850021680094,CHEMBL567068,260,2009.0
Cc1cccc(-c2noc(NC(=O)Cc3ccccc3Cl)c2-c2ccncn2)c1,8.441291429466835,CHEMBL3310149,260,2014.0
COc1cc(CCC(=O)Nc2cc(-c3[nH]c(SC)nc3-c3ccc(F)cc3)ccn2)cc(OC)c1OC,7.055517327849831,CHEMBL4520113,260,2019.0
Cc1nnc(-c2ccc(C)c(-c3ccc4c(c3)NC(=O)C43CCCC3)c2)[nH]1,8.130768280269024,CHEMBL1911193,260,2011.0
Cn1c(=O)c(-c2c(Cl)cccc2Cl)cc2cnc(Nc3cccc(COCC(O)CO)c3)nc21,6.481486060122112,CHEMBL566834,260,2009.0
Cn1c(-c2cn(-c3cccc(C(=O)NCCCO)c3)nn2)nc(-c2ccc(F)cc2)c1-c1ccncc1,6.537602002101044,CHEMBL3120987,260,2014.0
Cc1nnc(-c2ccc(C)c(-c3ccc4c(c3)NC(=O)C43CCC3)c2)[nH]1,7.744727494896693,CHEMBL1909657,260,2011.0
Cc1cccc(-c2nc(-c3ccc([S+](C)[O-])cc3)[nH]c2-c2ccncc2)c1,7.619788758288394,CHEMBL2385551,260,2013.0
Clc1ccccc1Nc1ccc2c(-c3ccccc3)[nH]nc2c1,7.744727494896693,CHEMBL440566,260,2005.0
Cn1c(=O)c(-c2c(Cl)cccc2Cl)cc2cnc(Nc3cccc(CO)c3)nc21,6.853871964321762,CHEMBL327127,260,2009.0
COCCn1c(SC)nc(-c2ccc(F)cc2)c1-c1ccnc(NC(C)=O)c1,6.661543506395395,CHEMBL426183,260,2004.0
Cc1cc(O)ccc1-c1c(N)c(C(=O)c2ccc(F)cc2F)cc[n+]1[O-],8.096910013008056,CHEMBL552164,260,2009.0
CCn1c(=O)cc(Nc2cc(C(=O)NC3CC3)ccc2Cl)c2cnn(-c3ccc(F)cc3)c21,8.920818753952375,CHEMBL562527,260,2009.0
CCn1c(=O)c(Oc2ccc(F)cc2F)cc2cnc(NC3CCOCC3)nc21,9.0,CHEMBL1766498,260,2011.0
O=C(Nc1ccc(Cl)c(COc2cccnc2)c1)c1cc(Cl)cc(N2CCOCC2)c1,7.187086643357144,CHEMBL3109731,260,2014.0
CCn1c(=O)cc(Nc2cc(C(=O)NC3CC3)ccc2C)c2cnn(-c3ccc(F)cc3)c21,8.397940008672037,CHEMBL559597,260,2009.0
Cn1c(-c2c[nH]nn2)nc(-c2ccc(F)cc2)c1-c1ccncc1,6.765826334793921,CHEMBL3120960,260,2014.0
Cn1c(-c2cn(-c3ccc(C(=O)O)cc3)nn2)nc(-c2ccc(F)cc2)c1-c1ccncc1,6.816881938140853,CHEMBL3120995,260,2014.0
Cc1cc(O)ccc1-c1c2nccc(-c3ccc(F)cc3F)c2cc[n+]1[O-],7.045757490560675,CHEMBL1916351,260,2011.0
Cn1c(=O)c(-c2c(Cl)cccc2Cl)cc2cnc(Nc3ccc(OC4OC(CO)C(O)C(O)C4O)cc3)nc21,7.823908740944319,CHEMBL585666,260,2009.0
