nonstereo_aromatic_smiles,pIC50,chembl_cid,Target ID,year
O=C(Nc1cccc(OC(F)(F)C(F)F)c1)NC12CC3CC(CC(C3)C1)C2,8.823908740944319,CHEMBL2031802,2409,2012.0
CCOC(=O)C1=C(c2ccccc2)NC(=O)NC1c1ccc(NC(=O)c2ccccc2)cc1,8.913640169325252,CHEMBL4204830,2409,2016.0
O=C(NC1CCCCCC1)C1CCN(C(=O)c2cccc(F)c2)CC1,5.920818753952375,CHEMBL1933675,2409,2012.0
CCC(=O)N1CCC(NC(=O)Nc2ccc([N+](=O)[O-])cc2)CC1,7.42021640338319,CHEMBL1258106,2409,2010.0
CC(C)(C)c1ccc(C(=O)NCc2ccc(N)cc2Cl)cc1,7.397940008672037,CHEMBL4095371,2409,2017.0
O=C(Nc1cccc([N+](=O)[O-])c1)NC1CCC(OCc2c(F)cccc2F)CC1,7.045757490560675,CHEMBL2031938,2409,2012.0
CCC(=O)N1CCC(NC(=O)Nc2ccc3c(c2)OCO3)CC1,7.214670164989233,CHEMBL1257989,2409,2010.0
CCOC(=O)C1=C(c2ccccc2)NC(=O)NC1c1ccc(NC(=O)c2ccc(OC)cc2)cc1,8.739928612014925,CHEMBL4212613,2409,2016.0
CCCCCCCCCCNC(=O)CC12CC3CC(CC(C3)C1)C2,7.0,CHEMBL192549,2409,2005.0
CCCCCCCCCCNC(=O)NC12CC3CC(CC(C3)C1)C2,6.958607314841775,CHEMBL69663,2409,2004.0
CCOC(=O)C1=C(c2ccccc2)NC(=O)NC1c1ccc(NC(=O)c2ccc([N+](=O)[O-])cc2)cc1,8.698970004336019,CHEMBL4205324,2409,2016.0
CCOC(=O)C(CC)Cc1ccc(C(=O)NCc2ccc(F)cc2)cc1,5.657577319177793,CHEMBL3765360,2409,2016.0
O=C(Nc1cccc(OC(F)F)c1)NC12CC3CC(CC(C3)C1)C2,8.585026652029182,CHEMBL2031798,2409,2012.0
O=C(Nc1cccc(OC(=O)c2ccccc2)c1)NC12CC3CC(CC(C3)C1)C2,8.292429823902063,CHEMBL476057,2409,2009.0
CCOC(=O)C(CC)Cc1ccc(C(=O)NCc2ccc(F)cc2C(F)(F)F)cc1,6.920818753952375,CHEMBL3763887,2409,2016.0
O=C(Nc1cccc(OCC(F)(F)F)c1)N1CCC2(CCN(C(=O)c3c(F)cccc3F)CC2)C1,7.452225294612178,CHEMBL2436567,2409,2013.0
Cc1cc(F)ccc1S(=O)(=O)N1CCC(C(=O)NC2CCCCCC2)CC1,7.744727494896693,CHEMBL1933517,2409,2012.0
CC(C)(C)c1ccc(C(=O)NCc2ccc(NC(=O)C(F)(F)F)cc2)cc1,6.180456064458131,CHEMBL4071919,2409,2017.0
CCOC(=O)C(CC)Cc1ccc(C(=O)NCc2ccc(OC(F)(F)F)cc2)cc1,6.045757490560675,CHEMBL3764546,2409,2016.0
CCOC(=O)C(CC)Cc1ccc(C(=O)NCc2ccc(OC)cc2)cc1,6.207608310501746,CHEMBL3763509,2409,2016.0
Cc1ccc(S(=O)(=O)N2CCC(C(=O)Nc3ccc(OC(F)(F)F)cc3)CC2)c(C)c1,7.638272163982407,CHEMBL2313195,2409,2013.0
O=C(Nc1cccc(OCCCN2CCOCC2)c1)NC12CC3CC(CC(C3)C1)C2,9.096910013008056,CHEMBL458165,2409,2009.0
O=C(Nc1ccc(Cl)c(C(F)(F)F)c1)NC1CCC(Oc2cccc(C(=O)O)c2)CC1,8.065501548756432,CHEMBL2397144,2409,2013.0
O=C(Nc1cccc(OCCCN2CCOCC2)c1)NC1CCCCC1,8.4089353929735,CHEMBL458166,2409,2009.0
O=C(Nc1cccc(OC(F)(F)F)c1)NC12CC3CC(CC(C3)C1)C2,8.508638306165727,CHEMBL2031791,2409,2012.0
O=C(Nc1cccc(O)c1)NC12CC3CC(CC(C3)C1)C2,7.552841968657781,CHEMBL477671,2409,2009.0
O=C(Nc1ccc(-n2nc(-c3cccnc3)cc2C(F)(F)F)nc1)c1ccccc1,8.00436480540245,CHEMBL1271658,2409,2010.0
CCOC(=O)C(CC)Cc1ccc(C(=O)NCc2ccc(OC)cc2C(F)(F)F)cc1,7.522878745280337,CHEMBL3764792,2409,2016.0
CC1(c2ccccc2)CCCN(C(=O)NCCc2ccc3nccnc3c2)C1,8.301029995663981,CHEMBL1078452,2409,2009.0
O=C(Nc1cccc(C(F)(F)F)c1)NC12CC3CC(CC(C3)C1)C2,8.619788758288394,CHEMBL2031799,2409,2012.0
O=C(Nc1ccc(Cl)cc1)N1CCCC(CCC2=NNNN2)(c2ccccc2)C1,8.301029995663981,CHEMBL1079244,2409,2009.0
O=C(Nc1ccc(Cl)cc1)N1CCC2(CCN(C(=O)c3c(F)cccc3F)CC2)C1,8.173925197299173,CHEMBL2436562,2409,2013.0
CC(C)(C)c1ccc(C(=O)NCc2ccc(C=O)cc2)cc1,6.292429823902063,CHEMBL4091019,2409,2017.0
CC(C)(C)c1ccc(C(=O)NCc2ccc(CCC(=O)O)cc2)cc1,5.787812395596042,CHEMBL4072573,2409,2017.0
CCCCCCCC[S+]([O-])CCCCCCCC,5.8696662315049934,CHEMBL2398219,2409,2013.0
Cc1ccc(S(=O)(=O)N2CCC(C(=O)Nc3ccc(C(=O)O)cc3)CC2)c(C)c1,7.769551078621726,CHEMBL2313172,2409,2013.0
CCCCCCCCNC(=O)NC1CCN(C(=O)CC)CC1,8.494850021680094,CHEMBL1257514,2409,2010.0
CCCCCCCCNC(=O)NC1CC2CCC1(C)C2(C)C,8.187086643357144,CHEMBL4799688,2409,2020.0
Cc1ccc(S(=O)(=O)N2CCC(C(=O)Nc3ccc(C(C)C)cc3)CC2)c(C)c1,8.173925197299173,CHEMBL2313175,2409,2013.0
O=C(Nc1ccc(Cl)c(Cl)c1)Nc1ccc(Cl)c(Cl)c1,7.55129368009492,CHEMBL10835,2409,2012.0
Cc1ccc(S(=O)(=O)N2CCC(C(=O)Nc3ccc(C(F)(F)F)cc3)CC2)c(C)c1,7.522878745280337,CHEMBL2313198,2409,2013.0
O=C(Nc1ccc(Cl)c(Cl)c1)N1CCC2(CCN(C(=O)c3c(F)cccc3F)CC2)C1,8.455931955649724,CHEMBL2436569,2409,2013.0
Cc1cc(CNC(=O)NC23CC4CC(C)(CC(C)(C4)C2)C3)on1,6.910094888560602,CHEMBL3633682,2409,2015.0
O=C(Nc1ccccc1)NC1CCCCC1,5.988085803732557,CHEMBL365939,2409,2005.0
O=C(Nc1ccccc1)NC12CC3CC(CC(C3)C1)C2,7.769551078621726,CHEMBL516415,2409,2009.0
O=C(Nc1cccc(Cl)c1)NC1CCCCC1,6.721246399047171,CHEMBL192293,2409,2005.0
CCOC(=O)C1=C(c2ccccc2)NC(=O)NC1c1ccc(NC(=O)c2ccccc2C(=O)O)cc1,8.71669877129645,CHEMBL4203740,2409,2016.0
Cc1ccc(S(=O)(=O)N2CCC(C(=O)Nc3ccc(Cl)c(C(F)(F)F)c3)CC2)c(C)c1,7.107905397309519,CHEMBL2313179,2409,2013.0
O=C(Nc1cccc(C(F)(F)F)c1F)NC1CCCCCCC1,9.397940008672036,CHEMBL1818408,2409,2011.0
CN(C)CCC1(c2ccccc2)CCCN(C(=O)Nc2ccc(Cl)cc2)C1,7.920818753952375,CHEMBL1079140,2409,2009.0
COc1cc(C(=O)NCc2ccc(C(=O)O)cc2)ccc1C(C)(C)C,5.297569463554474,CHEMBL4067723,2409,2017.0
Cc1ccc(S(=O)(=O)N2CCC(C(=O)Nc3ccc(Oc4ccccc4)cc3)CC2)c(C)c1,7.698970004336019,CHEMBL2313171,2409,2013.0
COc1cc(C(=O)NS(=O)(=O)c2ccccc2)ccc1Cc1cn(C)c2ccc(NC(=O)OC3CCCC3)cc12,5.6020599913279625,CHEMBL48435,2409,2018.0
Cc1ccc(S(=O)(=O)N2CCC(C(=O)Nc3ccc([N+](=O)[O-])cc3)CC2)c(C)c1,7.920818753952375,CHEMBL2313173,2409,2013.0
CC1(C)C2CCC1(C)C(NC(=O)Nc1ccc(OC(F)(F)F)cc1)C2,8.602059991327963,CHEMBL4790175,2409,2020.0
Cc1cc(CNC(=O)NCC23CC4CC(CC(C4)C2)C3)on1,8.173925197299173,CHEMBL3633669,2409,2015.0
Cc1cc(CNC(=O)NC23CC4CC(CC(C4)C2)C3)no1,5.809388202186395,CHEMBL2392759,2409,2013.0
CC(C)(C)c1ccc(C(=O)NCc2ccc(CO)cc2)cc1,5.688246138944246,CHEMBL4096300,2409,2017.0
O=C(Nc1cccc(C(F)(F)F)c1)NC1CCCCC1,8.060480747381382,CHEMBL1610486,2409,2012.0
O=C(CCCCCCOCc1ccccc1)NC12CC3CC(CC(C3)C1)C2,7.177178354696896,CHEMBL2031929,2409,2012.0
Cc1ccc(S(=O)(=O)N2CCC(C(=O)Nc3ccc(S(=O)(=O)C(F)(F)F)cc3)CC2)c(C)c1,8.795880017344075,CHEMBL2313176,2409,2013.0
CCOC(=O)C(CC)Cc1ccc(C(=O)NCc2ccccc2Br)cc1,5.3979400086720375,CHEMBL3763225,2409,2016.0
O=C(Nc1ccc(-n2nc(-c3cccnc3)cc2C(F)(F)F)nn1)c1ccccc1,8.05551732784983,CHEMBL1271659,2409,2010.0
O=C(Nc1ccc(C(F)(F)F)cc1)Nc1cccc(OCCCN2CCOCC2)c1,9.0,CHEMBL456836,2409,2009.0
O=C(Nc1ccc(C(F)(F)F)cc1)Nc1ccc(F)c(OCCCN2CCOCC2)c1,8.886056647693163,CHEMBL560662,2409,2009.0
O=C(Nc1ccc(-c2csc(Nc3ccc(O)cc3)n2)cc1)C12CC3CC(CC(C3)C1)C2,6.769551078621726,CHEMBL3099680,2409,2013.0
O=C(Nc1ccc(C(F)(F)F)cc1)Nc1ccc(C(F)(F)F)cc1,7.823908740944319,CHEMBL2031936,2409,2012.0
O=C(Nc1ccc(C(F)(F)F)cc1)NC1CCC(Oc2ccc(F)cc2)CC1,8.920818753952375,CHEMBL221015,2409,2006.0
O=C(Nc1ccc(C(F)(F)F)cc1)N1CCC2(CCN(C(=O)c3c(F)cccc3F)CC2)C1,9.522878745280336,CHEMBL2436563,2409,2013.0
O=C(Nc1ccc(C(F)(F)F)cc1)N1CCC(c2nc(-c3ccccn3)no2)CC1,8.154901959985743,CHEMBL555347,2409,2009.0
O=C(Nc1ccc(C(=O)c2ccccc2)cc1)NC12CC3CC(CC(C3)C1)C2,8.795880017344075,CHEMBL2031814,2409,2012.0
O=C(Nc1ccc(C(=O)O)cc1)NC1CCC(Oc2cccc(C(=O)O)c2)CC1,5.080921907623926,CHEMBL245006,2409,2007.0
O=C(Nc1ccc(C(=O)O)cc1)NC1CCC(Oc2ccc(F)cc2)CC1,6.720955431324177,CHEMBL222160,2409,2006.0
O=C(Nc1ccc(C(=O)O)cc1)NC12CC3CC(CC(C3)C1)C2,5.850472986245652,CHEMBL478321,2409,2009.0
O=C(Nc1ccc(C(=O)O)c(O)c1)NC12CC3CC(CC(C3)C1)C2,7.1487416512809245,CHEMBL527061,2409,2009.0
O=C(Nc1ccc(-n2nc(-c3cccnc3)cc2C(F)(F)F)cc1)c1ccccc1,8.207608310501746,CHEMBL1271550,2409,2010.0
O=C(Nc1ccc(C(=O)N2CCNCC2)cc1)NC12CC3CC(CC(C3)C1)C2,7.173277479831008,CHEMBL1088565,2409,2010.0
CCOC(=O)C(F)(F)Oc1ccc(NC(=O)NC23CC4CC(CC(C4)C2)C3)cc1,9.096910013008056,CHEMBL2031930,2409,2012.0
CC1(c2ccccc2)CCCN(C(=O)NCCCc2cccnc2)C1,8.154901959985743,CHEMBL1078353,2409,2009.0
O=C(CCc1ccccc1)N1CCC2(CCc3cc(F)ccc3O2)CC1,8.154901959985743,CHEMBL447085,2409,2009.0
Cc1noc(NC(=O)NC23CC4CC(CC(C4)C2)C3)c1C#N,7.602059991327962,CHEMBL2392763,2409,2013.0
O=C(Nc1ccc(Br)cc1)NC1CCC(Oc2ccc(F)cc2)CC1,9.221848749616356,CHEMBL221737,2409,2006.0
Cc1ccc(S(=O)(=O)N2CCC(C(=O)Nc3ccc(O)cc3)CC2)c(C)c1,9.397940008672036,CHEMBL2313193,2409,2013.0
Cc1noc(NC(=O)NC23CC4CC(CC(C4)C2)C3)c1Cl,9.30102999566398,CHEMBL2392762,2409,2013.0
Cc1noc(NS(=O)(=O)c2ccc(NC(=O)NC34CC5CC(CC(C5)C3)C4)cc2)c1C,7.508638306165727,CHEMBL2392746,2409,2013.0
CC1(c2ccccc2)CCCN(C(=O)NCCc2ccc3nc[nH]c3c2)C1,7.537602002101044,CHEMBL1078354,2409,2009.0
CC1(c2ccccc2)CCCN(C(=O)NC2CC2c2ccccc2)C1,9.0,CHEMBL1077780,2409,2009.0
CC1(c2ccccc2)CCCN(C(=O)NCCc2ccc(Cl)cc2)C1,9.0,CHEMBL1078265,2409,2009.0
O=C(Nc1ccc(-n2nc(-c3cccnc3)cc2C(F)(F)F)cc1)c1ccncc1,8.136677139879545,CHEMBL1271498,2409,2010.0
Cc1occc1C(=O)N1CCC2(CCN(C(=O)Nc3ccc(OC(F)(F)F)cc3)C2)CC1,9.30102999566398,CHEMBL2436580,2409,2013.0
CC(C)(C)c1ccc(C(=O)NCc2ccc(NS(C)(=O)=O)cc2Cl)cc1,8.387216143280265,CHEMBL4066332,2409,2017.0
Cc1noc(NC(=O)NC23CC4CC(CC(C4)C2)C3)c1C,7.698970004336019,CHEMBL2392719,2409,2013.0
CC(C)(C)c1ccc(C(=O)NCc2ccc(OC(F)(F)F)cc2)cc1,6.657577319177793,CHEMBL4092436,2409,2017.0
O=C(Nc1ccc(-n2nc(-c3cccnc3)cc2C(F)(F)F)cc1)c1cccnc1,7.638272163982407,CHEMBL1271497,2409,2010.0
O=C(Nc1ccc(-n2nc(-c3cccnc3)cc2C(F)(F)F)cn1)c1ccccc1,8.327902142064282,CHEMBL1271608,2409,2010.0
CCOC(=O)C(CC)Cc1ccc(C(=O)NCc2ccccc2)cc1,5.070581074285707,CHEMBL3765347,2409,2016.0
Cc1onc(NC(=O)NC23CC4CC(CC(C4)C2)C3)c1Br,9.096910013008056,CHEMBL2392758,2409,2013.0
O=C(Nc1ccc(C23CC4CC(CC(C4)C2)C3)cc1)Nc1ccccc1F,7.025949097207123,CHEMBL4633906,2409,2020.0
O=C(Nc1cccc(OCCCN2CCOCC2)c1)Nc1c(Cl)cccc1Cl,5.0,CHEMBL563753,2409,2009.0
O=C(Nc1cccc(OCCCN2CCOCC2)c1)Nc1c(F)cc(F)cc1F,5.72584215073632,CHEMBL560321,2409,2009.0
CCOC(=O)C(CC)Cc1ccc(C(=O)NCc2ccccc2C(F)(F)F)cc1,7.356547323513812,CHEMBL3764773,2409,2016.0
CCOC(=O)C(CC)Cc1ccc(C(=O)NCc2ccccc2C)cc1,6.045757490560675,CHEMBL3765160,2409,2016.0
CC(C)(C)c1ccc(C(=O)NCc2ccc(NC(=O)C(F)(F)F)cc2Cl)cc1,8.050609993355087,CHEMBL4087681,2409,2017.0
O=C(Nc1cccc(OCCCN2CCOCC2)c1)Nc1ccc(F)c(F)c1,7.958607314841775,CHEMBL561466,2409,2009.0
CCOC(=O)C1=C(c2ccccc2)NC(=O)NC1c1ccc(NC(=O)c2ccc(F)cc2)cc1,9.017728766960431,CHEMBL4214103,2409,2016.0
O=C(Nc1ccc(Cl)c(C(F)(F)F)c1)NC1CCC(Oc2ccc(C(=O)O)cc2)CC1,9.30102999566398,CHEMBL2397147,2409,2013.0
CCOC(=O)C1=C(c2ccccc2)NC(=O)NC1c1ccc(NC(=O)c2ccc(Cl)cc2)cc1,9.318758762624412,CHEMBL4209184,2409,2016.0
CCOC(=O)C1=C(c2ccccc2)NC(=O)NC1c1ccc(NC(=O)c2ccc(C)cc2)cc1,9.318758762624412,CHEMBL4217562,2409,2016.0
Cc1ccc(S(=O)(=O)N2CCC(C(=O)Nc3ccc(Cl)cc3)CC2)c(C)c1,5.657577319177793,CHEMBL2313200,2409,2013.0
O=C(Nc1ccc(Cl)c(C(F)(F)F)c1)NC12CC3CC(CC(C3)O1)C2,7.705533773838407,CHEMBL4778324,2409,2020.0
O=C(Nc1ccc(Cl)c(C(F)(F)F)c1)N1CCC2(CCN(C(=O)c3c(F)cccc3F)CC2)C1,8.958607314841775,CHEMBL2436568,2409,2013.0
CCOC(=O)C1=C(c2ccccc2)NC(=O)NC1c1ccc(NC(=O)CCC(=O)O)cc1,8.653647025549361,CHEMBL4209701,2409,2016.0
CCOC(=O)C(CC)Cc1ccc(C(=O)NCc2ccccc2Cl)cc1,5.42021640338319,CHEMBL3763549,2409,2016.0
CCOC(=O)C(CC)Cc1ccc(C(=O)NCc2ccccc2OC(F)(F)F)cc1,7.522878745280337,CHEMBL3764004,2409,2016.0
Cc1ccc(S(=O)(=O)N2CCC(C(=O)Nc3ccc(F)cc3)CC2)c(C)c1,6.537602002101044,CHEMBL2313177,2409,2013.0
O=C(Nc1ccc(C=Cc2nc3ccccc3s2)cc1)Nc1ccc(Cl)c(Cl)c1,8.040958607678906,CHEMBL4578414,2409,2019.0
CCc1nc(NC)nc(N2CCC(C(=O)NCc3ccccc3C(F)(F)F)CC2)n1,8.397940008672037,CHEMBL2392715,2409,2013.0
O=C(Nc1cccc(Oc2ccccc2)c1)NC12CC3CC(CC(C3)C1)C2,9.045757490560677,CHEMBL2031816,2409,2012.0
O=C(Nc1cccc(S(F)(F)(F)(F)F)c1)NC12CC3CC(CC(C3)O1)C2,7.444905551421681,CHEMBL4750570,2409,2020.0
O=C(Nc1cccc(OCCCN2CCOCC2)c1)Nc1cccc(C(F)(F)F)c1,7.860120913598763,CHEMBL559228,2409,2009.0
O=C(Nc1ccc(CC(=O)c2ccccc2)cc1)NC12CC3CC(CC(C3)C1)C2,8.327902142064282,CHEMBL2031940,2409,2012.0
CCC(=O)N1CCC(NC(=O)Nc2ccc(Oc3ccccc3)cc2)CC1,8.455931955649724,CHEMBL1257879,2409,2010.0
CC(C)(C)c1ccc(C(=O)NCc2ccc(NS(C)(=O)=O)cc2)cc1,6.187086643357144,CHEMBL4061980,2409,2017.0
O=C(Nc1cccc(C(F)(F)F)c1)N1CCC2(CCN(C(=O)c3c(F)cccc3F)CC2)C1,7.79317412396815,CHEMBL2436566,2409,2013.0
CCOC(=O)C(Cc1ccc(C(=O)NCc2ccccc2C(F)(F)F)cc1)c1ccccc1,6.920818753952375,CHEMBL3763278,2409,2016.0
Cc1noc(C2CCN(C(=O)NC3CC3c3ccccc3)CC2)n1,7.552841968657781,CHEMBL564547,2409,2009.0
O=C(Nc1cccc(OCCCN2CCOCC2)c1)Nc1ccc(F)cc1F,6.91721462968355,CHEMBL565016,2409,2009.0
N#CCCC1(c2ccccc2)CCCN(C(=O)Nc2ccc(Cl)cc2)C1,8.522878745280337,CHEMBL1078755,2409,2009.0
CCOC(=O)C(CC)Cc1cccc(C(=O)NCc2ccccc2C(F)(F)F)c1,7.568636235841012,CHEMBL3764468,2409,2016.0
O=C(Nc1cccc(OCCCN2CCOCC2)c1)Nc1ccc2c(c1)OCO2,7.481486060122112,CHEMBL559669,2409,2009.0
O=C(Nc1ccc(CCc2nc3ccccc3s2)cc1)Nc1ccc(Cl)c(Cl)c1,7.931814138253838,CHEMBL4439758,2409,2019.0
O=C(Nc1ccc(OCC(F)(F)F)cc1)N1CCC2(CCN(C(=O)c3c(F)cccc3F)CC2)C1,8.244125144327509,CHEMBL2436565,2409,2013.0
O=C(Nc1ccc(Cl)cc1)N1CCCC(CCO)(c2ccccc2)C1,9.0,CHEMBL1079290,2409,2009.0
O=C(Nc1ccc(OC(F)(F)F)cc1)N1CCC2(CCN(C(=O)c3cccc4ncccc34)CC2)C1,9.69897000433602,CHEMBL2436575,2409,2013.0
O=C(Nc1ccc(OC(F)(F)F)cc1)N1CCC2(CCN(C(=O)c3ccccc3Cl)CC2)C1,9.522878745280336,CHEMBL2436574,2409,2013.0
N#Cc1ccc(C(=O)NC2CC2c2ccccc2)cc1,6.248976287811106,CHEMBL1615212,2409,2011.0
N#Cc1ccc(C(=O)NCCC(c2ccc(F)cc2)c2ccc(F)cc2)cc1,8.301029995663981,CHEMBL551138,2409,2009.0
O=C(CCCCCNC(=O)NC1CCCCC1)NC(Cc1ccccc1)C(=O)NC(Cc1cnc[nH]1)C(=O)O,5.259637310505756,CHEMBL218402,2409,2006.0
O=C(Nc1ccc(OC(F)(F)F)cc1)N1CCC2(CCN(C(=O)c3ccccc3F)CC2)C1,9.154901959985745,CHEMBL2436572,2409,2013.0
O=C(Nc1ccc(OC(F)(F)F)cc1)N1CCC2(CCN(C(=O)c3ccco3)CC2)C1,9.045757490560677,CHEMBL2436581,2409,2013.0
COc1cc(NC(=O)NC23CC4CC(CC(C4)C2)C3)cc(C(F)(F)F)c1,8.769551078621726,CHEMBL2031800,2409,2012.0
O=C(Nc1ccc(OC(F)(F)F)cc1)N1CCC2(CCN(C(=O)c3cccc4[nH]cnc34)CC2)C1,9.096910013008056,CHEMBL2436576,2409,2013.0
O=C(Nc1ccc(OC(F)(F)F)cc1)N1CCC2(CCN(C(=O)c3cnoc3C3CC3)CC2)C1,9.69897000433602,CHEMBL2436579,2409,2013.0
O=C(Nc1ccc(OC(F)(F)F)cc1)N1CCCCC1,7.619788758288394,CHEMBL593658,2409,2010.0
O=C(Nc1ccc(OC(F)(F)F)cc1)N1CCCCC1CO,6.958607314841775,CHEMBL591554,2409,2010.0
O=C(Nc1ccc(OC(F)(F)F)cc1)NC1CC2CCC1C2,9.397940008672036,CHEMBL4746902,2409,2020.0
CN(C)C(=O)c1ccc(CNC(=O)c2ccc(C(C)(C)C)cc2)cc1,5.337242168318426,CHEMBL4093640,2409,2017.0
O=C(Nc1ccc(OC(F)(F)F)cc1)NC1CCC(Oc2ccc(C(=O)O)cc2)CC1,9.110924374808178,CHEMBL2397148,2409,2013.0
O=C(Nc1ccc(OC(F)(F)F)cc1)NC1CCC(Oc2ccc(F)cc2)CC1,9.045757490560677,CHEMBL221014,2409,2006.0
O=C(Nc1ccc(OC(F)(F)F)cc1)NC1CCC(Oc2cccc(C(=O)O)c2)CC1,9.133803120088515,CHEMBL243793_CHEMBL244002,2409,
CCC(=O)N1CCC(NC(=O)Nc2ccc(OC(F)(F)F)cc2)CC1,8.431798275933005,CHEMBL1258904,2409,2010.0
O=C(Nc1ccc(OC(F)(F)F)cc1)N1CCCC(CO)C1,7.721246399047171,CHEMBL603530,2409,2010.0
N#Cc1ccc(NC(=O)N2CCC3(CCN(C(=O)c4c(F)cccc4F)CC3)C2)cc1,7.286509456906058,CHEMBL2436561,2409,2013.0
N#Cc1ccc(NC(=O)NC2C3CC4CC(C3)CC2C4)cc1,8.958607314841775,CHEMBL1818393,2409,2011.0
N#Cc1ccc(C(=O)N2CCC(C(=O)NC3CCCCCC3)CC2)cc1,5.698970004336019,CHEMBL1933677,2409,2012.0
Cc1ccc(S(=O)(=O)N2CCC(C(=O)Nc3ccccc3C)CC2)c(C)c1,7.698970004336019,CHEMBL2313169,2409,2013.0
O=C(Nc1ccc(Sc2ccccc2Cl)cc1)C1CCN(C(=O)c2ccc(F)cc2)CC1,9.0,CHEMBL4749356,2409,2020.0
O=C(Nc1ccc(SCc2nc3ccccc3s2)cc1)Nc1ccc(Cl)c(Cl)c1,7.598599459218455,CHEMBL4572575,2409,2019.0
O=C(Nc1ccc(S(=O)(=O)Nc2ccc(Cl)nn2)cc1)NC12CC3CC(CC(C3)C1)C2,7.721246399047171,CHEMBL2392741,2409,2013.0
O=C(Nc1ccc(OC(F)(F)F)cc1)N1CCC(CO)CC1,7.337242168318426,CHEMBL592023,2409,2010.0
Cn1cccc1-c1cc(F)c2c(c1)C(C)(C)C(=O)N2,5.8794260687941495,CHEMBL4534216,2409,2016.0
O=C(Nc1ccc(OC(F)(F)F)cc1)N1CCC2(CCN(C(=O)C3(C(F)(F)F)CC3)CC2)C1,9.522878745280336,CHEMBL2436586,2409,2013.0
Cc1cc(C)cc(S(=O)(=O)N2CCC(C(=O)NC3CCCCCC3)CC2)c1,5.698970004336019,CHEMBL1933658,2409,2012.0
O=C(Nc1ccc(OC(F)(F)F)cc1)N1CCC2(CCN(C(=O)C3CC3(F)F)CC2)C1,9.30102999566398,CHEMBL2436587,2409,2013.0
Cc1cccc(NC(=O)N(CCN2CCOCC2)c2ccc3nc(N)sc3c2)c1,6.99439055463972,CHEMBL4800606,2409,2021.0
O=C(Nc1ccc(OC(F)(F)F)cc1)N1CCC2(CCN(C(=O)C3CCC(O)CC3)CC2)C1,8.920818753952375,CHEMBL2436585,2409,2013.0
O=C(Nc1ccc(OC(F)(F)F)cc1)N1CCC2(CCN(C(=O)C3CCCCC3)CC2)C1,9.154901959985745,CHEMBL2436584,2409,2013.0
O=C(CCCCCNC(=O)NC1CCCCC1)NC(Cc1ccccc1)C(=O)N1CCCC1C(=O)O,7.0,CHEMBL216164,2409,2006.0
O=C(CCCCCNC(=O)NC1CCCCC1)NC(Cc1ccccc1)C(=O)NC(CO)C(=O)O,5.619788758288394,CHEMBL216165,2409,2006.0
O=C(Nc1ccc(OC(F)(F)F)cc1)N1CCC2(CCN(C(=O)C3CCOC3)CC2)C1,8.55284196865778,CHEMBL2436582,2409,2013.0
O=C(Nc1ccc(OC(F)(F)F)cc1)N1CCC2(CCN(C(=O)C3CCOCC3)CC2)C1,8.522878745280337,CHEMBL2436583,2409,2013.0
O=C(CCCCCNC(=O)NC1CCCCC1)NC(Cc1ccccc1)C(=O)NC(Cc1ccccc1)C(=O)O,7.0,CHEMBL216592,2409,2006.0
O=C(Nc1ccc(OC(F)(F)F)cc1)N1CCC2(CCN(C(=O)c3c(F)cccc3F)CC2)C1,9.397940008672036,CHEMBL2436564,2409,2013.0
O=C(Nc1ccc(OC(F)(F)F)cc1)N1CCC2(CCN(C(=O)c3cc(O)ccc3F)CC2)C1,9.69897000433602,CHEMBL2436573,2409,2013.0
O=C(Nc1ccc(OC(F)(F)F)cc1)NC1CCCCC1,9.096910013008056,CHEMBL2031931,2409,2012.0
O=C(Nc1ccc(OC(=O)c2ccccc2)cc1)NC12CC3CC(CC(C3)C1)C2,7.958607314841775,CHEMBL514055,2409,2009.0
O=C(Nc1ccc(OC(F)(F)F)cc1)NC1CCN(C(=O)C(F)(F)F)CC1,9.397940008672036,CHEMBL1257517,2409,2010.0
CCC(=O)N1CCC(NC(=O)Nc2ccc(Cl)c(Cl)c2)CC1,8.468521082957745,CHEMBL1258557,2409,2010.0
CC1CCCCN1C(=O)Nc1ccc(OC(F)(F)F)cc1,7.537602002101044,CHEMBL592255,2409,2010.0
CC(C)(C)c1ccc(S(=O)(=O)N2CCC(C(=O)NC3CCCCCC3)CC2)cc1,7.207608310501746,CHEMBL1933503,2409,2012.0
O=C(Nc1ccc(OC(F)(F)F)cc1)NC1CCN(C(=O)Cc2ccccn2)CC1,8.508638306165727,CHEMBL1257285,2409,2010.0
O=C(Nc1ccc(OC(F)(F)F)cc1)NC1CCN(C(=O)c2ccc(Cl)nc2)CC1,9.221848749616356,CHEMBL1257170,2409,2010.0
O=C(Nc1ccc(OC(F)(F)F)cc1)NC1CCN(C(=O)c2cccnc2)CC1,8.795880017344075,CHEMBL1668937,2409,2011.0
Cc1ccc(S(=O)(=O)N2CCC(C(=O)Nc3ccc4ncccc4c3)CC2)c(C)c1,7.886056647693163,CHEMBL2313159,2409,2013.0
Cc1ccc(S(=O)(=O)N2CCC(C(=O)Nc3cccc(C(F)(F)F)c3)CC2)c(C)c1,6.1938200260161125,CHEMBL2313199,2409,2013.0
Cc1ccc(S(=O)(=O)N2CCC(C(=O)Nc3cccc4cccnc34)CC2)c(C)c1,8.221848749616356,CHEMBL2313203,2409,2013.0
O=C(Nc1ccc(OCCN2CCOCC2)c(Cl)c1)NC12CC3CC(CC(C3)C1)C2,9.221848749616356,CHEMBL2032045,2409,2012.0
Cc1ccc(S(=O)(=O)N2CCC(C(=O)Nc3cccc4cnccc34)CC2)c(C)c1,7.638272163982407,CHEMBL2313182,2409,2013.0
O=C(Nc1ccc(OC(F)(F)F)cc1)NC1CCN(C(=O)c2ccncc2)CC1,9.154901959985745,CHEMBL1257169,2409,2010.0
O=C(Nc1ccc(OCCCN2CCOCC2)cc1)Nc1ccc(C(F)(F)F)cc1,9.096910013008056,CHEMBL561383,2409,2009.0
O=C(Nc1ccc(OC(F)(F)F)cc1)NC1CCN(S(=O)(=O)c2ccccc2)CC1,8.744727494896694,CHEMBL1257758,2409,2010.0
O=C(Nc1ccc(OC(F)(F)F)cc1)Nc1ccc(F)c(OCCCN2CCOCC2)c1,9.096910013008056,CHEMBL560982,2409,2009.0
O=C(Nc1ccc(OC(F)(F)F)cc1)Nc1ccc(OC(F)(F)F)cc1,8.017728766960431,CHEMBL2031937,2409,2012.0
O=C(Nc1ccc(OCCCN2CCOCC2)cc1)NC1CCCCC1,8.267606240177031,CHEMBL568915,2409,2009.0
O=C(Nc1ccc(OC(F)(F)F)cc1)Nc1cccc(OCCCN2CCOCC2)c1,8.096910013008056,CHEMBL457032,2409,2009.0
O=C(Nc1ccc(OCCCN2CCOCC2)cc1)NC12CC3CC(CC(C3)C1)C2,8.599661813928876,CHEMBL245159,2409,2007.0
O=C(Nc1ccc(OCCCN2CCOCC2)cc1)Nc1ccc(OC(F)(F)F)cc1,9.096910013008056,CHEMBL551521,2409,2009.0
Cc1ccc(S(=O)(=O)N2CCC(C(=O)Nc3ccc4ccccc4c3)CC2)c(C)c1,8.080921907623926,CHEMBL2313180,2409,2013.0
Cc1ccc(S(=O)(=O)N2CCC(C(=O)Nc3ccccc3)CC2)c(C)c1,8.161150909262744,CHEMBL2313167,2409,2013.0
O=C(Nc1ccc(OCCN2CCOCC2)cc1Cl)NC12CC3CC(CC(C3)C1)C2,8.619788758288394,CHEMBL2032046,2409,2012.0
CCC(=O)N1CCC(NC(=O)Nc2ccc(Cl)cc2)CC1,8.0,CHEMBL1258335,2409,2010.0
Cc1cc(C)c(C(=O)N2CCC(C(=O)NC3CCCCCC3)CC2)c(C)c1,7.336299074610352,CHEMBL1933489,2409,2012.0
Cc1cc(C)c(CN2CCC(C(=O)NC3CCCCCC3)CC2)c(C)c1,6.920818753952375,CHEMBL1933490,2409,2012.0
CCC(=O)N1CCC(NC(=O)Nc2ccc(O)cc2)CC1,6.391473966422806,CHEMBL1258220,2409,2010.0
CCC(=O)N1CCC(NC(=O)Nc2ccc(I)cc2)CC1,8.142667503568731,CHEMBL1258337,2409,2010.0
Cc1cc(C)c(S(=O)(=O)N2CCC(NC(=O)C3CCCCCC3)CC2)c(C)c1,7.657577319177793,CHEMBL1933491,2409,2012.0
CN(C)C(=O)c1cc(OC2CCC(NC(=O)Nc3ccc(Cl)c(C(F)(F)F)c3)CC2)ccn1,9.30102999566398,CHEMBL2397142,2409,2013.0
O=C(Nc1ccc(OC(F)(F)F)cc1)NC1CCN(C(=O)CN2CCN(Cc3ccccc3)CC2)CC1,8.823908740944319,CHEMBL1257286,2409,2010.0
Cc1ccc(S(=O)(=O)N2CCC(C(=O)Nc3ccccc3Br)CC2)c(C)c1,9.221848749616356,CHEMBL2313191,2409,2013.0
CCC(=O)N1CCC(NC(=O)Nc2ccc(F)cc2)CC1,7.102372908709558,CHEMBL1258221,2409,2010.0
O=C(Nc1ccc(Oc2ccccc2)cc1)NC12CC3CC(CC(C3)C1)C2,9.30102999566398,CHEMBL2031812,2409,2012.0
O=C(Nc1ccc(Oc2ccc(F)cc2)cc1)NC12CC3CC(CC(C3)C1)C2,8.656681865368853,CHEMBL388015,2409,2007.0
O=C(Nc1ccc(OCc2nc3ccccc3s2)cc1)Nc1ccccc1Cl,6.55455148573395,CHEMBL4521577,2409,2019.0
O=C(Nc1ccc(OCc2nc3ccccc3s2)cc1)Nc1cccc(Cl)c1,7.586700235918748,CHEMBL4470478,2409,2019.0
O=C(Nc1ccc(OCc2nc3ccccc3s2)cc1)Nc1ccc(Cl)c(Cl)c1,7.987162775294828,CHEMBL4585429,2409,2019.0
N#Cc1ccc(CNC(=O)c2ccc(OCCC(F)(F)F)nc2)c(Cl)c1,7.853871964321762,CHEMBL567314,2409,2009.0
O=C(CCCCCNC(=O)NC1CCCCC1)NC(Cc1ccccc1)C(=O)O,5.784318117920506,CHEMBL219597,2409,2006.0
O=C(Nc1ccc(OCc2nc3ccccc3s2)cc1)Nc1cc(Cl)cc(Cl)c1,7.818156412055227,CHEMBL4456287,2409,2019.0
O=C(Nc1ccc(OCCOCCOCC(F)(F)F)cc1)NC12CC3CC(CC(C3)C1)C2,8.481486060122112,CHEMBL2031943,2409,2012.0
O=C(Nc1ccc(OC(F)(F)F)cc1)NC1CCN(C(=O)C2CC2)CC1,9.397940008672036,CHEMBL1257405,2409,2010.0
CC(C)(C)c1ccc(C(=O)NCc2ccc(C(N)=O)cc2)cc1,5.920818753952375,CHEMBL4081891,2409,2017.0
O=C(Nc1ccc(O)cc1)NC12CC3CC(CC(C3)C1)C2,7.619788758288394,CHEMBL477872,2409,2009.0
O=C(Nc1ccc(O)c(Cl)c1)NC12CC3CC(CC(C3)C1)C2,8.292429823902063,CHEMBL2031806,2409,2012.0
O=C(Nc1ccc(Cl)cc1)Nc1ccc(OCCCN2CCOCC2)cc1,8.823908740944319,CHEMBL551061,2409,2009.0
O=C(Nc1ccc(Cl)cc1)Nc1ccc(OCc2nc3ccccc3s2)cc1,7.856985199745905,CHEMBL4447668,2409,2019.0
O=C(Nc1ccc(Cl)cc1)Nc1cccc(OCCCN2CCOCC2)c1,8.698970004336019,CHEMBL564360,2409,2009.0
O=C(Nc1ccc(Cl)cc1)Nc1nc2ccc(N(CCN3CCOCC3)C(=O)Nc3ccc(Cl)cc3)cc2s1,10.0,CHEMBL4781218,2409,2021.0
CN(C(=O)N(C)C1C2CC3CC(C2)CC1C3)c1ccc(F)c(F)c1F,5.735630864948384,CHEMBL1818414,2409,2011.0
CC1(C)C2CCC(CNC(=O)Nc3ccc(F)c(F)c3F)C1C2,9.397940008672036,CHEMBL1818389,2409,2011.0
CCOC(=O)C(CC)Cc1ccc(C(=O)NCc2ccc(Cl)cc2)cc1,5.769551078621726,CHEMBL3764123,2409,2016.0
CCOC(=O)C(CC)Cc1ccc(C(=O)NCc2ccc(C(F)(F)F)cc2)cc1,6.2441251443275085,CHEMBL3763432,2409,2016.0
CCCCCCCOCCNC(=O)NC12CC3CC(CC(C3)C1)C2,7.534627335844443,CHEMBL388004,2409,2007.0
CCOC(=O)C(C)Oc1ccc(CNC(=O)Nc2ccc(Cl)cc2)cc1,7.1938200260161125,CHEMBL3819337,2409,2016.0
CCOC(=O)C(C)Cc1ccc(C(=O)NCc2ccccc2C(F)(F)F)cc1,6.6020599913279625,CHEMBL3764424,2409,2016.0
Cc1cc(C2CCN(C(=O)Nc3ccccc3)CC2)n(-c2ccc(S(C)(=O)=O)cc2)n1,6.657577319177793,CHEMBL2424982,2409,2013.0
O=C(CCc1cccc(O)c1)N1CCC2(CC1)CCN(C(=O)Nc1ccc(OC(F)(F)F)cc1)C2,9.397940008672036,CHEMBL2436593,2409,2013.0
Cc1cccc(C)c1NC(=O)NC1CCC(Oc2ccc(F)cc2)CC1,5.920818753952375,CHEMBL221446,2409,2006.0
O=C(Nc1ccc(Cl)cc1Cl)N1CCC2(CCN(C(=O)c3c(F)cccc3F)CC2)C1,6.939302159646388,CHEMBL2436571,2409,2013.0
O=C(Nc1ccc(F)c(F)c1F)NC12CC3CC(CC(C3)O1)C2,7.671620396561262,CHEMBL4797443,2409,2020.0
Cc1cc(C2CCN(C(=O)NC3CCCCC3)CC2)n(-c2ccc(S(N)(=O)=O)cc2)n1,6.560667306169737,CHEMBL2425004,2409,2013.0
Cc1cc(C2CCN(C(=O)NC3CCCCC3)CC2)n(-c2ccc(S(C)(=O)=O)cc2)n1,5.459545386328588,CHEMBL2424981,2409,2013.0
CCOC(=O)C(C)Oc1ccc(CCNC(=O)Nc2ccc(Cl)cc2)cc1,7.568636235841012,CHEMBL3818107,2409,2016.0
CC1(C)C2CCC1(C)C(NC(=O)NCCCCCCCCNC(=O)NC1CC3CCC1(C)C3(C)C)C2,9.397940008672036,CHEMBL4750771,2409,2020.0
O=C(Nc1cccc(C(=O)N2CCC(N3CCOCC3)CC2)c1)NC12CC3CC(CC(C3)C1)C2,7.539860052683526,CHEMBL478322,2409,2009.0
O=C(Nc1cccc(C(=O)N2CCNCC2)c1)NC12CC3CC(CC(C3)C1)C2,6.87484417041947,CHEMBL3222113,2409,2012.0
O=C(Nc1cccc(C(=O)c2ccccc2)c1)NC12CC3CC(CC(C3)C1)C2,8.568636235841012,CHEMBL2031817,2409,2012.0
CCn1ccc(NC(=O)NC23CC4CC(CC(C4)C2)C3)n1,6.053547734986926,CHEMBL2392729,2409,2013.0
CCCCCCCC[S+]([O-])Cc1ccccc1,5.167491087293763,CHEMBL2398218,2409,2013.0
CC1CCCN(C(=O)Nc2ccc(OC(F)(F)F)cc2)C1,7.920818753952375,CHEMBL591319,2409,2010.0
O=C(Nc1cccc(C(=O)O)c1)NC1CCC(Oc2ccc(F)cc2)CC1,6.229147988357855,CHEMBL221792,2409,2006.0
O=C(Nc1ccc(Cl)cc1)NC1CCC(Oc2ccc(F)cc2)CC1,9.154901959985745,CHEMBL374730,2409,2006.0
O=C(Nc1cccc(C(=O)O)c1)NC12CC3CC(CC(C3)C1)C2,6.437707135543525,CHEMBL478320,2409,2009.0
CCn1nc(NC(=O)NC23CC4CC(CC(C4)C2)C3)cc1C,5.599980364934842,CHEMBL2392730,2409,2013.0
CCn1nc(NC(=O)NC2C3CC4CC(C3)CC2C4)cc1C,5.608535588160897,CHEMBL2392740,2409,2013.0
O=C(Nc1cccc(C(=O)NCCCN2CCOCC2)c1)NC12CC3CC(CC(C3)C1)C2,7.2373214362725635,CHEMBL2031918,2409,2012.0
CCCCCCCNC(=O)NC1C2CC3CC(C2)CC1C3,9.30102999566398,CHEMBL1818402,2409,2011.0
CC1(C)C2CCC1(C)C(NC(=O)NCCCCNC(=O)NC1CC3CCC1(C)C3(C)C)C2,8.638272163982407,CHEMBL4762498,2409,2020.0
CCCCCCCNC(=O)Nc1ccc(C)c(Cl)c1,8.795880017344075,CHEMBL1818403,2409,2011.0
CCCCCCCNC(=O)Nc1ccc(F)c(F)c1F,9.397940008672036,CHEMBL1818387,2409,2011.0
O=C(Nc1cccc(C(=O)NCC2CN(Cc3ccccc3)CCO2)c1)NC12CC3CC(CC(C3)C1)C2,7.866461091629782,CHEMBL2031788,2409,2012.0
O=C(Nc1ccc(Cl)cc1)Nc1ccc(Cl)c(Cl)c1,7.886056647693163,CHEMBL1076347,2409,2011.0
O=C(Nc1ccc(Cl)cc1)Nc1ccc(F)c(OCCCN2CCOCC2)c1,8.318758762624412,CHEMBL550655,2409,2009.0
O=C(Nc1cccc(C(=O)N2CCOCC2)c1)NC12CC3CC(CC(C3)C1)C2,7.605562442112292,CHEMBL515028,2409,2009.0
CCCCCCCNC(=O)Nc1cccc(C(F)(F)F)c1F,9.397940008672036,CHEMBL1818407,2409,2011.0
Cc1cc(C2CCCN2C(=O)NCC23CC4CC(CC(C4)C2)C3)on1,7.040958607678906,CHEMBL3633678,2409,2015.0
Cc1cc(C2CCCN2C(=O)NCC23CC4CC(CC(C4)C2)C3)no1,6.280420142286276,CHEMBL3633675,2409,2015.0
O=C(Nc1ccc2c(c1)-c1ccccc1S2(=O)=O)N1CCC(F)(F)CC1,7.698970004336019,CHEMBL4465514,2409,2016.0
O=C(Nc1ccc(F)c(F)c1F)NC1C2CC3CC(C2)CC1C3,9.397940008672036,CHEMBL1818384,2409,2011.0
CCC(=O)N1CCC(NC(=O)Nc2ccc(CC)cc2)CC1,8.080921907623926,CHEMBL1257757,2409,2010.0
O=C(CCCCCNC(=O)NC12CC3CC(CC(C3)C1)C2)NC(Cc1ccccc1)C(=O)O,5.568636235841012,CHEMBL376653,2409,2006.0
O=C(Nc1ccc(I)cc1)NC12CC3CC(CC(C3)C1)C2,9.30102999566398,CHEMBL2031797,2409,2012.0
O=C(Nc1ccc(I)cc1)NC1CCC(Oc2ccc(F)cc2)CC1,9.0,CHEMBL220908,2409,2006.0
O=C(Nc1ccc(I)cc1)NC1CCCCC1,6.853871964321762,CHEMBL1231797,2409,2016.0
CCC(=O)N1CCC(NC(=O)Nc2ccc(Cl)c(C(F)(F)F)c2)CC1,8.387216143280265,CHEMBL1258669,2409,2010.0
CC(C)(C)c1ccc(C(=O)NCc2ccc(SC(F)(F)F)cc2)cc1,6.4089353929735005,CHEMBL4074393,2409,2017.0
CC(C)(C)c1ccc(NC(=O)NC2CCCCC2)cc1,8.4089353929735,CHEMBL2029374,2409,2012.0
Cc1ccc(S(=O)(=O)N2CCC(NC(=O)Nc3ccc(OC(F)(F)F)cc3)CC2)cc1,9.397940008672036,CHEMBL1257759,2409,2010.0
Cc1ccc(S(=O)(=O)N2CCC(C(=O)Nc3cnc4ccccc4c3)CC2)c(C)c1,8.638272163982407,CHEMBL2313181,2409,2013.0
O=C(Nc1ccc(NC(=O)NC23CC4CC(CC(C4)C2)C3)cc1)NC12CC3CC(CC(C3)C1)C2,7.709965388637482,CHEMBL3263299,2409,2014.0
CCOC(=O)C(=Cc1ccc(C(=O)NCc2ccccc2C(F)(F)F)cc1)CC,7.200659450546418,CHEMBL3764393,2409,2016.0
CC1CCN(CCN(C(=O)Nc2ccc(Cl)cc2)c2ccc3nc(N)sc3c2)CC1,7.694648630553377,CHEMBL4745655,2409,2021.0
Cc1ccc(S(=O)(=O)N2CCC(C(=O)Nc3ccccc3O)CC2)c(C)c1,8.920818753952375,CHEMBL2313192,2409,2013.0
Cc1ccc(S(=O)(=O)N2CCC(C(=O)Nc3ccccc3F)CC2)c(C)c1,8.958607314841775,CHEMBL2313190,2409,2013.0
O=C(CCCc1ccccc1)NC1CCCCC1,5.853871964321762,CHEMBL192843,2409,2005.0
Cc1ccc(S(=O)(=O)N2CCC(C(=O)Nc3ccccc3Cl)CC2)c(C)c1,8.060480747381382,CHEMBL2313168,2409,2013.0
CC1CCN(C(=O)Nc2ccc(OC(F)(F)F)cc2)CC1,7.744727494896693,CHEMBL602743,2409,2010.0
O=C(Nc1ccc(O)c(C(=O)O)c1)NC12CC3CC(CC(C3)C1)C2,6.935542010773082,CHEMBL477046,2409,2009.0
Cc1cccc(NC(=O)NC23CC4CC(CC(C4)C2)C3)c1,8.214670164989233,CHEMBL2031801,2409,2012.0
O=C(Nc1ccc(Cl)cc1)N1CCCC(CCCO)(c2ccccc2)C1,8.886056647693163,CHEMBL1079291,2409,2009.0
Cc1ccc(S(=O)(=O)N2CCC(C(=O)Nc3ccc4cc(C(=O)O)ccc4c3)CC2)c(C)c1,9.221848749616356,CHEMBL2313183,2409,2013.0
O=C(Nc1ccc(F)cc1)Nc1cccc(OCCCN2CCOCC2)c1,7.853871964321762,CHEMBL551126,2409,2009.0
O=C(Nc1ccc(F)c(F)c1F)NC1CCCC1,7.250263684430939,CHEMBL1818392,2409,2011.0
O=C(Nc1ccc(F)c(F)c1F)NC1CCCCC1,8.920818753952375,CHEMBL1818391,2409,2011.0
CC(C)(C)c1ccc(C(=O)NCc2ccc(S(C)(=O)=O)cc2)cc1,5.920818753952375,CHEMBL4102626,2409,2017.0
CC(C)(C)c1ccc(C(=O)NCc2ccc(S(N)(=O)=O)cc2)cc1,6.552841968657781,CHEMBL381544,2409,2017.0
CC(Oc1ccc(CNC(=O)Nc2ccc(Cl)cc2)cc1)C(=O)O,6.070581074285707,CHEMBL3818059,2409,2016.0
CCC(=O)N1CCC(NC(=O)Nc2ccc(C)cc2)CC1,7.366531544420413,CHEMBL1257756,2409,2010.0
CC(C)(C)c1ccc(C(=O)NCc2ccc(S(N)(=O)=O)cc2F)cc1,6.863279432843593,CHEMBL4094881,2409,2017.0
Cc1cc(C(=O)O)ccc1CNC(=O)c1ccc(C(C)(C)C)cc1,6.167491087293763,CHEMBL4076274,2409,2017.0
O=C(Nc1ccc(F)c(F)c1F)NC1CCCCCCC1,9.397940008672036,CHEMBL1818390,2409,2011.0
CCC(=O)N1CCC(NC(=O)Nc2ccc(OC)cc2)CC1,7.060480747381382,CHEMBL1257878,2409,2010.0
O=C(Nc1ccc(F)c(F)c1F)OC1C2CC3CC(C2)CC1C3,6.333669255698032,CHEMBL1818412,2409,2011.0
CN(C(=O)NC1C2CC3CC(C2)CC1C3)c1ccc(F)c(F)c1F,7.41907502432438,CHEMBL1818413,2409,2011.0
COc1cc(OC2OC(CO)C(O)C(O)C2O)c2c(OC)c(C(C)=O)c(OC3OCC(O)(CO)C3O)cc2c1,5.657577319177793,CHEMBL3634700,2409,2015.0
O=C(Nc1ccc(F)c(OCCCN2CCOCC2)c1)NC12CC3CC(CC(C3)C1)C2,9.096910013008056,CHEMBL560384,2409,2009.0
O=C(Nc1ccc(F)c(OCCCN2CCOCC2)c1)NC1CCCCC1,8.187086643357144,CHEMBL549902,2409,2009.0
CCOC(=O)C(=Cc1cccc(C(=O)NCc2ccccc2C(F)(F)F)c1)CC,7.397940008672037,CHEMBL3765080,2409,2016.0
O=C(Nc1ccc(F)cc1)Nc1ccc(F)c(OCCCN2CCOCC2)c1,7.397940008672037,CHEMBL551597,2409,2009.0
N#Cc1ccc(S(=O)(=O)N2CCC(C(=O)NC3CCCCCC3)CC2)cc1,5.6777807052660805,CHEMBL1933504,2409,2012.0
N#Cc1ccc(OC2CCN(C(=O)NCc3ccc(Cl)cc3Cl)CC2)cc1,8.3767507096021,CHEMBL589859,2409,2010.0
Cc1ccc(S(=O)(=O)N2CCC(C(=O)Nc3ccc4c(c3)OCO4)CC2)c(C)c1,8.2839966563652,CHEMBL2313161,2409,2013.0
Cc1cccc(C(=O)N2CCC(C(=O)NC3CCCCCC3)CC2)c1,6.107905397309519,CHEMBL1933674,2409,2012.0
O=C(Cc1ccc2c(c1)OCO2)Nc1cccc(OCCCN2CCOCC2)c1,6.437707135543525,CHEMBL550046,2409,2009.0
CC(C)(C)c1ccc(C(=O)NCc2ccc(C(=O)O)cc2Cl)cc1,6.769551078621726,CHEMBL4088582,2409,2017.0
O=C(NCCC(c1ccccc1)c1ccccc1)c1ccccc1,8.292429823902063,CHEMBL556303,2409,2009.0
O=C(NCCC(c1ccccc1)c1ccccc1)c1ccccn1,7.0,CHEMBL569141,2409,2009.0
O=C(NCCC(c1ccccc1)c1ccccc1)c1cccnc1,8.154901959985743,CHEMBL560537,2409,2009.0
O=C(NCCC(c1ccccc1)c1ccccc1)c1ccncc1,8.102372908709558,CHEMBL571898,2409,2009.0
O=C(NCCC1CCOCC1)C1CCN(C(=O)NCc2ccc(Cl)cc2Cl)CC1,6.823908740944319,CHEMBL594132,2409,2010.0
O=C(NCCC1CNC(Cc2ccccc2)CN1)NC12CC3CC(CC(C3)C1)C2,5.863279432843593,CHEMBL3222112,2409,2012.0
O=C(NCCCC(c1ccccc1)c1ccccc1)c1cccnc1,6.920818753952375,CHEMBL561479,2409,2009.0
O=C(NCCCCCCCCCCNC(=O)NC1CC2C=CC1C2)NC1CC2C=CC1C2,9.397940008672036,CHEMBL4786305,2409,2020.0
O=C(NCCCCCCCCNC(=O)NC12CC3CC(CC(C3)C1)C2)NC12CC3CC(CC(C3)C1)C2,6.001304841688344,CHEMBL3263296,2409,2014.0
O=C(NCCC(c1ccccc1)c1ccccc1)c1ccc(OCC(F)(F)F)nc1,8.267606240177031,CHEMBL565628,2409,2009.0
O=C(NCCCCCCCCNC(=O)NC1C2CC3CC(C2)CC1C3)NC1C2CC3CC(C2)CC1C3,8.486121397654724,CHEMBL3263302,2409,2014.0
O=C(NCCCCCCCCNC(=O)NCC12CC3CC(CC(C3)C1)C2)NCC12CC3CC(CC(C3)C1)C2,8.136677139879545,CHEMBL3263290,2409,2014.0
O=C(NCCCCCCCCNC(=O)NCCC12CC3CC(CC(C3)C1)C2)NCCC12CC3CC(CC(C3)C1)C2,8.823908740944319,CHEMBL4641883,2409,2020.0
O=C(NCCCCCCCCNC(=O)NCc1ccco1)NCc1ccco1,7.669586226650809,CHEMBL4758441,2409,2020.0
O=C(NC1CCC(O)CC1)NC12CC3CC(CC(C3)C1)C2,7.624229275641135,CHEMBL242257_CHEMBL395714,2409,
O=C(NC1CCC(Cc2ccc(F)cc2)CC1)NC12CC3CC(CC(C3)C1)C2,8.602059991327963,CHEMBL243522,2409,2007.0
CC(C)(C)NC(=O)Nc1cccc(OCCCN2CCOCC2)c1,5.982966660701219,CHEMBL550923,2409,2009.0
O=C(NC1CC2C=CC1C2)NC1C2CC3CC(C2)CC1C3,9.045757490560677,CHEMBL4776297,2409,2020.0
O=C(NC1CC1c1ccccc1)c1ccc2nonc2c1,7.209996479609511,CHEMBL1672129,2409,2011.0
O=C(NC1CC1c1ccccc1)N1CCC2(CCc3ncccc3O2)CC1,8.301029995663981,CHEMBL522211,2409,2009.0
O=C(NCCCCCCCCNC(=O)NC1CC2CCC1C2)NC1CC2CCC1C2,9.397940008672036,CHEMBL4759033,2409,2020.0
O=C(NC1CCC(O)CC1)NC1CCC(O)CC1,5.853871964321762,CHEMBL231584,2409,2007.0
O=C(NCCC(c1ccccc1)c1ccccc1)c1ccc(CCN2CCCC2)nc1,7.744727494896693,CHEMBL566038,2409,2009.0
O=C(NCCC(c1ccccc1)c1ccccc1)c1ccc(=O)[nH]c1,8.09151498112135,CHEMBL567503,2409,2009.0
O=C(NCC1CCN(C(=O)c2ccc(C(=O)O)cc2)CC1)NC12CC3CC(CC(C3)C1)C2,7.928117992693874,CHEMBL387280,2409,2006.0
O=C(NC1CCC(OCCCN2CCOCC2)CC1)NC12CC3CC(CC(C3)C1)C2,8.744727494896694,CHEMBL2031949_CHEMBL245158,2409,
O=C(NCC1CCN(C(=O)c2cccc(C(=O)O)c2)CC1)NC12CC3CC(CC(C3)C1)C2,7.366531544420413,CHEMBL437328,2409,2006.0
O=C(NCC1CCN(C(=O)c2ccccc2)CC1)NC12CC3CC(CC(C3)C1)C2,8.494850021680094,CHEMBL214883,2409,2006.0
O=C(NCC1CCN(C(=O)c2ccccc2C(=O)O)CC1)NC12CC3CC(CC(C3)C1)C2,6.3979400086720375,CHEMBL214735,2409,2006.0
O=C(NCC1CCN(C(=O)c2ccccn2)CC1)NC12CC3CC(CC(C3)C1)C2,8.119186407719209,CHEMBL386855,2409,2006.0
O=C(NC1CCC(OCC2CCCCC2)CC1)NC12CC3CC(CC(C3)C1)C2,8.439586254208137,CHEMBL395987_CHEMBL397669,2409,
O=C(NC1CCC(OC2CCCCC2)CC1)NC12CC3CC(CC(C3)C1)C2,8.795880017344075,CHEMBL2031789,2409,2012.0
Cc1c(Cl)cccc1NC(=O)NC1C2CC3CC(C2)CC1C3,8.346787486224656,CHEMBL1818397,2409,2011.0
CCCCC(=O)N1CCC2(CC1)CCN(C(=O)Nc1ccc(OC(F)(F)F)cc1)C2,9.096910013008056,CHEMBL2436592,2409,2013.0
NC(=O)C1CCN(C(=O)NCc2ccc(Cl)cc2Cl)CC1,6.657577319177793,CHEMBL591790,2409,2010.0
O=C(NCC1CCN(C(=O)c2cccnc2)CC1)NC12CC3CC(CC(C3)C1)C2,8.267606240177031,CHEMBL425436,2409,2006.0
O=C(NCC1CCN(C(=O)c2ccncc2)CC1)NC12CC3CC(CC(C3)C1)C2,8.136677139879545,CHEMBL215069,2409,2006.0
O=C(NC1CCC(OC(=O)c2ccccc2)CC1)NC12CC3CC(CC(C3)C1)C2,9.0,CHEMBL2031950,2409,2012.0
O=C(NCC1CCN(Cc2ccccc2)CC1)NC12CC3CC(CC(C3)C1)C2,6.958607314841775,CHEMBL215146,2409,2006.0
O=C(NCC1CCNCC1)NC12CC3CC(CC(C3)C1)C2,5.376750709602099,CHEMBL216287,2409,2006.0
O=C(NCCC(c1ccc(F)cc1)c1ccc(F)cc1)N1CCC(c2cnccn2)C1,8.460409376976187,CHEMBL1085743,2409,2010.0
O=C(NCCC(c1ccc(F)cc1)c1ccc(F)cc1)c1ccc(O)nc1,8.301029995663981,CHEMBL563417,2409,2009.0
O=C(NCCC(c1ccc(F)cc1)c1ccc(F)cc1)c1cccnc1,8.096910013008056,CHEMBL563216,2409,2009.0
O=C(NCCC(c1ccc(F)cc1)c1ccc(F)cc1)c1ccnc(OCC(F)(F)F)c1,8.301029995663981,CHEMBL564893,2409,2009.0
O=C(NCCC(c1ccccc1)c1ccccc1)N1CCCC1,7.045757490560675,CHEMBL4555893,2409,2016.0
O=C(NCCCCCCNC(=O)NCC12CC3CC(CC(C3)C1)C2)NCC12CC3CC(CC(C3)C1)C2,9.27642098432889,CHEMBL3263289,2409,2014.0
O=C(NCCCCCCNC(=O)NCCC12CC3CC(CC(C3)C1)C2)NCCC12CC3CC(CC(C3)C1)C2,9.096910013008056,CHEMBL4645669,2409,2020.0
O=C(NCCCCCCNC(=O)NCc1ccco1)NCc1ccco1,7.06398920428479,CHEMBL1528958,2409,2020.0
CCSc1cccc(-c2ccc(C(N)=O)s2)c1,5.484126156288321,CHEMBL4587512,2409,2016.0
O=C(NCCCCNC(=O)NC1C2CC3CC(C2)CC1C3)NC1C2CC3CC(C2)CC1C3,7.982966660701219,CHEMBL3263301,2409,2014.0
O=C(NCCCCNC(=O)NC1CC2C=CC1C2)NC1CC2C=CC1C2,7.67778070526608,CHEMBL4744199,2409,2020.0
CCOCCOCC(OC(=O)C1CCCC(NC(=O)NC23CC4CC(CC(C4)C2)C3)C1)c1ccccc1,8.045757490560675,CHEMBL2070334,2409,2012.0
N=C(N)NCCCC(NC(=O)C(Cc1ccccc1)NC(=O)CCCCCNC(=O)NC1CCCCC1)C(=O)O,5.6777807052660805,CHEMBL219043,2409,2006.0
O=C(NC1CC1c1ccccc1)N1CCC(n2ccnn2)CC1,6.366531544420413,CHEMBL564975,2409,2009.0
CCOCCNC(=O)NC12CC3CC(CC(C3)C1)C2,6.280006173632396,CHEMBL1818416,2409,2011.0
O=C(NC1CC1c1ccccc1)N1CCC(n2cccn2)CC1,6.318758762624412,CHEMBL559101,2409,2009.0
O=C(NCCCCNC(=O)NC1CC2CCC1C2)NC1CC2CCC1C2,7.928117992693874,CHEMBL4748141,2409,2020.0
O=C(NCCCCNC(=O)NCC12CC3CC(CC(C3)C1)C2)NCC12CC3CC(CC(C3)C1)C2,7.580044251510242,CHEMBL3263288,2409,2014.0
O=C(NCCCCNC(=O)NCCC12CC3CC(CC(C3)C1)C2)NCCC12CC3CC(CC(C3)C1)C2,8.468521082957745,CHEMBL4644608,2409,2020.0
O=C(NCCCCNC(=O)NCc1ccco1)NCc1ccco1,5.744245213356956,CHEMBL4754523,2409,2020.0
O=C(NCCCCO)NC12CC3CC(CC(C3)C1)C2,6.545107024050466,CHEMBL397197,2409,2007.0
O=C(NC1CC1c1ccccc1)N1CCC(c2nnco2)CC1,6.628932137728263,CHEMBL561379,2409,2009.0
O=C(NCCCCOc1ccc(F)cc1)NC12CC3CC(CC(C3)C1)C2,8.181806207093421,CHEMBL387810,2409,2007.0
Cc1c(O)noc1C1CCN(C(=O)NC2CC2c2ccccc2)CC1,5.958607314841775,CHEMBL552196,2409,2009.0
O=C(NCCCN1CCOCC1)NC12CC3CC(CC(C3)C1)C2,6.214385475053176,CHEMBL1535088,2409,2012.0
O=C(NCCCO)NC12CC3CC(CC(C3)C1)C2,6.127261172527332,CHEMBL242592,2409,2007.0
O=C(NC1CC1c1ccccc1)N1CCC(c2ncon2)CC1,7.267606240177031,CHEMBL561259,2409,2009.0
O=C(NCCCc1ccccc1)N1CCCC1c1ccccc1,6.1499424845013975,CHEMBL3809679_CHEMBL3810131,2409,
O=C(NCCCc1ccccc1)NC(CO)c1ccccc1,5.130718321530748,CHEMBL3808430_CHEMBL3808768,2409,
O=C(NCCCc1ccccc1)NC12CC3CC(CC(C3)C1)C2,9.0,CHEMBL2031923,2409,2012.0
O=C(NCCCCNC(=O)NC12CC3CC(CC(C3)C1)C2)NC12CC3CC(CC(C3)C1)C2,8.142667503568731,CHEMBL3263293,2409,2014.0
O=C(NCC1CCN(C(=O)NCC23CC4CC(CC(C4)C2)C3)CC1)NCC12CC3CC(CC(C3)C1)C2,7.401209493236885,CHEMBL3263292,2409,2014.0
O=C(NCCCCCOCCOCCOCc1ccccc1)NC12CC3CC(CC(C3)C1)C2,7.966576244513051,CHEMBL2031945,2409,2012.0
O=C(NCCCCCOCCN1CCOCC1)NC12CC3CC(CC(C3)C1)C2,8.638272163982407,CHEMBL2032043,2409,2012.0
CCOCCn1cc(C(=O)NCc2ccc(Cl)cc2Cl)ccc1=O,7.795880017344075,CHEMBL567283,2409,2009.0
O=C(NC1CC1c1ccccc1)N1CCC2(CCc3ccccc3O2)CC1,8.397940008672037,CHEMBL495995,2409,2009.0
O=C(NC1CC1c1ccccc1)N1CCC2(CCc3cc(F)ccc3O2)CC1,8.522878745280337,CHEMBL483876,2409,2009.0
O=C(NC1CC1c1ccccc1)N1CCC2(CC1)CC(O)c1ncccc1O2,8.096910013008056,CHEMBL523565,2409,2009.0
CCCCC(C#N)OC(=O)CCCNC(=O)NC12CC3CC(CC(C3)C1)C2,7.920818753952375,CHEMBL2070329,2409,2012.0
O=C(NCCCCCCO)NC12CC3CC(CC(C3)C1)C2,7.920818753952375,CHEMBL245143,2409,2007.0
O=C(NC1CC1c1ccccc1)N1CCC(n2cncn2)CC1,5.958607314841775,CHEMBL563732,2409,2009.0
CCOCCn1cc(C(=O)NCCC(c2ccccc2)c2ccccc2)ccc1=O,8.585026652029182,CHEMBL567491,2409,2009.0
CCOCCOCCOc1cccc(NC(=O)NC23CC4CC(CC(C4)C2)C3)c1,8.887314041526748,CHEMBL396760,2409,2007.0
CCOCCOCCOc1ccc(NC(=O)NC23CC4CC(CC(C4)C2)C3)cc1,8.81602076821172,CHEMBL438867,2409,2007.0
CCOCCOCCOCCCCCNC(=O)NC12CC3CC(CC(C3)C1)C2,7.853099195077476,CHEMBL242655,2409,2007.0
CCOCCOCCOCCCCCNC(=O)CC12CC3CC(CC(C3)C1)C2,8.0,CHEMBL244067,2409,2007.0
CCOCCOCCOCCCCCCNC(=O)NC12CC3CC(CC(C3)C1)C2,8.920818753952375,CHEMBL2031941,2409,2012.0
CCCCC(C)OC(=O)CCCNC(=O)NC12CC3CC(CC(C3)C1)C2,8.397940008672037,CHEMBL2070327,2409,2012.0
CCc1cc(-c2cccnc2)nn1-c1ccc(NC(=O)c2cccnc2)cc1,7.387216143280264,CHEMBL1234565,2409,2010.0
CCOCCOCCOCCCCCCC(=O)NC12CC3CC(CC(C3)C1)C2,6.607303046740334,CHEMBL244066,2409,2007.0
CCOCCOCCOC1CCC(NC(=O)NC23CC4CC(CC(C4)C2)C3)CC1,8.795880017344075,CHEMBL244068,2409,2007.0
CCOCCOCCOC(=O)CCCNC(=O)NC12CC3CC(CC(C3)C1)C2,7.173925197299173,CHEMBL2070330,2409,2012.0
CCOCCOCC(OC(=O)CCCNC(=O)NC12CC3CC(CC(C3)C1)C2)c1ccccc1,8.387345359137068,CHEMBL2031796,2409,2012.0
O=C(NCCCCCO)NC12CC3CC(CC(C3)C1)C2,7.075720713938118,CHEMBL245141,2409,2007.0
O=C(NCCCCCOCCCN1CCOCC1)NC12CC3CC(CC(C3)C1)C2,8.045757490560675,CHEMBL245151,2409,2007.0
O=C(NCCCCCOCCOCCOCC(F)(F)F)NC12CC3CC(CC(C3)C1)C2,8.853871964321762,CHEMBL396980,2409,2007.0
O=C(NCC1CCN(C(=O)C(F)(F)F)CC1)NC12CC3CC(CC(C3)C1)C2,8.744727494896694,CHEMBL214127,2409,2006.0
O=C(NC1CCC(OCc2c(Cl)cccc2Cl)CC1)NC12CC3CC(CC(C3)C1)C2,8.796729909783021,CHEMBL242025_CHEMBL243124,2409,
O=C(NCC1CCCCC1)Nc1cccc(Cl)c1,8.585026652029182,CHEMBL2031928,2409,2012.0
O=C(NC1CCCCCC1)C1CCN(S(=O)(=O)c2ccccc2Br)CC1,8.173925197299173,CHEMBL1933497,2409,2012.0
O=C(NC1CCCCCC1)C1CCN(S(=O)(=O)c2ccccc2F)CC1,7.107905397309519,CHEMBL1933498,2409,2012.0
O=C(NC1CCCCCC1)C1CCN(S(=O)(=O)c2ccccc2[N+](=O)[O-])CC1,7.920818753952375,CHEMBL1933500,2409,2012.0
O=C(NC1CCCCCC1)C1CCN(S(=O)(=O)c2cccs2)CC1,6.060480747381382,CHEMBL1933664,2409,2012.0
O=C(NC1CCCCCC1)NC1CCC(Oc2ccc(C(=O)O)cc2)CC1,8.346787486224656,CHEMBL4642519,2409,2020.0
O=C(NC1CCCCCC1)NC1CCC(Oc2ccc(F)cc2)CC1,9.30102999566398,CHEMBL221793,2409,2006.0
O=C(NC1CCN(C(=O)C(F)(F)F)CC1)NC12CC3CC(CC(C3)C1)C2,8.958607314841775,CHEMBL217758,2409,2006.0
O=C(NC1CCN(C(=O)C2CC2)CC1)NC12CC3CC(CC(C3)O1)C2,6.671620396561263,CHEMBL4800149,2409,2020.0
O=C(NC1CCCCCC1)C1CCN(C(=O)c2ccc(F)cc2)CC1,5.853871964321762,CHEMBL1933670,2409,2012.0
O=C(NC1CCCCCC1)C1CCN(C(=O)c2ccc(Cl)cc2)CC1,5.958607314841775,CHEMBL1314245,2409,2012.0
O=C(NC1CCCCCC1)C1CCN(C(=O)c2ccc(Br)cc2)CC1,6.229147988357855,CHEMBL1890196,2409,2012.0
CCCC(Cc1ccc(C(=O)NCc2ccccc2C(F)(F)F)cc1)C(=O)OCC,6.769551078621726,CHEMBL3764450,2409,2016.0
O=C(NC1CCN(C(=O)C2CCOCC2)CC1)NC12CC3CC(CC(C3)O1)C2,6.308918507877031,CHEMBL4762846,2409,2020.0
O=C(NC1CCCCC1)NC1CCN(C(=O)c2ccccn2)CC1,8.193820026016112,CHEMBL1668938,2409,2011.0
O=C(NC1CCCCC1)NC1C2CC3CC(C2)CC1C3,9.397940008672036,CHEMBL1609005,2409,2011.0
O=C(NC1CCN(C(=O)CCC(=O)N2CCNCC2)CC1)NC12CC3CC(CC(C3)C1)C2,7.111820506081675,CHEMBL3222122,2409,2012.0
O=C(NC1CCN(C(=O)c2ccc(C(=O)O)cc2)CC1)NC12CC3CC(CC(C3)C1)C2,8.481486060122112,CHEMBL386384,2409,2006.0
O=C(NC1CCN(C(=O)c2cccc(C(=O)O)c2)CC1)NC12CC3CC(CC(C3)C1)C2,8.0,CHEMBL385946,2409,2006.0
CCOc1ccc(CNC(=O)c2ccc(C(C)(C)C)cc2)cc1,6.2441251443275085,CHEMBL4100178,2409,2017.0
O=C(NC1CCN(C(=O)c2ccccc2)CC1)NC12CC3CC(CC(C3)C1)C2,8.886056647693163,CHEMBL216016,2409,2006.0
O=C(NC1CCN(C(=O)c2ccccc2C(=O)O)CC1)NC12CC3CC(CC(C3)C1)C2,6.795880017344075,CHEMBL214884,2409,2006.0
O=C(NC1CCCCCC1)C1CCN(S(=O)(=O)c2ccccc2)CC1,6.292429823902063,CHEMBL1705444,2409,2012.0
O=C(NC1CCCCC1)NC12CC3CC(CC(C3)C1)C2,8.763576679674722,CHEMBL242255,2409,2007.0
O=C(NC1CCCCCC1)C1CCN(S(=O)(=O)c2cccc3ccccc23)CC1,7.455931955649724,CHEMBL1933663,2409,2012.0
O=C(NC1CCCCCC1)C1CCN(S(=O)(=O)c2ccc3c(c2)OCCO3)CC1,6.649751981665837,CHEMBL1933662,2409,2012.0
O=C(NC1CCCCCC1)C1CCN(C(=O)c2ccccc2)CC1,6.200659450546418,CHEMBL1933672,2409,2012.0
O=C(NC1CCCCCC1)C1CCN(C(=O)c2ccccc2Cl)CC1,6.698970004336019,CHEMBL1933676,2409,2012.0
O=C(NC1CCCCCC1)C1CCN(C(=O)c2ccccc2F)CC1,7.036212172654444,CHEMBL1933673,2409,2012.0
O=C(NC1CCCCCC1)C1CCN(S(=O)(=O)C2CC2)CC1,6.346787486224656,CHEMBL1933495,2409,2012.0
O=C(NC1CCCCCC1)C1CCN(S(=O)(=O)C2CCCCC2)CC1,6.022276394711152,CHEMBL1933496,2409,2012.0
O=C(NC1CCCCCC1)C1CCN(S(=O)(=O)CCCl)CC1,6.468521082957745,CHEMBL1933492,2409,2012.0
O=C(NC1CCCCCC1)C1CCN(S(=O)(=O)c2cc(C(F)(F)F)ccc2Br)CC1,7.769551078621726,CHEMBL1933656,2409,2012.0
O=C(NC1CCCCCC1)C1CCN(S(=O)(=O)c2cc(Cl)c(Cl)s2)CC1,5.376750709602099,CHEMBL1933665,2409,2012.0
O=C(NC1CCCCCC1)C1CCN(S(=O)(=O)c2cc(Cl)sc2Cl)CC1,7.67778070526608,CHEMBL1933668,2409,2012.0
O=C(NC1CCCCCC1)C1CCN(S(=O)(=O)c2ccc(Br)cc2)CC1,6.251811972993799,CHEMBL1933507,2409,2012.0
O=C(NC1CCCCCC1)C1CCN(S(=O)(=O)c2ccc(Br)cc2Br)CC1,7.920818753952375,CHEMBL1933649,2409,2012.0
O=C(NC1CCCCCC1)C1CCN(S(=O)(=O)c2ccc(Br)s2)CC1,6.1487416512809245,CHEMBL1933666,2409,2012.0
O=C(NC1CCCCCC1)C1CCN(S(=O)(=O)c2ccc(C(F)(F)F)cc2)CC1,5.6777807052660805,CHEMBL1933506,2409,2012.0
O=C(NC1CCCCCC1)C1CCN(S(=O)(=O)c2ccc(C(F)(F)F)cc2Br)CC1,7.251811972993799,CHEMBL1933650,2409,2012.0
O=C(NC1CCCCCC1)C1CCN(S(=O)(=O)c2ccc(F)cc2)CC1,5.721246399047171,CHEMBL1729370,2409,2012.0
O=C(NC1CCCCCC1)C1CCN(S(=O)(=O)c2ccc(F)cc2Br)CC1,8.267606240177031,CHEMBL1933515,2409,2012.0
O=C(NC1CCCCCC1)C1CCN(S(=O)(=O)c2ccc(F)cc2C(F)(F)F)CC1,7.823908740944319,CHEMBL1933516,2409,2012.0
O=C(NC1CCCCCC1)C1CCN(S(=O)(=O)c2ccc(F)cc2Cl)CC1,7.568636235841012,CHEMBL1933647,2409,2012.0
O=C(NC1CCCCCC1)C1CCN(S(=O)(=O)c2ccc(F)cc2[N+](=O)[O-])CC1,8.113509274827518,CHEMBL1933648,2409,2012.0
O=C(NC1CCCCCC1)C1CCN(S(=O)(=O)c2ccc(O)cc2)CC1,6.853871964321762,CHEMBL1933511,2409,2012.0
O=C(NC1CCCCCC1)C1CCN(S(=O)(=O)c2ccc(OC(F)(F)F)cc2)CC1,5.958607314841775,CHEMBL1933510,2409,2012.0
O=C(NC1CCCCCC1)C1CCN(S(=O)(=O)c2cccc([N+](=O)[O-])c2)CC1,6.920818753952375,CHEMBL1933653,2409,2012.0
O=C(NCCCc1ccccc1)NC1CCCc2ccccc21,7.886056647693163,CHEMBL3808508_CHEMBL3808557,2409,
O=C(NC1CCN(C(=O)c2ccccc2F)CC1)NC12CC3CC(CC(C3)O1)C2,7.337242168318426,CHEMBL4784603,2409,2020.0
O=C(NC1CCN(C(=O)c2cccnc2)CC1)NC12CC3CC(CC(C3)C1)C2,8.769551078621726,CHEMBL214128,2409,2006.0
O=C(NCC12CC3CC(CC(C3)C1)C2)Nc1ccc(NC(=O)NCC23CC4CC(CC(C4)C2)C3)cc1,6.108128169554416,CHEMBL3263291,2409,2014.0
COc1ccc(C(=O)NCc2ccccc2C)cc1OC1CCCC1,6.7447274948966935,CHEMBL4105571,2409,2018.0
COc1ccc(C(=O)NCc2ccccc2C(F)(F)F)cc1OC1CCCC1,7.823908740944319,CHEMBL4079802,2409,2018.0
COc1ccc(C(=O)NCc2ccc(OC)cc2C(F)(F)F)cc1,9.0,CHEMBL4091712,2409,2018.0
O=C(NCC12CC3CC(CC(C3)C1)C2)Nc1ccccc1F,9.154901959985745,CHEMBL4633887,2409,2020.0
O=C(NC1CCC(Oc2cccc(C(=O)O)c2)CC1)NC12CC3CC(CC(C3)C1)C2,8.721246399047171,CHEMBL244406,2409,2007.0
CCS(=O)(=O)N1CCC(NC(=O)Nc2ccc(OC(F)(F)F)cc2)CC1,9.397940008672036,CHEMBL1257635,2409,2010.0
O=C(NC1CCC(Oc2ccc([N+](=O)[O-])cc2)CC1)NC12CC3CC(CC(C3)C1)C2,9.168243764792422,CHEMBL244193_CHEMBL397694,2409,
O=C(NC1CCC(Oc2ccc(F)cc2)CC1)NC12CC3CC(CC(C3)C1)C2,9.219382002601613,CHEMBL243335_CHEMBL374322,2409,
O=C(NC1CCC(Oc2ccc(C(F)(F)F)cn2)CC1)NC12CC3CC(CC(C3)C1)C2,8.531743128760553,CHEMBL2031794_CHEMBL2031934,2409,
O=C(NC1CCC(Oc2ccc(C(=O)O)cc2)CC1)NC1CC2C=CC1C2,8.823908740944319,CHEMBL4755752,2409,2020.0
O=C(NC1CCC(Oc2ccc(C(=O)O)cc2)CC1)NC12CC3CC(CC(Cl)(C3)C1)C2,9.397940008672036,CHEMBL4643551,2409,2020.0
O=C(NC1CCC(Oc2ccc(C(=O)O)cc2)CC1)NC12CC3CC(CC(C3)O1)C2,8.045757490560675,CHEMBL4779073,2409,2020.0
O=C(NC1CCC(Oc2ccc(Br)cc2)CC1)NC12CC3CC(CC(C3)C1)C2,8.847877988956986,CHEMBL243125_CHEMBL243337,2409,
COc1ccc(C(=O)N2CCC(C(=O)NC3CCCCCC3)CC2)cc1,5.920818753952375,CHEMBL1933669,2409,2012.0
O=C(NC1CCC(Oc2cc(F)cc(F)c2)CC1)NC12CC3CC(CC(C3)C1)C2,9.04309307380814,CHEMBL243336_CHEMBL396546,2409,
O=C(NC1CCC(OCc2ccccc2Cl)CC1)NC12CC3CC(CC(C3)C1)C2,8.633803120088515,CHEMBL242900_CHEMBL245255,2409,
O=C(NC1CCC(OCc2ccccc2)CC1)NC12CC3CC(CC(C3)C1)C2,8.92463862800806,CHEMBL242898_CHEMBL395988,2409,
O=C(NC1CCC(OCc2ccc(Br)cc2)CC1)NC12CC3CC(CC(C3)C1)C2,8.452475557482803,CHEMBL242460_CHEMBL242899,2409,
CC(O)C(NC(=O)C(Cc1ccccc1)NC(=O)CCCCCNC(=O)NC1CCCCC1)C(=O)O,5.886056647693163,CHEMBL438273,2409,2006.0
O=C(NC1CCC(OCc2c(F)cccc2F)CC1)NC12CC3CC(CC(C3)C1)C2,8.970765088362311,CHEMBL376647_CHEMBL395738,2409,
O=C(NC1CCC(Oc2ccccc2C(=O)O)CC1)NC12CC3CC(CC(C3)C1)C2,6.481486060122112,CHEMBL244407,2409,2007.0
O=C(NC1CCN(C(=O)c2ccccn2)CC1)NC12CC3CC(CC(C3)C1)C2,8.920818753952375,CHEMBL215161,2409,2006.0
O=C(NCC12CC3CC(CC(C3)C1)C2)Nc1ccc(F)c(F)c1F,9.397940008672036,CHEMBL1818386,2409,2011.0
O=C(NC1CCC2CCCC2C1)C1CCCN(S(=O)(=O)c2cccs2)C1,8.698970004336019,CHEMBL4793243,2409,2020.0
O=C(NC1CCN(C(=O)c2cccnc2)CC1)NC12CC3CC(CC(C3)O1)C2,6.798602875679549,CHEMBL4785423,2409,2020.0
O=C(NC1CCN(C(=O)c2ccncc2)CC1)NC12CC3CC(CC(C3)C1)C2,8.67778070526608,CHEMBL214179,2409,2006.0
O=C(NC1CCN(Cc2ccccc2)CC1)NC12CC3CC(CC(C3)C1)C2,8.0,CHEMBL387034,2409,2006.0
O=C(NC1CCN(Cc2ccccc2)CC1)NC12CC3CC(CC(C3)O1)C2,5.961379838050297,CHEMBL4748933,2409,2020.0
O=C(NC1CCN(c2ccccc2)CC1)NC1CC1c1ccccc1,8.639974910810603,CHEMBL1672132,2409,2011.0
O=C(NC1CCNCC1)NC12CC3CC(CC(C3)C1)C2,6.522878745280337,CHEMBL215356,2409,2006.0
CC(C)(C)NC(=O)NC1C2CC3CC(C2)CC1C3,7.616184634019569,CHEMBL1818398,2409,2011.0
O=C(NC1CCOCC1)C1CCN(C(=O)NCc2ccc(Cl)cc2Cl)CC1,6.7447274948966935,CHEMBL565629,2409,2009.0
O=C(NC1CCCC(OCCCN2CCOCC2)C1)NC12CC3CC(CC(C3)C1)C2,8.602059991327963,CHEMBL563709,2409,2009.0
O=C(NC1CCc2ccccc2C1)N1CCC(c2nc(-c3ccccn3)no2)CC1,8.096910013008056,CHEMBL550242,2409,2009.0
O=C(NC1CCc2ccccc2CC1)N1CCC(c2nc(-c3ccccn3)no2)CC1,7.443697499232712,CHEMBL562926,2409,2009.0
O=C(NC1Cc2ccccc2C1)N1CCC(c2nc(-c3ccccn3)no2)CC1,6.886056647693163,CHEMBL552381,2409,2009.0
O=C(NC=Cc1ccc(Cl)cc1Cl)N1CCCC(CO)C1,6.638272163982407,CHEMBL591788,2409,2010.0
O=C(NCC#CCOc1ccc(F)cc1)NC12CC3CC(CC(C3)C1)C2,7.134770369977115,CHEMBL243521,2409,2007.0
O=C(NC1CCCC(C(=O)O)C1)NC12CC3CC(CC(C3)C1)C2,5.935542010773082,CHEMBL2070331,2409,2012.0
O=C(NC1CCCC(C(=O)NN2CCOCC2)C1)NC12CC3CC(CC(C3)C1)C2,7.58838029403677,CHEMBL2031790,2409,2012.0
O=C(NC1CCCC(C(=O)N2CCOCC2)C1)NC12CC3CC(CC(C3)C1)C2,8.086186147616283,CHEMBL2032040,2409,2012.0
CCCC(Cc1ccc(C(=O)NCc2ccccc2C(F)(F)F)cc1)C(=O)O,5.301029995663981,CHEMBL3764948,2409,2016.0
O=C(NC1CCCC(C(=O)N2CCC(N3CCOCC3)CC2)C1)NC12CC3CC(CC(C3)C1)C2,8.214670164989233,CHEMBL2032042,2409,2012.0
CCCC(C)OCCOCCOCCCCCNC(=O)NC12CC3CC(CC(C3)C1)C2,8.207608310501746,CHEMBL2031947,2409,2012.0
CCCC(C)COCCCCCNC(=O)NC12CC3CC(CC(C3)C1)C2,8.0,CHEMBL245145,2409,2007.0
O=C(NCC12CC3CC(CC(C3)C1)C2)NC1CC2C=CC1C2,9.154901959985745,CHEMBL4800466,2409,2020.0
CC(C)(C)c1ccc(C(=O)NCc2ccc(C(=O)O)cc2F)cc1,5.844663962534938,CHEMBL4060350,2409,2017.0
O=C(NCCCc1ccccc1)NC1CCc2ccccc21,7.422331981267469,CHEMBL3808731_CHEMBL3809780,2409,
O=C(NCCCc1ccccc1)c1cccnc1,6.154901959985743,CHEMBL560538,2409,2009.0
COc1ccc(CNC(=O)c2cccc(NC(C)=O)c2)c(C(F)(F)F)c1,8.537602002101044,CHEMBL4095377,2409,2018.0
COc1ccc(CNC(=O)c2cccc(OC3CCCC3)c2)c(C(F)(F)F)c1,9.397940008672036,CHEMBL4099452,2409,2018.0
COc1ccc(CNC(=O)c2ccccc2)c(C(F)(F)F)c1,8.698970004336019,CHEMBL4087689,2409,2018.0
O=C(Cc1cccnc1)NCCC(c1ccccc1)c1ccccc1,7.508638306165727,CHEMBL563527,2409,2009.0
O=C(Cc1ccccc1F)Nc1nc2ccc(N(CCN3CCOCC3)C(=O)Nc3ccc(Cl)cc3)cc2s1,8.38933983691012,CHEMBL4787307,2409,2021.0
CC(=O)Nc1ccc(CNC(=O)c2ccc(C(C)(C)C)cc2)cc1,5.950781977329818,CHEMBL4098909,2409,2017.0
O=C(Cc1ccccc1)Nc1nc2ccc(N(CCN3CCOCC3)C(=O)Nc3ccc(Cl)cc3)cc2s1,10.086186147616283,CHEMBL4745610,2409,2021.0
Cc1ccc([N+](=O)[O-])cc1S(=O)(=O)N1CCC(C(=O)NC2CCCCCC2)CC1,7.494850021680094,CHEMBL1933655,2409,2012.0
CCCCCCC(O)CCCNC(=O)Nc1cccc(Cl)c1,5.508638306165727,CHEMBL66498,2409,2004.0
COc1ccc(CNC(=O)c2ccc3c(c2)NC(=O)C3)c(C(F)(F)F)c1,8.522878745280337,CHEMBL4063138,2409,2018.0
CCCCCCC(Sc1nc(Cl)cc(N2CCC(C(=O)NCc3ccccc3C(F)(F)F)CC2)n1)C(=O)O,6.522878745280337,CHEMBL3818683,2409,2016.0
CCCCCCC(Sc1nc(Cl)cc(NCCCC(=O)NCc2ccccc2C(F)(F)F)n1)C(=O)O,5.920818753952375,CHEMBL3818976,2409,2016.0
CCCCCCC(Sc1nc(Cl)cc(NCCCC(=O)NCc2ccccc2C(F)(F)F)n1)C(=O)OCC,5.886056647693163,CHEMBL3818218,2409,2016.0
CCCC(=O)N1CCC(NC(=O)NC23CC4CC(CC(C4)C2)C3)CC1,8.585026652029182,CHEMBL215125,2409,2006.0
O=C(Cc1ccccc1)Nc1ccc(OCCCN2CCOCC2)cc1,6.060480747381382,CHEMBL557037,2409,2009.0
O=C(Nc1ccccc1)Nc1ccc(F)c(OCCCN2CCOCC2)c1,7.091514981121351,CHEMBL558639,2409,2009.0
O=C(Cc1ccc(OC(F)(F)F)cc1)Nc1cccc(OCCCN2CCOCC2)c1,7.366531544420413,CHEMBL561522,2409,2009.0
O=C(Cc1ccc(OC(F)(F)F)cc1)Nc1ccc(OCCCN2CCOCC2)cc1,7.376750709602099,CHEMBL557240,2409,2009.0
O=C(Cc1ccc(OC(F)(F)F)cc1)Nc1ccc(F)c(OCCCN2CCOCC2)c1,6.838631997765026,CHEMBL561664,2409,2009.0
O=C(Cc1ccc(F)cc1)Nc1cccc(OCCCN2CCOCC2)c1,6.259637310505756,CHEMBL564272,2409,2009.0
CCCCCCC(Sc1nc(Cl)cc(N2CCC(C(=O)NCc3ccccc3C(F)(F)F)CC2)n1)C(=O)OCC,5.6020599913279625,CHEMBL3819535,2409,2016.0
CCC(=O)N1CCC(NC(=O)Nc2ccc(Br)cc2)CC1,8.443697499232712,CHEMBL1258336,2409,2010.0
COc1ccc(CNC(=O)c2ccc(OC)c(OC3CCCC3)c2)c(C(F)(F)F)c1,9.221848749616356,CHEMBL4097831,2409,2018.0
COc1ccc(CNC(=O)c2ccc(OC(F)F)cc2)c(C(F)(F)F)c1,8.823908740944319,CHEMBL4063944,2409,2018.0
COc1ccc(CNC(=O)C2CCN(C(=O)OC(C)(C)C)CC2)c(C(F)(F)F)c1,8.769551078621726,CHEMBL4073578,2409,2018.0
O=C(NC12CC3CC(CC(C3)C1)C2)N1CCC2(CC1)CCN(C(=O)c1c(F)cccc1F)CC2,6.331334584545508,CHEMBL2436559,2409,2013.0
O=C(NC12CC3CC(C1)C(=O)C(C3)C2)NC12CC3CC(C1)C(=O)C(C3)C2,7.920818753952375,CHEMBL4645758,2409,2020.0
COc1ccc(CNC(=O)C2CCNCC2)c(C(F)(F)F)c1,6.431798275933005,CHEMBL4094206,2409,2018.0
Cc1c(C#N)n[nH]c1-c1cc(F)c2c(c1)C(C)(C)C(=O)N2,6.7447274948966935,CHEMBL4531666,2409,2016.0
CC(=O)c1cccc(NC(=O)NC2C3CC4CC(C3)CC2C4)c1,9.30102999566398,CHEMBL1818395,2409,2011.0
CC(=O)c1cccc(NC(=O)NC23CC4CC(CC(C4)C2)C3)c1,8.886056647693163,CHEMBL2031807,2409,2012.0
CC(=O)c1ccc(S(=O)(=O)N2CCC(C(=O)NC3CCCCCC3)CC2)cc1,6.468521082957745,CHEMBL1933502,2409,2012.0
CC(=O)c1ccc(NC(=O)NC23CC4CC(CC(C4)C2)C3)cc1,8.200659450546418,CHEMBL2031804,2409,2012.0
CC(=O)c1ccc(N2CCC(NC(=O)NC34CC5CC(CC(C5)O3)C4)CC2)cc1,7.0835460514500745,CHEMBL4753341,2409,2020.0
CC(=O)c1ccc(CNC(=O)c2ccc(C(C)(C)C)cc2)cc1,6.804100347590767,CHEMBL4076701,2409,2017.0
CCC(=O)N1CCC(NC(=O)NC2CCCCCC2)CC1,8.4089353929735,CHEMBL1257632,2409,2010.0
CCCCCCC(O)CCCNC(=O)NC12CC3CC(CC(C3)C1)C2,6.886056647693163,CHEMBL195796,2409,2005.0
COc1ccc(CNC(=O)c2ccc(C(C)(C)C)cc2)cc1,6.366531544420413,CHEMBL1300445,2409,2017.0
CC(=O)Oc1cccc(NC(=O)NC23CC4CC(CC(C4)C2)C3)c1,8.236572006437063,CHEMBL476056,2409,2009.0
CC(=O)Oc1ccc(NC(=O)NC23CC4CC(CC(C4)C2)C3)cc1,8.4089353929735,CHEMBL476058,2409,2009.0
CCC(=O)N1CCC(NC(=O)Nc2cc(Cl)cc(Cl)c2)CC1,9.397940008672036,CHEMBL1258558,2409,2010.0
COc1ccc(CNC(=O)c2ccc(C)c(NC(C)=O)c2)c(C(F)(F)F)c1,7.886056647693163,CHEMBL4103131,2409,2018.0
COc1ccc(CNC(=O)c2ccc(F)c(OC3CCCC3)c2)c(C(F)(F)F)c1,9.397940008672036,CHEMBL4072536,2409,2018.0
COc1ccc(CNC(=O)c2ccc(F)cc2)c(C(F)(F)F)c1,8.55284196865778,CHEMBL4067990,2409,2018.0
COc1ccc(CNC(=O)c2ccc(NC(C)=O)cc2)c(C(F)(F)F)c1,7.356547323513812,CHEMBL4091025,2409,2018.0
O=C(Cc1ccc(F)c(F)c1)Nc1cccc(OCCCN2CCOCC2)c1,6.493494967595128,CHEMBL550794,2409,2009.0
O=C(Cc1ccc(Cl)cc1)Nc1cccc(OCCCN2CCOCC2)c1,6.935542010773082,CHEMBL557509,2409,2009.0
O=C(Cc1ccc(Cl)cc1)Nc1ccc(OCCCN2CCOCC2)cc1,6.853871964321762,CHEMBL559929,2409,2009.0
O=C(Cc1ccc(C(F)(F)F)cc1)Nc1cccc(OCCCN2CCOCC2)c1,7.259637310505756,CHEMBL459778,2409,2009.0
Cc1cc(C(=O)N2CCC3(CCN(C(=O)Nc4ccc(OC(F)(F)F)cc4)C3)CC2)no1,9.397940008672036,CHEMBL2436578,2409,2013.0
N#Cc1cccc(OC2CCN(C(=O)NCc3ccc(Cl)cc3Cl)CC2)c1,8.309803919971486,CHEMBL589620,2409,2010.0
COc1ccc(NC(=O)NC2C3CC4CC(C3)CC2C4)cc1,7.844663962534938,CHEMBL1818415,2409,2011.0
CCC(=O)N1CCC(NC(=O)Nc2ccc(C(F)(C(F)(F)F)C(F)(F)F)cc2)CC1,9.397940008672036,CHEMBL1258785,2409,2010.0
CCC(=O)N1CCC(NC(=O)Nc2ccc(C(F)(C(F)(F)F)C(F)(F)F)cc2C)CC1,7.769551078621726,CHEMBL1258903,2409,2010.0
CCC(=O)N1CCC(NC(=O)Nc2ccc(C(F)(F)F)cc2)CC1,9.154901959985745,CHEMBL1258670,2409,2010.0
COc1ccc(NC(=O)NC2CCCCC2)cc1,6.638272163982407,CHEMBL191968,2409,2005.0
CCOC(=O)CNC(=O)NC1CC2CCC1C2,5.801617869991706,CHEMBL4763589,2409,2020.0
O=C(Nc1cc(C(F)(F)F)no1)NC12CC3CC(CC(C3)C1)C2,8.698970004336019,CHEMBL2392761,2409,2013.0
O=C(Nc1cc(Cl)cc(OC(F)(F)F)c1)NC12CC3CC(CC(C3)O1)C2,7.279014255846261,CHEMBL4762265,2409,2020.0
CCOC(=O)CNC(=O)NC1CC2CCC1(C)C2(C)C,5.664341547710698,CHEMBL4781063,2409,2020.0
Cc1ccc(SCC(=O)c2ccc3c(c2)CC(=O)N3)cc1,5.151810883008601,CHEMBL4462187,2409,2016.0
CCOC(=O)CCc1ccc(C(=O)NCc2ccccc2C(F)(F)F)cc1,6.958607314841775,CHEMBL3765492,2409,2016.0
COc1ccc(NS(=O)(=O)c2ccc(NC(=O)NC34CC5CC(CC(C5)C3)C4)cc2)nn1,8.154901959985743,CHEMBL2392742,2409,2013.0
C[S+]([O-])c1ccc(CNC(=O)c2ccc(C(C)(C)C)cc2)cc1,6.657577319177793,CHEMBL4084686,2409,2017.0
COc1ccc(OC2CCC(NC(=O)NC34CC5CC(CC(C5)C3)C4)CC2)cc1,9.179514516639792,CHEMBL244192_CHEMBL427695,2409,
COc1ccc(OC2CCN(C(=O)NC3CC3c3ccccc3)CC2)cc1,7.991399828238082,CHEMBL3114600,2409,2014.0
COc1ccc(S(=O)(=O)N2CCC(C(=O)NC3CCCCCC3)CC2)cc1,6.346787486224656,CHEMBL1933501,2409,2012.0
COc1ccc(S(=O)(=O)N2CCC(C(=O)NC3CCCCCC3)CC2)cc1OC,6.443697499232712,CHEMBL1933657,2409,2012.0
CC(C)(C)c1ccc(C(=O)NCc2ccc(C#N)cc2)cc1,6.040958607678906,CHEMBL4083383,2409,2017.0
CC(C)(C)c1ccc(C(=O)NCc2ccc(C(=O)O)cc2)cc1,5.376750709602099,CHEMBL4094234,2409,2017.0
COc1ccc(NC(=O)NC23CC4CC(CC(C4)C2)C3)cc1,7.853871964321762,CHEMBL477067,2409,2009.0
O=C(NC12CC3CC(CC(C3)C1)C2)N1CCC2(CCN(C(=O)c3c(F)cccc3F)CC2)C1,6.755475488429916,CHEMBL2436557,2409,2013.0
COc1ccc(NC(=O)N2CCC3(CCN(C(=O)c4c(F)cccc4F)CC3)C2)cc1,6.819300798703965,CHEMBL2436560,2409,2013.0
COc1ccc(NC(=O)C2CCN(S(=O)(=O)c3ccc(C)cc3C)CC2)cc1,7.602059991327962,CHEMBL2313170,2409,2013.0
O=C(Cc1ccc(C(F)(F)F)cc1)Nc1ccc(OCCCN2CCOCC2)cc1,7.267606240177031,CHEMBL557038,2409,2009.0
O=C(Cc1ccc(C(F)(F)F)cc1)Nc1ccc(F)c(OCCCN2CCOCC2)c1,6.806875401645538,CHEMBL564986,2409,2009.0
CC(C)(C)OC(=O)N1CCN(C(=O)CCC(=O)N2CCC(NC(=O)NC34CC5CC(CC(C5)C3)C4)CC2)CC1,7.72584215073632,CHEMBL3222124,2409,2012.0
CC(C)(C)OC(=O)N1CCN(C(=O)NC23CC4CC(CC(C4)C2)C3)CC1,6.309803919971486,CHEMBL3222127,2409,2012.0
CCCCCCCCC(NC(=O)CCCCCCCCCCCNC(=O)NC12CC3CC(CC(C3)C1)C2)C(=O)O,6.968709007885918,CHEMBL376597,2409,2007.0
CC(C)(C)OC(=O)N1CCN(C(=O)c2ccc(NC(=O)NC34CC5CC(CC(C5)C3)C4)cc2)CC1,9.30102999566398,CHEMBL3222118,2409,2012.0
CC(C)(C)OC(=O)N1CCN(C(=O)c2cccc(NC(=O)NC34CC5CC(CC(C5)C3)C4)c2)CC1,8.136677139879545,CHEMBL3222115,2409,2012.0
CC(C)(C)OC(=O)N1CCN(CCCCOc2cccc(NC(=O)CC34CC5CC(CC(C5)C3)C4)c2)CC1,9.397940008672036,CHEMBL3222130,2409,2012.0
CC(C)(C)OC(=O)N1CCN(CCCOc2ccc(NC(=O)NC34CC5CC(CC(C5)C3)C4)cc2)CC1,7.835647144215563,CHEMBL1632490,2409,2010.0
CCCC(=O)N1CCC(CNC(=O)NC23CC4CC(CC(C4)C2)C3)CC1,8.173925197299173,CHEMBL214675,2409,2006.0
CCCC(=O)N1CCC(C(=O)NCc2ccc(OC)cc2C(F)(F)F)CC1,8.397940008672037,CHEMBL4101942,2409,2018.0
CCC(=O)N1CCC(NC(=O)Nc2ccc(C(=O)O)cc2)CC1,6.481486060122112,CHEMBL1258219,2409,2010.0
O=C(Nc1c(Cl)cccc1Cl)NC1CCC(Oc2ccc(F)cc2)CC1,6.026872146400301,CHEMBL434749,2409,2006.0
CCC(=O)N1CCC(NC(=O)Nc2ccc(C(=O)OC)cc2)CC1,6.853871964321762,CHEMBL1258107,2409,2010.0
CC(C)(C)c1cc(CNC(=O)Nc2cccc(C(F)(F)F)c2)nn1-c1ccc(S(C)(=O)=O)cc1,7.494850021680094,CHEMBL1766296,2409,2011.0
CC(C)(C)c1cc(NC(=O)NC23CC4CC(CC(C4)C2)C3)no1,7.251811972993799,CHEMBL2392757,2409,2013.0
CC(C)(C)c1cc(NC(=O)NC2C3CC4CC(C3)CC2C4)no1,7.136677139879544,CHEMBL2392734,2409,2013.0
N#Cc1ccccc1OC1CCN(C(=O)NCc2ccc(Cl)cc2Cl)CC1,8.4089353929735,CHEMBL589376,2409,2010.0
CCC(=O)N1CCC(NC(=O)Nc2ccc(C(C)C)cc2)CC1,8.55284196865778,CHEMBL1257877,2409,2010.0
CC(Oc1ccc(CCNC(=O)Nc2ccc(Cl)cc2)cc1)C(=O)O,6.2441251443275085,CHEMBL3818601,2409,2016.0
CCOC(=O)COc1ccc(NC(=O)NC23CC4CC(CC(C4)C2)C3)cc1,9.096910013008056,CHEMBL2031808,2409,2012.0
COc1ccc(NC(=O)CC2CCCCC2)cc1,5.207608310501746,CHEMBL192523,2409,2005.0
O=C(NC12CC3CC(CC(C3)C1)C2)NC12CC3CC(CC(C3)C1)C2,8.903437700822769,CHEMBL3263303,2409,2014.0
O=C(NC1C(c2ccccc2)C1c1ccccc1)N1CCCC(NS(=O)(=O)c2ccc(F)cc2)C1,9.154901959985745,CHEMBL3401639,2409,2015.0
O=C(NC1C(c2ccccc2)C1c1ccccc1)N1CCCCC1,8.744727494896694,CHEMBL3401636,2409,2015.0
O=C(NCCc1ccccc1)NC1C2CC3CC(C2)CC1C3,8.346787486224656,CHEMBL1818394,2409,2011.0
O=C(NCCc1ccccc1)NC1CCCCC1,6.795880017344075,CHEMBL193888,2409,2005.0
CCc1cc(CNC(=O)NCC23CC4CC(CC(C4)C2)C3)on1,7.531652669587842,CHEMBL3633670,2409,2015.0
CCC(=Cc1ccc(C(=O)NCc2ccccc2C(F)(F)F)cc1)C(=O)O,6.920818753952375,CHEMBL3764848,2409,2016.0
O=C(NC1CC1c1ccccc1)N1CCC(Oc2ccccc2-c2ccccc2)CC1,7.832682665251823,CHEMBL3114601,2409,2014.0
O=C(NC1CC1c1ccccc1)N1CCC(Oc2ccccc2)CC1,7.744727494896693,CHEMBL3114611,2409,2014.0
O=C(NC1CC1c1ccccc1)N1CCC(Oc2cccc(Cl)c2)CC1,7.920818753952375,CHEMBL3114590,2409,2014.0
O=C(NC1CC1c1ccccc1)N1CCC(Oc2cccc(C(F)(F)F)c2)CC1,7.801342913045577,CHEMBL3114596,2409,2014.0
COc1ccc(CC(=O)NC2CCCCC2)cc1,5.318758762624412,CHEMBL192461,2409,2005.0
O=C(NC1CC1c1ccccc1)N1CCC(Oc2cccc(-c3ccccc3)c2)CC1,7.97061622231479,CHEMBL3114602,2409,2014.0
O=C(NC1CC1c1ccccc1)N1CCC(Oc2ccc(Cl)cc2)CC1,7.649751981665837,CHEMBL3114591,2409,2014.0
CCC(=Cc1cccc(C(=O)NCc2ccccc2C(F)(F)F)c1)C(=O)O,6.3979400086720375,CHEMBL3765627,2409,2016.0
O=C(NC1CC1c1ccccc1)N1CCC(Oc2ccc(C(F)(F)F)cc2)CC1,7.525783735923745,CHEMBL3114597,2409,2014.0
Cc1ccc(CNC(=O)N2CCCC(CO)C2)cc1,5.537602002101044,CHEMBL591555,2409,2010.0
O=C(NCc1cc(-c2ccc(F)cc2)no1)NCC12CC3CC(CC(C3)C1)C2,7.978810700930062,CHEMBL3633673,2409,2015.0
O=C(NCc1cc(-c2cccc(F)c2)no1)NCC12CC3CC(CC(C3)C1)C2,7.779891911959945,CHEMBL3633672,2409,2015.0
O=C(NCc1cc(-c2ccco2)on1)NCC12CC3CC(CC(C3)C1)C2,8.309803919971486,CHEMBL3633668,2409,2015.0
O=C(NC1CC1c1ccccc1)N1CCC(Oc2ccc(-c3nn[nH]n3)cc2)CC1,8.481486060122112,CHEMBL3114608,2409,2014.0
O=C(NCc1ccc(-n2cnnn2)cc1Cl)c1ccc(OCCC(F)(F)F)nc1,7.67778070526608,CHEMBL567294,2409,2009.0
O=C(NCc1ccc(-n2nc(-c3cccnc3)cc2C(F)(F)F)cc1)c1ccncc1,6.187086643357144,CHEMBL1271607,2409,2010.0
O=C(NCc1ccc(Br)cc1OC(F)(F)F)c1ccc(OCCC(F)(F)F)nc1,7.920818753952375,CHEMBL566648,2409,2009.0
O=C(NC1CC1c1ccccc1)N1CCC(Oc2ccccc2C(F)(F)F)CC1,8.67778070526608,CHEMBL3114595,2409,2014.0
O=C(NC1CC1c1ccccc1)N1CCC(Oc2ccc(-c3ccccc3)cc2)CC1,7.920818753952375,CHEMBL3114603,2409,2014.0
O=C(NC1CC1c1ccccc1)N1CCC(Oc2ccccc2Cl)CC1,8.698970004336019,CHEMBL3114618,2409,2014.0
O=C(NC1CC1c1ccccc1)N1CCC(Oc2cccnc2)CC1,7.598599459218455,CHEMBL3114613,2409,2014.0
O=C(NCCN1CCCC1)C1CCN(C(=O)NCc2ccc(Cl)cc2Cl)CC1,6.657577319177793,CHEMBL591791,2409,2010.0
O=C(NC1CC1c1ccccc1)N1CCC(c2nc3ccccc3o2)CC1,8.1249387366083,CHEMBL552402,2409,2009.0
O=C(NC1CC1c1ccccc1)N1CCC(c2nc(-c3ncccn3)no2)CC1,7.481486060122112,CHEMBL551517,2409,2009.0
O=C(NCCNC(=O)NCC12CC3CC(CC(C3)C1)C2)NCC12CC3CC(CC(C3)C1)C2,6.746661994673893,CHEMBL3263287,2409,2014.0
O=C(NCCO)NC12CC3CC(CC(C3)C1)C2,6.31695296176115,CHEMBL398166,2409,2007.0
O=C(NC1CC1c1ccccc1)N1CCC(c2nc(-c3nccc4ccccc34)no2)CC1,8.0,CHEMBL552061,2409,2009.0
O=C(NC1CC1c1ccccc1)N1CCC(c2nc(-c3cnccn3)no2)CC1,7.886056647693163,CHEMBL557032,2409,2009.0
O=C(NC1CC1c1ccccc1)N1CCC(c2nc(-c3ccncc3)no2)CC1,7.853871964321762,CHEMBL556487,2409,2009.0
O=C(NC1CC1c1ccccc1)N1CCC(c2nc(-c3cccnc3)no2)CC1,8.154901959985743,CHEMBL564757,2409,2009.0
O=C(NCCOc1ccccc1)C1CCCCC1,5.522878745280337,CHEMBL1313977,2409,2013.0
CCCCC(C)OCCCCCNC(=O)NC12CC3CC(CC(C3)C1)C2,7.958607314841775,CHEMBL396736,2409,2007.0
O=C(NC1CC1c1ccccc1)N1CCC(c2nc(-c3ccccn3)no2)CC1,7.702412588461395,CHEMBL552382_CHEMBL562822,2409,
O=C(NC1CC1c1ccccc1)N1CCC(c2nc(-c3ccccc3C(F)(F)F)no2)CC1,8.045757490560675,CHEMBL561788,2409,2009.0
Cc1c(C)c(C)c(S(=O)(=O)N2CCC(C(=O)NC3CCCCCC3)CC2)c(C)c1C,8.017728766960431,CHEMBL1933661,2409,2012.0
CC(C)(C)CC(=O)Nc1cccc(OCCCN2CCOCC2)c1,5.809668301829708,CHEMBL552469,2409,2009.0
CCCCC(CC)OC(=O)C1CCCC(NC(=O)NC23CC4CC(CC(C4)C2)C3)C1,8.522878745280337,CHEMBL2070333,2409,2012.0
O=C(NC1CC1c1ccccc1)N1CCC(c2nc(-c3ccc4ccccc4n3)no2)CC1,8.154901959985743,CHEMBL551921,2409,2009.0
O=C(NC1CC1c1ccccc1)N1CCC(Oc2ncccn2)CC1,7.025949097207123,CHEMBL3114615,2409,2014.0
CC(C)(C)C(=O)N1CCC2(CCN(C(=O)Nc3ccc(OC(F)(F)F)cc3)C2)CC1,9.221848749616356,CHEMBL2436590,2409,2013.0
O=C(NC1CC1c1ccccc1)N1CCC(Oc2cnccn2)CC1,7.573488738635425,CHEMBL3114616,2409,2014.0
O=C(NC1CC1c1ccccc1)N1CCC(Oc2ccncc2)CC1,7.61261017366127,CHEMBL3114614,2409,2014.0
O=C(NC1CC1c1ccccc1)N1CCC(Oc2ccccn2)CC1,7.562249437179612,CHEMBL3114612,2409,2014.0
O=C(NCCCc1ccccc1)NCc1ccccc1,5.486782399932061,CHEMBL3809395,2409,2016.0
O=C(NCc1ccc(Cl)c(Cl)c1)N1CCCC(CO)C1,6.698970004336019,CHEMBL601095,2409,2010.0
O=C(NCc1ccc(Cl)cc1)c1ccc(OCCC(F)(F)F)nc1,7.113509274827518,CHEMBL565841,2409,2009.0
CCC(=O)N1CCC(NC(=O)NC2CC2c2ccccc2)CC1,8.568636235841012,CHEMBL1257515,2409,2010.0
O=C(NCc1ccccc1)NC1C2CC3CC(C2)CC1C3,7.829738284605042,CHEMBL1818396,2409,2011.0
CCCCC(CC)OC(=O)CCCNC(=O)NC12CC3CC(CC(C3)C1)C2,8.397940008672037,CHEMBL2070328,2409,2012.0
NC(=O)CCC1(c2ccccc2)CCCN(C(=O)Nc2ccc(Cl)cc2)C1,8.301029995663981,CHEMBL1079292,2409,2009.0
CCC(=O)N1CCC(NC(=O)NC2CCCCC2)CC1,7.920818753952375,CHEMBL1256164,2409,2010.0
O=C(NCc1ccccc1)c1ccc(OCCC(F)(F)F)nc1,5.920818753952375,CHEMBL576449,2409,2009.0
O=C(NCc1ccccc1C(F)(F)F)c1ccc(-c2nnn[nH]2)cc1,5.301029995663981,CHEMBL3764333,2409,2016.0
O=C(NCc1ccccc1C(F)(F)F)c1ccc(C2CC2C(=O)O)cc1,5.259637310505756,CHEMBL3765766,2409,2016.0
CCc1ccc(NC(=O)N(CCN2CCOCC2)c2ccc3nc(N)sc3c2)cc1,8.721246399047171,CHEMBL4758156,2409,2021.0
CCc1ccc(NC(=O)N(CCN2CCOCC2)c2ccc3nc(NC(=O)Cc4ccccc4F)sc3c2)cc1,8.267606240177031,CHEMBL4780833,2409,2021.0
O=C(NCc1ccccc1C(F)(F)F)c1ccc(CC(C(=O)O)c2ccccc2)cc1,5.6020599913279625,CHEMBL3764453,2409,2016.0
O=C(NCc1ccccc1Cl)c1ccc(OCCC(F)(F)F)nc1,7.67778070526608,CHEMBL572206,2409,2009.0
O=C(NCc1ccccc1OC(F)(F)F)N1CCC(Oc2ccncc2)CC1,7.853871964321762,CHEMBL1085744,2409,2010.0
CCc1ccc(OCCOCCOCCCCCNC(=O)NC23CC4CC(CC(C4)C2)C3)cc1,8.769551078621726,CHEMBL245148,2409,2007.0
O=C(NCc1ccccc1OC(F)(F)F)N1CCC(Oc2ncccn2)CC1,7.897940008672037,CHEMBL1082684,2409,2010.0
O=C(NCc1ccccc1OC(F)(F)F)c1ccc(OCCC(F)(F)F)nc1,8.337242168318426,CHEMBL567110,2409,2009.0
CCOC(=O)c1ccc(OC2CCC(NC(=O)NC34CC5CC(CC(C5)C3)C4)CC2)cc1,8.795880017344075,CHEMBL2031924,2409,2012.0
O=C(NCc1ccco1)NCC12CC3CC(CC(C3)C1)C2,7.348721986001855,CHEMBL4787943,2409,2020.0
O=C(NCc1ccco1)Nc1ccccc1F,6.197226274708024,CHEMBL4743238,2409,2020.0
Cc1ccc2c(OC3OC(CO)C(O)C(O)C3O)c3ccccc3c(OC3OC(CO)C(O)C(O)C3O)c2c1,6.522878745280337,CHEMBL4282716,2409,2018.0
O=C(NC1C2CC3CC1CC(O)(C3)C2)c1cnc(NC2CCOC2)nc1C1CCCC1,7.657577319177793,CHEMBL2179014_CHEMBL2179457_CHEMBL3127882,2409,
COc1ccc(-c2cc(CNC(=O)NC34CC5CC(C)(CC(C)(C5)C3)C4)no2)cc1,7.823908740944319,CHEMBL3633680,2409,2015.0
CCC(=O)N1CCC(C(=O)NCc2ccc(OC)cc2C(F)(F)F)CC1,8.67778070526608,CHEMBL4083949,2409,2018.0
COc1ccc(-c2cc(CNC(=O)NCC34CC5CC(CC(C5)C3)C4)no2)cc1,7.889410289700751,CHEMBL3633667,2409,2015.0
O=C(NC1CC1c1ccccc1)N1CCC(OC(c2ccccc2)c2ccccc2)CC1,7.567030709125595,CHEMBL3114617,2409,2014.0
O=C(NCc1ccc(Cl)cc1Cl)N1CCC(Cc2ccccn2)CC1,7.920818753952375,CHEMBL589133,2409,2010.0
O=C(NCc1ccc(Cl)cc1Cl)N1CCC(NS(=O)(=O)c2ccc(F)cc2)CC1,7.769551078621726,CHEMBL606025,2409,2010.0
O=C(NCc1ccc(Cl)cc1Cl)N1CCC(Nc2ncccn2)CC1,7.455931955649724,CHEMBL589134,2409,2010.0
O=C(NCc1ccc(Cl)cc1Cl)N1CCC(O)(Cc2ccccc2)CC1,7.823908740944319,CHEMBL592025,2409,2010.0
O=C(NCc1ccc(Cl)cc1Cl)N1CCC(O)(c2ccccc2)CC1,7.568636235841012,CHEMBL592739,2409,2010.0
O=C(NCc1ccc(Cl)cc1Cl)N1CCC(Oc2ccc(Cl)cc2)CC1,8.229147988357855,CHEMBL589621,2409,2010.0
O=C(NCc1ccc(Cl)cc1Cl)N1CCC(Oc2ccc(F)cc2)CC1,8.214670164989233,CHEMBL590106,2409,2010.0
O=C(NCc1ccc(Cl)cc1Cl)N1CCC(Oc2ccc(OC(F)(F)F)cc2)CC1,7.920818753952375,CHEMBL589375,2409,2010.0
O=C(NCc1ccc(Cl)cc1Cl)N1CCC(Oc2ccccc2)CC1,8.366531544420413,CHEMBL589135,2409,2010.0
O=C(NCc1ccc(Cl)cc1Cl)N1CCC(Oc2ccncc2)CC1,7.851667404869234,CHEMBL1085746,2409,2010.0
O=C(NCc1ccc(Cl)cc1Cl)N1CCC(Oc2ncccn2)CC1,7.58976522879581,CHEMBL589136,2409,2010.0
O=C(NCc1ccc(Cl)cc1Cl)N1CCC(S(=O)(=O)c2ccc(F)cc2)CC1,7.4089353929735005,CHEMBL589374,2409,2010.0
O=C(NCc1ccc(Cl)cc1Cl)N1CCC(c2ccc(OC(F)(F)F)cc2)CC1,8.2518119729938,CHEMBL592740,2409,2010.0
CCC(=O)N1CCC(CNC(=O)NC23CC4CC(CC(C4)C2)C3)CC1,8.060480747381382,CHEMBL215874,2409,2006.0
O=C(NCc1ccc(Cl)cc1Cl)N1CCCC(CO)C1,7.387216143280264,CHEMBL592503,2409,2010.0
O=C(NCc1ccc(Cl)cc1Cl)N1CCN(c2ccccn2)CC1,8.221848749616356,CHEMBL606035,2409,2010.0
O=C(NCc1ccc(Cl)cc1Cl)c1ccc(=O)[nH]c1,6.3979400086720375,CHEMBL568770,2409,2009.0
O=C(NCc1ccc(Cl)cc1Cl)c1ccc(CCN2CCCC2)nc1,5.823908740944319,CHEMBL568342,2409,2009.0
O=C(NCc1ccc(Cl)cc1Cl)c1ccc(OCC(F)(F)F)nc1,8.18045606445813,CHEMBL572205,2409,2009.0
CCC(=O)N1CCC(NC(=O)NC23CC4CC(CC(C4)C2)C3)CC1,8.523845995168937,CHEMBL214943,2409,2006.0
CCC(=O)N1CCC(NC(=O)NC23CC4CC(CC(C4)O2)C3)CC1,6.448550002027124,CHEMBL4764423,2409,2020.0
O=C(NCc1cccc(Cl)c1)Nc1cccc(C(F)(F)F)c1F,8.431798275933005,CHEMBL1818410,2409,2011.0
CC1(c2ccccc2)CCCN(C(=O)NCc2ccc(-c3ccc4[nH]ccc4c3)cc2)C1,8.154901959985743,CHEMBL1078264,2409,2009.0
Cc1ccc(S(=O)(=O)N2CCC(C(=O)Nc3ccc(Cl)c(Cl)c3)CC2)c(C)c1,7.259637310505756,CHEMBL2313202,2409,2013.0
Cc1ccc(S(=O)(=O)N2CCC(C(=O)Nc3ccc(Br)cc3)CC2)c(C)c1,7.346787486224656,CHEMBL2313178,2409,2013.0
CNc1nc(NC)nc(N2CCC(C(=O)NCc3ccccc3C(F)(F)F)CC2)n1,7.698970004336019,CHEMBL2392712,2409,2013.0
CNc1nc(N2CCC(C(=O)NCc3ccccc3C(F)(F)F)CC2)nc(N2CCN(C)CC2)n1,7.397940008672037,CHEMBL2392711,2409,2013.0
CNc1nc(N(C)CCN(C)C)nc(N2CCC(C(=O)NCc3ccccc3C(F)(F)F)CC2)n1,7.096910013008056,CHEMBL2392713,2409,2013.0
CNc1nc(C2CCCCC2)nc(N2CCC(C(=O)NCc3ccccc3C(F)(F)F)CC2)n1,9.0,CHEMBL2392693,2409,2013.0
CNc1nc(C)nc(N2CCC(NC(=O)NC34CC5CC(CC(C5)O3)C4)CC2)n1,6.304518323509802,CHEMBL4746168,2409,2020.0
CNc1nc(C)nc(N2CCC(C(=O)NCc3ccccc3OC)CC2)n1,5.795880017344075,CHEMBL2392708,2409,2013.0
CNc1nc(C)nc(N2CCC(C(=O)NCc3ccccc3C)CC2)n1,6.698970004336019,CHEMBL2392707,2409,2013.0
CNc1nc(C)nc(N2CCC(C(=O)NCc3ccccc3C#N)CC2)n1,7.096910013008056,CHEMBL2392689,2409,2013.0
CNc1nc(C)nc(N2CCC(C(=O)NCc3ccccc3)CC2)n1,6.698970004336019,CHEMBL2392688,2409,2013.0
CNc1nc(C)nc(N2CCC(C(=O)NCc3cccc(OC(F)(F)F)c3)CC2)n1,6.200659450546418,CHEMBL2392709,2409,2013.0
CNc1nc(C)nc(N2CCC(C(=O)NCc3ccc(OC)cc3C(F)(F)F)CC2)n1,9.0,CHEMBL2392691,2409,2013.0
CNc1nc(C)nc(N2CCC(C(=O)NCc3ccc(OC(F)(F)F)cc3)CC2)n1,6.3979400086720375,CHEMBL2392710,2409,2013.0
CNc1nc(C)nc(N2CCC(C(=O)NCc3ccc(Br)cc3OC(F)(F)F)CC2)n1,9.30102999566398,CHEMBL2392692,2409,2013.0
CNc1nc(C)cc(N2CCC(C(=O)NCc3ccccc3C(F)(F)F)CC2)n1,7.397940008672037,CHEMBL2392699,2409,2013.0
CCCn1nc(NC(=O)NC2C3CC4CC(C3)CC2C4)cc1C,6.028724151261895,CHEMBL2392718,2409,2013.0
CNc1nc(NC2CCCC(C(=O)NCc3ccccc3C(F)(F)F)C2)nc(N2CCN(C)CC2)n1,8.500038134403809,CHEMBL4637413,2409,2020.0
CNc1nc(NCC(C)c2ccccc2)nc(NC2CCC(C(=O)NCc3ccc(C(=O)O)cc3)CC2)n1,8.100015437450608,CHEMBL4641357,2409,2020.0
CCCCCNC(=O)NCCCCC=CCCCCCSc1ncn[nH]1,7.494850021680094,CHEMBL3322810,2409,2014.0
CCCCCNC(=O)NCCCCC=CCCCCCSc1ccccc1O,8.221848749616356,CHEMBL3322807,2409,2014.0
Cc1ccc(-c2cc(CNC(=O)NCC34CC5CC(CC(C5)C3)C4)no2)cc1,7.812479279163536,CHEMBL3633666,2409,2015.0
CS(=O)(=O)c1ccc(OC2CCN(C(=O)NCc3ccc(Cl)cc3Cl)CC2)cc1,8.2518119729938,CHEMBL592742,2409,2010.0
CCC(C)C(=O)N1CCC(C(=O)NCc2ccc(OC)cc2C(F)(F)F)CC1,8.154901959985743,CHEMBL4080506,2409,2018.0
FC(F)(F)c1ccc(Nc2noc3cc(-c4ccc5[nH]ccc5c4)ccc23)cc1,7.154901959985743,CHEMBL584050,2409,2009.0
FC(F)(F)c1ccc(Nc2noc3c(C(F)(F)F)nccc23)cc1,7.721246399047171,CHEMBL578151,2409,2009.0
CCCCCNC(=O)NCCCCC=CCCCCCCc1nsc(=O)[nH]1,6.636388020107855,CHEMBL3322822,2409,2014.0
FC(F)(F)c1ccc(Nc2noc3c(C(F)(F)F)cccc23)cn1,7.130768280269024,CHEMBL584611,2409,2009.0
CCCCCNC(=O)NCCCCC=CCCCCCSc1nnn[nH]1,7.657577319177793,CHEMBL3322809,2409,2014.0
CCCCCNC(=O)NCCCCC=CCCCCCNS(=O)(=O)c1ccccc1,7.494850021680094,CHEMBL3322804,2409,2014.0
FC(F)(F)c1ccc(Nc2noc3c(-c4ccccc4C(F)(F)F)cccc23)cc1,8.397940008672037,CHEMBL578548,2409,2009.0
FC(F)(F)c1ccc(Nc2noc3c(-c4cccc(C(F)(F)F)c4)cccc23)cc1,8.0,CHEMBL577044,2409,2009.0
CCC(=O)Nc1cccc(C(=O)NCc2ccc(OC)cc2C(F)(F)F)c1,8.431798275933005,CHEMBL4078857,2409,2018.0
FC(F)(F)c1ccc(Nc2noc3c(-c4ccc5[nH]ccc5c4)cccc23)cc1,8.096910013008056,CHEMBL576212,2409,2009.0
O=C(Nc1ccccc1)Nc1ccc(OCCCN2CCOCC2)cc1,7.4089353929735005,CHEMBL561382,2409,2009.0
COc1cccc2c1CC(C(=O)NC1CC1c1ccccc1)CC2,8.18996921359416,CHEMBL1672128,2409,2011.0
CCCCCNC(=O)NCCCCC=CCCCCCS(=O)(=O)c1ncn[nH]1,7.638272163982407,CHEMBL3322812,2409,2014.0
CCCCCNC(=O)NCCCCC=CCCCCCS(=O)(=O)c1ccccc1O,7.958607314841775,CHEMBL3322808,2409,2014.0
CCCCCNC(=O)NCCCCC=CCCCCC[S+]([O-])c1ncn[nH]1,7.017728766960431,CHEMBL3322811,2409,2014.0
CCCCCNC(=O)NCCCCC=CCCOc1cccc2sc(NC(C)=O)nc12,6.549750891680639,CHEMBL3322824,2409,2014.0
CNc1nc(-c2ccccc2)nc(N2CCC(C(=O)NCc3ccccc3C(F)(F)F)CC2)n1,9.0,CHEMBL2392694,2409,2013.0
FC(F)(F)c1ccc(CNc2noc3ccccc23)cc1,5.920818753952375,CHEMBL572182,2409,2009.0
Nc1nc2ccc(NC(=O)Nc3ccc(Cl)cc3)cc2s1,7.995678626217357,CHEMBL4748145,2409,2021.0
Nc1nc2ccc(NC(=O)NC3CCCCC3)cc2s1,8.387216143280265,CHEMBL4798443,2409,2021.0
Nc1nc2ccc(NC(=O)NC34CC5CC(CC(C5)C3)C4)cc2s1,6.0851281824599495,CHEMBL4741437,2409,2021.0
Nc1nc2ccc(N(CCN3CCOCC3)C(=O)Nc3cccc4ccccc34)cc2s1,6.821598658466245,CHEMBL4752541,2409,2021.0
Nc1nc2ccc(N(CCN3CCOCC3)C(=O)Nc3ccc(F)c(Br)c3)cc2s1,9.602059991327964,CHEMBL4759847,2409,2021.0
FC(F)(F)c1ccc(CNc2cc(-c3ccccc3)on2)cc1,5.327902142064282,CHEMBL576659,2409,2009.0
CNS(=O)(=O)c1ccc(CNC(=O)c2ccc(OCCC(F)(F)F)nc2)c(Cl)c1,7.853871964321762,CHEMBL566048,2409,2009.0
Nc1nc2ccc(N(CCN3CCOCC3)C(=O)Nc3ccc(Cl)cc3)cc2s1,8.55284196865778,CHEMBL4740693,2409,2021.0
CCCc1cc(C2CCCCC2)c[nH]c1=O,5.739928612014925,CHEMBL4435068,2409,2016.0
Nc1nc2ccc(N(CCN3CCCCC3)C(=O)Nc3ccc(Cl)cc3)cc2s1,8.187086643357144,CHEMBL4744612,2409,2021.0
CCCCN1CCC(CNC(=O)NC23CC4CC(CC(C4)C2)C3)CC1,6.214670164989233,CHEMBL386044,2409,2006.0
CCCCN1CCC(NC(=O)NC23CC4CC(CC(C4)C2)C3)CC1,5.920818753952375,CHEMBL386820,2409,2006.0
CNC(=O)c1cccc(OC2CCC(NC(=O)Nc3ccc(Cl)c(C(F)(F)F)c3)CC2)c1,9.0,CHEMBL2397145,2409,2013.0
CCCCNC(=O)N1CCC(c2cc(C)nn2-c2ccc(S(C)(=O)=O)cc2)CC1,6.570247719997592,CHEMBL2425012,2409,2013.0
CS(=O)(=O)c1ccc(C(CCNC(=O)c2cccnc2)c2ccc(F)cc2)cc1,8.096910013008056,CHEMBL564145,2409,2009.0
Nc1nc2ccc(N(CCN3CCOCC3)C(=O)Nc3ccc(Br)cc3)cc2s1,7.790484985457369,CHEMBL4751522,2409,2021.0
Cc1ccc(-c2cc(CNC(=O)NC34CC5CC(C)(CC(C)(C5)C3)C4)no2)cc1,7.58838029403677,CHEMBL3633679,2409,2015.0
CCCCCOC1CCC(NC(=O)NC23CC4CC(CC(C4)C2)C3)CC1,8.920818753952375,CHEMBL2031926_CHEMBL439577,2409,
CCCCCOC(=O)CCCNC(=O)Nc1cccc(Cl)c1,5.686132779630847,CHEMBL418331,2409,2004.0
CCCn1nc(NC(=O)NC23CC4CC(CC(C4)C2)C3)cc1C,6.124360062995832,CHEMBL2392731,2409,2013.0
CCCCCOC(=O)C1CCCC(NC(=O)NC23CC4CC(CC(C4)C2)C3)C1,8.698970004336019,CHEMBL2070332,2409,2012.0
CCCCCOC(=O)CCCCC(=O)NC12CC3CC(CC(C3)C1)C2,5.619788758288394,CHEMBL195763,2409,2005.0
CCCCCOC(=O)CCCCC(=O)Nc1cccc(Cl)c1,5.229147988357855,CHEMBL192299,2409,2005.0
CCCCCOC(=O)CCCNC(=O)C12CC3CC(CC(C3)C1)C2,5.026872146400301,CHEMBL192272,2409,2005.0
O=C1Nc2ccc(C3CCCCC3)cc2C12CCOCC2,6.958607314841775,CHEMBL4469387,2409,2016.0
CCCCCOC(=O)CCCNC(=O)CC12CC3CC(CC(C3)C1)C2,6.366531544420413,CHEMBL424822,2409,2005.0
CNS(=O)(=O)c1ccc(OC2CCN(C(=O)NCc3ccc(Cl)cc3Cl)CC2)cc1,8.2839966563652,CHEMBL589138,2409,2010.0
CS(=O)(=O)c1ccc(CNC(=O)c2ccc(OCCC(F)(F)F)nc2)cc1,6.958607314841775,CHEMBL566658,2409,2009.0
CNc1cc(N2CCC(C(=O)NCc3ccccc3C(F)(F)F)CC2)nc(C)n1,8.301029995663981,CHEMBL2392701,2409,2013.0
CNc1cc(N2CCC(C(=O)NCc3ccccc3C(F)(F)F)CC2)cc(C)n1,6.899629454882437,CHEMBL2392702,2409,2013.0
CNc1cc(C)nc(N2CCC(C(=O)NCc3ccccc3C(F)(F)F)CC2)n1,6.795880017344075,CHEMBL2392700,2409,2013.0
CNc1cc(C)nc(N2CCC(C(=O)NCc3ccccc3C(F)(F)F)CC2)c1,5.79997073344623,CHEMBL2392703,2409,2013.0
CNc1cc(C)cc(N2CCC(C(=O)NCc3ccccc3C(F)(F)F)CC2)n1,8.0,CHEMBL2392704,2409,2013.0
CNc1cc(C)cc(N2CCC(C(=O)NCc3ccccc3C(F)(F)F)CC2)c1,7.494850021680094,CHEMBL2392705,2409,2013.0
CCCCCOC(=O)CCCNC(=O)Cc1cccc(Cl)c1,5.301029995663981,CHEMBL192048,2409,2005.0
CS(=O)(=O)c1ccc(CNC(=O)c2ccc(OCCC(F)(F)F)nc2)c(Cl)c1,7.823908740944319,CHEMBL568544,2409,2009.0
FC(F)(F)c1ccc(Nc2noc3cc(-c4cccc(C(F)(F)F)c4)ccc23)cc1,6.327902142064282,CHEMBL576833,2409,2009.0
Cc1ccc(-c2cc(CCCNC(=O)Nc3cccc(C(F)(F)F)c3)nn2-c2ccc(S(N)(=O)=O)cc2)cc1,8.0,CHEMBL1766301,2409,2011.0
FC(F)(F)c1ccc(Nc2noc3cc(-c4cccc5cnccc45)ccc23)cc1,7.721246399047171,CHEMBL568231,2409,2009.0
CCC(Cc1ccc(C(=O)NCc2ccccc2C(F)(F)F)cc1)C(=O)O,5.795880017344075,CHEMBL3765141,2409,2016.0
CCC(Cc1ccc(C(=O)NCc2ccc(OC)cc2C(F)(F)F)cc1)C(=O)O,6.481486060122112,CHEMBL3764398,2409,2016.0
CCC(Cc1ccc(C(=O)NCc2ccc(F)cc2C(F)(F)F)cc1)C(=O)O,5.920818753952375,CHEMBL3764216,2409,2016.0
FC(F)(F)c1ccccc1Nc1noc2ccccc12,6.017728766960431,CHEMBL578380,2409,2009.0
CCCCCNC(=O)NCCCCC=CCCCCCCC(=O)NC(CC(=O)O)C(=O)O,6.406713932979542,CHEMBL3322801,2409,2014.0
COC(=O)Cc1ccc(NC(=O)NC23CC4CC(CC(C4)C2)C3)cc1,8.377243666092925,CHEMBL477238,2409,2009.0
CCCCCNC(=O)NCCCCC=CCCCCCCC(=O)NS(=O)(=O)c1ccccc1,7.387216143280264,CHEMBL3322802,2409,2014.0
CS(=O)(=O)c1cccc(OC2CCN(C(=O)NCc3ccc(Cl)cc3Cl)CC2)c1,8.337242168318426,CHEMBL592741,2409,2010.0
CCCCCNC(=O)NCCCCC=CCCCCCCC(=O)NS(C)(=O)=O,7.1487416512809245,CHEMBL3322803,2409,2014.0
CCCCCNC(=O)NCCCCC=CCCCCCCC(=O)OCCOCCOCCO,6.5934598195660445,CHEMBL3322797,2409,2014.0
CCCCCNC(=O)NCCCCC=CCCCCCCC1=NOS(=O)N1,8.0,CHEMBL3322818,2409,2014.0
CCCCCNC(=O)NCCCCC=CCCCCCCCc1nnn[nH]1,7.494850021680094,CHEMBL3322815,2409,2014.0
CCC(Cc1ccc(C(=O)NCc2ccc(Cl)cc2)cc1)C(=O)O,5.823908740944319,CHEMBL3764891,2409,2016.0
CS(=O)(=O)c1ccc2c(c1)CCC1(CCN(C(=O)c3ccc(C(F)(F)F)cc3)CC1)O2,8.698970004336019,CHEMBL497828,2409,2009.0
COC(=O)CCc1ccc(NC(=O)NC23CC4CC(CC(C4)C2)C3)cc1,8.678273661756906,CHEMBL477237,2409,2009.0
COC(=O)CCCc1ccc(NC(=O)NC23CC4CC(CC(C4)C2)C3)cc1,8.508638306165727,CHEMBL514369,2409,2009.0
Cn1cc(-c2ccc3c(c2)C(C)(Cc2ccccc2)C(=O)N3)cn1,6.130768280269024,CHEMBL4475294,2409,2016.0
COC(=O)CCCNC(=O)NC1CCCCC1,5.207608310501746,CHEMBL220415,2409,2006.0
CCCCCNC(=O)NCCCCC=CCCCCCC1SC(=O)NC1=O,7.244125144327507,CHEMBL3322823,2409,2014.0
Cc1ccc(OC2CCN(C(=O)NC3CC3c3ccccc3)CC2)cc1,7.847711655616943,CHEMBL3114594,2409,2014.0
CCCCCCc1ccc(NC(=O)NC2CCCCC2)cc1,8.744727494896694,CHEMBL2031932,2409,2012.0
CCCCCNC(=O)NC1C2CC3CC(C2)CC1C3,8.193820026016112,CHEMBL1818400,2409,2011.0
CSCCC(NC(=O)C(Cc1ccccc1)NC(=O)CCCCCNC(=O)NC1CCCCC1)C(=O)O,6.060480747381382,CHEMBL218113,2409,2006.0
COC(=O)c1ccc(NC(=O)NC2CCCCCC2)cc1,7.910094888560602,CHEMBL2031939,2409,2012.0
COC(=O)c1ccc(NC(=O)NC2CCC(Oc3ccc(F)cc3)CC2)cc1,8.537602002101044,CHEMBL438983,2409,2006.0
COC(=O)c1ccc(NC(=O)NC2CCC(Oc3cc(C(=O)OC)cc(C(=O)OC)c3)CC2)cc1,8.42021640338319,CHEMBL2031935,2409,2012.0
COC(=O)c1ccc(NC(=O)NC23CC4CC(CC(C4)C2)C3)cc1O,8.675500897089313,CHEMBL476614,2409,2009.0
COc1cccc(NC(=O)NC23CC4CC(CC(C4)C2)C3)c1,8.327902142064282,CHEMBL516890,2409,2009.0
COC(=O)c1ccc(NC(=O)NC23CC4CC(CC(C4)C2)C3)cc1,8.387216143280265,CHEMBL478505,2409,2009.0
FC(F)(F)c1nnc(Nc2ccccc2)o1,5.698970004336019,CHEMBL579018,2409,2009.0
COC(=O)c1ccc(C(=O)N2CCC(NC(=O)NC34CC5CC(CC(C5)C3)C4)CC2)cc1,8.958607314841775,CHEMBL215999,2409,2006.0
COC(=O)c1ccc(C(=O)N2CCC(CNC(=O)NC34CC5CC(CC(C5)C3)C4)CC2)cc1,8.823908740944319,CHEMBL215908,2409,2006.0
CCC(Cc1cccc(C(=O)NCc2ccccc2C(F)(F)F)c1)C(=O)O,6.045757490560675,CHEMBL3764607,2409,2016.0
COC(=O)c1cc(NC(=O)NC23CC4CC(CC(C4)C2)C3)ccc1O,7.915456821256488,CHEMBL477247,2409,2009.0
CS(=O)(=O)c1ccccc1OC1CCN(C(=O)NCc2ccc(Cl)cc2Cl)CC1,8.309803919971486,CHEMBL589860,2409,2010.0
CS(=O)(=O)c1ccccc1CNC(=O)c1ccc(OCCC(F)(F)F)nc1,6.568636235841012,CHEMBL566047,2409,2009.0
COC(=O)c1ccc(NC(=O)C2CCN(S(=O)(=O)c3ccc(C)cc3C)CC2)cc1,8.070581074285707,CHEMBL2313194,2409,2013.0
CS(=O)(=O)c1ccc(C(CCNC(=O)c2ccc(OCC(F)(F)F)nc2)c2ccc(F)cc2)cc1,8.397940008672037,CHEMBL556234,2409,2009.0
COC(=O)CCCCCNC(=O)NC1CCCCC1,5.494850021680094,CHEMBL219974,2409,2006.0
COC(=O)CCCC(=O)N1CCC(NC(=O)NC23CC4CC(CC(C4)C2)C3)CC1,8.568636235841012,CHEMBL214505,2409,2006.0
FC(F)(F)c1ccc(Nc2noc3cnccc23)cc1,7.508638306165727,CHEMBL578770,2409,2009.0
CCC(CC)C(=O)N1CCC2(CCN(C(=O)Nc3ccc(OC(F)(F)F)cc3)C2)CC1,9.522878745280336,CHEMBL2436591,2409,2013.0
FC(F)(F)c1ccc(Nc2noc3ccncc23)cc1,6.468521082957745,CHEMBL585010,2409,2009.0
CS(=O)(=O)c1ccc2c(c1)C(=O)CC1(CCN(C(=O)NC3CC3c3ccccc3)CC1)O2,8.397940008672037,CHEMBL495794,2409,2009.0
CCCCCNC(=O)NCCCCC=CCCCCCCS(=O)(=O)O,7.244125144327507,CHEMBL3322806,2409,2014.0
CCCCCNC(=O)NCCCCC=CCCCCCCc1nnn[nH]1,7.958607314841775,CHEMBL3322814,2409,2014.0
FC(F)(F)c1ccc(Nc2noc3cccnc23)cc1,5.958607314841775,CHEMBL578781,2409,2009.0
FC(F)(F)c1ccc(Nc2noc3ncccc23)cc1,7.568636235841012,CHEMBL578566,2409,2009.0
FC(F)(F)c1ccc(Nc2noc3ccccc23)cc1,7.602059991327962,CHEMBL576719,2409,2009.0
FC(F)(F)c1ccc(Nc2noc3ccc(C(F)(F)F)cc23)cc1,7.397940008672037,CHEMBL568696,2409,2009.0
FC(F)(F)c1ccc(Nc2noc3cc(C(F)(F)F)ccc23)cc1,7.744727494896693,CHEMBL578047,2409,2009.0
CCCCCNC(=O)NCCCCC=CCCCCCCc1noc(=O)[nH]1,7.187086643357144,CHEMBL3322817,2409,2014.0
CCCCCNC(=O)NCCCCC=CCCCCCCc1noc(=S)[nH]1,7.508638306165727,CHEMBL3322821,2409,2014.0
FC(F)(F)c1ccc(Nc2noc3cc(-c4ccncc4)ccc23)cc1,7.236572006437063,CHEMBL565942,2409,2009.0
FC(F)(F)c1ccc(Nc2noc3cc(-c4cccnc4)ccc23)cc1,7.638272163982407,CHEMBL565941,2409,2009.0
FC(F)(F)c1ccc(Nc2noc3cc(-c4ccccc4C(F)(F)F)ccc23)cc1,8.096910013008056,CHEMBL583880,2409,2009.0
CCC(C)C(NC(=O)C(Cc1ccccc1)NC(=O)CCCCCNC(=O)NC1CCCCC1)C(=O)O,6.886056647693163,CHEMBL219490,2409,2006.0
COC(=O)CCCCCNC(=O)NC12CC3CC(CC(C3)C1)C2,5.7447274948966935,CHEMBL219095,2409,2006.0
CS(=O)(=O)c1ccc2c(c1)C(=O)CC1(CCN(C(=O)NC3CCC(c4ccccc4)C3)CC1)O2,8.154901959985743,CHEMBL495586,2409,2009.0
CS(=O)(=O)c1ccc2c(c1)CCC1(CCN(C(=O)Cc3ccc(Cl)cc3Cl)CC1)O2,9.0,CHEMBL497829,2409,2009.0
COC(=O)CCCC(=O)N1CCC(CNC(=O)NC23CC4CC(CC(C4)C2)C3)CC1,8.468521082957745,CHEMBL384075,2409,2006.0
COC(=O)CCC(=O)N1CCC(NC(=O)NC23CC4CC(CC(C4)C2)C3)CC1,8.045757490560675,CHEMBL215827,2409,2006.0
COC(=O)CCC(=O)N1CCC(CNC(=O)NC23CC4CC(CC(C4)C2)C3)CC1,8.207608310501746,CHEMBL217711,2409,2006.0
COC(=O)C=Cc1ccc(O)c(OC)c1,5.7447274948966935,CHEMBL32969,2409,2017.0
CCC(Cc1ccc(C(=O)NCc2ccc(C(F)(F)F)cc2)cc1)C(=O)O,5.142667503568731,CHEMBL3764102,2409,2016.0
O=C1Cc2cc(C3CCCCC3)ccc2N1,5.96657624451305,CHEMBL4577264,2409,2016.0
FC(F)(F)c1cccc(-c2n[nH]cc2-c2ccncc2)c1,6.585026652029182,CHEMBL4476705,2409,2016.0
CS(=O)(=O)c1ccc2c(c1)CCC1(CCCN(C(=O)NC3CC3c3ccccc3)CC1)O2,7.958607314841775,CHEMBL482637,2409,2009.0
CS(=O)(=O)c1ccc2c(c1)CCC1(CCN(C(=O)NC3CC3c3ccccc3)CC1)O2,8.522878745280337,CHEMBL519336,2409,2009.0
CN(C)c1cccc(NC(=O)Nc2cccc(OCCCN3CCOCC3)c2)c1,6.619788758288394,CHEMBL550589,2409,2009.0
CN(C)c1cccc2c(S(=O)(=O)N3CCC(NC(=O)Nc4ccc(OC(F)(F)F)cc4)CC3)cccc12,9.096910013008056,CHEMBL1257880,2409,2010.0
CN(C)c1cccc2c(S(=O)(=O)NCCNC(=O)NC34CC5CC(CC(C5)C3)C4)cccc12,7.522878745280337,CHEMBL373655,2409,2006.0
CCC(CC12CC3CC(CC(C3)C1)C2)NC(=O)NC12CC3CC(C)(CC(C)(C3)C1)C2,7.860120913598763,CHEMBL4638016,2409,2020.0
COc1cccc(OC2CCN(C(=O)NC3CC3c3ccccc3)CC2)c1,8.130768280269024,CHEMBL3114599,2409,2014.0
CCC(CC12CC3CC(CC(C3)C1)C2)N1C(=O)C(=O)N(C23CC4CC(C)(CC(C)(C4)C2)C3)C1=O,6.665345233116758,CHEMBL4649431,2409,2020.0
FC(F)(F)c1ccc(Nc2nsc3ccccc23)cc1,5.6020599913279625,CHEMBL568223,2409,2009.0
CCC(CNC(=O)NCCCCNC(=O)NCC(CC)C12CC3CC(CC(C3)C1)C2)C12CC3CC(CC(C3)C1)C2,8.638272163982407,CHEMBL3263295,2409,2014.0
CCCCCCOCCCNC(=O)NC12CC3CC(CC(C3)C1)C2,8.2518119729938,CHEMBL245127,2409,2007.0
CS(=O)(=O)c1ccc(C(CCNC(=O)c2ccc(O)nc2)c2ccc(F)cc2)cc1,7.795880017344075,CHEMBL556507,2409,2009.0
CCCOCCNC(=O)NC12CC3CC(CC(C3)C1)C2,6.615109203469446,CHEMBL1818419,2409,2011.0
CC1=CCC2C(=C(O)c3ccccc3C2O)C1=O,5.958607314841775,CHEMBL4282083,2409,2018.0
Cc1cccnc1-c1ccc2c(Nc3ccc(C(F)(F)F)cc3)noc2c1,7.154901959985743,CHEMBL577696,2409,2009.0
C=C(CCCNC(=O)NC12CC3CC(CC(C3)C1)C2)OCCOCCOCC,7.173925197299173,CHEMBL2031948,2409,2012.0
Cc1ccnc(NS(=O)(=O)c2ccc(NC(=O)NC34CC5CC(CC(C5)C3)C4)cc2)n1,7.769551078621726,CHEMBL2392745,2409,2013.0
Cc1cnc(C(=O)N2CCC3(CCN(C(=O)Nc4ccc(OC(F)(F)F)cc4)C3)CC2)cn1,9.397940008672036,CHEMBL2436577,2409,2013.0
Cc1cnc(NC(=O)NC23CC4CC(CC(C4)C2)C3)s1,6.935542010773082,CHEMBL2392722,2409,2013.0
NS(=O)(=O)c1ccc(-n2nc(CCCNC(=O)Nc3cccc(C(F)(F)F)c3)cc2-c2ccccc2)cc1,8.387216143280265,CHEMBL1766299,2409,2011.0
NS(=O)(=O)c1ccc(-n2nc(CCCNC(=O)Nc3ccccc3)cc2-c2ccccc2)cc1,9.096910013008056,CHEMBL1766283,2409,2011.0
NS(=O)(=O)c1ccc(-n2nc(CCNC(=O)Nc3cccc(C(F)(F)F)c3)cc2-c2ccccc2)cc1,7.585026652029182,CHEMBL1766298,2409,2011.0
CC(C)c1cc(CNC(=O)NCC23CC4CC(CC(C4)C2)C3)on1,7.350665141287858,CHEMBL3633671,2409,2015.0
NS(=O)(=O)c1ccc(-n2nc(CNC(=O)Nc3cccc(C(F)(F)F)c3)cc2-c2ccccc2)cc1,7.075720713938118,CHEMBL1766295,2409,2011.0
CCCN1CCC(C(=O)NCc2ccc(OC)cc2C(F)(F)F)CC1,6.721246399047171,CHEMBL4089062,2409,2018.0
CCCN1CCC(CNC(=O)NC23CC4CC(CC(C4)C2)C3)CC1,5.585026652029182,CHEMBL214568,2409,2006.0
c1ccc(-c2ccc(Nc3noc4ccccc34)cc2)cc1,6.769551078621726,CHEMBL578782,2409,2009.0
CC1CC(CN)CC(CO)C1,5.571865205971211,CHEMBL1715893,2409,2016.0
Cc1ccccc1S(=O)(=O)N1CCC(C(=O)NC2CCCCCC2)CC1,7.619788758288394,CHEMBL1933499,2409,2012.0
Cc1ccccc1OC1CCN(C(=O)NC2CC2c2ccccc2)CC1,8.508638306165727,CHEMBL3114592,2409,2014.0
CC(C)c1cc(CN(C)C(=O)NCC23CC4CC(CC(C4)C2)C3)on1,6.7198771036976925,CHEMBL3633677,2409,2015.0
NS(=O)(=O)c1ccc(-n2nc(CCCNC(=O)Nc3ccc(OC(F)(F)F)cc3)cc2-c2ccccc2)cc1,9.30102999566398,CHEMBL1766288,2409,2011.0
CC(C)S(=O)(=O)N1CCC(NC(=O)Nc2ccc(OC(F)(F)F)cc2)CC1,8.795880017344075,CHEMBL1668940,2409,2011.0
CCC(=O)N1CCC(NC(=O)Nc2cccc(Cl)c2)CC1,7.67778070526608,CHEMBL1258449,2409,2010.0
Cc1ccc(C(=O)N2CCC(C(=O)NC3CCCCCC3)CC2)cc1,6.022276394711152,CHEMBL1507203,2409,2012.0
CC(C)c1cc(C(C)C)c(S(=O)(=O)N2CCC(C(=O)NC3CCCCCC3)CC2)c(C(C)C)c1,7.795880017344075,CHEMBL1933659,2409,2012.0
Oc1ccc(Cl)cc1-c1ccno1,5.94692155651658,CHEMBL4541308,2409,2016.0
CC(C)c1cc(C2CCCN2C(=O)NCC23CC4CC(CC(C4)C2)C3)no1,6.606951533583222,CHEMBL3633676,2409,2015.0
CC(C)c1cc(CN(C)C(=O)NCC23CC4CC(CC(C4)C2)C3)no1,6.239728339457937,CHEMBL3633674,2409,2015.0
CCCN1CCC(NC(=O)NC23CC4CC(CC(C4)C2)C3)CC1,6.091514981121351,CHEMBL215168,2409,2006.0
Cc1ccc(NC(=O)NC2CCCCCCC2)cc1Cl,9.397940008672036,CHEMBL1818404,2409,2011.0
Cc1ccc(NC(=O)NCC23CC4CC(CC(C4)C2)C3)cc1Cl,9.397940008672036,CHEMBL1817677,2409,2011.0
CC1CC1C(=O)N1CCC2(CCN(C(=O)Nc3ccc(OC(F)(F)F)cc3)C2)CC1,8.886056647693163,CHEMBL2436588,2409,2013.0
NS(=O)(=O)c1ccc(-n2nc(CCCNC(=O)NC34CC5CC(CC(C5)C3)C4)cc2-c2ccccc2)cc1,9.30102999566398,CHEMBL1766284,2409,2011.0
NS(=O)(=O)c1ccc(-n2nc(CCCNC(=O)NC3CCCCCC3)cc2-c2ccccc2)cc1,9.30102999566398,CHEMBL1766285,2409,2011.0
NS(=O)(=O)c1ccc(-n2nc(CCCNC(=O)Nc3ccc(C(F)(F)F)cc3)cc2-c2ccccc2)cc1,9.045757490560677,CHEMBL1766287,2409,2011.0
CC(C)c1noc(C2CCN(C(=O)NC3CC3c3ccccc3)CC2)n1,8.118423549586476,CHEMBL1615216,2409,2011.0
NS(=O)(=O)c1ccc(-n2nc(CCCNC(=O)Nc3ccc(Cl)cc3)cc2-c2ccccc2)cc1,9.096910013008056,CHEMBL1766286,2409,2011.0
CCCCc1nc2n[nH]c(N)c2c2c1CSC(C)(C)C2,6.6020599913279625,CHEMBL1502265,2409,2016.0
c1ccc(-c2cccc(Nc3noc4ccccc34)c2)cc1,6.017728766960431,CHEMBL565950,2409,2009.0
CCCNC(=O)NC1C2CC3CC(C2)CC1C3,7.211831628858832,CHEMBL1818399,2409,2011.0
CC(C)c1ccc(NC(=O)N(CCN2CCOCC2)c2ccc3nc(N)sc3c2)cc1,7.950781977329818,CHEMBL4763587,2409,2021.0
CC(C)c1cccc(C(C)C)c1NC(=O)NCCCc1cc(-c2ccccc2)n(-c2ccc(S(N)(=O)=O)cc2)n1,5.809668301829708,CHEMBL1766302,2409,2011.0
CS(=O)(=O)NC1CCCN(C(=O)NC2C(c3ccccc3)C2c2ccccc2)C1,8.853871964321762,CHEMBL3401638,2409,2015.0
CC(C)c1nnc(NC(=O)NC23CC4CC(CC(C4)C2)C3)o1,6.254144804826272,CHEMBL2392725,2409,2013.0
CC(C)c1nnc(NC(=O)NC2C3CC4CC(C3)CC2C4)o1,6.074172425375258,CHEMBL2392737,2409,2013.0
CC1C(NC(=O)N2CCC(Oc3ccc(CCC(=O)O)cc3)CC2)C1c1ccccc1,7.520861437226151,CHEMBL3401632_CHEMBL3401633,2409,
CC1C(NC(=O)Nc2ccc(F)c(F)c2F)CC2CC1C2(C)C,9.397940008672036,CHEMBL1818388,2409,2011.0
CS(=O)(=O)NCCCCCOCCCCCNC(=O)NC12CC3CC(CC(C3)C1)C2,7.958607314841775,CHEMBL396759,2409,2007.0
CS(=O)(=O)N1CCN(CCCCOc2cccc(NC(=O)CC34CC5CC(CC(C5)C3)C4)c2)CC1,9.30102999566398,CHEMBL3222131,2409,2012.0
CS(=O)(=O)NCCOCCOCCCCCNC(=O)NC12CC3CC(CC(C3)C1)C2,7.236572006437063,CHEMBL245152,2409,2007.0
NS(=O)(=O)c1ccc(-n2nc(NC(=O)Nc3cccc(C(F)(F)F)c3)cc2-c2ccccc2)cc1,7.055517327849831,CHEMBL1766297,2409,2011.0
CCC(=O)N1CCC(NC(=O)Nc2cccc(C)c2)CC1,7.397940008672037,CHEMBL1257755,2409,2010.0
CCC(=O)N1CCC(NC(=O)Nc2cccc(C(F)(F)F)c2)CC1,7.769551078621726,CHEMBL1258784,2409,2010.0
CCC(=O)N1CCC(NC(=O)Nc2ccc3ccccc3c2)CC1,8.522878745280337,CHEMBL1257516,2409,2010.0
c1ccc2cc(Nc3noc4ccccc34)ccc2c1,5.920818753952375,CHEMBL577471,2409,2009.0
CS(=O)(=O)c1cc(Cl)ccc1CNC(=O)c1ccc(OCCC(F)(F)F)nc1,7.180456064458131,CHEMBL585949,2409,2009.0
Cn1cnnc1C1CCN(C(=O)NC2CC2c2ccccc2)CC1,5.075720713938118,CHEMBL550652,2409,2009.0
c1ccc2c(Nc3noc4ccccc34)cccc2c1,6.075720713938118,CHEMBL565960,2409,2009.0
CC(C)S(=O)(=O)N1CCC(NC(=O)Nc2ccc(C(F)(F)F)cc2)CC1,8.537602002101044,CHEMBL1668939,2409,2011.0
CS(=O)(=O)N1CCN(C(=O)c2cccc(NC(=O)NC34CC5CC(CC(C5)C3)C4)c2)CC1,7.378823718224964,CHEMBL3222116,2409,2012.0
CS(=O)(=O)N1CCC(NC(=O)Nc2ccc(OC(F)(F)F)cc2)CC1,8.537602002101044,CHEMBL1257634,2409,2010.0
CC(C)c1ccc(NC(=O)NC2CCCCC2)cc1,8.769551078621726,CHEMBL1360431,2409,2012.0
CC(C)c1ccc(NC(=O)NCC2CCCCC2)cc1,8.958607314841775,CHEMBL2031927,2409,2012.0
Cn1cc(C2CCN(C(=O)NC3CC3c3ccccc3)CC2)nn1,6.920818753952375,CHEMBL562869,2409,2009.0
CN1CCN(C(=O)c2cccc(NC(=O)NC34CC5CC(CC(C5)C3)C4)c2)CC1,7.455931955649724,CHEMBL478146,2409,2009.0
Cn1cc(NC(=O)NC23CC4CC(CC(C4)C2)C3)cn1,6.311580177997289,CHEMBL2392732,2409,2013.0
CS(=O)(=O)CCNC(=O)C1CCN(C(=O)NCc2ccc(Cl)cc2Cl)CC1,6.638272163982407,CHEMBL603531,2409,2010.0
CN1CCN(C(=O)NC2C(c3ccccc3)C2c2ccccc2)CC1,7.84163750790475,CHEMBL3401637,2409,2015.0
CS(=O)(=O)N1CCN(C(=O)c2ccc(NC(=O)NC34CC5CC(CC(C5)C3)C4)cc2)CC1,9.0,CHEMBL3222119,2409,2012.0
CN1CCN(C(=O)NC23CC4CC(CC(C4)C2)C3)CC1,7.195860567664649,CHEMBL3222128,2409,2012.0
Cc1csc(NC(=O)NC2C3CC4CC(C3)CC2C4)n1,6.1487416512809245,CHEMBL2392736,2409,2013.0
CS(=O)(=O)c1ccc(-c2ccc(CNC(=O)c3ccc(OCCC(F)(F)F)nc3)cc2)cc1,7.920818753952375,CHEMBL567703,2409,2009.0
Cc1ccc(NC(=O)NCc2cccc(F)c2)cc1Cl,7.779891911959945,CHEMBL1818405,2409,2011.0
CC(C)c1ccc(S(=O)(=O)N2CCC(C(=O)NC3CCCCCC3)CC2)cc1,6.327902142064282,CHEMBL1933514,2409,2012.0
CS(=O)(=O)N1CCC(NC(=O)NC23CC4CC(CC(C4)C2)C3)CC1,8.721246399047171,CHEMBL1668935,2409,2011.0
CS(=O)(=O)N1CCC(NC(=O)NC23CC4CC(CC(C4)O2)C3)CC1,6.607303046740334,CHEMBL4758083,2409,2020.0
CS(=O)(=O)N1CCC(NC(=O)Nc2ccc(C(F)(F)F)cc2)CC1,8.431798275933005,CHEMBL1668936,2409,2011.0
Cc1csc(NC(=O)NC23CC4CC(CC(C4)C2)C3)n1,6.314258261397736,CHEMBL2392721,2409,2013.0
CC(C)S(=O)(=O)N1CCC(NC(=O)NC23CC4CC(CC(C4)O2)C3)CC1,6.705533773838408,CHEMBL4784283,2409,2020.0
CC(C)S(=O)(=O)N1CCC(C(=O)NC2CCCCCC2)CC1,6.309803919971486,CHEMBL1933494,2409,2012.0
Cc1ccc(NC(=O)NC(C)CCc2ccccc2)cc1Cl,7.823908740944319,CHEMBL1818406,2409,2011.0
CNC(=O)c1ccc(OC2CCC(NC(=O)Nc3ccc(OC(F)(F)F)cc3)CC2)cc1,9.30102999566398,CHEMBL2397138,2409,2013.0
CNC(=O)c1ccc(OC2CCC(NC(=O)Nc3ccc(Cl)c(C(F)(F)F)c3)CC2)cn1,9.30102999566398,CHEMBL2397146,2409,2013.0
CNC(=O)c1ccc(OC2CCC(NC(=O)Nc3ccc(Cl)c(C(F)(F)F)c3)CC2)cc1,9.30102999566398,CHEMBL2397140,2409,2013.0
CNC(=O)c1ccc(OC2CCC(NC(=O)NC34CC5CC(CC(C5)C3)C4)CC2)cc1,9.30102999566398,CHEMBL2397139,2409,2013.0
O=S(=O)(NC1CCCC1)c1ccnc2[nH]c(-c3ccc(C(F)(F)F)cc3)nc12,7.698970004336019,CHEMBL4451596,2409,2016.0
CS(=O)(=O)c1ccc(-n2nc(CNC(=O)Nc3ccc(OC(F)(F)F)cc3)cc2-c2ccccc2)cc1,8.221848749616356,CHEMBL1766292,2409,2011.0
CS(=O)(=O)c1ccc(-n2nc(CNC(=O)Nc3ccc(C(F)(F)F)cc3)cc2-c2ccccc2)cc1,6.958607314841775,CHEMBL1766293,2409,2011.0
CNC(=O)c1ccc(OC2CCN(C(=O)NCc3ccc(Cl)cc3Cl)CC2)cc1,8.3767507096021,CHEMBL592743,2409,2010.0
CNC(=O)c1ccc(CNC(=O)c2ccc(C(C)(C)C)cc2)cc1,5.721246399047171,CHEMBL4072936,2409,2017.0
CS(=O)(=O)c1ccc(-n2nc(CNC(=O)NC34CC5CC(CC(C5)C3)C4)cc2-c2ccccc2)cc1,7.602059991327962,CHEMBL1766289,2409,2011.0
CC(NC(=O)NC12CC3CC(CC(C3)C1)C2)c1ccccc1,7.0,CHEMBL222080,2409,2006.0
CS(=O)(=O)c1ccc(-n2nc(CCCNC(=O)Nc3cccc(C(F)(F)F)c3)cc2-c2ccccc2)cc1,8.468521082957745,CHEMBL1766300,2409,2011.0
CCCCOCCCCCNC(=O)NC12CC3CC(CC(C3)C1)C2,8.387216143280265,CHEMBL245142,2409,2007.0
CCCOCCCCOCCCCCNC(=O)NC12CC3CC(CC(C3)C1)C2,8.638272163982407,CHEMBL245147,2409,2007.0
CCCOCCCCCCNC(=O)NC12CC3CC(CC(C3)C1)C2,8.431798275933005,CHEMBL245144,2409,2007.0
CC(NC(=O)C(Cc1ccccc1)NC(=O)CCCCCNC(=O)NC1CCCCC1)C(=O)O,6.585026652029182,CHEMBL219042,2409,2006.0
CS(=O)(=O)c1ccc(-n2nc(CNC(=O)NC3CCCCCC3)cc2-c2ccccc2)cc1,8.585026652029182,CHEMBL1766290,2409,2011.0
Cc1nc(NS(=O)(=O)c2ccc(NC(=O)NC34CC5CC(CC(C5)C3)C4)cc2)oc1C,7.886056647693163,CHEMBL2392744,2409,2013.0
FC(F)(F)Oc1ccc(Nc2noc3ccccc23)cc1,7.221848749616356,CHEMBL578048,2409,2009.0
FC(F)(F)Oc1cccc(Nc2noc3ccccc23)c1,6.795880017344075,CHEMBL585011,2409,2009.0
CCCOCCCOCCCCCNC(=O)NC12CC3CC(CC(C3)C1)C2,8.602059991327963,CHEMBL245146,2409,2007.0
CS(=O)(=O)c1ccc(C(CCNC(=O)c2ccc(C#N)cc2)c2ccc(F)cc2)cc1,8.057543575648724,CHEMBL556716_CHEMBL556717_CHEMBL564227,2409,
CS(=O)(=O)c1ccc(C(=O)NCCC(c2ccc(F)cc2)c2ccc(S(C)(=O)=O)cc2)cc1,8.154901959985743,CHEMBL562081,2409,2009.0
CS(=O)(=O)c1ccc(C(=O)NCCC(c2ccc(F)cc2)c2ccc(F)cc2)cc1,8.301029995663981,CHEMBL551338,2409,2009.0
COc1ccccc1NC(=O)NC12CC3CC(CC(C3)C1)C2,5.068338760315519,CHEMBL445531,2409,2009.0
Cc1ccc(NC(=O)N(CCN2CCOCC2)c2ccc3nc(N)sc3c2)cc1,8.080921907623926,CHEMBL4742920,2409,2021.0
CC(NC(=O)Nc1ccccc1F)C12CC3CC(CC(C3)C1)C2,7.2549252084179425,CHEMBL4632403,2409,2020.0
CC(NC(=O)NCCCCCCCCNC(=O)NC(C)C12CC3CC(CC(C3)C1)C2)C12CC3CC(CC(C3)C1)C2,9.19897000433602,CHEMBL3263297,2409,2014.0
CC(NC(=O)Nc1ccc(NC(=O)NC(C)C23CC4CC(CC(C4)C2)C3)cc1)C12CC3CC(CC(C3)C1)C2,6.79317412396815,CHEMBL3263300,2409,2014.0
CC(NC(=O)NCCCc1ccccc1)c1cccc2ccccc12,6.902715080385678,CHEMBL3809056_CHEMBL3809988,2409,
O=C=Nc1ccc(S(=O)(=O)N2CCC(C(=O)NC3CCCCCC3)CC2)cc1,6.823908740944319,CHEMBL1933508,2409,2012.0
CC(NC(=O)NCCCc1ccccc1)C1CCCCC1,6.629960834528887,CHEMBL3808903_CHEMBL3809228,2409,
CC(NC(=O)NCCCCNC(=O)NC(C)C12CC3CC(CC(C3)C1)C2)C12CC3CC(CC(C3)C1)C2,8.761439372640169,CHEMBL3263294,2409,2014.0
CS(=O)(=O)c1ccc(-n2nc(CNC(=O)Nc3ccccc3)cc2-c2ccccc2)cc1,7.327902142064282,CHEMBL1766291,2409,2011.0
CS(=O)(=O)c1ccc(-n2nc(CNC(=O)Nc3cccc(C(F)(F)F)c3)cc2-c2ccccc2)cc1,7.142667503568731,CHEMBL1766294,2409,2011.0
FC(F)(F)Oc1ccccc1Nc1noc2ccccc12,5.2839966563652006,CHEMBL578771,2409,2009.0
COc1ccccc1OC1CCN(C(=O)NC2CC2c2ccccc2)CC1,7.94692155651658,CHEMBL3114598,2409,2014.0
CS(=O)(=O)c1ccc(C(CCNC(=O)c2ccc(O)cc2)c2ccc(F)cc2)cc1,7.930060456799381,CHEMBL2021549_CHEMBL2021563,2409,
Cc1nc(NC(C)C)nc(N2CCC(C(=O)NCc3ccccc3C(F)(F)F)CC2)n1,9.0,CHEMBL2392696,2409,2013.0
Cc1nc(N2CCOCC2)nc(N2CCC(C(=O)NCc3ccccc3C(F)(F)F)CC2)n1,9.0,CHEMBL2392697,2409,2013.0
CC(C)OCCNC(=O)NC12CC3CC(CC(C3)C1)C2,6.584359020103846,CHEMBL1818418,2409,2011.0
CC(C)OCCOCCOCCCCCNC(=O)NC12CC3CC(CC(C3)C1)C2,8.387216143280265,CHEMBL2031946,2409,2012.0
Cc1ccc(NC(=O)N2CCC(c3cc(C)nn3-c3ccc(S(N)(=O)=O)cc3)CC2)cc1,6.649751981665837,CHEMBL2425007,2409,2013.0
CC(CCc1ccccc1)NC(=O)Nc1cccc(C(F)(F)F)c1F,8.721246399047171,CHEMBL1818409,2409,2011.0
CC(C)Oc1cc(F)c(COC2CCC(NC(=O)NC34CC5CC(CC(C5)C3)C4)CC2)c(F)c1,8.410207557974621,CHEMBL242026_CHEMBL397693,2409,
CNC(=O)CCC1(c2ccccc2)CCCN(C(=O)Nc2ccc(Cl)cc2)C1,8.301029995663981,CHEMBL1079246,2409,2009.0
Nc1ccc(C(=O)NCc2ccc(Cl)cc2Cl)cn1,6.2839966563652006,CHEMBL567109,2409,2009.0
CC12CC3CC(C)(C1)CC(NC(=O)NCc1cc(-c4cccc(F)c4)no1)(C3)C2,7.769551078621726,CHEMBL3633683,2409,2015.0
C=CCOC1CCC(NC(=O)NC23CC4CC(CC(C4)C2)C3)CC1,8.886056647693163,CHEMBL2031951,2409,2012.0
CC12CC3CC(C)(C1)CC(NC(=O)NCc1cc(-c4ccco4)on1)(C3)C2,8.387216143280265,CHEMBL3633681,2409,2015.0
Cc1ccccc1CNC(=O)N1CCCC(CO)C1,5.823908740944319,CHEMBL593661,2409,2010.0
CC12CC3CC(C)(C1)CC(NC(=O)Nc1ccccc1F)(C3)C2,8.443697499232712,CHEMBL4649528,2409,2020.0
CC12CCC(NC(=O)NC3CCC(Oc4ccc(C(=O)O)cc4)CC3)(OC1=O)C2(C)C,7.452225294612178,CHEMBL4763903,2409,2020.0
Cc1ccccc1COC1CCC(NC(=O)NC23CC4CC(CC(C4)C2)C3)CC1,8.632200550150909,CHEMBL395989_CHEMBL397426,2409,
CC(C)Oc1ccc(NC(=O)N(CCN2CCOCC2)c2ccc3nc(N)sc3c2)cc1,6.913640169325252,CHEMBL4758304,2409,2021.0
OCCSc1nc2ccccc2[nH]1,5.863279432843593,CHEMBL4561138,2409,2016.0
Nc1ccc(C(=O)NCCC(c2ccccc2)c2ccccc2)cn1,8.040958607678906,CHEMBL568773,2409,2009.0
CNC(=O)c1cc(Oc2ccc(NC(=O)Nc3ccc(OC(F)(F)F)cc3)cc2)ccn1,9.30102999566398,CHEMBL2397149,2409,2013.0
CS(=O)(=O)c1ccc(-c2noc(C3CCN(C(=O)NC4CC4c4ccccc4)CC3)n2)cc1,8.397940008672037,CHEMBL551058,2409,2009.0
CC(Cc1ccc(C(=O)NCc2ccccc2C(F)(F)F)cc1)C(=O)O,5.096910013008056,CHEMBL3764795,2409,2016.0
CNC(=O)c1cc(Oc2ccc(NC(=O)Nc3ccc(Cl)c(C(F)(F)F)c3)c(F)c2)ccn1,9.30102999566398,CHEMBL1946170,2409,2013.0
CCC(=O)N1CCC(NC(=O)Nc2cccnc2)CC1,5.42021640338319,CHEMBL1256165,2409,2010.0
CCC(=O)N1CCC(NC(=O)Nc2ccccc2F)CC1,6.522878745280337,CHEMBL1258448,2409,2010.0
CNC(=O)c1cc(Oc2ccc(NC(=O)NC34CC5CC(CC(C5)C3)C4)cc2)ccn1,9.30102999566398,CHEMBL2397136,2409,2013.0
CC12CC3CC(C)(C1)CC(N1C(=O)C(=O)N(C4C5CC6CC(C5)CC4C6)C1=O)(C3)C2,7.642065152999546,CHEMBL4642321,2409,2020.0
CCC(=O)N1CCC(NC(=O)Nc2ccccc2Cl)CC1,5.958607314841775,CHEMBL1258556,2409,2010.0
CNC(=O)c1cc(OC2CCC(NC(=O)Nc3ccc(OC(F)(F)F)cc3)CC2)ccn1,9.30102999566398,CHEMBL2397143,2409,2013.0
Cc1nc(N(C)C)nc(N2CCC(C(=O)NCc3ccccc3C(F)(F)F)CC2)n1,9.0,CHEMBL2392695,2409,2013.0
CNC(=O)c1cc(OC2CCC(NC(=O)Nc3ccc(Cl)c(C(F)(F)F)c3)CC2)ccn1,9.30102999566398,CHEMBL2397137_CHEMBL2397141,2409,
CCC(=O)N1CCC(NC(=O)Nc2ccccc2C)CC1,5.769551078621726,CHEMBL1257633,2409,2010.0
CCC(=O)N1CCC(NC(=O)Nc2ccccc2)CC1,6.886056647693163,CHEMBL1256163,2409,2010.0
CC12CC3CC(C)(C1)CC(N1C(=O)C(=O)N(c4ccccc4F)C1=O)(C3)C2,6.430977413970437,CHEMBL4647835,2409,2020.0
CC12CC3CC(C)(C1)CC(NC(=O)NC1C4CC5CC(C4)CC1C5)(C3)C2,8.017728766960431,CHEMBL4646874,2409,2020.0
CCC(=O)N1CCC(NC(=O)Nc2cccc(F)c2)CC1,7.4089353929735005,CHEMBL1258447,2409,2010.0
Cn1nccc1-c1ccc2c(c1)C(=O)CC1(CCN(C(=O)NC3CC3c3ccccc3)CC1)O2,8.397940008672037,CHEMBL495792,2409,2009.0
CC(N1C(=O)C(=O)N(c2ccccc2F)C1=O)C12CC3CC(CC(C3)C1)C2,6.331241458249043,CHEMBL4644458,2409,2020.0
Cn1nccc1Nc1ccc2c(c1)C(=O)CC1(CCN(C(=O)NC3CC3c3ccccc3)CC1)O2,8.522878745280337,CHEMBL495793,2409,2009.0
O=C1CC2(CCN(C(=O)NC3CCc4ccccc4CC3)CC2)Oc2ccccc21,8.096910013008056,CHEMBL519149,2409,2009.0
O=C(NC1CCCCCC1)C1CCN(C(=O)c2ccc([N+](=O)[O-])cc2)CC1,5.920818753952375,CHEMBL1933671,2409,2012.0
COCCOCCOCCOCCCCCNC(=O)NC12CC3CC(CC(C3)C1)C2,7.638272163982407,CHEMBL245150,2409,2007.0
CC(=O)N1CCC(NC(=O)NC2C3CCC2CC3)CC1,7.853871964321762,CHEMBL1668926,2409,2011.0
CC(=O)N1CCC(NC(=O)NC2CC3(C)CCC2CC3)CC1,7.602059991327962,CHEMBL1668925,2409,2011.0
CC(=O)N1CCC(NC(=O)NC2CCC(C(C)(C)C)CC2)CC1,7.886056647693163,CHEMBL1668929,2409,2011.0
CC(=O)N1CCC(NC(=O)NC2CCC(C)(C)CC2)CC1,8.221848749616356,CHEMBL1668930,2409,2011.0
CC(=O)N1CCC(NC(=O)NC2CCC(F)(F)CC2)CC1,6.732828271596986,CHEMBL1668931,2409,2011.0
CC(=O)N1CCC(NC(=O)NC2CCCCC2)CC1,7.537602002101044,CHEMBL1668927,2409,2011.0
CC(=O)N1CCC(NC(=O)NC2CCCCCC2)CC1,9.096910013008056,CHEMBL1668928,2409,2011.0
CC(=O)N1CCC(NC(=O)Nc2ccc(C(F)(F)F)cc2)CC1,7.958607314841775,CHEMBL1668932,2409,2011.0
CC(=O)N1CCC(NC(=O)Nc2ccc(OC(F)(F)F)cc2)CC1,7.920818753952375,CHEMBL1668934,2409,2011.0
O=C(O)Cc1ccc(OC2CCN(C(=O)NC3CC3c3ccccc3)CC2)cc1,7.364516253185088,CHEMBL3114607,2409,2014.0
O=C(O)Cc1ccc(OC2CCN(C(=O)NC3CC3c3ccccc3)CC2)c(Cl)c1,8.366531544420413,CHEMBL3114610,2409,2014.0
O=C(O)Cc1ccc(NC(=O)NC23CC4CC(CC(C4)C2)C3)cc1,6.406713932979542,CHEMBL478147,2409,2009.0
CC(=O)N1CCC(NC(=O)Nc2cccc(C(F)(F)F)c2)CC1,8.0,CHEMBL1668933,2409,2011.0
O=C(Nc1ncco1)NC1C2CC3CC(C2)CC1C3,7.337242168318426,CHEMBL2392733,2409,2013.0
O=C(O)CNC(=O)C(Cc1ccccc1)NC(=O)CCCCCNC(=O)NC1CCCCC1,5.823908740944319,CHEMBL219153,2409,2006.0
CC(C)CCOc1ccc(NC(=O)Nc2ccc(OCCC(C)C)cc2)cc1,8.187086643357144,CHEMBL1818420,2409,2011.0
O=C(Nc1nccs1)NC12CC3CC(CC(C3)C1)C2,7.080921907623926,CHEMBL2392720,2409,2013.0
Cc1cc(NC(=O)Nc2cccc(Cl)c2)ccc1OCc1nc2ccccc2s1,8.698970004336019,CHEMBL4584048,2409,2019.0
O=C(O)CCc1ccc(OC2CCN(C(=O)NC3CC3c3ccccc3)CC2)cc1,7.718966632752272,CHEMBL3401630,2409,2015.0
O=C(O)CCc1ccc(OC2CCN(C(=O)NC3C(c4ccccc4)C3c3ccccc3)CC2)cc1,8.638272163982407,CHEMBL3401634,2409,2015.0
O=C(O)CCc1ccc(OC2CCN(C(=O)NC3C(c4ccc(F)cc4)C3c3ccc(F)cc3)CC2)cc1,8.67778070526608,CHEMBL3401635,2409,2015.0
COCCCNC(=O)NC12CC3CC(CC(C3)C1)C2,6.413300198375951,CHEMBL1818417,2409,2011.0
O=C(O)CCc1ccc(NC(=O)NC23CC4CC(CC(C4)C2)C3)cc1,6.899629454882437,CHEMBL477041,2409,2009.0
O=C(O)CCc1ccc(C(=O)NCc2ccccc2C(F)(F)F)cc1,5.045757490560675,CHEMBL3763787,2409,2016.0
Cc1cc(NC(=O)Nc2ccccc2)ccc1OCc1nc2ccccc2s1,8.187086643357144,CHEMBL4467433,2409,2019.0
CC(=O)N1CCN(C(=O)CCC(=O)N2CCC(NC(=O)NC34CC5CC(CC(C5)C3)C4)CC2)CC1,7.349692476868063,CHEMBL3222123,2409,2012.0
CC(=O)N1CCN(C(=O)NC23CC4CC(CC(C4)C2)C3)CC1,6.493494967595128,CHEMBL3222126,2409,2012.0
CC(C)CS(=O)(=O)N1CCC(C(=O)NC2CCCCCC2)CC1,6.017728766960431,CHEMBL1933493,2409,2012.0
O=C(O)CCCc1nc(-c2ccc(Cl)c(Cl)c2)c(-c2ccccc2)o1,5.210108201691595,CHEMBL4445524,2409,2019.0
O=C(O)c1cc(S(=O)(=O)N2CCC(C(=O)NC3CCCCCC3)CC2)c(F)cc1Cl,5.221848749616356,CHEMBL1933660,2409,2012.0
Cc1cc(NC(=O)Nc2ccc(Cl)cc2)ccc1OCc1nc2ccccc2s1,8.387216143280265,CHEMBL4474511,2409,2019.0
O=C(O)c1ccc(OC2CCC(N3C(=O)C(=O)N(c4ccc(OC(F)(F)F)cc4)C3=O)CC2)cc1,8.113509274827518,CHEMBL4632921,2409,2020.0
O=C(O)c1ccc(OC2CCC(N3C(=O)C(=O)N(C4CCCCCC4)C3=O)CC2)cc1,7.061480274823508,CHEMBL4647149,2409,2020.0
O=C(O)c1ccc(OC2CCC(N3C(=O)C(=O)N(C45CC6CC(CC(Cl)(C6)C4)C5)C3=O)CC2)cc1,9.397940008672036,CHEMBL4641404,2409,2020.0
O=C(Nc1ccon1)NC12CC3CC(CC(C3)O1)C2,6.040481623027002,CHEMBL4790388,2409,2020.0
O=C(Nc1cnc(-n2nc(-c3cccnc3)cc2C(F)(F)F)cn1)c1ccccc1,7.552841968657781,CHEMBL1271711,2409,2010.0
O=C(O)c1ccc(CNC(=O)c2cccc(-c3ccccc3)c2)cc1,5.0,CHEMBL4095466,2409,2017.0
Cc1cc(NC(=O)Nc2cc(Cl)cc(Cl)c2)ccc1OCc1nc2ccccc2s1,9.096910013008056,CHEMBL4559364,2409,2019.0
O=C(O)c1ccc(CNC(=O)c2ccc(-c3ccccc3)cc2)cc1,5.091514981121351,CHEMBL4068899,2409,2017.0
O=C(CCC1(c2ccccc2)CCCN(C(=O)Nc2ccc(Cl)cc2)C1)NC1=NNNN1,8.853871964321762,CHEMBL1079245,2409,2009.0
Fc1ccccc1-c1ccc2c(Nc3ccc(C(F)(F)F)cc3)noc2c1,7.040958607678906,CHEMBL576459,2409,2009.0
O=C(CCC1(c2ccccc2)CCCN(C(=O)Nc2ccc(Cl)cc2)C1)N1CCOCC1,8.096910013008056,CHEMBL1078232,2409,2009.0
CC(=O)N1CCC(CNC(=O)NC23CC4CC(CC(C4)C2)C3)CC1,8.301029995663981,CHEMBL215025,2409,2006.0
CC(=O)NC(CSCC=C(C)CCC=C(C)CCC=C(C)C)C(=O)O,5.690369832574101,CHEMBL1555989,2409,2019.0
CC(=O)N1CCC(NC(=O)NC23CC4(F)CC(F)(CC(F)(C4)C2)C3)CC1,6.920818753952375,CHEMBL1668924,2409,2011.0
CC(=O)N1CCC(NC(=O)NC23CC4CC(CC(C4)C2)C3)CC1,8.065506537386383,CHEMBL436774,2409,2006.0
O=C(CCC(c1ccccc1)c1ccccc1)Nc1cccnc1,7.346787486224656,CHEMBL565028,2409,2009.0
O=C(O)c1ccc(-c2noc(C3CCN(C(=O)NC4CC4c4ccccc4)CC3)n2)cc1,8.301029995663981,CHEMBL559531,2409,2009.0
O=C(Nc1nc2ccccc2s1)NC12CC3CC(CC(C3)C1)C2,8.522878745280337,CHEMBL2392723,2409,2013.0
COCC(=O)c1ccc(OC2CCC(NC(=O)NC34CC5CC(CC(C5)C3)C4)CC2)cc1,8.42021640338319,CHEMBL2031933,2409,2012.0
CON(C)C(=O)C=Cc1ccc(C(=O)NCc2ccccc2C(F)(F)F)cc1,7.154901959985743,CHEMBL3763179,2409,2016.0
CON(C)C(=O)C1CC1c1ccc(C(=O)NCc2ccccc2C(F)(F)F)cc1,7.096910013008056,CHEMBL3765638,2409,2016.0
O=C(Nc1nc2ccccc2s1)NC12CC3CC(CC(C3)O1)C2,6.106793246940152,CHEMBL4764141,2409,2020.0
O=C(Nc1ncc(-n2nc(-c3cccnc3)cc2C(F)(F)F)cn1)c1ccccc1,7.67778070526608,CHEMBL1271712,2409,2010.0
CC(=O)N1CCC(NC(=O)NC23CC4CC(CC(C4)O2)C3)CC1,7.52432881167557,CHEMBL4759592,2409,2020.0
O=C(Nc1nccnn1)NC12CC3CC(CC(C3)C1)C2,5.994819487496219,CHEMBL2392753,2409,2013.0
Cc1cc(NC(=O)Nc2ccc(Cl)c(Cl)c2)ccc1OCc1nc2ccccc2s1,9.221848749616356,CHEMBL4467796,2409,2019.0
O=C(O)c1ccc(-c2ccc(C(=O)NCc3ccccc3C(F)(F)F)cc2)cc1,6.769551078621726,CHEMBL3765559,2409,2016.0
O=C(Nc1ncco1)NC12CC3CC(CC(C3)C1)C2,6.023191662661934,CHEMBL2392754,2409,2013.0
Cc1cc(NC(=O)Nc2ccccc2Cl)ccc1OCc1nc2ccccc2s1,7.454692883534176,CHEMBL4468253,2409,2019.0
O=C(O)CCCc1ccc(NC(=O)NC23CC4CC(CC(C4)C2)C3)cc1,7.701146923590294,CHEMBL476843,2409,2009.0
O=C(O)CCCNC(=O)NC12CC3CC(CC(C3)C1)C2,6.164943898279883,CHEMBL419810,2409,2004.0
O=C(O)CCC1(c2ccc(-c3ccccc3)cc2)CCCN(C(=O)Nc2ccc(OC(F)(F)F)cc2)C1,8.096910013008056,CHEMBL1079061,2409,2009.0
O=C(CC12CC3CC(CC(C3)C1)C2)NC1CCC(OCc2c(F)cccc2F)CC1,8.455931955649724,CHEMBL245225,2409,2007.0
COCCOCCCCCNC(=O)NC12CC3CC(CC(C3)C1)C2,7.91721462968355,CHEMBL2031944,2409,2012.0
O=C1CC2(CCN(C(=O)NC3CCc4ccccc4C3)CC2)Oc2ccccc21,8.301029995663981,CHEMBL495601,2409,2009.0
Cc1ccc(S(=O)(=O)N2CCC(C(=O)NCC3CCCCC3)CC2)c(C)c1,8.236572006437063,CHEMBL2313188,2409,2013.0
O=C(O)CCC(=O)N1CCC(NC(=O)NC23CC4CC(CC(C4)C2)C3)CC1,6.6020599913279625,CHEMBL385348,2409,2006.0
O=C(O)CCC(=O)N1CCC(CNC(=O)NC23CC4CC(CC(C4)C2)C3)CC1,6.769551078621726,CHEMBL386455,2409,2006.0
O=C(O)CC1(c2ccccc2)CCCN(C(=O)Nc2ccc(Cl)cc2)C1,7.2839966563652,CHEMBL1077781,2409,2009.0
CC(=O)N1CCN(C(=O)c2cccc(NC(=O)NC34CC5CC(CC(C5)C3)C4)c2)CC1,7.334419008982047,CHEMBL3222114,2409,2012.0
Cc1ccc(S(=O)(=O)N2CCC(C(=O)NCC(C)C)CC2)c(C)c1,7.744727494896693,CHEMBL2313204,2409,2013.0
Cc1cc(OCc2nc3ccccc3s2)ccc1NC(=O)Nc1ccccc1Cl,5.824053529904454,CHEMBL4446557,2409,2019.0
O=C(Nc1ncncn1)NC12CC3CC(CC(C3)C1)C2,7.102372908709558,CHEMBL2392752,2409,2013.0
O=C(O)C1CCN(C(=O)NCc2ccc(Cl)cc2Cl)CC1,6.0,CHEMBL591789,2409,2010.0
O=C(Nc1ncncn1)NC12CC3CC(CC(C3)O1)C2,5.839231438138872,CHEMBL4751517,2409,2020.0
O=C(Nc1nnc(-c2cccs2)o1)NC12CC3CC(CC(C3)C1)C2,5.80271944187438,CHEMBL2392728,2409,2013.0
O=C(Nc1nnc(C2CC2)o1)NC12CC3CC(CC(C3)C1)C2,6.298432014944073,CHEMBL2392726,2409,2013.0
O=C(Nc1nnc(C2CC2)o1)NC1C2CC3CC(C2)CC1C3,5.618343517414213,CHEMBL2392738,2409,2013.0
CC(=O)N1CCN(CC(=O)N2CCC(NC(=O)Nc3ccc(OC(F)(F)F)cc3)CC2)CC1,9.30102999566398,CHEMBL1257404,2409,2010.0
CC(=O)N1CCN(CCCCOc2cccc(NC(=O)CC34CC5CC(CC(C5)C3)C4)c2)CC1,9.221848749616356,CHEMBL3222129,2409,2012.0
CC(=O)N1CCN(CCCOc2ccc(NC(=O)NC34CC5CC(CC(C5)C3)C4)c3cccnc23)CC1,6.847711655616944,CHEMBL3222120,2409,2012.0
Cc1cc(OCc2nc3ccccc3s2)ccc1NC(=O)Nc1ccccc1,7.2083093509798815,CHEMBL4529502,2409,2019.0
O=C(Nc1nnc(C2CCC2)o1)NC12CC3CC(CC(C3)C1)C2,6.617982957425132,CHEMBL2392727,2409,2013.0
O=C(Nc1nnc(C2CCC2)o1)NC1C2CC3CC(C2)CC1C3,6.417936637088291,CHEMBL2392739,2409,2013.0
Cc1cc(OCc2nc3ccccc3s2)ccc1NC(=O)Nc1cccc(Cl)c1,7.801342913045577,CHEMBL4464098,2409,2019.0
Cc1cc(OCc2nc3ccccc3s2)ccc1NC(=O)Nc1ccc(Cl)cc1,8.2839966563652,CHEMBL4513805,2409,2019.0
Cc1cc(OCc2nc3ccccc3s2)ccc1NC(=O)Nc1ccc(Cl)c(Cl)c1,7.638272163982407,CHEMBL4291038,2409,2018.0
Cc1cc(OCc2nc3ccccc3s2)ccc1NC(=O)Nc1cc(Cl)cc(Cl)c1,7.698970004336019,CHEMBL4464435,2409,2019.0
O=C(CC12CC3CC(CC(C3)C1)C2)NC1CCC(Oc2ccc(F)cc2)CC1,8.040958607678906,CHEMBL243302,2409,2007.0
O=C(O)CCC1(c2ccc(C(F)(F)F)cc2)CCCN(C(=O)Nc2ccc(Cl)cc2)C1,8.301029995663981,CHEMBL1078715,2409,2009.0
O=C(O)CCC1(c2cccc(C(F)(F)F)c2)CCCN(C(=O)Nc2ccc(Cl)cc2)C1,7.920818753952375,CHEMBL1079258,2409,2009.0
O=C(O)CCC1(c2ccccc2)CCCN(C(=O)Nc2ccc(Cl)cc2)C1,8.301029995663981,CHEMBL1079256,2409,2009.0
CC(C)CC(NC(=O)C(Cc1ccccc1)NC(=O)CCCCCNC(=O)NC1CCCCC1)C(=O)O,6.055517327849831,CHEMBL438269,2409,2006.0
CC(C)C(NC(=O)C(Cc1ccccc1)NC(=O)CCCCCNC(=O)NC1CCCCC1)C(=O)O,7.0,CHEMBL219385,2409,2006.0
Fc1ccc(NC(=S)NC2C3CC4CC(C3)CC2C4)c(F)c1F,8.318758762624412,CHEMBL1818411,2409,2011.0
Cc1ccc(S(=O)(=O)N2CCC(C(=O)NC3CCN(C(=O)OC(C)(C)C)CC3)CC2)c(C)c1,6.580044251510242,CHEMBL2313187,2409,2013.0
CC(=O)N1CCN(C(=O)c2ccc(NC(=O)NC34CC5CC(CC(C5)C3)C4)cc2)CC1,8.045757490560675,CHEMBL3222117,2409,2012.0
COCCNC(=O)C1CCN(C(=O)NCc2ccc(Cl)cc2Cl)CC1,6.6777807052660805,CHEMBL592024,2409,2010.0
O=C(O)CCCCC1(c2ccccc2)CCCN(C(=O)Nc2ccc(Cl)cc2)C1,8.301029995663981,CHEMBL1078657,2409,2009.0
O=C(CC1CCCCC1)Nc1cccc(OCCCN2CCOCC2)c1,7.552841968657781,CHEMBL454959,2409,2009.0
O=C(CC1CCCCC1)Nc1cccc(Cl)c1,5.6777807052660805,CHEMBL192470,2409,2005.0
O=C(CC1CCCCC1)NCCc1ccccc1,5.3979400086720375,CHEMBL193019,2409,2005.0
Cc1cc(NS(=O)(=O)c2ccc(NC(=O)NC34CC5CC(CC(C5)C3)C4)cc2)no1,6.534617148551582,CHEMBL2392743,2409,2013.0
O=C(CC1CC1)N1CCC2(CC1)CCN(C(=O)Nc1ccc(OC(F)(F)F)cc1)C2,9.221848749616356,CHEMBL2436589,2409,2013.0
O=C(O)CCCC1(c2ccccc2)CCCN(C(=O)Nc2ccc(Cl)cc2)C1,7.920818753952375,CHEMBL1078565,2409,2009.0
O=C(O)c1ccc(OC2CCN(C(=O)NC3CC3c3ccccc3)CC2)c(Cl)c1,8.585026652029182,CHEMBL3114609,2409,2014.0
O=C(O)CCCC(=O)N1CCC(NC(=O)NC23CC4CC(CC(C4)C2)C3)CC1,7.142667503568731,CHEMBL426340,2409,2006.0
CCN1CCC(NC(=O)NC23CC4CC(CC(C4)C2)C3)CC1,5.42021640338319,CHEMBL214534,2409,2006.0
CC1(c2ccccc2)CCCN(C(=O)Nc2ccc(Cl)cc2)C1,9.0,CHEMBL1079360,2409,2009.0
CCN1CCC(CNC(=O)NC23CC4CC(CC(C4)C2)C3)CC1,5.4089353929735005,CHEMBL213611,2409,2006.0
CCN1CCC(C(=O)NCc2ccc(OC)cc2C(F)(F)F)CC1,6.962573502059376,CHEMBL4098527,2409,2018.0
O=C(CC12CC3CC(CC(C3)C1)C2)Nc1cccc(OCCCN2CCOCC2)c1,8.602059991327963,CHEMBL456632,2409,2009.0
O=C(CC12CC3CC(CC(C3)C1)C2)Nc1ccc(OCCCN2CCOCC2)cc1,8.886056647693163,CHEMBL549576,2409,2009.0
O=C(CC12CC3CC(CC(C3)C1)C2)Nc1ccc(F)c(OCCCN2CCOCC2)c1,8.18045606445813,CHEMBL551806,2409,2009.0
O=C(O)CCC1(c2ccncc2)CCCN(C(=O)Nc2ccc(Cl)cc2)C1,7.522878745280337,CHEMBL1078336,2409,2009.0
O=C(O)CCC1(c2cccnc2)CCCN(C(=O)Nc2ccc(Cl)cc2)C1,7.552841968657781,CHEMBL1078337,2409,2009.0
O=C(O)CCC1(c2ccccn2)CCCN(C(=O)Nc2ccc(Cl)cc2)C1,7.721246399047171,CHEMBL1077963,2409,2009.0
O=C(CC12CC3CC(CC(C3)C1)C2)NC1CCCC(OCCCN2CCOCC2)C1,8.2839966563652,CHEMBL561665,2409,2009.0
COCCNc1nc(C)nc(N2CCC(C(=O)NCc3ccccc3C(F)(F)F)CC2)n1,9.0,CHEMBL2392698,2409,2013.0
O=C(O)CCC1(c2ccccc2C(F)(F)F)CCCN(C(=O)Nc2ccc(Cl)cc2)C1,7.795880017344075,CHEMBL1079257,2409,2009.0
O=C(O)CCCC(=O)N1CCC(CNC(=O)NC23CC4CC(CC(C4)C2)C3)CC1,7.387216143280264,CHEMBL215820,2409,2006.0
O=C(O)c1ccc(OC2CCN(C(=O)NC3CC3c3ccccc3)CC2)cc1,7.518557371497695,CHEMBL3114606,2409,2014.0
CC(=O)N1CCC(NC(=O)NC23CC4CC(F)(CC(F)(C4)C2)C3)CC1,7.236572006437063,CHEMBL1668923,2409,2011.0
O=C(O)c1ccc(S(=O)(=O)N2CCC(C(=O)NC3CCCCCC3)CC2)cc1,6.619788758288394,CHEMBL1933505,2409,2012.0
O=C(Nc1ccccc1O)NC12CC3CC(CC(C3)C1)C2,6.856985199745905,CHEMBL477670,2409,2009.0
O=C(Nc1ccccc1OC(F)(F)F)NC1CCC(Oc2ccc(F)cc2)CC1,7.0,CHEMBL426555,2409,2006.0
CCCCCCNC(=O)NC1C2CC3CC(C2)CC1C3,9.0,CHEMBL1818401,2409,2011.0
O=C(Nc1ccccn1)NC12CC3CC(CC(C3)C1)C2,5.824488186636552,CHEMBL1346880,2409,2013.0
COC(=O)c1cccc(C(=O)N2CCC(NC(=O)NC34CC5CC(CC(C5)C3)C4)CC2)c1,8.958607314841775,CHEMBL384744,2409,2006.0
CC1(c2ccccc2)CCCN(C(=O)Nc2ccc(-c3ccccc3)cc2)C1,8.154901959985743,CHEMBL1080076,2409,2009.0
COC(=O)c1cccc(C(=O)N2CCC(CNC(=O)NC34CC5CC(CC(C5)C3)C4)CC2)c1,8.387216143280265,CHEMBL215121,2409,2006.0
O=C(Nc1ccccc1)Nc1cccc(OCCCN2CCOCC2)c1,7.42021640338319,CHEMBL540430,2409,2009.0
O=C(Nc1ccccc1F)NC1CC2CCC1C2,8.167491087293763,CHEMBL4748031,2409,2020.0
Cc1cc(NC(=O)NC23CC4CC(CC(C4)C2)C3)no1,6.866461091629782,CHEMBL2392756,2409,2013.0
COC(=O)c1ccc2cc(NC(=O)C3CCN(S(=O)(=O)c4ccc(C)cc4C)CC3)ccc2c1,6.958607314841775,CHEMBL2313160,2409,2013.0
Cc1nc2cc(NC(=O)NC3CC3c3ccccc3)ccc2o1,7.400007822415902,CHEMBL1672130,2409,2011.0
CSc1ccc(OC2(C)CCN(CC3CC3)C2)cc1,6.537602002101044,CHEMBL4453492,2409,2016.0
CCN(CC)C(=O)CCC1(c2ccccc2)CCCN(C(=O)Nc2ccc(Cl)cc2)C1,8.522878745280337,CHEMBL1078628,2409,2009.0
CC1(c2ccccc2)CCCN(C(=O)Nc2noc3ccccc23)C1,7.229147988357855,CHEMBL1079361,2409,2009.0
CSc1ccc(NC(=O)NC23CC4CC(CC(C4)C2)C3)cc1,8.795880017344075,CHEMBL2031803,2409,2012.0
O=C1C(=O)N(C2C3CC4CC(C3)CC2C4)C(=O)N1c1ccccc1F,5.212752119668046,CHEMBL4639722,2409,2020.0
Cc1cccc(S(=O)(=O)N2CCC(C(=O)NC3CCCCCC3)CC2)c1,5.769551078621726,CHEMBL1933652,2409,2012.0
CC(C)=CC=C1C(=O)N(C)c2ccccc21,5.99148333035061,CHEMBL4068980_CHEMBL4090057,2409,
O=C(Nc1ccccc1F)NC1C2CC3CC(C2)CC1C3,9.0,CHEMBL4637039,2409,2020.0
O=C1C(=O)N(c2ccccc2F)C(=O)N1CC12CC3CC(CC(C3)C1)C2,6.50779854860746,CHEMBL4642510,2409,2020.0
O=C(Nc1ccccc1)Nc1ccc(OCc2nc3ccccc3s2)cc1,6.952725132615821,CHEMBL4586137,2409,2019.0
O=C(Nc1ccccc1)Nc1ccccc1,6.403437700822769,CHEMBL354676,2409,2011.0
COC(=O)c1ccccc1C(=O)N1CCC(CNC(=O)NC23CC4CC(CC(C4)C2)C3)CC1,8.744727494896694,CHEMBL384280,2409,2006.0
CC1(c2ccccc2)CCCN(C(=O)NCc2ccc(-c3ccccc3C(F)(F)F)cc2)C1,8.096910013008056,CHEMBL1080974,2409,2009.0
Cc1ccc(S(=O)(=O)N2CCC(C(=O)NC3CCCCCC3)CC2)cc1,6.2441251443275085,CHEMBL1603947,2409,2012.0
O=C(c1ccc(C(F)(F)F)cc1)N1CCC2(CCc3ccccc3O2)CC1,8.397940008672037,CHEMBL524992,2409,2009.0
Cc1ccc(S(=O)(=O)N2CCC(C(=O)NC3CCCCCCC3)CC2)c(C)c1,8.55284196865778,CHEMBL2313166,2409,2013.0
Cc1ccc(S(=O)(=O)N2CCC(C(=O)Nc3cc(Cl)cc(Cl)c3)CC2)c(C)c1,7.602059991327962,CHEMBL2313201,2409,2013.0
CC1(c2ccccc2)CCCN(C(=O)Nc2ccncc2)C1,6.259637310505756,CHEMBL1079362,2409,2009.0
CC1(c2ccccc2)CCCN(C(=O)NCc2ccc(-c3cccc(Cl)c3)cc2)C1,7.853871964321762,CHEMBL1080975,2409,2009.0
COC1CCC(NC(=O)NC23CC4CC(CC(C4)C2)C3)CC1,8.461008180111074,CHEMBL242256_CHEMBL242470,2409,
COC(=O)c1ccccc1C(=O)N1CCC(NC(=O)NC23CC4CC(CC(C4)C2)C3)CC1,8.769551078621726,CHEMBL214644,2409,2006.0
Cc1ccc(S(=O)(=O)N2CCC(C(=O)NC3CC3)CC2)c(C)c1,8.337242168318426,CHEMBL2313162,2409,2013.0
Cc1ccc(S(=O)(=O)N2CCC(C(=O)NC3CC3c3ccccc3)CC2)c(C)c1,5.161150909262744,CHEMBL2313185,2409,2013.0
COC(=O)c1cccc(OC2CCC(NC(=O)NC34CC5CC(CC(C5)C3)C4)CC2)c1,8.602059991327963,CHEMBL2031795,2409,2012.0
CC(C)NC(=O)NC1C2CC3CC(C2)CC1C3,7.073657553374344,CHEMBL1563200,2409,2011.0
COC(=O)c1cccc(NC(=O)NC2CCC(Oc3ccc(F)cc3)CC2)c1,8.698970004336019,CHEMBL222161,2409,2006.0
COC(=O)c1cccc(NC(=O)NC23CC4CC(CC(C4)C2)C3)c1,7.861769097913378,CHEMBL476668,2409,2009.0
Cc1cc(NC(=O)N2CCC3(CCN(C(=O)c4c(F)cccc4F)CC3)C2)ccc1Cl,8.468521082957745,CHEMBL2436570,2409,2013.0
Cc1ccc(S(=O)(=O)N2CCC(C(=O)NC34CC5CC(CC(C5)C3)C4)CC2)c(C)c1,8.769551078621726,CHEMBL2313189,2409,2013.0
Cc1ccc(S(=O)(=O)N2CCC(C(=O)NC3CCCCCC3)CC2)c(C)c1,8.795880017344075,CHEMBL1933651,2409,2012.0
CCN(CC)CCN(C(=O)Nc1ccc(Cl)cc1)c1ccc2nc(N)sc2c1,7.610833915635467,CHEMBL4742178,2409,2021.0
O=C(Nc1cccnc1)NC12CC3CC(CC(C3)C1)C2,6.94692155651658,CHEMBL2392749,2409,2013.0
O=C1CC2(CCN(C(=O)NC3CC3c3ccccc3)CC2)Oc2ccc(-c3ccncc3)cc21,9.0,CHEMBL495992,2409,2009.0
O=C(Nc1ccon1)NC12CC3CC(CC(C3)C1)C2,7.337242168318426,CHEMBL2392755,2409,2013.0
O=C(Nc1ccncn1)NC12CC3CC(CC(C3)C1)C2,6.110698297493689,CHEMBL2392751,2409,2013.0
O=C(Nc1ccncc1)c1ccc(-n2nc(-c3cccnc3)cc2C(F)(F)F)cc1,6.346787486224656,CHEMBL1271551,2409,2010.0
CSc1ccc(CNC(=O)c2ccc(C(C)(C)C)cc2)cc1,6.920818753952375,CHEMBL4064739,2409,2017.0
O=C(O)c1cccc(-c2ccc(C(=O)NCc3ccccc3C(F)(F)F)cc2)c1,6.0,CHEMBL3765522,2409,2016.0
CC(=O)C1CCC(NC(=O)Nc2ccc(OC(F)(F)F)cc2)CC1,7.920818753952375,CHEMBL1818421,2409,2011.0
O=C(O)c1cccc(S(=O)(=O)N2CCC(C(=O)NC3CCCCCC3)CC2)c1,6.823908740944319,CHEMBL1933654,2409,2012.0
CC(=O)COc1ccc(S(=O)(=O)N2CCC(C(=O)NC3CCCCCC3)CC2)cc1,5.886056647693163,CHEMBL1933513,2409,2012.0
Cc1nnc(NC(=O)NC23CC4CC(CC(C4)C2)C3)o1,6.22548303427145,CHEMBL2392724,2409,2013.0
O=C1C2CC3CC1CC(N1C(=O)C(=O)N(C45CC6CC(C4)C(=O)C(C6)C5)C1=O)(C3)C2,5.074842672824102,CHEMBL4645379,2409,2020.0
CC1(c2ccccc2)CCCN(C(=O)NCc2ccc(-c3ccccn3)cc2)C1,9.0,CHEMBL1081703,2409,2009.0
Cc1ccc(S(=O)(=O)N2CCC(C(=O)NC3CCC3)CC2)c(C)c1,7.537602002101044,CHEMBL2313163,2409,2013.0
Cc1ccc(S(=O)(=O)N2CCC(C(=O)NC3CCCC3)CC2)c(C)c1,8.2839966563652,CHEMBL2313186,2409,2013.0
O=C(O)c1csc(S(=O)(=O)N2CCC(C(=O)NC3CCCCCC3)CC2)c1,5.221848749616356,CHEMBL1933667,2409,2012.0
O=C(Nc1ccncc1)NC12CC3CC(CC(C3)C1)C2,6.7594507517174005,CHEMBL2392748,2409,2013.0
CC(C)=CC=C1C(=O)Nc2ccccc21,6.0,CHEMBL4060303,2409,2017.0
O=C1C(=O)N(c2ccccc2F)C(=O)N1c1ccc(C23CC4CC(CC(C4)C2)C3)cc1,6.794795636051855,CHEMBL4647550,2409,2020.0
O=C1CC2(CCN(C(=O)NC3CCc4ccccc43)CC2)Oc2ccccc21,7.698970004336019,CHEMBL482845,2409,2009.0
O=C1CC2(CCN(C(=O)NC3CC3c3ccccc3)CC2)Oc2cccnc21,8.096910013008056,CHEMBL495993,2409,2009.0
Cc1cc(NC(=O)NC23CC4CC(CC(C4)C2)C3)on1,6.931814138253838,CHEMBL2392760,2409,2013.0
O=C(Nc1cccnc1)Nc1cccc(OCCCN2CCOCC2)c1,5.301029995663981,CHEMBL560720,2409,2009.0
Cc1cccc(OC2CCN(C(=O)NC3CC3c3ccccc3)CC2)c1,8.050609993355087,CHEMBL3114593,2409,2014.0
Cc1ccc(S(=O)(=O)N2CCC(C(=O)NC3CCCc4ccccc43)CC2)c(C)c1,7.387216143280264,CHEMBL2313165,2409,2013.0
Cc1cc(NC(=O)NC2C3CC4CC(C3)CC2C4)no1,8.301029995663981,CHEMBL2392735,2409,2013.0
Cc1ccc(S(=O)(=O)N2CCC(C(=O)NC3CCCCC3)CC2)c(C)c1,6.991399828238082,CHEMBL2313164,2409,2013.0
O=C(O)c1ccc(OC2CCN(C(=O)NCc3ccc(Cl)cc3Cl)CC2)cc1,8.193820026016112,CHEMBL608263,2409,2010.0
O=C1CC2(CCN(C(=O)NC3CC3c3ccccc3)CC2)Oc2ccccc21,8.240743030061056,CHEMBL496189,2409,2009.0
