nonstereo_aromatic_smiles,pIC50,chembl_cid,Target ID,year
CC(C)=CCn1c(N2CCCC(N)C2)c(C#N)c2ncn(Cc3ccnc4ccccc34)c(=O)c21,8.397940008672037,CHEMBL1951431,284,2012.0
CC(C)(CC(=O)NCCc1ccccn1)NCC(=O)N1CCCC1C#N,6.928117992693874,CHEMBL218026,284,2007.0
CC(C)(CC(=O)NCCc1ccccc1C(F)(F)F)NCC(=O)N1CCCC1C#N,6.494850021680094,CHEMBL216878,284,2007.0
COc1ccc2c(c1)nc1n2CC(N)C(c2cc(F)c(F)cc2F)C1,7.552841968657781,CHEMBL550598,284,2009.0
CC(C)=CCn1c(N2CCCC(N)C2)c(C#N)c2c1c(=O)n(Cc1nccc3ccccc13)c(=O)n2C,9.0,CHEMBL1951599,284,2012.0
CC(C)(Nc1ccc(CNC(=O)C2SCCN2C(=O)CC(N)Cc2cc(F)c(F)cc2F)cc1)C(=O)O,7.886056647693163,CHEMBL1683502,284,2011.0
COc1ccc2c3nc(N4CCCC(N)C4)n(Cc4ccccc4Cl)c3c(=O)n(C)c2c1,7.180456064458131,CHEMBL2147193,284,2012.0
COc1ccc2c(c1)c1nc(N3CCCC(N)C3)n(Cc3ccccc3Cl)c1c(=O)n2C,7.045757490560675,CHEMBL2147075,284,2012.0
CC(C)(CC(=O)NCc1ccccc1)NCC(=O)N1CCCC1C#N,6.621602099051863,CHEMBL216377,284,2007.0
CC(C)=CCn1c(N2CCCC(N)C2)c(C#N)c2c1c(=O)n(Cc1nc(C)c3ccccc3n1)c(=O)n2C,8.698970004336019,CHEMBL1951600,284,2012.0
CC(C)(Oc1ccc(CNC(=O)C2SCCN2C(=O)CC(N)Cc2cc(F)c(F)cc2F)cc1)C(=O)O,7.251811972993799,CHEMBL1683496,284,2011.0
CC(C)=CCn1c(N2CCCC(N)C2)nc2c3cc(C(=O)O)ccc3n(C)c(=O)c21,7.292429823902063,CHEMBL2147066,284,2012.0
CCN1C(=O)Cn2c1nc1nc(N3CCCC(N)C3)n(Cc3cc(F)ccc3F)c1c2=O,6.204119982655925,CHEMBL3687982,284,2015.0
CC(C)=CCn1c(N2CCCC(N)C2)nc2c1c(=O)n(Cc1ccccc1C#N)c(=O)n2C,7.707743928643524,CHEMBL4246674,284,2018.0
CCNC(=O)C1CNC(C(=O)N2CCCC2C#N)C1,8.356547323513812,CHEMBL232316,284,2007.0
CC(C)=CCn1c(N2CCCC(N)C2)c(C#N)c2c1c(=O)n(Cc1cnc3ccccc3n1)c(=O)n2C,8.045757490560675,CHEMBL1951601,284,2012.0
CC(C)=CCn1c(N2CCCC(N)C2)nc2c1c(=O)n(CC(=O)c1ccccc1)c(=O)n2C,8.753212436835252,CHEMBL237067_CHEMBL237488,284,
CC(C)=CCn1c(N2CCCC(N)C2)c(C#N)c2c1c(=O)n(Cc1ncccc1C#N)c(=O)n2C,7.602059991327962,CHEMBL1951602,284,2012.0
CC(C)=CCn1c(N2CCCC(N)C2)c(C#N)c2ncn(Cc3nc(C)c4ccccc4n3)c(=O)c21,8.522878745280337,CHEMBL1951433,284,2012.0
CC(C)=CCn1c(N2CCCC(N)C2)c(C#N)c2ncn(Cc3ncc4ccccc4n3)c(=O)c21,8.096910013008056,CHEMBL1951434,284,2012.0
CC(C)=CCn1c(N2CCCC(N)C2)c(C#N)c2ncn(Cc3nccc4ccccc34)c(=O)c21,9.30102999566398,CHEMBL1951432,284,2012.0
CC(C)=CCn1c(N2CCCNCC2)c(C#N)c2c1c(=O)n(Cc1c(C#N)cnc3ccccc13)c(=O)n2C,8.259637310505756,CHEMBL1949693,284,2012.0
CC(C)(CC(=O)NCc1ccc(C(F)(F)F)cc1)NCC(=O)N1CCCC1C#N,6.721246399047171,CHEMBL216453,284,2007.0
CC(C)=CCn1c(N2CC3CCCNC3C2)nc2c1c(=O)n(CC(=O)c1ccccc1)c(=O)n2C,8.795880017344075,CHEMBL2408771,284,2013.0
CC(C)=CCn1c(N2CCCC(N)C2)c(C#N)c2ncn(C)c(=O)c21,8.045757490560675,CHEMBL1951435,284,2012.0
CC(C)(CC(=O)NCc1ccccn1)NCC(=O)N1CCCC1C#N,6.363512103646634,CHEMBL216296,284,2007.0
CC(C)(CC(=O)Nc1ccc(-c2ccccc2)cc1)NCC(=O)N1CCCC1C#N,6.570247719997592,CHEMBL217060,284,2007.0
CCN1C(=O)Cn2c1nc1nc(N3CCCC(N)C3)n(Cc3cc(F)ccc3C#N)c1c2=O,7.8696662315049934,CHEMBL3813856,284,2016.0
CC(C)(CC(=O)Nc1ccc(F)c(F)c1)NCC(=O)N1CCCC1C#N,6.647817481888637,CHEMBL386326,284,2007.0
CC(C)(NCC(=O)N1C(C#N)CCC1C#N)c1ccccc1,6.583359492661719,CHEMBL210259,284,2006.0
CC(C)(CC(=O)Nc1ccc(F)cc1)NCC(=O)N1CCCC1C#N,6.705533773838408,CHEMBL385637,284,2006.0
CC(C)(CC(=O)Nc1ccccc1)NCC(=O)N1CCCC1C#N,6.684029654543082,CHEMBL216383,284,2007.0
CC(C)(CO)NCC(=O)N1C(C#N)CCC1C#N,5.954677021213342,CHEMBL379260,284,2006.0
CC(C)=CCn1c(N2CCC3CNCC32)nc2c1c(=O)n(C)c(=O)n2C,7.0,CHEMBL2408642,284,2013.0
CC(C)(CO)NCC(=O)N1CC(F)CC1C(=O)c1nnc(C(C)(C)C)o1,7.657577319177793,CHEMBL232185,284,2007.0
CC(C)(CO)NCC(=O)N1CC(F)CC1C(=O)c1noc(C(C)(C)C)n1,7.173925197299173,CHEMBL391929,284,2007.0
CC(C)(CO)NCC(=O)N1CC(F)CC1C(O)c1nnc(C(C)(C)C)o1,7.657577319177793,CHEMBL1229644,284,2013.0
CC(C)(CO)NCC(=O)N1CCCC1C(=O)c1nnc(C(C)(C)C)o1,7.327902142064282,CHEMBL232759,284,2007.0
CC(C)(CO)NCC(=O)N1CCCC1C(=O)c1noc(C(C)(C)C)n1,6.651695136951839,CHEMBL231697,284,2007.0
CC(C)(NC(=O)CCNCC(=O)N1CCCC1C#N)c1ccccc1,6.924453038607469,CHEMBL201158,284,2006.0
CC(C)=CCn1c(N2CCC3CNCC32)nc2c1c(=O)n(CC(=O)c1ccccc1)c(=O)n2C,8.002182402701225,CHEMBL2408655,284,2013.0
CC(C)=CCn1c(N2CC3CCNC3C2)nc2c1c(=O)n(CC(=O)c1ccccc1)c(=O)n2C,6.1904402853647325,CHEMBL2408774,284,2013.0
CCN1C(=O)Cn2c1nc1nc(N3CCCC(N)C3)n(Cc3cc(F)ccc3C(F)(F)F)c1c2=O,7.950781977329818,CHEMBL3687983,284,2015.0
CC(C)(Cc1ccc(F)cc1)NCC(=O)N1C(C#N)CCC1C#N,6.186419011431808,CHEMBL209058,284,2006.0
CC(C)(Cc1ccc(F)cc1)NCC(=O)N1CC(F)CC1C(=O)c1nnc(C(C)(C)C)o1,7.602059991327962,CHEMBL393947,284,2007.0
CC(C)(Cc1ccc(F)cc1)NCC(=O)N1CCCC1C(=O)c1ncon1,7.455931955649724,CHEMBL232153,284,2007.0
CCN1CC2CN(C(=O)CC(N)Cc3cc(F)c(F)cc3F)CCN2C1=O,6.337242168318426,CHEMBL1276620,284,2010.0
CC(C)=CCn1c(N2CCCC(N)C2)nc2c1C(=O)N(Cc1nc(C)c3ccccc3n1)C1=NCCN12,8.79317412396815,CHEMBL3675624,284,2014.0
O=C(C1CC(N2CCN(c3ncccn3)CC2)CN1)N1CC(F)(F)C(F)(F)C1,7.602059991327962,CHEMBL515869,284,2009.0
CC(C)=CCn1c(N2CCCNCC2)c(C#N)c2c1c(=O)n(Cc1cn3ccccc3n1)c(=O)n2C,8.0,CHEMBL1951610,284,2012.0
COc1cccc(Cn2cc(-c3ccc(CC(N)C(=O)N4CCCC4C#N)cc3)nn2)c1,8.1249387366083,CHEMBL2418630,284,2013.0
Nc1nccnc1C(=O)N1CCC(C(N)Cc2cc(F)c(F)cc2F)CC1,7.721246399047171,CHEMBL525011,284,2009.0
COc1cccc(N2CCN(CCNCC(=O)N3CCCC3C#N)C2=O)c1,7.186419011431808,CHEMBL1202081,284,2009.0
CCN(CC#N)C(=O)C1CC(C(=O)N2CCCC2)C(C)N1,7.795880017344075,CHEMBL260702,284,2008.0
CCN(CC#N)C(=O)C1CC(C(=O)N(C)C)C(C)N1,7.619788758288394,CHEMBL407296,284,2008.0
COc1cccc2c(=O)n(Cc3ccccc3C#N)c(N3CCCC(N)C3)nc12,7.522878745280337,CHEMBL390776,284,2007.0
CCN(C)CC1C(=O)NCCN1C(=O)CC(N)Cc1cc(F)c(F)cc1F,7.769551078621726,CHEMBL1779711,284,2011.0
CCN(C)C(=O)C1CNC(C(=O)N2CCCC2C#N)C1,8.309803919971486,CHEMBL234163,284,2007.0
CCN(C)C(=O)C1CC(C(=O)N2CCCC2C#N)NC1C,7.823908740944319,CHEMBL394932,284,2007.0
COc1cccc2c3nc(N4CCCC(N)C4)n(Cc4ccccc4Cl)c3c(=O)n(C)c12,6.180456064458131,CHEMBL2147187,284,2012.0
COc1cccc2cc(C(=O)N3CCN(C(=O)CC(N)Cc4cc(F)c(F)cc4F)CC3)oc12,7.184422251675732,CHEMBL2069849,284,2012.0
COc1ccccc1-c1cc(N2CC(N)C(c3cc(F)c(F)cc3F)C2)ncn1,6.7447274948966935,CHEMBL393611,284,2007.0
CCCn1c(=O)c2c(nc(N3CCCC(N)C3)n2Cc2ccccc2Cl)c2ccccc21,5.468521082957745,CHEMBL2147185,284,2012.0
COc1ccccc1-c1ccc2ncn(C)c2c1CN,5.698970004336019,CHEMBL428065,284,2008.0
COc1ccccc1-c1cnc(N2CCCC(N)C2)n(Cc2ccccc2C#N)c1=O,6.00436480540245,CHEMBL1650417,284,2011.0
COc1cccc(Cn2c(N3CCCC(N)C3)nc3c4cc(C(=O)O)ccc4n(C)c(=O)c32)c1,6.823908740944319,CHEMBL2147062,284,2012.0
COc1ccccc1-c1csc(C2(NC(=O)CC(N)Cc3cc(F)c(F)cc3F)CCS(=O)(=O)CC2)n1,7.229147988357855,CHEMBL2206478,284,2012.0
CCN(CC#N)C(=O)C1CC(C(=O)N2CCCCC2)C(C)N1,7.769551078621726,CHEMBL260509,284,2008.0
CCN(CC#N)C(=O)C1CC(C(=O)N2Cc3ccccc3C2)C(C)N1,7.958607314841775,CHEMBL438547,284,2008.0
O=C(C1CC(N2CCN(c3ccnn3-c3ccccc3)CC2)CN1)N1CCSC1,9.0268721464003,CHEMBL2147707,284,2012.0
O=C(C1CC(N2CCN(c3ccnc4ccccc34)CC2)CN1)N1CCSC1,9.022276394711152,CHEMBL2058969,284,2012.0
O=C(C1CC(N2CCN(c3ccnc4cc(Cl)ccc34)CC2)CN1)N1CCSC1,9.214670164989233,CHEMBL2058972,284,2012.0
O=C(C1CC(N2CCN(c3ccnc4cc(C(F)(F)F)ccc34)CC2)CN1)N1CCSC1,8.795880017344075,CHEMBL2058759,284,2012.0
O=C(C1CC(N2CCN(c3ccc4ccccc4n3)CC2)CN1)N1CCSC1,8.657577319177793,CHEMBL2058968,284,2012.0
O=C(C1CC(N2CCN(c3ccc([N+](=O)[O-])cn3)CC2)CN1)N1CCSC1,9.036212172654444,CHEMBL399610,284,2007.0
O=C(C1CC(N2CCN(c3ccc(C(F)(F)F)cn3)CC2)CN1)N1CCC(F)(F)C1,8.2839966563652,CHEMBL474410,284,2009.0
O=C(C1CC(N2CCN(c3cc(C(F)(F)F)nn3-c3ccccc3)CC2)CN1)N1CCSC1,9.494850021680094,CHEMBL2147709,284,2012.0
O=C(C1CC(N2CCN(c3cc(C(F)(F)F)nc4ccccc34)CC2)CN1)N1CCSC1,9.431798275933003,CHEMBL2058971,284,2012.0
O=C(C1CC(N2CCC(c3nnnn3-c3ccccc3)CC2)CN1)N1CCSC1,8.397940008672037,CHEMBL2147705,284,2012.0
O=C(C1CC(N2CCC(c3cc(C(F)(F)F)nn3-c3ccccc3)CC2)CN1)N1CCSC1,8.2518119729938,CHEMBL2147710,284,2012.0
CCN(CC)CC1C(=O)NCCN1C(=O)CC(N)Cc1cc(F)c(F)cc1F,7.958607314841775,CHEMBL1779712,284,2011.0
COc1cccc(CN2CC3CN(C(=O)CC(N)Cc4cc(F)c(F)cc4F)CCN3C2=O)c1,6.906578314837764,CHEMBL1275853,284,2010.0
CCN(CC)C(=O)C1CNC(C(=O)N2CCCC2C#N)C1,8.221848749616356,CHEMBL393498,284,2007.0
CCN(CC#N)C(=O)C1CC(C(=O)NCc2ccccc2)C(C)N1,7.292429823902063,CHEMBL406219,284,2008.0
CCN(CC#N)C(=O)C1CC(C(=O)N2CCOCC2)C(C)N1,7.619788758288394,CHEMBL402466,284,2008.0
CCCc1nsc(N2CCN(C(=O)C3CNC(C(=O)N4CCCC4)C3)CC2)n1,7.67778070526608,CHEMBL437592,284,2008.0
COc1ccccc1C1CN(c2nc3c(cc2F)c(=O)c(C(=O)O)cn3C2CC2)CC1N,6.198970004336019,CHEMBL237567_CHEMBL438309,284,
Nc1nc(Cl)c2nc[nH]c2n1,8.301029995663981,CHEMBL226396,284,2013.0
CC(C1CCC(NS(=O)(=O)c2ccc(F)cc2F)CC1)C(N)C(=O)N1CCC(F)C1,5.826813731587726,CHEMBL246372,284,2007.0
CC(C1CCC(NS(=O)(=O)c2ccc(OC(F)(F)F)cc2)CC1)C(N)C(=O)N1CCC(F)C1,5.459670525209127,CHEMBL246373,284,2007.0
CC(CC(=O)N1CCc2ccccc2C1)NCC(=O)N1CCCC1C#N,7.267606240177031,CHEMBL425585,284,2006.0
CC(CCc1ccc(C(N)=O)cc1)NCC(=O)c1ccc(Cl)cc1,6.086186147616283,CHEMBL217801,284,2007.0
CC(CCc1ccc(C(N)=O)cc1)NCC(=O)c1ccc(F)c(F)c1,7.4089353929735005,CHEMBL217017,284,2004.0
CC(CCc1ccc(C(N)=O)cc1)NCC(=O)c1ccc(F)cc1,7.075720713938118,CHEMBL218289,284,2007.0
CC(CCc1ccc(C(N)=O)cc1)NCC(=O)c1ccccc1,6.552841968657781,CHEMBL217388,284,2007.0
CC(CCc1ccc(C(N)=O)cc1)NCC(=O)c1ccccc1F,5.42021640338319,CHEMBL217532,284,2007.0
CC(CCc1ccc(C(N)=O)cc1)NCC(=O)c1ccsc1,6.958607314841775,CHEMBL554090,284,2007.0
CS(=O)(=O)c1ccc(-c2nnn3c2CN(C(=O)CC(N)Cc2cc(F)c(F)cc2F)CC3)cc1,7.479254528480517,CHEMBL1683993,284,2011.0
CS(=O)(=O)c1ccc(-c2noc(C(CC3CC3)C(N)C(F)=C3CCCC3)n2)c(Cl)c1,7.920818753952375,CHEMBL1185242_CHEMBL402163,284,
CC(COc1ccc(C(N)=O)cc1)NCC(=O)c1ccsc1,6.468521082957745,CHEMBL553006,284,2007.0
CCCCOCC1(NCC(=O)N2C(C#N)CCC2C#N)CCCC1,7.040958607678906,CHEMBL209994,284,2006.0
NCc1cccnc1-c1ccccc1Cl,5.481486060122112,CHEMBL378152,284,2006.0
NCc1ccccc1-c1ccccc1Cl,5.638272163982407,CHEMBL206496,284,2006.0
CC(C1CCC(N(C)C(=O)c2cccc(F)c2)CC1)C(N)C(=O)N1CCC(F)C1,7.036212172654444,CHEMBL245379,284,2007.0
CC(C1CCC(N(C)C(=O)C2CC2)CC1)C(N)C(=O)N1CCC(F)C1,7.327902142064282,CHEMBL392825,284,2007.0
CS(=O)(=O)c1ccc(-c2nc3c(s2)CN(C(=O)CC(N)Cc2cc(F)ccc2F)CC3)cc1,6.886056647693163,CHEMBL372078,284,2005.0
CS(=O)(=O)c1ccc(-c2nc3c(s2)CCN(C(=O)CC(N)Cc2cc(F)ccc2F)C3)cc1,8.853871964321762,CHEMBL196881,284,2005.0
COc1ccccc1CN1CC2CN(C(=O)CC(N)Cc3cc(F)c(F)cc3F)CCN2C1=O,6.995678626217357,CHEMBL1275852,284,2010.0
COc1ccccc1Cn1c(N2CCCC(N)C2)nc2c3cc(C(=O)O)ccc3n(C)c(=O)c21,7.42021640338319,CHEMBL2147059,284,2012.0
COc1ccccc1Cn1cc(-c2ccc(CC(N)C(=O)N3CCCC3C#N)cc2)nn1,7.681102285372513,CHEMBL2418629,284,2013.0
COc1cnc(N2CCCC(N)C2)n(Cc2ccccc2C#N)c1=O,8.397940008672037,CHEMBL1650411,284,2011.0
CCCOCC1(NCC(=O)N2C(C#N)CCC2C#N)CCCC1,6.910094888560602,CHEMBL208657,284,2006.0
CC(C)OCC1C(=O)NCCN1C(=O)CC(N)Cc1cc(F)c(F)cc1F,8.657577319177793,CHEMBL1779709,284,2011.0
CC(C)S(=O)(=O)c1ccc(-c2c[nH]c3c(=O)n(Cc4cc(F)ccc4C#N)c(N4CCCC(N)C4)nc23)cc1,8.772113295386326,CHEMBL4165359,284,2017.0
O=C(C1CC(N2CCN(c3cnccn3)CC2)CN1)N1CCC(F)(F)C1,8.2518119729938,CHEMBL474409,284,2009.0
CS(=O)(=O)NCC1CC2CCCCC2N1C(=O)CC(N)Cc1cc(F)c(F)cc1F,6.366531544420413,CHEMBL3357781,284,2014.0
CS(=O)(=O)c1ccc(-c2c[nH]c3c(=O)n(Cc4cc(F)ccc4C#N)c(N4CCCC(N)C4)nc23)c(F)c1,9.113509274827518,CHEMBL4162971,284,2017.0
CS(=O)(=O)c1ccc(-c2c[nH]c3c(=O)n(Cc4cc(F)ccc4C#N)c(N4CCCC(N)C4)nc23)cc1,9.142667503568733,CHEMBL4175111,284,2017.0
CS(=O)(=O)c1ccc(-c2c[nH]c3c(=O)n(Cc4cc(F)ccc4C#N)c(N4CCCC(N)C4)nc23)cc1F,8.838631997765026,CHEMBL4173673,284,2017.0
CCCNC(=O)C1CNC(C(=O)N2CCCC2C#N)C1,8.244125144327509,CHEMBL434960,284,2007.0
CC(C)c1nsc(N2CCN(C(=O)C3CNC(C(=O)N4CCCC4)C3)CC2)n1,7.2839966563652,CHEMBL402645,284,2008.0
CC(C)n1c(=O)n(Cc2ccccc2C#N)c2c(N3CCCC(N)C3)ccnc21,6.318758762624412,CHEMBL3329628,284,2014.0
CCCN(CC#N)C(=O)C1CC(C(=O)N(C)C)C(C)N1,6.221848749616356,CHEMBL261463,284,2008.0
CS(=O)(=O)Nc1ccc2c(c1)nc1n2CC(N)C(c2cc(F)c(F)cc2F)C1,8.148741651280925,CHEMBL561793,284,2009.0
O=C(C1CC(N2CCN(c3nc(-c4ccccc4)cs3)CC2)CN1)N1CCSC1,8.346787486224656,CHEMBL2147702,284,2012.0
O=C(C1CC(N2CCN(c3nc4cc(Cl)ccc4[nH]3)CC2)CN1)N1CCSC1,9.229147988357855,CHEMBL2058761,284,2012.0
O=C(C1CC(N2CCN(c3nc4ccccc4[nH]3)CC2)CN1)N1CCSC1,9.096910013008056,CHEMBL2058760,284,2012.0
CC(C)C(Oc1ccc(CNC(=O)C2CCCN2C(=O)CC(N)Cc2cccc(OC(F)(F)F)c2)cc1)C(=O)O,6.530177984021837,CHEMBL365280,284,2004.0
CC(C)C(Oc1ccc(CNC(=O)C2CCCN2C(=O)CC(N)Cc2ccccc2)cc1)C(=O)O,7.744727494896693,CHEMBL364101,284,2004.0
CC(C)C(Oc1ccc(CNC(=O)C2CCCN2C(=O)CC(N)Cc2ccccc2F)cc1)C(=O)O,8.354194139507621,CHEMBL364100_CHEMBL365231_CHEMBL365837,284,
CC(C)C(Oc1ccc(CNC(=O)C2CSCN2C(=O)CC(N)Cc2cc(F)ccc2F)cc1)C(=O)O,9.522878745280336,CHEMBL366290,284,2004.0
CC(C)C(Oc1ccc(CNC(=O)C2SCCN2C(=O)CC(N)Cc2cc(F)c(F)cc2F)cc1)C(=O)O,8.221848749616356,CHEMBL1683498,284,2011.0
CC(C)C1(N)CC2SCC(C#N)N2C1=O,7.481486060122112,CHEMBL564854,284,2009.0
CC(C)CC(=O)OCCC#Cc1ccc(-c2ccc(COC(=O)CC(C)C)s2)s1,6.1249387366083,CHEMBL3343901,284,2014.0
CC(C)CC(N)C(=O)N1CCSCC1,8.201349354554731,CHEMBL4250956,284,2018.0
COc1cccc(-c2cc(N3CC(N)C(c4cc(F)c(F)cc4F)C3)ncn2)c1,7.327902142064282,CHEMBL236714,284,2007.0
CC(C)CC1(N)CC2SCC(C#N)N2C1=O,7.200659450546418,CHEMBL561263,284,2009.0
CC(C)CC1CNC(C(=O)N2CCCC2C#N)C1,8.537602002101044,CHEMBL242987,284,2007.0
CC(C)COCC1(NCC(=O)N2C(C#N)CCC2C#N)CCCC1,6.342944147142896,CHEMBL378709,284,2006.0
COc1cccc(-c2csc(C3(NC(=O)CC(N)Cc4ccccc4F)CCS(=O)(=O)CC3)n2)c1,7.619788758288394,CHEMBL2206476,284,2012.0
COc1cccc(-c2nnc(C3(NC(=O)CC(N)Cc4cc(F)c(F)cc4F)CCS(=O)(=O)CC3)o2)c1,7.301029995663981,CHEMBL2206485,284,2012.0
COc1cccc(C(=O)Cn2c(=O)c3c(c(C#N)c(N4CCCC(N)C4)n3CC=C(C)C)n(C)c2=O)c1,9.30102999566398,CHEMBL1951598,284,2012.0
CC(C)C(Oc1ccc(CNC(=O)C2CCCN2C(=O)CC(N)Cc2ccc(F)cc2Cl)cc1)C(=O)O,8.769551078621726,CHEMBL366048,284,2004.0
CC(C)C(Oc1ccc(CNC(=O)C2CCCN2C(=O)CC(N)Cc2ccc(C(F)(F)F)cc2F)cc1)C(=O)O,9.080921907623926,CHEMBL364140,284,2004.0
CC(C)C(Oc1ccc(CNC(=O)C2CCCN2C(=O)CC(N)Cc2cc(F)ccc2F)cc1)C(=O)O,9.318758762624412,CHEMBL364102_CHEMBL445949,284,
CC(C)C(Oc1ccc(CNC(=O)C2CCCN2C(=O)CC(N)Cc2cc(F)c(F)cc2F)cc1)C(=O)O,8.795880017344075,CHEMBL364103,284,2004.0
CC(C)=CCn1c(N2CCCNCC2)c(C#N)c2c1c(=O)n(Cc1nc(C)c3ccccc3n1)c(=O)n2C,8.698970004336019,CHEMBL1951609,284,2012.0
CC(C)=CCn1c(N2CCCNCC2)c(C#N)c2c1c(=O)n(Cc1ncc3ccccc3c1C#N)c(=O)n2C,9.0,CHEMBL1951611,284,2012.0
CC(C)=CCn1c(N2CCCNCC2)c(C#N)c2c1c(=O)n(Cc1nccc3ccccc13)c(=O)n2C,8.522878745280337,CHEMBL1951608,284,2012.0
CC(C)=CCn1c(N2CCCNCC2)c(C#N)c2ncn(Cc3nccc4ccccc34)c(=O)c21,8.154901959985743,CHEMBL1951437,284,2012.0
CC(C)=CCn1c(OC2CCNC2)nc2c1c(=O)n(CC(=O)c1ccccc1)c(=O)n2C,6.0933262829389125,CHEMBL2408644_CHEMBL2408646,284,
CC(C)=CCn1c(OCC(C)(C)CN)nc2c1c(=O)n(CC(=O)c1ccccc1)c(=O)n2C,7.02874794691596,CHEMBL2408638,284,2013.0
CC(C)=CCn1c(OCC(C)(C)N)nc2c1c(=O)n(CC(=O)c1ccccc1)c(=O)n2C,5.6020599913279625,CHEMBL2408639,284,2013.0
CC(C)N(C)C(=O)n1cnc(S(=O)(=O)C2CC3CCC2C3)n1,8.045757490560675,CHEMBL537586,284,2015.0
CC(C)=CCn1c(OCC2CCCN2)nc2c1c(=O)n(CC(=O)c1ccccc1)c(=O)n2C,6.537602002101044,CHEMBL2408649_CHEMBL2408651,284,
CC(C)C(N)C(=O)N1CCCC1,5.395242492728684,CHEMBL383705,284,2002.0
CC(C)C(N)Cc1cc(F)c(F)cc1F,5.714442690992226,CHEMBL445544,284,2009.0
CC(C)C(NC(=O)CCNCC(=O)N1CCCC1C#N)c1ccccc1,6.105683937315561,CHEMBL372391,284,2007.0
CC(C)C(Oc1ccc(CNC(=O)C2CCCN2C(=O)C(N)C2CCCCC2)cc1)C(=O)O,5.142667503568731,CHEMBL183418,284,2004.0
CC(C)C(Oc1ccc(CNC(=O)C2CCCN2C(=O)CC(N)Cc2c(F)c(F)c(F)c(F)c2F)cc1)C(=O)O,8.086186147616283,CHEMBL183289,284,2004.0
CC(C)C(Oc1ccc(CNC(=O)C2CCCN2C(=O)CC(N)Cc2cc(C(F)(F)F)ccc2F)cc1)C(=O)O,7.920818753952375,CHEMBL184630,284,2004.0
CC(C)C(Oc1ccc(CNC(=O)C2CCCN2C(=O)CC(N)Cc2cc(Cl)ccc2F)cc1)C(=O)O,8.795880017344075,CHEMBL184527,284,2004.0
CC(C)C(CC(=O)N1CCc2ccccc2C1)NCC(=O)N1CCCC1C#N,6.090979145788844,CHEMBL201398,284,2006.0
COc1ccc2nc(N3CCCC(N)C3)n(Cc3ccccc3C#N)c(=O)c2c1,8.096910013008056,CHEMBL227670,284,2007.0
COc1cccc(C(=O)Cn2c(=O)c3c(c(C#N)c(N4CCCC(N)C4)n3Cc3ccccc3)n(C)c2=O)c1,8.823908740944319,CHEMBL1951595,284,2012.0
COc1cccc(C(=O)Cn2cnc3c(C#N)c(N4CCCC(N)C4)n(CC=C(C)C)c3c2=O)c1,8.698970004336019,CHEMBL1951429_CHEMBL1951430,284,
O=C(C1CC(N2CCN(c3nccn3-c3ccccc3)CC2)CN1)N1CCSC1,9.585026652029182,CHEMBL2147703,284,2012.0
O=C(C1CC(N2CCN(c3ncccn3)CC2)CN1)N1CCCC1,7.508638306165727,CHEMBL473418,284,2009.0
O=C(C1CC(N2CCN(c3ncccn3)CC2)CN1)N1CCC1,6.510041520575165,CHEMBL472993,284,2009.0
O=C(C1CC(N2CCN(c3ncccn3)CC2)CN1)N1CCC(F)C1,7.400534065033895,CHEMBL473419_CHEMBL514623,284,
O=C(C1CC(N2CCN(c3ncccn3)CC2)CN1)N1CC(F)C1,7.387216143280264,CHEMBL473188,284,2009.0
O=C(C1CC(N2CCN(c3ncccn3)CC2)CN1)N1CC(F)(F)C1,6.872895201635192,CHEMBL514935,284,2009.0
CC(C)(CC(=O)NCCc1ccccc1)NCC(=O)N1CCCC1C#N,6.84163750790475,CHEMBL274770,284,2007.0
O=C(C1CC(N2CCN(c3nccc4ccccc34)CC2)CN1)N1CCSC1,9.214670164989233,CHEMBL2058973,284,2012.0
O=C(C1CC(N2CCN(c3ncc(Cl)c4ccccc34)CC2)CN1)N1CCSC1,9.136677139879543,CHEMBL2058974,284,2012.0
O=C(C1CC(N2CCN(c3nc4cnccc4o3)CC2)CN1)N1CCC(F)(F)C1,8.236572006437063,CHEMBL475574,284,2009.0
O=C(C1CC(N2CCN(c3nc4ccncc4o3)CC2)CN1)N1CCC(F)(F)C1,8.130768280269024,CHEMBL475573,284,2009.0
O=C(C1CC(N2CCN(c3nc4cccnc4o3)CC2)CN1)N1CCC(F)(F)C1,8.2839966563652,CHEMBL475586,284,2009.0
O=C(C1CC(N2CCN(c3nc4ccccc4s3)CC2)CN1)N1CCSC1,9.259637310505756,CHEMBL2058757,284,2012.0
O=C(C1CC(N2CCN(c3nc4ccccc4o3)CC2)CN1)N1CCSC1,8.920818753952375,CHEMBL2058967,284,2012.0
O=C(C1CC(N2CCN(c3nc4ccccc4o3)CC2)CN1)N1CCC(F)(F)C1,8.086186147616283,CHEMBL515597,284,2009.0
O=C(C1CC(N2CCN(c3nnnn3-c3ccccc3)CC2)CN1)N1CCSC1,9.69897000433602,CHEMBL2147704,284,2012.0
O=C(C1CC(N2CCN(c3nnnn3C3CCCCC3)CC2)CN1)N1CCSC1,8.366531544420413,CHEMBL2147706,284,2012.0
O=C(C1CCCN1)N1CCCC1,5.013228265733755,CHEMBL403882,284,2002.0
O=C(C1CNC(C(=O)N2CCC(F)(F)C2)C1)N1Cc2ccccc2C1,6.889410289700751,CHEMBL427219,284,2006.0
COc1cccc(C(=O)Cn2cnc3c(C#N)c(N4CCCC(N)C4)n(Cc4ccccc4)c3c2=O)c1,8.0,CHEMBL1951422_CHEMBL1951423,284,
COc1cccc(C(=O)Cn2cnc3c(C#N)c(N4CCNCC4)n(CC=C(C)C)c3c2=O)c1,8.0,CHEMBL1951420,284,2012.0
COc1cccc(C(=O)Cn2cnc3c(C#N)c(N4CCNCC4)n(Cc4ccccc4)c3c2=O)c1,6.3979400086720375,CHEMBL1951418,284,2012.0
CC(C)N1CCN(CCNCC(=O)N2CCCC2C#N)C1=O,7.320572103387882,CHEMBL1202091,284,2009.0
COc1cccc(C2CC2NC(=O)CC(C)(C)NCC(=O)N2CC(F)CC2C#N)c1,7.585026652029182,CHEMBL518831,284,2009.0
COc1cccc(C2CN3CCc4cc(OC)c(OC)cc4C3CC2N)c1,5.738484639122664,CHEMBL234430_CHEMBL540711,284,
O=C(C1CNC(C(=O)N2CCSC2)C1)N1Cc2ccccc2C1,7.075720713938118,CHEMBL210353,284,2006.0
COc1cccc(C(=O)Cn2c(=O)c3c(c(C#N)c(N4CCCNCC4)n3CC=C(C)C)n(C)c2=O)c1,8.698970004336019,CHEMBL1951607,284,2012.0
O=C(C1CNC(C(=O)N2CCCC2)C1)N1Cc2ccccc2C1,6.962573502059376,CHEMBL379261,284,2006.0
O=C(C1CNC(C(=O)N2CCCC2)C1)N1Cc2ccc(Cl)cc2C1,7.301029995663981,CHEMBL208964,284,2006.0
O=C(C1CNC(C(=O)N2CCCC2)C1)N1Cc2ccc(C(F)(F)F)cc2C1,7.136677139879544,CHEMBL210718,284,2006.0
O=C(C1CNC(C(=O)N2CCCC2)C1)N1Cc2cc(Cl)c(Cl)cc2C1,6.84163750790475,CHEMBL377776,284,2006.0
O=C(C1CNC(C(=O)N2CCCC2)C1)N1CCN(c2ncns2)CC1,7.721246399047171,CHEMBL403969,284,2008.0
O=C(C1CNC(C(=O)N2CCCC2)C1)N1CCN(c2nc(C(F)(F)F)ns2)CC1,7.638272163982407,CHEMBL270163,284,2008.0
O=C(C1CNC(C(=O)N2CCCC2)C1)N1CCN(c2nc(-c3ccccc3)ns2)CC1,7.698970004336019,CHEMBL258101,284,2008.0
O=C(C1CNC(C(=O)N2CCC(F)C2)C1)N1Cc2ccccc2C1,6.626449534317507,CHEMBL210590_CHEMBL378086,284,
O=C(C1CNC(C(=O)N2CCCC2)C1)N1Cc2ccc(F)cc2C1,7.136677139879544,CHEMBL210225,284,2007.0
CC(C)(CC(=O)NCCc1cccc(C(F)(F)F)c1)NCC(=O)N1CCCC1C#N,6.607303046740334,CHEMBL384493,284,2007.0
COc1cc2c(cc1OC)C1CC(N)C(c3cccc(CF)c3)CN1CC2,9.30102999566398,CHEMBL1229820,284,2013.0
CC(C)(CC(=O)NCCc1ccc(C(F)(F)F)cc1)NCC(=O)N1CCCC1C#N,6.627087997029893,CHEMBL274103,284,2007.0
CC#CCn1c(N2CCCNCC2)c(C#N)c2c1c(=O)n(Cc1nccc3ccccc13)c(=O)n2C,8.301029995663981,CHEMBL1951612,284,2012.0
CC#CCn1c(N2CCCNCC2)c(C#N)c2ncn(Cc3nc(C)c4ccccc4n3)c(=O)c21,8.045757490560675,CHEMBL1951439,284,2012.0
CC#CCn1c(N2CCCNCC2)c(C#N)c2ncn(Cc3ncc4ccccc4n3)c(=O)c21,7.346787486224656,CHEMBL1951440,284,2012.0
CC#CCn1c(N2CCCNCC2)c(C#N)c2ncn(Cc3nccc4ccccc34)c(=O)c21,8.221848749616356,CHEMBL1951438,284,2012.0
CC#CCn1c(N2CCCNCC2)nc2c1c(=O)n(CCCN1CCC(C(=O)OC(C)C)CC1)c(=O)n2C,5.585026652029182,CHEMBL3927979,284,2016.0
CC#CCn1c(N2CCNCC2)c(C#N)c2ncn(CC(=O)c3cccc(OC)c3)c(=O)c21,7.638272163982407,CHEMBL1951419,284,2012.0
CC#CCn1c(N2CCNCC2)nc2c1c(=O)n(CCCN1CCC(C(=O)OC(C)C)CC1)c(=O)n2C,5.267606240177031,CHEMBL3909049,284,2016.0
CC#CCn1c(N2CCNCC2)nc2c1c(=O)n(Cc1ccc(-c3ccccc3C#N)cc1)c(=O)n2C,5.7447274948966935,CHEMBL3616906,284,2014.0
CC#CCn1c(N2CCNCC2)nc2c1c(=O)n(Cc1ccc(-n3cccn3)cc1)c(=O)n2C,5.84163750790475,CHEMBL3616908,284,2014.0
CC#CCn1c(N2CCNCC2)nc2c1c(=O)n(Cc1ccc(-n3cncn3)cc1)c(=O)n2C,6.657577319177793,CHEMBL3616909,284,2014.0
CC#CCn1c(N2CCNCC2)nc2c1c(=O)n(Cc1ccc3ccccc3c1)c(=O)n2C,6.7447274948966935,CHEMBL3616903,284,2014.0
CC#CCn1c(N2CCNCC2)nc2c1c(=O)n(Cc1ccc3ccccc3n1)c(=O)n2C,7.537602002101044,CHEMBL3616902,284,2014.0
CC#CCn1c(N2CCNCC2)nc2c1c(=O)n(Cc1cccc(C#N)c1)c(=O)n2C,6.468521082957745,CHEMBL3616905,284,2014.0
CC#CCn1c(N2CCNCC2)nc2c1c(=O)n(Cc1ccccc1)c(=O)n2C,5.910094888560602,CHEMBL3616904,284,2014.0
CC#CCn1c(N2CCNCC2)nc2c1c(=O)n(Cc1csc(CO)n1)c(=O)n2C,6.187086643357144,CHEMBL3616888,284,2014.0
CC#CCn1c(N2CCNCC2)nc2c1c(=O)n(Cc1nc(C)c3ccccc3n1)c(=O)n2C,7.712198270069773,CHEMBL3616890,284,2014.0
CC#CCn1c(N2CCNCC2)nc2c1c(=O)n(Cc1nc(OC)c3ccccc3n1)c(=O)n2C,7.602059991327962,CHEMBL3616901,284,2014.0
CC#CCn1c(N2CCCNCC2)c(C#N)c2c1c(=O)n(Cc1ncc3ccccc3c1C#N)c(=O)n2C,9.0,CHEMBL1951416,284,2012.0
CC#CCn1c(N2CCNCC2)nc2c1c(=O)n(Cc1ncc3ccccc3n1)c(=O)n2C,8.236572006437063,CHEMBL3616900,284,2014.0
CC#CCn1c(N2CCCNCC2)c(C#N)c2c1c(=O)n(Cc1nc(C)c3ccccc3n1)c(=O)n2C,8.1249387366083,CHEMBL1951613,284,2012.0
CC#CCn1c(N2CCCC(N)C2)nc2nc3n(c(=O)c21)CC(=O)N3C,6.910094888560602,CHEMBL3687980,284,2015.0
CC#CCn1c(N2CCCC(N)C2)nc2cc[nH]c2c1=O,6.337242168318426,CHEMBL2346921,284,2013.0
CC#CCn1c(N2CCCC(N)C2)nc2ccn(C)c2c1=O,6.673869043289205,CHEMBL2346919,284,2013.0
CC#CCn1c(N2CCCC(N)C2)nc2ccn(Cc3c[nH]c4ccccc34)c2c1=O,7.355561410532161,CHEMBL2346923,284,2013.0
CC#CCn1c(N2CCCC(N)C2)nc2ccn(Cc3ccc4cc(Br)ccc4n3)c2c1=O,6.856360764725457,CHEMBL2346927,284,2013.0
CC#CCn1c(N2CCCC(N)C2)nc2ccn(Cc3ccc4cc(C)ccc4n3)c2c1=O,7.279014255846261,CHEMBL2346930,284,2013.0
CC#CCn1c(N2CCCC(N)C2)nc2ccn(Cc3ccc4cc(Cl)ccc4n3)c2c1=O,7.221125527997261,CHEMBL2346928,284,2013.0
CC#CCn1c(N2CCCC(N)C2)nc2ccn(Cc3ccc4cc(F)ccc4n3)c2c1=O,7.838631997765026,CHEMBL2346929,284,2013.0
CC#CCn1c(N2CCCC(N)C2)nc2ccn(Cc3ccc4ccc(Cl)cc4n3)c2c1=O,7.943095148663527,CHEMBL2347035,284,2013.0
CC#CCn1c(N2CCCC(N)C2)nc2ccn(Cc3ccc4ccc(F)cc4n3)c2c1=O,8.330683119433887,CHEMBL2347036,284,2013.0
O=Cc1ccc(-c2ccc(-c3cccs3)s2)s1,6.050609993355087,CHEMBL91933,284,2014.0
CC#CCn1c(N2CCCC(N)C2)nc2ccn(Cc3ccc4ccccc4n3)c2c1=O,8.1518108830086,CHEMBL2346926,284,2013.0
CC#CCn1c(N2CCCC(N)C2)nc2ccn(Cc3ccnc4ccccc34)c2c1=O,7.31695296176115,CHEMBL2346925,284,2013.0
CC#CCn1c(N2CCCC(N)C2)nc2ccn(Cc3cnc4ccccc4n3)c2c1=O,8.226945306635738,CHEMBL2347037,284,2013.0
CC#CCn1c(N2CCCC(N)C2)nc2ccn(Cc3nc(C)c4ccccc4n3)c2c1=O,8.809668301829708,CHEMBL2347039,284,2013.0
CC#CCn1c(N2CCCC(N)C2)nc2ccn(Cc3nc4ccccc4[nH]3)c2c1=O,7.559090917934782,CHEMBL2346924,284,2013.0
CC#CCn1c(N2CCCC(N)C2)nc2ccn(Cc3nc4ccccc4nc3C)c2c1=O,7.809668301829708,CHEMBL2347038,284,2013.0
CC#CCn1c(N2CCCC(N)C2)nc2ccn(Cc3ncccn3)c2c1=O,7.356547323513812,CHEMBL2346922,284,2013.0
CC#CCn1c(N2CCCNCC2)c(C#N)c2c1c(=O)n(Cc1c(C#N)cnc3ccccc13)c(=O)n2C,8.698970004336019,CHEMBL1951614,284,2012.0
CC#CCn1c(N2CCCC(N)C2)nc2c3cc(C(=O)O)ccc3n(C)c(=O)c21,7.045757490560675,CHEMBL2147067,284,2012.0
CC#CCn1c(N2CCNCC2)nc2c1c(=O)n(Cc1nn(-c3ccccc3)nc1C)c(=O)n2C,6.7447274948966935,CHEMBL3616907,284,2014.0
CC#Cc1cnc(N2CCCC(N)C2)n(Cc2ccccc2C#N)c1=O,8.301029995663981,CHEMBL1650423,284,2011.0
COCCC1(NCC(=O)N2C(C#N)CCC2C#N)CCCC1,6.019996628416253,CHEMBL208756,284,2007.0
COCc1ccc(-c2ccc(-c3cccs3)s2)s1,5.621602099051863,CHEMBL3343902,284,2014.0
COCc1ccc2c3nc(N4CCCC(N)C4)n(Cc4ccccc4Cl)c3c(=O)n(C)c2c1,7.769551078621726,CHEMBL2147194,284,2012.0
COCc1nc2ccc(-c3ccccc3Cl)c(CN)c2n1C,7.180456064458131,CHEMBL263137,284,2008.0
COCc1nsc(N2CCN(C(=O)C3CNC(C(=O)N4CCCC4)C3)CC2)n1,7.769551078621726,CHEMBL269965,284,2008.0
O=C(Nc1ccccc1)C1CNC(C(=O)N2CCCC2)C1,5.384049948343598,CHEMBL380240,284,2006.0
COc1c(O)ccc(C)c1C1CNC(C(=O)N2CCCC2C#N)C1,8.148741651280925,CHEMBL244010,284,2007.0
COc1cc(-c2[o+]c3cc(O)cc(O)c3cc2O)cc(OC)c1O,5.85078088734462,CHEMBL255753_CHEMBL592005,284,
COc1cc(=O)n(C)cc1-c1ccc(C(C)C(N)C(=O)N2CCC(F)C2)cc1,7.173925197299173,CHEMBL380496,284,2004.0
CC(=O)NC1CCC(C(C)C(N)C(=O)N2CCC(F)C2)CC1,7.795880017344075,CHEMBL237547,284,2007.0
CN(C)C(=O)c1nnn2c1CN(C(=O)CC(N)Cc1cc(F)c(F)cc1F)CC2,7.281166281696137,CHEMBL1683982,284,2011.0
CN(C)C(=O)c1ccc2c3nc(N4CCCC(N)C4)n(Cc4ccccc4Cl)c3c(=O)n(C)c2c1,8.0,CHEMBL2147071,284,2012.0
CN(C)C(=O)c1ccc2c(c1)nc1n2CC(N)C(c2cc(F)c(F)cc2F)C1,7.2839966563652,CHEMBL560729,284,2009.0
CN(C)C(=O)c1ccc2c(c1)c1nc(N3CCCC(N)C3)n(Cc3ccccc3Cl)c1c(=O)n2C,7.886056647693163,CHEMBL2147081,284,2012.0
CN(C)C(=O)c1ccc(-c2nnn3c2CN(C(=O)CC(N)Cc2cc(F)c(F)cc2F)CC3)cc1,7.574465779501736,CHEMBL1683990,284,2011.0
COc1cc(CN2CC3CN(C(=O)CC(N)Cc4cc(F)c(F)cc4F)CCN3C2=O)cc(OC)c1,6.943095148663527,CHEMBL1275854,284,2010.0
COc1cc(CN2CCN(C(=O)CC(N)Cc3cc(F)c(F)cc3F)CC2)cc(OC)c1,6.987162775294828,CHEMBL2069836,284,2012.0
COCC1C(=O)NCCN1C(=O)CC(N)Cc1cc(F)c(F)cc1F,8.130768280269024,CHEMBL1779706,284,2011.0
CNC1CCCN(c2ccnc3c2n(Cc2ccccc2C#N)c(=O)n3C)C1,6.366531544420413,CHEMBL3329692,284,2014.0
COCC1(NCC(=O)N2C(C#N)CCC2C#N)CCCC1,7.075720713938118,CHEMBL379086,284,2006.0
COC1CCC(CN)(c2cccc(Cl)c2)CC1,5.376750709602099,CHEMBL3112964,284,2014.0
COC(=O)C1SCCN1C(=O)CC(N)Cc1cc(F)c(F)cc1F,6.690369832574101,CHEMBL1683477,284,2011.0
COC(=O)Cc1ccc(CNC(=O)C2CCCN2C(=O)CC(N)Cc2ccccc2F)cc1,6.769551078621726,CHEMBL185244,284,2006.0
COC(=O)Cc1ccc(CNC(=O)C2CSCN2C(=O)CC(N)Cc2ccccc2F)cc1,7.060480747381382,CHEMBL186482,284,2004.0
COC(=O)c1ccc(-c2nnn3c2CN(C(=O)CC(N)Cc2cc(F)c(F)cc2F)CC3)cc1,7.906578314837764,CHEMBL1683991,284,2011.0
COC(=O)c1ccc(C(N)Cc2cc(F)c(F)cc2F)cc1,5.667914147319035,CHEMBL471648_CHEMBL501314_CHEMBL509672,284,
O=C1CC(c2ccc(O)cc2)Oc2cc(O)cc(O)c21,6.619788758288394,CHEMBL32571_CHEMBL9352,284,
COC(=O)c1ccc2c(c1)c1nc(N3CCCC(N)C3)n(Cc3ccccc3Cl)c1c(=O)n2C,7.67778070526608,CHEMBL2147079,284,2012.0
COC(=O)c1ccc2c3nc(N4CCCC(N)C4)n(Cc4ccccc4Cl)c3c(=O)n(C)c2c1,7.795880017344075,CHEMBL2147195,284,2012.0
COC(=O)c1cccc(-c2nnn3c2CN(C(=O)CC(N)Cc2cc(F)c(F)cc2F)CC3)c1,7.331520897067414,CHEMBL1683988,284,2011.0
COC(=O)c1cccc2c3nc(N4CCCC(N)C4)n(Cc4ccccc4Cl)c3c(=O)n(C)c12,6.567030709125595,CHEMBL2147188,284,2012.0
O=C(c1nccs1)C1CCCN1C(=O)C1CC2CCCCC2N1,7.356547323513812,CHEMBL258288,284,2008.0
O=C(c1nc2ccccc2s1)C1CCN1C(=O)C1CC2CCCCC2N1,7.096910013008056,CHEMBL365441,284,2008.0
O=C(c1nc2ccccc2s1)C1CCCN1C(=O)C1CC2CCCCC2N1,7.522878745280337,CHEMBL404030,284,2008.0
O=C(c1ccccn1)C1CCCN1C(=O)C1CC2CCCCC2N1,5.698970004336019,CHEMBL403160,284,2008.0
COC(=O)c1nnn2c1CN(C(=O)CC(N)Cc1cc(F)c(F)cc1F)CC2,7.82131076022441,CHEMBL1683980,284,2011.0
CC(=O)N(C)C1CCC(C(C(=O)N(C)C)C(N)C(=O)N2CCC(F)C2)CC1,6.721246399047171,CHEMBL428747,284,2007.0
CC(=O)N(C)C1CCC(C(C)C(N)C(=O)N2CCC(F)C2)CC1,7.596910013008056,CHEMBL1229855_CHEMBL245545,284,
O=C(O)c1c(Cl)ccc(Cl)c1O,8.154901959985743,CHEMBL1233461,284,2013.0
COc1cc(CN2CCN(C(=O)CC(N)Cc3cc(F)c(F)cc3F)CC2=O)c([N+](=O)[O-])cc1OC,8.130768280269024,CHEMBL1779704,284,2011.0
CC#CCn1c(N2CCCC(N)C2)nc2c1c(=O)nc1n2CCCN1Cc1nc(C)c2ccccc2n1,5.358922686674626,CHEMBL4557196,284,2016.0
CC#CCn1c(N2CCCC(N)C2)nc2c1c(=O)nc1n2CCCN1Cc1ccc(OC)cc1,6.102372908709558,CHEMBL4465057,284,2016.0
CC#CCn1c(N2CCCC(N)C2)c(C#N)c2c1c(=O)n(CC(=O)c1cccc(OC)c1)c(=O)n2C,8.698970004336019,CHEMBL1951603,284,2012.0
CC#CCn1c(N2CCCC(N)C2)c(C#N)c2c1c(=O)n(Cc1nccc3ccccc13)c(=O)n2C,8.397940008672037,CHEMBL1951604,284,2012.0
CC#CCn1c(N2CCCC(N)C2)c(C#N)c2ncn(CC(=O)c3cccc(OC)c3)c(=O)c21,7.522878745280337,CHEMBL1951425_CHEMBL1951426,284,
CC#CCn1c(N2CCCC(N)C2)c(C#N)c2ncn(Cc3ccnc4ccccc34)c(=O)c21,8.0,CHEMBL1951427,284,2012.0
O=c1cc(N2CCNCC2)n(Cc2ccccc2[N+](=O)[O-])c2ccnn12,5.920818753952375,CHEMBL4213950,284,2018.0
O=c1cc(N2CCNCC2)n(Cc2ccccc2)c2ccnn12,5.6020599913279625,CHEMBL4208513,284,2018.0
CC#CCn1c(N2CCCC(N)C2)c(C#N)c2ncn(Cc3nccc4ccccc34)c(=O)c21,8.301029995663981,CHEMBL1951428,284,2012.0
O=c1cc(-c2ccccc2)oc2ccccc12,6.769551078621726,CHEMBL275638,284,2018.0
CC#CCn1c(N2CCCC(N)C2)cc(=O)n(C)c1=O,6.703334809738469,CHEMBL2424672,284,2013.0
CC#CCn1c(N2CCCC(N)C2)cc(=O)n(CC#CC)c1=O,5.662041836320299,CHEMBL2425882,284,2013.0
CC#CCn1c(N2CCCC(N)C2)cc(=O)n(Cc2cc(Cl)c3ccccc3n2)c1=O,8.920818753952375,CHEMBL2425895,284,2013.0
CC#CCn1c(N2CCCC(N)C2)cc(=O)n(Cc2ccc3c(ccc4ccccc43)n2)c1=O,7.504455662453552,CHEMBL2425887,284,2013.0
CC#CCn1c(N2CCCC(N)C2)cc(=O)n(Cc2ccc3cc(Br)ccc3n2)c1=O,7.966576244513051,CHEMBL2425888,284,2013.0
CC#CCn1c(N2CCCC(N)C2)cc(=O)n(Cc2ccc3cc(C)ccc3n2)c1=O,8.040958607678906,CHEMBL2425891,284,2013.0
CC#CCn1c(N2CCCC(N)C2)cc(=O)n(Cc2ccc3cc(Cl)ccc3n2)c1=O,8.18045606445813,CHEMBL2425889,284,2013.0
CC#CCn1c(N2CCCC(N)C2)cc(=O)n(Cc2ccc3cc(F)ccc3n2)c1=O,8.698970004336019,CHEMBL2425890,284,2013.0
CC#CCn1c(N2CCCC(N)C2)cc(=O)n(Cc2ccc3cc(OC)ccc3n2)c1=O,8.721246399047171,CHEMBL2425892,284,2013.0
CC#CCN1C(N2CCCC(N)C2)=NC2C1C(=O)N(C(C)c1nc(C)c3ccccc3n1)C(=O)N2C,8.684029654543082,CHEMBL4649180,284,2020.0
CC#CCn1c(N2CCCC(N)C2)cc(=O)n(Cc2ccc3ccc(Cl)cc3n2)c1=O,9.397940008672036,CHEMBL2425893,284,2013.0
CC#CC#Cc1ccc(C#CC(O)CO)s1,5.562249437179612,CHEMBL3343899,284,2014.0
CNC(=O)C1CNC(C(=O)N2CCCC2C#N)C1,8.455931955649724,CHEMBL391559,284,2007.0
CN1C(=O)C=C(N2CCCC(N)C2)C(Cc2ccccc2C#N)C1=O,8.397940008672037,CHEMBL216253,284,2006.0
CN1C(=O)Cn2c1nc1nc(N3CCCC(N)C3)n(Cc3cc(F)ccc3C#N)c1c2=O,8.769551078621726,CHEMBL3687984,284,2015.0
CN1C(=O)Cn2c1nc1nc(N3CCCC(N)C3)n(Cc3cc(F)ccc3C(F)(F)F)c1c2=O,7.562249437179612,CHEMBL3687977,284,2015.0
CN1C(=O)Cn2c1nc1nc(N3CCCC(N)C3)n(Cc3cc(F)ccc3F)c1c2=O,6.806597096937582,CHEMBL3687979,284,2015.0
CN1C(=O)Cn2c1nc1nc(N3CCCC(N)C3)n(Cc3ccccc3C#N)c1c2=O,7.97469413473523,CHEMBL3687978,284,2015.0
C#CCN(CC#N)C(=O)C1CC(C(=O)N(C)C)C(C)N1,7.221848749616356,CHEMBL260701,284,2008.0
CN1CC2CN(C(=O)CC(N)Cc3cc(F)c(F)cc3F)CCN2C1=O,5.906578314837764,CHEMBL1276619,284,2010.0
C#Cc1cnc(N2CCCC(N)C2)n(Cc2ccccc2C#N)c1=O,8.301029995663981,CHEMBL1650422,284,2011.0
CN1CCN(C(=O)CC(N)Cc2cc(F)c(F)cc2F)CC1=O,7.033389013318065,CHEMBL1779688,284,2011.0
C=C(C)CC1CNC(C(=O)N2CCCC2C#N)C1,8.244125144327509,CHEMBL437570,284,2007.0
CN1CCN(c2ccc(C(=O)N3CCN(C(=O)CC(N)Cc4cc(F)c(F)cc4F)CC3)cc2)CC1,7.3214816209598865,CHEMBL2069846,284,2012.0
Oc1ccc(C=Cc2cc(O)cc(O)c2)cc1,9.221848749616356,CHEMBL165_CHEMBL2019155_CHEMBL87333,284,
C=CCC1CNC(C(=O)N2CCCC2C#N)C1,8.455931955649724,CHEMBL245069,284,2007.0
C=CCN(CC#N)C(=O)C1CC(C(=O)N(C)C)C(C)N1,7.387216143280264,CHEMBL261462,284,2008.0
OCc1ccc(-c2ccc(C#CC(O)CO)s2)s1,5.55129368009492,CHEMBL3343900,284,2014.0
OCc1ccc(-c2ccc(-c3cccs3)s2)s1,5.474955192963154,CHEMBL90170,284,2014.0
OCCC(CCO)C(CO)(CO)CO,5.698970004336019,CHEMBL1236897,284,2013.0
C=Cc1cnc(N2CCCC(N)C2)n(Cc2ccccc2C#N)c1=O,8.096910013008056,CHEMBL1650426,284,2011.0
CC#CCn1c(N2CCCC(N)C2)nc2c1c(=O)nc1n2CCCN1Cc1cccc2ccccc12,6.316052869248487,CHEMBL4537708,284,2016.0
CC#CCn1c(N2CCCC(N)C2)cc(=O)n(Cc2ccc3ccc(F)cc3n2)c1=O,9.154901959985745,CHEMBL2425894,284,2013.0
CC#CCn1c(N2CCCC(N)C2)cc(=O)n(Cc2cn(CC(=O)N(C)C)nn2)c1=O,7.543330370576243,CHEMBL4636081,284,2020.0
CC#CCn1c(N2CCCC(N)C2)nc2c1c(=O)n(CCC1CCN(C(=O)OC(C)C)CC1)c(=O)n2C,6.022276394711152,CHEMBL3973741,284,2016.0
CC#CCn1c(N2CCCC(N)C2)nc2c1c(=O)n(CCCC1CCN(C(=O)OC(C)C)CC1)c(=O)n2C,7.136677139879544,CHEMBL3902771,284,2016.0
CC#CCn1c(N2CCCC(N)C2)nc2c1c(=O)n(CCCCC1CCN(C(=O)OC(C)C)CC1)c(=O)n2C,6.6020599913279625,CHEMBL3901674,284,2016.0
CC#CCn1c(N2CCCC(N)C2)nc2c1c(=O)n(CCCCN1CCC(C(=O)OC(C)C)CC1)c(=O)n2C,6.3979400086720375,CHEMBL3920718,284,2016.0
CC#CCn1c(N2CCCC(N)C2)nc2c1c(=O)n(CCCN1CCC(C(=O)N(C)C)CC1)c(=O)n2C,6.585026652029182,CHEMBL3897118,284,2016.0
CC#CCn1c(N2CCCC(N)C2)nc2c1c(=O)n(CCCN1CCC(C(=O)OC(C)C)CC1)c(=O)n2C,6.853871964321762,CHEMBL3892718,284,2016.0
CC#CCn1c(N2CCCC(N)C2)nc2c1c(=O)n(CCCN1CCC(C(=O)OC)CC1)c(=O)n2C,6.6020599913279625,CHEMBL3910158,284,2016.0
CC#CCn1c(N2CCCC(N)C2)nc2c1c(=O)n(CCCN1CCC(C(=O)OC3CCC3)CC1)c(=O)n2C,6.214670164989233,CHEMBL3972227,284,2016.0
CC#CCn1c(N2CCCC(N)C2)nc2c1c(=O)n(CCCN1CCC(C(=O)OC3CCCC3)CC1)c(=O)n2C,6.050609993355087,CHEMBL3899590,284,2016.0
CC#CCn1c(N2CCCC(N)C2)nc2c1c(=O)n(CCCN1CCC(C(=O)OCC)CC1)c(=O)n2C,6.853871964321762,CHEMBL3980269,284,2016.0
CC#CCn1c(N2CCCC(N)C2)nc2c1c(=O)n(CCCN1CCC(C(=O)OCCC)CC1)c(=O)n2C,6.301029995663981,CHEMBL3933623,284,2016.0
CC#CCn1c(N2CCCC(N)C2)nc2c1c(=O)n(CCCN1CCN(c3ncc(C)cn3)CC1)c(=O)n2C,6.180456064458131,CHEMBL4785060,284,2020.0
CC#CCn1c(N2CCCC(N)C2)nc2c1c(=O)n(CCCN1CCN(c3ncc(CC)cn3)CC1)c(=O)n2C,6.214670164989233,CHEMBL4745258,284,2020.0
CC#CCn1c(N2CCCC(N)C2)nc2c1c(=O)n(CCCN1CCN(c3ncc(F)cn3)CC1)c(=O)n2C,6.455931955649724,CHEMBL4749117,284,2020.0
CC#CCn1c(N2CCCC(N)C2)nc2c1c(=O)n(CCCN1CCN(c3ncc(OC)cn3)CC1)c(=O)n2C,6.366531544420413,CHEMBL4764779,284,2020.0
CC#CCn1c(N2CCCC(N)C2)nc2c1c(=O)n(CCN1CCC(C(=O)OC(C)C)CC1)c(=O)n2C,6.119186407719209,CHEMBL3929627,284,2016.0
CC#CCn1c(N2CCCC(N)C2)nc2c1c(=O)nc1n2CCCN1CC(=O)c1ccccc1,6.375717904164332,CHEMBL4591675,284,2016.0
CC#CCn1c(N2CCCC(N)C2)nc2c1c(=O)n(CC1CCN(C(=O)OC(C)C)CC1)c(=O)n2C,5.301029995663981,CHEMBL3911786,284,2016.0
CC#CCn1c(N2CCCC(N)C2)cc(=O)n(Cc2ccc3ccccc3n2)c1=O,8.508638306165727,CHEMBL2425886,284,2013.0
O=[N+]([O-])c1cccc(C=NN2C(c3ccccc3)=Nc3ccc(I)cc3C2NC2NC=CS2)c1,9.119186407719209,CHEMBL4638480,284,2020.0
O=[N+]([O-])c1cccc(C=NN2C(c3ccccc3)=Nc3ccccc3C2Nc2nccs2)c1,8.876148359032914,CHEMBL4249193,284,2018.0
CC#CCn1c(N2CCCC(N)C2)cc(=O)n(Cc2nc(C)c3cc(C)ccc3n2)c1=O,8.23807216157947,CHEMBL4647761,284,2020.0
CC#CCn1c(N2CCCC(N)C2)cc(=O)n(Cc2nc3ccccc3[nH]2)c1=O,7.657577319177793,CHEMBL2425885,284,2013.0
CC#CCn1c(N2CCCC(N)C2)cc(=O)n(Cc2ncccn2)c1=O,8.468521082957745,CHEMBL2425884,284,2013.0
CC#CCn1c(N2CCCC(N)C2)nc2c(Br)c[nH]c2c1=O,6.065501548756432,CHEMBL2346920,284,2013.0
CC#CCn1c(N2CCCC(N)C2)nc2c1C(=O)N(Cc1ccc(C#N)cc1)C1=NCCN12,8.0,CHEMBL4568895,284,2016.0
CC#CCn1c(N2CCCC(N)C2)nc2c1C(=O)N(Cc1ccc(OC)cc1)C1=NCCCN12,7.413412695328245,CHEMBL3675628,284,2014.0
CC#CCn1c(N2CCCC(N)C2)nc2c1C(=O)N(Cc1cccc(C#N)c1)C1=NCCN12,7.950781977329818,CHEMBL4516443,284,2016.0
CC#CCn1c(N2CCCC(N)C2)nc2c1C(=O)N(Cc1cccc3ccccc13)C1=NCCCN12,7.35359627377693,CHEMBL3675630,284,2014.0
CC#CCn1c(N2CCCC(N)C2)nc2c1C(=O)N(Cc1ccccc1C#N)C1=NCCN12,8.031050319018657,CHEMBL3675632,284,2014.0
CC#CCn1c(N2CCCC(N)C2)nc2c1C(=O)N(Cc1nc(C)c3ccccc3n1)C1=NCCCN12,8.892790030352131,CHEMBL3675622,284,2014.0
CC#CCn1c(N2CCCC(N)C2)nc2c1C(=O)N(Cc1nc(C)c3ccccc3n1)C1=NCCN12,9.3767507096021,CHEMBL3675618,284,2014.0
CC#CCn1c(N2CCCC(N)C2)nc2c1C(=O)NC1=NCCCN12,5.21374560421022,CHEMBL3675629,284,2014.0
O=c1c(-c2ccc(O)cc2)coc2cc(O)cc(O)c12,6.318758762624412,CHEMBL44,284,2018.0
CC#CCn1c(N2CCCC(N)C2)nc2c1c(=O)n(C(C)C)c(=O)n2C,6.008773924307505,CHEMBL3616913,284,2014.0
CNC(=O)c1cc(-c2ccc(Cl)cc2Cl)c(CN)c(C)n1,8.090228032229065,CHEMBL1688426,284,2010.0
O=c1[nH]c(=O)c2c(nc(N3CCNCC3)n2Cc2ccccc2)[nH]1,5.4089353929735005,CHEMBL4456228,284,2016.0
CC#CCn1c(N2CCCC(N)C2)nc2c1c(=O)n(CC1=NC3C=CC=CC3C(C)=N1)c(=O)n2C,8.698970004336019,CHEMBL4747683,284,2021.0
O=[N+]([O-])c1cccc(C=NN2C(c3ccccc3)=Nc3ccc(I)cc3C2Nc2nccs2)c1,9.119186407719209,CHEMBL4239107,284,2018.0
CN(C)C(=O)CCC1CNC(C(=O)N2CCCC2C#N)C1,8.619788758288394,CHEMBL232311,284,2007.0
CN(C)C(=O)CC1CNC(C(=O)N2CCCC2C#N)C1,8.346787486224656,CHEMBL391558,284,2007.0
CN(C)C(=O)C1SCCN1C(=O)CC(N)Cc1cc(F)c(F)cc1F,5.769551078621726,CHEMBL1683480,284,2011.0
COc1ccc(Cn2c(N3CCCC(N)C3)nc3c4cc(C(=O)O)ccc4n(C)c(=O)c32)cc1,5.161150909262744,CHEMBL2147063,284,2012.0
COc1ccc(Cn2cc(-c3ccc(CC(N)C(=O)N4CCCC4C#N)cc3)nn2)cc1,8.361510743045363,CHEMBL2418631,284,2013.0
COc1ccc(Cn2cc(-c3ccc(CC(N)C(=O)N4CCCC4C#N)cc3)nn2)cc1OC,7.804100347590766,CHEMBL2418634,284,2013.0
CC(C)(C)OCC1C(=O)NCCN1C(=O)CC(N)Cc1cc(F)c(F)cc1F,9.045757490560677,CHEMBL1779710,284,2011.0
CCOC(=O)N1CCN(c2ccc3nnc(-c4cccc(C)c4)n3n2)CC1,9.1249387366083,CHEMBL4454091,284,2020.0
CC(C)(C)SCC1C(=O)NCCN1C(=O)CC(N)Cc1cc(F)c(F)cc1F,8.886056647693163,CHEMBL1779714,284,2011.0
CCOC(=O)Cn1cc(-c2ccc(C(C)C(N)C(=O)N3CCC(F)C3)cc2)ccc1=O,7.045757490560675,CHEMBL382674,284,2006.0
O=C(CO[N+](=O)[O-])NC(CC(=O)N1CCn2c(nnc2C(F)(F)F)C1)Cc1cc(F)c(F)cc1F,6.721246399047171,CHEMBL4434648,284,2018.0
COc1ccc(N2CCN(CCNCC(=O)N3CCCC3C#N)C2=O)cc1,7.084072788302884,CHEMBL1202093,284,2009.0
O=C(CO)NC(CC(=O)N1CCn2c(nnc2C(F)(F)F)C1)Cc1cc(F)c(F)cc1F,6.66354026615147,CHEMBL4537702,284,2018.0
COc1ccc(N2CCN(CCNCC(=O)N3CCCC3C#N)C2=O)cc1OC,8.698970004336019,CHEMBL1202080,284,2009.0
CCOC(=O)COc1cccc(CNC(=O)C2SCCN2C(=O)CC(N)Cc2cc(F)c(F)cc2F)c1,7.022276394711152,CHEMBL1683489,284,2011.0
COc1ccc(NC(=O)CC(C)(C)NCC(=O)N2CCCC2C#N)c(OC)c1OC,6.896196279044043,CHEMBL217059,284,2007.0
COc1ccc(NC(=O)CC(C)(C)NCC(=O)N2CCCC2C#N)cc1,6.596879478824182,CHEMBL384985,284,2007.0
COc1ccc(NC(=O)CC(C)(C)NCC(=O)N2CCCC2C#N)cc1OC,6.935542010773082,CHEMBL217198,284,2007.0
O=C(CNC1CC2CCCC1C2)N1CCCC1C(O)O,7.602059991327962,CHEMBL362922,284,2005.0
O=C(CNC(=O)C1CCCN(S(=O)(=O)c2ccccc2)C1)Nc1ccc(Cl)cc1,7.023100049017062,CHEMBL4250558,284,2018.0
COc1ccc(Cn2c(=O)c3c(nc(N4CCCC(N)C4)n3Cc3ccccc3Cl)n(C)c2=O)cc1C(=O)O,7.443697499232712,CHEMBL3402129,284,2015.0
CCOC(=O)COc1ccc(CNC(=O)C2SCCN2C(=O)CC(N)Cc2cc(F)c(F)cc2F)cc1,7.387216143280264,CHEMBL1683487,284,2011.0
CCOC(=O)Nc1c(-c2ccc(C(C)C(N)C(=O)N3CCC(F)C3)cc2)cn(C)c(=O)c1F,6.920818753952375,CHEMBL438265,284,2006.0
CC(C)(C)NCC(=O)N1CCCC1C(=O)c1noc(C2(C)CCCCC2)n1,7.022276394711152,CHEMBL232586,284,2005.0
CCOCc1ccc(-c2ccc(-c3cccs3)s2)s1,6.292429823902063,CHEMBL3343903,284,2014.0
CCOCC1C(=O)NCCN1C(=O)CC(N)Cc1cc(F)c(F)cc1F,8.366531544420413,CHEMBL1779707,284,2011.0
CCOCC1(NCC(=O)N2C(C#N)CCC2C#N)CCCC1,7.1938200260161125,CHEMBL209191,284,2006.0
CCOC(=O)c1nnc2n1CCN(C(=O)CC(N)Cc1cc(F)ccc1F)C2,6.721246399047171,CHEMBL389600,284,2007.0
CCOC(=O)c1nnc2n1CCN(C(=O)CC(N)Cc1cc(F)c(F)cc1F)C2,6.6595558851598815,CHEMBL233686,284,2007.0
CCOC(=O)c1nc2c(n1C)CN(C1CC(N)C(c3cc(F)ccc3F)OC1C(F)(F)F)C2,7.686132779630847,CHEMBL4634272,284,2020.0
COc1ccc(C=NN2C(c3ccccc3)=Nc3ccc(I)cc3C2Nc2nccs2)cc1,8.790484985457368,CHEMBL4242883,284,2018.0
COc1ccc(CCNC(=O)CC(C)(C)NCC(=O)N2CCCC2C#N)cc1OC,6.634512015109101,CHEMBL217290,284,2007.0
COc1ccc(CN2CC3CN(C(=O)CC(N)Cc4cc(F)c(F)cc4F)CCN3C2=O)cc1,6.443697499232712,CHEMBL1275851,284,2010.0
COc1ccc(CN2CCN(C(=O)CC(N)Cc3cc(F)c(F)cc3F)CC2=O)cc1,7.469800301796917,CHEMBL1779699,284,2011.0
CC(C)(C)NC(=O)c1nnc2n1CCN(C(=O)CC(N)Cc1cc(F)c(F)cc1F)C2,6.630784142589857,CHEMBL233891,284,2007.0
CC(C)(C)NCC(=O)N1C(C#N)CCC1C#N,6.178486471595226,CHEMBL208902,284,2006.0
CC(C)(C)NCC(=O)N1CC(F)CC1C(=O)c1nnc(C2CCCCC2)o1,7.522878745280337,CHEMBL391645,284,2007.0
CC(C)(C)NCC(=O)N1CC(F)CC1C(=O)c1noc(C(C)(C)C)n1,7.200659450546418,CHEMBL392552,284,2007.0
CC(C)(C)NCC(=O)N1CCCC1C(=O)c1nnc(C(C)(C)C)o1,7.251811972993799,CHEMBL395166,284,2007.0
CC(C)(C)NCC(=O)N1CCCC1C(=O)c1nnc(C2(C)CCCCC2)o1,8.0,CHEMBL232571,284,2007.0
CC(C)(C)NCC(=O)N1CCCC1C(=O)c1noc(-c2ccc(F)cc2)n1,7.823908740944319,CHEMBL399615,284,2007.0
CC(C)(C)OC(=O)N1CCC(C(N)Cc2cc(F)c(F)cc2F)CC1,6.568636235841012,CHEMBL496863,284,2009.0
COc1ccc(C2CC2NC(=O)CC(C)(C)NCC(=O)N2CCCC2C#N)cc1OC,6.995678626217357,CHEMBL474960,284,2009.0
CCOC(=O)CNC(=O)C1SCCN1C(=O)CC(N)Cc1cc(F)c(F)cc1F,6.995678626217357,CHEMBL1683479,284,2011.0
CCOC(=O)C1Oc2ccc(CNC(=O)C3SCCN3C(=O)CC(N)Cc3cc(F)c(F)cc3F)cc2O1,7.1938200260161125,CHEMBL1683493,284,2011.0
CC(C)(CC(=O)NC1CC1c1ccc(C(F)(F)F)cc1)NCC(=O)N1CCCC1C#N,7.070581074285707,CHEMBL473176,284,2009.0
CC(C)(CC(=O)NC1CC1c1ccc(Cl)c(Cl)c1)NCC(=O)N1CCCC1C#N,7.167491087293763,CHEMBL474959,284,2009.0
CC(C)(CC(=O)NC1CC1c1ccc(Cl)cc1)NCC(=O)N1CCCC1C#N,7.0655015487564325,CHEMBL474560,284,2009.0
CC(C)(CC(=O)NC1CC1c1ccc(F)c(F)c1)NCC(=O)N1CCCC1C#N,7.207608310501746,CHEMBL472977,284,2009.0
CC(C)(CC(=O)NC1CC1c1ccc(F)cc1)NCC(=O)N1CCCC1C#N,7.267606240177031,CHEMBL514617,284,2009.0
CC(C)(CC(=O)NC1CC1c1ccc(F)cc1F)NCC(=O)N1CCCC1C#N,7.075720713938118,CHEMBL515552,284,2009.0
CC(C)(CC(=O)NC1CC1c1cccc(C(F)(F)F)c1)NCC(=O)N1CCCC1C#N,7.221848749616356,CHEMBL473973,284,2009.0
CC(C)(CC(=O)NC1CC1c1cccc(Cl)c1)NCC(=O)N1CC(F)(F)CC1C#N,7.585026652029182,CHEMBL463231,284,2009.0
CC(C)(CC(=O)NC1CC1c1cccc(Cl)c1)NCC(=O)N1CC(F)CC1C#N,7.696272488392665,CHEMBL447393_CHEMBL517776,284,
CC(C)(CC(=O)NC1CC1c1cccc(Cl)c1)NCC(=O)N1CCCC1C#N,7.31882160822006,CHEMBL463481_CHEMBL474768,284,
CC(C)(CC(=O)NC1CC1c1cccc(F)c1)NCC(=O)N1CC(F)CC1C#N,7.67778070526608,CHEMBL464093,284,2009.0
CC(C)(CC(=O)NC1CC1c1cccc(F)c1)NCC(=O)N1CCCC1C#N,7.1938200260161125,CHEMBL473172,284,2009.0
CC(C)(CC(=O)NC1CC1c1cccc(OC(F)(F)F)c1)NCC(=O)N1CC(F)CC1C#N,7.698970004336019,CHEMBL463230,284,2009.0
CC(C)(CC(=O)NC1CC1c1cccc(OC(F)(F)F)c1)NCC(=O)N1CCCC1C#N,7.136677139879544,CHEMBL474559,284,2009.0
CC(C)(CC(=O)NC1CC1c1ccccc1)NCC(=O)N1CC(F)CC1C#N,7.721246399047171,CHEMBL464092,284,2009.0
CC(C)(CC(=O)NC1CC1c1ccccc1)NCC(=O)N1CCCC1C#N,7.070581074285707,CHEMBL473166,284,2009.0
CC(C)(CC(=O)NC1CC1c1cccnc1)NCC(=O)N1CC(F)CC1C#N,7.619788758288394,CHEMBL472797,284,2009.0
CC(C)(CC(=O)NC1CC1c1cc(F)cc(F)c1)NCC(=O)N1CCCC1C#N,7.1249387366083,CHEMBL472976,284,2009.0
O=C(CN1CCN(c2ccnc3cc(Cl)ccc23)CC1)N1CCCC1,5.428291168191313,CHEMBL4245414,284,2018.0
CC(C)(CC(=O)NC(C)(C)c1ccccc1)NCC(=O)N1CCCC1C#N,5.955460239607589,CHEMBL202711,284,2006.0
CC(C)(CC(=O)N1Cc2ccccc2C1)NCC(=O)N1CCCC1C#N,7.823908740944319,CHEMBL201644,284,2006.0
CCOC(=O)C1COc2cc(CNC(=O)C3SCCN3C(=O)CC(N)Cc3cc(F)c(F)cc3F)ccc2O1,6.950781977329818,CHEMBL1683491,284,2011.0
CCOC(=O)C1CCN(C(=O)c2cc(-c3ccc(F)cc3)c(CN)c(C)n2)CC1,6.028260409112222,CHEMBL1688418,284,2010.0
CCOC(=O)C1CC2CCCCC2N1C(=O)CC(N)Cc1cc(F)c(F)cc1F,7.154901959985743,CHEMBL3357767,284,2014.0
CCOC(=O)C(Oc1ccc(CNC(=O)C2SCCN2C(=O)CC(N)Cc2cc(F)c(F)cc2F)cc1)C(C)C,7.113509274827518,CHEMBL1683499,284,2011.0
CCOC(=O)C(F)(F)n1cc(-c2ccc(C(C)C(N)C(=O)N3CCC(F)C3)cc2)ccc1=O,7.036212172654444,CHEMBL438258,284,2006.0
CCOC(=O)C(C)(C)Nc1ccc(CNC(=O)C2SCCN2C(=O)CC(N)Cc2cc(F)c(F)cc2F)cc1,7.167491087293763,CHEMBL1683503,284,2011.0
O=C(CCCO[N+](=O)[O-])NC(CC(=O)N1CCn2c(nnc2C(F)(F)F)C1)Cc1cc(F)c(F)cc1F,6.705533773838408,CHEMBL4437841,284,2018.0
O=C(CCCO)NC(CC(=O)N1CCn2c(nnc2C(F)(F)F)C1)Cc1cc(F)c(F)cc1F,6.681936665037238,CHEMBL4458307,284,2018.0
O=C(CCCCO[N+](=O)[O-])NC(CC(=O)N1CCn2c(nnc2C(F)(F)F)C1)Cc1cc(F)c(F)cc1F,6.769551078621726,CHEMBL4577865,284,2018.0
O=C(CCCCO)NC(CC(=O)N1CCn2c(nnc2C(F)(F)F)C1)Cc1cc(F)c(F)cc1F,6.645891560852599,CHEMBL4464592,284,2018.0
O=C(CCCCCO[N+](=O)[O-])NC(CC(=O)N1CCn2c(nnc2C(F)(F)F)C1)Cc1cc(F)c(F)cc1F,7.221848749616356,CHEMBL4524414,284,2018.0
O=C(CCCCCO)NC(CC(=O)N1CCn2c(nnc2C(F)(F)F)C1)Cc1cc(F)c(F)cc1F,6.651695136951839,CHEMBL4516388,284,2018.0
CC(C)(C)c1cn(CCC(N)Cc2cc(F)c(F)cc2F)nn1,6.91721462968355,CHEMBL4789426,284,2021.0
CC(C)(C)c1nc(N2CCCC(N)C2)n(Cc2ccccc2C#N)c(=O)c1Br,5.130768280269024,CHEMBL1650407,284,2011.0
CC(C)(CC(=O)N1CCc2cc(F)cc(F)c2C1)NCC(=O)N1CCCC1C#N,7.657577319177793,CHEMBL425756,284,2006.0
CC(C)(CC(=O)N1CCc2cc(F)ccc2C1)NCC(=O)N1CCCC1C#N,7.522878745280337,CHEMBL380902,284,2006.0
CC(C)(CC(=O)N1CCc2ccccc2C1)NCC(=O)N1CCCC1C#N,7.309803919971486,CHEMBL201424,284,2006.0
CC(C)(CC(=O)NC(C)(C)Cc1ccccc1)NCC(=O)N1CCCC1C#N,5.886056647693163,CHEMBL217212,284,2007.0
COc1ccc(C2CC2NC(=O)CC(C)(C)NCC(=O)N2CC(F)CC2C#N)cc1,7.657577319177793,CHEMBL463277,284,2009.0
COc1ccc(C2CC(=O)c3c(O)cc(O)cc3O2)cc1O,6.552841968657781,CHEMBL399121,284,2012.0
CC(C)(C)N1CCN(CCNCC(=O)N2CCCC2C#N)C1=O,7.166852888087215,CHEMBL1202090,284,2009.0
CCn1c(=O)cc(N2CCCC(N)C2)n(Cc2ccccc2C#N)c1=O,7.167491087293763,CHEMBL1650437,284,2011.0
CCn1c(=O)c2c(nc(N3CCCC(N)C3)n2Cc2ccccc2Cl)c2ccccc21,6.3979400086720375,CHEMBL2147184,284,2012.0
CCn1c(=O)c(C(C)(NN)Nc2ccc(C)cc2)c(O)c2ccccc21,5.530177984021837,CHEMBL3310987,284,2014.0
CCc1nsc(N2CCN(C(=O)C3CNC(C(=O)N4CCCC4)C3)CC2)n1,7.431798275933005,CHEMBL271444,284,2008.0
CCc1nnc2n1CCN(C(=O)CC(N)Cc1cc(F)c(F)cc1F)C2,7.431798275933005,CHEMBL233685,284,2007.0
CCc1nnc2n1C1CCN(C(=O)CC(N)Cc3cc(F)c(F)cc3F)CC1CC2,7.018578659399378,CHEMBL3425749_CHEMBL3425750,284,
COc1cc2c(cc1OC)C1CC(N)C(N3C(=O)CCC3C)CN1CC2,5.657577319177793,CHEMBL591289,284,2010.0
COc1cc2c(cc1OC)C1CC(N)C(N3CC(C)CC3=O)CN1CC2,8.16753345038947,CHEMBL590812_CHEMBL591290_CHEMBL591291,284,
COc1cc2c(cc1OC)C1CC(N)C(N3CC(C)CCC3=O)CN1CC2,8.431798275933005,CHEMBL590329,284,2010.0
COc1cc2c(cc1OC)C1CC(N)C(N3CC(CF)CC3=O)CN1CC2,8.259559891273414,CHEMBL591117_CHEMBL591118,284,
COc1cc2c(cc1OC)C1CC(N)C(N3CCC(C)C3=O)CN1CC2,5.0,CHEMBL591060,284,2010.0
COc1cc2c(cc1OC)C1CC(N)C(N3CCC(C)CC3=O)CN1CC2,7.721246399047171,CHEMBL590086,284,2010.0
COc1cc2c(cc1OC)C1CC(N)C(N3CCCC3=O)CN1CC2,6.292429823902063,CHEMBL590326,284,2010.0
COc1cc2c(cc1OC)C1CC(N)C(N3CCCCCC3=O)CN1CC2,6.366531544420413,CHEMBL592547,284,2010.0
COc1cc2c(cc1OC)C1CC(N)C(N3CCCC[S+]3[O-])CN1CC2,6.847711655616944,CHEMBL589598,284,2010.0
COc1cc2c(cc1OC)C1CC(N)C(N3CCCOC3=O)CN1CC2,6.847711655616944,CHEMBL600045,284,2010.0
COc1cc2c(cc1OC)C1CC(N)C(N3CCC[S+]3[O-])CN1CC2,5.876148359032914,CHEMBL605285,284,2010.0
CCn1cc(-c2ccc(C(C)C(N)C(=O)N3CCC(F)C3)cc2)ccc1=O,7.130768280269024,CHEMBL206792,284,2006.0
COc1cc2c(cc1OC)C1CC(N)C(N3CCOC3=O)CN1CC2,5.939302159646388,CHEMBL590330,284,2010.0
CCn1cnc2ccc(-c3ccc(Cl)cc3Cl)c(CN)c21,7.180456064458131,CHEMBL257308,284,2008.0
COc1cc(OC)cc(N2CCN(CCNCC(=O)N3CCCC3C#N)C2=O)c1,7.690369832574101,CHEMBL1202094,284,2009.0
CN(C)C(=O)C1CNC(C(=O)N2CCCC2C#N)C1,8.744727494896694,CHEMBL232103,284,2007.0
CN(C)C(=O)C1CNC(C(=O)N2CCCC2)C1,6.173925197299173,CHEMBL271062,284,2008.0
CN(C)C(=O)C(c1ccc(N(C)C(=O)c2ccc(F)cc2)cc1)C(N)C(=O)N1CCC(F)C1,6.795880017344075,CHEMBL245969,284,2006.0
CN(C)C(=O)C(c1ccc(-c2ccn3ncnc3c2)cc1)C(N)C(=O)N1CCC(F)C1,7.865828043024468,CHEMBL210999,284,2006.0
CN(C)C(=O)C(c1ccc(-c2ccn3ncnc3c2)cc1)C(N)C(=O)N1CCC(F)(F)C1,7.838064696729745,CHEMBL210829,284,2006.0
CN(C)C(=O)C(c1ccc(-c2ccn3nccc3n2)cc1)C(N)C(=O)N1CCC(F)C1,7.686317071703634,CHEMBL210459,284,2006.0
CN(C)C(=O)C(c1ccc(-c2ccn3nccc3n2)cc1)C(N)C(=O)N1CCC(F)(F)C1,7.684531940467904,CHEMBL208957,284,2006.0
CN(C)C(=O)C(c1ccc(-c2ccc3nncn3c2)cc1)C(N)C(=O)N1CCC(F)C1,8.091548080312169,CHEMBL207348,284,2006.0
CN(C)C(=O)C(c1ccc(-c2ccc(=O)n(C)c2)cc1)C(N)C(=O)N1CCC(F)C1,7.599641460858807,CHEMBL209162,284,2006.0
CN(C)C(=O)C(C1CCC(NS(=O)(=O)c2ccc(OC(F)(F)F)cc2)CC1)C(N)C(=O)N1CCC(F)C1,5.892790030352131,CHEMBL397854,284,2007.0
CN(C)C(=O)C(C1CCC(NS(=O)(=O)c2ccc(F)cc2F)CC1)C(N)C(=O)N1CCC(F)C1,6.292429823902063,CHEMBL246170,284,2007.0
CN(C)C(=O)C(C1CCC(N(C)C(=O)c2cccc(F)c2)CC1)C(N)C(=O)N1CCC(F)C1,6.698970004336019,CHEMBL246374,284,2007.0
COc1cc(N2CCN(CCNCC(=O)N3CCCC3C#N)C2=O)cc(OC)c1OC,6.780939667551139,CHEMBL1202085,284,2009.0
COc1cc(O)cc(C)c1C1CNC(C(=O)N2CCCC2C#N)C1,8.080921907623926,CHEMBL243800,284,2007.0
COc1cc(O)cc(OC)c1C1CNC(C(=O)N2CCCC2C#N)C1,7.638272163982407,CHEMBL244008,284,2007.0
O=C(Nc1ccc(F)cc1)c1cnn(-c2ccccc2)c1NC(=O)C(F)(F)F,5.903089986991944,CHEMBL3618140,284,2015.0
COc1cc(OC)cc(-c2nc(N)c(CN)c(-c3ccc(Cl)cc3Cl)n2)c1,10.0,CHEMBL34062,284,2004.0
COc1cc2c(=O)n(Cc3ccccc3C#N)c(N3CCCC(N)C3)nc2cc1F,8.397940008672037,CHEMBL375508,284,2007.0
COc1cc2c(cc1OC)C1CC(N)C(c3ccc(C)c(C)c3)CN1CC2,5.228044164906124,CHEMBL234238_CHEMBL392085,284,
COc1cc2c(cc1OC)C1CC(N)C(c3cccc(C)c3)CN1CC2,7.926282226015098,CHEMBL234431_CHEMBL391070_CHEMBL400624,284,
NCc1c(-c2ccccc2Cl)ccc2ncn(Cc3ccccc3)c12,6.991399828238082,CHEMBL403156,284,2008.0
COc1ccc(-c2cc(N3CC(N)C(c4cc(F)c(F)cc4F)C3)ncn2)cn1,7.812809150974559,CHEMBL237786,284,2007.0
COc1ccc(-c2cc(N3CC(N)C(c4ccccc4)C3)ncn2)cc1,5.638272163982407,CHEMBL235201,284,2007.0
CCc1cc(O)cc(C)c1C1CNC(C(=O)N2CCCC2C#N)C1,8.050609993355087,CHEMBL390418,284,2006.0
CCc1cc(CN2CC(N)C(C(=O)C3CCCC3C#N)C2)cc(CC)c1C#N,8.327902142064282,CHEMBL429482,284,2007.0
O=C(NCCc1ccccc1)C1CNC(C(=O)N2CCCC2)C1,5.587203571283457,CHEMBL210941,284,2006.0
CC(C)(C)C#Cc1cnc(N2CCCC(N)C2)n(Cc2ccccc2C#N)c1=O,6.2441251443275085,CHEMBL1650425,284,2011.0
CC(C)(C)C(=O)CC1(NCC(=O)N2C(C#N)CCC2C#N)CCCC1,5.730487055782084,CHEMBL378750,284,2006.0
CC(C)(C)C(N)C(=O)N1CCSCC1,8.468521082957745,CHEMBL4241283,284,2018.0
CC(C)(C)CC(C)(C)NCC(=O)N1C(C#N)CCC1C#N,6.681936665037238,CHEMBL377320,284,2006.0
COc1ccc(-c2csc(C3(NC(=O)CC(N)Cc4ccccc4F)CCS(=O)(=O)CC3)n2)cc1,6.173925197299173,CHEMBL2206477,284,2012.0
CCS(=O)(=O)n1cc2c(n1)CN(C1CC(N)C(c3cc(F)ccc3F)OC1C(F)(F)F)C2,7.221848749616356,CHEMBL4649110,284,2020.0
CCS(=O)(=O)c1ccc2c(c1)nc1n2CC(N)C(c2cc(F)c(F)cc2F)C1,8.096910013008056,CHEMBL560192,284,2009.0
COc1ccc(-n2ncc3c(=O)n(-c4cc(C)ccn4)c(C)nc32)cc1,5.651695136951839,CHEMBL3618134,284,2015.0
COc1ccc(C(=O)N(C)C2CCC(C(C)C(N)C(=O)N3CCC(F)C3)CC2)cc1,7.013228265733755,CHEMBL395696,284,2007.0
COc1ccc(C(=O)NC2CCC(C(C)C(N)C(=O)N3CCC(F)C3)CC2)cc1,6.6777807052660805,CHEMBL245380,284,2007.0
CCOc1cccc(C2CC2NC(=O)CC(C)(C)NCC(=O)N2CC(F)CC2C#N)c1,7.769551078621726,CHEMBL462839,284,2009.0
CCOc1cc(O)cc(OCC)c1C1CNC(C(=O)N2CCCC2C#N)C1,7.657577319177793,CHEMBL244009,284,2007.0
COc1ccc(-c2cc(N3CC(N)C(c4cc(F)c(F)cc4F)C3)ncn2)cc1,6.920818753952375,CHEMBL391251,284,2007.0
COc1ccc(-c2cc(N3CC(N)C(N4CCCCC4=O)C3)ncn2)cn1,7.4089353929735005,CHEMBL1683566,284,2011.0
O=C(NCc1ccccc1)C1CNC(C(=O)N2CCCC2)C1,5.708409174341998,CHEMBL210920,284,2006.0
CCc1ccc(CN2CCN(C(=O)CC(N)Cc3cc(F)c(F)cc3F)CC2=O)cc1,7.410050398674292,CHEMBL1779698,284,2011.0
COc1cc2c(cc1OC)C1CC(N)C(c3ccccc3)CN1CC2,6.641727853118275,CHEMBL234046_CHEMBL391037_CHEMBL428894,284,
COc1cc2c(cc1OC)C1CC(N)C(c3ccccn3)CN1CC2,5.911260608728838,CHEMBL234047_CHEMBL392083,284,
COc1cc2c(cc1OC)CN(C(=O)CCNCC(=O)N1CCCC1C#N)CC2,6.186419011431808,CHEMBL424854,284,2006.0
CCc1nc2ccc(-c3ccccc3Cl)c(CN)c2n1C,7.013228265733755,CHEMBL263139,284,2008.0
CCc1cnc(N2CCCC(N)C2)n(Cc2ccccc2C#N)c1=O,7.769551078621726,CHEMBL1650410,284,2011.0
COc1cc2nc(N3CCCC(N)C3)n(Cc3ccccc3C#N)c(=O)c2cc1OC,7.721246399047171,CHEMBL227089,284,2007.0
CC(=O)NCC1CC2CCCCC2N1C(=O)CC(N)Cc1cc(F)c(F)cc1F,6.537602002101044,CHEMBL3357775,284,2014.0
CC(=O)Nc1ccc(OP(=O)(Oc2ccc(NC(C)=O)cc2)C2CCCN2C(=O)C(N)CCCCN)cc1,5.096910013008056,CHEMBL236781,284,2007.0
CC(C)(CC(=O)NCCc1ccc(Cl)c(Cl)c1)NCC(=O)N1CCCC1C#N,6.742321425130816,CHEMBL218393,284,2007.0
CC(=O)Nc1ccc(OP(=O)(Oc2ccc(NC(C)=O)cc2)C2CCCN2C(=O)C2CCCN2)cc1,5.251811972993799,CHEMBL439382,284,2007.0
CC(=O)Nc1ccc2c(c1)nc1n2CC(N)C(c2cc(F)c(F)cc2F)C1,8.065501548756432,CHEMBL556494,284,2009.0
CC(=O)Nc1cccc(-c2cc(N3CC(N)C(c4cc(F)c(F)cc4F)C3)ncn2)c1,7.853871964321762,CHEMBL236719,284,2007.0
CC(=O)OCC1CC2CCCCC2N1C(=O)CC(N)Cc1cc(F)c(F)cc1F,7.154901959985743,CHEMBL3357769,284,2014.0
CC(=O)c1ccc(-c2cc(N3CC(N)C(c4cc(F)c(F)cc4F)C3)ncn2)cc1,6.795880017344075,CHEMBL391837,284,2007.0
CC(=O)c1ccc(N2CCN(C(=O)CC(N)Cc3cc(F)c(F)cc3F)CC2)cc1,7.001304841688344,CHEMBL2069832,284,2012.0
CC(=O)c1cccc(-c2cc(N3CC(N)C(c4cc(F)c(F)cc4F)C3)ncn2)c1,7.721246399047171,CHEMBL393612,284,2007.0
CC(=O)c1ccccc1-c1cc(N2CC(N)C(c3cc(F)c(F)cc3F)C2)ncn1,6.638272163982407,CHEMBL236707,284,2007.0
O=C(NN=Cc1cccc2ccccc12)c1[nH]nc2c1CCCC2,5.46344155742847,CHEMBL1976036,284,2018.0
CC(=O)Nc1ccc(S(=O)(=O)N2CCN(C(=O)CCNCC(=O)N3CCCC3C#N)CC2)cc1,5.848323769152952,CHEMBL201753,284,2006.0
NCc1c(-c2ccccc2Cl)ccc2ncn(CCO)c12,7.017728766960431,CHEMBL401542,284,2008.0
O=C(C1CC(N2CCN(c3noc4ccccc34)CC2)CN1)N1CCC(F)(F)C1,8.060480747381382,CHEMBL475246,284,2009.0
NCc1c(-c2ccc(Cl)cc2Cl)ccc2nc[nH]c12,6.200659450546418,CHEMBL404544,284,2008.0
Cn1cnc2ccc(-c3cc(F)ccc3Cl)c(CN)c21,6.494850021680094,CHEMBL272771,284,2008.0
Cn1cnc2ccc(-c3ccc(Cl)cc3Cl)c(CN)c21,7.207608310501746,CHEMBL255552,284,2008.0
Cn1cnc2ccc(-c3ccc(F)cc3F)c(CN)c21,6.102372908709558,CHEMBL406201,284,2008.0
NC(CC(=O)N1CCSC1C(=O)NCc1cccc(OCC(=O)O)c1)Cc1cc(F)c(F)cc1F,6.991399828238082,CHEMBL1683490,284,2011.0
NC(CC(=O)N1CCSC1C(=O)NCc1ccc2c(c1)OCC(C(=O)O)O2)Cc1cc(F)c(F)cc1F,6.71669877129645,CHEMBL1683492,284,2011.0
Cn1cnc2ccc(-c3ccccc3)c(CN)c21,6.0,CHEMBL255769,284,2008.0
Cn1cnc2ccc(-c3ccccc3C(N)=O)c(CN)c21,5.3979400086720375,CHEMBL256826,284,2008.0
Cn1cnc2ccc(-c3ccccc3CO)c(CN)c21,6.3979400086720375,CHEMBL256252,284,2008.0
Cn1cnc2ccc(-c3ccccc3Cl)c(CN)c21,7.200659450546418,CHEMBL270365,284,2008.0
Cn1cnc2ccc(-c3ccccc3O)c(CN)c21,5.795880017344075,CHEMBL256624,284,2008.0
Cn1cnc2nc(N3CCCC(N)C3)n(Cc3cc(F)ccc3C#N)c(=O)c21,7.815308569182401,CHEMBL4174924,284,2017.0
Cn1cncc1-c1cccc(C2(NC(=O)CC(N)Cc3ccccc3F)CCS(=O)(=O)CC2)c1,7.075720713938118,CHEMBL2206471,284,2012.0
Cn1nc(-c2ccc(F)cc2)c2c1CCN(C(=O)CC(N)Cc1cc(F)ccc1F)C2,6.107905397309519,CHEMBL193802,284,2005.0
NC(CC(=O)N1CCSC1C(=O)NCc1ccc2c(c1)OC(C(=O)O)O2)Cc1cc(F)c(F)cc1F,7.1938200260161125,CHEMBL1683494,284,2011.0
NC(CC(=O)N1CCSC1C(=O)NCc1ccc(OCC(=O)O)cc1)Cc1cc(F)c(F)cc1F,7.292429823902063,CHEMBL1683488,284,2011.0
NC(CC(=O)N1CCSC1C(=O)NCc1ccc(O)cc1)Cc1cc(F)c(F)cc1F,6.484126156288321,CHEMBL1683485,284,2011.0
NC(CC(=O)N1CCSC1C(=O)NCc1ccc(C(=O)O)cc1)Cc1cc(F)c(F)cc1F,6.6401645176601125,CHEMBL1683486,284,2011.0
NC(CC(=O)N1CCN(c2ccc(F)cc2F)CC1)Cc1cc(F)c(F)cc1F,6.536107011014092,CHEMBL2069830,284,2012.0
NC(CC(=O)N1CCN(c2ccccc2-c2ccccc2)CC1)Cc1cc(F)c(F)cc1F,6.244887733604928,CHEMBL2069833,284,2012.0
Cn1nc(C(F)(F)C(F)(F)F)c2c1CCN(C(=O)CC(N)Cc1cc(F)ccc1F)C2,6.657577319177793,CHEMBL369894,284,2005.0
NC(CC(=O)N1CCN(c2ccccn2)C(=O)C1)Cc1cc(F)c(F)cc1F,6.507239610973162,CHEMBL1779689,284,2011.0
NC(CC(=O)N1CCN2C(=O)N(Cc3ccc(F)cc3)CC2C1)Cc1cc(F)c(F)cc1F,5.907981529247203,CHEMBL1276682,284,2010.0
NC(CC(=O)N1CCN2C(=O)N(Cc3ccccc3)CC2C1)Cc1cc(F)c(F)cc1F,6.522878745280337,CHEMBL1276650,284,2010.0
Cn1cnc2cc(C(N)=O)c(-c3ccccc3Cl)c(CN)c21,7.494850021680094,CHEMBL273209,284,2008.0
NC(CC(=O)N1CCN2C(=O)NCC2C1)Cc1cc(F)c(F)cc1F,5.97469413473523,CHEMBL1276591,284,2010.0
NC(CC(=O)N1CCNC(=O)C1CN1CCOCC1)Cc1cc(F)c(F)cc1F,8.2839966563652,CHEMBL1779713,284,2011.0
NC(CC(=O)N1CCNC(=O)C1CO)Cc1cc(F)c(F)cc1F,7.920818753952375,CHEMBL1779705,284,2011.0
NC(CC(=O)N1CCNC(=O)C1COC1CCCC1)Cc1cc(F)c(F)cc1F,8.769551078621726,CHEMBL1779708,284,2011.0
NC(CC(=O)N1CCSC1C(=O)N1CCNCC1)Cc1cc(F)c(F)cc1F,6.167491087293763,CHEMBL1683482,284,2011.0
NC(CC(=O)N1CCSC1C(=O)N1CCOCC1)Cc1cc(F)c(F)cc1F,6.09312646527793,CHEMBL1683481,284,2011.0
NC(CC(=O)N1CCSC1C(=O)NCC(=O)O)Cc1cc(F)c(F)cc1F,6.673664139071248,CHEMBL1683478,284,2011.0
NC(CC(=O)N1CCN2C(=O)OCC2C1)Cc1cc(F)c(F)cc1F,5.638272163982407,CHEMBL1276590,284,2010.0
NC(CC(=O)N1CCN(Cn2nnc3ccccc32)C(=O)C1)Cc1cc(F)c(F)cc1F,7.369572124974976,CHEMBL1779691,284,2011.0
Cn1cnc2cc(C#N)c(-c3ccccc3Cl)c(CN)c21,8.096910013008056,CHEMBL272114,284,2008.0
Cn1cnc2c(C#N)c(N3CCNCC3)n(Cc3ccccc3)c2c1=O,5.6777807052660805,CHEMBL1951417,284,2012.0
NC(CC(=O)N1CCn2c(CO)nnc2C1)Cc1cc(F)ccc1F,7.161150909262744,CHEMBL233684,284,2007.0
NC(CC(=O)N1CCc2sc(-c3ccc(F)cc3)nc2C1)Cc1cc(F)ccc1F,7.585026652029182,CHEMBL195030,284,2005.0
NC(CC(=O)N1CCc2sc(-c3ccc(C(F)(F)F)cc3)nc2C1)Cc1cc(F)ccc1F,7.886056647693163,CHEMBL381665,284,2005.0
NC(CC(=O)N1CCc2oc(C3CC3)nc2C1)Cc1cc(F)ccc1F,6.7447274948966935,CHEMBL197082,284,2005.0
NC(CC(=O)N1CCc2noc(C(F)(F)F)c2C1)Cc1cc(F)ccc1F,6.886056647693163,CHEMBL363606,284,2005.0
NC(CC(=O)N1CCc2nn(CC(F)(F)F)c(C(F)(F)F)c2C1)Cc1cc(F)ccc1F,6.823908740944319,CHEMBL194979,284,2005.0
NC(CC(=O)N1CCc2nc(C3CC3)oc2C1)Cc1cc(F)ccc1F,6.537602002101044,CHEMBL425380,284,2005.0
NC(CC(=O)N1CCc2nc(C(F)(F)F)sc2C1)Cc1cc(F)ccc1F,6.508638306165727,CHEMBL426649,284,2005.0
NC(CC(=O)N1CCc2nc(-c3ccc(F)cc3)sc2C1)Cc1cc(F)ccc1F,6.443697499232712,CHEMBL195547,284,2005.0
NC(CC(=O)N1CCc2nc(-c3ccc(C(F)(F)F)cc3)sc2C1)Cc1cc(F)ccc1F,6.585026652029182,CHEMBL197352,284,2005.0
NC(CC(=O)N1CCc2n[nH]c(C(F)(F)F)c2C1)Cc1cc(F)ccc1F,6.958607314841775,CHEMBL197413,284,2005.0
NC(CC(=O)N1CCc2n[nH]c(C(F)(F)C(F)(F)F)c2C1)Cc1cc(F)ccc1F,6.795880017344075,CHEMBL370269,284,2005.0
NC(CC(=O)N1CCc2n[nH]c(-c3ccc(F)cc3)c2C1)Cc1cc(F)ccc1F,6.568636235841012,CHEMBL373268,284,2005.0
NC(CC(=O)N1CCc2c(noc2C(F)(F)F)C1)Cc1cc(F)ccc1F,7.070581074285707,CHEMBL195984,284,2005.0
NC(CC(=O)N1CCc2c(n[nH]c2C(F)(F)F)C1)Cc1cc(F)ccc1F,7.4089353929735005,CHEMBL197300,284,2007.0
NC(CC(=O)N1CCc2c(c(C(F)(F)F)nn2CC(F)(F)F)C1)Cc1cc(F)ccc1F,6.7447274948966935,CHEMBL196010,284,2005.0
NC(CC(=O)N1CCc2c(C3CC3)n[nH]c2C1)Cc1cc(F)ccc1F,6.795880017344075,CHEMBL425905,284,2005.0
Cn1cnc2c(C#N)c(N3CCCC(N)C3)n(Cc3ccccc3)c2c1=O,7.698970004336019,CHEMBL1951421,284,2012.0
Cc1ccc(CCNC(=O)CC(C)(C)NCC(=O)N2CCCC2C#N)cc1,6.598599459218455,CHEMBL217339,284,2007.0
Cc1ccc(Cn2c(N3CCCC(N)C3)cc(=O)n3nccc23)cc1,5.698970004336019,CHEMBL4207996,284,2018.0
Cc1ccc(Cn2c(N3CCNCC3)cc(=O)n3nccc23)cc1,6.3979400086720375,CHEMBL4212894,284,2018.0
NC(CC(=O)N1CCSC1C(=O)NCc1ccccc1)Cc1cc(F)c(F)cc1F,7.113509274827518,CHEMBL1681806,284,2011.0
NC(CC(=O)N1CCSC1C(=O)NCc1ccncc1)Cc1cc(F)c(F)cc1F,6.447331783887806,CHEMBL1683484,284,2011.0
Cn1cnc2cc(Br)c(-c3ccccc3Cl)c(CN)c21,7.301029995663981,CHEMBL257653,284,2008.0
NC(CC(=O)N1CCSC1C(=O)NCc1ccoc1)Cc1cc(F)c(F)cc1F,7.055517327849831,CHEMBL1683483,284,2011.0
Cc1ccc(F)cc1Cn1c(N2CCCC(N)C2)nc2c3ccc(C(=O)O)cc3n(C)c(=O)c21,9.259637310505756,CHEMBL2147056,284,2012.0
NC(CC(=O)N1CCSC1C(=O)O)Cc1cc(F)c(F)cc1F,6.221125527997261,CHEMBL1683476,284,2011.0
Cc1ccc(N2CCN(CCNCC(=O)N3CCCC3C#N)C2=O)cc1,7.53313237964589,CHEMBL1202086,284,2009.0
CC1c2nnc(C(F)(F)F)n2CCN1C(=O)CC(N)Cc1cc(F)ccc1F,8.142667503568731,CHEMBL217051,284,2007.0
CC1c2nc(C(F)(F)F)nn2CCN1C(=O)CC(N)Cc1cc(F)c(F)cc1F,7.602059991327962,CHEMBL250787,284,2007.0
Cc1ccc(NC(=O)CC(C)(C)NCC(=O)N2CCCC2C#N)cc1C,6.7594507517174005,CHEMBL385394,284,2007.0
Cc1ccc(F)cc1CC(N)CC(=O)N1CCCC1C(=O)NCc1ccc(OC(C(=O)O)C(C)C)cc1,7.481486060122112,CHEMBL366047,284,2007.0
NC(CC(=O)N1CCN(Cc2ccccc2[N+](=O)[O-])C(=O)C1)Cc1cc(F)c(F)cc1F,7.863279432843593,CHEMBL1779695,284,2011.0
Cn1nc(C(F)(F)F)c2c1CCN(C(=O)CC(N)Cc1cc(F)ccc1F)C2,6.886056647693163,CHEMBL195721,284,2005.0
NC(CC(=O)N1CCN(Cc2ccccc2Cl)C(=O)C1)Cc1cc(F)c(F)cc1F,7.537602002101044,CHEMBL1779703,284,2011.0
NC(CC(=O)N1CCCc2n[nH]c(C(F)(F)F)c21)Cc1cc(F)ccc1F,6.229147988357855,CHEMBL364461,284,2005.0
NC(CC(=O)N1CCCNC(=O)C1Cc1cnccn1)Cc1cc(F)c(F)cc1F,9.537602002101044,CHEMBL217702,284,2007.0
NC(CC(=O)N1CCCNC(=O)C1Cc1ccccn1)Cc1cc(F)c(F)cc1F,9.309803919971486,CHEMBL216178,284,2007.0
NC(CC(=O)N1CCCNC(=O)C1Cc1ccccc1)Cc1cc(F)c(F)cc1F,9.040958607678906,CHEMBL386380,284,2007.0
NC(CC(=O)N1CCCNC(=O)C1CC(F)(F)F)Cc1cc(F)c(F)cc1F,8.585026652029182,CHEMBL217271,284,2007.0
NC(CC(=O)N1CCCNC(=O)C1)Cc1cc(F)c(F)cc1F,6.853871964321762,CHEMBL216643,284,2007.0
NC(CC(=O)N1CCCN(C(=O)c2ccc(C(=O)O)cc2)CC1)Cc1cc(F)c(F)cc1F,6.651695136951839,CHEMBL1186902,284,2013.0
NC(CC(=O)N1CCCCCN1C(=O)c1ccccc1)Cc1cc(F)c(F)cc1F,7.154901959985743,CHEMBL513425_CHEMBL539611,284,
NC(CC(=O)N1CCCC1CNC(=O)c1ccccc1)Cc1ccccc1F,7.045757490560675,CHEMBL425584,284,2006.0
NC(CC(=O)N1CCCC1C(=O)NCc1ccccc1C(=O)O)Cc1ccccc1,5.920818753952375,CHEMBL183098,284,2007.0
Cn1nccc1-c1ccc(CN2CC(N)C(C(=O)N3CCCC3C#N)C2)cc1,8.481486060122112,CHEMBL248793,284,2007.0
NC(CC(=O)N1CCCC1C(=O)NCc1ccccc1)Cc1ccccc1F,6.268411234813261,CHEMBL186596,284,2004.0
NC(CC(=O)N1CCCC1C(=O)NCc1cccc(C(=O)O)c1)Cc1ccccc1,5.920818753952375,CHEMBL184593,284,2004.0
NC(CC(=O)N1CCCC1C(=O)NCc1ccc(OCC(=O)O)cc1)Cc1ccccc1F,6.928117992693874,CHEMBL186787,284,2004.0
NC(CC(=O)N1CCCC1C(=O)NCc1ccc(C(F)(F)F)cc1)Cc1ccccc1F,6.142064735280571,CHEMBL435882,284,2004.0
NC(CC(=O)N1CCCC1C(=O)NCc1ccc(C(=O)O)cc1)Cc1ccccc1F,7.267606240177031,CHEMBL366049,284,2004.0
NC(CC(=O)N1CCCC1C(=O)NCc1ccc(C(=O)O)cc1)Cc1ccccc1,6.292429823902063,CHEMBL425347,284,2004.0
NC(CC(=O)N1C(CNS(=O)(=O)C(F)(F)F)CC2CCCCC21)Cc1cc(F)c(F)cc1F,6.769551078621726,CHEMBL3357782,284,2014.0
NC(CC(=O)N1C(CO)CC2CCCCC21)Cc1cc(F)c(F)cc1F,6.292429823902063,CHEMBL3357774,284,2014.0
NC(CC(=O)N1C(COC(=O)C2CC2)CC2CCCCC21)Cc1cc(F)c(F)cc1F,7.096910013008056,CHEMBL3357770,284,2014.0
NC(CC(=O)N1C(COC(=O)C2CCC2)CC2CCCCC21)Cc1cc(F)c(F)cc1F,7.154901959985743,CHEMBL3357771,284,2014.0
NC(CC(=O)N1C(COC(=O)C2CCCC2)CC2CCCCC21)Cc1cc(F)c(F)cc1F,6.7447274948966935,CHEMBL3357772,284,2014.0
NC(CC(=O)N1C(COC(=O)c2ccccc2)CC2CCCCC21)Cc1cc(F)c(F)cc1F,6.494850021680094,CHEMBL3357773,284,2014.0
NC(CC(=O)N1CCN(C(=O)c2cc(Cl)ccn2)CC1)Cc1cc(F)c(F)cc1F,7.374687549038326,CHEMBL2069857,284,2012.0
NC(CC(=O)N1CCC2C(CCc3nnc(C(F)(F)C(F)(F)F)n32)C1)Cc1cc(F)c(F)cc1F,6.881152745667972,CHEMBL3425751_CHEMBL3425752,284,
Cn1nnc2ccc(-c3ccccc3Cl)c(CN)c21,7.214670164989233,CHEMBL256266,284,2008.0
NC(CC(=O)N1CCC2C(Cc3nnc(C(F)(F)F)n32)C1)Cc1cc(F)c(F)cc1F,7.026872146400302,CHEMBL3425754,284,2015.0
NC(CC(=O)N1CCCC1C(=O)NCCCCc1c[nH]cn1)Cc1ccccc1F,5.785156151952302,CHEMBL361263,284,2007.0
NC(CC(=O)N1CCCC1C(=O)NCCCCc1nn[nH]n1)Cc1ccccc1F,7.4089353929735005,CHEMBL184346,284,2004.0
NC(CC(=O)N1CCCC1C(=O)NCc1cc(Cl)ccc1OCC(=O)NC1CC1)Cc1ccccc1,5.721246399047171,CHEMBL186649,284,2004.0
NC(CC(=O)N1CCCC1C(=O)NCc1ccc(C(=O)O)cc1)Cc1ccc(F)c(F)c1,7.1249387366083,CHEMBL182223,284,2004.0
NC(CC(=O)N1CCC2C(CCc3nnc(C(F)(F)F)n32)C1)Cc1ccccc1,5.855351043293159,CHEMBL3425745_CHEMBL3425746,284,
NC(CC(=O)N1CCN(C(=O)c2cc(O)c3cccc(O)c3n2)CC1)Cc1cc(F)c(F)cc1F,7.505845405981557,CHEMBL2069853,284,2012.0
NC(CC(=O)N1CCN(C(=O)c2cc3ccccc3o2)CC1)Cc1cc(F)c(F)cc1F,7.1180450286604,CHEMBL2069856,284,2012.0
NC(CC(=O)N1CCN(C(=O)c2cc3ccccc3s2)CC1)Cc1cc(F)c(F)cc1F,7.2958494831602,CHEMBL2069854,284,2012.0
NC(CC(=O)N1CCN(CCN2CCOCC2)C(=O)C1)Cc1cc(F)c(F)cc1F,6.935542010773082,CHEMBL1779692,284,2011.0
Cn1nc2c(c1C(F)(F)F)CN(C(=O)CC(N)Cc1cc(F)ccc1F)CC2,6.823908740944319,CHEMBL191805,284,2006.0
Cn1nc2c(c1C(F)(F)F)CCN(C(=O)CC(N)Cc1cc(F)ccc1F)C2,6.886056647693163,CHEMBL371521,284,2005.0
Cn1nc2c(c1C(F)(F)C(F)(F)F)CN(C(=O)CC(N)Cc1cc(F)ccc1F)CC2,6.522878745280337,CHEMBL366166,284,2005.0
Cn1nc2c(c1-c1ccc(F)cc1)CN(C(=O)CC(N)Cc1cc(F)ccc1F)CC2,6.823908740944319,CHEMBL197301,284,2005.0
NC(CC(=O)N1CCN(Cc2ccc(-c3ccccc3)cc2)C(=O)C1)Cc1cc(F)c(F)cc1F,7.348721986001855,CHEMBL1779690,284,2011.0
NC(CC(=O)N1CCN(C(c2ccc(F)cc2)c2ccc(F)cc2)CC1)Cc1cc(F)c(F)cc1F,6.673664139071248,CHEMBL2069837,284,2012.0
NC(CC(=O)N1CCN(Cc2ccc(F)cc2)C(=O)C1)Cc1cc(F)c(F)cc1F,7.471083299722345,CHEMBL1779700,284,2011.0
NC(CC(=O)N1CCN(Cc2ccc(I)cc2)C(=O)C1)Cc1cc(F)c(F)cc1F,7.511449283499555,CHEMBL1779701,284,2011.0
Cn1nc(C(F)(F)F)c2c1CN(C(=O)CC(N)Cc1cc(F)ccc1F)CC2,7.142667503568731,CHEMBL196938,284,2005.0
NC(CC(=O)N1CCN(Cc2ccc([N+](=O)[O-])cc2)C(=O)C1)Cc1cc(F)c(F)cc1F,7.414539270491499,CHEMBL1779694,284,2011.0
NC(CC(=O)N1CCN(Cc2cccc(Cl)c2)C(=O)C1)Cc1cc(F)c(F)cc1F,7.573488738635425,CHEMBL1779702,284,2011.0
NC(CC(=O)N1CCN(Cc2ccccc2)C(=O)C1)Cc1cc(F)c(F)cc1F,7.266802734893431,CHEMBL1779693,284,2011.0
NC(CC(=O)N1CCN(Cc2ccccc2C(F)(F)F)C(=O)C1)Cc1cc(F)c(F)cc1F,7.294992040666663,CHEMBL1779697,284,2011.0
Cc1ccc(=O)n(C2CCC(CN)(c3cccc(Cl)c3)CC2)n1,7.397940008672037,CHEMBL3112958,284,2014.0
NC(CC(=O)N1CCn2c(nnc2-c2ccc(F)cc2)C1)Cc1cc(F)ccc1F,7.221848749616356,CHEMBL233472,284,2007.0
NC(CC(=O)N1CCN(C(=O)c2ncc(F)cc2F)CC1)Cc1cc(F)c(F)cc1F,7.241088107602026,CHEMBL2069860,284,2012.0
NC(CC(=O)N1CCN(C(=O)c2ccco2)CC1)Cc1cc(F)c(F)cc1F,7.169411331314856,CHEMBL2069847,284,2012.0
NC(CC(=O)N1CCN(C(=O)c2ccc(C(=O)O)cc2)CC1)Cc1cc(F)c(F)cc1F,7.272458742971444,CHEMBL2069844,284,2012.0
NC(CC(=O)N1CCN(C(=O)c2ccc(C(F)(F)F)cc2)CC1)Cc1cc(F)c(F)cc1F,7.248720896016658,CHEMBL2069842,284,2012.0
NC(CC(=O)N1CCN(C(=O)c2ccc(F)cc2)CC1)Cc1cc(F)c(F)cc1F,7.343901797987169,CHEMBL2069839,284,2012.0
NC(CC(=O)N1CCN(C(=O)c2ccc(O)cc2)CC1)Cc1cc(F)c(F)cc1F,7.4089353929735005,CHEMBL2069840,284,2012.0
NC(CC(=O)N1CCN(C(=O)c2ccc(O)nc2)CC1)Cc1cc(F)c(F)cc1F,7.038578905933552,CHEMBL2069852,284,2012.0
NC(CC(=O)N1CCN(C(=O)c2ccc(OC(F)(F)F)cc2)CC1)Cc1cc(F)c(F)cc1F,7.189767482004916,CHEMBL2069841,284,2012.0
NC(CC(=O)N1CCN(C(=O)c2cnccn2)CC1)Cc1cc(F)c(F)cc1F,7.128427064454121,CHEMBL2069851,284,2012.0
NC(CC(=O)N1CCN(C(=O)c2ccc(S(N)(=O)=O)cc2)CC1)Cc1cc(F)c(F)cc1F,7.343901797987169,CHEMBL2069843,284,2012.0
NC(CC(=O)N1CCN(C(=O)c2ccc3cccnc3n2)CC1)Cc1cc(F)c(F)cc1F,7.435333935747911,CHEMBL2069308,284,2012.0
NC(CC(=O)N1CCN(C(=O)c2cccc(-c3ccc(F)cc3)n2)CC1)Cc1cc(F)c(F)cc1F,7.515700160653214,CHEMBL2069858,284,2012.0
NC(CC(=O)N1CCN(C(=O)c2cccc(C(=O)O)c2)CC1)Cc1cc(F)c(F)cc1F,7.244887733604929,CHEMBL2069845,284,2012.0
NC(CC(=O)N1CCN(C(=O)c2cccc(F)n2)CC1)Cc1cc(F)c(F)cc1F,6.943476275920899,CHEMBL2069859,284,2012.0
NC(CC(=O)N1CCN(C(=O)c2ccccc2)CC1)Cc1cc(F)c(F)cc1F,7.279014255846261,CHEMBL2069838,284,2012.0
NC(CC(=O)N1CCN(C(=O)c2ccccn2)CC1)Cc1cc(F)c(F)cc1F,7.239577516576788,CHEMBL2069850,284,2012.0
NC(CC(=O)N1CCN(C(=O)c2ccc3ccccc3n2)CC1)Cc1cc(F)c(F)cc1F,7.603800652904264,CHEMBL2069848,284,2012.0
NC(CC(=O)N1CCn2c(nnc2-c2ccc(F)cc2F)C1)Cc1cc(F)ccc1F,7.522878745280337,CHEMBL389599,284,2007.0
NC(CC(=O)N1CCn2c(nnc2-c2ccncc2)C1)Cc1cc(F)ccc1F,7.187086643357144,CHEMBL233474,284,2007.0
NC(CC(=O)N1CCn2c(nnc2C(F)(F)F)C1)Cc1c(F)c(F)c(F)c(F)c1F,5.99225222199926,CHEMBL397743,284,2007.0
Cn1c(=O)n(Cc2ccccc2C#N)c2c(N3CCCNCC3)ccnc21,5.2839966563652006,CHEMBL3329691,284,2014.0
Cn1c(=O)n(Cc2ccccc2Cl)c2c(N3CCCC(N)C3)ccnc21,6.958607314841775,CHEMBL3329636,284,2014.0
Cn1c(=O)n(Cc2ccccc2F)c2c(N3CCCC(N)C3)ccnc21,5.6020599913279625,CHEMBL3329637,284,2014.0
Cn1c(=O)n(Cc2nccc3ccccc23)c(=O)c2c1c(C#N)c(N1CCCC(N)C1)n2Cc1ccccc1,8.397940008672037,CHEMBL1951596,284,2012.0
Cn1c(C(=O)N2CCN(C(=O)CC(N)Cc3cc(F)c(F)cc3F)CC2)cc2ccccc21,7.469800301796917,CHEMBL2069855,284,2012.0
Cn1c(C(N)=O)nc2c1CN(C1CC(N)C(c3cc(F)ccc3F)OC1C(F)(F)F)C2,8.148741651280925,CHEMBL4644314,284,2020.0
Cc1ccc(S(=O)(=O)NCC2CC3CCCCC3N2C(=O)CC(N)Cc2cc(F)c(F)cc2F)cc1,6.853871964321762,CHEMBL3357780,284,2014.0
CS(=O)(=O)c1ccc2nc3n(c2c1)CC(N)C(c1cc(F)c(F)cc1F)C3,7.251811972993799,CHEMBL549645,284,2009.0
CS(=O)(=O)c1cccc(-c2c[nH]c3c(=O)n(Cc4cc(F)ccc4C#N)c(N4CCCC(N)C4)nc23)c1,9.214670164989233,CHEMBL4169845,284,2017.0
NC(Cc1cn(-c2ccncc2)nn1)Cc1cc(F)c(F)cc1F,6.369572124974976,CHEMBL4763110,284,2021.0
NC(Cc1cn(-c2cccnc2)nn1)Cc1cc(F)c(F)cc1F,6.515700160653214,CHEMBL4790799,284,2021.0
NC(Cc1cn(-c2cccc3ncccc23)nn1)Cc1cc(F)c(F)cc1F,6.576754126063192,CHEMBL4745231,284,2021.0
NC(Cc1cn(-c2ccc3ncccc3c2)nn1)Cc1cc(F)c(F)cc1F,6.107905397309519,CHEMBL4798357,284,2021.0
NC(Cc1cc(F)c(F)cc1F)c1ccncc1,5.705533773838408,CHEMBL496691,284,2009.0
NC(Cc1cc(F)c(F)cc1F)C1CCNCC1,6.565431095965801,CHEMBL451619,284,2009.0
NC(Cc1cc(F)c(F)cc1F)C1CCN(C(=O)c2cnc3ncccn23)CC1,7.568636235841012,CHEMBL485125,284,2009.0
NC(Cc1cc(F)c(F)cc1F)C1CCN(C(=O)c2ccc(F)cc2F)CC1,7.455931955649724,CHEMBL497735,284,2009.0
NC(CCn1ccnn1)Cc1cc(F)c(F)cc1F,6.5951662833800615,CHEMBL4792546,284,2021.0
Cn1cc(-c2ccccc2)nc1C1(NC(=O)CC(N)Cc2cc(F)c(F)cc2F)CCS(=O)(=O)CC1,6.795880017344075,CHEMBL2206486,284,2012.0
CS(=O)(=O)n1ccc2nc(N3CCCC(N)C3)n(Cc3cc(F)ccc3C#N)c(=O)c21,7.744727494896693,CHEMBL4162532,284,2017.0
CS(=O)(=O)n1cc2c(n1)CN(C1COC(c3cc(F)ccc3F)C(N)C1F)C2,7.655607726314889,CHEMBL4640418,284,2020.0
CS(=O)(=O)n1cc2c(n1)CN(C1COC(c3cc(F)ccc3F)C(N)C1)C2,8.652259161754902,CHEMBL2105762,284,2014.0
Cc1ccc(O)c(C)c1C1CNC(C(=O)N2CCCC2C#N)C1,8.309803919971486,CHEMBL413797,284,2007.0
Cn1c(=O)n(Cc2ccccc2C#N)c2c(N3CCCCC(N)C3)ccnc21,6.275724130399211,CHEMBL3329688,284,2014.0
CS(=O)(=O)n1cc2c(n1)CN(C1CC(N)C(c3cc(F)ccc3F)OC1C(F)(F)F)C2,8.3767507096021,CHEMBL4633377_CHEMBL4635648_CHEMBL4643841_CHEMBL4646510,284,
CS(=O)(=O)n1cc2c(n1)CN(C1CC(N)C(c3cc(F)c(F)cc3F)OC1C(F)(F)F)C2,8.4089353929735,CHEMBL4641763,284,2020.0
Cn1cc(-c2ccc(CC(N)C(=O)N3CCCC3C#N)cc2)nn1,6.576754126063192,CHEMBL2418635,284,2013.0
CS(=O)(=O)c1ccccc1-c1c[nH]c2c(=O)n(Cc3cc(F)ccc3C#N)c(N3CCCC(N)C3)nc12,8.801342913045577,CHEMBL4161924,284,2017.0
NC(Cc1cc(F)c(F)cc1F)C1CCCCC1,5.446116973356125,CHEMBL450211,284,2009.0
NC(Cc1cc(F)c(F)cc1F)C1CCN(C(=O)c2cc3ccccc3cn2)CC1,7.585026652029182,CHEMBL498749,284,2009.0
N#Cc1cc(CN2CC(N)C(C(=O)N3CCCC3)C2)ccc1F,7.107905397309519,CHEMBL250399,284,2007.0
Cn1cc(-c2ccc(CN3CC(N)C(C(=O)N4CCCC4C#N)C3)cc2)cn1,8.0,CHEMBL249406,284,2007.0
Cn1c(=O)n(Cc2ccccc2C#N)c2c(N3CCCC(N)C3)ncnc21,8.0,CHEMBL3329632,284,2014.0
Cn1c(=O)n(Cc2ccccc2C#N)c2c(N3CCCC(N)C3)ccnc21,7.886056647693163,CHEMBL3329627_CHEMBL3329694,284,
Cn1c(=O)n(Cc2ccccc2C#N)c2c(N3CCCC(N)C3)cccc21,7.346787486224656,CHEMBL3329633,284,2014.0
Cn1c(=O)c2c(nc(N3CCCC(N)C3)n2Cc2ccccc2Cl)c2cccc(C(=O)O)c21,7.142667503568731,CHEMBL2147189,284,2012.0
Cn1c(=O)c2c(nc(N3CCCC(N)C3)n2Cc2ccccc2Cl)c2ccc(F)cc21,7.180456064458131,CHEMBL2147190,284,2012.0
Cn1c(=O)c2c(nc(N3CCCC(N)C3)n2Cc2ccccc2Cl)c2ccc(CO)cc21,7.657577319177793,CHEMBL2147183,284,2012.0
Cn1c(=O)c2c(nc(N3CCCC(N)C3)n2Cc2ccccc2Cl)c2ccc(CC(=O)O)cc21,8.42021640338319,CHEMBL2147074,284,2012.0
Cn1c(=O)c2c(nc(N3CCCC(N)C3)n2Cc2ccccc2Cl)c2ccc(C(N)=O)cc21,7.920818753952375,CHEMBL2147196,284,2012.0
Cn1c(=O)c2c(nc(N3CCCC(N)C3)n2Cc2ccccc2Cl)c2ccc(C(=O)O)cc21,8.795880017344075,CHEMBL2147073,284,2012.0
Cn1c(=O)c2c(nc(N3CCCC(N)C3)n2Cc2ccccc2Cl)c2ccccc21,6.987162775294828,CHEMBL2147087,284,2012.0
Cn1c(=O)c2c(nc(N3CCCC(N)C3)n2Cc2ccccc2Cl)c2ccc(C#N)cc21,8.200659450546418,CHEMBL2147072,284,2012.0
Cn1c(=O)c2c(nc(N3CCCC(N)C3)n2Cc2ccccc2Cl)c2cc(OC(F)F)ccc21,7.221848749616356,CHEMBL2147078,284,2012.0
Cn1c(=O)c2c(nc(N3CCCC(N)C3)n2Cc2ccccc2Cl)c2cc(F)ccc21,7.251811972993799,CHEMBL2147077,284,2012.0
Cn1c(=O)c2c(nc(N3CCCC(N)C3)n2Cc2ccccc2Cl)c2cc(CC(=O)O)ccc21,8.455931955649724,CHEMBL2147083,284,2012.0
CS(=O)(=O)c1ccc2c(c1)nc1n2CC(N)C(c2cc(F)c(F)cc2F)C1,7.904036244681991,CHEMBL1197118_CHEMBL559940,284,
NC1CC(N2CCC(F)(F)C2)C(C(F)(F)F)OC1c1cc(F)ccc1F,7.310691140876379,CHEMBL4635433,284,2020.0
NC1CC(N2CCn3c(nnc3C(F)(F)F)C2)CCC1c1cc(F)c(F)cc1F,7.67778070526608,CHEMBL233360,284,2007.0
Cn1c(=O)c2c(nc(N3CCCC(N)C3)n2Cc2ccccc2Cl)c2ccc(-c3ccccc3)cc21,7.142667503568731,CHEMBL2147191,284,2012.0
NC(CCn1cc(-c2ccncc2)nn1)Cc1cc(F)c(F)cc1F,7.853871964321762,CHEMBL4250492,284,2018.0
Cn1c(=O)c2c(nc(N3CCCC(N)C3)n2Cc2ccccc2F)c2cc(C(=O)O)ccc21,6.795880017344075,CHEMBL2147060,284,2012.0
Cn1c(=O)cc(N2CCCC(N)C2)n(Cc2c(F)ccc(F)c2Cl)c1=O,6.080921907623926,CHEMBL1650445,284,2011.0
Cn1c(=O)n(Cc2ccccc2C#N)c2c(N3CCCC(N)C3)c3ccccc3nc21,5.958607314841775,CHEMBL3329631,284,2014.0
Cn1c(=O)n(Cc2ccccc2C#N)c2c(N3CCC(N)C3)ccnc21,7.657577319177793,CHEMBL3329641,284,2014.0
Cn1c(=O)n(Cc2cccc(C(=O)O)c2)c(=O)c2c1nc(N1CCCC(N)C1)n2Cc1ccccc1Cl,6.638272163982407,CHEMBL3402120,284,2015.0
Cn1c(=O)n(Cc2ccc(F)c(C(=O)O)c2)c(=O)c2c1nc(N1CCCC(N)C1)n2Cc1ccccc1Cl,6.1938200260161125,CHEMBL3402125,284,2015.0
Cn1c(=O)n(Cc2cc(C(=O)O)cc(C(=O)O)c2)c(=O)c2c1nc(N1CCCC(N)C1)n2Cc1ccccc1Cl,6.301029995663981,CHEMBL3402118,284,2015.0
Cn1c(=O)cc(NC2CCCCNC2)n(Cc2ccccc2C#N)c1=O,6.229147988357855,CHEMBL1650447,284,2011.0
Cn1c(=O)cc(N2CCCC(C)(N)C2)n(Cc2cc(F)ccc2C#N)c1=O,8.0,CHEMBL1650449,284,2011.0
Cn1c(=O)cc(N2CCCCC(N)C2)n(Cc2ccccc2C#N)c1=O,5.42021640338319,CHEMBL1650448,284,2011.0
Cn1c(=O)cc(N2CCCC(N)C2)n(Cc2ccccc2Br)c1=O,7.920818753952375,CHEMBL1650439,284,2011.0
Cn1c(=O)cc(N2CCCC(N)C2)n(Cc2ccc(F)cc2Cl)c1=O,6.050609993355087,CHEMBL1650442,284,2011.0
Cn1c(=O)cc(N2CCCC(N)C2)n(Cc2cc(F)ccc2Cl)c1=O,7.853871964321762,CHEMBL1650441,284,2011.0
Cn1c(=O)cc(N2CCCC(N)C2)n(Cc2cc(F)ccc2C#N)c1=O,8.70955353963338,CHEMBL1650443,284,2011.0
Cn1c(=O)cc(N2CCCC(N)C2)n(Cc2cc(F)ccc2Br)c1=O,8.096910013008056,CHEMBL1650440,284,2011.0
Cn1c(=O)cc(N2CCCC(N)C2)n(Cc2cc(Cl)ccc2Cl)c1=O,7.568636235841012,CHEMBL1650444,284,2011.0
Cn1c(=O)cc(N2CCCC(N)C2)n(Cc2ccccc2C#N)c1=O,8.37355246987132,CHEMBL376359,284,2009.0
NC(CC(=O)N1C(CNC(=O)c2ccccc2)CC2CCCCC21)Cc1cc(F)c(F)cc1F,6.214670164989233,CHEMBL3357779,284,2014.0
NC(CCn1cc(-c2cccnc2)nn1)Cc1cc(F)c(F)cc1F,7.552841968657781,CHEMBL4790735,284,2021.0
NC(CC(=O)NC1(c2nnc(-c3ccccc3)o2)CCS(=O)(=O)CC1)Cc1cc(F)c(F)cc1F,7.026872146400302,CHEMBL2206483,284,2012.0
NC(CC(=O)N1CCn2nnc(-c3cccs3)c2C1)Cc1cc(F)c(F)cc1F,7.642827742276967,CHEMBL1683998,284,2011.0
NC(CC(=O)N1CCn2nnc(-c3ccco3)c2C1)Cc1cc(F)c(F)cc1F,7.801342913045577,CHEMBL1683996,284,2011.0
NC(CC(=O)N1CCn2nnc(-c3ccccn3)c2C1)Cc1cc(F)c(F)cc1F,7.478208350360877,CHEMBL1683995,284,2011.0
NC(CC(=O)N1CCn2nnc(-c3ccccc3)c2C1)Cc1cc(F)c(F)cc1F,7.425505731714672,CHEMBL1683983,284,2011.0
NC(CC(=O)N1CCn2nnc(-c3ccc(F)cc3)c2C1)Cc1cc(F)c(F)cc1F,7.3448615651886175,CHEMBL1683984,284,2011.0
NC(CC(=O)N1CCn2nnc(-c3ccc(Cl)cc3)c2C1)Cc1cc(F)c(F)cc1F,7.328919767261151,CHEMBL1683985,284,2011.0
NC(CC(=O)N1CCn2nnc(-c3ccc(C(F)(F)F)cc3)c2C1)Cc1cc(F)c(F)cc1F,7.122916743349349,CHEMBL1683986,284,2011.0
NC(CC(=O)N1CCn2nnc(-c3ccc(C(=O)O)cc3)c2C1)Cc1cc(F)c(F)cc1F,7.47134035476501,CHEMBL1683992,284,2011.0
NC(CC(=O)N1CCn2c(nnc2C2CC2)C1)Cc1cc(F)c(F)cc1F,7.522878745280337,CHEMBL390239,284,2007.0
NC(CC(=O)N1CCn2c(nnc2C(F)F)C1)Cc1cc(F)c(F)cc1F,7.537602002101044,CHEMBL390240,284,2007.0
NC(CC(=O)N1CCn2c(nnc2C(F)(F)F)C1)Cc1ccccc1F,7.008773924307505,CHEMBL388475,284,2007.0
NC(CC(=O)N1CCn2c(nnc2C(F)(F)F)C1)Cc1ccccc1Cl,6.838631997765026,CHEMBL388431,284,2007.0
NC(CC(=O)N1CCn2c(nnc2C(F)(F)F)C1)Cc1ccccc1C(F)(F)F,6.313363730737707,CHEMBL397744,284,2007.0
NC(CC(=O)N1CCn2c(nnc2C(F)(F)F)C1)Cc1cccc(F)c1,6.8696662315049934,CHEMBL232262,284,2007.0
NC(CC(=O)N1CCn2c(nnc2C(F)(F)F)C1)Cc1cccc(Cl)c1,7.229147988357855,CHEMBL243230,284,2007.0
NC(CC(=O)N1CCn2c(nnc2C(F)(F)F)C1)Cc1cccc(C(F)(F)F)c1,6.436518914605589,CHEMBL243227,284,2007.0
NC(CC(=O)N1CCn2c(nnc2C(F)(F)F)C1)Cc1ccc(F)cc1F,7.086186147616283,CHEMBL389151,284,2007.0
NC(CC(=O)N1CCn2c(nnc2C(F)(F)F)C1)Cc1c(F)cc(F)cc1F,7.060480747381382,CHEMBL394834,284,2007.0
NC(CC(=O)N1CCn2c(nnc2C(F)(F)F)C1)Cc1c(F)ccc(F)c1F,6.821023052706831,CHEMBL394833,284,2007.0
NC(CC(=O)N1CCn2c(nnc2C(F)(F)F)C1)Cc1cc(Cl)ccc1Cl,6.7447274948966935,CHEMBL232648,284,2007.0
NC(CC(=O)N1CCn2c(nnc2C(F)(F)F)C1)Cc1cc(Cl)ccc1F,7.67778070526608,CHEMBL427261,284,2007.0
NC(CC(=O)N1CCn2c(nnc2C(F)(F)F)C1)Cc1cc(F)c(Cl)cc1F,7.119186407719209,CHEMBL232845,284,2007.0
NC(CC(=O)N1CCn2c(nnc2C(F)(F)F)C1)Cc1cc(F)c(F)cc1Cl,7.075720713938118,CHEMBL233058,284,2007.0
NC(CC(=O)N1CCn2nnc(-c3ccncc3)c2C1)Cc1cc(F)c(F)cc1F,7.543633966870956,CHEMBL1683994,284,2011.0
NC(CC(=O)N1CCn2c(nnc2C(F)(F)F)C1)Cc1cc(F)cc(F)c1F,6.094204119632131,CHEMBL243872,284,2007.0
NC(CC(=O)N1CCn2c(nnc2C(F)(F)F)C1)Cc1ccc(C(F)(F)F)cc1,6.291579099865287,CHEMBL245181,284,2007.0
NC(CC(=O)N1CCn2c(nnc2C(F)(F)F)C1)Cc1ccc(Cl)c(Cl)c1,5.801342913045577,CHEMBL388433,284,2007.0
NC(CC(=O)N1CCn2c(nnc2C(F)(F)F)C1)Cc1ccc(Cl)cc1,6.578396073130168,CHEMBL243231,284,2007.0
NC(CC(=O)N1CCn2c(nnc2C(F)(F)F)C1)Cc1ccc(Cl)cc1Cl,7.638272163982407,CHEMBL235120,284,2004.0
NC(CC(=O)N1CCn2c(nnc2C(F)(F)F)C1)Cc1ccc(F)c(F)c1,6.892790030352131,CHEMBL242813,284,2007.0
NC(CC(=O)N1CCn2c(nnc2C(F)(F)F)C1)Cc1ccc(F)cc1,6.565431095965801,CHEMBL242811,284,2007.0
NC(CC(=O)N1CCn2c(nnc2C(F)(F)F)C1)Cc1cc(F)ccc1F,7.568636235841012,CHEMBL216186,284,2007.0
NC(CC(=O)N1CCn2nnc(-c3ccoc3)c2C1)Cc1cc(F)c(F)cc1F,7.582196277360119,CHEMBL1683997,284,2011.0
NC(CC(=O)N1CCn2nnc(-c3ccsc3)c2C1)Cc1cc(F)c(F)cc1F,7.325414397697086,CHEMBL1683999,284,2011.0
NC(CC(=O)N1CCn2nnc(-c3cnco3)c2C1)Cc1cc(F)c(F)cc1F,7.748848656824645,CHEMBL1684000,284,2011.0
NC(CC(=O)NC1(c2cccc(-c3cncs3)c2)CCS(=O)(=O)CC1)Cc1cc(F)c(F)cc1F,8.10790539730952,CHEMBL2206469,284,2012.0
NC(CC(=O)NC1(c2cccc(-c3cncs3)c2)CCS(=O)(=O)CC1)Cc1ccccc1F,7.387216143280264,CHEMBL2206468,284,2012.0
NC(CC(=O)NC1(c2cccc(-c3nccs3)c2)CCS(=O)(=O)CC1)Cc1ccccc1F,6.4089353929735005,CHEMBL2206467,284,2012.0
NC(CC(=O)NC1(c2cccc(-n3ccnc3)c2)CCS(=O)(=O)CC1)Cc1cc(F)c(F)cc1F,7.920818753952375,CHEMBL2203319,284,2012.0
NC(CC(=O)NC1(c2ccccc2)CCS(=O)(=O)CC1)Cc1cc(F)c(F)cc1F,7.080921907623926,CHEMBL2206488,284,2012.0
NC(CC(=O)NC1(c2ccccc2)CCS(=O)(=O)CC1)Cc1ccccc1F,6.2441251443275085,CHEMBL512145,284,2008.0
NC(CC(=O)NC1(c2cccc(-c3cnc(C4CCCCN4)s3)c2)CCS(=O)(=O)CC1)Cc1ccccc1F,6.6020599913279625,CHEMBL2206473,284,2012.0
NC(CC(=O)NC1(c2nc(-c3ccc(C(F)(F)F)cc3)cs2)CCS(=O)(=O)CC1)Cc1cc(F)c(F)cc1F,6.958607314841775,CHEMBL2206480,284,2012.0
NC(CC(=O)NC1(c2nc(-c3ccc(F)cc3)cs2)CCS(=O)(=O)CC1)Cc1ccccc1F,7.0,CHEMBL2206482,284,2012.0
NC(CC(=O)NC1(c2nc(-c3cccc(C(F)(F)F)c3)cs2)CCS(=O)(=O)CC1)Cc1cc(F)c(F)cc1F,6.721246399047171,CHEMBL2206481,284,2012.0
NC(CC(=O)NC1(c2nc(-c3ccccc3)cs2)CCS(=O)(=O)CC1)Cc1cc(F)c(F)cc1F,7.795880017344075,CHEMBL2206475,284,2012.0
NC(CC(=O)NC1(c2nc(-c3ccccc3)cs2)CCS(=O)(=O)CC1)Cc1ccccc1F,7.221848749616356,CHEMBL2206474,284,2012.0
NC(CC(=O)NC1(c2nccs2)CCS(=O)(=O)CC1)Cc1ccccc1F,6.721246399047171,CHEMBL469538,284,2008.0
NC(CC(=O)NC1(c2nnc(-c3cccc(F)c3)o2)CCS(=O)(=O)CC1)Cc1cc(F)c(F)cc1F,7.259637310505756,CHEMBL2206484,284,2012.0
NC(CC(=O)NC1(c2nc(-c3ccc(Cl)cc3)cs2)CCS(=O)(=O)CC1)Cc1cc(F)c(F)cc1F,5.958607314841775,CHEMBL2206479,284,2012.0
NC(CCn1cc(-c2ccccn2)nn1)Cc1cc(F)c(F)cc1F,6.844663962534938,CHEMBL4750352,284,2021.0
NC(CC(=O)NC1(c2cccc(-c3cn[nH]c3)c2)CCS(=O)(=O)CC1)Cc1ccccc1F,6.481486060122112,CHEMBL2206470,284,2012.0
CC1NC(C(=O)N(CC#N)C2CC2)CC1C(=O)N(C)C,7.251811972993799,CHEMBL261460,284,2008.0
NC(CC(=O)N1CCn2nnc(C(F)(F)F)c2C1)Cc1cc(F)c(F)cc1F,7.295334814545471,CHEMBL1683979,284,2011.0
NC(CC(=O)N1CCn2nnc(C(F)F)c2C1)Cc1cc(F)c(F)cc1F,7.647238808276169,CHEMBL1683978,284,2011.0
NC(CC(=O)N1CCn2nncc2C1)Cc1cc(F)c(F)cc1F,7.048176964684088,CHEMBL1683977,284,2011.0
NC(CC(=O)N1CSCC1C(=O)NCc1ccc(CC(=O)O)cc1)Cc1ccccc1,6.79317412396815,CHEMBL451492,284,2004.0
NC(CC(=O)N1CSCC1C(=O)NCc1ccc(CC(=O)O)cc1)Cc1ccccc1F,7.431798275933005,CHEMBL183060,284,2004.0
NC(CC(=O)NC1(c2cccc(-c3ccncc3)c2)CCS(=O)(=O)CC1)Cc1ccccc1F,6.309803919971486,CHEMBL2206466,284,2012.0
CC1NC(C(=O)N(C)CC#N)CC1C(=O)N(C)C,7.602059991327962,CHEMBL259198,284,2008.0
CC1NC(C(=O)N2CCCC2C#N)CC1CC(=O)N(C)C,8.2518119729938,CHEMBL430057,284,2008.0
CC1NC(C(=O)N2CCCC2C#N)CC1C(=O)N1CCSCC1,8.207608310501746,CHEMBL394165,284,2007.0
CC1NC(C(=O)N2CCCC2C#N)CC1C(=O)N1CCOCC1,7.698970004336019,CHEMBL429258,284,2007.0
Cc1ccc(NS(=O)(=O)c2ccc3c(c2)CCCC3)cc1,8.55284196865778,CHEMBL4641140,284,2020.0
CC1NC(C(=O)N2CCCC2C#N)CC1C(=O)N1CCCCC1,7.886056647693163,CHEMBL232920,284,2007.0
CC1NC(C(=O)N2CCCC2C#N)CC1C(=O)N1CCCC1,8.187086643357144,CHEMBL393957,284,2007.0
CC1NC(C(=O)N2CCCC2C#N)CC1C(=O)N1CCC1,7.886056647693163,CHEMBL232919,284,2007.0
CC1NC(C(=O)N2CCCC2C#N)CC1C(=O)N1Cc2ccccc2C1,8.2518119729938,CHEMBL233127,284,2005.0
NC1CC(N2CCn3c(nnc3C(F)(F)F)C2)COC1c1cc(F)ccc1F,7.431798275933005,CHEMBL2425063,284,2013.0
NC(CC(=O)N1C(CNC(=O)C2CCCC2)CC2CCCCC21)Cc1cc(F)c(F)cc1F,6.366531544420413,CHEMBL3357778,284,2014.0
NC(CC(=O)N1C(CNC(=O)C2CC2)CC2CCCCC21)Cc1cc(F)c(F)cc1F,6.267606240177031,CHEMBL3357776,284,2014.0
N#CC1CCCN1C(=O)C1CC(NC(=O)Nc2ccccc2)CN1,8.823908740944319,CHEMBL371585,284,2005.0
Cc1cc(C)c(C2CNC(C(=O)N3CCCC3C#N)C2)c(C)c1O,8.275724130399212,CHEMBL389324,284,2007.0
N#Cc1ccc(F)cc1Cn1c(N2CCCC(N)C2)ncc(F)c1=O,8.096910013008056,CHEMBL1650432,284,2011.0
N#CC1CCCN1C(=O)C1CC(NC(=O)c2ccccc2)CN1,8.259637310505756,CHEMBL539939,284,2005.0
N#CC1CCCN1C(=O)C1CC(NC2CCCCC2)CN1,8.522878745280337,CHEMBL192882,284,2005.0
N#CC1CCCN1C(=O)C1CC(NCCc2ccccc2)CN1,8.721246399047171,CHEMBL194993,284,2005.0
N#CC1CCCN1C(=O)C1CC(NCc2ccccc2)CN1,8.337242168318426,CHEMBL195804,284,2005.0
N#CC1CCCN1C(=O)C1CC(NS(=O)(=O)c2ccccc2)CN1,8.173925197299173,CHEMBL193168,284,2005.0
N#CC1CCCN1C(=O)C1CC(Nc2ccc([N+](=O)[O-])cc2)CN1,9.744727494896694,CHEMBL370540,284,2006.0
N#CC1CCCN1C(=O)C1CC(Nc2ccccc2)CN1,9.275724130399212,CHEMBL195335,284,2005.0
N#CC1CCCN1C(=O)C1CC(c2ccc(O)cc2)CN1,8.602059991327963,CHEMBL390221,284,2007.0
N#Cc1ccc(F)cc1Cn1c(N2CCCC(N)C2)ncc(Cl)c1=O,8.096910013008056,CHEMBL1650433,284,2011.0
N#Cc1ccc(F)cc1Cn1c(N2CCCC(N)C2)ncc(Br)c1=O,8.221848749616356,CHEMBL1650434,284,2011.0
N#Cc1ccc(F)cc1Cn1c(N2CCCC(N)C2)nc2scnc2c1=O,8.167491087293763,CHEMBL4177478,284,2017.0
N#Cc1ccc(F)cc1Cn1c(N2CCCC(N)C2)nc2ccn(Cc3cc(F)ccc3C#N)c2c1=O,7.575118363368933,CHEMBL4173215,284,2017.0
N#CC1CCCN1C(=O)C1CC(c2cccc(O)c2)CN1,8.4089353929735,CHEMBL243798,284,2007.0
N#CC1CCCN1C(=O)C1CC(c2ccccc2)CN1,8.1259059864969,CHEMBL244843_CHEMBL396512,284,
N#CC1CCCN1C(=O)CNCCC(=O)N1Cc2ccccc2C1,6.8794260687941495,CHEMBL381530,284,2006.0
N#CC1CCCN1C(=O)CNCCC(=O)N1CCc2ccccc2C1,6.935542010773082,CHEMBL200103,284,2006.0
N#CC1CCCN1C(=O)CNCCC(=O)N1CCc2cc(F)ccc2C1,7.080921907623926,CHEMBL203084,284,2006.0
N#CC1CCCN1C(=O)CNCCC(=O)N1CCN(c2nc3ccccc3s2)CC1,6.278189384787453,CHEMBL383841,284,2006.0
N#CC1CCCN1C(=O)CNCCC(=O)N1CCN(C(=O)c2cc(F)cc(F)c2)CC1,6.170053304058364,CHEMBL372746,284,2006.0
N#CC1CCCN1C(=O)CNCC(=O)N1CCc2ccccc2C1,5.489991487059765,CHEMBL371907,284,2006.0
Cc1cc(C)c(-n2c(C)nc3c(cnn3-c3ccccc3)c2=O)c(C)c1,5.8794260687941495,CHEMBL3618032,284,2015.0
N#CC1CCCN1C(=O)CN(C(=O)CCCCCl)C12CC3CC(CC(O)(C3)C1)C2,7.920818753952375,CHEMBL4638352,284,2020.0
N#CC1CCCN1C(=O)C1CN(Cc2ccc(-n3nccn3)cc2)CC1N,8.267606240177031,CHEMBL400338,284,2007.0
N#CC1CCCN1C(=O)C1CN(Cc2ccc(-n3cncn3)cc2)CC1N,8.494850021680094,CHEMBL399525,284,2007.0
N#CC1CCCN1C(=O)C1CN(Cc2ccc(-c3csnn3)cc2)CC1N,8.0,CHEMBL249407,284,2007.0
N#CC1CCCN1C(=O)C1CN(Cc2ccc(-c3ccn[nH]3)cc2)CC1N,8.173925197299173,CHEMBL249203,284,2007.0
N#CC1CCCN1C(=O)C1CCCN1,7.978514003591028,CHEMBL381626,284,2005.0
N#CC1CCCN1C(=O)C1CC(c2ccccc2O)CN1,8.040958607678906,CHEMBL245059,284,2007.0
N#CC1CCCN1C(=O)C1CN(Cc2cnc3ccccc3c2)CC1N,8.207608310501746,CHEMBL248795,284,2007.0
N#CC1CCCN1C(=O)CNCCC(=O)NCCc1ccccc1,6.248720896016658,CHEMBL201544,284,2006.0
N#Cc1ccc(N2CCN(C(=O)CC(N)Cc3cc(F)c(F)cc3F)CC2)cc1,6.995678626217357,CHEMBL2069835,284,2012.0
Cc1cc(C)c(-c2nnc(C(=O)C3CCCN3C(=O)CNC(C)(C)C)o2)c(C)c1,7.769551078621726,CHEMBL232570,284,2007.0
CC(Oc1ccc(CNC(=O)C2SCCN2C(=O)CC(N)Cc2cc(F)c(F)cc2F)cc1)C(=O)O,6.665546248849069,CHEMBL1683495,284,2011.0
N#Cc1ccccc1-c1cc(N2CC(N)C(c3cc(F)c(F)cc3F)C2)ncn1,7.031517051446065,CHEMBL391047,284,2007.0
N#CC1CCCN1C(=O)C(N)Cc1ccc(-c2cn(Cc3cccs3)nn2)cc1,8.08196966321512,CHEMBL2418639,284,2013.0
N#CC1CCCN1C(=O)C(N)Cc1ccc(-c2cn(Cc3ccncc3)nn2)cc1,7.754240644032723,CHEMBL2418638,284,2013.0
N#CC1CCCN1C(=O)C1CC(C(=O)N2CCC2)CN1,8.397940008672037,CHEMBL234373,284,2007.0
N#Cc1cccc(-c2cc(N3CC(N)C(c4ccccc4)C3)ncn2)c1,5.853871964321762,CHEMBL392696,284,2007.0
N#Cc1cccc(-c2cc(N3CC(N)C(c4cc(F)c(F)cc4F)C3)ncn2)c1,7.431798275933005,CHEMBL237342,284,2007.0
N#Cc1ccc2sc(N3CCN(C4CNC(C(=O)N5CCSC5)C4)CC3)nc2c1,9.3767507096021,CHEMBL2058758,284,2012.0
N#Cc1ccc2oc(N3CCN(C4CNC(C(=O)N5CCSC5)C4)CC3)nc2c1,9.30102999566398,CHEMBL2058756,284,2012.0
N#Cc1ccc2c(c1)CCC2N1CC(N)C(C(=O)C2CCCC2C#N)C1,8.468521082957745,CHEMBL249408,284,2007.0
N#CC1CCCN1C(=O)C1CC(C(=O)N2CCCC2)CN1,8.2518119729938,CHEMBL428369,284,2007.0
N#Cc1ccc2[nH]c(N3CCN(C4CNC(C(=O)N5CCSC5)C4)CC3)nc2c1,9.4089353929735,CHEMBL2058762,284,2012.0
N#CC1CCCN1C(=O)C1CC(C(=O)N2CCCCC2)CN1,8.309803919971486,CHEMBL400613,284,2007.0
N#CC1CCCN1C(=O)C1CC(C(=O)N2CCCCCC2)CN1,8.080921907623926,CHEMBL400614,284,2007.0
N#CC1CCCN1C(=O)C1CC(C(=O)N2CCCCCCC2)CN1,7.958607314841775,CHEMBL232716,284,2007.0
N#Cc1ccc(NCCNCC(=O)N2N=CCC2C#N)nc1,6.853871964321762,CHEMBL184651_CHEMBL185222_CHEMBL363542,284,
N#Cc1ccc(NC2CNC(C(=O)N3CCSC3)C2)nc1,7.595166283380061,CHEMBL390513,284,2007.0
Cc1cc(C(F)(F)F)nc2c3c(nn12)CN(C1CCC(c2cc(F)c(F)cc2F)C(N)C1)C3,8.721246399047171,CHEMBL3804996,284,2016.0
N#CC1CCCN1C(=O)C1CC(N)CN1,8.013228265733755,CHEMBL191699,284,2005.0
N#CC1CCCN1C(=O)C1CC(CO)CN1,8.200659450546418,CHEMBL234356,284,2007.0
N#CC1CCCN1C(=O)C1CC(CCO)CN1,8.42021640338319,CHEMBL395919,284,2007.0
N#CC1CCCN1C(=O)C1CC(CC(=O)O)CN1,7.795880017344075,CHEMBL234158,284,2007.0
N#CC1CCCN1C(=O)C1CC(C2CCCCC2)CN1,8.619788758288394,CHEMBL242492,284,2007.0
N#Cc1ccc(N2CCN(C3CNC(C(=O)N4CCSC4)C3)CC2)nc1,8.795880017344075,CHEMBL241253,284,2007.0
N#CC1CCCN1C(=O)C1CC(C2C3CC4CC(C3)CC2C4)CN1,8.10790539730952,CHEMBL389138,284,2007.0
N#CC1CCCN1C(=O)C1CC(C(=O)N2Cc3ccccc3C2)CN1,8.769551078621726,CHEMBL210995,284,2006.0
N#CC1CCCN1C(=O)C1CC(C(=O)N2CCSCC2)CN1,8.318758762624412,CHEMBL400615,284,2007.0
N#CC1CCCN1C(=O)C1CC(C(=O)N2CCOCC2)CN1,8.366531544420413,CHEMBL415647,284,2007.0
N#Cc1ccc(NC2CNC(C(=O)N3CCCC3C#N)C2)cc1,9.721246399047171,CHEMBL371143,284,2005.0
N#Cc1ccc(NC2CNC(C(=O)N3CCCC3C#N)C2)cc1C#N,9.886056647693165,CHEMBL370046_CHEMBL456420,284,
N#Cc1ccc(NC2CNC(C(=O)N3CCCC3C#N)C2)cc1Cl,9.85498269431874,CHEMBL194717_CHEMBL445437,284,
N#CC1CCCN1C(=O)C1CC(C(N)=O)CN1,8.113509274827518,CHEMBL232315,284,2007.0
N#CC1CCCN1C(=O)CNCCC(=O)NCc1cc(F)cc(F)c1,6.432973633840939,CHEMBL382847,284,2006.0
N#CC1CCCN1C(=O)CNCCC(=O)NCc1ccc([N+](=O)[O-])cc1,6.498940737782249,CHEMBL203032,284,2006.0
N#CC1CCCN1C(=O)CNCCC(=O)NCc1ccccc1,6.3448615651886175,CHEMBL382907,284,2006.0
N#Cc1ccc(-c2nnn3c2CN(C(=O)CC(N)Cc2cc(F)c(F)cc2F)CC3)cc1,7.522444667801019,CHEMBL1683987,284,2011.0
CCC1(N)CCCN(c2cc3c(c(=O)n(C)c(=O)n3C)n2Cc2cc(F)ccc2C#N)C1,7.585026652029182,CHEMBL1819091_CHEMBL1819092,284,
CCC1C(=O)NCCCN1C(=O)CC(N)Cc1cc(F)c(F)cc1F,7.795880017344075,CHEMBL218459,284,2007.0
N#Cc1ccc(-c2cc(N3CC(N)C(c4cc(F)c(F)cc4F)C3)ncn2)cc1,6.886056647693163,CHEMBL236922,284,2007.0
N#Cc1c(N2CCCC(N)C2)n(Cc2ccccc2)c2c(=O)n(Cc3ccnc4ccccc34)cnc12,7.769551078621726,CHEMBL1951424,284,2012.0
N#Cc1c(N2CCCNCC2)n(Cc2ccccc2)c2c(=O)n(Cc3nccc4ccccc34)cnc12,7.221848749616356,CHEMBL1951436,284,2012.0
CC1(C)C2CCC1(C)C(O)C2NCC(=O)N1CCCC1C#N,5.120330794367947,CHEMBL4238607,284,2018.0
CC1(C)C2CCC1(C)C(NCC(=O)N1CCCC1C#N)C2,5.822888138367574,CHEMBL4242321_CHEMBL4247814,284,
Cc1cc(CN2CC(N)C(C(=O)C3CCCC3C#N)C2)ccc1C#N,8.886056647693163,CHEMBL429115,284,2007.0
Cc1cc(CN2CC(N)C(C(=O)C3CCCC3C#N)C2)ccc1-n1cncn1,7.337242168318426,CHEMBL401378,284,2007.0
Cc1cc(CN2CC(N)C(C(=O)C3CCCC3C#N)C2)cc(C)c1C#N,8.958607314841775,CHEMBL399791,284,2007.0
CC1(C)C(=O)N(Cc2ccccc2C#N)c2c(N3CCCC(N)C3)ccnc21,5.468521082957745,CHEMBL3329625,284,2014.0
CC(c1ccc(-c2cc(Br)c(=O)n(C)c2)cc1)C(N)C(=O)N1CCC(F)C1,7.161150909262744,CHEMBL383651,284,2006.0
CC(c1ccc(-c2cc(F)c(=O)n(C)c2)cc1)C(N)C(=O)N1CCC(F)C1,7.309803919971486,CHEMBL203736,284,2007.0
CC(c1ccc(-c2ccc(=O)n(-c3ccc(F)cc3)c2)cc1)C(N)C(=O)N1CCC(F)C1,6.6401645176601125,CHEMBL206172,284,2006.0
CC(c1ccc([N+](=O)[O-])cc1)N1CC(N)C(C(=O)N2CCCC2)C1,7.080921907623926,CHEMBL399693,284,2007.0
CC(c1ccc(-c2ccc(=O)n(C)c2)cc1)C(N)C(=O)N1CC(F)C1,7.508638306165727,CHEMBL378597,284,2006.0
CC(c1ccc(-c2ccc(=O)n(C)c2)cc1)C(N)C(=O)N1CCC(F)(F)C1,7.585026652029182,CHEMBL206501,284,2006.0
CC(c1ccc(-c2ccc(=O)n(C)c2)cc1)C(N)C(=O)N1CCC(F)C1,7.468521082957745,CHEMBL206383,284,2006.0
N#Cc1cc(F)ccc1Cn1c(N2CCCC(N)C2)ncc(F)c1=O,6.366531544420413,CHEMBL1650431,284,2011.0
CC(c1ccc(-c2ccc(=O)n(C)c2)cc1)C(N)C(=O)N1CCC(F)CC1,5.958607314841775,CHEMBL202634,284,2006.0
CC(c1ccc(-c2ccc(=O)n(C)c2)cc1)C(N)C(=O)N1CCCC1,7.318758762624412,CHEMBL203379,284,2006.0
CC(c1ccc(-c2ccc(=O)n(C)c2)cc1)C(N)C(=O)N1CCSC1,7.585026652029182,CHEMBL377724,284,2006.0
CCC1CC(=O)N(C2CN3CCc4cc(OC)c(OC)cc4C3CC2N)C1,7.886056647693163,CHEMBL601074,284,2010.0
CC(c1ccc(-c2ccc(=O)n(C)c2F)cc1)C(N)C(=O)N1CCC(F)C1,7.537602002101044,CHEMBL205872,284,2006.0
CC(c1ccc(-c2ccc(O)nc2)cc1)C(N)C(=O)N1CCC(F)C1,7.602059991327962,CHEMBL381145,284,2006.0
CC(c1ccc(-c2cn(C)c(=O)c(Cl)c2F)cc1)C(N)C(=O)N1CCC(F)C1,7.431798275933005,CHEMBL203267,284,2006.0
CC(c1ccc(-c2cn(C)c(=O)cc2CO)cc1)C(N)C(=O)N1CCC(F)C1,7.42021640338319,CHEMBL203169,284,2006.0
CC(c1ccc(-c2cn(C)c(=O)cc2F)cc1)C(N)C(=O)N1CCC(F)C1,7.214670164989233,CHEMBL424687,284,2006.0
CC(c1ccc(-n2cncn2)cc1)N1CC(N)C(C(=O)C2CCCC2C#N)C1,8.522878745280337,CHEMBL400532,284,2007.0
CC(c1ccc(C#N)cc1)N1CC(N)C(C(=O)N2CCCC2C#N)C1,8.259637310505756,CHEMBL249601,284,2007.0
CC(c1ccc(-c2ccc(=O)n(CC3CC3)c2)cc1)C(N)C(=O)N1CCC(F)C1,6.931814138253838,CHEMBL383323,284,2006.0
NCc1c(-c2ccc(Cl)cc2Cl)n(C[SH](=O)=O)c2ccccc12,6.633017024022149,CHEMBL4246222,284,2018.0
N#Cc1ccc(CN2CC(N)C(C(=O)N3CCCC3)C2)cc1,7.091514981121351,CHEMBL250400,284,2007.0
N#Cc1ccc(CN2CC(N)C(C(=O)N3CCCC3C#N)C2)cc1,8.619788758288394,CHEMBL248599,284,2007.0
N#CC1CSC2CC(N)(Cc3ccccc3)C(=O)N12,6.962573502059376,CHEMBL561462,284,2009.0
N#CC1CSC2CC(N)(CCc3ccccc3)C(=O)N12,6.688246138944246,CHEMBL558313,284,2009.0
N#CC1CSC2CC(N)(CC3CCCCC3)C(=O)N12,6.928117992693874,CHEMBL556219,284,2009.0
N#CC1CSC2CC(N)(C3CCCCC3)C(=O)N12,7.229147988357855,CHEMBL560985,284,2009.0
N#Cc1ccc(F)cc1Cn1c(N2CCCC(N)C2)nc2cc[nH]c2c1=O,8.638272163982407,CHEMBL4162340,284,2017.0
N#CC1CSC2CC(N)(C3CCCC3)C(=O)N12,7.050609993355087,CHEMBL558956,284,2009.0
N#CC1CSC2CC(N)(c3ccc(F)cc3)C(=O)N12,6.818156412055227,CHEMBL552403,284,2009.0
N#CC1CCCN1C(=O)CNCCN1CCN(c2ccccc2F)C1=O,6.874193541860473,CHEMBL1202084,284,2009.0
N#CC1CCCN1C(=O)CNCCN1CCN(c2cccc(F)c2)C1=O,7.221125527997261,CHEMBL1202088,284,2009.0
N#CC1CCCN1C(=O)CNCCN1CCN(c2ccc(F)cc2)C1=O,7.351639989019068,CHEMBL1202087,284,2009.0
N#CC1CCCN1C(=O)CNCCN1CCN(c2ccc(Cl)cc2)C1=O,7.58838029403677,CHEMBL1202089,284,2009.0
N#CC1CCCN1C(=O)CNCCN1CCN(C2CCCCC2)C1=O,7.163675884293248,CHEMBL1202092,284,2009.0
N#CC1CCCN1C(=O)CNCCCC(=O)N1CCc2ccccc2C1,6.368556230986828,CHEMBL371057,284,2006.0
N#CC1CCCN1C(=O)CNCCC(=O)Nc1ccccc1,6.525783735923745,CHEMBL371480,284,2006.0
N#CC1CCCN1C(=O)CNCCN1CCN(c2ccccc2)C1=O,7.458420756053419,CHEMBL1202083,284,2009.0
N#CC1CCCN1C(=O)C(N)Cc1ccc(-c2cn(Cc3ccccc3F)nn2)cc1,7.709075440617246,CHEMBL2418624,284,2013.0
N#CC1CSC2CC(N)(c3ccccc3)C(=O)N12,7.585026652029182,CHEMBL564670,284,2009.0
Cc1cc(N2CCN(C3CNC(C(=O)N4CCSC4)C3)CC2)n(-c2ccc(Cl)cc2)n1,8.468521082957745,CHEMBL2147714,284,2012.0
CCC1NC(C(=O)N2CCCC2C#N)CC1C(=O)N(C)C,7.795880017344075,CHEMBL260197,284,2008.0
N#Cc1ccc(F)cc1Cn1c(N2CCCC(N)C2)nc2[nH]ccc2c1=O,8.619788758288394,CHEMBL4169618,284,2017.0
N#Cc1ccc(F)cc1Cn1c(N2CCCC(N)C2)nc2c(-c3ccc(F)cc3)c[nH]c2c1=O,9.267606240177033,CHEMBL4164470,284,2017.0
N#Cc1ccc(F)cc1Cn1c(N2CCCC(N)C2)nc2c(-c3ccc(S(N)(=O)=O)cc3)c[nH]c2c1=O,8.79317412396815,CHEMBL4173272,284,2017.0
N#Cc1ccc(F)cc1Cn1c(N2CCCC(N)C2)nc2c(-c3cccs3)c[nH]c2c1=O,9.267606240177033,CHEMBL4176578,284,2017.0
N#Cc1ccc(F)cc1Cn1c(N2CCCC(N)C2)nc2c(-c3ccsc3)c[nH]c2c1=O,9.119186407719209,CHEMBL4165967,284,2017.0
N#CC1CSC2CC(N)C(=O)N12,6.978810700930062,CHEMBL539691_CHEMBL558509,284,
N#Cc1ccc(F)cc1Cn1c(N2CCCC(N)C2)nc2c(Br)c(Br)[nH]c2c1=O,8.777283528852417,CHEMBL4161474,284,2017.0
N#Cc1ccc(F)cc1Cn1c(N2CCCC(N)C2)nc2c(F)c(F)[nH]c2c1=O,8.903089986991944,CHEMBL4164893,284,2017.0
Cc1cc(N2CCN(C(=O)C3CNC(C(=O)N4CCCC4)C3)CC2)sn1,7.161150909262744,CHEMBL272079,284,2008.0
N#Cc1ccc(F)cc1Cn1c(N2CCCC(N)C2)nc2c(F)c[nH]c2c1=O,9.113509274827518,CHEMBL4172793,284,2017.0
Cc1cc(N2CCN(C3CNC(C(=O)N4CCSC4)C3)CC2)c2ccccc2n1,9.2518119729938,CHEMBL2058970,284,2012.0
Cc1cc(N2CCN(C3CNC(C(=O)N4CCSC4)C3)CC2)n(-c2ccc(C#N)cc2)n1,7.920818753952375,CHEMBL2147715,284,2012.0
Cc1cc(N2CCN(C3CNC(C(=O)N4CCSC4)C3)CC2)n(-c2ccc(C#N)cn2)n1,7.823908740944319,CHEMBL2147774,284,2012.0
N#Cc1ccc(F)cc1Cn1c(N2CCCC(N)C2)nc2c(Br)c[nH]c2c1=O,9.102372908709558,CHEMBL4169403,284,2017.0
N#CC1CCCN1C(=O)C(N)Cc1ccc(-c2cn(Cc3ccccc3Cl)nn2)cc1,7.817015032996418,CHEMBL2418627,284,2013.0
CC(Oc1ccc(CNC(=O)C2CCCN2C(=O)CC(N)Cc2ccccc2F)cc1)C(=O)O,7.583910798821783,CHEMBL183736_CHEMBL187963_CHEMBL366286,284,
N#Cc1ccccc1CN1CCN(C(=O)CC(N)Cc2cc(F)c(F)cc2F)CC1=O,7.310691140876379,CHEMBL1779696,284,2011.0
CCCCC(Oc1ccc(CNC(=O)C2CCCN2C(=O)CC(N)Cc2ccccc2F)cc1)C(=O)O,8.292429823902063,CHEMBL365838,284,2004.0
Cc1cc2ncc3c(n2n1)CN(C1COC(c2cc(F)ccc2F)C(N)C1)C3,9.154901959985745,CHEMBL3805294,284,2016.0
Cc1cc2ncc3c(n2n1)CN(C1COC(c2cc(F)c(F)cc2F)C(N)C1)C3,9.154901959985745,CHEMBL3806029,284,2016.0
Cc1c(C(=O)NCC(C)(C)NCC(=O)N2CCCC2C#N)cnc2cc(-c3ccccc3)nn12,7.958607314841775,CHEMBL1929392,284,2011.0
Cc1c(C(=O)NCC(C)(C)NCC(=O)N2CCCC2C#N)cnc2cc(C(C)(C)C)nn12,7.823908740944319,CHEMBL1929391,284,2011.0
Cc1cc2ncc3c(n2n1)CN(C1CCC(c2cc(F)c(F)cc2F)C(N)C1)C3,9.853871964321762,CHEMBL3805966,284,2016.0
Cc1cc2ncc(C(=O)NCC(C)(C)NCC(=O)N3CCCC3C#N)cn2n1,8.42021640338319,CHEMBL1929387,284,2011.0
Cc1cc2ncc(C(=O)NCC(C)(C)NCC(=O)N3CCCC3C#N)c(O)n2n1,8.744727494896694,CHEMBL1929390,284,2011.0
Cc1cc2ncc(C(=O)NCC(C)(C)NCC(=O)N3CCCC3C#N)c(C)n2n1,7.886056647693163,CHEMBL1929388,284,2011.0
Cc1cc2ncc(C(=O)NCC(C)(C)NCC(=O)N3CCCC3C#N)c(C(F)(F)F)n2n1,7.494850021680094,CHEMBL1929389,284,2011.0
Cc1cc2ncc(C(=O)N3CCC(C(N)Cc4cc(F)c(F)cc4F)CC3)c(C)n2n1,8.397940008672037,CHEMBL484528,284,2009.0
Cc1cc2nc(C)c(C(=O)NCC(C)(C)NCC(=O)N3CCCC3C#N)c(C)n2n1,6.958607314841775,CHEMBL1929395,284,2011.0
NC(=O)C1Cc2ccccc2CN1C(=O)CC(N)Cc1ccccc1F,7.638272163982407,CHEMBL381806,284,2006.0
CCCC1CNC(C(=O)N2CCCC2C#N)C1,8.468521082957745,CHEMBL242985,284,2007.0
CCCC(Oc1ccc(CNC(=O)C2CCCN2C(=O)CC(N)Cc2ccccc2F)cc1)C(=O)O,8.0,CHEMBL365836,284,2004.0
Cc1cc2c(cn1)nc1n2CC(N)C(c2cc(F)c(F)cc2F)C1,7.638272163982407,CHEMBL557514,284,2009.0
CCC(NC(=O)CCNCC(=O)N1CCCC1C#N)c1ccccc1,6.349692476868063,CHEMBL201695,284,2006.0
Cc1cc(O)nc2c3c(nn12)CN(C1COC(c2cc(F)c(F)cc2F)C(N)C1)C3,9.221848749616356,CHEMBL3806310,284,2016.0
N#Cc1cccnc1N1CCN(C2CNC(C(=O)N3CCC(F)(F)C3)C2)CC1,8.318758762624412,CHEMBL514011,284,2009.0
N#Cc1ccsc1Cn1c(N2CCCC(N)C2)ncc(Br)c1=O,8.522878745280337,CHEMBL1650430,284,2011.0
CCC(Oc1ccc(CNC(=O)C2CCCN2C(=O)CC(N)Cc2ccccc2F)cc1)C(=O)O,8.148741651280925,CHEMBL365010,284,2004.0
N#Cc1cnc(N2CCN(C3CNC(C(=O)N4CCSC4)C3)CC2)c2ccccc12,9.292429823902063,CHEMBL2058975,284,2012.0
Cc1cc2c(=O)n(Cc3ccccc3C#N)c(N3CCCC(N)C3)nc2[nH]1,7.8607507824283935,CHEMBL2022464,284,2012.0
CCCCC1CN(c2cc(OC)cc(C(F)(F)F)c2)CCC1N,5.376750709602099,CHEMBL234045_CHEMBL234233,284,
Cc1cc(=O)n(C)cc1-c1ccc(C(C)C(N)C(=O)N2CCC(F)C2)cc1,7.2839966563652,CHEMBL425039,284,2006.0
Cc1cc(-c2ccc(C(C(=O)N(C)C)C(N)C(=O)N3CCC(F)C3)cc2)cn2ncnc12,6.508864383480216,CHEMBL210621,284,2006.0
CC1(C)c2nc(C3CC3)ncc2CN1C1COC(c2cc(F)ccc2F)C(N)C1,7.568636235841012,CHEMBL2425064,284,2013.0
Cc1c2c(nn1-c1ccc(F)cc1)CCN(C(=O)CC(N)Cc1cc(F)ccc1F)C2,6.795880017344075,CHEMBL196114,284,2005.0
CC1(NCC(=O)N2C(C#N)CCC2C#N)CCCC1,6.696803942579511,CHEMBL381111,284,2007.0
CC1(NCC(=O)N2C(C#N)CCC2C#N)CCCCC1,6.161780778092375,CHEMBL377058,284,2006.0
CC1(NCC(=O)N2CC(F)CC2C#N)CCN(S(C)(=O)=O)CC1,8.207608310501746,CHEMBL456419,284,2009.0
Cc1cc(-n2cncn2)ccc1CN1CC(N)C(C(=O)C2CCCC2C#N)C1,8.42021640338319,CHEMBL250620,284,2007.0
CCCCC1CN(c2ccc(Cl)c(C(F)(F)F)c2)CCC1N,5.568934310343481,CHEMBL234426_CHEMBL443316,284,
CCCCC1CN(c2ccc(Cl)c(Cl)c2)CCC1N,5.481486060122112,CHEMBL234613,284,2007.0
CCC(C)C1(N)CC2SCC(C#N)N2C1=O,7.275724130399211,CHEMBL563772,284,2009.0
NC(=O)c1nnn2c1CN(C(=O)CC(N)Cc1cc(F)c(F)cc1F)CC2,7.524038410807576,CHEMBL1683981,284,2011.0
CSc1ccc(-c2nc3c(s2)CN(C(=O)CC(N)Cc2cc(F)ccc2F)CC3)cc1,6.42021640338319,CHEMBL425200,284,2005.0
NC(C(=O)N1CCC1C(=O)c1nc2ccccc2s1)C1CCCCC1,7.376750709602099,CHEMBL402151,284,2008.0
NC(C(=O)N1CCC1C(=O)c1nccs1)C1CCCCC1,7.522878745280337,CHEMBL402236,284,2008.0
NC(C(=O)N1CCCC1C(=O)NCc1ccc(C(=O)O)cc1)C1CCCCC1,5.376750709602099,CHEMBL187699,284,2004.0
NC(C(=O)N1CCCC1C(=O)NCc1cccc(C(=O)O)c1)C1CCCCC1,5.481486060122112,CHEMBL365834,284,2004.0
C[S+]([O-])c1ccc(Cc2nc(C(=O)NCC(=O)N3CC(F)(F)CC3C#N)cs2)cc1,5.3851027839668655,CHEMBL4748662,284,2021.0
NC(C(=O)N1CCCC1C(=O)NCc1ccccc1C(=O)O)C1CCCCC1,5.443697499232712,CHEMBL365875,284,2004.0
NC(C(=O)N1CCCC1C(=O)c1nccs1)C1CCCCC1,7.376750709602099,CHEMBL256871,284,2008.0
NC(CC(=O)N1C(C(=O)NC2CC2)CC2CCCCC21)Cc1cc(F)c(F)cc1F,6.42021640338319,CHEMBL3357765,284,2014.0
NC(CC(=O)N1C(C(=O)NCC2CC2)CC2CCCCC21)Cc1cc(F)c(F)cc1F,6.119186407719209,CHEMBL3357766,284,2014.0
NC(CC(=O)N1C(C(=O)NCc2ccccc2)CC2CCCCC21)Cc1cc(F)c(F)cc1F,6.468521082957745,CHEMBL3357764,284,2014.0
NC(CC(=O)N1C(C(=O)Nc2ccccc2)CC2CCCCC21)Cc1cc(F)c(F)cc1F,5.235823867609669,CHEMBL3357763,284,2014.0
NC(CC(=O)N1C(C(=O)O)CC2CCCCC21)Cc1cc(F)c(F)cc1F,5.436518914605589,CHEMBL3357768,284,2014.0
NC(C(=O)N1CCCC1C(=O)c1nc2ccccc2s1)C1CCCCC1,7.301029995663981,CHEMBL271694,284,2008.0
Cc1cc(O)n2nc3c(c2n1)CN(C1COC(c2cc(F)c(F)cc2F)C(N)C1)C3,9.30102999566398,CHEMBL3805154,284,2016.0
NC(=O)c1cccc(-c2ccc(C(N)Cc3cc(F)ccc3F)cc2)c1,7.494850021680094,CHEMBL452289,284,2008.0
CCC(C)C(N)C(=O)N1CC(F)(F)CC1C#N,9.096910013008056,CHEMBL3632867,284,2015.0
CCCCC1CN(c2ccc(Oc3ccccc3)cc2)CCC1N,5.012284095745368,CHEMBL234611_CHEMBL396857,284,
CCCCC1CN(c2ccc3ccccc3c2)CCC1N,5.42539044367231,CHEMBL234614_CHEMBL394507,284,
CCCCC1CN(c2cccc3ccccc23)CCC1N,5.275724130399211,CHEMBL234615,284,2007.0
CCCCC1CN2CCc3cc(OC)c(OC)cc3C2CC1N,6.2839966563652006,CHEMBL234412,284,2007.0
CCC(C)C(N)C(=O)N1CCSCC1,8.159266765388193,CHEMBL4241366,284,2018.0
Cc1c(-c2ccc(C(C)C(N)C(=O)N3CCC(F)C3)cc2)ccc(=O)n1C,6.494850021680094,CHEMBL206252,284,2006.0
CCC(C)(C)c1nnc(C(=O)C2CC(F)CN2C(=O)CNC(C)(C)C)o1,7.698970004336019,CHEMBL399408,284,2007.0
CCC(C)C(N)C(=O)N1CCSC1,5.7747214952908354,CHEMBL535813_CHEMBL98408,284,
Cc1c(-c2ccc(C(C(=O)N(C)C)C(N)C(=O)N3CCC(F)C3)cc2)ccc2ncnn12,7.640085856872832,CHEMBL209111,284,2006.0
NC(=O)c1ccc(-c2nnn3c2CN(C(=O)CC(N)Cc2cc(F)c(F)cc2F)CC3)cc1,7.438540828758084,CHEMBL1683989,284,2011.0
NC(=O)c1ccc(OCC2(NCC(=O)c3ccsc3)CCCC2)cc1,8.301029995663981,CHEMBL541664,284,2007.0
Cc1[nH]nc2c1CN(C(=O)CC(N)Cc1cc(F)ccc1F)CC2,6.6020599913279625,CHEMBL426469,284,2005.0
CCC(C)C(N)C(=O)N1CCCC1C(=O)NC(C(=O)O)C(C)CC,5.498492042756284,CHEMBL214381,284,2010.0
CCC(C)C(N)C(=O)N1CCCC1C#N,8.823908740944319,CHEMBL329641_CHEMBL3632864,284,
Cc1c(-c2ccc(C(C)C(N)C(=O)N3CCC(F)C3)cc2)cc(Br)c(=O)n1C,6.2441251443275085,CHEMBL203323,284,2006.0
NC(CC(=O)N1C(CNC(=O)C2CCC2)CC2CCCCC21)Cc1cc(F)c(F)cc1F,6.481486060122112,CHEMBL3357777,284,2014.0
Cc1cc(O)cc(C)c1C1CNC(C(=O)N2CCCC2C#N)C1,8.481486060122112,CHEMBL243799,284,2007.0
Cc1cc(NC(=O)c2cc(-c3ccc(F)cc3F)c(CN)c(C)n2)no1,6.17134010346468,CHEMBL1688423,284,2010.0
N#Cc1ccccc1Cn1c(N2CCCC(N)C2)ncc(-c2ccccc2F)c1=O,6.619788758288394,CHEMBL1650416,284,2011.0
N#Cc1ccccc1Cn1c(N2CCCC(N)C2)ncc(-c2ccccc2)c1=O,7.638272163982407,CHEMBL1650414,284,2011.0
N#Cc1ccccc1Cn1c(N2CCCC(N)C2)ncc(-c2cc[nH]c2)c1=O,8.301029995663981,CHEMBL1650420,284,2011.0
N#Cc1ccccc1Cn1c(N2CCCC(N)C2)nc2ccccc2c1=O,7.886056647693163,CHEMBL227954,284,2007.0
N#Cc1ccccc1Cn1c(N2CCCC(N)C2)nc2cccc(F)c2c1=O,8.301029995663981,CHEMBL227464,284,2007.0
N#Cc1ccccc1Cn1c(N2CCCC(N)C2)nc2ccc(F)cc2c1=O,8.397940008672037,CHEMBL425483,284,2007.0
N#CC1CCCN1C(=O)C(N)C1CCCCC1,7.920818753952375,CHEMBL307636,284,2002.0
N#CC1CCCN1C(=O)C(N)Cc1ccc(-c2cn(C3CC3)nn2)cc1,6.607303046740334,CHEMBL4647956,284,2020.0
N#Cc1ccccc1Cn1c(N2CCCC(N)C2)nc2ccc(Cl)cc2c1=O,8.301029995663981,CHEMBL389074,284,2007.0
N#CC1CCCN1C(=O)C(N)Cc1ccc(-c2cn(CCc3ccccc3)nn2)cc1,7.5934598195660445,CHEMBL2418637,284,2013.0
N#CC1CCCN1C(=O)C(N)Cc1ccc(-c2cn(Cc3ccc(Cl)c(Cl)c3)nn2)cc1,7.999132278468773,CHEMBL2418633,284,2013.0
N#CC1CCCN1C(=O)C(N)Cc1ccc(-c2cn(Cc3ccc(Cl)cc3)nn2)cc1,8.21824462534753,CHEMBL2418628,284,2013.0
N#Cc1ccccc1Cn1c(N2CCCC(N)C2)nc2ccc(Br)cc2c1=O,8.301029995663981,CHEMBL227676,284,2007.0
N#Cc1ccccc1Cn1c(N2CCCC(N)C2)nc2cc(N3CCOCC3)c(F)cc2c1=O,7.744727494896693,CHEMBL227356,284,2007.0
N#CC1CCCN1C(=O)C(N)Cc1ccc(-c2cn(Cc3ccc(F)c(F)c3)nn2)cc1,8.067019178076801,CHEMBL2418632,284,2013.0
N#CC1CCCN1C(=O)C(N)Cc1ccc(-c2cn(Cc3ccc(F)cc3)nn2)cc1,8.421360790031928,CHEMBL2418626,284,2013.0
N#Cc1ccccc1Cn1c(N2CCCC(N)C2)nc2cc(Cl)ccc2c1=O,7.823908740944319,CHEMBL228004,284,2007.0
N#CC1CCCN1C(=O)C(N)Cc1ccc(-c2cn(Cc3ccccc3)nn2)cc1,8.027334407733889,CHEMBL2418636,284,2013.0
N#Cc1ccccc1Cc1c(Cl)nc2ccnn2c1N1CCCC(N)C1,7.309803919971486,CHEMBL4205581,284,2018.0
N#Cc1ccccc1Cn1c(=O)[nH]c2nccc(N3CCCC(N)C3)c21,7.346787486224656,CHEMBL3329626,284,2014.0
N#Cc1ccccc1Cn1c(=O)oc2nccc(N3CCCC(N)C3)c21,7.0,CHEMBL3329624,284,2014.0
N#Cc1ccccc1Cn1c(N2CCCC(N)C2)cc(=O)[nH]c1=O,8.397940008672037,CHEMBL1650435,284,2011.0
N#Cc1ccccc1Cn1c(N2CCCC(N)C2)cc(=O)n2nccc12,5.886056647693163,CHEMBL4215849,284,2018.0
N#Cc1ccccc1Cn1c(N2CCCC(N)C2)ncc(-c2ccoc2)c1=O,7.920818753952375,CHEMBL1650418,284,2011.0
N#Cc1ccccc1Cn1c(N2CCCC(N)C2)nc(-c2ccccc2)cc1=O,7.638272163982407,CHEMBL1650412,284,2011.0
N#CC1CCCN1C(=O)C(N)Cc1ccc(-c2cn(Cc3cccc(F)c3)nn2)cc1,8.121478204498793,CHEMBL2418625,284,2013.0
N#Cc1ccccc1Cn1c(N2CCCC(N)C2)nc2[nH]c(Br)cc2c1=O,8.578396073130168,CHEMBL2022467,284,2012.0
N#Cc1ccccc1Cn1c(N2CCCC(N)C2)nc2c(Cl)cc(Cl)cc2c1=O,7.886056647693163,CHEMBL390529,284,2007.0
N#Cc1ccccc1Cn1c(N2CCCC(N)C2)nc2c(Cl)cccc2c1=O,7.537602002101044,CHEMBL387552,284,2007.0
N#CC1CCCN1C(=O)C(N)Cc1ccc(-c2cn(Cc3cccc(Cl)c3)nn2)cc1,7.980883709552927,CHEMBL2417563,284,2013.0
N#Cc1ccccc1Cn1c(N2CCCC(N)C2)nc2c(c1=O)CCCC2,7.886056647693163,CHEMBL1650413,284,2011.0
N#Cc1ccccc1Cn1c(N2CCCC(N)C2)nc2[nH]c(-c3cccnc3)cc2c1=O,8.630784142589857,CHEMBL2023066,284,2012.0
N#Cc1ccccc1Cn1c(N2CCCC(N)C2)ncc(Br)c1=O,8.301029995663981,CHEMBL1235761,284,2011.0
N#Cc1ccccc1Cn1c(N2CCCC(N)C2)ncc(C#CCO)c1=O,7.698970004336019,CHEMBL1650424,284,2011.0
N#Cc1ccccc1Cn1c(N2CCCC(N)C2)ncc(C=Cc2ccc(F)cc2)c1=O,7.67778070526608,CHEMBL1650428,284,2011.0
N#CC1CCC(C#N)N1C(=O)CNC1(Cc2ccccc2)CCC1,5.935542010773082,CHEMBL209127,284,2006.0
N#CC1CCC(C#N)N1C(=O)CNC1(COC2CCCCC2)CCCC1,6.153662887870195,CHEMBL377749,284,2007.0
N#CC1CCC(C#N)N1C(=O)CNC1(CO)Cc2ccccc2C1,6.057991946977687,CHEMBL382045,284,2006.0
N#CC1CCC(C#N)N1C(=O)CNC1(CO)CCOCC1,5.913640169325252,CHEMBL380681,284,2006.0
N#CC1CCC(C#N)N1C(=O)CNC1(CO)CCCCC1,6.16304326294045,CHEMBL208952,284,2006.0
N#CC1CCC(C#N)N1C(=O)CNC1(CO)CCCC1,6.982966660701219,CHEMBL379522_CHEMBL438067,284,
N#CC1CCC(C#N)N1C(=O)CNC1(c2ccccc2)CCC1,6.785156151952302,CHEMBL208673,284,2006.0
N#CC1CC(F)(F)CN1C(=O)CNC(=O)c1csc(Cc2ccccc2Br)n1,6.698970004336019,CHEMBL4751873,284,2021.0
Cc1cc(N2CCN(C3CNC(C(=O)N4CCSC4)C3)CC2)n(-c2cccc(F)c2)n1,9.522878745280336,CHEMBL2147712,284,2012.0
Cc1cc(N2CCN(C3CNC(C(=O)N4CCSC4)C3)CC2)n(-c2ccccc2F)n1,9.070581074285707,CHEMBL2147713,284,2012.0
Cc1cc(N2CCN(C3CNC(C(=O)N4CCSC4)C3)CC2)n(-c2ccccn2)n1,9.200659450546418,CHEMBL2147771,284,2012.0
Cc1cc(N2CCN(C3CNC(C(=O)N4CCSC4)C3)CC2)n(-c2cccnc2)n1,9.207608310501746,CHEMBL2147773,284,2012.0
Cc1cc(N2CCN(C3CNC(C(=O)N4CCSC4)C3)CC2)n(-c2ccncc2)n1,8.301029995663981,CHEMBL2147772,284,2012.0
CC1(C)NC(C(=O)N2CCCC2C#N)CC1C(=O)N1Cc2ccccc2C1,6.007004901568658,CHEMBL210522,284,2006.0
Cc1cc(N2CCN(C3CNC(C(=O)N4CCSC4)C3)CC2)n(-c2ccc(F)cc2)n1,8.537602002101044,CHEMBL2147711,284,2012.0
CCC1(N)CC2SCC(C#N)N2C1=O,7.251811972993799,CHEMBL560583,284,2009.0
N#CC1CCC(C#N)N1C(=O)CNC12CC3CC(CC(C3)C1)C2,6.97469413473523,CHEMBL207980_CHEMBL379500,284,
N#Cc1ccccc1Cn1c(N2CCNCC2)cc(=O)n2nccc12,7.096910013008056,CHEMBL4204176,284,2018.0
N#Cc1ccccc1Cn1c(N2CCCC(N)C2)ncc(C=Cc2ccccc2)c1=O,7.657577319177793,CHEMBL1650427,284,2011.0
N#CC1CCCC1C(=O)CNCc1ccc(F)cc1,5.431798275933005,CHEMBL179687,284,2005.0
N#CC1CCCC1C(=O)CNCCc1ccccc1,5.671620396561263,CHEMBL175034,284,2005.0
N#Cc1ccccc1Cn1c(N2CCCC(N)C2)ncc(C=Cc2cccnc2)c1=O,8.221848749616356,CHEMBL1650429,284,2011.0
N#Cc1ccccc1Cn1c(N2CCCC(N)C2)ncc(Cl)c1=O,8.154901959985743,CHEMBL1650405,284,2011.0
N#Cc1ccccc1Cn1c(N2CCCC(N)C2)ncc(F)c1=O,8.221848749616356,CHEMBL1650404,284,2011.0
N#Cc1ccccc1N1CCN(C(=O)CC(N)Cc2cc(F)c(F)cc2F)CC1,7.297569463554475,CHEMBL2069834,284,2012.0
N#Cc1ccccc1Cn1c(N2CCCC(N)C2)ncc(I)c1=O,8.221848749616356,CHEMBL1650408,284,2011.0
N#CC1CCCC1C(=O)CNC12CC3CC(CC(C3)C1)C2,6.455931955649724,CHEMBL179771,284,2005.0
N#Cc1ccccc1Cn1c(N2CCCC(N)C2)nccc1=O,7.853871964321762,CHEMBL1650403,284,2011.0
N#CC1CCCC1C(=O)C1CN(C2CCOc3ccccc32)CC1N,8.455931955649724,CHEMBL400533,284,2005.0
N#CC1CCC(C#N)N1C(=O)CNC1CC2CCC1C2,6.625251653989896,CHEMBL211024,284,2006.0
N#CC1CCC(C#N)N1C(=O)CNC12CC3CC(CC1C3)C2,7.142667503568731,CHEMBL383488,284,2006.0
N#CC1CCC(C#N)N1C(=O)CNC12CC3CC(CC(O)(C3)C1)C2,7.130768280269024,CHEMBL207912,284,2006.0
N#Cc1ccccc1Cn1c(N2CCCC(N)C2)ncc(N2CCCC2)c1=O,6.698970004336019,CHEMBL1650421,284,2011.0
NC1CC(N2Cc3c[nH]nc3C2)C(C(F)(F)F)OC1c1cc(F)ccc1F,7.739928612014925,CHEMBL4640183,284,2020.0
N#Cc1cc(CN2CC(N)C(C(=O)N3CCCC3C#N)C2)ccc1F,8.443697499232712,CHEMBL438520,284,2007.0
NC1CN(c2nc3c(cc2F)c(=O)c(C(=O)O)cn3C2CC2)CC1c1ccc(F)cc1,6.853871964321762,CHEMBL236507,284,2007.0
NC1CN(c2nc3c(cc2F)c(=O)c(C(=O)O)cn3C2CC2)CC1c1ccc(Cl)c(Cl)c1,6.0,CHEMBL399409,284,2007.0
NCC1(c2cccc(Cl)c2)CCC(N2CCc3c(nc(C(F)(F)F)nc3C3CC3)C2)CC1,8.045757490560675,CHEMBL3112971,284,2014.0
NCC1(c2cccc(Cl)c2)CCC(N2CCCCC2=O)CC1,7.698970004336019,CHEMBL3112966,284,2014.0
NCC1(c2cccc(Cl)c2)CCC(N2CCCCC2)CC1,6.6020599913279625,CHEMBL3112969,284,2014.0
NC1Cn2c(nc3ncccc32)CC1c1cc(F)c(F)cc1F,7.721848749616356,CHEMBL562388,284,2009.0
CCCCN1CCN(CCNCC(=O)N2CCCC2C#N)C1=O,7.2716462179787715,CHEMBL1202082,284,2009.0
NC1Cn2c(nc3cnccc32)CC1c1cc(F)c(F)cc1F,7.798840679637616,CHEMBL1194345_CHEMBL552068_CHEMBL562188,284,
NC1Cn2c(nc3cnc(F)cc32)CC1c1cc(F)c(F)cc1F,7.779545458967391,CHEMBL559477,284,2009.0
NC1Cn2c(nc3cnc(Cl)cc32)CC1c1cc(F)c(F)cc1F,7.823908740944319,CHEMBL557447,284,2009.0
NC1Cn2c(nc3cnc(C(F)(F)F)cc32)CC1c1cc(F)c(F)cc1F,7.726728668260934,CHEMBL541438,284,2009.0
NC1Cn2c(nc3ccncc32)CC1c1cc(F)c(F)cc1F,7.292429823902063,CHEMBL549502,284,2009.0
NC1Cn2c(nc3cccnc32)CC1c1cc(F)c(F)cc1F,6.482804102050025,CHEMBL560926,284,2009.0
NCC1(c2cccc(Cl)c2)CCC(N2CCc3c(nc(C(F)(F)F)nc3C3CC3)C2=O)CC1,8.698970004336019,CHEMBL3112968,284,2014.0
Cc1nc2ncc3c(n2n1)CN(C1CCC(c2cc(F)c(F)cc2F)C(N)C1)C3,9.638272163982409,CHEMBL3805629,284,2016.0
Cc1cccc(-c2nnc3ccc(N4CCN(Cc5ccc(F)cc5)CC4)nn23)c1,8.698970004336019,CHEMBL4547171,284,2020.0
NC1CCCN(c2cc(=O)[nH]c(=O)n2Cc2ccccc2Br)C1,7.443697499232712,CHEMBL1650438,284,2011.0
NC1CCCN(c2nc3c4ccccc4[nH]c(=O)c3n2Cc2ccccc2Cl)C1,6.3788237182249645,CHEMBL2147057,284,2012.0
NC1CN(c2cc(-c3cc(F)cc(F)c3F)ncn2)CC1c1ccccc1,7.886056647693163,CHEMBL1683557,284,2011.0
Cc1ncc(-c2cccc(C3(NC(=O)CC(N)Cc4ccccc4F)CCS(=O)(=O)CC3)c2)s1,6.552841968657781,CHEMBL2206472,284,2012.0
Cc1cccc(-c2nnc3ccc(N4CCN(C(c5ccccc5)c5ccccc5)CC4)nn23)c1,8.756961951313706,CHEMBL4460852,284,2020.0
CS(=O)(=O)c1ccc(C2NOC(C(CC3CC3)C(N)C(=O)N3CCC(F)C3)N2)c(F)c1,7.721246399047171,CHEMBL1230015,284,2013.0
Cc1ncc(C)c(C(=O)N2CCC(C(N)Cc3cc(F)c(F)cc3F)CC2)n1,7.744727494896693,CHEMBL485123,284,2009.0
NC1CN(C(=O)c2cc3cc(Cl)ccc3o2)CC1C(=O)N1CCCC1,7.0655015487564325,CHEMBL401269,284,2004.0
NC1CN(C(=O)c2cc3ccccc3cn2)CC1C(=O)N1CCCC1,7.327902142064282,CHEMBL249825,284,2007.0
Cc1ncc(N2CCN(C(=O)C3CNC(C(=O)N4CCCC4)C3)CC2)s1,6.886056647693163,CHEMBL403970,284,2008.0
NC1CN(C(=O)c2cc3ccccc3s2)CC1C(=O)N1CCCC1,7.207608310501746,CHEMBL248837,284,2007.0
NC1CN(c2nc3c(cc2F)c(=O)c(C(=O)O)cn3C2CC2)CC1c1ccccc1,6.823908740944319,CHEMBL237568,284,2007.0
NC1CN(C(=O)c2ccc(-n3cncn3)cc2)CC1C(=O)N1CCCC1,7.397940008672037,CHEMBL401268,284,2007.0
Cc1nc(CN2C(=O)c3c(nc(N4CCCC(N)C4)n3Cc3ccccc3)N3CCN=C23)nc2ccccc12,7.494850021680094,CHEMBL3675626,284,2014.0
Cc1nc2ccc(-c3ccccc3Cl)c(CN)c2n1C,6.795880017344075,CHEMBL257636,284,2008.0
NC1CN(Cc2ccc(-n3cnnn3)cc2)CC1C(=O)N1CCCC1,7.301029995663981,CHEMBL250393,284,2007.0
Cc1nc(C(=O)NC2CC2)cc(-c2ccc(F)cc2)c1CN,7.096910013008056,CHEMBL1688415,284,2010.0
Cc1nc(C(=O)NC2CC2)cc(-c2ccc(F)cc2F)c1CN,6.17134010346468,CHEMBL1688419,284,2010.0
Cc1nc(C(=O)NCC#N)cc(-c2ccc(Cl)cc2Cl)c1CN,8.0,CHEMBL1688431,284,2010.0
Cc1nc2c(o1)CN(C1COC(c3cc(F)ccc3F)C(N)C1)C2,7.958607314841775,CHEMBL2425068,284,2013.0
Cc1nc2c(s1)CN(C(=O)CC(N)Cc1cc(F)ccc1F)CC2,6.318758762624412,CHEMBL196333,284,2005.0
Cc1nc(C(N)=O)cc(-c2ccc(Cl)cc2Cl)c1CN,7.795880017344075,CHEMBL1688425,284,2010.0
Cc1nc2cc(-c3ccccc3)nn2c(C)c1C(=O)NCC(C)(C)NCC(=O)N1CCCC1C#N,7.552841968657781,CHEMBL1929394,284,2011.0
Cc1nc2cc(C(C)(C)C)nn2c(C)c1C(=O)NCC(C)(C)NCC(=O)N1CCCC1C#N,7.096910013008056,CHEMBL1929393,284,2011.0
Cc1ccccc1Cn1c(N2CCCC(N)C2)nc2c3cc(C(=O)O)ccc3n(C)c(=O)c21,7.958607314841775,CHEMBL2147058,284,2012.0
Cc1cccc(C)c1C1CNC(C(=O)N2CCCC2C#N)C1,8.214670164989233,CHEMBL396513,284,2007.0
NCCCCC(NC(=O)OCc1ccccc1)C(=O)N1CCCC1P(=O)(Oc1ccccc1)Oc1ccccc1,5.318758762624412,CHEMBL439205,284,2007.0
NCC1(c2cccc(Cl)c2)CCC(N2CCn3c(nnc3C(F)(F)F)C2)CC1,7.397940008672037,CHEMBL3112970,284,2014.0
Cn1c(=O)[nH]c2ccc(-c3ccccc3Cl)c(CN)c21,7.2839966563652,CHEMBL257852,284,2008.0
Cc1nc(CN2C(=O)c3c(nc(N4CCCC(N)C4)n3CC#N)N3CCN=C23)nc2ccccc12,6.269217724333611,CHEMBL4443070,284,2016.0
Cc1nc(CN2C(=O)c3c(nc(N4CCCC(N)C4)n3CC(=O)C3CC3)N3CCN=C23)nc2ccccc12,8.355561410532161,CHEMBL4464819,284,2016.0
NC1CN(c2cc(N3CCc4nocc4C3)ncn2)CC1c1ccccc1,8.795880017344075,CHEMBL1683560,284,2011.0
Cc1nc(CN2C(=O)c3c(nc(N4CCCC(N)C4)n3CC3CC3(F)F)N3CCN=C23)nc2ccccc12,7.85078088734462,CHEMBL3675634,284,2014.0
Cc1nc(CN2C(=O)c3c(nc(N4CCCC(N)C4)n3CC3CC3)N3CCN=C23)nc2ccccc12,8.088842391260023,CHEMBL3675627,284,2014.0
Cc1nc(CN2C(=O)c3c(nc(N4CCCC(N)C4)n3CC3CCC3)N3CCN=C23)nc2ccccc12,7.534617148551582,CHEMBL3675635,284,2014.0
NCC1(c2cccc(Cl)c2)CCC(n2ncccc2=O)CC1,6.698970004336019,CHEMBL3112957,284,2014.0
NCC1(c2cccc(Cl)c2)CCC(n2nc(-c3cccnc3)ccc2=O)CC1,8.397940008672037,CHEMBL3112960,284,2014.0
Cc1nc(CN2C(=O)c3c(nc(N4CCCC(N)C4)n3Cc3cc(F)cs3)N3CCN=C23)nc2ccccc12,7.542118103266008,CHEMBL4563476,284,2016.0
Cc1nc(CN2C(=O)c3c(nc(N4CCCC(N)C4)n3Cc3cccc(F)c3)N3CCN=C23)nc2ccccc12,7.714442690992226,CHEMBL3675625,284,2014.0
NCC1(c2cccc(Cl)c2)CCC(n2nc(-c3ccccc3)ccc2=O)CC1,8.522878745280337,CHEMBL3112959,284,2014.0
NCC1(c2cccc(Cl)c2)CCC(N2CCn3c(nnc3C(F)(F)F)C2=O)CC1,8.154901959985743,CHEMBL3112967,284,2014.0
Cc1nc(CN2C(=O)c3c(nc(N4CCCC(N)C4)n3C)N3CCN=C23)nc2ccccc12,6.268411234813261,CHEMBL3675623,284,2014.0
Cc1nc(C(=O)N2CCCC2)cc(-c2ccc(Cl)cc2Cl)c1CN,7.356547323513812,CHEMBL1688428,284,2010.0
Cc1cccc(-c2nnc3ccc(N4CCN(C(=O)c5ccccc5)CC4)nn23)c1,8.647817481888637,CHEMBL4529301,284,2020.0
Cc1nccnc1C(=O)N1CCC(C(N)Cc2cc(F)c(F)cc2F)CC1,7.657577319177793,CHEMBL485124,284,2009.0
Cc1nc(N2CCN(C(=O)C3CNC(C(=O)N4CCCC4)C3)CC2)sc1C,6.3872161432802645,CHEMBL271870,284,2008.0
Cc1ccccc1-c1ccc2ncn(C)c2c1CN,7.008773924307505,CHEMBL256625,284,2008.0
Cc1ccc2c(c1)CN(C(=O)C1CNC(C(=O)N3CCCC3)C1)C2,7.142667503568731,CHEMBL209981,284,2006.0
Cc1ccc2c(c1)c1nc(N3CCCC(N)C3)n(Cc3ccccc3Cl)c1c(=O)n2C,7.026872146400302,CHEMBL2147076,284,2012.0
Cc1ccc2c(c1)nc1n2CC(N)C(c2cc(F)c(F)cc2F)C1,7.744727494896693,CHEMBL562953,284,2009.0
Cc1ccc2c3nc(N4CCCC(N)C4)n(Cc4ccccc4Cl)c3c(=O)n(C)c2c1,6.468521082957745,CHEMBL2147192,284,2012.0
NC1CN(c2ncc(Oc3c[nH]nc3C3=CCC(F)(F)CC3)cn2)CC1c1cc(F)c(F)cc1F,8.221848749616356,CHEMBL4642801,284,2020.0
NC1CN(c2ncnc(-c3ccccc3)n2)CC1N1CCCCC1=O,7.229147988357855,CHEMBL1683567,284,2011.0
NC1CN(c2cc(-c3cc(F)c(F)cc3F)ncn2)CC1N1CCCCC1=O,7.327902142064282,CHEMBL1683559,284,2011.0
Cc1ncsc1C1CC1NC(=O)CC(C)(C)NCC(=O)N1CC(F)CC1C#N,7.873262919429464,CHEMBL474767,284,2009.0
NC1CN(c2ncnc(N3CCC(F)(F)C3)n2)CC1N1CC(F)(F)CCC1=O,7.638272163982407,CHEMBL1683571,284,2011.0
NC1Cn2c(nc3cc(C(F)(F)F)ccc32)CC1c1cc(F)c(F)cc1F,7.853871964321762,CHEMBL552479,284,2009.0
NC1Cn2c(nc3cc(F)ccc32)CC1c1cc(F)c(F)cc1F,7.113509274827518,CHEMBL552071,284,2009.0
Cn1c(=O)c(C(C)(NN)Nc2ccccc2)c(O)c2ccccc21,6.136677139879544,CHEMBL3310986,284,2014.0
NC1Cn2c(nc3cc(C(=O)O)ccc32)CC1c1cc(F)c(F)cc1F,7.886056647693163,CHEMBL563383,284,2009.0
NC1Cc2c(ccc3ccc(=O)oc23)OC1c1cc(F)c(F)cc1F,6.684638513020665,CHEMBL3952716,284,2016.0
NC1Cc2c(ccc3ccccc23)OC1c1cc(F)c(F)cc1F,6.9582126810282485,CHEMBL3926320,284,2016.0
NC1CN(c2cc(-c3cc(F)c(F)cc3F)ncn2)CC1N1CCCC1=O,6.311580177997289,CHEMBL1683558,284,2011.0
NC1CN(Cc2cnc3ccccc3c2)CC1C(=O)N1CCCC1,7.568636235841012,CHEMBL250852,284,2007.0
Cc1nn(-c2ccc(F)cc2)c2c1CN(C(=O)CC(N)Cc1cc(F)ccc1F)CC2,6.455931955649724,CHEMBL193885,284,2005.0
NC1Cn2c(nc3c(F)cccc32)CC1c1cc(F)c(F)cc1F,7.522878745280337,CHEMBL537962,284,2009.0
NC1Cn2c(nc3c(F)cc(F)cc32)CC1c1cc(F)c(F)cc1F,7.327902142064282,CHEMBL558253,284,2009.0
NC1Cn2c(nc3c(F)c(F)c(F)cc32)CC1c1cc(F)c(F)cc1F,7.657577319177793,CHEMBL562530,284,2009.0
NC1CN(Cc2ccc(F)c(F)c2)CC1C(=O)N1CCCC1,7.096910013008056,CHEMBL428937,284,2007.0
NC1CN(Cc2ccc(-c3csnn3)cc2)CC1C(=O)N1CCCC1,7.040958607678906,CHEMBL250611,284,2007.0
NC1CN(Cc2ccc(-n3cncn3)cc2)CC1C(=O)N1CCCC1,7.161150909262744,CHEMBL249174,284,2007.0
NC1CN(c2ncnc(N3CCC(F)(F)C3)n2)CC1N1CCCCC1=O,7.431798275933005,CHEMBL1683569,284,2011.0
Cn1c(=O)c2c(nc(N3CCCC(N)C3)n2Cc2ccccc2Cl)c2c(C(=O)O)cccc21,7.267606240177031,CHEMBL2147084,284,2012.0
Cc1nc(N2CCN(C(=O)C3CNC(C(=O)N4CCCC4)C3)CC2)no1,6.218963061378869,CHEMBL270395,284,2008.0
Cn1c(=O)c2c(cc(N3CCCC(C)(N)C3)n2Cc2cc(F)ccc2C#N)n(C)c1=O,8.958607314841775,CHEMBL1819090,284,2011.0
NC1CN(C(=O)c2ccc(-n3cnnn3)cc2)CC1C(=O)N1CCCC1,7.522878745280337,CHEMBL249427,284,2007.0
NC1Cn2c(nc3ccccc32)CC1c1cc(F)c(F)cc1F,7.167491087293763,CHEMBL549913,284,2009.0
NC1Cn2c(nc3ccc(OC(F)(F)F)cc32)CC1c1cc(F)c(F)cc1F,7.275724130399211,CHEMBL563155,284,2009.0
Cn1c(=O)c2c(nc(N3CCCC(N)C3)n2Cc2ccccc2)n(C)c1=O,7.086186147616283,CHEMBL399216,284,2007.0
Cc1nc(N2CC(N)C(N3CC(F)(F)CCC3=O)C2)cc(N2CCC(F)(F)C2)n1,7.886056647693163,CHEMBL1683572,284,2011.0
NC1CN(C(=O)c2ccc3ccccc3c2)CC1C(=O)N1CCCC1,7.102372908709558,CHEMBL248838,284,2007.0
Cn1c(=O)c2c(nc(N3CCCC(N)C3)n2Cc2ccccc2)c2cc(C(=O)O)ccc21,7.1938200260161125,CHEMBL2147086,284,2012.0
NC1CN(C(=O)c2ccc3ncccc3c2)CC1C(=O)N1CCCC1,7.42021640338319,CHEMBL249620,284,2007.0
Cn1c(=O)c2c(nc(N3CCCC(N)C3)n2Cc2cccc(Cl)c2)c2cc(C(=O)O)ccc21,6.958607314841775,CHEMBL2147049,284,2012.0
NC1CN(C(=O)c2ccc3ncsc3c2)CC1C(=O)N1CCCC1,7.376750709602099,CHEMBL399247,284,2007.0
NC1CN(C(=O)c2cnc3ccccc3c2)CC1C(=O)N1CCCC1,7.309803919971486,CHEMBL249826,284,2007.0
NC1CN(C(=O)c2cnc3ccccc3n2)C(=O)C1C(=O)N1CCCC1,7.187086643357144,CHEMBL399348_CHEMBL428936,284,
Cn1c(=O)c2c(c(C#N)c(N3CCCC(N)C3)n2Cc2ccccc2)n(C)c1=O,8.0,CHEMBL1951597,284,2012.0
NC1CN(C(=O)c2cnc3ccccc3n2)CC1C(=O)N1CCCC1,7.187086643357144,CHEMBL1230044,284,2013.0
NC1Cn2c(nc3ccc(F)cc32)CC1c1cc(F)c(F)cc1F,7.769551078621726,CHEMBL560669,284,2009.0
Cc1ncn(-c2ccc(CN3CC(N)C(C(=O)N4CCCC4C#N)C3)cc2)n1,8.275724130399212,CHEMBL248794,284,2007.0
Cc1nc(N2CCCC(N)C2)n(Cc2ccccc2C#N)c(=O)c1-c1ccoc1,7.113509274827518,CHEMBL1650419,284,2011.0
Cn1c(=O)c2c(nc(N3CCCC(N)C3)n2Cc2cc(F)ccc2Cl)c2ccc(C(=O)O)cc21,9.318758762624412,CHEMBL2147070,284,2012.0
NC1Cn2c(nc3ccc(C(F)(F)F)cc32)CC1c1cc(F)c(F)cc1F,7.327902142064282,CHEMBL550801,284,2009.0
Cc1nc(N2CCCC(N)C2)n(Cc2ccccc2C#N)c(=O)c1Br,8.096910013008056,CHEMBL1650406,284,2011.0
Cc1nc(N2CCCC(N)C2)n(Cc2ccccc2C#N)c(=O)c1C,8.0,CHEMBL1650409,284,2011.0
Cn1c(=O)c2c(nc(N3CCCC(N)C3)n2Cc2cc(F)ccc2Cl)c2cc(C(=O)O)ccc21,8.318758762624412,CHEMBL2147069,284,2012.0
Cn1c(=O)c2c(nc(N3CCCC(N)C3)n2Cc2cc(Cl)ccc2Cl)c2cc(C(=O)O)ccc21,7.602059991327962,CHEMBL2147068,284,2012.0
Cn1c(=O)c2c(nc(N3CCCC(N)C3)n2CCc2ccccc2Cl)c2cc(C(=O)O)ccc21,5.455931955649724,CHEMBL2147064,284,2012.0
Cn1c(=O)c2c(nc(N3CCCC(N)C3)n2CC2CCCCC2)c2cc(C(=O)O)ccc21,5.050609993355087,CHEMBL2147065,284,2012.0
Cn1c(=O)c2c(cc(N3CCCC(N)C3)n2Cc2cc(F)ccc2C#N)n(C)c1=O,9.468521082957745,CHEMBL1819089,284,2011.0
Cc1nc(N2CCCC(N)C2)n(Cc2ccccc2C#N)c(=O)c1-c1ccccc1,6.267606240177031,CHEMBL1650415,284,2011.0
Cc1nc(C(=O)C2CCCN2C(=O)CNC23CC4CC(CC(C4)C2)C3)no1,6.6777807052660805,CHEMBL233996,284,2007.0
Cc1nc(C(=O)N2CCCC2)cc(-c2ccc(F)cc2)c1CN,6.163675884293248,CHEMBL1688416,284,2010.0
Cc1nc2c(cnn2-c2ccccc2)c(=O)n1-c1ccccn1,5.3979400086720375,CHEMBL3618036,284,2015.0
Cc1ccnc(-n2c(C)nc3c(cnn3-c3ccccc3)c2=O)c1,5.97469413473523,CHEMBL3618038,284,2015.0
Cn1c(=O)c2c(nc(N3CCCC(N)C3)n2Cc2ccccc2Cl)c2cc(C(N)=O)ccc21,7.853871964321762,CHEMBL2147080,284,2012.0
NC1CC(N2Cc3cnc(C4CC4)nc3C2)COC1c1cc(F)c(F)cc1F,9.18045606445813,CHEMBL2425061,284,2013.0
NC1CN(c2cc(N3CCC(F)(F)C3)ncn2)CC1N1CC(F)(F)CCC1=O,8.075720713938118,CHEMBL1683570,284,2011.0
NC1CC(N2Cc3cnc4nc(C5CC5)nn4c3C2)CCC1c1cc(F)c(F)cc1F,8.769551078621726,CHEMBL3805346,284,2016.0
NC1CN(c2cc(NC3CC3)ncn2)CC1N1CCCC1=O,5.853871964321762,CHEMBL1683564,284,2011.0
Cc1nsc(N2CCN(C(=O)C3CC(C(=O)N4CCCC4)NC3C)CC2)n1,7.537602002101044,CHEMBL269953,284,2008.0
NC1CN(c2cc(N3CCC(F)(F)C3)ncn2)CC1N1CCCCC1=O,7.585026652029182,CHEMBL1683568,284,2011.0
NC1CN(c2cc(NC3CC3)ncn2)CC1N1CCCCC1=O,7.130768280269024,CHEMBL1683565,284,2011.0
Cc1ccn2nc3c(c2n1)CN(C1COC(c2cc(F)ccc2F)C(N)C1)C3,8.823908740944319,CHEMBL3805400,284,2016.0
Cc1ccn2nc3c(c2n1)CN(C1CCC(c2cc(F)c(F)cc2F)C(N)C1)C3,6.482595563042013,CHEMBL3804854_CHEMBL3806239,284,
NC1CN(c2cc(NC3CC3)ncn2)CC1c1ccccc1,7.721246399047171,CHEMBL1683563,284,2011.0
NC1CN(c2cc(N3CCc4nocc4C3)ncn2)CC1N1CCCC1=O,6.815308569182401,CHEMBL1683561,284,2011.0
Cc1nsc(N2CCCN(C(=O)C3CNC(C(=O)N4CCCC4)C3)CC2)n1,6.508638306165727,CHEMBL257742,284,2008.0
Cn1c(=O)c2c(nc(N3CCCC(N)C3)n2Cc2ccccc2Cl)c2cc(C(=O)O)ccc21,8.236572006437063,CHEMBL2147082,284,2012.0
NC1CC(N2Cc3cnc4nnc(C5CC5)n4c3C2)CCC1c1cc(F)c(F)cc1F,9.619788758288394,CHEMBL3806041,284,2016.0
Cc1nc(C(=O)C2CCCN2C(=O)CNC(C)(C)CO)no1,7.113509274827518,CHEMBL234911,284,2007.0
NC1CC(N2Cc3nn4c(C(F)(F)F)ccnc4c3C2)CCC1c1cc(F)c(F)cc1F,8.958607314841775,CHEMBL3805179,284,2016.0
NC1CC(N2Cc3nn4c(C(F)(F)F)ccnc4c3C2)COC1c1cc(F)c(F)cc1F,8.853871964321762,CHEMBL3805937,284,2016.0
NC1CC(N2Cc3nn4ccc(C(F)(F)F)nc4c3C2)CCC1c1cc(F)c(F)cc1F,8.958607314841775,CHEMBL3805871,284,2016.0
NC1CC(N2Cc3nn4ccc(C(F)(F)F)nc4c3C2)COC1c1cc(F)c(F)cc1F,8.823908740944319,CHEMBL3805502,284,2016.0
NC1CC(N2Cc3nn4cccnc4c3C2)CCC1c1cc(F)c(F)cc1F,8.431798275933005,CHEMBL3806003,284,2016.0
NC1CC(N2Cc3nn4cccnc4c3C2)COC1c1cc(F)ccc1F,9.154901959985745,CHEMBL3806216,284,2016.0
Cc1ccnc2c3c(nn12)CN(C1CCC(c2cc(F)c(F)cc2F)C(N)C1)C3,6.903354198710241,CHEMBL3804994_CHEMBL3805696,284,
NC1CC(N2Cc3nn4cncnc4c3C2)COC1c1cc(F)ccc1F,8.455931955649724,CHEMBL3805353,284,2016.0
Cc1ccnc2c3c(nn12)CN(C1COC(c2cc(F)ccc2F)C(N)C1)C3,8.537602002101044,CHEMBL3804950,284,2016.0
Cc1nsc(N2CCN(C(=O)C3CNC(C(=O)N4CCSC4)C3)CC2)n1,7.744727494896693,CHEMBL403449,284,2008.0
NC1CC(N2Cc3ccccc3O2)COC1c1cc(F)ccc1F,6.903089986991944,CHEMBL2425067,284,2013.0
Cc1nsc(N2CCN(C(=O)C3CC(C(=O)N4CCSC4)NC3C)CC2)n1,7.853871964321762,CHEMBL269952,284,2008.0
Cc1nsc(N2CCN(C(=O)C3CNC(C(=O)N4CCCC4)C3)CC2)n1,7.698970004336019,CHEMBL256691,284,2008.0
CC1C(=O)NCN1C(=O)CC(N)Cc1cc(F)ccc1F,6.795880017344075,CHEMBL384816,284,2007.0
CC1C(=O)NCCN1C(=O)CC(N)Cc1cc(F)ccc1F,7.050609993355087,CHEMBL217015,284,2007.0
NC1CN(c2cc(-c3ccccc3)ncn2)CC1c1cc(F)c(F)cc1F,7.781918676479622,CHEMBL236705_CHEMBL246782,284,
Cc1csc(NC2c3cc(I)ccc3N=C(c3ccccc3)N2N=Cc2cccc([N+](=O)[O-])c2)n1,8.913640169325252,CHEMBL4238698,284,2018.0
Cc1csc(N2CCN(C(=O)C3CNC(C(=O)N4CCCC4)C3)CC2)n1,7.2839966563652,CHEMBL273206,284,2008.0
NC1CC(N2Cc3cn(S(=O)(=O)C4CC4)nc3C2)C(C(F)(F)F)OC1c1cc(F)ccc1F,7.931814138253838,CHEMBL4636223,284,2020.0
NC1CC(N2Cc3cn(S(=O)(=O)C4CCCC4)nc3C2)C(C(F)(F)F)OC1c1cc(F)ccc1F,7.576754126063192,CHEMBL4634474,284,2020.0
Cc1cnc(N2CCN(C(=O)C3CNC(C(=O)N4CCCC4)C3)CC2)s1,6.468521082957745,CHEMBL439067,284,2008.0
Cc1cn(CCC(N)Cc2cc(F)c(F)cc2F)nn1,6.876148359032914,CHEMBL4747721,284,2021.0
NC1CC(N2Cc3cn[nH]c3C2)COC1c1cc(F)c(Cl)cc1F,7.318758762624412,CHEMBL2425073,284,2013.0
NC1CC(N2Cc3cn[nH]c3C2)COC1c1cc(F)c(F)cc1F,9.0,CHEMBL2425075,284,2013.0
NC1CC(N2Cc3cn[nH]c3C2)COC1c1cc(F)ccc1Cl,7.431798275933005,CHEMBL2425074,284,2013.0
NC1CC(N2Cc3cn[nH]c3C2)COC1c1ccc(F)cc1F,7.568636235841012,CHEMBL2425072,284,2013.0
CC1C(=O)NCCCN1C(=O)CC(N)Cc1cc(F)ccc1F,7.853871964321762,CHEMBL217016,284,2007.0
NC1CN(c2cc(-c3ccccc3)ncn2)CC1c1ccccc1,6.102372908709558,CHEMBL237758,284,2007.0
NC1CC(N2Cc3cn[nH]c3C2)COC1c1ccccc1Cl,7.1938200260161125,CHEMBL2425071,284,2013.0
NC1CC(N2Cc3cnc(C(F)(F)F)nc3C2)CCC1c1cc(F)c(F)cc1F,9.30102999566398,CHEMBL2425059,284,2013.0
NC1CN(c2cc(-c3ccccc3Cl)ncn2)CC1c1cc(F)c(F)cc1F,6.585026652029182,CHEMBL236706,284,2007.0
NC1CC(N2Cc3cnc(C(F)(F)F)nc3C2)COC1c1cc(F)c(F)cc1F,8.886056647693163,CHEMBL2425060,284,2013.0
NC1CN(c2cc(-c3ccccc3F)ncn2)CC1c1cc(F)c(F)cc1F,7.244125144327507,CHEMBL391048,284,2007.0
NC1CN(c2cc(-c3cccnc3)ncn2)CC1c1cc(F)c(F)cc1F,7.508638306165727,CHEMBL237785,284,2007.0
NC1CC(N2Cc3nn4nccnc4c3C2)COC1c1cc(F)ccc1F,9.920818753952377,CHEMBL3806052,284,2016.0
NC1CC(N2Cc3nc(C(F)(F)F)[nH]c3C2)COC1c1cc(F)ccc1F,8.795880017344075,CHEMBL2425069,284,2013.0
Cc1nsc(C2CCN(C(=O)C3CNC(C(=O)N4CCCC4)C3)CC2)n1,6.455931955649724,CHEMBL404159,284,2008.0
NC1CN(c2ccc(-n3ccc(OCc4ccccc4)cc3=O)cn2)CC1c1cc(F)ccc1F,5.782516055786093,CHEMBL2011528,284,2012.0
NC1CC(n2cc3cnc(C4CC4)nc3c2)COC1c1cc(F)c(F)cc1F,6.853871964321762,CHEMBL2425062,284,2013.0
Cc1nnc(C(F)(F)F)n1C1CCN(C(=O)CC(N)Cc2cc(F)c(F)cc2F)CC1,7.0,CHEMBL3425753,284,2015.0
Cc1nnc(C(=O)C2CSCN2C(=O)CNC23CC4CC(CC(C4)C2)C3)o1,6.649751981665837,CHEMBL232111,284,2007.0
NC1CN(c2cc(-c3cccc(C(F)(F)F)c3)ncn2)CC1c1cc(F)c(F)cc1F,7.1487416512809245,CHEMBL236084,284,2007.0
Cc1nnc(C(=O)C2CCCN2C(=O)CNC23CC4CC(CC(O)(C4)C2)C3)o1,6.4698003017969175,CHEMBL391269,284,2007.0
Cc1nnc(C(=O)C2CCCN2C(=O)CNC23CC4CC(CC(C4)C2)C3)o1,7.075720713938118,CHEMBL232725,284,2007.0
NC1CC(N2Cc3ccccc3C2=O)COC1c1cc(F)ccc1F,6.142667503568731,CHEMBL2425066,284,2013.0
NC1CN(c2cc(-c3cccc(C(=O)O)c3)ncn2)CC1c1cc(F)c(F)cc1F,8.301029995663981,CHEMBL236508_CHEMBL245585,284,
NC1CN(c2cc(-c3ccc(F)cc3)ncn2)CC1c1cc(F)c(F)cc1F,7.292429823902063,CHEMBL236923,284,2007.0
NC1CN(c2cc(-c3ccc(Cl)cc3)ncn2)CC1c1cc(F)c(F)cc1F,6.327902142064282,CHEMBL412585,284,2007.0
Cn1c(-c2cccnc2)nc2ccc(-c3ccccc3Cl)c(CN)c21,7.958607314841775,CHEMBL261246,284,2008.0
CC1CCC(C)(NCC(=O)N2C(C#N)CCC2C#N)C1,6.112945621949043,CHEMBL207620,284,2006.0
Cc1nnc(C(=O)C2CCCN2C(=O)CNC(C)(C)CO)o1,6.5934598195660445,CHEMBL232572,284,2007.0
Cc1nnc(C(=O)C2CC(F)CN2C(=O)CNC23CC4CC(CC(C4)C2)C3)o1,7.275724130399211,CHEMBL233136,284,2007.0
NC1CN(c2ccc(-n3ccc(OCc4ccccc4)cc3=O)cn2)CCC1c1cc(F)c(F)cc1F,6.455931955649724,CHEMBL2011535,284,2012.0
Cc1nnc(C(=O)C2CC(F)(F)CN2C(=O)CNC23CC4CC(CC(C4)C2)C3)o1,6.167491087293763,CHEMBL233337,284,2007.0
Cc1nnc(-c2ccc(CN3CC(N)C(C(=O)N4CCCC4C#N)C3)cc2)o1,8.070581074285707,CHEMBL399726,284,2007.0
NC1CN(c2cc(N3CCc4nocc4C3)ncn2)CC1N1CCCCC1=O,7.920818753952375,CHEMBL1683562,284,2011.0
Cc1nnc(-c2ccc(CN3CC(N)C(C(=O)C4C(F)CCC4C#N)C3)cc2)o1,8.275724130399212,CHEMBL249602,284,2007.0
Cc1nc(C(=O)C2CCCN2C(=O)CNC(C)(C)C(=O)O)no1,5.100234198055614,CHEMBL231698,284,2007.0
NC1CN(c2cc(-c3cccc(CO)c3)ncn2)CC1c1cc(F)c(F)cc1F,7.494850021680094,CHEMBL391252,284,2007.0
NC1CN(c2cc(-c3cccc(Cl)c3)ncn2)CC1c1cc(F)c(F)cc1F,6.721246399047171,CHEMBL237341,284,2007.0
Cn1c(=O)c(Cl)c(N2CCCC(N)C2)n(Cc2ccccc2C#N)c1=O,7.244125144327507,CHEMBL1650436,284,2011.0
Cc1nnc2ncc3c(n12)CN(C1CCC(c2cc(F)c(F)cc2F)C(N)C1)C3,9.2518119729938,CHEMBL3806023,284,2016.0
NC1CN(c2cc(-c3cccc([N+](=O)[O-])c3)ncn2)CC1c1cc(F)c(F)cc1F,6.920818753952375,CHEMBL399207,284,2007.0
NC1CN(c2cc(-c3cccc(F)c3)ncn2)CC1c1cc(F)c(F)cc1F,7.573150894111913,CHEMBL237343,284,2006.0
Cc1sc(C2(NC(=O)CC(N)Cc3ccccc3F)CCS(=O)(=O)CC2)nc1-c1ccccc1,7.142667503568731,CHEMBL2206487,284,2012.0
Cc1nnn2c1CN(C(=O)CC(N)Cc1cc(F)c(F)cc1F)CC2,7.113170995323018,CHEMBL1681811,284,2011.0
NC1CN(c2cc(-c3cccc(Cl)c3)ncn2)CC1c1ccccc1,5.537602002101044,CHEMBL392697,284,2007.0
NC1CN(c2cc(-c3cccc(OC(F)(F)F)c3)ncn2)CC1c1cc(F)c(F)cc1F,5.886056647693163,CHEMBL236085,284,2007.0
NC1CN(c2ccc(-n3ccc(OCc4ccccc4)cc3=O)cn2)CC1c1cc(F)c(F)cc1F,5.958607314841775,CHEMBL2011534,284,2012.0
Cn1c(=O)c2c(nc(N3CCCC(N)C3)n2Cc2ccccc2Cl)c2c(CC(=O)O)cccc21,7.769551078621726,CHEMBL2147085,284,2012.0
NC1CN(c2cc(-c3cccc(O)c3)ncn2)CC1c1cc(F)c(F)cc1F,7.154901959985743,CHEMBL237569,284,2007.0
