nonstereo_aromatic_smiles,pIC50,chembl_cid,Target ID,year
Cc1nc(NC(=O)N2CCC(C)C2C(N)=O)sc1-c1csc(C(C)(C)C)n1,7.657577319177793,CHEMBL3608926,4005,2015.0
CC(=O)NC1CCN(Cc2cc3nc(-c4cccc5[nH]ccc45)nc(N4CCOCC4)c3s2)CC1,5.499999678657065,CHEMBL4469603,4005,2019.0
OCc1cccc(-c2nc(N3CCOCC3)c3[nH]ccc3n2)c1,7.187086643357144,CHEMBL1089767,4005,2010.0
Cc1nc(NC(=O)N2CC(O)CC2C(N)=O)sc1-c1csc(C(C)(C)C)n1,7.112231182609522,CHEMBL3608931_CHEMBL3608932,4005,
Cc1cc(NCc2ccccc2C)c2nc(N3CCOCC3)cc(=O)n2c1,5.958607314841775,CHEMBL3218574,4005,2013.0
Oc1ccc(-c2nc(N3CCOCC3)c3ncccc3n2)cc1,5.8124792791635365,CHEMBL3109123,4005,2014.0
O=C(Nc1ccc(-c2nc(N3CCOCC3)c3ncccc3n2)cc1)Nc1cccnc1,7.346787486224656,CHEMBL3109146,4005,2014.0
O=C(Nc1ccc(-c2nc(N3CCOCC3)c3nnn(C4CC4)c3n2)cc1)Nc1cccnc1,7.978810700930062,CHEMBL601462,4005,2010.0
O=C(Nc1ccc(-c2nc(N3CCOCC3)c3nnn(C4CC4)c3n2)cc1)Nc1cccs1,8.522878745280337,CHEMBL601073,4005,2013.0
Fc1cccc(Cn2cc(C=NNc3nc(N4CCOCC4)c4sccc4n3)c3ccccc32)c1,5.628932137728263,CHEMBL2088442,4005,2015.0
Cc1nc(NC(=O)N2CC(N(C)C)CC2C(N)=O)sc1-c1csc(C2(C)CC2)n1,6.2839966563652006,CHEMBL3608934,4005,2015.0
CCc1nn2c(O)cc(-c3ccncc3)nc2c1Cc1cccc(Cl)c1Cl,6.799998134593398,CHEMBL2322338,4005,2013.0
OCc1cccc(-c2nc(N3CCOCC3)c3cc[nH]c3n2)c1,7.096910013008056,CHEMBL1088833,4005,2010.0
Cc1nc(NC(=O)N2CCC(C)C2C(N)=O)sc1-c1ccnc(C(C)(C)C(F)(F)F)c1,7.721246399047171,CHEMBL3605178,4005,2015.0
CCc1nc2ccccc2n1-c1nc(N2CCOCC2)c2sc(CN3CCN(C(=O)C4CC4)CC3=O)cc2n1,7.075720713938118,CHEMBL4788952,4005,2020.0
OCc1cccc(-c2nc(N3CCOCC3)c3cccnc3n2)c1,6.571865205971211,CHEMBL3109138,4005,2014.0
O=C(Nc1ccc(-c2csc3c(=O)cc(N4CCOCC4)oc23)cc1)c1cccnc1,7.275724130399211,CHEMBL2326955,4005,2013.0
Oc1cc(-c2ccncc2)nc2c(Cc3cccc(Cl)c3Cl)c(C(F)(F)F)nn12,6.199998172182031,CHEMBL2322341,4005,2013.0
Oc1cc(C2CCOCC2)nc2c(Cc3cccc(Cl)c3Cl)c(C(F)(F)F)nn12,5.59999938302362,CHEMBL2322342,4005,2013.0
O=C(Nc1ccc(-c2csc3c(=O)cc(N4CCOCC4)oc23)cc1)c1ccncc1,7.853871964321762,CHEMBL2326959,4005,2013.0
CCc1nc2ccccc2n1-c1nc(N2CCOCC2)c2sc(CN3CCN(C(=O)C4CCC4)CC3=O)cc2n1,6.931814138253838,CHEMBL4752490,4005,2020.0
Oc1cc(N2CCOCC2)nc2c(Cc3cccc(Cl)c3Cl)c(C(F)(F)F)nn12,6.699991797446187,CHEMBL2322340,4005,2013.0
CCc1nc2ccccc2n1-c1nc(N2CCOCC2)c2sc(CN3CCN(C4CCCC4)C(=O)C3)cc2n1,6.6020599913279625,CHEMBL4750636,4005,2020.0
O=C(Nc1ccc(-c2nc(N3CCOCC3)c3ncccc3n2)cc1)Nc1cccc(CO)c1,7.397940008672037,CHEMBL3109141,4005,2014.0
Cc1nc(NC(=O)N2CCC(C)C2C(N)=O)sc1-c1csc(C2(C(F)(F)F)CC2)n1,7.853871964321762,CHEMBL3608927,4005,2015.0
CCc1nc2ccccc2n1-c1nc(N2CCOCC2)c2sc(CN3CCN(C4CCCC4)CC3=O)cc2n1,6.614393726401688,CHEMBL4753342,4005,2020.0
Cc1nc(NC(=O)N2CCC(O)C2C(N)=O)sc1-c1csc(C(C)(C)C)n1,7.619788758288394,CHEMBL3608928,4005,2015.0
CN1CCN(c2ncc(-c3csc4c(=O)cc(N5CCOCC5)oc34)cn2)CC1,6.462180904926726,CHEMBL2326951,4005,2013.0
OCc1cccc(-c2nc(N3CCOCC3)c3ncn(C4CCN(Cc5ccccc5)CC4)c3n2)c1,7.273723468385537,CHEMBL589142,4005,2010.0
OCc1cccc(-c2nc(N3CCOCC3)c3ncccc3n2)c1,7.214670164989233,CHEMBL3109126,4005,2014.0
CC(=O)NC1CCN(Cc2cc3nc(-c4cccc5[nH]ccc45)nc(N4CCOCC4)c3s2)C1,5.499999678657065,CHEMBL4580546,4005,2019.0
CCc1ncc(-c2ccc3ncn(CC(C)C(=O)NC)c(=O)c3c2)cc1NS(=O)(=O)c1ccc(F)cc1Cl,8.221848749616356,CHEMBL4637855,4005,2020.0
Cc1cc(N2CCc3c(-c4cccc(O)c4)nc(N4CCOCC4)nc32)ccn1,6.769551078621726,CHEMBL2314579,4005,2013.0
OCc1cccc(-c2nc(N3CCOCC3)c3nnn(C4CCN(Cc5ccccc5)CC4)c3n2)c1,7.080921907623926,CHEMBL592064,4005,2010.0
O=C(Nc1ccc(-c2nc(N3CCOCC3)c3ncccc3n2)cc1)Nc1cccc(O)c1,6.767003889607846,CHEMBL3109143,4005,2014.0
CC(=O)NC1CCCN(Cc2cc3nc(-c4cnc(N)nc4)nc(N4CCOCC4)c3s2)C1,6.900008766455316,CHEMBL4448306,4005,2019.0
CNC(=O)C(C)Cn1cnc2ccc(-c3cnc(C(F)(F)F)c(NS(=O)(=O)c4ccc(F)cc4Cl)c3)cc2c1=O,9.221848749616356,CHEMBL4644237,4005,2020.0
Fc1ccc2c(c1)nc1n2CCOc2ccc(Br)cc2-1,6.742321425130816,CHEMBL3401245,4005,2015.0
Cc1nc(NC(=O)N2CCCC2)sc1-c1ccnc(C(C)(C)C)c1,6.207608310501746,CHEMBL2397189,4005,2013.0
CNC(=O)CNc1nc(-c2cccc(O)c2)nc(N2CCOCC2)n1,6.136677139879544,CHEMBL3775745,4005,2015.0
CCC(C)C(N)C(=O)Nc1nc(C)c(-c2cnc(Cl)c(NS(=O)(=O)c3ccccc3)c2)s1,7.11975822410452,CHEMBL4159469,4005,2018.0
O=c1oc2ccccc2c2nn(CN3CCN(S(=O)(=O)c4ccc(Br)cc4)CC3)cc12,5.080921907623926,CHEMBL4540508,4005,2019.0
O=c1oc2ccccc2c2nn(CN3CCN(S(=O)(=O)c4ccc(C(F)(F)F)cc4)CC3)cc12,5.415668775632469,CHEMBL4452143,4005,2019.0
O=c1oc2ccccc2c2nn(CN3CCN(S(=O)(=O)c4ccc(Cl)c([N+](=O)[O-])c4)CC3)cc12,8.045757490560675,CHEMBL4468039,4005,2019.0
O=c1oc2ccccc2c2nn(CN3CCN(S(=O)(=O)c4ccc(Cl)cc4)CC3)cc12,5.809668301829708,CHEMBL4441408,4005,2019.0
O=c1oc2ccccc2c2nn(CN3CCN(S(=O)(=O)c4ccc(F)cc4)CC3)cc12,5.050122295963125,CHEMBL4513423,4005,2019.0
CCC(CC)CNc1c(C(N)=O)cnc2ccc(C#N)cc12,6.607303046740334,CHEMBL4593348,4005,2016.0
CCC(CC)c1nc(-c2sc(NC(=O)N3CCCC3C(N)=O)nc2C)cs1,7.055517327849831,CHEMBL3609539,4005,2015.0
O=c1oc2ccccc2c2nn(CN3CCN(S(=O)(=O)c4ccc([N+](=O)[O-])cc4)CC3)cc12,5.580044251510242,CHEMBL4568307,4005,2019.0
O=c1oc2ccccc2c2nn(CN3CCN(S(=O)(=O)c4cccc([N+](=O)[O-])c4)CC3)cc12,5.209011524911184,CHEMBL4469318,4005,2019.0
O=c1oc2ccccc2c2nn(S(=O)(=O)c3ccc(C(F)(F)F)cc3)cc12,5.931814138253838,CHEMBL4451013,4005,2019.0
O=c1oc2ccccc2c2nn(S(=O)(=O)c3ccc(Cl)c([N+](=O)[O-])c3)cc12,6.346787486224656,CHEMBL4566022,4005,2019.0
O=c1oc2ccccc2c2nn(S(=O)(=O)c3ccc([N+](=O)[O-])cc3)cc12,5.84163750790475,CHEMBL4440911,4005,2019.0
O=c1oc2ccccc2c2nn(S(=O)(=O)c3cccc([N+](=O)[O-])c3)cc12,5.432973633840939,CHEMBL4545402,4005,2019.0
Cc1nc(NC(=O)N2CCCC2(C)C(N)=O)sc1-c1csc(C2(C(F)(F)F)CC2)n1,7.0,CHEMBL3608925,4005,2015.0
CNC(=O)C1CCCN1C(=O)Nc1nc(C)c(-c2ccnc(C(C)(C)C)c2)s1,5.568636235841012,CHEMBL2397188,4005,2013.0
Cc1nc(NC(=O)N2CCCC2(C)C(N)=O)sc1-c1csc(C(C)(C)C)n1,7.522878745280337,CHEMBL3608924,4005,2015.0
CNC(=O)C(C)Cn1cnc2ccc(-c3cnc(OC)c(NS(=O)(=O)c4sccc4C)c3)cc2c1=O,8.387216143280265,CHEMBL4637007,4005,2020.0
CNC(=O)C(C)Cn1cnc2ccc(-c3cnc(OC)c(NS(=O)(=O)c4sc(C)nc4C)c3)cc2c1=O,9.30102999566398,CHEMBL4640081,4005,2020.0
Cc1nc(NC(=O)N2CCCC2C(=O)O)sc1-c1ccnc(C(C)(C)C(F)(F)F)c1,7.543633966870956,CHEMBL4800682,4005,2020.0
CN(C(=O)c1cc2c(s1)-c1ccccc1OCC2)C1CCCCC1,6.053056729302174,CHEMBL2322498,4005,2013.0
CNC(=O)N(C)C1CCCN(Cc2cc3nc(-c4cccc5[nH]ccc45)nc(N4CCOCC4)c3s2)C1,5.499999678657065,CHEMBL4452326,4005,2019.0
CNC(=O)N(C)C1CCCN(Cc2cc3nc(-c4cnc(N)nc4)nc(N4CCOCC4)c3s2)C1,7.100015437450609,CHEMBL4569315,4005,2019.0
CNC(=O)NC1CCN(Cc2cc3nc(-c4cccc5[nH]ncc45)nc(N4CCOCC4)c3s2)C1,6.499996931948306,CHEMBL4470887,4005,2019.0
CNC(=O)NC1CCN(Cc2cc3nc(-c4cccc5[nH]ccc45)nc(N4CCOCC4)c3s2)CC1,5.40000018605658,CHEMBL4575913,4005,2019.0
CN(C(=O)c1cc2c(s1)-c1ncccc1OCC2)c1ccccc1Cl,8.154901959985743,CHEMBL2322772,4005,2013.0
COc1cc(Nc2nc3ccccc3nc2S(=O)(=O)c2ccccc2)cc(OC)c1,7.154901959985743,CHEMBL1835252,4005,2011.0
Cc1ccc(-c2ccc3nc(N)sc3c2)cn1,6.0,CHEMBL3600691,4005,2015.0
COc1cc(Nc2nccc(-c3ccc(Cl)cc3)n2)cc(OC)c1OC,6.467245621007502,CHEMBL3134612,4005,2014.0
CCC(=O)Nc1nc(C)c(-c2cnc(Cl)c(NS(=O)(=O)c3ccccc3)c2)s1,8.638272163982407,CHEMBL4166220,4005,2018.0
CN(C(=O)c1cc2c(s1)-c1ccccc1OCC2)c1ccccc1Cl,7.795880017344075,CHEMBL1796271,4005,2011.0
CNC(=O)NC1CCN(Cc2cc3nc(-c4cccc5[nH]ccc45)nc(N4CCOCC4)c3s2)C1,5.499999678657065,CHEMBL4469156,4005,2019.0
CNC(=O)NC1CCCN(Cc2cc3nc(-c4cnc(N)nc4)nc(N4CCOCC4)c3s2)C1,7.100015437450609,CHEMBL4592893,4005,2019.0
CN(C(=O)c1cc2c(s1)-c1ccc(C(N)=O)cc1OCC2)c1ccccc1Cl,8.823908740944319,CHEMBL1796275,4005,2013.0
CNC(=O)NC1CCCN(Cc2cc3nc(-c4cccc5[nH]ncc45)nc(N4CCOCC4)c3s2)C1,6.499996931948306,CHEMBL4593752,4005,2019.0
CNC(=O)NC1CCCN(Cc2cc3nc(-c4cccc5[nH]ccc45)nc(N4CCOCC4)c3s2)C1,5.40000018605658,CHEMBL4440799,4005,2019.0
Cc1nc(NC(=O)N2CCCC2C(N)=O)sc1-c1ccnc(C(C)C)n1,7.795880017344075,CHEMBL2397193,4005,2013.0
CCC(C)C(N)C(=O)N1CCN(c2nc(N3CCOCC3)nc(-n3c(C(F)F)nc4ccccc43)n2)CC1,5.118435811600431,CHEMBL2322666,4005,2013.0
CN(C(=O)c1cc2c(s1)-c1ccccc1OCC2)c1ccc(F)cc1F,7.2839966563652,CHEMBL2322771,4005,2013.0
Cc1nc(NC(=O)N2CCCC2C(N)=O)sc1-c1ccnc(C(C)(C)C)n1,8.033428165228951,CHEMBL2397186,4005,2013.0
Cc1nc(NC(=O)N2CCCC2C(N)=O)sc1-c1ccnc(C(C)(C)C)c1,7.853871964321762,CHEMBL2397187_CHEMBL2397190,4005,
Cc1nc(NC(=O)N2CCCC2C(N)=O)sc1-c1ccnc(C(C)(C)C(F)(F)F)c1,8.201781067380074,CHEMBL2396661,4005,2013.0
Cc1nc(NC(=O)N2CCCC2C(N)=O)sc1-c1ccc(S(C)(=O)=O)c(F)c1,6.552841968657781,CHEMBL2071336,4005,2015.0
CNC(=O)N(C)C1CCN(Cc2cc3nc(-c4cccc5[nH]ncc45)nc(N4CCOCC4)c3s2)C1,6.0999990348465305,CHEMBL4461502,4005,2019.0
Cc1nc(NC(=O)N2CCCC2C(N)=O)sc1-c1cc(C(C)C)ncn1,6.494850021680094,CHEMBL2397195,4005,2013.0
O=C(Nc1ccc(O)cc1)Nc1ccc(-c2nc(N3CCOCC3)c3ncccc3n2)cc1,7.346787486224656,CHEMBL3109144,4005,2014.0
CNC(=O)C(C)Cn1cnc2ccc(-c3cnc(OC)c(NS(=O)(=O)c4cccc(Cl)c4Cl)c3)cc2c1=O,8.958607314841775,CHEMBL4640713,4005,2020.0
FC(F)(F)c1nncn1C1CCN(Cc2cc3nc(-c4cccc5[nH]ccc45)nc(N4CCOCC4)c3s2)CC1,5.40000018605658,CHEMBL4104716,4005,2017.0
Cc1nc(NC(=O)N2CCC3CC32C(N)=O)sc1-c1csc(C(C)(C)C)n1,6.7447274948966935,CHEMBL3608936,4005,2015.0
CC1(C)OCCN(c2cccc(-c3cc(C(F)(F)F)c4c(N)ncnn34)c2)C1=O,5.920818753952375,CHEMBL4061641,4005,2017.0
CCn1c(=O)c(-c2cc[nH]n2)cc2c(C)nc(N)nc21,7.4089353929735005,CHEMBL3545366,4005,2019.0
CC1(C)OCCN(c2cccc(-c3cc(-c4ccnn4CC(F)(F)F)c4c(N)ncnn34)c2)C1=O,5.080921907623926,CHEMBL4088828,4005,2017.0
O=C(Nc1ccc(Cl)c(C(F)(F)F)c1)N1CCN(c2nc3c(c(N4CCOCC4)n2)CS(=O)(=O)CC3)CC1,5.373659632624958,CHEMBL3792866,4005,2016.0
CC1(C)OCCN(c2cc(-c3cc(Cl)c4c(N)ncnn34)ccc2C#N)C1=O,7.267606240177031,CHEMBL4092654,4005,2017.0
C=CCN1CCN(Cc2cc3nc(-n4c(CC)nc5ccccc54)nc(N4CCOCC4)c3s2)C(=O)C1,6.530177984021837,CHEMBL4788725,4005,2020.0
O=C(Nc1ccc(CO)cc1)Nc1cccc(-c2nc(N3CCOCC3)c3ncccc3n2)c1,5.236572006437063,CHEMBL3109147,4005,2014.0
O=C(Nc1ccc(CO)cc1)Nc1ccc(-c2nc(N3CCOCC3)c3ncccc3n2)cc1,7.236572006437063,CHEMBL3109142,4005,2014.0
CNC(=O)C(C)Cn1cnc2ccc(-c3cnc(C)c(NS(=O)(=O)c4ccc(F)cc4Cl)c3)cc2c1=O,8.522878745280337,CHEMBL4643040,4005,2020.0
O=C(Nc1cc(-c2cccc3[nH]ccc23)cc2[nH]ncc12)c1ccccn1,5.0,CHEMBL4165288,4005,2017.0
CC1(C)OCCN(c2cccc(-c3cc(Cl)c4c(N)ncnn34)c2)C1=O,6.214670164989233,CHEMBL4067592,4005,2017.0
CC(=O)NC1CCCN(Cc2cc3nc(-c4cccc5[nH]ncc45)nc(N4CCOCC4)c3s2)C1,6.599997654072045,CHEMBL4465563,4005,2019.0
CC1(C)OCCN(c2cc(-c3cc(-c4ccnn4CC(F)(F)F)c4c(N)ncnn34)ccc2C#N)C1=O,5.958607314841775,CHEMBL4071877,4005,2017.0
Cc1nc(NC(=O)N2CCC2C(N)=O)sc1-c1ccnc(C(C)(C)C)n1,7.721246399047171,CHEMBL2397191,4005,2013.0
CCC(Nc1nc(N)nc(C)c1C#N)c1nc2cccc(CCCCCC(=O)NO)c2c(=O)n1-c1ccccc1,8.045757490560675,CHEMBL4443378,4005,2020.0
Cc1nc(NC(=O)N2CCC(O)C2C(N)=O)sc1-c1csc(C2(C(F)(F)F)CC2)n1,7.366531544420413,CHEMBL3608929,4005,2015.0
CCC(Nc1nc(N)nc(C)c1C#N)c1nc2cccc(NCCCCC(=O)NO)c2c(=O)n1-c1ccccc1,6.730487055782083,CHEMBL4544187,4005,2020.0
CCC(Nc1nc(N)nc(N)c1C#N)c1nc2cccc(CCCCCC(=O)NO)c2c(=O)n1-c1ccccc1,7.2839966563652,CHEMBL4550648,4005,2020.0
CCC(Nc1ncnc2[nH]cnc12)c1nc2cccc(CCCCCC(=O)NO)c2c(=O)n1-c1ccccc1,6.913640169325252,CHEMBL4451623,4005,2020.0
OCc1ccc(-c2nc(N3CCOCC3)c3ncccc3n2)cc1,5.15676722190199,CHEMBL3109127,4005,2014.0
OCc1cccc(-c2nc(N3CCOCC3)c3[nH]cc(CN4CCCC4)c3n2)c1,7.67778070526608,CHEMBL1088790,4005,2010.0
Cc1cc(OC(C)c2cc(C(=O)N(C)CCO)cn3c(=O)cc(N4CCOCC4)nc23)ccc1F,5.619788758288394,CHEMBL3318726,4005,2014.0
CC1(C)OCCN(c2cc(-c3cc(C(F)(F)F)c4c(N)ncnn34)ccc2C#N)C1=O,6.6020599913279625,CHEMBL4093593,4005,2017.0
Fc1ccc2c(c1)nc1n2CCOc2ccc(Cl)cc2-1,6.548213564475709,CHEMBL3401244,4005,2015.0
CNC(=O)C(C)Cn1cnc2ccc(-c3cnc(CO)c(NS(=O)(=O)c4ccc(F)cc4Cl)c3)cc2c1=O,7.522878745280337,CHEMBL4647286,4005,2020.0
CNC(=O)C(C)Cn1cnc2ccc(-c3cnc(N(C)C)c(NS(=O)(=O)c4ccc(F)cc4Cl)c3)cc2c1=O,8.075720713938118,CHEMBL4636153,4005,2020.0
FC(F)(F)c1nncn1C1CCN(Cc2cc3nc(-c4cccc5[nH]ncc45)nc(N4CCOCC4)c3s2)CC1,6.499996931948306,CHEMBL4086820,4005,2017.0
FC(F)Oc1cccc2c1nc(C(F)F)n2-c1nc(N2CCOCC2)nc(N2CCOCC2)n1,8.327902142064282,CHEMBL1911002,4005,2011.0
CNC(=O)C(C)Cn1cnc2ccc(-c3cnc(OC)c(NS(=O)(=O)c4cccc(C(F)(F)F)c4)c3)cc2c1=O,8.356547323513812,CHEMBL4636353,4005,2020.0
FC(F)c1nc2ccccc2n1-c1nc(N2CCOCC2)nc(N2CCOCC2)n1,7.909329802057957,CHEMBL586702,4005,2010.0
CNC(=O)C(C)Cn1cnc2ccc(-c3cnc(OC)c(NS(=O)(=O)c4ccc(F)cc4Cl)c3)cc2c1=O,8.69149982943955,CHEMBL4632970_CHEMBL4635942,4005,
CCC(Cn1cnc2ccc(-c3cnc(OC)c(NS(=O)(=O)c4ccc(F)cc4Cl)c3)cc2c1=O)C(N)=O,8.161150909262744,CHEMBL4636828,4005,2020.0
CCC(N)C(=O)Nc1nc(C)c(-c2cnc(Cl)c(NS(=O)(=O)c3ccccc3)c2)s1,7.282779424212498,CHEMBL4168490_CHEMBL4176347,4005,
CNC(=O)C(C)Cn1cnc2ccc(-c3cnc(OC)c(NS(=O)(=O)c4ccc(F)cc4)c3)cc2c1=O,8.468521082957745,CHEMBL4641876,4005,2020.0
CNC(=O)C(C)Cn1cnc2ccc(-c3cnc(OC)c(NS(=O)(=O)c4ccc(Cl)cc4Cl)c3)cc2c1=O,8.67778070526608,CHEMBL4632604,4005,2020.0
O=C(Nc1ccc(F)c(Cl)c1)Nc1ccc(-c2nc3c(c(N4CCOCC4)n2)CSCC3)cn1,6.161150909262744,CHEMBL3793049,4005,2016.0
CCn1ccc(-c2ccc3nc(N)sc3c2)cc1=O,5.200000237109354,CHEMBL3600778,4005,2015.0
O=C(Nc1ccc(F)c(Cl)c1)Nc1ccc(-c2nc3c(c(N4CCOCC4)n2)CS(=O)(=O)CC3)cn1,5.172630726946174,CHEMBL3793268,4005,2016.0
Fc1ccc(-n2ncnc2-c2cc3c(s2)-c2ccccc2OCC3)c(F)c1,8.920818753952375,CHEMBL2322777,4005,2013.0
CNC(=O)C(C)Cn1cnc2ccc(-c3cnc(OC)c(NS(=O)(=O)c4c(C)noc4C)c3)cc2c1=O,8.366531544420413,CHEMBL4646419,4005,2020.0
CNC(=O)C(C)Cn1cnc2ccc(-c3cnc(N)c(NS(=O)(=O)c4ccc(F)cc4Cl)c3)cc2c1=O,7.714442690992226,CHEMBL4645130,4005,2020.0
CCn1nnc2c(N3CCOCC3)nc(-c3ccc(NC(=O)Nc4ccncc4)cc3)nc21,8.301029995663981,CHEMBL590073,4005,2010.0
CCn1nnc2c(N3CCOCC3)nc(-c3ccc(NC(=O)Nc4ccnc(C)c4)cc3)nc21,8.096910013008056,CHEMBL590577,4005,2010.0
CCn1nnc2c(N3CCOCC3)nc(-c3ccc(NC(=O)Nc4cccs4)cc3)nc21,8.602059991327963,CHEMBL590084,4005,2010.0
CCn1nnc2c(N3CCOCC3)nc(-c3ccc(NC(=O)Nc4cccnc4)cc3)nc21,8.022276394711152,CHEMBL589103,4005,2010.0
CCn1nnc2c(N3CCOCC3)nc(-c3ccc(NC(=O)Nc4ccc(C(N)=O)cc4)cc3)nc21,8.619788758288394,CHEMBL591759,4005,2010.0
CCn1nnc2c(N3CCOCC3)nc(-c3ccc(NC(=O)Nc4ccc(C(=O)OC)cc4)cc3)nc21,7.632644078973981,CHEMBL592063,4005,2010.0
CCn1nnc2c(N3CCOCC3)nc(-c3ccc(NC(=O)Nc4ccc(C(=O)N(C)C)cc4)cc3)nc21,8.853871964321762,CHEMBL591358,4005,2010.0
CNC(=O)C(C)Cn1cnc2ccc(-c3cnc(OC)c(NS(=O)(=O)c4ccc(Cl)c(Cl)c4)c3)cc2c1=O,8.0,CHEMBL4639269,4005,2020.0
Cc1nc(NC(=O)N2CC(N(C)C)CC2C(N)=O)sc1-c1csc(C(C)(C)C)n1,6.34518491628705,CHEMBL3608933_CHEMBL3608935,4005,
O=C1NC(=O)C(=Cc2ccc(-c3cccc(O)c3)o2)S1,5.7447274948966935,CHEMBL208662,4005,2006.0
Cc1nc(NC(=O)CN)sc1-c1cncc(NS(=O)(=O)c2ccccc2)c1,6.2186036948032095,CHEMBL4177502,4005,2018.0
CC(=O)Nc1nc(C)c(-c2cnc(CC(F)(F)F)o2)s1,7.366531544420413,CHEMBL2204788,4005,2012.0
CC(=O)Nc1nc(C)c(-c2cnc(Cl)c(NS(=O)(=O)c3ccccc3)c2)s1,8.67778070526608,CHEMBL4174132,4005,2018.0
CC(=O)Nc1nc(C)c(-c2cnc(Nc3cccc(C(=O)O)c3)o2)s1,6.484126156288321,CHEMBL2204779,4005,2012.0
CC(=O)Nc1nc(C)c(-c2cnc(Nc3cccnc3)o2)s1,6.991399828238082,CHEMBL2203302,4005,2012.0
CC(=O)Nc1nc(C)c(-c2cnc(S(C)(=O)=O)o2)s1,6.709965388637482,CHEMBL2204778,4005,2012.0
CC(=O)Nc1nc(C)c(-c2cnc(Sc3cccnc3)o2)s1,6.950781977329818,CHEMBL2204785,4005,2012.0
CC(=O)Nc1nc(C)c(-c2csc(C(C)C)n2)s1,6.6777807052660805,CHEMBL3608321,4005,2015.0
CC(=O)Nc1nc2ccc(-c3ccc(N)nc3)cc2s1,7.167491087293763,CHEMBL2418946,4005,2013.0
Cc1ccccc1S(=O)(=O)N1CCN(c2nc(NCCN3CCOCC3)nc(N3CCOCC3)n2)CC1,7.494443061336178,CHEMBL4761484,4005,2021.0
CC(=O)Nc1nc2ccc(-c3cccc(NS(C)(=O)=O)c3)cn2n1,5.300000202445418,CHEMBL2064484,4005,2012.0
CC(=O)Nc1nc2ccc(-c3ccncc3)cn2n1,5.800000874803203,CHEMBL2064495,4005,2012.0
Cc1ccccc1S(=O)(=O)Nc1cc(-c2sc(NC(=O)C(N)C(C)C)nc2C)cnc1Cl,7.366531544420413,CHEMBL4161766,4005,2018.0
CC(=O)Nc1nc2ccc(-c3cnc(Cl)c(NC(=O)c4cccc(Cl)c4)c3)cc2s1,6.008773924307505,CHEMBL3604612,4005,2015.0
CC(=O)Nc1nc2ccc(-c3cnc(Cl)c(NC(C#N)c4ccccc4)c3)cc2s1,6.309803919971486,CHEMBL3604621,4005,2015.0
CC(=O)Nc1nc2ccc(-c3cnc(N)c(C(F)(F)F)c3)cc2n1C,5.3979400086720375,CHEMBL2418959,4005,2013.0
CC(=O)Nc1nc2ccc(-c3cnc(N)c(C(F)(F)F)c3)cc2o1,6.102372908709558,CHEMBL2418956,4005,2013.0
CC(=O)Nc1nc2ccc(-c3cnc(N)c(C(F)(F)F)c3)cc2s1,8.102372908709558,CHEMBL2418948,4005,2013.0
CC(=O)Nc1nc2ccc(-c3cnc(N)c(C)c3)cc2s1,7.443697499232712,CHEMBL2418944,4005,2013.0
CC(=O)Nc1nc2ccc(-c3cccnc3)cc2s1,6.958607314841775,CHEMBL2418961,4005,2013.0
Cc1ccccc1OC(C)c1cc(C(=O)N(C)CCO)cn2c(=O)cc(N3CCOCC3)nc12,5.886056647693163,CHEMBL3318718,4005,2014.0
CC(=O)Nc1nc(C)c(-c2cnc(C(C)(C)C)o2)s1,7.823908740944319,CHEMBL2204791,4005,2012.0
CC(=O)Nc1nc(C)c(-c2cnc(-c3cccnc3)o2)s1,7.337242168318426,CHEMBL2204786,4005,2012.0
c1cc(N2CCc3c(-c4ccc5[nH]cnc5c4)nc(N4CCOCC4)nc32)ccn1,6.522878745280337,CHEMBL2314276,4005,2013.0
c1cc2c(N3CCOCC3)nc(-c3ccnc4[nH]ccc34)nn2c1,6.481486060122112,CHEMBL3601469,4005,2015.0
c1cc2c(N3CCOCC3)ncnn2c1,5.301029995663981,CHEMBL3326656,4005,2015.0
CC(=O)Nc1cccc(-c2ccc3c(c2)CN(C(=O)c2ccc(C(=O)C(F)(F)F)cc2)CCO3)c1,6.623423042943488,CHEMBL2333373,4005,2013.0
CC12COCCN1c1nc(-c3ccc(NC(=O)NC4CC4)cc3)ncc1N(CC1CC1)C2=O,6.0999990348465305,CHEMBL4540705,4005,2019.0
Cc1nc(C(=O)Nc2cc(-c3cnc(Cl)c(NS(=O)(=O)c4ccccc4)c3)cc3[nH]ncc23)cs1,6.499996931948306,CHEMBL4576860,4005,2019.0
CN1CCN(Cc2ccc3c(N4CCOCC4)nc(-c4cnc(N)nc4)nn23)CC1,6.568636235841012,CHEMBL3601475,4005,2015.0
CN1CCN(CCn2ccc3c(N4CCOCC4)nc(-c4ccc(NC(=O)Nc5ccncc5)cc4)nc32)CC1,7.376750709602099,CHEMBL1091962,4005,2010.0
Cc1nc(-c2nc[nH]n2)ccc1-c1cnc2c(n1)N(CCC1CCOCC1)CC(=O)N2,5.638272163982407,CHEMBL3586386,4005,2015.0
CC(=O)Nc1cn2cc(-c3cnc(N)c(C(F)(F)F)c3)ccc2n1,8.413192505525595,CHEMBL2418954,4005,2013.0
CC(=O)Nc1cn2cc(-c3cnc(N)c(C(F)(F)F)c3)cnc2n1,5.42021640338319,CHEMBL2418958,4005,2013.0
CC(=O)Nc1cn2cc(-c3cnc(N)c(C(F)(F)F)c3)ncc2n1,6.958607314841775,CHEMBL2418955,4005,2013.0
CC(=O)Nc1cn2cc(-c3cnc(N)c(OC(C)C(F)(F)F)n3)ccc2n1,8.522878745280337,CHEMBL3753450,4005,2016.0
CC(=O)Nc1cn2cc(-c3cnc(N)c(OC(C)C)n3)ccc2n1,8.698970004336019,CHEMBL3753366,4005,2016.0
CC(=O)Nc1cn2cc(-c3cnc(N)c(OCC(F)(F)F)n3)ccc2n1,8.522878745280337,CHEMBL3752019,4005,2016.0
Cc1nc(-c2nc[nH]n2)ccc1-c1cnc2c(n1)N(CCC1CCOCC1)C(=O)CN2,6.292429823902063,CHEMBL3586387,4005,2015.0
CC(=O)Nc1cn2nc(-c3cnc(N)c(C(F)(F)F)c3)ccc2n1,8.698970004336019,CHEMBL2418953,4005,2013.0
N#CCc1ccc(Nc2ncnc3ccc(-c4ccc5[nH]ccc5c4)cc23)cc1,6.696803942579511,CHEMBL3962279,4005,2016.0
CC(=O)Nc1nc(C)c(-c2ccc(S(C)(=O)=O)c(F)c2)s1,6.7447274948966935,CHEMBL2071330,4005,2015.0
CC(=O)Nc1nc2ccc(-c3cnc(N)cc3C(F)(F)F)cc2s1,5.698970004336019,CHEMBL2418945,4005,2013.0
CC(=O)Nc1ccc(-c2csc3c(=O)cc(N4CCOCC4)oc23)cc1,7.070581074285707,CHEMBL2322236,4005,2013.0
CC(=O)Nc1nc2ccc(-c3cnc(N)nc3)cc2s1,7.267606240177031,CHEMBL2418947,4005,2013.0
CC(=O)Nc1nc2ccc(-c3sc(C)nc3C)cn2n1,5.200000237109354,CHEMBL2064496,4005,2012.0
N#Cc1c(N)ncnc1N1CSCC1c1nc2cccc(Cl)c2c(=O)n1-c1ccccc1,5.630784142589857,CHEMBL3355021,4005,2015.0
CN1CCN(C(=O)c2cccc(-c3ncnc4ccc(-c5cnc6ccccc6c5)cc34)c2)CC1,6.198596289982644,CHEMBL4437791,4005,2016.0
c1ccc(CCNc2cc(-c3cccc4[nH]ncc34)nc(N3CCOCC3)n2)nc1,5.886056647693163,CHEMBL1644582,4005,2011.0
c1ccc(CCNc2nc(-c3cccc(-c4ccc5cc[nH]c5c4)c3)cc(N3CCOCC3)n2)nc1,5.050609993355087,CHEMBL1644588,4005,2011.0
c1ccc(CCNc2nc(-c3cccc4[nH]ncc34)cc(N3CCOCC3)n2)nc1,5.958607314841775,CHEMBL1644594,4005,2011.0
c1ccc(COc2cc(-c3cccc4[nH]ncc34)nc(N3CCOCC3)n2)nc1,6.301029995663981,CHEMBL1644587,4005,2011.0
c1ccc(COc2nc(-c3ccc4cc[nH]c4c3)cc(N3CCOCC3)n2)nc1,5.2839966563652006,CHEMBL1644597,4005,2011.0
c1ccc(COc2nc(-c3cccc4[nH]ncc34)cc(N3CCOCC3)n2)nc1,5.8696662315049934,CHEMBL1644599,4005,2011.0
N#Cc1c(N)ncnc1N1CCCC1c1nc2cccc(F)c2c(=O)n1Cc1ccccc1,5.306185146110583,CHEMBL4592798,4005,2019.0
c1ccc(Nc2nc(-c3cccc4[nH]ncc34)nc(N3CCOCC3)n2)cc1,6.096910013008056,CHEMBL3774907,4005,2015.0
Brc1ccc2c(c1)-c1nc3cc(Br)ccc3n1CCO2,7.036212172654444,CHEMBL3401253,4005,2015.0
c1ccc2ncc(-c3ccc4ncncc4c3)cc2c1,6.187086643357144,CHEMBL4450615,4005,2016.0
c1cnc2c(N3CCOCC3)nc(-c3ccc4cn[nH]c4c3)nc2c1,5.866461091629782,CHEMBL3109131,4005,2014.0
c1cnc2c(N3CCOCC3)nc(-c3cccc4[nH]ncc34)nc2c1,6.255707016877324,CHEMBL3109132,4005,2014.0
c1cnc2ccc(Nc3nc(NC4CC4)c4nc[nH]c4n3)cc2c1,6.1154311850816665,CHEMBL4545915,4005,2018.0
c1cncc(CCNc2cc(-c3cccc4[nH]ncc34)nc(N3CCOCC3)n2)c1,6.180456064458131,CHEMBL1644583,4005,2011.0
c1cncc(CCNc2nc(-c3ccc4cc[nH]c4c3)cc(N3CCOCC3)n2)c1,5.142667503568731,CHEMBL1644589,4005,2011.0
c1cncc(CCNc2nc(-c3cccc4[nH]ncc34)cc(N3CCOCC3)n2)c1,6.086186147616283,CHEMBL1644595,4005,2011.0
CC1CC(=Cc2ccc3c(c2)CCO3)C(=O)O1,6.187086643357144,CHEMBL3775111,4005,2016.0
N#Cc1c(N)ncnc1N1CCCC1c1nc2cccc(F)c2c(=O)n1C1CCCC1,5.065956280964475,CHEMBL4591557,4005,2019.0
N#Cc1c(N)ncnc1N1CCCC1c1nc2cccc(Cl)c2c(=O)n1N1CCOCC1,5.795880017344075,CHEMBL3355016,4005,2015.0
N#Cc1c(N)ncnc1N1CCCC1c1nc2cccc(Cl)c2c(=O)n1C1CCOCC1,5.327902142064282,CHEMBL3355017,4005,2015.0
CC(=O)Nc1ncc(-c2nc(N3CCOCC3)c3ncccc3n2)cn1,5.853871964321762,CHEMBL3109135,4005,2014.0
CC(=O)Nc1ncc2cc(-c3cnc(N)c(C(F)(F)F)c3)ccc2n1,5.795880017344075,CHEMBL2418957,4005,2013.0
N#CCc1ccc(Nc2ncnc3ccc(-c4ccc5c(c4)OCCO5)cc23)cc1,6.465973893943865,CHEMBL3899361,4005,2016.0
N#CCc1ccc(Nc2ncnc3ccc(-c4ccc5c(c4)OCO5)cc23)cc1,6.493494967595128,CHEMBL3978826,4005,2016.0
N#CCc1ccc(Nc2ncnc3ccc(-c4cccc(O)c4)cc23)cc1,6.939302159646388,CHEMBL3919405,4005,2016.0
Cc1ccccc1[S+]([O-])c1nc(-c2cnn3ccc(Br)cc23)cs1,5.892790030352131,CHEMBL3134276,4005,2014.0
c1ccc(-c2ncnc3ccc(-c4cnc5ccccc5c4)cc23)cc1,7.045757490560675,CHEMBL4521863,4005,2016.0
N#CCc1ccc(Nc2ncnc3ccc(-c4cccc([N+](=O)[O-])c4)cc23)cc1,6.345823458122039,CHEMBL3894691,4005,2016.0
N#CCc1ccc(Nc2ncnc3ccc(-c4ccccc4)cc23)cc1,6.323306390375134,CHEMBL3937311,4005,2016.0
N#CCc1ccc(Nc2ncnc3ccc(-c4ccncc4)cc23)cc1,6.152427340857888,CHEMBL3953521,4005,2016.0
N#CCc1ccc(Nc2ncnc3ccc(-c4cncc5ccccc45)cc23)cc1,6.823908740944319,CHEMBL3974237,4005,2016.0
Cc1cc(F)cc(NC(C)c2cc(C(=O)N(C)C)cc3c(=O)cc(N4CCOCC4)oc23)c1,6.886056647693163,CHEMBL3408253,4005,2015.0
CC(=O)c1ccc(-c2ccc3ncnc(Nc4ccc(CC#N)cc4)c3c2)cc1,6.568636235841012,CHEMBL3890572,4005,2016.0
N#Cc1c(N)ncnc1N1CCCC1c1nc2cccc(C(F)(F)F)c2c(=O)n1-c1ccccc1,5.552841968657781,CHEMBL3355018,4005,2015.0
CC(=O)c1ccc(C(=O)N2CCOc3ccc(-c4ccc5cn[nH]c5c4)cc3C2)cc1,5.7447274948966935,CHEMBL2333376,4005,2013.0
Cc1ccn2ncc(C=NN(C)S(=O)(=O)c3cc([N+](=O)[O-])ccc3C)c2n1,6.044793462458058,CHEMBL3612503,4005,2015.0
CC(=O)c1ccc(C(=O)N2CCOc3ccc(-c4ccc5cnn(C)c5c4)cc3C2)cc1,5.611366030648211,CHEMBL2333377,4005,2013.0
N#Cc1c(N)ncnc1N1CCCC1c1nc2cccc(Cl)c2c(=O)n1-c1ccccc1,6.405607449624574,CHEMBL3355012,4005,2015.0
N#Cc1c(N)ncnc1N1CCCC1c1nc2cccc(Cl)c2c(=O)n1-c1cccnc1,5.113509274827518,CHEMBL3355015,4005,2015.0
CC(=O)Nc1nc2ccc(-c3cncc(S(C)(=O)=O)c3)cn2n1,5.40000018605658,CHEMBL2059907,4005,2012.0
c1cc(-c2nc(N3CCOCC3)c3cccn3n2)c2cn[nH]c2c1,5.958607314841775,CHEMBL3601468,4005,2015.0
Cc1ccccc1-n1c(C2CCCN2c2ncnc(N)c2C#N)nc2cccc(Cl)c2c1=O,5.2833290244398645,CHEMBL3355011,4005,2015.0
C=CC(=O)Nc1cc(Nc2ncnc3ccc(-c4cnc5ccccc5c4)cc23)ccc1C,6.251114559990484,CHEMBL4796749,4005,2020.0
Oc1cccc(-c2nc(-c3ccc(Cl)c(Cl)c3)cc(N3CCOCC3)n2)c1,6.698970004336019,CHEMBL1644562,4005,2011.0
Oc1cccc(-c2nc(-c3ccc(Cl)cc3)cc(N3CCOCC3)n2)c1,6.161150909262744,CHEMBL1644561,4005,2011.0
Cc1nc(NC(=O)C(N)C(C)O)sc1-c1cnc(Cl)c(NS(=O)(=O)c2ccccc2)c1,7.552841968657781,CHEMBL4168101,4005,2018.0
Oc1cccc(-c2nc(-c3ccccn3)cc(N3CCOCC3)n2)c1,7.207608310501746,CHEMBL1644558,4005,2011.0
Oc1cccc(-c2nc(-c3cccnc3)cc(N3CCOCC3)n2)c1,6.585026652029182,CHEMBL1644559,4005,2011.0
Oc1cccc(-c2nc(-c3ccncc3)cc(N3CCOCC3)n2)c1,6.853871964321762,CHEMBL1644560,4005,2011.0
Oc1cccc(-c2nc(N3CCOCC3)c3[nH]cc(C4CCN(Cc5ccc(F)cc5)CC4)c3n2)c1,6.7495799976911055,CHEMBL1088832,4005,2010.0
Oc1cccc(-c2nc(N3CCOCC3)c3[nH]cc(C4CCN(Cc5ccccc5)CC4)c3n2)c1,6.468521082957745,CHEMBL1088831,4005,2010.0
Oc1cccc(-c2cc(OCc3ccccn3)nc(N3CCOCC3)n2)c1,6.958607314841775,CHEMBL1644574,4005,2011.0
Oc1cccc(-c2nc(N3CCOCC3)c3[nH]cc(C4CCNCC4)c3n2)c1,6.450996737974212,CHEMBL1092569,4005,2010.0
Oc1cccc(-c2nc(N3CCOCC3)c3cc[nH]c3n2)c1,7.366531544420413,CHEMBL1089818,4005,2010.0
Oc1cccc(-c2nc(N3CCOCC3)c3cccnc3n2)c1,6.97469413473523,CHEMBL3109137,4005,2014.0
Oc1cccc(-c2nc(N3CCOCC3)c3ncccc3n2)c1,7.721246399047171,CHEMBL3109116,4005,2014.0
Oc1cccc(-c2nc(N3CCOCC3)c3sc(CN4CCC(n5cnnc5C(F)(F)F)CC4)cc3n2)c1,7.199970640755866,CHEMBL4081413,4005,2017.0
Oc1cccc(-c2nc(N3CCOCC3)c3sc(CN4CCC5C(CCc6nnc(C(F)(F)F)n65)C4)cc3n2)c1,7.350004387579838,CHEMBL4071462_CHEMBL4096987,4005,
Oc1cccc(-c2nc(N3CCOCC3)c3sccc3n2)c1,8.698970004336019,CHEMBL510164_CHEMBL541643,4005,
Oc1cccc(-c2nc(N3CCOCC3)nc3c2CCN3c2ccc3nc[nH]c3c2)c1,7.113509274827518,CHEMBL1684988,4005,2011.0
Oc1cccc(-c2nc(N3CCOCC3)nc3c2CCN3c2ccccc2)c1,5.913640169325252,CHEMBL2314578,4005,2013.0
Oc1cccc(-c2nc(N3CCOCC3)c3[nH]ccc3n2)c1,7.154901959985743,CHEMBL1092555,4005,2010.0
Oc1cccc(-c2cc(NCc3ccncc3)nc(N3CCOCC3)n2)c1,6.0,CHEMBL1644564,4005,2011.0
Oc1cccc(-c2cc(NCc3cccnc3)nc(N3CCOCC3)n2)c1,6.142667503568731,CHEMBL1289076,4005,2010.0
Oc1cccc(-c2cc(NCc3ccccn3)nc(N3CCOCC3)n2)c1,6.045757490560675,CHEMBL1644563,4005,2011.0
Cc1nc(NC(=O)CN)sc1-c1cnc(O)c(NS(=O)(=O)c2ccccc2)c1,5.992679047077255,CHEMBL4162361,4005,2018.0
Cc1nc(NC(=O)CN)sc1-c1cnc(Cl)c(NS(=O)(=O)c2ccccc2)c1,8.638272163982407,CHEMBL4170707,4005,2018.0
Cc1nc(NC(=O)CN)sc1-c1ccc(Cl)c(NS(=O)(=O)c2ccccc2)c1,5.839231438138872,CHEMBL4169638,4005,2018.0
C=CC(=O)Nc1cccc(-n2c(=O)ccc3oc4ccc(-c5cccnc5)cc4c32)c1,6.068033885271827,CHEMBL4559706,4005,2019.0
Cc1nc(NC(=O)C(N)Cc2ccccc2)sc1-c1cnc(Cl)c(NS(=O)(=O)c2ccccc2)c1,7.106793246940152,CHEMBL4170084,4005,2018.0
Cc1nc(NC(=O)C(N)CO)sc1-c1cnc(Cl)c(NS(=O)(=O)c2ccccc2)c1,8.086186147616283,CHEMBL4160179,4005,2018.0
Cc1nc(NC(=O)C(N)CC(C)C)sc1-c1cnc(Cl)c(NS(=O)(=O)c2ccccc2)c1,7.469800301796917,CHEMBL4159763,4005,2018.0
Oc1ccc2nc(-c3ccccc3)nc(N3CCOCC3)c2c1,5.886056647693163,CHEMBL3393502,4005,2015.0
Cc1nc(NC(=O)C(N)C2CC2)sc1-c1cnc(Cl)c(NS(=O)(=O)c2ccccc2)c1,7.277366077466188,CHEMBL4170400,4005,2018.0
Oc1cccc(-c2cc(N3CCOCC3)nc(NCCc3ccccn3)n2)c1,6.7447274948966935,CHEMBL1644571,4005,2011.0
Oc1cccc(-c2cc(N3CCOCC3)nc(NCCc3cccnc3)n2)c1,6.6020599913279625,CHEMBL1644572,4005,2011.0
Oc1cccc(-c2cc(N3CCOCC3)nc(NCCc3ccncc3)n2)c1,6.638272163982407,CHEMBL1644573,4005,2011.0
Oc1cccc(-c2cc(N3CCOCC3)nc(NCc3ccccn3)n2)c1,6.0,CHEMBL1644568,4005,2011.0
Oc1cccc(-c2cc(N3CCOCC3)nc(NCc3cccnc3)n2)c1,6.055517327849831,CHEMBL1644569,4005,2011.0
Oc1cccc(-c2cc(N3CCOCC3)nc(NCc3ccncc3)n2)c1,6.065501548756432,CHEMBL1644570,4005,2011.0
Oc1cccc(-c2cc(N3CCOCC3)nc(OCc3ccccn3)n2)c1,6.065501548756432,CHEMBL1644575,4005,2011.0
Oc1cccc(-c2cc(NCCc3ccccn3)nc(N3CCOCC3)n2)c1,6.6020599913279625,CHEMBL1644565,4005,2011.0
Oc1cccc(-c2cc(NCCc3cccnc3)nc(N3CCOCC3)n2)c1,6.585026652029182,CHEMBL1644566,4005,2011.0
Oc1cccc(-c2cc(NCCc3ccncc3)nc(N3CCOCC3)n2)c1,6.853871964321762,CHEMBL1644567,4005,2011.0
Oc1cccc(-c2nc(N3CCOCC3)nc3c2CCN3c2cccnc2)c1,7.387216143280264,CHEMBL1684987,4005,2011.0
Oc1cccc(-c2nc(N3CCOCC3)nc3c2CCN3c2ccnc(O)c2)c1,6.698970004336019,CHEMBL2314580,4005,2013.0
Oc1cccc(-c2nc(N3CCOCC3)nc3c2CCN3c2ccncc2)c1,8.065501548756432,CHEMBL1684985,4005,2011.0
Oc1cccc(-c2nc(N3CCOCC3)nc3c2CCN3c2nccs2)c1,7.309803919971486,CHEMBL2314582,4005,2013.0
C=CC(=O)Nc1ccc(-n2c(=O)ccc3oc4ccc(-c5cccnc5)cc4c32)cc1,6.5951662833800615,CHEMBL4246563,4005,2019.0
Cc1nc(NC(=O)C(N)C(C)C)sc1-c1cnc(Cl)c(NS(=O)(=O)c2cc(Cl)ccc2Cl)c1,7.607303046740334,CHEMBL4175347,4005,2018.0
Cc1nc(NC(=O)C(N)C(C)C)sc1-c1cnc(Cl)c(NS(=O)(=O)c2c(F)cccc2F)c1,6.975514332300833,CHEMBL4169697,4005,2018.0
Cc1nc(NC(=O)C(C)N)sc1-c1cncc(NS(=O)(=O)c2ccccc2)c1,7.965907069126919,CHEMBL4161316_CHEMBL4169244,4005,
Cc1nc(NC(=O)C(C)(C)N)sc1-c1cnc(Cl)c(NS(=O)(=O)c2ccccc2)c1,7.530177984021837,CHEMBL4175297,4005,2018.0
S=c1cc(N2CCOCC2)oc2c(-c3ccccc3)cccc12,5.997402019280091,CHEMBL2326965,4005,2013.0
COc1cc2ncnc(-n3nc(-c4ccccn4)nc3N)c2cc1OC,5.826813731587726,CHEMBL2143829,4005,2016.0
Cc1nc(N)nc2ncc(-c3cnc4[nH]nc(NS(=O)(=O)c5ccc(F)cc5F)c4c3)cc12,7.084072788302884,CHEMBL3327011,4005,2014.0
Cc1nc(N)nc2ncc(-c3cnc4[nH]ccc4c3)cc12,7.42021640338319,CHEMBL3327016,4005,2014.0
Cc1nc(N)nc2ncc(-c3cnc4[nH]cc(NS(=O)(=O)c5ccc(F)cc5F)c4c3)cc12,7.116338564846382,CHEMBL3327010,4005,2014.0
Cc1nc(N)nc2c(OC3CCOCC3)cc(-c3cnc(Cl)c(NS(=O)(=O)c4ccc(F)cc4)c3)cc12,8.769551078621726,CHEMBL4176704,4005,2018.0
Cc1nc(N)cc2c1cc(-c1cnc3c(ccn3C)c1)c(=O)n2C1CCCC1,7.818156412055227,CHEMBL3112726,4005,2014.0
Cc1nc(N)cc2c1cc(-c1cnc3[nH]ncc3c1)c(=O)n2C1CCCC1,8.221848749616356,CHEMBL3112728,4005,2014.0
Cc1nc(N)cc2c1cc(-c1cnc3[nH]cnc3c1)c(=O)n2C1CCCC1,8.537602002101044,CHEMBL3112727,4005,2014.0
Cc1nc(N)cc2c1cc(-c1cnc3[nH]ccc3c1)c(=O)n2C1CCCC1,8.610833915635467,CHEMBL3112725,4005,2014.0
Cc1nc(N)c(-c2nc(C3CCN(C)CC3)nn2C)nc1-c1cnc2ccccn12,8.301029995663981,CHEMBL4093351,4005,2017.0
Cc1nc(N)c(-c2cnn(C3CCN(C)CC3)n2)nc1-c1cnc2ccccn12,8.096910013008056,CHEMBL4064039,4005,2017.0
c1cc(-c2cc(N3CCOCC3)nc(NCCc3ccncc3)n2)c2cn[nH]c2c1,6.356547323513812,CHEMBL1644596,4005,2011.0
c1cc(-c2cc(NCCc3ccncc3)nc(N3CCOCC3)n2)c2cn[nH]c2c1,6.113509274827518,CHEMBL1644584,4005,2011.0
CC(=O)NCc1ccc2c(N3CCOCC3)nc(-c3cnc(N)nc3)nn12,6.958607314841775,CHEMBL3601474,4005,2015.0
Cc1nc(NC(=O)N2CC(F)CC2C(N)=O)sc1-c1csc(C(C)(C)C)n1,7.4089353929735005,CHEMBL3608930,4005,2015.0
Cc1nc(NC(=O)C(N)C(C)C)sc1-c1cnc(Cl)c(NS(=O)(=O)c2ccc(-c3ccccc3)cc2)c1,5.912218582190458,CHEMBL4176901,4005,2018.0
CC(=O)NC1CCN(Cc2cc3nc(-c4cnc(N)nc4)nc(N4CCOCC4)c3s2)CC1,6.900008766455316,CHEMBL4468444,4005,2019.0
Oc1cccc(-c2nc(N3CCOCC3)nc3cccnc23)c1,7.229147988357855,CHEMBL3109115,4005,2014.0
Oc1cccc(-c2nccc(C34CCOCC3C4)n2)c1,5.333333285747442,CHEMBL4553989_CHEMBL4567602_CHEMBL4569401,4005,
Oc1cccc(-c2nccc(C3=CCOCC3)n2)c1,5.499999678657065,CHEMBL4566726,4005,2019.0
Oc1cccc(-c2nccc(N3CCOCC3)n2)c1,6.299997602857746,CHEMBL4559414,4005,2019.0
Oc1cccc2c1nc(C(F)F)n2-c1nc(N2CCOCC2)nc(N2CCOCC2)n1,9.275724130399212,CHEMBL1910998,4005,2011.0
Cc1nc(NC(=O)C(N)C(C)C)sc1-c1cnc(Cl)c(NS(=O)(=O)c2ccccc2Cl)c1,7.829738284605042,CHEMBL4160624,4005,2018.0
Cc1nc(NC(=O)C(N)C(C)C)sc1-c1cnc(Cl)c(NS(=O)(=O)c2ccccc2)c1,6.84518651296381,CHEMBL4161241_CHEMBL4171850,4005,
Cc1nc(NC(=O)C(N)C(C)C)sc1-c1cnc(Cl)c(NS(=O)(=O)c2cccc(Cl)c2Cl)c1,7.2716462179787715,CHEMBL4165122,4005,2018.0
Cc1nc(NC(=O)C(N)C(C)C)sc1-c1cnc(Cl)c(NS(=O)(=O)c2cccc(Cl)c2)c1,7.557520230935552,CHEMBL4168546,4005,2018.0
Cc1nc(NC(=O)C(N)C(C)C)sc1-c1cnc(Cl)c(NS(=O)(=O)c2ccc(Cl)cc2Cl)c1,7.701146923590294,CHEMBL4167465,4005,2018.0
Cc1nc(NC(=O)C(N)C(C)C)sc1-c1cnc(Cl)c(NS(=O)(=O)c2ccc(Cl)cc2)c1,7.316052869248487,CHEMBL4175738,4005,2018.0
COc1cc(N)cc2c1nc(C(F)F)n2-c1nc(N2CCOCC2)nc(N2CCOCC2)n1,8.508638306165727,CHEMBL1911117,4005,2011.0
Cc1nc(NC(=O)C(N)C(C)C)sc1-c1cnc(Cl)c(NS(=O)(=O)c2ccc(Cl)c(Cl)c2)c1,7.135488918941608,CHEMBL4164028,4005,2018.0
Cc1nc(NC(=O)C(N)C(C)C)sc1-c1cnc(Cl)c(NS(=O)(=O)c2ccc(C(F)(F)F)cc2)c1,7.752026733638194,CHEMBL4162831,4005,2018.0
CC(=O)NC1CCN(Cc2cc3nc(-c4cccc5[nH]ncc45)nc(N4CCOCC4)c3s2)C1,6.299997602857746,CHEMBL4435258,4005,2019.0
CC(=O)NC1CCN(Cc2cc3nc(-c4cccc5[nH]ncc45)nc(N4CCOCC4)c3s2)CC1,6.199998172182031,CHEMBL4441686,4005,2019.0
Cc1nc(NC(=O)C(N)C(C)C)sc1-c1cnc(Cl)c(NS(=O)(=O)c2ccc(C(C)C)cc2)c1,7.223298816011589,CHEMBL4173536,4005,2018.0
Cc1nc(NC(=O)C(N)C(C)C)sc1-c1cnc(Cl)c(NS(=O)(=O)c2ccc(C(C)(C)C)cc2)c1,6.88907375773358,CHEMBL4166285,4005,2018.0
CC(=O)NC1CCN(Cc2cc3nc(-c4cnc(N)nc4)nc(N4CCOCC4)c3s2)C1,7.033346232768437,CHEMBL4444263_CHEMBL4465671_CHEMBL4537126,4005,
CC(=O)NCC(=O)N1CCN(c2nc(N3CCOCC3)nc(-n3c(C(F)F)nc4ccccc43)n2)CC1,7.376750709602099,CHEMBL2322661,4005,2013.0
CNC(=O)NC1CCN(Cc2cc3nc(-c4cccc5[nH]ncc45)nc(N4CCOCC4)c3s2)CC1,6.599997654072045,CHEMBL4456189,4005,2019.0
O=c1cc(N2CCOCC2)oc2c(-c3ccc(Cl)cc3)csc12,6.950781977329818,CHEMBL2322232,4005,2013.0
CCC(=O)N1CCC(Oc2ncnc3ccc(-c4cnc(OC)c(C#N)c4)cc23)C1,6.413412695328245,CHEMBL3960012,4005,2016.0
Cc1ccc(S(=O)(=O)c2nc3ccccc3nc2N2CCOCC2)cc1,5.801342913045577,CHEMBL3221622,4005,2012.0
COCCNC(=O)c1cn2c(Cl)c(-c3cnc(N)nc3)nc(N3CCOCC3)c2n1,7.950781977329818,CHEMBL2058171,4005,2012.0
COCCNC(=O)c1cn2cc(-c3cnc(N)nc3)nc(N3CCOCC3)c2n1,8.568636235841012,CHEMBL2058166,4005,2012.0
COCCNC(=O)c1nc2c(N3CCOCC3)nc(-c3cnc(N)nc3)cn2c1C,9.045757490560677,CHEMBL2058172,4005,2012.0
COCCNc1c(-c2ccccc2)c(C(C)Nc2ncnc(N)c2C#N)nc2ccc(F)cc12,5.96657624451305,CHEMBL3403670,4005,2015.0
Cc1ccc(S(=O)(=O)Nc2nc3ccccc3nc2Nc2ccc3nsnc3c2)cc1,7.4089353929735005,CHEMBL3218575,4005,2012.0
Cc1ccc(S(=O)(=O)Nc2cc(-c3sc(NC(=O)C(N)C(C)C)nc3C)cnc2Cl)cc1,7.642065152999546,CHEMBL4164334,4005,2018.0
CC1COCCN1c1cc(CS(C)(=O)=O)nc(-c2ccc(NC(=O)NCCO)cc2)n1,5.489999539566098,CHEMBL3410548,4005,2015.0
CC1COCCN1c1cc(CS(C)(=O)=O)nc(-c2cccc(O)c2)n1,6.0,CHEMBL4436156,4005,2019.0
CN(C)Cc1c[nH]c2c(N3CCOCC3)nc(-c3cccc(CO)c3)nc12,7.698970004336019,CHEMBL1088789,4005,2010.0
Cc1ccc(S(=O)(=O)N2CCN(c3nc(NCCN4CCOCC4)nc(N4CCOCC4)n3)CC2)cc1,8.219682687859848,CHEMBL4792033,4005,2021.0
COCCOc1cc(-c2ccc3nc(NC(C)=O)cn3c2)cnc1N,7.585026652029182,CHEMBL3752175,4005,2016.0
COCCOc1cc(-c2ccc3nc(NC(C)=O)cn3n2)cnc1N,8.221848749616356,CHEMBL3751961,4005,2016.0
CC(=O)N1CCN(C(=O)c2cccc(-c3ncnc4ccc(-c5cnc6ccccc6c5)cc34)c2)CC1,6.081445469449727,CHEMBL4469006,4005,2016.0
COCCOc1cc(-c2cnc(OC)c(NS(=O)(=O)c3ccc(F)cc3F)c2)cc2c(C)nc(N)nc12,8.795880017344075,CHEMBL4159325,4005,2018.0
CN(C)CCn1ncnc1-c1cc2c(s1)-c1ccc(C(N)=O)cc1OCC2,6.847711655616944,CHEMBL2322768,4005,2013.0
CC1COCCN1c1ccnc(-c2cccc(O)c2)n1,5.800000874803203,CHEMBL4442844,4005,2019.0
CN(N=Cc1cnn2ccc(Cl)nc12)S(=O)(=O)c1ccc(F)c(F)c1,5.105683937315561,CHEMBL3612493,4005,2015.0
CN(N=Cc1cnn2ccc(Cl)nc12)S(=O)(=O)c1ccc([N+](=O)[O-])cc1,5.269783159431306,CHEMBL3612491,4005,2015.0
CN(N=Cc1cnn2ccc(Cl)nc12)S(=O)(=O)c1cccc(F)c1,5.342561677297038,CHEMBL3612490,4005,2015.0
CN(N=Cc1cnn2ccc(Cl)nc12)S(=O)(=O)c1cccc([N+](=O)[O-])c1,5.361510743045363,CHEMBL3612485,4005,2015.0
CC1COCCN1c1cc(CS(C)(=O)=O)nc(-c2ccc(NC(=O)NCCN(C)C)cc2)n1,5.100000128334196,CHEMBL3410642,4005,2015.0
COCCOc1ccc(-c2ccc3nc(N)sc3c2)cn1,5.59999938302362,CHEMBL3600695,4005,2015.0
CC1COCCN1c1cc(C2(S(C)(=O)=O)CC2)nc(-n2c(N)nc3ccccc32)n1,5.045757490560675,CHEMBL4288033,4005,2018.0
COCCNC(=O)c1cc(C(C)Nc2cc(F)cc(F)c2)c2oc(N3CCOCC3)cc(=O)c2c1,7.244125144327507,CHEMBL3408269,4005,2015.0
COCC(=O)NC1CCN(Cc2cc3nc(-c4cccc5[nH]ccc45)nc(N4CCOCC4)c3s2)C1,5.800000874803203,CHEMBL4514181,4005,2019.0
COCC(=O)NC1CCN(Cc2cc3nc(-c4cccc5[nH]ccc45)nc(N4CCOCC4)c3s2)CC1,5.40000018605658,CHEMBL4585433,4005,2019.0
COCC(=O)NC1CCN(Cc2cc3nc(-c4cccc5[nH]ncc45)nc(N4CCOCC4)c3s2)C1,6.499996931948306,CHEMBL4569614,4005,2019.0
COCC(=O)NC1CCN(Cc2cc3nc(-c4cccc5[nH]ncc45)nc(N4CCOCC4)c3s2)CC1,6.399996913372259,CHEMBL4468356,4005,2019.0
COCC(=O)NC1CCN(Cc2cc3nc(-c4cnc(N)nc4)nc(N4CCOCC4)c3s2)C1,7.400007822415902,CHEMBL4560843,4005,2019.0
COCC(=O)NC1CCN(Cc2cc3nc(-c4cnc(N)nc4)nc(N4CCOCC4)c3s2)CC1,7.299988937677888,CHEMBL4456813,4005,2019.0
O=C(O)c1ccc(-c2csc3c(=O)cc(N4CCOCC4)oc23)cc1,7.096910013008056,CHEMBL2326956,4005,2013.0
Cc1ccc([N+](=O)[O-])cc1S(=O)(=O)N(C)N=Cc1cnn2ccc(-c3cccnc3)nc12,5.906578314837764,CHEMBL3612505,4005,2015.0
Cc1ccc([N+](=O)[O-])cc1S(=O)(=O)N(C)N=Cc1cncc2ccccc12,6.096910013008056,CHEMBL240335,4005,2007.0
Cc1ccc([N+](=O)[O-])cc1S(=O)(=O)N(C)N=Cc1cncc2ccc(Br)cc12,5.657577319177793,CHEMBL240336,4005,2007.0
Cc1ccc([N+](=O)[O-])cc1S(=O)(=O)N(C)N=Cc1cnc2ccccn12,6.065501548756432,CHEMBL239050,4005,2007.0
Cc1ccc([N+](=O)[O-])cc1S(=O)(=O)N(C)N=Cc1ccnc2ccccc12,5.638272163982407,CHEMBL393747,4005,2007.0
Cc1ccc([N+](=O)[O-])cc1S(=O)(=O)N(C)CCc1cnn2ccc(Cl)nc12,5.7281583934635005,CHEMBL3612512,4005,2015.0
COCCCNC(=O)c1cn2cc(-c3cnc(N)nc3)nc(N3CCOCC3)c2n1,8.494850021680094,CHEMBL2058167,4005,2012.0
Cc1ccc([N+](=O)[O-])cc1S(=O)(=O)Cc1nc(-c2cnn3ccc(Br)cc23)cs1,6.619788758288394,CHEMBL3134268,4005,2014.0
Cc1ccc([N+](=O)[O-])cc1S(=O)(=O)CC=Cc1cnn2ccc(Br)cc12,6.853871964321762,CHEMBL3132876,4005,2014.0
COCCN(C)C(=O)c1cc(C(C)Nc2cc(F)cc(F)c2)c2oc(N3CCOCC3)cc(=O)c2c1,6.537602002101044,CHEMBL3408259,4005,2015.0
CC1COCCN1c1cc(C(C)(C)S(C)(=O)=O)nc(-c2cccc(O)c2)n1,5.499999678657065,CHEMBL4529162,4005,2019.0
Cc1ccc(S(C)(=O)=O)cc1S(=O)(=O)N(C)N=Cc1cnn2ccc(Cl)nc12,5.025488307262672,CHEMBL3612500,4005,2015.0
COCCN1C(=O)CNc2ncc(-c3ccc(C(C)(C)O)nc3)nc21,5.207608310501746,CHEMBL3586391,4005,2015.0
Cc1ccc(S(=O)(=O)n2cc3c(=O)oc4ccccc4c3n2)cc1,5.090443970758825,CHEMBL4520000,4005,2019.0
CC1COCCN1c1cc(C2(S(=O)(=O)C3CC3)CC2)nc(-c2ccc(NC(=S)NCCO)cc2)n1,6.040000399696793,CHEMBL3410672,4005,2015.0
COCC(=O)NC1CCCN(Cc2cc3nc(-c4cnc(N)nc4)nc(N4CCOCC4)c3s2)C1,6.299997602857746,CHEMBL4443297,4005,2019.0
CC1COCCN1c1nc(N2CCOCC2C)c2nc(-c3cc[nH]n3)sc2n1,5.657577319177793,CHEMBL4518369,4005,2020.0
CC1Cc2c(Br)cccc2N1C(=O)Cc1nc(N2CCOCC2)sc1C(=O)O,5.955530825559283,CHEMBL3125384,4005,2014.0
CNc1nc(C)c2cc(-c3cnc(OC)c(NS(=O)(=O)c4ccc(F)cc4F)c3)cc(OC3CCCCC3)c2n1,8.008773924307505,CHEMBL4175917,4005,2018.0
CC1Cc2c(Br)cccc2N1C(=O)Cc1nc(N2CCOCC2)sc1C(N)=O,5.878933609674977,CHEMBL3125395,4005,2014.0
CC(=O)N=c1[nH]c(C)c(-c2ccc(Cl)c(S(=O)(=O)NCCO)c2)s1,7.4089353929735005,CHEMBL1229535,4005,2012.0
CN(C)CCn1ccc2c(N3CCOCC3)nc(-c3ccc(NC(=O)Nc4ccccn4)cc3)nc21,6.847711655616944,CHEMBL1092546,4005,2010.0
CN(C)CCn1ccc2c(N3CCOCC3)nc(-c3ccc(NC(=O)Nc4ccc(F)cc4)cc3)nc21,7.619788758288394,CHEMBL1091158,4005,2010.0
CNc1nc(C)c2cc(-c3cnc(OC)c(NS(=O)(=O)c4ccc(F)cc4F)c3)cc(OC3CCCC3)c2n1,8.18045606445813,CHEMBL4168064,4005,2018.0
CNc1nc(C)c2cc(-c3cnc(OC)c(NS(=O)(=O)c4ccc(F)cc4F)c3)cc(OC3CCC3)c2n1,8.387216143280265,CHEMBL4172514,4005,2018.0
O=C(Nc1ccncc1)c1cccc(-c2csc3c(=O)cc(N4CCOCC4)oc23)c1,7.1487416512809245,CHEMBL2326963,4005,2013.0
CNc1cccc(Nc2nc(-c3cccc4[nH]ncc34)nc(N3CCOCC3)n2)c1,7.096910013008056,CHEMBL3775230,4005,2015.0
O=C(Nc1ccncc1)c1ccc(-c2csc3c(=O)cc(N4CCOCC4)oc23)cc1,6.7281583934635005,CHEMBL2326961,4005,2013.0
O=C(Nc1ccncc1)Nc1ccc(-c2nc(N3CCOCC3)c3nnn(C4CC4)c3n2)cc1,8.221848749616356,CHEMBL590325,4005,2010.0
Cc1cccc(-c2csc3c(=O)cc(N4CCOCC4)oc23)c1,6.935542010773082,CHEMBL2326971,4005,2013.0
CNc1ccc(-c2csc3c(=O)cc(N4CCOCC4)oc23)cc1,7.251811972993799,CHEMBL2326954,4005,2013.0
Cc1cccc(-c2nc(N3CCOCC3)c3[nH]ccc3n2)c1,5.822175028135318,CHEMBL1092554,4005,2010.0
O=C(Nc1ccncc1)Nc1ccc(-c2nc(N3CCOCC3)c3ncccc3n2)cc1,6.498940737782249,CHEMBL3109145,4005,2014.0
CC1CN(c2cc(=O)c3ccc4ccccc4c3o2)CCO1,5.619788758288394,CHEMBL435507,4005,2005.0
CC1CN(c2cc(=O)c3cc(C(=O)N(C)C)cc(CN4CCOc5ccc(F)cc54)c3o2)CCO1,8.022878745280337,CHEMBL3799511,4005,2016.0
CNS(=O)(=O)c1ccc(C(=O)N2CCOc3ccc(-c4ccc5nc[nH]c5c4)cc3C2)cc1,5.962573502059376,CHEMBL2332921,4005,2013.0
CC1CN(c2cc(=O)c3cc(C(=O)N(C)C)cc(CN4CCOc5c(F)cccc54)c3o2)CCO1,8.110924374808178,CHEMBL3798914,4005,2016.0
CC1CN(c2cc(=O)c3cc(C(=O)N(C)C)cc(CN4CCOc5c(F)cc(F)cc54)c3o2)CCO1,8.077450979992872,CHEMBL3797812,4005,2016.0
CC1CN(c2cc(=O)c3cc(C(=O)N(C)C)cc(CN(C)c4cc(F)cc(F)c4)c3o2)CCO1,8.15051499783199,CHEMBL3797698,4005,2016.0
CNc1nc(C)c2cc(-c3cnc(OC)c(NS(=O)(=O)c4ccc(F)cc4F)c3)cc(OC3CCOC3)c2n1,8.935800365641096,CHEMBL4167026_CHEMBL4174909,4005,
CC1COCCN1c1nc(N2CCOCC2C)c2nc(-c3cccc4[nH]ccc34)[nH]c2n1,5.180456064458131,CHEMBL4514031,4005,2020.0
COCc1ccc2c(N3CCOCC3)nc(-c3cnc(N)nc3)nn12,7.522878745280337,CHEMBL3601478,4005,2015.0
COCc1ccc(-c2ccc3ncc(C(N)=O)c(NC(C)C4CCOCC4)c3c2)cn1,5.675717544702307,CHEMBL4218734,4005,2016.0
CC(=O)N1CCN(c2cc(-c3cc(C(F)(F)F)c4c(N)ncnn34)ccc2C#N)C(=O)C1(C)C,6.17630851494269,CHEMBL4064666,4005,2017.0
CC(=O)N1CCN(c2cccc(-c3cc(-c4ccnn4C4CCOCC4)c4c(N)ncnn34)c2)C(=O)C1(C)C,7.229147988357855,CHEMBL4068514,4005,2017.0
Cc1ccc(O)c(-c2ccc(C=C3SC(=O)NC3=O)o2)c1,6.301029995663981,CHEMBL377104,4005,2006.0
Cn1cc(-c2ccc3nc(N)sc3c2)cn1,5.100000128334196,CHEMBL3600770,4005,2015.0
Cn1cc(-c2ccc3ncc4c(c3c2)n(-c2ccc(C(C)(C)C#N)cc2)c(=O)n4C)cn1,6.400116927926312,CHEMBL3290293,4005,2014.0
COCCOc1nc(-c2ccc3nc(NC(C)=O)cn3c2)cnc1N,8.096910013008056,CHEMBL3753085,4005,2016.0
CN(C)CCn1ccc2c(N3CCOCC3)nc(-c3cccc(O)c3)nc21,7.119186407719209,CHEMBL1089443,4005,2010.0
CN(C)CCn1ccc2c(N3CCOCC3)nc(-c3cccc(CO)c3)nc21,7.376750709602099,CHEMBL1089819,4005,2010.0
CN(C)CCn1ccc2c(N3CCOCC3)nc(-c3ccc(NC(=O)Nc4ccncc4)cc3)nc21,8.096910013008056,CHEMBL1092841,4005,2010.0
Cc1ccc2c(c1)-c1nc3cc(C)ccc3n1CCO2,6.928117992693874,CHEMBL3403813,4005,2015.0
Cc1ccc2c(c1)-c1nc3cc(F)ccc3n1CCO2,6.324221658325914,CHEMBL3401243,4005,2015.0
Cc1ccc2c(c1)-c1nc3cc([N+](=O)[O-])ccc3n1CCO2,7.795880017344075,CHEMBL3401255,4005,2015.0
CC1CN(c2nc(-c3cccc(O)c3)nc3cccnc23)CC(C)O1,5.853871964321762,CHEMBL3109121,4005,2014.0
CNc1ncc(-c2ccnc(Nc3ccncc3)n2)c(CC2CC2)n1,5.167491087293763,CHEMBL3780029,4005,2016.0
CN(C)CCn1ccc2c(N3CCOCC3)nc(-c3ccc(NC(=O)Nc4cccnc4)cc3)nc21,7.795880017344075,CHEMBL1092547,4005,2010.0
COCCn1cnc2ccc(-c3cnc(COC4CC4)c(NS(=O)(=O)c4ccc(F)cc4F)c3)cc2c1=O,6.619788758288394,CHEMBL3902260,4005,2016.0
CNc1ncc(-c2ccnc(NC3CCC(O)CC3)n2)c(CC2CC2)n1,5.207608310501746,CHEMBL3781916,4005,2016.0
COCc1ccc(-c2cc3c(NC(C)c4ccn(C)n4)c(C(N)=O)cnc3cc2F)cn1,6.351639989019068,CHEMBL4166405,4005,2016.0
COCc1ccc(-c2ccc3nc(N)sc3c2)cn1,5.59999938302362,CHEMBL3600685,4005,2015.0
CNc1nc(C)c2cc(-c3cnc(OC)c(NS(=O)(=O)c4ccc(F)cc4F)c3)cc(OCC3CCOC3)c2n1,8.698970004336019,CHEMBL4171472,4005,2018.0
CNc1nc(C)c2cc(-c3cnc(OC)c(NS(=O)(=O)c4ccc(F)cc4F)c3)cc(OC3CCOCC3)c2n1,8.853871964321762,CHEMBL4166594,4005,2018.0
COCc1ccc2c(N3C4CCC3COC4)nc(-c3cnc(N)nc3)nn12,5.657577319177793,CHEMBL3601897,4005,2015.0
COCC(=O)NC1CCCN(Cc2cc3nc(-c4cccc5[nH]ncc45)nc(N4CCOCC4)c3s2)C1,6.399996913372259,CHEMBL4584477,4005,2019.0
COCC(=O)NC1CCCN(Cc2cc3nc(-c4cccc5[nH]ccc45)nc(N4CCOCC4)c3s2)C1,5.59999938302362,CHEMBL4442020,4005,2019.0
COCC(=O)N1CCC(Nc2cc(-c3ncnc4c3CN(c3cnc(OC)c(C)c3)CC4)ccn2)CC1,5.008773924307505,CHEMBL4530810,4005,2019.0
COC(=O)c1ccc(-c2csc3c(=O)cc(N4CCOCC4)oc23)cc1,6.3979400086720375,CHEMBL2326953,4005,2013.0
O=C1CCN(c2nc(-c3cccc4[nH]ncc34)nc(N3CCOCC3)n2)CCN1,6.698970004336019,CHEMBL3774605,4005,2015.0
CN(C1CCN(Cc2cc3nc(-c4cccc5[nH]ccc45)nc(N4CCOCC4)c3s2)C1)S(C)(=O)=O,6.199998172182031,CHEMBL4532070,4005,2019.0
CN(C)S(=O)(=O)c1ccc(-c2cnc3ccc(-c4ccnc5[nH]ccc45)nn23)cc1,7.397940008672037,CHEMBL3355069,4005,2015.0
CN(C)Cc1ccc2c(N3CCOCC3)nc(-c3cnc(N)nc3)nn12,7.698970004336019,CHEMBL3601476,4005,2015.0
O=C1NC(=O)C(=Cc2ccc3nccnc3c2)S1,7.221848749616356,CHEMBL568150,4005,2012.0
CN(C1CCN(Cc2cc3nc(-c4cccc5[nH]ccc45)nc(N4CCOCC4)c3s2)CC1)S(C)(=O)=O,5.800000874803203,CHEMBL4472123,4005,2019.0
CN(C1CCN(Cc2cc3nc(-c4cccc5[nH]ncc45)nc(N4CCOCC4)c3s2)C1)S(C)(=O)=O,6.900008766455316,CHEMBL4543271,4005,2019.0
CN(C1CCN(Cc2cc3nc(-c4cccc5[nH]ncc45)nc(N4CCOCC4)c3s2)CC1)S(C)(=O)=O,6.499996931948306,CHEMBL4445065,4005,2019.0
CN(C1CCN(Cc2cc3nc(-c4cnc(N)nc4)nc(N4CCOCC4)c3s2)C1)S(C)(=O)=O,8.100015437450608,CHEMBL4534127,4005,2019.0
CN(C1CCN(Cc2cc3nc(-c4cnc(N)nc4)nc(N4CCOCC4)c3s2)CC1)S(C)(=O)=O,7.79997073344623,CHEMBL4453879,4005,2019.0
CN(CC(=O)O)c1nc(-c2cccc(O)c2)nc(N2CCOCC2)n1,5.0,CHEMBL3775448,4005,2015.0
Cc1ccc2c(c1)-c1nc3cc(C(F)(F)F)ccc3n1CCO2,6.164309428507575,CHEMBL3401259,4005,2015.0
CC(=NNc1nc(-c2ccccc2)cs1)c1cc2ccccc2o1,5.3872161432802645,CHEMBL4759791,4005,2021.0
Cc1ccc2c(c1)-c1nc3cc(Br)ccc3n1CCO2,6.1791420105603,CHEMBL3401251,4005,2015.0
COC(=O)c1ccc2nc(NC(C)=O)sc2c1,5.657577319177793,CHEMBL2418960,4005,2013.0
CC1COCCN1c1cc(C(C)(C)S(C)(=O)=O)nc(-c2ccc(NC(=S)NCCO)cc2)n1,5.499999678657065,CHEMBL3410664,4005,2019.0
Cn1c(=O)n(-c2ccc(C(C)(C)C#N)cc2)c2c3ccccc3ncc21,5.400007822415902,CHEMBL3290300,4005,2014.0
Cn1c(=O)n(-c2ccc(C3(C#N)CC3)cc2)c2c3cc(-c4cnc5ccccc5c4)ccc3ncc21,8.154901959985743,CHEMBL3354566,4005,2015.0
CN(CCO)Cc1ccc(-c2ccnc3ccc(-c4cnc(Cl)c(NS(=O)(=O)c5ccc(F)cc5)c4)cc23)cc1,9.0,CHEMBL3939972,4005,2016.0
CC(=O)N(C)C1CCCN(Cc2cc3nc(-c4cccc5[nH]ccc45)nc(N4CCOCC4)c3s2)C1,5.800000874803203,CHEMBL4516194,4005,2019.0
COC(=O)c1ccc(-c2ccc(C=C3SC(=O)NC3=O)o2)c(O)c1,6.6777807052660805,CHEMBL377152,4005,2006.0
CC(=O)N(C)C1CCCN(Cc2cc3nc(-c4cccc5[nH]ncc45)nc(N4CCOCC4)c3s2)C1,6.599997654072045,CHEMBL4556864,4005,2019.0
CN(C)S(=O)(=O)c1ccc(-c2cnn3c2CN(c2ccnc4[nH]ccc24)CC3)cc1,5.958607314841775,CHEMBL3355070,4005,2015.0
O=C1CN(CCC2CCOCC2)c2nc(-c3ccc(-c4nc[nH]n4)nc3)cnc2N1,5.795880017344075,CHEMBL3586385,4005,2015.0
O=C1NC(=O)C(=Cc2ccc(-c3cccc([N+](=O)[O-])c3O)o2)S1,5.903089986991944,CHEMBL210991,4005,2006.0
O=C1NC(=O)C(=Cc2ccc(-c3ccc(O)cc3O)o2)S1,6.721246399047171,CHEMBL211173,4005,2006.0
O=C1NC(=O)C(=Cc2ccc(-c3ccc(O)cc3F)o2)S1,6.0,CHEMBL211068,4005,2006.0
O=C1NC(=O)C(=Cc2ccc(-c3ccc(O)cc3)o2)S1,5.443697499232712,CHEMBL211759,4005,2006.0
O=C1NC(=O)C(=Cc2ccc(-c3ccc(F)cc3O)o2)S1,6.026872146400301,CHEMBL379156,4005,2006.0
O=C1NC(=O)C(=Cc2ccc(-c3ccccc3O)o2)S1,6.481486060122112,CHEMBL208652,4005,2006.0
O=C1NC(=O)C(=Cc2ccc(-c3cc(OC(F)(F)F)ccc3O)o2)S1,6.221848749616356,CHEMBL211768,4005,2013.0
O=C1NC(=O)C(=Cc2ccc(-c3cc(O)ccc3O)o2)S1,7.0,CHEMBL211819,4005,2006.0
O=C1NC(=O)C(=Cc2ccc(-c3cc(F)ccc3O)o2)S1,6.341988603342887,CHEMBL377175,4005,2006.0
O=C1NC(=O)C(=Cc2ccc(-c3cc(F)cc(F)c3O)s2)S1,6.468521082957745,CHEMBL209159,4005,2006.0
O=C1NC(=O)C(=Cc2ccc(-c3cc(Cl)ccc3O)o2)S1,6.263603497723357,CHEMBL212119,4005,2011.0
CN(C1CCCN(Cc2cc3nc(-c4cccc5[nH]ccc45)nc(N4CCOCC4)c3s2)C1)S(C)(=O)=O,6.0999990348465305,CHEMBL4590897,4005,2019.0
O=C1NC(=O)C(=Cc2ccc(-c3ccccn3)o2)S1,6.732828271596986,CHEMBL378528,4005,2006.0
CN(C)c1ccc(-c2csc3c(=O)cc(N4CCOCC4)oc23)cc1,7.022276394711152,CHEMBL2322245,4005,2012.0
COC(=O)CNc1nc(-c2cccc(O)c2)nc(N2CCOCC2)n1,5.928117992693874,CHEMBL3774664,4005,2015.0
O=C1NC(=O)C(=Cc2ccc(-c3cccnc3)o2)S1,6.200659450546418,CHEMBL376984,4005,2012.0
CN(C1CCCN(Cc2cc3nc(-c4cccc5[nH]ncc45)nc(N4CCOCC4)c3s2)C1)S(C)(=O)=O,6.699991797446187,CHEMBL4580720,4005,2019.0
O=C1CNc2ncc(-c3ccc(-c4nc[nH]n4)cc3)nc2N1CCC1CCOCC1,7.0,CHEMBL3586382,4005,2015.0
O=C1CN(c2nc(-c3cccc4[nH]ncc34)nc(N3CCOCC3)n2)CCN1,6.3979400086720375,CHEMBL3774899,4005,2015.0
COC(=O)c1cc(CNc2ccc(S(=O)(=O)Nc3nnc(C)s3)cc2)cc(-c2ccc(OC)nc2)c1,7.337242168318426,CHEMBL3582353,4005,2015.0
CN(C1CCCN(Cc2cc3nc(-c4cnc(N)nc4)nc(N4CCOCC4)c3s2)C1)S(C)(=O)=O,7.400007822415902,CHEMBL4456215,4005,2019.0
O=C1CN(CCC2CCOCC2)c2nc(-c3ccc(-c4nc[nH]n4)cc3)cnc2N1,6.277369193122736,CHEMBL2348864,4005,2013.0
O=C(c1ccccc1)N1CCOc2ccc(-c3cnc4ccccc4c3)cc2C1,5.504733255612189,CHEMBL2333369,4005,2013.0
COC(Cn1ccc2c(N3CCOCC3)nc(-c3ccc(NC(=O)Nc4ccncc4)cc3)nc21)OC,7.769551078621726,CHEMBL1090781,4005,2010.0
COC(Cn1nc(-c2ccc3oc(N)nc3c2)c2c(N)ncnc21)OC,6.522878745280337,CHEMBL3800138,4005,2016.0
Cc1ccc([N+](=O)[O-])cc1S(=O)(=O)N(C)N=Cc1cnn2ccc(Cl)nc12,6.567030709125595,CHEMBL3612482,4005,2015.0
CC(=O)N(C)C1CCN(Cc2cc3nc(-c4cccc5[nH]ncc45)nc(N4CCOCC4)c3s2)C1,6.699991797446187,CHEMBL4576565,4005,2019.0
CC(=O)N(C)C1CCN(Cc2cc3nc(-c4cccc5[nH]ncc45)nc(N4CCOCC4)c3s2)CC1,6.299997602857746,CHEMBL4458909,4005,2019.0
O=C(O)c1sc(N2CCOCC2)nc1CC(=O)N1CCc2c(Cl)cccc21,5.656000930942838,CHEMBL3125378,4005,2014.0
O=C(O)c1sc(N2CCOCC2)nc1CC(=O)N1CCc2c(Br)cccc21,5.9511699134716505,CHEMBL3125383,4005,2014.0
CC(=O)N(C)C1CCN(Cc2cc3nc(-c4cnc(N)nc4)nc(N4CCOCC4)c3s2)C1,7.6333841114527585,CHEMBL4454271_CHEMBL4462986_CHEMBL4472331,4005,
Cc1ccc([N+](=O)[O-])cc1S(=O)(=O)N(C)N=Cc1cnn2ccc(C#N)nc12,6.703334809738469,CHEMBL3612507,4005,2015.0
CC(=O)N(C)C1CCN(Cc2cc3nc(-c4cnc(N)nc4)nc(N4CCOCC4)c3s2)CC1,7.400007822415902,CHEMBL4437468,4005,2019.0
CC(=O)N1CC(C)N(c2cccc(-c3cc(-c4ccnn4C4CCOCC4)c4c(N)ncnn34)c2)C(C)C1,7.244125144327507,CHEMBL4061855,4005,2017.0
COCC(=O)N(C)C1CCCN(Cc2cc3nc(-c4cccc5[nH]ccc45)nc(N4CCOCC4)c3s2)C1,5.499999678657065,CHEMBL4472462,4005,2019.0
COCC(=O)N(C)C1CCCN(Cc2cc3nc(-c4cccc5[nH]ncc45)nc(N4CCOCC4)c3s2)C1,6.0999990348465305,CHEMBL4473394,4005,2019.0
O=C(O)c1ccc2occ(C=NNc3nc4c(c(N5CCOCC5)n3)CSCC4)c(=O)c2c1,6.036212172654444,CHEMBL3813725,4005,2016.0
O=C(O)c1ccc2occ(C=NNc3nc(N4CCOCC4)c4sccc4n3)c(=O)c2c1,5.742321425130816,CHEMBL3407718,4005,2015.0
O=C(O)c1ccc2occ(C=NNc3nc(N4CCOCC4)c4ccsc4n3)c(=O)c2c1,5.628932137728263,CHEMBL3407730,4005,2015.0
COCC(=O)N(C)C1CCCN(Cc2cc3nc(-c4cnc(N)nc4)nc(N4CCOCC4)c3s2)C1,7.0,CHEMBL4437860,4005,2019.0
COCC(=O)N(C)C1CCN(Cc2cc3nc(-c4cccc5[nH]ccc45)nc(N4CCOCC4)c3s2)C1,5.40000018605658,CHEMBL4589808,4005,2019.0
COCC(=O)N(C)C1CCN(Cc2cc3nc(-c4cccc5[nH]ccc45)nc(N4CCOCC4)c3s2)CC1,5.0,CHEMBL4456577,4005,2019.0
COCC(=O)N(C)C1CCN(Cc2cc3nc(-c4cccc5[nH]ncc45)nc(N4CCOCC4)c3s2)C1,6.199998172182031,CHEMBL4441333,4005,2019.0
COCC(=O)N(C)C1CCN(Cc2cc3nc(-c4cccc5[nH]ncc45)nc(N4CCOCC4)c3s2)CC1,6.299997602857746,CHEMBL4568963,4005,2019.0
COCC(=O)N(C)C1CCN(Cc2cc3nc(-c4cnc(N)nc4)nc(N4CCOCC4)c3s2)C1,7.79997073344623,CHEMBL4538734,4005,2019.0
COCC(=O)N(C)C1CCN(Cc2cc3nc(-c4cnc(N)nc4)nc(N4CCOCC4)c3s2)CC1,6.900008766455316,CHEMBL4580893,4005,2019.0
Cc1ccc([N+](=O)[O-])cc1S(=O)(=O)N(C)N=Cc1onc2ccccc12,5.301029995663981,CHEMBL392070,4005,2007.0
Cc1ccc([N+](=O)[O-])cc1S(=O)(=O)N1CCC(c2cnn3ccc(Br)cc23)C1,5.522878745280337,CHEMBL3134298,4005,2014.0
Cc1ccc([N+](=O)[O-])cc1S(=O)(=O)N1CCCC(c2cnn3ccc(Br)cc23)C1,6.229147988357855,CHEMBL3134299,4005,2014.0
Cc1ccc([N+](=O)[O-])cc1S(=O)(=O)NCCc1cnn2ccc(Cl)nc12,6.045757490560675,CHEMBL3612511,4005,2015.0
CN(C)Cc1ccc(-c2ccnc3ccc(-c4cnc(Cl)c(NS(=O)(=O)c5ccc(F)cc5F)c4)cc23)cc1,9.161150909262744,CHEMBL3896198,4005,2016.0
COC1CC(c2nc3cccc(Cl)c3c(=O)n2-c2ccccc2)N(c2ncnc(N)c2C#N)C1,5.886056647693163,CHEMBL3355022,4005,2015.0
CC(=O)N(C)C1CCCN(Cc2cc3nc(-c4cnc(N)nc4)nc(N4CCOCC4)c3s2)C1,7.199970640755866,CHEMBL4443987,4005,2019.0
O=C(c1ccc(C(F)(F)F)cc1)N1CCOc2ccc(-c3ccc4nc[nH]c4c3)cc2C1,5.961777361631281,CHEMBL2332919,4005,2013.0
CN(N=Cc1cnn2ccc(Cl)nc12)S(=O)(=O)c1cc([N+](=O)[O-])ccc1Cl,7.537602002101044,CHEMBL3612501,4005,2015.0
O=C(c1ccc(C(=O)C(F)(F)F)cc1)N1CCOc2ccc(-c3cnc4ccccc4c3)cc2C1,6.400116927926312,CHEMBL2333366,4005,2013.0
O=C(c1ccc(C(=O)C(F)(F)F)cc1)N1CCOc2ccc(-c3cn[nH]c3)cc2C1,5.979638717352293,CHEMBL2333378,4005,2013.0
O=C(c1ccc(C(=O)C(F)(F)F)cc1)N1CCOc2ccc(-c3cccnc3)cc2C1,5.946537395074545,CHEMBL2333372,4005,2013.0
O=C(c1ccc(C(=O)C(F)(F)F)cc1)N1CCOc2ccc(-c3ccccc3)cc2C1,5.637329070274333,CHEMBL2333371,4005,2013.0
O=C(c1ccc(C(=O)C(F)(F)F)cc1)N1CCOc2ccc(-c3ccc4nc[nH]c4c3)cc2C1,7.050609993355087,CHEMBL2333379,4005,2013.0
CC1CCN(C(=O)Nc2nc3c(s2)-c2nc(C(C)(C)C)sc2CC3)C1C(N)=O,7.922331981267469,CHEMBL3609518_CHEMBL3609519,4005,
O=C(c1ccc(C(=O)C(F)(F)F)cc1)N1CCOc2ccc(-c3ccc4cn[nH]c4c3)cc2C1,6.586700235918748,CHEMBL2333374,4005,2013.0
O=C(c1ccc(C(=O)C(F)(F)F)cc1)N1CCOc2ccc(-c3ccc4[nH]ncc4c3)cc2C1,6.863279432843593,CHEMBL2333375,4005,2013.0
COC1CCC(CN2C(=O)CNc3ncc(-c4ccc(C(C)(C)O)nc4)nc32)CC1,5.464981066696122,CHEMBL3586397_CHEMBL3586399,4005,
COC1CCC(N2C(=O)CNc3ncc(-c4ccc(C(C)(C)O)nc4)nc32)CC1,5.3979400086720375,CHEMBL3586404,4005,2015.0
CC(=O)N(C)C1CCN(Cc2cc3nc(-c4cccc5[nH]ccc45)nc(N4CCOCC4)c3s2)C1,6.0999990348465305,CHEMBL4580111,4005,2019.0
Cc1ccc([N+](=O)[O-])cc1S(=O)(=O)n1ccc(-c2cnn3ccc(Cl)nc23)n1,5.97061622231479,CHEMBL3612515,4005,2015.0
CC(=O)N(C)C1CCN(Cc2cc3nc(-c4cccc5[nH]ccc45)nc(N4CCOCC4)c3s2)CC1,5.499999678657065,CHEMBL4583106,4005,2019.0
O=C(c1cc(C2CCCN2c2cccc(F)c2)c2oc(N3CCOCC3)cc(=O)c2c1)N1CCOCC1,7.721246399047171,CHEMBL4090811,4005,2017.0
O=C(c1cc(C2CCCN2c2cc(F)cc(F)c2)c2oc(N3CCOCC3)cc(=O)c2c1)N1CCOCC1,7.886056647693163,CHEMBL4060768,4005,2017.0
Cc1ccc([N+](=O)[O-])cc1S(=O)(=O)n1ccc(-c2cnn3ccc(Cl)nc23)c1,6.785156151952302,CHEMBL3612622,4005,2015.0
Cc1ccc([N+](=O)[O-])cc1S(=O)(=O)n1cc(-c2cnn3ccc(Cl)nc23)cn1,6.7121982700697735,CHEMBL3612514,4005,2015.0
O=C(c1ccc(C(=O)C(F)(F)F)cc1)N1CCOc2ccc(-c3ccc4ccccc4c3)cc2C1,5.834755673874689,CHEMBL2333370,4005,2012.0
Cc1ccc(-c2csc3c(=O)cc(N4CCOCC4)oc23)cc1,6.623423042943488,CHEMBL2326970,4005,2013.0
CC1CCN(C(=O)Nc2nc3c(s2)-c2nc(C(C)(C)C)ncc2CC3)C1C(N)=O,8.221848749616356,CHEMBL3609525,4005,2015.0
CC1CCN(C(=O)Nc2nc3c(s2)-c2nc(C(C)(C)C(F)(F)F)sc2CC3)C1C(N)=O,8.045757490560675,CHEMBL3609520,4005,2015.0
O=c1cc(-c2cccc3c2Sc2ccccc2S3)oc(N2CCOCC2)c1,6.339134521996131,CHEMBL222102,4005,2016.0
Cc1nc(NC(=O)N2CCCC2C(N)=O)sc1-c1csc(C2(C)CC2)n1,7.853871964321762,CHEMBL3609540,4005,2015.0
Cc1nc(NC(=O)N2CCCC2C(N)=O)sc1-c1csc(C2(C(F)(F)F)CC2)n1,7.585026652029182,CHEMBL3609545,4005,2015.0
Cc1nc(NC(=O)N2CCCC2C(N)=O)sc1-c1csc(C(C)C)n1,7.698970004336019,CHEMBL3609536,4005,2015.0
Cc1nc(NC(=O)N2CCCC2C(N)=O)sc1-c1csc(C(C)(C)C)n1,7.659379381312206,CHEMBL3218581,4005,2012.0
O=c1cc(N2CCOCC2)nc2n1CCC(C(F)(F)F)N2c1cc(F)cc(F)c1,6.129011186239424,CHEMBL4536855,4005,2018.0
CN(C)C(=O)c1cccc(Nc2nc(-c3cccc4[nH]ncc34)nc(N3CCOCC3)n2)c1,7.221848749616356,CHEMBL3775985,4005,2015.0
O=c1cc(N2CCOCC2)oc2c(-c3cc4ccccc4[nH]3)csc12,7.113509274827518,CHEMBL2326967,4005,2013.0
O=c1cc(N2CCOCC2)oc2c(-c3ccc(C(F)(F)F)cc3)csc12,6.258848401148216,CHEMBL2322234,4005,2013.0
O=c1cc(N2CCOCC2)oc2c(-c3ccc(Cl)c(Cl)c3)csc12,7.0,CHEMBL2322233,4005,2013.0
O=c1cc(N2CCOCC2)oc2c(-c3ccc4[nH]ccc4c3)csc12,6.66354026615147,CHEMBL2322225,4005,2013.0
O=c1cc(N2CCOCC2)oc2c(-c3ccc4c(c3)OCCO4)csc12,7.468521082957745,CHEMBL2322228,4005,2013.0
Cc1ccc(-n2c(=O)n(C)c3cnc4ccc(-c5ccncc5)cc4c32)cc1,6.199970640755866,CHEMBL3290305,4005,2014.0
Cn1nnc2c(N3CCOCC3)nc(-c3ccc(NC(=O)Nc4cccnc4)cc3)nc21,7.978810700930062,CHEMBL589599,4005,2010.0
O=c1cc(N2CCOCC2)oc2c(-c3ccc4c(c3)OCO4)csc12,7.1249387366083,CHEMBL2322243,4005,2013.0
CN(C)C(=O)c1ccc2c(N3CCOCC3)nc(-c3cnc(N)nc3)nn12,6.958607314841775,CHEMBL3601894,4005,2015.0
CN(C)C(=O)c1ccc(Oc2nc(-c3cccc4[nH]ncc34)nc(N3CCOCC3)n2)cc1,7.221848749616356,CHEMBL3775504,4005,2015.0
O=c1cc(N2CCOCC2)oc2c(-c3cccc4c3sc3ccccc34)cccc12,6.886056647693163,CHEMBL188678,4005,2004.0
O=c1cc(N2CCOCC2)oc2c(-c3ccccc3)csc12,6.527243550682788,CHEMBL2322239,4005,2013.0
O=c1cc(N2CCOCC2)oc2c(-c3cccnc3)csc12,6.531652669587842,CHEMBL2322240,4005,2013.0
Cn1nnc2c(N3CCOCC3)nc(-c3ccc(NC(=O)Nc4cccs4)cc3)nc21,8.187086643357144,CHEMBL589600,4005,2010.0
O=c1cc(-c2cccc3c2Sc2ccccc2C3)oc(N2CCOCC2)c1,6.3448615651886175,CHEMBL4569967,4005,2016.0
CN(C)C(=O)c1cc(Oc2nc(-c3cccc4[nH]ncc34)nc(N3CCOCC3)n2)cs1,7.0,CHEMBL3774677,4005,2015.0
Cc1nc(NC(=O)N2CCCC2C(N)=O)sc1-c1csc(C2CCC2)n1,7.481486060122112,CHEMBL3609538,4005,2015.0
Cc1nc(NC(=O)N2CCCC2C(N)=O)sc1-c1csc(CN(C)C)n1,6.795880017344075,CHEMBL3609544,4005,2015.0
CN(C)CC(=O)N1CCC(c2cn(C)c(-c3cnc(N)c(-n4nnc5ccccc54)n3)n2)CC1,7.1938200260161125,CHEMBL3590224,4005,2015.0
O=[N+]([O-])c1cccc([S+]([O-])c2nc(-c3cnn4ccc(Br)cc34)cs2)c1,6.130768280269024,CHEMBL3134274,4005,2014.0
CNC(=O)c1cc(C(C)Nc2cc(F)cc(F)c2)c2oc(N3CCOCC3)cc(=O)c2c1,7.744727494896693,CHEMBL3408267,4005,2015.0
CN(C)CC(=O)N1CCC(c2cc(-c3cnc(N)c(-n4nnc5ccccc54)n3)n(C)n2)CC1,8.221848749616356,CHEMBL3590225,4005,2015.0
O=[N+]([O-])c1ccccc1S(=O)(=O)N1CCN(c2nc(NCCN3CCOCC3)nc(N3CCOCC3)n2)CC1,7.374173286714289,CHEMBL4794731,4005,2021.0
CC(=O)NC1CCCN(Cc2cc3nc(-c4cccc5[nH]ccc45)nc(N4CCOCC4)c3s2)C1,5.40000018605658,CHEMBL4555758,4005,2019.0
CN(C)C1CC(C(N)=O)N(C(=O)Nc2nc3c(s2)-c2nc(C(C)(C)C)ncc2CC3)C1,8.397940008672037,CHEMBL3609529,4005,2015.0
Cc1cccc(Nc2nccc(-c3ccc(Br)cc3)n2)c1,6.048662481204082,CHEMBL3134613,4005,2014.0
Cc1cccc(Nc2nccc(-c3ccc(Cl)cc3Cl)n2)c1,6.089909454405932,CHEMBL3134601,4005,2014.0
Cc1ncc(-c2cc3c(-c4ccncc4)ncnc3s2)cc1NS(=O)(=O)c1ccc(F)cc1F,8.769551078621726,CHEMBL3577924,4005,2015.0
Cc1ncc(-c2cc(OC3CCOCC3)c3nc(N)nc(C)c3c2)cc1NS(=O)(=O)c1ccc(F)cc1F,8.853871964321762,CHEMBL4168850,4005,2018.0
O=c1[nH]c2ncc(-c3ccc(-c4nc[nH]n4)cc3)nc2n1CCC1CCOCC1,5.860120913598763,CHEMBL2348865,4005,2013.0
O=c1[nH]nc(-c2cc3c(s2)-c2ccccc2OCC3)n1-c1ccccc1Cl,8.920818753952375,CHEMBL2322502,4005,2013.0
Cc1cccc(OC(C)c2cc(C(=O)N(C)CCO)cn3c(=O)cc(N4CCOCC4)nc23)c1,5.026872146400301,CHEMBL3318721,4005,2014.0
Cc1cccc(S(=O)(=O)N2CCN(c3nc(NCCN4CCOCC4)nc(N4CCOCC4)n3)CC2)c1,7.72792621249999,CHEMBL4759873,4005,2021.0
O=c1c(C=NNc2nc(N3CCOCC3)c3ccsc3n2)coc2ccc([N+](=O)[O-])cc12,5.815308569182401,CHEMBL3407729,4005,2015.0
Cc1nc2ccc(-c3ccc4c(c3)CN(C(=O)c3ccc(C(=O)C(F)(F)F)cc3)CCO4)cc2[nH]1,7.050609993355087,CHEMBL2332918,4005,2013.0
CN(C)C(=O)c1sccc1Nc1nc(-c2cccc3[nH]ncc23)nc(N2CCOCC2)n1,6.698970004336019,CHEMBL3775200,4005,2015.0
Cc1cccc(S(=O)(=O)Nc2cc(-c3sc(NC(=O)C(N)C(C)C)nc3C)cnc2Cl)c1,7.20342566678957,CHEMBL4174988,4005,2018.0
Cc1nc2c(-c3cnc(N)nc3)nc(N3CCOCC3)nc2n1C(C)C,7.795880017344075,CHEMBL3393066,4005,2015.0
Cc1nc(NC(=O)N2CCCC2C(N)=O)sc1-c1csc(N(C)C)n1,6.259637310505756,CHEMBL3609541,4005,2015.0
Cc1nc(NC(=O)N2CCCC2C(N)=O)sc1-c1csc(CC2CC2)n1,7.154901959985743,CHEMBL3609537,4005,2015.0
O=[N+]([O-])c1cccc(S(=O)(=O)c2nc(-c3cnn4ccc(Br)cc34)cs2)c1,6.200659450546418,CHEMBL3134275,4005,2014.0
CN(C)C(=O)c1cc(CNc2cc(F)cc(F)c2)c2oc(N3CCOCC3)cc(=O)c2c1,7.031517051446065,CHEMBL3408272,4005,2015.0
CN(C)C(=O)c1cc(CN2CCOc3c(F)cccc32)c2oc(N3CCOCC3)cc(=O)c2c1,7.897940008672037,CHEMBL3799831,4005,2016.0
CNC(=O)Nc1ccc(-c2nc(N3CCOCC3)c3ccn(CCN(C)C)c3n2)cc1,7.267606240177031,CHEMBL1089140,4005,2010.0
O=c1nc(N2CCOCC2)oc2c(-c3cc4ccccc4s3)cccc12,5.0,CHEMBL3763878,4005,2016.0
O=c1nc(N2CCOCC2)oc2c(-c3ccc(CO)cc3)cccc12,5.0,CHEMBL3763205,4005,2016.0
CN(C)C(=O)CNc1nc(-c2cncc(O)c2)nc(N2CCOCC2)n1,5.795880017344075,CHEMBL3775083,4005,2015.0
CN(C)C(=O)CNc1nc(-c2cccc3[nH]ncc23)nc(N2CCOCC2)n1,5.958607314841775,CHEMBL3775141,4005,2015.0
O=c1nc(N2CCOCC2)oc2c(-c3cccs3)cccc12,5.481486060122112,CHEMBL3764119,4005,2016.0
O=c1nc(N2CCOCC2)oc2c(-c3ccsc3)cccc12,5.522878745280337,CHEMBL3765574,4005,2016.0
CN(C)C(=O)CNc1nc(-c2cccc(O)c2)nc(N2CCOCC2)n1,6.267606240177031,CHEMBL3775032,4005,2015.0
CNC(=O)Nc1ccc(-c2nc(C)c3nc4n(c3n2)CCOC4)cc1,5.300000202445418,CHEMBL4442051,4005,2019.0
CNC(=O)NC1CCN(Cc2cc3nc(-c4cnc(N)nc4)nc(N4CCOCC4)c3s2)CC1,7.599980364934842,CHEMBL4472147,4005,2019.0
CNC(=O)NC1CCN(Cc2cc3nc(-c4cnc(N)nc4)nc(N4CCOCC4)c3s2)C1,7.199970640755866,CHEMBL4463677,4005,2019.0
CN(C)C(=O)CCNc1nc(-c2cccc3[nH]ncc23)nc(N2CCOCC2)n1,6.221848749616356,CHEMBL3775133,4005,2015.0
CCC(=O)N1CCC(Oc2ccnc3ccc(-c4ccc(OC)nc4)cc23)C1,6.657577319177793,CHEMBL3905342,4005,2016.0
CCC(=O)N1CCC(Oc2ccnc3ccc(-c4ccc(OC)nc4)nc23)C1,6.372634143407268,CHEMBL3977135,4005,2016.0
CN(C)C(=O)C1CCC(Oc2nc(-c3cccc4[nH]ncc34)nc(N3CCOCC3)n2)CC1,7.221848749616356,CHEMBL3775875,4005,2015.0
CCC(=O)N1CCC(Oc2cnc3ccc(-c4ccc(OC)c(OC)c4)cc3n2)C1,5.899857992772964,CHEMBL3939028_CHEMBL3966263,4005,
COc1cc(F)cc(NC(C)c2cc(C(=O)N(C)C)cc3c(=O)cc(N4CCOCC4)oc23)c1,6.795880017344075,CHEMBL3408254,4005,2015.0
CCC(=O)N1CCC(Oc2cnnc3ccc(-c4ccc(OC)nc4)cc23)C1,5.29413628771608,CHEMBL3933360,4005,2016.0
CCC(=O)N1CCC(Oc2ncnc3c2CN(c2ccc(OC)nc2)CC3)C1,5.176525770829699,CHEMBL4171158,4005,2017.0
CCC(=O)N1CCC(Oc2ncnc3c2CN(c2cnc(OC)c(C(F)(F)F)c2)CC3)C1,6.341486763545381,CHEMBL3643409,4005,2014.0
CCC(=O)N1CCC(Oc2ncnc3ccc(-c4ccc(OC)nc4)cc23)C1,6.661543506395395,CHEMBL3896413,4005,2016.0
CNC(=O)Nc1ccc(-c2nc(N3CCOCC3)c3ncccc3n2)cc1,7.036212172654444,CHEMBL3109140,4005,2014.0
CN(C)C(=O)c1cc(CN2CCOc3ccc(F)cc32)c2oc(N3CCOCC3)cc(=O)c2c1,7.784318117920506,CHEMBL3799187,4005,2016.0
Cc1nc(NC(=O)N2CCCC2C(N)=O)sc1-c1ccnc(C2(C#N)CC2)c1,7.721246399047171,CHEMBL2397192,4005,2013.0
Cc1nc(NC(=O)N2CCCC2C(N)=O)sc1-c1ccnc(C2CCC2)n1,7.698970004336019,CHEMBL2397194,4005,2013.0
O=c1cc(N2CCOCC2)oc2c(-c3ccco3)csc12,6.254925208417943,CHEMBL2322242,4005,2013.0
O=c1cc(N2CCOCC2)oc2c(-c3cccs3)csc12,6.155522824254319,CHEMBL2326969,4005,2013.0
CN(C)C(=O)c1cc(CN2CCOc3c(F)cc(F)cc32)c2oc(N3CCOCC3)cc(=O)c2c1,7.897940008672037,CHEMBL3797750,4005,2016.0
CN(C)C(=O)c1cc(CN(C)c2cc(F)cc(F)c2)c2oc(N3CCOCC3)cc(=O)c2c1,7.734706660885308,CHEMBL3408273,4005,2015.0
CN(C)C(=O)c1cc(C2CCCN2c2ccc(F)cc2)c2oc(N3CCOCC3)cc(=O)c2c1,7.619788758288394,CHEMBL4102511,4005,2017.0
O=c1cc(N2CCOCC2)oc2c(-c3ccncc3)csc12,6.166215625343521,CHEMBL2322241,4005,2013.0
O=c1cc(N2CCOCC2)oc2c(-c3ccoc3)csc12,5.73118809626022,CHEMBL2322227,4005,2013.0
O=c1cc(N2CCOCC2)oc2c(-c3ccsc3)csc12,6.958607314841775,CHEMBL2322226,4005,2013.0
O=c1cc(N2CCOCC2)oc2c(Cc3ccccc3)csc12,6.75448733218585,CHEMBL2322230,4005,2013.0
O=c1cc(N2CCOCC2)oc2ccsc12,5.145208305946015,CHEMBL2322246,4005,2013.0
Cc1nc(NC(=O)N2CCCC2C(N)=O)sc1-c1csc(-c2cccnc2)n1,7.356547323513812,CHEMBL3609542,4005,2015.0
CNC(=O)Nc1ccc(-c2ncc3c(n2)N2CCOCC2CO3)cc1,7.299988937677888,CHEMBL4444625,4005,2019.0
CNC(=O)Nc1ccc(-c2ncc3c(n2)N2CCOCC2CC(=O)N3)cc1,5.59999938302362,CHEMBL4529530,4005,2019.0
CNC(=O)Nc1ccc(-c2ncc3c(n2)N2CCOCC2C(=O)N3CC2CC2)cc1,7.700057099977233,CHEMBL4572537,4005,2019.0
CNC(=O)Nc1ccc(-c2ncc3c(n2)N2CCOCC2C(=O)N3)cc1,7.50003813440381,CHEMBL4548212,4005,2019.0
CCC(=O)N1CCC(Nc2ncnc3c2CN(c2cnc(OC)c(C(F)(F)F)c2)CC3)C1,6.61261017366127,CHEMBL3643413,4005,2014.0
CN(C)C(=O)NCc1ccc2c(N3CCOCC3)nc(-c3cnc(N)nc3)nn12,6.494850021680094,CHEMBL3601473,4005,2015.0
CCC(=O)N1CCC(Nc2ncnc3c2CN(c2cnc(OC)c(C)c2)CC3)C1,6.186419011431808,CHEMBL3643427,4005,2014.0
CNC(=O)Nc1ccc(-c2ncc3c(n2)N2CCOCC2(C)C(=O)N3CC2CC2)cc1,7.100015437450609,CHEMBL4466519,4005,2019.0
Cc1nc(NC(=O)N2CCCC2C(N)=O)sc1-c1csc(-c2ccccc2F)n1,7.4089353929735005,CHEMBL3609543,4005,2015.0
CN(C)C(=O)N1CCC(Oc2nc(-c3cccc4[nH]ncc34)nc(N3CCOCC3)n2)CC1,7.221848749616356,CHEMBL3774827,4005,2015.0
Cc1nc(NC(=O)N2CCCC2C(N)=O)sc1-c1ccnc(C2(C)CC2)n1,7.920818753952375,CHEMBL2397199,4005,2013.0
O=[N+]([O-])c1cccc(S(=O)(=O)N2CCN(c3nc(NCCN4CCOCC4)nc(N4CCOCC4)n3)CC2)c1,7.410050398674292,CHEMBL4789851,4005,2021.0
Cc1ccc(C#N)cc1S(=O)(=O)N(C)N=Cc1cnn2ccc(Cl)nc12,5.528708288941061,CHEMBL3612498,4005,2015.0
CN(C)CC(=O)N1CCC(c2nc(-c3cnc(N)c(-n4nnc5ccccc54)n3)n(C)n2)CC1,7.537602002101044,CHEMBL3590222,4005,2015.0
O=C(Nc1ccncc1)Nc1ccc(-c2nc(N3CCOCC3)c3ccn(CCO)c3n2)cc1,8.301029995663981,CHEMBL1092071,4005,2010.0
O=C(Nc1ccncc1)Nc1ccc(-c2nc(N3CCOCC3)c3ccn(CCN4CCNCC4)c3n2)cc1,8.154901959985743,CHEMBL1092280,4005,2010.0
O=S(=O)(c1ccc(Br)cc1)c1nc2ccccc2nc1Nc1cccc(O)c1,6.327902142064282,CHEMBL1835367,4005,2011.0
O=S(=O)(c1ccc(Cl)cc1)N1CCN(c2nc(NCCN3CCOCC3)nc(N3CCOCC3)n2)CC1,7.510463370517904,CHEMBL4781109,4005,2021.0
O=C(Nc1ccncc1)Nc1ccc(-c2nc(N3CCOCC3)c3ccn(CCN4CCCCC4)c3n2)cc1,7.275724130399211,CHEMBL1090573,4005,2010.0
O=C(Nc1ccncc1)Nc1ccc(-c2nc(N3CCOCC3)c3ccn(CCN4CCCC4)c3n2)cc1,7.522878745280337,CHEMBL1089428,4005,2010.0
O=C(Nc1ccncc1)Nc1ccc(-c2nc(N3CCOCC3)c3ccn(CC(F)(F)F)c3n2)cc1,8.0,CHEMBL1090780,4005,2010.0
O=C(Nc1ccncc1)Nc1ccc(-c2nc(N3CCOCC3)c3cc[nH]c3n2)cc1,7.552841968657781,CHEMBL1089141,4005,2010.0
Cn1cc(CN2CCCC2)c2nc(-c3cccc(CO)c3)nc(N3CCOCC3)c21,5.376027487983004,CHEMBL1092568,4005,2010.0
O=C(Nc1cccnc1)c1ccc(-c2csc3c(=O)cc(N4CCOCC4)oc23)cc1,6.962573502059376,CHEMBL2326960,4005,2013.0
O=C(Nc1ccccn1)c1cccc(-c2csc3c(=O)cc(N4CCOCC4)oc23)c1,7.180456064458131,CHEMBL2326964,4005,2013.0
O=C(Nc1ccccn1)c1ccc(-c2csc3c(=O)cc(N4CCOCC4)oc23)cc1,7.0655015487564325,CHEMBL2326962,4005,2013.0
O=S(=O)(c1ccc(F)cc1)N1CCN(c2nc(NCCN3CCOCC3)nc(N3CCOCC3)n2)CC1,7.055369298143722,CHEMBL4742084,4005,2021.0
O=S(=O)(c1ccc(F)cc1)c1nc2ccccc2nc1N1CCOCC1,5.603800652904264,CHEMBL3221625,4005,2012.0
O=S(=O)(c1ccc(O)cc1)N1CCN(c2nc(NCCN3CCOCC3)nc(N3CCOCC3)n2)CC1,8.467245621007502,CHEMBL4789747,4005,2021.0
O=S(=O)(c1cccc(Cl)c1)N1CCN(c2nc(NCCN3CCOCC3)nc(N3CCOCC3)n2)CC1,7.426548177964515,CHEMBL4765213,4005,2021.0
O=S(=O)(c1cccc(F)c1)N1CCN(c2nc(NCCN3CCOCC3)nc(N3CCOCC3)n2)CC1,6.956834279792546,CHEMBL4751660,4005,2021.0
Cc1ccc(F)cc1S(=O)(=O)N(C)N=Cc1cnn2ccc(Cl)nc12,5.5282683485199495,CHEMBL3612499,4005,2015.0
O=S(=O)(c1cccc(O)c1)N1CCN(c2nc(NCCN3CCOCC3)nc(N3CCOCC3)n2)CC1,7.806041021980813,CHEMBL4756561,4005,2021.0
Cn1ccc(-c2ccc3nc(N)sc3c2)cc1=O,5.59999938302362,CHEMBL3600777,4005,2015.0
Cn1ccc(-c2ccc3nc(N)sc3c2)n1,5.200000237109354,CHEMBL3600768,4005,2015.0
O=S(=O)(c1ccc(Br)cc1)c1nc2ccccc2nc1N1CCOCC1,5.539102157243452,CHEMBL3221624,4005,2012.0
CN(C)CCn1cc(-c2ccn3c(-c4ccc(C(N)=O)c(OCc5cccc(F)c5)c4)cnc3c2)cn1,5.205790883653504,CHEMBL4062453,4005,2017.0
CNC(=O)c1ccc(-c2ccc3nc(N)sc3c2)cn1,5.700000503883016,CHEMBL3600696,4005,2015.0
O=S(=O)(Nc1cc(-c2ccc3nccc(-c4ccc(Cn5cncn5)cc4)c3c2)cnc1Cl)c1ccc(F)cc1,9.136677139879543,CHEMBL3958024,4005,2016.0
CNC(=O)c1nnc2ccc(-c3ccc(OCCCN(C)C)nc3)cc2c1NC(C)C1CCOCC1,5.42021640338319,CHEMBL4218854,4005,2018.0
CNC(=O)c1nc(-c2nc(-c3cnc4ccccn34)cnc2N)n(C)n1,7.698970004336019,CHEMBL4102957,4005,2017.0
CNC(=O)c1nc(-c2nc(-c3cnc4ccccn34)c(C)nc2N)n(C)n1,8.221848749616356,CHEMBL4072637,4005,2017.0
CNC(=O)c1cncc(-c2cnc(Cl)c(NS(=O)(=O)c3ccccc3)c2)c1,6.718966632752272,CHEMBL4752128,4005,2020.0
CC1CCN(C(=O)Nc2nc3c(s2)-c2nc(C(C)(C)C(F)(F)F)ncc2CC3)C1C(N)=O,8.301029995663981,CHEMBL3609526,4005,2015.0
CC1CCN(C(=O)Nc2nc3c(s2)-c2cc(C(C)(C)C(F)(F)F)ncc2OC3)C1C(N)=O,8.301029995663981,CHEMBL3605177,4005,2015.0
CNC(=O)c1cccc(-c2nc(N3CCOCC3)nc3c2CCN3c2ccncc2)c1,5.619788758288394,CHEMBL2314274,4005,2013.0
CNC(=O)c1cccc(-c2ccc3c(N4CCOCC4C)nc(C(C)(C)C)nc3n2)c1,5.886056647693163,CHEMBL4239712,4005,2018.0
Clc1ccccc1-n1cnnc1-c1cc2c(s1)-c1ccccc1OCC2,8.136677139879545,CHEMBL2322773,4005,2013.0
Clc1ccccc1-c1ocnc1-c1cc2c(s1)-c1ncccc1OCC2,7.920818753952375,CHEMBL2322776,4005,2013.0
Clc1ccc2c(c1)nc1n2CCOc2ccc(Br)cc2-1,7.508638306165727,CHEMBL3401249,4005,2015.0
Clc1ccc2c(c1)-c1nc3cc(Cl)ccc3n1CCO2,6.896196279044043,CHEMBL3401248,4005,2015.0
Clc1ccc(Nc2nccc(-c3ccc(Cl)cc3Cl)n2)c(Cl)c1,6.1123826996642645,CHEMBL3134604,4005,2014.0
O=CCn1ccc2c(N3CCOCC3)nc(-c3ccc(NC(=O)Nc4ccncc4)cc3)nc21,8.698970004336019,CHEMBL1091130,4005,2010.0
Clc1ccc(Nc2nccc(-c3ccc(Cl)c(Cl)c3)n2)c(Cl)c1,6.077793722560983,CHEMBL3134621,4005,2014.0
Clc1ccc(Nc2nccc(-c3ccc(Br)cc3)n2)cc1,6.039053804266168,CHEMBL3134616,4005,2014.0
Clc1ccc(Nc2nccc(-c3ccc(Br)cc3)n2)c(Cl)c1,6.228412519118745,CHEMBL3134618,4005,2014.0
O=Cc1ccc(N2CCOCC2)cc1O,5.0,CHEMBL2181110,4005,2012.0
O=S(=O)(Nc1cc(-c2cc3c(-c4ccncc4)ncnc3s2)cnc1Cl)c1ccc(Cl)s1,9.82390874094432,CHEMBL3577927,4005,2015.0
O=S(=O)(Nc1cc(-c2cc3c(-c4ccncc4)ncnc3s2)cnc1Cl)c1ccc(F)cc1,9.522878745280336,CHEMBL3577926,4005,2015.0
O=S(=O)(Nc1cc(-c2cc3c(-c4ccncc4)ncnc3s2)cnc1Cl)c1ccc(F)cc1F,9.638272163982409,CHEMBL3577925,4005,2015.0
O=S(=O)(Nc1cc(C2=CCOCC2)cnc1Cl)c1ccccc1,6.299997602857746,CHEMBL4466854,4005,2018.0
Cn1ccc(N2CCc3c(-c4cccc(O)c4)nc(N4CCOCC4)nc32)n1,6.638272163982407,CHEMBL2314583,4005,2013.0
O=S(=O)(c1ccccc1)N1CCN(c2nc(NCCN3CCOCC3)nc(N3CCOCC3)n2)CC1,7.391902053674721,CHEMBL4744164,4005,2021.0
CN(C)CCNCCn1ccc2c(N3CCOCC3)nc(-c3ccc(NC(=O)Nc4ccncc4)cc3)nc21,7.443697499232712,CHEMBL1090574,4005,2010.0
Cc1nncn1C1CCN(Cc2cc3nc(-c4cccc5[nH]ccc45)nc(N4CCOCC4)c3s2)CC1,5.700000503883016,CHEMBL4105669,4005,2017.0
Cc1nncn1C1CCN(Cc2cc3nc(-c4cccc(O)c4)nc(N4CCOCC4)c3s2)CC1,7.0,CHEMBL4068098,4005,2017.0
Cn1nc(-c2ccc3ccccc3c2)c2c(N)ncnc21,5.958607314841775,CHEMBL1234815,4005,2008.0
Cc1nnc2n1C1CCN(Cc3cc4nc(-c5cccc6[nH]ncc56)nc(N5CCOCC5)c4s3)CC1CC2,6.299999504698301,CHEMBL4070417_CHEMBL4100380,4005,
Cc1nnc2n1C1CCN(Cc3cc4nc(-c5cccc6[nH]ccc56)nc(N5CCOCC5)c4s3)CC1CC2,5.60000009127004,CHEMBL4061794_CHEMBL4081998_CHEMBL4541013,4005,
Cc1nnc2n1C1CCN(Cc3cc4nc(-c5cccc(O)c5)nc(N5CCOCC5)c4s3)CC1CC2,7.0,CHEMBL4094734,4005,2017.0
Cc1nnc(NS(=O)(=O)c2ccc(NCc3cc(C(=O)O)cc(-c4ccc5c(c4)OCO5)c3)cc2)s1,7.400116927926312,CHEMBL3582357,4005,2015.0
Cc1nnc(NS(=O)(=O)c2ccc(NCc3cc(C(=O)O)cc(-c4ccc5c(c4)OCCO5)c3)cc2)s1,7.899629454882437,CHEMBL3582356,4005,2015.0
O=[N+]([O-])c1ccc(Nc2nccc(-c3ccc(Br)cc3)n2)cc1,6.024108863598207,CHEMBL3134617,4005,2014.0
O=[N+]([O-])c1ccc(Nc2nccc(-c3ccc(Cl)c(Cl)c3)n2)cc1,6.298432014944073,CHEMBL3134620,4005,2014.0
O=[N+]([O-])c1ccc(Nc2nccc(-c3ccc(Cl)cc3Cl)n2)cc1,6.020907099361674,CHEMBL3134603,4005,2014.0
O=[N+]([O-])c1ccc(Nc2nccc(-c3ccc(F)cc3)n2)cc1,6.168130225719498,CHEMBL3134611,4005,2014.0
O=[N+]([O-])c1ccc(S(=O)(=O)N2CCN(c3nc(NCCN4CCOCC4)nc(N4CCOCC4)n3)CC2)cc1,7.4741780478433375,CHEMBL4794719,4005,2021.0
CN(C)CC(=O)N1CCC(n2ccc(-c3cnc(N)c(-n4nnc5ccccc54)n3)n2)CC1,7.568636235841012,CHEMBL3590220,4005,2015.0
CN(C)CC(=O)N1CCC(n2cc(-c3cnc(N)c(-n4nnc5ccccc54)n3)cn2)CC1,7.795880017344075,CHEMBL3590219,4005,2015.0
Cc1nn2c(O)cc(N3CCOCC3=O)nc2c1Cc1cccc(C(F)(F)F)c1C,6.599997654072045,CHEMBL2322334,4005,2013.0
Cc1nn2c(O)cc(N3CCOCC3)nc2c1Cc1cccc2ccccc12,6.499996931948306,CHEMBL2322332,4005,2013.0
Cc1nn2c(O)cc(N3CCOCC3)nc2c1Cc1cccc(C(F)(F)F)c1C,6.499996931948306,CHEMBL2322331,4005,2013.0
Cc1nn2c(O)cc(N3CCOC(C)C3)nc2c1Cc1cccc(C(F)(F)F)c1C,6.699991797446187,CHEMBL2322335,4005,2013.0
Cc1nn2c(C(=O)O)cc(N3CCOCC3)nc2c1Cc1cccc(C(F)(F)F)c1C,5.800000874803203,CHEMBL2322349,4005,2013.0
CN(C)CC(=O)N1CCC(c2nc(-c3cnc(N)c(-n4nnc5ccccc54)n3)nn2C)CC1,6.552841968657781,CHEMBL3590223,4005,2015.0
Cc1nncn1C1CCN(Cc2cc3nc(-c4cccc5[nH]ncc45)nc(N4CCOCC4)c3s2)CC1,6.499996931948306,CHEMBL4089288,4005,2017.0
CN(C)CC(=O)N1CCC(n2ncc(-c3cnc(N)c(-n4nnc5ccccc54)n3)n2)CC1,7.67778070526608,CHEMBL3590221,4005,2015.0
CN(C)CC(=O)N1CCN(c2nc(N3CCOCC3)nc(-n3c(C(F)F)nc4ccccc43)n2)CC1,5.795880017344075,CHEMBL2322672,4005,2013.0
CN(C)CC1(C(N)=O)CCCN1C(=O)Nc1nc2c(s1)-c1nc(C(C)(C)C)ncc1CC2,7.853871964321762,CHEMBL3609528,4005,2015.0
CN(C)CCNC(=O)c1cn2cc(-c3cnc(N)nc3)nc(N3CCOCC3)c2n1,8.337242168318426,CHEMBL2058164,4005,2012.0
COc1c(-c2ccccc2)c(C(C)Nc2ncnc(N)c2C#N)nc2ccc(F)cc12,6.376750709602099,CHEMBL3403665,4005,2015.0
Cn1ccc2nc(-c3cccc(CO)c3)nc(N3CCOCC3)c21,5.699839463048647,CHEMBL1088791,4005,2010.0
O=S(=O)(c1ccccc1)c1nc2ccccc2nc1N1CCOCC1,6.356547323513812,CHEMBL2018676,4005,2012.0
O=S(=O)(c1ccccc1Cl)N1CCN(c2nc(NCCN3CCOCC3)nc(N3CCOCC3)n2)CC1,7.256647048590445,CHEMBL4762993,4005,2021.0
COc1c(OCCCN2CCOCC2)ccc2c1N=C(NC(=O)c1cnc(N)nc1)N1CCN=C21,9.30102999566398,CHEMBL3218576,4005,2016.0
O=S(=O)(c1ccccc1F)N1CCN(c2nc(NCCN3CCOCC3)nc(N3CCOCC3)n2)CC1,6.909283551518901,CHEMBL4789698,4005,2021.0
CN(C)CCN(C)c1ccc(S(=O)(=O)c2nc(-c3cnn4ccc(Br)cc34)cs2)cc1C#N,5.607303046740334,CHEMBL3134282,4005,2014.0
CN(C)CCN(C)c1ccc(C#N)cc1[S+]([O-])c1nc(-c2cnn3ccc(Br)cc23)cs1,5.39469495385889,CHEMBL3134280,4005,2014.0
COc1cc(-c2ccc3nc(NC(C)=O)cn3c2)cnc1N,7.886056647693163,CHEMBL3752775,4005,2016.0
CNC(C)C(=O)N1CCN(c2nc(N3CCOCC3)nc(-n3c(C(F)F)nc4ccccc43)n2)CC1,5.823908740944319,CHEMBL2322671,4005,2013.0
COc1cc(-c2ccc3nc(NC(C)=O)cn3n2)cnc1N,8.301029995663981,CHEMBL3752760,4005,2016.0
Cc1ccc(C)c(S(=O)(=O)n2cc3c(=O)oc4ccccc4c3n2)c1,6.136677139879544,CHEMBL4469594,4005,2019.0
Cc1ccc(C)c(S(=O)(=O)N2CCN(Cn3cc4c(=O)oc5ccccc5c4n3)CC2)c1,6.522878745280337,CHEMBL4445433,4005,2019.0
CN(C)CCN(C)c1ccc(C#N)cc1S(=O)(=O)c1nc(-c2cnn3ccc(Br)cc23)cs1,6.431798275933005,CHEMBL3134281,4005,2014.0
Cn1cnc2c(N3CCCC3c3nc4cccc(Cl)c4c(=O)n3-c3ccccc3)nc(N)nc21,5.431798275933005,CHEMBL3355013,4005,2015.0
O=S(=O)(c1ccccc1O)N1CCN(c2nc(NCCN3CCOCC3)nc(N3CCOCC3)n2)CC1,7.671009144550571,CHEMBL4753286,4005,2021.0
CN(C)CCCNC(=O)c1cn2cc(-c3cnc(N)nc3)nc(N3CCOCC3)c2n1,9.221848749616356,CHEMBL2058165,4005,2012.0
CN(C)CCCNC(=O)c1cn2cc(-c3cccc4[nH]ncc34)nc(N3CCOCC3)c2n1,7.455931955649724,CHEMBL1957505,4005,2012.0
O=S1(=O)CCc2nc(N3N=C(c4ccc(F)cc4)CC3c3ccc(Cl)c(Cl)c3)nc(N3CCOCC3)c2C1,5.076755981369724,CHEMBL4527331,4005,2019.0
CN(C)CC1CCN(C(=O)Nc2nc3c(s2)-c2nc(C(C)(C)C)sc2CC3)C1C(N)=O,8.0,CHEMBL3609521,4005,2015.0
CN(C)CC1CCN(C(=O)Nc2nc3c(s2)-c2nc(C(C)(C)C)ncc2CC3)C1C(N)=O,8.301029995663981,CHEMBL3609527,4005,2015.0
COc1cc(-c2ccc3nc(NC(C)=O)sc3c2)cnc1N,7.481486060122112,CHEMBL2418943,4005,2013.0
CC1COCCN1c1nc(-c2cnc(N)cc2C(F)(F)F)nn2cc(CN3CCN(S(C)(=O)=O)CC3)cc12,7.296708621881338,CHEMBL4791280,4005,2021.0
CC(=O)Nc1nc2ccc(-c3ccsc3)cn2n1,6.699991797446187,CHEMBL2064498,4005,2012.0
COc1ncc(-c2ccc3ncnc(NCCN4CCOCC4)c3c2)cc1NS(C)(=O)=O,8.346787486224656,CHEMBL4439145,4005,2019.0
COc1ncc(-c2ccc3ncnc(NC4CCCN(C(=O)CN(C)C)C4)c3c2)cc1C#N,7.661543506395395,CHEMBL4476303,4005,2019.0
COc1ncc(-c2ccc3ncnc(NC4CCCN(C(=O)C(C)N)C4)c3c2)cc1C#N,7.739928612014925,CHEMBL4473306,4005,2019.0
COc1ncc(-c2ccc3ncnc(N(C)CCN(C)C)c3c2)cc1NS(C)(=O)=O,8.113509274827518,CHEMBL4456355,4005,2019.0
COc1ncc(-c2ccc3ncnc(-c4ccncc4)c3c2)cc1NS(=O)(=O)c1ccc(F)cc1F,10.022276394711152,CHEMBL3577911,4005,2015.0
COc1ncc(-c2ccc3ncnc(-c4cccc(C(=O)N5CCN(C)CC5)c4)c3c2)cc1C(F)(F)F,7.102372908709558,CHEMBL4453497,4005,2016.0
COc1ncc(-c2ccc3ncnc(-c4cccc(C(=O)N5CCN(C)CC5)c4)c3c2)cc1C#N,6.548213564475709,CHEMBL4467868,4005,2016.0
COc1ncc(-c2ccc3ncnc(-c4cccc(C(=O)N5CCN(C(C)=O)CC5)c4)c3c2)cc1C(F)(F)F,7.075720713938118,CHEMBL4521888,4005,2016.0
COc1ncc(-c2ccc3ncnc(-c4cccc(C(=O)N5CCN(C(C)=O)CC5)c4)c3c2)cc1C#N,6.581698708680254,CHEMBL3977066,4005,2016.0
COc1ncc(-c2ccc3ncnc(NC4CCCN(C(=O)c5cccnc5)C4)c3c2)cc1C#N,6.922632094715843,CHEMBL4468088,4005,2019.0
COc1ncc(-c2ccc3ncn(CCCC(N)=O)c(=O)c3c2)cc1NS(=O)(=O)c1ccc(F)cc1Cl,8.958607314841775,CHEMBL4633425,4005,2020.0
COc1ncc(-c2ccc3ncn(CC4(C(N)=O)CC4)c(=O)c3c2)cc1NS(=O)(=O)c1ccc(F)cc1Cl,8.244125144327509,CHEMBL4647937,4005,2020.0
COc1ncc(-c2ccc3ncn(CC(N)C(N)=O)c(=O)c3c2)cc1NS(=O)(=O)c1ccc(F)cc1Cl,8.267606240177031,CHEMBL4647130,4005,2020.0
COc1ncc(-c2ccc3ncn(CC(F)(F)C(N)=O)c(=O)c3c2)cc1NS(=O)(=O)c1ccc(F)cc1Cl,8.568636235841012,CHEMBL4640571,4005,2020.0
COc1ncc(-c2ccc3ncn(CC(C)C(N)=O)c(=O)c3c2)cc1NS(=O)(=O)c1ccc(F)cc1Cl,8.698970004336019,CHEMBL4633266,4005,2020.0
COc1ncc(-c2ccc3ncn(CC(C)C(=O)NCCO)c(=O)c3c2)cc1NS(=O)(=O)c1ccc(F)cc1Cl,8.769551078621726,CHEMBL4644445,4005,2020.0
COc1ncc(-c2ccc3ncn(CC(C)C(=O)NCCF)c(=O)c3c2)cc1NS(=O)(=O)c1ccc(F)cc1Cl,8.602059991327963,CHEMBL4646316,4005,2020.0
COc1ncc(-c2ccc3ncn(CC(C)C(=O)NC4CC4)c(=O)c3c2)cc1NS(=O)(=O)c1ccc(F)cc1Cl,8.568636235841012,CHEMBL4634579,4005,2020.0
COc1ncc(-c2ccc3ncn(CC(C)C(=O)NC(C)C)c(=O)c3c2)cc1NS(=O)(=O)c1ccc(F)cc1Cl,8.161150909262744,CHEMBL4632947,4005,2020.0
COc1ncc(-c2ccc3ncn(CCC(N)=O)c(=O)c3c2)cc1NS(=O)(=O)c1ccc(F)cc1Cl,8.920818753952375,CHEMBL4645822,4005,2020.0
COc1ncc(-c2ccc3ncn(CC(C(N)=O)C(C)C)c(=O)c3c2)cc1NS(=O)(=O)c1ccc(F)cc1Cl,7.5934598195660445,CHEMBL4643419,4005,2020.0
COc1ncc(-c2ccc3ncnc(NC4CCCN(C(=O)c5coc([N+](=O)[O-])c5)C4)c3c2)cc1C#N,8.744727494896694,CHEMBL4457318,4005,2019.0
COc1ncc(-c2ccc3ncnc(NC4CCN(C(=O)C5CC5)C4)c3c2)cc1NS(C)(=O)=O,9.0,CHEMBL4471468,4005,2019.0
COc1ncc(-c2ccc3ncnc(NCCN4CCCCC4)c3c2)cc1NS(C)(=O)=O,7.920818753952375,CHEMBL4460217,4005,2019.0
COc1ncc(-c2ccc3ncnc(NCCN4CCCCC4)c3c2)cc1NS(=O)(=O)C1CC1,7.468521082957745,CHEMBL4526257,4005,2019.0
COc1ncc(-c2ccc3ncnc(NCCN(C)C)c3c2)cc1NS(C)(=O)=O,8.154901959985743,CHEMBL4227195,4005,2019.0
COc1ccc2c(Sc3ccc([N+](=O)[O-])cc3)c3ccoc3nc2c1,5.3979400086720375,CHEMBL257371,4005,2008.0
COc1ncc(-c2ccc3ncnc(NCCN(C)C)c3c2)cc1C#N,5.521722168080395,CHEMBL4539481,4005,2016.0
COc1ncc(-c2ccc3ncnc(NC4CCNCC4)c3c2)cc1NS(C)(=O)=O,9.045757490560677,CHEMBL4461362,4005,2019.0
COc1ncc(-c2ccc3ncnc(NC4CCN(C(C)=O)CC4)c3c2)cc1NS(C)(=O)=O,9.397940008672036,CHEMBL4515169,4005,2019.0
COc1ncc(-c2ccc3ncnc(NC4CCN(C(C)=O)C4)c3c2)cc1NS(C)(=O)=O,9.30102999566398,CHEMBL4449091,4005,2019.0
COc1ncc(-c2ccc3ncnc(NC4CCN(C(=O)C(C)(C)C)C4)c3c2)cc1NS(C)(=O)=O,8.585026652029182,CHEMBL4513335,4005,2019.0
CC(C)(C)c1ccc(S(=O)(=O)N2CCN(Cn3cc4c(=O)oc5ccccc5c4n3)CC2)cc1,6.022276394711152,CHEMBL4519664,4005,2019.0
COc1ncc(-c2ccc3ncnc(NC4CCN(C(=O)OC(C)(C)C)C4)c3c2)cc1NS(C)(=O)=O,8.275724130399212,CHEMBL4554487,4005,2019.0
COc1ncc(-c2ccc3ncnc(NC4CCN(C(=O)C5CCOCC5)CC4)c3c2)cc1NS(C)(=O)=O,8.67778070526608,CHEMBL4552869,4005,2019.0
CC(C)(C)c1ccc(S(=O)(=O)n2cc3c(=O)oc4ccccc4c3n2)cc1,5.014124642691606,CHEMBL4518471,4005,2019.0
COc1ncc(-c2ccc3ncnc(NC4CCN(C(=O)C5CCOCC5)C4)c3c2)cc1[N+](=O)[O-],7.573488738635425,CHEMBL4228571,4005,2018.0
COc1ncc(-c2ccc3ncnc(NC4CCN(C(=O)C5CCOCC5)C4)c3c2)cc1NS(C)(=O)=O,9.154901959985745,CHEMBL4542688,4005,2019.0
COc1ncc(-c2ccc3ncnc(NC4CCN(C(=O)C5CCOCC5)C4)c3c2)cc1C#N,7.59176003468815,CHEMBL4227381,4005,2018.0
COc1ncc(-c2ccc3ncnc(NC4CCN(C(=O)C5CCCC5)CC4)c3c2)cc1NS(C)(=O)=O,8.55284196865778,CHEMBL4463308,4005,2019.0
COc1ncc(-c2ccc3ncnc(NC4CCN(C(=O)C5CCCC5)C4)c3c2)cc1NS(C)(=O)=O,8.638272163982407,CHEMBL4436369,4005,2019.0
COc1ncc(-c2ccc3ncnc(NC4CCN(C(=O)OC(C)(C)C)CC4)c3c2)cc1NS(C)(=O)=O,8.154901959985743,CHEMBL4470588,4005,2019.0
COc1ncc(-c2ccc3ncnc(NCCN4CCCCC4)c3c2)cc1[N+](=O)[O-],5.498256270372005,CHEMBL4587019,4005,2016.0
COc1ncc(-c2ccc3nccc(NCCN4CCOCC4)c3c2)cc1NS(C)(=O)=O,6.97469413473523,CHEMBL4460866,4005,2019.0
COc1ncc(-c2ccc3nccc(Cl)c3c2)cc1NS(=O)(=O)c1ccc(F)cc1F,8.638272163982407,CHEMBL3904794,4005,2016.0
COc1ncc(-c2ccc3c(c2)COC3)cc1NS(C)(=O)=O,5.40000018605658,CHEMBL4583379,4005,2016.0
COc1ncc(-c2cc3c(C)nc(N)cc3n(C3CCOCC3)c2=O)cc1NS(=O)(=O)c1ccc(F)cc1F,8.065501548756432,CHEMBL3112713,4005,2014.0
COc1ncc(-c2cc3c(C)nc(N)cc3n(C3CCCC3)c2=O)cn1,8.190440285364732,CHEMBL3112723,4005,2014.0
CC(C)Oc1cncc(-c2ccc3nc(N)sc3c2)c1,6.299997602857746,CHEMBL3600698,4005,2015.0
O=C(CCCCCCn1cnc2c(N3CCOCC3)nc(-c3cccc(CO)c3)nc21)NO,7.552841968657781,CHEMBL4749655,4005,2018.0
CC(C)(C)c1nc2c(s1)CCc1nc(NC(=O)N3CCC4CC43C(N)=O)sc1-2,8.045757490560675,CHEMBL3609517,4005,2015.0
CC(C)(C)c1nc2c(s1)CCc1nc(NC(=O)N3CCCC3(C)C(N)=O)sc1-2,8.096910013008056,CHEMBL3609516,4005,2015.0
CC(C)(C)c1nc2c(s1)CCc1nc(NC(=O)N3CCCC3C(N)=O)sc1-2,7.886056647693163,CHEMBL3609514,4005,2015.0
COc1ncc(-c2ccc3c(c2)N(CCCN2CCOCC2)C(=O)CO3)cc1NS(=O)(=O)c1ccc(F)cc1F,7.573488738635425,CHEMBL4251210,4005,2018.0
COc1ncc(-c2cc3c(C)nc(N)cc3n(C3CCCC3)c2=O)cc1NS(C)(=O)=O,7.635636645384269,CHEMBL3112731,4005,2014.0
CC(C)(C)c1ncc2c(n1)-c1sc(NC(=O)N3CCCC3(C)C(N)=O)nc1CC2,8.301029995663981,CHEMBL3609523,4005,2015.0
COc1ncc(-c2cc3c(C)nc(N)cc3n(C3CCCC3)c2=O)cc1NS(=O)(=O)c1ccccc1F,7.427942010073695,CHEMBL3112710,4005,2014.0
COc1ncc(-c2cc3c(C)nc(N)cc3n(C3CCCC3)c2=O)cc1NS(=O)(=O)c1ccccc1,6.93274311076185,CHEMBL3112733,4005,2014.0
COc1ncc(-c2cc3c(C)nc(N)cc3n(C3CCCC3)c2=O)cc1NS(=O)(=O)c1cccc(F)c1,7.218172847067573,CHEMBL3112709,4005,2014.0
Nc1cc(C(F)(F)F)c(-c2cc(N3CCOCC3)nc(N3CCOCC3)n2)cn1,7.454056650914183,CHEMBL2017974,4005,2011.0
CC(C)(C)c1ncc2c(n1)-c1sc(NC(=O)N3CCCC3C(N)=O)nc1CC2,8.397940008672037,CHEMBL3609522,4005,2015.0
Nc1cc(C(F)(F)F)c(-c2nc(N3CCOCC3)c3ccc(NC(=O)c4ccncc4)cc3n2)cn1,6.377785977033705,CHEMBL3771094,4005,2016.0
Nc1cc(C(F)(F)F)c(-c2nc(N3CCOCC3)c3ccc(Nc4ccccn4)cc3n2)cn1,6.405607449624574,CHEMBL3770892,4005,2016.0
CC(C)(C)c1ncc2c(n1)-c1sc(NC(=O)N3CCC4CC43C(N)=O)nc1CC2,8.221848749616356,CHEMBL3609524,4005,2015.0
COc1ncc(-c2ccc3nccc(N4CCOCC4)c3c2)cc1NS(=O)(=O)c1ccc(F)cc1F,8.853871964321762,CHEMBL3895847,4005,2016.0
COc1ncc(-c2ccc3cn[nH]c3c2)cc1NS(C)(=O)=O,5.100000128334196,CHEMBL4468849,4005,2016.0
COc1ncc(-c2ccc3nc(N)nc(C)c3c2)cc1NS(=O)(=O)c1ccc(F)cc1F,8.46470587995723,CHEMBL3112720,4005,2014.0
COc1ncc(-c2ccc3nccc(C(C)=CC(=O)N4CCCC4)c3c2)cc1NS(=O)(=O)c1ccc(F)cc1F,8.920818753952375,CHEMBL4787768,4005,2021.0
COc1ncc(-c2ccc3nccc(C(C)=CC(=O)N(C)CCO)c3c2)cc1NS(=O)(=O)c1ccc(F)cc1F,8.823908740944319,CHEMBL4741551,4005,2021.0
COc1ncc(-c2ccc3nccc(C#CCN4CCOCC4)c3c2)cc1NS(=O)(=O)c1ccc(F)cc1F,8.67778070526608,CHEMBL3764625,4005,2016.0
COc1ncc(-c2ccc3nccc(C#CCN4CCCCC4C)c3c2)cc1NS(=O)(=O)c1ccc(F)cc1F,7.214670164989233,CHEMBL3765031,4005,2016.0
COc1ncc(-c2ccc3nccc(C#CCN4CCCCC4)c3c2)cc1NS(=O)(=O)c1ccc(F)cc1F,7.431798275933005,CHEMBL3764069,4005,2016.0
COc1ncc(-c2ccc3nccc(C#CCN4CCC(C)CC4)c3c2)cc1NS(=O)(=O)c1ccc(F)cc1F,7.154901959985743,CHEMBL3765065,4005,2016.0
CC(C)c1cc(C(C)C)c(S(=O)(=O)n2cc3c(=O)oc4ccccc4c3n2)c(C(C)C)c1,7.698970004336019,CHEMBL4532073,4005,2019.0
CC(C)c1cc(C(C)C)c(S(=O)(=O)N2CCN(Cn3cc4c(=O)oc5ccccc5c4n3)CC2)c(C(C)C)c1,7.376750709602099,CHEMBL4448759,4005,2019.0
COc1ncc(-c2ccc3nc(N)nc(-c4ccncc4)c3c2)cc1NS(=O)(=O)c1ccc(F)cc1F,10.154901959985745,CHEMBL3577914,4005,2015.0
COc1ncc(-c2ccc3nccc(C#CCN(C)CCO)c3c2)cc1NS(=O)(=O)c1ccc(F)cc1F,8.4089353929735,CHEMBL3764095,4005,2016.0
COc1ncc(-c2ccc3nccc(C#CCN(C)C)c3c2)cc1NS(=O)(=O)c1ccc(F)cc1,7.494850021680094,CHEMBL3763473,4005,2016.0
COc1ncc(-c2ccc3nccc(=O)n3c2)cc1NS(=O)(=O)c1ccc(F)cc1F,8.508638306165727,CHEMBL4284400,4005,2018.0
COc1ncc(-c2ccc3nccc(-c4ccncc4)c3c2)cc1NS(=O)(=O)c1ccc(F)cc1F,10.0,CHEMBL3577908,4005,2015.0
COc1ncc(-c2ccc3nccc(-c4ccc(CN(C)C)cc4)c3c2)cc1NS(=O)(=O)c1ccc(F)cc1F,8.886056647693163,CHEMBL3963018,4005,2016.0
COc1ncc(-c2ccc3nccc(-c4ccc(CN(C)C)cc4)c3c2)cc1NS(=O)(=O)c1ccc(F)cc1,8.67778070526608,CHEMBL3925191,4005,2016.0
COc1ncc(-c2ccc3nccc(-c4ccc(C)cc4)c3c2)cc1NS(=O)(=O)c1ccc(F)cc1F,8.346787486224656,CHEMBL3985191,4005,2016.0
COc1ncc(-c2ccc3ncc(Cl)c(=O)n3c2)cc1NS(=O)(=O)c1ccc(F)cc1F,8.468521082957745,CHEMBL4288258,4005,2018.0
COc1ncc(-c2ccc3nc(NC(=O)NC4CC4)nn3c2)cc1NS(=O)(=O)c1ccc(F)cc1,8.154901959985743,CHEMBL3601923,4005,2015.0
COc1ncc(-c2ccc3nccc(C#CCN(C)C)c3c2)cc1NS(=O)(=O)c1ccc(F)cc1F,8.431798275933005,CHEMBL3763397,4005,2016.0
CCNc1ccc(-c2ccc3nc(N)sc3c2)cn1,5.700000503883016,CHEMBL3600688,4005,2015.0
COc1ccc2[nH]c3c(=O)[nH]nc(-c4ccc(C(F)(F)F)cc4)c3c2c1,5.161150909262744,CHEMBL3338887,4005,2014.0
COc1ncc(-c2ccc3ncnc(NCCN4CCOCC4)c3c2)cc1NS(=O)(=O)C1CC1,8.148741651280925,CHEMBL4441829,4005,2019.0
NC(=O)c1cccc(Oc2nc(-c3cccc4[nH]ncc34)nc(N3CCOCC3)n2)c1,6.568636235841012,CHEMBL3774843,4005,2015.0
CS(=O)(=O)C1(c2cc(N3CCOCC3)nc(-n3c(N)nc4ccccc43)n2)CC1,6.619788758288394,CHEMBL4291783,4005,2018.0
O=C(Cc1nnc(-c2ccc3ncccc3c2)o1)NCCc1ccc(Cl)cc1,5.180456064458131,CHEMBL4786631,4005,2021.0
NC(=O)c1cccc2cc(C(=O)N3CCN(c4nc(-c5ccc(N)nc5)nc(N5CCOCC5)n4)CC3)oc12,6.926281649653877,CHEMBL4745923,4005,2021.0
CS(=O)(=O)C1(c2cc(N3CCOCC3)nc(-c3cccc4[nH]ccc34)n2)CCOCC1,5.853871964321762,CHEMBL2325705,4005,2013.0
CS(=O)(=O)C1(c2cc(N3CCOCC3)nc(-c3cccc4[nH]ccc34)n2)CCNCC1,5.568636235841012,CHEMBL2325706,4005,2013.0
CS(=O)(=O)C1(c2cc(N3CCOCC3)nc(-c3cccc4[nH]ccc34)n2)CC1,6.026872146400301,CHEMBL2325704,4005,2013.0
NC(=O)c1cccc2cc(C(=O)N3CCN(c4nc(-c5cnc(N)nc5)nc(N5CCOCC5)n4)CC3)oc12,8.200659450546418,CHEMBL4744783,4005,2021.0
NC(=O)c1cccc(Nc2nc(-c3cccc4[nH]ncc34)nc(N3CCOCC3)n2)c1,7.096910013008056,CHEMBL3775119,4005,2015.0
COc1nn2c(O)cc(-c3ccncc3)nc2c1Cc1cccc(Cl)c1Cl,6.799998134593398,CHEMBL2322344,4005,2013.0
COc1ncc2cc1NS(=O)(=O)CCN(C)Cc1ccc3c(c1)N2CCO3,5.59999938302362,CHEMBL4638471,4005,2020.0
COc1ncc(N2CCc3ncnc(OC4CCN(C(=O)C5CCOCC5)C4)c3C2)cc1C(F)(F)F,6.229147988357855,CHEMBL3643407,4005,2014.0
COc1ncc(N2CCc3ncnc(OC4CCN(C(=O)C5CCOCC5)C4)c3C2)cc1C,5.697929970242986,CHEMBL3643349,4005,2014.0
CC(Nc1ncnc(N)c1C#N)c1nc2ccc(F)cc2c(NCCO)c1-c1ccccc1,5.920818753952375,CHEMBL3403669,4005,2015.0
COc1ncc(N2CCc3ncnc(NC4CCN(C(=O)C5CCOCC5)C4)c3C2)cc1C(F)(F)F,7.356547323513812,CHEMBL3643414,4005,2014.0
NC(=O)c1sc(N2CCOCC2)nc1CC(=O)N1CCc2c(Br)cccc21,5.668370282370068,CHEMBL3125390,4005,2014.0
NC(=O)c1sc(N2CCOCC2)nc1CC(=O)N1CCc2c(Cl)cccc21,5.198390511972681,CHEMBL3125389,4005,2014.0
NC(=O)c1sc(N2CCOCC2)nc1CC(=O)N1CCc2c(F)cccc21,5.140861702705469,CHEMBL3125388,4005,2014.0
NC(=O)c1cn2cc(-c3cnc(N)nc3)nc(N3CCOCC3)c2n1,9.397940008672036,CHEMBL2058163,4005,2012.0
NC(=O)c1sc(N2CCOCC2)nc1CC(=O)N1CCc2cc(F)ccc21,5.156891858000393,CHEMBL3125391,4005,2014.0
CS(=O)(=O)Cc1cc(C2=CCOCC2)nc(-c2cccc(O)c2)n1,5.200000237109354,CHEMBL4591800,4005,2019.0
CS(=O)(=O)Cc1cc(N2CCOCC2)nc(-c2ccc(NC(=O)Nc3ccc(F)cc3)cc2)n1,6.250001023441651,CHEMBL2030451,4005,2012.0
CS(=O)(=O)N1CCc2c(-c3cnc(N)nc3)nc(N3CCOCC3)nc21,7.853871964321762,CHEMBL1684984,4005,2011.0
NC(=O)CNc1nc(-c2cccc(O)c2)nc(N2CCOCC2)n1,6.130768280269024,CHEMBL3774579,4005,2015.0
CC(Nc1ncnc2nc[nH]c12)c1cc2cccc(Cl)c2c(=O)n1-c1ccccc1,5.795337488251781,CHEMBL3039502,4005,2019.0
CC(Nc1ncnc2[nH]cnc12)c1nc2cccc(Cl)c2c(=O)n1-c1ccccc1,6.568636235841012,CHEMBL3805348,4005,2017.0
CC(Nc1ncnc(N)c1C#N)c1nc2ccc(F)cc2c([S+]([O-])CCO)c1-c1ccccc1,6.207608310501746,CHEMBL3403667,4005,2015.0
CC(Nc1ncnc(N)c1C#N)c1nc2ccc(F)cc2c(S(C)(=O)=O)c1-c1ccccc1,6.036212172654444,CHEMBL3403664,4005,2015.0
CC(C)c1ccccc1Nc1nccc(-c2ccc(Br)cc2)n1,6.101274818410507,CHEMBL3134615,4005,2014.0
CS(=O)(=O)N1CCN(Cc2cc3c(N4CCOCC4)nc(-c4cnc(N)cc4C(F)(F)F)nn3c2)CC1,7.25649023527157,CHEMBL4761702,4005,2021.0
NC(=O)c1ccc2c(c1)OCCc1cc(-c3ncnn3CCO)sc1-2,7.823908740944319,CHEMBL2322767,4005,2013.0
CC(Nc1ncnc(N)c1C#N)c1nc2ccc(F)cc2c(NCCS(C)(=O)=O)c1-c1ccccc1,6.045757490560675,CHEMBL2216892,4005,2015.0
CS(=O)(=O)N1CCN(Cc2cc3c(N4CC5CCC(C4)O5)nc(-c4cnc(N)cc4C(F)(F)F)nn3c2)CC1,6.612966298717637,CHEMBL4799728,4005,2021.0
CCOC(=O)c1ccc(-c2csc3c(=O)cc(N4CCOCC4)oc23)cc1,6.146301788223825,CHEMBL2326952,4005,2013.0
CS(=O)(=O)N1CCN(CNc2nc(-c3cccc(O)c3)nc(N3CCOCC3)n2)CC1,5.97469413473523,CHEMBL3775341,4005,2015.0
NC(=O)c1ccc2c(c1)OCCc1cc(-c3n[nH]cc3-c3ccccc3Cl)sc1-2,9.0,CHEMBL2322780,4005,2013.0
NC(=O)c1ccc2c(c1)OCCc1cc(-c3ncnn3C3CCC3)sc1-2,8.096910013008056,CHEMBL2322766,4005,2013.0
NC(=O)c1ccc2c(c1)OCCc1cc(-c3ncnn3CC(F)(F)F)sc1-2,8.154901959985743,CHEMBL2322770,4005,2013.0
CS(=O)(=O)Cc1cc(N2CCOCC2)nc(-c2cccc3[nH]ccc23)n1,5.42021640338319,CHEMBL2030442,4005,2012.0
COc1ccc(CNC(=O)Cc2nnc(-c3ccc4ncccc4c3)o2)cc1OC,5.119186407719209,CHEMBL4750370,4005,2021.0
Cc1c(C(=O)N2CCOc3ccc(-c4ccc5nc[nH]c5c4)cc3C2)ccc(S(C)(=O)=O)c1F,5.630042392653947,CHEMBL2333362,4005,2013.0
COc1ncc(-c2ccc3ncnc(NCCN4CCOCC4)c3c2)cc1C#N,6.332547047110046,CHEMBL4577046,4005,2016.0
COc1ncc(N2CCc3ncnc(NC4CCN(C(=O)C5CCOCC5)C4)c3C2)cc1C,6.428291168191312,CHEMBL3643429,4005,2014.0
COc1ncc(N2CCc3ncnc(-c4ccnc(NCC5CCOCC5)c4)c3C2)cc1C,5.1249387366083,CHEMBL4467692,4005,2019.0
CCOC(=O)Cc1csc(NN=C(C)c2cc3ccccc3o2)n1,5.107905397309519,CHEMBL4752752,4005,2021.0
COc1ncc(-c2cnc3nc(N)nc(C)c3c2)cc1NS(=O)(=O)c1ccc(C(F)(F)F)cc1,8.075204004202089,CHEMBL3327007,4005,2014.0
COc1ccc(N2CCc3ncnc(-c4cccc(C(=O)N5CCN(C(C)=O)CC5)c4)c3C2)cn1,5.158640529545146,CHEMBL4164149,4005,2017.0
COc1ccc(N2CCc3ncnc(-c4cccc(OC5CCN(C(C)=O)CC5)c4)c3C2)cn1,5.694648630553376,CHEMBL4163245,4005,2017.0
COc1ncc(-c2cnc3nc(N)nc(C)c3c2)cc1NS(=O)(=O)c1ccc(C#N)cc1,8.549750891680638,CHEMBL3327006,4005,2014.0
COc1ncc(-c2cnc3nc(N)nc(C)c3c2)cc1NS(=O)(=O)C1CC1,7.2549252084179425,CHEMBL3327141,4005,2014.0
COc1ncc(-c2cnc3nc(N)nc(C)c3c2)cc1N,6.199282921717614,CHEMBL3327144,4005,2014.0
COc1ncc(-c2cnc3nc(N)nc(C)c3c2)cc1F,6.931814138253838,CHEMBL3327143,4005,2014.0
COc1ncc(-c2cnc3nc(N)nc(C)c3c2)cc1NS(=O)(=O)c1ccc(Cl)s1,8.16304326294045,CHEMBL3327146,4005,2014.0
COc1ncc(-c2cnc3nc(N)nc(-c4ccncc4)c3c2)cc1NS(=O)(=O)c1ccc(F)cc1F,7.4483670898380545,CHEMBL3112719,4005,2014.0
COc1ncc(-c2ccc3ncnc(Nc4cnn(CCO)c4)c3c2)cc1NS(=O)(=O)c1ccc(F)cc1F,9.69897000433602,CHEMBL4780201,4005,2019.0
COc1ccc(S(=O)(=O)N2CCN(c3nc(NCCN4CCOCC4)nc(N4CCOCC4)n3)CC2)cc1,8.050609993355087,CHEMBL4799656,4005,2021.0
COc1ccc(S(=O)(=O)Nc2cc(-c3cc4c(C)nc(N)cc4n(C4CCCC4)c3=O)cnc2OC)cc1,6.758752448736283,CHEMBL3112734,4005,2014.0
COc1ccc(S(=O)(=O)Nc2cc(-c3cnc4nc(N)nc(C)c4c3)cnc2OC)cc1,7.173925197299173,CHEMBL3327008,4005,2014.0
COc1ccc(S(=O)(=O)c2nc3ccccc3nc2N2CCOCC2)cc1,5.853871964321762,CHEMBL3221623,4005,2012.0
COc1ccc(S(=O)(=O)n2cc3c(=O)oc4ccccc4c3n2)cc1,5.188424994129407,CHEMBL4573905,4005,2019.0
Nc1ncc(-c2nc(N3CCOCC3)c3ncccc3n2)cn1,8.154901959985743,CHEMBL3109134,4005,2014.0
COc1ccc([N+](=O)[O-])cc1S(=O)(=O)N(C)N=Cc1cnn2ccc(Cl)nc12,7.091514981121351,CHEMBL3612502,4005,2015.0
COc1ncc(-c2ccc3nncc(-c4ccncc4)c3c2)cc1NS(=O)(=O)c1ccc(F)cc1F,9.568636235841012,CHEMBL3577913,4005,2015.0
NC(=O)c1sc(N2CCOCC2)nc1CC(=O)N1CCc2ccccc21,5.389872386924004,CHEMBL3125385,4005,2014.0
COc1ncc(-c2cnc3nc(N)nc(C)c3c2)cc1NS(=O)(=O)c1ccc(F)cc1F,8.44490555142168,CHEMBL3112718,4005,2014.0
COc1ncc(-c2cnc3nc(N)nc(C)c3c2)cc1NS(=O)(=O)c1cccnc1,8.106793246940152,CHEMBL3327147,4005,2014.0
NC(=O)c1sc(N2CCOCC2)nc1CC(=O)Nc1ccc(F)c(Cl)c1,5.081969663215119,CHEMBL3125541,4005,2014.0
COc1ncc(N2CCc3ncnc(-c4ccnc(NC5CCOCC5)c4)c3C2)cc1C,5.236572006437063,CHEMBL4554894,4005,2019.0
COc1ncc(N2CCc3ncnc(-c4ccnc(NC5CCN(S(C)(=O)=O)CC5)c4)c3C2)cc1C,5.853871964321762,CHEMBL4518787,4005,2019.0
COc1ncc(N2CCc3ncnc(-c4ccnc(NC5CCC(O)CC5)c4)c3C2)cc1C,5.136677139879544,CHEMBL4581474,4005,2019.0
CC(Nc1ncnc(N)c1C#N)c1nc2ccc(F)cc2c(NCCN(C)C)c1-c1ccccc1,5.795880017344075,CHEMBL3403671,4005,2015.0
COc1ncc(C2=CCOCC2)cc1NS(=O)(=O)c1cn(Cc2ccccc2)c(C)n1,6.199998172182031,CHEMBL4435246,4005,2018.0
CC(Nc1ncnc(N)c1C#N)c1nc2ccc(F)cc2c(N2CCOCC2)c1-c1ccccn1,6.080921907623926,CHEMBL3403676,4005,2015.0
COc1ncc(C2=CCOCC2)cc1NS(=O)(=O)c1ccccc1,5.700000503883016,CHEMBL4469876,4005,2018.0
COc1ncc(-c2cnc3nc(N)nc(C)c3c2)cc1NS(=O)(=O)c1ccccc1,7.199970640755866,CHEMBL3327012,4005,2014.0
COc1ccc(Cl)c(Nc2nc3ccccc3nc2NS(=O)(=O)c2cccc(NC(=O)C(C)(C)N)c2)c1,7.4089353929735005,CHEMBL3360203,4005,2014.0
COc1ncc(-c2sc3ncnc(-c4ccncc4)c3c2C)cc1NS(=O)(=O)c1ccc(F)cc1F,7.140861702705469,CHEMBL3577919,4005,2015.0
COc1ncc(-c2sc(NC(=O)CN)nc2C)cc1NS(=O)(=O)c1ccccc1,6.653647025549361,CHEMBL4162773,4005,2018.0
COc1ncc(-c2nc(N3CCOCC3)c3ncn(CCCCCCC(=O)NO)c3n2)cn1,6.866461091629782,CHEMBL4799530,4005,2018.0
COc1ncc(-c2cnc3ncnc(-c4ccncc4)c3c2)cc1NS(=O)(=O)c1ccc(F)cc1F,7.286509456906058,CHEMBL3577912,4005,2015.0
COc1ncc(-c2cnc3nccc(-c4ccncc4)c3c2)cc1NS(=O)(=O)c1ccc(F)cc1F,7.459670525209126,CHEMBL3577909,4005,2015.0
COc1ncc(-c2cnc3nc(N)nc(C)c3c2)cn1,6.661543506395395,CHEMBL3327015,4005,2014.0
COc1ncc(-c2cnc3nc(N)nc(C)c3c2)cc1NS(C)(=O)=O,6.838631997765026,CHEMBL3327017,4005,2014.0
COc1ncc(-c2cnc3nc(N)nc(C)c3c2)cc1NS(=O)(=O)c1cccs1,7.632644078973981,CHEMBL3327009,4005,2014.0
CC(C)(C)NS(=O)(=O)c1cncc(-c2ccc3nc(N)nn3c2)c1,5.59999938302362,CHEMBL2059909,4005,2012.0
CS(=O)(=O)NC1CCCN(Cc2cc3nc(-c4cccc5[nH]ccc45)nc(N4CCOCC4)c3s2)C1,5.800000874803203,CHEMBL4473276,4005,2019.0
CCNC(=O)c1ccc(NC(=O)Nc2ccc(-c3nc(N4CCOCC4)c4nnn(CC)c4n3)cc2)cc1,8.522878745280337,CHEMBL591357,4005,2010.0
Nc1cc(C(F)(F)F)c(-c2nc(N3CCOCC3)c3ccc(Nc4cccnc4)cc3n2)cn1,6.634512015109101,CHEMBL3770469,4005,2016.0
CC(C)Cn1ncnc1-c1cc2c(s1)-c1ccc(C(N)=O)cc1OCC2,8.397940008672037,CHEMBL2322765,4005,2013.0
CC(C)N1CCN(Cc2cnc(-c3cc(-c4cccc5[nH]ccc45)cc4[nH]ncc34)o2)CC1,5.300000202445418,CHEMBL2216859,4005,2018.0
CC(C)NS(=O)(=O)c1cncc(-c2ccc3nc(N)nn3c2)c1,5.59999938302362,CHEMBL2064511,4005,2012.0
CCN(CC)CCNC(=O)Nc1nc2ccc(-c3cnc(OC)c(NS(=O)(=O)c4ccc(F)cc4)c3)cn2n1,7.853871964321762,CHEMBL3601925,4005,2015.0
CC(C)Nc1ccc2cnn(-c3cncc(-c4ccc(C(=O)O)cc4)n3)c2c1,8.0,CHEMBL4228654,4005,2018.0
Nc1nc(-c2cccc(O)c2)nc(N2CCOCC2)n1,6.167491087293763,CHEMBL3775646,4005,2015.0
O=C(C1CCCN1)N1CCN(c2nc(N3CCOCC3)nc(-n3c(C(F)F)nc4ccccc43)n2)CC1,5.657577319177793,CHEMBL2322668,4005,2013.0
Nc1nc(N)c2nc(-c3cccc(O)c3)c(-c3cccc(O)c3)nc2n1,5.886056647693163,CHEMBL230011,4005,2007.0
COc1ccccc1OC(C)c1cc(C(=O)N(C)CCO)cn2c(=O)cc(N3CCOCC3)nc12,5.6020599913279625,CHEMBL3318724,4005,2014.0
Nc1nc(N)c2nc(-c3cccc(O)c3)cnc2n1,6.782516055786093,CHEMBL244559,4005,2014.0
Nc1nc2cc(-c3nn(CC4CCCC4)c4ncnc(N)c34)ccc2o1,8.455931955649724,CHEMBL3797933,4005,2016.0
Nc1nc2cc(-c3nn(CC4CCCO4)c4ncnc(N)c34)ccc2o1,7.356547323513812,CHEMBL3797834,4005,2016.0
Nc1nc2cc(-c3nn(CC4OCCO4)c4ncnc(N)c34)ccc2o1,6.939302159646388,CHEMBL3797590,4005,2016.0
Nc1nc2ccc(-c3cc[nH]c(=O)c3)cc2s1,5.40000018605658,CHEMBL3600767,4005,2015.0
Nc1nc2ccc(-c3ccc(C(F)(F)F)nc3)cc2s1,5.700000503883016,CHEMBL3600692,4005,2015.0
Nc1nc2ccc(-c3ccc(CO)nc3)cc2s1,5.499999678657065,CHEMBL3600690,4005,2015.0
Nc1nc2ccc(-c3ccc(OCCO)nc3)cc2s1,5.899998417198648,CHEMBL3600694,4005,2015.0
Nc1nc2ccc(-c3ccccn3)cc2s1,5.0,CHEMBL3600700,4005,2015.0
Nc1nc2cc(-c3ccc4ncc(C(=O)N5CCOCC5)n4c3)ccc2o1,7.823908740944319,CHEMBL3935857,4005,2016.0
Nc1nc2ccc(-c3cccnc3)cc2s1,5.700000503883016,CHEMBL3600701,4005,2015.0
COc1ccccc1S(=O)(=O)N1CCN(c2nc(NCCN3CCOCC3)nc(N3CCOCC3)n2)CC1,7.400990760176656,CHEMBL4762360,4005,2021.0
COc1cccc(-c2csc3c(=O)cc(N4CCOCC4)oc23)c1,7.142667503568731,CHEMBL2322229,4005,2013.0
COc1ncc(-c2cc(OC3CCOCC3)c3nc(NC(C)=O)nc(C)c3c2)cc1NS(C)(=O)=O,7.958607314841775,CHEMBL4170435,4005,2018.0
COc1ncc(-c2cc(OC3CCOCC3)c3nc(N)nc(C)c3c2)cc1NS(C)(=O)=O,8.585026652029182,CHEMBL4171779,4005,2018.0
COc1ncc(-c2cc(OC3CCOCC3)c3nc(N)nc(C)c3c2)cc1NS(=O)(=O)c1ccc(F)cc1F,9.096910013008056,CHEMBL4166144,4005,2018.0
COc1ncc(-c2cc(OC3CCOCC3)c3nc(N)nc(C)c3c2)cc1NS(=O)(=O)c1ccc(F)cc1Cl,8.958607314841775,CHEMBL4160104,4005,2018.0
COc1ncc(-c2cc(OC3CCOCC3)c3nc(N)nc(C)c3c2)cc1NS(=O)(=O)c1ccc(F)cc1,8.920818753952375,CHEMBL4167351,4005,2018.0
COc1ncc(-c2cc(OC3CCOCC3)c3nc(N)nc(C)c3c2)cc1NS(=O)(=O)c1ccc(Cl)s1,8.958607314841775,CHEMBL4175228,4005,2018.0
COc1ncc(-c2cc(OC3CCOCC3)c3nc(N)nc(C)c3c2)cc1NS(=O)(=O)C1CC1,8.602059991327963,CHEMBL4160524,4005,2018.0
COc1ncc(-c2cc(OC3CCOCC3)c3nc(N)nc(C)c3c2)cc1F,7.795880017344075,CHEMBL4168420,4005,2018.0
COc1cccc(-c2nc(N3CCOCC3)nc3c2CCN3c2ccncc2)c1,6.3872161432802645,CHEMBL2314584,4005,2013.0
COc1ncc(-c2cc(OC3CCOC3)c3nc(N)nc(C)c3c2)cc1NS(=O)(=O)c1ccc(F)cc1F,9.040460953811962,CHEMBL4169573_CHEMBL4176771,4005,
COc1ncc(-c2cc(OC3CCCCC3)c3nc(N)nc(C)c3c2)cc1NS(=O)(=O)c1ccc(F)cc1F,9.022276394711152,CHEMBL4162701,4005,2018.0
COc1ncc(-c2cc(OC3CCCC3)c3nc(N)nc(C)c3c2)cc1NS(=O)(=O)c1ccc(F)cc1F,8.958607314841775,CHEMBL4176338,4005,2018.0
COc1ncc(-c2cc(OC3CCC3)c3nc(N)nc(C)c3c2)cc1NS(=O)(=O)c1ccc(F)cc1F,9.022276394711152,CHEMBL4168480,4005,2018.0
COc1ncc(-c2cc(OC)c3nc(N)nc(C)c3c2)cc1NS(=O)(=O)c1ccc(F)cc1F,8.920818753952375,CHEMBL4166540,4005,2018.0
COc1ncc(-c2cc(OC(C)C)c3nc(N)nc(C)c3c2)cc1NS(=O)(=O)c1ccc(F)cc1F,9.154901959985745,CHEMBL4174456,4005,2018.0
COc1ncc(-c2cc(-c3ncc(CN4CC(C)OC(C)C4)o3)c3cn[nH]c3c2)cc1NS(C)(=O)=O,6.349997258115003,CHEMBL4434674,4005,2016.0
COc1nc(-c2ccc3nc(NC(C)=O)cn3c2)cnc1N,8.522878745280337,CHEMBL3752503,4005,2016.0
COc1ccn2ncc(C=NN(C)S(=O)(=O)c3cc([N+](=O)[O-])ccc3C)c2n1,6.485452247339714,CHEMBL3612508,4005,2015.0
COc1ncc(-c2cc(OC3CCN(C)CC3)c3nc(N)nc(C)c3c2)cc1NS(=O)(=O)c1ccc(F)cc1F,8.318758762624412,CHEMBL4159735,4005,2018.0
COc1ncc(-c2cc(OCC3CC3)c3nc(N)nc(C)c3c2)cc1NS(=O)(=O)c1ccc(F)cc1F,8.853871964321762,CHEMBL4169963,4005,2018.0
Nc1nc2ccc(-c3ccn(CC4CC4)c(=O)c3)cc2s1,5.200000237109354,CHEMBL3600779,4005,2015.0
Nc1nc2ccc(-c3cncc(NS(=O)(=O)c4ccc(Cl)cc4)c3)cn2n1,6.799998134593398,CHEMBL2064508,4005,2012.0
Nc1ncnc2c1c(-c1cccc(O)c1)cn2C1CC(CN2CCC2)C1,5.853871964321762,CHEMBL3787112,4005,2016.0
Nc1ncc(-c2nc(N3CCOCC3)c3ccc(Nc4cccnc4)cc3n2)cn1,7.886056647693163,CHEMBL3771146,4005,2016.0
Nc1ncc(-c2nc(N3CCOCC3)c3cccc(N)c3n2)cn1,7.130768280269024,CHEMBL3771060,4005,2016.0
Nc1ncc(-c2nc(N3CCOCC3)c3cccc(Nc4ccccn4)c3n2)cn1,5.781202001888262,CHEMBL3770226,4005,2016.0
Nc1ncc(-c2nc(N3CCOCC3)c3cccc(Nc4cccnc4)c3n2)cn1,6.847711655616944,CHEMBL3771348,4005,2016.0
Nc1ncc(-c2nc(N3CCOCC3)c3cccc(Nc4ccncc4)c3n2)cn1,6.109020403010311,CHEMBL3770944,4005,2016.0
Nc1ncc(-c2nc(N3CCOCC3)c3cccn3n2)c(C(F)(F)F)n1,7.045757490560675,CHEMBL3601466,4005,2015.0
COc1cccc(Nc2nccc(-c3ccc(Cl)c(Cl)c3)n2)c1,6.204119982655925,CHEMBL3134619,4005,2014.0
Nc1ncc(-c2nc(N3CCOCC3)c3ccc(Nc4ccccn4)cc3n2)cn1,7.508638306165727,CHEMBL3769845,4005,2016.0
COc1cccc(Nc2nccc(-c3ccc(Cl)cc3Cl)n2)c1,6.070070439915412,CHEMBL3134602,4005,2014.0
Nc1ncc(-c2nc(N3CCOCC3)c3cccn3n2)cn1,7.301029995663981,CHEMBL3601465,4005,2015.0
Nc1ncc(-c2nc(N3CCOCC3)c3cccn3n2)s1,5.221848749616356,CHEMBL3601470,4005,2015.0
Nc1ncc(-c2nc(N3CCOCC3)c3cccnc3n2)cn1,6.84163750790475,CHEMBL3109139,4005,2014.0
COc1cccc(OC(C)c2cc(C(=O)N(C)CCO)cn3c(=O)cc(N4CCOCC4)nc23)c1,5.346787486224656,CHEMBL3318725,4005,2014.0
COc1cccc(S(=O)(=O)N2CCN(c3nc(NCCN4CCOCC4)nc(N4CCOCC4)n3)CC2)c1,7.60977163753087,CHEMBL4746999,4005,2021.0
CCN(C)c1ccc(-c2ccc3nc(N)sc3c2)cn1,5.200000237109354,CHEMBL3600689,4005,2015.0
CCN(C)C(=O)c1cc(C(C)Nc2cc(F)cc(F)c2)c2oc(N3CCOCC3)cc(=O)c2c1,6.958607314841775,CHEMBL3408258,4005,2015.0
Nc1ncc(-c2nc(N3CCOCC3)c3ccn(CCCCCCC(=O)NO)c3n2)cn1,7.958607314841775,CHEMBL4744689,4005,2018.0
COc1cccc(Nc2nccc(-c3ccc(F)cc3)n2)c1,6.055517327849831,CHEMBL3134610,4005,2014.0
Nc1nc2ccc(-c3ccncc3)cc2s1,5.243028015358392,CHEMBL1645107,4005,2006.0
Nc1ncc(-c2nc(N3CCOCC3)c3ccc(Nc4ccc[n+]([O-])c4)cc3n2)cn1,7.958607314841775,CHEMBL3771212,4005,2016.0
Nc1ncnc2c1c(-c1cnc3[nH]ccc3c1)nn2C1CCCC1,7.2839966563652,CHEMBL1081312,4005,2008.0
Nc1nc2ccc(-c3cncc(S(=O)(=O)NCC4CC4)c3)cn2n1,5.499999678657065,CHEMBL2064512,4005,2012.0
Nc1nc2ccc(-c3cncc(S(=O)(=O)Nc4ccc(Cl)cc4)c3)cn2n1,5.40000018605658,CHEMBL2064509,4005,2006.0
Nc1nc2ccc(-c3cnccn3)cc2s1,5.700000503883016,CHEMBL3600765,4005,2015.0
Nc1nc2ccc(-c3cnn(C4CC4)c3)cc2s1,5.0,CHEMBL3600774,4005,2015.0
Nc1nc2ccc(-c3cnn(Cc4ccccc4)c3)cc2s1,5.100000128334196,CHEMBL3600776,4005,2015.0
Nc1ncc(-c2ccc3nc(NC(=O)CCCN4CCCCC4)sc3c2)cc1C(F)(F)F,7.853871964321762,CHEMBL2418951,4005,2013.0
Nc1ncc(-c2ccc3nc(NC(=O)CCCN4CCOCC4)sc3c2)cc1C(F)(F)F,7.602059991327962,CHEMBL2418952,4005,2013.0
Nc1ncc(-c2cn3cc(C(=O)NC4CCC(O)CC4)nc3c(N3CCOCC3)n2)cn1,8.0,CHEMBL2058168,4005,2006.0
Nc1ncc(-c2nc(N3CCOCC3)c3ccc(NC(=O)c4cccnc4)cc3n2)cn1,7.481486060122112,CHEMBL3771347,4005,2016.0
Nc1ncc(-c2cn3cc(C(=O)NC4CCOCC4)nc3c(N3CCOCC3)n2)cn1,7.882728704344236,CHEMBL2058170,4005,2012.0
Nc1nn2c(O)cc(C3CCOCC3)nc2c1Cc1cccc(Cl)c1Cl,5.800000874803203,CHEMBL2322345,4005,2013.0
Nc1ncnn2c(-c3cccc(N4CCOCC4=O)c3)cc(Cl)c12,6.031517051446064,CHEMBL4080945,4005,2017.0
Nc1ncnn2c(-c3cccc(N4CCOCC4=O)c3)cc(C(F)(F)F)c12,5.769551078621726,CHEMBL4105190,4005,2017.0
Nc1ncnn2c(-c3cccc(N4CCOCC4=O)c3)cc(-c3ccnn3CC(F)(F)F)c12,5.481486060122112,CHEMBL4086343,4005,2017.0
CCN(CC)CC#Cc1ccnc2ccc(-c3cnc(OC)c(NS(=O)(=O)c4ccc(F)cc4F)c3)cc12,7.481486060122112,CHEMBL3765500,4005,2016.0
CCN(CC)C(=O)c1cc(C(C)Nc2cc(F)cc(F)c2)c2oc(N3CCOCC3)cc(=O)c2c1,6.823908740944319,CHEMBL3408261,4005,2015.0
Nc1ncc(-c2cn3cc(C(=O)NCCN4CCOCC4)nc3c(N3CCOCC3)n2)cn1,7.982966660701219,CHEMBL2058169,4005,2012.0
Nc1ncc(-c2nc(N3CCOCC3)c3ccc(CO)n3n2)cn1,5.0,CHEMBL3601477,4005,2015.0
CCN(CC)CCCNc1nc(-c2ccc(NC(=O)Nc3ccc(Cl)cc3)cc2)nc2ccsc12,6.886056647693163,CHEMBL3326099,4005,2014.0
CCNC(=O)c1cc(C(C)Nc2cc(F)cc(F)c2)c2oc(N3CCOCC3)cc(=O)c2c1,7.229147988357855,CHEMBL3408268,4005,2015.0
COc1ncc(-c2cc(OCC3CCCO3)c3nc(N)nc(C)c3c2)cc1NS(=O)(=O)c1ccc(F)cc1F,8.958607314841775,CHEMBL4167641,4005,2018.0
COc1ncc(-c2cc(OCC3CCOCC3)c3nc(N)nc(C)c3c2)cc1NS(=O)(=O)c1ccc(F)cc1F,9.136677139879543,CHEMBL4165063,4005,2018.0
CC(C)Oc1ccc(-c2ccc3nc(N)sc3c2)cn1,5.300000202445418,CHEMBL3600687,4005,2015.0
COc1ccc2c(c1OC)N=C(NC(=O)c1cccnc1)N1CCN=C21,7.958607314841775,CHEMBL1241857,4005,2012.0
CCNC(=O)C(C)Cn1cnc2ccc(-c3cnc(OC)c(NS(=O)(=O)c4ccc(F)cc4Cl)c3)cc2c1=O,8.455931955649724,CHEMBL4645263,4005,2020.0
COc1ccc2c(nc(C(F)F)n2-c2nc(N3CCOCC3)nc(N3CCOCC3)n2)c1O,7.154901959985743,CHEMBL1911114,4005,2011.0
CC(Nc1ncnc(N)c1C#N)c1nc2ccc(F)cc2c(N2CC(O)C2)c1-c1ccccn1,5.917214629683549,CHEMBL3403675,4005,2015.0
Nc1ccc(-c2ccc3nc(NC(=O)CCCN4CCCCC4)sc3c2)cn1,6.585026652029182,CHEMBL2418950,4005,2013.0
CC(Nc1ncnc(N)c1C#N)c1nc2ccc(F)cc2c(N(C)C)c1-c1ccccn1,5.939302159646388,CHEMBL3403674,4005,2015.0
CC(Nc1ncnc(N)c1C#N)c1nc2ccc(F)cc2c(Cl)c1-c1ccccn1,5.863279432843593,CHEMBL3403673,4005,2015.0
CC(C)(c1cc(N2CCOCC2)nc(-c2cccc3[nH]ccc23)n1)S(C)(=O)=O,5.795880017344075,CHEMBL2325703,4005,2013.0
Nc1ccc(-c2ccc3nc(NC(=O)CN4CCCCC4)sc3c2)cn1,5.920818753952375,CHEMBL2418949,4005,2013.0
CC(Nc1ncnc(N)c1C#N)c1nc2ccc(F)cc2c(C#N)c1-c1ccccc1,5.29413628771608,CHEMBL3403668,4005,2015.0
CC(Nc1ncnc(N)c1C#N)c1nc2ccc(F)cc2c(-c2ccccn2)c1-c1ccccn1,5.102372908709558,CHEMBL3403678,4005,2015.0
CCN1CCC(Nc2cc(-c3ncnc4c3CN(c3cnc(OC)c(C)c3)CC4)ccn2)CC1,5.337242168318426,CHEMBL4528263,4005,2019.0
COc1ncc(-c2cc3c(C)nc(N)cc3n(C3CCCC3)c2=O)cc1NS(=O)(=O)c1ccc(C#N)cc1,7.845576026885353,CHEMBL3112735,4005,2014.0
CS(=O)(=O)c1cncc(-c2ccc3nc(N)sc3c2)c1,6.599997654072045,CHEMBL3600699,4005,2015.0
COc1ncc(-c2cc3c(C)nc(N)cc3n(C3CCCC3)c2=O)cc1NS(=O)(=O)C1CC1,7.160459107031031,CHEMBL3112732,4005,2014.0
CS(=O)(=O)c1cncc(-c2ccc3nc(N)nn3c2)c1,5.0,CHEMBL2059908,4005,2012.0
CCN1C(=O)CNc2ncc(-c3ccc(-c4nc[nH]n4)nc3C)nc21,6.070581074285707,CHEMBL3586573,4005,2015.0
CC(Nc1ncnc(N)c1C#N)c1nc2ccc(F)cc2c(C#N)c1-c1ccccn1,5.356547323513812,CHEMBL3403677,4005,2015.0
CCN(CCOc1cc(-c2cnc(OC)c(F)c2)cc2c(C)ncnc12)c1ncc(C(=O)NO)cn1,7.142667503568731,CHEMBL4462934,4005,2019.0
CC(C)(c1cc(-c2sc(NC(=O)N3CCCC3C(N)=O)nc2Cl)ccn1)C(F)(F)F,7.4089353929735005,CHEMBL2397197,4005,2013.0
COc1ncc(-c2cc3c(C)nc(N)cc3n(C3CCCC3)c2=O)cc1NS(=O)(=O)c1ccc(C(F)(F)F)cc1,6.757259855394373,CHEMBL3112707,4005,2014.0
CCNC(=O)Nc1ccc(-c2nccc(N3CCOCC3C)n2)cc1,5.200000237109354,CHEMBL4476698,4005,2019.0
CCNC(=O)Nc1ccc(-c2nc3c(c(N4CCOCC4C)n2)CCN(C2COC2)C3)cc1,5.376750709602099,CHEMBL2331680,4005,2017.0
CCNC(=O)Nc1ccc(-c2nc(N3CCOCC3C)cc(C(C)(C)S(C)(=O)=O)n2)cc1,5.100000128334196,CHEMBL4585887,4005,2019.0
Nc1cc(C(F)(F)F)c(-c2nc(N3CCOCC3)c3ccc(Nc4ccncc4)cc3n2)cn1,6.215382707367125,CHEMBL3769535,4005,2016.0
Nc1cc(C(F)(F)F)c(-c2nc(N3CCOCC3)nc(N3CCOCC3)n2)cn1,7.481486060122112,CHEMBL4084907,4005,2017.0
COc1ncc(-c2cc3c(C)nc(N)cc3n(C3CCCC3)c2=O)cc1NS(=O)(=O)c1ccc(F)cc1F,7.919734372660155,CHEMBL3112729,4005,2014.0
CC(C)(O)C1CCN(Cc2ccc3nc(-c4c(F)ccc5[nH]ccc45)nc(N4CCOCC4)c3n2)CC1,5.899998417198648,CHEMBL2152768,4005,2017.0
CCNC(=O)Nc1ccc(-c2nc(N3CCOCC3C)c3c(ncn3C)n2)cc1,5.236572006437063,CHEMBL2418339_CHEMBL2418343,4005,
CC(C)(c1cc(-c2cnc(NC(=O)N3CCCC3C(N)=O)s2)ccn1)C(F)(F)F,8.022276394711152,CHEMBL2397196,4005,2013.0
CCNC(=O)Nc1ccc(-c2nc(N3CCOCC3)c3ccn(CCN(C)C)c3n2)cc1,6.645891560852599,CHEMBL1091159,4005,2010.0
CC(C)(O)Cn1ncnc1-c1cc2c(s1)-c1ccc(C(N)=O)cc1OCC2,8.397940008672037,CHEMBL2322769,4005,2010.0
CC(C)(O)c1ccc(-c2cnc3c(n2)N(C2CCC(O)CC2)C(=O)CN3)cn1,5.637044183852476,CHEMBL3586400_CHEMBL3586401,4005,
CC(C)(O)c1ccc(-c2cnc3c(n2)N(C2CCOCC2)C(=O)CN3)cn1,5.494850021680094,CHEMBL3586393,4005,2015.0
CC(C)(O)c1ccc(-c2cnc3c(n2)N(C2CCOCC2)CC(=O)N3)cn1,5.327902142064282,CHEMBL3586392,4005,2015.0
CC(C)(O)c1ccc(-c2cnc3c(n2)N(CC2CCOCC2)C(=O)CN3)cn1,5.42021640338319,CHEMBL3586394,4005,2015.0
CCNC(=O)Nc1ccc(-c2nc(CS(C)(=O)=O)cc(N3CCOCC3)n2)cc1,5.825000604749116,CHEMBL3410675,4005,2015.0
COc1ncc(-c2cc3c(C)nc(N)cc3n(C3CCCC3)c2=O)cc1NS(=O)(=O)c1ccc(F)cc1,7.139123203596702,CHEMBL3112708,4005,2014.0
COc1ncc(-c2cc3c(C)nc(N)cc3n(C3CCCC3)c2=O)cc1NS(=O)(=O)c1ccc(Cl)s1,7.506402550999473,CHEMBL3112711,4005,2014.0
CCNC(=O)Nc1ccc(-c2nc(N3CCCOCC3)c3c(ncn3C)n2)cc1,5.1938200260161125,CHEMBL2418345,4005,2013.0
COc1ncc(-c2cc(OCC3CCOC3)c3nc(N)nc(C)c3c2)cc1NS(=O)(=O)c1ccc(F)cc1F,8.920818753952375,CHEMBL4161649,4005,2018.0
CCN(CCOc1cc(-c2ccc(OC)nc2)cc2c(C)ncnc12)c1ncc(C(=O)NO)cn1,6.709965388637482,CHEMBL4588397,4005,2019.0
Nc1ccc(-c2nc(N3CCOCC3)c3cccn3n2)cn1,6.638272163982407,CHEMBL3601467,4005,2015.0
COc1ncc(-c2cc(OCCCN(C)c3ncc(C(=O)NO)cn3)c3ncnc(C)c3c2)cc1F,7.026872146400302,CHEMBL4457009,4005,2019.0
Nc1cccc(-c2csc3c(=O)cc(N4CCOCC4)oc23)c1,6.8124792791635365,CHEMBL2322247,4005,2010.0
Nc1cccc(-c2nc(N3CCOCC3)c3[nH]ccc3n2)c1,5.1249387366083,CHEMBL1092556,4005,2013.0
Nc1cccc(-c2nc(N3CCOCC3)c3ncccc3n2)c1,5.6020599913279625,CHEMBL3109128,4005,2014.0
Nc1cccc(-c2nc(N3CCOCC3)nc3c2CCN3c2ccncc2)c1,5.431798275933005,CHEMBL2314587,4005,2013.0
COc1ncc(-c2cc(OCCCCNc3ncc(C(=O)NO)cn3)c3ncnc(C)c3c2)cc1F,7.387216143280264,CHEMBL4474627,4005,2019.0
COc1ncc(-c2cc(OCCCCN(C)c3ncc(C(=O)NO)cn3)c3ncnc(C)c3c2)cc1F,7.318758762624412,CHEMBL4568675,4005,2019.0
COc1ncc(-c2cc(OCCCCCCCCC(=O)NO)c3ncnc(C)c3c2)cc1NS(C)(=O)=O,8.397940008672037,CHEMBL4458497,4005,2019.0
COc1ncc(-c2cc(OCCCNc3ncc(C(=O)NO)cn3)c3ncnc(C)c3c2)cc1F,7.366531544420413,CHEMBL4452585,4005,2019.0
COc1ncc(-c2cc(OCCCCCCCCC(=O)NO)c3ncnc(C)c3c2)cc1F,6.935542010773082,CHEMBL4440596,4005,2019.0
CC(C)OCCN1c2nc(N3CCOCC3)cc(=O)n2CCC1C(F)(F)F,6.246416941107094,CHEMBL4470174,4005,2018.0
COc1ncc(-c2cc(OCCCCCCCC(=O)NO)c3ncnc(C)c3c2)cc1F,7.267606240177031,CHEMBL4437190,4005,2019.0
COc1ncc(-c2cc(OCCCCCCC(=O)NO)c3ncnc(C)c3c2)cc1NS(C)(=O)=O,8.638272163982407,CHEMBL4456391,4005,2019.0
COc1ncc(-c2cc(OCCCCCCC(=O)NO)c3ncnc(C)c3c2)cc1F,7.376750709602099,CHEMBL4536105,4005,2019.0
COc1ncc(-c2cc(OCCCCCC(=O)NO)c3ncnc(C)c3c2)cc1NS(C)(=O)=O,8.292429823902063,CHEMBL4434897,4005,2019.0
COc1ncc(-c2cc(OCCCCCC(=O)NO)c3ncnc(C)c3c2)cc1F,7.522878745280337,CHEMBL4465851,4005,2019.0
COc1ncc(-c2cc(OCCCCC(=O)NO)c3ncnc(C)c3c2)cc1NS(=O)(=O)c1ccc(F)cc1F,9.221848749616356,CHEMBL4445101,4005,2019.0
COc1ncc(-c2cc(OCCCC(=O)NO)c3ncnc(C)c3c2)cc1NS(=O)(=O)c1ccc(F)cc1F,8.886056647693163,CHEMBL4588404,4005,2019.0
COc1ncc(-c2cc(OCCCCCCCC(=O)NO)c3ncnc(C)c3c2)cc1NS(C)(=O)=O,8.4089353929735,CHEMBL4535819,4005,2019.0
CCN(CC)c1nccc(-c2sc(NC(=O)N3CCCC3C(N)=O)nc2C)n1,7.795880017344075,CHEMBL2397198,4005,2013.0
COc1ncc(-c2cc(OCCN(C)c3ncc(C(=O)NO)cn3)c3ncnc(C)c3c2)cc1F,7.136677139879544,CHEMBL4474676,4005,2019.0
COc1ncc(-c2cc(OCCN(c3ncc(C(=O)NO)cn3)C(C)C)c3ncnc(C)c3c2)cc1F,7.366531544420413,CHEMBL4464542,4005,2019.0
COc1ncc(-c2cc3c(C)nc(N)cc3n(C3CCCC3)c2=O)cc1F,8.22548303427145,CHEMBL3112724,4005,2014.0
Nc1ccc(-c2nc(N3CCOCC3)c3ncccc3n2)cn1,7.568636235841012,CHEMBL3109133,4005,2014.0
Nc1ccc(-c2nc(N3CCOCC3)c3ncn(CCCCCCC(=O)NO)c3n2)cn1,6.703334809738469,CHEMBL4785064,4005,2018.0
Nc1ccc(-c2nc(N3CCOCC3)nc3c2CCN3c2ccncc2)nc1,6.468521082957745,CHEMBL2314285,4005,2013.0
COc1ncc(-c2cc3c(C)nc(N)cc3n(C3CCC(O)CC3)c2=O)cc1NS(=O)(=O)c1ccc(F)cc1F,8.00436480540245,CHEMBL3112712,4005,2014.0
COc1ncc(-c2cc3c(C)nc(N)cc3n(C3CC3)c2=O)cc1NS(=O)(=O)c1ccc(F)cc1F,7.401756808346377,CHEMBL3112714,4005,2014.0
COc1ncc(-c2cc3c(C)nc(N)cc3n(C(C)C)c2=O)cc1NS(=O)(=O)c1ccc(F)cc1F,7.368150537840182,CHEMBL3112715,4005,2014.0
COc1ncc(-c2cc3c(-c4ccncc4)ncnc3s2)cn1,5.456677099353088,CHEMBL3577916,4005,2015.0
CC(C)C(O)Cc1ccc2c(N3CCOCC3)nc(-c3cnc(N)nc3)nn12,6.537602002101044,CHEMBL3601479,4005,2015.0
COc1ncc(-c2cc3c(-c4ccncc4)ncnc3s2)cc1NS(C)(=O)=O,7.365522729839268,CHEMBL3577918,4005,2015.0
COc1ncc(-c2cc3c(-c4ccncc4)ncnc3s2)cc1NS(=O)(=O)c1ccc(Cl)s1,8.886056647693163,CHEMBL3577923,4005,2015.0
Nc1ccc2c(N3CCOCC3)nc(-c3cnc(N)cc3C(F)(F)F)nc2c1,6.391473966422806,CHEMBL3770661,4005,2016.0
Nc1ccc2c(N3CCOCC3)nc(-c3cnc(N)nc3)nc2c1,7.309803919971486,CHEMBL3769994,4005,2016.0
CC(C)C(=O)CN1c2nc(N3CCOCC3C)cc(=O)n2CCC1C(F)(F)F,5.568636235841012,CHEMBL4586628,4005,2018.0
COc1ncc(-c2cc3c(-c4ccncc4)ncnc3s2)cc1NS(=O)(=O)c1ccc(C(F)(F)F)cc1,7.769551078621726,CHEMBL3577920,4005,2015.0
COc1ncc(-c2cc3c(-c4ccncc4)ncnc3s2)cc1NS(=O)(=O)c1ccc(C#N)cc1,8.443697499232712,CHEMBL3577922,4005,2015.0
COc1ncc(-c2cc3c(-c4ccncc4)ccnc3cn2)cc1NS(=O)(=O)c1ccc(F)cc1F,8.991399828238082,CHEMBL3577910,4005,2015.0
COc1ncc(-c2cc(OCCNc3ncc(C(=O)NO)cn3)c3ncnc(C)c3c2)cc1F,7.366531544420413,CHEMBL4459720,4005,2019.0
COc1ncc(-c2cc3c(-c4ccncc4)ncnc3s2)cc1NS(=O)(=O)c1ccc(F)cc1F,8.684029654543082,CHEMBL3577921,4005,2015.0
CS(=O)(=O)NC1CCCN(Cc2cc3nc(-c4cccc5[nH]ncc45)nc(N4CCOCC4)c3s2)C1,6.299997602857746,CHEMBL4444453,4005,2019.0
Nc1ncc(-c2nc(N3CCOCC3)c3ncn(CCCCCCC(=O)NO)c3n2)cn1,7.537602002101044,CHEMBL4787267,4005,2018.0
NC(=O)C1CCCN1C(=O)Nc1nc2c(s1)-c1nc(CC3CC3)sc1CC2,7.154901959985743,CHEMBL3609515,4005,2015.0
COc1ccc(-c2nn(C3CCC3)c3ncnc(N)c23)cc1OC,7.769551078621726,CHEMBL1233881,4005,2008.0
COc1ccc(-c2ncnc3ccc(-c4cnc5ccccc5c4)cc23)cc1OC,7.022276394711152,CHEMBL4475622,4005,2016.0
Cc1cc(C(C)Nc2ccccc2-c2nnn[nH]2)c2nc(N3CCOCC3)cc(=O)n2c1,5.85078088734462,CHEMBL3318709,4005,2014.0
Cc1cc(C(C)Nc2ccccc2C(=O)NO)c2nc(N3CCOCC3)cc(=O)n2c1,5.5406075122407685,CHEMBL3318706,4005,2014.0
CCSc1ccc(-c2ccc3nc(N)sc3c2)cn1,5.899998417198648,CHEMBL3600684,4005,2015.0
CCc1cc(-c2c[nH]c3ncc(-c4cn[nH]c4)cc23)nc(N)n1,5.221848749616356,CHEMBL3813865,4005,2016.0
CCc1cc(-c2c[nH]c3ncc(-c4cnn(CC(C)C)c4)cc23)nc(N)n1,5.327902142064282,CHEMBL3813933,4005,2016.0
COc1ccc(-c2nc(N3CCOCC3)c3sc(CN(C)c4ncc(C(=O)NO)cn4)cc3n2)cn1,7.631761908986151,CHEMBL3622533,4005,2016.0
Cc1cc(C(C)Nc2ccccc2C(=O)NS(C)(=O)=O)c2nc(N3CCOCC3)cc(=O)n2c1,6.795880017344075,CHEMBL3318708,4005,2014.0
Cc1cc(C(C)Nc2ccccc2S(=O)(=O)O)c2nc(N3CCOCC3)cc(=O)n2c1,6.481486060122112,CHEMBL3318707,4005,2014.0
CCc1cc(-c2c[nH]c3ncc(-c4cnn(CCN(C)C)c4)cc23)nc(N)n1,5.4089353929735005,CHEMBL3814770,4005,2016.0
COc1ccc(-c2csc3c(=O)cc(N4CCOCC4)oc23)cc1,7.214670164989233,CHEMBL2322244,4005,2013.0
COc1ccc(-c2cnc3nc(N)nc(C)c3c2)cn1,6.3829996588791005,CHEMBL3327142,4005,2014.0
CC(Nc1cc(F)ccc1F)c1cc(C(=O)N(C)C)cc2c(=O)cc(N3CCOCC3)oc12,6.346787486224656,CHEMBL3408249,4005,2015.0
Cc1cc(C(C)Nc2ccccc2)c2oc(N3CCOCC3)cc(=O)c2c1,5.585026652029182,CHEMBL2064328,4005,2012.0
CC(Nc1ccc(F)c(Cl)c1)c1cc(C(=O)N(C)C)cc2c(=O)cc(N3CCOCC3)oc12,6.769551078621726,CHEMBL3408251,4005,2015.0
COc1ccc(-c2ccnc(Nc3cccc(OC)c3)n2)cc1,6.211124884224583,CHEMBL3134605,4005,2014.0
CC(Nc1ccc(F)c(F)c1)c1cc(C(=O)N(C)C)cn2c(=O)cc(N3CCOCC3)nc12,6.468521082957745,CHEMBL3319489,4005,2014.0
CC(Nc1ccc(F)cc1)c1cc(C(=O)N(C)C)cc2c(=O)cc(N3CCOCC3)oc12,6.091514981121351,CHEMBL3408244,4005,2015.0
COc1ccc(-c2ccnc(Nc3ccc([N+](=O)[O-])cc3)n2)cc1,6.278189384787453,CHEMBL3134607,4005,2014.0
COc1ccc(-c2ccnc(Nc3ccc(Cl)cc3Cl)n2)cc1,6.131943638176958,CHEMBL3134608,4005,2014.0
COc1ccc(-c2ccnc(Nc3ccc(Cl)cc3)n2)cc1,6.258060922270801,CHEMBL3134606,4005,2014.0
COc1ccc(-c2ccn3ncc(C=NN(C)S(=O)(=O)c4cc([N+](=O)[O-])ccc4C)c3n2)cn1,5.987162775294828,CHEMBL3612506,4005,2015.0
COc1ccc(-c2ccn3ncc(C=NN(C)S(=O)(=O)c4cc([N+](=O)[O-])ccc4C)c3n2)cc1OC,6.632644078973981,CHEMBL3612504,4005,2015.0
CC(Nc1ccc(F)cc1)c1cc(C(=O)N(C)C)cn2c(=O)cc(N3CCOCC3)nc12,5.886056647693163,CHEMBL3319486,4005,2014.0
COc1ccc(-c2cccc3c(=O)nc(N4CCOCC4)oc23)cc1,5.552841968657781,CHEMBL3765105,4005,2016.0
NC(=O)C1CCCN1C(=O)Nc1nc2ccc(-c3cnc(N)c(C(F)(F)F)c3)cc2s1,7.397940008672037,CHEMBL2071339,4005,2012.0
COc1ccc(-c2cccc(CNc3ccc(S(=O)(=O)Nc4nnc(C)s4)cc3)c2)cn1,6.991399828238082,CHEMBL3582355,4005,2015.0
COc1ccc(-c2ccc3ncnc(OC4CCN(C)C4)c3c2)cc1OC,6.063137471360875,CHEMBL3921081_CHEMBL3948901,4005,
COc1ccc(-c2ccc3ncnc(OC4CCN(C(C)=O)C4)c3c2)cc1OC,6.5348413794704,CHEMBL3914282_CHEMBL3969716,4005,
CC(Nc1ccc(F)c(F)c1)c1cc(C(=O)N(C)C)cc2c(=O)cc(N3CCOCC3)oc12,6.769551078621726,CHEMBL3408247,4005,2015.0
N#Cc1ccc(O)c(-c2ccc(C=C3SC(=O)NC3=O)o2)c1,6.657577319177793,CHEMBL378999,4005,2006.0
Cc1cc(C(C)Nc2ccccc2)c2oc(-c3ccncc3)cc(=O)c2c1,5.346787486224656,CHEMBL3218573,4005,2012.0
Cc1cc(C(C)Nc2ccccc2)c2nc(N3CCOCC3)cc(=O)n2c1,5.236572006437063,CHEMBL1972466,4005,2012.0
CS(=O)(=O)c1ccc(C(=O)N2CCOc3ccc(-c4ccc(N)nc4)cc3C2)cc1,5.538351431936545,CHEMBL2333364,4005,2013.0
CS(=O)(=O)c1ccc(C(=O)N2CCOc3ccc(-c4ccc5nc[nH]c5c4)cc3C2)c(Br)c1,6.159266765388193,CHEMBL2332929,4005,2013.0
CS(=O)(=O)c1ccc(C(=O)N2CCOc3ccc(-c4ccc5nc[nH]c5c4)cc3C2)c(Cl)c1,6.151810883008601,CHEMBL2332928,4005,2013.0
CC(NC(=O)c1c(N)nn2cccnc12)c1cc2cccc(C#Cc3cnn(C)c3)c2c(=O)n1-c1ccccc1,7.769551078621726,CHEMBL3984425,4005,2016.0
CC(Nc1c(C(N)=O)cnc2ccc(-c3cccnc3)cc12)c1ccc(Cl)cc1,8.096910013008056,CHEMBL4565988,4005,2016.0
CC(Nc1c(C(N)=O)cnc2ccc(C#N)cc12)c1ccc(Cl)cc1,7.443697499232712,CHEMBL4527822,4005,2016.0
CC(Nc1c(C(N)=O)nnc2ccc(-c3ccc(OCCCN(C)C)nc3)cc12)C1CCOCC1,5.657577319177793,CHEMBL4217549,4005,2018.0
CS(=O)(=O)c1ccc(C(=O)N2CCOc3ccc(-c4ccc5nc[nH]c5c4)cc3C2)cc1,6.173925197299173,CHEMBL2332922,4005,2013.0
CC(Nc1ccccc1)c1cc(C(=O)NCCN2CCNCC2)cn2c(=O)cc(N3CCOCC3)nc12,5.318758762624412,CHEMBL3318716,4005,2014.0
CC(Nc1cc(Cl)cc(Cl)c1)c1cc(C(=O)N(C)C)cc2c(=O)cc(N3CCOCC3)oc12,6.958607314841775,CHEMBL3408255,4005,2015.0
CC(Nc1cc(F)c(F)c(F)c1)c1cc(C(=O)N(C)C)cc2c(=O)cc(N3CCOCC3)oc12,6.958607314841775,CHEMBL3408256,4005,2015.0
CC(Nc1cc(F)cc(Cl)c1)c1cc(C(=O)N(C)C)cc2c(=O)cc(N3CCOCC3)oc12,7.602059991327962,CHEMBL3408252,4005,2015.0
CC(Nc1cc(F)cc(F)c1)c1cc(C(=O)N(C)C)cc2c(=O)cc(N3CCOCC3)oc12,7.455931955649724,CHEMBL3408248,4005,2015.0
CC(Nc1cc(F)cc(F)c1)c1cc(C(=O)N(C)C)cn2c(=O)cc(N3CCOCC3)nc12,7.1249387366083,CHEMBL3319490,4005,2014.0
CC(Nc1cc(F)cc(F)c1)c1cc(C(=O)N(C)CCO)cc2c(=O)cc(N3CCOCC3)oc12,7.045757490560675,CHEMBL3408260,4005,2015.0
CC(Nc1cc(F)cc(F)c1)c1cc(C(=O)N2CCC(O)CC2)cc2c(=O)cc(N3CCOCC3)oc12,6.638272163982407,CHEMBL3408266,4005,2015.0
CC(Nc1cc(F)cc(F)c1)c1cc(C(=O)N2CCC2)cc2c(=O)cc(N3CCOCC3)oc12,7.537602002101044,CHEMBL3408262,4005,2015.0
Cc1cc(C(C)Nc2cc(Cl)ccc2C(=O)O)c2nc(N3CCOCC3)cc(=O)n2c1,5.835647144215563,CHEMBL3318705,4005,2014.0
Cc1cc(C(=O)N2CCOc3ccc(-c4ccc5nc[nH]c5c4)cc3C2)ccc1S(C)(=O)=O,6.338187314462739,CHEMBL2331575,4005,2013.0
COc1ccc(-n2c(=O)n(C)c3cnc4ccc(-c5ccncc5)cc4c32)cc1,6.300162274132754,CHEMBL3290307,4005,2014.0
COc1ccc(C#Cc2csc3c(=O)cc(N4CCOCC4)oc23)cc1,6.616184634019569,CHEMBL2322235,4005,2013.0
CCS(=O)(=O)c1ccc(C(=O)N2CCOc3ccc(-c4ccc5nc[nH]c5c4)cc3C2)cc1,5.663140179083191,CHEMBL2332923,4005,2013.0
CCS(=O)(=O)Nc1cc(-c2ccc3ncnc(Nc4cccc(C(=O)OC)c4)c3c2)cnc1OC,6.782516055786093,CHEMBL4206585,4005,2018.0
COc1ccc(-c2ccc3ncnc(OC4CCN(C(=O)OC(C)(C)C)C4)c3c2)cc1OC,6.4945025249966175,CHEMBL3910692_CHEMBL3930000,4005,
CCS(=O)(=O)Nc1cc(-c2ccc3ncnc(Nc4ccc(F)c(Cl)c4)c3c2)cnc1OC,6.498940737782249,CHEMBL4207750,4005,2018.0
CCOc1nc(-c2ccc3nc(NC(C)=O)cn3c2)cnc1N,8.522878745280337,CHEMBL3752653,4005,2016.0
CCOc1ccc(-c2ccc3nc(N)sc3c2)cn1,5.800000874803203,CHEMBL3600683,4005,2015.0
CC(Nc1cc(F)cc(F)c1F)c1cc(C(=O)N(C)C)cc2c(=O)cc(N3CCOCC3)oc12,6.853871964321762,CHEMBL3408257,4005,2015.0
CC(Nc1cc(F)cc(F)c1)c1cc(C(=O)N2CCOCC2)cc2c(=O)cc(N3CCOCC3)oc12,6.522878745280337,CHEMBL3408265,4005,2015.0
CC(Nc1cc(F)cc(F)c1)c1cc(C(=O)N2CCCCC2)cc2c(=O)cc(N3CCOCC3)oc12,6.698970004336019,CHEMBL3408264,4005,2015.0
CC(Nc1cc(F)cc(F)c1)c1cc(C(=O)N2CCCC2)cc2c(=O)cc(N3CCOCC3)oc12,7.008773924307505,CHEMBL3408263,4005,2015.0
CCOc1ncc(-c2ccc3ncn(CC(C)C(=O)NC)c(=O)c3c2)cc1NS(=O)(=O)c1ccc(F)cc1Cl,7.863279432843593,CHEMBL4636882,4005,2020.0
CCCCNC(=O)c1ccc(NC(=O)Nc2ccc(-c3nc(N4CCOCC4)c4nnn(CC)c4n3)cc2)cc1,8.221848749616356,CHEMBL589412,4005,2010.0
COc1ccc(-c2ccc3ncnc(NC4CCN(C(=O)C5CC5)C4)c3c2)cn1,7.595166283380061,CHEMBL4228563,4005,2018.0
COc1ccc(-c2ccc3ncnc(-c4cncc(C(=O)N5CCN(C)CC5)c4)c3c2)cn1,6.335358024443874,CHEMBL4460621,4005,2016.0
COc1ccc(-c2cc(N3CCOCC3)c3sc(CN(C)c4ncc(C(=O)NO)cn4)cc3c2)cn1,7.721246399047171,CHEMBL4648157,4005,2020.0
CC(Nc1cccc(Cl)c1F)c1cc(C(=O)NCCN(C)C)cn2c(=O)cc(N3CCOCC3)nc12,7.036212172654444,CHEMBL3319485,4005,2014.0
CC(Nc1cccc(F)c1)c1cc(C(=O)N(C)C)cc2c(=O)cc(N3CCOCC3)oc12,6.657577319177793,CHEMBL3407508,4005,2015.0
CC(Nc1cccc(F)c1F)c1cc(C(=O)N(C)C)cc2c(=O)cc(N3CCOCC3)oc12,6.431798275933005,CHEMBL3408246,4005,2015.0
COc1ccc(-c2cc(Cl)c3c(N)ncnn23)cc1N1CCOC(C)(C)C1=O,6.7447274948966935,CHEMBL4063245,4005,2017.0
N#Cc1ccc(-c2csc3c(=O)cc(N4CCOCC4)oc23)cc1,5.337431033066739,CHEMBL2322231,4005,2013.0
COc1ccc(-c2cc(CNc3ccc(S(=O)(=O)Nc4nnc(C)s4)cc3)cc(C(=O)O)c2)cn1,8.0,CHEMBL3582354,4005,2015.0
COc1ccc(-c2cc(CNc3ccc(S(=O)(=O)Nc4nnc(C)s4)cc3)cc(C(=O)NCCC(C)C)c2)cn1,8.017728766960431,CHEMBL3582351,4005,2015.0
COc1ccc(-c2cc(CNc3ccc(S(=O)(=O)Nc4nnc(C)s4)cc3)cc(C(=O)NC(CO)CO)c2)cn1,7.795880017344075,CHEMBL3582359,4005,2015.0
CC(Nc1ccccc1)c1cc(C(=O)N(C)C)cn2c(=O)cc(N3CCOCC3)nc12,5.926935982160881,CHEMBL3318711,4005,2014.0
COc1ccc(-c2cc(C(F)(F)F)c3c(N)ncnn23)cc1N1CCOC(C)(C)C1=O,6.568636235841012,CHEMBL4084897,4005,2017.0
COc1ccc(-c2cc(C(=O)Nc3ccc(-c4cn5ccnc5c(N5CCOCC5)n4)cc3)ncn2)cc1,5.903089986991944,CHEMBL4469359,4005,2019.0
CC(Oc1cccc(C#N)c1)c1cc(C(=O)N(C)CCO)cn2c(=O)cc(N3CCOCC3)nc12,5.086186147616283,CHEMBL3318723,4005,2014.0
CC(Oc1ccccc1F)c1cc(C(=O)N(C)CCO)cn2c(=O)cc(N3CCOCC3)nc12,5.468521082957745,CHEMBL3318722,4005,2014.0
CC(Nc1cccc(Cl)c1F)c1cc(C(=O)N(C)C)cc2c(=O)cc(N3CCOCC3)oc12,7.552841968657781,CHEMBL3408250,4005,2015.0
COc1ccc(-c2cc(-c3ccnn3CC(F)(F)F)c3c(N)ncnn23)cc1N1CCOC(C)(C)C1=O,6.200659450546418,CHEMBL4089756,4005,2017.0
COc1ccc(-c2c[nH]c3ncc(-c4cncc(N)c4)cc23)cc1OC,5.838631997765026,CHEMBL1289467,4005,2010.0
COc1ccc(-c2c[nH]c3ncc(-c4ccncc4)cc23)cc1OC,5.013228265733755,CHEMBL3319447,4005,2014.0
COc1ccc(-c2c[nH]c3ncc(-c4cccc(NS(=O)(=O)c5ccccc5)c4)cc23)cc1OC,5.795880017344075,CHEMBL1289468,4005,2010.0
CC(c1cc(C(=O)N(C)C)cc2c(=O)cc(N3CCOCC3)oc12)N(C)c1cc(F)cc(F)c1,6.552841968657781,CHEMBL3408274,4005,2015.0
CC(c1cc(C(=O)N(C)CCO)cc2c(=O)cc(N3CCOCC3)oc12)N(C)c1cc(F)cc(F)c1,6.7447274948966935,CHEMBL3408277,4005,2015.0
CC(Nc1ccccc1)c1cc(C(=O)N(C)CC(=O)O)cn2c(=O)cc(N3CCOCC3)nc12,5.42021640338319,CHEMBL3318714,4005,2014.0
CC(c1cc(C(=O)N2CCC(O)CC2)cc2c(=O)cc(N3CCOCC3)oc12)N(C)c1cc(F)cc(F)c1,6.431798275933005,CHEMBL3408278,4005,2015.0
CC(c1cc(C(=O)N2CCCC2)cc2c(=O)cc(N3CCOCC3)oc12)N(C)c1cc(F)cc(F)c1,6.292429823902063,CHEMBL3408276,4005,2015.0
CC(Nc1ccccc1)c1cc(C(=O)N(C)CCO)cn2c(=O)cc(N3CCOCC3)nc12,5.657577319177793,CHEMBL3318712,4005,2014.0
N#Cc1cc(S(=O)(=O)c2nc(-c3cnn4ccc(Br)cc34)cs2)ccc1NCCN1CCOCC1,5.671620396561263,CHEMBL3134265,4005,2014.0
CC(Nc1ccccc1)c1cc(C(=O)N2CCOCC2)cn2c(=O)cc(N3CCOCC3)nc12,5.161150909262744,CHEMBL3318713,4005,2014.0
CC(Nc1ccccc1)c1cc(C(=O)NCCN(C)C)cn2c(=O)cc(N3CCOCC3)nc12,6.035035219957706,CHEMBL3318715,4005,2014.0
N#Cc1cc(S(=O)(=O)c2nc(-c3cnn4ccc(Br)cc34)cs2)ccc1F,6.769551078621726,CHEMBL3134279,4005,2014.0
NCc1ccc2c(N3CCOCC3)nc(-c3cnc(N)nc3)nn12,7.096910013008056,CHEMBL3601471,4005,2015.0
COc1ccc(-c2c[nH]c3ncc(-c4cncc(NS(=O)(=O)c5ccccc5)c4)cc23)cc1OC,7.920818753952375,CHEMBL1290790,4005,2010.0
COc1ccc(-c2cc(OC3CCOCC3)c3nc(N)nc(C)c3c2)cn1,7.508638306165727,CHEMBL4170745,4005,2018.0
COc1ccc(-c2cc(OCC(=O)NO)c3ncnc(C)c3c2)cn1,7.167491087293763,CHEMBL4470989,4005,2019.0
COc1ccc(-c2cc(OCCCC(=O)NO)c3ncnc(C)c3c2)cn1,7.136677139879544,CHEMBL4580727,4005,2019.0
COc1ccc(-c2ccc3ncnc(-c4cccc(C(=O)N5CCN(C)CC5)c4)c3c2)cn1,6.586700235918748,CHEMBL4581278,4005,2016.0
COc1ccc(-c2ccc3ncnc(-c4cccc(C(=O)N5CCN(C)CC5)c4)c3c2)cc1OC,6.3872161432802645,CHEMBL4588314,4005,2016.0
COc1ccc(-c2ccc3ncnc(-c4cccc(C(=O)N5CCN(C(C)=O)CC5)c4)c3c2)cn1,6.3788237182249645,CHEMBL3947814,4005,2016.0
COc1ccc(-c2ccc3ncnc(-c4cccc(C(=O)N5CCN(C(C)=O)CC5)c4)c3c2)cc1OC,6.896196279044043,CHEMBL3944013,4005,2016.0
COc1ccc(-c2ccc3ncc(-c4ccc(C(N)=O)cc4)n3n2)cc1OC,8.045757490560675,CHEMBL3355068,4005,2015.0
COc1ccc(-c2ccc3nc(NC(C)=O)nn3c2)cc1OC,6.499996931948306,CHEMBL2064482,4005,2012.0
COc1ccc(-c2ccc3nc(N)sc3c2)cn1,5.771848267039621,CHEMBL1645105,4005,2011.0
COc1ccc(-c2ccc3c(N4CCOCC4C)nc(N4CCOCC4C)nc3n2)cc1CO,5.443697499232712,CHEMBL1801204,4005,2018.0
COc1ccc(-c2ccc3c(N4CCOCC4C)nc(C(C)C)nc3n2)cc1CO,5.522878745280337,CHEMBL4250280,4005,2018.0
COc1ccc(-c2ccc3c(N4CCOCC4C)nc(C(C)(C)C)nc3n2)cc1CO,6.3979400086720375,CHEMBL4238656,4005,2018.0
COc1ccc(-c2ccc3c(N4CCOCC4)nc(N4CC(C)OC(C)C4)nc3n2)cc1CO,5.050609993355087,CHEMBL1078983,4005,2009.0
COc1ccc(-c2ccc3c(N4CCOCC4)nc(C(N)=O)nc3n2)cc1CO,5.494850021680094,CHEMBL4239931,4005,2018.0
COc1ccc(-c2ccc3c(N4CCOCC4)nc(C#N)nc3n2)cc1CO,5.585026652029182,CHEMBL4239569,4005,2018.0
N#Cc1ccc(F)c([S+]([O-])c2nc(-c3cnn4ccc(Br)cc34)cs2)c1,6.522878745280337,CHEMBL3134277,4005,2014.0
N#Cc1ccc(F)c(S(=O)(=O)c2nc(-c3cnn4ccc(Br)cc34)cs2)c1,6.142667503568731,CHEMBL3134278,4005,2014.0
Cc1cc(C)c(S(=O)(=O)N2CCN(Cn3cc4c(=O)oc5ccccc5c4n3)CC2)c(C)c1,6.920818753952375,CHEMBL4437551,4005,2019.0
Cc1cc(C)c(S(=O)(=O)n2cc3c(=O)oc4ccccc4c3n2)c(C)c1,7.0,CHEMBL4591567,4005,2019.0
COc1ccc(-c2cc(OCCCCC(=O)NO)c3ncnc(C)c3c2)cn1,7.292429823902063,CHEMBL4580600,4005,2019.0
COc1ccc(-c2cc(OCCCCCC(=O)NO)c3ncnc(C)c3c2)cn1,7.236572006437063,CHEMBL4593985,4005,2019.0
COc1ccc(-c2cc(OCCCCCCC(=O)NO)c3ncnc(C)c3c2)cn1,6.991399828238082,CHEMBL4561458,4005,2019.0
COc1ccc(-c2cc(OCCCCCCCC(=O)NO)c3ncnc(C)c3c2)cn1,6.844663962534938,CHEMBL4442688,4005,2019.0
COc1ccc(-c2cc(OCCCCCCCCC(=O)NO)c3ncnc(C)c3c2)cn1,6.790484985457369,CHEMBL4448002,4005,2019.0
COc1ccc(-c2cc(OCCCN(C)c3ncc(C(=O)NO)cn3)c3ncnc(C)c3c2)cn1,6.671620396561263,CHEMBL4524198,4005,2019.0
COc1ccc(-c2ccc3ncnc(N4CCCC(C(=O)N5CCN(C)CC5)C4)c3c2)cn1,6.399027104313252,CHEMBL4454454,4005,2016.0
COc1ccc(-c2cc(OCCN(C)c3ncc(C(=O)NO)cn3)c3ncnc(C)c3c2)cn1,6.645891560852599,CHEMBL4462577,4005,2019.0
COc1ccc(-c2cc3c(-c4ccncc4)ncnc3s2)cn1,5.9108016331948505,CHEMBL3577915,4005,2015.0
COc1ccc(-c2cc3c(C)nc(N)cc3n(C3CCC(OCCO)CC3)c2=O)cn1,7.450874073241889,CHEMBL3112721,4005,2014.0
COc1ccc(-c2cc3c(C)nc(N)cc3n(C3CCCC3)c2=O)cn1,7.866461091629782,CHEMBL3112722,4005,2014.0
COc1ccc(-c2cc3c(C)nc(N)nc3n(C3CCC(OCCO)CC3)c2=O)cn1,8.213398685769512,CHEMBL1234354,4005,2014.0
COc1ccc(-c2cc3c(C)nc(N)nc3n(C3CCCC3)c2=O)cn1,8.55284196865778,CHEMBL2057725,4005,2014.0
COc1ccc(-c2cc3c(C)nc(N)nc3n2C2CCC(OCCO)CC2)cn1,5.255628772668139,CHEMBL3112717,4005,2014.0
COc1ccc(-c2cc(OCCN(c3ncc(C(=O)NO)cn3)C(C)C)c3ncnc(C)c3c2)cn1,7.086186147616283,CHEMBL4521497,4005,2019.0
CC(Nc1ccccc1)c1cc(C(=O)O)cn2c(=O)cc(N3CCOCC3)nc12,6.214670164989233,CHEMBL3318710,4005,2014.0
CC(Nc1cccc(Cl)c1)c1cc(C(=O)N(C)C)cc2c(=O)cc(N3CCOCC3)oc12,7.070581074285707,CHEMBL3408245,4005,2015.0
CS(=O)(=O)c1ccc(-c2csc3c(=O)cc(N4CCOCC4)oc23)cc1,5.343039817257151,CHEMBL2326968,4005,2013.0
CCCCc1cc(-c2c[nH]c3ncc(-c4cnn(C5CCNCC5)c4)cc23)nc(N)n1,5.259637310505756,CHEMBL3815046,4005,2016.0
CS(=O)(=O)Nc1cc(-c2ccc3cn[nH]c3c2)cnc1Cl,5.200000237109354,CHEMBL4437969,4005,2018.0
CCOc1cc(-c2ccc3nc(NC(C)=O)cn3n2)cnc1N,7.958607314841775,CHEMBL3754572,4005,2016.0
CC(C)n1cnc2c(N3CCOCC3)nc(-c3cnc(N)nc3)nc21,7.638272163982407,CHEMBL4760118,4005,2018.0
CCOc1cc(-c2ccc3nc(NC(C)=O)cn3c2)cnc1N,7.795880017344075,CHEMBL3753665,4005,2016.0
CS(=O)(=O)Nc1cc(-c2ccc3ccncc3c2)cnc1Cl,5.59999938302362,CHEMBL4438305,4005,2018.0
Cc1c(Cc2cnn3c(O)cc(N4CCOCC4)nc23)cccc1C(F)(F)F,6.499996931948306,CHEMBL2322336,4005,2013.0
CC(F)(F)CN1C(=O)C2(C)COCCN2c2nc(-c3ccc(NC(=O)NC4CC4)cc3)ncc21,5.899998417198648,CHEMBL4475248,4005,2019.0
CC(Oc1cc(F)cc(F)c1)c1cc(C(=O)N(C)C)cc2c(=O)cc(N3CCOCC3)oc12,6.013228265733755,CHEMBL3408275,4005,2015.0
CC(N)C(=O)N1CCN(c2nc(N3CCOCC3)nc(-n3c(C(F)F)nc4ccccc43)n2)CC1,5.324638793066337,CHEMBL2322662_CHEMBL2322663,4005,
CC(C)n1cnc2c(-c3cnc(N)nc3)nc(N3CCOCC3)nc21,7.769551078621726,CHEMBL4756541,4005,2018.0
NCCCCC(N)C(=O)N1CCN(c2nc(N3CCOCC3)nc(-n3c(C(F)F)nc4ccccc43)n2)CC1,5.638272163982407,CHEMBL2322669,4005,2013.0
CS(=O)(=O)Nc1ccc(-c2cc(N3CCOCC3)nc(OCc3ccccn3)n2)cc1,5.207608310501746,CHEMBL1644598,4005,2011.0
CS(=O)(=O)NC1CCN(Cc2cc3nc(-c4cnc(N)nc4)nc(N4CCOCC4)c3s2)CC1,7.50003813440381,CHEMBL4451928,4005,2019.0
CC(C)n1nnc2c(N3CCOCC3)nc(-c3ccc(NC(=O)Nc4ccncc4)cc3)nc21,8.301029995663981,CHEMBL590074,4005,2010.0
CCOC(Cn1nc(-c2ccc3oc(N)nc3c2)c2c(N)ncnc21)OCC,6.00833099262005,CHEMBL3800481,4005,2016.0
Cc1c(CN2CCN(C(=O)C(C)O)CC2)sc2c(N3CCOCC3)nc(-c3cnc(N)nc3)nc12,8.309894379144197,CHEMBL1921986_CHEMBL1922094,4005,
CS(=O)(=O)Nc1cc(C2=CCOCC2)cnc1Cl,5.59999938302362,CHEMBL4476588,4005,2018.0
CS(=O)(=O)Nc1cc(-c2ccncc2)cnc1Cl,5.200000237109354,CHEMBL4474208,4005,2018.0
Cc1c(Cc2cnn3c(O)cc(-c4ccncc4)nc23)cccc1C(F)(F)F,6.299997602857746,CHEMBL2322337,4005,2013.0
NCC(=O)N1CCN(c2nc(N3CCOCC3)nc(-n3c(C(F)F)nc4ccccc43)n2)CC1,5.823908740944319,CHEMBL2322660,4005,2013.0
CC(C)n1nnc2c(N3CCOCC3)nc(-c3ccc(NC(=O)Nc4cccnc4)cc3)nc21,7.978810700930062,CHEMBL589345,4005,2010.0
Cc1cc(-c2nc[nH]n2)ccc1-c1cnc2c(n1)N(CCC1CCOCC1)CC(=O)N2,6.698970004336019,CHEMBL3586383,4005,2015.0
Cc1cc(-c2nc[nH]n2)ccc1-c1cnc2c(n1)N(CCC1CCOCC1)C(=O)CN2,6.920818753952375,CHEMBL3586384,4005,2015.0
NCCC(=O)N1CCN(c2nc(N3CCOCC3)nc(-n3c(C(F)F)nc4ccccc43)n2)CC1,6.142667503568731,CHEMBL2322670,4005,2013.0
CC(C)n1nnc2c(N3CCOCC3)nc(-c3ccc(NC(=O)Nc4ccc(CO)cc4)cc3)nc21,8.455931955649724,CHEMBL600258,4005,2010.0
CC(C)n1nnc2c(N3CCOCC3)nc(-c3ccc(NC(=O)Nc4ccc(C(N)=O)cc4)cc3)nc21,8.443697499232712,CHEMBL591760,4005,2010.0
CC(C)n1ncnc1-c1cc2c(s1)-c1ccc(C(N)=O)cc1OCC2,8.397940008672037,CHEMBL2322764,4005,2013.0
CC(C)n1nc(-c2cccc(O)c2)c2c(N)ncnc21,6.318758762624412,CHEMBL1230790,4005,2008.0
CC(C)n1nc(-c2ccc3oc(N)nc3c2)c2cncnc21,6.6595558851598815,CHEMBL3798574,4005,2016.0
CC(C)n1nc(-c2ccc3ncccc3c2)c2c(N)ncnc21,7.769551078621726,CHEMBL1233882,4005,2008.0
CCCCS(=O)(=O)Nc1cc(-c2cnc3nc(N)nc(C)c3c2)cnc1OC,7.323306390375134,CHEMBL3327140,4005,2014.0
N#Cc1cnc(N)nc1N1CCCC1c1nc2cccc(C(F)(F)F)c2c(=O)n1-c1ccccc1,5.508638306165727,CHEMBL3355020,4005,2015.0
CS(=O)(=O)NC1CCN(Cc2cc3nc(-c4cnc(N)nc4)nc(N4CCOCC4)c3s2)C1,8.0,CHEMBL4467891,4005,2019.0
CS(=O)(=O)NCc1ccc2c(N3CCOCC3)nc(-c3cnc(N)nc3)nn12,7.698970004336019,CHEMBL3601472,4005,2015.0
CS(=O)(=O)Nc1cc(-c2cnc(N)nc2)cnc1Cl,5.800000874803203,CHEMBL4462877,4005,2018.0
N#Cc1ncccc1Nc1ccc2c(N3CCOCC3)nc(-c3cccc(O)c3)nc2c1,5.66354026615147,CHEMBL3770633,4005,2016.0
CS(=O)(=O)NC1CCN(Cc2cc3nc(-c4cccc5[nH]ccc45)nc(N4CCOCC4)c3s2)C1,5.800000874803203,CHEMBL4464201,4005,2019.0
CS(=O)(=O)Nc1cccc(-c2cc(N3CCOCC3)nc(NCCc3ccncc3)n2)c1,5.040958607678906,CHEMBL1644593,4005,2011.0
CS(=O)(=O)NC1CCN(Cc2cc3nc(-c4cccc5[nH]ccc45)nc(N4CCOCC4)c3s2)CC1,5.899998417198648,CHEMBL4456953,4005,2019.0
CS(=O)(=O)NC1CCCN(Cc2cc3nc(-c4cnc(N)nc4)nc(N4CCOCC4)c3s2)C1,7.700057099977233,CHEMBL4476490,4005,2019.0
NS(=O)(=O)c1ccc(C(=O)N2CCOc3ccc(-c4ccc5nc[nH]c5c4)cc3C2)cc1,6.117475462045119,CHEMBL2332920,4005,2013.0
CCCCNS(=O)(=O)c1cccc(-c2ccc3nc(NC(C)=O)nn3c2)c1,5.0,CHEMBL2064489,4005,2012.0
N#Cc1ncccc1Nc1ccc2c(N3CCOCC3)nc(-c3cnc(N)nc3)nc2c1,8.3767507096021,CHEMBL3769902,4005,2016.0
CS(=O)(=O)NC1CCN(Cc2cc3nc(-c4cccc5[nH]ncc45)nc(N4CCOCC4)c3s2)C1,6.599997654072045,CHEMBL4579430,4005,2019.0
Cc1c(F)cccc1OC(C)c1cc(C(=O)N(C)CCO)cn2c(=O)cc(N3CCOCC3)nc12,6.221848749616356,CHEMBL3318727,4005,2014.0
CS(=O)(=O)NC1CCN(Cc2cc3nc(-c4cccc5[nH]ncc45)nc(N4CCOCC4)c3s2)CC1,6.900008766455316,CHEMBL4581849,4005,2019.0
CC(Nc1nc(N)nc(N)c1C#N)c1c(-c2ccccc2)c(=O)n2cc(F)ccc2c1-c1ccc(F)cc1,6.423428315934709,CHEMBL4756563,4005,2020.0
