nonstereo_aromatic_smiles,pIC50,chembl_cid,Target ID,year
COc1ccc(C2=C(c3ccc(S(N)(=O)=O)cc3)C(=O)N(C)C2=O)cc1,7.275724130399211,CHEMBL3233601,230,2014.0
COc1ccc(-n2c(SCc3cn(-c4ccccc4)nn3)nc3ccccc3c2=O)cc1,5.982966660701219,CHEMBL4294497,230,2018.0
COC(=O)C(N)Cc1cn(-c2nc(Cl)nc(N3CCCCC3)n2)c2ccccc12,7.698970004336019,CHEMBL4640256,230,2020.0
COC(=O)C(Cc1ccccc1)n1cc(COc2nc(Cl)nc(N3CCOCC3)n2)nn1,6.698970004336019,CHEMBL4634582,230,2020.0
COc1cc(OC(F)(F)F)cc2c1OC(C(F)(F)F)C(C(=O)O)=C2,6.167491087293763,CHEMBL1290683,230,2010.0
COc1ccc(-n2cc(CSc3nc4ccccc4o3)nn2)cc1,5.638272163982407,CHEMBL3264691,230,2014.0
COC(=O)C(Cc1ccccc1)n1cc(COc2nc(Cl)nc(N3CCCC3)n2)nn1,5.221848749616356,CHEMBL4645058,230,2020.0
COc1ccc(-n2cc(COc3ccc(C=C4SC(=O)NC4=O)cc3)nn2)cc1,6.853871964321762,CHEMBL4472170,230,2019.0
COc1ccc(C(=O)C=CC2=Cc3ccccc3OC2)cc1OC,6.337242168318426,CHEMBL4562121,230,2019.0
COc1ccc(-n2nnnc2-c2ccc(S(C)(=O)=O)cc2)cc1,5.698970004336019,CHEMBL1682231,230,2011.0
COc1ccc(C(=O)C=CC2=Cc3c(ccc4ccccc34)OC2)cc1,6.42021640338319,CHEMBL4567855,230,2019.0
COc1ccc(C(=O)C=CC2=Cc3ccccc3OC2)cc1,6.337242168318426,CHEMBL4533060,230,2019.0
COC(=O)C(Cc1ccccc1)n1cc(COc2nc(Cl)nc(Nc3ccc(N4CCOCC4=O)cc3)n2)nn1,5.045757490560675,CHEMBL4635388,230,2020.0
COc1ccc(C2=C(c3ccc(S(N)(=O)=O)cc3)C(=O)NC2=O)cc1,5.920818753952375,CHEMBL3233597,230,2014.0
COC(=O)C(N)Cc1ccc(Oc2nc(Cl)nc(N3CCCCC3)n2)cc1,5.301029995663981,CHEMBL4639953,230,2020.0
COC(=O)C(N)Cc1ccc(Oc2nc(Cl)nc(Nc3ccc(N4CCOCC4=O)cc3)n2)cc1,6.221848749616356,CHEMBL4171075,230,2018.0
COc1ccc(-c2nc(OC)nn2-c2ccc(OC)cc2)cc1,5.494850021680094,CHEMBL3427203,230,2015.0
COc1ccc(-c2ncn(CC(=O)N3CCN(C)CC3)c2-c2ccc(OC)cc2)cc1,5.079876673709276,CHEMBL3952057,230,2017.0
COc1ccc(C(=O)n2nc(C)c3nnc4cc(Cl)c(F)cc4c32)cc1,5.0,CHEMBL2204564,230,2012.0
COc1ccc(-c2ncn(CC(=O)N3CCOCC3)c2-c2ccc(OC)cc2)cc1,5.040005161671584,CHEMBL3934363,230,2017.0
COC(=O)C(Cc1ccccc1)n1cc(COc2nc(Cl)nc(Nc3ccc(Cl)cc3)n2)nn1,5.096910013008056,CHEMBL4649179,230,2020.0
COc1ccc(C2=Cc3ccccc3C2)c(OC)c1OC,5.876148359032914,CHEMBL228561,230,2007.0
COc1ccc(-n2c(SCc3cn(-c4ccc(Cl)cc4)nn3)nc3ccccc3c2=O)cc1,6.2839966563652006,CHEMBL4288111,230,2018.0
COC(=O)C(Cc1ccccc1)Nc1nc(Cl)nc(Nc2ccc(N3CCOCC3=O)cc2)n1,5.096910013008056,CHEMBL4649027,230,2020.0
COc1cc2c(cc1F)-c1c(c(C(F)F)nn1-c1ccc(S(N)(=O)=O)cc1)SC2,7.494850021680094,CHEMBL318464,230,1996.0
COc1ccc(C2CC(c3cccs3)=NN2c2ccc(S(N)(=O)=O)cc2)cc1,5.363512103646634,CHEMBL3747777,230,2016.0
COc1ccc(C2CC(c3ccco3)=NN2c2ccc(S(N)(=O)=O)cc2)cc1,5.703334809738469,CHEMBL3747733,230,2016.0
COc1ccc(C2CC(c3ccc(S(C)(=O)=O)cc3)=NN2c2ccc(S(N)(=O)=O)cc2)cc1OC,5.703334809738469,CHEMBL3736416,230,2015.0
COc1ccc(C2CC(c3ccc(S(C)(=O)=O)cc3)=NN2c2ccc(S(N)(=O)=O)cc2)cc1,5.675717544702307,CHEMBL3736140,230,2015.0
COc1ccc(C2CC(c3ccc(S(C)(=O)=O)cc3)=NN2c2ccc(C(=O)O)cc2)cc1OC,5.427128397799519,CHEMBL3735490,230,2015.0
COc1cc2c(cc1F)-c1c(c(C(F)(F)F)nn1-c1ccc(S(N)(=O)=O)cc1)[S+]([O-])C2,5.8239000551415385,CHEMBL94274,230,1996.0
COc1ccc(-c2nc(NCC(=O)O)sc2-c2ccc(OC)cc2)cc1,5.0347982989740885,CHEMBL3909479,230,2017.0
COc1ccc(C2CC(c3ccc(S(C)(=O)=O)cc3)=NN2c2ccc(C(=O)O)cc2)cc1,5.66354026615147,CHEMBL3736245,230,2015.0
COc1ccc(-c2noc(CC(=O)NCCCCN)c2-c2ccc(OC)cc2)cc1,5.455931955649724,CHEMBL4789452,230,2021.0
COc1ccc(-c2noc(CBr)c2-c2ccc(OC)cc2)cc1,6.7447274948966935,CHEMBL4475349,230,2019.0
COc1ccc(-c2noc(C)c2-c2ccc(OC)cc2)cc1,6.455931955649724,CHEMBL4462870,230,2019.0
COc1ccc(C2C3COc4ccccc4C3=NN2c2ccc(S(N)(=O)=O)cc2)cc1,5.991399828238082,CHEMBL3410357,230,2015.0
COc1ccc(-c2nn(-c3ccc(S(C)(=O)=O)cc3)cc2C=C2SC(=O)NC2=O)cc1,6.055517327849831,CHEMBL4540611,230,2019.0
COc1ccc(C2C(Cn3c4ccccc4c4ccccc43)=NOC3CCCCC32)cc1,5.229147988357855,CHEMBL3596288,230,2015.0
COc1cc2c(cc1F)-c1c(c(C(F)(F)F)nn1-c1ccc(S(N)(=O)=O)cc1)SC2,8.045805748184138,CHEMBL328009,230,1996.0
COc1ccc(-c2noc(CC(=O)Nc3ccc(-c4ccc(N)cc4)cc3)c2-c2ccc(OC)cc2)cc1,6.522878745280337,CHEMBL4759732,230,2021.0
COc1ccc(-c2noc(CC(=O)O)c2-c2ccc(OC)cc2)cc1,6.356547323513812,CHEMBL259972,230,2008.0
COc1ccc(C2=Cc3ccccc3CC2)c(OC)c1OC,6.180456064458131,CHEMBL229245,230,2007.0
COc1ccc(C2=NCCN2c2ccc(S(N)(=O)=O)cc2)cc1Cl,5.207608310501746,CHEMBL3322419,230,2014.0
COc1ccc(-n2c(SCc3cn(-c4ccc(C(=O)O)cc4)nn3)nc3ccccc3c2=O)cc1,5.872895201635192,CHEMBL4286390,230,2018.0
COc1ccc(C2=NCCN2c2ccc(S(N)(=O)=O)cc2)cc1F,5.022276394711152,CHEMBL3322417,230,2014.0
COc1ccc(-n2c(SCc3cn(-c4ccc(Br)cc4)nn3)nc3ccccc3c2=O)cc1,6.173925197299173,CHEMBL4277468,230,2018.0
COc1ccc(C(=O)c2c(C)[nH]c3cc(S(C)(=O)=O)ccc23)cc1,5.585026652029182,CHEMBL183977,230,2004.0
COc1cc2c(cc1F)-c1c(c(C(F)(F)F)nn1-c1ccc(S(C)(=O)=O)cc1)SC2,7.124880834537432,CHEMBL96110,230,1996.0
COc1ccc(-n2c(SCc3cc(-c4ccc(OC)c(OC)c4)no3)nc3ccccc3c2=O)cc1,6.113509274827518,CHEMBL4277505,230,2018.0
COc1ccc(-n2c(SCc3cc(-c4ccc(Cl)cc4)no3)nc3ccccc3c2=O)cc1,6.200659450546418,CHEMBL4291556,230,2018.0
COc1ccc(-c2ssc(=O)c2-c2ccc(OC)cc2)cc1,6.0,CHEMBL490292,230,2009.0
COc1ccc(-c2noc(CF)c2-c2ccc(OC)cc2)cc1,6.522878745280337,CHEMBL4441970,230,2019.0
COc1ccc(-c2noc(CCO)c2-c2ccc(OC)cc2)cc1,6.721246399047171,CHEMBL4571499,230,2019.0
COc1ccc(-c2noc(CC(=O)OCC3OC(O)C(O)C(O)C3O)c2-c2ccc(OC)cc2)cc1,5.508638306165727,CHEMBL4163044,230,2017.0
COc1ccc(-c2nc(NCC(=O)N3CCN(C)CC3)sc2-c2ccc(OC)cc2)cc1,5.09963287134353,CHEMBL3935079,230,2017.0
COc1ccc(-c2nc(NCC(=O)N3CCOCC3)sc2-c2ccc(OC)cc2)cc1,5.161780778092375,CHEMBL3927662,230,2017.0
COc1ccc(C2SCC(=O)N2CCN2C(=O)CSC2c2ccc(OC)cc2)cc1,5.950781977329818,CHEMBL329688,230,2005.0
COC(=O)C(N)Cc1cn(-c2nc(Cl)nc(Nc3ccc(N4CCOCC4=O)cc3)n2)c2ccccc12,7.522878745280337,CHEMBL4640817,230,2020.0
COc1ccc(C=Cc2cc(OC)cc(OC)c2C=CC(=O)N2CCSCC2)cc1,5.096367483915762,CHEMBL2333739,230,2013.0
COc1cc(O)cc(Br)c1O,5.317854923626168,CHEMBL4742702,230,2020.0
COc1ccc(C=Cc2cc(OC)cc(OC)c2C=CC(=O)N2CCCCC2C)cc1,5.174573882232177,CHEMBL2334136,230,2013.0
COc1ccc(C=Cc2cc(OC)cc(OC)c2C=CC(=O)N2CCCC2)cc1,5.052076380168273,CHEMBL2333740,230,2013.0
COc1cc(C2CC(=O)c3c(cc(O)c(CC=C(C)CCC=C(C)C)c3O)O2)cc(O)c1OC,5.1938200260161125,CHEMBL3581346,230,2017.0
COc1cc(C)cc2c1OC(C(F)(F)F)C(C(=O)O)=C2,5.47755576649368,CHEMBL1288602,230,2010.0
COc1ccc(-c2c(-c3ccc(S(C)(=O)=O)cc3)ccc(F)c2F)cc1OC,6.470005326930858,CHEMBL364166,230,2004.0
COc1ccc(C=Cc2cc(OC)cc(OC)c2C=CC(=O)N2CCCC(C)C2)cc1,5.149353764816933,CHEMBL2334137,230,2013.0
COc1ccc(C=Cc2cc(OC)cc(OC)c2C=CC(=O)N2CCC(c3ccccc3)CC2)cc1,5.0670191780768015,CHEMBL2333736,230,2013.0
COc1ccc(-c2c(-c3ccc(S(N)(=O)=O)cc3)ccc(F)c2F)cc1C,8.299988937677888,CHEMBL184341,230,2004.0
COc1ccc(-c2c(-c3ccc(S(N)(=O)=O)cc3)ccc(F)c2F)cc1Cl,7.890084136976206,CHEMBL184122,230,2004.0
COc1ccc(-c2c(-c3ccc(S(N)(=O)=O)cc3)ccc(F)c2F)cc1F,7.890084136976206,CHEMBL182820,230,2004.0
COc1ccc(-c2c(-c3ccc(S(N)(=O)=O)cc3)ccc(F)c2F)cc1OC,7.189969213594161,CHEMBL184327,230,2004.0
COc1ccc(-c2c(Cl)ncn2-c2ccc(S(C)(=O)=O)cc2)cc1F,7.045757490560675,CHEMBL117862,230,2003.0
COc1ccc(-c2c(Cl)ncn2-c2ccc(S(N)(=O)=O)cc2)cc1F,7.0,CHEMBL435381,230,2003.0
COc1ccc(-c2cc(C(=O)N3CCOCC3)nn2-c2ccc(S(N)(=O)=O)cc2)cc1,5.696803942579511,CHEMBL4545249,230,2019.0
COc1ccc(C=Cc2cc(OC)cc(OC)c2C=CC(=O)NCCCCl)cc1,5.896196279044043,CHEMBL2333743,230,2013.0
COc1ccc(C=Cc2cc(OC)cc(OC)c2C=CC(=O)NCCCN2CCOCC2)cc1,5.049635145623877,CHEMBL2333752,230,2013.0
COc1ccc(C=Cc2cc(OC)cc(OC)c2C=CC(=O)NCCCl)cc1,5.866461091629782,CHEMBL2333742,230,2013.0
COc1ccc(C=Cc2cc(OC)cc(OC)c2C=CC(=O)NCc2ccco2)cc1,5.014573525916998,CHEMBL2333751,230,2013.0
COc1ccc(-c2cc(C(=O)N3CCSCC3)nn2-c2ccc(S(N)(=O)=O)cc2)cc1,5.917214629683549,CHEMBL4516009,230,2019.0
COc1c(Cl)cc(-c2c(-c3ccc(S(N)(=O)=O)cc3)ccc(F)c2F)cc1Cl,7.680061560019691,CHEMBL359586,230,2004.0
COc1c(-c2cc(C)nn2-c2ccc(S(N)(=O)=O)cc2)c(O)cc2occc12,5.1249387366083,CHEMBL3127306,230,2014.0
COc1c(-c2cc(C(F)(F)F)nn2-c2ccc(S(N)(=O)=O)cc2)c(O)cc2occc12,5.154901959985743,CHEMBL3127307,230,2014.0
COc1c(-c2cc(C(F)(F)F)nn2-c2ccc(S(N)(=O)=O)cc2)c(O)c(OC)c2occc12,6.2839966563652006,CHEMBL3127309,230,2014.0
COc1ccc(C=Cc2cc(OC)cc(OC)c2C=CC(=O)N2CCN(C)CC2)cc1,5.238072161579471,CHEMBL2333737,230,2013.0
COc1cc(C=Nc2ccc(S(N)(=O)=O)cc2)ccc1O,5.530177984021837,CHEMBL270264,230,2008.0
COc1cc(C2CC(=O)c3c(cc4c(c3O)C=CC(C)(CCC=C(C)C)O4)O2)ccc1O,5.022276394711152,CHEMBL4278258,230,2017.0
COc1cc(C2CC(c3ccc(S(C)(=O)=O)cc3)=NN2c2ccc(C(=O)O)cc2)cc(OC)c1OC,5.226213555018807,CHEMBL3735808,230,2015.0
COc1ccc(C=Cc2cc(OC)cc(OC)c2C=CC(=O)NC(C)C)cc1,5.696803942579511,CHEMBL2333745,230,2013.0
COc1ccc(C=Cc2cc(OC)cc(OC)c2C=CC(=O)NC2CCCCC2)cc1,5.293282217663242,CHEMBL2333750,230,2013.0
COC(=O)C(=Cc1ccc(OC)cc1)CSc1nc2ccccc2o1,5.3223930472795065,CHEMBL3234225,230,2014.0
COC(=O)C(=Cc1ccc2ccccc2c1)CSc1nc2ccccc2o1,5.362510270487489,CHEMBL3234226,230,2014.0
COc1ccc(-c2c(-c3ccc(S(C)(=O)=O)cc3)ccc(F)c2F)cc1Cl,7.720105019988361,CHEMBL185407,230,2004.0
COC(=O)C(=Cc1ccc(C(F)(F)F)cc1)CSc1nc2ccccc2o1,5.530177984021837,CHEMBL3234224,230,2014.0
COc1ccc(-c2c(-c3ccc(S(C)(=O)=O)cc3)ccc(F)c2F)cc1C,7.890084136976206,CHEMBL184498,230,2004.0
COC(=O)C(=Cc1ccc2ccccc2c1)CSc1nc2ccccc2s1,5.53313237964589,CHEMBL3234231,230,2014.0
COc1ccc(-c2c(-c3ccc(S(C)(=O)=O)cc3)ccc(F)c2F)cc1F,7.680061560019691,CHEMBL365252,230,2004.0
CNc1nnc(Cn2nc(Cc3ccc([N+](=O)[O-])cc3)c3onc(C)c3c2=O)s1,5.221848749616356,CHEMBL2018565,230,2012.0
COc1cc2occc2c(OC)c1-c1cc(-c2ccc(F)cc2)n(-c2ccc(S(N)(=O)=O)cc2)n1,6.337242168318426,CHEMBL3127461,230,2014.0
COc1c(-c2cc(-c3cccnc3)nn2-c2ccc(S(N)(=O)=O)cc2)c(O)cc2occc12,6.3979400086720375,CHEMBL3127308,230,2014.0
COc1cc2occc2c(OC)c1-c1cc(-c2ccc(C(F)(F)F)cc2)n(-c2ccc(S(N)(=O)=O)cc2)n1,6.468521082957745,CHEMBL3127462,230,2014.0
COC(=O)C(C)NC(=O)C(CC(C)C)NC(=O)CNC(=O)C(NC(=O)OCc1ccccc1)C(C)C,7.096910013008056,CHEMBL3809842,230,2016.0
COc1cc(C=Nc2ccc(S(N)(=O)=O)cc2)cc(OC)c1,5.468521082957745,CHEMBL271561,230,2008.0
COc1cc(C=Nc2ccc(S(N)(=O)=O)cc2)cc(OC)c1O,5.567030709125595,CHEMBL270087,230,2008.0
COC(=O)C(C)NC(=O)C1CCCN1C(=O)CNC(=O)C(C)N,6.221848749616356,CHEMBL4473503,230,2019.0
COc1cc(C=Nc2ccc(S(N)(=O)=O)cc2)cc(OC)c1OC,5.53313237964589,CHEMBL404607,230,2008.0
COC(=O)C(CC(C)C)NC(=O)C(Cc1ccccc1)NC(=O)CNC(=O)CN,7.221848749616356,CHEMBL3809156,230,2016.0
COC(=O)C(CC(C)C)NC(=O)CNC(=O)C(N)C(C)C,5.0,CHEMBL3809922,230,2016.0
COC(=O)C(Cc1ccc(O)cc1)n1cc(COc2nc(Cl)nc(N3CCCC3)n2)nn1,5.3979400086720375,CHEMBL4635571,230,2020.0
COc1cc(C2CC(c3cccs3)=NN2c2ccc(S(N)(=O)=O)cc2)cc(OC)c1OC,5.197910742118268,CHEMBL3746042,230,2016.0
COc1cc(C2CC(c3ccco3)=NN2c2ccc(S(N)(=O)=O)cc2)cc(OC)c1OC,5.705533773838408,CHEMBL3745861,230,2016.0
COc1cc(C2CC(c3ccc(S(C)(=O)=O)cc3)=NN2c2ccc(S(N)(=O)=O)cc2)cc(OC)c1OC,5.330683119433887,CHEMBL3735929,230,2015.0
COc1ccc(C=Cc2cc(OC)cc(OC)c2C=CC(=O)N2CCOCC2)cc1,5.72584215073632,CHEMBL2333738,230,2013.0
COC(=O)C(NC(=O)C(C)NC(=O)CN)C(C)C,5.096910013008056,CHEMBL3808663,230,2016.0
COC(=O)C(Cc1ccc(O)cc1)n1cc(COc2nc(Cl)nc(N3CCOCC3)n2)nn1,5.522878745280337,CHEMBL4644265,230,2020.0
COc1ccc(-c2cc(C(=O)NCCN3CCOCC3)nn2-c2ccc(S(N)(=O)=O)cc2)cc1,6.060480747381382,CHEMBL4440769,230,2019.0
COC(=O)c1[nH]c2cc(S(C)(=O)=O)ccc2c1Sc1ccc(F)cc1F,6.42021640338319,CHEMBL183101,230,2004.0
COC(=O)c1[nH]c2cc(S(C)(=O)=O)ccc2c1Sc1ccc(F)cc1,5.958607314841775,CHEMBL184039,230,2004.0
COC(=O)COc1ccc(C=Cc2ccc([N+](=O)[O-])cc2)cc1,5.127202960010401,CHEMBL4218075,230,2018.0
COC(=O)COc1ccc(C=Cc2ccc(Cl)cc2)cc1,5.12366667091362,CHEMBL4216426,230,2018.0
COc1ccc(C=Cc2cc(OC)cc(OC)c2C=CC(=O)N2CCC(Cl)CC2)cc1,5.838631997765026,CHEMBL2333735,230,2013.0
COC(=O)CNC(=O)CNC(=O)OCc1ccccc1,6.0,CHEMBL3809154,230,2016.0
COc1ccc(C=Cc2cc(OC)cc(OC)c2C=CC(=O)N2CC(C)CC(C)C2)cc1,5.703334809738469,CHEMBL2333733,230,2013.0
COC(=O)CNC(=O)C(CCSC)NC(=O)C(Cc1ccccc1)NC(=O)C1CCCN1C(=O)OC(C)(C)C,6.3979400086720375,CHEMBL4544072,230,2019.0
COC(=O)CNC(=O)C(C)NC(=O)C1CCCN1C(=O)CNC(=O)CNC(=O)C(C)N,5.698970004336019,CHEMBL4473414,230,2019.0
COC(=O)CNC(=O)C(C)NC(=O)C1CCCN1C(=O)CNC(=O)C(C)NC(=O)OCc1ccccc1,6.3979400086720375,CHEMBL4458529,230,2019.0
COC(=O)CNC(=O)C(C)NC(=O)C1CCCN1C(=O)CNC(=O)C(C)N,7.0,CHEMBL4474324,230,2019.0
COC(=O)C1CCCN1C(=O)CNC(=O)C(C)NC(=O)OCc1ccccc1,6.522878745280337,CHEMBL4529874,230,2019.0
COC(=O)C1CCC2(C)C(CCC3(C)C2CC=C2C4CC(C)(C)CCC4(C(=O)O)CCC23C)C1(C)C,5.657577319177793,CHEMBL503071,230,2006.0
COc1ccc(C=Cc2cc(OC)cc(OC)c2C=CC(=O)N(CC(C)C)CC(C)C)cc1,5.164943898279883,CHEMBL2334131,230,2013.0
COc1ccc(C=Cc2cc(OC)cc(OC)c2)cc1,5.778064400171995,CHEMBL296411_CHEMBL311636,230,
COc1ccc(C=Cc2c(CC=C(C)C)c(O)cc(O)c2CC=C(C)C)cc1,5.327902142064282,CHEMBL4553272,230,2019.0
COc1ccc(-c2ccccc2-c2ccc(S(N)(=O)=O)cc2)cc1Cl,7.720105019988361,CHEMBL54039,230,1996.0
COc1ccc(-c2ccccc2-c2ccc(S(N)(=O)=O)cc2)cc1F,7.4800408192479315,CHEMBL442166,230,1996.0
COc1ccc(-c2ccccc2-c2nc3ccccc3o2)cc1Cl,6.173925197299173,CHEMBL3287567,230,2014.0
COC(=O)C(NC(=O)C(C)NC(=O)CNC(=O)OCc1ccccc1)C(C)C,7.0,CHEMBL3808627,230,2016.0
COc1cc(NCc2ccccc2)nc(-c2ccc(S(C)(=O)=O)cc2)n1,8.292429823902063,CHEMBL271932,230,2008.0
COc1ccc(-c2cnsc2-c2ccc(OC)cc2)cc1,6.096910013008056,CHEMBL473946,230,2009.0
COc1cc(NCc2cccs2)nc(-c2ccc(S(C)(=O)=O)cc2)n1,9.397940008672036,CHEMBL270293,230,2008.0
COc1ccc(-c2cc(Cl)cc3c2OC(C(F)(F)F)C(C(=O)O)=C3)cc1C,6.4698003017969175,CHEMBL1669040,230,2011.0
COC(=O)c1cc(C=Cc2cc(O)cc(O)c2)ccc1O,6.0,CHEMBL3765737,230,2016.0
COc1ccc(-c2cc(CSc3nc4ccccc4c(=O)n3-c3ccccc3)on2)cc1OC,5.991399828238082,CHEMBL4289814,230,2018.0
COC(=O)c1cc(N=Cc2ccc(S(N)(=O)=O)cc2)ccc1O,5.504455662453552,CHEMBL446198,230,2008.0
COc1ccc(-c2cc(C(=O)OCCCN3CCOCC3)nn2-c2ccc(S(N)(=O)=O)cc2)cc1,5.978810700930062,CHEMBL4553634,230,2019.0
COc1ccc(-c2cc(CSc3nc4ccccc4c(=O)n3-c3ccc(Br)cc3)on2)cc1,6.251811972993799,CHEMBL4288714,230,2018.0
COc1ccc(-c2cc(CSc3nc4ccccc4c(=O)n3-c3ccc(Br)cc3)on2)cc1OC,6.468521082957745,CHEMBL4291293,230,2018.0
COc1cc(Cl)c2c(c1)C=C(C(=O)O)C(C(F)(F)F)O2,6.619788758288394,CHEMBL1288601,230,2010.0
COc1c(-c2cc(-c3cccnc3)nn2-c2ccc(S(N)(=O)=O)cc2)c(O)c(OC)c2occc12,6.443697499232712,CHEMBL3127458,230,2014.0
COc1ccc(C=Cc2cc(OC)cc(OC)c2C=CC(=O)Nc2cc(OC)c(OC)c(OC)c2)cc1,5.176525770829699,CHEMBL2333753,230,2013.0
COc1ccc(C=Cc2cc(OC)cc(OC)c2C=CC(=O)O)cc1,5.161780778092375,CHEMBL2333741,230,2013.0
COc1ccc(C=Cc2ccc([N+](=O)[O-])cc2)cc1OC,5.329012396989966,CHEMBL4206988,230,2018.0
COc1ccc(C=NNc2nc(-c3ccc(S(C)(=O)=O)cc3)cs2)cc1O,6.756961951313706,CHEMBL4763059,230,2021.0
COc1ccc(C=NNc2nc(-c3ccc(S(C)(=O)=O)cc3)cs2)cc1OC,6.709965388637482,CHEMBL4780951,230,2021.0
COc1ccc(C=Nc2c(C#N)cnn2-c2ccc(S(N)(=O)=O)cc2)cc1,7.407379178678018,CHEMBL4588711,230,2019.0
COc1ccc(-c2cc(C(=O)NCCCN3CCOCC3)nn2-c2ccc(S(N)(=O)=O)cc2)cc1,6.1487416512809245,CHEMBL4520676,230,2019.0
COc1ccc(C=Nc2c(C#N)cnn2-c2ccc(S(N)(=O)=O)cc2)cc1OC,7.359121221298381,CHEMBL4572657,230,2019.0
COc1ccc(C=Nc2ccc(S(N)(=O)=O)cc2)cc1O,5.455931955649724,CHEMBL270043,230,2008.0
COc1ccc(C=Nc2ccc(S(N)(=O)=O)cc2)cc1OC,5.510041520575165,CHEMBL271832,230,2008.0
CONS(=O)(=O)CCOC(=O)C(C)c1ccc(CC(C)C)cc1,6.200659450546418,CHEMBL1689434,230,2011.0
COCCOc1cc(NCc2cccs2)nc(-c2ccc(S(C)(=O)=O)cc2)n1,8.619788758288394,CHEMBL271549,230,2008.0
COC(=O)c1ccc(N=Cc2ccc(S(N)(=O)=O)cc2)cc1,5.429457060118103,CHEMBL255174,230,2008.0
COc1ccc(-c2cc(CSc3nc4ccccc4c(=O)n3-c3ccc(Cl)cc3)on2)cc1,5.872895201635192,CHEMBL4293190,230,2018.0
COC(=O)c1ccc(C=Nc2ccc(S(N)(=O)=O)cc2)cc1,5.563837352959244,CHEMBL406434,230,2008.0
COC(=O)c1cc2cc(S(C)(=O)=O)ccc2n1Cc1ccc(Cl)cc1,5.366531544420413,CHEMBL285975,230,2002.0
COc1ccc(-c2cc(CSc3nc4ccccc4c(=O)n3-c3ccc(Cl)cc3)on2)cc1OC,5.876148359032914,CHEMBL4285368,230,2018.0
COc1ccc(-c2cc(CSc3nc4ccccc4c(=O)n3-c3ccc(OC)cc3)on2)cc1,6.187086643357144,CHEMBL4288146,230,2018.0
COc1ccc(-c2cc(CSc3nc4ccccc4c(=O)n3-c3ccccc3)on2)cc1,6.431798275933005,CHEMBL4278472,230,2018.0
COc1ccc(C=Nc2ccc(S(N)(=O)=O)cc2)cc1,5.005243055412372,CHEMBL271911,230,2008.0
COc1cc(C=Cc2ccc([N+](=O)[O-])cc2)cc(OC)c1OC,5.663940722133651,CHEMBL314774,230,2018.0
Cc1cccc(C)c1NC(=S)NNC(=O)Nc1ccc(S(C)(=O)=O)cc1,5.503070351926786,CHEMBL4162939,230,2018.0
COc1ccc(CNc2cc(C(F)(F)F)nc(-c3ccc(S(C)(=O)=O)cc3)n2)cc1,6.564952358660035,CHEMBL414005,230,2008.0
NS(=O)(=O)c1ccc(-n2nc(C(=O)O)cc2-c2ccc(Cl)s2)cc1,6.3979400086720375,CHEMBL4747094,230,2020.0
NS(=O)(=O)c1ccc(-n2nc(C(=O)OCCCN3CCOCC3)cc2-c2ccc(C(F)(F)F)cc2)cc1,6.6777807052660805,CHEMBL4451916,230,2019.0
NS(=O)(=O)c1ccc(-n2nc(C(=O)OCCCN3CCOCC3)cc2-c2ccc(Cl)cc2)cc1,5.262012673666569,CHEMBL4460665,230,2019.0
NS(=O)(=O)c1ccc(-n2nc(C(=O)OCCCN3CCOCC3)cc2-c2ccc(F)cc2)cc1,5.447331783887806,CHEMBL4475455,230,2019.0
NS(=O)(=O)c1ccc(-n2nc(C(=O)OCCCN3CCOCC3)cc2-c2ccccc2)cc1,6.251811972993799,CHEMBL4473603,230,2019.0
NS(=O)(=O)c1ccc(-n2nc(C(=O)OCCN3CCOCC3)cc2-c2ccc(C(F)(F)F)cc2)cc1,6.721246399047171,CHEMBL4476757,230,2019.0
NS(=O)(=O)c1ccc(-n2nc(C(=O)OCCN3CCOCC3)cc2-c2ccc(Cl)cc2)cc1,6.6020599913279625,CHEMBL4530289,230,2019.0
NS(=O)(=O)c1ccc(-n2nc(C(=O)OCCN3CCOCC3)cc2-c2ccc(F)cc2)cc1,6.6777807052660805,CHEMBL4439374,230,2019.0
NS(=O)(=O)c1ccc(-n2nc(C(=O)OCCOc3cc(=O)oc4ccccc34)cc2-c2ccc(F)cc2)cc1,6.356547323513812,CHEMBL4077052,230,2017.0
NS(=O)(=O)c1ccc(-n2nc(C(=O)OCCOc3cc(=O)oc4ccccc34)cc2-c2cccc(Cl)c2)cc1,5.844663962534938,CHEMBL4063233,230,2017.0
NS(=O)(=O)c1ccc(-n2nc(C(=O)OCCOc3cc(=O)oc4ccccc34)cc2-c2cccc(F)c2)cc1,6.522878745280337,CHEMBL4070807,230,2017.0
NS(=O)(=O)c1ccc(-n2nc(C(=O)OCCOc3cc(=O)oc4ccccc34)cc2-c2ccccc2)cc1,6.267606240177031,CHEMBL4065986,230,2017.0
NS(=O)(=O)c1ccc(-n2nc(C(=O)OCCOc3ccc4ccc(=O)oc4c3)cc2-c2ccc(Cl)cc2)cc1,6.040958607678906,CHEMBL4069692,230,2017.0
NS(=O)(=O)c1ccc(-n2nc(C(=O)OCCOc3ccc4ccc(=O)oc4c3)cc2-c2ccc(F)cc2)cc1,6.275724130399211,CHEMBL4102241,230,2017.0
NS(=O)(=O)c1ccc(-n2nc(C(=O)OCCOc3ccc4ccc(=O)oc4c3)cc2-c2cccc(Cl)c2)cc1,6.309803919971486,CHEMBL4069891,230,2017.0
NS(=O)(=O)c1ccc(-n2nc(C(=O)OCCOc3ccc4ccc(=O)oc4c3)cc2-c2cccc(F)c2)cc1,6.065501548756432,CHEMBL4097207,230,2017.0
NS(=O)(=O)c1ccc(-n2nc(C(=O)OCCOc3ccc4ccc(=O)oc4c3)cc2-c2ccccc2)cc1,6.107905397309519,CHEMBL4079043,230,2017.0
NS(=O)(=O)c1ccc(-n2nc(C(=O)OCCOc3ccc4ccc(=O)oc4c3)cc2-c2ccccc2Cl)cc1,6.113509274827518,CHEMBL4076002,230,2017.0
NS(=O)(=O)c1ccc(-n2nc(C(=O)Oc3ccc4ccc(=O)oc4c3)cc2-c2ccccc2)cc1,5.6020599913279625,CHEMBL4065539,230,2017.0
NS(=O)(=O)c1ccc(-n2nc(C(=O)O)cc2-c2cc3ccccc3s2)cc1,8.0,CHEMBL4785934,230,2020.0
NS(=O)(=O)c1ccc(-n2nc(C(F)(F)F)c3c2-c2cc(F)c(F)cc2CS3)cc1,8.221776373233904,CHEMBL97059,230,1996.0
NS(=O)(=O)c1ccc(-n2nc(C(=O)Nc3nc4ccccc4s3)nc2-c2ccccc2)cc1,6.42021640338319,CHEMBL3290197,230,2014.0
NS(=O)(=O)c1ccc(-n2nc(C(=O)Nc3ccc(C(F)(F)F)cc3)cc2-c2ccccc2)cc1,5.688246138944246,CHEMBL4799379,230,2020.0
NS(=O)(=O)c1ccc(-n2nc(C(=O)NC3CCCCC3)nc2-c2ccccc2)cc1,6.180456064458131,CHEMBL3290204,230,2014.0
NS(=O)(=O)c1ccc(-n2nc(C(=O)NCCCC(=O)O)cc2-c2ccccc2)cc1,5.3979400086720375,CHEMBL4789520,230,2020.0
NS(=O)(=O)c1ccc(-n2nc(C(=O)NCCCCCCCCCCC(=O)O)cc2-c2ccccc2)cc1,5.517126416391246,CHEMBL4794910,230,2020.0
NS(=O)(=O)c1ccc(-n2nc(C(=O)NCCCN3CCOCC3)cc2-c2ccc(C(F)(F)F)cc2)cc1,6.769551078621726,CHEMBL4445481,230,2019.0
NS(=O)(=O)c1ccc(-n2nc(C(=O)NCCCN3CCOCC3)cc2-c2ccccc2)cc1,6.376750709602099,CHEMBL4438116,230,2019.0
NS(=O)(=O)c1ccc(-n2nc(C(=O)NCCN3CCOCC3)cc2-c2ccc(Cl)cc2)cc1,6.508638306165727,CHEMBL4560235,230,2019.0
NS(=O)(=O)c1ccc(-n2nc(C(=O)NCCN3CCOCC3)cc2-c2ccc(F)cc2)cc1,6.795880017344075,CHEMBL4552101,230,2019.0
NS(=O)(=O)c1ccc(-n2nc(C(=O)NCCN3CCOCC3)cc2-c2ccccc2)cc1,6.1938200260161125,CHEMBL4540871,230,2019.0
NS(=O)(=O)c1ccc(-n2nc(C(=O)NCCOc3ccc4ccc(=O)oc4c3)cc2-c2ccccc2)cc1,6.309803919971486,CHEMBL4101763,230,2017.0
NS(=O)(=O)c1ccc(-n2nc(C(=O)NCc3ccccc3)nc2-c2ccccc2)cc1,5.769551078621726,CHEMBL3290202,230,2014.0
NS(=O)(=O)c1ccc(-n2nc(C(=O)NN=Cc3c(Cl)c4ccccc4oc3=O)cc2-c2ccc(Cl)c(Cl)c2)cc1,6.522878745280337,CHEMBL3824049,230,2016.0
NS(=O)(=O)c1ccc(-n2nc(C(=O)NN=Cc3c(Cl)c4ccccc4oc3=O)cc2-c2ccc(F)cc2)cc1,6.769551078621726,CHEMBL3823440,230,2016.0
NS(=O)(=O)c1ccc(-n2nc(C(=O)NN=Cc3c(Cl)c4ccccc4oc3=O)cc2-c2ccc(O)cc2)cc1,5.001304841688344,CHEMBL3823689,230,2016.0
NS(=O)(=O)c1ccc(-n2nc(C(=O)NN=Cc3c(Cl)c4ccccc4oc3=O)cc2-c2cccc(Cl)c2)cc1,6.267606240177031,CHEMBL3823208,230,2016.0
NS(=O)(=O)c1ccc(-n2nc(C(=O)NN=Cc3c(Cl)c4ccccc4oc3=O)cc2-c2cccc(F)c2)cc1,6.585026652029182,CHEMBL3822695,230,2016.0
NS(=O)(=O)c1ccc(-n2nc(C(=O)NN=Cc3c(Cl)c4ccccc4oc3=O)cc2-c2ccccc2)cc1,5.343901797987169,CHEMBL3822753,230,2016.0
NS(=O)(=O)c1ccc(-n2nc(C(=O)NN=Cc3c(Cl)c4ccccc4oc3=O)cc2-c2ccccc2Cl)cc1,5.97469413473523,CHEMBL3822899,230,2016.0
NS(=O)(=O)c1ccc(-n2nc(C(=O)NN=Cc3c(Cl)c4ccccc4oc3=O)cc2-c2ccccc2F)cc1,6.327902142064282,CHEMBL3823187,230,2016.0
NS(=O)(=O)c1ccc(-n2nc(C(=O)NN=Cc3c(Cl)c4ccccc4oc3=O)cc2-c2ccccc2O)cc1,5.120904120499928,CHEMBL3823420,230,2016.0
NS(=O)(=O)c1ccc(-n2nc(C(=O)Nc3ccc(Cl)cc3)nc2-c2ccccc2)cc1,6.327902142064282,CHEMBL3290199,230,2014.0
NS(=O)(=O)c1ccc(-n2nc(C(F)(F)F)c3c2-c2cc(F)ccc2CS3)cc1,7.67778070526608,CHEMBL411894,230,1996.0
NS(=O)(=O)c1ccc(-n2nc(C(F)(F)F)c3c2-c2ccc(F)cc2CS3)cc1,7.397940008672037,CHEMBL316455,230,1996.0
NS(=O)(=O)c1ccc(-n2nc(C(F)(F)F)c3c2-c2ccccc2CC3)cc1,5.958599418650251,CHEMBL94935,230,1996.0
NS(=O)(=O)c1ccc(-n2nc(NC(=O)Nc3ccc(C(F)(F)F)cc3)cc2-c2ccccc2)cc1,5.906578314837764,CHEMBL4783386,230,2020.0
NS(=O)(=O)c1ccc(-n2nc(NC(=O)Nc3cccc(C(F)(F)F)c3)cc2-c2ccccc2)cc1,5.698970004336019,CHEMBL1766297,230,2011.0
NS(=O)(=O)c1ccc(C#Cc2ccc(=O)n(C(F)F)c2)cc1,5.221848749616356,CHEMBL447148,230,2009.0
NS(=O)(=O)c1ccc(C2=C(c3ccc(F)cc3)C(=O)OC2)cc1,6.096910013008056,CHEMBL431546,230,1999.0
NS(=O)(=O)c1ccc(C2=C(c3ccccc3)C(=O)NC2=O)cc1,5.040958607678906,CHEMBL595838,230,2010.0
NS(=O)(=O)c1ccc(C=Nc2ccc(C(F)(F)F)cc2)cc1,5.184422251675732,CHEMBL271754,230,2008.0
NS(=O)(=O)c1ccc(C=Nc2ccc(F)cc2)cc1,5.3585258894959,CHEMBL272622,230,2008.0
NS(=O)(=O)c1ccc(C=Nc2ccc(O)cc2)cc1,5.293282217663242,CHEMBL404476,230,2008.0
NS(=O)(=O)c1ccc(C=Nc2ccccc2)cc1,5.507239610973162,CHEMBL407019,230,2008.0
NS(=O)(=O)c1ccc(CCn2cc(-c3ccc(Cl)cc3)nn2)cc1,6.769551078621726,CHEMBL2398541,230,2013.0
NS(=O)(=O)c1ccc(CCn2cc(-c3ccc(F)cc3)nn2)cc1,6.0,CHEMBL2398540,230,2013.0
NS(=O)(=O)c1ccc(CCn2cc(-c3ccccc3)nn2)cc1,5.958607314841775,CHEMBL2398539,230,2013.0
NS(=O)(=O)c1ccc(Cn2cc(-c3ccc(F)cc3)nn2)cc1,5.823908740944319,CHEMBL2398535,230,2013.0
NS(=O)(=O)c1ccc(Cn2cc(-c3ccccc3)nn2)cc1,5.187086643357144,CHEMBL2398534,230,2013.0
NS(=O)(=O)c1ccc(N2CCN=C2c2ccc(Cl)c(C(F)(F)F)c2)cc1,5.7447274948966935,CHEMBL3322422,230,2014.0
NS(=O)(=O)c1ccc(N2CCN=C2c2ccc(Cl)c(Cl)c2)cc1,6.522878745280337,CHEMBL3322421,230,2014.0
NS(=O)(=O)c1ccc(N2CCN=C2c2ccc(Cl)cc2)cc1,5.468521082957745,CHEMBL3322410,230,2014.0
NS(=O)(=O)c1ccc(N2CCN=C2c2ccc(F)c(F)c2)cc1,5.173925197299173,CHEMBL3322420,230,2014.0
NS(=O)(=O)c1ccc(N2CCN=C2c2ccc(F)cc2)cc1,5.161150909262744,CHEMBL3322408,230,2014.0
NS(=O)(=O)c1ccc(-n2nc(NC(=O)NCCCCCCCCCCC(=O)O)cc2-c2ccccc2)cc1,5.661543506395395,CHEMBL4789344,230,2020.0
NS(=O)(=O)c1ccc(-n2nc(NC(=O)NCCCC(=O)O)cc2-c2ccccc2)cc1,5.701146923590294,CHEMBL4792522,230,2020.0
NS(=O)(=O)c1ccc(-n2nc(NC(=O)NC3CCCCC3)cc2-c2ccccc2)cc1,5.692503962086787,CHEMBL4779788,230,2020.0
NS(=O)(=O)c1ccc(-n2nc(NC(=O)NC34CC5CC(CC(C5)C3)C4)cc2-c2ccccc2)cc1,5.732828271596986,CHEMBL4788670,230,2020.0
NS(=O)(=O)c1ccc(-n2nc(C(F)(F)F)c3c2-c2ccccc2CS3)cc1,7.698970004336019,CHEMBL329919,230,1996.0
NS(=O)(=O)c1ccc(-n2nc(C(F)(F)F)c3c2-c2ccccc2OC3)cc1,5.876099381214104,CHEMBL95021,230,1996.0
NS(=O)(=O)c1ccc(-n2nc(C(F)(F)F)c3c2-c2ccccc2SC3)cc1,6.337204405222719,CHEMBL273420,230,1996.0
NS(=O)(=O)c1ccc(-n2nc(C(F)(F)F)cc2-c2ccc(Br)cc2)cc1,7.666273523555023,CHEMBL1235806,230,2015.0
NS(=O)(=O)c1ccc(-n2nc(C(F)(F)F)cc2-c2ccc(CC(=O)O)cc2)cc1,5.7447274948966935,CHEMBL577045,230,2009.0
NS(=O)(=O)c1ccc(-n2nc(C(F)(F)F)cc2-c2ccc(F)cc2)cc1,7.387216143280264,CHEMBL28527,230,1997.0
NS(=O)(=O)c1ccc(-n2nc(C(F)(F)F)cc2-c2ccc(I)cc2)cc1,5.086186147616283,CHEMBL3775974,230,2016.0
NS(=O)(=O)c1ccc(-n2nc(C(F)(F)F)cc2-c2ccccc2)cc1,6.795880017344075,CHEMBL29920,230,1997.0
NS(=O)(=O)c1ccc(-n2nc(C(F)(F)F)cc2-c2ccn(C(F)F)c(=O)c2)cc1,6.161150909262744,CHEMBL516680,230,2009.0
NS(=O)(=O)c1ccc(-n2nc(C(=O)NC3CCCCC3)cc2-c2ccccc2)cc1,5.605548319173783,CHEMBL4777518,230,2020.0
NS(=O)(=O)c1ccc(-n2nc(C(F)(F)F)cc2-c2ccnc(Cl)c2)cc1,6.136677139879544,CHEMBL507398,230,2009.0
NS(=O)(=O)c1ccc(-n2nc(CCCNC(=O)NC34CC5CC(CC(C5)C3)C4)cc2-c2ccccc2)cc1,5.154901959985743,CHEMBL1766284,230,2011.0
NS(=O)(=O)c1ccc(-n2nc(CCCNC(=O)NC3CCCCCC3)cc2-c2ccccc2)cc1,5.698970004336019,CHEMBL1766285,230,2011.0
NS(=O)(=O)c1ccc(-n2nc(CCCNC(=O)Nc3ccc(C(F)(F)F)cc3)cc2-c2ccccc2)cc1,5.886056647693163,CHEMBL1766287,230,2011.0
NS(=O)(=O)c1ccc(-n2nc(CCCNC(=O)Nc3ccc(Cl)cc3)cc2-c2ccccc2)cc1,5.221848749616356,CHEMBL1766286,230,2011.0
NS(=O)(=O)c1ccc(-n2nc(CCCNC(=O)Nc3ccc(OC(F)(F)F)cc3)cc2-c2ccccc2)cc1,6.045757490560675,CHEMBL1766288,230,2011.0
NS(=O)(=O)c1ccc(-n2nc(CCCNC(=O)Nc3cccc(C(F)(F)F)c3)cc2-c2ccccc2)cc1,6.154901959985743,CHEMBL1766299,230,2011.0
NS(=O)(=O)c1ccc(-n2nc(CCNC(=O)Nc3cccc(C(F)(F)F)c3)cc2-c2ccccc2)cc1,6.0,CHEMBL1766298,230,2011.0
NS(=O)(=O)c1ccc(-n2nc(CNC(=O)Nc3cccc(C(F)(F)F)c3)cc2-c2ccccc2)cc1,6.0,CHEMBL1766295,230,2011.0
NS(=O)(=O)c1ccc(-n2nc(COC(=O)c3cc4ccccc4oc3=O)cc2-c2ccc(F)cc2)cc1,5.473660722610156,CHEMBL4076889,230,2017.0
NS(=O)(=O)c1ccc(-n2nc(C(F)(F)F)cc2C2=CCN(CCCCO[N+](=O)[O-])CC2)cc1,5.1249387366083,CHEMBL601016,230,2010.0
NS(=O)(=O)c1ccc(-n2nc(C(=O)NC34CC5CC(CC(C5)C3)C4)cc2-c2ccccc2)cc1,5.667561540084394,CHEMBL4790503,230,2020.0
NS(=O)(=O)c1ccc(-n2nc(C(=O)N3CCSCC3)cc2-c2ccccc2)cc1,6.173925197299173,CHEMBL4559201,230,2019.0
NS(=O)(=O)c1ccc(-n2nc(C(=O)N3CCSCC3)cc2-c2cccc(F)c2)cc1,6.721246399047171,CHEMBL4529375,230,2019.0
N#CCC(=O)Nc1nnc(-c2ccc(Cl)cc2)o1,6.6020599913279625,CHEMBL4464158,230,2019.0
N#CCC(=O)Nc1nnc(-c2cccnc2)o1,6.251811972993799,CHEMBL4582518,230,2019.0
N#Cc1c(N=Cc2ccc(Cl)cc2)c(C(=O)Nc2ccc(Br)cc2)n2c1CCC2,5.123205023799299,CHEMBL4451436,230,2020.0
N#Cc1c(N=Cc2ccc(O)cc2)c(C(=O)Nc2ccc(Br)cc2)n2c1CCC2,6.1938200260161125,CHEMBL4557315,230,2020.0
N#Cc1c(N=Cc2ccc3ccccc3c2)c(C(=O)Nc2ccc(Cl)cc2)n2c1CCC2,6.769551078621726,CHEMBL4097045,230,2017.0
N#Cc1c(N=Cc2ccc3ccccc3c2)c(C(=O)Nc2ccccc2)n2c1CCC2,6.2839966563652006,CHEMBL4073566,230,2017.0
N#Cc1c(N=Cc2ccccc2)c(C(=O)Nc2ccc(Br)cc2)n2c1CCC2,5.826813731587726,CHEMBL4452428,230,2020.0
N#Cc1c(N=Cc2cccnc2)c(C(=O)Nc2ccc(Br)cc2)n2c1CCC2,5.007004901568658,CHEMBL4531924,230,2020.0
N#Cc1c(N=Cc2cccnc2)c(C(=O)Nc2ccc(Cl)cc2)n2c1CCC2,6.167491087293763,CHEMBL4074351,230,2017.0
N#Cc1c(N=Cc2cccnc2)c(C(=O)Nc2ccccc2)n2c1CCC2,7.0,CHEMBL4076689,230,2017.0
N#Cc1c(N=Cc2ccco2)c(C(=O)Nc2ccc(Br)cc2)n2c1CCC2,5.782516055786093,CHEMBL4454216,230,2020.0
N#Cc1c(N=Cc2ccco2)c(C(=O)Nc2ccc(Cl)cc2)n2c1CCC2,6.346787486224656,CHEMBL4065185,230,2017.0
N#Cc1c(N=Cc2ccco2)c(C(=O)Nc2ccccc2)n2c1CCC2,6.107905397309519,CHEMBL4091890,230,2017.0
N#Cc1c(N=Cc2cccs2)c(C(=O)Nc2ccc(Br)cc2)n2c1CCC2,5.033858267260968,CHEMBL4560186,230,2020.0
N#Cc1c(N=Cc2cccs2)c(C(=O)Nc2ccc(Cl)cc2)n2c1CCC2,6.443697499232712,CHEMBL4072244,230,2017.0
N#Cc1c(N=Cc2cccs2)c(C(=O)Nc2ccccc2)n2c1CCC2,6.251811972993799,CHEMBL4092847,230,2017.0
N#Cc1ccc(C=NNC(=O)c2cn(Cc3ccc(Cl)cc3)c3ccccc23)cc1,5.11975822410452,CHEMBL4448450,230,2019.0
N#Cc1ccc2c(c1)C=C(C(=O)O)C(C(F)(F)F)O2,6.958607314841775,CHEMBL1288564,230,2010.0
N#Cc1cnn(-c2ccc(S(N)(=O)=O)cc2)c1N=Cc1ccc(Br)cc1,7.187755303199631,CHEMBL4567195,230,2019.0
N#CC1=C(N)OC(c2ccccc2)=CC1c1cn(-c2ccccc2)nc1-c1ccc(OCc2ccccc2)cc1,6.142667503568731,CHEMBL4582667,230,2019.0
Fc1ccccc1-n1cc(CSc2nc3ccccc3o2)nn1,5.619788758288394,CHEMBL3264699,230,2014.0
Fc1ccccc1-c1nnc(Cn2c(CN3CCCCC3)nc3ccccc32)o1,7.221848749616356,CHEMBL4641524,230,2020.0
Fc1cccc(COc2nc3ccccc3s2)c1,6.552841968657781,CHEMBL4750050,230,2020.0
Clc1ccc(Nc2nc(Cl)nc(OCc3cn(Cc4ccccc4)nn3)n2)cc1,5.154901959985743,CHEMBL4648690,230,2020.0
Clc1ccc(OCCOc2nc3ccccc3s2)c(Cl)c1,6.3872161432802645,CHEMBL4757345,230,2020.0
Clc1cccc(-n2cc(CSc3nc4ccccc4o3)nn2)c1,5.334419008982047,CHEMBL3264692,230,2014.0
Clc1ccccc1-n1cc(CSc2nc3ccccc3o2)nn1,5.452225294612178,CHEMBL3264694,230,2014.0
Clc1nc(OCc2cn(Cc3ccccc3)nn2)nc(N2CCCC2)n1,5.301029995663981,CHEMBL4645275,230,2020.0
Clc1nc(OCc2cn(Cc3ccccc3)nn2)nc(N2CCOCC2)n1,7.0,CHEMBL4640306,230,2020.0
Clc1ncccc1-n1cc(CSc2nc3ccccc3o2)nn1,5.298432014944073,CHEMBL3264704,230,2014.0
Cn1cccc1CCCNc1cc(C(F)(F)F)nc(-c2ccc(S(C)(=O)=O)cc2)n1,5.400116927926312,CHEMBL2234866,230,2012.0
Cn1cccc1CNc1cc(C(F)(F)F)nc(-c2ccc(S(C)(=O)=O)cc2)n1,7.145337877803287,CHEMBL270730,230,2008.0
N#Cc1cnn(-c2ccc(S(N)(=O)=O)cc2)c1N=Cc1ccc(Cl)cc1,6.721772442405258,CHEMBL4466770,230,2019.0
Cn1nc(C(F)(F)F)cc1-c1ccn(C(F)F)c(=O)c1,6.161150909262744,CHEMBL4749298,230,2020.0
FC(F)(F)c1ccccc1Oc1ccc(OCCN2CCCC2)cc1,5.301029995663981,CHEMBL1775099,230,2011.0
Fc1ccc(-c2nn(-c3ccccc3)cc2-c2nnc(-c3ccc(Cl)cc3)o2)cc1,5.259637310505756,CHEMBL3265347,230,2014.0
Fc1ccc(-c2nn(-c3ccccc3)cc2-c2nnc(-c3ccccc3)o2)cc1,5.187086643357144,CHEMBL1242364,230,2014.0
Fc1ccc(-c2nn(-c3ccccc3)cc2-c2nnc(-c3ccncc3)o2)cc1,5.638272163982407,CHEMBL3265354,230,2014.0
Fc1ccc(-c2nnc(Cn3c(CN4CCCCC4)nc4ccccc43)o2)cc1,7.221848749616356,CHEMBL4648342,230,2020.0
Fc1ccc(-n2cc(CSc3nc4ccccc4o3)nn2)cc1,5.283162276700475,CHEMBL3264696,230,2014.0
Fc1ccc(COc2nc3ccccc3s2)cc1,6.431798275933005,CHEMBL4744314,230,2020.0
Fc1ccc(N=Cc2cn(Cc3ccccc3)c3ccccc23)cc1,6.1487416512809245,CHEMBL1957880,230,2012.0
Fc1ccc2c(C3CCN(CC4=NOC5CCCCC5C4c4ccccc4)CC3)noc2c1,5.327902142064282,CHEMBL3596284,230,2015.0
FC(F)(F)c1ccc(N=Cc2cn(Cc3ccccc3)c3ccccc23)cc1,6.075720713938118,CHEMBL1957882,230,2012.0
NS(=O)(=O)c1ccc(N2CCN=C2c2cccc(Br)c2)cc1,5.537602002101044,CHEMBL3322412,230,2014.0
N#Cc1cnn(-c2ccc(S(N)(=O)=O)cc2)c1N=Cc1ccc(F)cc1,7.411952503013917,CHEMBL4569790,230,2019.0
N#Cc1cnn(-c2ccc(S(N)(=O)=O)cc2)c1NC(=O)CCCl,7.236272596234301,CHEMBL4562695,230,2019.0
NS(=O)(=O)c1ccc(-c2nc(NCc3cccs3)cc(C(F)(F)F)n2)cc1,7.227069461899152,CHEMBL271337,230,2008.0
NS(=O)(=O)c1ccc(-c2nc(NCc3ccncc3)cc(C(F)(F)F)n2)cc1,5.723538195826755,CHEMBL406528,230,2008.0
NS(=O)(=O)c1ccc(-c2nc(NCc3ccsc3)cc(C(F)(F)F)n2)cc1,7.213750072860137,CHEMBL408215,230,2008.0
NS(=O)(=O)c1ccc(-c2nc(NCc3csc4ccccc34)cc(C(F)(F)F)n2)cc1,5.0,CHEMBL270351,230,2008.0
NS(=O)(=O)c1ccc(-c2nc3ccccc3n2-c2ccc(Cl)cc2)cc1,6.698970004336019,CHEMBL436116,230,2005.0
NS(=O)(=O)c1ccc(-n2cc(-c3ccc(Cl)cc3)nn2)cc1,5.886056647693163,CHEMBL2398533,230,2013.0
NS(=O)(=O)c1ccc(-n2cc(-c3ccccc3)nn2)cc1,5.886056647693163,CHEMBL513184,230,2013.0
NS(=O)(=O)c1ccc(-n2nc(C(=O)N3CCOCC3)cc2-c2ccc(Br)cc2)cc1,6.508638306165727,CHEMBL4467569,230,2019.0
NS(=O)(=O)c1ccc(-n2nc(C(=O)N3CCOCC3)cc2-c2ccc(C(F)(F)F)cc2)cc1,6.4089353929735005,CHEMBL4545277,230,2019.0
NS(=O)(=O)c1ccc(-n2nc(C(=O)N3CCOCC3)cc2-c2ccc(Cl)cc2)cc1,6.455931955649724,CHEMBL4569221,230,2019.0
NS(=O)(=O)c1ccc(-n2nc(C(=O)N3CCOCC3)cc2-c2ccc(F)cc2)cc1,6.638272163982407,CHEMBL4447638,230,2019.0
NS(=O)(=O)c1ccc(-n2nc(C(=O)N3CCOCC3)cc2-c2cccc(Cl)c2)cc1,6.619788758288394,CHEMBL4532080,230,2019.0
NS(=O)(=O)c1ccc(-n2nc(C(=O)N3CCOCC3)cc2-c2cccc(F)c2)cc1,6.638272163982407,CHEMBL4521969,230,2019.0
NS(=O)(=O)c1ccc(-n2nc(C(=O)N3CCOCC3)cc2-c2ccccc2)cc1,6.161150909262744,CHEMBL4458211,230,2019.0
NS(=O)(=O)c1ccc(-n2nc(C(=O)N3CCSCC3)cc2-c2ccc(Br)cc2)cc1,5.892790030352131,CHEMBL4465168,230,2019.0
NS(=O)(=O)c1ccc(-n2nc(C(=O)N3CCSCC3)cc2-c2ccc(C(F)(F)F)cc2)cc1,6.721246399047171,CHEMBL4462245,230,2019.0
NS(=O)(=O)c1ccc(-n2nc(C(=O)N3CCSCC3)cc2-c2ccc(Cl)cc2)cc1,6.638272163982407,CHEMBL4553947,230,2019.0
NS(=O)(=O)c1ccc(-n2nc(C(=O)N3CCSCC3)cc2-c2ccc(F)cc2)cc1,6.6777807052660805,CHEMBL4443996,230,2019.0
NS(=O)(=O)c1ccc(-n2nc(C(=O)N3CCSCC3)cc2-c2cccc(Cl)c2)cc1,6.6777807052660805,CHEMBL4440974,230,2019.0
NS(=O)(=O)c1ccc(-c2nc(NCc3ccccn3)cc(C(F)(F)F)n2)cc1,5.522878745280337,CHEMBL407712,230,2008.0
NS(=O)(=O)c1ccc(-c2nc(NCc3ccccc3)cc(C(F)(F)F)n2)cc1,5.438836347209996,CHEMBL410524,230,2008.0
NS(=O)(=O)c1ccc(-c2nc(NCc3cc4ccccc4s3)cc(C(F)(F)F)n2)cc1,7.33539465213072,CHEMBL442706,230,2008.0
NS(=O)(=O)c1ccc(-c2nc(NCC3CCCCC3)cc(C(F)(F)F)n2)cc1,6.12126706263189,CHEMBL408897,230,2008.0
N#Cc1cnn(-c2ccc(S(N)(=O)=O)cc2)c1NC(=O)CCN1CCOCC1,7.404173222926777,CHEMBL4443644,230,2019.0
N#Cc1cnn(-c2ccc(S(N)(=O)=O)cc2)c1NC(=O)CCl,7.701802132890185,CHEMBL4531165,230,2019.0
N#Cc1cnn(-c2ccc(S(N)(=O)=O)cc2)c1NC(=O)CN1CCOCC1,7.465846925814938,CHEMBL4532877,230,2019.0
N#Cc1cnn(-c2ccc(S(N)(=O)=O)cc2)c1NC(=O)c1ccccc1,7.250495576123858,CHEMBL4437752,230,2019.0
N#Cc1nn(-c2ccc(S(N)(=O)=O)cc2)c2c1SCc1cc(F)ccc1-2,6.8539029864641305,CHEMBL95022,230,1996.0
NC(=O)C1CSC(c2cn(-c3ccccc3)nc2-c2ccccc2)N1,6.327902142064282,CHEMBL1631309,230,2010.0
NC(=S)n1nc(-c2ccc(Cl)cc2)cc1-c1cn(-c2ccccc2)nc1-c1ccc(OCc2ccccc2)cc1,5.328827157284916,CHEMBL4463182,230,2019.0
NC(=S)n1nc(-c2ccccc2)cc1-c1cn(-c2ccccc2)nc1-c1ccc(OCc2ccccc2)cc1,5.2839966563652006,CHEMBL4462846,230,2019.0
NC(Cc1cn(-c2nc(Cl)nc(N3CCOCC3)n2)c2ccccc12)C(=O)O,7.0,CHEMBL4636792,230,2020.0
N#Cc1cnn(-c2ccc(S(N)(=O)=O)cc2)c1N=Cc1ccccc1,7.08097423541264,CHEMBL4450776,230,2019.0
NS(=O)(=O)c1ccc(-c2c(-c3ccccc3)noc2CCF)cc1,8.096910013008056,CHEMBL196041,230,2005.0
NS(=O)(=O)c1ccc(-c2cc(Cl)cc3c2OC(C(F)(F)F)C(C(=O)O)=C3)cc1,6.119758601043578,CHEMBL1290433,230,2010.0
NS(=O)(=O)c1ccc(-c2ccc(F)c(F)c2-c2ccc(F)c(Cl)c2)cc1,8.700057099977233,CHEMBL362779,230,2004.0
NS(=O)(=O)c1ccc(-c2ccc(F)c(F)c2-c2ccc(F)cc2)cc1,8.400007822415901,CHEMBL185163,230,2004.0
NS(=O)(=O)c1ccc(-c2ccc(F)c(F)c2-c2ccc3c(c2)OCCO3)cc1,7.489991487059765,CHEMBL186634,230,2004.0
NS(=O)(=O)c1ccc(-c2ccc(F)c(F)c2-c2ccc3c(c2)OCO3)cc1,8.400007822415901,CHEMBL365883,230,2004.0
NS(=O)(=O)c1ccc(-c2ccccc2-c2ccc(F)c(Cl)c2)cc1,7.770062314092066,CHEMBL54412,230,1996.0
NS(=O)(=O)c1ccc(-c2ccccc2-c2ccc(F)cc2)cc1,7.209996479609511,CHEMBL294715,230,1996.0
NS(=O)(=O)c1ccc(-c2conc2-c2ccc(F)cc2)cc1,7.376750709602099,CHEMBL4285341,230,2018.0
NS(=O)(=O)c1ccc(-c2conc2-c2ccccc2)cc1,7.318758762624412,CHEMBL4293163,230,2018.0
NS(=O)(=O)c1ccc(-c2c(-c3ccccc3)noc2CF)cc1,8.698970004336019,CHEMBL371477,230,2005.0
Clc1ccc(COc2nc3ccccc3s2)cc1,6.113509274827518,CHEMBL4758065,230,2020.0
NS(=O)(=O)c1ccc(N2CCN=C2c2cccc(Cl)c2)cc1,5.6020599913279625,CHEMBL3322415,230,2014.0
NS(=O)(=O)c1ccc(N2N=C(C(=O)O)CC2c2ccco2)cc1,5.448550002027124,CHEMBL3747612,230,2016.0
O=C1COCCN1c1ccc(Nc2nc(Cl)nc(Nc3ccccc3)n2)cc1,7.0,CHEMBL4165753,230,2018.0
O=C1COCCN1c1ccc(Nc2nc(Cl)nc(OCCCl)n2)cc1,6.0,CHEMBL4162045,230,2018.0
O=C1COCCN1c1ccc(Nc2nc(Nc3ccc(Cl)cc3)nc(N3CCOCC3)n2)cc1,5.221848749616356,CHEMBL4163160,230,2018.0
O=C1NC(=Nc2nnc(-c3ccc(O)cc3)s2)SC1=Cc1ccc(Cl)c(Cl)c1,7.154901959985743,CHEMBL4639368,230,2020.0
O=C1NC(=O)C(=Cc2ccc(OCc3cn(-c4ccc(Br)cc4)nn3)cc2)S1,6.920818753952375,CHEMBL4461022,230,2019.0
O=C1NC(=O)C(=Cc2ccc(OCc3cn(-c4ccc(C(=O)O)cc4)nn3)cc2)S1,6.346787486224656,CHEMBL4535128,230,2019.0
O=C1NC(=O)C(=Cc2ccc(OCc3cn(-c4ccc(Cl)cc4)nn3)cc2)S1,6.585026652029182,CHEMBL4544031,230,2019.0
O=C1NC(=O)C(=Cc2ccc(OCc3cn(-c4ccccc4)nn3)cc2)S1,6.42021640338319,CHEMBL4439919,230,2019.0
O=C1NC(=O)C(=Cc2ccc(OCc3cn(CC(=O)c4ccc(Br)cc4)nn3)cc2)S1,7.0,CHEMBL4589007,230,2019.0
O=C1NC(=O)C(=Cc2ccc(OCc3cn(CC(=O)c4ccc(Cl)cc4)nn3)cc2)S1,6.657577319177793,CHEMBL4521668,230,2019.0
O=C1NC(=O)C(=Cc2ccc(OCc3cn(Cc4ccc(Br)cc4)nn3)cc2)S1,7.0,CHEMBL4475190,230,2019.0
O=C1NC(=O)C(=Cc2ccc(OCc3cn(Cc4ccccc4)nn3)cc2)S1,6.568636235841012,CHEMBL4570970,230,2019.0
O=C1Nc2ccccc2C1=Cc1coc2ccc(Br)cc2c1=O,7.698970004336019,CHEMBL3314088,230,2014.0
O=C1Nc2ccccc2C1=Cc1coc2ccccc2c1=O,7.537602002101044,CHEMBL3314087,230,2014.0
O=C1OCC(c2ccc(-c3nn[nH]n3)cc2)=C1c1ccccc1,8.744727494896694,CHEMBL214101,230,2006.0
O=C1c2ccccc2-n2c1nc1ccccc1c2=O,7.1938200260161125,CHEMBL306946,230,2005.0
O=Cc1ccc2c(c1)C=C(C(=O)O)C(C(F)(F)F)O2,6.136677139879544,CHEMBL1288469,230,2010.0
O=S(=O)(Nc1ccncc1Nc1ccc(F)c(Br)c1)C(F)(F)F,5.6439741428068775,CHEMBL3113237,230,2014.0
O=S(=O)(Nc1ccncc1Nc1ccc(F)c(Cl)c1)C(F)(F)F,5.804100347590767,CHEMBL3113236,230,2014.0
O=C1COCCN1c1ccc(Nc2nc(Cl)nc(Nc3ccc(O)cc3)n2)cc1,7.397940008672037,CHEMBL4170378,230,2018.0
O=S(=O)(Nc1ccncc1Nc1ccc(F)cc1)C(F)(F)F,6.522878745280337,CHEMBL3113240,230,2014.0
O=C1COCCN1c1ccc(Nc2nc(Cl)nc(Nc3ccc(Cl)cc3)n2)cc1,7.096910013008056,CHEMBL4165902,230,2018.0
O=C1COCCN1c1ccc(Nc2nc(Cl)nc(NC3CCCCC3)n2)cc1,6.221848749616356,CHEMBL4171063,230,2018.0
O=C(O)Cc1ccn(-c2ccccc2F)c1,5.619788758288394,CHEMBL398087,230,2007.0
O=C(O)c1cc(-c2ccn(C(F)F)c(=O)c2)ccc1O,6.008773924307505,CHEMBL578389,230,2009.0
O=C(O)c1ccc(-c2ccn(C(F)F)c(=O)c2)cc1O,5.356547323513812,CHEMBL571658,230,2009.0
O=C(O)c1ccc(-n2cc(CSc3nc4ccccc4c(=O)n3-c3ccc(Br)cc3)nn2)cc1,6.050609993355087,CHEMBL4286599,230,2018.0
O=C(O)c1ccc(-n2cc(CSc3nc4ccccc4c(=O)n3-c3ccc(Cl)cc3)nn2)cc1,6.958607314841775,CHEMBL4279764,230,2018.0
O=C(O)c1ccc(-n2cc(CSc3nc4ccccc4c(=O)n3-c3ccccc3)nn2)cc1,6.173925197299173,CHEMBL4277617,230,2018.0
O=C(O)c1ccccc1Nc1cccc(C(F)(F)F)c1,5.031517051446064,CHEMBL23588,230,2012.0
O=C(O)c1ccccc1Nc1nc(Cl)nc(Nc2ccc(N3CCOCC3=O)cc2)n1,6.0,CHEMBL4635384,230,2020.0
O=C(Oc1ccccc1)c1c(-c2ccccc2)sc2c1CCCC2,6.481486060122112,CHEMBL4097499,230,2017.0
O=C(c1cc2cc(Cl)ccc2n1Cc1ccc(Cl)cc1)N1CCN(Cc2ccc(Cl)cc2)CC1,7.49607319580649,CHEMBL4591824,230,2019.0
O=C(c1ccccc1)n1cc(C=Nc2ccc(C(F)(F)F)cc2)c2ccccc21,6.494850021680094,CHEMBL1957885,230,2012.0
O=C(c1ccccc1)n1cc(C=Nc2ccc(Cl)cc2)c2ccccc21,5.185086818724926,CHEMBL1957886,230,2012.0
O=C(c1ccccc1)n1cc(C=Nc2ccc(F)cc2)c2ccccc21,6.366531544420413,CHEMBL1957883,230,2012.0
O=C(c1ccccc1O)n1nc(Nc2ccccc2)cc1-c1ccccc1O,7.790484985457369,CHEMBL4065530,230,2017.0
O=C1C(=Cc2coc3ccc(Br)cc3c2=O)c2ccccc2N1c1c(Cl)cccc1Cl,5.119186407719209,CHEMBL3314085,230,2014.0
O=C1C(=Cc2coc3ccccc3c2=O)c2ccccc2N1c1c(Cl)cccc1Cl,8.886056647693163,CHEMBL3314084,230,2014.0
O=C1CCC(C=Cc2cccnc2)=NN1,7.713992877920525,CHEMBL4536976,230,2019.0
O=C1COCCN1c1ccc(Nc2nc(Cl)nc(Cl)n2)cc1,5.154901959985743,CHEMBL4172129,230,2018.0
O=C1COCCN1c1ccc(Nc2nc(Cl)nc(N3CCCC3)n2)cc1,7.221848749616356,CHEMBL4167700,230,2018.0
O=C1COCCN1c1ccc(Nc2nc(Cl)nc(Nc3ccc(Br)cc3)n2)cc1,6.301029995663981,CHEMBL4172724,230,2018.0
O=S(=O)(Nc1ccncc1Nc1cccc(F)c1)C(F)(F)F,6.619788758288394,CHEMBL3113239,230,2014.0
O=S(=O)(Nc1ccncc1Nc1cccc(I)c1)C(F)(F)F,6.585026652029182,CHEMBL3113224,230,2014.0
O=S(=O)(O)Oc1cc(O)cc(C=Cc2ccc(O)cc2)c1,5.123205023799299,CHEMBL1173685_CHEMBL1823816,230,
O=c1c2ccccc2nc(SCc2cn(-c3ccccc3)nn2)n1-c1ccc(Br)cc1,6.6020599913279625,CHEMBL4287667,230,2018.0
O=c1c2ccccc2nc(SCc2cn(-c3ccccc3)nn2)n1-c1ccc(Cl)cc1,6.017728766960431,CHEMBL4285512,230,2018.0
O=c1c2ccccc2nc(SCc2cn(-c3ccccc3)nn2)n1-c1ccccc1,6.050609993355087,CHEMBL4281448,230,2018.0
Oc1ccc(-c2ccccc2-c2nc3ccccc3o2)cc1Cl,6.3872161432802645,CHEMBL3287559,230,2014.0
Oc1ccc(-c2nnc(CSc3nnc(-c4ccncc4)o3)o2)cc1,7.0,CHEMBL4576864,230,2019.0
Oc1ccc(-n2cc(-c3ccc(O)cc3Cl)nc2-c2ccc(O)cc2Cl)cc1,5.026872146400301,CHEMBL196263,230,2005.0
S=c1nc(-c2ccc(Cl)cc2)cc(-c2cn(-c3ccccc3)nc2-c2ccc(OCc3ccccc3)cc2)[nH]1,5.958607314841775,CHEMBL4452435,230,2019.0
S=c1nc(-c2ccccc2)cc(-c2cn(-c3ccccc3)nc2-c2ccc(OCc3ccccc3)cc2)[nH]1,6.0,CHEMBL4443350,230,2019.0
c1cc(-c2ccc(Nc3nc(N4CCCCC4)nc(N4CCCCC4)n3)cc2)[nH]n1,5.950781977329818,CHEMBL4085306,230,2017.0
c1cc(-c2ccc(Nc3nc(N4CCCCC4)nc(N4CCCCC4)n3)cc2)on1,5.703334809738469,CHEMBL4080823,230,2017.0
c1cc(-c2ccc(Nc3nc(N4CCOCC4)nc(N4CCOCC4)n3)cc2)[nH]n1,5.764471553092451,CHEMBL4067079,230,2017.0
c1cc(-c2ccc(Nc3nc(N4CCOCC4)nc(N4CCOCC4)n3)cc2)on1,5.931814138253838,CHEMBL4072576,230,2017.0
c1ccc(-c2nnc(-c3cn(-c4ccccc4)nc3-c3ccccc3)o2)cc1,5.823908740944319,CHEMBL1242275,230,2014.0
c1ccc(-n2cc(CSc3nc4ccccc4o3)nn2)cc1,5.192464971931146,CHEMBL3264689,230,2014.0
c1ccc(-n2nccc2-c2ccc(Nc3nc(N4CCCCC4)nc(N4CCCCC4)n3)cc2)cc1,5.730487055782084,CHEMBL4072942,230,2017.0
c1ccc(-n2nccc2-c2ccc(Nc3nc(N4CCOCC4)nc(N4CCOCC4)n3)cc2)cc1,5.838631997765026,CHEMBL4085904,230,2017.0
c1ccc(C2C(Cn3c4ccccc4c4ccccc43)=NOC3CCCCC32)cc1,5.00436480540245,CHEMBL3596287,230,2015.0
c1ccc(COc2ccc(-c3nn(-c4ccccc4)cc3-c3cc(-c4ccccc4)no3)cc2)cc1,5.675717544702307,CHEMBL4451723,230,2019.0
c1cncc(-n2cc(CSc3nc4ccccc4o3)nn2)c1,5.400116927926312,CHEMBL3264703,230,2014.0
O=c1c2ccccc2nc(SCc2cn(-c3ccc(Cl)cc3)nn2)n1-c1ccccc1,6.721246399047171,CHEMBL4285920,230,2018.0
O=c1c2ccccc2nc(SCc2cn(-c3ccc(Cl)cc3)nn2)n1-c1ccc(Cl)cc1,6.275724130399211,CHEMBL4283242,230,2018.0
O=c1c2ccccc2nc(SCc2cn(-c3ccc(Cl)cc3)nn2)n1-c1ccc(Br)cc1,6.795880017344075,CHEMBL4290032,230,2018.0
O=c1c2ccccc2nc(SCc2cn(-c3ccc(Br)cc3)nn2)n1-c1ccccc1,6.267606240177031,CHEMBL4277993,230,2018.0
O=S(=O)(O)Oc1ccc(C=Cc2cc(O)cc(O)c2)cc1,5.048176964684088,CHEMBL1173450,230,2010.0
O=S(=O)(c1ccccc1)N1N=C(C(F)(F)F)CC1c1ccc2c(c1)OCCO2,5.705533773838408,CHEMBL3309823,230,2014.0
O=S(=O)(c1ccccc1)N1N=C(C(F)(F)F)CC1c1ccc2c(c1)OCO2,5.247951552180561,CHEMBL3309824,230,2014.0
O=[N+]([O-])c1ccc(-c2nn(-c3ccccc3)cc2-c2nnc(-c3ccc(Cl)cc3)o2)cc1,5.920818753952375,CHEMBL3265351,230,2014.0
O=[N+]([O-])c1ccc(-c2nn(-c3ccccc3)cc2-c2nnc(-c3ccccc3)o2)cc1,6.508638306165727,CHEMBL1242554,230,2014.0
O=[N+]([O-])c1ccc(-c2nn(-c3ccccc3)cc2-c2nnc(-c3ccncc3)o2)cc1,6.301029995663981,CHEMBL3265358,230,2014.0
O=[N+]([O-])c1ccc(-c2nnc(Cn3c(CN4CCCCC4)nc4ccccc43)o2)cc1,7.221848749616356,CHEMBL4635572,230,2020.0
O=[N+]([O-])c1ccc(-n2cc(CSc3nc4ccccc4o3)nn2)cc1,5.005682847330363,CHEMBL3264688,230,2014.0
O=[N+]([O-])c1ccc(C=NNc2nnc(-c3ccncc3)o2)cc1,7.387216143280264,CHEMBL4561572,230,2019.0
O=C(O)Cc1cccn1-c1ccccc1F,5.207608310501746,CHEMBL236238,230,2007.0
O=[N+]([O-])c1ccc(C=Nc2nnc(-c3ccc(Cl)cc3)o2)cc1,6.886056647693163,CHEMBL4449489,230,2019.0
O=[N+]([O-])c1ccc(C=Nc2nnc(-c3cccnc3)o2)cc1,6.6777807052660805,CHEMBL4573875,230,2019.0
O=[N+]([O-])c1cccc(-n2cc(CSc3nc4ccccc4o3)nn2)c1,5.018634490921455,CHEMBL3264687,230,2014.0
O=[N+]([O-])c1ccccc1Oc1ccc(OCCN2CCCC2)cc1,5.075720713938118,CHEMBL1775087,230,2011.0
O=c1c2ccccc2n(CCOS(=O)(=O)c2ccc(C(F)(F)F)cc2)c2ccccc12,6.229147988357855,CHEMBL2315017,230,2013.0
O=c1c2ccccc2nc(SCc2cc(-c3ccc(Cl)cc3)no2)n1-c1ccc(Br)cc1,6.251811972993799,CHEMBL4283447,230,2018.0
O=c1c2ccccc2nc(SCc2cc(-c3ccc(Cl)cc3)no2)n1-c1ccc(Cl)cc1,6.075720713938118,CHEMBL4278057,230,2018.0
O=c1c2ccccc2nc(SCc2cc(-c3ccc(Cl)cc3)no2)n1-c1ccccc1,6.251811972993799,CHEMBL4281944,230,2018.0
O=c1c2ccccc2nc(SCc2cn(-c3ccc(Br)cc3)nn2)n1-c1ccc(Br)cc1,6.769551078621726,CHEMBL4279346,230,2018.0
O=c1c2ccccc2nc(SCc2cn(-c3ccc(Br)cc3)nn2)n1-c1ccc(Cl)cc1,6.619788758288394,CHEMBL4291092,230,2018.0
O=[N+]([O-])c1ccc(C=Nc2nnc(-c3ccccc3)o2)cc1,7.026872146400302,CHEMBL4475508,230,2019.0
O=C(O)Cc1cccn1-c1ccc2c(c1)OCCO2,5.657577319177793,CHEMBL396182,230,2007.0
O=C(O)Cc1cccn(C(F)F)c1=O,5.096910013008056,CHEMBL1089958,230,2010.0
O=C(O)Cc1ccccc1Nc1c(F)cccc1C(F)(F)F,6.201349354554731,CHEMBL408156,230,2007.0
NS(=O)(=O)c1ccc(N2N=C3c4ccccc4OCC3C2c2ccc(Cl)cc2Cl)cc1,5.562249437179612,CHEMBL3410363,230,2015.0
NS(=O)(=O)c1ccc(N2N=C3c4ccccc4OCC3C2c2ccccc2Br)cc1,5.899629454882437,CHEMBL3410361,230,2015.0
NS(=O)(=O)c1ccc(N2N=C3c4ccccc4OCC3C2c2ccccc2Cl)cc1,5.642065152999546,CHEMBL3410359,230,2015.0
NS(=O)(=O)c1ccc(N2N=C3c4ccccc4OCC3C2c2ccccc2F)cc1,5.140261433802853,CHEMBL3410358,230,2015.0
NS(=O)(=O)c1ccc(N=Cc2ccc(C(F)(F)F)cc2)cc1,5.337242168318426,CHEMBL270246,230,2008.0
NS(=O)(=O)c1ccc(N=Cc2ccc(F)cc2)cc1,5.653647025549361,CHEMBL427835,230,2008.0
NS(=O)(=O)c1ccc(N=Cc2ccc(O)c(C(=O)O)c2)cc1,6.130768280269024,CHEMBL405744,230,2008.0
NS(=O)(=O)c1ccc(N=Cc2ccc(O)cc2)cc1,5.465973893943865,CHEMBL270670,230,2008.0
NS(=O)(=O)c1ccc(N=Cc2ccc([N+](=O)[O-])cc2)cc1,5.522878745280337,CHEMBL255175,230,2008.0
NS(=O)(=O)c1ccc(N=Cc2cccc(O)c2)cc1,5.555955204081924,CHEMBL270243,230,2008.0
NS(=O)(=O)c1ccc(N=Cc2cccc([N+](=O)[O-])c2)cc1,5.170696227168975,CHEMBL404921,230,2008.0
NS(=O)(=O)c1ccc(N=Cc2ccccc2)cc1,5.542118103266008,CHEMBL408619,230,2008.0
NS(=O)(=O)c1ccc(OC(=O)c2c(-c3ccccc3)sc3c2CCCC3)cc1,6.173925197299173,CHEMBL4086580,230,2017.0
Nc1c(Cl)ccc2c1C=C(C(=O)O)C(C(F)(F)F)O2,5.8297382846050425,CHEMBL1630234,230,2010.0
Nc1ccc(-c2cc(Cl)cc3c2OC(C(F)(F)F)C(C(=O)O)=C3)cc1,5.739928612014925,CHEMBL1667876,230,2011.0
Nc1ccc(O)c(C(=O)O)c1,5.123205023799299,CHEMBL704,230,2019.0
Nc1nc(-c2ccc(Cl)cc2)cc(-c2cn(-c3ccccc3)nc2-c2ccc(OCc3ccccc3)cc2)n1,5.399027104313252,CHEMBL4545038,230,2019.0
Nc1nc(-c2ccccc2)cc(-c2cn(-c3ccccc3)nc2-c2ccc(OCc3ccccc3)cc2)n1,5.552841968657781,CHEMBL4451192,230,2019.0
Nc1nc(Cl)nc(Nc2ccc(N3CCOCC3=O)cc2)n1,6.301029995663981,CHEMBL4164251,230,2018.0
NS(=O)(=O)c1ccc(N2N=C3c4ccccc4OCC3C2c2ccc(Cl)cc2)cc1,5.084072788302884,CHEMBL3410360,230,2015.0
NS(=O)(=O)c1ccc(N2N=C3c4ccccc4OCC3C2c2ccc(Br)cc2)cc1,5.162411561764489,CHEMBL3410362,230,2015.0
NS(=O)(=O)c1ccc(N2N=C3c4ccccc4CCC3C2c2ccccc2Cl)cc1,5.308034897232639,CHEMBL3410347,230,2015.0
NS(=O)(=O)c1ccc(N2N=C3c4ccccc4CCC3C2c2ccccc2)cc1,5.078833949362261,CHEMBL3410338,230,2015.0
NS(=O)(=O)c1ccc(N2N=C(C(=O)O)CC2c2cccs2)cc1,5.735182176990463,CHEMBL3747566,230,2016.0
NS(=O)(=O)c1ccc(N2N=C(C(F)(F)F)CC2c2ccc3c(c2)OCCO3)cc1,8.096910013008056,CHEMBL3309445,230,2014.0
NS(=O)(=O)c1ccc(N2N=C(C(F)(F)F)CC2c2ccc3c(c2)OCO3)cc1,7.823908740944319,CHEMBL3309446,230,2014.0
NS(=O)(=O)c1ccc(N2N=C(C(F)(F)F)CC2c2cccc3c2OCCO3)cc1,7.229147988357855,CHEMBL3309447,230,2014.0
NS(=O)(=O)c1ccc(N2N=C(C(F)(F)F)CC2c2cccc3c2OCO3)cc1,7.292429823902063,CHEMBL3309448,230,2014.0
NS(=O)(=O)c1ccc(N2N=C(C(F)(F)F)CC2c2cccc3ccccc23)cc1,7.0,CHEMBL3309443,230,2014.0
NS(=O)(=O)c1ccc(N2N=C(c3ccc(N4CCOCC4)cc3)CC2c2ccc(F)cc2F)cc1,7.096910013008056,CHEMBL4168891,230,2017.0
NS(=O)(=O)c1ccc(N2N=C(c3ccco3)CC2c2ccc(C(F)(F)F)cc2)cc1,6.251811972993799,CHEMBL3747206,230,2016.0
NS(=O)(=O)c1ccc(N2N=C(c3ccco3)CC2c2ccc(Cl)cc2)cc1,5.818156412055227,CHEMBL3747437,230,2016.0
O=C(C=CC1=Cc2c(ccc3ccccc23)OC1)c1ccc(C(F)(F)F)cc1,6.481486060122112,CHEMBL4583354,230,2019.0
NS(=O)(=O)c1ccc(N2N=C(c3ccco3)CC2c2ccccc2)cc1,5.410050398674292,CHEMBL3746930,230,2016.0
NS(=O)(=O)c1ccc(N2N=C(c3ccco3)CC2c2cccs2)cc1,5.437707135543525,CHEMBL3747568,230,2016.0
NS(=O)(=O)c1ccc(N2N=C(c3cccs3)CC2c2ccc(C(F)(F)F)cc2)cc1,6.013228265733755,CHEMBL3746265,230,2016.0
NS(=O)(=O)c1ccc(N2N=C(c3cccs3)CC2c2ccc(Cl)cc2)cc1,5.578396073130168,CHEMBL3747306,230,2016.0
NS(=O)(=O)c1ccc(N2N=C(c3cccs3)CC2c2ccco2)cc1,5.213958789757446,CHEMBL3747561,230,2016.0
NS(=O)(=O)c1ccc(N2N=C(c3cccs3)CC2c2cccs2)cc1,5.213958789757446,CHEMBL3746891,230,2016.0
NS(=O)(=O)c1ccc(N2N=C3c4ccccc4CCC3C2c2c(F)cccc2Cl)cc1,5.436518914605589,CHEMBL3410354,230,2015.0
NS(=O)(=O)c1ccc(N2N=C3c4ccccc4CCC3C2c2cccc(Br)c2)cc1,5.458420756053419,CHEMBL3410349,230,2015.0
NS(=O)(=O)c1ccc(N2N=C3c4ccccc4CCC3C2c2cccc(F)c2)cc1,5.316052869248487,CHEMBL3410345,230,2015.0
NS(=O)(=O)c1ccc(N2N=C3c4ccccc4CCC3C2c2cccc(O)c2)cc1,5.75448733218585,CHEMBL3410351,230,2015.0
NS(=O)(=O)c1ccc(N2N=C(c3ccco3)CC2c2ccco2)cc1,5.384049948343598,CHEMBL3745732,230,2016.0
NS(=O)(=O)c1ccc(N2CCN=C2c2cccc(F)c2)cc1,5.142667503568731,CHEMBL3322414,230,2014.0
O=C(C=CC1=Cc2c(ccc3ccccc23)OC1)c1ccc(Cl)cc1Cl,6.537602002101044,CHEMBL4574215,230,2019.0
O=C(C=CC1=Cc2c(ccc3ccccc23)OC1)c1ccccc1F,6.508638306165727,CHEMBL4591257,230,2019.0
O=C(O)C1=Cc2c(ccc(Cl)c2-c2ccccc2)OC1C(F)(F)F,5.333482019445119,CHEMBL1630237,230,2010.0
O=C(O)C1=Cc2c(ccc(Cl)c2Cl)OC1C(F)(F)F,8.261439372640169,CHEMBL1288533,230,2010.0
O=C(O)C1=Cc2c(ccc(Cl)c2Oc2ccccc2)OC1C(F)(F)F,6.275724130399211,CHEMBL1630223,230,2010.0
O=C(O)C1=Cc2c(ccc(Cl)c2Sc2ccccc2)OC1C(F)(F)F,6.468521082957745,CHEMBL1630236,230,2010.0
O=C(O)C1=Cc2cc(C(F)(F)F)ccc2OC1C(F)(F)F,7.387216143280264,CHEMBL1290563,230,2010.0
O=C(O)C1=Cc2cc(Cl)c(Cl)c(Cl)c2OC1C(F)(F)F,7.366531544420413,CHEMBL1288617,230,2010.0
O=C(O)C1=Cc2cc(Cl)c(Cl)cc2OC1C(F)(F)F,7.207608310501746,CHEMBL1288554,230,2010.0
O=C(O)C1=Cc2cc(Cl)cc(-c3ccc(CO)cc3)c2OC1C(F)(F)F,5.195179321278838,CHEMBL1669029,230,2011.0
O=C(O)C1=Cc2cc(Cl)cc(-c3ccc(Cl)cc3)c2OC1C(F)(F)F,7.675717544702307,CHEMBL1669033,230,2011.0
O=C(O)C1=Cc2cc(Cl)cc(-c3ccc(O)cc3)c2OC1C(F)(F)F,5.458420756053419,CHEMBL1669030,230,2011.0
O=C(O)C1=Cc2cc(Cl)cc(-c3ccccc3)c2OC1C(F)(F)F,6.842224732789047,CHEMBL1290320,230,2010.0
O=C(O)C1=Cc2cc(Cl)cc(C#Cc3ccccc3)c2OC1C(F)(F)F,6.853871964321762,CHEMBL1290321,230,2010.0
O=C(O)C1=Cc2cc(Cl)ccc2OC1C(F)(F)F,6.494850021680094,CHEMBL1288467,230,2010.0
O=C(O)C1=Cc2cc(OC(F)(F)F)ccc2OC1C(F)(F)F,7.537602002101044,CHEMBL1290459,230,2010.0
O=C(O)CNC(=O)CNC(=O)OCc1ccccc1,5.698970004336019,CHEMBL3810057,230,2016.0
O=C(O)Cc1ccc(-c2ccn(C(F)F)c(=O)c2)cc1,6.050609993355087,CHEMBL596692,230,2010.0
O=C(O)Cc1ccc(=O)n(C(F)F)c1,5.886056647693163,CHEMBL1092135,230,2010.0
O=C(O)Cc1ccccc1-c1ccn(C(F)F)c(=O)c1,6.065501548756432,CHEMBL598972,230,2010.0
O=C(O)Cc1ccccc1Nc1c(Cl)cccc1C(F)(F)F,6.779891911959945,CHEMBL258738,230,2007.0
O=C(O)C1=Cc2c(cc(Cl)c(Cl)c2Cl)OC1C(F)(F)F,8.221848749616356,CHEMBL1288592,230,2010.0
O=C(O)C1=Cc2c(Cl)ccc(Cl)c2OC1C(F)(F)F,7.0,CHEMBL1288590,230,2010.0
O=C(Nc1ccccc1)Nc1nnc(-c2cccnc2)o1,6.769551078621726,CHEMBL4535881,230,2019.0
O=C(Nc1ccccc1)Nc1nnc(-c2ccccc2)o1,7.200659450546418,CHEMBL1322701,230,2019.0
O=C(C=CC1=Cc2ccccc2OC1)c1ccc(Br)cc1,6.376750709602099,CHEMBL4448997,230,2019.0
O=C(C=CC1=Cc2ccccc2OC1)c1ccc(C(F)(F)F)cc1,6.080921907623926,CHEMBL4440945,230,2019.0
O=C(C=CC1=Cc2ccccc2OC1)c1ccc(F)cc1,6.431798275933005,CHEMBL4450248,230,2019.0
O=C(C=Cc1cn(-c2ccccc2)nc1-c1ccc(OCc2ccccc2)cc1)c1ccc(Cl)cc1,6.221848749616356,CHEMBL4443521,230,2019.0
O=C(C=Cc1cn(-c2ccccc2)nc1-c1ccc(OCc2ccccc2)cc1)c1ccccc1,5.72584215073632,CHEMBL4443726,230,2019.0
O=C(CNc1nc(-c2ccccc2)c(-c2ccccc2)s1)N1CCOCC1,5.081969663215119,CHEMBL3901520,230,2017.0
O=C(COc1ccc(Cl)cc1Cl)NN=C1SCC(=O)N1Cc1ccccc1,5.482804102050025,CHEMBL4098802,230,2017.0
O=C(COc1ccc(Cl)cc1Cl)NN=C1SCC(=O)N1c1ccc(Br)cc1,5.018634490921455,CHEMBL4100043,230,2017.0
O=C(CSc1nnc(-c2ccncc2)o1)NN=Cc1ccc(Cl)cc1,7.161150909262744,CHEMBL3098648,230,2019.0
O=C(C=CC1=Cc2c(ccc3ccccc23)OC1)c1ccc([N+](=O)[O-])cc1,6.6020599913279625,CHEMBL4437518,230,2019.0
O=C(CSc1nnc(-c2ccncc2)o1)NN=Cc1ccc([N+](=O)[O-])cc1,7.42021640338319,CHEMBL3098650,230,2019.0
O=C(NC1CCCC1)C1CCN(c2nc3cc(Cl)ccc3o2)CC1,5.995678626217357,CHEMBL2315877,230,2013.0
O=C(NC1CCCC1COc1ccccc1)C1CCN(c2nc3cc(Cl)ccc3o2)CC1,7.072116589669293,CHEMBL2315856_CHEMBL2315857,230,
O=C(NCCOc1nc(Cl)nc(Nc2ccc(N3CCOCC3=O)cc2)n1)c1ccc(Cl)s1,6.301029995663981,CHEMBL4170800,230,2018.0
O=C(NCCc1c[nH]c2ccc(Cl)cc12)c1ccccc1Nc1ccccc1,5.872895201635192,CHEMBL4761676,230,2020.0
O=C(NCCc1c[nH]c2ccc(O)cc12)c1ccccc1Nc1ccccc1,6.42021640338319,CHEMBL4789910,230,2020.0
O=C(NCCc1c[nH]c2ccc(O)cc12)c1ccccc1O,5.7594507517174005,CHEMBL3359443,230,2020.0
O=C(NCCc1c[nH]c2ccccc12)c1ccccc1Nc1ccccc1,6.327902142064282,CHEMBL4757667,230,2020.0
O=C(NN1C(=O)c2ccccc2C1=O)c1ccccc1O,6.884722408604098,CHEMBL4103357,230,2017.0
O=C(Nc1ccccc1)Nc1nnc(-c2ccc(Cl)cc2)o1,6.537602002101044,CHEMBL4462267,230,2019.0
O=C(NC1CCC(CO)CC1)C1CCN(c2nc3cc(Cl)ccc3o2)CC1,5.4271532380478895,CHEMBL2315860_CHEMBL2315861,230,
COc1ccc(CN2CCN(C(=O)c3cc4cc(Cl)ccc4n3Cc3ccc(F)cc3)CC2)cc1,7.634324859544082,CHEMBL4438795,230,2019.0
Clc1ccc(C=Nc2nnc(-c3cccnc3)o2)cc1,6.886056647693163,CHEMBL4569755,230,2019.0
Clc1ccc(C=Nc2nnc(-c3ccc(Cl)cc3)o2)cc1,7.229147988357855,CHEMBL4465282,230,2019.0
CS(=O)(=O)c1ccc(-n2nc(C(F)(F)F)cc2-c2ccn(C(F)F)c(=O)c2)cc1,5.739928612014925,CHEMBL463624,230,2009.0
CS(=O)(=O)c1ccc(-n2nc(C(F)(F)F)cc2-c2ccnc(Cl)c2)cc1,6.721246399047171,CHEMBL463232,230,2009.0
CS(=O)(=O)c1ccc(-n2nc(CCCNC(=O)Nc3cccc(C(F)(F)F)c3)cc2-c2ccccc2)cc1,5.522878745280337,CHEMBL1766300,230,2011.0
CS(=O)(=O)c1ccc(-n2nc(CNC(=O)Nc3ccc(OC(F)(F)F)cc3)cc2-c2ccccc2)cc1,5.154901959985743,CHEMBL1766292,230,2011.0
CS(=O)(=O)c1ccc(-n2nc(CNC(=O)Nc3cccc(C(F)(F)F)c3)cc2-c2ccccc2)cc1,5.6020599913279625,CHEMBL1766294,230,2011.0
CS(=O)(=O)c1ccc(-n2nccc2-c2ccc(Nc3nc(N4CCCCC4)nc(N4CCCCC4)n3)cc2)cc1,5.707743928643524,CHEMBL4075910,230,2017.0
CS(=O)(=O)c1ccc(-n2nccc2-c2ccc(Nc3nc(N4CCOCC4)nc(N4CCOCC4)n3)cc2)cc1,6.130768280269024,CHEMBL4063300,230,2017.0
CS(=O)(=O)c1ccc(C#Cc2ccc(=O)n(C(F)F)c2)cc1,5.292429823902063,CHEMBL481613,230,2009.0
CS(=O)(=O)c1ccc(C2=C(c3ccc(CO)cc3)C(=O)OC2)cc1,5.376750709602099,CHEMBL1797511,230,2011.0
CS(=O)(=O)c1ccc(C2=C(c3ccc(F)c(F)c3)C(=O)OC2)cc1,6.045757490560675,CHEMBL18264,230,1999.0
CS(=O)(=O)c1ccc(C2=C(c3ccc(F)cc3)C(=O)OC2)cc1,6.221848749616356,CHEMBL51434,230,1999.0
CS(=O)(=O)c1ccc(C2=C(c3cccc(F)c3)C(=O)OC2)cc1,5.7447274948966935,CHEMBL52285,230,1999.0
CS(=O)(=O)c1ccc(C2=NN(c3ccc(C(=O)O)cc3)C(c3ccc(Cl)cc3)C2)cc1,5.400116927926312,CHEMBL3735888,230,2015.0
CS(=O)(=O)c1ccc(C2=NN(c3ccc(C(=O)O)cc3)C(c3ccc(F)cc3)C2)cc1,5.546681659952963,CHEMBL3736014,230,2015.0
CS(=O)(=O)c1ccc(C2=NN(c3ccc(C(=O)O)cc3)C(c3ccccc3)C2)cc1,6.008773924307505,CHEMBL3734939,230,2015.0
CS(=O)(=O)c1ccc(C2=NN(c3ccc(C(=O)O)cc3)C(c3cccs3)C2)cc1,5.935542010773082,CHEMBL3735601,230,2015.0
CS(=O)(=O)c1ccc(C2=NN(c3ccc(S(N)(=O)=O)cc3)C(c3ccc(Cl)cc3)C2)cc1,5.573488738635424,CHEMBL3735721,230,2015.0
CS(=O)(=O)c1ccc(C2=NN(c3ccc(S(N)(=O)=O)cc3)C(c3ccc(F)cc3)C2)cc1,5.467245621007502,CHEMBL3735457,230,2015.0
CS(=O)(=O)c1ccc(C2=NN(c3ccc(S(N)(=O)=O)cc3)C(c3ccccc3)C2)cc1,5.790484985457369,CHEMBL3735534,230,2015.0
CS(=O)(=O)c1ccc(-n2nc(C(F)(F)F)cc2-c2ccccc2)cc1,5.164943898279883,CHEMBL3238414,230,2014.0
CS(=O)(=O)c1ccc(C2=NN(c3ccc(S(N)(=O)=O)cc3)C(c3cccs3)C2)cc1,5.756961951313706,CHEMBL3735352,230,2015.0
CS(=O)(=O)c1ccc(-n2nc(C(F)(F)F)cc2-c2ccc(I)cc2)cc1,5.2839966563652006,CHEMBL1672583,230,2016.0
CS(=O)(=O)c1ccc(-n2nc(-c3ccc(O)cc3)cc2-c2ccc(C(F)(F)F)cc2)cc1,6.013228265733755,CHEMBL4160954,230,2017.0
CS(=O)(=O)c1ccc(-c2nc(NCc3ccco3)cc(C(F)(F)F)n2)cc1,6.775662295917138,CHEMBL271551,230,2008.0
CS(=O)(=O)c1ccc(-c2nc(NCc3cccs3)cc(OC3CCCC3)n2)cc1,8.1249387366083,CHEMBL271348,230,2008.0
CS(=O)(=O)c1ccc(-c2nc(NCc3ccncc3)cc(C(F)(F)F)n2)cc1,6.027616824278224,CHEMBL271763,230,2008.0
CS(=O)(=O)c1ccc(-c2nc(NCc3ccsc3)cc(C(F)(F)F)n2)cc1,7.543517189647948,CHEMBL272627,230,2008.0
CS(=O)(=O)c1ccc(-c2nc(NCc3csc4ccccc34)cc(C(F)(F)F)n2)cc1,5.0,CHEMBL407951,230,2008.0
CS(=O)(=O)c1ccc(-c2nc(NCc3nccs3)cc(C(F)(F)F)n2)cc1,6.7076596094053365,CHEMBL405123,230,2008.0
CS(=O)(=O)c1ccc(-c2nc(O)cc(NCc3ccccc3)n2)cc1,7.30715308072277,CHEMBL269832,230,2008.0
CS(=O)(=O)c1ccc(-c2nc(SCCN(O)C(N)=O)nn2-c2ccc(Br)cc2)cc1,6.823908740944319,CHEMBL4161423,230,2018.0
CS(=O)(=O)c1ccc(-c2nc(SCc3ccccc3)cc(C(F)(F)F)n2)cc1,6.277530614115969,CHEMBL270723,230,2008.0
CS(=O)(=O)c1ccc(-c2nc(SCc3cccs3)cc(C(F)(F)F)n2)cc1,8.387216143280265,CHEMBL270294,230,2008.0
CS(=O)(=O)c1ccc(-c2nccc(NCc3cccs3)n2)cc1,8.036212172654444,CHEMBL405564,230,2008.0
CS(=O)(=O)c1ccc(-c2nn(CC(=O)Nc3ccccc3)c(C(F)(F)F)c2-c2ccc(F)cc2)cc1,6.318758762624412,CHEMBL67721,230,1997.0
CS(=O)(=O)c1ccc(-c2nn(CCc3ccccc3)c(C(F)(F)F)c2-c2ccc(F)cc2)cc1,7.346787486224656,CHEMBL67659,230,1997.0
CS(=O)(=O)c1ccc(-c2nn(CCc3ccccc3)cc2-c2ccc(F)cc2)cc1,6.275724130399211,CHEMBL67519,230,1997.0
CS(=O)(=O)c1ccc(-c2nnnn2-c2ccc(F)cc2)cc1,5.568636235841012,CHEMBL1682232,230,2011.0
CS(=O)(=O)c1ccc(-c2sc(-c3ccccc3Cl)nc2-c2ccc(F)cc2)cc1,7.301029995663981,CHEMBL277115,230,1999.0
CS(=O)(=O)c1ccc(-c2sncc2-c2ccc(F)cc2)cc1,5.045757490560675,CHEMBL171646,230,1996.0
CS(=O)(=O)c1ccc(-c2ssc(=O)c2-c2ccccc2)cc1,5.958607314841775,CHEMBL475347,230,2009.0
CS(=O)(=O)c1ccc(-n2cnc(Cl)c2-c2ccc(OCCO[N+](=O)[O-])c(F)c2)cc1,5.161150909262744,CHEMBL223619,230,2007.0
CS(=O)(=O)c1ccc(-n2nc(C(F)(F)F)cc2-c2ccc(CC(=O)O)cc2)cc1,5.638272163982407,CHEMBL577482,230,2009.0
CS(=O)(=O)c1ccc(C2C(c3ccccc3)=NOC23COc2ccccc2C3=O)cc1,7.045757490560675,CHEMBL4170508,230,2017.0
CS(=O)(=O)c1ccc(C2NN=C(c3ccc([N+](=O)[O-])cc3)O2)cc1,6.318758762624412,CHEMBL4166937,230,2017.0
CS(=O)(=O)c1ccc(C=C(C(=O)O)c2ccc(-c3ccc(F)cc3F)cc2)cc1,6.494850021680094,CHEMBL2283160,230,2013.0
CS(=O)(=O)c1ccc(NC(=O)NNC(=S)Nc2ccc(Cl)cc2)cc1,5.274088367704952,CHEMBL4169819,230,2018.0
CS(=O)(=O)c1ccc2c(Sc3ccc(F)cc3)c(C#N)[nH]c2c1,5.638272163982407,CHEMBL433585,230,2004.0
CS(=O)(=O)c1ccc2c(Sc3ccc(F)cc3)c(CO)[nH]c2c1,5.229147988357855,CHEMBL184022,230,2004.0
CS(=O)(=O)c1ccc2c(Sc3ccc(F)cc3F)c(C#N)[nH]c2c1,5.896196279044043,CHEMBL184764,230,2004.0
CS(=O)(=O)c1ccc2c(Sc3ccccc3Cl)c(C#N)[nH]c2c1,6.2441251443275085,CHEMBL183294,230,2004.0
CS(=O)(=O)c1ccc2c(c1)c1c(n2C(=O)c2ccc(Cl)cc2)CCCC1,6.091514981121351,CHEMBL4165597,230,2017.0
CS(=O)(=O)c1ccc2c(c1)c1c(n2C(=O)c2ccc(Cl)cc2)CCCC1=O,6.638272163982407,CHEMBL4169347,230,2017.0
CS(=O)(=O)c1ccc2c(c1)c1c(n2Cc2ccc(Cl)cc2)CCCC1=O,6.236572006437063,CHEMBL4162061,230,2017.0
CS(=O)(=O)c1ccc2c(c1)c1c(n2S(=O)(=O)c2ccc(Cl)cc2)CCCC1,6.468521082957745,CHEMBL4177185,230,2017.0
CS(=O)(=O)c1ccc2c(c1)c1c(n2S(=O)(=O)c2ccc(Cl)cc2)CCCC1=O,6.102372908709558,CHEMBL4172740,230,2017.0
CS(=O)(=O)c1cccc(C#Cc2ccc(=O)n(C(F)F)c2)c1,5.431798275933005,CHEMBL482206,230,2009.0
CS(=O)(=O)c1ccccc1C#Cc1ccc(=O)n(C(F)F)c1,5.026872146400301,CHEMBL521440,230,2009.0
CSc1ccc(C=C2C(C)=C(CC(=O)O)c3cc(F)ccc32)cc1,6.926935982160881,CHEMBL18797,230,2010.0
CSc1csc(Sc2cc3c(cc2NS(C)(=O)=O)COC3=O)n1,6.537602002101044,CHEMBL434014,230,1999.0
CSc1nc(-c2ccc(Cl)cc2)c(-c2ccc(S(C)(=O)=O)cc2)[nH]1,7.0,CHEMBL2347668,230,2013.0
CSc1nc(-c2ccc(F)cc2)c(-c2ccc(S(C)(=O)=O)cc2)[nH]1,7.154901959985743,CHEMBL2347667,230,2013.0
CSc1nc(-c2ccc(S(N)(=O)=O)cc2)n(-c2ccc(Cl)cc2)n1,6.431798275933005,CHEMBL3746308,230,2016.0
CSc1nc(-c2ccccc2)c(-c2ccc(S(C)(=O)=O)cc2)[nH]1,7.221848749616356,CHEMBL2347677,230,2013.0
CSc1nc2ccccc2n1-c1csc(=N)n1CC(=O)c1ccccc1,6.7447274948966935,CHEMBL4637009,230,2020.0
CS(=O)(=O)c1ccc(NC(=O)NNC(=S)Nc2c(F)cccc2F)cc1,5.192464971931146,CHEMBL4177013,230,2018.0
CS(=O)(=O)c1ccc(N2N=C(C(F)(F)F)CC2c2cccc3ccccc23)cc1,6.958607314841775,CHEMBL3309449,230,2014.0
CS(=O)(=O)c1ccc(N2N=C(C(F)(F)F)CC2c2cccc3c2OCO3)cc1,7.387216143280264,CHEMBL3309820,230,2014.0
CS(=O)(=O)c1ccc(N2N=C(C(F)(F)F)CC2c2cccc3c2OCCO3)cc1,6.6777807052660805,CHEMBL3309819,230,2014.0
CS(=O)(=O)c1ccc(C=C(C(=O)O)c2ccc(-c3ccc(S(C)(=O)=O)cc3)cc2)cc1,6.494850021680094,CHEMBL2283164,230,2013.0
CS(=O)(=O)c1ccc(C=C(C(=O)O)c2ccc(O)cc2)cc1,5.275724130399211,CHEMBL2283157,230,2013.0
CS(=O)(=O)c1ccc(C=C(C(=O)O)c2cccc(-c3ccc(S(C)(=O)=O)cc3)c2)cc1,5.6777807052660805,CHEMBL2283165,230,2013.0
CS(=O)(=O)c1ccc(C=C(C(=O)O)c2cccc(Br)c2)cc1,6.508638306165727,CHEMBL2283155,230,2013.0
CS(=O)(=O)c1ccc(C=C(C(=O)O)c2ccccc2)cc1,5.522878745280337,CHEMBL405127,230,2013.0
CS(=O)(=O)c1ccc(C=C(c2ccc(Cl)cc2)c2ccc(Cl)cc2)cc1,5.698970004336019,CHEMBL361848,230,2013.0
CS(=O)(=O)c1ccc(C=C(c2ccccc2)c2ccc(Cl)cc2)cc1,6.943095148663527,CHEMBL2283174,230,2013.0
CS(=O)(=O)c1ccc(C=C(c2ccccc2)c2ccc(F)c(F)c2)cc1,6.013228265733755,CHEMBL2283173,230,2013.0
CS(=O)(=O)c1ccc(C=C(c2ccccc2)c2ccc(F)cc2)cc1,7.494850021680094,CHEMBL2283172,230,2013.0
CS(=O)(=O)c1ccc(-c2nc(NCc3ccccc3)cc(C(F)(F)F)n2)cc1,7.001306807801344,CHEMBL271339,230,2008.0
CS(=O)(=O)c1ccc(C=C(c2ccccc2)c2ccccc2)cc1,6.508638306165727,CHEMBL2283151,230,2013.0
CS(=O)(=O)c1ccc(N2CCN=C2c2ccc(Cl)c(C(F)(F)F)c2)cc1,5.443697499232712,CHEMBL3322407,230,2014.0
CS(=O)(=O)c1ccc(N2CCN=C2c2ccc(Cl)c(Cl)c2)cc1,5.6777807052660805,CHEMBL3322406,230,2014.0
CS(=O)(=O)c1ccc(N2CCN=C2c2ccc(Cl)cc2)cc1,5.1487416512809245,CHEMBL3322396,230,2014.0
CS(=O)(=O)c1ccc(N2CCN=C2c2cccc(Br)c2)cc1,5.167491087293763,CHEMBL3322397,230,2014.0
CS(=O)(=O)c1ccc(N2CCN=C2c2cccc(Cl)c2)cc1,5.091514981121351,CHEMBL3322400,230,2014.0
CS(=O)(=O)c1ccc(N2N=C(C(=O)O)CC2c2ccco2)cc1,5.675717544702307,CHEMBL3746878,230,2016.0
CS(=O)(=O)c1ccc(N2N=C(C(=O)O)CC2c2cccs2)cc1,5.844663962534938,CHEMBL3746730,230,2016.0
CS(=O)(=O)c1ccc(N2N=C(C(F)(F)F)CC2c2ccc3c(c2)OCCO3)cc1,6.619788758288394,CHEMBL3309451,230,2014.0
CS(=O)(=O)c1ccc(N2N=C(C(F)(F)F)CC2c2ccc3c(c2)OCO3)cc1,6.853871964321762,CHEMBL3309818,230,2014.0
CS(=O)(=O)c1ccc(Cc2nnnn2-c2ccc(CCO)cc2)cc1,5.522878745280337,CHEMBL4563498,230,2016.0
CS(=O)(=O)c1ccc(-c2nc(NCc3ccc(O)cc3)cc(C(F)(F)F)n2)cc1,6.197226274708024,CHEMBL257300,230,2008.0
CS(=O)(=O)c1ccc(-c2nc(NCc3ccc(F)cc3)cc(C(F)(F)F)n2)cc1,7.112382699664264,CHEMBL405841,230,2008.0
CS(=O)(=O)c1ccc(-c2nc(NCc3ccc(Cl)s3)cc(C(F)(F)F)n2)cc1,8.267606240177031,CHEMBL403957,230,2008.0
COc1ccc2c(c1)c1c(n2C(=O)c2ccc(Cl)cc2)CC(C)(C)CC1=O,6.013228265733755,CHEMBL4161755,230,2017.0
COc1ccc2c(c1)c1c(n2Cc2ccc(Cl)cc2)CC(C)(C)CC1=O,6.040958607678906,CHEMBL4169030,230,2017.0
COc1ccc2c(c1)c1c(n2S(=O)(=O)c2ccc(Cl)cc2)CC(C)(C)CC1=O,6.055517327849831,CHEMBL4176892,230,2017.0
COc1ccc2cc(C(C)C(=O)OCCS(=O)(=O)NO)ccc2c1,5.638272163982407,CHEMBL1689431,230,2011.0
COc1ccc2cc(C(C)C(=O)OCCn3c4ccccc4c(=O)c4ccccc43)ccc2c1,5.167491087293763,CHEMBL2315015,230,2013.0
COc1ccc2cc(C(C)C(=O)n3c4ccccc4c(=O)c4ccccc43)ccc2c1,5.008773924307505,CHEMBL2315019,230,2013.0
COc1ccc2cc(CCS(C)(=O)=O)ccc2c1,5.0,CHEMBL4537621,230,2019.0
COc1cccc(-c2cc(C(=O)N3CCOCC3)nn2-c2ccc(S(N)(=O)=O)cc2)c1,5.647817481888637,CHEMBL4471996,230,2019.0
COc1cccc(-c2cc(C(=O)N3CCSCC3)nn2-c2ccc(S(N)(=O)=O)cc2)c1,5.709965388637482,CHEMBL4458369,230,2019.0
COc1cccc(-c2cc(C(=O)NN=Cc3c(Cl)c4ccccc4oc3=O)nn2-c2ccc(S(N)(=O)=O)cc2)c1,5.215382707367125,CHEMBL3824003,230,2016.0
COc1cccc(-c2cc(C(=O)OCCOc3cc(=O)oc4ccccc34)nn2-c2ccc(S(N)(=O)=O)cc2)c1,6.366531544420413,CHEMBL4077653,230,2017.0
COc1cccc(-c2cc(C(=O)OCCOc3ccc4ccc(=O)oc4c3)nn2-c2ccc(S(N)(=O)=O)cc2)c1,6.086186147616283,CHEMBL4076451,230,2017.0
COc1cccc(C2C3CCc4ccccc4C3=NN2c2ccc(S(N)(=O)=O)cc2)c1,5.950781977329818,CHEMBL3410343,230,2015.0
COc1cccc(C2CC(c3ccc(S(C)(=O)=O)cc3)=NN2c2ccc(C(=O)O)cc2)c1,5.326979092871104,CHEMBL3734866,230,2015.0
COc1cccc(C2CC(c3ccc(S(C)(=O)=O)cc3)=NN2c2ccc(S(N)(=O)=O)cc2)c1,5.75448733218585,CHEMBL3735002,230,2015.0
COc1cccc(C=NNc2nc(-c3ccc(S(C)(=O)=O)cc3)cs2)c1OC,6.735182176990463,CHEMBL4790676,230,2021.0
COc1cccc(C=Nc2ccc(S(N)(=O)=O)cc2)c1,5.263603497723357,CHEMBL271930,230,2008.0
COc1ccccc1-n1c(-c2ccc(S(N)(=O)=O)cc2)nc2ccccc21,5.096910013008056,CHEMBL371849,230,2005.0
COc1ccccc1-n1cc(COC(=O)C2CCn3c(C(=O)c4ccccc4)ccc32)nn1,8.221848749616356,CHEMBL4067898,230,2017.0
COc1ccc2c(c1)c(CC(=O)Oc1ccc(CCO)cc1)c(C)n2C(=O)c1ccc(Cl)cc1,5.337242168318426,CHEMBL1958350,230,2012.0
COc1ccc2c(c1)c(CC(=O)OCCS(=O)(=O)NO)c(C)n2C(=O)c1ccc(Cl)cc1,6.376750709602099,CHEMBL1689430,230,2011.0
COc1ccc2c(c1)c(CC(=O)OC(CO[N+](=O)[O-])CO[N+](=O)[O-])c(C)n2C(=O)c1ccc(Cl)cc1,6.221848749616356,CHEMBL466447,230,2009.0
COc1ccc2c(c1)c(CC(=O)NCCCCCCC(=O)NO)c(C)n2C(=O)c1ccc(Cl)cc1,6.481486060122112,CHEMBL3885367,230,2017.0
COc1ccc(Cc2nn(Cc3n[nH]c(=S)n3C)c(=O)c3c(C)noc23)cc1,5.6777807052660805,CHEMBL2018673,230,2012.0
COc1ccc(N=Cc2ccc(S(N)(=O)=O)cc2)cc1,5.3829996588791005,CHEMBL257489,230,2008.0
COc1ccc(N=Cc2ccc(S(N)(=O)=O)cc2)cc1OC,5.368556230986828,CHEMBL270886,230,2008.0
COc1ccc(NC(=O)c2nc(-c3ccccc3)n(-c3ccc(S(N)(=O)=O)cc3)n2)cc1,6.050609993355087,CHEMBL3290201,230,2014.0
COc1ccc(NC(=O)c2nc(-c3ccccc3)n(-c3ccc(S(N)(=O)=O)cc3)n2)cc1OC,5.886056647693163,CHEMBL3290200,230,2014.0
COc1ccc(NC(=S)NNC(=O)Nc2ccc(S(C)(=O)=O)cc2)cc1,5.145693958198919,CHEMBL4173650,230,2018.0
COc1ccc(Nc2nc(Cl)nc(Nc3ccc(N4CCOCC4=O)cc3)n2)cc1,5.221848749616356,CHEMBL4162459,230,2018.0
COc1ccc(OC)c(C=NNc2nc(-c3ccc(S(C)(=O)=O)cc3)cs2)c1,6.621602099051863,CHEMBL4761194,230,2021.0
COc1ccc(Oc2c(C)[nH]c3cc(S(C)(=O)=O)ccc23)cc1,5.795880017344075,CHEMBL433756,230,2004.0
COc1ccccc1C1C2CCc3ccccc3C2=NN1c1ccc(S(N)(=O)=O)cc1,5.580044251510242,CHEMBL3410342,230,2015.0
COc1ccc(Oc2c(C)[nH]c3cccc(S(C)(=O)=O)c23)cc1,5.795880017344075,CHEMBL183178,230,2004.0
COc1ccc(Sc2c(C)[nH]c3cc(S(C)(=O)=O)ccc23)cc1,5.318758762624412,CHEMBL184281,230,2004.0
COc1ccc2[nH]cc(CCNC(=O)c3cc4cc(Cl)ccc4n3Cc3ccc(F)cc3)c2c1,7.632644078973981,CHEMBL4456822,230,2019.0
COc1ccc2c(c1)CCC(c1ccc(OC)c(OC)c1)=C2,7.522878745280337,CHEMBL229955,230,2007.0
COc1ccc2c(c1)CSc1c(C(F)(F)F)nn(-c3ccc(S(N)(=O)=O)cc3)c1-2,7.886056647693163,CHEMBL319512,230,1996.0
COc1ccc2c(c1)c(CC(=O)NC(C)(C)CO)c(C)n2C(=O)c1ccc(Cl)cc1,6.721246399047171,CHEMBL433427,230,2002.0
COc1ccc2c(c1)c(CC(=O)NC(C)CO)c(C)n2C(=O)c1ccc(Cl)cc1,6.669093657231369,CHEMBL24874_CHEMBL281847,230,
COc1ccc2c(c1)c(CC(=O)NC(CO)C(C)C)c(C)n2C(=O)c1ccc(Cl)cc1,6.69520279538739,CHEMBL25030_CHEMBL285828,230,
COc1ccc2c(c1)c(CC(=O)NC(CO)CCSC)c(C)n2C(=O)c1ccc(Cl)cc1,6.301029995663981,CHEMBL281379_CHEMBL432260,230,
COc1ccc2c(c1)c(CC(=O)NC(CO)c1ccccc1)c(C)n2C(=O)c1ccc(Cl)cc1,6.71356419889976,CHEMBL26509_CHEMBL277006,230,
COc1ccc(Sc2c(C#N)[nH]c3cc(S(C)(=O)=O)ccc23)c(Cl)c1,5.962573502059376,CHEMBL183279,230,2004.0
CSc1nc2ccccc2n1-c1csc(N)n1,6.638272163982407,CHEMBL4633930,230,2020.0
COc1ccccc1C1C2COc3ccccc3C2=NN1c1ccc(S(N)(=O)=O)cc1,6.481486060122112,CHEMBL3410356,230,2015.0
COc1ccccc1C=CC1=NN(c2ccccc2)C(=O)CC1,6.871019476033389,CHEMBL4564780,230,2019.0
CS(=O)(=O)c1ccc(-c2ccc3c(c2-c2ccc(F)cc2)OCO3)cc1,7.079981083971085,CHEMBL365060,230,2004.0
CS(=O)(=O)c1ccc(-c2ccccc2-c2ccc(Cl)cc2)cc1,6.850011543508524,CHEMBL55188,230,1996.0
CS(=O)(=O)c1ccc(-c2ccccc2-c2ccc(F)c(Cl)c2)cc1,6.4399976732266335,CHEMBL52454,230,1996.0
CS(=O)(=O)c1ccc(-c2ccccc2-c2ccc(F)cc2)cc1,6.579994715040948,CHEMBL291912,230,1996.0
CS(=O)(=O)c1ccc(-c2ccccc2-c2nc3ccccc3o2)cc1,5.872895201635192,CHEMBL3287560,230,2014.0
CS(=O)(=O)c1ccc(-c2conc2-c2ccc(F)cc2)cc1,7.244125144327507,CHEMBL4288684,230,2018.0
CS(=O)(=O)c1ccc(-c2conc2-c2ccccc2)cc1,6.607303046740334,CHEMBL4278024,230,2018.0
CS(=O)(=O)c1ccc(-c2csc(Br)c2-c2ccc(F)cc2)cc1,7.096910013008056,CHEMBL328837,230,1995.0
CS(=O)(=O)c1ccc(-c2csc(NN=Cc3cccc(O)c3)n2)cc1,6.853871964321762,CHEMBL4754406,230,2021.0
CS(=O)(=O)c1ccc(-c2nc(Cl)cc(NCc3ccc(F)cc3)n2)cc1,7.472370099128661,CHEMBL257677,230,2008.0
CS(=O)(=O)c1ccc(-c2nc(Cl)cc(NCc3ccccc3)n2)cc1,7.962573502059376,CHEMBL270305,230,2008.0
CS(=O)(=O)c1ccc(-c2nc(NC3CC=CCC3)cc(C(F)(F)F)n2)cc1,7.482804102050026,CHEMBL2234864,230,2012.0
CS(=O)(=O)c1ccc(-c2nc(NC3CCCC3)cc(C(F)(F)F)n2)cc1,6.520044395229358,CHEMBL257103,230,2008.0
CS(=O)(=O)c1ccc(-c2nc(NC3CCCCC3)cc(C(F)(F)F)n2)cc1,6.610039135202278,CHEMBL257295,230,2008.0
CS(=O)(=O)c1ccc(-c2nc(NCC3CC=CCC3)cc(C(F)(F)F)n2)cc1,7.365522729839268,CHEMBL257054,230,2008.0
CS(=O)(=O)c1ccc(-c2nc(NCC3CCCCC3)cc(C(F)(F)F)n2)cc1,5.8297382846050425,CHEMBL270111,230,2008.0
CS(=O)(=O)c1ccc(-c2nc(NCCCc3cccs3)cc(C(F)(F)F)n2)cc1,5.917214629683549,CHEMBL2234865,230,2012.0
CS(=O)(=O)c1ccc(-c2nc(NCc3cc(F)cc(F)c3)cc(C(F)(F)F)n2)cc1,6.522444667801019,CHEMBL259678,230,2008.0
CS(=O)(=O)c1ccc(-c2nc(NCc3ccc(C(F)(F)F)cc3)cc(C(F)(F)F)n2)cc1,5.71669877129645,CHEMBL259469,230,2008.0
CS(=O)(=O)c1ccc(-c2ccc(F)c(F)c2-c2ccc3c(c2)OCO3)cc1,7.92009553233328,CHEMBL183515,230,2004.0
CS(=O)(=O)c1ccc(-c2ccc(F)c(F)c2-c2ccc3c(c2)OCCO3)cc1,6.470005326930858,CHEMBL365890,230,2004.0
CS(=O)(=O)c1ccc(-c2ccc(F)c(F)c2-c2ccc(F)cc2)cc1,7.849857838151442,CHEMBL183088,230,2004.0
CS(=O)(=O)c1ccc(-c2ccc(F)c(F)c2-c2ccc(F)c(Cl)c2)cc1,8.0,CHEMBL185420,230,2004.0
COc1ccccc1C=CC1=NNC(=O)CC1,6.986446569458324,CHEMBL4529760,230,2019.0
COc1ccccc1C=Cc1ccc(=O)[nH]n1,7.00864099736205,CHEMBL4450213,230,2019.0
COc1ccccc1C=Cc1ccc(=O)n(-c2ccc(F)cc2)n1,7.703993330686328,CHEMBL4465207,230,2019.0
COc1ccccc1C=Cc1ccc(=O)n(-c2ccccc2)n1,7.046723663332696,CHEMBL4466102,230,2019.0
CS(=O)(=O)Nc1cc(Cc2ccc(Cl)cc2)c2ccccc2c1,5.0,CHEMBL4471015,230,2019.0
CS(=O)(=O)Nc1cc2c(cc1Sc1ccc(F)cc1F)C(=O)CC2,6.853871964321762,CHEMBL287919,230,1995.0
CS(=O)(=O)Nc1cc2c(cc1Sc1ccccn1)C(=O)CC2,6.091514981121351,CHEMBL35992,230,1995.0
CS(=O)(=O)Nc1cc2c(cc1Sc1ncc(Cl)cc1Cl)C(=O)CC2,6.443697499232712,CHEMBL290739,230,1999.0
CS(=O)(=O)Nc1cc2c(cc1Sc1ncccc1Cl)C(=O)CC2,6.2839966563652006,CHEMBL41739,230,1999.0
COc1ccccc1C=CC1=NN(c2ccc(F)cc2)C(=O)CC1,7.311669181887733,CHEMBL4444603,230,2019.0
CS(=O)(=O)c1ccc(-c2[nH]c(S(C)(=O)=O)nc2-c2ccc(Cl)cc2)cc1,6.508638306165727,CHEMBL2347670,230,2013.0
CS(=O)(=O)c1ccc(-c2[nH]c(S(C)(=O)=O)nc2-c2ccccc2)cc1,6.552841968657781,CHEMBL2347669,230,2013.0
CS(=O)(=O)c1ccc(-c2[nH]c3ccccc3c2-c2ccc(F)cc2)cc1,5.920818753952375,CHEMBL501208,230,2008.0
CS(=O)(=O)c1ccc(-c2c(-c3ccc(F)cc3)noc2C(F)(F)F)cc1,5.089108911355472,CHEMBL4286359,230,2018.0
CS(=O)(=O)c1ccc(-c2c(-c3ccc(F)cc3)noc2Cl)cc1,6.454692883534176,CHEMBL4294127,230,2018.0
CS(=O)(=O)c1ccc(-c2cc(Br)sc2-c2ccc(F)cc2)cc1,7.590766545766887,CHEMBL42485,230,1995.0
CS(=O)(=O)c1ccc(-c2cc(C(F)(F)F)nc(NCc3ccc(F)cc3)n2)cc1,8.154901959985743,CHEMBL551148,230,2009.0
CS(=O)(=O)c1ccc(-c2cc(C(F)(F)F)nc(NCc3ccc(I)cc3)n2)cc1,6.070581074285707,CHEMBL3774612,230,2016.0
CS(=O)(=O)c1ccc(-c2cc(C(F)(F)F)nc(OCc3ccc(I)cc3)n2)cc1,5.6020599913279625,CHEMBL3774538,230,2016.0
CS(=O)(=O)c1ccc(-c2ccc(Cl)c(Cl)c2-c2ccc(F)cc2)cc1,6.620005959834258,CHEMBL184145,230,2004.0
CS(=O)(=O)c1ccc(-c2[nH]c(S(C)(=O)=O)nc2-c2ccc(F)cc2)cc1,6.552841968657781,CHEMBL2346675,230,2013.0
Clc1ccc(C=Nc2nnc(-c3ccccc3)o2)cc1,6.522878745280337,CHEMBL4571917,230,2019.0
CSc1nc2ccccc2n1-c1csc(NC(=O)c2ccc(C)cc2)n1,6.585026652029182,CHEMBL4637840,230,2020.0
CSc1nc2ccccc2n1-c1csc(NC(=O)c2ccccc2)n1,6.721246399047171,CHEMBL4633586,230,2020.0
Cc1ccc(NC(=S)NNC(=O)Nc2ccc(S(C)(=O)=O)cc2)cc1,5.667561540084394,CHEMBL4170210,230,2018.0
Cc1ccc(Nc2c(C)cccc2Cl)c(CC(=O)O)c1,7.221848749616356,CHEMBL407368,230,2007.0
Cc1ccc(Nc2c(Cl)cc(Cl)cc2Cl)c(CC(=O)O)c1,7.552841968657781,CHEMBL407109,230,2007.0
Cc1ccc(Nc2c(Cl)cccc2Cl)c(CC(=O)O)c1,7.327902142064282,CHEMBL259218,230,2007.0
Cc1ccc(Nc2c(F)cccc2Cl)c(CC(=O)O)c1,7.015445645417636,CHEMBL404108,230,2007.0
Cc1ccc(Nc2c(F)cccc2I)c(CC(=O)O)c1,5.6020599913279625,CHEMBL3775406,230,2016.0
Cc1ccc(Nc2cnccc2NS(=O)(=O)C(F)(F)F)cc1Br,7.045757490560675,CHEMBL3113234,230,2014.0
Cc1ccc(Nc2cnccc2NS(=O)(=O)C(F)(F)F)cc1C,6.259637310505756,CHEMBL3113231,230,2014.0
Cc1ccc(Nc2cnccc2NS(=O)(=O)C(F)(F)F)cc1Cl,5.707743928643524,CHEMBL3113233,230,2014.0
Cc1ccc(S(=O)(=O)N2N=C(C(F)(F)F)CC2c2ccc3c(c2)OCCO3)cc1,5.8794260687941495,CHEMBL3309829,230,2014.0
Cc1ccc(S(=O)(=O)N2N=C(C(F)(F)F)CC2c2ccc3c(c2)OCO3)cc1,6.275724130399211,CHEMBL3309830,230,2014.0
Cc1ccc(S(=O)(=O)n2cc(C(=O)C(=O)NC(Cc3cnc[nH]3)C(=O)O)c3ccccc32)cc1,6.013228265733755,CHEMBL3113619_CHEMBL3576984,230,
Cc1ccc(S(=O)(=O)n2cc(C(=O)C(=O)NCC(=O)NCC(=O)O)c3ccccc32)cc1,6.050609993355087,CHEMBL3576973,230,2015.0
Cc1ccc(S(=O)(=O)n2cc(C(=O)C(=O)NCC(=O)O)c3ccccc32)cc1,5.040481623027002,CHEMBL3113617,230,2015.0
Cc1ccc(Sc2cc3c(cc2NS(C)(=O)=O)CCC3=O)nc1,6.0,CHEMBL37371,230,1999.0
Cc1ccc2c(c1)C=C(C(=O)O)C(C(F)(F)F)O2,6.6020599913279625,CHEMBL1288468,230,2010.0
Cc1ccc2c(c1)CSc1c(C(F)(F)F)nn(-c3ccc(S(N)(=O)=O)cc3)c1-2,7.657577319177793,CHEMBL328906,230,1996.0
Cc1ccc2c(c1)c(-c1ccnc3c(C)cccc13)c(C)n2CC(=O)O,5.522878745280337,CHEMBL209689,230,2006.0
Cc1cccc(-c2cc(C(=O)NN=Cc3c(Cl)c4ccccc4oc3=O)nn2-c2ccc(S(N)(=O)=O)cc2)c1,5.319664486585436,CHEMBL3823600,230,2016.0
Cc1ccc(NC(=O)c2nc(-c3ccccc3)n(-c3ccc(S(N)(=O)=O)cc3)n2)cc1,5.721246399047171,CHEMBL3290203,230,2014.0
Cc1cccc(C)c1Nc1ccccc1CC(=O)O,7.327902142064282,CHEMBL76154,230,2007.0
Cc1ccc(NC(=O)c2c(N=Cc3cccs3)c(C#N)c3n2CCC3)cc1,6.958607314841775,CHEMBL4073779,230,2017.0
Cc1ccc(NC(=O)c2c(N=Cc3cccnc3)c(C#N)c3n2CCC3)cc1,6.795880017344075,CHEMBL4096865,230,2017.0
Cc1ccc(-c2nn(-c3ccccc3)cc2C2NC(C(N)=O)CS2)cc1,6.42021640338319,CHEMBL1631310,230,2010.0
Cc1ccc(-c2nnc(-c3cnn(-c4ccccc4)c3C)c3nocc23)cc1,5.892790030352131,CHEMBL4077191,230,2017.0
Cc1ccc(-n2cc(COc3ccc(C=C4SC(=O)NC4=O)cc3)nn2)cc1,6.2839966563652006,CHEMBL4450483,230,2019.0
Cc1ccc(-n2cc(CSc3nc4ccccc4o3)nn2)cc1C,5.361510743045363,CHEMBL3264700,230,2014.0
Cc1ccc(C(=Cc2ccc(S(C)(=O)=O)cc2)c2ccccc2)cc1,6.920818753952375,CHEMBL2283171,230,2013.0
Cc1ccc(C(=O)c2conc2C(=O)c2cnn(-c3ccccc3)c2C)cc1,5.950781977329818,CHEMBL4085615,230,2017.0
Cc1ccc(C2=C(c3ccc(S(C)(=O)=O)cc3)COC2=O)cc1,6.522878745280337,CHEMBL3238415,230,2014.0
Cc1ccc(C2=C(c3ccc(S(N)(=O)=O)cc3)C(=O)N(C)C2=O)cc1,7.070581074285707,CHEMBL3233600,230,2014.0
Cc1ccc(C2=C(c3ccc(S(N)(=O)=O)cc3)C(=O)NC2=O)cc1,5.823908740944319,CHEMBL3233596,230,2014.0
Cc1ccc(C2=C(c3ccc(S(N)(=O)=O)cc3)COC2=O)cc1,6.958607314841775,CHEMBL3238416,230,2014.0
Cc1ccc(C2C3CCc4ccccc4C3=NN2c2ccc(S(N)(=O)=O)cc2)cc1,5.665546248849069,CHEMBL3410341,230,2015.0
Cc1ccc(C=Nc2ccc(S(N)(=O)=O)cc2)cc1,5.306273051076353,CHEMBL429915,230,2008.0
Cc1ccc(CNc2cc(C(F)(F)F)nc(-c3ccc(S(C)(=O)=O)cc3)n2)cc1,7.315154638355588,CHEMBL270510,230,2008.0
Cc1ccc(CNc2cc(C(F)(F)F)nc(-c3ccc(S(C)(=O)=O)cc3)n2)s1,7.931814138253838,CHEMBL269818,230,2008.0
Cc1ccc(CNc2cc(Cl)nc(-c3ccc(S(C)(=O)=O)cc3)n2)cc1,7.35261702988538,CHEMBL257299,230,2008.0
Cc1ccc(CNc2nc(-c3ccc(S(C)(=O)=O)cc3)nc(Cl)c2C)cc1,7.435333935747911,CHEMBL257108,230,2008.0
Cc1ccc(Cl)c(Nc2ccccc2C(=O)O)c1Cl,6.154901959985743,CHEMBL509,230,2002.0
Cc1ccc(N=Cc2ccc(S(N)(=O)=O)cc2)cc1,5.335358024443874,CHEMBL271962,230,2008.0
Cc1ccc(NC(=O)c2c(N=Cc3ccc4ccccc4c3)c(C#N)c3n2CCC3)cc1,6.958607314841775,CHEMBL4079032,230,2017.0
Cc1ccc(NC(=O)c2c(N=Cc3ccco3)c(C#N)c3n2CCC3)cc1,6.721246399047171,CHEMBL4071061,230,2017.0
Cc1cccc(C2C3CCc4ccccc4C3=NN2c2ccc(S(N)(=O)=O)cc2)c1,5.605548319173783,CHEMBL3410340,230,2015.0
Cc1cccc(C=CC2=NN(c3ccc(F)cc3)C(=O)CC2)c1,7.281166281696137,CHEMBL4547736,230,2019.0
Cc1cccc(C=CC2=NNC(=O)CC2)c1,7.736363931411892,CHEMBL4435643,230,2019.0
Cc1noc2c(Cc3ccc([N+](=O)[O-])cc3)nn(Cc3n[nH]c(=S)n3C)c(=O)c12,5.337242168318426,CHEMBL2018670,230,2012.0
Cc1noc2c(Cc3ccccc3)nn(Cc3n[nH]c(=S)n3C)c(=O)c12,5.259637310505756,CHEMBL2018667,230,2012.0
Cc1onc(-c2ccc(F)cc2)c1-c1ccc(S(N)(=O)=O)cc1,7.136677139879544,CHEMBL372838,230,2018.0
Cc1onc(-c2ccc(S(C)(=O)=O)cc2)c1-c1ccc(F)cc1,7.154901959985743,CHEMBL4515876,230,2019.0
Cc1onc(-c2cccc(Cl)c2)c1-c1ccccc1,6.568636235841012,CHEMBL2380862,230,2013.0
Cc1onc(-c2ccccc2)c1-c1ccc(S(=O)(=O)NO)cc1,5.958607314841775,CHEMBL254418,230,2008.0
Cc1onc(-c2ccccc2)c1-c1ccc(S(N)(=O)=O)cc1,7.825257498915995,CHEMBL865,230,2000.0
Cc1onc(-c2ccccc2)c1-c1ccccc1,5.603800652904264,CHEMBL365033,230,2004.0
Cc1onc(-c2ccccc2Cl)c1-c1ccccc1,5.958607314841775,CHEMBL2380863,230,2013.0
Clc1ccc(-c2cc(-c3cn(-c4ccccc4)nc3-c3ccc(OCc4ccccc4)cc3)on2)cc1,5.903089986991944,CHEMBL4440931,230,2019.0
Clc1ccc(-c2cnsc2-c2ccc(Cl)cc2)cc1,5.3979400086720375,CHEMBL491088,230,2009.0
Clc1ccc(-c2nn(-c3ccccc3)cc2-c2nnc(-c3ccccc3)o2)cc1,5.327902142064282,CHEMBL1242276,230,2014.0
Clc1ccc(-c2nn(-c3ccccc3)cc2-c2nnc(-c3ccncc3)o2)cc1,5.356547323513812,CHEMBL3265355,230,2014.0
Clc1ccc(-c2nnc(-c3cn(-c4ccccc4)nc3-c3ccc(Cl)cc3)o2)cc1,5.060480747381382,CHEMBL3265348,230,2014.0
Clc1ccc(-c2nnc(CSc3nnc(-c4ccncc4)o3)o2)cc1,7.050609993355087,CHEMBL4450458,230,2019.0
Clc1ccc(-c2nnc(Cn3c(CN4CCCCC4)nc4ccccc43)o2)cc1,7.221848749616356,CHEMBL4635616,230,2020.0
Clc1ccc(-c2nnc(N=Cc3ccccc3)o2)cc1,7.091514981121351,CHEMBL4541315,230,2019.0
Clc1ccc(-n2cc(CSc3nc4ccccc4o3)nn2)cc1,5.721246399047171,CHEMBL3264693,230,2014.0
Clc1ccc(C=NNc2nnc(-c3ccncc3)o2)cc1,6.537602002101044,CHEMBL4450095,230,2019.0
Cc1nc(Sc2cc3c(cc2NS(C)(=O)=O)CCC3=O)sc1C,5.769551078621726,CHEMBL39013,230,1999.0
Cc1nc(C2CCCCC2)c(-c2ccc(S(N)(=O)=O)cc2)o1,7.154901959985743,CHEMBL290031,230,2002.0
Cc1nc(C2CCCCC2)c(-c2ccc(S(N)(=O)=O)c(N)c2)o1,6.031517051446064,CHEMBL416589,230,2002.0
Cc1nc(C2CCCCC2)c(-c2ccc(S(N)(=O)=O)c(F)c2)o1,7.070581074285707,CHEMBL34913,230,2002.0
Cc1cccc(C=Cc2ccc(=O)[nH]n2)c1,7.807990407346329,CHEMBL4442101,230,2019.0
Cc1cccc(C=Cc2ccc(=O)n(-c3ccc(F)cc3)n2)c1,7.437231456983481,CHEMBL4574755,230,2019.0
Cc1cccc(CNc2cc(C(F)(F)F)nc(-c3ccc(S(C)(=O)=O)cc3)n2)c1,5.714442690992226,CHEMBL272587,230,2008.0
Cc1cccc(Cl)c1Nc1ccccc1CC(=O)O,7.698970004336019,CHEMBL76084,230,2007.0
Cc1cccc(Nc2ccccc2C(=O)O)c1C,5.537602002101044,CHEMBL686,230,2013.0
Cc1ccccc1-c1c(Cl)ccc2c1C=C(C(=O)O)C(C(F)(F)F)O2,5.703334809738469,CHEMBL1630238,230,2010.0
Cc1ccccc1-n1cc(CSc2nc3ccccc3o2)nn1,5.329754146925875,CHEMBL3264697,230,2014.0
Cc1ccccc1C1C2CCc3ccccc3C2=NN1c1ccc(S(N)(=O)=O)cc1,5.484126156288321,CHEMBL3410339,230,2015.0
Cc1ccccc1C1C2COc3ccccc3C2=NN1c1ccc(S(N)(=O)=O)cc1,6.337242168318426,CHEMBL3410355,230,2015.0
Cc1ccc(-c2nn(-c3ccccc3)cc2C2NC(C(=O)O)CS2)cc1,6.026872146400301,CHEMBL1631308,230,2010.0
Cc1ccccc1CNc1cc(C(F)(F)F)nc(-c2ccc(S(C)(=O)=O)cc2)n1,5.242603971206975,CHEMBL272605,230,2008.0
Cc1cnc2c(-c3ccc(F)cc3)c(-c3ccc(S(C)(=O)=O)cc3)nn2c1C,7.920818753952375,CHEMBL331921,230,2001.0
Cc1csc(Sc2cc3c(cc2NS(C)(=O)=O)CCC3=O)n1,6.42021640338319,CHEMBL37414,230,1999.0
Cc1csc(Sc2cc3c(cc2NS(C)(=O)=O)COC3=O)n1,5.161150909262744,CHEMBL43520,230,1999.0
Cc1nc(-c2ccc(C)s2)c(-c2ccc(S(N)(=O)=O)c(F)c2)o1,7.585026652029182,CHEMBL284761,230,2002.0
Cc1nc(-c2ccc(C)s2)c(-c2ccc(S(N)(=O)=O)cc2)o1,7.920818753952375,CHEMBL38368,230,2002.0
Cc1nc(-c2ccc(F)cc2)c(-c2ccc(S(N)(=O)=O)c(F)c2)o1,7.397940008672037,CHEMBL289653,230,2002.0
Cc1nc(-c2ccc(F)cc2)c(-c2ccc(S(N)(=O)=O)cc2)o1,7.698970004336019,CHEMBL290192,230,2002.0
Cc1nc(C)c(CN2CCN(C(=O)c3cc4cc(Cl)ccc4n3Cc3ccc(Cl)cc3)CC2)nc1C,7.660349842386316,CHEMBL4444717,230,2019.0
Cc1nc(C2CCCCC2)c(-c2ccc(S(N)(=O)=O)c(C)c2)o1,5.698970004336019,CHEMBL35783,230,2002.0
Cc1ccsc1CNc1cc(C(F)(F)F)nc(-c2ccc(S(C)(=O)=O)cc2)n1,6.277530614115969,CHEMBL403099,230,2008.0
Cc1ccc(-c2ncc(Cl)cc2-c2ccc(S(C)(=O)=O)cc2)cn1,5.958607314841775,CHEMBL416146,230,1998.0
Cc1ccc(-c2cn(Cc3ccc(S(N)(=O)=O)cc3)nn2)cc1,5.920818753952375,CHEMBL2398537,230,2013.0
Cc1ccc(-c2cn(CCc3ccc(S(N)(=O)=O)cc3)nn2)cc1,5.468521082957745,CHEMBL2398542,230,2013.0
Cc1c(C(=O)C(Cl)=NO)cnn1-c1ccccc1,5.632644078973981,CHEMBL4084975,230,2017.0
Cc1c(C(=O)N(C)c2ccccc2)nc2ccc(Cl)cc2c1O,5.7594507517174005,CHEMBL4096972,230,2017.0
Cc1c(C(=O)N2CCCCC2)nc2ccc(Cl)cc2c1O,5.503070351926786,CHEMBL4104705,230,2017.0
Cc1c(C(=O)N2CCN(c3ccccc3)CC2)nc2ccc(Cl)cc2c1O,5.94692155651658,CHEMBL4074825,230,2017.0
Cc1c(C(=O)N2CCNCC2)nc2ccc(Cl)cc2c1O,5.55129368009492,CHEMBL4066899,230,2017.0
Cc1c(C(=O)NC(CO)Cc2ccccc2)nc2ccc(Cl)cc2c1O,5.555955204081924,CHEMBL4066211,230,2017.0
Cc1c(C(=O)NC2CCCCC2)nc2ccc(Cl)cc2c1O,5.85078088734462,CHEMBL4087573,230,2017.0
Cc1c(C(=O)NC2CCCN(Cc3ccccc3)C2)nc2ccc(Cl)cc2c1O,5.450996737974212,CHEMBL4076205,230,2017.0
Cc1c(C(=O)NCCc2ccccc2)nc2ccc(Cl)cc2c1O,5.5951662833800615,CHEMBL4061105,230,2017.0
Cc1c(C(=O)NCc2nc3ccccc3[nH]2)nc2ccc(Cl)cc2c1O,5.917214629683549,CHEMBL4069774,230,2017.0
Cc1c(C(=O)c2conc2C(=O)c2cnn(-c3ccccc3)c2C)cnn1-c1ccccc1,5.346787486224656,CHEMBL4064047,230,2017.0
Cc1c(C(=O)c2nocc2C(=O)c2ccccc2)cnn1-c1ccccc1,5.826813731587726,CHEMBL4102029,230,2017.0
Cc1c(C2=C(N=O)Nc3ccccc3N2)cnn1-c1ccccc1,5.79317412396815,CHEMBL4088373,230,2017.0
Cc1c(C2=C(N=O)Oc3ccccc3N2)cnn1-c1ccccc1,5.376750709602099,CHEMBL4082443,230,2017.0
Cc1c(C2=C(N=O)Oc3cccnc3N2)cnn1-c1ccccc1,5.913640169325252,CHEMBL4100461,230,2017.0
Cc1c(C2=C(N=O)Sc3ccccc3N2)cnn1-c1ccccc1,5.73754891026957,CHEMBL4067108,230,2017.0
Cc1c(CC(=O)O)cccc1-c1ccn(C(F)F)c(=O)c1,5.920818753952375,CHEMBL596888,230,2010.0
Cc1c(Cl)ccc2c1C=C(C(=O)O)C(C(F)(F)F)O2,6.920818753952375,CHEMBL1630232,230,2010.0
Cc1c(Cl)nc(-c2ccc(S(C)(=O)=O)cc2)nc1NCc1ccc(F)cc1,7.162411561764489,CHEMBL256847,230,2008.0
Cc1c(Br)c(C)c2c(c1Br)OC(C(F)(F)F)C(C(=O)O)=C2,7.161150909262744,CHEMBL3342569,230,2014.0
Cc1c(-c2nnc(-c3cnn(-c4ccccc4)c3C)c3nocc23)cnn1-c1ccccc1,5.162411561764489,CHEMBL4101105,230,2017.0
Cc1c(-c2nnc(-c3ccccc3)c3conc23)cnn1-c1ccccc1,6.107905397309519,CHEMBL4093362,230,2017.0
Cc1c(-c2nn(-c3ccccc3)cc2C=NO)nnn1-c1ccc(S(N)(=O)=O)cc1,7.397940008672037,CHEMBL4788698,230,2020.0
CSc1nc2ccccc2n1-c1csc(NCC(=O)c2ccc(Cl)cc2)n1,6.853871964321762,CHEMBL4640385,230,2020.0
CSc1nc2ccccc2n1-c1csc(NCC(C)=NN=C2SCC(=O)N2c2ccccc2)n1,7.173925197299173,CHEMBL4642268,230,2020.0
CSc1nc2ccccc2n1-c1csc(NCC(C)=NNC(=S)Nc2ccccc2)n1,7.1249387366083,CHEMBL4648858,230,2020.0
CSc1nc2ccccc2n1-c1csc(NCC(C)=O)n1,7.161150909262744,CHEMBL4644150,230,2020.0
CSc1nc2ccccc2n1-c1csc2nc(-c3ccccc3)cn12,6.657577319177793,CHEMBL4634111,230,2020.0
CSc1nc2ccccc2n1Cc1nnc2n1N=C(c1ccc(C)cc1)CS2,6.6020599913279625,CHEMBL4641800,230,2020.0
Cc1[nH]c2cc(S(C)(=O)=O)ccc2c1C(=O)c1ccc(F)cc1,5.764471553092451,CHEMBL361055,230,2004.0
Cc1[nH]c2cc(S(C)(=O)=O)ccc2c1Oc1ccc(Cl)cc1,5.42021640338319,CHEMBL184075,230,2004.0
Cc1[nH]c2cc(S(C)(=O)=O)ccc2c1Oc1ccc(Cl)cc1Cl,5.3872161432802645,CHEMBL360343,230,2004.0
Cc1c(NCc2ccc(F)cc2)nc(-c2ccc(S(C)(=O)=O)cc2)nc1C(F)(F)F,7.649751981665837,CHEMBL257678,230,2008.0
Cc1[nH]c2cc(S(C)(=O)=O)ccc2c1Oc1ccc(F)cc1,5.698970004336019,CHEMBL362093,230,2004.0
Cc1[nH]c2cc(S(C)(=O)=O)ccc2c1Sc1ccc(F)cc1,5.657577319177793,CHEMBL362290,230,2004.0
Cc1[nH]c2cc(S(C)(=O)=O)ccc2c1Sc1ccc(F)cc1F,6.113509274827518,CHEMBL363767,230,2004.0
Cc1[nH]c2cc(S(C)(=O)=O)ccc2c1Sc1ccccn1,5.2839966563652006,CHEMBL183653,230,2004.0
Cc1c(-c2c(N=O)nc3ncccn23)cnn1-c1ccccc1,5.809668301829708,CHEMBL4092736,230,2017.0
Cc1c(-c2nc3ccccc3nc2N=O)cnn1-c1ccccc1,5.180456064458131,CHEMBL4077764,230,2017.0
Cc1c(-c2nc3ccccn3c2N=O)cnn1-c1ccccc1,5.756961951313706,CHEMBL4071957,230,2017.0
Cc1c(-c2nn(-c3ccccc3)cc2C=NO)nnn1-c1ccc(C(=O)O)cc1,7.397940008672037,CHEMBL4781301,230,2020.0
Cc1c(-c2nn(-c3ccccc3)cc2C=NO)nnn1-c1ccc(Cl)cc1,7.301029995663981,CHEMBL4786489,230,2020.0
Cc1c(-c2nn(-c3ccccc3)cc2C=NO)nnn1-c1ccc(F)cc1,7.301029995663981,CHEMBL4798519,230,2020.0
Cc1[nH]c2cc(S(C)(=O)=O)ccc2c1Oc1ccc(F)cc1F,5.3872161432802645,CHEMBL359563,230,2004.0
CSc1nc2ccccc2n1-c1csc(NC(=O)c2ccc(Cl)cc2)n1,6.6777807052660805,CHEMBL4649049,230,2020.0
Cc1c(NCc2ccccc2)nc(-c2ccc(S(C)(=O)=O)cc2)nc1C(F)(F)F,7.744727494896693,CHEMBL272862,230,2008.0
Cc1cc(-c2c(-c3ccc(S(C)(=O)=O)cc3)ccc(F)c2F)ccc1Cl,8.219970872662662,CHEMBL182695,230,2004.0
Cc1ccc(-c2c(Cl)c(CCl)nn2-c2ccc(S(N)(=O)=O)cc2)cc1,6.657577319177793,CHEMBL3601277,230,2015.0
Cc1ccc(-c2c(Cl)c(CO[N+](=O)[O-])nn2-c2ccc(S(N)(=O)=O)cc2)cc1,6.552841968657781,CHEMBL3601279,230,2015.0
Cc1ccc(-c2cc(C(=O)N3CCOCC3)nn2-c2ccc(S(N)(=O)=O)cc2)cc1,6.031517051446064,CHEMBL4539136,230,2019.0
Cc1ccc(-c2cc(C(=O)N3CCSCC3)nn2-c2ccc(S(N)(=O)=O)cc2)cc1,6.050609993355087,CHEMBL4515463,230,2019.0
Cc1ccc(-c2cc(C(=O)NCCCCCCC(=O)NO)nn2-c2ccc(S(C)(=O)=O)cc2)cc1,5.35261702988538,CHEMBL3884141,230,2017.0
Cc1ccc(-c2cc(C(=O)NN=Cc3c(Cl)c4ccccc4oc3=O)nn2-c2ccc(S(N)(=O)=O)cc2)c(C)c1,5.146910470148134,CHEMBL3823759,230,2016.0
Cc1ccc(-c2cc(C(=O)NN=Cc3c(Cl)c4ccccc4oc3=O)nn2-c2ccc(S(N)(=O)=O)cc2)cc1,5.158640529545146,CHEMBL3823238,230,2016.0
Cc1ccc(-c2cc(C(=O)NN=Cc3c(Cl)c4ccccc4oc3=O)nn2-c2ccc(S(N)(=O)=O)cc2)cc1C,5.204119982655925,CHEMBL3823814,230,2016.0
Cc1ccc(-c2cc(C(=O)OCCOc3cc(=O)oc4ccccc34)nn2-c2ccc(S(N)(=O)=O)cc2)cc1,6.309803919971486,CHEMBL4084887,230,2017.0
Cc1ccc(-c2cc(C(=O)OCCOc3ccc4ccc(=O)oc4c3)nn2-c2ccc(S(N)(=O)=O)cc2)cc1,6.3979400086720375,CHEMBL4075969,230,2017.0
Cc1ccc(-c2cc(C(F)(F)F)nn2-c2ccc(-c3nn[nH]n3)cc2)cc1,8.721246399047171,CHEMBL213338,230,2006.0
Cc1ccc(-c2cc(C(F)(F)F)nn2-c2ccc(S(=O)(=O)NCCCCCCC(=O)NO)cc2)cc1,6.522878745280337,CHEMBL3885496,230,2017.0
Cc1ccc(-c2cc(C(F)(F)F)nn2-c2ccc(S(C)(=O)=O)cc2)cc1,6.886056647693163,CHEMBL241970,230,2014.0
Cc1ccc(-c2cc(CCCNC(=O)Nc3cccc(C(F)(F)F)c3)nn2-c2ccc(S(N)(=O)=O)cc2)cc1,5.552841968657781,CHEMBL1766301,230,2011.0
Cc1ccc(-c2cc(CCl)nn2-c2ccc(S(N)(=O)=O)cc2)cc1,6.013228265733755,CHEMBL3601278,230,2015.0
Cc1ccc(-c2cc(CO)nn2-c2ccc(S(N)(=O)=O)cc2)cc1,5.896196279044043,CHEMBL2336619,230,2015.0
Cc1ccc(-c2cc(CO[N+](=O)[O-])nn2-c2ccc(S(N)(=O)=O)cc2)cc1,6.050609993355087,CHEMBL3601276,230,2015.0
Cc1ccc(-c2cc(Cl)cc3c2OC(C(F)(F)F)C(C(=O)O)=C3)cc1,6.987162775294828,CHEMBL1669034,230,2011.0
Cc1ccc(-c2cc(Cl)cc3c2OC(C(F)(F)F)C(C(=O)O)=C3)cc1F,7.180456064458131,CHEMBL1669039,230,2011.0
Cc1ccc(-c2c(-c3ccc(S(N)(=O)=O)cc3)ccc(F)c2F)cc1Cl,8.51999305704285,CHEMBL185547,230,2004.0
Cc1ccc(-c2c(-c3ccc(S(N)(=O)=O)cc3)ccc(F)c2F)cc1C,8.299988937677888,CHEMBL184375,230,2004.0
Cc1ccc(-c2c(-c3ccc(S(N)(=O)=O)cc3)ccc(F)c2F)cc1,8.400007822415901,CHEMBL184076,230,2004.0
Cc1ccc(-c2c(-c3ccc(S(C)(=O)=O)cc3)ssc2=S)cc1,5.045757490560675,CHEMBL491477,230,2009.0
Cc1cc(-c2c(-c3ccc(S(C)(=O)=O)cc3)ccc(F)c2F)ccc1F,8.299988937677888,CHEMBL188071,230,2004.0
Cc1cc(-c2c(-c3ccc(S(N)(=O)=O)cc3)ccc(F)c2F)ccc1Cl,8.51999305704285,CHEMBL185196,230,2004.0
Cc1cc(-c2c(-c3ccc(S(N)(=O)=O)cc3)ccc(F)c2F)ccc1F,8.700057099977233,CHEMBL365301,230,2004.0
Cc1cc(-n2cc(-c3ccc(F)cc3)nn2)n(-c2ccc(S(C)(=O)=O)cc2)n1,7.045757490560675,CHEMBL4444391,230,2020.0
Cc1cc(-n2cc(-c3ccc(N)cc3)nn2)n(-c2ccc(S(C)(=O)=O)cc2)n1,7.301029995663981,CHEMBL4466030,230,2020.0
Cc1cc(=O)c(Oc2ccc(F)cc2)c(-c2ccc(S(C)(=O)=O)cc2)o1,6.008773924307505,CHEMBL127084,230,2004.0
Cc1cc(Br)cc2c1OC(C(F)(F)F)C(C(=O)O)=C2,7.552841968657781,CHEMBL3342570,230,2014.0
Cc1cc(C)c2c(c1)C=C(C(=O)O)C(C(F)(F)F)O2,6.768801001050522,CHEMBL1288600_CHEMBL1288697,230,
Cc1cc(C)cc(Nc2cnccc2NS(=O)(=O)C(F)(F)F)c1,5.982966660701219,CHEMBL3113229,230,2014.0
Cc1c(NCc2cccs2)nc(-c2ccc(S(C)(=O)=O)cc2)nc1C(F)(F)F,7.4179366370882915,CHEMBL272678,230,2008.0
Cc1cc(Cl)c(C)c2c1OC(C(F)(F)F)C(C(=O)O)=C2,6.6777807052660805,CHEMBL1288730,230,2010.0
Cc1cc(Cl)cc2c1OC(C(F)(F)F)C(C(=O)O)=C2,7.184075268920091,CHEMBL1288565,230,2010.0
Cc1cc(Nc2cnccc2NS(=O)(=O)C(F)(F)F)ccc1Br,6.522878745280337,CHEMBL3113235,230,2014.0
Cc1cc(S(F)(F)(F)(F)F)cc2c1OC(C(F)(F)F)C(C(=O)O)=C2,7.585026652029182,CHEMBL4095906,230,2017.0
Cc1cc2c(c(C)c1Br)C=C(C(=O)O)C(C(F)(F)F)O2,6.721246399047171,CHEMBL3342568,230,2014.0
Cc1cc2c(cc1F)-c1c(c(C(F)(F)F)nn1-c1ccc(S(N)(=O)=O)cc1)SC2,7.795880017344075,CHEMBL94494,230,1996.0
Cc1ccc(-c2c(-c3ccc(S(C)(=O)=O)cc3)c3cccc4ccn2c43)cc1,7.698970004336019,CHEMBL4172247,230,2017.0
Cc1ccc(-c2c(-c3ccc(S(C)(=O)=O)cc3)ccc(F)c2F)cc1,8.160019442321657,CHEMBL365622,230,2004.0
Cc1ccc(-c2c(-c3ccc(S(C)(=O)=O)cc3)ccc(F)c2F)cc1C,7.639974910810602,CHEMBL184389,230,2004.0
Cc1ccc(-c2c(-c3ccc(S(C)(=O)=O)cc3)ccc(F)c2F)cc1Cl,7.890084136976206,CHEMBL362137,230,2004.0
Cc1cc(Cl)c2c(c1)C=C(C(=O)O)C(C(F)(F)F)O2,6.914575898178345,CHEMBL1288566,230,2010.0
CN1C(=O)C(c2ccccc2)=C(c2ccc(S(N)(=O)=O)cc2)C1=O,7.443697499232712,CHEMBL3233599,230,2014.0
CS(=O)(=O)c1ccc(-c2nc(O)cc(NCc3cccs3)n2)cc1,7.100179497572904,CHEMBL272393,230,2008.0
CC(=O)Oc1ccccc1C(=O)OC(CO[N+](=O)[O-])CO[N+](=O)[O-],5.113509274827518,CHEMBL467905,230,2009.0
CCc1ccc(-n2cc(CSc3nc4ccccc4o3)nn2)cc1,5.42021640338319,CHEMBL3264690,230,2014.0
CCCCCCNC(=O)Oc1cccc(-c2ccc(C(C)C(=O)O)cc2C)c1,5.853871964321762,CHEMBL3774833,230,2016.0
CCc1ccc(-n2cc(CNC(=O)C(=O)c3cc4ccccc4[nH]3)nn2)cc1,6.920818753952375,CHEMBL4455511,230,2019.0
CCCCCCNC(=O)Oc1cccc(-c2ccc(C(C)C(=O)O)cc2C(F)(F)F)c1,6.698970004336019,CHEMBL3775510,230,2016.0
CCc1ccc(-c2cc(Cl)cc3c2OC(C(F)(F)F)C(C(=O)O)=C3)cc1,7.105683937315561,CHEMBL1669035,230,2011.0
CCCCCCCNC(=O)Oc1cccc(-c2ccc(C(C)C(=O)O)cc2F)c1,6.494850021680094,CHEMBL3775979,230,2016.0
CCCCCCN(CCCCCC)C(=O)C=Cc1c(C=Cc2ccc(OC)cc2)cc(OC)cc1OC,5.041914151478915,CHEMBL2334133,230,2013.0
CCCCCCNC(=O)C=Cc1c(C=Cc2ccc(OC)cc2)cc(OC)cc1OC,5.046240308266771,CHEMBL2334142,230,2013.0
CC(NC(=O)CNC(=O)OCc1ccccc1)C(=O)NC(C(=O)O)C(C)C,5.522878745280337,CHEMBL3809760,230,2016.0
CC(C)Nc1cc(NCc2cccs2)nc(-c2ccc(S(C)(=O)=O)cc2)n1,7.987162775294828,CHEMBL271614,230,2008.0
CC(C)Nc1cc(NCc2ccccc2)nc(-c2ccc(S(C)(=O)=O)cc2)n1,6.562566556202029,CHEMBL272208,230,2008.0
CC(NC(=O)CN)C(=O)NC(C(=O)O)C(C)C,6.698970004336019,CHEMBL3809958,230,2016.0
CCCCCCNC(=O)Oc1cccc(-c2ccc(C(C)C(=O)O)cc2)c1,6.161150909262744,CHEMBL3774686,230,2016.0
CCCCCCNC(=O)Nc1cccc(-c2ccc(C(C)C(=O)O)cc2F)c1,6.251811972993799,CHEMBL3775653,230,2016.0
CCc1cc(S(F)(F)(F)(F)F)cc2c1OC(C(F)(F)F)C(C(=O)O)=C2,7.221848749616356,CHEMBL4068589,230,2017.0
CCOC(=O)C(=Cc1cccc(F)c1)CSc1nncn1C,5.411168274405792,CHEMBL3234232,230,2014.0
CCOC(=O)C(=Cc1cccc(Cl)c1)CSc1nc(C)cc(C)n1,5.230622673923861,CHEMBL3234234,230,2014.0
CCC(=C(c1ccccc1)c1ccccc1)c1ccc(S(C)(=O)=O)cc1,5.911954370472159,CHEMBL1221730,230,2010.0
CCC(=C(c1ccccc1)c1ccc(OC(C)=O)cc1)c1ccc(S(C)(=O)=O)cc1,7.522878745280337,CHEMBL2283154,230,2013.0
CCc1ccc(C(=O)C=CC2=Cc3c(ccc4ccccc34)OC2)cc1,6.366531544420413,CHEMBL4570476,230,2019.0
CCC(=C(c1ccccc1)c1ccc(O)cc1)c1ccc(S(C)(=O)=O)cc1,5.721246399047171,CHEMBL1221677,230,2010.0
CCc1ccc(C(=O)C=CC2=Cc3ccccc3OC2)cc1,6.4089353929735005,CHEMBL4584799,230,2019.0
CCn1nc(-c2ccc(S(N)(=O)=O)cc2)c(-c2ccc(F)cc2)c1C(F)(F)F,7.481486060122112,CHEMBL302266,230,1997.0
CC(C(=O)O)c1ccc(Cc2ccoc2)cc1F,5.3979400086720375,CHEMBL2063854,230,2012.0
CC(C(=O)O)c1ccc(Cc2ccsc2)cc1F,5.080921907623926,CHEMBL2063855,230,2012.0
CC(C(=O)O)c1cccc(C(=O)c2ccccc2)c1,7.214670164989233,CHEMBL372052_CHEMBL571,230,
CC(C(=O)O)c1ccccc1-c1ccn(C(F)F)c(=O)c1,5.585026652029182,CHEMBL596887,230,2010.0
CC(C(=O)O)c1cccn(C(F)F)c1=O,5.229147988357855,CHEMBL1092136,230,2010.0
CC(C(=O)O)c1ccn(C(F)F)c(=O)c1,5.259637310505756,CHEMBL1092137,230,2010.0
CCn1c(Cn2nc(Cc3ccc([N+](=O)[O-])cc3)c3onc(C)c3c2=O)n[nH]c1=S,5.036212172654444,CHEMBL2018671,230,2012.0
CCCCNC(=O)C=Cc1c(C=Cc2ccc(OC)cc2)cc(OC)cc1OC,5.991399828238082,CHEMBL2334141,230,2013.0
CCn1c(Cn2nc(Cc3ccccc3)c3onc(C)c3c2=O)n[nH]c1=S,5.214670164989233,CHEMBL2018668,230,2012.0
CC(Nc1cc(C(F)(F)F)nc(-c2ccc(S(C)(=O)=O)cc2)n1)c1ccccc1,6.282495925235798,CHEMBL271312,230,2008.0
CCc1cccc(C)c1Nc1ccccc1CC(=O)O,6.485452247339714,CHEMBL259842,230,2007.0
CCc1ccc2c(c1)C=C(C(=O)O)C(C(F)(F)F)O2,6.481486060122112,CHEMBL1288539,230,2010.0
CCN(CC)C(=O)C=Cc1c(C=Cc2ccc(OC)cc2)cc(OC)cc1OC,5.330683119433887,CHEMBL2333755,230,2013.0
CCCCCCOC(=O)Nc1cccc(-c2ccc(C(C)C(=O)O)cc2F)c1,6.769551078621726,CHEMBL3774442,230,2016.0
CCCCCCNC(=O)Oc1cccc(-c2ccc(CC(=O)O)cc2F)c1,6.619788758288394,CHEMBL3775770,230,2016.0
CCCCCCNC(=O)Oc1cccc(-c2ccc(C(C)C(=O)O)cc2[N+](=O)[O-])c1,6.031517051446064,CHEMBL3775430,230,2016.0
CCCCCCNC(=O)Oc1cccc(-c2ccc(C(C)C(=O)O)cc2Cl)c1,6.136677139879544,CHEMBL3774941,230,2016.0
CC(NC(=O)OCc1ccccc1)C(=O)NCC(=O)N1CCCC1C(=O)O,7.698970004336019,CHEMBL4535676,230,2019.0
CCn1nc(-c2ccc(S(C)(=O)=O)cc2)c(-c2ccc(F)cc2)c1C(F)(F)F,6.886056647693163,CHEMBL68127,230,1997.0
CCc1ccc(N2C(=O)CSC2=NNC(=O)COc2ccc(Cl)cc2Cl)cc1,5.159266765388193,CHEMBL4070457,230,2017.0
CCC(=C(c1ccccc1)c1ccc(NS(C)(=O)=O)cc1)c1ccccc1,5.7447274948966935,CHEMBL2283177,230,2013.0
CCC(=C(c1ccccc1)c1cc(C(C)(C)C)c(O)c(C(C)(C)C)c1)c1ccc(S(C)(=O)=O)cc1,5.752026733638193,CHEMBL2283158,230,2013.0
CC(Cl)C(=O)Nc1c(C#N)cnn1-c1ccc(S(N)(=O)=O)cc1,6.96537154337468,CHEMBL4436821,230,2019.0
CCC1SCC(=O)N1c1c(C#N)c2n(c1C(=O)Nc1ccc(C)cc1)CCC2,5.903089986991944,CHEMBL4466133,230,2020.0
CCc1c(NCc2cccs2)nc(-c2ccc(S(C)(=O)=O)cc2)nc1C(F)(F)F,6.917573699139228,CHEMBL270517,230,2008.0
CCc1c(NCc2ccc(F)cc2)nc(-c2ccc(S(C)(=O)=O)cc2)nc1C(F)(F)F,6.988006885340743,CHEMBL404362,230,2008.0
CCCCC(=O)c1cc(C(C)(C)C)c2c(c1)C(C)(C)CCS2,6.3979400086720375,CHEMBL276800,230,1998.0
CC[S+]([O-])c1cc(NCc2cccs2)nc(-c2ccc(S(C)(=O)=O)cc2)n1,7.424812155072339,CHEMBL406527,230,2008.0
CCSc1nc(-c2ccccc2)c(-c2ccc(S(C)(=O)=O)cc2)[nH]1,7.301029995663981,CHEMBL2347671,230,2013.0
CCSc1nc(-c2ccc(F)cc2)c(-c2ccc(S(C)(=O)=O)cc2)[nH]1,7.096910013008056,CHEMBL2347672,230,2013.0
CCSc1nc(-c2ccc(Cl)cc2)c(-c2ccc(S(C)(=O)=O)cc2)[nH]1,6.958607314841775,CHEMBL2347673,230,2013.0
CC(C)CC(NC(=O)C(Cc1ccccc1)NC(=O)CNC(=O)CN)C(=O)O,6.3979400086720375,CHEMBL3809116,230,2016.0
CC(C)CC(NC(=O)C(C)NC(=O)C(NC(=O)CNC(=O)OCc1ccccc1)C(C)C)C(=O)O,6.522878745280337,CHEMBL3809120,230,2016.0
CCSc1ccc(-c2cc(Cl)cc3c2OC(C(F)(F)F)C(C(=O)O)=C3)cc1,6.616184634019569,CHEMBL1669037,230,2011.0
CCSc1cc(NCc2cccs2)nc(-c2ccc(S(C)(=O)=O)cc2)n1,8.920818753952375,CHEMBL272433,230,2008.0
CCSc1cc(NCc2ccccc2)nc(-c2ccc(S(C)(=O)=O)cc2)n1,7.617982957425132,CHEMBL408788,230,2008.0
CCS(=O)(=O)c1nc(-c2ccccc2)c(-c2ccc(S(C)(=O)=O)cc2)[nH]1,6.619788758288394,CHEMBL2347674,230,2013.0
CCCCc1cc(S(F)(F)(F)(F)F)cc2c1OC(C(F)(F)F)C(C(=O)O)=C2,6.721246399047171,CHEMBL4088012,230,2017.0
CC1=C(CC(=O)O)c2cc(F)ccc2C1=Cc1ccc([S+](C)[O-])cc1,5.055517327849831,CHEMBL15770,230,2015.0
CCS(=O)(=O)c1nc(-c2ccc(F)cc2)c(-c2ccc(S(C)(=O)=O)cc2)[nH]1,6.508638306165727,CHEMBL2347675,230,2013.0
CC1=CCC(=NN=C(C)c2cc3ccccc3oc2=O)N1C,6.508638306165727,CHEMBL4127948,230,2018.0
CCS(=O)(=O)c1nc(-c2ccc(Cl)cc2)c(-c2ccc(S(C)(=O)=O)cc2)[nH]1,6.494850021680094,CHEMBL2347676,230,2013.0
CC(C)CC(NC(=O)C(Cc1ccccc1)NC(=O)CNC(=O)CNC(=O)OCc1ccccc1)C(=O)O,6.301029995663981,CHEMBL3810167,230,2016.0
CCCCC(=O)c1cc(C(C)(C)C)c2c(c1)C(C)(C)CO2,7.397940008672037,CHEMBL13661,230,1998.0
C=CCN(CC=C)C(=O)C=Cc1c(C=Cc2ccc(OC)cc2)cc(OC)cc1OC,5.096367483915762,CHEMBL2334134,230,2013.0
CC(C)CC(NC(=O)C(NC(=O)C(C)NC(=O)CNC(=O)OCc1ccccc1)C(C)C)C(=O)O,5.096910013008056,CHEMBL3810258,230,2016.0
CC(C)Cc1ccc(C(C)C(=O)n2c3ccccc3c(=O)c3ccccc32)cc1,5.7447274948966935,CHEMBL2315018,230,2013.0
CCOC(=O)C(=Cc1ccc(Br)cc1)CSc1nc(C)cc(C)n1,5.498940737782249,CHEMBL3234235,230,2014.0
CC(C)Cc1ccc(C(C)C(=O)Oc2ccc(CCO)cc2)cc1,9.69897000433602,CHEMBL1958349,230,2012.0
CC(C)Cc1ccc(C(C)C(=O)OCCn2c3ccccc3c(=O)c3ccccc32)cc1,6.173925197299173,CHEMBL2315014,230,2013.0
CC(C)Cc1ccc(C(C)C(=O)OCCNS(=O)(=O)c2cccc3c(N(C)C)cccc23)cc1,5.036212172654444,CHEMBL2311577,230,2013.0
CC(C)Cc1ccc(C(C)C(=O)OC(CO[N+](=O)[O-])CO[N+](=O)[O-])cc1,5.769551078621726,CHEMBL466243,230,2009.0
CC(C)Cc1ccc(C(C)C(=O)NCCc2c[nH]c3ccc(O)cc23)cc1,5.0,CHEMBL3359452,230,2014.0
CCOC=Nc1nnc(-c2ccc(Cl)cc2)o1,7.0,CHEMBL4456191,230,2019.0
CCOC=Nc1nnc(-c2ccccc2)o1,6.958607314841775,CHEMBL4440531,230,2019.0
CC(C(=O)O)c1ccc(Cc2ccco2)cc1F,5.3872161432802645,CHEMBL2063852,230,2012.0
CCOC=Nc1nnc(-c2cccnc2)o1,6.42021640338319,CHEMBL4533452,230,2019.0
CCc1cc(C)c2c(c1)C=C(C(=O)O)C(C(F)(F)F)O2,6.568636235841012,CHEMBL1288641,230,2010.0
C=Cc1csc(Sc2cc3c(cc2NS(C)(=O)=O)COC3=O)n1,6.508638306165727,CHEMBL41405,230,1999.0
C=Cc1cc(Cl)cc2c1OC(C(F)(F)F)C(C(=O)O)=C2,7.744727494896693,CHEMBL1288618,230,2010.0
C=CCn1nc(-c2ccc(S(C)(=O)=O)cc2)c(-c2ccc(F)cc2)c1C(F)(F)F,7.1249387366083,CHEMBL66856,230,1997.0
CC(C)Oc1ccc(-c2ccc(C(=Cc3ccc(S(C)(=O)=O)cc3)C(=O)O)cc2)cc1,6.494850021680094,CHEMBL2283161,230,2013.0
CC1(O)OC(=O)C(c2ccc(Cl)cc2)=C1c1ccc(S(C)(=O)=O)cc1,5.769551078621726,CHEMBL381680,230,2005.0
CC(C)CC(NC(=O)CNC(=O)C(NC(=O)OCc1ccccc1)C(C)C)C(=O)NC(C)C(=O)O,7.301029995663981,CHEMBL3809863,230,2016.0
CCC1SCC(=O)N1c1c(C#N)c2n(c1C(=O)Nc1ccc(Cl)cc1)CCC2,5.939302159646388,CHEMBL4528233,230,2020.0
CC(C)CC(NC(=O)CNC(=O)C(N)C(C)C)C(=O)O,5.698970004336019,CHEMBL3809328,230,2016.0
CC(C)CNc1cc(C(F)(F)F)nc(-c2ccc(S(C)(=O)=O)cc2)n1,5.606310574670642,CHEMBL257483,230,2008.0
CCCN(CCC)C(=O)C=Cc1c(C=Cc2ccc(OC)cc2)cc(OC)cc1OC,5.09366495819491,CHEMBL2334129,230,2013.0
CC(C(=O)O)c1ccc(CC2CCCC2O)cc1,5.266714463806823,CHEMBL1275942_CHEMBL1814711,230,
CC(C(=O)O)c1ccc(CC2CCCC2=O)cc1,5.0,CHEMBL66552,230,2010.0
CN(C)c1ccc(-c2c(-c3ccc(S(C)(=O)=O)cc3)ccc(F)c2F)cc1Cl,8.100015437450608,CHEMBL364598,230,2004.0
CCC(C)C(=O)OC12C(OC(=O)c3ccccc3)C(C)C3(O)C(C=C(CO)CC4(O)C(=O)C(C)=CC43)C1C2(C)C,5.070581074285707,CHEMBL3400659,230,2015.0
CCc1nc(C2CCCCC2)c(-c2ccc(S(N)(=O)=O)c(F)c2)o1,6.920818753952375,CHEMBL37481,230,2002.0
CCCCCCCCCCCCCCCc1cc(O)cc(O)c1,5.627087997029893,CHEMBL98610,230,2020.0
CC(C)(C)c1cc(C(=O)CCCC2CC2)cc2c1OCCC2(C)C,5.522878745280337,CHEMBL15058,230,1998.0
CC(C)(C)c1cc(C(=O)CCCC2CC2)cc2c1OCC2(C)C,6.657577319177793,CHEMBL13623,230,1998.0
CCC=Nc1c(C#N)c2n(c1C(=O)Nc1ccccc1)CCCC2,5.146301788223825,CHEMBL4547592,230,2020.0
CC(=NN=C1CC(C)C(=O)N1C)c1cc2ccccc2oc1=O,6.4089353929735005,CHEMBL4129191,230,2018.0
CC(=NN=C1CCC(=O)N1C)c1cc2ccccc2oc1=O,6.508638306165727,CHEMBL4127794,230,2018.0
CC(=O)NS(=O)(=O)c1cc(-c2ccn(C(F)F)c(=O)c2)ccc1C(=O)O,5.585026652029182,CHEMBL579022,230,2009.0
CC(=O)Nc1c(C#N)cnn1-c1ccc(S(=O)(=O)NC(C)=O)cc1,7.212964817973777,CHEMBL4465079,230,2019.0
CC(=NNC(N)=O)c1nnn(-c2ccc(C(=O)O)cc2)c1C,6.537602002101044,CHEMBL4779635,230,2020.0
CCOC(=O)Cn1nc(-c2ccc(S(C)(=O)=O)cc2)c(-c2ccc(F)cc2)c1C(F)(F)F,6.356547323513812,CHEMBL65793,230,1997.0
CCOC(=O)C1=C(C)N(CC)C(=NN=C(C)c2cc3ccccc3oc2=O)C1,6.508638306165727,CHEMBL4129984,230,2018.0
CC(=NNC(N)=O)c1nnn(-c2ccc(Cl)cc2)c1C,6.494850021680094,CHEMBL4781926,230,2020.0
CC(=NNC(N)=O)c1nnn(-c2ccc(F)cc2)c1C,6.568636235841012,CHEMBL4786548,230,2020.0
CC(C)(C)OC(=O)N1CCCC1C(=O)NC(Cc1ccccc1)C(=O)O,7.096910013008056,CHEMBL4528493,230,2019.0
CCOC(=O)C(Cc1ccccc1)NC(=O)c1nc2ccc(Cl)cc2c(O)c1C,5.718966632752272,CHEMBL4095272,230,2017.0
CCCCCCCC(=C(c1ccccc1)c1ccccc1)c1ccc(S(C)(=O)=O)cc1,6.823908740944319,CHEMBL2283156,230,2013.0
CCC=Nc1c(C#N)c2n(c1C(=O)Nc1ccc(Cl)cc1)CCC2,5.372634143407268,CHEMBL4471314,230,2020.0
CCCCCCCC(=C(c1ccccc1)c1ccc(OC(C)=O)cc1)c1ccc(S(C)(=O)=O)cc1,5.102372908709558,CHEMBL2283153,230,2013.0
CN(C)c1ccc(-c2c(-c3ccc(S(N)(=O)=O)cc3)ccc(F)c2F)cc1Cl,8.219970872662662,CHEMBL363270,230,2004.0
CN(C)c1ccc(-c2nnnn2-c2ccc(S(C)(=O)=O)cc2)cc1,5.221848749616356,CHEMBL1956396,230,2012.0
CCOC(=O)C1CCN(C(=O)Nc2cc(-c3ccccc3)n(-c3ccc(S(N)(=O)=O)cc3)n2)CC1,5.539102157243452,CHEMBL4790061,230,2020.0
CCC(CO)NC(=O)Cc1c(C)n(C(=O)c2ccc(Cl)cc2)c2ccc(OC)cc12,6.77642098432889,CHEMBL24957_CHEMBL27784,230,
CN(C)c1ccc(C=Nc2ccc(S(N)(=O)=O)cc2)cc1,5.473660722610156,CHEMBL270671,230,2008.0
CC(C)(C)c1ccc(-n2cc(CSc3nc4ccccc4o3)nn2)cc1,5.414539270491499,CHEMBL3264701,230,2014.0
CC(C)(C)c1cc(NCc2cccs2)nc(-c2ccc(S(C)(=O)=O)cc2)n1,7.507239610973162,CHEMBL405071,230,2008.0
CC(C)(C)c1cc(NCc2ccccc2)nc(-c2ccc(S(C)(=O)=O)cc2)n1,7.027334407733889,CHEMBL271103,230,2008.0
CCCCCCCCCCCCCCCc1cccc(O)c1CSc1nc2cc(OC)ccc2[nH]1,6.0,CHEMBL347705,230,2003.0
CCOC(=O)C1CCN(C(=O)c2cc(-c3ccccc3)n(-c3ccc(S(N)(=O)=O)cc3)n2)CC1,5.3851027839668655,CHEMBL4799227,230,2020.0
CCC(CC)COc1cc2c(cc1Cl)C=C(C(=O)O)C(C(F)(F)F)O2,7.337242168318426,CHEMBL1630231,230,2010.0
CCc1csc(Sc2cc3c(cc2NS(C)(=O)=O)COC3=O)n1,6.0,CHEMBL43461,230,1999.0
CCc1csc(Sc2cc3c(cc2NS(C)(=O)=O)CCC3=O)n1,6.552841968657781,CHEMBL289731,230,1999.0
CCCCCCCCCCCCCCCc1cc(O)cc(OC)c1O,5.567030709125595,CHEMBL4750752,230,2020.0
CC(=C(c1ccccc1)c1ccccc1)c1ccc(S(C)(=O)=O)cc1,6.200659450546418,CHEMBL2283150,230,2013.0
CN(C)c1ccc(-c2nnnn2-c2ccc(S(N)(=O)=O)cc2)cc1,5.154901959985743,CHEMBL1956388,230,2012.0
CC1CN(c2ccc(S(N)(=O)=O)cc2)C(c2ccc(F)cc2)=N1,5.0,CHEMBL3322409,230,2014.0
CCC(C)NC(=O)C=Cc1c(C=Cc2ccc(OC)cc2)cc(OC)cc1OC,5.341035157335565,CHEMBL2333748,230,2013.0
CC1CN(c2ccc(S(N)(=O)=O)cc2)C(c2cccc(Br)c2)=N1,5.0,CHEMBL3322413,230,2014.0
CN(Cc1ccccc1)c1cc(C(F)(F)F)nc(-c2ccc(S(C)(=O)=O)cc2)n1,6.342466112442014,CHEMBL403720,230,2008.0
CCC(C)C(Nc1nc(Cl)nc(Nc2ccc(N3CCOCC3=O)cc2)n1)C(=O)OC,5.221848749616356,CHEMBL4643198,230,2020.0
CCCCCCCCCCCCCc1cc(O)cc(O)c1,5.562249437179612,CHEMBL451044,230,2020.0
CC(=NNC(N)=O)c1nnn(-c2ccc(S(=O)(=O)Nc3nccs3)cc2)c1C,6.468521082957745,CHEMBL4792442,230,2020.0
CC(=NNC(N)=O)c1nnn(-c2ccc(S(N)(=O)=O)cc2)c1C,6.376750709602099,CHEMBL4795119,230,2020.0
CC(=NNC(N)=S)c1nnn(-c2ccc(C(=O)O)cc2)c1C,7.301029995663981,CHEMBL4792785,230,2020.0
CCCCCCCCCCCc1cc(O)cc(OC)c1O,6.259637310505756,CHEMBL4761227,230,2020.0
CC(=O)c1nnn(-c2ccc(C(=O)O)cc2)c1C,6.376750709602099,CHEMBL4781068,230,2020.0
CC(=O)c1nnn(-c2ccc(Cl)cc2)c1C,6.920818753952375,CHEMBL4797170,230,2020.0
CCCCCc1cccc(OC)c1O,5.332547047110046,CHEMBL4739960,230,2020.0
CC(=O)c1nnn(-c2ccc(F)cc2)c1C,6.638272163982407,CHEMBL4784956,230,2020.0
CC(=O)c1nnn(-c2ccc(S(=O)(=O)Nc3nccs3)cc2)c1C,6.537602002101044,CHEMBL4786875,230,2020.0
CC(=O)c1nnn(-c2ccc(S(N)(=O)=O)cc2)c1C,6.958607314841775,CHEMBL4786755,230,2020.0
CC(=O)n1nc(-c2ccc(Cl)cc2)cc1-c1cn(-c2ccccc2)nc1-c1ccc(OCc2ccccc2)cc1,5.554395796726403,CHEMBL4448607,230,2019.0
CC(=O)n1nc(-c2ccccc2)cc1-c1cn(-c2ccccc2)nc1-c1ccc(OCc2ccccc2)cc1,5.714442690992226,CHEMBL4449905,230,2019.0
CC(C(=O)NCCc1c[nH]c2ccc(O)cc12)c1ccc(-c2ccccc2)c(F)c1,5.096910013008056,CHEMBL3359453,230,2014.0
CC(C(=O)NCCc1c[nH]c2ccc(O)cc12)c1cccc(Oc2ccccc2)c1,5.154901959985743,CHEMBL3359450,230,2014.0
CC(C(=O)Nc1c(C#N)cnn1-c1ccc(S(N)(=O)=O)cc1)N1CCOCC1,6.9108016331948505,CHEMBL4452534,230,2019.0
CCCc1cc(S(F)(F)(F)(F)F)cc2c1OC(C(F)(F)F)C(C(=O)O)=C2,7.337242168318426,CHEMBL4069602,230,2017.0
CCn1c(Cn2nc(Cc3ccc(OC)cc3)c3onc(C)c3c2=O)n[nH]c1=S,5.657577319177793,CHEMBL2018674,230,2012.0
CC(C(=O)O)c1ccc(-c2cccc(OC(=O)NCCCc3ccccc3)c2)c(F)c1,5.207608310501746,CHEMBL3774586,230,2016.0
CC(C(=O)O)c1ccc(-c2cccc(OC(=O)Nc3ccccc3)c2)c(F)c1,5.568636235841012,CHEMBL3774754,230,2016.0
CC(C(=O)O)c1ccc(-c2ccccc2)c(F)c1,5.905217748765717,CHEMBL435298_CHEMBL563,230,
CC(C(=O)O)c1ccc(-c2ccn(C(F)F)c(=O)c2)cc1,5.619788758288394,CHEMBL607560,230,2010.0
CC(C(=O)O)c1ccc(=O)n(C(F)F)c1,5.1938200260161125,CHEMBL1092138,230,2010.0
CC(=O)c1cccc(OC(=O)c2c(-c3ccccc3)sc3c2CCCC3)c1,6.508638306165727,CHEMBL4098600,230,2017.0
CCCCCCCCCCCCCc1cc(O)cc(OC)c1O,5.809668301829708,CHEMBL4798135,230,2020.0
CC(=NNc1nc(-c2ccc(Cl)cc2)cs1)c1nnn(-c2ccc(S(N)(=O)=O)cc2)c1C,7.397940008672037,CHEMBL4780406,230,2020.0
CC(=O)c1ccc(Nc2nc(N3CCOCC3)nc(N3CCOCC3)n2)cc1,5.872895201635192,CHEMBL1578132,230,2017.0
CC(=O)Nc1ccc(C(=Cc2ccc(S(C)(=O)=O)cc2)C(=O)O)cc1,5.6020599913279625,CHEMBL2283159,230,2013.0
CC(=NNC(N)=S)c1nnn(-c2ccc(Cl)cc2)c1C,6.619788758288394,CHEMBL4794203,230,2020.0
CC(=O)Nc1ccc(OC(=O)c2c(-c3ccccc3)sc3c2CCCC3)cc1,5.853871964321762,CHEMBL4069250,230,2017.0
CC(=NNC(N)=S)c1nnn(-c2ccc(F)cc2)c1C,7.154901959985743,CHEMBL4790291,230,2020.0
CC(=NNC(N)=S)c1nnn(-c2ccc(S(=O)(=O)Nc3nccs3)cc2)c1C,7.301029995663981,CHEMBL4779437,230,2020.0
CC(=NNC(N)=S)c1nnn(-c2ccc(S(N)(=O)=O)cc2)c1C,7.301029995663981,CHEMBL4791577,230,2020.0
CCc1onc(-c2ccccc2)c1-c1ccccc1,5.826813731587726,CHEMBL361504,230,2004.0
CC(=NNc1nc(-c2ccc(Cl)cc2)cs1)c1nnn(-c2ccc(C(=O)O)cc2)c1C,7.154901959985743,CHEMBL4797489,230,2020.0
CC(=NNc1nc(-c2ccc(Cl)cc2)cs1)c1nnn(-c2ccc(Cl)cc2)c1C,7.221848749616356,CHEMBL4788147,230,2020.0
CC(C(=O)O)c1ccc(CC2CCCC2=O)cc1Cl,5.698970004336019,CHEMBL1814707,230,2011.0
CCCCCNC(=O)Oc1cccc(-c2ccc(C(C)C(=O)O)cc2F)c1,6.795880017344075,CHEMBL3775104,230,2016.0
CCCCCNc1cc(C(F)(F)F)nc(-c2ccc(S(C)(=O)=O)cc2)n1,6.137510833094103,CHEMBL257491,230,2008.0
CC(=O)OC12C(OC(=O)C(C(C)C)N(C)C)C(C)C3(O)C4C=C(C)C(=O)C4CC(CO)=CC3C1C2(C)C,5.657577319177793,CHEMBL500387_CHEMBL525601,230,
CC(=NNc1nc(-c2ccc(Cl)cc2)cs1)c1nnn(-c2ccc(F)cc2)c1C,7.301029995663981,CHEMBL4783879,230,2020.0
CC(=NNc1nc(-c2ccc(Cl)cc2)cs1)c1nnn(-c2ccc(S(=O)(=O)Nc3nccs3)cc2)c1C,7.397940008672037,CHEMBL4794089,230,2020.0
CC(=O)Oc1ccccc1C(=O)Oc1ccc(CCO)cc1,6.42021640338319,CHEMBL1958348,230,2012.0
CCCCCCC(=C(c1ccccc1)c1ccc(NS(C)(=O)=O)cc1)c1ccccc1,7.522878745280337,CHEMBL2283175,230,2013.0
CCCCCC=CCC=CCC=CCC=CCCCC(=O)NCCc1c[nH]c2ccc(O)cc12,5.301029995663981,CHEMBL191534,230,2014.0
CCCCCC(=C(c1ccccc1)c1ccccc1)c1ccc(S(C)(=O)=O)cc1,5.698970004336019,CHEMBL2283149,230,2013.0
CC(=O)c1ccc(Nc2nc(N3CCCCC3)nc(N3CCCCC3)n2)cc1,5.617982957425132,CHEMBL4104574,230,2017.0
CC(=O)OC12C(OC(=O)C(C(C)C)N(C)C)C(C)C3(O)C(C=C(CO)CC4(O)C(=O)C(C)=CC43)C1C2(C)C,5.657577319177793,CHEMBL502799,230,2006.0
CCC1(C)COc2ccc(C(=O)CCCC3CC3)cc21,5.301029995663981,CHEMBL15014,230,1998.0
CN1C(=O)C(c2ccc(Cl)cc2)=C(c2ccc(S(N)(=O)=O)cc2)C1=O,8.221848749616356,CHEMBL3233602,230,2014.0
CC(=C(c1ccccc1)c1ccc(S(C)(=O)=O)cc1)c1cc(C(C)(C)C)c(O)c(C(C)(C)C)c1,5.443697499232712,CHEMBL2283167,230,2013.0
CC(C)c1ccc2occ(C=C3C(=O)N(c4c(Cl)cccc4Cl)c4ccccc43)c(=O)c2c1,8.236572006437063,CHEMBL3314086,230,2014.0
CN(C)C=CC(=O)c1ccc(Nc2nc(N3CCCCC3)nc(N3CCCCC3)n2)cc1,5.75448733218585,CHEMBL4078762,230,2017.0
CCOc1ccc(-n2cc(CSc3nc4ccccc4o3)nn2)cc1,5.455931955649724,CHEMBL3264702,230,2014.0
CCOc1ccc(-c2cc(Cl)cc3c2OC(C(F)(F)F)C(C(=O)O)=C3)cc1,6.449771646944906,CHEMBL1669036,230,2011.0
CC(C)c1nc(C2CCCCC2)c(-c2ccc(S(N)(=O)=O)c(F)c2)o1,6.221848749616356,CHEMBL36815,230,2002.0
CCOc1ccc(-c2cc(C(=O)OCCN3CCOCC3)nn2-c2ccc(S(N)(=O)=O)cc2)cc1,5.954677021213342,CHEMBL4441218,230,2019.0
CCOc1ccc(-c2cc(C(=O)OCCCN3CCOCC3)nn2-c2ccc(S(N)(=O)=O)cc2)cc1,5.11690664142431,CHEMBL4569865,230,2019.0
CCOc1ccc(-c2cc(C(=O)NCCN3CCOCC3)nn2-c2ccc(S(N)(=O)=O)cc2)cc1,6.070581074285707,CHEMBL4532838,230,2019.0
CCOc1ccc(-c2cc(C(=O)NCCCN3CCOCC3)nn2-c2ccc(S(N)(=O)=O)cc2)cc1,6.040958607678906,CHEMBL4455944,230,2019.0
CCOc1ccc(-c2cc(C(=O)N3CCSCC3)nn2-c2ccc(S(N)(=O)=O)cc2)cc1,6.013228265733755,CHEMBL4440435,230,2019.0
CN(C)C=CC(=O)c1ccc(Nc2nc(N3CCOCC3)nc(N3CCOCC3)n2)cc1,6.259637310505756,CHEMBL4062843,230,2017.0
CC(C)=CCc1c(O)cc(O)c(CC=C(C)C)c1C=Cc1ccc(O)cc1,5.2441251443275085,CHEMBL4465694,230,2019.0
C#CCOc1ccc(C=C2SC(=O)NC2=O)cc1,6.481486060122112,CHEMBL4454251,230,2019.0
CCS(=O)(=O)c1cc(NCc2ccccc2)nc(-c2ccc(S(C)(=O)=O)cc2)n1,7.042392712939905,CHEMBL272239,230,2008.0
CCOc1ccc(-c2cc(-c3ccc(C(F)(F)F)cc3)n(-c3ccc(S(C)(=O)=O)cc3)n2)cc1,6.013228265733755,CHEMBL4165467,230,2017.0
CC1=NN(C(=O)c2ccccc2O)C(=O)C1,6.8198741248359465,CHEMBL4059594,230,2017.0
CCS(=O)(=O)c1cc(NCc2cccs2)nc(-c2ccc(S(C)(=O)=O)cc2)n1,6.840132152907433,CHEMBL408216,230,2008.0
CCN(CC)c1cc(NCc2cccs2)nc(-c2ccc(S(C)(=O)=O)cc2)n1,8.214670164989233,CHEMBL259468,230,2008.0
C#CCNC(=O)C=Cc1c(C=Cc2ccc(OC)cc2)cc(OC)cc1OC,5.041914151478915,CHEMBL2333744,230,2013.0
CC(C)=CCc1c(-c2ccc(O)cc2O)oc2cc3c(c(O)c2c1=O)C=CC(C)(C)O3,5.6020599913279625,CHEMBL221907,230,2011.0
CC(C)=CCCC(C)=CCc1c(O)cc2c(c1O)C(=O)CC(c1ccc(O)cc1)O2,5.221848749616356,CHEMBL374130,230,2012.0
C#CCCCC(=O)c1cc(C(C)(C)C)c2c(c1)C(C)(C)CO2,7.823908740944319,CHEMBL13920,230,1998.0
CCOc1ccc(-c2cc(C(=O)N3CCOCC3)nn2-c2ccc(S(N)(=O)=O)cc2)cc1,5.52432881167557,CHEMBL4465261,230,2019.0
C#CCCCC(=O)c1cc(C(C)(C)C)c(O)c(C(C)(C)C)c1,7.0,CHEMBL13878,230,1998.0
CCOc1ccc(C=Cc2ccc([N+](=O)[O-])cc2)cc1,5.396098168268328,CHEMBL4206085,230,2018.0
C(=NNc1nnc(-c2ccncc2)o1)c1ccccc1,6.366531544420413,CHEMBL4571604,230,2019.0
CCCCC(=C(c1ccccc1)c1ccc(OC)cc1)c1ccc(S(C)(=O)=O)cc1,5.113509274827518,CHEMBL1221728,230,2010.0
CCOc1cc(C=Nc2ccc(S(N)(=O)=O)cc2)ccc1O,5.432973633840939,CHEMBL270256,230,2008.0
CCCC(=O)c1cc(C(C)(C)C)c2c(c1)C(C)(C)CS2,6.823908740944319,CHEMBL14767,230,1998.0
CC(C)c1cc(NCc2ccccc2)nc(-c2ccc(S(C)(=O)=O)cc2)n1,7.596879478824182,CHEMBL255378,230,2008.0
CCCNC(=O)C=Cc1c(C=Cc2ccc(OC)cc2)cc(OC)cc1OC,5.170696227168975,CHEMBL2334140,230,2013.0
CCN1C(C)=CCC1=NN=C(C)c1cc2ccccc2oc1=O,6.508638306165727,CHEMBL4126559,230,2018.0
CC(C)c1cc(NCc2cccs2)nc(-c2ccc(S(C)(=O)=O)cc2)n1,8.008773924307505,CHEMBL271104,230,2008.0
CC(C)c1cc2c(cc1Cl)C=C(C(=O)O)C(C(F)(F)F)O2,6.522878745280337,CHEMBL1630224,230,2010.0
CCCCC(=C(c1ccccc1)c1ccc(NS(C)(=O)=O)cc1)c1ccccc1,6.494850021680094,CHEMBL2283176,230,2013.0
CCCCC(=C(c1ccccc1)c1cc(C(C)(C)C)c(O)c(C(C)(C)C)c1)c1ccc(S(C)(=O)=O)cc1,6.443697499232712,CHEMBL2283166,230,2013.0
C#CCSc1nc2ccccc2c(=O)n1-c1ccc(Br)cc1,6.7447274948966935,CHEMBL4289748,230,2018.0
CCOc1cc(NCc2cccs2)nc(-c2ccc(S(C)(=O)=O)cc2)n1,9.522878745280336,CHEMBL271173,230,2008.0
CC1(C)CC(c2ccc(Cl)cc2)C(Cn2c3ccccc3c3ccccc32)=NO1,5.4089353929735005,CHEMBL3596289,230,2015.0
CC1(C)CC(c2ccccc2)C(CN2CCN(c3cccc(Cl)c3Cl)CC2)=NO1,5.167491087293763,CHEMBL3596286,230,2015.0
C#Cc1ccc2c(c1)C=C(C(=O)O)C(C(F)(F)F)O2,7.136677139879544,CHEMBL1288538,230,2010.0
C#Cc1cc(Cl)cc2c1OC(C(F)(F)F)C(C(=O)O)=C2,7.366531544420413,CHEMBL1288619,230,2010.0
C#Cc1cc(Cl)c2c(c1)C=C(C(=O)O)C(C(F)(F)F)O2,7.585026652029182,CHEMBL1288640,230,2010.0
CCCC(=O)c1cc(C(C)(C)C)c2c(c1)C(C)(C)CO2,7.022276394711152,CHEMBL13980,230,1998.0
C#CCc1cn(C)c2c(O)cccc12,5.206209615309181,CHEMBL4555803,230,2019.0
C#CCSc1nc2ccccc2c(=O)n1-c1ccccc1,6.568636235841012,CHEMBL4293133,230,2018.0
C#CCSc1nc2ccccc2c(=O)n1-c1ccc(OC)cc1,6.356547323513812,CHEMBL4289328,230,2018.0
C#CCSc1nc2ccccc2c(=O)n1-c1ccc(Cl)cc1,6.4089353929735005,CHEMBL4279063,230,2018.0
CC1(C)CC(c2ccc(Cl)cc2)C(CN2CCC(c3noc4cc(F)ccc34)CC2)=NO1,5.3872161432802645,CHEMBL3596285,230,2015.0
CCCCC(=C(c1ccccc1)c1ccc(S(C)(=O)=O)cc1)c1cc(C(C)(C)C)c(O)c(C(C)(C)C)c1,5.481486060122112,CHEMBL2283169,230,2013.0
CCC1(C)OC(=O)C(OC(C)C)=C1c1ccc(S(C)(=O)=O)cc1,6.3979400086720375,CHEMBL443278,230,2002.0
Brc1ccc(Oc2ccc(OCCN3CCCC3)cc2)cc1,5.292429823902063,CHEMBL1775104,230,2011.0
CCCCC(=O)c1cc(C(C)(C)C)c2c(c1)C(C)(C)CCN2C,6.522878745280337,CHEMBL15039,230,1998.0
Brc1ccc(-n2cc(CSc3nc4ccccc4o3)nn2)cc1,5.552841968657781,CHEMBL3264695,230,2014.0
CC1(C)COc2ccc(C(=O)CCCC3CC3)cc21,5.096910013008056,CHEMBL14735,230,1998.0
Brc1ccc(OCCOc2nc3ccccc3s2)cc1,6.301029995663981,CHEMBL4800449,230,2020.0
Brc1ccc(-c2nnc(CSc3nnc(-c4ccncc4)o3)o2)cc1,7.275724130399211,CHEMBL4529762,230,2019.0
CC1(C)Cc2c(-c3ccccc3)c(-c3ccc(Cl)cc3)c(CC(=O)O)n2C1,6.403461346030222,CHEMBL300982,230,2005.0
Brc1ccc(OCCOc2nc3ccccc3s2)c(Br)c1,6.443697499232712,CHEMBL4793035,230,2020.0
Brc1ccccc1-n1cc(CSc2nc3ccccc3o2)nn1,5.560667306169737,CHEMBL3264698,230,2014.0
Brc1ccc(C=NNc2nnc(-c3ccncc3)o2)cc1,6.958607314841775,CHEMBL4444316,230,2019.0
