nonstereo_aromatic_smiles,pIC50,chembl_cid,Target ID,year
Clc1cc(Cl)cc(-c2nc3ccc(Nc4ccnc5ccccc45)cc3[nH]2)c1,7.096910013008056,CHEMBL3323613,279,2014.0
Cc1nc(C(=O)Nc2cc(Oc3ccc4nc(NC(=O)C5CC5)nn4c3)ccc2C)c(C)s1,8.823908740944319,CHEMBL2409784,279,2013.0
Clc1cc(Cl)cc(-c2nc3ccc(Nc4ncnc5ccccc45)cc3[nH]2)c1,5.735182176990463,CHEMBL3321911,279,2014.0
Cc1nc2ccc(N(C)c3ccnc(Nc4cccc(S(N)(=O)=O)c4)n3)cc2n1C,7.200659450546418,CHEMBL478612,279,2008.0
Cc1nc2ccc(-n3ncc(C(=O)c4cc5ccccc5[nH]4)c3N)cc2[nH]1,5.6777807052660805,CHEMBL3907479,279,2016.0
CC12OC(CC1(O)C(N)=O)n1c3ccccc3c3c4c(c5c6ccccc6n2c5c31)CNC4=O,7.045757490560675,CHEMBL2113065,279,2005.0
ClC(Cn1ncc2c(NCc3ccccc3)ncnc21)c1ccccc1,6.0,CHEMBL411043,279,2012.0
CC1=[N+](c2ccccc2)C(=O)C(C(=O)Nc2ccc(Oc3ccc4nc(NC(=O)C5CC5)cn4c3)c(F)c2)C=C1,8.657577319177793,CHEMBL3765306,279,2016.0
Cc1sc2ncnc(N)c2c1-c1ccc(N)cc1,5.337242168318426,CHEMBL370006,279,2005.0
Cn1cnc(NCc2ccncc2)c1-c1nnc(Nc2ccc(OC(F)(F)F)cc2)o1,7.031517051446065,CHEMBL383255,279,2006.0
Cn1ccc2ncnc(Oc3ccc(NC(=O)Nc4ccccc4Cl)cc3)c21,6.468521082957745,CHEMBL1254669,279,2010.0
Cc1nc2cnc3[nH]ccc3c2n1C1CCCCC1,5.585026652029182,CHEMBL2159198,279,2013.0
Cn1cc(Nc2ncc(C(F)(F)F)c(NC3C4CCC(C4)C3C(N)=O)n2)cn1,7.130768280269024,CHEMBL2071203,279,2012.0
Cn1ccc2ncnc(Oc3ccc(NC(=O)Nc4ccccc4)cc3)c21,7.481486060122112,CHEMBL1254511,279,2010.0
Cn1ccc2ncnc(Oc3ccc(NC(=O)Nc4cccc(F)c4)cc3)c21,7.721246399047171,CHEMBL1254836,279,2010.0
Cc1sc2ncnc(N)c2c1-c1ccc(NC(=O)Nc2cccc(F)c2)cc1,7.267606240177031,CHEMBL196747,279,2005.0
Cn1cc2c(n1)CCc1c-2c2c(c3c4cc(C5CCCCO5)ccc4n(C4CCCC4)c13)CNC2=O,7.259637310505756,CHEMBL1083454,279,2010.0
Cc1sc2ncnc(N)c2c1-c1ccc(NC(=O)Nc2cccc(Cl)c2)cc1,7.455931955649724,CHEMBL382517,279,2005.0
Cc1sc2ncnc(N)c2c1-c1ccc(NC(=O)Nc2cccc(C(F)(F)F)c2)cc1,7.2839966563652,CHEMBL370325,279,2005.0
Cn1cc2c(n1)CCc1c-2c2c(c3c4cc(C5CCCCO5)ccc4n(C4CCCCC4)c13)CNC2=O,7.356547323513812,CHEMBL1085291,279,2010.0
Clc1ccccc1-c1nc2ccc(Nc3ncnc4ccccc34)cc2[nH]1,5.060480747381382,CHEMBL3321902,279,2014.0
Cc1noc(-c2cn3ncnc(Nc4cnc5[nH]ccc5c4F)c3c2C(C)C)n1,7.522878745280337,CHEMBL412081,279,2008.0
Cn1ccc2ncnc(Oc3ccc(CC(=O)Nc4ccccc4)cc3)c21,5.481486060122112,CHEMBL1253834,279,2010.0
Cc1n[nH]c2nccc(-c3ccc(NC(=O)Nc4cccc(N5CCN(C)CC5)c4)cc3)c12,5.205163542185439,CHEMBL4104034,279,2017.0
Cc1n[nH]c2nccc(-c3ccc(NC(=O)Nc4ccccc4N4CCN(C)CC4)cc3)c12,5.380489279161502,CHEMBL4062187,279,2017.0
Cc1n[nH]c2nccc(-c3ccc(NC(=O)Nc4cccnc4)cc3)c12,5.507379277956808,CHEMBL4103890,279,2017.0
Cc1n[nH]c2nccc(-c3ccc(NC(=O)Nc4ccn[nH]4)cc3)c12,5.621420423884225,CHEMBL4085010,279,2017.0
Cc1n[nH]c2nccc(-c3ccc(NC(=O)Nc4cnc5ccccc5c4)cc3)c12,5.734003629504921,CHEMBL4091975,279,2017.0
Cc1n[nH]c2nccc(-c3ccc(NC(=S)Nc4cccc(Br)c4)cc3)c12,5.205163542185439,CHEMBL4087221,279,2017.0
Cn1ccc2ncnc(Oc3ccc(NC(=O)Nc4cccc(C(F)(F)F)c4)cc3)c21,8.275724130399212,CHEMBL1254753,279,2010.0
Cn1cc(Nc2ncc(C(F)(F)F)c(NC3C4C=CC(C4)C3C(=O)NCCO)n2)cn1,6.575118363368933,CHEMBL2071208,279,2012.0
Cn1cc(Nc2ncc(C(F)(F)F)c(NC3C4C=CC(C4)C3C(=O)NC3CC3)n2)cn1,6.534617148551582,CHEMBL2071207,279,2012.0
Cn1cc(Nc2ncc(C(F)(F)F)c(NC3C(C(N)=O)CC4CC3C4(C)C)n2)cn1,6.578396073130168,CHEMBL2071205,279,2012.0
Cn1cc(Nc2ncc(Br)c(NC3C4C=CC(C4)C3C(N)=O)n2)cn1,8.05395269865476,CHEMBL2071201,279,2012.0
Cc1nn(C)c2cc(N(C)c3ccnc(Nc4cccc(S(N)(=O)=O)c4)n3)ccc12,7.443697499232712,CHEMBL1794073,279,2008.0
Cc1nn(-c2ccnc(Nc3ccc4c(c3)c(Cl)c(C)n4C)n2)cc1CN1CC(O)C1,6.716925025264528,CHEMBL3622956,279,2014.0
Cn1ccc2ncnc(Nc3ccc(NC(=O)Nc4ccccc4)cc3)c21,5.853871964321762,CHEMBL1254003,279,2010.0
Cc1n[nH]c2nccc(-c3ccc(NC(=S)Nc4cccc(C(F)(F)F)c4)cc3)c12,5.096475935528738,CHEMBL4101778,279,2017.0
Cc1n[nH]c2sc(C(N)=O)c(NC(=O)c3cccs3)c12,5.221848749616356,CHEMBL382070,279,2006.0
Cn1ccc2ncnc(Oc3ccc(NC(=O)Nc4cccc(C(F)(F)F)c4)cc3Cl)c21,7.522878745280337,CHEMBL1254191,279,2010.0
Cc1ncc([N+](=O)[O-])n1CCOc1ncnc2ccccc12,8.5654310959658,CHEMBL3310053,279,2014.0
Cn1ccc2ncnc(Oc3ccc(NC(=O)Nc4cccc(C(F)(F)F)c4)c(Cl)c3)c21,8.431798275933005,CHEMBL1254190,279,2010.0
Cc1nnc(-c2cn3ncnc(Nc4cnc5[nH]ccc5c4)c3c2C(C)C)o1,7.508638306165727,CHEMBL258694,279,2008.0
Cc1noc(-c2cn3ncnc(Nc4cnc5[nH]c(C)cc5c4)c3c2C(C)C)n1,6.94692155651658,CHEMBL258695,279,2008.0
Cc1noc(-c2cn3ncnc(Nc4cnc5[nH]ccc5c4)c3c2C(C)C)n1,7.017728766960431,CHEMBL264943,279,2008.0
Cn1ccc2ncnc(Oc3ccc(NC(=O)Nc4cccc(Cl)c4)cc3)c21,8.387216143280265,CHEMBL1254670,279,2010.0
Cc1nc2ccc(-n3ncc(C(=O)c4cc5cc(CN6CCOCC6)ccc5[nH]4)c3N)cc2[nH]1,6.6777807052660805,CHEMBL3891894,279,2016.0
Cn1ccc2ncnc(Oc3ccc(NC(=O)Nc4cccc(Br)c4)cc3)c21,8.356547323513812,CHEMBL1254835,279,2010.0
Cn1ccc2ncnc(Oc3ccc(NC(=O)Nc4ccc(Cl)cc4)cc3)c21,7.494850021680094,CHEMBL1254752,279,2010.0
Cn1cc(Nc2ncc(C(F)(F)F)c(NC3C4C=CC(C4)C3C(N)=O)n2)cn1,7.920818753952375,CHEMBL2071200,279,2012.0
Cc1noc(C)c1C(=O)Nc1cccc(Oc2ccc3nc(NC(=O)C4CC4)cn3n2)c1,7.602059991327962,CHEMBL2348997,279,2013.0
Cc1n[nH]c2sc(C(N)=O)c(NC(=O)c3ccccc3Cl)c12,5.096910013008056,CHEMBL371695,279,2006.0
Clc1ccc(-c2nc3ccc(Nc4ccnc5ccccc45)cc3[nH]2)cc1,6.619788758288394,CHEMBL3323604,279,2014.0
Cn1cc(Nc2ncc([N+](=O)[O-])c(NC3C4C=CC(C4)C3C(N)=O)n2)cn1,7.301029995663981,CHEMBL2071199,279,2012.0
Cn1cc2c(n1)CCc1c-2c2c(c3c1[nH]c1ccc(C4CCCCO4)cc13)CNC2=O,8.301029995663981,CHEMBL1082503,279,2010.0
Cn1cnc(-c2cc(NC(=O)Nc3ccncc3)cc(C(F)(F)F)c2)c1,6.652494350524098,CHEMBL3754301,279,2016.0
Clc1ccc(Nc2nnc(Cc3ccncc3)c3ccncc23)cc1,5.853871964321762,CHEMBL433321,279,2000.0
Cc1nc2cc(-n3ncc(C(=O)c4cc5ccc(CN6CCOCC6)cc5[nH]4)c3N)ccc2[nH]1,6.920818753952375,CHEMBL3681278,279,2016.0
Cc1nc2cc(-n3ncc(C(=O)c4cc5ccc(CN6CCC(F)(F)CC6)cc5[nH]4)c3N)ccc2[nH]1,6.552841968657781,CHEMBL3681314,279,2016.0
Cc1nc2cc(-n3ncc(C(=O)c4cc5ccc(Br)cc5[nH]4)c3N)ccc2[nH]1,6.537602002101044,CHEMBL3676329,279,2016.0
Cc1nc2cc(-n3ncc(C(=O)c4cc5ccc(-c6ccccc6)cc5[nH]4)c3N)ccc2[nH]1,5.468521082957745,CHEMBL3681244,279,2016.0
Clc1ccc(Nc2nnc(Cc3ccncc3)c3cccnc23)cc1,5.769551078621726,CHEMBL306284,279,2000.0
Cn1cnc(-c2ccc(OC(F)(F)F)c(NC(=O)Nc3ccncc3)c2)c1,6.449588180991926,CHEMBL3752825,279,2016.0
Cn1cc(Nc2ncc(Cl)c(NC3C4C=CC(C4)C3C(N)=O)n2)cn1,7.853871964321762,CHEMBL2071202,279,2012.0
Clc1ccc(Nc2nnc(-c3cccnc3CCc3ccncc3)o2)cc1Cl,6.102372908709558,CHEMBL204621,279,2006.0
Cc1nc2cc(N(C)c3ccnc(Nc4cccc(S(N)(=O)=O)c4)n3)ccc2n1C,7.769551078621726,CHEMBL477563,279,2008.0
Clc1ccc(Nc2nnc(-c3cccc4cnccc34)c3ccccc23)cc1Cl,6.958607314841775,CHEMBL205823,279,2006.0
Cn1cnc(-c2cc(NC(=O)Nc3nccs3)cc(C(F)(F)F)c2)c1,6.5445612485335865,CHEMBL3752916,279,2016.0
Cn1cnc(NCCc2ccc3c(c2)OCO3)c1-c1nnc(Nc2ccc(Cl)cc2)o1,6.017728766960431,CHEMBL382672,279,2006.0
Clc1ccc(Nc2nnc(-c3cccc4cnccc34)c3ccccc23)cc1,7.318758762624412,CHEMBL380316,279,2006.0
Cn1cnc(-c2cc3nccc(Oc4ccc(NC(=S)NC(=O)Cc5ccccc5)cc4F)c3s2)c1,8.610924374808178,CHEMBL254760,279,2008.0
Cn1c(=O)c(-c2nc3ccccc3[nH]2)c(O)c2ccccc21,5.236572006437063,CHEMBL523571,279,2009.0
Clc1ccc(Nc2nnc(Cc3ccncc3)c3ncccc23)cc1,6.619788758288394,CHEMBL75077,279,2000.0
Clc1ccc(Nc2nccc(Nc3ccc4[nH]ncc4c3)n2)cc1Cl,6.625251653989896,CHEMBL3818404,279,2016.0
Clc1ccc(SCc2n[nH]c(-c3ccc(Cl)cc3)n2)cc1,5.111820506081675,CHEMBL4238771,279,2018.0
Cn1ccnc1-c1cc2c(Oc3ccc(NC(=S)NC(=O)Cc4ccccc4)cc3F)ccnc2s1,8.522878745280337,CHEMBL3764474,279,2016.0
Cn1cc(-c2ccc(Cn3cc(-c4ccccc4F)nn3)cc2)cn1,8.498940737782249,CHEMBL4469077,279,2019.0
Cn1cc(-c2ccc(Cn3cc(-c4ccccc4)nn3)cc2)cn1,6.300786858826077,CHEMBL4453627,279,2019.0
Cn1cc(-c2ccc(Cn3cc(-c4cccc(NC(=O)C5CC5)c4)nn3)cc2)cn1,8.381951903287908,CHEMBL4539395,279,2019.0
Cn1cc(-c2cnc(N)c3c(-c4ccc(Oc5ccccc5)cc4)csc23)cn1,6.464705879957229,CHEMBL3605102,279,2015.0
Cn1cc(-c2cnc3ccc(Cl)cc3n2)cn1,6.337242168318426,CHEMBL4551715,279,2019.0
Cn1cc(-c2cncc(-c3ccc(NC(=O)Nc4cc(C(C)(C)C)nn4C)cc3)n2)cn1,6.017728766960431,CHEMBL3596893,279,2014.0
Cn1cc(-c2ccc(Cn3cc(-c4cccc(C(F)(F)F)c4)nn3)cc2)cn1,7.235823867609669,CHEMBL4476000,279,2019.0
Clc1cccc(Cl)c1-c1nc2ccc(Nc3ccnc4ccccc34)cc2[nH]1,5.078313524516398,CHEMBL3323611,279,2014.0
Clc1cccc(-c2nc3ccc(Nc4ncnc5ccccc45)cc3[nH]2)c1,5.801342913045577,CHEMBL3321903,279,2014.0
Cn1cc(-c2cncc(-c3ccc(NC(=O)Nc4cc(C(C)(C)C)no4)cc3)n2)cn1,6.0,CHEMBL3596892,279,2014.0
Cn1cc(-c2cncc(Oc3cccc(NC(=O)Nc4cc(C(C)(C)C)on4)c3)n2)cn1,5.853871964321762,CHEMBL3596879,279,2014.0
Clc1cccc(-c2nc3ccc(Nc4ccnc5ccccc45)cc3[nH]2)c1,5.619788758288394,CHEMBL3323603,279,2014.0
Clc1cccc(-c2cn(Cc3ccc(-c4cccnc4)cc3)nn2)c1,6.1747686768001,CHEMBL4447552,279,2019.0
Clc1ccc2c(c1Nc1ncnc3cc(OCCN4CCCC4)cc(N4CCOCC4)c13)OCO2,5.301029995663981,CHEMBL387093,279,2006.0
Clc1ccc2c(c1Nc1ncnc3cc(OCCCN4CCCC4)cc(OC4CCOCC4)c13)OCO2,5.6020599913279625,CHEMBL217090,279,2006.0
CC1(c2cc(NC(=O)c3ccn4cc(Oc5ncnc6c5CNC6)ccc34)n[nH]2)CC1,7.259637310505756,CHEMBL3809144,279,2016.0
Clc1ccc2[nH]c(-c3ccccc3Cn3ccc4cnccc43)nc2c1,5.575118363368933,CHEMBL381603,279,2006.0
Cn1ccc2ncnc(Sc3ccc(NC(=O)Nc4ccccc4)cc3)c21,6.958607314841775,CHEMBL1254002,279,2010.0
Clc1ccc(-c2nc3ccc(Nc4ccnc5ccccc45)cc3[nH]2)cc1Cl,7.522878745280337,CHEMBL3323612,279,2014.0
Clc1ccc(Nc2nccc(Nc3ccc4[nH]ncc4c3)n2)cc1,6.774690718274137,CHEMBL3819253,279,2016.0
Cn1cc(Nc2ncc(C(N)=O)c(NC3C4C=CC(C4)C3C(N)=O)n2)cn1,5.8124792791635365,CHEMBL2071198,279,2012.0
CC1(c2cc(NC(=O)n3ccc4cc(Oc5ncnc6c5CNC6)ccc43)no2)CC1,7.853871964321762,CHEMBL3746370,279,2015.0
Cn1cnc(NCc2ccncc2)c1-c1nnc(Nc2ccc(Cl)cc2)o1,6.6020599913279625,CHEMBL203056,279,2006.0
Cn1ccc2ncnc(Oc3cccc(NC(=O)c4ccccc4)c3)c21,6.026872146400301,CHEMBL1255010,279,2010.0
Cn1cc(Nc2ncc(Cl)c(NC3C4CCC(O4)C3C(N)=O)n2)cn1,6.159266765388193,CHEMBL2071212,279,2012.0
Cn1cc(Nc2ncc(Cl)c(NC3CCC3C(N)=O)n2)cn1,6.815308569182401,CHEMBL2071215,279,2012.0
Cn1ccc2ncnc(Oc3cccc(NC(=O)Nc4ccccc4)c3)c21,5.7447274948966935,CHEMBL1254924,279,2010.0
Cn1ccc2ncnc(Oc3cccc(C(=O)Nc4ccccc4)c3)c21,6.060480747381382,CHEMBL1255011,279,2010.0
Cn1cc(Nc2ncc(Cl)c(NC3CCCC3C(N)=O)n2)cn1,6.609064892896621,CHEMBL2071214,279,2012.0
Clc1ccc(-c2nc3ccc(Nc4ncnc5ccccc45)cc3[nH]2)cc1Cl,6.119186407719209,CHEMBL3321910,279,2014.0
Cn1cc(Nc2ncc(Cl)c(NC3CCCCC3C(N)=O)n2)cn1,6.772113295386326,CHEMBL2071213,279,2012.0
Cn1cc(Nc2ncc(F)c(NC3C4C=CC(C4)C3C(N)=O)n2)cn1,6.482804102050025,CHEMBL2071194,279,2012.0
Cn1cc(Nc2nccc(N3CC4CCC(C3)N4C(=O)C3CC3(F)F)n2)cn1,5.795880017344075,CHEMBL4458435_CHEMBL4471304_CHEMBL4747591,279,
Cn1ccc2ncnc(Oc3ccc(Nc4nc5ccccc5[nH]4)cc3)c21,5.376750709602099,CHEMBL1253915,279,2010.0
Clc1ccc(-c2nc3ccc(Nc4ncnc5ccccc45)cc3[nH]2)cc1,7.045757490560675,CHEMBL3321904,279,2014.0
Cn1ccc2ncnc(Oc3ccc(NC(=S)Nc4ccccc4)cc3)c21,5.173925197299173,CHEMBL1253914,279,2010.0
Cn1ccc2ncnc(Oc3ccc(NC(=O)c4ccccc4)cc3)c21,5.026872146400301,CHEMBL1255093,279,2010.0
Cn1cnc(NCc2ccncc2)c1-c1nnc(Nc2ccc(OC(F)(F)Cl)cc2)o1,6.886056647693163,CHEMBL205884,279,2006.0
CC1(c2cc(NC(=O)n3ccc4cc(Oc5ncnc6c5CCNC6)ccc43)n[nH]2)CC1,8.301029995663981,CHEMBL3746562,279,2015.0
Cn1cnc(NCc2ccc(F)c(F)c2)c1-c1nnc(Nc2ccc(Cl)cc2)o1,5.730487055782084,CHEMBL203394,279,2006.0
Cn1cnc(NCc2ccncc2)c1-c1nnc(Nc2ccc(Cl)c(Cl)c2)o1,6.7447274948966935,CHEMBL204874,279,2006.0
Clc1ccc(C(C=Cc2ccccc2)=NNc2nncc3ccccc23)cc1,9.161150909262744,CHEMBL3966129,279,2016.0
Cn1cnc(NCc2ccc3[nH]ncc3c2)c1-c1nnc(Nc2ccc(Cl)cc2)o1,5.625251653989896,CHEMBL206118,279,2006.0
Cc1nc2c(F)cc(-c3nc(Nc4ccc5c(n4)CCN(CCN(C)C)C5)ncc3F)cc2n1C(C)C,5.405165644416682,CHEMBL4448494,279,2019.0
Cn1cc(Nc2ncc(C(F)(F)F)c(Nc3ccccc3C(N)=O)n2)cn1,6.3655227298392685,CHEMBL2071209,279,2012.0
Cn1cnc(NCc2cccc3ncccc23)c1-c1nnc(Nc2ccc(Cl)cc2)o1,5.450996737974212,CHEMBL378165,279,2006.0
Clc1ccc(Nc2ncc3c(n2)-c2ccc(Cl)cc2SC3)cc1,5.251811972993799,CHEMBL3628818,279,2015.0
Cn1cnc(NCc2ccncc2)c1-c1nnc(NCc2ccc3c(c2)OCO3)o1,6.853871964321762,CHEMBL202892,279,2004.0
Cn1cnc(NCc2ccncc2)c1-c1nnc(Nc2ccc(-c3ccccc3)cc2)o1,5.492144128304169,CHEMBL205464,279,2006.0
Cn1cnc(NCc2ccncc2)c1-c1nnc(Nc2ccc(Br)cc2)o1,6.136677139879544,CHEMBL205463,279,2004.0
Cn1cnc(NCc2ccncc2)c1-c1nnc(Nc2ccc(C(C)(C)C)cc2)o1,6.42021640338319,CHEMBL203731,279,2006.0
Clc1ccc(C=CC(=NNc2nncc3ccccc23)c2ccccc2)cc1,9.259637310505756,CHEMBL3900264,279,2016.0
Cc1nc(Nc2cc(-c3ccc(CNC(=O)OCc4ccccc4)cc3)n[nH]2)cc(N2CCNCC2)n1,6.721246399047171,CHEMBL2063436,279,2012.0
Cc1nc(Nc2cc(-c3ccc(CNC(=O)OCc4ccccc4)cc3)n[nH]2)cc(N2CCN(CCO)CC2)n1,6.619788758288394,CHEMBL2063338,279,2012.0
Cc1nc(Nc2cc(-c3ccc(CNC(=O)OCc4ccccc4)cc3)n[nH]2)cc(N2CCN(C)CC2)n1,6.508638306165727,CHEMBL2063335,279,2012.0
Clc1ccc(C2=NN(c3ccccc3)C(c3ccc4ccccc4c3)C2)cc1Cl,5.73754891026957,CHEMBL2325101,279,2013.0
Cn1cc(Nc2ncc(Cl)c(NC3C4CCC(C4)C3C(N)=O)n2)cn1,7.721246399047171,CHEMBL2071210_CHEMBL2071211,279,
Cn1cnc(NCc2ccncc2)c1-c1nnc(Nc2ccc(C(F)(F)F)cc2)o1,7.136677139879544,CHEMBL380131,279,2006.0
Cn1cc(Nc2ncc(C(F)(F)F)c(NC3CC4CCC3C4)n2)cn1,6.082494490447454,CHEMBL2071204,279,2012.0
Cn1cnc(NCc2ccncc2)c1-c1nnc(Nc2ccc(Cl)c(C(F)(F)F)c2)o1,7.366531544420413,CHEMBL205127,279,2006.0
Cc1nc2cc(-n3ncc(C(=O)c4cc5ccc(S(C)(=O)=O)cc5[nH]4)c3N)ccc2[nH]1,6.0,CHEMBL3681317,279,2016.0
CC(C)(C)c1ccc(Nc2nnc(-c3cccc4ncccc34)c3ccccc23)cc1,5.698970004336019,CHEMBL202950,279,2006.0
Cn1nc(C(F)(F)F)cc1C(=O)Nc1cccc(Oc2ccc3nc(NC(=O)C4CC4)cn3n2)c1,8.431798275933005,CHEMBL2349012,279,2013.0
O=C(Nc1ccc(Nc2ccc([N+](=O)[O-])c3ncnc(O)c23)cc1)c1ccc(Cl)cc1,6.440452444419566,CHEMBL4437475,279,2019.0
O=C(Nc1ccc(Nc2ccc([N+](=O)[O-])c3ncnc(O)c23)cc1)c1ccc(F)cc1,7.188424994129407,CHEMBL4460817,279,2019.0
O=C(Nc1ccc(Nc2ccc([N+](=O)[O-])c3ncnc(O)c23)cc1)c1ccccc1,6.133771752620353,CHEMBL4570139,279,2019.0
O=C(Nc1ccc(Nc2ncnc3ccccc23)cc1)Nc1cccc(Br)c1,7.040958607678906,CHEMBL3628797,279,2015.0
O=C(Nc1ccc(Nc2ncnc3sc4c(c23)CCCC4)cc1)Nc1ccc(Cl)c(C(F)(F)F)c1,6.698970004336019,CHEMBL4278922,279,2018.0
O=C(Nc1ccc(Nc2ncnc3sc4c(c23)CCCC4)cc1)Nc1cccc(Br)c1,6.508638306165727,CHEMBL3628799,279,2015.0
O=C(Nc1ccc(Nc2ncnc3sccc23)cc1)Nc1cccc(Br)c1,5.935542010773082,CHEMBL3628798,279,2015.0
O=C(Nc1ccc(OC(F)(F)Cl)cc1)c1ccccc1Cn1ccc2cnccc21,7.136677139879544,CHEMBL205610,279,2006.0
O=C(Nc1ccc(Nc2ccc([N+](=O)[O-])c3ncnc(O)c23)cc1)Nc1cccc(C(F)(F)F)c1,7.346787486224656,CHEMBL4590229,279,2019.0
O=C(Nc1ccc(OC(F)(F)Cl)cc1)c1ccccc1Cn1ccc2ncnc-2c1,7.022276394711152,CHEMBL205413,279,2006.0
O=C(Nc1ccc(OC(F)(F)Cl)cc1)c1scnc1CCc1cnoc1,5.752026733638193,CHEMBL424672,279,2006.0
O=C(Nc1ccc(OCCCN2CCOCC2)c(Cl)c1)c1cccc(-c2cccc(O)c2)c1,6.900250319151013,CHEMBL3397945,279,2015.0
O=C(Nc1ccc(OCCCN2CCOCC2)cc1)c1cccc(-c2cccc(O)c2)c1,7.265520210574422,CHEMBL3397931,279,2015.0
O=C(Nc1ccc(OCCN2CCCC2)c(Cl)c1)c1cccc(-c2cccc(O)c2)c1,7.748361779551788,CHEMBL3397942,279,2015.0
O=C(Nc1ccc(OCCN2CCCC2)c(F)c1)c1cccc(-c2cccc(O)c2)c1,8.313363730737706,CHEMBL3397935,279,2015.0
O=C(Nc1ccc(OCCN2CCCC2)cc1)c1cccc(-c2cccc(O)c2)c1,7.495121540589784,CHEMBL3397928,279,2015.0
O=C(Nc1ccc(OCCN2CCCCC2)c(F)c1)c1cccc(-c2cccc(O)c2)c1,7.353400248279627,CHEMBL3397936,279,2015.0
O=C(Nc1ccc(OCCN2CCCCC2)cc1)c1cccc(-c2cccc(O)c2)c1,6.667824216169576,CHEMBL3397929,279,2015.0
O=C(Nc1ccc(OC(F)(F)Cl)cc1)c1scnc1CCc1ccncc1,6.958607314841775,CHEMBL379674,279,2006.0
O=C(Nc1ccc(Nc2ccc([N+](=O)[O-])c3ncnc(O)c23)cc1)Nc1ccc(C(F)(F)F)cc1Cl,7.920818753952375,CHEMBL3310052,279,2014.0
O=C(Nc1ccc(Nc2ccc([N+](=O)[O-])c3ncnc(O)c23)cc1)Nc1cc(Cl)ccc1Cl,7.376750709602099,CHEMBL4453846,279,2019.0
O=C(Nc1ccc(Nc2ccc([N+](=O)[O-])c3ncnc(O)c23)cc1)Nc1cc(C(F)(F)F)ccc1Cl,7.866649016557956,CHEMBL4464237,279,2019.0
O=C(Nc1ccc(Cl)cc1)c1cccc2cc(Oc3ccncc3)ccc12,7.739928612014925,CHEMBL269891,279,2008.0
O=C(Nc1ccc(Cl)cc1)c1cccc2cc(Oc3ccncn3)ccc12,6.509999358109048,CHEMBL270258,279,2008.0
O=C(Nc1ccc(Cl)cc1)c1cccc2cc(Oc3ncnc4[nH]ccc34)ccc12,7.550059011226662,CHEMBL410093,279,2008.0
O=C(Nc1ccc(Cl)cc1)c1ccccc1Cn1cc(-c2ccncc2)cn1,5.368556230986828,CHEMBL202682,279,2006.0
O=C(Nc1ccc(Cl)cc1)c1ccccc1Cn1ccc2cnccc21,7.036212172654444,CHEMBL203003,279,2006.0
O=C(Nc1ccc(Cl)cc1)c1ccccc1Cn1ccc2ncnc-2c1,7.327902142064282,CHEMBL382855,279,2006.0
O=C(Nc1ccc(Cl)cc1)c1scnc1CCc1ccnc2ccccc12,5.471083299722345,CHEMBL203149,279,2006.0
O=C(Nc1ccc(Cl)cc1)c1scnc1CCc1ccncc1,6.886056647693163,CHEMBL205114,279,2006.0
O=C(Nc1ccc(Cl)cc1)c1scnc1CCc1cnoc1,5.732828271596986,CHEMBL203095,279,2006.0
O=C(Nc1ccc(F)cc1)C1(C(=O)Nc2ccc(Oc3ccnc(Nc4ccccc4)n3)c(F)c2)CC1,6.592439150513638,CHEMBL3287591,279,2014.0
O=C(Nc1ccc(F)cc1)Nc1ccc(N=C2C(=O)Nc3ccc(Cl)cc32)cc1,5.406713932979542,CHEMBL3589812,279,2015.0
O=C(Nc1ccc(F)cc1)Nc1cccc(CNc2ncnc3c2cnn3CCc2ccccc2)c1,5.498940737782249,CHEMBL3128237,279,2014.0
O=C(Nc1ccc(F)cc1)Nc1cccc(Sc2ccnc3ccsc23)c1,8.0,CHEMBL3612230,279,2015.0
O=C(Nc1ccc(N2CCn3ccc4ncnc2c43)cc1)Nc1cccc(C(F)(F)F)c1,8.148741651280925,CHEMBL1254096,279,2010.0
O=C(Nc1ccc(N=C2C(=O)Nc3ccc(Cl)cc32)cc1)Nc1cccc(Cl)c1,6.1249387366083,CHEMBL3589813,279,2015.0
O=C(Nc1ccc(N=C2C(=O)Nc3ccc(F)cc32)cc1)Nc1cccc(C(F)(F)F)c1,5.673664139071249,CHEMBL3589746,279,2015.0
O=C(Nc1ccc(N=C2C(=O)Nc3ccc(F)cc32)cc1)Nc1cccc(Cl)c1,5.701146923590294,CHEMBL3589748,279,2015.0
O=C(Nc1ccc(N=C2C(=O)Nc3ccccc32)cc1)Nc1cccc(C(F)(F)F)c1,5.370590400897282,CHEMBL3589738,279,2015.0
O=C(Nc1ccc(N=C2C(=O)Nc3ccccc32)cc1)Nc1cccc(Cl)c1,5.58838029403677,CHEMBL3589741,279,2015.0
O=C(Nc1ccc(OCCN2CCOCC2)c(Cl)c1)c1cccc(-c2cccc(O)c2)c1,7.110978577904775,CHEMBL3397944,279,2015.0
O=C(Nc1ccc(OCCN2CCOCC2)c(F)c1)c1cccc(-c2cccc(O)c2)c1,6.88856944823402,CHEMBL3397937,279,2015.0
O=C(Nc1ccc(OCCN2CCOCC2)cc1)c1cccc(-c2cccc(O)c2)c1,7.203981030652851,CHEMBL3397930,279,2015.0
O=C(Nc1ccc(Oc2ccccc2)cc1)c1ccccc1Cn1ccc2ncnc-2c1,5.809668301829708,CHEMBL380503,279,2006.0
O=C(Nc1cccc(-c2cncc3ccccc23)c1)c1ccccc1NCc1ccncc1,8.045757490560675,CHEMBL347537,279,2002.0
O=C(Nc1cccc(Br)c1)Nc1ccc(Oc2ncnc3sc4c(c23)CCCC4)cc1Cl,7.823908740944319,CHEMBL3628907,279,2015.0
O=C(Nc1cccc(Br)c1)Nc1ccc(Oc2ncnc3sccc23)cc1Cl,8.045757490560675,CHEMBL3628810,279,2015.0
O=C(Nc1cccc(C(F)(F)F)c1)c1cccc(Oc2ccc3nccn3n2)c1,7.744727494896693,CHEMBL2206668,279,2012.0
O=C(Nc1cccc(C(F)(F)F)c1)c1ccccc1NCc1ccncc1,7.568597503027182,CHEMBL153843,279,2002.0
O=C(Nc1cccc(C(F)(F)F)c1)n1ccc2cc(Oc3cc(CO)ncn3)ccc21,7.886056647693163,CHEMBL3746595,279,2015.0
O=C(Nc1cccc(C(F)(F)F)c1)n1ccc2cc(Oc3ncnc4c3CCNC4)ccc21,7.657577319177793,CHEMBL3747226,279,2015.0
O=C(Nc1cccc(C(F)(F)F)c1)n1ccc2cc(Oc3ncnc4c3CNC4)ccc21,7.537602002101044,CHEMBL3747481,279,2015.0
O=C(Nc1cccc(C(F)(F)F)c1)n1ccc2cc(Oc3ncnc4c3CNCC4)ccc21,7.744727494896693,CHEMBL3746357,279,2015.0
O=C(Nc1cccc(CNc2ncnc3c2cnn3CCc2ccccc2)c1)c1ccc(Br)cc1,5.458420756053419,CHEMBL3128229,279,2014.0
O=C(Nc1cccc(CNc2ncnc3c2cnn3CCc2ccccc2)c1)c1ccc(F)cc1,5.270025714300445,CHEMBL3128230,279,2014.0
O=C(Nc1cccc(CNc2ncnc3c2cnn3CCc2ccccc2)c1)c1ccc([N+](=O)[O-])cc1,5.482804102050025,CHEMBL3128231,279,2014.0
O=C(Nc1cccc(CNc2ncnc3c2cnn3CCc2ccccc2)c1)c1ccccc1,5.0670191780768015,CHEMBL3128228,279,2014.0
O=C(Nc1cccc(Cl)c1)Nc1cccc(-c2ccc3c(=O)[nH]cnc3c2)c1,7.459920911195828,CHEMBL4163581,279,2017.0
O=C(Nc1cccc(F)c1)Nc1cccc(Sc2ccnc3ccsc23)c1,7.552841968657781,CHEMBL3612231,279,2015.0
O=C(Nc1cccc(Nc2ncnc3cc(OCCCN4CCOCC4)ccc23)c1)Nc1ccc(F)c(Cl)c1,5.664542099310616,CHEMBL3133755,279,2013.0
O=C(Nc1cccc(Oc2ccc3nc(NC(=O)C4CC4)cn3n2)c1)C1CC1,7.920818753952375,CHEMBL2349004,279,2013.0
O=C(Nc1cccc(Oc2ccc3nc(NC(=O)C4CC4)cn3n2)c1)c1cccc(F)c1,9.0,CHEMBL2349006,279,2013.0
O=C(Nc1cccc(Oc2ccc3nc(NC(=O)C4CC4)cn3n2)c1)c1ccncc1,8.886056647693163,CHEMBL2349002,279,2013.0
O=C(Nc1cccc(-c2cn(Cc3ccc(-c4cncnc4)cc3)nn2)c1)C1CC1,6.90288157565535,CHEMBL4447942,279,2019.0
O=C(Nc1ccc(Cl)cc1)c1cccc2cc(Oc3ccnc4ccccc34)ccc12,8.400007822415901,CHEMBL273064,279,2008.0
O=C(Nc1cccc(-c2ccc3c(=O)[nH]cnc3c2)c1)Nc1ccc(F)c(F)c1,7.538351431936545,CHEMBL4174261,279,2017.0
O=C(Nc1ccc2c(c1)OCO2)c1scnc1CCc1ccncc1,6.431798275933005,CHEMBL370600,279,2006.0
O=C(Nc1ccc(Oc2ccccc2)cc1)c1cccnc1NCc1ccncc1,7.42021640338319,CHEMBL385178,279,2007.0
O=C(Nc1ccc(Oc2ccccc2)cc1)c1scnc1CCc1ccncc1,5.71669877129645,CHEMBL201303,279,2006.0
O=C(Nc1ccc(Oc2ccnc3[nH]ccc23)c(F)c1)c1cc2cccnc2n(-c2ccc(F)cc2)c1=O,6.817300096663957,CHEMBL4289577,279,2018.0
O=C(Nc1ccc(Oc2ccnc3[nH]ccc23)c(F)c1)c1nnn(-c2ccc(F)cc2)c1C(F)(F)F,7.064240896254688,CHEMBL3774451,279,2016.0
O=C(Nc1ccc(Oc2ccnc3[nH]ccc23)cc1)c1nn(-c2ccc(Cl)c(C(F)(F)F)c2)ccc1=O,5.619788758288394,CHEMBL4165199,279,2017.0
O=C(Nc1ccc(Oc2ccnc3ccccc23)cc1)Nc1ccc(Cl)c(C(F)(F)F)c1,6.924453038607469,CHEMBL3409418,279,2015.0
O=C(Nc1ccc(Oc2ncnc3[nH]ncc23)cc1)Nc1ccc(C(F)(F)F)cc1,7.42021640338319,CHEMBL2332849,279,2013.0
O=C(Nc1ccc(Oc2ncnc3[nH]ncc23)cc1)Nc1cccc(C(F)(F)F)c1,7.958607314841775,CHEMBL2331570,279,2013.0
O=C(Nc1ccc(Oc2ncnc3ccccc23)cc1)Nc1cccc(Br)c1,8.096910013008056,CHEMBL3628807,279,2015.0
O=C(Nc1ccc(Oc2ncnc3sc4c(c23)CCCC4)cc1)Nc1cccc(Br)c1,7.958607314841775,CHEMBL3628811,279,2015.0
O=C(Nc1ccc(Oc2ncnc3sccc23)cc1)Nc1cccc(Br)c1,7.744727494896693,CHEMBL3628808,279,2015.0
O=C(Nc1ccc(Sc2ccnc3ccsc23)cc1)Nc1ccc(Cl)c(C(F)(F)F)c1,5.710634048479968,CHEMBL3612326,279,2015.0
O=C(Nc1ccc(Sc2ccnc3ccsc23)cc1)Nc1cccc(C(F)(F)F)c1,6.005243055412372,CHEMBL3612325,279,2015.0
O=C(Nc1ccc([N+](=O)[O-])cc1)Nc1cccc(CNc2ncnc3c2cnn3CCc2ccccc2)c1,5.962573502059376,CHEMBL3128238,279,2014.0
O=C(Nc1ccc2[nH]c(-c3ccc(Cl)cc3)nc2c1)c1ccc(Cl)c(Br)c1,6.265840486755533,CHEMBL4464066,279,2019.0
O=C(Nc1ccc2[nH]c(-c3ccc(Cl)cc3)nc2c1)c1ccc(Cl)c(F)c1,6.005374946231395,CHEMBL4570785,279,2019.0
O=C(Nc1ccc2c(c1)C=Nc1c(Cl)ncnc1O2)Nc1ccc(Cl)c(C(F)(F)F)c1,5.022276394711152,CHEMBL199886,279,2005.0
O=C(Nc1ccc2c(c1)OCO2)c1ccccc1Cn1ccc2cnccc21,6.886056647693163,CHEMBL425587,279,2006.0
O=C(Nc1ccc2c(c1)OCO2)c1ccccc1Cn1ccc2ncnc-2c1,6.638272163982407,CHEMBL203167,279,2006.0
O=C(Nc1ccc2oc(-c3ccc(Cl)cc3)nc2c1)c1ccc(Cl)c(Br)c1,6.47069800221202,CHEMBL4441017,279,2019.0
O=C(Nc1ccc(Cl)cc1)Nc1ccc(N=C2C(=O)Nc3ccccc32)cc1,5.600326278518962,CHEMBL3589742,279,2015.0
O=C(Nc1ccc(Cl)cc1)Nc1ccc(N=C2C(=O)Nc3ccc(F)cc32)cc1,5.714442690992226,CHEMBL3589749,279,2015.0
O=C(Nc1ccc(Cl)cc1)Nc1ccc(N=C2C(=O)Nc3ccc(Cl)cc32)cc1,6.1487416512809245,CHEMBL3589814,279,2015.0
O=C(NCc1ccccn1)c1ccc(F)c(NCc2cnc(Nc3ccccn3)s2)c1,7.1938200260161125,CHEMBL208788,279,2006.0
CC(C)(C#N)c1cccc(C(=O)Nc2cccc(Oc3ccc4nc(NC(=O)C5CC5)sc4c3C#N)c2)c1,7.119186407719209,CHEMBL3125891,279,2013.0
O=C(NN=Cc1cc(F)c(F)cc1Cl)N1CCc2ncnc(Nc3ccc(F)c(Cl)c3)c2C1,6.769806621130954,CHEMBL4228120,279,2018.0
O=C(NN=Cc1ccc(Br)cc1)Nc1ccc(Oc2ccnc3[nH]ccc23)c(F)c1,5.050609993355087,CHEMBL4285414,279,2018.0
O=C(NN=Cc1ccc(F)cc1Cl)N1CCc2ncnc(Nc3cccc(Br)c3)c2C1,6.875495775165717,CHEMBL4226907,279,2018.0
O=C(NN=Cc1cccs1)N1CCc2ncnc(Nc3ccc(F)c(Cl)c3)c2C1,6.6247022617826605,CHEMBL4229213,279,2018.0
CC(=O)c1sc(NC(=O)CN2CCN(c3nnc(-c4ccccc4)c4ccccc34)CC2)nc1C,5.454692883534176,CHEMBL3752391,279,2016.0
CC(=O)c1nn(-c2ccccc2)cc1C(=O)c1c(C)[nH]c(-c2ccccc2)c1-c1ccccc1,5.347753658996677,CHEMBL3739750,279,2015.0
CC(=O)c1nn(-c2ccc(Cl)cc2)cc1C(=O)c1c(C)[nH]c(-c2ccccc2)c1-c1ccccc1,5.362510270487489,CHEMBL3739587,279,2015.0
CC(=O)c1nn(-c2ccc(C)cc2)cc1C(=O)c1c(C)[nH]c(-c2ccccc2)c1-c1ccccc1,5.057000406633959,CHEMBL3740247,279,2015.0
CC(=O)c1cccc(Nc2nccc(Oc3ccc(NC(=O)C4(C(=O)Nc5ccc(F)cc5)CC4)cc3F)n2)c1,6.742321425130816,CHEMBL3287592,279,2014.0
CC(=O)c1ccc(NC(=O)Nc2ccc(N(C)c3ccnc(Nc4cccc(CS(C)(=O)=O)c4)n3)cc2)cc1,8.522878745280337,CHEMBL189862,279,2005.0
CC(=O)Nc1oc(-c2cncc(-c3ccsc3)c2)nc1-c1ccccc1,6.730487055782083,CHEMBL432196,279,2003.0
CC(=O)Nc1oc(-c2cncc(-c3ccccc3)c2)nc1-c1ccccc1,6.2403321553103694,CHEMBL101461,279,2003.0
CC(=O)Nc1oc(-c2cncc(-c3cccc(F)c3)c2)nc1-c1ccccc1,5.2441251443275085,CHEMBL318733,279,2003.0
CC(=O)Nc1oc(-c2cncc(-c3cccc(Cl)c3)c2)nc1-c1ccccc1,5.079876673709276,CHEMBL101325,279,2003.0
CC(=O)Nc1oc(-c2cc3ccccc3cc2O)nc1-c1ccccc1,7.795880017344075,CHEMBL101221,279,2003.0
CC(=O)Nc1cn2nc(Oc3cccc(NC(=O)c4cccc(F)c4)c3)ccc2n1,8.958607314841775,CHEMBL2349005,279,2013.0
CC(=O)Nc1cn2cc(-c3cc(NC(=O)c4cccc(Cl)c4)ccc3C)ccc2n1,5.568636235841012,CHEMBL4216386,279,2017.0
O=C(NCc1ccccc1)c1ccc(F)c(NCc2cnc(Nc3ccccn3)s2)c1,7.769551078621726,CHEMBL384909,279,2006.0
CC(=O)Nc1cn2cc(-c3cc(NC(=O)c4cccc(C(F)(F)F)c4)ccc3C)ccc2n1,6.494850021680094,CHEMBL4216073,279,2017.0
O=C(NCc1ccccc1)c1cc2c(-c3ccccc3)[nH]nc2s1,6.301029995663981,CHEMBL200499,279,2006.0
O=C(NCc1ccc(-c2cc(NC(=O)c3ccc(OCCN4CCCC4)cc3)[nH]n2)cc1)OCc1ccccc1,6.920818753952375,CHEMBL2063324,279,2012.0
O=C(Cn1c(-c2ccco2)nc2ccccc21)NN=Cc1ccccc1Cl,6.1938200260161125,CHEMBL4164946,279,2017.0
O=C(NC1CC1)c1cc(NCc2cnc(Nc3ccccn3)s2)c(F)cc1F,7.518106086327222,CHEMBL377734,279,2006.0
O=C(NC1CC1)c1ccc(F)c(CCc2cnc(Nc3ccccn3)s2)c1,7.853871964321762,CHEMBL209555,279,2006.0
O=C(NC1CC1)c1ccc(F)c(NCc2cnc(Nc3ccccn3)s2)c1,7.537602002101044,CHEMBL379370,279,2006.0
O=C(NC1CCCC1)c1ccc(F)c(NCc2cnc(Nc3ccccn3)s2)c1,6.958607314841775,CHEMBL208911,279,2006.0
O=C(NC1CCCCC1)c1cc2c(-c3ccccc3)[nH]nc2s1,6.309803919971486,CHEMBL199755,279,2006.0
O=C(NC1CCNC1)c1ccc2[nH]c(-c3cc4ccccc4nc3O)cc2c1,8.221848749616356,CHEMBL325003,279,2006.0
O=C(NCC1(N2CCOCC2)CCCCC1)c1ccc2[nH]nc(-c3ccc(N4CCOCC4)cc3)c2c1,5.42021640338319,CHEMBL3422067,279,2015.0
O=C(NCCCN1CCCC1=O)c1cnccc1Nc1nc(-c2cc(Br)ccc2F)nc2nccnc12,6.853871964321762,CHEMBL234655,279,2007.0
O=C(NCCN1CCOCC1)c1ccc(F)c(NCc2cnc(Nc3ccccn3)s2)c1,7.070581074285707,CHEMBL211060,279,2006.0
O=C(NCCO)c1ccc(-c2nnc(Nc3ccc(OC(F)(F)Cl)cc3)c3ccccc23)cc1,5.958607314841775,CHEMBL193747,279,2005.0
CC(C)(C)C(=O)Nc1cccc(Oc2ccc3nc(NC(=O)C4CC4)cn3n2)c1,6.187086643357144,CHEMBL2349003,279,2013.0
CC(C)(C)C(=O)Nc1ccc(-c2ccc(NC(=O)Nc3ccc(Cl)c(Cl)c3)cc2)cn1,7.877456475931245,CHEMBL3586065,279,2015.0
CC(C)(C)C(=O)Nc1ccc(-c2ccc(NC(=O)Nc3cc(Br)cc(C(F)(F)F)c3)cc2)cn1,6.141234286517747,CHEMBL3586058,279,2015.0
CC(C)(C)C(=O)Nc1cc(-c2ccc(NC(=O)Nc3cc(C(C)(C)C)on3)cc2)[nH]n1,6.508638306165727,CHEMBL3809608,279,2016.0
CC(C)(C#N)c1cccc(C(=O)Nc2cccc(Oc3ccc4nc(NC(=O)C5CC5)sc4c3[N+](=O)[O-])c2)c1,7.154901959985743,CHEMBL3125892,279,2013.0
CC(C)(C#N)c1cccc(C(=O)Nc2cccc(Oc3ccc4nc(NC(=O)C5CC5)sc4c3CO)c2)c1,8.130768280269024,CHEMBL3125881,279,2013.0
CC(C)(C#N)c1cccc(C(=O)Nc2cccc(Oc3ccc4nc(NC(=O)C5CC5)sc4c3C(=O)O)c2)c1,7.823908740944319,CHEMBL3124950,279,2013.0
O=C(NCCc1ccccc1)c1cc2c(-c3ccccc3)[nH]nc2s1,5.698970004336019,CHEMBL197923,279,2006.0
O=C(NCc1ccccc1)Nc1cccc(CNc2ncnc3c2cnn3CCc2ccccc2)c1,5.17134010346468,CHEMBL3128219,279,2014.0
O=C(Nc1cccc(Oc2ccc3nc(NC(=O)C4CC4)cn3n2)c1)c1ccno1,8.886056647693163,CHEMBL2349001,279,2013.0
CC(=O)Nc1cn2cc(-c3cc(NC(=O)c4cccc(C(C)(C)C)c4)ccc3C)ccc2n1,7.356547323513812,CHEMBL4217462,279,2017.0
CC(=O)Nc1ccc2c(c1)C(=Cc1cc3c([nH]1)CCN(C(=O)N1CCOCC1)C3)C(=O)N2,8.154901959985743,CHEMBL2403374,279,2013.0
O=C(Nc1ccc(-c2cccnc2)cc1)Nc1cc(C(F)(F)F)cc(C(F)(F)F)c1,9.657577319177792,CHEMBL3586057,279,2015.0
O=C(Nc1ccc(-c2cccnc2)cc1)Nc1ccc(Cl)c(Cl)c1,8.659555885159882,CHEMBL3586056,279,2015.0
O=C(Nc1ccc(-c2cccnc2)cc1)Nc1ccc(OC(F)(F)F)cc1Br,8.337242168318426,CHEMBL3586051,279,2015.0
O=C(Nc1ccc(Br)cc1)Nc1cccc(CNc2ncnc3c2cnn3CCc2ccccc2)c1,5.468521082957745,CHEMBL3128236,279,2014.0
O=C(Nc1ccc(Br)cc1)c1ccccc1Cn1ccc2cnccc21,6.356547323513812,CHEMBL203063,279,2006.0
O=C(Nc1ccc(Br)cc1)c1ccccc1Cn1ccc2ncnc-2c1,6.42021640338319,CHEMBL382584,279,2006.0
O=C(Nc1ccc(Br)cc1)c1scnc1CCc1ccncc1,6.065501548756432,CHEMBL201713,279,2006.0
O=C(Nc1ccc(C(F)(F)F)cc1)Nc1cccc(Oc2ccc3nccn3n2)c1,7.537602002101044,CHEMBL2203321,279,2012.0
O=C(Nc1ccc(CN2CCCC2)cc1)Nc1ccc2ncnc(Nc3cccc(C(F)(F)F)c3)c2c1,6.247951552180561,CHEMBL3740910,279,2016.0
O=C(Nc1ccc(Cc2ccccc2)cc1)c1ccccc1Cn1ccc2ncnc-2c1,5.673664139071249,CHEMBL203429,279,2006.0
O=C(Nc1ccc(Cl)c(C(F)(F)F)c1)c1ccccc1Cn1ccc2cnccc21,6.508638306165727,CHEMBL437889,279,2006.0
O=C(Nc1ccc(Cl)c(C(F)(F)F)c1)c1ccccc1Cn1ccc2ncnc-2c1,6.356547323513812,CHEMBL206185,279,2006.0
O=C(Nc1ccc(Cl)c(C(F)(F)F)c1)c1scnc1CCc1ccncc1,6.568636235841012,CHEMBL202466,279,2006.0
O=C(Nc1ccc(Cl)c(C(F)(F)F)c1)c1scnc1CCc1cnoc1,5.673664139071249,CHEMBL202109,279,2006.0
O=C(Nc1ccc(Cl)c(Cl)c1)c1ccccc1Cn1ccc2cnccc21,7.180456064458131,CHEMBL204548,279,2006.0
O=C(Nc1ccc(Cl)c(Cl)c1)c1ccccc1Cn1ccc2ncnc-2c1,7.251811972993799,CHEMBL205984,279,2006.0
O=C(Nc1ccc(Cl)c(Cl)c1)c1scnc1CCc1ccncc1,6.7447274948966935,CHEMBL383215,279,2006.0
O=C(Nc1ccc(Cl)c(Cl)c1)c1scnc1CCc1cnoc1,5.903089986991944,CHEMBL202714,279,2006.0
O=C(Nc1ccc(Cl)cc1)N1CCOc2cc(Oc3ncnc4[nH]ccc34)ccc21,7.110026361596004,CHEMBL270953,279,2008.0
O=C(Nc1ccc(-c2cccnc2)cc1)Nc1cc(Br)ccc1OC(F)(F)F,7.200108315343135,CHEMBL3586052,279,2015.0
CC(=O)Nc1cn2cc(-c3cc(NC(=O)c4cc(C(F)(F)F)ccn4)ccc3C)ccc2n1,5.698970004336019,CHEMBL4204192,279,2017.0
O=C(Nc1ccc(-c2cccnc2)cc1)Nc1cc(Br)cc(C(F)(F)F)c1,9.443697499232712,CHEMBL3586049,279,2015.0
O=C(Nc1ccc(-c2ccccc2)cc1)c1ccccc1Cn1ccc2ncnc-2c1,6.161150909262744,CHEMBL382478,279,2006.0
CC(=O)Nc1ccc(-c2ccc(NC(=O)Nc3cccc(C)c3)cc2)c2c1C(=O)NC2,7.1938200260161125,CHEMBL184021,279,2004.0
CC(=O)Nc1cc(Oc2ccc(Nc3nccc4[nH]cc(-c5ccc(F)cc5)c(=O)c34)cc2F)ccn1,7.41907502432438,CHEMBL4459121,279,2020.0
CC(=O)Nc1cc(Nc2nccc(Nc3ccc4[nH]ncc4c3)n2)ccc1C,7.2373214362725635,CHEMBL3818768,279,2016.0
CC(=O)Nc1cc(-c2ccc(NC(=O)Nc3cc(C(C)(C)C)on3)cc2)[nH]n1,7.67778070526608,CHEMBL3808619,279,2016.0
O=C(Nc1cc(-c2cccnc2)cc(C(F)(F)F)c1)Nc1nccs1,7.241390857340257,CHEMBL3753142,279,2016.0
O=C(Nc1cc(-c2cncnc2)cc(C(F)(F)F)c1)Nc1nccs1,7.062131203436141,CHEMBL3754556,279,2016.0
O=C(Nc1cc(C2CC2)on1)n1ccc2cc(Oc3ncnc4c3CNC4)ccc21,7.387216143280264,CHEMBL3746122,279,2015.0
O=C(Nc1cc(Oc2cc(F)c(NC(=O)C3(C(=O)Nc4ccc(F)cc4)CC3)cc2F)ccn1)C1CC1,8.036212172654444,CHEMBL3545365,279,2018.0
O=C(Nc1cc(Oc2ccc(Nc3nccc4[nH]cc(-c5ccc(F)cc5)c(=O)c34)cc2F)ccn1)C1CC1,8.05551732784983,CHEMBL4434974,279,2020.0
O=C(Nc1cc(Oc2ccc(Nc3nccc4[nH]cc(-c5ccc(F)cc5)c(=O)c34)cc2F)ccn1)C1CCC1,7.213248577854439,CHEMBL4567013,279,2020.0
O=C(Nc1ccc(-c2cc(NC(=O)c3ccc(OCCN4CCCC4)cc3)[nH]n2)cc1)Oc1ccccc1,6.522878745280337,CHEMBL2063320,279,2012.0
O=C(Nc1ccc(-c2ccc3c(=O)nc[nH]c3c2)cc1)C1(C(=O)Nc2ccc(Cl)c(C(F)(F)F)c2)CCC1,6.527214306247781,CHEMBL4159645,279,2017.0
O=C(Nc1ccc(-c2ccc3c(=O)nc[nH]c3c2)cc1)C1(C(=O)Nc2cccc(C(F)(F)F)c2)CCC1,6.507742622462009,CHEMBL4164127,279,2017.0
O=C(Nc1ccc(-c2cccc3c2CNC3=O)cc1)Nc1cc(C(F)(F)F)ccc1F,7.638272163982407,CHEMBL184170,279,2004.0
O=C(Nc1ccc(-c2cccc3c2CNC3=O)cc1)Nc1ccc(C(F)(F)F)cc1,6.79317412396815,CHEMBL364626,279,2004.0
O=C(Nc1ccc(-c2cccc3c2CNC3=O)cc1)Nc1ccc2c(c1)CCC2,7.4089353929735005,CHEMBL427139,279,2004.0
O=C(Nc1ccc(-c2cccc3c2CNC3=O)cc1)Nc1cccc(C(F)(F)F)c1,8.154901959985743,CHEMBL410711,279,2004.0
O=C(Nc1ccc(-c2cccc3c2CNC3=O)cc1)Nc1cccc(Cl)c1,7.337242168318426,CHEMBL182468,279,2004.0
O=C(Nc1ccc(-c2cccc3c2CNC3=O)cc1)Nc1cccc(F)c1,6.2839966563652006,CHEMBL182648,279,2004.0
O=C(Nc1ccc(-c2ccccc2)cc1)c1scnc1CCc1ccncc1,5.96657624451305,CHEMBL425930,279,2006.0
O=C(Nc1cccc(Oc2ccc3nc(NC(=O)C4CCCCC4)cn3n2)c1)c1cccc(F)c1,7.958607314841775,CHEMBL2349009,279,2013.0
O=C(Nc1cccc(Oc2ccc3nc(NC(=O)C4CCOCC4)cn3n2)c1)c1cccc(C(F)(F)F)c1,8.407099132567561,CHEMBL2348989,279,2013.0
O=C(Nc1cccc(Oc2ccc3nc(NC(=O)C4CCOCC4)cn3n2)c1)c1cccc(F)c1,8.568636235841012,CHEMBL2349011,279,2013.0
S=C(NNc1nncc2ccccc12)Nc1ccccc1,8.207608310501746,CHEMBL3924500,279,2016.0
C=CC(=O)Nc1ccc(-c2ccc(NC(=O)Nc3ccc(F)cc3)cc2)cn1,8.098541678603887,CHEMBL4171943,279,2017.0
C=CC(=O)Nc1cc2c(Nc3ccc(Br)cc3F)ncnc2cc1OCCCC(=O)CN(C)C,6.987162775294828,CHEMBL4547332,279,2019.0
C=CC(=O)N1CCN(CCCn2c(=O)c(-c3c(Cl)c(OC)cc(OC)c3Cl)cc3cnc(NC)nc32)CC1,6.151810883008601,CHEMBL4068509,279,2017.0
C=CC(=O)N1CCC(n2cc(-c3cc4cc(C)cc(OC)c4s3)c3c(N)ncnc32)C1,6.945386945443112,CHEMBL4475243_CHEMBL4554319_CHEMBL4560984,279,
C=C(CN1CCOCC1)C(=O)Nc1ccc(NC(=O)Nc2ccc(-c3cc(C)nc4noc(N)c34)cc2)cc1C,6.777283528852417,CHEMBL4238294,279,2018.0
c1cc(-c2cnc3c(-c4ccncc4)cnn3c2)ccn1,6.649751981665837,CHEMBL92279,279,2002.0
c1cc(-c2cnn3cc(-c4ccc(N5CCNCC5)cc4)cnc23)c2cccnc2c1,5.690369832574101,CHEMBL2385591,279,2013.0
c1cc(-c2cnn3cc(-c4ccc(OCCN5CCCCC5)cc4)cnc23)cs1,8.522878745280337,CHEMBL333021,279,2002.0
c1cc(-c2cnn3cc(-c4ccc(OCCN5CCOCC5)cc4)cnc23)ccn1,7.958607314841775,CHEMBL324153,279,2002.0
c1cc(-c2cnn3cc(-c4ccc(OCCN5CCOCC5)cc4)cnc23)cs1,8.397940008672037,CHEMBL324335,279,2002.0
C=C(CCC(C)C1CCC2C(CCc3cc(O)ccc3C)C(=O)CCC12C)C(C)C,5.314258261397736,CHEMBL1922225,279,2011.0
c1cc(N2CCNCC2)ccc1-c1cnc2c(-c3cn[nH]c3)cnn2c1,7.853871964321762,CHEMBL2385586,279,2013.0
c1cc(N2CCOCC2)ccc1-c1cnc2c(-c3cn[nH]c3)cnn2c1,8.774690718274137,CHEMBL2385579,279,2013.0
c1cc(Nc2ncnc3cc(OCCCN4CCCC4)cc(OC4CCOCC4)c23)c2c(c1)OCO2,7.0,CHEMBL214893,279,2006.0
c1cc(Nc2ncnc3cc(OCCN4CCCC4)cc(OC4CCOCC4)c23)c2c(c1)OCCO2,7.301029995663981,CHEMBL266188,279,2006.0
c1cc(Nc2ncnc3cc(OCCN4CCCC4)cc(OC4CCOCC4)c23)c2c(c1)OCO2,6.187086643357144,CHEMBL385958,279,2006.0
c1cc(OCCN2CCOCC2)cc(-c2cnc3c(-c4ccsc4)cnn3c2)c1,7.853871964321762,CHEMBL118386,279,2002.0
c1cc2c(ncc3[nH]nc(C4CCCCC4)c32)[nH]1,7.045757490560675,CHEMBL2322135,279,2013.0
S=C(NNc1nncc2ccccc12)Nc1ccc(Cl)cc1,8.214670164989233,CHEMBL3896476,279,2016.0
c1cc2c(ncc3ccc(C4CCCCC4)n32)[nH]1,6.221848749616356,CHEMBL2322143,279,2013.0
C=CC(=O)Nc1ccc(-c2ccc(NC(=O)Nc3cccc(C(C)C)c3)cc2)cn1,8.67778070526608,CHEMBL4175773,279,2017.0
C=CC(=O)Nc1ccc(-c2ccc(NC(=O)Nc3cccc(Cl)c3)cc2)cn1,8.628932137728263,CHEMBL4171543,279,2017.0
OCCCNc1cncc(-c2cncc(Nc3cccc(Cl)c3)n2)c1,7.075720713938118,CHEMBL177688,279,2005.0
OCCCNc1cncc(-c2cncc(Nc3cccc(Cl)c3)n2)n1,6.303643611266668,CHEMBL178743,279,2005.0
OCCCNc1cnccc1-c1cncc(Nc2cccc(Cl)c2)n1,6.118615343229427,CHEMBL178484,279,2005.0
OCCCNc1ncc(-c2cncc(Nc3cccc(Cl)c3)n2)o1,5.675717544702307,CHEMBL368936,279,2005.0
OCCCNc1ncc(-c2cncc(Nc3cccc(Cl)c3)n2)s1,6.149966742310231,CHEMBL368786,279,2005.0
OCc1cccc(Nc2ncc(-c3ccccc3)o2)c1,6.301029995663981,CHEMBL194113,279,2005.0
Oc1ccc(-c2nc(Cl)c(-c3ccccc3)c(Oc3ccc(OCCN4CCCC4)cc3)n2)cc1,7.070581074285707,CHEMBL4248225,279,2018.0
C=CC(=O)Nc1cccc(-c2ccc(NC(=O)Nc3ccccc3F)cc2)n1,7.95116991347165,CHEMBL4174374,279,2017.0
C=CC(=O)Nc1cccc(-c2ccc(NC(=O)Nc3cccc(Cl)c3)cc2)n1,6.910766268634601,CHEMBL4175530,279,2017.0
C=CC(=O)Nc1cccc(-c2ccc(NC(=O)Nc3cccc(C(F)(F)F)c3)cc2)n1,7.71669877129645,CHEMBL4159244,279,2017.0
C=CC(=O)Nc1cccc(-c2ccc(NC(=O)Nc3ccc(Cl)c(C(F)(F)F)c3)cc2)n1,8.209714835966759,CHEMBL4165320,279,2017.0
Oc1ccccc1-c1nc2ccc(Nc3ccnc4ccccc34)cc2[nH]1,5.020907099361674,CHEMBL3323597,279,2014.0
C=CC(=O)Nc1cccc(-c2ccc(NC(=O)Nc3ccc(C)c(Cl)c3)cc2)n1,8.1518108830086,CHEMBL4160813,279,2017.0
C=CC(=O)Nc1cccc(-c2ccc(NC(=O)Nc3ccc(C(C)(C)C)cc3)cc2)n1,7.924453038607469,CHEMBL4164213,279,2017.0
C=CC(=O)Nc1cccc(-c2ccc(NC(=O)Nc3c(C)cccc3C)cc2)n1,6.381732195399193,CHEMBL4170942,279,2017.0
Oc1nc(NCc2ccccc2)nc(Nc2ccc3ncsc3c2)n1,5.698970004336019,CHEMBL539425,279,2005.0
Oc1nc2ccccc2cc1-c1cc2cc(OCCN3CCCCC3)ccc2[nH]1,8.397940008672037,CHEMBL333297,279,2004.0
Oc1nnc(-c2c[nH]c(-c3ccccc3)c2-c2ccccc2)c2cn(-c3ccc(Cl)cc3)nc12,5.462180904926726,CHEMBL3742200,279,2015.0
Oc1nnc(-c2c[nH]c(-c3ccccc3)c2-c2ccccc2)c2cn(-c3ccccc3)nc12,5.462180904926726,CHEMBL3740923,279,2015.0
C=CC(=O)Nc1ccc(-c2ccc(NC(=O)Nc3cccc(C(F)(F)F)c3)cc2)cn1,6.487022260656586,CHEMBL4169668,279,2017.0
OCCCNc1cc(-c2cncc(Nc3cccc(Cl)c3)n2)ccn1,6.301029995663981,CHEMBL177434,279,2005.0
c1cc2c(ncc3cnc(C4CCCCC4)n32)[nH]1,6.040958607678906,CHEMBL2322134,279,2013.0
c1cc2c(ncc3ncn(C4CCCCC4)c32)[nH]1,5.431798275933005,CHEMBL2322138,279,2013.0
C#Cc1cccc(Nc2ncnc3cc(OCCOC)c(OCCOC)cc23)c1,7.299988937677888,CHEMBL1079742_CHEMBL553,279,
c1ccc(Nc2ncc(-c3ccccc3)o2)cc1,5.920818753952375,CHEMBL318728,279,2004.0
c1ccc(Nc2ncc3c(n2)-c2ccccc2SC3)cc1,5.086186147616283,CHEMBL3628536,279,2015.0
c1ccc(Nc2ncc3c(n2)-c2cccnc2SC3)cc1,6.251811972993799,CHEMBL4441332,279,2019.0
c1ccc(Oc2ccc(Nc3ncnc4ccccc34)cc2)cc1,5.565431095965801,CHEMBL304760,279,2000.0
c1ccc(Oc2cccc(Nc3ncc(-c4ccccc4)o3)c2)cc1,5.85078088734462,CHEMBL191626,279,2005.0
c1ccc2c(-c3cncc(-c4ccsc4)c3)c[nH]c2c1,6.899629454882437,CHEMBL327518,279,2003.0
c1ccc2c(-c3cnn4cc(-c5ccc(N6CCNCC6)cc5)cnc34)ccnc2c1,6.668167955563751,CHEMBL513147,279,2013.0
c1ccc2c(-c3cnn4cc(-c5ccc(N6CCOCC6)cc5)cnc34)ccnc2c1,5.273272790973428,CHEMBL2385582,279,2013.0
C#CCON=Cc1c(N)ncnc1Oc1ccc2[nH]c(C)cc2c1F,7.2839966563652,CHEMBL219676,279,2006.0
c1ccc2c(c1)c(-c1cncc(-c3ccsc3)c1)cn2CCCN1CCCCC1,7.42021640338319,CHEMBL316671,279,2003.0
c1ccc2c(c1)c(-c1cncc(-c3ccsc3)c1)cn2CCN1CCCCC1,6.954677021213342,CHEMBL317438,279,2003.0
c1ccc2c(c1)c(-c1cncc(-c3ccsc3)c1)cn2CCN1CCOCC1,7.221848749616356,CHEMBL103595,279,2003.0
c1cn(Cc2ccc3c(c2)-c2[nH]nc(-c4ccsc4)c2C3)cn1,6.832682665251824,CHEMBL212084,279,2006.0
c1cnc(CCc2ccncc2)c(-c2nnc(NCc3ccc4c(c3)OCO4)o2)c1,7.070581074285707,CHEMBL383123,279,2006.0
c1cnc(CCc2ccncc2)c(-c2nnc(Nc3cnc4ccccc4c3)o2)c1,6.42021640338319,CHEMBL206136,279,2006.0
c1cncc(-c2cnn3cc(-c4ccc(OCCN5CCCCC5)cc4)cnc23)c1,7.698970004336019,CHEMBL117166,279,2002.0
c1csc(-c2n[nH]c3c2Cc2ccccc2-3)c1,6.031517051446064,CHEMBL212899,279,2006.0
Brc1ccc(-c2nc3ccc(Nc4ncnc5ccccc45)cc3[nH]2)cc1,6.42021640338319,CHEMBL3321905,279,2014.0
c1ccc(-n2cnc3cc(-c4ccc(OCCN5CCCCC5)nc4)ccc32)cc1,7.638272163982407,CHEMBL82069,279,2003.0
c1cc2c(ncc3ncc(C4CCCCC4)n32)[nH]1,6.0,CHEMBL2322142,279,2013.0
c1ccc(-n2cnc3cc(-c4ccc(OCCN5CCCCC5)cc4)cnc32)cc1,7.431798275933005,CHEMBL316384,279,2003.0
c1ccc(-n2cnc3cc(-c4ccc(NCCN5CCOCC5)nc4)ccc32)cc1,7.2839966563652,CHEMBL83171,279,2003.0
c1cc2c(ncc3nnc(C4CCCCC4)n32)[nH]1,5.585026652029182,CHEMBL2322141,279,2013.0
c1cc2c(ncc3onc(C4CCCCC4)c32)[nH]1,6.698970004336019,CHEMBL2322137,279,2013.0
C(=Cc1ccccc1)C(=NNc1nncc2ccccc12)c1ccccc1,9.3767507096021,CHEMBL3903713,279,2016.0
C(#Cc1cc(-c2n[nH]c3c2Cc2ccccc2-3)cs1)COc1ccccc1,5.329754146925875,CHEMBL389499,279,2007.0
C(#Cc1cc(-c2n[nH]c3c2Cc2cc(Cn4cncn4)ccc2-3)cs1)COc1ccccc1,7.207608310501746,CHEMBL224918,279,2007.0
C(#Cc1cc(-c2n[nH]c3c2Cc2cc(Cn4ccnn4)ccc2-3)cs1)COc1ccccc1,6.906578314837764,CHEMBL224917,279,2007.0
C(#Cc1cc(-c2n[nH]c3c2Cc2cc(Cn4ccnc4)ccc2-3)cs1)COc1ccccc1,6.709965388637482,CHEMBL224834,279,2007.0
C(#Cc1cc(-c2n[nH]c3c2Cc2cc(Cn4cccn4)ccc2-3)cs1)COc1ccccc1,7.698970004336019,CHEMBL224889,279,2007.0
C(#Cc1cc(-c2n[nH]c3c2Cc2cc(CN4CCSC4)ccc2-3)cs1)COc1ccccc1,7.619788758288394,CHEMBL224027,279,2007.0
c1ccc(-c2cc3ncnc(Nc4ccc5[nH]ccc5c4)c3s2)cc1,7.096910013008056,CHEMBL76432,279,2019.0
c1ccc(-c2ccc(Nc3nnc(-c4cccnc4CCc4ccncc4)o3)cc2)cc1,5.580044251510242,CHEMBL208229,279,2006.0
c1ccc(-c2cccc(Nc3ncnc4cc5c(cc34)OCO5)c2)cc1,6.071604147743287,CHEMBL2419760_CHEMBL3040861,279,
c1ccc(-c2cn(Cc3ccc(-c4cccnc4)cc3)nn2)cc1,7.441771578196674,CHEMBL4556134,279,2019.0
c1ccc(-c2cnc(Nc3cc(CN4CCCC4)ccn3)s2)cc1,8.522878745280337,CHEMBL221875,279,2004.0
c1ccc(-c2cnc(Nc3ccc(CN4CCCC4)cn3)s2)cc1,8.221848749616356,CHEMBL98475,279,2004.0
c1ccc(-c2cnn3cc(-c4ccc(OCCN5CCOCC5)cc4)cnc23)cc1,8.045757490560675,CHEMBL331465,279,2002.0
c1ccc(-c2n[nH]c3c2Cc2ccccc2-3)cc1,5.920818753952375,CHEMBL215971,279,2006.0
c1ccc(-c2nc3ccc(Nc4ccnc5ccccc45)cc3[nH]2)cc1,5.605548319173783,CHEMBL3323592,279,2014.0
c1ccc(-c2nc3ccc(Nc4ncnc5ccccc45)cc3[nH]2)cc1,6.080921907623926,CHEMBL3321892,279,2014.0
c1ccc(-n2cnc3cc(-c4ccc(OCCN5CCCCC5)cc4)ccc32)cc1,7.853871964321762,CHEMBL83279,279,2003.0
O=C(Cc1ccccc1)Nc1cccc(CNc2ncnc3c2cnn3CCc2ccccc2)c1,5.1904402853647325,CHEMBL3128234,279,2014.0
OCC(Nc1cnc(-c2cc(Cl)ccc2O)c(-c2ccc3cnccc3c2)c1)c1ccccc1,9.096910013008056,CHEMBL4067871,279,2017.0
C=CCON=Cc1c(N)ncnc1Oc1ccc2[nH]c(C)cc2c1F,7.2839966563652,CHEMBL221224,279,2006.0
O=C(Nc1cnn(-c2ccccc2)c1)c1cccc(NS(=O)(=O)c2ccc(Cl)cc2)c1,5.621602099051863,CHEMBL4439053,279,2019.0
O=C(Nc1cnn(-c2ccccc2)c1)c1cccc(NS(=O)(=O)c2ccccc2)c1,5.486782399932061,CHEMBL4459052,279,2019.0
CC(=O)N1Cc2ncnc(Oc3ccc4c(ccn4C(=O)Nc4cc(C5CC5)on4)c3)c2CC1C,8.259637310505756,CHEMBL4077373,279,2018.0
CC(=O)N1CCc2c(ncnc2Oc2ccc3c(ccn3C(=O)Nc3cccc(C(F)(F)F)c3)c2)C1,8.154901959985743,CHEMBL3746052,279,2015.0
O=C(Nc1nccs1)Nc1cc(-c2cccnc2)ccc1OC(F)(F)F,6.9725688422330965,CHEMBL3753811,279,2016.0
O=C(Nc1nccs1)Nc1cc(-c2cncnc2)ccc1OC(F)(F)F,7.163549286279846,CHEMBL3752248,279,2016.0
CC(=O)N1CCc2[nH]c(C=C3C(=O)Nc4ccc([N+](=O)[O-])cc43)cc2C1,7.221848749616356,CHEMBL2403378,279,2013.0
CC(=O)N1CCc2[nH]c(C=C3C(=O)Nc4ccc(OC(C)C)cc43)cc2C1,6.045757490560675,CHEMBL2403375,279,2013.0
CC(=O)N1CCc2[nH]c(C=C3C(=O)Nc4ccc(C(F)(F)F)cc43)cc2C1,6.494850021680094,CHEMBL2403376,279,2013.0
CC(=O)N1CCc2[nH]c(C=C3C(=O)Nc4ccc(C#N)cc43)cc2C1,7.698970004336019,CHEMBL2403377,279,2013.0
CC(=O)N1CCN(c2nccc(Nc3ncc(C#N)s3)n2)CC1,6.815308569182401,CHEMBL203404,279,2006.0
CC(=O)N1CCN(c2cc(Nc3ncc(C#N)s3)ncn2)CC1,7.886056647693163,CHEMBL203585,279,2006.0
CC(=O)N1CCN(Cc2ccnc(Nc3ncc(C#N)s3)c2)CC1,7.886056647693163,CHEMBL224036,279,2004.0
CC(=O)N1CCN(Cc2ccnc(Nc3ncc(-c4ccccc4)s3)c2)CC1,8.096910013008056,CHEMBL221926,279,2004.0
CC(=O)N1CCN(CCOc2ccc3[nH]c(-c4cc5ccccc5nc4O)cc3c2)CC1,8.397940008672037,CHEMBL119276,279,2004.0
CC(=O)N1CCN(CCOc2cc(OC(C)C)c3c(Nc4c(F)ccc5c4OCO5)ncnc3c2)CC1,5.187086643357144,CHEMBL386996,279,2006.0
O=C(O)C1CCN(CCCOc2ccc3[nH]c(-c4cc5ccccc5nc4O)cc3c2)CC1,8.096910013008056,CHEMBL118748,279,2004.0
O=C(O)CCC1CCCc2[nH]c(C=C3C(=O)Nc4ccc(Br)cc43)cc21,7.522878745280337,CHEMBL231649,279,2007.0
O=C(O)CCC1CCCc2[nH]c(C=C3C(=O)Nc4ccc(C(=O)O)cc43)cc21,8.397940008672037,CHEMBL231139,279,2007.0
O=C(Nc1cnn(-c2ccccc2)c1)c1ccc(NS(=O)(=O)c2ccc(Cl)cc2)cc1,5.430626090384954,CHEMBL4459564,279,2019.0
O=C(O)CCC1CCCc2[nH]c(C=C3C(=O)Nc4ccccc43)cc21,7.045757490560675,CHEMBL230081,279,2007.0
O=C(Nc1cnc2ccccc2c1)c1ccccc1NCc1ccncc1,7.823908740944319,CHEMBL202011,279,2006.0
O=C(Nc1ccncc1)Nc1cc(-c2cncnc2)cc(C(F)(F)F)c1,7.666149854897455,CHEMBL3752008,279,2016.0
O=C(Nc1cccc(Oc2ccc3nc(NC(=O)c4ccc(C(F)(F)F)cc4)cn3n2)c1)c1cccc(F)c1,6.920818753952375,CHEMBL2349007,279,2013.0
O=C(Nc1cccc(Oc2ccc3nc(NC(=O)c4cccc(C(F)(F)F)c4)cn3n2)c1)c1cccc(F)c1,6.795880017344075,CHEMBL2349008,279,2013.0
O=C(Nc1cccc(Oc2ccc3nccn3n2)c1)Nc1cccc(C(F)(F)F)c1,7.920818753952375,CHEMBL2206663,279,2012.0
O=C(Nc1cccc(Oc2ccc3nccn3n2)c1)c1cccc(C(F)(F)F)c1,7.638159175634045,CHEMBL2206666,279,2012.0
O=C(Nc1cccc(Oc2ccc3nccn3n2)c1)c1ccccc1,7.096910013008056,CHEMBL2206665,279,2012.0
O=C(Nc1cccc(Sc2ccnc3ccsc23)c1)Nc1ccc(Cl)c(C(F)(F)F)c1,7.795880017344075,CHEMBL3612234,279,2015.0
O=C(Nc1cccc(Sc2ccnc3ccsc23)c1)Nc1cccc(C(F)(F)F)c1,7.823908740944319,CHEMBL3612233,279,2015.0
O=C(Nc1ccccc1)Nc1ccc(-c2cccc3c2CNC3=O)cc1,5.7447274948966935,CHEMBL185477,279,2004.0
O=C(Nc1ccccc1)Nc1ccc(N=C2C(=O)Nc3ccccc32)cc1,5.251037138743839,CHEMBL3589737,279,2015.0
O=C(Nc1ccccc1)Nc1ccc(Oc2ccc3nccn3n2)cc1,5.2839966563652006,CHEMBL2206661,279,2012.0
O=C(Nc1ccccc1)Nc1ccc(Sc2ccnc3ccsc23)cc1,5.935542010773082,CHEMBL3612235,279,2015.0
O=C(Nc1ccccc1)Nc1cccc(CNc2ncnc3c2cnn3CCc2ccccc2)c1,5.665546248849069,CHEMBL3128235,279,2014.0
O=C(Nc1ccccc1)Nc1cccc(Oc2ccc3nccn3n2)c1,7.2839966563652,CHEMBL2206662,279,2012.0
O=C(Nc1ccccc1)Nc1cccc(Sc2ccnc3ccsc23)c1,7.026872146400302,CHEMBL3612227,279,2015.0
O=C(Nc1ccccc1)c1cccc(Oc2ccc3nccn3n2)c1,6.1938200260161125,CHEMBL2206667,279,2012.0
O=C(Nc1ccccn1)Nc1cc(-c2cccnc2)ccc1OC(F)(F)F,7.061780582187257,CHEMBL3753208,279,2016.0
O=C(Nc1ccccn1)Nc1cc(-c2cncnc2)ccc1OC(F)(F)F,7.282329496997738,CHEMBL3754057,279,2016.0
O=C(Nc1ccncc1)Nc1cc(-c2cccnc2)cc(C(F)(F)F)c1,7.031423664824502,CHEMBL3752404,279,2016.0
O=C(Nc1ccncc1)Nc1cc(-c2cccnc2)ccc1OC(F)(F)F,6.892281389479737,CHEMBL3753886,279,2016.0
O=C(Nc1ccncc1)Nc1cc(-c2cncnc2)ccc1OC(F)(F)F,7.654430243943608,CHEMBL3752370,279,2016.0
OC1(c2nc(-c3ccc(F)cc3)c(-c3ccnc(NC4CCCCC4)c3)o2)CCNCC1,5.853871964321762,CHEMBL121405,279,2004.0
O=C(O)c1ccc(Nc2nncc3ccccc23)cc1,9.167491087293763,CHEMBL3937949,279,2016.0
O=C(c1ccc2[nH]c(-c3cc4ccccc4nc3O)cc2c1)N1CCNCC1,8.301029995663981,CHEMBL119552,279,2004.0
O=S(=O)(Nc1cccc(CNc2ncnc3c2cnn3CCc2ccccc2)c1)c1ccc(Br)cc1,5.310691140876379,CHEMBL3128221,279,2014.0
O=S(=O)(Nc1cccc(CNc2ncnc3c2cnn3CCc2ccccc2)c1)c1ccc(F)cc1,5.539102157243452,CHEMBL3128222,279,2014.0
O=S(=O)(Nc1cccc(CNc2ncnc3c2cnn3CCc2ccccc2)c1)c1ccccc1,5.304518323509802,CHEMBL3128220,279,2014.0
O=S(=O)(Nc1ccccn1)c1ccc(Nc2nncc3ccccc23)cc1,8.10790539730952,CHEMBL3978686,279,2016.0
O=S(=O)(Nc1ncccn1)c1ccc(Nc2nncc3ccccc23)cc1,8.070581074285707,CHEMBL3908272,279,2016.0
O=S(=O)(Nc1nccs1)c1ccc(Nc2nncc3ccccc23)cc1,8.065501548756432,CHEMBL3970399,279,2016.0
O=S(=O)(c1ccc2[nH]c(-c3cc4ccccc4nc3O)cc2c1)N1CCNCC1,7.958607314841775,CHEMBL118832,279,2004.0
O=S1(=O)NCCCNc2nc(ncc2Br)Nc2cccc1c2,7.397940008672037,CHEMBL1235529,279,2011.0
O=[N+]([O-])c1ccc(S(=O)(=O)Nc2cccc(CNc3ncnc4c3cnn4CCc3ccccc3)c2)cc1,5.987162775294828,CHEMBL3128223,279,2014.0
O=c1[nH]c(CN2CCCCC2)nc2cc(-c3cn(Cc4ccccc4)c4ccccc34)sc12,5.647817481888637,CHEMBL2377464,279,2013.0
O=c1[nH]c2ccccc2c(NCC2CCNCC2)c1-c1nc2ccccc2[nH]1,6.026872146400301,CHEMBL526285,279,2009.0
O=c1[nH]c2ccccc2c(O)c1-c1nc2ccccc2[nH]1,6.619788758288394,CHEMBL377345,279,2009.0
O=c1[nH]c2ccccc2cc1-c1cc2ccccc2[nH]1,8.096910013008056,CHEMBL221736,279,2004.0
O=c1cc(-c2ccc3c(c2)ncn3-c2ccccc2)ccn1CCCN1CCCCC1,7.602059991327962,CHEMBL82433,279,2003.0
O=c1cc(-c2ccc3c(c2)ncn3-c2ccccc2)ccn1CCN1CCCCC1,7.055517327849831,CHEMBL432548,279,2003.0
O=c1ccc(-c2ccc3c(c2)ncn3-c2ccccc2)cn1CCCN1CCCCC1,7.431798275933005,CHEMBL84332,279,2003.0
O=c1ccc(-c2ccc3c(c2)ncn3-c2ccccc2)cn1CCN1CCCCC1,6.568636235841012,CHEMBL79475,279,2003.0
O=c1ccc2ccccc2cc1-c1nc2ccccc2[nH]1,6.449771646944906,CHEMBL327029,279,2004.0
O=c1nc(-c2ccc3c(c2)ncn3-c2ccccc2)ccn1CCCN1CCCCC1,7.017728766960431,CHEMBL430812,279,2003.0
O=S(=O)(NC1CCNC1)c1ccc2[nH]c(-c3cc4ccccc4nc3O)cc2c1,7.853871964321762,CHEMBL420528,279,2004.0
O=C(c1ccc(-c2nnc(Nc3ccc(OC(F)(F)Cl)cc3)c3ccccc23)cc1)N1CCOCC1,5.309803919971486,CHEMBL382710,279,2005.0
O=S(=O)(Cc1ccccc1)Nc1cccc(CNc2ncnc3c2cnn3CCc2ccccc2)c1,5.651695136951839,CHEMBL3128226,279,2014.0
O=C1Nc2ccccc2C1=Cc1ccc2cn[nH]c2c1,5.6020599913279625,CHEMBL2407911_CHEMBL3353337,279,
CC(=NOCC(C)C)c1ccc2c(c1)c1c3c(c4c(c1n2C(C)C)CCc1nn(C)cc1-4)C(=O)NC3,7.292429823902063,CHEMBL258436,279,2008.0
CC(=NOCC(C)C)c1ccc2[nH]c3c4c(c5c(c3c2c1)CNC5=O)-c1cn(C)nc1CC4,8.0,CHEMBL258433,279,2008.0
CC(=NOC(C)C)c1ccc2c(c1)c1c3c(c4c(c1n2C(C)C)CCc1nn(C)cc1-4)C(=O)NC3,7.958607314841775,CHEMBL429138,279,2008.0
CC(=NOC(C)C)c1ccc2[nH]c3c4c(c5c(c3c2c1)CNC5=O)-c1cn(C)nc1CC4,8.522878745280337,CHEMBL258000,279,2008.0
CC(=NOC(C)(C)C)c1ccc2[nH]c3c4c(c5c(c3c2c1)CNC5=O)-c1cn(C)nc1CC4,7.508638306165727,CHEMBL255281,279,2008.0
CC(=NO)c1ccc2[nH]c3c4c(c5c(c3c2c1)CNC5=O)-c1cn(C)nc1CC4,9.0,CHEMBL404322,279,2008.0
CC(=CC=CCC(C)C(CC(=O)O)OC1OC(CO)C(O)C(O)C1O)C(=O)O,5.301029995663981,CHEMBL2303627,279,2005.0
O=C1CSC(=NNc2nncc3ccccc23)N1,8.356547323513812,CHEMBL3938794,279,2016.0
O=C1CSC(=NNc2nncc3ccccc23)N1c1ccc(Cl)cc1,8.568636235841012,CHEMBL3912723,279,2016.0
O=C1CSC(=NNc2nncc3ccccc23)N1c1ccccc1,8.455931955649724,CHEMBL3982619,279,2016.0
O=C1NCc2c1c1c(c3[nH]c4ccccc4c23)Cc2ccccc2-1,6.958607314841775,CHEMBL357490,279,2003.0
O=C1NCc2c3c(c4[nH]c5ccccc5c4c21)Cc1ccccc1-3,6.3829996588791005,CHEMBL148471,279,2003.0
O=C1Nc2ccc(C(F)(F)F)cc2C1=Cc1cc2c([nH]1)CCN(C(=O)N1CCOCC1)C2,7.080921907623926,CHEMBL2403372,279,2013.0
O=C1Nc2ccc(O)cc2C1=Cc1ccc[nH]1,6.392009141452825,CHEMBL393636,279,2014.0
O=C1Nc2ccccc2C12CC2c1ccc2c(C=Cc3ccc(CN4CCCCC4)cc3)n[nH]c2c1,7.920818753952375,CHEMBL3353362,279,2015.0
O=C1Nc2ccccc2C12CC2c1ccc2c(C=Cc3ccc(CN4CCOCC4)cc3)n[nH]c2c1,5.853871964321762,CHEMBL3353354,279,2015.0
O=C1Nc2ccccc2C12CC2c1ccc2c(C=Cc3ccncc3)n[nH]c2c1,5.886056647693163,CHEMBL3353340,279,2015.0
O=C1Nc2ccccc2C1=Cc1c[nH]nc1-c1ccccc1[N+](=O)[O-],8.113509274827518,CHEMBL2347053,279,2013.0
O=C1Nc2ccccc2C1=Cc1ccc2c(C=Cc3ccncc3)n[nH]c2c1,7.468521082957745,CHEMBL2407749,279,2015.0
CC#Cc1cc(-c2n[nH]c3c2Cc2cc(CN4CCN(C)CC4)ccc2-3)cs1,6.0,CHEMBL223943,279,2007.0
Cn1cnc(NCc2ccncc2)c1-c1nnc(Nc2cccc(OC(F)(F)F)c2)o1,7.337242168318426,CHEMBL206538,279,2006.0
CC(C)(C)c1cc(NC(=O)Nc2ccc(-c3cc(N)n[nH]3)cc2)no1,6.214670164989233,CHEMBL3808854,279,2016.0
CC(C)(C)c1cc(NC(=O)Nc2ccc(-c3cc(N)on3)cc2)no1,5.721246399047171,CHEMBL3809077,279,2016.0
NC(=O)C1C2C=CC(C2)C1Nc1nc(Nc2cnn(CCO)c2)ncc1Cl,8.221848749616356,CHEMBL2071270,279,2012.0
NC(=O)C1C2C=CC(C2)C1Nc1nc(Nc2cnn(Cc3ccccc3)c2)ncc1Cl,8.154901959985743,CHEMBL2071217,279,2012.0
CC(O)C(C)Nc1nc(Nc2ccc([S+](N)[O-])cc2)ncc1Br,7.229147988357855,CHEMBL3604467,279,2015.0
CC(O)C(=O)Nc1cc(Oc2ccc(Nc3nccc4[nH]cc(-c5ccc(F)cc5)c(=O)c34)cc2F)ccn1,6.5392524581558025,CHEMBL4513894,279,2020.0
NC(=O)Cn1cc(Nc2ncc(Cl)c(NC3C4C=CC(C4)C3C(N)=O)n2)cn1,7.744727494896693,CHEMBL2071272,279,2012.0
NC(=O)N1CCN(Cc2ccc3c(c2)Cc2c(-c4csc(C#CCOc5ccccc5)c4)n[nH]c2-3)CC1,8.045757490560675,CHEMBL225261,279,2007.0
NC(=O)c1c(-c2ccc3scnc3c2)nn2c1NC1CC(CC1O)C2,5.100179497572904,CHEMBL4453606_CHEMBL4527824,279,
NC(=O)c1c(-c2ccc3scnc3c2)nn2c1NC1CCC(C1)C2,5.300162274132754,CHEMBL4551566,279,2019.0
NC(=O)C1C2C=CC(C2)C1Nc1nc(Nc2cnn(CCN3CCOCC3)c2)ncc1Cl,8.045757490560675,CHEMBL2071274,279,2012.0
NC(=O)c1c(-c2ccc3scnc3c2)nn2c1NCCC2,5.100179497572904,CHEMBL4558980,279,2019.0
NC(=O)c1c(-c2ccc3scnc3c2)nn2c1NCCCCC2,5.494850021680094,CHEMBL4475766,279,2019.0
NC(=O)c1c(OCc2c(F)cc(Br)cc2F)nsc1NC(=O)NCCCCN1CCCC1,7.958607314841775,CHEMBL253969,279,2008.0
NC(=O)c1ccc(-c2nnc(Nc3ccc(Br)cc3)c3ccccc23)cc1,7.0,CHEMBL197158,279,2005.0
NC(=O)c1ccc(-c2nnc(Nc3ccc(Cl)c(Cl)c3)c3ccccc23)cc1,6.075720713938118,CHEMBL371639,279,2005.0
NC(=O)c1ccc(-c2nnc(Nc3ccc(Cl)cc3)c3ccccc23)cc1,5.886056647693163,CHEMBL194746,279,2005.0
NC(=O)c1ccc(-c2nnc(Nc3ccc(OC(F)(F)Cl)cc3)c3ccccc23)cc1,6.721246399047171,CHEMBL193342,279,2005.0
NC(=O)c1ccc(-c2nnc(Nc3cccc(Br)c3)c3ccccc23)cc1,5.920818753952375,CHEMBL370193,279,2005.0
NC(=O)c1ccc(-c2nnc(Nc3cccc(Cl)c3)c3ccccc23)cc1,5.769551078621726,CHEMBL407008,279,2005.0
NC(=O)c1c(-c2ccc3scnc3c2)nn2c1NCCCC2,5.600326278518962,CHEMBL4535795,279,2019.0
NC(=O)C1C2C=CC(C2)C1Nc1nc(Nc2cnn(CC3CCCN3)c2)ncc1Cl,7.823908740944319,CHEMBL2071277,279,2012.0
NC(=O)C1C2C=CC(C2)C1Nc1nc(Nc2cnn(CC(=O)O)c2)ncc1Cl,9.0,CHEMBL2071271,279,2012.0
NC(=O)C1C2C=CC(C2)C1Nc1nc(Nc2cnn(C3CCNCC3)c2)ncc1Cl,8.698970004336019,CHEMBL2071275,279,2012.0
N#Cc1cnc(Nc2ccc(CCO)cc2)nc1-c1ccc2[nH]ccc2c1,7.045757490560675,CHEMBL389102,279,2007.0
N#Cc1cnc(Nc2ccc(CCO)cc2)nc1-c1ccccc1,6.698970004336019,CHEMBL389343,279,2007.0
N#Cc1cnc(Nc2ccc(CCO)cc2)nc1-c1cccs1,7.086186147616283,CHEMBL245174,279,2007.0
N#Cc1cnc(Nc2ccc(CCO)cc2)nc1-c1nc2ccccc2s1,6.468521082957745,CHEMBL234489,279,2007.0
N#Cc1cnc(Nc2ccc(CN3CCCC3)cc2)nc1-c1ccccc1,7.214670164989233,CHEMBL233454,279,2007.0
N#Cc1cnc(Nc2ccc3ccccc3c2)nc1-c1ccccc1,5.6777807052660805,CHEMBL390467,279,2007.0
N#Cc1cnc(Nc2cccc(CN3CCOCC3)c2)nc1-c1ccccc1,6.443697499232712,CHEMBL233667,279,2007.0
N#Cc1cnc(Nc2ccccc2)nc1-c1ccccc1,6.0,CHEMBL411829,279,2007.0
N#Cc1cnc(Nc2ccnc(N)n2)s1,6.254144804826272,CHEMBL203000,279,2006.0
N#Cc1cnc(Nc2ccncn2)s1,6.00436480540245,CHEMBL202748,279,2006.0
N#Cc1cnc(Nc2nc3ccccc3[nH]2)nc1-c1ccccc1,5.0,CHEMBL233875,279,2007.0
CC(Oc1cc(-n2cnc3ccc(OC4CCN(C)CC4)cc32)sc1C(N)=O)c1ccccc1Cl,5.920818753952375,CHEMBL1794070,279,2009.0
CC(Oc1cc(-n2cnc3ccc(OC4CCN(C)CC4)cc32)sc1C(N)=O)c1ccccc1C(F)(F)F,6.096910013008056,CHEMBL1615278,279,2009.0
CC(Oc1c(N)ncc2c(C3=CCN(C(N)=O)CC3)coc12)c1c(Cl)ccc(F)c1Cl,5.550363406341198,CHEMBL2401832,279,2013.0
CC(O)COc1cn2ncnc(Nc3cnc4[nH]ccc4c3)c2c1C(C)C,6.782516055786093,CHEMBL265191,279,2008.0
N=C(Nc1ccccc1)SCCCN1C(=O)C2=C(C1=O)n1ccc3cccc(c31)C1Cc3ccccc3N21,5.366531544420413,CHEMBL487254,279,2008.0
CC(O)C(C)Oc1nc(Nc2ccc([S+](N)[O-])cc2)ncc1Br,6.913640169325252,CHEMBL3604468,279,2015.0
CC(O)C(C)Oc1nc(Nc2ccc(S(=N)(=O)C3CC3)cc2)ncc1C(F)(F)F,6.787812395596042,CHEMBL4282338_CHEMBL4442620,279,
NC(=O)C1C2C=CC(C2)C1Nc1nc(Nc2cnn(C3CCCNC3)c2)ncc1Cl,8.698970004336019,CHEMBL2071276,279,2012.0
NC(=O)c1cccc(-c2nnc(Nc3ccc(OC(F)(F)Cl)cc3)c3ccccc23)c1,5.3872161432802645,CHEMBL427550,279,2005.0
NC(=S)N1N=C(c2ccc(Cl)c(Cl)c2)CC1c1ccc2ccccc2c1,5.494850021680094,CHEMBL2325087,279,2013.0
NC(=S)NNc1nncc2ccccc12,8.1249387366083,CHEMBL3977192,279,2016.0
CC(Nc1nc(Nc2cn(C)cn2)c2cc[nH]c2n1)c1ncc(F)cn1,7.657577319177793,CHEMBL3116050,279,2014.0
NS(=O)(=O)c1ccc(Nc2nccc(Nc3ccc4[nH]ncc4c3)n2)cc1,7.610833915635467,CHEMBL3818193,279,2016.0
NS(=O)(=O)c1ccc(Nc2nncc3ccccc23)cc1,8.008773924307505,CHEMBL3926223,279,2016.0
Nc1c(-c2nc3cc(N4CCOCC4)ccc3[nH]2)c(=O)[nH]c2ccccc12,7.244125144327507,CHEMBL204426,279,2009.0
Nc1c(-c2nc3cc(OCCN4CCOCC4)ccc3[nH]2)c(=O)[nH]c2ccccc12,7.180456064458131,CHEMBL526658,279,2009.0
Nc1c(-c2nc3ccccc3[nH]2)c(=O)[nH]c2ccccc12,7.236572006437063,CHEMBL383417,279,2009.0
Nc1c(C(=O)c2cc3cc(CN4CCOCC4)ccc3[nH]2)cnn1-c1cc(O)ccc1Cl,8.619788758288394,CHEMBL3984621,279,2016.0
Nc1c(C(=O)c2cc3ccccc3[nH]2)cnn1-c1cc(O)ccc1Cl,7.552841968657781,CHEMBL3976548,279,2016.0
Nc1c(C(=O)c2cc3ccccc3[nH]2)cnn1-c1ccc2[nH]c(=O)[nH]c2c1,5.568636235841012,CHEMBL3952373,279,2016.0
Nc1c(C(=O)c2cc3ccccc3[nH]2)cnn1-c1ccc2[nH]ccc2c1,7.2839966563652,CHEMBL3941474,279,2016.0
Nc1c(C(=O)c2cc3ccccc3[nH]2)cnn1-c1ccc2nc[nH]c2c1,6.468521082957745,CHEMBL3934547,279,2016.0
Nc1c(C(=O)c2cc3ccccc3[nH]2)cnn1-c1ccccc1Cl,6.3872161432802645,CHEMBL3956001,279,2016.0
Nc1c(C(=O)c2cc3ccccc3o2)cnn1-c1cc(O)ccc1Cl,6.769551078621726,CHEMBL3981956,279,2016.0
Nc1c(C(=O)c2ccc3ncccc3c2)cnn1-c1cc(O)ccc1Cl,5.795880017344075,CHEMBL3947281,279,2016.0
Nc1cc(-c2ccc(NC(=O)Nc3cccc(C(F)(F)F)c3)cc2)[nH]n1,5.1487416512809245,CHEMBL3809912,279,2016.0
Nc1cc(-c2ccc(NC(=O)Nc3cccc(C(F)(F)F)c3)cc2)no1,5.1487416512809245,CHEMBL3809254,279,2016.0
Nc1cc(Oc2ccc3c(ccn3C(=O)Nc3cccc(C(F)(F)F)c3)c2)ncn1,7.769551078621726,CHEMBL3746359,279,2015.0
Nc1ccc(-c2cccc3[nH]nc(N)c23)cc1,5.319664486585436,CHEMBL222778,279,2007.0
Nc1ccc(-c2csc3ccnc(N)c23)cc1,5.309803919971486,CHEMBL231153,279,2007.0
CC(C)Oc1cc(OCCN2CCOCC2)cc2ncnc(Nc3c(Cl)ccc4c3OCO4)c12,5.0,CHEMBL436968,279,2006.0
NS(=O)(=O)c1ccc(Nc2ncc(-c3ccccc3)o2)cc1,6.301029995663981,CHEMBL194062,279,2005.0
N#Cc1cnc(Nc2ccc(CCO)cc2)nc1-c1ccc(S(N)(=O)=O)cc1,6.698970004336019,CHEMBL234275,279,2007.0
CC(C)c1cc(NC(=O)n2ccc3cc(Oc4ncnc5c4CCNC5)ccc32)n[nH]1,8.221848749616356,CHEMBL3745943,279,2015.0
CC(C)c1cc(NC(=O)n2ccc3cc(Oc4ncnc5c4CNC5)ccc32)no1,8.045757490560675,CHEMBL3747273,279,2015.0
NC1CCN(C(=O)c2ccc3[nH]c(-c4cc5ccccc5nc4O)cc3c2)C1,8.301029995663981,CHEMBL117052,279,2004.0
NC1CCN(S(=O)(=O)c2ccc3[nH]c(-c4cc5ccccc5nc4O)cc3c2)C1,7.795880017344075,CHEMBL323838,279,2004.0
NNC(=O)CSc1nnc(Cn2c(-c3ccco3)nc3ccccc32)s1,5.85078088734462,CHEMBL4173279,279,2017.0
CC(Nc1cc(-c2sc(C3CCN(C)CC3)nc2-c2ccc(F)cc2)ccn1)c1ccccc1,5.769551078621726,CHEMBL2111784,279,2004.0
CC(CO)Nc1nc(Nc2ccc([S+](N)[O-])cc2)ncc1Br,7.468521082957745,CHEMBL3604466,279,2015.0
CC(CN(C)C)Cn1cc(-c2cncc(-c3ccsc3)c2)c2ccccc21,7.337242168318426,CHEMBL327720,279,2003.0
CC(C)n1nc(-c2cc(C3CC3)on2)c2c(N)ncnc21,7.017728766960431,CHEMBL3753341,279,2016.0
CC(C)n1cc(-c2ccc(Oc3ccccc3)cc2)c2c(N)ncnc21,6.366531544420413,CHEMBL307982,279,2000.0
CC(C)n1c2ccc(C3CCCCO3)cc2c2c3c(c4c(c21)CCc1nn(C)cc1-4)C(=O)NC3,7.67778070526608,CHEMBL1084062,279,2010.0
CC(C)n1c2ccc(C3CCCCO3)cc2c2c3c(c4c(c21)CCc1c-4cnn1C)C(=O)NC3,7.356547323513812,CHEMBL1083350,279,2010.0
CC(C)c1cccc(NC(=O)Nc2cccc(-c3cccc4[nH]nc(N)c34)c2)c1,8.642065152999546,CHEMBL3633296,279,2015.0
CC(C)c1ccc(Nc2nnc(-c3ccncc3CCc3ccncc3)o2)cc1,6.6020599913279625,CHEMBL207975,279,2006.0
CC(C)c1ccc(Nc2nnc(-c3cccnc3CCc3ccncc3)o2)cc1,7.292429823902063,CHEMBL377995,279,2006.0
CC(C)c1ccc(Nc2nnc(-c3cccc4cnccc34)c3ccccc23)cc1,7.769551078621726,CHEMBL203346,279,2006.0
CC(C)c1ccc(Nc2nnc(-c3c(NCc4ccncc4)ncn3C)o2)cc1,6.356547323513812,CHEMBL203119,279,2006.0
CC(C)c1ccc(NC(=O)c2scnc2CCc2cnoc2)cc1,5.79317412396815,CHEMBL201659,279,2006.0
CC(C)c1ccc(NC(=O)c2scnc2CCc2ccncc2)cc1,6.853871964321762,CHEMBL201906,279,2006.0
CC(C)c1ccc(NC(=O)c2ccccc2Cn2ccc3ncnc-3c2)cc1,6.958607314841775,CHEMBL204099,279,2006.0
CC(C)c1ccc(NC(=O)c2ccccc2Cn2ccc3cnccc32)cc1,7.060480747381382,CHEMBL203243,279,2006.0
NS(=O)(=O)c1ccc(NC(=O)Nc2ccc(N=C3C(=O)Nc4ccc(Cl)cc43)cc2)cc1,6.508638306165727,CHEMBL3589200,279,2015.0
N#Cc1cnc(Nc2ccc(CCO)cc2)nc1-c1ccc(Br)cc1,6.7447274948966935,CHEMBL234067,279,2007.0
N#Cc1cnc(Nc2ccc(CCO)cc2)nc1-c1cc2ccccc2[nH]1,5.853871964321762,CHEMBL390186,279,2007.0
N#Cc1cnc(Nc2ccc(CCN3CCCC3)cc2)nc1-c1ccccc1,6.958607314841775,CHEMBL233455,279,2007.0
FC(F)(F)c1cccc(Nc2nnc(-c3cccnc3CCc3cccc4ncccc34)o2)c1,5.248720896016658,CHEMBL205647,279,2006.0
FC(F)(F)c1cccc(Nc2nnc(-c3cccnc3CCc3ccncc3)o2)c1,7.1938200260161125,CHEMBL383334,279,2006.0
FC(F)(F)c1cccc(Nc2nnc(-c3ccncc3CCc3ccncc3)o2)c1,6.251811972993799,CHEMBL381577,279,2006.0
FC(F)(F)c1cccc(Nc2nnc(-c3cnccc3CCc3ccncc3)o2)c1,6.142667503568731,CHEMBL205421,279,2006.0
FC(F)(F)c1nc2cnc3[nH]ccc3c2n1C1CCCCC1,6.142667503568731,CHEMBL2322139,279,2013.0
Fc1ccc(-c2nc3ccc(Nc4ccnc5ccccc45)cc3[nH]2)cc1,5.866461091629782,CHEMBL3323601,279,2014.0
Fc1ccc(-c2nc3ccc(Nc4ncnc5ccccc45)cc3[nH]2)cc1,7.698970004336019,CHEMBL3321901,279,2014.0
CC1(O)CC2OC1(C)n1c3ccccc3c3c4c(c5c6ccccc6n2c5c31)C(=O)NC4,7.538896861280492,CHEMBL2113062_CHEMBL2113063,279,
Fc1ccc(Br)c(-c2nc3ccc(Nc4ccnc5ccccc45)cc3[nH]2)c1,5.106793246940152,CHEMBL3323614,279,2014.0
Fc1ccc(Br)c(-c2nc3ccc(Nc4ncnc5ccccc45)cc3[nH]2)c1,5.0695604052333,CHEMBL3321912,279,2014.0
Fc1ccc(C=CC(=NNc2nncc3ccccc23)c2ccccc2)cc1,9.05551732784983,CHEMBL3963403,279,2016.0
CC1(C)c2cc(C3CCN(C4COC4)CC3)ccc2C(=O)c2c1[nH]c1cc(C#N)ccc21,7.0,CHEMBL1779202,279,2011.0
Fc1ccc(Nc2nccc(Nc3ccc4[nH]ncc4c3)n2)cc1,6.696803942579511,CHEMBL3818283,279,2016.0
Fc1ccc(Nc2nncc3ccccc23)cc1,9.173925197299171,CHEMBL3979610,279,2016.0
Fc1ccc(Oc2ncnc3sc4c(c23)CCCC4)cc1Cl,5.455931955649724,CHEMBL3628802,279,2015.0
Fc1ccc2c(-c3nc4cc(N5CCC(N6CCCCC6)CC5)ccc4[nH]3)[nH]nc2c1,7.785156151952302,CHEMBL212054,279,2016.0
Fc1cccc(-c2nc3ccc(Nc4ccnc5ccccc45)cc3[nH]2)c1,5.453457336521868,CHEMBL3323600,279,2014.0
Fc1cccc(-c2nc3ccc(Nc4ncnc5ccccc45)cc3[nH]2)c1,6.086186147616283,CHEMBL3321900,279,2014.0
CC1(C)OCC(=O)Nc2cc(Nc3nc(NCC(F)(F)F)c4occc4n3)ccc21,5.474955192963154,CHEMBL4069365,279,2016.0
FC(F)(F)c1cccc(Nc2nnc(-c3cccnc3CCc3ccc4[nH]ncc4c3)o2)c1,5.412289034981089,CHEMBL382797,279,2006.0
Fc1cccc(Nc2ncc3c(n2)-c2cccnc2SC3)c1,7.036212172654444,CHEMBL4453147,279,2019.0
FC(F)(F)c1ccc(Nc2nnc(-c3cnccc3CCc3ccncc3)o2)cc1,6.356547323513812,CHEMBL205244,279,2006.0
FC(F)(F)c1ccc(Nc2nnc(-c3cccnc3CCc3ccncc3)o2)cc1,7.236572006437063,CHEMBL381182,279,2006.0
Cn1nc(C2CCCCC2)c2c3cc[nH]c3ncc21,6.795880017344075,CHEMBL2322136,279,2013.0
Cn1nc(N)c2c(-c3ccc(NC(=O)Nc4ccc(F)c(C(F)(F)F)c4)cc3)cncc21,8.431798275933005,CHEMBL256824,279,2008.0
Cn1nc(N)c2c(-c3ccc(NC(=O)Nc4cccc(Cl)c4)cc3)cncc21,8.823908740944319,CHEMBL404366,279,2008.0
Cn1ncc2c1CCc1c-2c2c(c3c1[nH]c1ccc(C4CCCCO4)cc13)CNC2=O,8.096910013008056,CHEMBL1083071,279,2010.0
Cn1ncc2c1CCc1c-2c2c(c3c4cc(C5CCCCO5)ccc4n(C4CCCC4)c13)CNC2=O,7.187086643357144,CHEMBL1085295,279,2010.0
Cn1nncc1C(=O)Nc1cccc(Oc2ccc3nc(NC(=O)C4CC4)cn3n2)c1,8.886056647693163,CHEMBL2348999,279,2013.0
FC(F)(Cl)Oc1ccc(Nc2nnc(-c3cccc4cnccc34)c3ccccc23)cc1,7.102372908709558,CHEMBL382818,279,2006.0
FC(F)(Cl)Oc1ccc(Nc2nnc(-c3cccnc3CCc3ccncc3)o2)cc1,7.508638306165727,CHEMBL205502,279,2006.0
FC(F)(Cl)Oc1ccc(Nc2nnc(-c3ccncc3CCc3ccncc3)o2)cc1,6.657577319177793,CHEMBL205544,279,2006.0
FC(F)(Cl)Oc1ccc(Nc2nnc(-c3cnccc3CCc3ccncc3)o2)cc1,6.356547323513812,CHEMBL382142,279,2006.0
FC(F)(F)Oc1ccc(Nc2nnc(-c3cccnc3CCc3ccncc3)o2)cc1,7.356547323513812,CHEMBL380536,279,2006.0
FC(F)(F)Oc1ccc(Nc2nnc(-c3ccncc3CCc3ccncc3)o2)cc1,6.455931955649724,CHEMBL383434,279,2006.0
FC(F)(F)Oc1ccc(Nc2nnc(-c3cnccc3CCc3ccncc3)o2)cc1,6.443697499232712,CHEMBL207772,279,2006.0
FC(F)(F)Oc1cccc(Nc2nnc(-c3cccnc3CCc3ccncc3)o2)c1,7.161150909262744,CHEMBL206123,279,2006.0
FC(F)(F)Oc1cccc(Nc2nnc(-c3ccncc3CCc3ccncc3)o2)c1,6.327902142064282,CHEMBL205639,279,2006.0
FC(F)(F)Oc1cccc(Nc2nnc(-c3cnccc3CCc3ccncc3)o2)c1,6.259637310505756,CHEMBL381293,279,2006.0
FC(F)(F)c1cc(Nc2nnc(-c3cccc4cnccc34)c3ccccc23)ccc1Cl,6.920818753952375,CHEMBL383616,279,2006.0
FC(F)(F)c1cc(Nc2nnc(Cc3ccncc3)c3ccccc23)ccc1Cl,6.522878745280337,CHEMBL77555,279,2000.0
FC(F)(F)c1ccc(-c2nc3ccc(Nc4ncnc5ccccc45)cc3[nH]2)cc1,5.053056729302174,CHEMBL3321908,279,2014.0
FC(F)(F)c1ccc(Nc2nnc(-c3ccncc3CCc3ccncc3)o2)cc1,6.537602002101044,CHEMBL208363,279,2006.0
CC(C)Oc1cc(OCCCN2CCCC2)cc2ncnc(Nc3c(Cl)ccc4c3OCO4)c12,5.920818753952375,CHEMBL214376,279,2006.0
Fc1ccccc1-c1cn(Cc2ccc(-c3cccnc3)cc2)nn1,6.522271158217447,CHEMBL4454065,279,2019.0
Fc1ccccc1-c1nc2ccc(Nc3ncnc4ccccc34)cc2[nH]1,5.197226274708024,CHEMBL3321899,279,2014.0
CC(Oc1ccc2[nH]nc(-c3nc4cc(C5CCN(C)CC5)ccc4[nH]3)c2c1)c1c(Cl)cncc1Cl,8.10790539730952,CHEMBL3827268,279,2016.0
N#Cc1cccc(NC(=O)Nc2ccc(-c3cccc4c3CNC4=O)cc2)c1,6.431798275933005,CHEMBL184143,279,2004.0
N#Cc1cccc(NC(=O)Nc2ccc(-c3csc4ccnc(N)c34)cc2)c1,7.346787486224656,CHEMBL396494,279,2007.0
N#Cc1cccc(Nc2ncc(-c3ccccc3)o2)c1,6.031517051446064,CHEMBL1794061,279,2005.0
N#Cc1ccccc1Nc1ncc(-c2ccccc2)o1,6.060480747381382,CHEMBL193912,279,2005.0
N#Cc1cnc(Nc2cc(CN3CCN(C(=O)CO)CC3)ccn2)s1,8.045757490560675,CHEMBL222852,279,2004.0
N#Cc1cnc(Nc2cc(CN3CCN(C(N)=O)CC3)ccn2)s1,8.096910013008056,CHEMBL375306,279,2004.0
N#Cc1cnc(Nc2cc(CN3CCNCC3)ccn2)s1,7.823908740944319,CHEMBL222225,279,2004.0
N#Cc1cnc(Nc2cc(CN3CCOCC3)ccn2)s1,8.096910013008056,CHEMBL373693,279,2004.0
N#Cc1cnc(Nc2cc(N)ncn2)s1,7.387216143280264,CHEMBL437322,279,2006.0
N#Cc1cnc(Nc2cc(N3CCC(N)C3)ncn2)s1,7.795880017344075,CHEMBL381817,279,2006.0
N#Cc1cnc(Nc2cc(N3CCC(N)CC3)ncn2)s1,8.0,CHEMBL427025,279,2006.0
N#Cc1cnc(Nc2cc(N3CCCC(N)CC3)ncn2)s1,8.045757490560675,CHEMBL204163,279,2006.0
N#Cc1cnc(Nc2cc(N3CCCNCC3)ncn2)s1,7.568636235841012,CHEMBL203907,279,2006.0
N#Cc1cnc(Nc2cc(N3CCN(CCCN4CCOCC4)CC3)ncn2)s1,8.0,CHEMBL204700,279,2006.0
N#Cc1cnc(Nc2cc(N3CCN(CCN4CCCC4)CC3)ncn2)s1,8.045757490560675,CHEMBL380735,279,2006.0
N#Cc1cnc(Nc2cc(N3CCN(CCN4CCOCC4)CC3)ncn2)s1,7.920818753952375,CHEMBL204446,279,2006.0
N#Cc1cnc(Nc2cc(N3CCNCC3)ncn2)s1,7.795880017344075,CHEMBL380944,279,2006.0
N#Cc1cnc(Nc2ccc(CCC(=O)N3CCOCC3)cc2)nc1-c1ccccc1,6.7447274948966935,CHEMBL233456,279,2007.0
N#Cc1ccc(Nc2nncc3ccccc23)cc1,9.366531544420411,CHEMBL3915508,279,2016.0
Fc1ccccc1-c1cn(Cc2ccc(-c3cncnc3)cc2)nn1,8.11747546204512,CHEMBL4459732,279,2019.0
N#Cc1ccc(NC(=O)Nc2cccc(Sc3ccnc4ccsc34)c2)cc1,6.686132779630847,CHEMBL3612229,279,2015.0
N#Cc1ccc(NC(=O)Nc2ccc(N=C3C(=O)Nc4ccccc43)cc2)cc1,5.293282217663242,CHEMBL3589739,279,2015.0
N#CC1(c2ccc(NC(=O)c3cccnc3NCc3ccncc3)cc2)CCCC1,9.0,CHEMBL3545414,279,2016.0
N#CC1(c2cccc(C(=O)Nc3cc(Oc4ccc5nc(NC(=O)C6CC6)sc5n4)ccc3F)c2Cl)CC1,8.55284196865778,CHEMBL2063743,279,2013.0
CC1(C)CNc2cc(NC(=O)c3cccnc3NCc3ccncc3)ccc21,8.522878745280337,CHEMBL572881,279,2010.0
N#Cc1c(Oc2ccc(F)c(NC(=O)Cc3cccc(C(F)(F)F)c3)c2)ccc2nc(NC(=O)C3CC3)sc12,6.795880017344075,CHEMBL3125890,279,2013.0
N#Cc1c(Oc2ccc(F)c(NC(=O)Nc3ccc(C(F)(F)F)cc3)c2)ccc2nc(NC(=O)C3CC3)sc12,6.180456064458131,CHEMBL3125886,279,2013.0
N#Cc1c(Oc2ccc(F)c(NC(=O)Nc3cccc(C(F)(F)F)c3)c2)ccc2nc(NC(=O)C3CC3)sc12,6.136677139879544,CHEMBL3125885,279,2013.0
N#Cc1c(Oc2cccc(NC(=O)Cc3ccc(C(F)(F)F)cc3)c2)ccc2nc(NC(=O)C3CC3)sc12,6.721246399047171,CHEMBL3125889,279,2013.0
N#Cc1c(Oc2cccc(NC(=O)Cc3cccc(C(F)(F)F)c3)c2)ccc2nc(NC(=O)C3CC3)sc12,6.823908740944319,CHEMBL3125888,279,2013.0
N#Cc1c(Oc2cccc(NC(=O)Cc3ccccc3C(F)(F)F)c2)ccc2nc(NC(=O)C3CC3)sc12,7.0,CHEMBL3125887,279,2013.0
N#Cc1c(Oc2cccc(NC(=O)Nc3ccc(C(F)(F)F)cc3)c2)ccc2nc(NC(=O)C3CC3)sc12,6.481486060122112,CHEMBL3125884,279,2013.0
N#Cc1c(Oc2cccc(NC(=O)Nc3cccc(C(F)(F)F)c3)c2)ccc2nc(NC(=O)C3CC3)sc12,6.455931955649724,CHEMBL3125883,279,2013.0
N#Cc1c(Oc2cccc(NC(=O)Nc3ccccc3C(F)(F)F)c2)ccc2nc(NC(=O)C3CC3)sc12,6.920818753952375,CHEMBL3125882,279,2013.0
N#Cc1cc(Oc2ccc(NC(=O)Nc3ccc(Cl)c(C(F)(F)F)c3)cc2)ccn1,6.669586226650809,CHEMBL3409417,279,2015.0
CC(Oc1ccc2[nH]nc(C=Cc3cnn(CCO)c3)c2c1)c1c(Cl)cncc1Cl,8.236572006437063,CHEMBL3828009_CHEMBL3923667,279,
CC(Oc1ccc2[nH]nc(-c3nc4cc(N5CCN(C)CC5)ccc4[nH]3)c2c1)c1c(Cl)cncc1Cl,8.110924374808178,CHEMBL3827178_CHEMBL3828022_CHEMBL3828740,279,
N#Cc1ccc(CN2C(=O)C(=Nc3ccc(NC(=O)Nc4ccc(S(N)(=O)=O)cc4)cc3)c3ccccc32)cc1,6.683945741011394,CHEMBL4569077,279,2019.0
CC(Oc1ccc2[nH]nc(-c3nc4cc(N(C)C(=O)CN(C)C)ccc4[nH]3)c2c1)c1c(Cl)cncc1Cl,8.602059991327963,CHEMBL3828439,279,2016.0
CC(Oc1ccc2[nH]nc(-c3nc4cc(CCO)ccc4[nH]3)c2c1)c1c(Cl)cncc1Cl,7.899629454882437,CHEMBL3827180_CHEMBL3827330_CHEMBL3827752,279,
N#Cc1ccc(NC(=O)CN2CCN(c3nnc(-c4ccccc4)c4ccccc34)CC2)cc1,5.361510743045363,CHEMBL3752671,279,2016.0
N#Cc1ccc(NC(=O)Nc2ccc(Sc3ccnc4ccsc34)cc2)cc1,5.077793722560983,CHEMBL3612324,279,2015.0
Nc1ccc2c(Cc3ccncc3)nnc(Nc3ccc(Cl)cc3)c2c1,6.187086643357144,CHEMBL74143,279,2000.0
Nc1cccc(-c2cn(Cc3ccc(-c4cncnc4)cc3)nn2)c1,7.252199909135631,CHEMBL4448354,279,2019.0
CC(C)OCc1ccc2c(c1)c1c3c(c4c(c1n2CCCO)Cc1ccccc1-4)C(=O)NC3,8.096910013008056,CHEMBL150894,279,2003.0
Nc1onc2nc(-c3ccccc3)cc(-c3ccc(NC(=O)Nc4ccc(F)cc4)cc3)c12,6.157390760389438,CHEMBL4245241,279,2018.0
Nc1onc2nc(-c3ccccc3)cc(-c3ccc(NC(=O)Nc4cccc(Cl)c4)cc3)c12,6.586700235918748,CHEMBL4241470,279,2018.0
Nc1onc2nc(-c3ccccc3)cc(-c3ccc(NC(=O)Nc4cccc(F)c4)cc3)c12,6.978810700930062,CHEMBL4243899,279,2018.0
O=C(C=CNc1ccc(F)cc1)c1ccc(NC(=S)Nc2ccc(S(=O)(=O)Nc3ccccn3)cc2)cc1,7.431798275933005,CHEMBL4226159,279,2018.0
O=C(C=CNc1ccccc1Cl)c1ccc(NC(=S)Nc2ccc(S(=O)(=O)Nc3ccccn3)cc2)cc1,7.431798275933005,CHEMBL4225317,279,2018.0
CC(C)N(Cc1ccccc1)c1nc(O)nc(Nc2ccc3ncsc3c2)n1,7.744727494896693,CHEMBL176019,279,2005.0
CC(C)C(=O)Nc1cc(Oc2ccc(Nc3nccc4[nH]cc(-c5ccc(F)cc5)c(=O)c34)cc2F)ccn1,6.638083381331357,CHEMBL4468880,279,2020.0
O=C(CC(=O)Nc1ccc2c(c1)NC(=O)C2=Cc1ccc[nH]1)Nc1ccc(F)cc1,5.751658843330803,CHEMBL3322563,279,2014.0
O=C(CC1(N2CCOCC2)CCCCC1)Nc1ccc2[nH]nc(-c3ccc(N4CCOCC4)cc3)c2c1,5.920818753952375,CHEMBL3422066,279,2015.0
CC(C)(O)c1ccc(-c2nc(Nc3ccc(CCO)cc3)ncc2C#N)cc1,6.3872161432802645,CHEMBL234697,279,2007.0
O=C(CCCCC(=O)Nc1ccc2c(c1)C(=Cc1ccc[nH]1)C(=O)N2)NO,6.537602002101044,CHEMBL3621296,279,2014.0
CC(C)(Nc1nc(O)nc(Nc2ccc3ncsc3c2)n1)c1ccccc1,7.455931955649724,CHEMBL175862,279,2005.0
CC(C)(Nc1nc(O)nc(Nc2ccc3[nH]cnc3c2)n1)c1ccccc1,6.619788758288394,CHEMBL175830,279,2005.0
CC(C)(Nc1nc(NO)nc(Nc2ccc3ncsc3c2)n1)c1ccccc1,7.397940008672037,CHEMBL177298,279,2005.0
CC(C)(Nc1nc(Cl)nc(Nc2ccc3ncsc3c2)n1)c1ccccc1,5.259637310505756,CHEMBL175760,279,2005.0
CC(C)(N)c1ccc(-c2nc(Nc3cccc(CCN4CCOCC4)c3)ncc2C#N)cc1,7.259637310505756,CHEMBL231801,279,2007.0
CC(C)(N)c1ccc(-c2nc(Nc3ccc(OCCN4CCOCC4)cc3)ncc2C#N)cc1,6.346787486224656,CHEMBL234944,279,2007.0
CC(C)(N)c1ccc(-c2nc(Nc3ccc(CCO)cc3)ncc2C#N)cc1,7.2839966563652,CHEMBL243017,279,2007.0
CC(C)(N)c1ccc(-c2nc(Nc3ccc(CCN4CCOCC4)cc3)ncc2C#N)cc1,7.568636235841012,CHEMBL231800,279,2007.0
Nc1onc2nc(-c3ccccc3)cc(-c3ccc(NC(=O)Nc4ccc(Cl)c(C(F)(F)F)c4)cc3)c12,6.164309428507575,CHEMBL4242710,279,2018.0
O=C(CCCCCCC(=O)Nc1ccc2c(c1)C(=Cc1ccc[nH]1)C(=O)N2)NO,6.625251653989896,CHEMBL3621294,279,2014.0
Nc1ncnn2ccc(C(=O)Nc3ccc(NC(=O)Nc4cccc(F)c4)cc3)c12,5.928117992693874,CHEMBL1990583,279,2012.0
Nc1ncnc2snc(-c3ccc(NC(=O)Nc4cccc(Cl)c4)cc3)c12,7.721246399047171,CHEMBL379372,279,2006.0
Nc1nccc2scc(-c3ccc(NC(=O)Nc4ccsc4)cc3)c12,7.42021640338319,CHEMBL231412,279,2007.0
Nc1nccc2scc(-c3ccc4c(C(=O)Nc5ccccc5)cccc4c3)c12,7.694648630553377,CHEMBL3288525,279,2014.0
Nc1ncnc(Oc2ccc(NC(=O)C3(C(=O)Nc4ccc(F)cc4)CC3)cc2F)c1C=NO,6.853871964321762,CHEMBL3814311,279,2016.0
Nc1ncnc(Oc2ccc(NC(=O)C3(C(=O)Nc4ccc(F)cc4)CC3)cc2F)c1C=NOCCCO,6.251811972993799,CHEMBL3813791,279,2016.0
Nc1ncnc2c1c(-c1ccc(Oc3ccccc3)cc1)cn2C1CC(O)C(O)C1,6.568636235841012,CHEMBL69827,279,2000.0
Nc1ncnc2c1c(-c1ccc(Oc3ccccc3)cc1)cn2C1CCC(O)C1,7.070581074285707,CHEMBL69129,279,2000.0
Nc1ncnc2c1c(-c1ccc(Oc3ccccc3)cc1)cn2C1CCCC1O,6.0,CHEMBL419082,279,2000.0
Nc1ncnc2c1c(-c1cccc(O)c1)cn2C1CC(CN2CCC2)C1,6.356547323513812,CHEMBL3787112,279,2016.0
Nc1ncnc2c1c(-c1cccc(OCC3CCCO3)c1)cn2C1CC(CN2CCC2)C1,5.180456064458131,CHEMBL3786793_CHEMBL3787614,279,
Nc1ncnc2c1c(-c1cccc(OCc3ccccc3)c1)cn2C1CC(CN2CCC2)C1,5.1487416512809245,CHEMBL1614712,279,2016.0
Nc1ncnc2c1c(-c1cccc(Oc3ccccc3)c1)cn2C1CCCC1,5.1487416512809245,CHEMBL69638,279,2000.0
Nc1ncnc2c1c(-c1cnc3[nH]ccc3c1)nn2C1CCCC1,7.387216143280264,CHEMBL1081312,279,2008.0
Nc1ncnc2c1c(C(=O)c1cccc(NC(=O)Nc3c(F)cccc3F)c1)cn2C1CCCC1,5.508638306165727,CHEMBL2386994,279,2013.0
Nc1ncnc2onc(-c3ccc(NC(=O)Nc4cc(C(F)(F)F)ccc4F)cc3)c12,6.647817481888637,CHEMBL378687,279,2006.0
Nc1ncnc2onc(-c3ccc(NC(=O)Nc4cccc(C(F)(F)F)c4)cc3)c12,7.154901959985743,CHEMBL213505,279,2006.0
Nc1ncnc2scc(-c3ccc(NC(=O)Nc4cccc(Cl)c4)cc3)c12,8.522878745280337,CHEMBL382979,279,2005.0
Nc1ncnc2scc(-c3ccc4c(C(=O)Nc5ccccc5)cccc4c3)c12,9.045757490560677,CHEMBL3288526,279,2014.0
Nc1ncnc2snc(-c3ccc(NC(=O)Nc4cc(C(F)(F)F)ccc4F)cc3)c12,7.795880017344075,CHEMBL214258,279,2006.0
Nc1ncnc2snc(-c3ccc(NC(=O)Nc4cccc(C(F)(F)F)c4)cc3)c12,8.397940008672037,CHEMBL213504,279,2006.0
Nc1ncnc2snc(Cc3ccc(NC(=O)Nc4cccc(C(F)(F)F)c4)cc3)c12,5.6777807052660805,CHEMBL378941,279,2006.0
Nc1nccc2scc(-c3ccc(NC(=O)Nc4cccs4)cc3)c12,7.522878745280337,CHEMBL396737,279,2007.0
CC(C)(C)n1nc(-c2ccc3scnc3c2)c(C(N)=O)c1N,6.6020599913279625,CHEMBL4437124,279,2019.0
CC(C)(C)n1cc(-c2ccc(Cl)cc2)c2c(N)ncnc21,5.571865205971211,CHEMBL306012,279,2000.0
O=C(CN1CCN(c2nnc(-c3ccccc3)c3ccccc23)CC1)Nc1c(Cl)cccc1Cl,5.4698003017969175,CHEMBL3754627,279,2016.0
O=C(CN1CCN(c2nnc(-c3ccccc3)c3ccccc23)CC1)Nc1ccc(Cl)cc1,5.415668775632469,CHEMBL3753534,279,2016.0
O=C(CN1CCN(c2nnc(-c3ccccc3)c3ccccc23)CC1)Nc1cccc(C(F)(F)F)c1,5.436518914605589,CHEMBL3752752,279,2016.0
O=C(CN1CCN(c2nnc(-c3ccccc3)c3ccccc23)CC1)Nc1cccc(Cl)c1,5.39040559077478,CHEMBL3754335,279,2016.0
O=C(CN1CCN(c2nnc(-c3ccccc3)c3ccccc23)CC1)Nc1ccccc1,5.329754146925875,CHEMBL3752508,279,2016.0
O=C(CN1CCN(c2nnc(-c3ccccc3)c3ccccc23)CC1)Nc1ccccc1Cl,5.403402904373539,CHEMBL3753854,279,2016.0
O=C(CN1CCN(c2nnc(-c3ccccc3)c3ccccc23)CC1)Nc1nc(-c2ccc(Cl)cc2)cs1,5.507239610973162,CHEMBL3753226,279,2016.0
O=C(CN1CCN(c2nnc(-c3ccccc3)c3ccccc23)CC1)Nc1nc(-c2ccccc2)cs1,5.623423042943488,CHEMBL3753162,279,2016.0
O=C(CN1CCN(c2nnc(-c3ccccc3)c3ccccc23)CC1)Nc1nccs1,5.380906669373257,CHEMBL3753353,279,2016.0
O=C(CN1CCN(c2nnc(-c3ccccc3)c3ccccc23)CC1)c1ccc(Cl)cc1,5.367542707815275,CHEMBL3754141,279,2016.0
O=C(CN1CCN(c2nnc(-c3ccccc3)c3ccccc23)CC1)c1ccccc1,5.342944147142896,CHEMBL3752786,279,2016.0
CC(C)(C)c1cc(NC(=O)n2ccc3cc(Oc4ncnc5c4CCNC5)ccc32)n[nH]1,8.096910013008056,CHEMBL3747084,279,2015.0
CC(C)(C)c1cc(NC(=O)c2cnc3cc(Oc4ncnc5c4CNC5)ccn23)no1,7.045757490560675,CHEMBL3808450,279,2016.0
CC(C)(C)c1cc(NC(=O)Nc2cccc(Oc3cncc(-c4ccc(S(C)(=O)=O)cc4)n3)c2)no1,5.318758762624412,CHEMBL3596873,279,2014.0
CC(C)(C)c1cc(NC(=O)Nc2ccc(Nc3ncnc4c3OCCCN4)cc2)no1,6.049635145623877,CHEMBL4793380,279,2018.0
CC(C)(C)c1cc(NC(=O)Nc2ccc(Cc3cc(N)n[nH]3)cc2)no1,5.180456064458131,CHEMBL3809895,279,2016.0
CC(C)(C)c1cc(NC(=O)Nc2ccc(-c3cn4c(n3)sc3cc(OCCN5CCOCC5)ccc34)cc2)no1,6.366531544420413,CHEMBL576982,279,2012.0
CC(C)(C)c1cc(NC(=O)Nc2ccc(-c3cc(NC(=O)C4CC4)on3)cc2)no1,5.275724130399211,CHEMBL3808728,279,2016.0
CC(C)(C)c1cc(NC(=O)Nc2ccc(-c3cc(NC(=O)C4CC4)n[nH]3)cc2)no1,7.958607314841775,CHEMBL3809588,279,2016.0
CC(C)(C)c1cc(NC(=O)n2ccc3cc(Oc4ncnc5c4CCNC5)ccc32)no1,7.522878745280337,CHEMBL3746226,279,2015.0
CC(C)(C)n1cc(-c2ccc(Oc3ccccc3)cc2)c2c(N)ncnc21,5.6401645176601125,CHEMBL302281,279,2000.0
CC(C)(C)c1cc(NC(=O)n2ccc3cc(Oc4ncnc5c4CNC5)ccc32)no1,8.045757490560675,CHEMBL3745816,279,2015.0
CC(C)(C)c1cc(NC(=O)n2ccc3cc(Oc4ncnc5c4CNC5)cnc32)no1,7.113509274827518,CHEMBL3810154,279,2016.0
CC(C)(C)c1nc2c3ccc(F)cc3c3c(=O)[nH]ccc3c2[nH]1,5.853871964321762,CHEMBL21156,279,2002.0
CC(C)(C)c1nc(Nc2ccc(CCO)cc2)ncc1C#N,5.795880017344075,CHEMBL234699,279,2007.0
CC(C)(C)c1cccc(Nc2nnc(-c3ccc(C(N)=O)cc3)c3ccccc23)c1,6.327902142064282,CHEMBL196668,279,2005.0
CC(C)(C)c1ccc(Nc2nnc(-c3cnccc3CCc3ccncc3)o2)cc1,6.508638306165727,CHEMBL383333,279,2006.0
CC(C)(C)c1ccc(Nc2nnc(-c3ccncc3CCc3ccncc3)o2)cc1,6.721246399047171,CHEMBL204984,279,2006.0
CC(C)(C)c1ccc(Nc2nnc(-c3cccnc3CCc3ccncc3)o2)cc1,7.366531544420413,CHEMBL205325,279,2006.0
Cc1n[nH]c2nccc(-c3ccc(NC(=O)Nc4cccc(N(C)C)c4)cc3)c12,5.1598939055432425,CHEMBL4064941,279,2017.0
CC(C)(C)c1ccc(Nc2nnc(-c3cccc4cnccc34)c3ccccc23)cc1,7.1249387366083,CHEMBL206536,279,2006.0
CC(C)(C)c1ccc(Nc2nnc(-c3cccc(C(N)=O)c3)c3ccccc23)cc1,6.3979400086720375,CHEMBL196994,279,2005.0
CC(C)(C)c1ccc(Nc2nnc(-c3ccc(C(N)=O)cc3)c3ccccc23)cc1,7.107905397309519,CHEMBL370586,279,2005.0
CC(C)(C)c1ccc(NC(=O)c2scnc2CCc2cnoc2)cc1,5.838631997765026,CHEMBL202234,279,2006.0
CC(C)(C)c1ccc(NC(=O)c2scnc2CCc2ccncc2)cc1,6.958607314841775,CHEMBL202384,279,2006.0
CC(C)(C)c1ccc(NC(=O)c2scnc2CCc2ccnc3ccccc23)cc1,5.600326278518962,CHEMBL201014,279,2005.0
CC(C)(C)c1ccc(NC(=O)c2ccccc2Cn2ccc3ncnc-3c2)cc1,7.214670164989233,CHEMBL380932,279,2006.0
CC(C)(C)c1ccc(NC(=O)c2ccccc2Cn2ccc3cnccc32)cc1,7.2839966563652,CHEMBL203965,279,2006.0
CC(C)(C)c1cc(NC(=O)n2ncc3cc(Oc4ncnc5c4CNC5)ccc32)no1,5.638272163982407,CHEMBL3810135,279,2016.0
CC(C)(C)c1cc(NC(=O)n2ccc3ncc(Oc4ncnc5c4CNC5)cc32)no1,6.346787486224656,CHEMBL3809754,279,2016.0
CC(C)(C)c1cc(NC(=O)n2ccc3nc(Oc4ncnc5c4CNC5)ccc32)no1,6.795880017344075,CHEMBL3808653,279,2016.0
CC(C)(C)c1cc(NC(=O)n2ccc3ccc(Oc4ncnc5c4CNC5)cc32)no1,7.318758762624412,CHEMBL3808957,279,2016.0
CC(C)(C)c1cc(NC(=O)n2ccc3cc(Oc4ncnc5c4CNC5)ccc32)on1,6.943095148663527,CHEMBL3747565,279,2015.0
O=C(CO)Nc1cc(Oc2ccc(Nc3nccc4[nH]cc(-c5ccc(F)cc5)c(=O)c34)cc2F)ccn1,7.229884705212898,CHEMBL4575352,279,2020.0
Nc1nccc2scc(-c3ccc(NC(=O)Nc4ccccc4)cc3)c12,7.251811972993799,CHEMBL231255,279,2007.0
Nc1nccc2scc(-c3ccc(NC(=O)Nc4cccc(F)c4)cc3)c12,7.823908740944319,CHEMBL231209,279,2007.0
Nc1n[nH]c2cccc(-c3ccc(NC(=S)Nc4ccc(Cl)c(Cl)c4)cc3)c12,8.115771230367397,CHEMBL4175943,279,2017.0
Nc1n[nH]c2cccc(-c3ccc(NC(=S)Nc4ccc(Cl)cc4Cl)cc3)c12,7.613857891069181,CHEMBL4175949,279,2017.0
Nc1n[nH]c2cccc(-c3ccc(NC(=S)Nc4ccc(F)c(F)c4)cc3)c12,7.699621935129297,CHEMBL4167759,279,2017.0
Nc1n[nH]c2cccc(-c3ccc(NS(=O)(=O)c4ccccc4)cc3)c12,5.335358024443874,CHEMBL220317,279,2007.0
Nc1n[nH]c2cccc(-c3ccc4c(C(=O)NC5CC5)cccc4c3)c12,8.55284196865778,CHEMBL3288523,279,2014.0
Nc1n[nH]c2cccc(-c3ccc4c(C(=O)Nc5cc(F)cc(F)c5)cccc4c3)c12,8.795880017344075,CHEMBL3288515,279,2014.0
Nc1n[nH]c2cccc(-c3ccc4c(C(=O)Nc5ccc(F)cc5)cccc4c3)c12,7.769551078621726,CHEMBL3288513,279,2014.0
Nc1n[nH]c2cccc(-c3ccc4c(C(=O)Nc5ccc(F)cc5F)cccc4c3)c12,8.585026652029182,CHEMBL3288514,279,2014.0
Nc1n[nH]c2cccc(-c3ccc4c(C(=O)Nc5cccc(Br)c5)cccc4c3)c12,8.4089353929735,CHEMBL3288517,279,2014.0
Nc1n[nH]c2cccc(-c3ccc4c(C(=O)Nc5cccc(Cl)c5)cccc4c3)c12,8.508638306165727,CHEMBL3288516,279,2014.0
Nc1n[nH]c2cccc(-c3ccc4c(C(=O)Nc5cccc(F)c5)cccc4c3)c12,8.638272163982407,CHEMBL3288512,279,2014.0
Nc1n[nH]c2cccc(-c3ccc4c(C(=O)Nc5ccccc5)cccc4c3)c12,8.42021640338319,CHEMBL3288502,279,2014.0
Nc1n[nH]c2cccc(-c3ccc4c(C(=O)Nc5ccccc5F)cccc4c3)c12,8.214670164989233,CHEMBL3288511,279,2014.0
Nc1n[nH]c2cccc(-c3ccc4c(c3)OCCN4C(=O)Nc3ccccc3)c12,7.889410289700751,CHEMBL3288527,279,2014.0
Nc1n[nH]c2cccc(-c3cccc(NC(=O)C4(C(=O)Nc5cc(Br)ccc5OC(F)(F)F)CC4)c3)c12,7.489857300597427,CHEMBL4063920,279,2017.0
Nc1n[nH]c2cccc(-c3cccc(NC(=O)Nc4cc(C(F)(F)F)cc(C(F)(F)F)c4)c3)c12,6.931814138253838,CHEMBL3633302,279,2015.0
Nc1n[nH]c2cccc(-c3cccc(NC(=O)Nc4ccc(Cl)c(C(F)(F)F)c4)c3)c12,9.102372908709558,CHEMBL3633304,279,2015.0
Nc1n[nH]c2cccc(-c3cccc(NC(=O)Nc4ccc(Cl)cc4Cl)c3)c12,6.688246138944246,CHEMBL3633301,279,2015.0
Nc1n[nH]c2cccc(-c3cccc(NC(=O)Nc4ccc(F)cc4)c3)c12,8.667561540084394,CHEMBL3633292,279,2015.0
Nc1n[nH]c2cccc(-c3ccc(NC(=S)Nc4cc(OC(F)(F)F)ccc4Br)cc3)c12,8.100179497572904,CHEMBL4168788,279,2017.0
Nc1n[nH]c2cccc(-c3cccc(NC(=O)Nc4cccc(C(F)(F)F)c4)c3)c12,6.480172006224281,CHEMBL3633297,279,2015.0
Nc1n[nH]c2cccc(-c3ccc(NC(=S)Nc4cc(Br)ccc4OC(F)(F)F)cc3)c12,8.462180904926726,CHEMBL4160854,279,2017.0
Nc1n[nH]c2cccc(-c3ccc(NC(=O)Nc4ccccc4F)cc3)c12,7.086186147616283,CHEMBL223583,279,2007.0
CC(C)OCc1ccc2c(c1)c1c3c(c4c(c1n2CCCCC(=O)N(C)C)Cc1ccccc1-4)C(=O)NC3,7.744727494896693,CHEMBL184971,279,2004.0
Nc1n[nH]c2cccc(-c3ccc(NC(=O)C4(C(=O)Nc5cc(Br)cc(C(F)(F)F)c5)CC4)cc3)c12,7.460046158343603,CHEMBL4086694,279,2017.0
Nc1n[nH]c2cccc(-c3ccc(NC(=O)C4(C(=O)Nc5cc(Br)ccc5OC(F)(F)F)CC4)cc3)c12,7.4467239538629,CHEMBL4092519,279,2017.0
Nc1n[nH]c2cccc(-c3ccc(NC(=O)C4(C(=O)Nc5cc(C(F)(F)F)cc(C(F)(F)F)c5)CC4)cc3)c12,8.869666231504993,CHEMBL4075266,279,2017.0
Nc1n[nH]c2cccc(-c3ccc(NC(=O)C4(C(=O)Nc5ccc(Br)cc5OC(F)(F)F)CC4)cc3)c12,8.25336580106242,CHEMBL4104599,279,2017.0
Nc1n[nH]c2cccc(-c3ccc(NC(=O)C4(C(=O)Nc5ccc(Cl)c(Cl)c5)CC4)cc3)c12,6.154573261441055,CHEMBL4083001,279,2017.0
Nc1n[nH]c2cccc(-c3ccc(NC(=O)C4(C(=O)Nc5ccc(Cl)cc5Cl)CC4)cc3)c12,8.10790539730952,CHEMBL4072514,279,2017.0
Nc1n[nH]c2cccc(-c3ccc(NC(=O)C4(C(=O)Nc5ccc(F)c(F)c5)CC4)cc3)c12,8.853871964321762,CHEMBL4100979,279,2017.0
Nc1n[nH]c2cccc(-c3ccc(NC(=O)C4CCCCC4)cc3)c12,7.0655015487564325,CHEMBL222315,279,2007.0
Nc1n[nH]c2cccc(-c3ccc(NC(=O)NC4CCCC4)cc3)c12,6.815308569182401,CHEMBL426887,279,2007.0
Nc1n[nH]c2cccc(-c3ccc(NC(=O)Nc4cc(C(F)(F)F)ccc4F)cc3)c12,7.045757490560675,CHEMBL223361,279,2007.0
Nc1n[nH]c2cccc(-c3ccc(NC(=O)Nc4ccc(F)cc4)cc3)c12,7.173925197299173,CHEMBL220049,279,2007.0
Nc1n[nH]c2cccc(-c3ccc(NC(=O)Nc4ccc5c(c4)OCO5)cc3)c12,8.860120913598763,CHEMBL3633684,279,2015.0
Nc1n[nH]c2cccc(-c3ccc(NC(=O)Nc4cccc(Br)c4)cc3)c12,7.443697499232712,CHEMBL222728,279,2007.0
Nc1n[nH]c2cccc(-c3ccc(NC(=O)Nc4cccc(C(F)(F)F)c4)cc3)c12,8.0,CHEMBL424943,279,2007.0
Nc1n[nH]c2cccc(-c3ccc(NC(=O)Nc4cccc(Cl)c4)cc3)c12,8.096910013008056,CHEMBL375670,279,2007.0
Nc1n[nH]c2cccc(-c3ccc(NC(=O)Nc4cccc(F)c4)cc3)c12,7.638272163982407,CHEMBL373798,279,2007.0
Nc1n[nH]c2cccc(-c3ccc(NC(=O)Nc4cccc(O)c4)cc3)c12,7.259637310505756,CHEMBL223304,279,2007.0
Nc1n[nH]c2cccc(-c3ccc(NC(=O)Nc4ccccc4)cc3)c12,7.1938200260161125,CHEMBL219722,279,2007.0
Nc1n[nH]c2cccc(-c3ccc(NC(=O)Nc4ccsc4)cc3)c12,7.823908740944319,CHEMBL376307,279,2007.0
Nc1nccc2scc(-c3ccc(NC(=O)Nc4cccc5ccccc45)cc3)c12,7.1249387366083,CHEMBL231410,279,2007.0
Nc1n[nH]c2cccc(-c3cccc(NC(=O)Nc4cccc(Cl)c4)c3)c12,9.30102999566398,CHEMBL3633294,279,2015.0
Nc1n[nH]c2cccc(-c3cccc(NC(=O)Nc4ccccc4Cl)c3)c12,6.935542010773082,CHEMBL3633293,279,2015.0
Nc1ncc2ccc(-c3ccc(NC(=O)C4(C(=O)Nc5cc(Br)cc(C(F)(F)F)c5)CC4)cc3)cc2n1,7.393941250589686,CHEMBL4165234,279,2017.0
Nc1ncc2ccc(-c3ccc(NC(=O)C4(C(=O)Nc5cc(OC(F)(F)F)ccc5Br)CC4)cc3)cc2n1,6.901979613790332,CHEMBL4162947,279,2017.0
Nc1ncc2ccc(-c3ccc(NC(=O)C4(C(=O)Nc5ccc(Cl)cc5Cl)CC4)cc3)cc2n1,6.966254663986026,CHEMBL4170879,279,2017.0
Nc1ncc2ccc(-c3ccc(NC(=O)C4(C(=O)Nc5ccc(F)c(F)c5)CC4)cc3)cc2n1,7.67019547783593,CHEMBL4166401,279,2017.0
Nc1ncc2ccc(-c3ccc(NC(=S)Nc4cc(Br)cc(C(F)(F)F)c4)cc3)cc2n1,8.978810700930062,CHEMBL4069517,279,2017.0
Nc1ncc2ccc(-c3ccc(NC(=S)Nc4cc(Br)ccc4OC(F)(F)F)cc3)cc2n1,7.942714355581785,CHEMBL4066813,279,2017.0
Nc1ncc2ccc(-c3ccc(NC(=S)Nc4cc(OC(F)(F)F)ccc4Br)cc3)cc2n1,7.4812229310732254,CHEMBL4088100,279,2017.0
Nc1ncc2ccc(-c3ccc(NC(=S)Nc4ccc(Br)cc4OC(F)(F)F)cc3)cc2n1,8.847711655616944,CHEMBL4089043,279,2017.0
Nc1ncc2ccc(-c3ccc(NC(=S)Nc4ccc(OC(F)(F)F)cc4Br)cc3)cc2n1,9.508638306165729,CHEMBL4060841,279,2017.0
Nc1nccc(Oc2ccc(NC(=O)C3(C(=O)Nc4ccc(F)cc4)CC3)cc2F)c1Cl,7.259637310505756,CHEMBL4104302,279,2017.0
Nc1nccc(Oc2ccc(NC(=O)Nc3ccc(Cl)c(C(F)(F)F)c3)cc2)n1,7.638272163982407,CHEMBL3409414,279,2015.0
Nc1nccc(Oc2ccc(NC(=O)Nc3nc4ccccc4s3)cc2)n1,6.920818753952375,CHEMBL3409415,279,2015.0
Nc1nccc(Oc2ccc(NC(=O)c3c[nH]cc(-c4ccc(F)cc4)c3=O)cc2F)c1Cl,7.823908740944319,CHEMBL2143592,279,2016.0
Nc1nccc(Oc2ccc(Nc3nccc4[nH]cc(-c5ccc(F)cc5)c(=O)c34)cc2F)c1Cl,7.167491087293763,CHEMBL4580644,279,2020.0
Nc1nccc2occ(-c3ccc4c(C(=O)Nc5ccccc5)cccc4c3)c12,7.688246138944246,CHEMBL3288524,279,2014.0
Nc1nccc2scc(-c3ccc(NC(=O)NC4CCCC4)cc3)c12,6.376750709602099,CHEMBL231310,279,2007.0
Nc1nccc2scc(-c3ccc(NC(=O)NC4CCCCC4)cc3)c12,6.308918507877031,CHEMBL231415,279,2007.0
Nc1nccc2scc(-c3ccc(NC(=O)Nc4ccc5ccccc5c4)cc3)c12,7.67778070526608,CHEMBL231411,279,2007.0
Nc1nccc2scc(-c3ccc(NC(=O)Nc4cccc(Cl)c4)cc3)c12,7.657577319177793,CHEMBL394790,279,2007.0
Nc1ncc(C#Cc2ccc(F)c(C(=O)Nc3cccc(C(F)(F)F)c3)c2)cn1,8.221848749616356,CHEMBL218631,279,2007.0
Nc1n[nH]c2cccc(-c3cccc(NC(=O)Nc4cccc(F)c4)c3)c12,7.22767829327708,CHEMBL3633291,279,2015.0
Nc1ncc(C#Cc2ccc(F)c(C(=O)Nc3cc(C(F)(F)F)ccc3N3CCCCC3)c2)cn1,6.318758762624412,CHEMBL374985,279,2007.0
Nc1ncc(-c2cnn(CCO)c2)c2scc(-c3ccc(NC(=O)Nc4cccc(F)c4)cc3)c12,8.698970004336019,CHEMBL1980297,279,2012.0
Nc1n[nH]c2cccc(-c3cccc(NC(=O)Nc4ccccc4F)c3)c12,7.27083521030723,CHEMBL3633290,279,2015.0
Nc1n[nH]c2ccnc(-c3ccc(NC(=O)Nc4cccc(C(F)(F)F)c4)cc3)c12,8.14871106931609,CHEMBL404571,279,2008.0
Nc1n[nH]c2ccnc(-c3ccc(NC(=O)Nc4cccc(Cl)c4)cc3)c12,7.920818753952375,CHEMBL256825,279,2008.0
Nc1n[nH]c2cncc(-c3ccc(NC(=O)Nc4cc(C(F)(F)F)ccc4F)cc3)c12,9.0,CHEMBL256246,279,2008.0
Nc1n[nH]c2cncc(-c3ccc(NC(=O)Nc4cccc(Cl)c4)cc3)c12,8.920818753952375,CHEMBL404342,279,2008.0
Nc1n[nH]c2nccc(-c3ccc(NC(=O)NC4CCCCC4)cc3)c12,6.939302159646388,CHEMBL403070,279,2008.0
Nc1n[nH]c2nccc(-c3ccc(NC(=O)NCC4CCCCC4)cc3)c12,7.1938200260161125,CHEMBL255526,279,2008.0
Nc1n[nH]c2nccc(-c3ccc(NC(=O)Nc4cc(C(F)(F)F)ccc4F)cc3)c12,8.619788758288394,CHEMBL403402,279,2008.0
Nc1n[nH]c2nccc(-c3ccc(NC(=O)Nc4cc(F)cc(F)c4)cc3)c12,8.200693921098273,CHEMBL258141,279,2008.0
Nc1n[nH]c2nccc(-c3ccc(NC(=O)Nc4ccc(F)c(C(F)(F)F)c4)cc3)c12,8.698970004336019,CHEMBL403439,279,2008.0
Nc1n[nH]c2nccc(-c3ccc(NC(=O)Nc4ccc(F)c(Cl)c4)cc3)c12,8.744727494896694,CHEMBL256205,279,2008.0
Nc1n[nH]c2nccc(-c3ccc(NC(=O)Nc4cccc(C(F)(F)F)c4)cc3)c12,8.769551078621726,CHEMBL255955,279,2008.0
Nc1n[nH]c2nccc(-c3ccc(NC(=O)Nc4cccc(Cl)c4)cc3)c12,9.0,CHEMBL255746,279,2008.0
Nc1n[nH]c2nccc(-c3ccc(NC(=O)Nc4ccccc4)cc3)c12,8.346787486224656,CHEMBL404223,279,2008.0
Nc1n[nH]c2nccc(-c3ccc(NC(=O)Nc4ccsc4)cc3)c12,7.896196279044043,CHEMBL257533,279,2008.0
Nc1ncc(-c2cccc(Cl)c2)c2occ(-c3ccc(NC(=O)Nc4cc(C(F)(F)F)ccc4F)cc3)c12,6.0301183562535,CHEMBL391692,279,2007.0
Nc1ncc(-c2cccc(S(N)(=O)=O)c2)c2scc(-c3ccc(F)c(Cl)c3)c12,5.721246399047171,CHEMBL241517,279,2007.0
Nc1ncc(-c2ccccc2)c2occ(-c3ccc(NC(=O)Nc4cc(C(F)(F)F)ccc4F)cc3)c12,7.522878745280337,CHEMBL241681,279,2007.0
Nc1ncc(-c2cnn(CC(=O)N3CCOCC3)c2)c2scc(-c3ccc(Oc4ccccc4)cc3)c12,6.718966632752272,CHEMBL3612840,279,2015.0
Nc1ncc(C#Cc2ccc(F)c(C(=O)Nc3cc(C(F)(F)F)ccc3N3CCCC(N)C3)c2)cn1,6.096910013008056,CHEMBL374079,279,2007.0
Cc1n[nH]c2nccc(-c3ccc(NC(=O)Nc4cccc(F)c4)cc3)c12,5.205651396103917,CHEMBL4069008,279,2017.0
Brc1ccc(-c2nc3ccc(Nc4ccnc5ccccc45)cc3[nH]2)cc1,6.7447274948966935,CHEMBL3323605,279,2014.0
Cc1n[nH]c2nccc(-c3ccc(NC(=O)Nc4cccc(C(F)(F)F)c4)cc3)c12,5.716472635138306,CHEMBL4065800,279,2017.0
Cc1cc(NS(=O)(=O)c2ccc(Nc3nncc4ccccc34)cc2)no1,8.013228265733755,CHEMBL3899216,279,2016.0
CCN(CC)CCNC(=O)c1c(C)[nH]c2c1CCCC2=C1C(=O)Nc2cccc(F)c21,7.823908740944319,CHEMBL2430256,279,2013.0
CCN(CC)CCNC(=O)c1c(C)[nH]c2c1CCCC2=C1C(=O)Nc2ccc([N+](=O)[O-])cc21,7.590066876668706,CHEMBL2430254,279,2013.0
COc1ccc(Cl)c(Nc2ncnc3cc(OCCCN4CCN(C)CC4)cc(OC4CCOCC4)c23)c1,7.397940008672037,CHEMBL262371,279,2006.0
COc1ccc(Cl)c(Nc2ncnc3cc(OCCCN4CCOCC4)cc(OC(C)C)c23)c1,7.522878745280337,CHEMBL381206,279,2005.0
COc1ccc(Cl)c(Nc2ncnc3cc(OCCCN4CCOCC4)cc(OC(C)C)c23)n1,5.721246399047171,CHEMBL200231,279,2005.0
COc1cccc(-c2cncc(-c3nc(-c4ccccc4)c(NC(C)=O)o3)c2)c1,5.313363730737707,CHEMBL323345,279,2003.0
COc1ccc(Cl)c(Nc2ncnc3cc(OCCCN4CCOCC4)cc(OC4CCCCC4)c23)c1,5.259637310505756,CHEMBL217493,279,2006.0
CCc1nnc(-c2cn3ncnc(Nc4cnc5[nH]c(C)cc5c4)c3c2C(C)C)o1,7.443697499232712,CHEMBL259951,279,2008.0
CCN(CC)CCNC(=O)c1c(C)[nH]c2c1CCCC2=C1C(=O)Nc2ccc(S(=O)(=O)N(CC)CC)cc21,6.481091426308586,CHEMBL2429872,279,2013.0
Cc1cc(Oc2ncnc3sccc23)ccc1NC(=O)Nc1cccc(Br)c1,7.795880017344075,CHEMBL3628809,279,2015.0
CCN(CC)CCNC(=O)c1c(C)[nH]c2c1CCCC2=C1C(=O)Nc2ccc(OC)cc21,7.609064892896621,CHEMBL2430267,279,2013.0
CCN(CC)CCNC(=O)c1c(C)[nH]c2c1CCCC2=C1C(=O)Nc2ccc(F)cc21,8.638272163982407,CHEMBL2180602,279,2012.0
COc1ccc(Cl)c(Nc2ncnc3cc(OCCCN4CCOCC4)cc(OC4CCOC4)c23)c1,7.301029995663981,CHEMBL216703,279,2006.0
CCN(CC)CCNC(=O)c1c(C)[nH]c2c1CCCC2=C1C(=O)Nc2ccc(Cl)cc21,8.585026652029182,CHEMBL2430264,279,2013.0
COc1cccc(-n2cc(NC(=O)c3cccc(NS(=O)(=O)c4ccc(Cl)cc4)c3)cn2)c1,5.224025668870631,CHEMBL4554486,279,2019.0
COc1cccc(-n2cc(NC(=O)c3cccc(NS(=O)(=O)c4ccccc4)c3)cn2)c1,5.035269078946371,CHEMBL4520103,279,2019.0
Cc1cc2c(F)c(Nc3ncnn4cc(-c5nnc(C)o5)c(C(C)C)c34)cnc2[nH]1,7.886056647693163,CHEMBL410686,279,2008.0
Cc1cc(Oc2ncnc3sc4c(c23)CCCC4)ccc1NC(=O)Nc1cccc(Br)c1,7.468521082957745,CHEMBL3628906,279,2015.0
Cc1cc2c(F)c(Oc3ncnc(N)c3C=NO)ccc2[nH]1,7.481486060122112,CHEMBL220988,279,2006.0
Cc1cc(NC(=O)c2cccc3cc(-c4cccc5[nH]nc(N)c45)ccc23)no1,8.244125144327509,CHEMBL3288520,279,2014.0
Cc1cc(NC(=O)c2cc(C)nn2C)cc(Oc2ccc3nc(NC(=O)C4CC4)nn3c2)c1,8.67778070526608,CHEMBL2409777,279,2013.0
COc1cc2nc(Cl)nc(Nc3ccc(S(=O)(=O)Nc4nccs4)cc3)c2cc1OC,5.108462542327436,CHEMBL525527,279,2014.0
COc1cc2nc(Cl)nc(Nc3ccc(O)cc3)c2cc1OC,5.6777807052660805,CHEMBL3098322,279,2014.0
COc1cc2nc(Cl)nc(Nc3ccc(NC(C)=O)cc3)c2cc1OC,5.701146923590294,CHEMBL3098326,279,2014.0
COc1cc2nc(Cl)nc(Nc3ccc(C(N)=O)cc3)c2cc1OC,5.931814138253838,CHEMBL3098325,279,2014.0
COc1cc2nc(C)oc2c(CC2(C)C(C)CCC3(C)C(C)=CCCC32)c1O,5.436518914605589,CHEMBL3109402,279,2014.0
COc1ccc(Cl)c(Nc2ncnc3cc(OCCCN4CCN(C(C)=O)CC4)cc(OC(C)C)c23)n1,5.568636235841012,CHEMBL383593,279,2005.0
COc1cc2c3c(c4c5ccccc5n(C)c4c2c(OC)c1OC)C(=O)NC3=O,6.1938200260161125,CHEMBL202378,279,2006.0
COc1cc2c3c(c4c5ccccc5[nH]c4c2c(OC)c1OC)C(=O)NC3=O,7.207608310501746,CHEMBL380898,279,2006.0
CCc1nnc(-c2cn3ncnc(Nc4cc(C(=O)NOC)c(F)cc4F)c3c2C(C)C)o1,7.769551078621726,CHEMBL371373,279,2005.0
CCc1nc(Nc2cc(CCc3cc(OC)cc(OC)c3)[nH]n2)c2ccc(N3CCN(CC)CC3)cc2n1,7.446116973356125,CHEMBL3797416,279,2016.0
Cc1cc(N2CCOCC2)cc2[nH]c(-c3c(NCC(O)c4cccc(Cl)c4)cc[nH]c3=O)nc12,5.853871964321762,CHEMBL401930,279,2005.0
COc1ccc(Cl)c(Nc2ncnc3cc(OCCCN4CCN(C)CC4)cc(OC(C)C)c23)n1,6.167491087293763,CHEMBL198752,279,2005.0
CCN(CC)CCNC(=O)c1c(C)[nH]c2c1CCCC2=C1C(=O)Nc2ccccc21,8.0268721464003,CHEMBL2430263,279,2013.0
Cc1cc(NC(=O)Nc2ccc(-c3cccc4[nH]nc(N)c34)cc2)ccc1F,8.397940008672037,CHEMBL374044,279,2007.0
Cc1cc(NC(=O)Nc2ccc(-c3ccnc4[nH]nc(N)c34)cc2)ccc1F,8.958607314841775,CHEMBL273187,279,2008.0
Cc1cc(NC(=O)Nc2ccc(-c3cncc4[nH]nc(N)c34)cc2)ccc1F,9.154901959985745,CHEMBL404669,279,2008.0
Cc1cc(NC(=O)Nc2ccc(-c3nccc4[nH]nc(N)c34)cc2)ccc1F,7.698970004336019,CHEMBL439068,279,2008.0
CCc1nccn1CCc1ccc(Nc2ncc(C#N)c(-c3ccc(C(C)(C)N)cc3)n2)cc1,7.026872146400302,CHEMBL231824,279,2007.0
CCc1nc2cc(-n3ncc(C(=O)c4cc5ccccc5[nH]4)c3N)ccc2[nH]1,5.769551078621726,CHEMBL3681287,279,2016.0
COc1cccc(C(=O)CN2CCN(c3nnc(-c4ccccc4)c4ccccc34)CC2)c1,5.465973893943865,CHEMBL3754450,279,2016.0
COc1ccc(Cl)c(Nc2ncnc3cc(OCCCN4CCOCC4)cc(OC4CCOCC4)c23)c1,6.3979400086720375,CHEMBL200217,279,2005.0
COc1ccc(Cl)c(Nc2ncnc3cc(OCCCN4CCOCC4)cc(OC4CCOCC4)c23)n1,5.259637310505756,CHEMBL424664,279,2005.0
COc1cc2c(Nc3ccc(NC(=O)c4cccc(Cl)c4)cc3)ncnc2cc1OCCCN1CCN(C)CC1,5.742321425130816,CHEMBL3758749,279,2016.0
COc1cc2c(Nc3ccc(NC(=O)c4ccc(Cl)cc4)cc3)ncnc2cc1OCCN1CCCCC1,5.377785977033705,CHEMBL3758796,279,2016.0
Cc1cc2c(F)c(Oc3ncnc(N)c3C=NOCCN3CCCC3)ccc2[nH]1,6.669586226650809,CHEMBL223086,279,2006.0
COc1cc2c(Nc3ccc(NC(=O)c4ccc(Cl)cc4)cc3)ncnc2cc1OCCCN1CCOCC1,5.581698708680255,CHEMBL3759754,279,2016.0
COc1cc2c(Nc3ccc(NC(=O)c4ccc(Cl)cc4)cc3)ncnc2cc1OCCCN1CCN(C)CC1,5.730487055782084,CHEMBL3760090,279,2016.0
Cc1cc2c(F)c(Oc3ncnc(N)c3C=NOCCN3CCOCC3)ccc2[nH]1,7.4089353929735005,CHEMBL220391,279,2006.0
Cc1cc2c(F)c(Oc3ncnc(N)c3C=NOCCO)ccc2[nH]1,7.356547323513812,CHEMBL220890,279,2006.0
COc1cc2c(Nc3ccc(NC(=O)c4ccc(C)cc4)cc3)ncnc2cc1OCCN1CCCCC1,5.605548319173783,CHEMBL3758363,279,2016.0
Cc1cc2c(F)c(Oc3ncnc(N)c3C=NOCCN(C)C)ccc2[nH]1,6.7281583934635005,CHEMBL222828,279,2006.0
COc1cc2c(Nc3ccc(NC(=O)c4ccc(C)cc4)cc3)ncnc2cc1OCCCN1CCOCC1,5.698970004336019,CHEMBL3758875,279,2016.0
Cc1cc2c(F)c(Oc3ncnn4cc(O)c(C)c34)ccc2[nH]1,7.619788758288394,CHEMBL380905,279,2006.0
Cc1cc2c(F)c(Oc3ncnn4cc(OCC(C)O)c(C)c34)ccc2[nH]1,7.578513883287058,CHEMBL377300_CHEMBL427202,279,
Cc1cc2c(F)c(Oc3ncnn4cc(OCC(C)O)c(C)c34)cnc2[nH]1,7.721246399047171,CHEMBL256116,279,2008.0
Cc1cc2c(F)c(Oc3ncnn4cc(OCC(C)OS(=O)(=O)O)c(C)c34)ccc2[nH]1,7.552841968657781,CHEMBL3527569,279,2011.0
Cc1cc2c(F)c(Oc3ncnn4cc(OCCC5CCN(C)CC5)c(C)c34)ccc2[nH]1,7.698970004336019,CHEMBL206145,279,2006.0
Cc1cc2c(F)c(Oc3ncnn4cc(OCCCN5CCCC5)c(C)c34)ccc2[nH]1,7.698970004336019,CHEMBL206146,279,2006.0
Cc1cc2c(F)c(Oc3ncnn4cc(OCCCN5CCCCC5)c(C)c34)ccc2[nH]1,7.769551078621726,CHEMBL205142,279,2006.0
Cc1cc2c(F)c(Oc3ncnn4cc(OCCCNS(C)(=O)=O)c(C)c34)ccc2[nH]1,7.180456064458131,CHEMBL206545,279,2006.0
Cc1cc2c(F)c(Oc3ncnc(N)c3C=NOCc3ccccc3)ccc2[nH]1,6.696803942579511,CHEMBL435748,279,2006.0
Cc1cc2c(F)c(Oc3ncnc(N)c3C=NOCCCO)ccc2[nH]1,7.958607314841775,CHEMBL222076,279,2006.0
COc1cc2c(Nc3ccc(NC(=O)c4cccc(Cl)c4)cc3)ncnc2cc1OCCCN1CCOCC1,5.52432881167557,CHEMBL3759015,279,2016.0
COc1cc2c(Nc3ccc(NC(=O)c4cccc(Cl)c4)cc3)ncnc2cc1OCCN1CCCCC1,5.701146923590294,CHEMBL3759848,279,2016.0
COc1ccc(Cl)c(Nc2ncnc3cc(OCCN4CCCC4)cc(OC(C)C)c23)n1,5.443697499232712,CHEMBL198946,279,2005.0
COc1ccc(Cl)c(Nc2ncnc3cc(OCCN4CCN(C(C)=O)CC4)cc(OC(C)C)c23)n1,5.200659450546418,CHEMBL198701,279,2005.0
CCc1sc2ncnc(N)c2c1-c1ccc(NC(=O)Nc2cccc(C)c2)cc1,7.585026652029182,CHEMBL366241,279,2005.0
CCn1c(=O)c(-c2cc(NC(=O)NCCC(C)(C)C)c(F)cc2C)cc2cnc(NC)cc21,7.602059991327962,CHEMBL3577116,279,2015.0
CCn1c(=O)c(-c2ccc(F)c(NC(=O)Nc3cc(C(C)(C)C)no3)c2)cc2cnc(NC)cc21,8.721246399047171,CHEMBL3577115,279,2015.0
COc1ccc(Cl)c(Nc2ncnc3cc(OCCN4CCN(C)CC4)cc(OC(C)C)c23)n1,6.2441251443275085,CHEMBL371688,279,2005.0
COc1ccc(Cl)c(Nc2ncnc3cc(OCCN4CCOCC4)cc(OC(C)C)c23)n1,5.537602002101044,CHEMBL425209,279,2005.0
Cc1cc2c(F)c(Oc3ncnc(N)c3C=NOCC3CCCCC3)ccc2[nH]1,6.384049948343598,CHEMBL219677,279,2006.0
CCn1c(N)c(C(=O)NC)c(=O)c2ccc(C#CC(C)(O)COC)nc21,7.173925197299173,CHEMBL4303275,279,2019.0
CCOC(=O)NCc1ccc(-c2cc(NC(=O)c3ccc(N4CCN(C)CC4)cc3)[nH]n2)cc1,6.251811972993799,CHEMBL2063322,279,2012.0
CCn1cc(Nc2ncc(Cl)c(NC3C4C=CC(C4)C3C(N)=O)n2)cn1,8.522878745280337,CHEMBL2071216,279,2012.0
CCN(CC)CCNC(=O)c1c(C)[nH]c2c1CCCC2=C1C(=O)Nc2ccc(C)cc21,8.638272163982407,CHEMBL2430266,279,2013.0
CCn1nc(-c2ccc3scnc3c2)c(C(N)=O)c1NC,5.600326278518962,CHEMBL4475515,279,2019.0
COc1cc2c(cc1F)C(c1ccccc1Cl)=Nc1c(n[nH]c1C)N2,8.0,CHEMBL1980391,279,2013.0
COc1cc2c(Oc3ccc4[nH]c(C)cc4c3F)ncnc2cc1OCCCN1CCCC1,9.30102999566398,CHEMBL491473,279,2010.0
COc1cc2c(Nc3ccc(NC(=O)c4ccccc4Cl)cc3)ncnc2cc1OCCCN1CCN(C)CC1,5.767003889607846,CHEMBL3759190,279,2016.0
COc1cc2c(Nc3ccc(NC(=O)c4ccccc4)cc3)ncnc2cc1OCCN1CCCCC1,5.3260580013659125,CHEMBL3759155,279,2016.0
Cc1cc2c(F)c(Oc3ncnc(N)c3C=NOCCCN(C)C)ccc2[nH]1,6.995678626217357,CHEMBL220444,279,2006.0
COc1cc2c(Nc3ccc(NC(=O)c4ccccc4)cc3)ncnc2cc1OCCCN1CCN(C)CC1,6.251811972993799,CHEMBL3759127,279,2016.0
COc1cc2nc(Cl)nc(Nc3ccc(S(N)(=O)=O)cc3)c2cc1OC,5.991399828238082,CHEMBL3098317,279,2014.0
COc1ccc(Cl)c(Nc2ncnc3cc(OCCCN4CCCC4)cc(OC(C)C)c23)n1,6.045757490560675,CHEMBL424839,279,2005.0
COc1cc2ncc(F)c(Oc3ccc4c(C(=O)Nc5ccc(Cl)cc5)cccc4c3)c2cc1OC,7.700057099977233,CHEMBL272449,279,2008.0
COc1cc2nccc(Nc3ccc4c(C(=O)Nc5ccc(Cl)cc5)cccc4c3)c2cc1OC,8.100015437450608,CHEMBL270277,279,2008.0
COc1cc2ncnc(Nc3ccc(Br)cc3)c2cc1OCCCC(=O)NO,7.008773924307505,CHEMBL3759232,279,2016.0
COc1cc2ncnc(Nc3ccc(Br)cc3)c2cc1OC,6.096910013008056,CHEMBL328106,279,2012.0
COc1cc2ncnc(Nc3cc(Cl)ccc3Cl)c2cc1OCCCCCC(=O)NO,5.610833915635467,CHEMBL3633773,279,2015.0
COc1cc2ncnc(Nc3cc(Cl)ccc3Cl)c2cc1OCCCCC(=O)NO,5.2839966563652006,CHEMBL3633772,279,2015.0
COc1cc2ncnc(Nc3cc(Cl)ccc3Cl)c2cc1OCCCC(=O)NO,5.669586226650809,CHEMBL3633771,279,2015.0
COc1cc2ncnc(Nc3cc(Cl)ccc3Cl)c2cc1OCCC(=O)NO,5.899629454882437,CHEMBL3633770,279,2015.0
COc1cc2ncn(Cc3ccccc3C(=O)Nc3ccc(Cl)cc3)c2cc1OC,5.449771646944906,CHEMBL206567,279,2006.0
COc1cc2nccc(Oc3ccc4c(c3)OCCN4C(N)=O)c2cc1OC,7.2400301424456925,CHEMBL405040,279,2008.0
COc1cc2ncnc(Nc3ccc(Br)cc3)c2cc1OCCCCC(=O)NO,7.229147988357855,CHEMBL3758940,279,2016.0
COc1cc2nccc(Oc3ccc4c(c3)OCCN4C(=O)Nc3ccccc3Cl)c2cc1OC,7.720105019988361,CHEMBL270550,279,2008.0
COc1cc2nccc(Oc3ccc4c(c3)OCCN4C(=O)Nc3ccccc3)c2cc1OC,9.0,CHEMBL429430,279,2008.0
COc1cc2nccc(Oc3ccc4c(c3)OCCN4C(=O)Nc3cccc(Cl)c3)c2cc1OC,9.0,CHEMBL272878,279,2008.0
COc1cc2nccc(Oc3ccc4c(c3)OCCN4C(=O)Nc3cccc(C)c3)c2cc1OC,9.0,CHEMBL270057,279,2008.0
COc1cc2nccc(Oc3ccc4c(c3)OCCN4C(=O)Nc3ccc(F)cc3)c2cc1OC,8.51999305704285,CHEMBL272822,279,2008.0
COc1cc2nccc(Oc3ccc4c(c3)OCCN4C(=O)Nc3ccc(Cl)cc3)c2cc1OC,9.299988937677888,CHEMBL270548,279,2008.0
COc1cc2nccc(Oc3ccc4c(c3)OCCN4C(=O)Nc3ccc(Cl)cc3)c2cc1C(C)=O,9.219970872662662,CHEMBL1242478,279,2009.0
CCN(CC)CCNC(=O)c1ccc(C=C2C(=O)Nc3ccc(F)cc32)[nH]c1=O,7.823908740944319,CHEMBL1914686,279,2011.0
COc1cc2nccc(Oc3ccc4c(c3)OCCN4C(=O)Nc3ccc(C)cc3)c2cc1OC,9.700057099977233,CHEMBL411630,279,2008.0
COc1cc2nccc(Oc3ccc4c(c3)OCCN4C(=O)Nc3ccccc3C)c2cc1OC,9.0,CHEMBL270058,279,2008.0
COc1cc2ncnc(Nc3ccc(Br)cc3)c2cc1OCCCCCC(=O)NO,6.973038424725712,CHEMBL3758697,279,2016.0
COc1cc2ncnc(Nc3ccc(Br)cc3)c2cc1OCCCCCCC(=O)NO,7.130768280269024,CHEMBL3759186,279,2016.0
CCc1cccc(NC(=O)c2cccc3cc(-c4cccc5[nH]nc(N)c45)ccc23)c1,8.853871964321762,CHEMBL3288506,279,2014.0
COc1cc2ncnc(Nc3ccc(F)cc3)c2cc1OCCCCCCC(=O)NO,6.568636235841012,CHEMBL3758380,279,2016.0
COc1cc2ncnc(Nc3ccc(F)cc3)c2cc1OCCCCCC(=O)NO,6.280668713016274,CHEMBL3759565,279,2016.0
COc1cc2ncnc(Nc3ccc(F)cc3)c2cc1OCCCCC(=O)NO,6.341988603342887,CHEMBL3759041,279,2016.0
COc1cc2ncnc(Nc3ccc(F)cc3)c2cc1OCCCC(=O)NO,6.424812155072339,CHEMBL3759798,279,2016.0
COc1cc2ncnc(Nc3ccc(F)c(Cl)c3)c2cc1OC,5.275724130399211,CHEMBL301018,279,1999.0
COc1cc2ncnc(Nc3ccc(Cl)cc3F)c2cc1OC,5.823908740944319,CHEMBL150315,279,1999.0
CCc1cccc(NC(=O)Nc2ccc(-c3nsc4ncnc(N)c34)cc2)c1,8.301029995663981,CHEMBL445570,279,2006.0
COc1cc2ncnc(Nc3ccc(Cl)cc3Cl)c2cc1OCCCCCC(=O)NO,7.075720713938118,CHEMBL3633769,279,2015.0
COc1cc2ncnc(Nc3ccc(Cl)cc3Cl)c2cc1OCCCCC(=O)NO,6.939302159646388,CHEMBL3633768,279,2015.0
COc1cc2ncnc(Nc3ccc(Cl)cc3Cl)c2cc1OCCCC(=O)NO,6.860120913598763,CHEMBL3633767,279,2015.0
COc1cc2ncnc(Nc3ccc(Cl)cc3Cl)c2cc1OCCC(=O)NO,6.431798275933005,CHEMBL3633766,279,2015.0
COc1cc2ncnc(Nc3ccc(Cl)cc3)c2cc1OCCCCCCC(=O)NO,6.667561540084394,CHEMBL3758839,279,2016.0
COc1cc2ncnc(Nc3ccc(Cl)cc3)c2cc1OCCCCCC(=O)NO,6.504455662453552,CHEMBL3759261,279,2016.0
COc1cc2ncnc(Nc3ccc(Cl)cc3)c2cc1OCCCCC(=O)NO,6.657577319177793,CHEMBL3758489,279,2016.0
COc1cc2ncnc(Nc3ccc(Cl)cc3)c2cc1OCCCC(=O)NO,6.739928612014925,CHEMBL3758229,279,2016.0
COc1cc2ncnc(Nc3ccc(Cl)cc3)c2cc1OC,6.096910013008056,CHEMBL147138,279,1999.0
COc1cc2ncnc(Nc3ccc(C)cc3C)c2cc1OC,5.537602002101044,CHEMBL230520,279,2007.0
COc1cc2ncnc(Nc3ccc(C)c(O)c3)c2cc1OC,9.221848749616356,CHEMBL478442,279,2008.0
COc1cc2ncnc(Nc3ccc(Br)cc3F)c2cc1OC,5.782516055786093,CHEMBL1277620,279,2011.0
COc1cc2nccc(Oc3ccc4c(c3)OCCN4C(=O)Nc3ccc(C)cc3)c2cc1C(C)=O,9.299988937677888,CHEMBL1242575,279,2009.0
Cc1cc2c(F)c(Oc3ncnn4cc(OCCCS(C)(=O)=O)c(C)c34)ccc2[nH]1,7.154901959985743,CHEMBL383077,279,2006.0
COc1cc2nccc(Oc3ccc4c(c3)OCCN4C(=O)NCc3ccccc3)c2cc1OC,7.280006173632396,CHEMBL272874,279,2008.0
COc1cc2nccc(Oc3ccc4c(c3)OCCN4C(=O)NC(C)C)c2cc1OC,7.400007822415902,CHEMBL270545,279,2008.0
COc1cc2nccc(Oc3ccc4c(C(=O)Nc5cc(C)on5)cccc4c3)c2cc1OC,9.219970872662662,CHEMBL259461,279,2008.0
COc1cc2nccc(Oc3ccc4c(C(=O)Nc5cc(C)no5)cccc4c3)c2cc1OC,9.0,CHEMBL270978,279,2008.0
COc1cc2nccc(Oc3ccc4c(C(=O)Nc5cc(C(C)(C)C)on5)cccc4c3)c2cc1OC,9.100015437450608,CHEMBL408478,279,2008.0
COc1cc2nccc(Oc3ccc4c(C(=O)NCC5CC5)cccc4c3)c2cc1OC,7.96018944585165,CHEMBL270755,279,2008.0
COc1cc2nccc(Oc3ccc4c(C(=O)NCC(F)F)cccc4c3)c2cc1OC,8.419987887470576,CHEMBL1242667,279,2009.0
COc1cc2nccc(Oc3ccc4c(C(=O)NC5CCCC5)cccc4c3)c2cc1OC,7.92009553233328,CHEMBL410903,279,2008.0
COc1cc2nccc(Oc3ccc4c(C(=O)NC5CCC5)cccc4c3)c2cc1OC,8.669992299127241,CHEMBL259252,279,2008.0
COc1cc2nccc(Oc3ccc4c(C(=O)NC5CC5)cccc4c3)c2cc1OC,9.219970872662662,CHEMBL272198,279,2008.0
COc1cc2nccc(Oc3ccc4c(C(=O)Nc5cc(Cl)cc(Cl)c5)cccc4c3)c2cc1OC,9.51999305704285,CHEMBL269916,279,2008.0
COc1cc2nccc(Oc3ccc4c(C(=O)NC5CC5)cccc4c3)c2cc1C(C)=O,9.430041181903404,CHEMBL1241686,279,2009.0
COc1cc2nccc(Oc3ccc4c(C(=O)NC(C)C)cccc4c3)c2cc1OC,8.260032303240491,CHEMBL408211,279,2008.0
COc1cc2nccc(Oc3ccc4c(C(=O)NC(C)(C)C)cccc4c3)c2cc1OC,5.820000358220838,CHEMBL406914,279,2008.0
COc1cc2nccc(Oc3ccc(NC(=S)NC(=O)Cc4ccccc4)cc3F)c2cc1OC,7.494850021680094,CHEMBL404881,279,2008.0
COc1cc2nccc(Oc3ccc(NC(=O)c4c(C)n(C)n(-c5ccccc5)c4=O)cc3F)c2cc1OC,8.10790539730952,CHEMBL2031893,279,2012.0
COc1cc2nccc(Oc3ccc(NC(=O)Nc4ccc(F)cc4F)c(F)c3)c2cc1OC,5.619788758288394,CHEMBL178455,279,2005.0
COc1cc2nccc(Oc3ccc(NC(=O)NC4CC4)c(Cl)c3)c2cc1C(N)=O,8.397940008672037,CHEMBL1289601,279,2010.0
COc1cc2nccc(Oc3ccc(NC(=O)C(OC(=O)c4ccc(F)cc4)C(C)(C)C)cc3F)c2cc1OC,6.530177984021837,CHEMBL4740664_CHEMBL4761612_CHEMBL4779315,279,
COc1cc2nccc(Oc3cc4cccc(C(=O)Nc5ccc(Cl)cc5)c4cn3)c2cc1OC,7.639974910810602,CHEMBL446367,279,2008.0
COc1cc2nccc(Oc3ccc4c(C(=O)NC5(C)CC5)cccc4c3)c2cc1OC,7.819874124835946,CHEMBL428961,279,2008.0
COc1cc2nccc(Oc3ccc4c(C(=O)Nc5ccc(C(C)(C)C)cc5)cccc4c3)c2cc1OC,9.15002808767115,CHEMBL407715,279,2008.0
COc1cc2nccc(Oc3ccc4c(C(=O)Nc5ccc(C(F)(F)F)cc5)cccc4c3)c2cc1OC,9.299988937677888,CHEMBL270985,279,2008.0
COc1cc2nccc(Oc3ccc4c(C(=O)Nc5ccc(C)cc5)cccc4c3)c2cc1OC,9.299988937677888,CHEMBL411091,279,2008.0
COc1cc2nccc(Oc3ccc4c(C(N)=O)cccc4c3)c2cc1OC,9.049976093476673,CHEMBL271984,279,2008.0
COc1cc2nccc(Oc3ccc4c(C(N)=O)cccc4c3)c2cc1C(C)=O,8.92009553233328,CHEMBL1241685,279,2009.0
COc1cc2nccc(Oc3ccc4c(C(=O)Nc5nccs5)cccc4c3)c2cc1OC,9.51999305704285,CHEMBL272691,279,2008.0
COc1cc2nccc(Oc3ccc4c(C(=O)Nc5ccon5)cccc4c3)c2cc1OC,9.700057099977233,CHEMBL409538,279,2008.0
COc1cc2nccc(Oc3ccc4c(C(=O)Nc5ccncc5)cccc4c3)c2cc1OC,8.700057099977233,CHEMBL272693,279,2008.0
COc1cc2nccc(Oc3ccc4c(C(=O)Nc5cccnc5)cccc4c3)c2cc1OC,9.100015437450608,CHEMBL406388,279,2008.0
COc1cc2nccc(Oc3ccc4c(C(=O)Nc5ccccn5)cccc4c3)c2cc1OC,9.100015437450608,CHEMBL269915,279,2008.0
COc1cc2nccc(Oc3ccc4c(C(=O)Nc5ccccc5F)cccc4c3)c2cc1OC,8.700057099977233,CHEMBL270547,279,2008.0
COc1cc2nccc(Oc3ccc4c(C(=O)Nc5ccccc5)cccc4c3)c2cc1OC,9.700057099977233,CHEMBL272824,279,2008.0
COc1cc2nccc(Oc3ccc4c(C(=O)Nc5cccc(F)c5)cccc4c3)c2cc1OC,9.219970872662662,CHEMBL412291,279,2008.0
COc1cc2nccc(Oc3ccc4c(C(=O)Nc5cccc(Cl)c5)cccc4c3)c2cc1OC,9.51999305704285,CHEMBL270092,279,2008.0
COc1cc2nccc(Oc3ccc4c(C(=O)Nc5cccc(C(F)(F)F)c5)cccc4c3)c2cc1OC,9.299988937677888,CHEMBL271563,279,2008.0
COc1cc2nccc(Oc3ccc4c(C(=O)Nc5ccc(F)cc5)cccc4c3)c2cc1OC,9.0,CHEMBL410841,279,2008.0
COc1cc2nccc(Oc3ccc4c(C(=O)Nc5ccc(Cl)cc5Cl)cccc4c3)c2cc1OC,8.700057099977233,CHEMBL270983,279,2008.0
COc1cc2nccc(Oc3ccc4c(C(=O)Nc5ccc(Cl)cc5)ccnc4c3)c2cc1OC,7.659952682338607,CHEMBL270745,279,2008.0
COc1cc2nccc(Oc3ccc4c(C(=O)Nc5ccc(Cl)cc5)cccc4c3F)c2cc1OC,9.51999305704285,CHEMBL429585,279,2008.0
COc1cc2nccc(Oc3ccc4c(C(=O)Nc5ccc(Cl)cc5)cccc4c3)c2cc1OC,9.309981219211304,CHEMBL429743,279,2008.0
COc1cc2nccc(Oc3ccc4c(C(=O)Nc5ccc(Cl)cc5)cccc4c3)c2cc1C(C)=O,9.700057099977233,CHEMBL1242387,279,2009.0
COc1cc2nccc(Oc3ccc4c(C(=O)Nc5ccc(Cl)c(C(F)(F)F)c5)cccc4c3)c2cc1OC,9.0,CHEMBL269914,279,2008.0
COc1cc2nccc(Oc3ccc4c(c3)OCCN4C(=O)NCc3ccc(C)cc3)c2cc1OC,7.590066876668706,CHEMBL270093,279,2008.0
COc1cc2ncnc(Nc3ccc(NC(=O)Nc4ccc(F)c(Cl)c4)cc3)c2cc1OC,5.366531544420413,CHEMBL1761944,279,2011.0
Cc1cc2c(F)c(Oc3ncnn4cc(OCCN5CCC(O)C5)c(C)c34)ccc2[nH]1,7.619788758288394,CHEMBL380957,279,2006.0
COc1cc2c(Nc3ccc(NC(=O)c4ccc(C)cc4)cc3)ncnc2cc1OCCCN1CCN(C)CC1,6.060480747381382,CHEMBL3758585,279,2016.0
COc1cc(C2=C(c3cn(COc4ccccc4)c4ccccc34)CNC2=O)cc(OC)c1OC,5.823908740944319,CHEMBL488811,279,2008.0
COc1cc(C2=C(c3cn(COCc4ccccc4)c4ccccc34)CNC2=O)cc(OC)c1OC,5.795880017344075,CHEMBL453336,279,2008.0
COc1cc(C2=C(c3cn(COC(C)C)c4ccccc34)CNC2=O)cc(OC)c1OC,5.2839966563652006,CHEMBL488645,279,2008.0
COc1cc(C2=C(c3cn(COC(C)(C)C)c4ccccc34)CNC2=O)cc(OC)c1OC,5.356547323513812,CHEMBL488646,279,2008.0
Cc1ccc(C(=O)Nc2ccc(C(F)(F)F)cc2)cc1Oc1ncccc1-c1ccncn1,6.151810883008601,CHEMBL375447,279,2007.0
Cc1ccc(C(=O)Nc2ccc(CN3CCN(C)CC3)c(C(F)(F)F)c2)cc1C#Cc1cncc(NC(C)C)c1,7.222573177610688,CHEMBL4064874,279,2017.0
COc1cc(C2=C(c3cn(CC4COC(C)(C)O4)c4ccccc34)CNC2=O)cc(OC)c1OC,5.096910013008056,CHEMBL509635,279,2008.0
COc1cc(C2=C(c3cn(CC(O)CO)c4ccccc34)CNC2=O)cc(OC)c1OC,5.376750709602099,CHEMBL453593,279,2008.0
Cc1ccc(C(=O)Nc2ccc(C(F)(F)F)cc2)cc1Nc1ncccc1-c1ccncn1,6.752026733638194,CHEMBL222067,279,2007.0
Cc1ccc(C(=O)Nc2ccc(CN3CCN(C)CC3)c(C(F)(F)F)c2)cc1C#Cc1cncc2c1ccn2C,7.197226274708024,CHEMBL4067760,279,2017.0
COc1cc(C2=C(c3cc[nH]c3)C(=O)NC2=O)cc(OC)c1OC,5.6020599913279625,CHEMBL201512,279,2006.0
COc1cc(C2=C(c3c[nH]c4ccccc34)CNC2=O)cc(OC)c1OC,7.508638306165727,CHEMBL529663,279,2008.0
COc1cc(C2=C(c3c[nH]c4ccccc34)C(O)NC2=O)cc(OC)c1OC,5.229147988357855,CHEMBL505253,279,2008.0
COc1cc(C2=C(c3c[nH]c4ccccc34)C(=O)NC2=O)cc(OC)c1OC,8.602059991327963,CHEMBL201511,279,2006.0
CN(C)CC=CC(=O)Nc1ccc2ncnc(Nc3ccc(Br)cc3F)c2c1,5.357634419155026,CHEMBL242131,279,2007.0
CN(C)CCCN(C)c1ccc(C(F)(F)F)cc1NC(=O)c1cc(C#Cc2cnc(N)nc2)ccc1F,7.958607314841775,CHEMBL373621,279,2007.0
CN(C)CCCNC(=O)c1csc2nc(-c3ccc(NC(=O)Nc4cc(C(C)(C)C)on4)cc3)cn12,5.609418121449565,CHEMBL3623375,279,2015.0
CN(C)CCCON=Cc1c(N)ncnc1Oc1ccc(NC(=O)C2(C(=O)Nc3ccc(F)cc3)CC2)cc1F,6.769551078621726,CHEMBL3815128,279,2016.0
COc1cc(C2=C(c3cn(C)c4ccccc34)C(=O)NC2=O)cc(OC)c1OC,6.221848749616356,CHEMBL201708,279,2006.0
CN(C)CCCOc1ccc(-c2cnc3c(-c4ccsc4)cnn3c2)cc1,8.0,CHEMBL445062,279,2002.0
Cc1ccc(C(=O)Nc2cc(CCCN(C)C)cc(C(F)(F)F)c2)cc1Nc1ncccc1-c1ccncn1,8.698970004336019,CHEMBL221484,279,2007.0
CN(C)CC(=O)N1CCC(n2ncc(-c3cnc(N)c(-n4nnc5ccccc54)n3)n2)CC1,6.6777807052660805,CHEMBL3590221,279,2015.0
Cc1ccc(-n2cc(NC(=O)c3cccc(NS(=O)(=O)c4ccc(Cl)cc4)c3)cn2)cc1,6.468521082957745,CHEMBL4460897,279,2019.0
COc1ccc(NC(=O)Nc2ccc(Nc3ncnc4cc(OC)c(OC)cc34)cc2)cc1,5.207608310501746,CHEMBL1761934,279,2011.0
CN(C)C1CCCN(c2ccc(C(F)(F)F)cc2NC(=O)c2cc(C#Cc3cnc(N)nc3)ccc2F)C1,6.039338878208089,CHEMBL218110_CHEMBL386637,279,
CN(C)C1CCN(c2ccc(C(F)(F)F)cc2NC(=O)c2cc(C#Cc3cnc(N)nc3)ccc2F)C1,5.786744369317712,CHEMBL220750_CHEMBL221544,279,
CN(C)C1CCN(c2ccc(C(F)(F)F)cc2NC(=O)c2cc(C#Cc3cnc(N)nc3)ccc2F)CC1,6.769551078621726,CHEMBL221193,279,2007.0
CN(C)C1CCN(c2ccc3[nH]c(-c4c(N)c5ccccc5[nH]c4=O)nc3c2)C1,7.221848749616356,CHEMBL496150,279,2009.0
CN(C)CC(=O)N(C)c1ccc2[nH]c(-c3c(N)c4ccccc4[nH]c3=O)nc2c1,7.537602002101044,CHEMBL495962,279,2009.0
CN(C)CC(=O)N1CCC(c2cc(-c3cnc(N)c(-n4nnc5ccccc54)n3)n(C)n2)CC1,7.045757490560675,CHEMBL3590225,279,2015.0
Cc1ccc(C(=O)Nc2cc(C(F)(F)F)ccc2N2CCCCC2)cc1Oc1ncccc1-c1ccncn1,5.886056647693163,CHEMBL276395,279,2007.0
CN(C)CC(=O)N1CCC(c2cn(C)c(-c3cnc(N)c(-n4nnc5ccccc54)n3)n2)CC1,5.180456064458131,CHEMBL3590224,279,2015.0
Cc1ccc(-n2cc3c(-c4c(C)[nH]c(-c5ccccc5)c4-c4ccccc4)nnc(C)c3n2)cc1,5.360513510731414,CHEMBL3742060,279,2015.0
Cc1ccc(-n2cc3c(-c4c[nH]c(-c5ccccc5)c4-c4ccccc4)nnc(O)c3n2)cc1,5.492144128304169,CHEMBL3739586,279,2015.0
COc1ccc(NC(=O)Nc2ccc(Oc3ncnc4cc(OC)c(OC)cc34)cc2)cc1,7.154901959985743,CHEMBL179603,279,2005.0
CN(C)CC(=O)N1CCC(c2nc(-c3cnc(N)c(-n4nnc5ccccc54)n3)n(C)n2)CC1,5.045757490560675,CHEMBL3590222,279,2015.0
Cc1ccc(C(=O)CN2CCN(c3nnc(-c4ccccc4)c4ccccc34)CC2)cc1,5.370590400897282,CHEMBL3752606,279,2016.0
CN(C)CC(=O)N1CCC(c2nc(-c3cnc(N)c(-n4nnc5ccccc54)n3)nn2C)CC1,5.920818753952375,CHEMBL3590223,279,2015.0
CN(C)CC(=O)N1CCC(n2cc(-c3cnc(N)c(-n4nnc5ccccc54)n3)cn2)CC1,7.537602002101044,CHEMBL3590219,279,2015.0
CN(C)CC(=O)N1CCC(n2ccc(-c3cnc(N)c(-n4nnc5ccccc54)n3)n2)CC1,6.769551078621726,CHEMBL3590220,279,2015.0
Cc1ccc(-n2cc(NC(=O)c3cccc(NS(=O)(=O)c4ccccc4)c3)cn2)cc1,6.236572006437063,CHEMBL4549604,279,2019.0
CN(C)CCCOc1ccc(NC(=O)c2cccc(-c3cccc(O)c3)c2)cc1,6.204356303139081,CHEMBL3397925,279,2015.0
CN(C)CCCOc1ccc(NC(=O)c2cccc(-c3cccc(O)c3)c2)cc1Cl,7.068949153222609,CHEMBL3397939,279,2015.0
COc1ccc(NC(=O)Nc2ccc(Sc3ccnc4ccsc34)cc2)cc1,5.856985199745905,CHEMBL3612323,279,2015.0
COc1cc(-c2csc3ncnc(N)c23)ccc1NC(=O)Nc1cccc(C)c1,7.886056647693163,CHEMBL370545,279,2005.0
COc1cc(-c2cc(NC(=O)Nc3ccc(OCCN4CCCCC4)cc3)cc(OC)c2OC)ccc1C(C)=O,7.892790030352131,CHEMBL3099459,279,2014.0
COc1cc(-c2cc(NC(=O)Nc3ccc(OCCN4CCCC4)cc3C)cc(OC)c2OC)ccc1C(C)=O,7.892790030352131,CHEMBL3099467,279,2014.0
COc1cc(-c2cc(NC(=O)Nc3ccc(OCCN4CCCC4)cc3)cc(OC)c2OC)ccc1C(C)=O,6.747146969020107,CHEMBL3099460,279,2014.0
COc1cc(-c2cc(NC(=O)Nc3ccc(OCCN4CCCC4)cc3)cc(OC)c2OC)ccc1C(C)=NO,8.38933983691012,CHEMBL3220321,279,2013.0
COc1cc(-c2cc(NC(=O)Nc3ccc(OCCN(C)C)cc3)cc(OC)c2OC)ccc1C(C)=NO,8.238824186844269,CHEMBL3220317,279,2013.0
COc1cc(-c2cc(NC(=O)Nc3ccc(OCCCN(C)C)cc3C)cc(OC)c2OC)ccc1C(C)=O,8.341988603342887,CHEMBL3099465,279,2014.0
COc1cc(-c2cc(NC(=O)Nc3ccc(OCCCN(C)C)cc3C)cc(OC)c2OC)ccc1C(C)=NO,7.844663962534938,CHEMBL3099479,279,2014.0
COc1cc(-c2nc(-c3c[nH]c4ccc(O)cc34)c[nH]c2=O)cc(OC)c1OC,6.0,CHEMBL3358977,279,2015.0
COc1cc(-c2cc(NC(=O)Nc3ccc(OCCCN(C)C)cc3)cc(OC)c2OC)ccc1C(C)=O,7.756961951313706,CHEMBL3099458,279,2014.0
COc1cc(-c2cc(NC(=O)Nc3cc(OCCN4CCCC4)ccc3C)cc(OC)c2OC)ccc1C(C)=O,7.155522824254319,CHEMBL3099474,279,2014.0
Cc1[nH]c2c(c1C(=O)N1CCOCC1)CCCC2=C1C(=O)Nc2ccc(F)cc21,8.958607314841775,CHEMBL2430251,279,2013.0
COc1cc(-c2cc(NC(=O)Nc3cc(OCCCN(C)C)ccc3C)cc(OC)c2OC)ccc1C(C)=O,7.75448733218585,CHEMBL3099472,279,2014.0
Cc1ccc(C2=NN(C(N)=S)C(c3ccc4ccccc4c3)C2)cc1,5.6777807052660805,CHEMBL2324873,279,2013.0
Cc1ccc(C2=NN(c3ccccc3)C(c3ccc4ccccc4c3)C2)cc1,5.806875401645538,CHEMBL2325100,279,2013.0
Cc1ccc(C=Cc2n[nH]c3cc(C4CC45C(=O)Nc4ccccc45)ccc23)c(C)n1,5.6777807052660805,CHEMBL3353344,279,2015.0
COc1cc(-c2cc(NC(=O)Nc3cc(OCCCN(C)C)ccc3C)cc(OC)c2OC)ccc1C(C)=NO,8.005682847330363,CHEMBL3220326,279,2013.0
Cc1ccc(C=NNC(=O)N2CCc3ncnc(Nc4cccc(C(F)(F)F)c4)c3C2)cc1,6.819587367161676,CHEMBL4227281,279,2018.0
COc1cc(-c2cc(NC(=O)Nc3ccc(OCCCN(C)C)cc3)cc(OC)c2OC)ccc1C(C)=NO,6.692503962086787,CHEMBL3220319,279,2013.0
COc1cc(-c2nc(-c3c[nH]c4ccccc34)c[nH]c2=O)cc(OC)c1OC,5.638272163982407,CHEMBL3358966,279,2015.0
COc1cc(-c2nc(-c3ccc(O)cc3)c[nH]c2=O)cc(OC)c1OC,5.657577319177793,CHEMBL3358996,279,2015.0
Cc1ccc(C(C=Cc2ccc(F)cc2)=NNc2nncc3ccccc23)cc1,9.154901959985745,CHEMBL3983586,279,2016.0
CN(C)CCCOc1ccc(NC(=O)c2cccc(-c3cccc(O)c3)c2)cc1F,7.839231438138872,CHEMBL3397932,279,2015.0
Cc1ccc(C(=O)Nc2ccc(CN3CCN(C)CC3)c(C(F)(F)F)c2)cc1C#Cc1cncc2ccccc12,7.101823516502323,CHEMBL4105491,279,2017.0
CN(C)CCCn1cc(-c2cncc(-c3ccsc3)c2)c2ccccc21,7.1938200260161125,CHEMBL318835,279,2003.0
Cc1ccc(C(=O)Nc2cccc(C(F)(F)F)c2)cc1-c1ccc2nc(N)ncc2c1,8.698970004336019,CHEMBL385937,279,2006.0
Cc1ccc(C(=O)Nc2cccc(C(F)(F)F)c2)cc1-c1ccc2nc(NCCN3CCOCC3)ncc2c1,9.0,CHEMBL215943,279,2006.0
Cc1ccc(C(=O)Nc2cccc(C(F)(F)F)c2)cc1C#Cc1ccc(N)nc1,9.0,CHEMBL220874,279,2007.0
Cc1ccc(C(=O)Nc2cccc(C(F)(F)F)c2)cc1C#Cc1cnc(N)nc1,8.698970004336019,CHEMBL427998,279,2007.0
Cc1ccc(C(=O)Nc2cccc(C(F)(F)F)c2)cc1C#Cc1cnc2ccccc2c1,9.0,CHEMBL219584,279,2007.0
Cc1ccc(C(=O)Nc2cccc(C(F)(F)F)c2)cc1C#Cc1cnc2ccccc2n1,8.397940008672037,CHEMBL221019,279,2007.0
Cc1ccc(C(=O)Nc2cccc(C(F)(F)F)c2)cc1Nc1ncccc1-c1ccncn1,8.397940008672037,CHEMBL385956,279,2007.0
Cc1ccc(C(=O)Nc2cccc(C(F)(F)F)c2)cc1Oc1ncccc1-c1ccncn1,7.229147988357855,CHEMBL218425,279,2007.0
Cc1ccc(C(=O)Nc2cccc(C(F)(F)F)c2C)cc1-c1ccc2nc(N)ncc2c1,7.823908740944319,CHEMBL215813,279,2006.0
Cc1ccc(C(=O)Nc2cccc(C(F)(F)F)c2C)cc1-c1ccc2nc(NC3CC3)ncc2c1,8.221848749616356,CHEMBL212181,279,2006.0
Cc1ccc(C(=O)Nc2cccc(C(F)(F)F)c2C)cc1-c1ccc2nc(NC3CCN(C)CC3)ncc2c1,6.987162775294828,CHEMBL215691,279,2006.0
Cc1ccc(C(=O)Nc2cccc(C(F)(F)F)c2C)cc1-c1ccc2nc(NCCN3CCCC3)ncc2c1,6.609064892896621,CHEMBL214556,279,2006.0
Cc1ccc(C(=O)Nc2cccc(C(F)(F)F)c2C)cc1-c1ccc2nc(NCCN3CCCCC3)ncc2c1,6.761953896871205,CHEMBL384942,279,2006.0
Cc1ccc(C(=O)Nc2cccc(C(F)(F)F)c2C)cc1-c1ccc2nc(NCCN3CCOCC3)ncc2c1,7.823908740944319,CHEMBL213290,279,2006.0
Cc1ccc(C(=O)Nc2cccc(C(F)(F)F)c2C)cc1-c1ccc2nc(Nc3ccccc3)ncc2c1,8.397940008672037,CHEMBL215863,279,2006.0
Cc1ccc(C(=O)Nc2ccccc2)cc1Nc1ncccc1-c1ccncn1,6.361510743045363,CHEMBL221121,279,2007.0
Cc1ccc(-n2cc(NC(=O)c3ccc(NS(=O)(=O)c4ccccc4)cc3)cn2)cc1,5.164309428507575,CHEMBL4470214,279,2019.0
Cc1ccc(-n2cc(NC(=O)c3ccc(NS(=O)(=O)c4ccc(Cl)cc4)cc3)cn2)cc1,5.5406075122407685,CHEMBL4549295,279,2019.0
COc1ccc(NC(=O)Nc2ccc(N=C3C(=O)Nc4ccc(F)cc43)cc2)cc1,5.573488738635424,CHEMBL3589807,279,2015.0
COc1ccc(NC(=O)CN2CCN(c3nnc(-c4ccccc4)c4ccccc34)CC2)cc1,5.8696662315049934,CHEMBL3753316,279,2016.0
COc1cc(OC)cc(-c2cc3cnc(NCCCO)nc3nc2NC(=O)NC(C)(C)C)c1,7.1487416512809245,CHEMBL365140,279,2005.0
COc1cc(OC)cc(-c2cc3cnc(NCCCO)cc3nc2NC(=O)NC(C)(C)C)c1,8.301029995663981,CHEMBL278472,279,2005.0
COc1cc(OC)cc(-c2cc3cnc(NCCCN4CCOCC4)cc3nc2NC(=O)NC(C)(C)C)c1,8.045757490560675,CHEMBL339856,279,2005.0
COc1cc(OC)cc(-c2cc3cnc(NCCCN4CCN(C)CC4)nc3nc2NC(=O)NC(C)(C)C)c1,7.67778070526608,CHEMBL189059,279,2005.0
COc1cc(OC)cc(-c2cc3cnc(NCCCN4CCN(C)CC4)cc3nc2NC(=O)NC(C)(C)C)c1,8.301029995663981,CHEMBL189995,279,2005.0
COc1cc(OC)cc(-c2cc3cnc(NCCCN4CCN(C)CC4)cc3nc2N)c1,6.7447274948966935,CHEMBL191265,279,2005.0
COc1cc(OC)cc(-c2cc3cnc(NCCCCOc4ccccc4)cc3nc2NC(=O)NC(C)(C)C)c1,6.7447274948966935,CHEMBL189322,279,2005.0
COc1cc(OC)cc(-c2cc3cnc(NCCCCO)cc3nc2NC(=O)NC(C)(C)C)c1,8.096910013008056,CHEMBL425363,279,2005.0
COc1cc(OC)cc(-c2cc3cnc(NCCCOc4ccccc4)cc3nc2NC(=O)NC(C)(C)C)c1,6.7447274948966935,CHEMBL190991,279,2005.0
COc1cc(OC)cc(-c2cc3cnc(NCCCCN4CCOCC4)cc3nc2NC(=O)NC(C)(C)C)c1,8.221848749616356,CHEMBL187396,279,2005.0
COc1cc(OC)cc(-c2cc3cnc(NCCCCCO)cc3nc2NC(=O)NC(C)(C)C)c1,8.221848749616356,CHEMBL365727,279,2005.0
CCC(CC)CNc1c(C(N)=O)cnc2ccc(C#N)cc12,5.091514981121351,CHEMBL4593348,279,2016.0
COc1cc(OC)cc(-c2cc3cnc(NCCCCCN4CCOCC4)cc3nc2NC(=O)NC(C)(C)C)c1,8.154901959985743,CHEMBL191070,279,2005.0
COc1cc(OC)cc(-c2cc3cnc(N(CCCO)C(C)=O)cc3nc2NC(=O)NC(C)(C)C)c1,5.721246399047171,CHEMBL362502,279,2005.0
COc1cc(OC)cc(-c2cc3cnc(N(CCCCCO)C(C)=O)cc3nc2NC(=O)NC(C)(C)C)c1,5.119186407719209,CHEMBL365133,279,2005.0
COc1cc(OC)c(Cl)c(-c2ccc3c(NC(=O)c4ccc(N5CCN(C)CC5)cc4)n[nH]c3n2)c1Cl,6.436637590513392,CHEMBL4469836,279,2016.0
CCN(CC)CCN1CCc2[nH]c(C=C3C(=O)Nc4ccc(Br)cc43)c(C)c2C1=O,7.309894379144197,CHEMBL1278233,279,2010.0
CCN(CC)CCN1CCCc2[nH]c(C=C3C(=O)Nc4ccc(F)cc43)c(C)c2C1=O,7.449814727441218,CHEMBL1276981,279,2010.0
COc1cc(OC)cc(-c2cc3cnc(NCCCCN4CCN(C)CC4)cc3nc2NC(=O)NC(C)(C)C)c1,8.522878745280337,CHEMBL190161,279,2005.0
CCN(CC)CCN1CCc2[nH]c(C=C3C(=O)Nc4ccc(F)cc43)c(C)c2C1=O,8.5,CHEMBL1278146,279,2010.0
COc1cc(OC)cc(-c2ccc3c(NC(=O)c4ccc(N5CCN(C)CC5)cc4)n[nH]c3n2)c1,6.260902553882525,CHEMBL4437058,279,2016.0
Cc1cc2nc(-c3c(N)c4ccccc4[nH]c3=O)[nH]c2cc1C,6.6777807052660805,CHEMBL498206,279,2009.0
COc1cc2c(Nc3ccc(Cl)cc3F)ncnc2cc1OCCNC(=O)CCCCC1SCC2NC(=O)NC21,5.318758762624412,CHEMBL200085,279,2006.0
COc1cc2c(Nc3ccc(Br)cc3F)ncnc2cc1OCC1CCCN(CCF)C1,7.397940008672037,CHEMBL2058042,279,2012.0
Cc1cc2c(cc3c4c(cccc42)NC3=O)[nH]1,6.0,CHEMBL388936,279,2007.0
CCN(CC)CCNC(=O)c1c(C)[nH]c2c1CCCC2=C1C(=O)Nc2ccc(C(=O)OC)cc21,6.776763726897002,CHEMBL2430255,279,2013.0
COc1cc(Oc2ncnc3ccn(C)c23)ccc1NC(=O)Nc1cccc(C(F)(F)F)c1,7.853871964321762,CHEMBL1254276,279,2010.0
Cc1cc2cc(-n3ncc(C(=O)c4cc5ccccc5[nH]4)c3N)ccc2[nH]1,8.187086643357144,CHEMBL3959997,279,2016.0
COc1cc(OC2CCN(C)CC2)c2c(Nc3cccc4c3OCO4)ncnc2c1,5.6020599913279625,CHEMBL384260,279,2006.0
COc1cc(OC2CCN(C)CC2)c2c(Nc3cccc4c3OCCO4)ncnc2c1,6.301029995663981,CHEMBL262721,279,2006.0
CCN(CC)CCNC(=O)c1c(C)[nH]c2c1CCCC2=C1C(=O)Nc2ccc(Br)cc21,8.4089353929735,CHEMBL2430265,279,2013.0
Cc1cc2cc(Nc3ncc(C#N)c(-c4ccccc4)n3)ccc2[nH]1,6.3872161432802645,CHEMBL233669,279,2007.0
Cc1cc2cc(Nc3ncnc4cc(-c5ccccc5)sc34)ccc2[nH]1,6.853871964321762,CHEMBL80302,279,2019.0
Cc1cc2cc(Nc3ncnn4cc(-c5nnc(C)o5)c(C(C)C)c34)cnc2[nH]1,7.602059991327962,CHEMBL261592,279,2008.0
Cc1cc2cc(Nc3ncnn4cc(OCC(C)O)c(C)c34)cnc2[nH]1,6.651695136951839,CHEMBL259996,279,2008.0
COc1cc(OC)cc(N(CCNC(C)C)c2ccc3ncc(-c4cnn(C)c4)nc3c2)c1,7.432975228629743,CHEMBL3545376,279,2014.0
COc1cc(OC)cc(C2Cc3cnc(N(CCCO)C(C)=O)cc3N=C2NC(=O)NC(C)(C)C)c1,5.180456064458131,CHEMBL363304,279,2005.0
COc1cc(OC)cc(C2Cc3cnc(N(CCCCO)C(C)=O)cc3N=C2NC(=O)NC(C)(C)C)c1,5.0,CHEMBL191372,279,2005.0
CCN(CC)CCNC(=O)c1c(C)[nH]c2c1CCCC2=C1C(=O)Nc2c(F)cccc21,6.949233688766958,CHEMBL2430257,279,2013.0
Cc1cc2cc(Nc3nnc(-c4cccc5cnccc45)c4ccccc34)ccc2[nH]1,6.638272163982407,CHEMBL206658,279,2006.0
Cc1cc2cc(Oc3ncnn4cc(OCC(C)O)c(C)c34)cnc2[nH]1,6.913640169325252,CHEMBL260199,279,2008.0
COc1cc(O)c2c(c1)CCCC(O)C(O)C(=O)CCCC(C)OC2=O,6.788879458741951,CHEMBL4099337,279,2017.0
Cc1cc2c(Nc3ccc(C)c(O)c3)ncnn2c1,6.3979400086720375,CHEMBL184750,279,2004.0
COc1cc(O)c2c(c1)CCCC(O)C(O)C(=O)C=CCC(C)OC2=O,8.367756372109657,CHEMBL2012519,279,2011.0
COc1cc(O)c2c(c1)-c1cccc(c1)C(O)C(O)C(=O)CCCC(C)OC2=O,6.026872146400301,CHEMBL4515912_CHEMBL4517550_CHEMBL4572320,279,
Cc1ccc(-c2n[nH]c3c2Cc2cc(CN4CCN(C)CC4)ccc2-3)s1,5.262012673666569,CHEMBL212880,279,2006.0
CCN1CCN(c2ccc3c(Nc4cc(CCc5c(Cl)c(OC)cc(OC)c5Cl)[nH]n4)ncnc3c2)CC1,7.756961951313706,CHEMBL3797507,279,2016.0
CCN1CCc2c(ncnc2Oc2ccc3c(ccn3C(=O)Nc3cccc(C(F)(F)F)c3)c2)C1,8.0,CHEMBL3745924,279,2015.0
CCN=C(S)NNc1nncc2ccccc12,8.136677139879545,CHEMBL1380839,279,2016.0
COc1ccc(N2C(=O)CSC2=NNc2nncc3ccccc23)cc1,8.619788758288394,CHEMBL3974626,279,2016.0
Cc1n[nH]c2nccc(-c3ccc(NC(=O)Nc4cccc(Cl)c4)cc3)c12,5.392544976785332,CHEMBL4096271,279,2017.0
COc1ccc(N2Cc3cnc(Nc4ccc(F)cc4)nc3N(C3CCC(O)C3)C2=O)cc1,7.301029995663981,CHEMBL606964,279,2006.0
COc1cc(CCc2cc(Nc3ncnc4cc(N5CCN6CCCCC6C5)ccc34)n[nH]2)cc(OC)c1,7.667561540084394,CHEMBL3800526,279,2016.0
CCN1CCN(Cc2ccc(NC(=O)Nc3ccc(-c4ccc(NC)nc4)cc3)cc2C(F)(F)F)CC1,8.229147988357855,CHEMBL4205803,279,2018.0
COc1cc(CCc2cc(NC(=O)c3ccc(N4CC(C)NC(C)C4)cc3)n[nH]2)cc(OC)c1,7.425711028273996,CHEMBL3348846,279,2016.0
CN(C)C(=O)N1CCN(Cc2ccnc(Nc3ncc(C#N)s3)c2)CC1,8.0,CHEMBL221468,279,2004.0
Cc1ccc(-c2nc3ccc(Nc4ccnc5ccccc45)cc3[nH]2)cc1,5.332547047110046,CHEMBL3323595,279,2014.0
Cc1ccc(-c2nc3ccc(Nc4ncnc5ccccc45)cc3[nH]2)cc1,5.3223930472795065,CHEMBL3321895,279,2014.0
Cc1ccc(-c2nc3ccccc3n2CC(=O)NN=Cc2ccccc2Cl)o1,5.899629454882437,CHEMBL4172854,279,2017.0
COc1cc(CC(=O)Nc2ccc3oc(-c4ccccc4)nc3c2)cc(OC)c1OC,6.447088549783491,CHEMBL4516406,279,2019.0
Cc1ccc(-c2nn(C(C)(C)C)c3ncnc(N)c23)cc1,5.795880017344075,CHEMBL306380,279,2000.0
COc1cc(CC(=O)Nc2ccc3oc(-c4ccc(Cl)cc4)nc3c2)cc(OC)c1OC,6.587035728003338,CHEMBL4454848,279,2019.0
COc1cc(CC(=O)Nc2ccc3[nH]c(-c4ccc(Cl)cc4)nc3c2)cc(OC)c1OC,6.37809703910877,CHEMBL4590471,279,2019.0
CN(C)C(=O)COc1ccc2c(c1)Cc1c(-c3csc(C#CCOc4ccccc4)c3)n[nH]c1-2,7.376750709602099,CHEMBL374690,279,2007.0
CCC(=O)Nc1cc(Oc2ccc(Nc3nccc4[nH]cc(-c5ccc(F)cc5)c(=O)c34)cc2F)ccn1,7.694648630553377,CHEMBL4529670,279,2020.0
CCN1CCN(Cc2ccc(NC(=O)Nc3ccc(-c4ccc(=O)[nH]c4)cc3)cc2C(F)(F)F)CC1,7.020907099361674,CHEMBL4210670,279,2018.0
CCOC(=O)NC=CC(=O)c1ccc(NC(=S)Nc2ccc(S(=O)(=O)Nc3ccccn3)cc2)cc1,7.481486060122112,CHEMBL4225623,279,2018.0
COc1cc(O)c2c(c1)-c1cccc(c1)C(O)C(O)C(=O)CC=CC(C)OC2=O,7.853871964321762,CHEMBL4530473,279,2019.0
COc1cc(Nc2nnc(Cc3ccncc3)c3ccccc23)ccc1Cl,6.853871964321762,CHEMBL75034,279,2000.0
COc1cc(Nc2ncnc3cc(OCCCN4CCOCC4)cc(OC4CCOCC4)c23)c(Cl)cn1,7.096910013008056,CHEMBL197186,279,2005.0
COc1cc(Nc2nccc(-n3ncc4cc([N+](=O)[O-])ccc43)n2)cc(OC)c1OC,6.161150909262744,CHEMBL3819410,279,2016.0
Cc1ccc(-c2cc3nccnc3c(NCCCCN)n2)cc1,5.800000874803203,CHEMBL4436576,279,2016.0
COc1cc(Nc2ncc3c(n2)-c2cccnc2SC3)cc(OC)c1OC,7.795880017344075,CHEMBL4584918,279,2019.0
CCC(=O)Nc1ccc(Nc2ncnc3cc(OC)c(OC)cc23)cc1,5.136677139879544,CHEMBL2018745,279,2012.0
Cc1ccc(-c2cn(Cc3ccc(-c4cccnc4)cc3)nn2)cc1,7.798602875679548,CHEMBL4519953,279,2019.0
Cc1ccc(-c2cn(Cc3ccc(-c4cncnc4)cc3)nn2)cc1,7.95624487303132,CHEMBL4452405,279,2019.0
COc1cc(Nc2ncc(C#N)c(-c3ccccc3)n2)ccc1CN1CCCC1,7.040958607678906,CHEMBL387829,279,2007.0
Cc1ccc(-c2cn(Cc3ccc(-c4cnn(C)c4)cc3)nn2)cc1,9.244125144327509,CHEMBL4543212,279,2019.0
COc1cc(Nc2ncc(-c3ccccc3)o2)cc(OC)c1OC,7.0,CHEMBL443563,279,2005.0
COc1cc(Nc2ncc(-c3ccccc3)o2)cc(OC)c1,6.769551078621726,CHEMBL176553,279,2005.0
COc1cc(Nc2ccc3ncc(-c4cnn(C)c4)nc3c2)cc(OC)c1,6.251811972993799,CHEMBL4449692,279,2019.0
COc1cc(NC(=O)Nc2nccs2)cc(-c2cn(C)cn2)c1OC,6.37659563212075,CHEMBL3752129,279,2016.0
COc1cc(NC(=O)Nc2nccs2)cc(-c2cccnc2)c1OC,6.535793715656215,CHEMBL3754709,279,2016.0
COc1cc(NC(=O)Nc2ccncc2)cc(-c2cncnc2)c1OC,6.3081231774406685,CHEMBL3754722,279,2016.0
COc1cc(NC(=O)Nc2ccncc2)cc(-c2cccnc2)c1OC,6.67064280586845,CHEMBL3753836,279,2016.0
COc1cc(NC(=O)Nc2ccccn2)cc(-c2c[nH]cn2)c1OC,7.4784696587212895,CHEMBL3753532,279,2016.0
COc1cc(O)c2c(c1)-c1cccc(c1)CCC(=O)C=CCC(C)OC2=O,7.173925197299173,CHEMBL4515000,279,2019.0
COc1cc2ncnc(Nc3ccc(NC(=O)Nc4cccc(Br)c4)cc3)c2cc1OC,7.920818753952375,CHEMBL3628796,279,2015.0
COc1cc2ncnc(Nc3ccc(NC(=O)Nc4ccccc4)cc3)c2cc1OC,5.292429823902063,CHEMBL1761933,279,2011.0
COc1cc2ncnc(Nc3ccc(NC(=O)OC(C)C)c(C)c3)c2cc1OC,5.279840696594043,CHEMBL2018759,279,2012.0
CCOc1cc(=O)[nH]cc1-c1ccc(CC(=O)Nc2ccc(CC(C)(C)O)c(C(F)(F)F)c2)c(F)c1,7.991399828238082,CHEMBL4218127,279,2018.0
CCCC#Cc1cc(-c2n[nH]c3c2Cc2cc(CN4CCN(C)CC4)ccc2-3)cs1,7.1249387366083,CHEMBL223997,279,2007.0
CCOc1cc(=O)[nH]cc1-c1ccc(CC(=O)Nc2ccc(CN(C)C)c(C(F)(F)F)c2)c(F)c1,6.864549300654486,CHEMBL4213626,279,2018.0
CCOc1cc(=O)[nH]cc1-c1ccc(CC(=O)Nc2cccc(C(F)(F)F)c2)c(F)c1,7.164309428507575,CHEMBL4206308,279,2018.0
COc1ccc(C2=NN(c3ccccc3)C(c3cccc4ccccc34)C2)cc1,5.468521082957745,CHEMBL2325092,279,2013.0
COc1ccc(C2=NN(C(N)=S)C(c3cccc4ccccc34)C2)cc1,5.3872161432802645,CHEMBL2325106,279,2013.0
COc1ccc(C2=C(c3c[nH]c4ccccc34)C(=O)NC2=O)cc1OC,6.366531544420413,CHEMBL201264,279,2006.0
CCN(CC)CCOc1cc2ncnc(Nc3ccc(NC(=O)OC)c(Cl)c3)c2cc1OC,5.2839966563652006,CHEMBL2018768,279,2012.0
CCOc1cc(=O)[nH]cc1-c1ccc(CC(=O)Nc2ccc(CC(C)(C)N)c(C(F)(F)F)c2)c(F)c1,8.096910013008056,CHEMBL4218563,279,2018.0
CCOc1cc(O)c2c(=O)cc(-c3ccccc3)oc2c1,5.017276612331455,CHEMBL172517,279,2018.0
COc1ccc(C(F)(F)F)cc1NC(=O)c1ccc(C)c(Nc2ncccc2-c2ccncn2)c1,7.236572006437063,CHEMBL219996,279,2007.0
CCN(CC)CCOc1cc2ncnc(Nc3ccc(NC(=O)OC)c(C)c3)c2cc1OC,5.158015195409886,CHEMBL2018770,279,2012.0
CCOc1cc2ncc(C#N)c(Nc3ccc(F)c(Cl)c3)c2cc1NC(=O)C=CCN(C)C,5.504316932383085,CHEMBL607707,279,2007.0
CCOc1cc2ncc(C#N)c(Nc3ccc(OCc4ccccn4)c(Cl)c3)c2cc1NC(=O)C=CCN(C)C,6.066411489803347,CHEMBL180022,279,2007.0
Cc1[nH]c(C=C2C(=O)Nc3ccncc32)c(C)c1C(=O)NCCN(C)C,7.221848749616356,CHEMBL1914676,279,2011.0
COc1ccc(C(=O)OCCN2CCOCC2)cc1NC(=O)Nc1cc(-c2cncnc2)ccc1OC(F)(F)F,5.327902142064282,CHEMBL3633288,279,2015.0
COc1ccc(C(=O)OCCN(C)C)cc1NC(=O)Nc1cc(-c2cccnc2)ccc1OC(F)(F)F,7.207608310501746,CHEMBL3633273,279,2015.0
COc1ccc(C(=O)OCCN(C)C)cc1NC(=O)Nc1cc(-c2cccnc2)cc(C(F)(F)F)c1,7.552841968657781,CHEMBL3633271,279,2015.0
COc1ccc(C(F)(F)F)cc1NC(=O)c1ccc(C)c(Oc2ncccc2-c2ccncn2)c1,7.0,CHEMBL220549,279,2007.0
COc1ccc(C(=O)OCCN(C(C)C)C(C)C)cc1NC(=O)Nc1cc(-c2cccnc2)cc(C(F)(F)F)c1,5.075720713938118,CHEMBL3633280,279,2015.0
CCCC(=O)Nc1cc(Oc2ccc(Nc3nccc4[nH]cc(-c5ccc(F)cc5)c(=O)c34)cc2F)ccn1,7.712198270069773,CHEMBL4530342,279,2020.0
CCN(CC)CCOc1ccc(-c2ccc(NC(=O)Nc3cccc(C)c3)cc2)c2c(N)n[nH]c12,7.455931955649724,CHEMBL219774,279,2007.0
Cc1c2ccc(N(C)c3ccnc(Nc4cccc(S(N)(=O)=O)c4)n3)cc2nn1Cc1ccccc1,8.585026652029182,CHEMBL476572,279,2008.0
Cc1c[nH]c(C=C2C(=O)Nc3ccccc32)c1CCC(=O)O,7.698970004336019,CHEMBL89363,279,1999.0
CCN(CC)CCOc1ccc(C)c(NC(=O)Nc2cc(OC)c(OC)c(-c3ccc(C(C)=O)c(OC)c3)c2)c1,7.777283528852417,CHEMBL3099471,279,2014.0
COc1ccc2nccc(Nc3cc(O)ccc3C)c2c1,5.522878745280337,CHEMBL3823527,279,2016.0
CCOc1cc(=O)[nH]cc1-c1ccc(CC(=O)Nc2cc(C(C)(C)C(F)(F)F)no2)c(F)c1,7.396855627379818,CHEMBL3355010,279,2018.0
CCOc1cc(=O)[nH]cc1-c1ccc(CC(=O)Nc2cc(C(C)(C)C(F)(F)F)on2)c(F)c1,6.962573502059376,CHEMBL3355009,279,2018.0
Cc1cc(-c2ccc(NC(=O)Nc3ccc(Cl)c(C(F)(F)F)c3)cc2)c2c(N)onc2n1,6.752026733638194,CHEMBL4247248,279,2018.0
Cc1cc(-c2ccc(NC(=O)Nc3cccc(C(F)(F)F)c3)cc2)c2c(N)onc2n1,7.958607314841775,CHEMBL4240969,279,2018.0
CCCC(=O)Nc1ccc(Nc2ncnc3cc(OC)c(OC)cc23)cc1C,5.382235776546225,CHEMBL2018746_CHEMBL3221265,279,
Cc1cc(-c2ccc(NC(=O)Nc3cccc(Cl)c3)cc2)c2c(N)onc2n1,7.602059991327962,CHEMBL4237289,279,2018.0
Cc1cc(-c2cnc3cc(-c4ccc(C5CNCCN5)cc4)ccn23)c2ccccc2n1,5.029188389127482,CHEMBL4742906,279,2020.0
Cc1cc(-c2cnc3cc(-c4ccc(N5CCNCC5)cc4)ccn23)c2ccccc2n1,5.226945306635738,CHEMBL4740381,279,2020.0
CCOc1cc(=O)[nH]cc1-c1ccc(CC(=O)Nc2cc(C(F)(F)F)cc(CN(C)C)c2F)c(F)c1,5.73747772028795,CHEMBL4209229,279,2018.0
CCOc1cc(=O)[nH]cc1-c1ccc(CC(=O)Nc2ccc(C(C)C#N)c(C(F)(F)F)c2)c(F)c1,7.037630664329979,CHEMBL4214146,279,2018.0
CCOc1cc(=O)[nH]cc1-c1ccc(CC(=O)Nc2ccc(CC(C)(C)CO)c(C(F)(F)F)c2)c(F)c1,7.931814138253838,CHEMBL4205243,279,2018.0
Cc1cc(=O)n(-c2ccc(F)cc2)nc1C(=O)Nc1ccc(Oc2ccnc3[nH]ccc23)c(F)c1,6.172760000494355,CHEMBL4066684,279,2017.0
Cc1cc(=O)n(-c2ccc(F)cc2)nc1C(=O)Nc1ccc(Oc2ncnc3ccsc23)c(F)c1,6.346787486224656,CHEMBL4215703,279,2018.0
CCOc1cc(=O)[nH]cc1-c1ccc(CC(=O)Nc2ccc(CC(C)(C)CS(C)(=O)=O)c(C(F)(F)F)c2)c(F)c1,7.686132779630847,CHEMBL4203429,279,2018.0
Cc1cc(-c2ccc(NC(=O)Nc3ccccc3Cl)cc2)c2c(N)onc2n1,6.221848749616356,CHEMBL4251080,279,2018.0
COc1ccc(C(=O)Nc2ncc(SCc3ncc(C(C)(C)C)o3)s2)cc1OC,5.721246399047171,CHEMBL379495,279,2006.0
COc1ccc(C(=O)Nc2cccc(CNc3ncnc4c3cnn4CCc3ccccc3)c2)cc1OC,5.692503962086787,CHEMBL3128233,279,2014.0
COc1ccc(C(=O)Nc2cccc(CNc3ncnc4c3cnn4CCc3ccccc3)c2)cc1,5.575118363368933,CHEMBL3128232,279,2014.0
CCS(=O)(=O)c1ccc(OC)c(Nc2ncc(-c3ccc(OC)cc3)o2)c1,7.060480747381382,CHEMBL191779,279,2005.0
CCS(=O)(=O)c1ccc(OC)c(Nc2ncc(-c3cccc(-c4ccccc4)c3)o2)c1,7.102372908709558,CHEMBL364082,279,2005.0
CCS(=O)(=O)c1ccc(OC)c(Nc2ncc(-c3cccc(-c4ccccc4Cl)c3)o2)c1,7.4089353929735005,CHEMBL191993,279,2005.0
CCS(=O)(=O)c1ccc(OC)c(Nc2ncc(-c3cccc(-c4ccccc4F)c3)o2)c1,7.050609993355087,CHEMBL372474,279,2005.0
CCS(=O)(=O)c1ccc(OC)c(Nc2ncc(-c3cccc(-c4ccccn4)c3)o2)c1,7.657577319177793,CHEMBL194176,279,2005.0
CCS(=O)(=O)c1ccc(OC)c(Nc2ncc(-c3cccc(-c4cccnc4)c3)o2)c1,7.119186407719209,CHEMBL193386,279,2005.0
CCS(=O)(=O)c1ccc(OC)c(Nc2ncc(-c3cccc(-c4cccs4)c3)o2)c1,7.795880017344075,CHEMBL193609,279,2005.0
CCS(=O)(=O)c1ccc(OC)c(Nc2ncc(-c3cccc(-c4ccncc4)c3)o2)c1,7.107905397309519,CHEMBL195237,279,2005.0
CCS(=O)(=O)c1ccc(OC)c(Nc2ncc(-c3ccc(F)cc3)o2)c1,7.102372908709558,CHEMBL194883,279,2005.0
CCS(=O)(=O)c1ccc(OC)c(Nc2ncc(-c3cccc(-c4ccsc4)c3)o2)c1,7.823908740944319,CHEMBL194939,279,2005.0
Cc1cc(C(=O)Nc2cc(Oc3ccc4nc(NC(=O)C5CC5)cn4n3)ccc2Cl)n(C)n1,8.886056647693163,CHEMBL2348990,279,2013.0
Cc1cc(C(=O)Nc2cc(Oc3ccc4nc(NC(=O)C5CC5)cn4n3)ccc2F)n(C)n1,8.958607314841775,CHEMBL2348991,279,2013.0
Cc1cc(C(=O)Nc2cc(Oc3ccc4nc(NC(=O)C5CC5)nn4c3)ccc2C)n(C)n1,8.721246399047171,CHEMBL2409776,279,2013.0
Cc1cc(C(=O)Nc2cc(Oc3ccc4nc(NC(=O)C5CC5)nn4c3)ccc2F)n(C)n1,8.980524658514332,CHEMBL2409778,279,2013.0
Cc1cc(C(=O)Nc2cc(Oc3ccc4nc(NC(=O)C5CC5)sc4n3)ccc2C)n(C)n1,8.920818753952375,CHEMBL2409782,279,2013.0
Cc1cc(C(=O)Nc2ccc(C)c(Oc3ccc4nc(NC(=O)C5CC5)cn4n3)c2)n(C)n1,8.744727494896694,CHEMBL2348994,279,2013.0
Cc1cc(C(=O)Nc2ccc(C)c(Oc3ccc4nc(NC(=O)C5CC5)nn4c3)c2)n(C)n1,8.431798275933005,CHEMBL2409783,279,2013.0
Cc1cc(C(=O)Nc2cccc(Oc3ccc4nc(NC(=O)C5CC5)cn4c3)c2)n(C)n1,8.958607314841775,CHEMBL2409779,279,2013.0
Cc1cc(C(=O)Nc2cc(Oc3ccc4nc(NC(=O)C5CC5)cn4c3)ccc2C)n(C)n1,8.920818753952375,CHEMBL2409780,279,2013.0
COc1ccc(-n2cc(NC(=O)c3ccc(NS(=O)(=O)c4ccc(Cl)cc4)cc3)cn2)cc1,5.145086977692145,CHEMBL4576626,279,2019.0
COc1ccc(-n2cc(NC(=O)c3cccc(NS(=O)(=O)c4ccc(Cl)cc4)c3)cn2)cc1,5.288192770958808,CHEMBL4471464,279,2019.0
Cc1[nH]c(-c2ccccc2)c(-c2ccccc2)c1-c1nnc(C)c2nn(-c3ccccc3)cc12,5.462180904926726,CHEMBL3740582,279,2015.0
COc1ccc(C(=O)Nc2ccc(OCCN3CCCCC3)cc2)c(-c2cccc(O)c2)c1O,8.358525889495901,CHEMBL3397917,279,2015.0
COc1ccc(C(=O)Nc2ccc(OCCN3CCCCC3)c(Cl)c2)c(-c2cccc(O)c2)c1O,7.023695883447997,CHEMBL3397924,279,2015.0
COc1ccc(C(=O)Nc2ccc(OCCN3CCCC3)cc2)c(-c2cccc(O)c2)c1O,6.737976295393683,CHEMBL3397916,279,2015.0
COc1ccc(C(=O)Nc2ccc(OCCN3CCCC3)c(F)c2)c(-c2cccc(O)c2)c1O,8.026410376572743,CHEMBL3397920,279,2015.0
COc1ccc(C(=O)Nc2ccc(OCCN3CCCC3)c(Cl)c2)c(-c2cccc(O)c2)c1O,7.641113795594131,CHEMBL3397923,279,2015.0
COc1ccc(C(=O)Nc2ccc(OCCN(C)C)cc2)c(-c2cccc(O)c2)c1O,6.462672124212988,CHEMBL3397947,279,2015.0
COc1ccc(C(=O)Nc2ccc(OCCN(C)C)c(Cl)c2)c(-c2cccc(O)c2)c1O,6.885489095151126,CHEMBL3397922,279,2015.0
COc1ccc(C(=O)Nc2ccc(OCCCN3CCOCC3)cc2)c(-c2cccc(O)c2)c1O,7.822752163744377,CHEMBL3397918,279,2015.0
COc1ccc(C(=O)Nc2ccc(OCCCN(C)C)cc2)c(-c2cccc(O)c2)c1O,7.143331516388465,CHEMBL3397946,279,2015.0
CCOc1ccn(-c2ccc(F)cc2)c(=O)c1C(=O)Nc1ccc(Oc2ccnc(N)c2Cl)c(F)c1,6.801325516911705,CHEMBL460702,279,2009.0
CCS(=N)(=O)c1ccc(Nc2ncc(Br)c(NC(C)C(C)O)n2)cc1,7.494850021680094,CHEMBL3604469,279,2015.0
Cc1[nH]c(-c2ccccc2)c(-c2ccccc2)c1C(=O)c1cn(-c2ccccc2)nc1C(=O)Nc1ccccc1,5.462180904926726,CHEMBL3740930,279,2015.0
Cc1[nH]c(-c2ccccc2)c(-c2ccccc2)c1C(=O)c1cn(-c2ccccc2)nc1-c1ccccc1,5.630784142589857,CHEMBL3741069,279,2015.0
COc1ccc(C(=O)CN2CCN(c3nnc(-c4ccccc4)c4ccccc34)CC2)cc1,5.647817481888637,CHEMBL3754319,279,2016.0
CCS(=O)(=O)c1ccc(OC)c(Nc2ncc(-c3ccc(C#N)cc3)o2)c1,7.292429823902063,CHEMBL370744,279,2005.0
CCS(=O)(=O)c1ccc(OC)c(Nc2ncc(-c3ccc(C(N)=O)cc3)o2)c1,7.744727494896693,CHEMBL190872,279,2005.0
CCS(=O)(=O)c1ccc(OC)c(Nc2ncc(-c3ccc(CC#N)c(-c4ccccn4)c3)o2)c1,7.638272163982407,CHEMBL4086603,279,2017.0
COc1ccc(C#Cc2cnc(N)nc2)cc1C(=O)Nc1cc(C(F)(F)F)ccc1N1CCCCC1,6.4089353929735005,CHEMBL375617,279,2007.0
CCS(=O)(=O)c1ccc(OC)c(Nc2ncc(-c3ccc(Cl)cc3)o2)c1,7.091514981121351,CHEMBL364259,279,2005.0
Cc1c2ccc(N(C)c3ccnc(Nc4cccc(S(N)(=O)=O)c4)n3)cc2nn1C,8.2518119729938,CHEMBL1794074,279,2008.0
Cc1c2ccc(N(C)c3ccnc(Nc4cccc(F)c4)n3)cc2nn1C,7.107905397309519,CHEMBL3114018,279,2014.0
Cc1c2ccc(N(C)c3ccnc(Nc4cccc(Cl)c4)n3)cc2nn1C,7.602059991327962,CHEMBL3114020,279,2014.0
Cc1c2ccc(N(C)c3ccnc(Nc4cccc(Br)c4)n3)cc2nn1C,7.1938200260161125,CHEMBL3114019,279,2014.0
CCN(CC)CCOc1ccc(Nc2nc(-c3ccc(OC)cc3)nc(Cl)c2-c2ccccc2)cc1,7.173925197299173,CHEMBL4245780,279,2018.0
CCOC(=O)Nc1cn2ncnc(Nc3cc(C(=O)NOC)c(F)cc3F)c2c1C(C)C,7.180456064458131,CHEMBL366019,279,2005.0
CCOC(=O)c1ccc(NC(=O)CN2CCN(c3nnc(-c4ccccc4)c4ccccc34)CC2)cc1,6.455931955649724,CHEMBL3754257,279,2016.0
CCOC(=O)c1ccc(Nc2nncc3ccccc23)cc1,9.267606240177033,CHEMBL3906533,279,2016.0
CCN(CC)CCOc1ccc(Nc2cc(Cl)nc(-c3ccc(OC)cc3)n2)cc1,6.7594507517174005,CHEMBL4246128,279,2018.0
CCOC(=O)c1cn2ncnc(Nc3cc(C(=O)NOC(C)C)c(F)cc3F)c2c1C(C)C,6.455931955649724,CHEMBL195845,279,2005.0
CCOC(=O)c1cn2ncnc(Nc3cc(C(=O)NOC)c(C)cc3C)c2c1C(C)C,7.886056647693163,CHEMBL230413,279,2007.0
COc1ccc(CC(=O)Nc2ccc3oc(-c4ccccc4F)nc3c2)cc1,6.780153613975639,CHEMBL4441199,279,2019.0
CCOC(=O)Nc1ccc(Oc2ncnc3sccc23)cc1C,5.943095148663527,CHEMBL3628805,279,2015.0
COc1ccc(CC(=O)Nc2ccc3oc(-c4ccccc4Cl)nc3c2)cc1,6.352812702104011,CHEMBL4459889,279,2019.0
COc1ccc(CC(=O)Nc2ccc3oc(-c4ccc(Cl)cc4)nc3c2)cc1OC,6.412962882256544,CHEMBL4584893,279,2019.0
COc1ccc(CC(=O)Nc2ccc3oc(-c4ccc(Cl)cc4)nc3c2)cc1,7.011887159731648,CHEMBL4462301,279,2019.0
COc1ccc(CC(=O)Nc2ccc3[nH]c(-c4ccc(Cl)cc4)nc3c2)cc1,7.289036881004725,CHEMBL4557230,279,2019.0
CCOC(=O)c1cn2ncnc(Nc3cc(C(=O)NOC)c(F)cc3F)c2c1C(C)C,7.886056647693163,CHEMBL195700,279,2005.0
CCOC(=O)c1cn2ncnc(Nc3cc(C(=O)NOC)ccc3F)c2c1C(C)C,7.468521082957745,CHEMBL363639,279,2005.0
Cc1c(C(=O)NCC#N)sc2ncnc(Oc3ccc(NC(=O)C4(C(=O)Nc5ccc(F)cc5)CC4)cc3F)c12,7.130768280269024,CHEMBL4208557,279,2017.0
CCOC(=O)c1cn2ncnc(Nc3cc(C(=O)NOCC(C)C)c(F)cc3F)c2c1C(C)C,5.920818753952375,CHEMBL192100,279,2005.0
CCOC(=O)c1cn2ncnc(Nc3cc(C(=O)NOCC4CC4)c(F)cc3F)c2c1C(C)C,6.721246399047171,CHEMBL195254,279,2005.0
COc1ccc(CC(=O)Nc2ccc3oc(-c4ccccc4)nc3c2)cc1OC,6.237471477553,CHEMBL4541917,279,2019.0
CCOC(=O)Nc1ccc(Oc2ncnc3ccccc23)cc1C,6.1487416512809245,CHEMBL3628804,279,2015.0
CCOC(=O)Nc1ccc(Oc2ncnc3cc(OC)c(OC)cc23)cc1C,6.221848749616356,CHEMBL3628803,279,2015.0
Cc1[nH]nc2c1N=C(c1ccccc1Cl)c1cc(N)ccc1N2,7.468521082957745,CHEMBL2322701,279,2013.0
Cc1[nH]c2c(c1C(=O)NCCCN1CCCC1)CCCC2=C1C(=O)Nc2ccc(F)cc21,8.42021640338319,CHEMBL2430249,279,2013.0
Cc1[nH]c2c(c1C(=O)NCCCN1CCOCC1)CCCC2=C1C(=O)Nc2ccc(F)cc21,9.0,CHEMBL2430248,279,2013.0
Cc1[nH]c2c(c1C(=O)NCCN(C)C)CCCC2=C1C(=O)Nc2ccc(F)cc21,8.522878745280337,CHEMBL2430261,279,2013.0
Cc1[nH]c2c(c1C(=O)NCCN1CCCC1)CCCC2=C1C(=O)Nc2ccc(F)cc21,8.013228265733755,CHEMBL2430260,279,2013.0
CCOC(=O)Nc1ccc(Nc2ncnc3cc(OCCN4CCCCC4)c(OC)cc23)cc1Cl,6.096910013008056,CHEMBL3221545,279,2011.0
CCOC(=O)Nc1ccc(Nc2ncnc3cc(OCCN4CCOCC4)c(OC)cc23)cc1C,6.3979400086720375,CHEMBL3221541,279,2011.0
CCOC(=O)Nc1ccc(Nc2ncnc3cc(OCCN4CCOCC4)c(OC)cc23)cc1Cl,6.522878745280337,CHEMBL3221546,279,2011.0
COc1ccc(CNC(=O)c2cc3c(-c4ccccc4)[nH]nc3s2)cc1,6.292429823902063,CHEMBL199383,279,2006.0
CCN(CCO)CCCOc1ccc2c(Nc3cccc(NC(=O)Nc4ccc(F)c(Cl)c4)c3)ncnc2c1,7.022276394711152,CHEMBL3133758,279,2013.0
Cc1[nH]c2c(c1C(=O)NCCN1CCCCC1)CCCC2=C1C(=O)Nc2ccc(F)cc21,8.366531544420413,CHEMBL2430259,279,2013.0
Cc1[nH]c2c(c1C(=O)N1CCC(N3CCCCC3)CC1)CCCC2=C1C(=O)Nc2ccc(F)cc21,8.096910013008056,CHEMBL2430252,279,2013.0
Cc1[nH]c2c(c1C(=O)NCCN1CCOCC1)CCCC2=C1C(=O)Nc2ccc(F)cc21,8.795880017344075,CHEMBL2430258,279,2013.0
CCN(CC)S(=O)(=O)c1ccc(OC)c(Nc2ncc(-c3ccccc3)o2)c1,7.638272163982407,CHEMBL275473,279,2005.0
CCOC(=O)Nc1ccc(Nc2ncnc3ccccc23)cc1C,5.417936637088291,CHEMBL3628793,279,2015.0
CCOC(=O)Nc1ccc(Nc2ncnc3sc4c(c23)CCCC4)cc1C,5.503070351926786,CHEMBL3628795,279,2015.0
CCN(CC)CCOn1nc(N)c2c(-c3ccc(NC(=O)Nc4cc(C)ccc4F)cc3)cccc21,7.130768280269024,CHEMBL221574,279,2007.0
Cc1[nH]c2c(c1C(=O)NCCO)CCCC2=C1C(=O)Nc2ccc(F)cc21,8.958607314841775,CHEMBL2430262,279,2013.0
Cc1[nH]c2c(c1C(=O)NCCc1ccccn1)CCCC2=C1C(=O)Nc2ccc(F)cc21,7.943095148663527,CHEMBL2430198,279,2013.0
CCOC(=O)Nc1ccc(Oc2ncnc3cc(OC)c(OC)cc23)cc1,6.221848749616356,CHEMBL1761932,279,2011.0
CCOC(=O)c1cn2ncnc(Nc3ccc(Br)c(C(=O)NOC)c3)c2c1C(C)C,6.568636235841012,CHEMBL193256,279,2005.0
Cc1cc(C(=O)Nc2cccc(Oc3ccc4nc(NC(=O)C5CC5)cn4n3)c2)n(-c2ccccc2)n1,8.920818753952375,CHEMBL2348995,279,2013.0
CCOC(=O)c1cn2ncnc(Nc3ccc(C)c(C(=O)NOC)c3)c2c1C(C)C,6.920818753952375,CHEMBL365336,279,2005.0
CCOC(=O)c1cn2ncnc(Nc3ccc(C)c(O)c3)c2c1OCC,7.1938200260161125,CHEMBL178596,279,2005.0
CCOCCNc1nccc(Oc2ccc(NC(=O)C3(C(=O)Nc4ccc(F)cc4)CC3)cc2F)n1,5.60756686844445,CHEMBL3287599,279,2014.0
COc1ccc(C=CC(=NNc2nncc3ccccc23)c2ccc(Cl)cc2)cc1,9.387216143280265,CHEMBL3897723,279,2016.0
CCN(CC)CCOc1ccc(NC(=O)Nc2cc(OC)c(OC)c(-c3ccc(C(C)=NO)c(OC)c3)c2)cc1,8.892790030352131,CHEMBL3220318,279,2013.0
CCOCn1cc(C2=C(c3cc(OC)c(OC)c(OC)c3)C(=O)NC2)c2ccccc21,5.275724130399211,CHEMBL529217,279,2008.0
CCON=C(C)c1ccc2[nH]c3c4c(c5c(c3c2c1)CNC5=O)-c1cn(C)nc1CC4,8.698970004336019,CHEMBL404718,279,2008.0
CCON=C(C)c1ccc2c(c1)c1c3c(c4c(c1n2C(C)C)CCc1nn(C)cc1-4)C(=O)NC3,8.397940008672037,CHEMBL401896,279,2008.0
CCON=C(c1ccc2[nH]c3c4c(c5c(c3c2c1)CNC5=O)-c1cn(C)nc1CC4)C(C)C,7.638272163982407,CHEMBL257794,279,2008.0
CCON=Cc1c(N)ncnc1Oc1ccc2[nH]c(C)cc2c1F,7.376750709602099,CHEMBL223892,279,2006.0
Cc1c(Cc2ccncc2)nnc(Nc2ccc(Cl)cc2)c1C,6.060480747381382,CHEMBL306707,279,2000.0
Cc1c(OCC(C)O)cn2ncnc(Oc3ccc4[nH]c(CO)cc4c3F)c12,7.107905397309519,CHEMBL3526621,279,2011.0
Cc1c(OCC(O)CO)cn2ncnc(Oc3ccc(NC(=O)C4(C(=O)Nc5ccc(F)cc5)CC4)cc3F)c12,8.142667503568731,CHEMBL4292983,279,2018.0
CCON=Cc1ccc2[nH]c3c4c(c5c(c3c2c1)CNC5=O)-c1cn(C)nc1CC4,8.397940008672037,CHEMBL257788,279,2008.0
Cc1c2ccc(N(C)c3ccnc(Nc4ccc(C(=O)NCCCCCCC(=O)NO)cc4)n3)cc2nn1C,7.337242168318426,CHEMBL4212117,279,2018.0
Cc1c2ccc(N(C)c3ccnc(Nc4ccc(C(=O)Nc5ccccc5N)cc4)n3)cc2nn1C,7.431798275933005,CHEMBL4213341,279,2018.0
Cc1c2ccc(N(C)c3ccnc(Nc4ccc(OC(F)(F)F)cc4)n3)cc2nn1C,7.142667503568731,CHEMBL3114025,279,2014.0
CCONC(=O)c1cc(Nc2ncnn3cc(C(=O)OCC)c(C(C)C)c23)c(F)cc1F,7.397940008672037,CHEMBL195853,279,2005.0
CCOc1cc(-c2ccc(NC(=O)Nc3ccc(CN4CCN(CC)CC4)c(C(F)(F)F)c3)c(F)c2)c[nH]c1=O,7.681936665037238,CHEMBL4218013,279,2018.0
CCOc1cc(=O)[nH]cc1-c1ccc(CC(=O)Nc2cc(-c3nnc(C)o3)cc(C(F)(F)F)c2)c(F)c1,6.665948559653108,CHEMBL4212513,279,2018.0
Cc1c(OCC(C)O)cn2ncnc(Oc3cnc4[nH]ccc4c3F)c12,7.568636235841012,CHEMBL255902,279,2008.0
CCN(CC)CCOc1ccc(NC(=O)Nc2cc(OC)c(OC)c(-c3ccc(C(C)=O)c(OC)c3)c2)c(C)c1,6.892790030352131,CHEMBL3099464,279,2014.0
CS(=O)(=O)c1ccc2nccc(Nc3ccc4scnc4c3)c2c1,5.622511616623868,CHEMBL3822791,279,2016.0
Cc1c(C=C2C(=O)Nc3ccc(F)cc32)[nH]c2c1C(=O)N(CCN1CCCC1)CC2,8.096910013008056,CHEMBL1276890,279,2010.0
Cc1c(C(=O)c2coc3c2cc(O)c2ccccc23)[nH]c(-c2ccccc2)c1-c1ccccc1,5.341035157335565,CHEMBL3740492,279,2015.0
CCOC(=O)c1cn2ncnc(Nc3ccc(F)c(C(=O)NOC)c3)c2c1C(C)C,7.102372908709558,CHEMBL365109,279,2005.0
CCOC(=O)c1cn2ncnc(Nc3cccc(C(=O)NOC)c3)c2c1C(C)C,6.886056647693163,CHEMBL365178,279,2005.0
CCOC(=O)c1cn2ncnc(Oc3ccc4[nH]ccc4c3)c2c1C,7.060480747381382,CHEMBL207842,279,2006.0
CCOC(=O)c1cn2ncnc(Oc3ccc4[nH]ccc4c3)c2c1C(C)C,6.327902142064282,CHEMBL381973,279,2006.0
Cc1c(C(=O)c2coc3ccc(O)cc23)[nH]c(-c2ccccc2)c1-c1ccccc1,5.462180904926726,CHEMBL3741960,279,2015.0
CCOC(=O)c1cn2ncnc(Oc3ccc4[nH]ccc4c3)c2c1CC,6.508638306165727,CHEMBL377302,279,2006.0
CCOC(=O)c1cn2ncnc(Oc3cccc(C(=O)NOC)c3)c2c1C(C)C,6.568636235841012,CHEMBL364962,279,2005.0
CCCCC(=O)Nc1ccc(Nc2ncnc3cc(OC)c(OC)cc23)cc1C,5.167491087293763,CHEMBL2018747_CHEMBL3221266,279,
CCCCC(=O)Nc1cc(Oc2ccc(Nc3nccc4[nH]cc(-c5ccc(F)cc5)c(=O)c34)cc2F)ccn1,7.570247719997592,CHEMBL4443752,279,2020.0
CCN(CC)CCOc1ccc(NC(=O)c2cccc(-c3cccc(O)c3)c2)cc1F,8.058488567365597,CHEMBL3397934,279,2015.0
CCN(CC)CCOc1ccc(NC(=O)c2cccc(-c3cccc(O)c3)c2)cc1Cl,6.800080348409432,CHEMBL3397941,279,2015.0
CCOC(=O)c1nn(-c2ccc(C)cc2)cc1C(=O)c1c(C)[nH]c(-c2ccccc2)c1-c1ccccc1,5.121478204498794,CHEMBL3742349,279,2015.0
CCOC(=O)c1nn(-c2ccc(Cl)cc2)cc1C(=O)c1c(C)[nH]c(-c2ccccc2)c1-c1ccccc1,5.542118103266008,CHEMBL3741526,279,2015.0
CCOC(=O)c1nn(-c2ccccc2)cc1C(=O)c1c(C)[nH]c(-c2ccccc2)c1-c1ccccc1,5.630784142589857,CHEMBL3740131,279,2015.0
CCN(CC)CCOc1ccc(NC(=O)c2cccc(-c3cccc(O)c3)c2)cc1,6.444144086986041,CHEMBL3397927,279,2015.0
CCN(CC)CCOc1ccc(NC(=O)c2ccc(OC)c(O)c2-c2cccc(O)c2)cc1,7.158640529545145,CHEMBL3397915,279,2015.0
CCOC(=O)c1sc(NC(=O)CN2CCN(c3nnc(-c4ccccc4)c4ccccc34)CC2)nc1C,5.494850021680094,CHEMBL3752096,279,2016.0
Cc1c(C=C2C(=O)Nc3ccc(F)cc32)[nH]c2c1C(=O)N(CC(O)CN1CCOCC1)CCC2,7.576831443935097,CHEMBL1277072,279,2010.0
CCOC(=O)c1cn2ncnc(Nc3ccc(C)c(O)c3)c2c1C(C)C,7.853871964321762,CHEMBL360769,279,2005.0
Cc1cc(C(=O)Nc2cccc(Oc3ccc4nc(NC(=O)C5CC5)cn4n3)c2)n(C)n1,9.043429455646848,CHEMBL2348996,279,2013.0
Cc1cc(C(=O)Nc2cccc(Oc3ccc4nc(NC(=O)C5CC5)cn4n3)c2)nn1C,9.017728766960431,CHEMBL2348998,279,2013.0
CCS(=O)(=O)c1ccc(OC)c(Nc2ncc(-c3cccc(-c4cncn4C)c3)o2)c1,7.602059991327962,CHEMBL365815,279,2005.0
COc1cc2ncnc(Oc3ccc(NC(=O)Nc4ccc(C(F)(F)F)cc4)cc3)c2cc1OC,7.221848749616356,CHEMBL1761940,279,2011.0
COc1cc2ncnc(Oc3ccc(NC(=O)Nc4ccc(Br)cc4)cc3)c2cc1OC,7.301029995663981,CHEMBL1761937,279,2011.0
COc1cc2ncnc(Oc3ccc(NC(=O)Nc4ccc(Br)cc4)c(C)c3)c2cc1OC,7.397940008672037,CHEMBL2018883,279,2012.0
COc1cc2ncnc(Oc3ccc(NC(=O)Nc4cc(C)on4)c4ccccc34)c2cc1OC,9.036212172654444,CHEMBL4073263,279,2018.0
COc1cc2ncnc(Oc3ccc(NC(=O)NC4CCCCC4)cc3)c2cc1OC,6.0,CHEMBL205089,279,2011.0
COc1cc2ncnc(Oc3ccc(NC(=O)NC4CC4)c4ccccc34)c2cc1OC,8.72584215073632,CHEMBL4071203,279,2018.0
COc1cc2ncnc(Oc3ccc(NC(=O)NC4(C#N)CCCC4)c4ccccc34)c2cc1OC,8.060480747381382,CHEMBL4092026,279,2018.0
COc1cc2ncnc(Oc3ccc(F)c(Cl)c3)c2cc1OC,5.01777557124327,CHEMBL1278148,279,2011.0
COc1cc2ncnc(Oc3ccc(NC(=O)Nc4ccc(C)cc4)cc3)c2cc1OC,7.301029995663981,CHEMBL1761941,279,2011.0
COc1cc2ncnc(Oc3ccc(Br)c(F)c3)c2cc1OC,6.221848749616356,CHEMBL1278149,279,2011.0
CSCCCNC(=O)c1ccc2c(c1)C(=Cc1[nH]c(C)cc1C)C(=O)N2,7.42021640338319,CHEMBL3621299,279,2014.0
COc1cc2ncnc(Nc3ccccc3F)c2cc1OCCCCCC(=O)NO,6.037157318798758,CHEMBL3759111,279,2016.0
COc1cc2ncnc(Nc3ccccc3F)c2cc1OCCCCC(=O)NO,6.075720713938118,CHEMBL3758922,279,2016.0
Cc1cc(COC(=O)NCc2ccc(-c3cc(NC(=O)c4ccc(N5CCN(C)CC5)cc4)[nH]n3)cc2)no1,6.431798275933005,CHEMBL2063331,279,2012.0
COc1cc2ncnc(Nc3ccccc3F)c2cc1OCCCC(=O)NO,6.062983892535186,CHEMBL3760069,279,2016.0
COc1cc2ncnc(Nc3ccccc3F)c2cc1OC,5.568636235841012,CHEMBL150581,279,1999.0
Cc1cc(COC(=O)NCc2ccc(-c3cc(NC(=O)c4ccc(OCCN5CCCC5)cc4)[nH]n3)cc2)no1,6.318758762624412,CHEMBL2063332,279,2012.0
CCOC(=O)Nc1cc(Cl)c(Nc2ncnc3cc(OC)c(OC)cc23)cc1Cl,5.00436480540245,CHEMBL3221260,279,2011.0
COc1cc2ncnc(Nc3ccccc3F)c2cc1OCCCCCCC(=O)NO,6.122628654130226,CHEMBL3759313,279,2016.0
COc1cc2ncnc(Oc3ccc(NC(=O)Nc4ccc(Cl)c(C(F)(F)F)c4)c4ccccc34)c2cc1OC,7.81559251458768,CHEMBL4083278,279,2018.0
COc1cc2ncnc(Oc3ccc(NC(=O)Nc4ccc(Cl)c(C(F)(F)F)c4)c4cccnc34)c2cc1OC,7.748361779551788,CHEMBL4102191,279,2018.0
COc1cc2ncnc(Oc3ccc(NC(=O)Nc4ccc(F)c(Cl)c4)c(C)c3)c2cc1OC,8.221848749616356,CHEMBL2018885,279,2012.0
CCN(Cc1ccc(-c2[nH]nc3c2Cc2cc(CN4CCN(C)CC4)ccc2-3)s1)C(=O)Nc1cccc(C)c1,7.346787486224656,CHEMBL213430,279,2006.0
COc1cc2ncnc(Sc3nnc(C)s3)c2cc1OC,7.494850021680094,CHEMBL2180603,279,2012.0
COc1cc2ncnc(Oc3cccc(NC(C)=O)c3)c2cc1OC,5.050609993355087,CHEMBL2018880,279,2012.0
COc1cc2ncnc(Oc3cccc(NC(=O)Nc4ccccc4)c3)c2cc1OC,6.221848749616356,CHEMBL1277253,279,2011.0
COc1cc2ncnc(Oc3cccc(Br)c3)c2cc1OC,5.008773924307505,CHEMBL98798,279,2011.0
COc1cc2ncnc(Oc3ccc4c(C(=O)Nc5ccc(Cl)cc5)cccc4c3)c2cc1OC,8.700057099977233,CHEMBL272823,279,2008.0
COc1cc2ncnc(Oc3ccc4c(C(=O)NC5CC5)cccc4c3)c2cc1OC,8.540004743952608,CHEMBL411284,279,2008.0
COc1cc2ncnc(Oc3ccc(Nc4nccc5[nH]cc(-c6ccc(F)cc6)c(=O)c45)cc3)c2cc1OC,6.953504835665292,CHEMBL4784431,279,2020.0
COc1cc2ncnc(Oc3ccc(NC(=O)Nc4cnn(C(C)C)c4)c4ccccc34)c2cc1OC,9.1249387366083,CHEMBL4099365,279,2018.0
COc1cc2ncnc(Oc3ccc(NC(=O)Nc4ccccc4)cc3)c2cc1OC,7.221848749616356,CHEMBL1277162,279,2011.0
COc1cc2ncnc(Oc3ccc(NC(=O)Nc4cccc5ccccc45)cc3)c2cc1OC,5.259637310505756,CHEMBL1761943,279,2011.0
COc1cc2ncnc(Oc3ccc(NC(=O)Nc4cccc(C(F)(F)F)c4)c4ccccc34)c2cc1OC,7.540758335121918,CHEMBL4077930,279,2018.0
COc1cc2ncnc(Oc3ccc(NC(=O)Nc4cccc(Br)c4)cc3)c2cc1OC,8.221848749616356,CHEMBL2018882,279,2012.0
COc1cc2ncnc(Oc3ccc(NC(=O)Nc4cccc(Br)c4)c(Cl)c3)c2cc1OC,8.096910013008056,CHEMBL3628806,279,2015.0
COc1cc2ncnc(Oc3ccc(NC(=O)Nc4cccc(Br)c4)c(C)c3)c2cc1OC,8.397940008672037,CHEMBL2018884,279,2012.0
COc1cc2ncnc(Oc3ccc(NC(=O)Nc4ccc5ccccc5c4)cc3)c2cc1OC,7.522878745280337,CHEMBL1761942,279,2011.0
COc1cc2ncnc(Oc3ccc(NC(=O)Nc4ccc5ccccc5c4)c(C)c3)c2cc1OC,8.698970004336019,CHEMBL2018886,279,2012.0
COc1cc2ncnc(Oc3ccc(NC(=O)Nc4ccc(F)cc4F)cc3)c2cc1OC,7.045757490560675,CHEMBL1761938,279,2011.0
COc1cc2ncnc(Oc3ccc(NC(=O)Nc4ccc(F)c(Cl)c4)cc3)c2cc1OC,7.397940008672037,CHEMBL1761939,279,2011.0
COc1cc2ncnc(Nc3ccccc3Cl)c2cc1OCCCCCCC(=O)NO,6.438898616350944,CHEMBL3759279,279,2016.0
CCc1cccc(NC(=O)Nc2ccc(-c3noc4ncnc(N)c34)cc2)c1,7.619788758288394,CHEMBL210003,279,2006.0
COc1cc2ncnc(Nc3ccccc3Cl)c2cc1OCCCCCC(=O)NO,6.164309428507575,CHEMBL3759149,279,2016.0
COc1cc2ncnc(Nc3ccccc3Cl)c2cc1OCCCC(=O)NO,6.0670191780768015,CHEMBL3759278,279,2016.0
COc1cc2ncnc(Nc3ccc(NC(=O)c4cccc(I)c4)cc3)c2cc1OC,6.6020599913279625,CHEMBL4787977,279,2021.0
COc1cc2ncnc(Nc3ccc(NC(=O)c4cccc(F)c4)cc3)c2cc1OC,7.327902142064282,CHEMBL4800071,279,2021.0
COc1cc2ncnc(Nc3ccc(NC(=O)c4cccc(Cl)c4)cc3)c2cc1OC,7.1249387366083,CHEMBL4793877,279,2021.0
COc1cc2ncnc(Nc3ccc(NC(=O)c4cccc(C)c4)cc3)c2cc1OC,7.795880017344075,CHEMBL4765039,279,2021.0
COc1cc2ncnc(Nc3ccc(NC(=O)c4cccc(C(F)(F)F)c4)cc3)c2cc1OC,5.853871964321762,CHEMBL4758900,279,2021.0
COc1cc2ncnc(Nc3ccc(NC(=O)c4ccc(I)cc4)cc3)c2cc1OC,5.795880017344075,CHEMBL4777407,279,2021.0
COc1cc2ncnc(Nc3ccc(NC(=O)c4ccc(Cl)c(Cl)c4)cc3)c2cc1OC,6.455931955649724,CHEMBL4742893,279,2021.0
COc1cc2ncnc(Nc3ccc(NC(=O)c4ccc(C)cc4)cc3)c2cc1OC,5.468521082957745,CHEMBL4788768,279,2021.0
COc1cc2ncnc(Nc3ccc(NC(=O)c4ccccc4C)cc3)c2cc1OC,6.939302159646388,CHEMBL4776567,279,2021.0
COc1cc2ncnc(Nc3ccc(NC(=O)c4ccc(C(F)(F)F)cc4)cc3)c2cc1OC,5.065501548756432,CHEMBL4799534,279,2021.0
COc1cc2ncnc(Nc3ccc(NC(=O)c4ccc(Br)cc4)cc3)c2cc1OC,5.657577319177793,CHEMBL4757998,279,2021.0
COc1ccc(Cc2nnc3sc(-c4cc5ccccc5[nH]4)nn23)cc1,5.47755576649368,CHEMBL4165354,279,2018.0
COc1cc2ncnc(Nc3ccc(NC(=O)c4cc(F)ccc4Br)cc3)c2cc1OC,6.443697499232712,CHEMBL4756717,279,2021.0
COc1cc2ncnc(Nc3ccc(NC(=O)c4c(F)cccc4F)cc3)c2cc1OC,6.236572006437063,CHEMBL4758393,279,2021.0
COc1cc2ncnc(Nc3ccc(NC(=O)OC(C)C)cc3)c2cc1OC,5.296708621881338,CHEMBL2018750,279,2012.0
COc1ccc(Cl)c(Nc2ncnc3cc(OCC4CCN(C)CC4)c(OC)cc23)c1,6.173925197299173,CHEMBL426161,279,2006.0
CCN(CC)CCOc1cc2ncnc(Nc3ccc(Br)cc3F)c2cc1OC,6.0,CHEMBL2018766,279,2012.0
CCN(CC)CCOc1cc2c(Nc3ccc(Br)cc3F)ncnc2cc1OC,5.127843727251707,CHEMBL2018773,279,2012.0
COc1cc2ncnc(Nc3ccc(NC(=O)c4ccc(C(C)(C)C)cc4)cc3)c2cc1OC,6.585026652029182,CHEMBL4776193,279,2021.0
COc1cc2ncnc(Nc3ccc(NC(=O)c4ccccc4Cl)cc3)c2cc1OC,6.494850021680094,CHEMBL4795436,279,2021.0
COc1cc2ncnc(Nc3ccc(NC(=O)c4ccccc4F)cc3)c2cc1OC,7.096910013008056,CHEMBL4753664,279,2021.0
COc1cc2ncnc(Nc3ccc(NC(=O)c4ccccc4I)cc3)c2cc1OC,6.376750709602099,CHEMBL4750711,279,2021.0
COc1cc2ncnc(Nc3ccccc3)c2cc1OC,5.154901959985743,CHEMBL94191,279,2012.0
CCN(Cc1ccccc1)c1nc(O)nc(Nc2ccc3ncsc3c2)n1,7.309803919971486,CHEMBL176078,279,2005.0
COc1cc2ncnc(Nc3cccc(O)c3)c2cc1OC,7.258464566815242,CHEMBL127907,279,1999.0
COc1cc2ncnc(Nc3cccc(NC(=O)Nc4cccc(C)c4)c3)c2cc1OCCCN1CCOCC1,5.067120542176201,CHEMBL3133754,279,2013.0
COc1cc2ncnc(Nc3cccc(Cl)c3F)c2cc1OC(=O)N1CCN(C)CC1C,6.806875401645538,CHEMBL3623290,279,2015.0
CCN1C(=O)CSC1=NNc1nncc2ccccc12,8.443697499232712,CHEMBL3893698,279,2016.0
COc1cc2ncnc(Nc3cccc(Cl)c3)c2cc1OCCCCCC(=O)NO,6.300162274132754,CHEMBL3633761,279,2015.0
COc1cc2ncnc(Nc3cccc(Cl)c3)c2cc1OCCCCC(=O)NO,6.212539525481585,CHEMBL3633760,279,2015.0
COc1cc2ncnc(Nc3cccc(Cl)c3)c2cc1OCCCC(=O)NO,6.453457336521868,CHEMBL3633759,279,2015.0
COc1cc2ncnc(Nc3cccc(Cl)c3)c2cc1OCCC(=O)NO,6.3223930472795065,CHEMBL3633758,279,2015.0
COc1cc2ncnc(Nc3cccc(Br)c3)c2cc1OCCCCCC(=O)NO,6.335358024443874,CHEMBL3633765,279,2015.0
COc1cc2ncnc(Nc3cccc(Br)c3)c2cc1OCCCCC(=O)NO,6.381951903287908,CHEMBL3633764,279,2015.0
COc1cc2ncnc(Nc3cccc(Br)c3)c2cc1OCCCC(=O)NO,6.362510270487489,CHEMBL3633763,279,2015.0
COc1cc2ncnc(Nc3cccc(Br)c3)c2cc1OCCC(=O)NO,6.204119982655925,CHEMBL3633762,279,2015.0
Cc1cc(F)c(NC(=O)NCCC(C)(C)C)cc1-c1cc2cnc(N)nc2nc1C,6.267606240177031,CHEMBL3577122,279,2015.0
COc1cc2ncnc(Nc3cccc(Br)c3)c2cc1OC,5.827105302247824,CHEMBL29197,279,2007.0
COc1cc2ncnc(Nc3ccc4c(c3)CCCN4C(=O)Nc3cccc(Cl)c3)c2cc1OC,7.515700160653214,CHEMBL4589270,279,2019.0
COc1cc2ncnc(Nc3ccc4c(c3)CCCN4C(=O)Nc3ccc(C(C)=O)cc3)c2cc1OC,7.521433504406157,CHEMBL4548316,279,2019.0
COc1cc2ncnc(Nc3ccc(NC(=O)c4ccccc4OC)cc3)c2cc1OC,5.267606240177031,CHEMBL4758444,279,2021.0
COc1cc2ncnc(Nc3ccccc3Cl)c2cc1OCCCCC(=O)NO,6.079876673709276,CHEMBL3759853,279,2016.0
Cc1ccc(CC(=O)Nc2ccc3[nH]c(-c4ccc(Cl)cc4)nc3c2)cc1,7.132532512140949,CHEMBL4471675,279,2019.0
CCc1cccc(NC(=O)Nc2ccc(-c3csc4ccnc(N)c34)cc2)c1,7.602059991327962,CHEMBL231109,279,2007.0
CCc1cccc(NC(=O)Nc2ccc(-c3ccnc4[nH]nc(C)c34)cc2)c1,5.917933065714887,CHEMBL4074518,279,2017.0
COc1ccc(-c2nc(Cl)c(-c3ccccc3)c(Oc3ccc(OCCN(C)C)cc3)n2)cc1,6.995678626217357,CHEMBL4242446,279,2018.0
COc1ccc(-c2nc(Cl)c(-c3ccccc3)c(Nc3ccc(NC(=O)CN4CCCC4)cc3)n2)cc1,6.692503962086787,CHEMBL4248249,279,2018.0
COc1ccc(-c2csc(NC(=O)CN3CCN(c4nnc(-c5ccccc5)c5ccccc45)CC3)n2)cc1,5.84163750790475,CHEMBL3753739,279,2016.0
CCc1cc(-c2cccc3c2CNC3=O)ccc1NC(=O)Nc1cccc(C)c1,5.221848749616356,CHEMBL184604,279,2004.0
COc1ccc(CNc2ccc3ncc(-c4cnn(C)c4)nc3c2)c(OC)c1,5.259637310505756,CHEMBL4513608,279,2019.0
COc1ccc(-c2coc3ncnc(N)c23)cc1,5.259637310505756,CHEMBL196022,279,2005.0
COc1ccc(-c2cncc(-c3nc(-c4ccccc4)c(NC(C)=O)o3)c2)cc1,5.393618634889395,CHEMBL431038,279,2003.0
COc1ccc(-c2cnc3cc(-c4ccccc4)ccn23)cn1,5.546681659952963,CHEMBL353281,279,2004.0
COc1ccc(-c2nc(Nc3ccc(CCO)cc3)ncc2C#N)cc1,6.823908740944319,CHEMBL234065,279,2007.0
COc1ccc(-c2cnc3c(-c4cn[nH]c4)cnn3c2)cc1,7.886056647693163,CHEMBL2385600,279,2013.0
COc1ccc(-c2cnc3c(-c4ccncc4)cnn3c2)cc1,7.431798275933005,CHEMBL329350,279,2002.0
COc1ccc(-c2cnc3c(-c4ccnc5ccccc45)cnn3c2)cc1,5.366531544420413,CHEMBL511563,279,2013.0
COc1ccc(-c2cnc3c(-c4ccccc4)cnn3c2)cc1,7.1487416512809245,CHEMBL83656,279,2002.0
COc1ccc(-c2ccc3c(c2)ncn3-c2ccccc2)cc1,6.94692155651658,CHEMBL81026,279,2003.0
COc1ccc(-c2ccc(OC(F)(F)F)c(NC(=O)Nc3nccs3)c2)cn1,6.408490191005345,CHEMBL3753157,279,2016.0
CSc1nnc(-c2cn3ncnc(Nc4cnc5[nH]c(C)cc5c4)c3c2C(C)C)o1,6.823908740944319,CHEMBL265431,279,2008.0
COc1ccc(-c2ccc(OC(F)(F)F)c(NC(=O)Nc3cc(C(=O)OCCN(C)C)ccc3OC)c2)cn1,5.267606240177031,CHEMBL3633275,279,2015.0
CCOC(=O)Nc1ccc(Nc2ncnc3cc(OCCN4CCCCC4)c(OC)cc23)cc1C,6.045757490560675,CHEMBL3221269,279,2011.0
COc1ccc(-c2cnc3c(-c4ccsc4)cnn3c2)cc1,7.721246399047171,CHEMBL92461,279,2002.0
Cc1[nH]c(-c2ccccc2)c(-c2ccccc2)c1-c1ccc(NC(=O)c2ccccc2)c(=O)o1,5.610833915635467,CHEMBL3740003,279,2015.0
CCS(=O)(=O)c1cccc(Nc2ncc(-c3ccccc3)o2)c1,6.142667503568731,CHEMBL371374,279,2005.0
Cc1[nH]c(-c2ccccc2)c(-c2ccccc2)c1-c1nnc(C)c2nn(-c3ccc(Cl)cc3)cc12,5.621602099051863,CHEMBL3741655,279,2015.0
Cc1cc(C(=O)Nc2cccc(Oc3ccc4nc(NC(=O)C5CC5)cn4n3)c2)on1,8.853871964321762,CHEMBL2349000,279,2013.0
Cc1cc(C(=O)Nc2cccc(Oc3ccc4nc(NC(=O)C5CC5)cn4n3)c2C)n(C)n1,8.327902142064282,CHEMBL2348993,279,2013.0
Cc1cc(C(=O)Nc2cccc(Oc3ccc4nc(NC(=O)C5CC5)nn4c3)c2)n(C)n1,8.958607314841775,CHEMBL2409775,279,2013.0
COc1ccc(-c2oc3ncnc(N)c3c2-c2ccc(OC)cc2)cc1,5.950781977329818,CHEMBL196021,279,2005.0
COc1ccc(-c2oc3ncnc(N)c3c2-c2ccc(NC(N)=O)cc2)cc1,7.236572006437063,CHEMBL193752,279,2005.0
COc1ccc(-c2oc3ncnc(N)c3c2-c2ccc(NC(=O)Nc3ccccc3)cc2)cc1,7.207608310501746,CHEMBL194149,279,2005.0
COc1ccc(-c2oc3ncnc(N)c3c2-c2ccc(NC(=O)Nc3cc(C(F)(F)F)ccc3F)cc2)cc1,8.522878745280337,CHEMBL194911,279,2005.0
COc1ccc(-c2oc3ncnc(N)c3c2-c2ccc(NC(=O)Nc3c(F)cccc3C(F)(F)F)cc2)cc1,8.522878745280337,CHEMBL401860,279,2008.0
Cc1cc(C(=O)Nc2cccc(Oc3ccc4nc(NC(=O)C5CC5)sc4c3)c2)n(C)n1,8.443697499232712,CHEMBL2409790,279,2013.0
Cc1cc(C(=O)Nc2cccc(Oc3ccc4nc(NC(=O)C5CC5)sc4n3)c2)n(C)n1,8.886056647693163,CHEMBL2409781,279,2013.0
COc1ccc(-c2oc3ncnc(N)c3c2-c2ccc(NC(=O)NC3CCCCC3)cc2)cc1,6.730487055782083,CHEMBL195567,279,2005.0
COc1ccc(-c2oc3ncnc(N)c3c2-c2ccc(N(C)C)cc2)cc1,6.455931955649724,CHEMBL194057,279,2005.0
CCS(=O)(=O)c1ccc(OC)c(Nc2ncc(-c3cccc(C#N)c3)o2)c1,6.85078088734462,CHEMBL361642,279,2005.0
CCS(=O)(=O)c1ccc(OC)c(Nc2ncc(-c3cccc(C(C)=O)c3)o2)c1,7.040958607678906,CHEMBL191705,279,2005.0
CCS(=O)(=O)c1ccc(OC)c(Nc2ncc(-c3cccc(Cl)c3)o2)c1,7.657577319177793,CHEMBL178507,279,2005.0
CCS(=O)(=O)c1ccc(OC)c(Nc2ncc(-c3cccc(F)c3)o2)c1,7.031517051446065,CHEMBL179465,279,2005.0
CCS(=O)(=O)c1ccc(OC)c(Nc2ncc(-c3cccc(OC)c3)o2)c1,6.443697499232712,CHEMBL179311,279,2004.0
CCS(=O)(=O)c1ccc(OC)c(Nc2ncc(-c3ccccc3)o2)c1,7.301029995663981,CHEMBL369751,279,2005.0
CCS(=O)(=O)c1ccc(OC)c(Nc2ncc(-c3ccccc3Cl)o2)c1,6.443697499232712,CHEMBL179453,279,2005.0
COc1ccc(-c2ccc(NC(=O)Nc3cccc(C)c3)cc2)c2c1C(=O)NC2,7.67778070526608,CHEMBL184223,279,2004.0
CCc1cccc(NC(=O)Nc2ccc(-c3ccnc4[nH]nc(CO)c34)cc2)c1,5.473660722610156,CHEMBL4059958,279,2017.0
COc1ccc(-c2ccc(NC(=O)Nc3cccc(C)c3)cc2)c2c(N)n[nH]c12,7.585026652029182,CHEMBL219998,279,2007.0
COc1ccc(-c2ccc(Cn3cc(-c4cccc(N)c4)nn3)cc2)cn1,8.732828271596986,CHEMBL4441465,279,2019.0
CCc1ccc(-c2cc(C(=O)Nc3ccc(Oc4ccnc(C(=O)NC)c4)c(F)c3)ncn2)cc1,5.920818753952375,CHEMBL3890887,279,2016.0
CCC1C(COc2nccc3cc(C(N)=O)c(OC)cc23)NC(=O)C1F,5.273272790973428,CHEMBL4066705_CHEMBL4081711,279,
CCc1ccc(-c2cc(C(=O)Nc3ccc(Oc4ccnc(C(=O)NC)c4)cc3)ncn2)cc1,5.443697499232712,CHEMBL3931691,279,2016.0
CCc1ccc(-c2nc3ccc(Nc4ccnc5ccccc45)cc3[nH]2)cc1,5.260427655549908,CHEMBL3323598,279,2014.0
CCc1ccc(-c2nc3ccc(Nc4ncnc5ccccc45)cc3[nH]2)cc1,5.060980223551334,CHEMBL3321898,279,2014.0
CCOC(=O)Nc1cc(Nc2ncnc3cc(OC)c(OC)cc23)ccc1Cl,5.255707016877324,CHEMBL2018760_CHEMBL3221561,279,
Cc1cc(C)cc(Nc2nccc(N(C)c3ccc4c(C)n(C)nc4c3)n2)c1,7.67778070526608,CHEMBL3114023,279,2014.0
Cc1cc(C)cc(Nc2nccc(N(C)c3ccc4cn(C)nc4c3)n2)c1,7.552841968657781,CHEMBL3114030,279,2014.0
Cc1cc(C)cc(NC(=O)Nc2ccc(-c3nccc4[nH]nc(N)c34)cc2)c1,7.920818753952375,CHEMBL272767,279,2008.0
Cc1cc(C)nc(NS(=O)(=O)c2ccc(Nc3nncc4ccccc34)cc2)n1,9.113509274827518,CHEMBL3950630,279,2016.0
CCOC(=O)Nc1cc(Nc2ncnc3cc(OC)c(OC)cc23)ccc1C,5.187086643357144,CHEMBL2018762_CHEMBL3221555,279,
COc1ccc(-c2c(-c3cccc(NS(C)(=O)=O)c3)oc3ncnc(N)c23)cc1,7.187086643357144,CHEMBL194150,279,2005.0
COc1ccc(-c2c(-c3cccc(C(N)=O)c3)oc3ncnc(N)c23)cc1,6.7447274948966935,CHEMBL363389,279,2005.0
CCc1ccc(Nc2ncnn3cc(C(=O)OC)c(C)c23)cc1O,7.259637310505756,CHEMBL178248,279,2005.0
CCc1ccc(Oc2ccc3nc(NC(=O)C4CC4)cn3n2)cc1NC(=O)c1cc(C)nn1C,8.292429823902063,CHEMBL2348992,279,2013.0
CCc1cccc(-c2cnc(Nc3cc(S(=O)(=O)CC)ccc3OC)o2)c1,7.537602002101044,CHEMBL193955,279,2005.0
CCc1cccc(NC(=O)Nc2ccc(-c3cccc4[nH]nc(N)c34)cc2)c1,8.221848749616356,CHEMBL221053,279,2007.0
CCc1cccc(NC(=O)Nc2ccc(-c3cccc4c3CNC4=O)cc2)c1,7.537602002101044,CHEMBL427321,279,2004.0
CCc1ccc(C(=O)Nc2ccc(Nc3ncnc4cc(OC)c(OC)cc34)cc2)cc1,6.42021640338319,CHEMBL4790511,279,2021.0
CCc1cc2c(cc1N1CCC(N3CCOCC3)CC1)C(C)(C)c1[nH]c3cc(C#N)ccc3c1C2=O,5.853871964321762,CHEMBL1738797,279,2012.0
CCOC(=O)Nc1ccc(Nc2ncnc3cc(OC)c(OC)cc23)cc1,5.251811972993799,CHEMBL1761931_CHEMBL3221549,279,
CCOC(=O)Nc1ccc(Nc2ncnc3cc(OC)c(OC)cc23)cc1C,6.225067760792757,CHEMBL2018756_CHEMBL3221554,279,
COc1ccc(-c2ccc(Cn3cc(-c4cccc(Cl)c4)nn3)cc2)cn1,8.787812395596042,CHEMBL4452256,279,2019.0
CCN(CC)CCOc1cc2ncnc(Nc3ccc(F)c(Cl)c3)c2cc1OC,5.161150909262744,CHEMBL2018765,279,2012.0
CCOC(=O)Nc1ccc(Nc2ncnc3cc(OCCN(CC)CC)c(OC)cc23)cc1Cl,5.478220626542633,CHEMBL2018769_CHEMBL3221544,279,
COc1ccc(-c2ccc(Cn3cc(-c4cccc(C)c4)nn3)cc2)cn1,7.955852379121277,CHEMBL4556899,279,2019.0
COc1ccc(-c2ccc(Cn3cc(-c4ccc(NC(=O)C5CC5)cc4)nn3)cc2)cn1,9.2839966563652,CHEMBL4473253,279,2019.0
COc1ccc(-c2ccc(Cn3cc(-c4ccc(C)cc4)nn3)cc2)cn1,7.016960383953898,CHEMBL4449700,279,2019.0
COc1ccc(-c2ccc(Cn3cc(-c4ccc(C(F)(F)F)cc4)nn3)cc2)cn1,7.119987161633228,CHEMBL4528844,279,2019.0
CCC1CCN(C)C(Nc2c(-c3nc4ccccc4[nH]3)c(=O)[nH]c3ccccc23)C1,6.769551078621726,CHEMBL495984,279,2009.0
CSc1ccc(Nc2nccc(N(C)c3ccc4c(C)n(C)nc4c3)n2)cc1,7.292429823902063,CHEMBL3114024,279,2014.0
CCOC(=O)Nc1ccc(Nc2ncnc3cc(OCCN(CC)CC)c(OC)cc23)cc1C,5.431798275933005,CHEMBL2018771_CHEMBL3221267,279,
CCN(CC)CCOc1cc2ncnc(Nc3ccc(C)c(Br)c3)c2cc1OC,5.1904402853647325,CHEMBL2018767,279,2012.0
Cc1cc(C)cc(NC(=O)NCc2ccc(-c3n[nH]c4c3Cc3cc(CN5CCN(C)CC5)ccc3-4)s2)c1,7.200659450546418,CHEMBL209919,279,2006.0
Cc1cc(C)cc(NC(=O)Nc2ccc(-c3cccc4c3CNC4=O)cc2)c1,7.080921907623926,CHEMBL184226,279,2004.0
Cc1cc(C)cc(NC(=O)Nc2ccc(-c3ccnc4[nH]nc(N)c34)cc2)c1,9.0,CHEMBL255744,279,2008.0
Cc1cc(C)cc(NC(=O)Nc2ccc(-c3csc4ccnc(N)c34)cc2)c1,7.795880017344075,CHEMBL231309,279,2007.0
COc1ccc(-c2cc(NC(=O)Nc3ccncc3)cc(C(F)(F)F)c2)cn1,6.438731612125889,CHEMBL3753904,279,2016.0
COc1ccc(-c2cc(NC(=O)Nc3ccccn3)cc(OC)c2OC)cn1,7.100179497572904,CHEMBL3754785,279,2016.0
CCOC(=O)Nc1ccc(Nc2ncnc3cc(OC)c(OCCN(CC)CC)cc23)cc1C,5.141164748498869,CHEMBL2018774_CHEMBL3221268,279,
CCOC(=O)Nc1ccc(Nc2ncnc3cc(OC)c(OC)cc23)cc1Cl,6.301029995663981,CHEMBL2018752_CHEMBL3221560,279,
COc1ccc(-c2ccc(Cn3cc(-c4ccccc4)nn3)cc2)cn1,7.976336081802207,CHEMBL4470400,279,2019.0
Cc1ccc(CC(=O)Nc2ccc3oc(-c4ccccc4Br)nc3c2)cc1,6.07448164182257,CHEMBL4584219,279,2019.0
COc1cc(-c2cc(NC(=O)Nc3cc(OCCN(C)C)ccc3C)cc(OC)c2OC)ccc1C(C)=O,7.146301788223825,CHEMBL3099470,279,2014.0
Cc1ccc(CC(=O)Nc2ccc3oc(-c4ccccc4F)nc3c2)cc1,6.63339028960757,CHEMBL4555386,279,2019.0
Cc1cccc(NC(=O)Nc2ccc(-c3csc4ccnc(N)c34)cc2)c1,8.045757490560675,CHEMBL394619,279,2007.0
COc1ccc2c(c1)C1(CC1c1ccc3c(C=Cc4ccc(N5CCN(C)CC5)nc4)n[nH]c3c1)C(=O)N2,5.698970004336019,CHEMBL3353341,279,2015.0
CCCON=Cc1c(N)ncnc1Oc1ccc2[nH]c(C)cc2c1F,7.366531544420413,CHEMBL426929,279,2006.0
Cc1cccc(NC(=O)Nc2ccc(-c3csc4ncnc(N)c34)c(F)c2)c1,7.958607314841775,CHEMBL425749,279,2005.0
CCNC(=O)Nc1ccc(N(C)c2ccnc(Nc3ccc(CS(C)(=O)=O)cc3)n2)cc1,7.585026652029182,CHEMBL186369,279,2005.0
COc1ccccc1Nc1ncc(-c2ccccc2)o1,6.42021640338319,CHEMBL1794062,279,2005.0
CNC(=O)c1cc(Oc2ccc(C(=O)C=Cc3ccccc3)cc2)ccn1,5.958607314841775,CHEMBL3926927,279,2016.0
CNC(=O)c1cc(Oc2ccc(C(=O)C=Cc3cccc(Br)c3)cc2)ccn1,6.142667503568731,CHEMBL3975807,279,2016.0
Cc1cccc(NC(=O)Nc2ccc(-c3csc4c(-c5cncnc5)cnc(N)c34)cc2)c1,8.096910013008056,CHEMBL231127,279,2007.0
COc1cnc(Cl)c(Nc2ncnc3cc(OCCCN4CCOCC4)cc(OC(C)C)c23)c1,7.522878745280337,CHEMBL197287,279,2005.0
Cc1cccc(NC(=O)Nc2ccc(-c3csc4ncnc(N)c34)cc2)c1,8.522878745280337,CHEMBL196363,279,2005.0
Cc1cccc(NC(=O)Nc2ccc(-c3csc4ncnc(N)c34)cc2F)c1,7.721246399047171,CHEMBL371510,279,2005.0
Cc1cccc(NC(=O)Nc2ccc(-c3noc4ncnc(N)c34)cc2)c1,7.013228265733755,CHEMBL211378,279,2006.0
COc1cnc(Cl)c(Nc2ncnc3cc(OCCN4CCN(C(C)=O)CC4)cc(OC(C)C)c23)n1,5.552841968657781,CHEMBL199110,279,2005.0
CNC(=O)c1cc(Oc2ccc(C(=O)C=Cc3cc(OC)c(OC)c(OC)c3)cc2)ccn1,5.494850021680094,CHEMBL3957826,279,2016.0
Cc1cccc(NC(=O)Nc2ccc(-c3nsc4ncnc(N)c34)cc2)c1,7.886056647693163,CHEMBL376951,279,2006.0
Cc1cccc(NC(=O)Nc2ccc(Cc3nsc4ncnc(N)c34)cc2)c1,5.065501548756432,CHEMBL213510,279,2006.0
Cc1cccc(NC(=O)Nc2ccc(Nc3ccc([N+](=O)[O-])c4ncnc(O)c34)cc2)c1,7.107905397309519,CHEMBL4531086,279,2019.0
COc1cnc(Cl)c(Nc2ncnc3cc(OCCCN4CCOCC4)cc(OC4CCOCC4)c23)c1,7.522878745280337,CHEMBL369899,279,2005.0
Cc1cccc(NC(=O)Nc2ccc(Oc3ncnc4ccn(C)c34)cc2)c1,8.568636235841012,CHEMBL1254923,279,2010.0
Cc1cccc(NC(=O)Nc2ccc(-c3csc4c(-c5cncc6ccccc56)cnc(N)c34)cc2)c1,6.411168274405792,CHEMBL231128,279,2007.0
CCCOc1cc2ncnc(Nc3ccc(NC(=O)OCC)c(Cl)c3)c2cc1OC,6.301029995663981,CHEMBL3221547,279,2011.0
Cc1cccc(NC(=O)Nc2ccc(-c3cccc4c3c(N)nn4CCN3CCOCC3)cc2)c1,5.886056647693163,CHEMBL223237,279,2007.0
Cc1cccc(NC(=O)Nc2ccc(-c3cccc4c3c(N)nn4CCO)cc2)c1,6.221848749616356,CHEMBL219999,279,2007.0
Cc1cccc(NC(=O)Nc2ccc(-c3cccc4c3cnn4C)cc2)c1,6.332547047110046,CHEMBL222974,279,2007.0
Cc1cccc(NC(=O)Nc2ccc(-c3ccnc4[nH]nc(C)c34)cc2)c1,5.911863911299449,CHEMBL4103605,279,2017.0
Cc1cccc(NC(=O)Nc2ccc(-c3ccnc4[nH]nc(CO)c34)cc2)c1,5.308034897232639,CHEMBL4083050,279,2017.0
Cc1cccc(NC(=O)Nc2ccc(-c3ccnc4[nH]nc(N)c34)cc2)c1,8.698970004336019,CHEMBL257479,279,2008.0
Cc1cccc(NC(=O)Nc2ccc(-c3cncc4[nH]nc(N)c34)cc2)c1,9.154901959985745,CHEMBL272938,279,2008.0
Cc1cccc(NC(=O)Nc2ccc(-c3cncc4c3c(N)nn4C)cc2)c1,8.337242168318426,CHEMBL404367,279,2008.0
CCCOc1cc2ncnc(Nc3ccc(NC(=O)OCC)c(C)c3)c2cc1OC,6.301029995663981,CHEMBL3221542,279,2011.0
Cc1cccc(NC(=O)Nc2ccc(-c3csc4c(-c5ccc(O)cc5)cnc(N)c34)cc2)c1,7.958607314841775,CHEMBL398196,279,2007.0
Cc1cccc(NC(=O)Nc2ccc(-c3csc4c(-c5cccnc5)cnc(N)c34)cc2)c1,8.045757490560675,CHEMBL427267,279,2007.0
Cc1cccc(NC(=O)Nc2ccc(-c3csc4c(-c5ccncc5)cnc(N)c34)cc2)c1,8.301029995663981,CHEMBL268826,279,2007.0
COc1ccc2c(c1)C1(CC1c1ccc3c(-c4ccc(N5CCNCC5)cc4)n[nH]c3c1)C(=O)N2,5.251811972993799,CHEMBL4553351,279,2016.0
CCCc1ccc(Nc2ncnn3cc(C(=O)OC)c(C)c23)cc1O,6.721246399047171,CHEMBL181122,279,2005.0
CCCc1c(C(=O)OCC)cn2ncnc(Nc3ccc(C)c(O)c3)c12,8.522878745280337,CHEMBL359652,279,2005.0
CCCc1c(C(=O)NCCCN2CCCC2)cn2ncnc(Nc3ccc(C)c(O)c3)c12,7.045757490560675,CHEMBL360450,279,2005.0
COc1ccc2c(c1)C1(CC1c1ccc3c(C=Cc4cc(F)c(CN5CCOCC5)c(F)c4)n[nH]c3c1)C(=O)N2,5.102372908709558,CHEMBL3353358,279,2015.0
COc1ccc2c(c1)C1(CC1c1ccc3c(C=Cc4ccc(CN(C)C)cc4)n[nH]c3c1)C(=O)N2,6.040958607678906,CHEMBL3353348,279,2015.0
Cc1cccc(NC(=O)Nc2ccc(-c3csc4c(-c5ccccc5)cnc(N)c34)cc2)c1,7.886056647693163,CHEMBL231511,279,2007.0
Cc1cccc(NC(=O)Nc2ccc(-c3cccc4c3c(N)nn4C)cc2)c1,7.958607314841775,CHEMBL387312,279,2007.0
Cc1cccc(NC(=O)Nc2cccc(-c3csc4ccnc(N)c34)c2)c1,6.6020599913279625,CHEMBL231454,279,2007.0
Cc1cccc(NC(=O)OCc2ccc(-c3n[nH]c4c3Cc3cc(CN5CCN(C)CC5)ccc3-4)s2)c1,7.376750709602099,CHEMBL378440,279,2006.0
CN(c1ccc2cn(C)nc2c1)c1ccnc(Nc2ccc(OC(F)(F)F)cc2)n1,7.920818753952375,CHEMBL3114029,279,2014.0
Cc1cccc(Nc2nccc(N(C)c3ccc4c(C)n(C)nc4c3)n2)c1,7.376750709602099,CHEMBL3114022,279,2014.0
Cc1cccc(Nc2nnc(-c3c(NCc4ccncc4)ncn3C)o2)c1,6.1487416512809245,CHEMBL203789,279,2006.0
Cc1cccc(Nc2nnc(-c3ccc(C(N)=O)cc3)c3ccccc23)c1,5.795880017344075,CHEMBL196025,279,2005.0
Cc1cccc(Nc2nnc(-c3cccc4cnccc34)c3ccccc23)c1,6.568636235841012,CHEMBL202998,279,2006.0
Cc1cccc(Nc2nnc(-c3cccnc3CCc3ccncc3)o2)c1,6.113509274827518,CHEMBL204425,279,2006.0
CN(c1ccc2cn(C)nc2c1)c1ccnc(Nc2cccc(Cl)c2)n1,7.142667503568731,CHEMBL3114027,279,2014.0
CN(c1ccc2cn(C)nc2c1)c1ccnc(Nc2cccc(F)c2)n1,7.031517051446065,CHEMBL3114026,279,2014.0
CN(c1ccc(NS(=O)(=O)Cc2ccccc2)cc1)c1ccnc(Nc2cccc(CS(C)(=O)=O)c2)n1,6.570247719997592,CHEMBL187361,279,2005.0
CCCOC(=O)Nc1ccc(Nc2ncnc3cc(OC)c(OC)cc23)cc1C,6.070581074285707,CHEMBL2018757_CHEMBL3221556,279,
CS(=O)(=O)N1CCN(Cc2ccnc(Nc3ncc(-c4ccccc4)s3)c2)CC1,8.698970004336019,CHEMBL224035,279,2004.0
CN(c1ccc2cn(C)nc2c1)c1ccnc(Nc2cccc(S(N)(=O)=O)c2)n1,8.119186407719209,CHEMBL478402,279,2008.0
Cc1cccc2[nH]c(=O)c(-c3nc4cc(N5CCN(C)CC5)ccc4[nH]3)c(N)c12,7.920818753952375,CHEMBL495763,279,2009.0
CN(c1ccc2ncsc2c1)c1nc(O)nc(NC(C)(C)c2ccccc2)n1,5.795880017344075,CHEMBL175914,279,2005.0
CN(c1ccnc(Nc2cc(N3CCOCC3)cc(N3CCOCC3)c2)n1)c1cccc2[nH]ncc12,6.619788758288394,CHEMBL1269858,279,2010.0
CCNC(=O)c1cccc2cc(Oc3ccnc4cc(OC)c(OC)cc34)ccc12,8.890084136976206,CHEMBL269871,279,2008.0
CCCOC(=O)Nc1ccc(Nc2ncnc3cc(OC)c(OC)cc23)cc1,5.301029995663981,CHEMBL2018748_CHEMBL3221550,279,
CCNC(=O)c1cccc2cc(-c3cccc4[nH]nc(N)c34)ccc12,8.154901959985743,CHEMBL3288522,279,2014.0
CS(=O)(=O)Cc1cccc(Nc2nccc(Oc3ccc(NC(=O)C4(C(=O)Nc5ccccc5)CC4)cc3)n2)c1,7.795880017344075,CHEMBL3287303,279,2014.0
Cc1cccc(NC(=O)Nc2cccc(Sc3ccnc4ccsc34)c2)c1,7.958607314841775,CHEMBL3612232,279,2015.0
CN(c1ccc(NC(S)=Nc2ccccc2)cc1)c1ccnc(Nc2cccc(CS(C)(=O)=O)c2)n1,6.931814138253838,CHEMBL189199,279,2005.0
CN(c1ccc(NC(=O)Nc2ccccc2)cc1)c1ccnc(Nc2cccc(S(N)(=O)=O)c2)n1,8.301029995663981,CHEMBL2096808,279,2005.0
Cc1cccc(NC(=O)c2cccc3cc(-c4cccc5[nH]nc(N)c45)ccc23)c1,8.67778070526608,CHEMBL3288504,279,2014.0
Cc1cccc(NC(=O)c2ccccc2Cn2ccc3cnccc32)c1,6.327902142064282,CHEMBL202805,279,2006.0
CNC(=O)c1cc(NCc2cnc(Nc3ccccn3)s2)c(F)cc1F,7.1487416512809245,CHEMBL212267,279,2006.0
COc1cnc(Nc2cnn(C)c2)nc1NC1C2C=CC(C2)C1C(N)=O,6.035269078946371,CHEMBL2071197,279,2012.0
COc1cncc(C#Cc2cc(C(=O)Nc3ccc(CN4CCN(C)CC4)c(C(F)(F)F)c3)ccc2C)c1,6.957818405484234,CHEMBL4101852,279,2017.0
Cc1cccc(NC(=O)c2ccccc2Cn2ccc3ncnc-3c2)c1,6.455931955649724,CHEMBL202643,279,2006.0
Cc1cccc(NC(=O)c2scnc2CCc2ccncc2)c1,6.251811972993799,CHEMBL380700,279,2006.0
Cc1cccc(NC(=S)Nc2ccc(-c3csc4ccnc(N)c34)cc2)c1,6.3872161432802645,CHEMBL389299,279,2007.0
CN(c1ccc(NC(=O)Oc2ccccc2)cc1)c1ccnc(Nc2cccc(CS(C)(=O)=O)c2)n1,7.022276394711152,CHEMBL187033,279,2005.0
Cc1cccc(NC(S)=Nc2ccc(-c3cccc4c3CNC4=O)cc2)c1,5.0,CHEMBL183051,279,2004.0
CNC(=O)c1cc(-c2ccc(NC(=O)Nc3ccc(Cl)c(C(F)(F)F)c3)cc2)ccn1,9.82390874094432,CHEMBL3586071,279,2015.0
CCCOC(=O)Nc1ccc(Nc2ncnc3cc(OC)c(OC)cc23)cc1Cl,5.481486060122112,CHEMBL2018753_CHEMBL3221258,279,
CCNC(=O)Nc1ccc(N(C)c2ccnc(Nc3cccc(CS(C)(=O)=O)c3)n2)cc1,7.769551078621726,CHEMBL425718,279,2005.0
CCNC(=O)Nc1ccc(Nc2ncnc3cc(OC)c(OC)cc23)cc1,5.332547047110046,CHEMBL2016600,279,2012.0
Cc1cccc(Nc2ncc(-c3ccccc3)o2)c1,6.060480747381382,CHEMBL192417,279,2005.0
CS(=O)(=O)C1CCN(Cc2ccnc(Nc3ncc(C#N)s3)c2)CC1,8.154901959985743,CHEMBL224842,279,2004.0
CN(c1ccc(NC(=O)Nc2ccc(OC(F)(F)F)cc2)cc1)c1ccnc(Nc2cccc(S(N)(=O)=O)c2)n1,8.698970004336019,CHEMBL188381,279,2005.0
CN(c1ccc(NC(=O)Nc2ccccc2)cc1)c1ccnc(Nc2cccc(CS(C)(=O)=O)c2)n1,7.744727494896693,CHEMBL185695,279,2005.0
COc1nc(Nc2ccc3ncsc3c2)nc(NC(C)(C)c2ccccc2)n1,5.214670164989233,CHEMBL175506,279,2005.0
Cc1cccc(NC(=O)Nc2ccc(-c3cccc4c3c(N(C)C)nn4C)cc2)c1,5.494850021680094,CHEMBL222918,279,2007.0
Cc1cccc(NC(=O)Nc2ccc(-c3cccc4c3CNC4=O)cc2F)c1,7.356547323513812,CHEMBL184706,279,2004.0
Cc1cccc(NC(=O)Nc2ccc(-c3cccc4c3CNC4=O)cc2Cl)c1,7.522878745280337,CHEMBL185522,279,2004.0
COc1cccc(Nc2nnc(-c3c(NCc4ccncc4)ncn3C)o2)c1,6.886056647693163,CHEMBL203796,279,2006.0
CNC(=O)c1ccc(Sc2ccc(NC(=S)Nc3ccc(F)c(C(F)(F)F)c3)cc2)nc1,7.130768280269024,CHEMBL4226090,279,2018.0
CNC(=O)c1ccc(Sc2ccc(NC(=S)Nc3ccc(Cl)cc3)cc2)nc1,5.062331685600995,CHEMBL4225238,279,2018.0
CNC(=O)c1ccc(Sc2ccc(NC(=S)Nc3ccc(Cl)c(C(F)(F)F)c3)cc2)nc1,7.337242168318426,CHEMBL4225772,279,2018.0
COc1cccc(Nc2nnc(-c3cccnc3CCc3ccncc3)o2)c1,6.769551078621726,CHEMBL205050,279,2006.0
COc1ccc2c(Oc3ccc4c(C(N)=O)cccc4c3)ccnc2c1,8.890084136976206,CHEMBL272252,279,2008.0
CNC(=O)c1ccc(Sc2ccc(NC(=S)Nc3cc(C(F)(F)F)cc(C(F)(F)F)c3)cc2)nc1,6.557520230935552,CHEMBL4226340,279,2018.0
CNC(=O)c1ccc(Sc2ccc(NC(=O)Nc3ccc(F)c(C(F)(F)F)c3)cc2)nc1,6.991399828238082,CHEMBL4229181,279,2018.0
COc1cccc(Nc2nccc(Oc3ccc(NC(=O)C4(C(=O)Nc5ccc(F)cc5)CC4)cc3F)n2)c1,6.638272163982407,CHEMBL3287595,279,2014.0
CNC(=O)c1ccc(Sc2ccc(NC(=O)Nc3ccc(Cl)c(C(F)(F)F)c3)cc2)nc1,7.075720713938118,CHEMBL4224704,279,2018.0
CNC(=O)c1ccc(Sc2ccc(NC(=O)Nc3cc(C(F)(F)F)cc(C(F)(F)F)c3)cc2)nc1,6.29413628771608,CHEMBL4227572,279,2018.0
CN(c1ccc(NC(=O)Nc2cc(C(F)(F)F)ccc2F)cc1)c1ccnc(Nc2ccc(S(N)(=O)=O)cc2)n1,9.0,CHEMBL185716,279,2005.0
CN(c1ccc(NC(=O)Nc2cc(C(F)(F)F)ccc2F)cc1)c1ccnc(Nc2cccc(S(N)(=O)=O)c2)n1,9.0,CHEMBL189354,279,2005.0
CNC(=O)c1ccc(F)c(NCc2cnc(Nc3ccccn3)s2)c1,7.522878745280337,CHEMBL212304,279,2006.0
Cc1cccc(NC(=O)Nc2ccc(-c3ccc(Br)c4[nH]nc(N)c34)cc2)c1,8.0,CHEMBL219727,279,2007.0
CN(c1ccc(NC(=O)Nc2ccc(OC(F)(F)F)cc2)cc1)c1ccnc(Nc2ccc(S(N)(=O)=O)cc2)n1,8.698970004336019,CHEMBL188025,279,2005.0
Cc1cccc(NC(=O)Nc2ccc(-c3ccc(C)c4[nH]nc(N)c34)cc2)c1,8.522878745280337,CHEMBL219887,279,2007.0
Cc1cccc(NC(=O)Nc2ccc(-c3ccc(CN4CCN(C)CC4)c4[nH]nc(N)c34)cc2)c1,5.920818753952375,CHEMBL373845,279,2007.0
COc1ccc2c(c1)C(=Cc1[nH]c3c(c1Cl)CN(C(C)=O)CC3)C(=O)N2,7.060480747381382,CHEMBL2403371,279,2013.0
CNC(=O)c1ccc(C#Cc2cc(C(=O)Nc3cccc(C(F)(F)F)c3)ccc2C)cn1,6.772113295386326,CHEMBL450024,279,2007.0
COc1cccc(Nc2nccc(Nc3ccc4[nH]ncc4c3)n2)c1,7.091514981121351,CHEMBL3818017,279,2016.0
COc1cccc(Nc2nccc(N(C)c3ccc4c(C)n(C)nc4c3)n2)c1,7.42021640338319,CHEMBL3114021,279,2014.0
CNC(=O)c1ccc(Sc2cccc(NC(=S)Nc3ccc(Cl)c(C(F)(F)F)c3)c2)nc1,7.200659450546418,CHEMBL4225828,279,2018.0
Cc1cccc(NC(=O)NCc2cc(-c3n[nH]c4c3Cc3cc(CN5CCN(C)CC5)ccc3-4)cs2)c1,6.7447274948966935,CHEMBL215563,279,2006.0
CCCCN1C(=O)CSC1=NNc1nncc2ccccc12,8.920818753952375,CHEMBL3921710,279,2016.0
Cc1cccc(NC(=O)NCc2cc(-c3n[nH]c4c3Cc3ccc(CN5CCN(C)CC5)cc3-4)cs2)c1,6.991399828238082,CHEMBL211307,279,2006.0
Cc1cccc(NC(=O)NCc2ccc(-c3n[nH]c4c3Cc3cc(CN5CCN(C)CC5)ccc3-4)s2)c1,7.214670164989233,CHEMBL213507,279,2006.0
Cc1cccc(NC(=O)NCc2ccc(-c3n[nH]c4c3Cc3ccc(CN5CCN(C)CC5)cc3-4)s2)c1,7.318758762624412,CHEMBL214161,279,2006.0
Cc1cccc(NC(=O)Nc2ccc(-c3c(C)sc4ccnc(N)c34)cc2)c1,7.568636235841012,CHEMBL389524,279,2007.0
Cc1cccc(NC(=O)Nc2ccc(-c3c(C)sc4ncnc(N)c34)cc2)c1,8.372363747448347,CHEMBL371329_CHEMBL537435,279,
COc1cccc(Nc2nccc(N(C)c3ccc4cn(C)nc4c3)n2)c1,6.96657624451305,CHEMBL3114028,279,2014.0
Cc1cccc(NC(=O)Nc2ccc(-c3c(CCCO)sc4ncnc(N)c34)cc2)c1,7.823908740944319,CHEMBL198297,279,2005.0
Cc1cccc(NC(=O)Nc2ccc(-c3cc(-c4ccccc4)nc4noc(N)c34)cc2)c1,6.886056647693163,CHEMBL4238195,279,2018.0
CNC(=O)c1ccc(Sc2cccc(NC(=S)Nc3ccc(Br)c(C(F)(F)F)c3)c2)nc1,6.876148359032914,CHEMBL4226283,279,2018.0
CNC(=O)c1ccc(Sc2cccc(NC(=S)Nc3cc(C(F)(F)F)cc(C(F)(F)F)c3)c2)nc1,6.052076380168273,CHEMBL4227092,279,2018.0
COc1ccc2c(Oc3ccc4c(C(=O)Nc5ccc(Cl)cc5)cccc4c3)ccnc2c1,9.0,CHEMBL273062,279,2008.0
COc1cccc(Nc2ncc(C#N)c(-c3ccccc3)n2)c1,6.42021640338319,CHEMBL233668,279,2007.0
Cc1cccc(NC(=O)Nc2ccc(-c3cc(C)nc4noc(N)c34)cc2)c1,8.522878745280337,CHEMBL4243470,279,2018.0
COc1cccc(Nc2ncc3c(n2)-c2cccnc2SC3)c1,6.7447274948966935,CHEMBL4448243,279,2019.0
Cc1cccc(NC(=O)Nc2ccc(-c3cc(O)nc4[nH]nc(C)c34)cc2)c1,5.912218582190458,CHEMBL4100645,279,2017.0
Cc1ccc(CC(=O)Nc2ccc3oc(-c4ccccc4Cl)nc3c2)cc1,6.3109576609718285,CHEMBL4516973,279,2019.0
CNC(=O)c1ccc(-c2nnc(Nc3ccc(Cl)cc3)c3ccccc23)cc1,5.508638306165727,CHEMBL196939,279,2005.0
CNC(=O)c1ccc(-c2nnc(Nc3ccc(C(C)(C)C)cc3)c3ccccc23)cc1,6.886056647693163,CHEMBL196609,279,2005.0
CNC(=O)c1ccc(-c2ccc(NC(=O)Nc3ccc(Cl)c(C(F)(F)F)c3)cc2)cn1,7.00182787806056,CHEMBL3586070,279,2015.0
CNC(=O)c1cc(Oc2ccc3c(c2)OCCN3C(=O)Nc2ccc(C)cc2)ccn1,7.209996479609511,CHEMBL272688,279,2008.0
CNC(=O)c1cc(Oc2ccc3c(C(=O)Nc4ccc(Cl)cc4)cccc3c2)ccn1,8.51999305704285,CHEMBL271181,279,2008.0
CCNC(=O)Nc1cc(Cl)c(Nc2ncnc3cc(OC)c(OC)cc23)cc1Cl,5.267606240177031,CHEMBL3221261,279,2011.0
COc1ccc2c(c1)C(=Cc1cc3c([nH]1)CCN(C(C)=O)C3)C(=O)N2,6.6777807052660805,CHEMBL2403367,279,2013.0
CNC(=O)c1cc(Oc2ccc(NC(=O)c3cccc(C(F)(F)F)c3)cc2)ccn1,6.337242168318426,CHEMBL4790424,279,2021.0
CNC(=O)c1cc(Oc2ccc(NC(=O)Nc3ccc(Cl)c(C(F)(F)F)c3)c(F)c2)ccn1,8.3767507096021,CHEMBL1946170,279,2013.0
Cc1cccc(NC(=O)Nc2ccc(-c3cccc4c3CNC4=O)c(C)c2)c1,6.113509274827518,CHEMBL185331,279,2004.0
Cc1cccc(NC(=O)Nc2ccc(-c3cccc4c3CNC4=O)c(Cl)c2)c1,7.1487416512809245,CHEMBL185614,279,2004.0
CCCn1c2ccc(NC(=O)Nc3ccc(C)cc3)cc2c2c3c(c4c(c21)CC(C=N)=CC4)C(=O)NC3,8.096910013008056,CHEMBL387174,279,2006.0
Cc1cccc(NC(=O)Nc2ccc(-c3cccc4c3CNC4=O)c(F)c2)c1,7.2839966563652,CHEMBL185197,279,2004.0
CNC(=O)c1cc(Oc2ccc(NC(=O)Nc3cc(C(C)(C)C)on3)cc2)ccn1,7.769551078621726,CHEMBL353584,279,2015.0
COc1ccc2c(c1)C(=Cc1ccc3c(-c4ccc(N5CCN(C)CC5)nc4)n[nH]c3c1)C(=O)N2,6.200659450546418,CHEMBL4434704,279,2016.0
COc1ccc2c(c1)C(=Cc1ccc3c(C=Cc4ccc(N5CCN(C)CC5)nc4)n[nH]c3c1)C(=O)N2,6.318758762624412,CHEMBL2407900,279,2013.0
CNC(=O)c1cc(Oc2ccc(C3=NNC(c4ccccc4)C3)cc2)ccn1,5.638272163982407,CHEMBL4205052,279,2017.0
CNC(=O)c1cc(Oc2ccc(C3=NNC(c4cccc(Br)c4)C3)cc2)ccn1,6.251811972993799,CHEMBL4217207,279,2017.0
COc1ccc2c(c1)C1(CC1c1ccc3c(-c4ccc(N5CCN(C)CC5)cc4)n[nH]c3c1)C(=O)N2,5.026872146400301,CHEMBL4448596,279,2016.0
Cc1cccc(NC(=O)Nc2ccc(-c3cccc4c3CNC4=O)cc2C(F)(F)F)c1,7.468521082957745,CHEMBL183174,279,2004.0
Cc1cccc(NC(=O)Nc2ccc(-c3cccc4c3CNC4=O)cc2C)c1,7.721246399047171,CHEMBL183844,279,2004.0
Cc1cccc(NC(=O)Nc2ccc(-c3cccc4c3CNC4=O)cc2)c1,7.004386962153752,CHEMBL185569,279,2004.0
Cc1cccc(NC(=O)Nc2ccc(-c3cccc4c3CNC4=O)c(C(F)(F)F)c2)c1,5.045757490560675,CHEMBL185059,279,2004.0
COc1ccc2c(c1)C(=Cc1cc3c([nH]1)CCN(C(=O)c1cnoc1C)C3)C(=O)N2,7.795880017344075,CHEMBL2403368,279,2013.0
Cc1cccc(NC(=O)Nc2ccc(-c3cccc4[nH]ncc34)cc2)c1,7.744727494896693,CHEMBL375284,279,2007.0
COc1ccc2c(c1)C(=Cc1cc3c([nH]1)CCN(C(=O)CCN)C3)C(=O)N2,8.096910013008056,CHEMBL2403366,279,2013.0
CNC(=O)c1ccc(-c2ccc(NC(=O)Nc3cc(Br)cc(C(F)(F)F)c3)cc2)cn1,9.853871964321762,CHEMBL3586072,279,2015.0
Cc1cccc(NC(=O)Nc2ccc(-c3ccc(CN4CCOCC4)c4[nH]nc(N)c34)cc2)c1,6.4089353929735005,CHEMBL223572,279,2007.0
Cc1cccc(NC(=O)Nc2ccc(-c3ccc(F)c4[nH]nc(N)c34)cc2)c1,8.301029995663981,CHEMBL374752,279,2007.0
CNC(=O)c1cc2c(Oc3ccc(NC(=S)NC(=O)Cc4ccccc4)cc3F)ccnc2cc1OC,7.522878745280337,CHEMBL3764045,279,2016.0
CNC(=O)c1cc(Oc2ccc3oc(Nc4ccc(Cl)c(OCC5CCCN5C)c4)nc3c2)ccn1,8.337242168318426,CHEMBL231568,279,2007.0
Cc1cccc(NC(=O)Nc2ccc(-c3ccc(N)c4c3CNC4=O)cc2)c1,7.853871964321762,CHEMBL183803,279,2004.0
Cc1cccc(NC(=O)Nc2ccc(-c3ccc(NC(=O)CN(C)C)c4c3CNC4=O)cc2)c1,6.455931955649724,CHEMBL359947,279,2004.0
Cc1cccc(NC(=O)Nc2ccc(-c3ccc(NC(=O)c4ccccc4)c4c3CNC4=O)cc2)c1,6.327902142064282,CHEMBL183025,279,2004.0
Cc1cccc(NC(=O)Nc2ccc(-c3ccc(NC(=O)c4cccnc4)c4c3CNC4=O)cc2)c1,8.0,CHEMBL184274,279,2004.0
CNC(=O)c1cc(Oc2ccc3c(c2)OCCN3C(=O)Nc2ccc(Cl)cc2)ccn1,7.019996628416253,CHEMBL271960,279,2008.0
COc1ccc2c(c1)C(=Cc1cc3c([nH]1)CCN(C(=O)N1CCN(C)CC1)C3)C(=O)N2,8.221848749616356,CHEMBL2403369,279,2013.0
COc1ccc2c(c1)C(=Cc1cc3c([nH]1)CCN(C(=O)N1CCOCC1)C3)C(=O)N2,8.301029995663981,CHEMBL2403370,279,2013.0
Cc1cccc(NC(=O)Nc2ccc(-c3ccc(OCCN(C)C)c4[nH]nc(N)c34)cc2)c1,7.42021640338319,CHEMBL438653,279,2007.0
Cc1cccc(NC(=O)Nc2ccc(-c3ccc(OCCN4CCCC4)c4[nH]nc(N)c34)cc2)c1,7.508638306165727,CHEMBL223790,279,2007.0
Cc1cccc(NC(=O)Nc2ccc(-c3ccc(OCCN4CCCC4=O)c4[nH]nc(N)c34)cc2)c1,7.602059991327962,CHEMBL376245,279,2007.0
Cc1cccc(NC(=O)Nc2ccc(-c3ccc(OCCN4CCOCC4)c4[nH]nc(N)c34)cc2)c1,7.67778070526608,CHEMBL223478,279,2007.0
Cc1cccc(NC(=O)Nc2ccc(-c3ccc4c(-c5cnn[nH]5)n[nH]c4c3)cc2)c1,7.346787486224656,CHEMBL3633688,279,2015.0
Cc1cccc(NC(=O)Nc2ccc(-c3cccc4[nH]nc(N)c34)cc2)c1,8.522878745280337,CHEMBL220057,279,2007.0
CS(=O)(=O)Nc1cccc(-c2oc3ncnc(N)c3c2-c2ccc(-c3ccccc3)cc2)c1,7.443697499232712,CHEMBL196841,279,2005.0
COc1cccc(NC(=O)Nc2cccc(-c3cccc4[nH]nc(N)c34)c2)c1,7.67778070526608,CHEMBL3633298,279,2015.0
CCNC(=O)Nc1nc2nc(NCCCN3CCN(C)CC3)ncc2cc1-c1cc(OC)cc(OC)c1,7.207608310501746,CHEMBL189851,279,2005.0
CCNC(=O)Nc1ccc(Nc2ncnc3cc(OCCN(CC)CC)c(OC)cc23)cc1,5.180456064458131,CHEMBL2018772,279,2012.0
CN1CCN(Cc2ccc(NC(=O)c3ccc(F)c(C#Cc4cncc5ccccc45)c3)cc2C(F)(F)F)CC1,8.259637310505756,CHEMBL4086643,279,2017.0
CN1CCN(Cc2ccc(NC(=O)c3ccc(Cl)c(C#Cc4cncc5ccccc45)c3)cc2C(F)(F)F)CC1,7.039053804266168,CHEMBL4104537,279,2017.0
CN1CCN(Cc2ccc(C=Cc3n[nH]c4cc(C5CC56C(=O)Nc5ccccc56)ccc34)cc2)CC1,6.920818753952375,CHEMBL3353359,279,2015.0
CN1CCN(Cc2ccc(C(=O)Nc3cc(-c4ccc(CNC(=O)OCc5ccccc5)cc4)n[nH]3)cc2)CC1,6.769551078621726,CHEMBL2063325,279,2012.0
CN1CCN(Cc2ccc(-c3[nH]nc4c3Cc3ccccc3-4)cc2)CC1,5.853871964321762,CHEMBL212962,279,2006.0
CN1CCN(CCc2ccc3c(c2)Cc2c(-c4csc(C#CCOc5ccccc5)c4)n[nH]c2-3)CC1,8.301029995663981,CHEMBL390353,279,2007.0
CN1CCN(CCc2ccc(Nc3ncc(C#N)c(-c4ccc(C(C)(C)N)cc4)n3)cc2)CC1,7.67778070526608,CHEMBL394577,279,2007.0
CN1CCN(CCCn2cc(-c3cncc(-c4ccsc4)c3)c3ccccc32)CC1,7.795880017344075,CHEMBL327721,279,2003.0
CN1CCN(Cc2ccc(NC(=O)c3cccc(C#Cc4cncc5ccccc45)c3)cc2C(F)(F)F)CC1,8.602059991327963,CHEMBL4081243,279,2017.0
Cc1ccccc1NC(=O)Nc1ccc(-c2cccc3c2CNC3=O)cc1,5.356547323513812,CHEMBL360724,279,2004.0
Cc1ccccc1NC(=O)Nc1ccc(-c2ccnc3[nH]nc(N)c23)cc1,7.455931955649724,CHEMBL257292,279,2008.0
Cc1ccccc1NC(=O)Nc1ccc(-c2csc3ccnc(N)c23)cc1,6.818156412055227,CHEMBL394789,279,2007.0
CN1CCN(CCCOc2cc(OC3CCOCC3)c3c(Nc4c(Cl)ccc5c4OCO5)ncnc3c2)CC1,6.0,CHEMBL216693,279,2006.0
CN1CCN(CCCNc2cc3nc(NCCCN4CCN(C)CC4)c(-c4ccccc4)cc3cn2)CC1,5.060480747381382,CHEMBL361886,279,2005.0
Cc1ccccc1NC(=O)c1cccc2cc(-c3cccc4[nH]nc(N)c34)ccc12,7.063486257521107,CHEMBL3288503,279,2014.0
CN1CCN(CCCNc2cc3nc(NC(=O)NC(C)(C)C)c(-c4ccccc4)cc3cn2)CC1,7.267606240177031,CHEMBL425552,279,2005.0
CN1CCN(CCCNc2cc3nc(NC(=O)NC(C)(C)C)c(-c4c(Cl)cccc4Cl)cc3cn2)CC1,7.853871964321762,CHEMBL191389,279,2005.0
CN1CCN(CCCNc2cc3nc(N)c(-c4ccccc4)cc3cn2)CC1,5.537602002101044,CHEMBL190132,279,2005.0
Cc1ccccc1NC(=O)Nc1ccc(-c2ccnc3[nH]nc(C)c23)cc1,5.364315237452777,CHEMBL4060326,279,2017.0
CN1CCN(CCCNc2cc3nc(N)c(-c4c(Cl)cccc4Cl)cc3cn2)CC1,5.7447274948966935,CHEMBL191189,279,2005.0
CN1CCN(Cc2ccc(NC(=O)c3ccnc(C#Cc4cncc5ccccc45)c3)cc2C(F)(F)F)CC1,8.187086643357144,CHEMBL4092294,279,2017.0
CN1CCN(Cc2ccc(NC(=O)c3n[nH]cc3Nc3ncnc4sccc34)cc2)CC1,7.454692883534176,CHEMBL4075720,279,2018.0
CN1CCN(Cc2ccc3c(c2)Cc2c(-c4ccc(CNC(=O)Nc5cc(Cl)cc(Cl)c5)s4)n[nH]c2-3)CC1,7.102372908709558,CHEMBL380397,279,2006.0
CN1CCN(Cc2ccc3c(c2)Cc2c(-c4ccc(C#CCOc5ccccc5)s4)n[nH]c2-3)CC1,7.657577319177793,CHEMBL375890,279,2007.0
CN1CCN(Cc2ccc3c(c2)Cc2c(-c4ccc(C#CCOc5ccccc5)cc4)n[nH]c2-3)CC1,6.016824927962187,CHEMBL434180,279,2007.0
CN1CCN(Cc2ccc3c(c2)Cc2c(-c4cc(C#CCOc5ccccc5)cs4)n[nH]c2-3)CC1,7.301029995663981,CHEMBL375491,279,2007.0
CN1CCN(Cc2ccc3c(c2)-c2n[nH]c(-c4ccc(CN(C)C(=O)Nc5cccc(Cl)c5)s4)c2C3)CC1,7.920818753952375,CHEMBL378831,279,2006.0
CN1CCN(Cc2ccc3c(c2)-c2n[nH]c(-c4ccc(CN(C)C(=O)Nc5ccc(F)cc5)s4)c2C3)CC1,7.795880017344075,CHEMBL384294,279,2006.0
CN1CCN(Cc2ccc3c(c2)-c2n[nH]c(-c4ccc(CN(C)C(=O)Nc5ccc(Cl)cc5)s4)c2C3)CC1,7.67778070526608,CHEMBL380243,279,2006.0
CN1CCN(Cc2ccc3c(c2)-c2n[nH]c(-c4ccc(CN(C)C(=O)Nc5ccc(Cl)c(Cl)c5)s4)c2C3)CC1,7.744727494896693,CHEMBL215948,279,2006.0
CN1CCN(Cc2ccc(NC(=O)c3cncc(C#Cc4cncc5ccccc45)c3)cc2C(F)(F)F)CC1,8.585026652029182,CHEMBL4062884,279,2017.0
CN1CCN(Cc2ccc3c(c2)-c2n[nH]c(-c4ccc(CN(C)C(=O)Nc5ccc(Br)cc5)s4)c2C3)CC1,7.721246399047171,CHEMBL211464,279,2006.0
Cc1ccccc1NC(=O)N(C)Cc1ccc(-c2[nH]nc3c2Cc2cc(CN4CCN(C)CC4)ccc2-3)s1,6.913640169325252,CHEMBL209421,279,2006.0
CN1CCN(Cc2ccc3c(c2)-c2[nH]nc(-c4ccsc4)c2C3)CC1,6.7447274948966935,CHEMBL213743,279,2006.0
Cc1ccccc1NC(=O)NCc1ccc(-c2n[nH]c3c2Cc2cc(CN4CCN(C)CC4)ccc2-3)s1,6.35261702988538,CHEMBL425615,279,2006.0
CN1CCN(Cc2ccc3c(c2)-c2[nH]nc(-c4ccccc4)c2C3)CC1,6.221848749616356,CHEMBL427050,279,2006.0
Cc1ccccc1NC(=O)NCc1ccc(-c2n[nH]c3c2Cc2ccc(CN4CCN(C)CC4)cc2-3)s1,6.798602875679549,CHEMBL212985,279,2006.0
Cc1ccccc1NC(=O)Nc1ccc(-c2cccc3[nH]nc(N)c23)cc1,7.060480747381382,CHEMBL376077,279,2007.0
CN1CCN(Cc2ccc3c(c2)-c2[nH]nc(-c4ccc(CNC(=O)Nc5ccccc5)s4)c2C3)CC1,6.735182176990463,CHEMBL210113,279,2006.0
CN1CCN(Cc2ccc3[nH]c(-c4c(N)c5ccccc5[nH]c4=O)nc3c2)CC1,7.568636235841012,CHEMBL495961,279,2009.0
CN1CCN(Cc2ccc3c(c2)-c2[nH]nc(-c4csc(C#CCOc5ccccc5)c4)c2C3)CC1,7.376750709602099,CHEMBL224496,279,2007.0
CN1CCN(Cc2ccc3c(c2)Cc2c(-c4ccc(CNC(=O)Nc5ccc(C(F)(F)F)cc5)s4)n[nH]c2-3)CC1,6.55129368009492,CHEMBL212762,279,2006.0
CN1CCN(C2CCC(n3nc(-c4ccc(Oc5ccccc5)cc4)c4c(N)ncnc43)CC2)CC1,5.274088367704952,CHEMBL44577,279,2002.0
CN1CCN(C2CCC(n3nc(-c4ccc(NCc5cc6ccccc6[nH]5)cc4)c4c(N)ncnc43)CC2)CC1,6.361510743045363,CHEMBL45683,279,2002.0
CCCCNC(=O)Nc1cc(Cl)c(Nc2ncnc3cc(OC)c(OC)cc23)cc1Cl,5.036212172654444,CHEMBL3221262,279,2011.0
CCCCNC(=O)Nc1ccc(N(C)c2ccnc(Nc3cccc(CS(C)(=O)=O)c3)n2)cc1,7.537602002101044,CHEMBL188149,279,2005.0
CC1C2CN(c3nc(Nc4cnn(C)c4)ncc3F)CC12NC(=O)C1CC1(F)F,6.546681659952963,CHEMBL4635104_CHEMBL4635625,279,
Cc1n[nH]c2cc(N(C)c3ccnc(Nc4cccc(S(N)(=O)=O)c4)n3)ccc12,9.221848749616356,CHEMBL477611,279,2008.0
Cc1n[nH]c2cc(Nc3nc(NC4CC4)c4occc4n3)ccc12,5.068542129310995,CHEMBL4062803,279,2016.0
Cc1n[nH]c2ccc(-c3cc(NC(CO)c4ccccc4)cnc3-c3cc(Cl)ccc3O)cc12,8.431798275933005,CHEMBL4091460_CHEMBL4105329,279,
Cc1n[nH]c2ccc(-c3cc(NC(CO)c4ccccc4)cnc3-c3cc(F)ccc3O)cc12,8.769551078621726,CHEMBL4062877,279,2017.0
Cc1n[nH]c2ccc(-c3cc(NC(CO)c4ccccc4)cnc3-c3ccc(F)cc3O)cc12,8.585026652029182,CHEMBL4075917,279,2017.0
CCCCNC(=O)Nc1ccc(Nc2ncnc3cc(OC)c(OC)cc23)cc1,5.236572006437063,CHEMBL2018763,279,2012.0
Cc1n[nH]c2nccc(-c3ccc(NC(=O)NC4CC4)cc3)c12,5.344573412254082,CHEMBL4093721,279,2017.0
Cc1n[nH]c2nccc(-c3ccc(NC(=O)NC4CCCC4)cc3)c12,5.205581669125859,CHEMBL4085974,279,2017.0
Cc1n[nH]c2nccc(-c3ccc(NC(=O)NCC(C)C)cc3)c12,5.063787955679752,CHEMBL4101438,279,2017.0
Cc1n[nH]c2nccc(-c3ccc(NC(=O)NCCCc4ccccc4)cc3)c12,5.413750361133959,CHEMBL4101428,279,2017.0
Cc1n[nH]c2nccc(-c3ccc(NC(=O)NCCc4ccccc4)cc3)c12,5.010550182333308,CHEMBL4100492,279,2017.0
Cc1n[nH]c2nccc(-c3ccc(NC(=O)NCc4ccccn4)cc3)c12,5.389446294682905,CHEMBL4092765,279,2017.0
Cc1n[nH]c2nccc(-c3ccc(NC(=O)NCc4ccco4)cc3)c12,5.455559862682307,CHEMBL4078084,279,2017.0
Cc1n[nH]c2nccc(-c3ccc(NC(=O)NCc4cccs4)cc3)c12,5.746904414150968,CHEMBL4071997,279,2017.0
Cc1n[nH]c2nccc(-c3ccc(NC(=O)Nc4cccc(Br)c4)cc3)c12,5.502379350218712,CHEMBL4079338,279,2017.0
Cc1n[nH]c2nccc(-c3ccc(NC(=O)NC4CCC4)cc3)c12,5.300856312605516,CHEMBL4103897,279,2017.0
CN1CCN(C2CCC(n3nc(-c4ccc(Nc5ccccc5)cc4)c4c(N)ncnc43)CC2)CC1,5.41907502432438,CHEMBL46785,279,2002.0
CCCCNC(=O)Nc1ccc(Oc2ncnc3cc(OC)c(OC)cc23)cc1,6.3979400086720375,CHEMBL1761936,279,2011.0
CN1CCC(COc2cc(OC3CCOCC3)c3c(Nc4c(Cl)ccc5c4OCO5)ncnc3c2)CC1,5.698970004336019,CHEMBL216105,279,2006.0
CN1CCN(C2CCC(n3cc(-c4ccc(Oc5ccccc5)cc4)c4c(N)ncnc43)CC2)CC1,5.605967265283801,CHEMBL45177_CHEMBL47203,279,
CN1CCN(C(=O)c2ccc3c(c2)Cc2c(-c4csc(C#CCOc5ccccc5)c4)n[nH]c2-3)CC1,7.356547323513812,CHEMBL390735,279,2007.0
CN1CCN(C(=O)c2ccc3[nH]c(-c4cc5ccccc5nc4O)cc3c2)CC1,8.301029995663981,CHEMBL324489,279,2004.0
CN1CCN(C(=O)c2ccc3[nH]c(-c4c(N)c5ccccc5[nH]c4=O)nc3c2)CC1,7.585026652029182,CHEMBL498214,279,2009.0
CN1CCN(C(=O)c2cc3c(-c4ccccc4)[nH]nc3s2)CC1,5.3979400086720375,CHEMBL371239,279,2006.0
CCCCOC(=O)Nc1ccc(Nc2ncnc3cc(OC)c(OC)cc23)cc1C,5.2839966563652006,CHEMBL2018758_CHEMBL3221557,279,
CN1CCCN(c2ccc3[nH]c(-c4c(N)c5ccccc5[nH]c4=O)nc3c2)CC1,7.180456064458131,CHEMBL523071,279,2009.0
CCCCOC(=O)Nc1ccc(Nc2ncnc3cc(OC)c(OC)cc23)cc1,5.167491087293763,CHEMBL2018749_CHEMBL3221551,279,
CCCCNC(=S)NNc1nncc2ccccc12,8.346787486224656,CHEMBL3905411,279,2016.0
CN1CCCC(Oc2cccc3[nH]c(=O)c(-c4nc5ccccc5[nH]4)c(N)c23)C1,8.301029995663981,CHEMBL495749,279,2009.0
CN1CCC(Oc2ccc(-c3n[nH]c4ccc(C(=O)NC(c5ccsc5)C5CCCC5)cc34)cc2)CC1,5.537602002101044,CHEMBL3422069,279,2015.0
Cc1ccsc1C(=O)Nc1cn2nc(Oc3cccc(NC(=O)c4cccc(F)c4)c3)ccc2n1,7.721246399047171,CHEMBL2349010,279,2013.0
CN1CCC(Oc2ccc(-c3n[nH]c4ccc(C(=O)NC(c5ccccn5)C5CCCC5)cc34)cc2)CC1,5.214670164989233,CHEMBL3422071,279,2015.0
CN1CCC(Nc2ccc3c(c2)C(=Cc2cc4c([nH]2)CCN(C(=O)N2CCOCC2)C4)C(=O)N3)CC1,8.522878745280337,CHEMBL2403373,279,2013.0
CN1CCC(Nc2ccc(C(=O)Nc3cc(-c4cc(C#N)cs4)n[nH]3)cc2)CC1,5.201747642778029,CHEMBL4473820,279,2019.0
Cc1cnc(Nc2cnn(C)c2)nc1NC1C2C=CC(C2)C1C(N)=O,6.330683119433887,CHEMBL2071196,279,2012.0
Cc1cncc(NC(=O)n2ccc3cc(Oc4ncnc5c4CCNC5)ccc32)c1,6.552841968657781,CHEMBL3746953,279,2015.0
CN1CCC(Cc2ccc3c(c2)Cc2c(-c4csc(C#CCOc5ccccc5)c4)n[nH]c2-3)CC1,7.958607314841775,CHEMBL223999,279,2007.0
CN1CCC(Oc2ccc(-c3n[nH]c4ccc(NC(=O)C(c5ccccn5)C5CCCC5)cc34)cc2)CC1,5.823908740944319,CHEMBL3422070,279,2015.0
CN1CCN(Cc2ccc3c(c2)Cc2c(-c4ccc(CNC(=O)Nc5cccc(C(F)(F)F)c5)s4)n[nH]c2-3)CC1,7.468521082957745,CHEMBL212986,279,2006.0
CCCCOC(=O)Nc1ccc(Nc2ncnc3cc(OC)c(OC)cc23)cc1Cl,5.309803919971486,CHEMBL2018754_CHEMBL3221259,279,
CN1CCN(Cc2ccc3c(c2)Cc2c(-c4ccc(CNC(=O)Nc5ccccc5C(F)(F)F)s4)n[nH]c2-3)CC1,5.54030602352203,CHEMBL215417,279,2006.0
CCCCOc1cc2c(Nc3ccc(NC(=O)OCC)c(Cl)c3)ncnc2cc1OCCN(CC)CC,5.318758762624412,CHEMBL2018777_CHEMBL3221548,279,
CCCCOc1cc2c(Nc3ccc(NC(=O)OCC)c(C)c3)ncnc2cc1OCCN(CC)CC,5.2441251443275085,CHEMBL2018879_CHEMBL3221543,279,
CCCCOc1cc2c(Nc3ccc(NC(=O)OC)c(Cl)c3)ncnc2cc1OCCN(CC)CC,5.130768280269024,CHEMBL2018776,279,2012.0
CCCCOc1cc2c(Nc3ccc(NC(=O)OC)c(C)c3)ncnc2cc1OCCN(CC)CC,5.026872146400301,CHEMBL2018878,279,2012.0
CN1CCN(c2nc(C3=C(c4c[nH]c5ccccc45)C(=O)NC3=O)c3ccccc3n2)CC1,5.4089353929735005,CHEMBL565612,279,2009.0
CCCCOc1cc2c(Nc3ccc(Br)cc3F)ncnc2cc1OCCN(CC)CC,5.275724130399211,CHEMBL2018775,279,2012.0
CN1CCN(c2cccc3[nH]c(=O)c(-c4nc5ccccc5[nH]4)c(N)c23)CC1,7.769551078621726,CHEMBL498551,279,2009.0
CN1CCN(c2ccc3nc(-c4c(N)c5c(F)cccc5[nH]c4=O)[nH]c3c2)CC1,7.187086643357144,CHEMBL522892,279,2009.0
CNC(=O)C1C2C=CC(C2)C1Nc1nc(Nc2cnn(C)c2)ncc1C(F)(F)F,7.167491087293763,CHEMBL2071206,279,2012.0
CN1CCN(c2ccc3c(c2)Cc2c(-c4csc(C#CCOc5ccccc5)c4)n[nH]c2-3)CC1,7.958607314841775,CHEMBL224547,279,2007.0
CCCCON=Cc1c(N)ncnc1Oc1ccc2[nH]c(C)cc2c1F,6.939302159646388,CHEMBL373826,279,2006.0
CN1CCN(c2ccc3[nH]c(-c4c(N)c5ccccc5[nH]c4=O)nc3c2)CC1,7.376750709602099,CHEMBL204427,279,2009.0
CN1CCN(c2ccc3[nH]c(-c4c(N)c5cccc(F)c5[nH]c4=O)nc3c2)CC1,6.251811972993799,CHEMBL526836,279,2009.0
CN1CCN(c2ccc3[nH]c(-c4c(N)c5ccc(F)cc5[nH]c4=O)nc3c2)CC1,7.853871964321762,CHEMBL498013,279,2009.0
CN1CCN(c2ccc3[nH]c(-c4c(N)c5cc(NCc6ccccc6)ccc5[nH]c4=O)nc3c2)CC1,7.67778070526608,CHEMBL495735,279,2009.0
CN1CCN(c2ccc3[nH]c(-c4c(N)c5cc(NC(=O)c6ccccc6)ccc5[nH]c4=O)nc3c2)CC1,6.008773924307505,CHEMBL495530,279,2009.0
CN1CCN(c2ccc3[nH]c(-c4c(N)c5cc(N)ccc5[nH]c4=O)nc3c2)CC1,7.721246399047171,CHEMBL496764,279,2009.0
CN1CCN(c2ccc3[nH]c(-c4c(N)c5cc(N(C)C)ccc5[nH]c4=O)nc3c2)CC1,6.795880017344075,CHEMBL495529,279,2009.0
CN1CCN(c2ccc3[nH]c(=O)c(-c4nc5ccccc5[nH]4)c(N)c3c2)CC1,5.187086643357144,CHEMBL457985,279,2009.0
CN1CCN(c2ccc3[nH]c(-c4c(N)c5cc(F)ccc5[nH]c4=O)nc3c2)CC1,7.107905397309519,CHEMBL496763,279,2009.0
CNC(=O)Cn1cc(-c2cnc(N)c3c(-c4ccc(Oc5ccccc5)cc4)csc23)cn1,6.546681659952963,CHEMBL3605107,279,2015.0
CNC(=O)N1CCN(Cc2ccnc(Nc3ncc(C#N)s3)c2)CC1,7.920818753952375,CHEMBL375248,279,2004.0
CCCNC(=O)c1cccc2cc(Oc3ccnc4cc(OC)c(OC)cc34)ccc12,8.890084136976206,CHEMBL409103,279,2008.0
CN1C(=O)C(=Nc2ccc(NC(=O)Nc3ccc(S(N)(=O)=O)cc3)cc2)c2cc(Cl)ccc21,6.583958933035566,CHEMBL4458485,279,2019.0
CCCNC(=O)c1ccc(Nc2nc(NCC(F)(F)F)c3cc[nH]c3n2)cc1,6.052566278112949,CHEMBL2006765,279,2016.0
CCCNC(=O)c1cc(Oc2ccc(NC(=O)c3cc4cccnc4n(-c4ccc(F)cc4)c3=O)cc2)ccn1,6.535659515372332,CHEMBL4204920,279,2018.0
CCCNC(=O)Nc1ccc(Oc2ncnc3ccn(C)c23)cc1,5.4089353929735005,CHEMBL1254591,279,2010.0
CCCNC(=O)Nc1ccc(-c2ccnc3[nH]nc(N)c23)cc1,6.619797806278601,CHEMBL256682,279,2008.0
COc1ccc2c(c1)NC(=O)C2=Cc1cc2c([nH]1)CCCC2CCC(=O)O,6.42021640338319,CHEMBL410186,279,2007.0
CCCN1C(=O)C(=Nc2ccc(NC(=O)Nc3ccc(S(N)(=O)=O)cc3)cc2)c2cc(Cl)ccc21,6.416110080103532,CHEMBL4536441,279,2019.0
CNC(=O)Cn1cc(Nc2ncc(Cl)c(NC3C4C=CC(C4)C3C(N)=O)n2)cn1,8.221848749616356,CHEMBL2071273,279,2012.0
CCCN(Cc1ccc(-c2[nH]nc3c2Cc2cc(CN4CCN(C)CC4)ccc2-3)s1)C(=O)Nc1cccc(C)c1,7.455931955649724,CHEMBL380068,279,2006.0
Cc1ccccc1-c1ccc2nc(N)ncc2c1,5.303993284781455,CHEMBL215952,279,2006.0
CCNC(=O)Nc1nc2cc(NCCCCN(CC)CC)ncc2cc1-c1cc(OC)cc(OC)c1,7.337242168318426,CHEMBL190389,279,2005.0
CCCCS(=O)(=O)Nc1ccc(Oc2ncnc3cc(OC)c(OC)cc23)c2ccccc12,5.404834585209771,CHEMBL4075886,279,2018.0
CCNC(=O)Nc1nc2cc(NCCCN3CCN(C)CC3)ncc2cc1-c1c(Cl)cccc1Cl,6.958607314841775,CHEMBL190188,279,2005.0
CNC(=O)Nc1ccc(Oc2ncnc3ccn(C)c23)cc1,5.200659450546418,CHEMBL1254590,279,2010.0
CCNC(=O)Nc1nc2cc(NCCCN3CCN(C)CC3)ncc2cc1-c1cc(OC)cc(OC)c1,7.292429823902063,CHEMBL188087,279,2005.0
CNC(=O)N1CCOc2cc(Oc3ccnc4cc(OC)c(OC)cc34)ccc21,7.400007822415902,CHEMBL272609,279,2008.0
CNC(=O)N1CCN(Cc2ccnc(Nc3ncc(C#N)s3)c2C)CC1,7.920818753952375,CHEMBL376722,279,2004.0
CCNC(=O)Nc1nc2cc(NCCCCN(CC)CC)ncc2cc1-c1c(Cl)cccc1Cl,6.886056647693163,CHEMBL190162,279,2005.0
CN1CCN(c2ccc3[nH]c(-c4c(N)c5cc(F)c(N(C)C)cc5[nH]c4=O)nc3c2)CC1,5.275724130399211,CHEMBL498348,279,2009.0
CN1CCN(c2ccc3[nH]c(-c4c(N)c5cc(F)c(F)cc5[nH]c4=O)nc3c2)CC1,6.721246399047171,CHEMBL522732,279,2009.0
CN1CCN(c2ccc3[nH]c(-c4c(N)c5cc(Cl)ccc5[nH]c4=O)nc3c2)CC1,7.366531544420413,CHEMBL523745,279,2009.0
CN1CCN(Cc2ccc3c(c2)Cc2c(-c4csc(C#CCNc5ccccc5)c4)n[nH]c2-3)CC1,7.443697499232712,CHEMBL426009,279,2007.0
CN1CCN(Cc2ccc3c(c2)Cc2c(-c4csc(C#CCNS(=O)(=O)c5ccccc5)c4)n[nH]c2-3)CC1,7.346787486224656,CHEMBL376779,279,2007.0
CN1CCN(Cc2ccc3c(c2)Cc2c(-c4csc(C#CCNC(=O)c5ccccc5)c4)n[nH]c2-3)CC1,8.522878745280337,CHEMBL225311,279,2007.0
CN1CCN(Cc2ccc3c(c2)Cc2c(-c4csc(C#CCNC(=O)Oc5ccccc5)c4)n[nH]c2-3)CC1,7.42021640338319,CHEMBL224968,279,2007.0
CN1CCN(Cc2ccc3c(c2)Cc2c(-c4csc(C#CCNC(=O)Nc5ccccc5)c4)n[nH]c2-3)CC1,7.958607314841775,CHEMBL225336,279,2007.0
CN1CCN(Cc2ccc3c(c2)Cc2c(-c4csc(C#CCCc5ccccc5)c4)n[nH]c2-3)CC1,7.318758762624412,CHEMBL223998,279,2007.0
CN1CCN(Cc2ccc3c(c2)Cc2c(-c4csc(C#CCCOc5ccccc5)c4)n[nH]c2-3)CC1,7.070581074285707,CHEMBL225090,279,2007.0
Cc1ccccc1-c1nc2ccc(Nc3ncnc4ccccc34)cc2[nH]1,5.029188389127482,CHEMBL3321893,279,2014.0
CN1CCN(Cc2ccc3c(c2)Cc2c(-c4csc(C#CCOCC(N)=O)c4)n[nH]c2-3)CC1,5.099086932262331,CHEMBL225192,279,2007.0
CN1CCN(Cc2ccc3c(c2)Cc2c(-c4csc(C#CCCO)c4)n[nH]c2-3)CC1,8.096910013008056,CHEMBL225639,279,2007.0
CN1CCN(Cc2ccc3c(c2)Cc2c(-c4cncs4)n[nH]c2-3)CC1,5.546681659952963,CHEMBL215658,279,2006.0
CN1CCN(Cc2ccc3c(c2)Cc2c(-c4ccsc4)n[nH]c2-3)CC1,6.3979400086720375,CHEMBL377959,279,2006.0
CN1CCN(Cc2ccc3c(c2)Cc2c(-c4cccs4)n[nH]c2-3)CC1,5.978810700930062,CHEMBL213195,279,2006.0
CN1CCN(Cc2ccc3c(c2)Cc2c(-c4cccnc4)n[nH]c2-3)CC1,5.036212172654444,CHEMBL413772,279,2006.0
CN1CCN(Cc2ccc3c(c2)Cc2c(-c4ccccc4)n[nH]c2-3)CC1,6.152434351147987,CHEMBL441369,279,2006.0
CN1CCN(Cc2ccc3c(c2)Cc2c(-c4cccc(C#CCOc5ccccc5)c4)n[nH]c2-3)CC1,6.96657624451305,CHEMBL375692,279,2007.0
CN1CCN(Cc2ccc3c(c2)Cc2c(-c4ccc(O)cc4)n[nH]c2-3)CC1,6.301029995663981,CHEMBL413581,279,2006.0
CN1CCN(Cc2ccc3c(c2)Cc2c(-c4ccc(CNC(=O)Nc5ccccc5Cl)s4)n[nH]c2-3)CC1,6.701146923590294,CHEMBL209922,279,2006.0
CN1CCN(Cc2ccc3c(c2)Cc2c(-c4csc(C#CCC(C)(C)O)c4)n[nH]c2-3)CC1,5.625251653989896,CHEMBL374627,279,2007.0
CN1CCN(Cc2ccc3c(c2)Cc2c(-c4csc(C#CCOc5ccc(Cl)cc5)c4)n[nH]c2-3)CC1,7.107905397309519,CHEMBL387929,279,2007.0
CN1CCN(Cc2ccc3c(c2)Cc2c(-c4csc(C#CCOc5cccc(Cl)c5)c4)n[nH]c2-3)CC1,7.443697499232712,CHEMBL225319,279,2007.0
CN1CCN(Cc2ccc3c(c2)Cc2c(-c4csc(C#CCOc5ccccc5)c4)n[nH]c2-3)C(=O)C1,8.154901959985743,CHEMBL225334,279,2007.0
CN1CCN(c2ccc3[nH]c(-c4c(N)c5cc(C(=O)NCc6ccccc6)ccc5[nH]c4=O)nc3c2)CC1,7.301029995663981,CHEMBL526507,279,2009.0
CN1CCN(c2ccc3[nH]c(-c4c(N)c5c(F)cc(F)cc5[nH]c4=O)nc3c2)CC1,6.886056647693163,CHEMBL498347,279,2009.0
CN1CCN(c2ccc3[nH]c(-c4c(N)c5c(Cl)cccc5[nH]c4=O)nc3c2)CC1,7.853871964321762,CHEMBL495762,279,2009.0
CN1CCN(c2ccc(C(F)(F)F)cc2NC(=O)c2cc(C#Cc3cnc(N)nc3)ccc2F)CC1,5.958607314841775,CHEMBL376475,279,2007.0
CN1CCN(c2ccc(C(=O)Nc3cc(-c4ccc(NC(=O)Oc5ccccc5)cc4)n[nH]3)cc2)CC1,6.7447274948966935,CHEMBL2063318,279,2012.0
CN1CCN(c2ccc(C(=O)Nc3cc(-c4ccc(NC(=O)OCc5ccccc5)cc4)n[nH]3)cc2)CC1,7.318758762624412,CHEMBL2063319,279,2012.0
CN1CCN(c2ccc(C(=O)Nc3cc(-c4ccc(CNC(=O)Oc5ccccc5)cc4)n[nH]3)cc2)CC1,7.036212172654444,CHEMBL2063321,279,2012.0
CN1CCN(c2ccc(C(=O)Nc3cc(-c4ccc(CNC(=O)OCc5cccnc5)cc4)n[nH]3)cc2)CC1,6.657577319177793,CHEMBL2063328,279,2012.0
CN1CCN(c2ccc(C(=O)Nc3cc(-c4ccc(CNC(=O)OCc5ccccc5)cc4)n[nH]3)cc2)CC1,7.0,CHEMBL2063323,279,2012.0
CN1CCN(c2ccc(-c3cnc4c(-c5ccnc6ccccc56)cnn4c3)cc2)CC1,5.818156412055227,CHEMBL2385596,279,2013.0
CN1CCN(c2cc(Nc3ncc(C#N)s3)ncn2)CC1,8.0,CHEMBL204867,279,2006.0
CN1CCN(S(=O)(=O)c2ccc3[nH]c(-c4cc5ccccc5nc4O)cc3c2)CC1,8.0,CHEMBL117983,279,2004.0
CN1CCN(Cc2cccc(-c3[nH]nc4c3Cc3ccccc3-4)c2)CC1,5.468521082957745,CHEMBL212961,279,2006.0
CN1CCN(Cc2ccc3c(c2)Cc2c-3n[nH]c2-c2ccc(CN(C)C(=O)Nc3ccccc3Cl)s2)CC1,6.7447274948966935,CHEMBL209971,279,2006.0
CN1CCN(Cc2ccc3c(c2)Cc2c(-c4cscn4)n[nH]c2-3)CC1,5.126098402135539,CHEMBL209806,279,2006.0
CN1CCN(Cc2ccc3c(c2)Cc2c(-c4csc(C#CCOc5cccnc5)c4)n[nH]c2-3)CC1,7.267606240177031,CHEMBL223219,279,2007.0
CN1CCN(Cc2ccc3c(c2)Cc2c(-c4csc(C#CCOc5ccccc5Cl)c4)n[nH]c2-3)CC1,6.995678626217357,CHEMBL225318,279,2007.0
CN1CCN(Cc2ccc3c(c2)Cc2c(-c4csc(C#CCOc5ccccc5)c4)n[nH]c2-3)CC1=O,7.958607314841775,CHEMBL225278,279,2007.0
CN1CCN(Cc2ccc3c(c2)Cc2c(-c4csc(C#CCOc5ccccc5)c4)n[nH]c2-3)CC1,8.221848749616356,CHEMBL390156,279,2007.0
CCNC(=O)Nc1nc2nc(NCCCCN(CC)CC)ncc2cc1-c1cc(OC)cc(OC)c1,6.721246399047171,CHEMBL190783,279,2005.0
CNC(=O)c1ccc(Sc2cccc(NC(=S)Nc3ccc(Cl)cc3)c2)nc1,5.222863287495827,CHEMBL4225562,279,2018.0
Cc1cccc(NC(=O)Nc2ccc(-c3c(CCO)sc4ncnc(N)c34)cc2)c1,7.721246399047171,CHEMBL197353,279,2005.0
CNC(=O)c1ccc(Sc2cccc(NC(=S)Nc3ccc(F)c(C(F)(F)F)c3)c2)nc1,7.214670164989233,CHEMBL4224973,279,2018.0
COCCOc1ccn2c(-c3ccc4cccc(OCCN)c4n3)cnc2c1,6.686132779630847,CHEMBL3109355,279,2014.0
Cc1ccc(Nc2nnc(-c3cccc4cnccc34)c3ccccc23)c(F)c1,6.366531544420413,CHEMBL380508,279,2006.0
Cc1ccc(Nc2nnc(-c3cccnc3CCc3ccncc3)o2)cc1C(F)(F)F,7.060480747381382,CHEMBL382218,279,2006.0
COCCOc1ccn2c(-c3ccc4cccc(OCC5CNCCO5)c4n3)cnc2c1,6.1438755557577,CHEMBL3109349,279,2014.0
COCCOc1ccn2c(-c3ccc4cccc(OCC5CCNCC5)c4n3)cnc2c1,6.410050398674292,CHEMBL3109342,279,2014.0
Cc1ccc(O)cc1CCC1C(=O)CCC2(C)C(C(C)C=CCC(C)C)CCC12,5.337242168318426,CHEMBL518060,279,2011.0
COCCOc1ccn2c(-c3ccc4cccc(OCC5CCNC5)c4n3)cnc2c1,7.154901959985743,CHEMBL3109350,279,2014.0
COCCOc1ccn2c(-c3ccc4cccc(OCC5(F)CCNCC5)c4n3)cnc2c1,7.292429823902063,CHEMBL3109343,279,2014.0
COCCOc1ccn2c(-c3ccc4cccc(OCC(C)(C)CN)c4n3)cnc2c1,6.886056647693163,CHEMBL3109339,279,2014.0
Cc1ccc(O)cc1CCC1C(=O)CCC2(C)C(C(C)CCCC(C)C)CCC12,5.221125527997261,CHEMBL456936,279,2011.0
COCCOc1ccn2c(-c3ccc4cccc(OC5CNCC5OC)c4n3)cnc2c1,6.323306390375134,CHEMBL3109351,279,2014.0
COCCOc1ccn2c(-c3ccc4cccc(OC5CNC(C(=O)OC)C5)c4n3)cnc2c1,6.937731585849361,CHEMBL3109352_CHEMBL3109353,279,
COCCOc1ccn2c(-c3ccc4cccc(OC5CCNCC5O)c4n3)cnc2c1,7.173925197299173,CHEMBL3109346_CHEMBL3109347,279,
Cc1ccc(O)cc1CCC1C(O)CCC2(C)C(C(C)C=CCC(C)C)CCC12,5.305394801066431,CHEMBL1922224,279,2011.0
COCCOc1ccn2c(-c3ccc4cccc(OC5CCNCC5F)c4n3)cnc2c1,7.580854030184271,CHEMBL3109337_CHEMBL3109338_CHEMBL3109356,279,
COCCOc1ccn2c(-c3ccc4cccc(OC5CCNCC5)c4n3)cnc2c1,7.4089353929735005,CHEMBL3109340,279,2014.0
COCCOc1ccn2c(-c3ccc4cccc(OC5CCN(C)CC5)c4n3)cnc2c1,7.376750709602099,CHEMBL3109341,279,2014.0
COCCOc1ccn2c(-c3ccc4cccc(OCc5cnc[nH]5)c4n3)cnc2c1,6.667561540084394,CHEMBL3109354,279,2014.0
COCCOn1nc(N)c2c(-c3ccc(NC(=O)Nc4cc(C)ccc4F)cc3)cccc21,7.67778070526608,CHEMBL222817,279,2007.0
COCCOn1nc(N)c2c(-c3ccc(NC(=O)Nc4cccc(Cl)c4)cc3)cccc21,7.886056647693163,CHEMBL223129,279,2007.0
COCCn1nc(N)c2c(-c3ccc(NC(=O)Nc4cc(C)ccc4F)cc3)cccc21,5.510041520575165,CHEMBL223236,279,2007.0
Cc1ccc(Nc2ncnn3cc(C(=O)NCCCN4CCCC4)c(C(C)C)c23)cc1O,7.744727494896693,CHEMBL179517,279,2005.0
Cc1ccc(Nc2ncnn3cc(C(=O)NCCCN4CCCC4)c(C)c23)cc1O,7.397940008672037,CHEMBL178583,279,2005.0
Cc1ccc(Nc2ncnn3cc(C(=O)NCCCN4CCOCC4)c(C)c23)cc1O,7.2839966563652,CHEMBL180978,279,2005.0
Cc1ccc(Nc2ncnn3cc(C(=O)NCCCn4nccn4)c(C)c23)cc1O,7.522878745280337,CHEMBL180603,279,2005.0
Cc1ccc(Nc2ncnn3cc(C)c(C)c23)cc1O,7.698970004336019,CHEMBL186001,279,2004.0
Cc1ccc(Nc2ncnn3cc(NC(=O)NCCCN4CCCCC4)c(C(C)C)c23)cc1O,8.301029995663981,CHEMBL360118,279,2005.0
Cc1ccc(Nc2ncnn3cc(NC(=O)OCCCN4CCCCC4)c(C(C)C)c23)cc1O,8.301029995663981,CHEMBL178607,279,2005.0
Cc1ccc(Nc2ncnn3cc(NC(=O)OCCCn4nccn4)c(C(C)C)c23)cc1O,8.154901959985743,CHEMBL178174,279,2005.0
Cc1ccc(O)cc1CCC1C(O)CCC2(C)C(C(C)CCCC(C)C)CCC12,5.361510743045363,CHEMBL517956,279,2011.0
CON(Cc1ccc(-c2[nH]nc3c2Cc2cc(CN4CCN(C)CC4)ccc2-3)s1)C(=O)Nc1cccc(C)c1,6.586700235918748,CHEMBL214109,279,2006.0
Cc1ccc(Nc2ncnn3cc(OCCCN4CCCCC4)c(C(C)C)c23)cc1O,8.397940008672037,CHEMBL369322,279,2005.0
COc1ccc(NC(=O)Nc2cccc(Oc3ncnc4cc(OC)c(OC)cc34)c2)cc1,6.221848749616356,CHEMBL1277254,279,2011.0
Cc1ccc(Nc2ncnn3ccc(C)c23)cc1O,7.221848749616356,CHEMBL188522,279,2004.0
Cc1ccc(Nc2ncnn3cccc23)cc1O,5.84163750790475,CHEMBL185853,279,2004.0
Cc1ccc(Nc2nnc(-c3c(NCc4ccncc4)ncn3C)o2)c(F)c1,6.585026652029182,CHEMBL379908,279,2006.0
Cc1ccc(Nc2nnc(-c3ccc(C(N)=O)cc3)c3ccccc23)c(C)c1,5.161150909262744,CHEMBL196705,279,2005.0
Cc1ccc(Nc2nnc(-c3ccc(C(N)=O)cc3)c3ccccc23)cc1,5.7447274948966935,CHEMBL194747,279,2005.0
COc1ccc(NC(=O)Nc2cccc(Sc3ccnc4ccsc34)c2)cc1,6.97061622231479,CHEMBL3612228,279,2015.0
COCn1cc(C2=C(c3cc(OC)c(OC)c(OC)c3)C(=O)NC2)c2ccccc21,5.638272163982407,CHEMBL519590,279,2008.0
CON=C(C)c1ccc2[nH]c3c4c(c5c(c3c2c1)CNC5=O)-c1cn(C)nc1CC4,9.0,CHEMBL257789,279,2008.0
Cc1ccc(O)cc1Nc1ccnc2ccc(-c3cccnc3)cc12,6.337242168318426,CHEMBL237345,279,2016.0
Cc1ccc(O)cc1Nc1ccnc2ccc(S(C)(=O)=O)cc12,6.730487055782083,CHEMBL237347,279,2016.0
COCCNC(=O)c1cccc2cc(Oc3ccnc4cc(OC)ccc34)ccc12,7.550059011226662,CHEMBL272251,279,2008.0
COCCNC(=O)c1cccc2cc(Oc3ccnc4cc(OC)c(OC)cc34)ccc12,7.92009553233328,CHEMBL271188,279,2008.0
Cc1cccc(NC(=O)N2CCc3cc(-c4n[nH]c5c4Cc4cc(CN6CCN(C)CC6)ccc4-5)sc3C2)c1,6.338187314462739,CHEMBL213796,279,2006.0
COCCN1CCN(c2cc(Nc3ncc(C#N)s3)ncn2)CC1,8.045757490560675,CHEMBL379896,279,2006.0
COCCN(CCOc1ccc(-c2cnc3c(-c4ccsc4)cnn3c2)cc1)Cc1ccccc1,7.721246399047171,CHEMBL333640,279,2002.0
COCCN(C)CCOc1ccc2[nH]c(-c3cc4ccccc4nc3O)cc2c1,8.154901959985743,CHEMBL118569,279,2004.0
COCCCON=Cc1c(N)ncnc1Oc1ccc2[nH]c(C)cc2c1F,7.207608310501746,CHEMBL220951,279,2006.0
COCCCNC(=O)c1cn2ncnc(Nc3ccc(C)c(O)c3)c2c1C,6.823908740944319,CHEMBL180807,279,2005.0
COCCCNC(=O)c1cccc2cc(Oc3ccnc4cc(OC)c(OC)cc34)ccc12,8.379968104873702,CHEMBL271189,279,2008.0
COc1ccc(NC(=S)NNc2nncc3ccccc23)cc1,8.244125144327509,CHEMBL3927914,279,2016.0
COc1ccc(Nc2ncc(-c3ccccc3)o2)cc1OC,6.853871964321762,CHEMBL1794060,279,2005.0
COc1ccc(Nc2ncc(C#N)c(-c3ccccc3)n2)cc1,6.309803919971486,CHEMBL279574,279,2007.0
COc1ccc(Nc2ncc3c(n2)-c2ccccc2SC3)cc1,5.568636235841012,CHEMBL3628537,279,2015.0
COCC(O)COc1cn2ncnc(Oc3ccc4[nH]c(C)cc4c3F)c2c1C,7.376750709602099,CHEMBL205710,279,2006.0
COCC#Cc1cc(-c2n[nH]c3c2Cc2cc(CN4CCN(C)CC4)ccc2-3)cs1,7.638272163982407,CHEMBL225036,279,2007.0
COC1CCN(c2nccc(Nc3cc4c(cn3)cc(-c3cn[nH]c3)n4C(C)C)n2)CC1,7.920818753952375,CHEMBL3354187,279,2014.0
COC1CCN(c2nccc(Nc3cc4c(cn3)c(N)nn4C(C)C)n2)CC1,5.779891911959945,CHEMBL3354191,279,2014.0
COCCNC(=O)c1cccc2cc(Oc3ncnc4cc(OC)c(OC)cc34)ccc12,6.499996931948306,CHEMBL412278,279,2008.0
COCCOCC#Cc1cc(-c2n[nH]c3c2C(=O)c2cc(CN4CCN(C)CC4)ccc2-3)cs1,7.943028323846581,CHEMBL387971,279,2007.0
COCCOCC#Cc1cc(-c2n[nH]c3c2Cc2cc(CN4CCN(C)CC4)ccc2-3)cs1,7.275724130399211,CHEMBL225193,279,2007.0
COCCOCC#Cc1cc(-c2n[nH]c3c2Cc2cc(Cn4cncn4)ccc2-3)cs1,7.318758762624412,CHEMBL445404,279,2007.0
Cc1ccc(OCC#Cc2cc(-c3n[nH]c4c3Cc3cc(CN5CCN(C)CC5)ccc3-4)cs2)cc1C,7.481486060122112,CHEMBL224497,279,2007.0
COCCOc1ccn2c(-c3ccc4cccc(OC5CCCNC5)c4n3)cnc2c1,6.8856458700990135,CHEMBL3109344_CHEMBL3109345,279,
COCCOc1ccn2c(-c3ccc4cccc(OC5CCC(N)CC5)c4n3)cnc2c1,6.692503962086787,CHEMBL3109348,279,2014.0
COCCOc1ccc2c(c1)Cc1c(-c3csc(C#CCOc4ccccc4)c3)n[nH]c1-2,7.397940008672037,CHEMBL223604,279,2007.0
COCCOc1ccc2c(Nc3cc(O)c(Cl)cc3F)ncnc2c1,6.823908740944319,CHEMBL231650,279,2007.0
Cc1ccc(Oc2ccc3nc(NC(=O)C4CC4)nn3c2)cc1NC(=O)C1CCC1,8.480150814806521,CHEMBL2409789,279,2013.0
Cc1ccc(Oc2ccc3nc(NC(=O)C4CC4)nn3c2)cc1NC(=O)CC(C)C,8.698970004336019,CHEMBL2409788,279,2013.0
Cc1ccc(Oc2ccc3nc(NC(=O)C4CC4)nn3c2)cc1NC(=O)c1ccnn1C,8.795880017344075,CHEMBL2409787,279,2013.0
Cc1ccc(O)cc1Nc1ccnc2ccc(C(F)(F)F)cc12,7.0,CHEMBL3822938,279,2016.0
Cc1ccc(Oc2ccc3nc(NC(=O)C4CC4)nn3c2)cc1NC(=O)c1cn(C)nc1C,8.721246399047171,CHEMBL2409786,279,2013.0
COCCOc1ccc(-c2ccc(NC(=O)Nc3cccc(C)c3)cc2)c2c1C(=O)NC2,6.899629454882437,CHEMBL365448,279,2004.0
COCCOc1ccc(-c2ccc(NC(=O)Nc3cccc(C)c3)cc2)c2c(N)n[nH]c12,7.67778070526608,CHEMBL223528,279,2007.0
COCCOc1cc2nncc(Nc3cc(O)c(Cl)cc3F)c2cc1OC,8.397940008672037,CHEMBL150826,279,1999.0
COCCOc1cc2ncnc(Nc3ccc(Cl)cc3F)c2cc1OC,8.154901959985743,CHEMBL286160,279,1999.0
COCCOc1cc2ncnc(Nc3cc(O)c(Cl)cc3F)c2cc1OCCOC,7.221848749616356,CHEMBL396219,279,2007.0
COCCON=Cc1c(N)ncnc1Oc1ccc2[nH]c(C)cc2c1F,7.619788758288394,CHEMBL219983,279,2006.0
COCCOCC#Cc1cc(-c2n[nH]c3c2Cc2ccc(Cn4cncn4)cc2-3)cs1,8.301029995663981,CHEMBL223971,279,2007.0
COCCOCC#Cc1cc(-c2n[nH]c3c2Cc2ccc(CN4CCN(C)CC4)cc2-3)cs1,7.522878745280337,CHEMBL225335,279,2007.0
Cc1ccc(Oc2ccc3nc(NC(=O)C4CC4)nn3c2)cc1NC(=O)c1scc(C)c1Cl,9.318758762624412,CHEMBL2409785,279,2013.0
CC1Cc2c(ncnc2Oc2ccc3c(ccn3C(=O)Nc3cc(C(C)(C)C)on3)c2)CN1,7.522878745280337,CHEMBL3747669,279,2015.0
CC1Cc2c(ncnc2Oc2ccc3c(ccn3C(=O)Nc3cc(C4(C(F)(F)F)CC4)on3)c2)CN1,7.397940008672037,CHEMBL3808921,279,2016.0
CC1Cc2c(ncnc2Oc2ccc3c(ccn3C(=O)Nc3cc(C4(C)CC4)[nH]n3)c2)CN1,8.096910013008056,CHEMBL3746273_CHEMBL3746776,279,
CONC(=O)c1cc(Nc2ncnn3cc(NC(=O)OC4CCN(C)CC4)c(C(C)C)c23)c(F)cc1F,7.443697499232712,CHEMBL191594,279,2005.0
CONC(=O)c1cc(Nc2ncnn3cc(-c4noc(C)n4)c(C(C)C)c23)c(F)cc1F,6.958607314841775,CHEMBL194929,279,2005.0
CONC(=O)c1cc(Nc2ncnn3cc(-c4nnco4)c(C(C)C)c23)c(F)cc1F,7.113509274827518,CHEMBL195771,279,2005.0
Cc1ccc(N2CCN(C)CC2)c(NC(=O)Nc2ccc(-c3ccnc4[nH]nc(C)c34)cc2)c1,5.404503778174426,CHEMBL4087656,279,2017.0
CONC(=O)c1cc(Nc2ncnn3cc(-c4nnc(N(C)C)o4)c(C(C)C)c23)c(F)cc1F,7.958607314841775,CHEMBL195847,279,2005.0
CONC(=O)c1cc(Nc2ncnn3cc(-c4nnc(CS(C)(=O)=O)o4)c(C(C)C)c23)c(F)cc1F,7.795880017344075,CHEMBL195398,279,2005.0
CONC(=O)c1cc(Nc2ncnn3cc(-c4nnc(CN(C)C)o4)c(C(C)C)c23)c(F)cc1F,7.180456064458131,CHEMBL372662,279,2005.0
CONC(=O)c1cc(Nc2ncnn3cc(-c4nnc(CC5CC5)o4)c(C(C)C)c23)c(F)cc1F,7.769551078621726,CHEMBL191913,279,2005.0
Cc1ccc(NC(=O)C2(C(=O)Nc3ccc(-c4ccc5c(=O)nc[nH]c5c4)cc3)CCC2)cc1Cl,7.503070351926786,CHEMBL4161287,279,2017.0
CONC(=O)c1cc(Nc2ncnn3cc(-c4nnc(CC(F)(F)F)o4)c(C(C)C)c23)c(F)cc1F,7.537602002101044,CHEMBL194872,279,2005.0
CONC(=O)c1cc(Nc2ncnn3cc(-c4nnc(CC(C)C)o4)c(C(C)C)c23)c(F)cc1F,7.638272163982407,CHEMBL192101,279,2005.0
CONC(=O)c1cc(Nc2ncnn3cc(-c4nnc(C5CC5)o4)c(C(C)C)c23)c(F)cc1F,7.958607314841775,CHEMBL190980,279,2005.0
Cc1ccc(NC(=O)CN2CCN(c3nnc(-c4ccccc4)c4ccccc34)CC2)cc1,5.369572124974976,CHEMBL3753656,279,2016.0
Cc1ccc(NC(=O)N2CCOc3cc(Oc4ncnc5[nH]ccc45)ccc32)cc1,7.590066876668706,CHEMBL272170,279,2008.0
Cc1ccc(NC(=O)NCc2ccc(-c3n[nH]c4c3Cc3cc(CN5CCN(C)CC5)ccc3-4)s2)cc1,6.511449283499555,CHEMBL415047,279,2006.0
Cc1ccc(NC(=O)NCc2ccc(-c3n[nH]c4c3Cc3ccc(CN5CCN(C)CC5)cc3-4)s2)cc1,6.982966660701219,CHEMBL2096839,279,2006.0
Cc1ccc(NC(=O)Nc2ccc(-c3c(C)sc4ncnc(N)c34)cc2)cc1,7.275724130399211,CHEMBL198267,279,2005.0
CONC(=O)c1cc(Nc2ncnn3cc(NC(=O)OCC4CCCO4)c(C(C)C)c23)c(F)cc1F,6.902604121139038,CHEMBL370266,279,2005.0
Cc1ccc(F)c(NC(=O)c2cccc3cc(-c4cccc5[nH]nc(N)c45)ccc23)c1,8.214670164989233,CHEMBL3288508,279,2014.0
CONC(=O)c1cc(Nc2ncnn3cc(NC(=O)OCCCN4CCCCC4)c(C(C)C)c23)c(F)cc1F,7.102372908709558,CHEMBL192318,279,2005.0
CONC(=O)c1cc(Nc2ncnn3cc(NC(=O)OCc4ccccc4)c(C(C)C)c23)c(F)cc1F,6.7447274948966935,CHEMBL436117,279,2005.0
COc1cc(-c2c[nH]c(=O)c(-c3cc(OC)c(OC)c(OC)c3)n2)ccc1O,6.698970004336019,CHEMBL3358999,279,2015.0
Cc1ccc(CN2C(=O)C(=Nc3ccc(NC(=O)Nc4ccc(S(N)(=O)=O)cc4)cc3)c3ccccc32)cc1,6.335000959357179,CHEMBL4533369,279,2019.0
COc1ccc(NC(=O)Nc2cccc(CNc3ncnc4c3cnn4CCc3ccccc3)c2)cc1,5.962573502059376,CHEMBL3128239,279,2014.0
CN(C)CCNC(=O)Nc1ccc(N(C)c2ccnc(Nc3ccc(CS(C)(=O)=O)cc3)n2)cc1,5.5066813917678985,CHEMBL187930,279,2005.0
CN(C)CCNC(=O)Nc1ccc(N(C)c2ccnc(Nc3cccc(CS(C)(=O)=O)c3)n2)cc1,6.166852888087215,CHEMBL188042,279,2005.0
Cc1ccc(F)c(NC(=O)Nc2ccc(-c3cc(O)nc4[nH]nc(C)c34)cc2)c1,5.731422028117157,CHEMBL4091741,279,2017.0
Cc1ccc(F)c(NC(=O)Nc2ccc(-c3ccnc4[nH]nc(C)c34)cc2)c1,5.367239111520561,CHEMBL4074713,279,2017.0
Cc1ccc(F)c(NC(=O)Nc2ccc(-c3ccnc4[nH]nc(N)c34)cc2)c1,8.698970004336019,CHEMBL255743,279,2008.0
Cc1ccc(NC(=O)Nc2ccc(-c3cccc4[nH]nc(N)c34)cc2)cc1,7.920818753952375,CHEMBL374330,279,2007.0
Cc1ccc(F)c(NC(=O)Nc2ccc(-c3cncc4[nH]nc(N)c34)cc2)c1,8.67778070526608,CHEMBL271441,279,2008.0
CN(C)CCOc1ccc(NC(=O)Nc2ccc(-c3cccc4[nH]nc(N)c34)cc2)cc1F,8.459670525209127,CHEMBL3633686,279,2015.0
Cc1ccc(F)c(NC(=O)Nc2ccc(-c3cncc4c3c(N)nn4C)cc2)c1,8.113509274827518,CHEMBL402846,279,2008.0
Cc1ccc(F)c(NC(=O)Nc2ccc(-c3nccc4[nH]nc(N)c34)cc2)c1,7.744727494896693,CHEMBL404257,279,2008.0
Cc1ccc(F)c(NC(=O)Nc2ccc(-c3nsc4ncnc(N)c34)cc2)c1,8.096910013008056,CHEMBL262433,279,2006.0
CN(C)CCOc1ccc(NC(=O)c2cccc(-c3cccc(O)c3)c2)cc1Cl,7.559405738160169,CHEMBL3397940,279,2015.0
CN(C)CCOc1ccc(NC(=O)c2cccc(-c3cccc(O)c3)c2)cc1F,8.694648630553376,CHEMBL3397933,279,2015.0
CONc1ccc(Nc2nccc(Nc3ccc4[nH]ncc4c3)n2)cc1,6.943095148663527,CHEMBL3817989,279,2016.0
CONC(=O)c1cccc(CSc2cnc(Nc3ccccn3)s2)c1,7.130768280269024,CHEMBL379661,279,2006.0
COc1ccc(NC(=O)Nc2cccc(CNc3ncnc4c3cnn4CCc3ccccc3)c2)cc1OC,5.485452247339714,CHEMBL3128218,279,2014.0
Cc1ccc(NC(=O)Nc2ccc(-c3cccc4[nH]nc(N)c34)cc2)cc1F,7.443697499232712,CHEMBL426004,279,2007.0
Cc1ccc(NC(=O)Nc2ccc(-c3cccc4c3CNC4=O)cc2)cc1,6.366531544420413,CHEMBL181654,279,2004.0
Cc1ccc(NC(=O)Nc2ccc(-c3cccc4c3CNC4=O)cc2)cc1C,7.301029995663981,CHEMBL184847,279,2004.0
Cc1ccc(NC(=O)c2ccccc2Cn2ccc3cnccc32)c(F)c1,6.537602002101044,CHEMBL206348,279,2006.0
Cc1ccc(NC(=O)c2ccccc2Cn2ccc3ncnc-3c2)c(F)c1,6.6777807052660805,CHEMBL206403,279,2006.0
CON=Cc1c(N)ncnc1Oc1ccc2c(ccn2C)c1,5.924818145381309,CHEMBL219729,279,2006.0
CON=Cc1c(N)ncnc1Oc1ccc2[nH]ccc2c1F,6.931814138253838,CHEMBL374240,279,2006.0
Cc1ccc(NC(=O)c2scnc2CCc2ccncc2)c(F)c1,6.508638306165727,CHEMBL202153,279,2006.0
Cc1ccc(NC(=O)c2scnc2CCc2cnoc2)c(F)c1,5.779891911959945,CHEMBL382308,279,2006.0
CON=Cc1c(N)ncnc1Oc1ccc2[nH]ccc2c1,6.697369031075173,CHEMBL387313,279,2006.0
CON=Cc1c(N)ncnc1Oc1ccc2[nH]cc(C)c2c1,5.983802646487561,CHEMBL223534,279,2006.0
Cc1ccc(NC(=O)c2cccc3cc(-c4cccc5[nH]nc(N)c45)ccc23)cc1F,8.346787486224656,CHEMBL3288510,279,2014.0
CON=Cc1c(N)ncnc1Oc1ccc2[nH]c(C)cc2c1,6.835647144215563,CHEMBL223486,279,2006.0
CON=Cc1c(N)ncnc1Oc1cc2cc[nH]c2cc1F,6.91721462968355,CHEMBL223622,279,2006.0
CON=C(c1ccc2[nH]c3c4c(c5c(c3c2c1)CNC5=O)-c1cn(C)nc1CC4)C(C)C,8.397940008672037,CHEMBL257793,279,2008.0
CN(C)CCn1cc(-c2cncc(-c3ccsc3)c2)c2ccccc21,6.939302159646388,CHEMBL318263,279,2003.0
CON=C(C)c1ccc2c(c1)c1c3c(c4c(c1n2C(C)C)CCc1nn(C)cc1-4)C(=O)NC3,8.397940008672037,CHEMBL401876,279,2008.0
CC1Cc2c(ncnc2Oc2ccc3ccn(C(=O)Nc4cc(C5(C(F)(F)F)CC5)on4)c3c2)CN1,6.795880017344075,CHEMBL3809643,279,2016.0
Cc1ccc(Nc2ncc(C#N)c(-c3ccccc3)n2)cc1,6.0,CHEMBL233874,279,2007.0
CC1Cc2c(ncnc2Oc2ccc3c(ccn3C(=O)Nc3cccc(C(F)(F)F)c3)c2)CN1,7.6290304611354,CHEMBL3746897_CHEMBL3747266,279,
Cc1ccc(Nc2nccc(N(C)c3ccc4c(C)n(C)nc4c3)n2)cc1S(N)(=O)=O,7.613222811539707,CHEMBL477772,279,2008.0
CON=Cc1c(N)ncnc1Oc1ccc(NC(=O)C2(C(=O)Nc3ccc(F)cc3)CC2)cc1F,6.920818753952375,CHEMBL3814321,279,2016.0
COC1CCN(c2nccc(Nc3cc4c(ccn4C4CCCC4)cn3)n2)CC1,5.6439741428068775,CHEMBL3354189,279,2014.0
Cc1ccc(NC(=O)c2cccc3cc(-c4cccc5[nH]nc(N)c45)ccc23)cc1,8.886056647693163,CHEMBL3288505,279,2014.0
Cc1ccc(NC(=O)c2ccc(C)c(C(F)(F)F)c2)cc1C#Cc1nn(C2CCC(O)CC2)c2ncnc(N)c12,7.494850021680094,CHEMBL4798527,279,2016.0
CONC(=O)c1cc(Nc2ncnn3cc(-c4nnc(C)o4)c(C(C)C)c23)c(F)cc1F,7.5749210083616285,CHEMBL365318,279,2005.0
CONC(=O)c1cc(Nc2ncnn3cc(-c4nnc(C(F)(F)S(C)(=O)=O)o4)c(C(C)C)c23)c(F)cc1F,6.826237420000656,CHEMBL195903,279,2005.0
CONC(=O)c1cc(Nc2ncnn3cc(-c4nnc(C(F)(F)F)o4)c(C(C)C)c23)c(F)cc1F,7.119186407719209,CHEMBL370023,279,2005.0
CONC(=O)c1cc(Nc2ncnn3cc(-c4nnc(C(C)C)o4)c(C(C)C)c23)c(F)cc1F,7.657577319177793,CHEMBL373365,279,2005.0
Cc1ccc(NC(=O)Nc2ccc(-c3ccnc4[nH]nc(C)c34)cc2)cc1,5.250804957780328,CHEMBL4088552,279,2017.0
CONC(=O)c1cc(Nc2ncnn3cc(-c4ncc(C)o4)c(C(C)C)c23)c(F)cc1F,8.096910013008056,CHEMBL193306,279,2005.0
CONC(=O)c1cc(Nc2ncnn3cc(-c4nc(C)no4)c(C(C)C)c23)c(F)cc1F,7.309803919971486,CHEMBL370515,279,2005.0
Cc1ccc(NC(=O)Nc2ccc(-c3ccnc4[nH]nc(N)c34)cc2)cc1,8.537602002101044,CHEMBL255956,279,2008.0
Cc1ccc(NC(=O)c2cccc3cc(-c4cccc5[nH]nc(N)c45)ccc23)c(F)c1,8.481486060122112,CHEMBL3288509,279,2014.0
Cc1ccc(NC(=O)Nc2ccc(-c3csc4ccnc(N)c34)cc2)cc1,7.585026652029182,CHEMBL231456,279,2007.0
Cc1ccc(NC(=O)Nc2cccc(-c3cccc4[nH]nc(N)c34)c2)cc1,8.627087997029893,CHEMBL3633295,279,2015.0
Cc1ccc(NC(=O)Nc2cccc(-c3cccc4[nH]nc(N)c34)c2)cc1Cl,7.378823718224964,CHEMBL3633303,279,2015.0
CONC(=O)c1cc(Nc2ncnn3cc(-c4n[nH]c(C)n4)c(C(C)C)c23)c(F)cc1F,7.1487416512809245,CHEMBL193136,279,2005.0
CON=Cc1ccc2[nH]c3c4c(c5c(c3c2c1)CNC5=O)-c1cn(C)nc1CC4,7.744727494896693,CHEMBL257787,279,2008.0
CON=Cc1c(N)ncnc1Oc1ccc2ncccc2c1,6.154901959985743,CHEMBL220523,279,2006.0
CC1NCc2ncnc(Oc3ccc4c(ccn4C(=O)Nc4cccc(C(F)(F)F)c4)c3)c21,7.7827155479829,CHEMBL3746735_CHEMBL3747182,279,
CC1NCc2ncnc(Oc3ccc4c(ccn4C(=O)Nc4cc(C(C)(C)C)on4)c3)c21,7.657577319177793,CHEMBL3746141,279,2015.0
CON=Cc1c(N)ncnc1Oc1ccc2cccnc2c1,5.799149501908922,CHEMBL219886,279,2006.0
Cc1ccc(NC(=O)Nc2ccc(-c3csc4ccnc(N)c34)cc2)cc1C,8.0,CHEMBL231308,279,2007.0
COC1CCN(c2nccc(Nc3cc4c(ccn4C(C)C)cn3)n2)CC1,5.701146923590294,CHEMBL3354188,279,2014.0
COCCNC(=O)c1cccc2cc(Oc3ccnc4cc(OC)c(C(C)=O)cc34)ccc12,7.659952682338607,CHEMBL1241777,279,2009.0
COC1CCN(c2nccc(Nc3cc4[nH]c(-c5cn[nH]c5)nc4cn3)n2)CC1,5.866461091629782,CHEMBL3354185,279,2014.0
Cc1cccc(-c2nc3ccc(Nc4ccnc5ccccc45)cc3[nH]2)c1,5.167491087293763,CHEMBL3323594,279,2014.0
Cc1cccc(-c2nc3ccc(Nc4ncnc5ccccc45)cc3[nH]2)c1,5.18243463044022,CHEMBL3321894,279,2014.0
Cc1cccc(-c2nn3c(c2-c2ccnc4ccc(C(N)=O)cc24)CCC3)n1,6.354577730650908,CHEMBL2364611,279,2014.0
CNc1cc2nc(C)c(-c3cc(NC(=O)NCCC(C)(C)C)c(F)cc3C)cc2cn1,6.769551078621726,CHEMBL3577121,279,2015.0
CNc1cc2nc(C)c(-c3cc(NC(=O)NCC(O)C(C)(C)C)c(F)cc3C)cc2cn1,6.1249387366083,CHEMBL3577117,279,2015.0
CNc1cc2c(cn1)cc(-c1ccc(F)c(NC(=O)Nc3cc(C(C)(C)C)no3)c1)c(=O)n2C1CCOC1,9.337242168318426,CHEMBL3577114,279,2015.0
CNc1cc(Oc2ccc3c(C(=O)Nc4ccc(Cl)cc4)cccc3c2)ncn1,7.700057099977233,CHEMBL272670,279,2008.0
CNc1cc(Oc2ccc3c(C(=O)Nc4ccc(Cl)cc4)cccc3c2)ccn1,8.15002808767115,CHEMBL272827,279,2008.0
CNc1c(-c2nc3ccccc3[nH]2)c(=O)[nH]c2ccccc12,6.657577319177793,CHEMBL521552,279,2009.0
CNS(=O)(=O)c1ccc(Nc2nc(Cl)nc3cc(OC)c(OC)cc23)cc1,6.070581074285707,CHEMBL3098321,279,2014.0
CNCc1cc(Oc2ccc3c(ccn3C(=O)Nc3cccc(C(F)(F)F)c3)c2)ncn1,8.096910013008056,CHEMBL3747063,279,2015.0
CNCc1cc(Oc2ccc3c(ccn3C(=O)Nc3ccc(F)c(C(F)(F)F)c3)c2)ncn1,8.301029995663981,CHEMBL3746204,279,2015.0
CN(c1ccc(NC(=N)Nc2ccccc2)cc1)c1ccnc(Nc2cccc(CS(C)(=O)=O)c2)n1,6.489454989793388,CHEMBL188421,279,2005.0
CNCCON=Cc1c(N)ncnc1Oc1ccc2[nH]c(C)cc2c1F,7.031517051446065,CHEMBL223535,279,2006.0
Cc1cccc(C(=O)c2cnn(-c3cc(O)ccc3Cl)c2N)c1,5.537602002101044,CHEMBL3905685,279,2016.0
Cc1cccc(C)c1-c1cc(C)c2nc(Nc3ccc(OCCN4CCCC4)cc3)nnc2c1,6.255707016877324,CHEMBL436137,279,2006.0
CCN(CC)CCCCNc1cc2nc(N)c(-c3c(Cl)cccc3Cl)cc2cn1,5.920818753952375,CHEMBL188648,279,2005.0
CC1CCN(Cc2ccc3c(c2)Cc2c(-c4csc(C#CCOc5ccccc5)c4)n[nH]c2-3)CC1,7.161150909262744,CHEMBL387972,279,2007.0
CNC1CCCN(c2ccc(C(F)(F)F)cc2NC(=O)c2cc(C#Cc3cnc(N)nc3)ccc2F)C1,5.995678626217357,CHEMBL220532,279,2007.0
CNc1cc2nc(C)c(-c3ccc(F)c(NC(=O)NCCC(C)(C)C)c3)cc2cn1,7.481486060122112,CHEMBL3577120,279,2015.0
CN(c1ccc(F)c(NC(=O)c2cccc(OC(C)(C)C#N)c2Cl)c1)c1ccc2nc(NC(=O)C3CC3)sc2n1,8.920818753952375,CHEMBL2204532,279,2012.0
CNc1ccc2c(N)c(-c3nc4cc(N5CCN(C)CC5)ccc4[nH]3)c(=O)[nH]c2c1,6.0,CHEMBL449593,279,2009.0
Cc1cccc(-c2cn(Cc3ccc(-c4cncnc4)cc3)nn2)c1,8.590066876668706,CHEMBL4553163,279,2019.0
CNc1ncc2cc(-c3cc(NC(=O)Nc4cccc(C(F)(F)F)c4)ccc3C)ccc2n1,7.2839966563652,CHEMBL424719,279,2006.0
CNc1ncc2cc(-c3cc(NC(=O)NCCC(C)(C)C)c(F)cc3C)cnc2n1,5.721246399047171,CHEMBL3577123,279,2015.0
COC1CCN(c2nccc(Nc3cc4c(C(C)C)n[nH]c4cn3)n2)CC1,5.649751981665837,CHEMBL3354192,279,2014.0
CNc1ncc2cc(-c3cc(C(=O)Nc4cccc5c4CCC5)ccc3C)ccc2n1,7.318758762624412,CHEMBL427233,279,2006.0
CNc1ncc2cc(-c3cc(C(=O)Nc4cccc(C(F)(F)F)c4C)ccc3C)ccc2n1,8.096910013008056,CHEMBL215969,279,2006.0
CNc1ncc2cc(-c3cc(C(=O)Nc4cccc(C(F)(F)F)c4)ccc3C)ccc2n1,9.0,CHEMBL212964,279,2006.0
CNc1ncc2cc(-c3cc(C(=O)Nc4ccc(OC5CCN(C)CC5)cc4)ccc3C)ccc2n1,8.096910013008056,CHEMBL427226,279,2006.0
CNc1ncc2cc(-c3cc(C(=O)Nc4ccc(Cl)c(C(F)(F)F)c4C)ccc3C)ccc2n1,7.67778070526608,CHEMBL212183,279,2006.0
CNc1ncc2cc(-c3cc(C(=O)Nc4ccc(Cl)c(C(F)(F)F)c4)ccc3C)ccc2n1,8.522878745280337,CHEMBL215019,279,2006.0
CN(c1ccc(NC(=O)Cc2ccccc2)cc1)c1ccnc(Nc2cccc(CS(C)(=O)=O)c2)n1,6.75448733218585,CHEMBL189305,279,2005.0
CNc1ncc2cc(-c3cc(C(=O)Nc4cc(C(F)(F)F)ccc4OC4CCN(C)CC4)ccc3C)ccc2n1,7.769551078621726,CHEMBL386661,279,2006.0
CNc1ncc2cc(-c3cc(C(=O)Nc4cc(C(F)(F)F)ccc4N4CCCCC4)ccc3C)ccc2n1,5.849243560139691,CHEMBL214495,279,2006.0
CNc1ncc2cc(-c3cc(C(=O)Nc4cc(C(F)(F)F)ccc4N4CC(C)(C)C4=O)ccc3C)ccc2n1,6.443697499232712,CHEMBL385055,279,2006.0
Cc1ccc2cc(C(=O)c3cnn(-c4ccc5nc(C)[nH]c5c4)c3N)[nH]c2c1,6.431798275933005,CHEMBL3895337,279,2016.0
CC1CN(c2ccc3[nH]c(-c4n[nH]c5ccc(OC(C)c6c(Cl)cncc6Cl)cc45)nc3c2)CC(C)N1,8.045757490560675,CHEMBL3828122,279,2016.0
Cc1cccc(-c2[nH]c(CNc3ccccc3F)nc2-c2ccc3ncnn3c2)n1,7.013228265733755,CHEMBL3260567,279,2014.0
Cc1cccc(-c2[nH]c(Cc3cccc(C(N)=O)c3)nc2-c2ccc3nccnc3c2)n1,5.61261017366127,CHEMBL492634,279,2008.0
Cc1cccc(-c2cn(Cc3ccc(-c4cccnc4)cc3)nn2)c1,8.876148359032914,CHEMBL4570075,279,2019.0
CNc1cccc2[nH]c(=O)c(-c3nc4cc(N5CCN(C)CC5)ccc4[nH]3)c(N)c12,7.275724130399211,CHEMBL496762,279,2009.0
Cc1cccc(-c2cn(Cc3ccc(-c4cn[nH]c4)cc3)nn2)c1,9.275724130399212,CHEMBL4472113,279,2019.0
CNc1ncc2cc(-c3cc(C(=O)Nc4cc(C(F)(F)F)ccc4N4CCN(C)C4=O)ccc3C)ccc2n1,6.336299074610352,CHEMBL385598,279,2006.0
Cc1cccc(CC(=O)NCc2ccc(-c3n[nH]c4c3Cc3cc(CN5CCN(C)CC5)ccc3-4)s2)c1,5.556424120249742,CHEMBL213138,279,2006.0
Cc1cccc(CC(=O)Nc2ccc(-c3csc4ccnc(N)c34)cc2)c1,6.2839966563652006,CHEMBL394620,279,2007.0
CN(c1ccc(NC(=O)NC2CCCC2)cc1)c1ccnc(Nc2cccc(CS(C)(=O)=O)c2)n1,7.508638306165727,CHEMBL365866,279,2005.0
COc1ccc2[nH]cc(C3=C(c4cc(OC)c(OC)c(OC)c4)C(=O)NC3=O)c2c1,6.031517051446064,CHEMBL446182,279,2006.0
CCOC(=O)C1=C(CSc2nc3cc([N+](=O)[O-])ccc3[nH]2)N(C)C(=O)NC1c1ccccc1,5.920818753952375,CHEMBL4286023,279,2018.0
Cc1cccc(NC(=O)Cc2ccc(-c3csc4ccnc(N)c34)cc2)c1,7.026872146400302,CHEMBL231357,279,2007.0
Cc1cccc(NC(=O)N(C)Cc2ccc(-c3n[nH]c4c3Cc3cc(CN5CCN(C)CC5)ccc3-4)s2)c1,6.798602875679549,CHEMBL225248,279,2006.0
CCOC(=O)C1=C(CSC(=S)N(C2CCCCC2)C2CCCCC2)N(C)C(=O)NC1c1ccccc1,5.705533773838408,CHEMBL4291192,279,2018.0
Cc1cccc(NC(=O)N(C)Cc2ccc(-c3n[nH]c4c3Cc3ccc(CN5CCN(C)CC5)cc3-4)s2)c1,7.292429823902063,CHEMBL223220,279,2005.0
Cc1cccc(NC(=O)N(C)c2ccc(-c3c(C)sc4ncnc(N)c34)cc2)c1,7.259637310505756,CHEMBL196020,279,2006.0
Cc1cccc(NC(=O)N(C)c2ccc(-c3cccc4c3CNC4=O)cc2)c1,5.958607314841775,CHEMBL184997,279,2006.0
CCNC(=O)N1CCOc2cc(Oc3ccnc4cc(OC)c(OC)cc34)ccc21,9.0,CHEMBL272875,279,2008.0
Cc1cccc(NC(=O)Cc2ccc(-c3cccc4c3CNC4=O)cc2)c1,5.6777807052660805,CHEMBL359795,279,2006.0
Cc1cccc(NC(=O)N(C)c2ccc(-c3csc4ccnc(N)c34)cc2)c1,7.638272163982407,CHEMBL231356,279,2007.0
COc1ccc2c(Oc3ccc4c(C(=O)NC5CC5)cccc4c3)ccnc2c1,9.349984047528162,CHEMBL270342,279,2008.0
COc1cccc(NC(=O)CN2CCN(c3nnc(-c4ccccc4)c4ccccc34)CC2)c1,5.806875401645538,CHEMBL3754536,279,2016.0
COc1cccc(NC(=O)N2CCCc3cc(Nc4ncnc5cc(OC)c(OC)cc45)ccc32)c1,7.284832642151542,CHEMBL4539051,279,2019.0
COc1cccc(NC(=O)Nc2ccc(-c3cccc4c3CNC4=O)cc2)c1,6.2441251443275085,CHEMBL360032,279,2004.0
Cc1cccc(NC(=O)N(Cc2ccc(-c3n[nH]c4c3Cc3cc(CN5CCN(C)CC5)ccc3-4)s2)C2CC2)c1,7.67778070526608,CHEMBL214063,279,2006.0
COc1cccc(NC(=O)Nc2ccc(-c3ccnc4[nH]nc(N)c34)cc2)c1,8.42021640338319,CHEMBL256043,279,2008.0
COc1cccc(NC(=O)Nc2ccc(Nc3ncnc4cc(OC)c(OC)cc34)cc2)c1,5.207608310501746,CHEMBL2018764,279,2012.0
COc1cccc(NC(=O)Nc2ccc(Oc3ncnc4cc(OC)c(OC)cc34)cc2)c1,7.397940008672037,CHEMBL2018881,279,2012.0
CCCCN(C)C(=O)c1cc2c(-c3ccccc3)[nH]nc2s1,6.455931955649724,CHEMBL199528,279,2006.0
Cc1cccc(NC(=O)N(Cc2ccc(-c3[nH]nc4c3Cc3cc(CN5CCN(C)CC5)ccc3-4)s2)C(C)C)c1,6.910094888560602,CHEMBL377400,279,2006.0
CNc1ncc2cc(-c3cc(NC(=O)c4cccc(C(F)(F)F)c4)ccc3C)ccc2n1,8.301029995663981,CHEMBL212128,279,2006.0
Cc1cccc(NC(=O)CCc2ccc(-c3n[nH]c4c3Cc3cc(CN5CCN(C)CC5)ccc3-4)s2)c1,6.673664139071248,CHEMBL212499,279,2006.0
COc1ccc(S(=O)(=O)Nc2cccc(CNc3ncnc4c3cnn4CCc3ccccc3)c2)cc1,5.412289034981089,CHEMBL3128224,279,2014.0
CN(c1ccc(NC(=O)NCCN2CCOCC2)cc1)c1ccnc(Nc2ccc(CS(C)(=O)=O)cc2)n1,6.00436480540245,CHEMBL363316,279,2005.0
CN(c1ccc(NC(=O)NCCc2ccccc2)cc1)c1ccnc(Nc2cccc(CS(C)(=O)=O)c2)n1,7.958607314841775,CHEMBL189408,279,2005.0
CNC(=O)c1nccc(Oc2ccc(NC(=O)Nc3nc4ccccc4s3)cc2)n1,7.443697499232712,CHEMBL3409416,279,2015.0
CNC(=O)c1ccccc1Sc1ccc2c(CCc3ccccn3)n[nH]c2c1,9.69897000433602,CHEMBL3939307,279,2016.0
CNC(=O)c1ccccc1Sc1ccc2c(C=Cc3ccccn3)n[nH]c2c1,9.814565833077571,CHEMBL1289926_CHEMBL1988437,279,
CNC(=O)c1cccc2cc(Oc3ccnc4cc(OCC5(N)CC5)c(OC)cc34)ccc12,7.602059991327962,CHEMBL2220486,279,2017.0
Cc1cccc(N(C)C(=O)N(C)Cc2ccc(-c3[nH]nc4c3Cc3cc(CN5CCN(C)CC5)ccc3-4)s2)c1,5.127377620974712,CHEMBL212987,279,2006.0
Cc1cccc(N(C)C(=O)NCc2ccc(-c3[nH]nc4c3Cc3cc(CN5CCN(C)CC5)ccc3-4)s2)c1,5.318125877871353,CHEMBL425262,279,2006.0
Cc1cccc(N(C)C(=O)Nc2ccc(-c3csc4ccnc(N)c34)cc2)c1,5.309803919971486,CHEMBL231355,279,2007.0
COc1ccc(S(=O)(=O)Nc2cccc(CNc3ncnc4c3cnn4CCc3ccccc3)c2)cc1OC,5.142064735280571,CHEMBL3128225,279,2014.0
CNC(=O)c1cccc2cc(Oc3ccnc4cc(OC)c(OC)cc34)ccc12,8.419987887470576,CHEMBL270754,279,2008.0
CNC(=O)c1cccc(NCc2cnc(Nc3ccccn3)s2)c1,6.552841968657781,CHEMBL207520,279,2006.0
CNC(=O)c1cccc(CSc2cnc(Nc3ccccn3)s2)c1,7.055517327849831,CHEMBL379320,279,2006.0
CN(c1ccc(NC(=O)Nc2c(Cl)cccc2Cl)cc1)c1ccnc(Nc2cccc(CS(C)(=O)=O)c2)n1,7.187086643357144,CHEMBL189353,279,2005.0
CNC(=O)c1cccc(-c2cnc(N)c3c(-c4ccc(NC(=O)Nc5cccc(C)c5)cc4)csc23)c1,7.958607314841775,CHEMBL231612,279,2007.0
CNC(=O)c1ccc(Sc2cccc(NC(=S)Nc3cccc(C(F)(F)F)c3)c2)nc1,5.160207815554671,CHEMBL4225256,279,2018.0
CNC(=O)c1ccc(Sc2cccc(NC(=S)Nc3ccc(F)c(F)c3)c2)nc1,5.4129628822565445,CHEMBL4224707,279,2018.0
CNC(=O)c1ccc(Sc2cccc(NC(=S)Nc3ccc(F)c(Cl)c3)c2)nc1,5.396206295863037,CHEMBL4228868,279,2018.0
CCN(CC)CCCCCNc1cc2nc(NC(=O)NC(C)(C)C)c(-c3cc(OC)cc(OC)c3)cc2cn1,8.397940008672037,CHEMBL192856,279,2005.0
CCN(CC)CC(O)CNC(=O)c1c(C)[nH]c2c1CCCC2=C1C(=O)Nc2ccc(F)cc21,8.602059991327963,CHEMBL2430250,279,2013.0
CNC(=O)c1cccc2cc(Oc3ccnc(NC(=O)c4ccc(N5CCN(C)CC5)cc4)c3)ccc12,8.537602002101044,CHEMBL4290371,279,2018.0
CNc1ncc2cc(-c3cc(Nc4nc5cc(C(F)(F)F)ccc5[nH]4)ccc3C)ccc2n1,5.842241113953136,CHEMBL213478,279,2006.0
CNc1ncc2cc(-c3cc(NC(=O)NCCC(C)(C)C)c(F)cc3C)c(C)nc2n1,5.4089353929735005,CHEMBL3577124,279,2015.0
COC(=O)c1ccc2c(c1)NC(=O)C2=C(Nc1ccc2c(c1)N(C(=O)Cn1cncn1)CC2)c1ccccc1,7.0,CHEMBL4172155,279,2017.0
COC(=O)c1cn2ncnc(Nc3ccc(C(C)C)c(O)c3)c2c1C,6.42021640338319,CHEMBL359507,279,2005.0
COC(=O)c1cn2ncnc(Nc3ccc(Br)c(O)c3)c2c1C,7.481486060122112,CHEMBL360503,279,2005.0
CN(C)Cc1ccc(C=Cc2n[nH]c3cc(C4CC45C(=O)Nc4ccccc45)ccc23)cc1,6.958607314841775,CHEMBL3353347,279,2015.0
CCN(CC)CCN1CCCCc2[nH]c(C=C3C(=O)Nc4ccc(F)cc43)c(C)c2C1=O,6.809171758707106,CHEMBL1277161,279,2010.0
CCN(CC)CCCNc1cc2nc(NC(=O)NC(C)(C)C)c(-c3cc(OC)cc(OC)c3)cc2cn1,7.823908740944319,CHEMBL363551,279,2005.0
CNc1ncc2cc(-c3ccc(F)c(NC(=O)NCCC(C)(C)C)c3)c(C)nc2n1,6.1249387366083,CHEMBL3577119,279,2015.0
CCN(CC)CCCNC(=O)c1c(C)[nH]c2c1CCCC2=C1C(=O)Nc2ccc(F)cc21,8.568636235841012,CHEMBL2430247,279,2013.0
COC(=O)c1cn2ncnc(Nc3ccc(C(F)(F)F)c(O)c3)c2c1C,6.431798275933005,CHEMBL178899,279,2005.0
COC(=O)c1ccc2c(c1)NC(=O)C2=C(Nc1ccc2c(c1)N(C(=O)Cn1cccn1)CC2)c1ccccc1,6.522878745280337,CHEMBL4161551,279,2017.0
COC(=O)c1ccc2c(c1)NC(=O)C2=C(Nc1ccc2c(c1)N(C(=O)CN1CCCC1=O)CC2)c1ccccc1,6.638272163982407,CHEMBL4165455,279,2017.0
COC(=O)c1ccc2c(c1)NC(=O)C2=C(Nc1ccc2c(c1)N(C(=O)CN(C)C)CC2)c1ccccc1,7.187086643357144,CHEMBL4166319,279,2017.0
COC(=O)c1ccc2c(c1)NC(=O)C2=C(Nc1ccc(N2C(=O)CCC2CN(C)C)cc1)c1ccccc1,7.292429823902063,CHEMBL4162743,279,2017.0
COC(=O)c1ccc2c(c1)NC(=O)C2=C(Nc1ccc(N(C)C(=O)CN2CCN(C)CC2)cc1)c1ccccc1,7.937564091097762,CHEMBL3039504_CHEMBL502835,279,
COC(=O)c1ccc(Nc2nnc(-c3ccc(C(N)=O)cc3)c3ccccc23)cc1,5.568636235841012,CHEMBL196610,279,2005.0
CN(C)Cc1ccc(C=Cc2n[nH]c3cc(C=C4C(=O)Nc5ccccc54)ccc23)cc1,7.657577319177793,CHEMBL2407897,279,2015.0
CCN(CC)CCCCNc1ncc2cc(-c3cc(OC)cc(OC)c3)c(NC(=O)NC(C)(C)C)nc2n1,6.920818753952375,CHEMBL189584,279,2005.0
COC(=O)c1ccc2c(c1)NC(=O)C2=C(Nc1ccc2c(c1)N(C(=O)CN1CCOCC1)CC2)c1ccccc1,6.958607314841775,CHEMBL4168811,279,2017.0
CCN(CC)CCCCNc1cc2nc(NC(=O)NC(C)(C)C)c(-c3ccccc3)cc2cn1,6.7447274948966935,CHEMBL189542,279,2005.0
COC(=O)c1cn2ncnc(Nc3ccc(C)c(O)c3)c2c1C,8.0,CHEMBL178789,279,2005.0
COC(=O)c1cn2ncnc(Nc3cccc(O)c3)c2c1C,7.214670164989233,CHEMBL181567,279,2005.0
COC1CCN(c2nccc(Nc3cc4[nH]c(-c5cn[nH]c5)cc4cn3)n2)CC1,6.6595558851598815,CHEMBL3354186,279,2014.0
COC1CCN(c2nccc(Nc3cc(NC(=O)c4c(Cl)cccc4Cl)ccn3)n2)CC1,5.482804102050025,CHEMBL3352835,279,2014.0
COc1ccc(Nc2ncc3c(n2)-c2cccnc2SC3)cc1,6.2839966563652006,CHEMBL4582099,279,2019.0
COc1ccc(Nc2ncc3c(n2)-c2cccnc2SC3)cc1OC,6.721246399047171,CHEMBL4463108,279,2019.0
COC(C(=O)N1Cc2n[nH]c(NC(=O)c3ccc(N4CCN(C)CC4)cc3)c2C1)c1ccccc1,6.364516253185088,CHEMBL402548,279,2006.0
Cc1ccc2[nH]c(-c3c(N)c4ccccc4[nH]c3=O)nc2c1,6.657577319177793,CHEMBL498205,279,2009.0
CN(C)Cc1ccc(C=Cc2n[nH]c3cc(C4CC45C(=O)Nc4ccc(OC(F)F)cc45)ccc23)cc1,5.309803919971486,CHEMBL3353349,279,2015.0
COC(=O)c1cn2ncnc(Nc3ccc(C)c(O)c3)c2c1C(C)(C)C,6.508638306165727,CHEMBL181636,279,2005.0
COc1ccc(Nc2nccc(Nc3ccc4[nH]ncc4c3)n2)cc1,6.931814138253838,CHEMBL3819461,279,2016.0
COc1ccc(Nc2nccc(Oc3ccc(NC(=O)C4(C(=O)Nc5ccc(F)cc5)CC4)cc3F)n2)cc1,5.357139947415508,CHEMBL3287596,279,2014.0
COC(=O)c1cn2ncnc(Oc3ccc4[nH]c(C)cc4c3)c2c1C,7.107905397309519,CHEMBL205283,279,2006.0
COc1ccc(Nc2nnc(-c3c(NCc4ccncc4)ncn3C)o2)cc1OC,7.2839966563652,CHEMBL378592,279,2006.0
COc1ccc(Nc2nnc(-c3ccc(C(N)=O)cc3)c3ccccc23)cc1,5.698970004336019,CHEMBL195917,279,2005.0
COc1ccc(Nc2nnc(-c3cccnc3CCc3ccncc3)o2)cc1OC,7.173925197299173,CHEMBL382610,279,2006.0
COC(=O)c1cn2ncnc(Nc3cnc4[nH]ccc4c3)c2c1C(C)C,7.769551078621726,CHEMBL409673,279,2008.0
COC(=O)c1cn2ncnc(Nc3cnc4[nH]ccc4c3)c2c1C,6.91721462968355,CHEMBL412082,279,2008.0
COC(=O)c1cn2ncnc(Oc3ccc4[nH]c(C)cc4c3F)c2c1C,7.769551078621726,CHEMBL383671,279,2006.0
COC(=O)c1ccc(-c2nnc(Nc3ccc(OC(F)(F)Cl)cc3)c3ccccc23)cc1,6.200659450546418,CHEMBL194042,279,2005.0
Cc1[nH]c2c(c1C(=O)N1CCCC1CN1CCCC1)CCCC2=C1C(=O)Nc2ccc(F)cc21,7.928117992693874,CHEMBL2430253,279,2013.0
COC(=O)c1cc2c(Oc3ccc4[nH]ccc4c3)ncnn2c1,6.6777807052660805,CHEMBL381104,279,2006.0
CNc1nccc(-c2cccnc2Oc2cc(C(=O)Nc3cc(C4CCCCC4)ccc3OC)ccc2C)n1,7.154901959985743,CHEMBL220550,279,2007.0
CNc1nccc(-c2cccnc2Oc2cc(C(=O)Nc3cccc(C(F)(F)F)c3)ccc2C)n1,8.522878745280337,CHEMBL218632,279,2007.0
CNc1nccc(Oc2ccc3c(C(=O)Nc4ccc(Cl)cc4)cccc3c2)n1,7.339988778710669,CHEMBL413933,279,2008.0
CNc1ncnc(-c2cccnc2Oc2cc(C(=O)Nc3cccc(C(F)(F)F)c3)ccc2C)n1,7.013228265733755,CHEMBL426211,279,2007.0
CNc1nnc(-c2cn3ncnc(Nc4cnc5[nH]c(C)cc5c4)c3c2C(C)C)o1,7.602059991327962,CHEMBL409442,279,2008.0
CN(Cc1ccccc1)c1nc(O)nc(Nc2ccc3scnc3c2)n1,6.494850021680094,CHEMBL366359,279,2005.0
CN(CC1COCCO1)S(=O)(=O)Nc1ccc2ccc3ncc(-c4cnn(C)c4)cc3c(=O)c2c1,7.356547323513812,CHEMBL1802915_CHEMBL1822792,279,
COC(=O)c1ccc(-c2nnc(Nc3ccc(Cl)cc3)c3ccccc23)cc1,6.443697499232712,CHEMBL193346,279,2005.0
COC(=O)C1(O)CC2OC1(C)n1c3ccccc3c3c4c(c5c6ccccc6n2c5c31)C(=O)NC4,7.484769829295999,CHEMBL281948_CHEMBL416056_CHEMBL94678,279,
CCN(CC)CCCCNc1cc2nc(N)c(-c3ccccc3)cc2cn1,5.443697499232712,CHEMBL190351,279,2005.0
COC(=O)C=C(C)NC=CC(=O)c1ccc(NC(=S)Nc2ccc(S(=O)(=O)Nc3ccccn3)cc2)cc1,7.244125144327507,CHEMBL4227378,279,2018.0
CCN(CC)CCCCNc1cc2nc(NC(=O)NC(C)(C)C)c(-c3c(Cl)cccc3Cl)cc2cn1,7.602059991327962,CHEMBL365377,279,2005.0
CCN(CC)CCCCNc1cc2nc(N)c(-c3cc(OC)cc(OC)c3)cc2cn1,6.657577319177793,CHEMBL188978,279,2005.0
COC(=O)c1c(Oc2cccc(NC(=O)c3cccc(C(C)(C)C#N)c3)c2)ccc2nc(NC(=O)C3CC3)sc12,7.481486060122112,CHEMBL3125893,279,2013.0
CCN(CC)CCCCNc1cc2nc(NC(=O)NC(C)(C)C)c(-c3cc(OC)cc(OC)c3)cc2cn1,8.221848749616356,CHEMBL191023,279,2005.0
COC(=O)Nc1cc(Nc2ncnc3cc(OC)c(OC)cc23)ccc1C,5.107905397309519,CHEMBL2018761_CHEMBL3221553,279,
COC(=O)Nc1ccc(Nc2ncnc3cc(OC)c(OC)cc23)cc1,5.236572006437063,CHEMBL1761929,279,2011.0
CN(C)c1c(-c2nc3ccccc3[nH]2)c(=O)[nH]c2ccccc12,6.065501548756432,CHEMBL495983,279,2009.0
COC(=O)Nc1ccc(Nc2ncnc3cc(OC)c(OC)cc23)cc1C,6.070581074285707,CHEMBL2018755_CHEMBL3221552,279,
COC(=O)Nc1ccc(Oc2ncnc3cc(OC)c(OC)cc23)cc1,6.154901959985743,CHEMBL1761930,279,2011.0
COC(=O)Nc1ccc(Nc2ncnc3cc(OC)c(OC)cc23)cc1Cl,5.296708621881338,CHEMBL2018751_CHEMBL3221558,279,
