nonstereo_aromatic_smiles,pIC50,chembl_cid,Target ID,year
Oc1ccccc1C=NC1CCN(Cc2ccccc2)CC1,5.568636235841012,CHEMBL4467620,4822,2019.0
CCCOc1cc(C2(c3cccc(-c4cccnc4)c3)N=C(N)N(C)C2=O)ccc1OC,7.301029995663981,CHEMBL566407,4822,2010.0
Clc1ccc(C=NC2CCN(Cc3ccccc3)CC2)cc1,5.769551078621726,CHEMBL4526950,4822,2019.0
CC1(c2cc(NC(=O)c3ncc(C#N)cc3Cl)ccc2F)N=C(N)COC1C(F)(F)F,7.54515513999149,CHEMBL4169060,4822,2018.0
CCCOc1cc(CC2CS(=O)(=O)CC(NCc3cccc(C(C)(C)C)c3)C2O)cc(F)c1N,7.251811972993799,CHEMBL2048038,4822,2012.0
Clc1ccc(C=NC2CCN(Cc3ccccc3)CC2)c(Cl)c1,5.4089353929735005,CHEMBL4568264,4822,2019.0
O=S1(=O)CC(Cc2ccc(O)c(Br)c2)C(O)C(NCc2cc(Cl)cc(Cl)c2)C1,5.376750709602099,CHEMBL1760867,4822,2011.0
Clc1ccc(C=NC2CCN(Cc3ccccc3)C2)cc1,5.898940645091884,CHEMBL4785769,4822,2020.0
CC1(c2cc(NC(=O)c3ncc(C#N)cc3F)ccc2F)N=C(N)COC1F,7.735182176990463,CHEMBL4175845,4822,2018.0
CC1(c2cc(NC(=O)c3cncnc3)ccc2F)COCC(N)=N1,5.730020323354676,CHEMBL4167898,4822,2018.0
CC1(c2cc(NC(=O)c3ncc(Cl)cc3Cl)ccc2F)COCC(N)=N1,7.346787486224656,CHEMBL2403770,4822,2013.0
CC1(c2cc(NC(=O)c3ncc(C#N)cc3Cl)ccc2F)N=C(N)COC1F,7.97061622231479,CHEMBL4161795,4822,2018.0
CC1(c2cc(NC(=O)c3ncc(Cl)cc3Cl)ccc2F)CCOC(N)=N1,7.4089353929735005,CHEMBL2403768,4822,2013.0
CC1(c2cc(NC(=O)c3cnc(OCF)cn3)ccc2F)N=C(N)SCC12CCS(=O)(=O)CC2,8.42021640338319,CHEMBL4465534,4822,2019.0
CC1(c2cc(NC(=O)c3cnc(OCF)cn3)ccc2F)N=C(N)SCC1C1CCOCC1,8.494850021680094,CHEMBL4587362,4822,2019.0
CCCOc1ccc2c(c1)C1(COC(N)=N1)c1cc(-c3cncnc3)ccc1O2,7.795880017344075,CHEMBL2177342,4822,2012.0
CCCOc1ccc(-c2ccc(-c3ccccc3Cl)n2CC(=O)N=C(N)NCCCO)cc1,6.958607314841775,CHEMBL401587,4822,2006.0
CC1(c2cc(NC(=O)c3cnc(OCF)cn3)ccc2F)CC(C(F)F)SC(N)=N1,8.20551195334083,CHEMBL4438526,4822,2019.0
C#CCN(C)Cc1ccc(O)c2ncccc12,5.795880017344075,CHEMBL3291021,4822,2019.0
CC1(c2cc(NC(=O)c3cnc(OCF)cn3)ccc2F)CCC(F)(F)C(N)=N1,7.939302159646388,CHEMBL4637181,4822,2020.0
CCCN1CCCC12CCN(C(C)C(=O)NC(Cc1ccccc1)C(O)CNCc1cccc(C(C)C)c1)C2=O,7.259637310505756,CHEMBL2047887,4822,2012.0
CC1(c2cc(NC(=O)c3cnc(OCF)cn3)ccc2F)CCSC(N)=N1,8.309803919971486,CHEMBL4568202,4822,2019.0
Clc1ccc(CNC2CCN(Cc3ccccc3)CC2)cc1,6.180456064458131,CHEMBL1348834,4822,2019.0
CC1(c2cc(NC(=O)c3cnc(OCF)cn3)ccc2F)N=C(N)SCC1c1ccccc1,8.62551856937192,CHEMBL4463201_CHEMBL4473080,4822,
CC1(c2cc(NC(=O)c3cnc(OCF)cn3)ccc2F)N=C(N)SCC12CC(F)(F)C2,8.259637310505756,CHEMBL4592239,4822,2019.0
C#CC1(c2cc(NC(=O)c3ccc(C#N)cn3)ccc2F)N=C(N)OC2CC21,7.642065152999546,CHEMBL4463980,4822,2019.0
O=S1(=O)CC(Cc2ccc(O)c(Br)c2)C(O)C(NCc2cccc(C3CC3)c2)C1,6.022276394711152,CHEMBL1614769,4822,2011.0
Clc1ccc(CNC2CCN(Cc3ccccc3)CC2)c(Cl)c1,5.522878745280337,CHEMBL4091169,4822,2019.0
CC1(c2cc(NC(=O)c3cnc(OCF)cn3)ccc2F)N=C(N)SCC12CCC(F)(F)CC2,7.795880017344075,CHEMBL4443968,4822,2019.0
Clc1ccc(CNC2CCN(Cc3ccccc3)C2)cc1,6.787812395596042,CHEMBL4760651,4822,2020.0
CC1(c2cc(NC(=O)c3cnc(OCF)cn3)ccc2F)N=C(N)SCC12CCOCC2,7.823908740944319,CHEMBL4583340,4822,2019.0
CCCOCc1cccc(CC2CS(=O)(=O)CC(NCc3cccc(C(C)C)c3)C2O)c1,5.958607314841775,CHEMBL1760734,4822,2011.0
CCCOc1cc(CC2CS(=O)(=O)CC(NCc3cccc(C(C)(C)C)c3)C2O)ccc1N,7.346787486224656,CHEMBL2047915,4822,2012.0
COc1cncc(-c2cccc(C3(c4ccc(OC(F)F)cc4)N=C(N)N4CC(F)(F)CN=C43)c2)c1,7.860120913598763,CHEMBL1957475,4822,2012.0
COc1cncc(-c2ccc3c(c2)C2(COC(N)=N2)c2cc(OCC(C)(C)C)ccc2O3)c1,8.397940008672037,CHEMBL3354708,4822,2014.0
COc1cnc(C(=O)Nc2ccc(F)c(C3(C)CCSC(N)=N3)c2)cn1,7.958607314841775,CHEMBL4561732,4822,2019.0
COc1cnc(C(=O)Nc2ccc(F)c(C3(C)COCC(N)=N3)c2)cn1,7.356547323513812,CHEMBL3634123,4822,2015.0
O=S(=O)(c1ccccc1)N(CCc1ccccc1)CC(O)Cn1c2ccccc2c2ccccc21,5.552841968657781,CHEMBL4204309,4822,2017.0
O=S(=O)(c1ccccc1)N(CC(O)Cn1c2ccccc2c2ccccc21)c1ccc(C(F)(F)F)cc1,5.443697499232712,CHEMBL4202435,4822,2017.0
CC1(c2cccc(NC(=O)c3ccc(C#N)cn3)c2)Cn2nccc2C(N)=N1,8.33998877871067,CHEMBL4521954,4822,2019.0
O=S(=O)(c1ccccc1)N(CC(O)Cn1c2ccccc2c2ccccc21)C1CCCCC1,5.3872161432802645,CHEMBL4218591,4822,2017.0
COc1cnc(C(=O)Nc2ccc(F)c(C3(C)N=C(N)COC3C(F)F)c2)cn1,7.943095148663527,CHEMBL4162197,4822,2018.0
CC1(c2cccc(NC(=O)c3ccc(Cl)cn3)c2)COC(N)=N1,5.694648630553376,CHEMBL2403759,4822,2013.0
CC1(c2cccc(NC(=O)c3ccc(Cl)cn3)c2)COCC(N)=N1,7.356547323513812,CHEMBL3634122,4822,2015.0
CC1(c2cccc(NC(=O)c3ccc(Cl)cn3)c2)N=C(N)Cn2nccc21,7.309981219211305,CHEMBL3261076,4822,2014.0
CC1(c2cccc(NC(=O)c3ccc(Cl)cn3)c2)N=C(N)c2ccccc21,6.259637310505756,CHEMBL2403762,4822,2013.0
COc1cnc(C(=O)Nc2ccc(F)c(C3(C)N=C(N)COC3C(F)(F)F)c2)cn1,7.530177984021837,CHEMBL4165629,4822,2018.0
COc1cnc(C(=O)Nc2ccc(F)c(C3(C)N=C(N)COC3=C(F)F)c2)cn1,6.8198741248359465,CHEMBL4170106,4822,2018.0
CC1(c2cccc(NC(=O)c3ccccn3)c2)CSC(N)=N1,5.046723663332696,CHEMBL2403760,4822,2013.0
COc1cnc(C(=O)Nc2cc(C3(C)N=C(N)COC3F)ccn2)cn1,5.460046158343603,CHEMBL3634339,4822,2015.0
O=S(=O)(c1ccc(Cl)cc1)N(CC(O)Cn1c2ccccc2c2ccccc21)C1CCCCC1,5.187086643357144,CHEMBL4212215,4822,2017.0
O=S(=O)(c1ccc(Cl)cc1)N(CC(O)Cn1c2ccccc2c2ccccc21)c1ccccc1,5.537602002101044,CHEMBL4208775,4822,2017.0
O=S(=O)(c1ccc(Cl)cc1)N(CCc1ccccc1)CC(O)Cn1c2ccccc2c2ccccc21,5.42021640338319,CHEMBL4206331,4822,2017.0
O=S(=O)(c1ccc(Cl)cc1)N(Cc1ccccc1)CC(O)Cn1c2ccccc2c2ccccc21,5.769551078621726,CHEMBL4211801,4822,2017.0
COc1cnc(C(=O)Nc2cc(F)c(F)c(C3(C)CC(c4c(C)noc4C)SC(N)=N3)c2)cn1,9.154901959985745,CHEMBL3805852,4822,2016.0
COc1cnc(C(=O)Nc2ccc(F)c(C3(C)CCOC(N)=N3)c2)cn1,6.619788758288394,CHEMBL3658614,4822,2015.0
CC1(c2cccc(NC(=O)c3ccc(Br)cn3)c2)COCC(N)=N1,7.154901959985743,CHEMBL3653341,4822,2014.0
COc1cnc(C(=O)Nc2csc(C34COC(C)CC3CSC(N)=N4)n2)cn1,6.270835210307229,CHEMBL3941301,4822,2016.0
CC1(c2cccc(-c3cncnc3)c2)N=C(N)c2ccccc2S1,5.0,CHEMBL2380442,4822,2013.0
CC1(c2cccc(-c3cncnc3)c2)N=C(N)CCS1,6.0,CHEMBL2380445,4822,2013.0
CC1(c2cc(NC(=O)c3ncc(Cl)cc3Cl)ccc2F)N=C(N)OCC1(F)F,7.585026652029182,CHEMBL2347193,4822,2013.0
CC1(c2cc(NC(=O)c3ncc(Cl)cn3)ccc2F)N=C(N)OCC1(F)F,7.173925197299173,CHEMBL2347194,4822,2013.0
COc1cccnc1-c1ccc2nc(N)c(CC(C)C(=O)NCCC(C)(C)C)cc2c1,7.013228265733755,CHEMBL1821828,4822,2011.0
CC1(c2cc(NC(=O)c3ncccc3C#N)ccc2F)COCC(N)=N1,6.889410289700751,CHEMBL4173236,4822,2018.0
C#CCN(C)Cc1cc2cc(OCCCC3CCN(Cc4ccccc4)CC3)ccc2n1C,6.337242168318426,CHEMBL1929421,4822,2011.0
COc1cnc(C(=O)Nc2ccnc(C3(C)N=C(N)COC3F)c2)cn1,7.130768280269024,CHEMBL3634338,4822,2015.0
COc1cnc(C(=O)Nc2cccc(C3(C4CCCCC4)CSC(N)=N3)c2)cn1,6.289036881004725,CHEMBL3261050,4822,2014.0
Clc1ccc(-c2nnc(N3CCN(c4ccccn4)CC3)o2)cc1,5.8794260687941495,CHEMBL4756730,4822,2019.0
CC1(c2cc(NC(=O)c3nn(C(F)F)cc3Cl)ccc2F)N=C(N)OCC1(F)F,7.721246399047171,CHEMBL2347202,4822,2013.0
COc1cnc(C(=O)Nc2ccc(F)c(C34N=C(N)SCC3CCO4)c2)cn1,6.638272163982407,CHEMBL3986498,4822,2016.0
CC1(c2cc(NC=Cc3ccc(C#N)cn3)ccc2F)COCC(N)=N1,5.630042392653947,CHEMBL4175758,4822,2018.0
COc1cnc(C(=O)Nc2ccc(F)c(C3(C4CC4)N=C(N)COC3F)c2)cn1,7.180456064458131,CHEMBL3634130,4822,2015.0
COc1cnc(C(=O)Nc2ccc(F)c(C3(C)N=C(N)OCC3(F)F)c2)cn1,7.568636235841012,CHEMBL2347195,4822,2013.0
COc1cnc(C(=O)Nc2ccc(F)c(C3(C)N=C(N)COC3F)c2)cn1,7.611012445380943,CHEMBL3634124_CHEMBL3634125,4822,
O=S(=O)(c1ccccc1)N(Cc1ccccc1)CC(O)Cn1c2ccccc2c2ccccc21,5.721246399047171,CHEMBL4208381,4822,2017.0
O=S(=O)(c1ccccc1)N(Cc1ccc(Cl)cc1)CC(O)Cn1c2ccccc2c2ccccc21,5.568636235841012,CHEMBL4204582,4822,2017.0
CC1(c2cc(Nc3ncccc3Cl)ccc2F)CCSC(N)=N1,7.080921907623926,CHEMBL3261048,4822,2014.0
CC1(c2cccc(-c3cccc(Cl)c3)c2)N=C(N)CCO1,5.200659450546418,CHEMBL2380444,4822,2013.0
CC1(c2cccc(-c3cncc(F)c3)c2)N=C(N)C2CCCCN21,5.096910013008056,CHEMBL2380452_CHEMBL2380453,4822,
COc1cccnc1Nc1ccc(F)c(C2(C)CCSC(N)=N2)c1,7.2839966563652,CHEMBL3261049,4822,2014.0
CN1C(=O)C(c2ccc(OC(F)F)cc2)(c2cccc(OCC3CC3)c2)N=C1N,7.698970004336019,CHEMBL1270240,4822,2010.0
C(=NC1CCN(Cc2ccccc2)C1)c1ccccc1,5.3584267468218245,CHEMBL4796307,4822,2020.0
CN1C(=O)C(c2ccc(OC(F)F)cc2)(c2cccc(OCCC(F)(F)F)c2)N=C1N,6.698970004336019,CHEMBL1270136,4822,2010.0
COc1cccc2cc(C(=O)Nc3cc(Br)ccc3N3CCNCC3)c(=O)oc12,5.301029995663981,CHEMBL206557,4822,2006.0
c1ccc2cc(SCCCn3c4ccccc4c4ccccc43)ccc2c1,5.123782159408358,CHEMBL2058867,4822,2012.0
CN1C(=O)C(c2ccccc2)(c2ccncc2)N=C1N,5.571932467211825,CHEMBL597233,4822,2010.0
CN1C(=O)C(c2cccc(-c3cccnc3)c2)(c2ccc3c(c2)CCO3)N=C1N,6.920909250824263,CHEMBL566414,4822,2010.0
CN1C(=O)C(c2ccncc2)(c2cccc(-c3cc(F)cc(F)c3)c2)N=C1N,7.221993538576491,CHEMBL1091463,4822,2010.0
CN1C(=O)C(c2ccncc2)(c2cccc(-c3cc(F)ccc3F)c2)N=C1N,7.698970004336019,CHEMBL1092787,4822,2010.0
CN1C(=O)C(c2ccncc2)(c2cccc(-c3cccc(C#N)c3)c2)N=C1N,7.398048595866478,CHEMBL1092475,4822,2010.0
CN1C(=O)C(c2ccncc2)(c2cccc(-c3cccc(F)c3)c2)N=C1N,7.301029995663981,CHEMBL1092476,4822,2010.0
CN1C(=O)C(c2ccncc2)(c2cccc(-c3cccc(F)c3F)c2)N=C1N,7.398048595866478,CHEMBL1092786,4822,2010.0
CCCc1scc(-c2cn[nH]c2)c1CC(NC1=NC(C)(C)Cc2cc(Cl)ccc21)c1nccc(=O)[nH]1,6.391473966422806,CHEMBL2380822,4822,2013.0
CN(c1cc2cc(c1)C(=O)NC(CO)Cc1cccc(c1)OCCNC2=O)S(C)(=O)=O,5.537602002101044,CHEMBL386666,4822,2006.0
CCCc1scc(-c2cn[nH]c2)c1CC(NC1=NC(C)(C)Cc2cc(Cl)ccc21)C(=O)O,8.096910013008056,CHEMBL2380821,4822,2013.0
CCCc1n[nH]c2ccc(CC3CS(=O)(=O)CC(NCc4cccc(C(C)(C)C)c4)C3O)cc12,6.657577319177793,CHEMBL2047896,4822,2012.0
CCCc1cscc1CC(NC1=NC(C)(C)Cc2cc(Cl)ccc21)C(=O)O,6.214670164989233,CHEMBL2380816,4822,2013.0
Cc1cccc(-c2nnc(N3CCN(c4ccccn4)CC3)o2)c1,5.578396073130168,CHEMBL4752466,4822,2019.0
CCCc1cccc(C2(c3ccc(OC(F)F)cc3)N=C(N)N(C)C2=O)c1,7.045757490560675,CHEMBL1270026,4822,2010.0
CCCc1cccc(C2(c3ccc(OC(F)(F)F)cc3)N=C(N)N3CCCN=C32)c1,5.844663962534938,CHEMBL583887,4822,2009.0
CCCc1cc(CC2CS(=O)(=O)CC(NCc3cccc(C(C)C)c3)C2O)ccc1O,6.721246399047171,CHEMBL1760857,4822,2011.0
CCCc1cc(CC2CS(=O)(=O)CC(NCc3cccc(C(C)(C)C)c3)C2O)cc(F)c1N,6.886056647693163,CHEMBL2047893,4822,2012.0
Cc1cccc(C(=O)NC(Cc2cc(F)cc(F)c2)C(O)CNCc2cccc(I)c2)c1,5.3872161432802645,CHEMBL254626,4822,2007.0
COc1ccccc1C12COC(C)CC1CSC(N)=N2,5.217527375833714,CHEMBL4209354,4822,2018.0
CC(C)c1cccc(CNCC(O)C(Cc2ccccc2)NC(=O)C2CN(Cc3cc(F)cc(F)c3)C(=O)N2)c1,6.236572006437063,CHEMBL411917,4822,2008.0
CC(C)c1cccc(CNC2CS(=O)(=O)CC(Cc3ccccc3)C2O)c1,5.958607314841775,CHEMBL1760731,4822,2011.0
COc1cccc2cc(C(=O)Nc3cc(Br)ccc3N3CCN(Cc4ccccc4)CC3)c(=O)oc12,5.259637310505756,CHEMBL381617,4822,2006.0
CN1C(=O)C(c2ccncc2)(c2cccc(-c3ccccc3)c2)N=C1N,6.886023242994851,CHEMBL598876,4822,2010.0
CN1C(=O)C(c2ccccc2)(c2ccccc2)N=C1N,5.465385038690218,CHEMBL291784,4822,2010.0
CN(c1cc(CCC2CC2)cc(C(=O)NC(Cc2ccccc2)C(O)CNC2CC2)c1)S(C)(=O)=O,6.376750709602099,CHEMBL201155,4822,2006.0
CN1C(=O)C(c2cccc(NC(=O)c3ccc4c(c3)OCO4)c2)(C2CCCCC2)N=C1N,6.42021640338319,CHEMBL605518,4822,2010.0
CN1C(=O)C(c2cccc(NC(=O)c3cccn3C)c2)(C2CCCCC2)N=C1N,6.065501548756432,CHEMBL591070,4822,2010.0
CN1C(=O)C(c2cccc(NC(=O)c3ccco3)c2)(C2CCCCC2)N=C1N,7.0,CHEMBL590829,4822,2010.0
CN1C(=O)C(c2ccccc2)(C23CC4CC(CC(C4)C2)C3)N=C1N,5.8151539245932895,CHEMBL585952,4822,2010.0
CCCCNC(=O)C1CCCC1C(O)C(CC(C)C)NC(=O)C(CCSC)NC(=O)C(CC(C)C)NC(C)=O,5.739928612014925,CHEMBL190058,4822,2005.0
CC#Cc1cccc(CC(NC(=O)COC)C(O)CNC2CC3(CCC3)Oc3ncc(CC(C)(C)C)cc32)c1,7.823908740944319,CHEMBL2181897,4822,2012.0
CCCCNC(=O)C(C)CC(O)C1CSCC=CCSCC(NC(=O)OC(C)(C)C)C(=O)NC(C)C(=O)N1,5.465907069126919,CHEMBL211499_CHEMBL378897,4822,
Brc1ccc(-c2nnc(N3CCN(c4ccccn4)CC3)o2)cc1,6.899629454882437,CHEMBL4779999,4822,2019.0
CN1C(=O)C(c2ccccc2)(C2CCCCC2)N=C1N,6.004182828937496,CHEMBL599965,4822,2010.0
CN1C(=O)C(c2ccccc2)(c2ccc(Cl)cc2)N=C1N,5.647909185640305,CHEMBL566007,4822,2010.0
NCCNC(CSc1ccc2ccccc2c1)Cn1c2ccccc2c2ccccc21,5.131943638176958,CHEMBL2058872,4822,2012.0
Cc1ccc2c(c1)CC(C)(C)N=C2NC(Cc1ccccc1)C(=O)O,5.266802734893431,CHEMBL2346789,4822,2013.0
CN1C(=O)C(c2ccccc2)(c2ccc(OC(F)(F)F)cc2)N=C1N,5.847711655616943,CHEMBL1271451,4822,2010.0
CN1C(=O)C(c2ccccc2)(c2ccc(OC(F)F)cc2)N=C1N,6.769551078621726,CHEMBL1271343,4822,2010.0
Brc1ccc(C=NC2CCN(Cc3ccccc3)C2)cc1,5.756465898167939,CHEMBL4794000,4822,2020.0
CN1C(=O)C(c2ccccc2)(c2ccc(OCCF)cc2)N=C1N,5.906578314837764,CHEMBL1269918,4822,2010.0
CN1C(=O)C(c2ccccc2)(c2cccc(Cl)c2)N=C1N,5.602029592842074,CHEMBL578410,4822,2010.0
c1ccc2oc(CNCCCCCCCNc3c4c(nc5ccccc35)CCCC4)cc2c1,5.8696662315049934,CHEMBL3752467,4822,2016.0
CC(C)c1ccnc(CNC2CS(=O)(=O)CC(Cc3ccc(O)c(Br)c3)C2O)c1,5.366531544420413,CHEMBL1760864,4822,2011.0
CN(c1cc(C(=O)NC(Cc2ccccc2)C(O)CNC2CC2)cc(C(=O)c2ccccc2)c1)S(C)(=O)=O,7.008773924307505,CHEMBL202602,4822,2006.0
CN(c1cc(C(=O)NC(Cc2ccccc2)C(O)CNC2CC2)cc(C(O)Cc2ccccc2)c1)S(C)(=O)=O,5.259637310505756,CHEMBL202015,4822,2006.0
Brc1ccc(CNC2CCN(Cc3ccccc3)C2)cc1,6.188424994129407,CHEMBL4741398,4822,2020.0
CN(c1cc(C(=O)NC(Cc2ccccc2)C(O)CNC2CC2)cc(C(O)c2ccccc2)c1)S(C)(=O)=O,5.229147988357855,CHEMBL201802,4822,2006.0
CN(c1cc(Cc2ccccc2)cc(C(=O)NC(Cc2ccccc2)C(O)CNC2CC2)c1)S(C)(=O)=O,5.334419008982047,CHEMBL201940,4822,2006.0
CCCOc1cccc(CC2CS(=O)(=O)CC(NCc3cccc(C(C)(C)C)c3)C2O)c1,6.173925197299173,CHEMBL2047914,4822,2012.0
CC(C)c1cccc(CNC2CS(=O)(=O)CC(Cc3cccc(Br)c3)C2O)c1,6.119186407719209,CHEMBL1760732,4822,2011.0
Cc1cccc(C=NNC(=O)N2CCN(c3ccccn3)CC2)c1,5.359518563029578,CHEMBL4763376,4822,2019.0
CC1(c2cc(NC(=O)c3ccc(OC(F)(F)F)cn3)ccc2F)N=C(N)OCC1(F)F,7.244125144327507,CHEMBL2347366,4822,2013.0
Cc1cccc(NC(=O)CSc2nc3ccc(Nc4nc(N5CCCC5)nc(N5CCCC5)n4)cc3s2)c1C,5.548213564475709,CHEMBL1271192,4822,2010.0
CC1(c2cc(NC(=O)c3ccc(OCC(F)(F)C(F)F)cn3)ccc2F)N=C(N)OCC1(F)F,7.376750709602099,CHEMBL2347191,4822,2013.0
CN1C(=O)C(c2ccc(OC(F)F)cc2)(c2cccc(OCCC(F)F)c2)N=C1N,8.0,CHEMBL1270435,4822,2010.0
CC1(c2cc(NC(=O)c3ccc(OCC(F)(F)F)cn3)ccc2F)N=C(N)OCC1(F)F,6.96657624451305,CHEMBL2347368,4822,2013.0
CC1(c2cc(NC(=O)c3ccc(OCF)cn3)ccc2F)CC(C(C)(F)F)SC(N)=N1,8.212539525481585,CHEMBL4475802,4822,2019.0
CC1(c2cc(NC(=O)c3ccc(OCF)cn3)ccc2F)CC(C(F)(F)F)SC(N)=N1,8.246416941107093,CHEMBL4445405,4822,2019.0
Clc1ccc2nc(-c3cccc(N4CCc5ccccc5C4)n3)[nH]c2c1,5.7447274948966935,CHEMBL4532096,4822,2019.0
Clc1ccc2nc(-c3cccc(N4CCc5ccccc5C4)c3)[nH]c2c1,5.886056647693163,CHEMBL4458644,4822,2019.0
CCCS(=O)(=O)N1CC(Nc2nc3cc(F)ccc3[nH]2)C(OC(=O)c2ccc(C(C)C)cc2)C1,6.173925197299173,CHEMBL3747444,4822,2016.0
CC1(c2cc(NC(=O)c3ccccn3)ccc2F)N=C(N)OCC1(F)F,6.531652669587842,CHEMBL2347213,4822,2013.0
CCCOc1cnc(C(=O)Nc2cc(F)c(F)c(C3(C)N=C(N)SC4(COC)CC43)c2)cn1,8.958607314841775,CHEMBL4575413,4822,2020.0
CC1(c2cc(NC(=O)c3ccn(C(F)F)n3)ccc2F)N=C(N)OCC1(F)F,7.443697499232712,CHEMBL2347201,4822,2013.0
CC1(c2cc(NC(=O)c3cnc(-n4cccn4)cn3)ccc2F)CCSC(N)=N1,7.698970004336019,CHEMBL3261046,4822,2014.0
CC1(c2cc(NC(=O)c3cnc(C(F)F)cn3)ccc2F)CCSC(N)=N1,7.698970004336019,CHEMBL4563915,4822,2019.0
CC1(c2cc(NC(=O)c3cnc(Cl)cn3)ccc2F)N=C(N)COC1C(F)(F)F,7.2481046584714095,CHEMBL3634128_CHEMBL3634129,4822,
CC1(c2cc(NC(=O)c3cnc(N4CCC4)cn3)ccc2F)N=C(N)COC1C(F)(F)F,6.34008379993015,CHEMBL4160644,4822,2018.0
CN1C(=O)C(c2ccc(OC(F)F)cc2)(c2cccc(OCC(F)F)c2)N=C1N,7.522878745280337,CHEMBL1270338,4822,2010.0
CC1(c2cc(NC(=O)c3cnc(OC(F)(F)C(F)(F)F)cn3)ccc2F)N=C(N)COC1C(F)(F)F,7.51999305704285,CHEMBL4174699,4822,2018.0
CC1(c2cc(NC(=O)c3cnc(OCC(F)(F)F)cn3)ccc2F)CCSC(N)=N1,8.142667503568731,CHEMBL4536643,4822,2019.0
CC1(c2cc(NC(=O)c3cnc(OCC(F)(F)F)cn3)ccc2F)N=C(N)COC1C(F)(F)F,7.610833915635467,CHEMBL4167487,4822,2018.0
CC1(c2cc(NC(=O)c3cnc(OCC(F)(F)F)cn3)ccc2F)N=C(N)OCC1(F)F,7.602059991327962,CHEMBL2347196,4822,2013.0
CCCOc1cccc(CC2CS(=O)(=O)CC(NCc3cccc(C(C)C)c3)C2O)c1,5.638272163982407,CHEMBL1760733,4822,2011.0
CN1C(=O)C(c2ccc(OC(F)F)cc2)(c2cccc(OCCC=C(F)F)c2)N=C1N,7.522878745280337,CHEMBL1270529,4822,2010.0
Cc1cccc(C=NC2CCN(Cc3ccccc3)CC2)c1,5.481486060122112,CHEMBL4566242,4822,2019.0
CC1(c2cc(NC(=O)c3ccc(F)cn3)ccc2F)N=C(N)OCC1(F)F,7.180456064458131,CHEMBL2347214,4822,2013.0
CC1(c2cc(NC(=O)c3ccc(F)cn3)ccc2F)CCSC(N)=N1,7.886056647693163,CHEMBL4582946,4822,2019.0
CC(C)c1cccc(CNC2CS(=O)(=O)CC(Cc3ccc(O)cc3)C2O)c1,5.7447274948966935,CHEMBL1760729,4822,2011.0
CC(C)c1cccc(CNC2CS(=O)(=O)CC(Cc3ccc(O)c(CO)c3)C2O)c1,5.920818753952375,CHEMBL1760854,4822,2011.0
CC(C)c1cccc(CNC2CS(=O)(=O)CC(Cc3ccc(O)c(CCO)c3)C2O)c1,6.00436480540245,CHEMBL1760855,4822,2011.0
CC(C)c1cccc(CNC2CS(=O)(=O)CC(Cc3ccc(O)c(Br)c3)C2O)c1,6.522878745280337,CHEMBL1760859,4822,2011.0
CC#Cc1cccc(C2(c3ccc(OC(F)F)cc3)N=C(N)N(C)C2=O)c1,7.678273661756906,CHEMBL1270934,4822,2010.0
CC#Cc1cc(C2(c3ccc(OC(F)F)cc3)N=C(N)N(C)C2=O)ccc1F,7.387216143280264,CHEMBL1270936,4822,2010.0
Cc1cccc(CNC2CCN(Cc3ccccc3)CC2)c1,5.585026652029182,CHEMBL4458653,4822,2019.0
CN1C(=O)C(c2ccncc2)(c2cccc(-c3cccnc3)c2)N=C1N,7.221921144096424,CHEMBL604590,4822,2010.0
CN1C(=O)C(c2ccncc2)(c2cccc(-c3cccnc3F)c2)N=C1N,7.523023534240472,CHEMBL1090027,4822,2010.0
CN1C(=O)C(c2ccncc2)(c2cccc(-c3cnccn3)c2)N=C1N,7.155026061853112,CHEMBL1090026,4822,2010.0
CN1C(=O)C2(N=C1N)c1cc(-c3cccnc3F)ccc1Oc1c(F)cc(-c3ccnc(F)c3)cc12,9.69897000433602,CHEMBL3260839,4822,2014.0
Cc1cccc(Cc2cc(CC3CS(=O)(=O)CC(NCc4cccc(C(C)C)c4)C3O)ccc2O)c1,5.207608310501746,CHEMBL1760853,4822,2011.0
Oc1ccccc1-c1nnc(N2CCN(c3ccccn3)CC2)o1,5.651695136951839,CHEMBL4782180,4822,2019.0
CN1C(=O)C(c2ccc(OCCF)cc2)(c2cccc(-c3cccnc3F)c2)N=C1N,7.522878745280337,CHEMBL1271450,4822,2010.0
CC1(c2cc(NC(=O)c3ccc(Cl)cn3)ccc2F)N=C(N)COC1F,7.914869142302521,CHEMBL3261070_CHEMBL3634340,4822,
CC1CC2CSC(N)=NC2(c2ncccc2F)CO1,5.03810452633215,CHEMBL4214603,4822,2018.0
CC1(c2cc(NC(=O)c3ccc(Cl)cn3)ccc2F)N=C(N)OCC1(F)F,7.585026652029182,CHEMBL2347210,4822,2013.0
CCCS(=O)(=O)N1CC(Nc2nc3cc(F)ccc3[nH]2)C(OCc2ccc(C(C)C)cc2)C1,6.1938200260161125,CHEMBL3747445,4822,2016.0
CC1(c2cc(NC(=O)c3ccc(Cl)cn3)ccc2F)N=C(N)SCC1(F)F,7.853871964321762,CHEMBL2347212,4822,2013.0
CCCS(=O)(=O)N1CC(Nc2nc3cc(F)ccc3[nH]2)C(OC(=O)c2ccc(N(C)C)cc2)C1,5.501689446210399,CHEMBL3746131,4822,2016.0
CC1(c2cc(NC(=O)c3ccc(Cl)cn3)ccc2F)N=C(N)c2ccccc2O1,6.920818753952375,CHEMBL2403775,4822,2013.0
CC1CC2CSC(N)=NC2(c2nc(NC(=O)c3cnc(OC(F)F)cn3)cs2)CO1,7.139661993429006,CHEMBL4204163,4822,2018.0
CC1CC2CSC(N)=NC2(c2nc(NC(=O)c3ccn(C(F)F)n3)cs2)CO1,8.031517051446064,CHEMBL4215837,4822,2018.0
CN1C(=O)CC(C)(c2cccc(NC(=O)c3ccc(Cl)cn3)c2)N=C1N,7.823908740944319,CHEMBL2403765,4822,2013.0
CC1(c2cc(NC(=O)c3cnc(NC4CC4)cn3)ccc2F)N=C(N)COC1C(F)(F)F,5.51999305704285,CHEMBL4171250,4822,2018.0
CC(C)c1ccc(COC2CN(S(=O)(=O)c3ccccc3)CC2Nc2nc3cc(F)ccc3[nH]2)cc1,6.318758762624412,CHEMBL3746896,4822,2016.0
CCCN1C(=O)OCC1Cc1cc(CC2CS(=O)(=O)CC(NCc3cccc(C(C)C)c3)C2O)ccc1O,6.823908740944319,CHEMBL1615184,4822,2011.0
CC(C)Oc1cccc(CN2CCC3(CC2C)CN(c2ncccn2)S(=O)(=O)N3c2cccc(F)c2)c1,5.823908740944319,CHEMBL2177478,4822,2012.0
CC(C)Oc1cccc(CN2CCC3(CC2C)CN(c2ncco2)S(=O)(=O)N3c2cccc(F)c2)c1,5.769551078621726,CHEMBL2177480,4822,2012.0
C#Cc1cc(CC(NC(=O)COC)C(O)CNC2CC3(CCC3)Oc3ncc(CC(C)(C)C)cc32)ccc1F,8.431798275933005,CHEMBL2181905,4822,2012.0
CC(C)Oc1cccc(CN2CCC3(CC2C)CN(c2nccs2)S(=O)(=O)N3c2cccc(F)c2)c1,5.657577319177793,CHEMBL2177479,4822,2012.0
CN1C(=O)C(c2ccc(OC(F)F)cc2)(c2cccc(C(=O)CCCF)c2)N=C1N,7.096910013008056,CHEMBL1270239,4822,2010.0
CN1C(=O)C(c2ccc(OC(F)F)cc2)(c2cccc(C#CCF)c2)N=C1N,8.0,CHEMBL1271037,4822,2010.0
CC(C)Oc1cccc(CN2CCC3(CNS(=O)(=O)N3c3cccc(F)c3)CC2C)c1,5.886056647693163,CHEMBL2177488,4822,2012.0
CC(C)Oc1cccc(CNC2CS(=O)(=O)CC(Cc3ccc(O)c(Br)c3)C2O)c1,5.853871964321762,CHEMBL1760866,4822,2011.0
C#Cc1cc(F)cc(CC(NC(=O)COC)C(O)CNC2CC3(CCC3)Oc3ncc(CC(C)(C)C)cc32)c1,8.721246399047171,CHEMBL2181906,4822,2012.0
CN1C(=O)C(c2ccc(OC(F)F)cc2)(c2cccc(C#CCCO)c2)N=C1N,8.0,CHEMBL1271453,4822,2010.0
C=C(C)C(CC=C(C)C)Cc1c(O)cc(OC)c2c1OC(c1ccc(O)cc1OC)CC2=O,5.173925197299173,CHEMBL496451,4822,2010.0
C#Cc1ccc(C(=O)Nc2ccc(F)c(C3(C)N=C(N)OCC3(F)F)c2)nc1,7.494850021680094,CHEMBL2347364,4822,2013.0
C#Cc1ccc(F)c(CC(NC(=O)COC)C(O)CNC2CC3(CCC3)Oc3ncc(CC(C)(C)C)cc32)c1,8.537602002101044,CHEMBL2181907,4822,2012.0
CN1C(=O)C(c2ccc(OC(F)F)cc2)(c2cccc(C#CCCF)c2)N=C1N,8.0,CHEMBL1271141,4822,2010.0
C#Cc1cccc(C2(c3ccc(OC(F)F)cc3)N=C(N)N(C)C2=O)c1,6.585026652029182,CHEMBL1270833,4822,2010.0
C#Cc1cccc(CC(NC(=O)COC)C(O)CNC2CC3(CCC3)Oc3ncc(CC(C)(C)C)cc32)c1,8.468521082957745,CHEMBL2181896,4822,2012.0
CC(F)(F)c1cccc(CNC2CS(=O)(=O)CC(Cc3cc(F)c(N)c(Br)c3)C2O)c1,5.863279432843593,CHEMBL2047891,4822,2012.0
CC(F)C(=O)NC(Cc1ccc2c(c1)OCO2)C(O)CNC1CC2(CCC2)Oc2ncc(CC(C)(C)C)cc21,7.539102157243452,CHEMBL2181882,4822,2012.0
CC#CCOc1cnc(C(=O)Nc2ccc(F)c(C34COCC3COC(N)=N4)c2)cn1,7.568636235841012,CHEMBL3261051,4822,2014.0
C#Cc1cccc(CC(NC(=O)COC)C(O)CNC2CC3(CCC3)Oc3ncc(CC(C)(C)C)cc32)c1F,7.958607314841775,CHEMBL2181904,4822,2012.0
CC#CCOc1cnc(C(=O)Nc2ccc(F)c(C3(C)N=C(N)OCC3(F)F)c2)cn1,8.221848749616356,CHEMBL2347198,4822,2013.0
CC#CCOc1cnc(C(=O)Nc2ccc(F)c(C3(C)CC(=O)N(C)C(N)=N3)c2)cn1,8.978810700930062,CHEMBL4086961,4822,2018.0
C#Cc1ccc(CC(NC(=O)COC)C(O)CNC2CC3(CCC3)Oc3ncc(CC(C)(C)C)cc32)cc1,7.327902142064282,CHEMBL2181899,4822,2012.0
CC#CCOc1cnc(C(=O)Nc2ccc(Cl)c(C3(CF)N=C(N)OC4CC43)c2)cn1,8.657577319177793,CHEMBL3688710,4822,2015.0
CC(C)Oc1cccc(CN2CCC3(CC2C)CN(c2ccncc2)S(=O)(=O)N3c2cccc(F)c2)c1,5.3979400086720375,CHEMBL2177476,4822,2012.0
CC(Cc1cc2cc(-c3ncccc3Cl)ccc2nc1N)C(=O)NCCC(C)(C)C,7.958607314841775,CHEMBL1821827,4822,2011.0
CNC(=O)Oc1ccc(CC2CS(=O)(=O)CC(NCc3cccc(C(C)C)c3)C2O)cc1Br,7.221848749616356,CHEMBL1760860,4822,2011.0
C=CCCCC(=O)NC(Cc1cccc(CC=C)c1)C(O)CNC1CC2(CCC2)Oc2ccc(CC)cc21,7.346787486224656,CHEMBL2407496,4822,2013.0
C=CCCCCC(=O)NC(Cc1cccc(CC=C)c1)C(O)CNC1CC2(CCC2)Oc2ccc(CC)cc21,7.036212172654444,CHEMBL2407338,4822,2013.0
C=C1CC2C3(C)CCC(=O)C(C)(C)C3C(=O)C(O)C2(C)C2C(=O)OC(C)(C(=O)OC)C(=O)C12C,5.478861916295964,CHEMBL4204435_CHEMBL4211219_CHEMBL4215650,4822,
C=C(c1ccccc1)c1cc(C(=O)NC(Cc2ccccc2)C(O)CNC2CC2)cc(N(C)S(C)(=O)=O)c1,5.886056647693163,CHEMBL201049,4822,2006.0
CC1CC2CSC(N)=NC2(c2nc(NC(=O)c3ccc(C(F)(F)F)cn3)cs2)CO1,7.220403508742176,CHEMBL3917530,4822,2016.0
CC1CC2CSC(N)=NC2(c2nc(NC(=O)c3ccc(C#N)cn3)cs2)CO1,7.661543506395395,CHEMBL4211913,4822,2018.0
CC1CC2CSC(N)=NC2(c2ccsc2)CO1,5.286509456906058,CHEMBL4203347,4822,2018.0
CN1C(=O)C(c2ccc(OC(F)F)cc2)(c2cccc(C=CCCCO)c2)N=C1N,7.397940008672037,CHEMBL1270832,4822,2006.0
CN1C(=O)C(c2ccc(OC(F)F)cc2)(c2ccc(F)c(OCCCCF)c2)N=C1N,7.0,CHEMBL1270135,4822,2010.0
CC(C)Oc1cccc(CN2CCC3(CC2C)CN(c2cccnc2)S(=O)(=O)N3c2cccc(F)c2)c1,5.508638306165727,CHEMBL2177477,4822,2012.0
CN1C(=O)C(c2ccc(OC(F)F)cc2)(c2ccc(F)c(OCCC=C(F)F)c2)N=C1N,7.522878745280337,CHEMBL1270436,4822,2006.0
c1ccc(CNC2CCN(Cc3ccccc3)C2)cc1,5.61636413163812,CHEMBL4758638,4822,2020.0
CC1CC2CSC(N)=NC2(c2ccccc2)CO1,5.876148359032914,CHEMBL4207711,4822,2018.0
CC1CC2CSC(N)=NC2(c2ccc(F)cc2F)CO1,6.153664650421815,CHEMBL3414707,4822,2015.0
CN1C(=O)C(c2ccc(OC(F)F)cc2)(c2cccc(C=CCC(F)F)c2)N=C1N,7.522878745280337,CHEMBL1270433,4822,2010.0
CN1C(=O)C(c2ccc(OC(F)F)cc2)(c2cccc(C=CC3CC3)c2)N=C1N,7.045757490560675,CHEMBL1270434,4822,2006.0
CN1C(=O)C(c2ccc(OC(F)F)cc2)(c2cccc(C(F)CCCF)c2)N=C1N,7.096910013008056,CHEMBL1270336,4822,2010.0
CC(C)Oc1cccc(CN2CCC3(CC2C)CN(C(C)C)S(=O)(=O)N3c2cccc(F)c2)c1,5.638272163982407,CHEMBL2177475,4822,2012.0
CC(C)Oc1cccc(CN2CCC3(CC2C)CN(C)S(=O)(=O)N3c2cccc(F)c2)c1,5.619788758288394,CHEMBL2177473,4822,2012.0
CCCCOc1ccc(C2(C34CC5CC(CC(C5)C3)C4)N=C(N)N(C)C2=O)cc1,6.060241268734609,CHEMBL585286,4822,2010.0
CC(Cc1cc2cc(-c3ncccc3C#N)ccc2nc1N)C(=O)NCCC(C)(C)C,6.4089353929735005,CHEMBL1821829,4822,2011.0
CC1CC2CSC(N)=NC2(c2cccs2)CO1,5.71669877129645,CHEMBL4204215,4822,2018.0
CN1C(=O)C(c2ccc(OC(F)F)cc2)(c2cccc(C#CCCCCO)c2)N=C1N,8.0,CHEMBL1269921,4822,2010.0
CC(N)C(Cc1ccsc1)NC(=O)c1cc(NCC2CC2C)nc(N(C)S(C)(=O)=O)c1,7.381228130928562,CHEMBL247596,4822,2007.0
CN1C(=O)C(c2ccc(OC(F)F)cc2)(c2cccc(C#CCCCCF)c2)N=C1N,7.397940008672037,CHEMBL1271142,4822,2010.0
CC(NC(=O)c1cc(OCC(=O)NCCCCCN)cc(OS(=O)(=O)Cc2ccccc2)c1)c1ccc(F)cc1,5.853871964321762,CHEMBL426717,4822,2004.0
CC(NC(=O)c1cc(C(=O)NC(CO)Cc2ccccc2)cc(N(C)S(C)(=O)=O)c1)c1ccc(F)cc1,6.200659450546418,CHEMBL380257,4822,2006.0
CC(NC(=O)c1cc(C(=O)NC(CN)Cc2ccccc2)cc(N(C)S(C)(=O)=O)c1)c1ccc(F)cc1,5.229147988357855,CHEMBL211937,4822,2006.0
C=C(C)C(CC=C(C)C)Cc1c(O)cc(O)c2c1OC(c1ccc(O)cc1OC)CC2=O,5.075720713938118,CHEMBL453642,4822,2008.0
C=C(C)C(CC=C(C)C)Cc1c(O)cc(O)c2c1OC(c1ccc(O)cc1O)CC2=O,5.2839966563652006,CHEMBL243148,4822,2008.0
CCCCNC(=O)C(C)CC(O)C1COCC=CCSCC(NC(C)=O)C(=O)NC(C)C(=O)N1,5.950781977329818,CHEMBL212102,4822,2006.0
C(=NC1CCN(Cc2ccccc2)CC1)c1ccccc1,5.468521082957745,CHEMBL4537808,4822,2019.0
OC(CCSc1ccc2ccccc2c1)Cn1c2ccccc2c2ccccc21,5.17134010346468,CHEMBL2058875,4822,2012.0
OC(CCn1c2ccccc2c2ccccc21)CSc1ccc2ccccc2c1,5.3655227298392685,CHEMBL2058874,4822,2012.0
CC1=C(C(=O)Nc2nc(C)cs2)C(c2ccco2)C(C(=O)Nc2nc(C)cs2)=C(C)N1,5.168770306132936,CHEMBL2443370,4822,2013.0
CC(NCc1cc(C2(C)CCSC(N)=N2)c(F)cc1F)C(F)(F)F,5.705533773838408,CHEMBL4061602,4822,2017.0
OC(CNCc1cccc(OCc2ccccc2)c1)Cn1cc(Br)c2cc(Br)ccc21,6.013228265733755,CHEMBL4445075,4822,2019.0
OC(CSc1ccc2ccccc2c1)Cn1c(-c2ccccc2)cc2ccccc21,5.176525770829699,CHEMBL2059613,4822,2012.0
OC(CSc1ccc2ccccc2c1)Cn1c2ccccc2c2ccccc21,5.2245204747284335,CHEMBL2058868_CHEMBL2058869_CHEMBL2059601,4822,
OC(CSc1ccccc1F)Cn1c2ccccc2c2ccccc21,5.270835210307229,CHEMBL2059596,4822,2012.0
OC(Cn1c2ccccc2c2ccccc21)C(O)Cn1c2ccccc2c2ccccc21,5.05453141486818,CHEMBL2059104,4822,2012.0
OC(Cn1c2ccccc2c2ccccc21)Cn1c2ccccc2c2ccccc21,6.1487416512809245,CHEMBL2059101,4822,2012.0
CC1=C(C(=O)Nc2nc(C)cs2)C(c2ccccc2[N+](=O)[O-])C(C(=O)Nc2nc(C)cs2)=C(C)N1,5.33161408331,CHEMBL2440151,4822,2013.0
OC1=C2Nc3ccccc3N=C2OC1c1c[nH]c2ccc(COc3ccccc3)cc12,5.7447274948966935,CHEMBL4062641,4822,2018.0
CNC(=O)C12CC1C(C)(c1cc(NC(=O)c3ccc(Cl)cn3)cc(F)c1F)N=C(N)S2,9.397940008672036,CHEMBL4475533,4822,2020.0
CNC(=O)C12CC1C(C)(c1cc(C=C(F)c3ccc(C#N)cn3)ccc1F)N=C(N)S2,8.698970004336019,CHEMBL4787115,4822,2020.0
CC1=C(C(=O)Nc2nc(C)cs2)C(c2ccc([N+](=O)[O-])cc2)C(C(=O)Nc2nc(C)cs2)=C(C)N1,5.375717904164332,CHEMBL2443373,4822,2013.0
OC(COc1ccc(Cc2ccccc2)cc1)CSc1ccccc1Cl,5.017728766960431,CHEMBL2059624,4822,2012.0
C=C(C)C(CC=C(C)C)Cc1c(O)cc(O)c2c1OC(c1ccccc1O)CC2=O,5.585026652029182,CHEMBL455679,4822,2008.0
CN1C(=O)C(c2ccc(OC(F)F)cc2)(c2cccc(C#CC3CC3)c2)N=C1N,7.650514997831991,CHEMBL1271246,4822,2010.0
CCCCNC(=O)C(C)CC(O)C1COCC=CCSCC(NC(=O)OC(C)(C)C)C(=O)NC(C)C(=O)N1,6.292429823902063,CHEMBL377548,4822,2006.0
C#Cc1cscc1CC(NC1=NC(C)(C)Cc2cc(Cl)ccc21)C(=O)O,6.119186407719209,CHEMBL2380819,4822,2013.0
CC1=NC(c2ccccc2)(c2cccc(-c3cccnc3)c2)N=C1N,5.886056647693163,CHEMBL2180022,4822,2012.0
CC1=NC(c2cccc(-c3cncc(Cl)c3)c2)(C2CC2)N=C1N,6.508638306165727,CHEMBL2180033,4822,2012.0
CC(C)c1cc(C2(c3cccc(-c4cncnc4)c3)N=C(N)N(C)C2=O)ccn1,7.154964010919428,CHEMBL590492,4822,2010.0
CC1=NC(c2cccc(-c3cccnc3)c2)(C2CCCCC2)N=C1N,5.853871964321762,CHEMBL2180034,4822,2012.0
CC1=NC(c2ccc(F)cc2)(c2cccc(-c3cccnc3)c2)N=C1N,6.309803919971486,CHEMBL2180024,4822,2012.0
CC1=NC(Cc2ccccc2)(c2cccc(-c3cncnc3)c2)N=C1N,5.585026652029182,CHEMBL2180032,4822,2012.0
CC1CC2CC(F)(F)C(N)=NC2(c2cc(NC(=O)c3cnc(OCF)cn3)ccc2F)CO1,8.823908740944319,CHEMBL4648883,4822,2020.0
CCCCOc1cc(C2(c3cccc(-c4cccnc4)c3)N=C(N)N(C)C2=O)ccc1OC,7.301029995663981,CHEMBL567061,4822,2010.0
NCCCCCN1CCN(c2ccc(-c3ccccc3)cc2NC(=O)c2cccc3ccccc23)CC1,7.167491087293763,CHEMBL379820,4822,2006.0
c1ccc(-c2nnc(N3CCN(c4ccccn4)CC3)o2)cc1,5.492144128304169,CHEMBL4746559,4822,2019.0
C=C(C)C(CC=C(C)C)Cc1c(O)cc(OC)c2c1OC(c1ccc(O)cc1O)CC2=O,5.481486060122112,CHEMBL243796,4822,2008.0
CN1C(=O)C(c2ccc(OC(F)F)cc2)(c2cccc(-c3cccnc3F)c2)N=C1N,8.0,CHEMBL1271244,4822,2010.0
CC#CC(=O)Nc1ccc(F)c(C2(C)Cc3c(F)cncc3C(N)=N2)c1,7.267606240177031,CHEMBL4560473,4822,2019.0
Cc1cccnc1-c1ccc2nc(N)c(CC(C)C(=O)NCCC(C)(C)C)cc2c1,7.795880017344075,CHEMBL1821826_CHEMBL3808988,4822,
CN1C(=O)C(c2ccc(OC(F)F)cc2)(c2cccc(C#CC3CCCCC3)c2)N=C1N,6.481486060122112,CHEMBL1271345,4822,2010.0
CC1CC2(CCN1Cc1cccc(-c3ccccc3Cl)c1)CNS(=O)(=O)N2c1cccc(F)c1,5.769551078621726,CHEMBL2177472,4822,2012.0
CC1CC2(CCN1Cc1ccc3[nH]ccc3c1)CN(C)S(=O)(=O)N2c1cccc(F)c1,5.214670164989233,CHEMBL2177482,4822,2012.0
CC1CC2(CCN1Cc1ccc(O)cc1)CN(C)S(=O)(=O)N2c1cccc(F)c1,6.568636235841012,CHEMBL2177484,4822,2012.0
CC12CCC3C(C)(C)C(=O)CCC3(C)C1CCC1C(=CC(=O)C3C(C)(C)C(O)CCC13C)C2,6.638272163982407,CHEMBL3586197,4822,2015.0
CC1CC2(CCN1Cc1ccc(O)c(Cl)c1)CN(C)S(=O)(=O)N2c1cccc(F)c1,5.795880017344075,CHEMBL2177468,4822,2012.0
CC1CC1CNc1cc(C(=O)NC(CN)Cc2ccccc2)cc(N(C)S(C)(=O)=O)n1,7.011458439842073,CHEMBL393850,4822,2007.0
CC1CC1CNc1cc(C(=O)NC(CO)Cc2cc(F)cc(F)c2)cc(N(C)S(C)(=O)=O)n1,7.130768280269024,CHEMBL396338,4822,2007.0
c1ccc(CNC2CCN(Cc3ccccc3)CC2)cc1,5.537602002101044,CHEMBL4453051,4822,2019.0
O=[N+]([O-])c1ccc(-c2nnc(N3CCN(c4ccccn4)CC3)o2)cc1,5.872895201635192,CHEMBL4754304,4822,2019.0
CN1C(=O)C(c2ccc(OC(F)F)cc2)(c2cccc(C=CCCF)c2)N=C1N,7.397940008672037,CHEMBL1270337,4822,2010.0
C=C1CC2C3(C)CCC(=O)C(C)(C)C3C(=O)C(O)C2(C)C2C(=O)OC(C)C(=O)C12C,5.232844133917819,CHEMBL4216181_CHEMBL4218091,4822,
CN1CC(N)=NC(C)(c2cccc(NC(=O)c3ccc(C(F)(F)F)cn3)c2)C1=O,5.860120913598763,CHEMBL1923295,4822,2011.0
CCCN(CCC)C(=O)c1cc(C)cc(C(=O)NC(Cc2cc(F)cc(F)c2)C(O)C2CC(OCC)CCN2)c1,8.096910013008056,CHEMBL257278,4822,2008.0
CN1CC(N)=NC(C)(c2cccc(NC(=O)c3ccc(Cl)cn3)c2)C1,7.494850021680094,CHEMBL2403767,4822,2013.0
CCCN(CCC)C(=O)c1cc(C)cc(C(=O)NC(Cc2cc(F)cc(F)c2)C(O)C2CC(OC)CN2)c1,6.7281583934635005,CHEMBL255372,4822,2008.0
C#CCOc1cnc(C(=O)Nc2cc(F)c(F)c(C3(C)N=C(N)SC4(C(=O)N(C)C)CC43)c2)cn1,9.522878745280336,CHEMBL4472708,4822,2020.0
CNC(=O)c1cc(C(=O)NC(Cc2ccccc2)C(O)CNC2CC2)cc(N(C)S(C)(=O)=O)c1,6.008773924307505,CHEMBL201961,4822,2006.0
CC1CC2CSC(N)=NC2(c2nc(NC(=O)c3ccc(OC(F)F)cn3)cs2)CO1,7.432973633840939,CHEMBL3952064,4822,2016.0
C#CCOc1cnc(C(=O)Nc2cc(F)c(F)c(C3(C)N=C(N)SC4(C(F)F)CC34)c2)cn1,9.69897000433602,CHEMBL4577527,4822,2020.0
CCCN(CCC)C(=O)c1cc(C)cc(C(=O)NC(Cc2cc(F)cc(F)c2)C(O)C2CC(O)CN2)c1,7.050609993355087,CHEMBL404680,4822,2008.0
CCCCc1cccc(C2(c3ccc(OC(F)F)cc3)N=C(N)N(C)C2=O)c1,7.522878745280337,CHEMBL1270727,4822,2010.0
CCCN(CCC)C(=O)c1cc(C)cc(C(=O)NC(Cc2cc(F)cc(F)c2)C(O)C2CCCCN2)c1,6.886056647693163,CHEMBL270153,4822,2008.0
CCCCc1cc(CC2CS(=O)(=O)CC(NCc3cccc(C(C)C)c3)C2O)ccc1O,6.823908740944319,CHEMBL1760856,4822,2011.0
C#CCOc1cnc(C(=O)Nc2cc(F)c(F)c(C3(C)N=C(N)SC4(CF)CC43)c2)cn1,9.69897000433602,CHEMBL4437161,4822,2020.0
CC(C)Oc1cc(CC2CS(=O)(=O)CC(NCc3cccc(C(C)(C)C)c3)C2O)cc(F)c1N,7.366531544420413,CHEMBL2048049,4822,2012.0
CC(C)Oc1cc(CN2CCC3(CC2C)CN(C)S(=O)(=O)N3c2cccc(F)c2)ccc1O,7.0,CHEMBL2177470,4822,2012.0
CN1CC(N)=NC(C)(c2cccc(NC(=O)c3ccc(Cl)cn3)c2)C1=O,6.4325227409049575,CHEMBL1923158_CHEMBL1923159_CHEMBL1923160,4822,
Cc1coc(C2CC3CSC(N)=NC3(c3ccc(F)cc3F)CO2)n1,8.397940008672037,CHEMBL3422236,4822,2015.0
CN1CCC(C)(c2cc(NC(=O)c3ccc(Cl)cn3)ccc2F)N=C1N,7.920818753952375,CHEMBL2403766,4822,2013.0
C#CCOc1cnc(C(=O)Nc2cc(F)c(F)c(C3(C)N=C(N)SC4(COC)CC43)c2)c(C)c1,8.744727494896694,CHEMBL4452318,4822,2020.0
CC1(c2nc(NC(=O)c3ncc(C(F)(F)F)cc3Cl)ccc2F)COC(C)(C(F)(F)F)C(N)=N1,7.958607314841775,CHEMBL3670375,4822,2014.0
Oc1ccc(CNC2CCN(Cc3ccccc3)CC2)cc1,5.00436480540245,CHEMBL4561792,4822,2019.0
COc1ncc(Cc2c(C)noc2C)c2c1CC1(c3ccc(F)cc3F)N=C(N)SCC1C2,8.230032198670557,CHEMBL4520734,4822,2019.0
O=c1[nH]c(=O)c2cc[nH]c2[nH]1,6.522878745280337,CHEMBL122899,4822,2019.0
C#CCOc1cnc(C(=O)Nc2cc(F)c(F)c(C3(C)N=C(N)SC4(COC)CC43)c2)cn1,9.397940008672036,CHEMBL4560579,4822,2020.0
C#CCOc1ccc(C(=O)Nc2cc(F)c(F)c(C3(C)N=C(N)SC4(COC)CC43)c2)nc1,9.154901959985745,CHEMBL4456778,4822,2020.0
CCCN(CCC)C(=O)c1cc(C)cc(C(=O)NC(Cc2cc(F)cc(F)c2)C(O)C2CCN2)c1,6.113509274827518,CHEMBL272320,4822,2008.0
CCCN(c1cc(C(=O)NC(Cc2ccccc2)C(C)N)cc(N(C)CC2CC2C)n1)S(C)(=O)=O,7.173925197299173,CHEMBL399113,4822,2007.0
O=[N+]([O-])c1ccc(C=NC2CCN(Cc3ccccc3)C2)cc1,5.421934116163909,CHEMBL4757415,4822,2020.0
CCCN(CCC)S(=O)(=O)CCCC(=O)NC(Cc1ccccc1)C(O)CNCc1cccc(OC)c1,5.09963287134353,CHEMBL252962,4822,2007.0
O=[N+]([O-])c1ccc(C=NC2CCN(Cc3ccccc3)CC2)cc1,6.136677139879544,CHEMBL4452092,4822,2019.0
CCCN(CCC)S(=O)(=O)CCC(=O)NC(Cc1ccccc1)C(O)CNCc1cccc(OC)c1,5.962573502059376,CHEMBL252961,4822,2007.0
CN1C(=O)C(c2ccc(OC(F)F)cc2)(c2ccc(F)c(OCCF)c2)N=C1N,6.920818753952375,CHEMBL1270028,4822,2010.0
COc1ncccc1-c1cccc(C2(c3ccc(OC(F)(F)F)cc3)N=C(N)N(C)C2=O)c1,6.2839966563652006,CHEMBL567259,4822,2010.0
O=[N+]([O-])c1ccc(CNC2CCN(Cc3ccccc3)C2)cc1,5.741362717275924,CHEMBL4796846,4822,2020.0
O=[N+]([O-])c1ccc(CNC2CCN(Cc3ccccc3)CC2)cc1,6.366531544420413,CHEMBL4442580,4822,2019.0
O=[N+]([O-])c1ccc(N(CC(O)Cn2c3ccccc3c3ccccc32)S(=O)(=O)c2ccccc2)cc1,5.42021640338319,CHEMBL4204042,4822,2017.0
CCCN(CCC)C(=O)c1cc(C)cc(C(=O)NC(Cc2cc(F)cc(F)c2)C(O)C2CCCN2)c1,7.187086643357144,CHEMBL256434,4822,2008.0
CC(C)c1ccc(COC2CN(C(=O)OC(C)(C)C)CC2Nc2nc3cc(F)ccc3[nH]2)cc1,6.136677139879544,CHEMBL3746656,4822,2016.0
CC(C)c1ccc(C(=O)OC2CN(C(=O)OC(C)(C)C)CC2Nc2nc3cc(F)ccc3[nH]2)cc1,7.154901959985743,CHEMBL3746261,4822,2016.0
CCCN(CCC)C(=O)c1cccc(C(=O)NC(Cc2ccccc2)C(O)CNCc2cccc(OC)c2)c1,6.301029995663981,CHEMBL443239,4822,2007.0
CCCN(CCC)C(=O)c1cccc(C(=O)NC(Cc2ccccc2)C(O)CNCc2cccc(I)c2)c1,6.508638306165727,CHEMBL254625,4822,2007.0
CCCN(CCC)C(=O)c1cccc(C(=O)NC(Cc2cc(F)cc(F)c2)C(O)CC(C)C(=O)NCC(C)C)c1,7.522878745280337,CHEMBL42908,4822,2008.0
CC1CC(C)(c2cc(CNC3(C(F)(F)F)CC3)c(F)cc2F)N=C(N)S1,7.107905397309519,CHEMBL4088234,4822,2017.0
CN1C(=O)C(c2ccc(OC(F)F)cc2)(c2cccc(OC(F)F)c2)N=C1N,6.698970004336019,CHEMBL1270241,4822,2010.0
CN1CC(C)(c2cc(NC(=O)c3ccc(Cl)cn3)ccc2F)N=C(N)C1=O,7.513991200662993,CHEMBL1923297_CHEMBL4550000,4822,
CN1CC(C)(c2cccc(NC(=O)c3ccc(Cl)cn3)c2)N=C(N)C1=O,6.394907647263796,CHEMBL1921816,4822,2011.0
c1ccc2c(NCCCCCCCNc3c4c(nc5ccccc35)CCCC4)c3c(nc2c1)CCCC3,5.1249387366083,CHEMBL32823_CHEMBL3752685,4822,
CN1CC(N)=NC(C)(c2cccc(NC(=O)c3ccc(C#N)cn3)c2)C1=O,6.089909454405932,CHEMBL1923294,4822,2011.0
CC(C)c1ccc(C(=O)OC2CN(S(=O)(=O)c3ccccc3)CC2Nc2nc3cc(F)ccc3[nH]2)cc1,6.142667503568731,CHEMBL3747381,4822,2016.0
Oc1ccc(CNC2CCN(Cc3ccccc3)C2)cc1,6.014124642691606,CHEMBL4764465,4822,2020.0
COc1ncc(Cc2c(C)cccc2C)c2c1CC1(c3ccc(F)cc3F)N=C(N)SCC1C2,7.99012436628784,CHEMBL4549145,4822,2019.0
Oc1ccc(C=NCCn2ccc3ccccc32)c(O)c1,5.30033623392066,CHEMBL4174503,4822,2018.0
Oc1ccc(-c2nnc(N3CCN(c4ccccn4)CC3)o2)c(O)c1,6.417936637088291,CHEMBL4761564,4822,2019.0
CN1C(=O)C(c2ccc(OC(F)F)cc2)(c2cccc(CCCC(F)(F)F)c2)N=C1N,7.221848749616356,CHEMBL1270134,4822,2010.0
CN1C(=O)C(c2ccc(OC(F)F)cc2)(c2cccc(CCCC#N)c2)N=C1N,7.301029995663981,CHEMBL1270238,4822,2010.0
CN1C(=O)C(c2ccc(OC(F)F)cc2)(c2cccc(C=CCCO)c2)N=C1N,7.301029995663981,CHEMBL1270730,4822,2010.0
C#CCOc1cnc(C(=O)Nc2ccc(F)c(C3(C)N=C(N)OCC3(F)F)c2)cn1,7.886056647693163,CHEMBL2347197,4822,2013.0
CN1C(=O)C(C)(c2cccc(NC(=O)c3ccc(Cl)cn3)c2)N=C1N,5.991399828238082,CHEMBL2403761,4822,2013.0
CN1C(=O)C(C2CCCCC2)(C2CCCCC2)N=C1N,5.96657624451305,CHEMBL589163,4822,2010.0
CN1C(=O)C(c2ccc(OC(F)(F)F)cc2)(C23CC4CC(CC(C4)C2)C3)N=C1N,6.327952969707121,CHEMBL583899,4822,2010.0
CN1C(=O)C(c2ccc(OC(F)(F)F)cc2)(c2cc(F)cc(-c3cncnc3)c2)N=C1N,6.494850021680094,CHEMBL566633,4822,2010.0
CN1C(=O)C(c2ccc(OC(F)F)cc2)(c2ccc(F)c(OCCCF)c2)N=C1N,8.0,CHEMBL1270029,4822,2010.0
Oc1ccc(-c2nnc(N3CCN(c4ccccn4)CC3)o2)cc1,5.7495799976911055,CHEMBL4746180,4822,2019.0
C#CCOc1cnc(C(F)=Cc2ccc(F)c(C3(C)CS(=O)(=O)C(C)(C)C(N)=N3)c2)cn1,8.522878745280337,CHEMBL4470897,4822,2019.0
CN1C(=O)C(c2ccc(OC(F)(F)F)cc2)(c2cccc(-c3cccnc3F)c2)N=C1N,7.221897012603068,CHEMBL1271140_CHEMBL567258,4822,
C#CCOc1cnc(C(F)=Cc2ccc(F)c(C3(C)CS(=O)(=O)N(C)C(N)=N3)c2)cn1,8.096910013008056,CHEMBL4440849,4822,2019.0
Oc1cc(O)cc(Oc2c(O)cc(O)c3c2Oc2c(O)cc(Oc4c(O)cc(O)cc4O)cc2O3)c1,5.066006836168757,CHEMBL456228,4822,2010.0
CN1C(=O)C(c2ccc(OC(F)(F)F)cc2)(c2cccc(-c3cncnc3)c2F)N=C1N,5.866461091629782,CHEMBL566404,4822,2010.0
CN1C(=O)C(c2ccc(OC(F)F)cc2)(c2ccc(F)c(C#CC3CC3)c2)N=C1N,7.659379381312206,CHEMBL1270335,4822,2010.0
CN1C(=O)C(c2ccc(OC(F)F)cc2)(c2ccc(F)c(C#CCCCF)c2)N=C1N,7.674360993000928,CHEMBL1270835,4822,2010.0
Oc1cc(O)c2oc3cc(O)c4oc5cc(O)cc(O)c5oc4c3oc2c1,5.271646217978772,CHEMBL559870,4822,2010.0
CC1CC2CSC(N)=NC2(c2nc(NC(=O)c3ccc(Cl)cn3)cs2)CO1,7.536107011014092,CHEMBL3967984,4822,2016.0
CN1C(=O)C(c2ccc(OC(F)F)cc2)(c2ccc(F)c(OCC(F)F)c2)N=C1N,7.154901959985743,CHEMBL1270339,4822,2010.0
CCCCNC(=O)C(C)CC(O)C(CC(C)C)NC(=O)C(C)NC(=O)C(CC(C)C)NC(C)=O,6.920818753952375,CHEMBL209795,4822,2006.0
CC(CC(O)C1CCCCCCC(N)C(=O)NC(C)C(=O)N1)C(=O)NC(C(=O)NCc1ccccc1)C(C)C,5.620331965966346,CHEMBL200510,4822,2006.0
COc1ncc(C(=O)NC2CC2)c2c1CC1(c3ccc(F)cc3F)N=C(N)SCC1C2,7.119186407719209,CHEMBL4459963,4822,2019.0
Oc1ccc(C=NC2CCN(Cc3ccccc3)C2)c(O)c1,5.353988590408761,CHEMBL4780232,4822,2020.0
Cc1ccoc1C(=O)Nc1cccc(C2(C3CCCCC3)N=C(N)N(C)C2=O)c1,7.397940008672037,CHEMBL590830,4822,2010.0
CC1CC2CSC(N)=NC2(c2nc(NC(=O)c3ccc(OC(F)(F)F)cn3)cs2)CO1,6.97061622231479,CHEMBL3947194,4822,2016.0
CN1C(=N)NC(C)(c2cc(NC(=O)c3ccc(Cl)cn3)ccc2F)CS1(=O)=O,9.045757490560677,CHEMBL3672916,4822,2018.0
CN1C(=O)C(c2cccc(-c3cccnc3)c2)(c2ccc3c(c2)OCCO3)N=C1N,7.0458781614395525,CHEMBL584917,4822,2010.0
CC1CC2CSC(N)=NC2(c2nc(NC(=O)c3ccc(F)cn3)cs2)CO1,6.6401645176601125,CHEMBL3979124,4822,2016.0
Cc1ccccc1-c1ccc2[nH]cc(C(=O)NCc3cccc(Br)c3)c(=O)c2c1,5.723538195826755,CHEMBL3236225,4822,2014.0
Cc1ccccc1-c1ccc2[nH]cc(C(=O)NCc3cccc(C(F)(F)F)c3)c(=O)c2c1,5.209011524911184,CHEMBL3236224,4822,2014.0
Cc1ccccc1-c1ccc2nc(N)c(CC(C(=O)NCC3CCCCC3)C(C)C)cc2c1,7.568636235841012,CHEMBL1821818,4822,2011.0
Cc1coc(C2CC3C(CF)SC(N)=NC3(c3ccc(F)cc3F)CO2)n1,8.0,CHEMBL3422244,4822,2015.0
COc1ncc(CC2CCOCC2)c2c1CC1(c3ccc(F)cc3F)N=C(N)SCC1C2,8.521435901161594,CHEMBL4530208,4822,2019.0
Oc1ccc(C=NC2CCN(Cc3ccccc3)CC2)c(O)c1,5.0,CHEMBL4556855,4822,2019.0
Cc1ccccc1-c1ccc2nc(N)c(CC(C)C(=O)NC3CCOC(C)(C)C3)cc2c1,9.154901959985745,CHEMBL1821728,4822,2011.0
Cc1ccccc1-c1ccc2nc(N)c(CC(C)C(=O)NCC3CCOCC3)cc2c1,8.0,CHEMBL1821825,4822,2011.0
Cc1coc(C2CC3C(C)SC(N)=NC3(c3ccc(F)cc3F)CO2)n1,8.221848749616356,CHEMBL3422241,4822,2015.0
Oc1ccc(C=NC2CCN(Cc3ccccc3)C2)cc1,5.338755391040666,CHEMBL4755117,4822,2020.0
Cc1ccccc1-c1ccc2nc(N)c(CC(C)C(=O)NCCC(C)(C)C)cc2c1,9.187086643357144,CHEMBL1821820,4822,2011.0
Cc1ccccc1-c1ccc2nc(N)c(CC(C)C(=O)NCc3ccccc3)cc2c1,7.698970004336019,CHEMBL1821821,4822,2011.0
Cc1ccccc1-c1ccc2nc(N)c(CC(C)C(=O)NCc3cccnc3)cc2c1,7.055517327849831,CHEMBL1821822,4822,2011.0
Cc1cnc(C(=O)Nc2cccc(C3(C)N=C(N)CN(C)C3=O)c2)cn1,5.150028087671149,CHEMBL1923296,4822,2011.0
Cc1ccccc1-c1ccc2nc(N)c(CC(C)C(=O)NCc3cnccn3)cc2c1,7.301029995663981,CHEMBL1821824,4822,2011.0
Cc1ccccc1-c1ccc2nc(N)c(CC(C)C(=O)NCc3cncs3)cc2c1,7.508638306165727,CHEMBL1821823,4822,2011.0
Cc1ccccc1-c1ccc2nc(N)c(CCC(=O)N(C)C3CCCCC3)cc2c1,5.2839966563652006,CHEMBL1821810,4822,2011.0
Cc1ccccc1-c1ccc2nc(N)c(CCC(=O)NC3CCCCC3)cc2c1,7.130768280269024,CHEMBL1821811,4822,2011.0
Cc1ccccc1-c1ccc2nc(N)c(CCC(=O)NCC3CCCCC3)cc2c1,7.468521082957745,CHEMBL1821812,4822,2011.0
C=CCCC(=O)NC(Cc1cccc(CC=C)c1)C(O)CNC1CC2(CCC2)Oc2ccc(CC)cc21,6.958607314841775,CHEMBL2407495,4822,2013.0
Cc1cc(C2(c3cccc(-c4cccnc4)c3)N=C(N)N(C)C2=O)ccn1,7.0,CHEMBL598257,4822,2010.0
NC1=NC2(CO1)c1cc(-c3cccnc3F)ccc1Oc1cnc(N3CCOCC3)cc12,8.886056647693163,CHEMBL3394046,4822,2015.0
COc1cccc2cc(C(=O)Nc3cc(Br)ccc3N3CCN(C(=O)OC(C)(C)C)CC3)c(=O)oc12,5.619788758288394,CHEMBL206854,4822,2006.0
CC1(c2cc(C=C(F)c3ccc(C#N)cn3)ccc2F)N=C(N)SC2(C(=O)N3CCCC3)CC21,9.045757490560677,CHEMBL4740498,4822,2020.0
CC(O)C#Cc1cccc(C2(c3ccc(OC(F)F)cc3)N=C(N)N(C)C2=O)c1,7.698970004336019,CHEMBL1269920,4822,2010.0
CCCCC(N)C(Cc1ccccc1)NC(=O)c1cc(N(C)CC2CC2C)nc(N(CCC)S(C)(=O)=O)c1,7.4089353929735005,CHEMBL248056,4822,2007.0
CCCC1CCNC(C(O)C(Cc2cc(F)cc(F)c2)NC(=O)c2cc(C)cc(C(=O)N(CCC)CCC)c2)C1,7.154901959985743,CHEMBL258083,4822,2008.0
CCCC(Cc1cc2cc(-c3ccccc3C)ccc2nc1N)C(=O)NCC1CCCCC1,7.958607314841775,CHEMBL1821819,4822,2011.0
CC1(c2cc(C=C(F)c3ccc(C#N)cn3)ccc2F)N=C(N)SC2(C(=O)N3CCC3)CC21,9.0,CHEMBL4790308,4822,2020.0
CCCC(CCC)S(=O)(=O)CCC(=O)NC(Cc1ccccc1)C(O)CNCc1cccc(OC)c1,6.224753740259764,CHEMBL401141,4822,2007.0
CCCC(C)S(=O)(=O)CCC(=O)NC(Cc1ccccc1)C(O)CNCc1cccc(OC)c1,5.25072759170158,CHEMBL252755,4822,2007.0
CCCCC(N)C(Cc1ccccc1)NC(=O)c1cc(NCC2CC2C)nc(N(C)S(C)(=O)=O)c1,7.328788659588897,CHEMBL247415,4822,2007.0
Cc1cc2c(cn1)Oc1ccc(NC(=O)c3ccc(Cl)cn3)cc1C21COC(N)=N1,7.508638306165727,CHEMBL4289749,4822,2017.0
CCC(NCC1Cc2cccc(c2)CCCCc2cc(cc(N(C)S(C)(=O)=O)c2)C(=O)N1)C(=O)NCC(C)C,7.045757490560675,CHEMBL217374,4822,2006.0
CC1(c2cc(-c3cncnc3)c(F)cc2F)CCSC(N)=N1,6.566859184954804,CHEMBL2333941,4822,2014.0
NC(=NC(=O)Cn1c(-c2ccccc2)ccc1C12CC3CC(CC(C3)C1)C2)NCCCO,6.619788758288394,CHEMBL403819,4822,2006.0
CC1(S(C)(=O)=O)CCC(CF)(c2cc(NC(=O)c3ccc(OCF)cn3)ccc2F)N=C1N,8.657577319177793,CHEMBL4565391,4822,2019.0
Fc1ccc(-c2nnc(N3CCN(c4ccccn4)CC3)o2)c(F)c1,7.008773924307505,CHEMBL4759108,4822,2019.0
Fc1ccc(-c2nnc(N3CCN(c4ccccn4)CC3)o2)cc1,5.8297382846050425,CHEMBL4761911,4822,2019.0
COc1ccc(C=CC(=O)C=C(O)C=Cc2ccc(OCc3ccccc3)cc2)cc1,5.642065152999546,CHEMBL3763815,4822,2016.0
COc1ccc(C=CC(=O)C=C(O)C=Cc2ccc(OC)cc2)cc1,5.782516055786093,CHEMBL454662,4822,2016.0
CCC(NCC1Cc2cccc(c2)CCCCCc2cc(cc(N(C)S(C)(=O)=O)c2)C(=O)N1)C(=O)NCC(C)C,5.958607314841775,CHEMBL214963,4822,2006.0
CC1(COc2ccc3c(c2)C2(COC(N)=N2)c2cc(-c4cncnc4)ccc2O3)COC1,8.154901959985743,CHEMBL3354701,4822,2014.0
CCCCC(N)C(Cc1ccsc1)NC(=O)c1cc(NCC2CC2C)nc(N(C)S(C)(=O)=O)c1,7.689411859112482,CHEMBL440957,4822,2007.0
CCCCC(O)C=CC=CC(=O)O,5.1605219526258015,CHEMBL3586207,4822,2015.0
CC1(c2cc(C=C(F)c3ccc(C#N)cn3)ccc2F)N=C(N)SC2(S(C)(=O)=O)CC12,8.698970004336019,CHEMBL4779386,4822,2020.0
FC(F)(F)c1ccc(CNC2CCN(Cc3ccccc3)C2)cc1,6.010995384301463,CHEMBL4761542,4822,2020.0
CC1(c2cc(C=C(F)c3ccc(C#N)cn3)ccc2F)N=C(N)SC2(C(=O)N3CCOCC3)CC21,8.823908740944319,CHEMBL4760458,4822,2020.0
FC(F)(F)c1ccc(CNC2CCN(Cc3ccccc3)CC2)cc1,6.657577319177793,CHEMBL4583534,4822,2019.0
Cc1ccc(-c2cnc3c(c2)C2(COC(N)=N2)c2cc(-c4cccnc4F)ccc2O3)cc1,9.045757490560677,CHEMBL3359757,4822,2014.0
CC1(c2cc(C=C(F)c3ccc(C#N)cn3)ccc2F)N=C(N)SC2(C(=O)N3CCCCC3)CC21,9.045757490560677,CHEMBL4746645,4822,2020.0
Cc1ccc(-c2cc3c(c(F)n2)Oc2ccc(-c4cccnc4F)cc2C32COC(N)=N2)cn1,9.397940008672036,CHEMBL3394213,4822,2015.0
CCC(=O)c1cc(C(=O)NC(Cc2ccccc2)C(O)CNC2CC2)cc(N(C)S(C)(=O)=O)c1,5.823908740944319,CHEMBL382233,4822,2006.0
CCCCC(O)C(Cc1cc(F)cc(F)c1)NC(=O)c1cc(NCC2CC2C)nc(N(C)S(C)(=O)=O)c1,7.886056647693163,CHEMBL247595,4822,2007.0
COc1ccc(CNC(=O)c2c[nH]c3ccc(S(=O)(=O)Nc4ccc(C(F)(F)F)cc4)cc3c2=O)cc1,5.152427340857888,CHEMBL3236216,4822,2014.0
COc1ccc(CN(CC(O)Cn2c3ccccc3c3ccccc32)S(=O)(=O)c2ccccc2)cc1,5.2441251443275085,CHEMBL4204985,4822,2017.0
CCCCCC(=O)Oc1ccc2c(=O)c(C3C(OC(=O)CC)=C(C)NC(C)=C3OC(=O)CC)coc2c1,5.164943898279883,CHEMBL4066788,4822,2017.0
COc1ccc(CC2CS(=O)(=O)CC(NCc3cccc(C(C)C)c3)C2O)cc1Br,5.552841968657781,CHEMBL1760852,4822,2011.0
COc1ccc(CC(NC(C)=O)C(O)CNC2CC3(CCC3)Oc3ncc(CC(C)(C)C)cc32)cc1OC,7.739928612014925,CHEMBL2181885,4822,2012.0
CCC(C)Cc1cccc(C2(c3ccc(OC(F)F)cc3)N=C(N)N(C)C2=O)c1,6.958607314841775,CHEMBL1270133,4822,2010.0
CCC(CC(=O)NCC1CCCCC1)n1c(N)nc2cc(Cl)ccc21,5.154901959985743,CHEMBL1222240,4822,2010.0
FC(F)(F)c1ccc2nc(-c3cccc(N4CCc5ccccc5C4)n3)[nH]c2c1,5.443697499232712,CHEMBL4574899,4822,2019.0
CCC(Cc1cc2cc(-c3ccccc3C)ccc2nc1N)C(=O)NCC1CCCCC1,7.795880017344075,CHEMBL1821817,4822,2011.0
COc1ccc(CNC(=O)C2CCN(C(=O)c3ccccc3)CC2)cc1OC,7.73754891026957,CHEMBL4455013,4822,2019.0
CC1(COc2ccc3c(c2)C2(COC(N)=N2)c2cc(-c4cccnc4)ccc2O3)COC1,8.154901959985743,CHEMBL3354711,4822,2014.0
Fc1ccc(C=NC2CCN(Cc3ccccc3)C2)c(F)c1,5.577082019232337,CHEMBL4744470,4822,2020.0
CC1(COc2ccc3c(c2)C2(COC(N)=N2)c2cc(-c4cccnc4)cc(F)c2O3)COC1,7.1487416512809245,CHEMBL3354714,4822,2014.0
Cc1cc(-c2cc3c(c(F)n2)Oc2ccc(-c4cccnc4F)cc2C32COC(N)=N2)on1,9.522878745280336,CHEMBL3394228,4822,2015.0
Cc1cc(-c2cc3c(cn2)Oc2ccc(-c4cccnc4F)cc2C32COC(N)=N2)ccn1,8.619788758288394,CHEMBL3394056,4822,2015.0
Fc1ccc(CNC2CCN(Cc3ccccc3)CC2)cc1,6.259637310505756,CHEMBL1424080,4822,2019.0
CCCC(=O)Nc1cccc(C2(C3CCCCC3)N=C(N)N(C)C2=O)c1,5.54515513999149,CHEMBL595302,4822,2010.0
CCCC#Cc1cccc(C2(c3ccc(OC(F)F)cc3)N=C(N)N(C)C2=O)c1,7.522878745280337,CHEMBL1271036,4822,2010.0
CCCC#Cc1cc(C2(c3ccc(OC(F)F)c(C)c3)N=C(N)N(C)C2=O)ccc1F,7.537860356969059,CHEMBL1270834,4822,2010.0
CC1(C)OCC(c2cc(NC(=O)c3ccc(Br)cn3)ccc2F)(C(F)F)N=C1N,7.060480747381382,CHEMBL4126839,4822,2018.0
Cc1cc(C#N)cnc1C(=O)Nc1cc(F)c(F)c(C2(C(F)F)COCC(N)=N2)c1,7.698970004336019,CHEMBL4128770,4822,2018.0
Fc1ccc(CNC2CCN(Cc3ccccc3)CC2)c(F)c1,5.537602002101044,CHEMBL4443695,4822,2019.0
Cc1cc(C#N)cnc1C(=O)Nc1ccc(F)c(C2(C(F)F)COC(CF)(CF)C(N)=N2)c1,7.119186407719209,CHEMBL4128824,4822,2018.0
CCOc1cc(CC2CS(=O)(=O)CC(NCc3cccc(C(C)(C)C)c3)C2O)cc(F)c1N,7.619788758288394,CHEMBL2048039,4822,2012.0
CCOc1cc(CN2CCC3(CC2C)CN(C)S(=O)(=O)N3c2cccc(F)c2)ccc1O,5.920818753952375,CHEMBL2177469,4822,2012.0
Cc1cc(OC(F)F)cnc1C(=O)Nc1csc(C23COC(C)CC2CSC(N)=N3)n1,7.642065152999546,CHEMBL3972449,4822,2016.0
COc1ccc(C2(c3ccccc3)N=C(N)N(C)C2=O)cc1,5.508819103953845,CHEMBL577905,4822,2010.0
COc1ccc(C2(c3cccc(Br)c3)N=C(N)N3CC(F)(F)CN=C32)cc1,5.470000200122707,CHEMBL1957479,4822,2012.0
COc1ccc(C2(c3cccc(-c4cncnc4)c3)N=C(N)n3nc(C)cc32)cc1,6.494850021680094,CHEMBL2380451,4822,2013.0
COc1ccc(C2(c3cccc(-c4cncnc4)c3)N=C(N)c3nc(C)sc32)cc1,6.200659450546418,CHEMBL2380450,4822,2013.0
COc1ccc(C2(c3cccc(-c4cncnc4)c3)N=C(N)c3c(F)cccc32)cc1,6.8696662315049934,CHEMBL2177916,4822,2012.0
CCOc1cc(C2(c3cccc(-c4cccnc4)c3)N=C(N)N(C)C2=O)ccc1OC,7.301029995663981,CHEMBL566406,4822,2010.0
Cc1cc(-c2cc3c(c(F)n2)Oc2ccc(-c4cccnc4F)cc2C32COC(N)=N2)ccn1,9.096910013008056,CHEMBL3394214,4822,2015.0
Fc1ccc(CNC2CCN(Cc3ccccc3)C2)cc1,6.084072788302884,CHEMBL4749704,4822,2020.0
N#Cc1cncc(-c2cccc(C3(c4ccnc(C(F)(F)F)c4)N=C(N)c4c(F)cccc43)c2)c1,6.596879478824182,CHEMBL2177907,4822,2012.0
COc1ccc(C=CC(=NNC(=N)N)c2ccc(Cl)cc2)cc1OC,5.192262077985899,CHEMBL3754357,4822,2016.0
N=C(N)NC(=O)Cn1c(-c2ccccc2)ccc1-c1ccccc1,5.431798275933005,CHEMBL217068,4822,2006.0
Fc1ccc(C=NC2CCN(Cc3ccccc3)C2)cc1,5.707965564005264,CHEMBL4797109,4822,2020.0
N=C(N)NC(=O)Cn1c(-c2ccccc2)ccc1-c1ccc(NC(=O)c2cccc(Br)c2)cc1,6.221848749616356,CHEMBL252189,4822,2008.0
Cc1c(O)cc2oc3c(c(=O)c2c1O)-c1ccc(O)cc1OC3O,5.251811972993799,CHEMBL222274,4822,2018.0
COc1cc2c(cc1OC)C(=O)C(=CC1CCN(Cc3ccccc3)CC1)C2,6.15676722190199,CHEMBL168938,4822,2016.0
CC1(COc2cc3c(cc2F)Oc2ccc(-c4cccnc4)cc2C32COC(N)=N2)COC1,8.397940008672037,CHEMBL3354712,4822,2014.0
Fc1ccc(C=NC2CCN(Cc3ccccc3)CC2)c(F)c1,5.455931955649724,CHEMBL4568615,4822,2019.0
CC(Oc1cc(CC2CS(=O)(=O)CC(NCc3cccc(C(C)(C)C)c3)C2O)cc(F)c1N)C(F)(F)F,8.522878745280337,CHEMBL2048050,4822,2012.0
CC1(COc2cc(F)c3c(c2)C2(COC(N)=N2)c2cc(-c4cccnc4F)ccc2O3)COC1,9.397940008672036,CHEMBL3354715,4822,2014.0
CCn1cc(C2(c3cccc(NC(=O)c4ccc(Cl)cn4)c3)N=C(N)c3c(F)cccc32)cc(C)c1=O,8.603800652904264,CHEMBL2177305,4822,2012.0
CCn1cc(C2(c3cccc(C#CC4CC4)c3)N=C(N)c3c(F)cccc32)cc(C)c1=O,8.216096420727265,CHEMBL2177304,4822,2012.0
CCn1cc(C2(c3cccc(-c4cncnc4)c3)N=C(N)c3c(F)cccc32)cc(C)c1=O,7.809668301829708,CHEMBL2177920,4822,2012.0
CCn1cc(C2(c3cccc(-c4cncc(F)c4)c3)N=C(N)c3c(F)cccc32)cc(C)c1=O,7.889410289700751,CHEMBL2177301,4822,2012.0
CCn1cc(C2(c3cccc(-c4cncc(C#N)c4)c3)N=C(N)c3c(F)cccc32)cc(C)c1=O,8.083019952679617,CHEMBL2177302,4822,2012.0
Fc1ccc(C=NC2CCN(Cc3ccccc3)CC2)cc1,5.823908740944319,CHEMBL4518938,4822,2019.0
CC1(COc2cc(F)c3c(c2)C2(COC(N)=N2)c2cc(-c4cccnc4)ccc2O3)COC1,9.0,CHEMBL3354713,4822,2014.0
COc1cc2c(cc1OC)C(=O)C(CC1CCN(Cc3ccccc3)CC1)C2,6.568621228152097,CHEMBL107316_CHEMBL108726_CHEMBL1678_CHEMBL2093912_CHEMBL2337271_CHEMBL2448118_CHEMBL502,4822,
Fc1ccc(CNC2CCN(Cc3ccccc3)C2)c(F)c1,7.013228265733755,CHEMBL4752715,4822,2020.0
FC(F)(F)c1ccc(C=NC2CCN(Cc3ccccc3)CC2)cc1,6.552841968657781,CHEMBL4575167,4822,2019.0
CC1(c2cc(C=C(F)c3cnc(C#N)cn3)ccc2F)N=C(N)SC2(C(=O)N3CCOCC3)CC21,9.0,CHEMBL4800593,4822,2020.0
FC(F)(F)c1ccc(C=NC2CCN(Cc3ccccc3)C2)cc1,6.165579296318468,CHEMBL4792691,4822,2020.0
CC1(c2cc(CNC(C)(C)C(F)(F)F)c(F)cc2F)CCSC(N)=N1,6.309803919971486,CHEMBL4094377,4822,2017.0
COc1ccc2c(c1)C1(COC(N)=N1)c1cc(-c3ccc(Cl)cc3)ccc1O2,5.694648630553376,CHEMBL2177326,4822,2012.0
COc1ccc2c(c1)C1(COC(N)=N1)c1cc(-c3ccc(C)cc3)ccc1O2,5.7495799976911055,CHEMBL2177323,4822,2012.0
COc1ccc2c(c1)C1(COC(N)=N1)c1cc(-c3cc(Cl)ccc3F)ccc1O2,6.552841968657781,CHEMBL2177331,4822,2012.0
CC1(c2cc(NC(=O)c3ccc(C#N)cn3)ccc2F)CCSC(N)=N1,8.494850021680094,CHEMBL4535964,4822,2019.0
COc1ccc2c(c1)C1(COC(N)=N1)c1cc(-c3cc(Cl)c(C)cc3F)ccc1O2,5.493494967595128,CHEMBL2177334,4822,2012.0
CC1(c2cc(NC(=O)c3ccc(C#N)cn3)ccc2F)CCOC(N)=N1,7.280018032039547,CHEMBL2347203,4822,2013.0
COc1ccc2c(CC(=O)Nc3cc(Br)ccc3N3CCNCC3)cc(=O)oc2c1,5.769551078621726,CHEMBL205241,4822,2006.0
COc1ccc2c(CC(=O)Nc3cc(Br)ccc3N3CCN(S(=O)(=O)c4cccs4)CC3)cc(=O)oc2c1,5.94692155651658,CHEMBL205637,4822,2006.0
COc1ccc2c(c1)C1(COC(N)=N1)c1cc(-c3ccc(Cl)cc3F)ccc1O2,5.806875401645538,CHEMBL2177330,4822,2012.0
COc1ccc2c(CC(=O)Nc3cc(Br)ccc3N3CCN(C(=O)OC(C)(C)C)CC3)cc(=O)oc2c1,7.031517051446065,CHEMBL205309,4822,2006.0
CC1(c2cc(NC(=O)c3ccc(C#N)cc3)ccc2F)Cn2cnc(C(F)F)c2C(N)=N1,8.455931955649724,CHEMBL4525240,4822,2019.0
COc1ccc2[nH]c(NC3CN(C(=O)OC(C)(C)C)CC3OC(=O)c3ccc(-c4ccccc4)cc3)nc2c1,6.346787486224656,CHEMBL3745974,4822,2016.0
CC(=O)NC(Cc1ccccc1)C(O)CNC1CC2(CCC2)Oc2ncccc21,5.277366077466188,CHEMBL2177319,4822,2012.0
COc1ccc(S(=O)(=O)N(Cc2ccccc2)CC(O)Cn2c3ccccc3c3ccccc32)cc1,5.795880017344075,CHEMBL4205504,4822,2017.0
COc1ccc(S(=O)(=O)N(CCc2ccccc2)CC(O)Cn2c3ccccc3c3ccccc32)cc1,5.522878745280337,CHEMBL4206849,4822,2017.0
COc1ccc(S(=O)(=O)N(CC(O)Cn2c3ccccc3c3ccccc32)c2ccccc2)cc1,5.619788758288394,CHEMBL4202984,4822,2017.0
CC1(c2cc(NC(=O)c3cc4cc(F)ccc4[nH]3)ccc2F)CCSC(N)=N1,7.698970004336019,CHEMBL3261047,4822,2014.0
CC1(c2cc(CNCC(F)F)c(F)cc2F)CCSC(N)=N1,5.229884705212898,CHEMBL4066885,4822,2017.0
COc1ccc2[nH]c3nc4c(c(N)c3c2c1)CCCC4,5.619788758288394,CHEMBL4442213,4822,2019.0
CC(C)(C)c1cccc(CNC2CS(=O)(=O)CC(Cc3cc(F)c(N)c(-c4cc[nH]n4)c3)C2O)c1,7.552841968657781,CHEMBL2047908,4822,2012.0
CC(C)(C)c1cccc(CNC2CS(=O)(=O)CC(Cc3cc(F)c(N)c(-c4ccco4)c3)C2O)c1,7.102372908709558,CHEMBL2047909,4822,2012.0
COc1cc(C2(c3cccc(-c4cncnc4)c3)N=C(N)c3c(F)cccc32)ccn1,6.396855627379818,CHEMBL2177911,4822,2012.0
Cc1ccc(C(=O)Nc2ccc(F)c(C3(C)N=C(N)OCC3(F)F)c2)nc1,7.060480747381382,CHEMBL2347363,4822,2013.0
CC(C)(C)c1cccc(CNC2CS(=O)(=O)CC(Cc3cc(O)c(N)c(F)c3)C2O)c1,6.920818753952375,CHEMBL2048042,4822,2012.0
COc1cc(-c2nnc(N3CCN(c4ccccn4)CC3)o2)cc(OC)c1OC,5.489454989793388,CHEMBL4745534,4822,2019.0
CC(C)(C)c1cccc(CNC2CS(=O)(=O)CC(Cc3cc(F)c4c(c3)C3(CCC3)CN4)C2O)c1,6.251811972993799,CHEMBL2047902,4822,2012.0
CC(C)(C)c1cccc(CNC2CS(=O)(=O)CC(Cc3cc(F)c4c(c3)C3(CCC(F)(F)CC3)CN4)C2O)c1,6.853871964321762,CHEMBL2047901,4822,2012.0
CC(C)(C)c1cccc(CNC2CS(=O)(=O)CC(Cc3cc(F)c(N)c(OCCF)c3)C2O)c1,7.366531544420413,CHEMBL2048043,4822,2012.0
CC(C)(C)c1cccc(CNC2CS(=O)(=O)CC(Cc3cc(F)c(N)c(OCCC(F)(F)F)c3)C2O)c1,7.1249387366083,CHEMBL2048046,4822,2012.0
CC(C)(C)c1cccc(CNC2CS(=O)(=O)CC(Cc3cc(F)c(N)c(OCC(F)F)c3)C2O)c1,8.221848749616356,CHEMBL2048044,4822,2012.0
CC(C)(C)c1cccc(CNC2CS(=O)(=O)CC(Cc3cc(F)c(N)c(OCC(F)(F)F)c3)C2O)c1,8.221848749616356,CHEMBL2048045,4822,2012.0
CC(C)(C)c1cccc(CNC2CS(=O)(=O)CC(Cc3cc(F)c(N)c(OC4COC4)c3)C2O)c1,7.602059991327962,CHEMBL2048041,4822,2012.0
CC(C)(C)c1cccc(CNC2CS(=O)(=O)CC(Cc3cc(F)c(N)c(OC4CCC4)c3)C2O)c1,7.958607314841775,CHEMBL2048040,4822,2012.0
CC(C)(C)c1cccc(CNC2CS(=O)(=O)CC(Cc3cc(F)c(N)c(OC(C(F)(F)F)C(F)(F)F)c3)C2O)c1,8.698970004336019,CHEMBL2048047,4822,2012.0
CC(C)(C)c1cccc(CNC2CS(=O)(=O)CC(Cc3cc(F)c(N)c(CCC(F)(F)F)c3)C2O)c1,6.886056647693163,CHEMBL2047911,4822,2012.0
CC(C)(C)c1cccc(CNC2CS(=O)(=O)CC(Cc3cc(F)c(N)c(CC(O)C(F)(F)F)c3)C2O)c1,7.309803919971486,CHEMBL2047912,4822,2012.0
CC(C)(C)c1cccc(CNC2CS(=O)(=O)CC(Cc3cc(F)c(N)c(C4CC4)c3)C2O)c1,7.026872146400302,CHEMBL2047907,4822,2012.0
CC(C)(C)c1cccc(CNC2CS(=O)(=O)CC(Cc3cc(F)c(N)c(Br)c3)C2O)c1,7.259637310505756,CHEMBL2047889,4822,2012.0
CN(C)CC(=O)Nc1ccc(CC2CS(=O)(=O)CC(NCc3cccc(C(C)(C)C)c3)C2O)cc1F,7.214670164989233,CHEMBL2047903,4822,2012.0
CC(C)(C)c1cccc(CNC2CS(=O)(=O)CC(Cc3cc(F)c(N)c(-c4ccoc4)c3)C2O)c1,6.823908740944319,CHEMBL2047910,4822,2012.0
COc1ccc2c(c1)C1(COC(N)=N1)c1cc(-c3ccc(OC(F)(F)F)cc3)ccc1O2,5.2958494831602,CHEMBL2177327,4822,2012.0
CC1(c2cc(CNCC(F)(F)F)c(F)cc2F)CCSC(N)=N1,5.882728704344236,CHEMBL4086633,4822,2017.0
COc1ccc(C2(c3cccc(-c4cncnc4)c3)N=C(N)N3CCCN=C32)cc1,7.020002580835792,CHEMBL582828,4822,2009.0
COc1ccc(S(=O)(=O)N(CC(O)Cn2c3ccccc3c3ccccc32)C2CCCCC2)cc1,5.494850021680094,CHEMBL4217236,4822,2017.0
CC1(c2cc(CNC34CC(C3)C4)c(F)cc2F)CCSC(N)=N1,5.6777807052660805,CHEMBL4102593,4822,2017.0
CC1(c2cc(CNC3(C(F)F)CC3)c(F)cc2F)CCSC(N)=N1,6.474955192963154,CHEMBL4062728,4822,2017.0
FC(F)(F)Oc1ccc(C=NC2CCN(Cc3ccccc3)C2)cc1,5.680061560019691,CHEMBL4755226,4822,2020.0
CC1(c2cc(CNC3(C(F)(F)F)COC3)c(F)cc2F)CCSC(N)=N1,6.113509274827518,CHEMBL4080380,4822,2017.0
FC(F)(F)Oc1ccc(C=NC2CCN(Cc3ccccc3)CC2)cc1,5.7447274948966935,CHEMBL4449445,4822,2019.0
CC1(c2cc(CNC3(C(F)(F)F)CC3)c(F)cc2F)CCSC(N)=N1,7.161150909262744,CHEMBL4098403,4822,2017.0
FC(F)(F)Oc1ccc(CNC2CCN(Cc3ccccc3)C2)cc1,6.939302159646388,CHEMBL4793341,4822,2020.0
CC1(c2cc(CNC3(C#N)CC3)c(F)cc2F)CCSC(N)=N1,6.021363051615525,CHEMBL4077211,4822,2017.0
FC(F)(F)Oc1ccc(CNC2CCN(Cc3ccccc3)CC2)cc1,5.853871964321762,CHEMBL4587156,4822,2019.0
CC(C)(C)OC(=O)N(Cc1ccccc1)CC(O)c1cccc(NC(=O)c2cccc3ccccc23)c1,5.309803919971486,CHEMBL3086251,4822,2013.0
CSCCC(NC(=O)C(CC(C)C)NC(C)=O)C(=O)NC(CC(C)C)C(O)C1CCCC1C(=O)NC(C)C(=O)O,7.221848749616356,CHEMBL190010,4822,2005.0
CN(C)C(=O)C12CC1C(C)(c1cc(NC(=O)c3ccc(Cl)cn3)cc(F)c1F)N=C(N)S2,9.397940008672036,CHEMBL4473740,4822,2020.0
COc1cc(CNC2CCN(Cc3ccccc3)C2)cc(OC)c1OC,6.073657553374344,CHEMBL4757216,4822,2020.0
CN(C)C(=O)C12CC1C(C)(c1cc(C=C(F)c3ccc(C#N)cn3)ccc1F)N=C(N)S2,8.698970004336019,CHEMBL4790663,4822,2020.0
COc1ccc(Cc2cccc(C3(c4ccccc4)N=C(N)N4CCCN=C43)c2)cc1,5.1487416512809245,CHEMBL568506,4822,2009.0
FC(F)(F)Oc1ccc2nc(-c3cccc(N4CCc5ccccc5C4)n3)[nH]c2c1,5.958607314841775,CHEMBL4554770,4822,2019.0
CCC(=O)NC(Cc1cccc(-c2nccs2)c1)C(O)CNC1CC2(CCC2)Oc2ncc(CC(C)(C)C)cc21,7.958607314841775,CHEMBL2181909,4822,2012.0
FC(F)(F)c1ccc(-c2nnc(N3CCN(c4ccccn4)CC3)o2)cc1,6.332547047110046,CHEMBL4764740,4822,2019.0
CCCCCCN1C(=O)C(c2ccccc2)(C2CCCCC2)N=C1N,5.856993010938227,CHEMBL593979,4822,2010.0
COc1ccc(Cc2cnc(OC)c3c2CC2CSC(N)=NC2(c2ccc(F)cc2F)C3)cc1,7.639974910810602,CHEMBL4526561,4822,2019.0
FC(F)(F)Oc1ccc(-c2nnc(N3CCN(c4ccccn4)CC3)o2)cc1,6.0851281824599495,CHEMBL4793365,4822,2019.0
CC(C)(C)OC(=O)N1CC(Nc2nc3cc(Cl)ccc3[nH]2)C(OC(=O)c2ccc(-c3ccccc3)cc2)C1,6.356547323513812,CHEMBL3747191,4822,2016.0
CC(C)(C)OC(=O)N1CC(Nc2nc3cc(Cl)ccc3[nH]2)C(OC(=O)c2cccc(Oc3ccccc3)c2)C1,6.443697499232712,CHEMBL3746636,4822,2016.0
CCOC(=O)CSc1nc2ccc(Nc3nc(N4CCCC4)nc(N4CCCC4)n3)cc2s1,5.752026733638193,CHEMBL1270883,4822,2010.0
COc1ccc(F)c(-c2cccc(C3(c4ccncc4)N=C(N)N4CC(F)(F)CN=C43)c2)c1,7.540004743952609,CHEMBL1957477,4822,2012.0
COc1ccc(F)c(-c2ccc3c(c2)C2(COC(N)=N2)c2cc(OC)ccc2O3)c1,6.130768280269024,CHEMBL2177333,4822,2012.0
COc1cc(C=CC(O)=CC(=O)C=Cc2ccc(C)cc2)ccc1O,6.853871964321762,CHEMBL3763318,4822,2016.0
COc1cc(C=CC(O)=CC(=O)C=Cc2ccc(OCc3ccccc3)cc2)ccc1O,5.807644128530859,CHEMBL3763944,4822,2016.0
CC(C)(C)OC(=O)N1CCN(c2ccc(Br)cc2NC(=O)c2cccc3ccccc23)CC1,5.769551078621726,CHEMBL381618,4822,2006.0
CC(C)(C)OC(=O)N1CCN(c2ccc(Br)cc2NC(=O)c2ccc3ccccc3n2)CC1,5.769551078621726,CHEMBL206651,4822,2006.0
COc1cc(C=NNC(=O)N2CCN(c3ccccn3)CC2)cc(OC)c1OC,5.333482019445119,CHEMBL4800161,4822,2019.0
CC(C)(C)OC(=O)N1CCN(c2ccc(Br)cc2NC(=O)c2cc3ccccc3oc2=O)CC1,6.0,CHEMBL207083,4822,2006.0
CC(C)(C)OC(=O)N1CCN(c2ccc(Br)cc2NC(=O)c2cc(=O)c3ccccc3o2)CC1,5.721246399047171,CHEMBL206665,4822,2006.0
CC(C)(C)OC(=O)N1CCN(c2ccc(-c3ccccc3)cc2NC(=O)c2cc3ccccc3oc2=O)CC1,5.0,CHEMBL210451,4822,2006.0
O=C(CSc1nc2ccc(Nc3nc(N4CCCC4)nc(N4CCCC4)n3)cc2s1)NCCOc1ccccc1,5.522878745280337,CHEMBL1270985,4822,2010.0
O=C(CSc1nc2ccc(Nc3nc(N4CCCC4)nc(N4CCCC4)n3)cc2s1)NCc1ccccc1,5.769551078621726,CHEMBL1270780,4822,2010.0
O=C(CSc1nc2ccc(Nc3nc(N4CCCC4)nc(N4CCCC4)n3)cc2s1)NCc1ccco1,6.161150909262744,CHEMBL1271091,4822,2010.0
O=C(CSc1nc2ccc(Nc3nc(N4CCCC4)nc(N4CCCC4)n3)cc2s1)Nc1ccccc1,6.920818753952375,CHEMBL1270884,4822,2010.0
Cc1ccc(-c2nnc(N3CCN(c4ccccn4)CC3)o2)cc1,5.605548319173783,CHEMBL4743358,4822,2019.0
CC(C)(C)OC(=O)N1CC(Nc2nc3cc(F)ccc3[nH]2)C(OCc2ccc(-c3ccccc3)cc2)C1,6.920818753952375,CHEMBL3747766,4822,2016.0
COc1cc(CC2C[S+]([O-])CC(NCc3cccc(C(C)(C)C)c3)C2O)cc(F)c1N,7.481486060122112,CHEMBL2425610,4822,2013.0
CC(C)(C)OC(=O)N1CC(Nc2nc3cc(F)ccc3[nH]2)C(OC(=O)c2ccc(-c3ccccc3)cc2)C1,7.301029995663981,CHEMBL3746637,4822,2016.0
CCOC(=O)CN1CCN(c2ccc(-c3ccccc3)cc2NC(=O)c2cccc3ccccc23)CC1,7.045757490560675,CHEMBL211256,4822,2006.0
CC(C)(C)c1cccc(CNC2CS(=O)(=O)CC(Cc3ccc(N)c(Br)c3)C2O)c1,6.853871964321762,CHEMBL2047890,4822,2012.0
O=C(NC1CCCCC1)c1c[nH]c2ccc(S(=O)(=O)Nc3ccc(C(F)(F)F)cc3)cc2c1=O,5.1438755557577,CHEMBL3236220,4822,2014.0
COc1ccc(C2(c3cccc(-c4cncnc4)c3)N=C(N)N(C)C2=O)cc1C,7.522951139760405,CHEMBL566012,4822,2010.0
CCc1cc(CC2CS(=O)(=O)CC(NCc3cccc(C(C)(C)C)c3)C2O)cc(F)c1N,6.060480747381382,CHEMBL2047904,4822,2012.0
CC(C)(C)COc1ccc2c(c1)C1(COC(N)=N1)c1cc(-c3ccc(F)nc3)ccc1O2,8.221848749616356,CHEMBL3354705,4822,2014.0
CC(C)(C)COc1ccc2c(c1)C1(COC(N)=N1)c1cc(-c3c(F)ccnc3F)ccc1O2,9.30102999566398,CHEMBL3354710,4822,2014.0
CC(C)(C)CCc1ccc2c(c1)C1(COC(N)=N1)c1cc(-c3cncnc3)ccc1O2,8.508638306165727,CHEMBL3354690,4822,2014.0
CC(C)(C)C#Cc1cnc2c(c1)C1(COC(N)=N1)c1cc(-c3cccnc3F)ccc1O2,8.327902142064282,CHEMBL3359760,4822,2014.0
CC(C)(C)C#Cc1ccc2c(c1)C1(COC(N)=N1)c1cc(-c3cncnc3)ccc1O2,8.698970004336019,CHEMBL3354689,4822,2014.0
N#Cc1ccc(COC(=O)C2CC3(CN2)C(=O)Nc2ccccc23)cc1Br,5.20342566678957,CHEMBL2181982,4822,2012.0
CC1(C)CN2C(N)=NC(c3ccc(OC(F)(F)F)cc3)(c3cccc(-c4cccnc4F)c3)C2=N1,6.721246399047171,CHEMBL566548,4822,2009.0
O=C(NCCNc1ccnc2cc(Cl)ccc12)c1cnccn1,5.3869579420120886,CHEMBL4159379,4822,2018.0
CCc1cc(CC2CS(=O)(=O)CC(NCc3cccc(C(C)(C)C)c3)C2O)cc(F)c1NC(=O)CN(C)C,7.2839966563652,CHEMBL2047906,4822,2012.0
CCC1CC2CSC(N)=NC2(c2ccc(F)cc2F)CO1,6.327902142064282,CHEMBL3414709,4822,2015.0
CCc1cc(CC2CS(=O)(=O)CC(NCc3cccc(C(C)C)c3)C2O)ccc1O,6.431798275933005,CHEMBL1760858,4822,2011.0
COc1ccc(-c2cc(O)cc(-c3ccccc3)c2O)cc1,5.040958607678906,CHEMBL1762684,4822,2011.0
N#Cc1ccc(C(=O)Nc2ccc(F)c(C34N=C(N)SCC3CCO4)c2)nc1,7.431798275933005,CHEMBL3980733,4822,2016.0
N#Cc1ccc(C(=O)Nc2ccc(F)c(C34COCC3n3cccc3C(N)=N4)c2)nc1,7.580044251510242,CHEMBL4461226,4822,2019.0
N#Cc1ccc(C(=O)Nc2ccc(F)c(C34COCC3(F)COC(N)=N4)c2)nc1,7.346787486224656,CHEMBL4568474,4822,2019.0
N#Cc1ccc(C(=O)Nc2ccc(F)c(C3(CF)N=C(N)OCC3F)c2)nc1,7.113509274827518,CHEMBL2347186,4822,2013.0
N#Cc1ccc(C(=O)Nc2ccc(F)c(C3(CF)N=C(N)OCC3(F)F)c2)nc1,7.309803919971486,CHEMBL2347190,4822,2013.0
CCc1cc(CC2CS(=O)(=O)CC(NCc3cccc(C(C)(C)C)c3)C2O)cc(F)c1NC(C)=O,8.096910013008056,CHEMBL2047905,4822,2012.0
N#Cc1ccc(C(=O)Nc2ccc(F)c(C3(CF)CC(C(F)(F)F)OC(N)=N3)c2)nc1,7.721246399047171,CHEMBL2347187,4822,2013.0
CC(C)(C)COc1ccc2c(c1)C1(COC(N)=N1)c1cc(-c3ccccn3)ccc1O2,7.638272163982407,CHEMBL3354702,4822,2014.0
CCc1cc(C2(c3cccc(-c4cncnc4)c3)N=C(N)N(C)C2=O)cc(CC)n1,7.481280762730949,CHEMBL590730_CHEMBL597277_CHEMBL598289,4822,
CC(C)(C)Cn1cc(CNC2CS(=O)(=O)CC(Cc3cc(F)c(N)c(OC(C(F)(F)F)C(F)(F)F)c3)C2O)cn1,7.443697499232712,CHEMBL2048062,4822,2012.0
CC(C)(C)Cc1cnc2c(c1)C(NCC(O)C1Cc3cccc(c3)CCCCCCC(=O)N1)CC1(CCC1)O2,8.214670164989233,CHEMBL2407487,4822,2013.0
CC(C)(C)Cc1cc(CNC2CS(=O)(=O)CC(Cc3cc(F)c(N)c(OC(C(F)(F)F)C(F)(F)F)c3)C2O)no1,8.154901959985743,CHEMBL2048063,4822,2012.0
CC(C)(C)COc1cnc2c(c1)C1(COC(N)=N1)c1cc(-c3cncnc3)ccc1O2,9.154901959985745,CHEMBL3359747,4822,2014.0
CC(C)(C)COc1cnc2c(c1)C1(COC(N)=N1)c1cc(-c3cccnc3F)ccc1O2,9.397940008672036,CHEMBL3359749,4822,2014.0
CC(C)(C)COc1cnc2c(c1)C1(COC(N)=N1)c1cc(-c3cccnc3)ccc1O2,9.221848749616356,CHEMBL3359748,4822,2014.0
CC(C)(C)COc1ccc2c(c1)C1(COC(N)=N1)c1cc(-c3cncnc3)cnc1O2,6.605548319173783,CHEMBL3359750,4822,2014.0
CC(C)(C)COc1ccc2c(c1)C1(COC(N)=N1)c1cc(-c3cncnc3)ccc1O2,8.678273661756906,CHEMBL3354688,4822,2014.0
CCc1cc(C2(c3cccc(-c4cncnc4)c3)N=C(N)N(C)C2=O)ccn1,7.522951139760405,CHEMBL598259,4822,2010.0
CC(C)(C)COc1ccc2c(c1)C1(COC(N)=N1)c1cc(-c3cncc(F)c3)ccc1O2,8.397940008672037,CHEMBL3354707,4822,2014.0
CC(C)(C)COc1ccc2c(c1)C1(COC(N)=N1)c1cc(-c3ccncc3)ccc1O2,6.490797477668897,CHEMBL3354703,4822,2014.0
CCc1cc(C2(C34CC5CC(CC(C5)C3)C4)N=C(N)N(C)C2=O)ccc1OC,6.552841968657781,CHEMBL584109,4822,2010.0
CCc1cc(C2(c3cccc(-c4cccnc4F)c3)N=C(N)N(C)C2=O)cc(CC)n1,8.0,CHEMBL598290_CHEMBL605133,4822,
CCc1cc(C2(c3cccc(-c4cncnc4)c3)N=C(N)N(C)C2=O)cc(C)n1,6.823952174736033,CHEMBL603664,4822,2010.0
CC(C)(C)COc1ccc2c(c1)C1(COC(N)=N1)c1cc(-c3cccnc3F)ccc1O2,9.096910013008056,CHEMBL3354709,4822,2014.0
COc1ccc(-c2cccc(C3(c4ccc(OC(F)(F)F)cc4)N=C(N)N(C)C3=O)c2)cn1,6.0458781614395525,CHEMBL566212,4822,2010.0
CC(C)(C)COc1ccc2c(c1)C1(COC(N)=N1)c1cc(-c3cccnc3)ccc1O2,8.397940008672037,CHEMBL3354704,4822,2014.0
CC(=O)Nc1ccc(CN2CCC3(CC2C)CN(C)S(=O)(=O)N3c2cccc(F)c2)cc1,5.1938200260161125,CHEMBL2177481,4822,2012.0
CC(C)(C)COc1ccc2c(c1)C1(COC(N)=N1)c1cc(-c3cncc(C#N)c3)ccc1O2,8.522878745280337,CHEMBL3354706,4822,2014.0
N#Cc1ccc(C(=O)Nc2ccc(F)c(C3(C(F)F)CCOC(N)=N3)c2)nc1,7.267606240177031,CHEMBL2347206,4822,2013.0
N#Cc1ccc(-c2cnc3c(c2)C2(COC(N)=N2)c2cc(-c4cccnc4F)ccc2O3)cc1,9.096910013008056,CHEMBL3359758,4822,2014.0
Cc1cc(F)cnc1C(=O)Nc1csc(C23COC(C)CC2CSC(N)=N3)n1,6.7495799976911055,CHEMBL3983988,4822,2016.0
Cc1cc(C2CC3CSC(N)=NC3(c3ccc(F)cc3F)CO2)on1,8.522878745280337,CHEMBL3261057_CHEMBL3422237,4822,
Cc1cc(C2CC3C(CF)SC(N)=NC3(c3ccc(F)cc3F)CO2)on1,7.823908740944319,CHEMBL3422245,4822,2014.0
Cc1cc(C2CC3C(C)SC(N)=NC3(c3ccc(F)cc3F)CO2)on1,8.221848749616356,CHEMBL3422242,4822,2014.0
Cc1cc(C2(c3ccccc3)N=C(N)N(C)C2=O)ccc1OC(F)F,7.096910013008056,CHEMBL1270431,4822,2010.0
Cc1cc(C2(c3cccc(C#CC4CC4)c3)N=C(N)N(C)C2=O)ccc1OC(F)F,7.740743030061056,CHEMBL1270630,4822,2010.0
Cc1cc(C2(c3cccc(-c4cncnc4)c3)N=C(N)c3c(F)cccc32)cn(C)c1=O,7.216096420727265,CHEMBL2177919,4822,2012.0
Cc1cc(C2(c3cccc(-c4cncnc4)c3)N=C(N)c3c(F)cccc32)cc(C)n1,5.860120913598763,CHEMBL2177910,4822,2012.0
Cc1cc(C2(c3cccc(-c4cncnc4)c3)N=C(N)N(C)C2=O)ccn1,7.096964306605276,CHEMBL598258,4822,2010.0
O=C(NN=Cc1ccc(C(F)(F)F)cc1)N1CCN(c2ccccn2)CC1,5.739928612014925,CHEMBL4748077,4822,2019.0
Cc1cc(C2(c3cccc(-c4cncnc4)c3)N=C(N)N(C)C2=O)cc(C)n1,6.853934015255446,CHEMBL597062,4822,2010.0
O=C(NN=Cc1ccc(F)cc1)N1CCN(c2ccccn2)CC1,5.906578314837764,CHEMBL4788019,4822,2019.0
O=C(NN=Cc1ccc(F)cc1F)N1CCN(c2ccccn2)CC1,6.350665141287858,CHEMBL4763434,4822,2019.0
O=C(NN=Cc1ccc(OC(F)(F)F)cc1)N1CCN(c2ccccn2)CC1,6.605548319173783,CHEMBL4782122,4822,2019.0
O=C(NN=Cc1ccc([N+](=O)[O-])cc1)N1CCN(c2ccccn2)CC1,5.578396073130168,CHEMBL4744259,4822,2019.0
Cc1cc(C2(c3ccc(F)c(C#CCF)c3)N=C(N)N(C)C2=O)ccc1OC(F)F,7.698970004336019,CHEMBL1270631,4822,2010.0
O=C(NN=Cc1ccccc1)N1CCN(c2ccccn2)CC1,5.114073660198569,CHEMBL4743485,4822,2019.0
CC(C)(C#N)COc1ccc2c(c1)C1(COC(N)=N1)c1cc(-c3cncnc3)ccc1O2,8.045757490560675,CHEMBL3354700,4822,2014.0
Cc1cc(C2(c3ccc(F)c(OCC(F)F)c3)N=C(N)N(C)C2=O)ccc1OC(F)F,7.154901959985743,CHEMBL1270530,4822,2010.0
O=C(NN=Cc1ccc(Cl)cc1)N1CCN(c2ccccn2)CC1,5.528708288941061,CHEMBL4740676,4822,2019.0
O=C(NN=Cc1ccc(Br)cc1)N1CCN(c2ccccn2)CC1,6.528708288941061,CHEMBL4746898,4822,2019.0
COc1cc2oc3c(c(=O)c2c(O)c1C)-c1ccc(O)cc1OC3O,5.372634143407268,CHEMBL3287409,4822,2014.0
CC1(C#Cc2cnc3c(c2)C2(COC(N)=N2)c2cc(-c4cccnc4F)ccc2O3)COC1,9.154901959985745,CHEMBL3359763,4822,2014.0
CC1(C)CN(c2ccc3c(c2)C2(COC(N)=N2)c2cc(-c4cncnc4)ccc2O3)CCO1,7.958607314841775,CHEMBL3354695,4822,2014.0
CC1(C)CN(c2cc3c(cn2)Oc2ccc(-c4cccnc4F)cc2C32COC(N)=N2)CCO1,8.397940008672037,CHEMBL3394047,4822,2015.0
Cc1cc(Cl)cnc1C(=O)Nc1ccc2c(c1)C1(C)N=C(N)C(C)(C)S(=O)(=O)C1CCO2,8.698970004336019,CHEMBL4450749,4822,2019.0
Cc1cc(Cl)cnc1C(=O)Nc1ccc(F)c(C2(C)N=C(N)OCC2(F)F)c1,7.84518491628705,CHEMBL2347192,4822,2013.0
Cc1cc(Cl)cnc1C(=O)Nc1ccc(F)c(C2(C)N=C(N)COC2F)c1,8.161150909262744,CHEMBL3634341,4822,2015.0
Cc1cc(Cl)cnc1C(=O)Nc1ccc(F)c(C2(C)N=C(N)C3(C)CCC2S3(=O)=O)c1,8.698970004336019,CHEMBL4464845,4822,2019.0
CC1(C)C=C(c2cnc3c(c2)C2(COC(N)=N2)c2cc(-c4cccnc4F)ccc2O3)CCO1,9.045757490560677,CHEMBL3359755,4822,2014.0
CC1(C)C=C(c2cc3c(cn2)Oc2ccc(-c4cccnc4F)cc2C32COC(N)=N2)CCO1,9.045757490560677,CHEMBL3394040,4822,2015.0
O=C(NCc1cccc(F)c1)c1c[nH]c2ccc(S(=O)(=O)Nc3ccc(C(F)(F)F)cc3)cc2c1=O,5.732828271596986,CHEMBL3236215,4822,2014.0
Cc1cc(C2(c3ccc(F)c(C#CC4CC4)c3)N=C(N)N(C)C2=O)ccc1OC(F)F,7.68837535480105,CHEMBL1270432,4822,2010.0
CC(=O)c1ccc(Oc2ccc(-c3ccc(-c4ccccc4Cl)n3CC(=O)NC(=N)N)cc2)cc1,6.795880017344075,CHEMBL253237,4822,2006.0
CCc1ccc2c(c1)C(NCC(O)C(Cc1ccccc1)NC(C)=O)CC1(CCC1)O2,6.958607314841775,CHEMBL2151149,4822,2012.0
CCc1ccc2c(c1)C(NCC(O)C1Cc3cccc(c3)CCCCCC(=O)N1)CC1(CCC1)O2,6.920818753952375,CHEMBL2407343,4822,2013.0
CCc1ccc2c(c1)C(NCC(O)C1Cc3cccc(c3)CCCCCCC(=O)N1)CC1(CCC1)O2,7.769551078621726,CHEMBL2407344,4822,2013.0
CCc1ccc2c(c1)C(NCC(O)C1Cc3cccc(c3)CCCCCCCC(=O)N1)CC1(CCC1)O2,7.443697499232712,CHEMBL2407345,4822,2013.0
O=C(NCc1ccco1)c1c[nH]c2ccc(S(=O)(=O)Nc3ccc(C(F)(F)F)cc3)cc2c1=O,5.79317412396815,CHEMBL3236218,4822,2014.0
CC(=O)c1ccccc1-c1ccc2nc(N)c(CC(C)C(=O)NCCC(C)(C)C)cc2c1,7.823908740944319,CHEMBL1821830,4822,2011.0
CCc1cccc(C2(c3ccc(OC(F)F)cc3)N=C(N)N(C)C2=O)c1,6.045757490560675,CHEMBL1269919,4822,2010.0
CC1(C#Cc2cncc(-c3ccc4c(c3)C3(COC(N)=N3)c3cc(C5=CCOCC5)ncc3O4)c2)COC1,8.259637310505756,CHEMBL4279496,4822,2017.0
CCc1c[nH]c2ccc(CC3CS(=O)(=O)CC(NCc4cccc(C(C)(C)C)c4)C3O)cc12,6.698970004336019,CHEMBL2047900,4822,2012.0
CCSc1cccc(-c2ccc(C3CC3c3cc(=O)n(C)c(N)n3)cc2)c1,5.040958607678906,CHEMBL2172802,4822,2012.0
O=C(NCCCCCCCCCCNc1c2c(nc3ccccc13)CCCC2)c1cc(=O)c2cc(O)ccc2o1,5.552841968657781,CHEMBL2019043,4822,2012.0
N#Cc1cccc(-c2ccc3c(c2)C2(COC(N)=N2)C2CCOCC2O3)c1,6.522878745280337,CHEMBL3265333,4822,2014.0
CCc1cnc2c(c1)C(NCC(O)C(Cc1ccccc1)NC(C)=O)CC1(CCC1)O2,7.040958607678906,CHEMBL2177317,4822,2012.0
COc1ccc(C2(c3cccc(-c4cccnc4)c3)COC(N)=N2)cc1,5.127261172527332,CHEMBL2177312,4822,2012.0
COc1ccc(C2(c3cccc(-c4cccc(Cl)c4)c3)COC(N)=N2)cc1,5.686132779630847,CHEMBL2177311,4822,2012.0
CC1(C)Cc2cc(Cl)ccc2C(NC(Cc2cscc2CCC2CC2)C(=O)O)=N1,6.2441251443275085,CHEMBL2380817,4822,2013.0
CC1(C)Cc2cc(Cl)ccc2C(NC(Cc2cscc2C2CC2)C(=O)O)=N1,5.614393726401688,CHEMBL2380818,4822,2013.0
CC1(C)Cc2cc(Cl)ccc2C(NC(Cc2cscc2Br)C(=O)O)=N1,6.508638306165727,CHEMBL2380807,4822,2013.0
CC1(C)Cc2cc(Cl)ccc2C(NC(Cc2cscc2-c2ncco2)C(=O)O)=N1,6.086186147616283,CHEMBL2380811,4822,2013.0
CC1(C)Cc2cc(Cl)ccc2C(NC(Cc2cscc2-c2cn[nH]c2)C(=O)O)=N1,6.346787486224656,CHEMBL2380813,4822,2013.0
CCc1cscc1CC(NC1=NC(C)(C)Cc2cc(Cl)ccc21)C(=O)O,6.200659450546418,CHEMBL2380815,4822,2013.0
CC1(C)Cc2cc(Cl)ccc2C(NC(Cc2cscc2-c2ccncc2)C(=O)O)=N1,5.732828271596986,CHEMBL2380810,4822,2013.0
CC1(C)Cc2cc(Cl)ccc2C(NC(Cc2cscc2-c2cc[nH]n2)C(=O)O)=N1,5.899629454882437,CHEMBL2380812,4822,2013.0
CC1(C)Cc2cc(Cl)ccc2C(NC(Cc2ccsc2Br)C(=O)O)=N1,5.022276394711152,CHEMBL2380808,4822,2013.0
CC1(C)Cc2cc(Cl)ccc2C(NC(Cc2ccsc2)C(=O)O)=N1,5.537602002101044,CHEMBL2380806,4822,2013.0
CC1(C)Cc2cc(Cl)ccc2C(NC(Cc2ccccc2)c2noc(=O)[nH]2)=N1,6.1249387366083,CHEMBL2346796,4822,2013.0
CC1(C)Cc2cc(Cl)ccc2C(NC(Cc2ccccc2)c2nccc(=O)[nH]2)=N1,5.567030709125595,CHEMBL2346798,4822,2013.0
CC1(C)Cc2cc(Cl)ccc2C(NC(Cc2ccccc2)c2ncc(I)c(=O)[nH]2)=N1,6.229147988357855,CHEMBL2346804,4822,2013.0
CC1(C)Cc2cc(Cl)ccc2C(NC(Cc2ccccc2)c2ncc(Cl)c(=O)[nH]2)=N1,6.251811972993799,CHEMBL2346801,4822,2013.0
COc1ccc(C2(c3cccc(-c4ccc(F)nc4)c3)COC(N)=N2)cc1,5.086186147616283,CHEMBL2177314,4822,2012.0
CCc1cccc2ccn(CC(O)CSc3ccccc3Cl)c12,5.123782159408358,CHEMBL2059330,4822,2012.0
CCc1n[nH]c2ccc(CN3CCC4(CC3C)CN(C)S(=O)(=O)N4c3cccc(F)c3)cc12,5.958607314841775,CHEMBL2177483,4822,2012.0
COc1ccc(C2(c3cccc(-c4cccnc4)c3)N=C(C)C(N)=N2)cc1,6.481486060122112,CHEMBL2180026,4822,2012.0
COc1ccc(C2(c3cccc(-c4cccnc4)c3)N=C(N)CS2)cc1,6.102372908709558,CHEMBL2380455,4822,2013.0
COc1ccc(C2(c3cccc(-c4cncnc4)c3)N=C(N)C(C(C)C)=N2)cc1,5.6777807052660805,CHEMBL2180021,4822,2012.0
COc1ccc(C2(c3cccc(-c4cncnc4)c3)N=C(C)C(N)=N2)cc1C,7.013228265733755,CHEMBL2180027,4822,2012.0
COc1ccc(C2(c3cccc(-c4cncnc4)c3)N=C(C)C(N)=N2)cc1,6.568636235841012,CHEMBL2180025,4822,2012.0
COc1ccc(C2(c3cccc(-c4cncnc4)c3)CCC(N)=N2)cc1,5.102372908709558,CHEMBL2380458,4822,2013.0
COc1ccc(C2(c3cccc(-c4cccnc4F)c3)N=C(N)N3CCCN=C32)cc1,7.154901959985743,CHEMBL584267,4822,2010.0
COc1ccc(C2(c3cccc(-c4cccnc4F)c3)N=C(N)N(C)C2=O)cc1C,7.698970004336019,CHEMBL566011,4822,2009.0
COc1ccc(C2(c3cccc(-c4cccnc4F)c3)N=C(N)N(C)C2=O)cc1,7.522878745280337,CHEMBL1271344,4822,2010.0
COc1ccc(C2(c3cccc(-c4cccnc4F)c3)COC(N)=N2)cc1,5.54515513999149,CHEMBL2177315,4822,2012.0
COc1ccc(C2(c3cccc(-c4cccnc4)c3)N=C(N)N(C)C2=O)cc1OC1CCCC1,7.154964010919428,CHEMBL566638,4822,2010.0
COc1ccc(C2(c3cccc(-c4cccnc4)c3)N=C(N)N(C)C2=O)cc1OC(C)C,7.221921144096424,CHEMBL567687,4822,2010.0
COc1ccc(C2(c3cccc(-c4cccnc4)c3)N=C(N)N(C)C2=O)cc1OC,7.0458781614395525,CHEMBL566403,4822,2010.0
COc1ccc(C2(c3cccc(-c4cccnc4)c3)N=C(N)N(C)C2=O)cc1F,7.301029995663981,CHEMBL566223,4822,2010.0
COc1ccc(C2(c3cccc(-c4cccnc4)c3)N=C(N)N(C)C2=O)cc1Cl,7.443878530707101,CHEMBL565996,4822,2010.0
COc1ccc(C2(c3cccc(-c4cccnc4)c3)N=C(N)N(C)C2=O)cc1C1CCCC1,6.920909250824263,CHEMBL565790,4822,2010.0
COc1ccc(C2(c3cccc(-c4cccnc4)c3)N=C(N)N(C)C2=O)cc1C(F)(F)F,7.397994302269257,CHEMBL585289,4822,2010.0
COc1ccc(C2(c3cccc(-c4cccnc4)c3)N=C(N)N(C)C2=O)cc1C#N,6.823952174736033,CHEMBL568114,4822,2010.0
COc1ccc(C2(c3cccc(-c4cccnc4)c3)N=C(N)N(C)C2=O)cc1C,7.397976204403517,CHEMBL566200,4822,2010.0
CC1(C)Cc2cc(Cl)ccc2C(NC(Cc2sccc2Br)C(=O)O)=N1,6.1487416512809245,CHEMBL2380809,4822,2013.0
COc1cc2c(cn1)Oc1ccc(NC(=O)c3ccc(Cl)cn3)cc1C21COC(N)=N1,8.1249387366083,CHEMBL4287410,4822,2017.0
COc1ccc(C2(c3cccc(-c4cc(Cl)ccc4F)c3)COC(N)=N2)cc1,5.709965388637482,CHEMBL2177310,4822,2012.0
COc1ccc(C2(c3cccc(-c4cncnc4)c3)N=C(N)N3CC(F)(F)CN=C32)cc1,7.0,CHEMBL1957473,4822,2012.0
COc1ccc(C2(c3cccc(-c4cc(Cl)cc(Cl)c4)c3)N=C(N)N3CCCN=C32)cc1,7.649945906420969,CHEMBL1957469,4822,2012.0
CC1(C)Cc2cc(Cl)ccc2C(NC(Cc2ccccc2)c2nc3ccncc3c(=O)[nH]2)=N1,6.769551078621726,CHEMBL2346800,4822,2013.0
COc1ccc(C2(C34CC5CC(CC(C5)C3)C4)N=C(N)N(C)C2=O)cc1OC,6.568821291951732,CHEMBL567485,4822,2008.0
COc1ccc(C2(C34CC5CC(CC(C5)C3)C4)N=C(N)N(C)C2=O)cc1,6.834593026287885,CHEMBL571319_CHEMBL584694_CHEMBL585128,4822,
Cc1cc(C#N)cnc1C(=O)Nc1ccc(F)c(C2(C(F)F)COC3(CC3)C(N)=N2)c1,7.602059991327962,CHEMBL4128406,4822,2018.0
Cc1cc(C#N)cnc1C(=O)Nc1ccc(F)c(C2(C(F)F)COC3(CCOCC3)C(N)=N2)c1,7.552841968657781,CHEMBL4129775,4822,2018.0
Cc1cc(C#N)cnc1C(=O)Nc1ccc(F)c(C2(C(F)F)COCC(N)=N2)c1,7.568636235841012,CHEMBL3653512,4822,2014.0
Cc1cc(C#N)cnc1C(=O)Nc1ccc(F)c(C2(C)COC(C)(C(F)(F)F)C(N)=N2)c1,8.301029995663981,CHEMBL3261067,4822,2014.0
CCOc1ccc(C(=O)Nc2ccc(F)c(C3(C)N=C(N)OCC3(F)F)c2)nc1,6.735182176990463,CHEMBL2347367,4822,2013.0
CCOc1ccc(C2(C34CC5CC(CC(C5)C3)C4)N=C(N)N(C)C2=O)cc1,6.481242728391235,CHEMBL566198,4822,2010.0
COc1ccc(C2(c3ccc(C#N)c(-c4cccnc4)c3)N=C(N)N(C)C2=O)cc1C,6.200659450546418,CHEMBL565378,4822,2010.0
CCOc1ccc(C2(c3cccc(-c4cccnc4F)c3)N=C(N)N3CCCN=C32)cc1OCC,7.096910013008056,CHEMBL566978,4822,2010.0
COc1ccc(C(=O)Nc2csc(C34COC(C)CC3CSC(N)=N4)n2)nc1,6.585026652029182,CHEMBL3922902,4822,2016.0
COc1ccc(C(=O)Nc2csc(C34COC(C)CC3CSC(N)=N4)n2)cc1,6.00436480540245,CHEMBL4217023,4822,2018.0
COc1ccc(C(=O)Nc2ccc(F)c(C3(C)N=C(N)OCC3(F)F)c2)nc1,7.292429823902063,CHEMBL2347365,4822,2013.0
COc1ccc(C(=O)Nc2ccc(F)c(C3(C)CCC(C)(C#N)C(N)=N3)c2)nc1,8.008773924307505,CHEMBL4556248,4822,2019.0
CCOc1cnc(C(=O)Nc2cc(F)c(F)c(C3(C)N=C(N)SC4(COC)CC43)c2)cn1,8.3767507096021,CHEMBL4593414,4822,2020.0
Cc1cc(C#N)cnc1C(=O)Nc1ccc(F)c(C2(C)COC(CF)(CF)C(N)=N2)c1,7.619788758288394,CHEMBL4127572,4822,2018.0
Cc1cc(C#N)cnc1C(=O)Nc1ccc(F)c(C2(C)N=C(N)C3COC2O3)c1,7.275724130399211,CHEMBL4126197,4822,2018.0
Cc1cc(C#N)cnc1C(=O)Nc1ccc(F)c(C2(CF)COC(CF)(CF)C(N)=N2)c1,7.920818753952375,CHEMBL4127426,4822,2018.0
CCOc1cccc(CN2CCC3(CNS(=O)(=O)N3c3cccc(F)c3)CC2C)c1,5.022276394711152,CHEMBL2177487,4822,2012.0
O=C(Nc1cc(-c2ccccc2)ccc1N1CCN(C(=O)c2ccccc2)CC1)c1cccc2ccccc12,7.102372908709558,CHEMBL212627,4822,2009.0
O=C(Nc1cc(-c2ccccc2)ccc1N1CCN(CCO)CC1)c1cccc2ccccc12,6.958607314841775,CHEMBL377581,4822,2006.0
O=C(Nc1cc(-c2ccccc2)ccc1N1CCN(Cc2ccccc2)CC1)c1cc2ccccc2oc1=O,6.821023052706831,CHEMBL212578,4822,2006.0
CC1(C)Cc2cc(Cl)ccc2C(NC(Cc2ccccc2)c2nc3ccccc3c(=O)[nH]2)=N1,5.140861702705469,CHEMBL2346799,4822,2013.0
O=C(Nc1cc(Br)ccc1N1CCNCC1)c1cccc2ccccc12,6.0,CHEMBL203120_CHEMBL378032,4822,
O=C(Nc1cc(Br)ccc1N1CCNCC1)c1ccc2ccccc2n1,5.455931955649724,CHEMBL377745,4822,2006.0
O=C(Nc1cc(Br)ccc1N1CCNCC1)c1cc2ccccc2oc1=O,6.173925197299173,CHEMBL381919,4822,2010.0
O=C(Nc1cc(Br)ccc1N1CCNCC1)c1cc(=O)c2ccccc2o1,5.795880017344075,CHEMBL381272,4822,2010.0
O=C(Nc1cc(Br)ccc1N1CCN(S(=O)(=O)c2cccs2)CC1)c1cc(=O)c2ccccc2o1,5.585026652029182,CHEMBL206097,4822,2006.0
O=C(Nc1cc(Br)ccc1N1CCN(Cc2ccccc2)CC1)c1cccc2ccccc12,5.2839966563652006,CHEMBL380521,4822,2006.0
O=C(Nc1cc(Br)ccc1N1CCN(Cc2ccccc2)CC1)c1cc2ccccc2oc1=O,6.119186407719209,CHEMBL206442,4822,2006.0
O=C(Nc1cc(Br)ccc1N1CCN(CCO)CC1)c1cccc2ccccc12,7.102372908709558,CHEMBL213904,4822,2006.0
O=C(Nc1cc(Br)ccc1N1CCN(CCO)CC1)c1cc2ccccc2oc1=O,6.200659450546418,CHEMBL211214,4822,2006.0
CC1(C)Cc2cc(Cl)ccc2C(NC(Cc2ccccc2)c2n[nH]c(=O)[nH]2)=N1,5.4723700991286615,CHEMBL2346797,4822,2013.0
CC1(C)Cc2cc(Cl)ccc2C(NC(Cc2ccccc2)C(=O)O)=N1,5.546681659952963,CHEMBL2346790,4822,2013.0
COc1ccc(C2(c3ccc(F)c(-c4cncnc4)c3)N=C(N)N(C)C2=O)cc1C,7.698970004336019,CHEMBL567688,4822,2010.0
COc1ccc(C2(c3ccc(F)c(-c4cncnc4)c3)N=C(N)N(C)C2=O)cc1,7.698970004336019,CHEMBL1651460,4822,2011.0
COc1ccc(C2(c3ccc(F)c(-c4cccnc4)c3)N=C(N)N3CC(F)(F)CN=C32)cc1C,7.430041181903406,CHEMBL1957478,4822,2012.0
COc1ccc(C2(c3ccc(C)c(-c4cccnc4)c3)N=C(N)N(C)C2=O)cc1C,6.886023242994851,CHEMBL565995,4822,2010.0
O=C(Nc1cc(-c2ccccc2)ccc1N1CCNCC1)c1cccc2ccccc12,6.522878745280337,CHEMBL211995,4822,2006.0
O=C(Nc1cc(-c2ccccc2)ccc1N1CCNCC1)c1cc2ccccc2oc1=O,6.236572006437063,CHEMBL209632,4822,2006.0
O=C(Nc1cc(-c2ccccc2)ccc1N1CCN(Cc2ccccc2)CC1)c1cccc2ccccc12,5.903089986991944,CHEMBL379334,4822,2006.0
CC1(C)Cc2cc(Cl)ccc2C(NC(Cc2ccccc2)c2ncc(C#N)c(=O)[nH]2)=N1,6.327902142064282,CHEMBL2346802,4822,2013.0
CC(C)(C)c1cccc(CNC2CS(=O)(=O)CC(Cc3ccc(N)c(F)c3)C2O)c1,6.455931955649724,CHEMBL2047888,4822,2012.0
CC(C)(C)c1cccc(CNC2CS(=O)(=O)CC(Cc3ccc(N)c(OC(F)(F)F)c3)C2O)c1,6.886056647693163,CHEMBL2047892,4822,2012.0
CC1(c2cc(NC(=O)c3ccc(C#N)cn3)ccc2F)Cc2cccn2C(N)=N1,7.443697499232712,CHEMBL3261077,4822,2014.0
CC1(c2cc(NC(=O)c3ccc(Cl)cn3)ccc2F)N=C(N)COC1(F)C(F)(F)F,7.602059991327962,CHEMBL3261073,4822,2014.0
CC1(c2cc(NC(=O)c3ccc(Cl)cn3)ccc2F)Cn2ccnc2C(N)=N1,7.460046158343603,CHEMBL4466470,4822,2019.0
NC1=NC2(CO1)c1cc(-c3cccnc3F)ccc1Oc1cnc(-c3ccccc3)cc12,8.853871964321762,CHEMBL3394052,4822,2015.0
NC1=NC2(CO1)c1cc(-c3cccnc3F)ccc1Oc1c2cc(N2CCOCC2)nc1F,9.522878745280336,CHEMBL3394224,4822,2015.0
NC1=NC2(CO1)c1cc(-c3cccnc3F)ccc1Oc1c2cc(N2CCC(F)C2)nc1F,9.69897000433602,CHEMBL3394227,4822,2015.0
COC(C)(C)C#Cc1ccc2c(c1)C1(COC(N)=N1)c1cc(-c3cncnc3)ccc1O2,8.154901959985743,CHEMBL3354692,4822,2014.0
COC(C)(C)C#Cc1cnc2c(c1)C1(COC(N)=N1)c1cc(-c3cccnc3F)ccc1O2,8.337242168318426,CHEMBL3359761,4822,2014.0
COC(C)(C)COc1ccc2c(c1)C1(COC(N)=N1)c1cc(-c3cncnc3)ccc1O2,8.397940008672037,CHEMBL3354698,4822,2014.0
NC1=NC2(CO1)c1cc(-c3cccnc3F)ccc1Oc1cnc(-c3ccccn3)cc12,8.42021640338319,CHEMBL3394053,4822,2015.0
COC(C)(C)COc1cnc2c(c1)C1(COC(N)=N1)c1cc(-c3cccnc3F)ccc1O2,8.744727494896694,CHEMBL3359751,4822,2014.0
COC(Cc1cc(CC2CS(=O)(=O)CC(NCc3cccc(C(C)(C)C)c3)C2O)cc(F)c1N)C(F)(F)F,7.107905397309519,CHEMBL2047913,4822,2012.0
NC1=NC2(CO1)c1cc(-c3cccnc3F)ccc1Oc1c2cc(N2CCC(F)(F)CC2)nc1F,9.522878745280336,CHEMBL3394225,4822,2015.0
NC1=NC2(CO1)c1cc(-c3cccnc3F)ccc1Oc1c2cc(N2CCC(F)(F)C2)nc1F,9.69897000433602,CHEMBL3394226,4822,2015.0
NC1=NC2(CO1)c1cc(-c3cccnc3F)ccc1Oc1c2cc(C2CCOCC2)nc1F,9.154901959985745,CHEMBL3394223,4822,2015.0
NC1=NC2(CO1)c1cc(-c3cccnc3F)ccc1Oc1c2cc(C2CCCOC2)nc1F,9.0,CHEMBL3394222,4822,2015.0
NC1=NC2(CO1)c1cc(-c3cccnc3F)ccc1Oc1c2cc(C2=COCCC2)nc1F,9.69897000433602,CHEMBL3394218,4822,2015.0
NC1=NC2(CO1)c1cc(-c3cccnc3F)ccc1Oc1c2cc(C2=CCOCC2)nc1F,9.522878745280336,CHEMBL3394221,4822,2015.0
COc1cccc(-c2nnc(N3CCN(c4ccccn4)CC3)o2)c1OC,5.665546248849069,CHEMBL4744191,4822,2019.0
COC(C)C(=O)NC(Cc1ccc2c(c1)OCO2)C(O)CNC1CC2(CCC2)Oc2ncc(CC(C)(C)C)cc21,7.759709106585415,CHEMBL2181880,4822,2012.0
NC1=NC2(CO1)c1cc(-c3cccnc3F)ccc1Oc1c2cc(C2=CCCOC2)nc1F,8.522878745280337,CHEMBL4564735,4822,2020.0
NC1=NC2(CO1)c1cc(-c3cccnc3F)ccc1Oc1cnc(-c3cccnc3)cc12,8.602059991327963,CHEMBL3394054,4822,2015.0
NC1=NC2(CO1)c1cc(-c3cccnc3F)ccc1Oc1cnc(-c3ccncc3)cc12,8.602059991327963,CHEMBL3394055,4822,2015.0
NC1=NC2(CO1)c1cc(-c3cccnc3F)ccc1Oc1ncc(-c3ccnc(F)c3)cc12,8.638272163982407,CHEMBL3359759,4822,2014.0
Cc1cc(C2(c3cccc(-c4cncnc4)c3)N=C(N)N(C)C2=O)cc(C(C)C)n1,6.522878745280337,CHEMBL597073,4822,2010.0
Cc1ccc2[nH]c(NC3CNCC3OC(=O)c3ccc(-c4ccccc4)cc3)nc2c1,6.180456064458131,CHEMBL3745922,4822,2016.0
Cc1ccc2[nH]c(NC3CN(C(=O)c4ccccc4)CC3OC(=O)c3ccc(-c4ccccc4)cc3)nc2c1,6.4089353929735005,CHEMBL3747556,4822,2016.0
Cc1ccc2[nH]c(NC3CN(C(=O)OC(C)(C)C)CC3OC(=O)c3cccc(-c4ccc(F)cc4)c3)nc2c1,6.721246399047171,CHEMBL3746752,4822,2016.0
NC1=NC2(CO1)c1cc(-c3cccnc3F)ccc1Oc1cnc(N3CCC(F)C3)cc12,8.934833115752497,CHEMBL3394050_CHEMBL3394051,4822,
Cc1ccc2[nH]c(NC3CN(C(=O)OC(C)(C)C)CC3OC(=O)c3ccc(-c4ccccc4)cc3)nc2c1,6.6777807052660805,CHEMBL3746566,4822,2016.0
NC1=NC2(CO1)c1cc(-c3cccnc3F)ccc1Oc1cnc(N3CCC(F)(F)CC3)cc12,9.154901959985745,CHEMBL3394048,4822,2015.0
NC1=NC2(CO1)c1cc(-c3cccnc3F)ccc1Oc1cnc(-c3ccnc(F)c3)cc12,9.045757490560677,CHEMBL3394057,4822,2015.0
CC1(c2cc(NC(=O)c3ccc(Cl)cn3)ccc2F)N=C(N)COC1C(F)(F)F,7.579445457765923,CHEMBL3261072,4822,2014.0
NC1=NC2(CO1)c1cc(-c3cccnc3F)ccc1Oc1cnc(C3CCOCC3)cc12,8.148741651280925,CHEMBL3394042,4822,2015.0
COc1cccc(C2(c3ccccc3)N=C(N)N(C)C2=O)c1,5.459835168949064,CHEMBL576628,4822,2010.0
NC1=NC2(CO1)c1cc(-c3cccnc3F)ccc1Oc1cnc(C3CCCOC3)cc12,7.94692155651658,CHEMBL3394043,4822,2015.0
NC1=NC2(CO1)c1cc(-c3cccnc3F)ccc1Oc1cnc(C3CCCCO3)cc12,8.19520279538739,CHEMBL3394044_CHEMBL3394045,4822,
COc1cccc(C(=O)Nc2cccc(C3(C4CCCCC4)N=C(N)N(C)C3=O)c2)c1,5.866461091629782,CHEMBL594896,4822,2010.0
NC1=NC2(CO1)c1cc(-c3cccnc3F)ccc1Oc1cnc(C3=CCOCC3)cc12,9.154901959985745,CHEMBL3394039,4822,2015.0
CC(=O)C12CC1C(C)(c1cc(C=C(F)c3ccc(C#N)cn3)ccc1F)N=C(N)S2,7.886056647693163,CHEMBL4750159,4822,2020.0
NC1=NC2(CO1)c1cc(-c3cccnc3F)ccc1Oc1cnc(C3=CCCOC3)cc12,9.30102999566398,CHEMBL3394041,4822,2015.0
NC1=NC2(CO1)c1cc(-c3cccnc3F)ccc1Oc1cnc(N3CCC(F)(F)C3)cc12,9.221848749616356,CHEMBL3394049,4822,2015.0
NC1=NC2(CO1)c1cc(-c3cccnc3F)ccc1Oc1c2cc(C2=CCCCO2)nc1F,9.397940008672036,CHEMBL3394219,4822,2015.0
NC1=NC2(CO1)c1cc(-c3cccnc3F)ccc1Oc1c2cc(-c2ccncc2)nc1F,9.397940008672036,CHEMBL3394212,4822,2015.0
NC1=NC2(CO1)c1cc(-c3cccnc3F)ccc1Oc1c2cc(-c2ccnc(F)c2)nc1F,9.397940008672036,CHEMBL3394217,4822,2015.0
COc1cccc(-c2cccc(C3(C)N=C(N)CS3)c2)c1,5.102372908709558,CHEMBL2380454,4822,2013.0
COCC#Cc1cc(C2(c3ccc(OC(F)F)c(C)c3)N=C(N)N(C)C2=O)ccc1F,7.886056647693163,CHEMBL1270334,4822,2010.0
COc1cccc(-c2cccc(C3(C)N=C(N)CCS3)c2)c1,6.200659450546418,CHEMBL2380446,4822,2013.0
COCC#Cc1cc(C2(c3ccc(OC(F)F)cc3)N=C(N)N(C)C2=O)ccc1F,7.920818753952375,CHEMBL1270526,4822,2010.0
COCC#Cc1cccc(C2(c3ccc(OC(F)F)cc3)N=C(N)N(C)C2=O)c1,7.698970004336019,CHEMBL1271346,4822,2010.0
COCC#Cc1cccc(C2(c3ccc(OC(F)F)cc3)N=C(N)N3CC(F)(F)CN=C32)c1,7.110026361596004,CHEMBL1957480,4822,2012.0
COc1cccc(-c2cccc(C3(C)N=C(N)CCO3)c2)c1,5.0,CHEMBL2380443,4822,2013.0
COc1cccc(-c2cccc(C3(C)N=C(C)C(N)=N3)c2)c1,5.455931955649724,CHEMBL2180018,4822,2012.0
NC1=NC2(CO1)c1cc(-c3cccnc3F)ccc1Oc1c(F)cc(C3=CCOCC3)cc12,9.522878745280336,CHEMBL3354718,4822,2014.0
O=C(C=Cc1ccc(OCc2ccc(F)cc2)cc1)C=C(O)C=Cc1ccc(OCc2ccc(F)cc2)cc1,5.982966660701219,CHEMBL3764465,4822,2016.0
COc1cccc(-c2cccc(C3(C)CSCC(N)=N3)c2)c1,5.698970004336019,CHEMBL2380448,4822,2013.0
O=C(C=Cc1ccc(OCc2ccccc2)cc1)C=C(O)C=Cc1ccc(OCc2ccccc2)cc1,7.397940008672037,CHEMBL3763728,4822,2016.0
COc1cccc(-c2cccc(C3(C)COCC(N)=N3)c2)c1,5.494850021680094,CHEMBL2380447,4822,2013.0
O=C(C=Cc1ccc(OCc2ccccc2)cc1)CC(=O)C=Cc1ccc(OCc2ccccc2)cc1,5.218963061378869,CHEMBL3765319,4822,2016.0
COc1cccc(-c2cccc(C3(C)CCSC(N)=N3)c2)c1,5.698970004336019,CHEMBL2380449,4822,2013.0
NC1=NC2(CO1)c1cc(-c3cccnc3F)ccc1OC1COCCC12,6.823908740944319,CHEMBL3265331,4822,2014.0
NC1=NC2(CO1)c1cc(-c3cccc(F)n3)ccc1Oc1cnc(Cl)cc12,7.142667503568731,CHEMBL4277255,4822,2017.0
NC1=NC2(CO1)c1cc(-c3cccc(F)n3)ccc1Oc1cnc(-c3ccnc(F)c3)cc12,9.036212172654444,CHEMBL4285211,4822,2017.0
O=C(C=Cc1ccc(OCc2cccc(F)c2)cc1)C=C(O)C=Cc1ccc(OCc2cccc(F)c2)cc1,5.96657624451305,CHEMBL3763264,4822,2016.0
CC(C)CC1CC2CSC(N)=NC2(c2ccc(F)cc2F)CO1,6.823908740944319,CHEMBL3414711,4822,2015.0
NC1=NC2(CO1)c1cc(-c3cccnc3F)ccc1Oc1c2cc(-c2ccc(F)nc2)nc1F,9.522878745280336,CHEMBL3394216,4822,2015.0
O=C(OC1CCS(=O)(=O)c2ccc(Br)cc21)C1CC2(CN1)C(=O)Nc1ccccc12,5.3979400086720375,CHEMBL2181984,4822,2012.0
NC1=NC2(CO1)c1cc(-c3cccnc3F)ccc1Oc1c2cc(-c2cccnc2F)nc1F,8.920818753952375,CHEMBL3394215,4822,2015.0
NC1=NC2(CO1)c1cc(-c3cccnc3F)ccc1Oc1c2cc(-c2cccnc2)nc1F,9.522878745280336,CHEMBL3394211,4822,2015.0
COc1cccc(-c2cccc(CCc3cc(=O)n(C)c(N)n3)c2)c1,5.229147988357855,CHEMBL235754,4822,2007.0
COc1cccc(-c2cccc(C3(c4ccncc4)N=C(N)N4CCCN=C43)c2)c1F,7.047866792018674,CHEMBL1957468,4822,2012.0
CC(C)COc1ccc2c(c1)C1(COC(N)=N1)c1cc(-c3cncnc3)ccc1O2,8.096910013008056,CHEMBL2177343,4822,2012.0
NC1=NC2(CO1)c1cc(-c3cccnc3F)ccc1Oc1c2cc(-c2ccccc2)nc1F,9.154901959985745,CHEMBL3394210,4822,2015.0
COc1cccc(-c2cccc(C3(c4ccncc4)N=C(N)N4CC(F)(F)CN=C43)c2)c1F,7.592964413973661,CHEMBL1957470_CHEMBL1957471_CHEMBL3260842,4822,
CC(C)CNC(=O)C(C)NCC(Cc1ccccc1)NC(=O)c1cc(CCC2CC2C)cc(N(C)S(C)(=O)=O)c1,7.698970004336019,CHEMBL210414,4822,2006.0
CC(C)CNC(=O)C(C)CC(O)C(CC(C)C)NC(=O)C(Cc1ccccc1)NC(=O)c1ccccc1,5.159266765388193,CHEMBL1087609,4822,2010.0
CC(C)CNC(=O)C(C)CC(O)C(CC(C)C)NC(=O)C(Cc1ccccc1)NC(=O)c1ccc2c(c1)OCO2,5.09312646527793,CHEMBL1088138,4822,2010.0
COc1cccc(-c2cccc(C3(c4ccncc4)N=C(N)N(C)C3=O)c2)c1,7.523023534240472,CHEMBL1092124,4822,2010.0
COc1cccc(-c2cccc(C3(c4ccncc4)N=C(N)CS3)c2)c1,6.301029995663981,CHEMBL2380456,4822,2013.0
COc1cccc(-c2cccc(C3(c4ccncc4)N=C(C)C(N)=N3)c2)c1,6.769551078621726,CHEMBL2180023,4822,2012.0
COc1cccc(-c2cccc(C3(C4CCOCC4)N=C(C)C(N)=N3)c2)c1,5.522878745280337,CHEMBL2180035,4822,2012.0
O=C(C=Cc1ccc(O)cc1)C=C(O)C=Cc1ccc(O)cc1,5.5951662833800615,CHEMBL131770,4822,2016.0
COC1CSC(N)=NC1(C)c1cc(NC(=O)c2cnc(OCF)cn2)ccc1F,8.080921907623926,CHEMBL4451133,4822,2019.0
COc1cccc(-c2cccc(C3(C4CCN(C(C)=O)CC4)N=C(C)C(N)=N3)c2)c1,6.096910013008056,CHEMBL2180036,4822,2012.0
COC1Oc2cc(O)ccc2-c2c1oc1cc(O)c(C)c(O)c1c2=O,5.321481620959887,CHEMBL498456,4822,2014.0
O=C(C=Cc1ccc(O)cc1)C=C(O)C=Cc1ccc(OCc2ccccc2)cc1,5.570247719997592,CHEMBL3765061,4822,2016.0
NC1=NC2(CO1)c1cc(-c3cccnc3F)ccc1Oc1ncc(C3=CCCOC3)cc12,8.920818753952375,CHEMBL3359753,4822,2014.0
NC1=NC2(CO1)c1cc(-c3cccnc3F)ccc1Oc1ncc(C3=CCOCC3)cc12,8.823908740944319,CHEMBL3359752,4822,2014.0
NC1=NC2(CO1)c1cc(-c3cccnc3F)ccc1Oc1ncc(C3CCOCC3)cc12,8.2518119729938,CHEMBL3359754,4822,2014.0
NC1=NC2(CO1)c1cc(-c3cccnc3F)ccc1Oc1ncc(N3CCOCC3)cc12,8.481486060122112,CHEMBL3359756,4822,2014.0
COc1cccc(CNC(=O)c2c[nH]c3ccc(S(=O)(=O)Nc4ccc(C(F)(F)F)cc4)cc3c2=O)c1,5.657577319177793,CHEMBL3236217,4822,2014.0
COc1cccc(C=NNC(=O)N2CCN(c3ccccn3)CC2)c1OC,5.166215625343521,CHEMBL4794098,4822,2019.0
COc1cccc(C=NC2CCN(Cc3ccccc3)CC2)c1OC,5.200659450546418,CHEMBL4444849,4822,2019.0
CCCCCc1cccc(C2(c3ccc(OC(F)F)cc3)N=C(N)N(C)C2=O)c1,7.045757490560675,CHEMBL1270027,4822,2010.0
NC1=NC2CCC(OC(=O)c3cccc(Cl)c3)CC2CS1,6.118615343229427,CHEMBL3586133,4822,2015.0
NC1=NC2CCC(NC(=O)c3cccc(Cl)c3)CC2CS1,5.73754891026957,CHEMBL3586130,4822,2015.0
NC1=NC23CCC(NC(=O)c4cccc(Cl)c4)CC2C(COC3)S1,5.647817481888637,CHEMBL3586131,4822,2015.0
NC1=NC2(c3cccc(NC(=O)c4ccc(Cl)cn4)c3)CC2CS1,6.119186407719209,CHEMBL2403771,4822,2013.0
CC#Cc1cncc(-c2ccc3c(c2)C2(COC(N)=N2)c2cc(Cl)ncc2O3)c1,7.886056647693163,CHEMBL4280656,4822,2017.0
NC1=NC2(c3cccc(NC(=O)c4ccc(Cl)cn4)c3)CC2CCS1,7.568636235841012,CHEMBL2331708,4822,2013.0
NC1=NC2(c3ccc(F)cc3F)COC(c3ncco3)CC2CS1,7.568636235841012,CHEMBL3422235,4822,2015.0
CN(C)c1cccc(CNCC(O)C(Cc2ccccc2)NC(=O)C2CN(Cc3ccc(F)cc3F)C(=O)N2)c1,5.002176919254275,CHEMBL265953,4822,2008.0
CC#Cc1cncc(-c2ccc3c(c2)C2(N=C(C)C(N)=N2)C2(CCC(OC)CC2)C3)c1,9.221848749616356,CHEMBL3989948_CHEMBL4217620,4822,
CN(C)c1cccc(CNCC(O)C(Cc2ccccc2)NC(=O)C2CN(Cc3ccc(F)c(F)c3)C(=O)N2)c1,5.241088107602026,CHEMBL260634,4822,2008.0
CC#Cc1cncc(-c2cccc(C3(C4CC4)N=C(C)C(N)=N3)c2)c1,7.102372908709558,CHEMBL2180037,4822,2012.0
CC#Cc1cncc(-c2cccc(C3(c4cc(C)c(=O)n(CC)c4)N=C(N)c4c(F)cc(F)cc43)c2)c1,8.586700235918748,CHEMBL2177303,4822,2012.0
CC#Cc1cncc(-c2cccc(C3(c4cc(C)c(=O)n(CC)c4)N=C(N)c4c(F)cccc43)c2)c1,8.61261017366127,CHEMBL2152903,4822,2012.0
CC#Cc1cncc(-c2cccc(C3(c4cc(C)c(OC)c(C)c4)N=C(C)C(N)=N3)c2)c1,7.585026652029182,CHEMBL2180031,4822,2012.0
NC1=NC2(c3ccc(F)cc3F)COCCC2CS1,5.292429823902063,CHEMBL3414706,4822,2015.0
CC#Cc1cncc(-c2ccc3c(c2)C2(COC(N)=N2)c2cc(C4=CCOCC4)ncc2O3)c1,9.508638306165729,CHEMBL4284110,4822,2017.0
CC#Cc1cncc(-c2ccc3c(c2)C2(COC(N)=N2)c2cc(C4=CCCOC4)ncc2O3)c1,9.337242168318426,CHEMBL4276834,4822,2017.0
CC#Cc1cncc(-c2ccc3c(c2)C2(COC(N)=N2)c2cc(-c4ccnc(F)c4)ncc2O3)c1,9.366531544420411,CHEMBL4287483,4822,2017.0
COc1cccc2cc(C(=O)NCCCCCCCNc3c4c(nc5ccccc35)CCCC4)oc12,6.366531544420413,CHEMBL3752926,4822,2016.0
CN(c1cc(C(=O)NC(Cc2ccccc2)C(O)CNC2CC2)cc(C(=O)C2CCCCC2)c1)S(C)(=O)=O,6.346787486224656,CHEMBL202057,4822,2006.0
CN(c1cc(C(=O)NC(Cc2ccccc2)C(O)CNC2CC2)cc(C(=O)C2CCCC2)c1)S(C)(=O)=O,6.7447274948966935,CHEMBL383772,4822,2006.0
CN(c1cc(C(=O)Cc2ccccc2)cc(C(=O)NC(Cc2ccccc2)C(O)CNC2CC2)c1)S(C)(=O)=O,5.853871964321762,CHEMBL202549,4822,2006.0
CCCCNC(=O)C(C)CC(O)C(CC(C)C)NC(=O)C(C)N(C)C(=O)C(CC(C)C)NC(C)=O,7.0,CHEMBL211384,4822,2006.0
COc1cccc(NC(=O)c2cnc(C34COC(C)CC3CSC(N)=N4)s2)n1,6.958607314841775,CHEMBL4212046,4822,2018.0
COc1cccc(NC(=O)c2cnc(C34COC(C)CC3CSC(N)=N4)s2)c1,6.568636235841012,CHEMBL4203860,4822,2018.0
CCCCN(CCCC)S(=O)(=O)CCC(=O)NC(Cc1ccccc1)C(O)CNCc1cccc(OC)c1,6.315154638355588,CHEMBL253165,4822,2007.0
COc1cccc(CNCC(O)C(Cc2ccccc2)NC(=O)CCS(=O)(=O)c2ccccc2)c1,5.28282897316769,CHEMBL437961,4822,2007.0
COc1cccc(CNCC(O)C(Cc2ccccc2)NC(=O)CCS(=O)(=O)NCCC(C)C)c1,5.2997290626435625,CHEMBL401338,4822,2007.0
COc1cccc(CNCC(O)C(Cc2ccccc2)NC(=O)CCS(=O)(=O)N2CCCCC2)c1,5.421934116163909,CHEMBL252960,4822,2007.0
COc1cccc(CNCC(O)C(Cc2ccccc2)NC(=O)CCS(=O)(=O)C2CCCCC2)c1,5.435333935747911,CHEMBL398925,4822,2007.0
COc1cccc(CNCC(O)C(Cc2ccccc2)NC(=O)CCCS(=O)(=O)c2ccccc2)c1,5.383944805023414,CHEMBL252547,4822,2007.0
COc1cccc(CNCC(O)C(Cc2ccccc2)NC(=O)CCCS(=O)(=O)N2CCCCC2)c1,5.189700258959832,CHEMBL252756,4822,2007.0
COc1cccc(CNC2CCN(Cc3ccccc3)CC2)c1OC,5.275724130399211,CHEMBL4435826,4822,2019.0
COc1cccc(CNC2CCN(Cc3ccccc3)C2)c1OC,5.544241796895863,CHEMBL4747185,4822,2020.0
CC#Cc1ccnc(-c2cc(C3(C4CC4)N=C(C)C(N)=N3)ccc2O)c1,6.886056647693163,CHEMBL2180015,4822,2012.0
CC#Cc1cncc(-c2cc(C3(C4CC4)N=C(C)C(N)=N3)ccc2O)c1,7.214670164989233,CHEMBL2180014,4822,2012.0
CC#Cc1cncc(-c2ccc3c(c2)C2(CO3)N=C(N)CC2C(F)(F)F)c1,6.940058111938045,CHEMBL4078371,4822,2018.0
CN(C)c1cccc(CNCC(O)C(Cc2ccccc2)NC(=O)C2CN(Cc3cc(F)cc(F)c3)C(=O)N2)c1,5.705533773838408,CHEMBL413999,4822,2008.0
NC1=NC2(CO1)c1cc(-c3cc(F)cc(Cl)c3)ccc1OC1COCCC12,7.221848749616356,CHEMBL3265334,4822,2014.0
CC#Cc1cncc(-c2cccc(C3(c4ccnc(C(F)F)c4)N=C(N)c4c(F)cccc43)c2)c1,8.18775530319963,CHEMBL2177915,4822,2012.0
CN(C)c1cccc(CNCC(O)C(Cc2cc(F)cc(F)c2)NC(=O)C2CN(Cc3ccccc3)C(=O)N2)c1,5.889410289700751,CHEMBL405889,4822,2008.0
NC1=NC2(c3cc(NC(=O)c4ccc(Br)cn4)ccc3F)OCCC2CS1,7.481486060122112,CHEMBL3919597,4822,2016.0
NC1=NC2(c3cc(F)cc(NC(=O)c4ccc(F)cn4)c3)OCCC2CS1,5.698970004336019,CHEMBL3928503,4822,2016.0
NC1=NC2(c3cc(F)cc(NC(=O)c4ccc(Cl)cn4)c3)OCCC2CS1,6.221848749616356,CHEMBL3900541,4822,2016.0
NC1=NC2(c3cc(CNCC(F)(F)F)c(F)cc3F)COC(CF)CC2CS1,7.113509274827518,CHEMBL3673194,4822,2015.0
NC1=NC2(CO1)c1cc(OCC3CCCCC3)ccc1Oc1ccc(-c3cncnc3)cc12,8.154901959985743,CHEMBL3354696,4822,2014.0
NC1=NC2(CO1)c1cc(NC(=O)c3ccc(Cl)cn3)ccc1Oc1cnc(Cl)cc12,7.67778070526608,CHEMBL4291981,4822,2017.0
NC1=NC2(CO1)c1cc(NC(=O)c3ccc(Cl)cn3)ccc1Oc1cnc(C3CCOCC3)cc12,9.244125144327509,CHEMBL4286331,4822,2017.0
CC1(c2cc(NC(=O)c3ccc(Cl)cn3)ccc2F)N=C(N)COC1C(F)F,7.397940008672037,CHEMBL3261071,4822,2014.0
COC(=O)c1cc(C)nc2sc3cccc(OC)c3c12,6.221848749616356,CHEMBL4177357,4822,2017.0
NC1=NC2(CO1)c1cc(NC(=O)c3ccc(Cl)cn3)ccc1Oc1cnc(C3CC3)cc12,8.443697499232712,CHEMBL4279064,4822,2017.0
NC1=NC2(CO1)c1cc(C3=CCOCC3)ccc1Oc1ccc(-c3cncnc3)cc12,8.397940008672037,CHEMBL3354693,4822,2014.0
NC1=NC2(CO1)c1cc(C3=CCOCC3)ccc1Oc1ccc(-c3cccnc3F)cc12,8.585026652029182,CHEMBL3394058,4822,2015.0
NC1=NC2(CO1)c1cc(-c3ncccc3F)ccc1Oc1c2cc(C2=CCCOC2)nc1F,9.522878745280336,CHEMBL3394220,4822,2015.0
NC1=NC2(CO1)c1cc(-c3cncnc3)ccc1Oc1ccc(N3CCOCC3)cc12,7.769551078621726,CHEMBL3354694,4822,2014.0
NC1=NC2(CO1)c1cc(-c3cncc(F)c3)ccc1Oc1cnc(Cl)cc12,6.494850021680094,CHEMBL4288556,4822,2017.0
NC1=NC2(CO1)c1cc(-c3cncc(F)c3)ccc1OC1COCCC12,6.443697499232712,CHEMBL3265332,4822,2014.0
NC1=NC2(CO1)c1cc(-c3cncc(C#CCO)c3)ccc1Oc1cnc(C3=CCOCC3)cc12,9.236572006437065,CHEMBL4290822,4822,2017.0
NC1=NC2(CO1)c1cc(-c3cncc(C#CC4CC4)c3)ccc1Oc1cnc(C3=CCOCC3)cc12,8.744727494896694,CHEMBL4282964,4822,2017.0
NC1=NC2(CO1)c1cc(NC(=O)c3ccc(Cl)cn3)ccc1Oc1cnc(C3=CCCOC3)cc12,9.207608310501746,CHEMBL4294221,4822,2017.0
COC(=O)c1cc(C)c2c(n1)sc1ccc(OC)cc12,5.657577319177793,CHEMBL4169090,4822,2017.0
NC1=NC2(c3cc(NC(=O)c4ccc(C(F)(F)F)cn4)ccc3F)COC(C(F)(F)F)C2CO1,7.924453038607469,CHEMBL4515824,4822,2019.0
NC1=NC2(c3cc(NC(=O)c4ccc(Cl)cn4)ccc3F)CC2COC1,6.431798275933005,CHEMBL2403779,4822,2013.0
COC(=O)C1OC2OC1C(=S)N(Cc1ccccc1)C2Cc1ccccc1,5.585026652029182,CHEMBL4094980,4822,2017.0
COC(=O)C1OCC(=S)NC1c1ccc(OC)cc1,5.2441251443275085,CHEMBL4648247,4822,2020.0
NC1=NC2(c3ccc(F)cc3F)COC(C3CC3)CC2CS1,6.552841968657781,CHEMBL3414710,4822,2015.0
NC1=NC2(c3ccc(F)cc3F)COC(C(F)F)CC2CS1,6.173925197299173,CHEMBL3414700,4822,2015.0
O=C1CSC2(CCN(CCCN3c4ccccc4Sc4ccc(Cl)cc43)CC2)N1,5.180456064458131,CHEMBL1483796,4822,2018.0
CN(C)c1ccc(C(=O)OC2CN(C(=O)OC(C)(C)C)CC2Nc2nc3cc(F)ccc3[nH]2)cc1,5.8696662315049934,CHEMBL3747274,4822,2016.0
COC(=O)CN1CC(Nc2nc3cc(C)ccc3[nH]2)C(OC(=O)c2ccc(-c3ccccc3)cc2)C1,6.2441251443275085,CHEMBL3745864,4822,2016.0
NC1=NC2(c3cc(NC(=O)c4ncccc4F)ccc3F)OCCC2CS1,6.292429823902063,CHEMBL3890737,4822,2016.0
NC1=NC2(c3cc(NC(=O)c4ncc(Cl)cc4Cl)ccc3F)OCCC2CS1,7.481486060122112,CHEMBL3909581,4822,2016.0
NC1=NC2(c3cc(NC(=O)c4cnc(OCF)cn4)ccc3F)COCCC2CC1(F)F,8.455931955649724,CHEMBL4637358,4822,2020.0
NC1=NC2(c3cc(NC(=O)c4cnc(OCF)cn4)ccc3F)COC(CF)CC2CC1(F)F,8.602059991327963,CHEMBL4636350,4822,2020.0
CC(=CCCC(C)=CCc1cc(C(=O)O)ccc1O)CCC=C(C)CCC=C(C)C(=O)O,5.698970004336019,CHEMBL4443976,4822,2019.0
NC1=NC2(c3cc(NC(=O)c4cnc(OCF)cn4)ccc3F)CCOCC2CC1(F)F,7.100179497572904,CHEMBL4635770,4822,2020.0
NC1=NC2(c3cc(NC(=O)c4ccccn4)ccc3F)OCCC2CS1,6.065501548756432,CHEMBL3897492,4822,2016.0
NC1=NC2(c3cc(NC(=O)c4ccc(OC(F)F)cn4)ccc3F)OCCC2CS1,6.795880017344075,CHEMBL3910646,4822,2016.0
NC1=NC2(c3cc(NC(=O)c4ccc(F)cn4)ccc3F)OCCC2CS1,6.795880017344075,CHEMBL3959813,4822,2016.0
NC1=NC2(c3cc(NC(=O)c4ccc(F)cn4)ccc3F)COCC2CS1,7.809894379144197,CHEMBL2396989,4822,2014.0
NC1=NC2(c3cc(NC(=O)c4ccc(F)cn4)ccc3F)CCCC2CS1,7.534627335844443,CHEMBL4205912,4822,2018.0
NC1=NC2(c3cc(NC(=O)c4ccc(Cl)cn4)ccc3F)OCCC2CS1,7.698970004336019,CHEMBL3891534,4822,2016.0
CC#Cc1cscc1CC(NC1=NC(C)(C)Cc2cc(Cl)ccc21)C(=O)O,6.292429823902063,CHEMBL2380820,4822,2013.0
NC1=NC2(CCc3ccc(NC(=O)c4ccc(Cl)cn4)cc32)CS1,5.3979400086720375,CHEMBL2403764,4822,2013.0
COCC(=O)NC(Cc1ccc2c(c1)OCO2)C(O)CNC1CC2(CCC2)Oc2ncc(CC(C)(C)C)cc21,8.267606240177031,CHEMBL2181830,4822,2012.0
NC1=NC(c2ccncc2)(c2cccc(-c3cncnc3)c2)c2ccccc21,6.301029995663981,CHEMBL2177307,4822,2012.0
CC1OCC(c2cc(NC(=O)c3ccc(Br)cn3)ccc2F)(C(F)F)N=C1N,7.228214288018817,CHEMBL3653409_CHEMBL3653410,4822,
CC1OCC2(c3cc(NC(=O)c4ccc(C#N)cn4)ccc3F)N=C(N)C(C)(C#N)CC12,8.730487055782083,CHEMBL4561901,4822,2019.0
CC1SC(N)=NC(C)(c2cc(NC(=O)c3ccc(OC(F)F)cn3)ccc2F)C1F,8.321481620959887,CHEMBL4561476,4822,2019.0
Cn1cc(C2CC3C(CF)SC(N)=NC3(c3ccc(F)cc3F)CO2)cn1,8.154901959985743,CHEMBL3422246,4822,2014.0
Cn1cc(C2CC3CSC(N)=NC3(c3ccc(F)cc3F)CO2)cn1,8.397940008672037,CHEMBL3422238,4822,2014.0
CC1(c2cc(NC(=O)c3ccc(Cl)cn3)cc(F)c2F)N=C(N)SC2(C(N)=O)CC21,9.221848749616356,CHEMBL4468455,4822,2020.0
CC1(c2cc(NC(=O)c3ccc(Cl)cn3)cc(F)c2F)N=C(N)SC2(C(F)F)CC12,8.958607314841775,CHEMBL4457316,4822,2020.0
Cn1cc(Cl)c(C(=O)Nc2ccc(F)c(C3(C)N=C(N)OCC3(F)F)c2)n1,6.821023052706831,CHEMBL2347200,4822,2013.0
COc1ccc2c(c1)C1(COC(N)=N1)c1cc(-c3cnccc3F)ccc1O2,6.045757490560675,CHEMBL2177336,4822,2012.0
COc1ccc2c(c1)C1(COC(N)=N1)c1cc(-c3ccncc3)ccc1O2,5.4089353929735005,CHEMBL2177338,4822,2012.0
CC1SC(N)=NC(C)(c2cc(NC(=O)c3cnc(OCF)cn3)ccc2F)C1F,8.301029995663981,CHEMBL4557670,4822,2019.0
CC1SC(N)=NC2(c3ccc(F)cc3F)COC(c3cnn(C)c3)CC12,8.522878745280337,CHEMBL3422243,4822,2014.0
COc1ccc2c(c1)C1(COC(N)=N1)c1cc(-c3ccnc(Cl)c3)ccc1O2,5.675717544702307,CHEMBL2177337,4822,2012.0
CC(=O)NC(Cc1ccc2c(c1)OCCO2)C(O)CNC1CC2(CCC2)Oc2ncc(CC(C)(C)C)cc21,7.642065152999546,CHEMBL2181829,4822,2012.0
Cc1ccc(N(CC(O)Cn2c3ccccc3c3ccccc32)S(=O)(=O)c2ccccc2)cc1,5.1487416512809245,CHEMBL4204085,4822,2017.0
CC(=O)NC(Cc1ccc2c(c1)OCO2)C(O)CNC1CC2(CCC2)Oc2ncc(CC(C)(C)C)cc21,8.096910013008056,CHEMBL2181887,4822,2012.0
CC(=O)NC(Cc1cccc(-c2nccs2)c1)C(O)CNC1CC2(CCC2)Oc2ncc(CC(C)(C)C)cc21,8.431798275933005,CHEMBL2181908,4822,2012.0
CC(=O)NC(Cc1ccccc1)C(O)CNC1CC2(CCC2)Oc2ncc(CC(C)(C)C)cc21,8.221848749616356,CHEMBL2151151,4822,2012.0
CC1SC(N)=NC(C)(c2cc(NC(=O)c3cnc(F)cn3)ccc2F)C12CC(F)(F)C2,7.924453038607469,CHEMBL4437405,4822,2019.0
COc1ccc2c(c1)CC(=CC1CCN(Cc3ccccc3)CC1)C2=O,6.47755576649368,CHEMBL3818084_CHEMBL4241840,4822,
CC(C)(F)COc1ccc2c(c1)C1(COC(N)=N1)c1cc(-c3cncnc3)ccc1O2,8.096910013008056,CHEMBL3354699,4822,2014.0
CC(C)(O)C#Cc1ccc2c(c1)C1(COC(N)=N1)c1cc(-c3cncnc3)ccc1O2,8.698970004336019,CHEMBL3354691,4822,2014.0
CCN1CC2(CCN(Cc3cccc(OC(C)C)c3)C(C)C2)N(c2cccc(F)c2)S1(=O)=O,5.769551078621726,CHEMBL2177474,4822,2012.0
COCCOc1cnc(C(=O)Nc2ccc(F)c(C3(C)N=C(N)COC3C(F)(F)F)c2)cn1,7.39040559077478,CHEMBL4159574,4822,2018.0
CC1(c2cc(NC(=O)c3ccc(Cl)cn3)ccc2F)CCOC(N)=N1,6.863279432843593,CHEMBL2347209,4822,2013.0
COc1ccc2c(c1C)CCc1ccc(-c3cncnc3)cc1C21N=C(N)N(C)C1=O,7.113509274827518,CHEMBL3260840,4822,2014.0
CC1(c2cc(NC(=O)c3ccc(Cl)cn3)ccc2F)CCCOC(N)=N1,7.853871964321762,CHEMBL2403776,4822,2013.0
CC(C)=CCCC(=CCCC(C)=CCCC1(C)C=Cc2cc(O)cc(C)c2O1)C(=O)O,5.154901959985743,CHEMBL4085945,4822,2017.0
CC1(c2cc(NC(=O)c3ccc(Cl)cn3)ccc2F)CCC2(CC2)C(N)=N1,7.508638306165727,CHEMBL2403772,4822,2013.0
CC(C)=CCCC(=CCCC(C)=CCCC(C)=CCc1cc(O)cc(C)c1O)C(=O)O,5.356547323513812,CHEMBL261063,4822,2017.0
CC1(c2cc(NC(=O)c3ccc(Cl)cn3)ccc2F)CC2CC2C(N)=N1,7.017728766960431,CHEMBL2403773,4822,2013.0
CC1(c2cc(NC(=O)c3ccc(Cl)cn3)cc(F)c2F)N=C(N)SC2CC21,7.920818753952375,CHEMBL4460278,4822,2020.0
Cn1cc(-c2cscc2CC(NC2=NC(C)(C)Cc3cc(Cl)ccc32)C(=O)O)cn1,5.962573502059376,CHEMBL2380814,4822,2013.0
CC1(c2cc(NC(=O)c3ccc(Cl)cn3)cc(F)c2F)N=C(N)SC2(CO)CC21,8.619788758288394,CHEMBL4575752,4822,2020.0
CC1(c2cc(NC(=O)c3ccc(Cl)cn3)cc(F)c2F)N=C(N)SC2(CF)CC21,8.886056647693163,CHEMBL4539909,4822,2020.0
CC(C)(O)c1cccc(CNC2CS(=O)(=O)CC(Cc3cc(F)c(N)c(OC(C(F)(F)F)C(F)(F)F)c3)C2O)c1,8.698970004336019,CHEMBL2048058,4822,2012.0
CC1Cc2ccc(OC(=O)c3ccc(NC(=N)N)cc3)cc2OC1=O,5.823908740944319,CHEMBL4090604,4822,2018.0
CC(=O)NC(Cc1cc(F)cc(F)c1)C(O)CNCc1cccc(C(C)C)c1,5.494850021680094,CHEMBL1760861,4822,2011.0
CC(C)(O)COc1ccc2c(c1)C1(COC(N)=N1)c1cc(-c3cncnc3)ccc1O2,8.154901959985743,CHEMBL3354697,4822,2014.0
CC(C)(O)C#Cc1cnc2c(c1)C1(COC(N)=N1)c1cc(-c3cccnc3F)ccc1O2,8.920818753952375,CHEMBL3359762,4822,2014.0
CC(=O)NC(Cc1ccc(F)cc1)C(O)CNC1CC2(CCC2)Oc2ncc(CC(C)(C)C)cc21,8.301029995663981,CHEMBL2030997,4822,2012.0
CC(=O)NC(Cc1ccccc1)C(O)CNC1CC2(CCC2)Oc2ncc(CC(C)C)cc21,8.301029995663981,CHEMBL2177107,4822,2012.0
CC1(c2cc(NC(=O)c3ccc(Cl)cn3)ccc2F)CCOCC(N)=N1,7.638272163982407,CHEMBL2403777,4822,2013.0
COc1ccc2c(c1)C1(COC(N)=N1)c1cc(-c3cccnc3F)ccc1O2,6.096910013008056,CHEMBL2177335,4822,2012.0
COc1ccc2c(c1)C1(COC(N)=N1)c1cc(-c3ccccc3C)ccc1O2,5.153662887870195,CHEMBL2177321,4822,2012.0
CC1(c2cc(NC(=O)c3ccc(C#N)cn3)ccc2F)N=C(N)OCC1(F)F,7.638272163982407,CHEMBL2347215,4822,2013.0
CC1(c2cc(NC(=O)c3ccc(C#N)cn3)ccc2F)N=C(N)OC2C1OCC2(F)F,7.882728704344236,CHEMBL4453037,4822,2019.0
CC1(c2cc(NC(=O)c3ccc(C#N)cn3)ccc2F)N=C(N)OC2(COC2)C1F,7.684029654543082,CHEMBL4584131,4822,2019.0
CC1(c2cc(NC(=O)c3ccc(C#N)cn3)ccc2F)N=C(N)OC(C(F)(F)F)C1F,7.6419983281826,CHEMBL2347188_CHEMBL2347189,4822,
CC1(c2cc(NC(=O)c3ccc(C#N)cn3)ccc2F)N=C(N)COC1F,8.13092695564397,CHEMBL3634342,4822,2015.0
CC1(c2cc(NC(=O)c3ccc(C#N)cn3)ccc2F)N=C(N)COC1C(F)(F)F,7.653647025549361,CHEMBL4165225,4822,2018.0
CC1(c2cc(NC(=O)c3ccc(C#N)cn3)ccc2F)Cn2nnnc2C(N)=N1,8.040005161671584,CHEMBL4446937,4822,2019.0
CC1(c2cc(NC(=O)c3ccc(C#N)cn3)ccc2F)Cn2nncc2C(N)=N1,8.73480408929948,CHEMBL4441612,4822,2019.0
Cc1ccc(C=NNC(=O)N2CCN(c3ccccn3)CC2)cc1,5.406713932979542,CHEMBL4798846,4822,2019.0
CC1(c2cc(NC(=O)c3ccc(C#N)cn3)ccc2F)Cn2ncnc2C(N)=N1,8.219970872662662,CHEMBL4438397,4822,2019.0
CC1(c2cc(NC(=O)c3ccc(C#N)cn3)ccc2F)Cn2cncc2C(N)=N1,8.400007822415901,CHEMBL4557890,4822,2019.0
CC1(c2cc(NC(=O)c3ccc(C#N)cn3)ccc2F)Cn2ccnc2C(N)=N1,7.540004743952609,CHEMBL4525199,4822,2019.0
CC(C)(C)c1cccc(CNC2CS(=O)(=O)CC(Cc3ccc4[nH]cc(CC(F)F)c4c3)C2O)c1,7.259637310505756,CHEMBL2047898,4822,2012.0
CC(C)(C)c1cccc(CNC2CS(=O)(=O)CC(Cc3ccc4[nH]cc(CC(F)(F)F)c4c3)C2O)c1,6.920818753952375,CHEMBL2047899,4822,2012.0
CC(C)(C)c1cccc(CNC2CS(=O)(=O)CC(Cc3ccc(O)c(Br)c3)C2O)c1,7.259637310505756,CHEMBL1760865,4822,2011.0
CC(C)(C)c1cccc(CNC2CS(=O)(=O)CC(Cc3ccc(N)nc3)C2O)c1,5.790484985457369,CHEMBL2047894,4822,2012.0
CC(C)(C)c1cccc(CNC2CS(=O)(=O)CC(Cc3ccc(N)c(OCC(F)(F)F)c3)C2O)c1,7.443697499232712,CHEMBL2048037,4822,2012.0
CC1(c2cc(NC(=O)c3ccc(C#N)cn3)ccc2F)Cn2cccc2C(N)=N1,7.959980934123496,CHEMBL3261075,4822,2014.0
CC1(c2cc(NC(=O)c3ccc(C#N)cn3)ccc2F)Cn2cnnc2C(N)=N1,7.969805214643249,CHEMBL4473647,4822,2019.0
CC(C)(C)c1cccc(CNC2CS(=O)(=O)CC(Cc3ccc4[nH]ccc4c3)C2O)c1,5.560667306169737,CHEMBL2047897,4822,2012.0
Cc1ccc(CNC2CCN(Cc3ccccc3)C2)cc1,5.648783654660658,CHEMBL4763724,4822,2020.0
COc1c2occc2c(OCC=C(C)CCC=C(C)C)c2ccc(=O)oc12,5.00436480540245,CHEMBL1934195,4822,2012.0
Cn1cc2n(c1=O)CC(C)(c1cc(NC(=O)c3ccc(C#N)cn3)ccc1F)N=C2N,8.4089353929735,CHEMBL4473230,4822,2019.0
CC1(c2cc(NC(=O)c3ccc(Cl)cn3)cc(F)c2F)N=C(N)SC2(C#N)CC21,8.721246399047171,CHEMBL4471141,4822,2020.0
COc1ccc2c(c1)C1(COC(N)=N1)c1cc(-c3ccccc3)ccc1O2,5.928117992693874,CHEMBL2177320,4822,2012.0
COc1ccc2c(c1)C1(COC(N)=N1)c1cc(-c3cccc(OC)c3F)ccc1O2,6.045757490560675,CHEMBL2177332,4822,2012.0
COc1ccc2c(c1)C1(COC(N)=N1)c1cc(-c3cccc(OC(F)(F)F)c3)ccc1O2,5.559090917934782,CHEMBL2177328,4822,2012.0
Cn1ccc(C(=O)Nc2ccc(F)c(C3(C)N=C(N)OCC3(F)F)c2)n1,6.350665141287858,CHEMBL2347199,4822,2013.0
COc1ccc2c(c1)C1(COC(N)=N1)c1cc(-c3cccc(Cl)c3F)ccc1O2,5.931814138253838,CHEMBL2177329,4822,2012.0
CC1(c2cc(NC(=O)c3ccc(C#N)cn3)ccc2F)N=C(N)OCC12CC(F)(F)C2,7.661543506395395,CHEMBL4439134,4822,2019.0
COc1ccc2c(c1)C1(COC(N)=N1)c1cc(-c3cccc(Cl)c3)ccc1O2,6.886056647693163,CHEMBL2177325,4822,2012.0
CC(C)(C)c1ccnc(CNC2CS(=O)(=O)CC(Cc3cc(F)c(N)c(OC(C(F)(F)F)C(F)(F)F)c3)C2O)c1,7.167491087293763,CHEMBL2048057,4822,2012.0
COc1ccc2c(c1)C1(COC(N)=N1)c1cc(-c3cccc(C)c3)ccc1O2,5.777283528852417,CHEMBL2177322,4822,2012.0
COc1c(C)cc(C2(c3cccc(-c4cncnc4)c3)N=C(N)c3c(F)cccc32)cc1C#N,7.379863945026242,CHEMBL2177918,4822,2012.0
COc1c(C)cc(C2(c3cccc(-c4cncnc4)c3)N=C(N)c3c(F)cccc32)nc1C,7.105130343254747,CHEMBL2177917,4822,2012.0
CC(C)(C)c1cccc(CNC2C[S+]([O-])CC(Cc3cc(O)c(N)c(F)c3)C2O)c1,6.275724130399211,CHEMBL2425614,4822,2013.0
CC(=O)NC(Cc1ccccc1)C(O)CNC1CC2(CCC2)Oc2ncc(Cl)cc21,6.019088062223156,CHEMBL2177318,4822,2012.0
CC(C)(C)c1cccc(CNC2C[S+]([O-])CC(Cc3cc(F)c(N)c(OCC(F)(F)F)c3)C2O)c1,8.096910013008056,CHEMBL2425611,4822,2013.0
CC(C)(C)c1cccc(CNC2C[S+]([O-])CC(Cc3cc(F)c(N)c(OC(CO)C(F)(F)F)c3)C2O)c1,8.154901959985743,CHEMBL2425613,4822,2013.0
CCC#Cc1cccc(C2(c3ccc(OC(F)F)cc3)N=C(N)N(C)C2=O)c1,7.397940008672037,CHEMBL1270935,4822,2010.0
CC(C)(C)c1cccc(CNC2CS(=O)(=O)CC(Cc3ccc4[nH]ncc4c3)C2O)c1,5.838631997765026,CHEMBL2047895,4822,2012.0
COc1ccc2c(c1)C1(COC(N)=N1)c1cc(-c3ccccc3Cl)ccc1O2,5.311580177997289,CHEMBL2177324,4822,2012.0
COc1cccc2cc(C(=O)Nc3cc(Br)ccc3N3CCN(CCO)CC3)c(=O)oc12,6.0,CHEMBL209052,4822,2006.0
CC1(c2cc(NC(=O)c3ccc(Cl)cn3)ccc2F)CCSC(N)=N1,8.012943719464591,CHEMBL2347211,4822,2013.0
CC1(c2cc(NC(=O)c3ccc(Cl)cn3)ccc2F)COCCC(N)=N1,7.337242168318426,CHEMBL2403778,4822,2013.0
COCC(Oc1cc(CC2C[S+]([O-])CC(NCc3cccc(C(C)C)c3)C2O)cc(F)c1N)C(F)(F)F,7.744727494896693,CHEMBL2425618,4822,2013.0
COCC(Oc1cc(CC2C[S+]([O-])CC(NCc3cccc(OC(C)C)c3)C2O)cc(F)c1N)C(F)(F)F,7.096910013008056,CHEMBL2425603,4822,2013.0
COCC(Oc1cc(CC2C[S+]([O-])CC(NCc3cccc(OC(F)(F)F)c3)C2O)cc(F)c1N)C(F)(F)F,6.673664139071248,CHEMBL2425604,4822,2013.0
COCC(Oc1cc(CC2C[S+]([O-])CC(NCc3cnn(CC(C)(C)C)c3)C2O)cc(F)c1N)C(F)(F)F,7.67778070526608,CHEMBL2425605,4822,2013.0
NC1=NC(c2ccccc2)(C2CCCCC2)C(=O)N1CC1CCCO1,5.982983364977619,CHEMBL592534,4822,2010.0
COCC12CC1C(C)(c1cc(C=C(F)c3ccc(C#N)cn3)ccc1F)N=C(N)S2,7.795880017344075,CHEMBL4740797,4822,2020.0
COCC12CC1C(C)(c1cc(NC(=O)c3ccc(Cl)cn3)cc(F)c1F)N=C(N)S2,8.67778070526608,CHEMBL4456863,4822,2020.0
COCC12CC1C(C)(c1cc(NC(=O)c3ccc(OCC(F)(F)F)cn3)cc(F)c1F)N=C(N)S2,8.214670164989233,CHEMBL4461994,4822,2020.0
COCC(Oc1cc(CC2C[S+]([O-])CC(NCc3cccc(C(C)(C)O)c3)C2O)cc(F)c1N)C(F)(F)F,7.886056647693163,CHEMBL2425602,4822,2013.0
COCC12CC1C(C)(c1cc(NC(=O)c3cnc(OCC(F)(F)F)cn3)cc(F)c1F)N=C(N)S2,9.096910013008056,CHEMBL4579155,4822,2020.0
COCC12CC1C(C)(c1cc(NC(=O)c3cnc(OCc4ncco4)cn3)cc(F)c1F)N=C(N)S2,8.920818753952375,CHEMBL4459222,4822,2020.0
COCC12CC1C(CF)(c1cc(C=Cc3ccc(Cl)cn3)ccc1F)N=C(N)S2,6.026872146400301,CHEMBL4788256,4822,2020.0
COCC12CC1C(CF)(c1cc(NC(=O)c3ccc(Cl)cn3)ccc1F)N=C(N)S2,8.221848749616356,CHEMBL4760131,4822,2020.0
NC1=NC(c2ccccc2)(C2CCCCC2)C(=O)N1CC1CCC(C(=O)O)CC1,6.4089353929735005,CHEMBL589891,4822,2010.0
COCC1CC2CSC(N)=NC2(c2ccc(F)cc2F)CO1,6.070581074285707,CHEMBL3414708,4822,2015.0
COCC1SC(N)=NC(C)(c2cc(NC(=O)c3ccc(C#N)cn3)ccc2F)C1F,8.082494490447454,CHEMBL4537415,4822,2019.0
COCC=Cc1cccc(C2(c3ccc(OC(F)F)cc3)N=C(N)N(C)C2=O)c1,7.698970004336019,CHEMBL1270628,4822,2010.0
COCCC#Cc1cccc(C2(c3ccc(OC(F)F)cc3)N=C(N)N(C)C2=O)c1,7.698970004336019,CHEMBL1271452,4822,2010.0
COCC12CC1C(C)(c1cc(NC(=O)c3cnc(OCCC(F)(F)F)cn3)cc(F)c1F)N=C(N)S2,7.795880017344075,CHEMBL4544525,4822,2020.0
COCC(Oc1cc(CC2C[S+]([O-])CC(NCc3cccc(C(C)(C)CO)c3)C2O)cc(F)c1N)C(F)(F)F,7.920818753952375,CHEMBL2425601,4822,2013.0
NC1=NC(c2ccccc2)(C2CCCCC2)C(=O)N1CCCCCC(=O)O,6.022139292376206,CHEMBL607527,4822,2010.0
O=C(O)c1cc(-c2ccc(C=NNc3nc(Nc4ccc(F)cc4)nc(N4CCOCC4)n3)o2)ccc1Cl,5.154901959985743,CHEMBL1164540,4822,2010.0
NC1=NC(c2ccncc2)(c2cccc(-c3cncnc3)c2)c2cccc(F)c21,6.853960613941671,CHEMBL2177309_CHEMBL2177904,4822,
NC1=NC(c2ccncc2)(c2cccc(-c3cncnc3)c2)C2=NCCCN12,6.579994715040948,CHEMBL1955882,4822,2012.0
NC1=NC(c2ccncc2)(c2cccc(-c3cncnc3)c2)C2=NCC(F)(F)CN12,6.970007824622153,CHEMBL1957472,4822,2012.0
CC(=O)N1CC(Nc2nc3cc(C)ccc3[nH]2)C(OC(=O)c2ccc(-c3ccccc3)cc2)C1,6.142667503568731,CHEMBL3747247,4822,2016.0
NC1=NC(c2ccncc2)(c2cccc(-c3cncc(F)c3)c2)c2cccc(F)c21,6.863279432843593,CHEMBL2177905,4822,2012.0
NC1=NC(c2ccnc(C(F)(F)F)c2)(c2ccc(F)c(-c3cncnc3)c2)c2cccc(F)c21,6.803212398365206,CHEMBL2177908_CHEMBL2177909,4822,
NC1=NC(c2ccccc2)(c2cccc(Cc3ccccc3)c2)C2=NCCCN12,5.275724130399211,CHEMBL566977,4822,2009.0
NC1=NC(c2ccccc2)(c2cccc(Cc3ccc(F)cc3)c2)C2=NCCCN12,5.086186147616283,CHEMBL567653,4822,2009.0
NC1=NC(c2ccccc2)(C2CCCCC2)C(=O)N1Cc1ccccc1,5.906788559076508,CHEMBL585215,4822,2010.0
COCC(=O)Nc1cccc(C2(C3CCCCC3)N=C(N)N(C)C2=O)c1,6.6777807052660805,CHEMBL589614,4822,2010.0
NC1=NC(c2ccccc2)(C2CCCCC2)C(=O)N1Cc1cc(F)cc(F)c1,5.966787462578291,CHEMBL592533,4822,2010.0
COCC(C)NCc1cc(C2(C)CCSC(N)=N2)c(F)cc1F,5.3788237182249645,CHEMBL4084653,4822,2017.0
NC1=NC(c2ccccc2)(C2CCCCC2)C(=O)N1CCCO,5.319000406143307,CHEMBL605079,4822,2011.0
COCC(Oc1cc(CC2CS(=O)(=O)CC(NCc3cccc(C(C)(C)C)c3)C2O)cc(F)c1N)C(F)(F)F,8.698970004336019,CHEMBL2048053,4822,2012.0
COCC(Oc1cc(CC2C[S+]([O-])CC(NC(C)c3cccc(C(C)(C)C)c3)C2O)cc(F)c1N)C(F)(F)F,8.0,CHEMBL2425599,4822,2013.0
COCC(Oc1cc(CC2C[S+]([O-])CC(NCc3cc(C(C)(C)C)ccc3F)C2O)cc(F)c1N)C(F)(F)F,8.0,CHEMBL2425600,4822,2013.0
COCC(Oc1cc(CC2C[S+]([O-])CC(NCc3cc(C(C)(C)C)ccn3)C2O)cc(F)c1N)C(F)(F)F,6.645891560852599,CHEMBL2425607,4822,2013.0
COCC(Oc1cc(CC2C[S+]([O-])CC(NCc3cc(CC(C)(C)C)on3)C2O)cc(F)c1N)C(F)(F)F,7.721246399047171,CHEMBL2425606,4822,2013.0
COCC(Oc1cc(CC2C[S+]([O-])CC(NCc3cccc(C(C)(C)C)c3)C2O)cc(F)c1N)C(F)(F)F,8.397940008672037,CHEMBL2425612,4822,2013.0
COCCC#Cc1cccc(C2(c3ccc(OC(F)F)cc3)N=C(N)N3CC(F)(F)CN=C32)c1,7.250031916490597,CHEMBL1957481,4822,2012.0
CC1(c2cc(NC(=O)c3ccc(Cl)cn3)ccc2F)COCC(N)=N1,7.58310781267176,CHEMBL2403769,4822,2013.0
COCCC(=O)Nc1cccc(C2(C3CCCCC3)N=C(N)N(C)C2=O)c1,5.104577453960593,CHEMBL594656,4822,2010.0
COCCC=Cc1cccc(C2(c3ccc(OC(F)F)cc3)N=C(N)N(C)C2=O)c1,7.698970004336019,CHEMBL1270629,4822,2010.0
COc1ccc2sc(N)cc2c1,5.669586226650809,CHEMBL4176954,4822,2017.0
NC1=NC(c2ccc(OC(F)(F)F)cc2)(c2cccc(-c3cccnc3F)c2)C2=NCCCCCN12,6.886056647693163,CHEMBL568960,4822,2009.0
NC1=NC(c2cc(NC(=O)c3ccc(Br)cn3)ccc2F)(C(F)F)COC1,7.552841968657781,CHEMBL3653377_CHEMBL3653445,4822,
NC1=NC(c2cc(NC(=O)c3ccc(Br)cn3)c(F)cc2F)(C(F)F)COC1,5.9511699134716505,CHEMBL3653413,4822,2014.0
NC1=NC(c2c(F)ccc(NC(=O)c3ccc(Br)cn3)c2F)(C(F)F)COC1,6.154281982033341,CHEMBL4130130,4822,2018.0
NC1=NC(CF)(c2cccc(NC(=O)c3ccc(Br)cn3)c2)COC1,6.769551078621726,CHEMBL3653370,4822,2014.0
COCCOc1cc(CC2CS(=O)(=O)CC(NCc3cccc(C(C)(C)C)c3)C2O)cc(F)c1N,7.0,CHEMBL2048048,4822,2012.0
NC1=NC(CF)(c2cc(NC(=O)c3cnc(OCF)cn3)ccc2F)CCC1(F)F,8.050609993355087,CHEMBL4643511,4822,2020.0
NC1=NC(c2ccc(OC(F)(F)F)cc2)(c2cccc(-c3cccnc3F)c2)C2=NCCCCN12,7.096910013008056,CHEMBL565914,4822,2009.0
NC(N)=NC(=O)Cn1c(-c2ccccc2)ccc1C12CC3CC(CC(C3)C1)C2,6.221848749616356,CHEMBL402330,4822,2006.0
Cc1ccc(S(=O)(=O)N(CCc2ccccc2)CC(O)Cn2c3ccccc3c3ccccc32)cc1,5.6020599913279625,CHEMBL4211220,4822,2017.0
Cc1ccc(S(=O)(=O)N(CC(O)Cn2c3ccccc3c3ccccc32)c2ccccc2)cc1,5.585026652029182,CHEMBL4207174,4822,2017.0
Cc1ccc(S(=O)(=O)N(CC(O)Cn2c3ccccc3c3ccccc32)C2CCCCC2)cc1,5.4089353929735005,CHEMBL4208507,4822,2017.0
CCN(Cc1ccccc1)Cc1ccc(-c2cc3cc(OC)c(OC)cc3oc2=O)cc1,6.623423042943488,CHEMBL244416,4822,2007.0
CCN1C(=O)C(c2ccccc2)(c2ccccc2)N=C1N,5.0970001384638906,CHEMBL567053,4822,2011.0
CC1(c2cc(NC(=O)c3ccc(Cl)cn3)ccc2F)Cc2ccccc2C(N)=N1,7.214670164989233,CHEMBL2403774,4822,2013.0
CC1(c2cc(NC(=O)c3ccc(Cl)cn3)ccc2F)CS(=O)(=O)C2(CCCCC2)C(=N)N1,8.075720713938118,CHEMBL3261079,4822,2014.0
CC1(c2cc(NC(=O)c3ccc(Cl)cn3)ccc2F)CS(=O)(=O)C(C)(C)C(N)=N1,9.0,CHEMBL3261078,4822,2014.0
Cc1ccc(S(=O)(=O)N(Cc2ccccc2)CC(O)Cn2c3ccccc3c3ccccc32)cc1,5.568636235841012,CHEMBL4218068,4822,2017.0
NC1=NC(c2ccc(OC(F)(F)F)cc2)(c2cccc(-c3cccnc3F)c2)C2=NCCN12,7.096910013008056,CHEMBL566112,4822,2009.0
NC1=NC(c2ccc(OC(F)(F)F)cc2)(c2cccc(-c3cccnc3F)c2)C2=NOCCN12,7.522878745280337,CHEMBL567430,4822,2009.0
NC1=NC(c2ccc(OC(F)(F)F)cc2)(c2cccc(Br)c2)C2=NCCCN12,5.585026652029182,CHEMBL567654,4822,2009.0
COCCCC=Cc1cccc(C2(c3ccc(OC(F)F)cc3)N=C(N)N(C)C2=O)c1,7.301029995663981,CHEMBL1270729,4822,2010.0
NC1=NC(c2cccc(NC(=O)c3ccc(Br)cn3)c2)(C(F)F)COC1,7.42021640338319,CHEMBL4127807,4822,2018.0
NC1=NC(c2cccc(-c3cncnc3)c2)(c2ccnc(C3CC3)c2)c2cccc(F)c21,7.063486257521107,CHEMBL2177113,4822,2012.0
NC1=NC(c2cccc(-c3cncnc3)c2)(c2ccnc(C(F)F)c2)c2cc(F)cc(F)c21,7.441291429466834,CHEMBL2177914,4822,2012.0
NC1=NC(c2cccc(-c3cncnc3)c2)(c2ccnc(C(F)(F)F)c2)c2ccccc21,6.872895201635192,CHEMBL2177308,4822,2012.0
NC1=NC(c2cccc(-c3cncnc3)c2)(c2ccnc(C(F)(F)F)c2)c2cccc(F)c21,6.617982957425132,CHEMBL2177906,4822,2012.0
NC1=NC(c2cccc(-c3cccnc3F)c2)(c2ccc3c(c2)OCO3)C2=NCCCN12,6.795880017344075,CHEMBL583608,4822,2009.0
NC1=NC(c2cccc(-c3cccnc3F)c2)(c2ccc3c(c2)OCCO3)C2=NCCCN12,6.721246399047171,CHEMBL566968,4822,2009.0
NC1=NC(c2cccc(-c3cccnc3F)c2)(c2ccc3c(c2)OC(F)(F)O3)C2=NCCCN12,6.130768280269024,CHEMBL566969,4822,2009.0
CC(C)C(=O)c1cc(C(=O)NC(Cc2ccccc2)C(O)CNC2CC2)cc(N(C)S(C)(=O)=O)c1,6.619788758288394,CHEMBL370369,4822,2006.0
NC1=NC(c2ccc(OC(F)F)cc2)(c2cccc(OCCF)c2)C2=NCC(F)(F)CN12,7.494850021680094,CHEMBL3261044,4822,2014.0
CC(C)C(=O)NC(Cc1ccc2c(c1)OCO2)C(O)CNC1CC2(CCC2)Oc2ncc(CC(C)(C)C)cc21,6.84163750790475,CHEMBL2181831,4822,2012.0
CC(C)C#Cc1cccc(C2(c3ccc(OC(F)F)cc3)N=C(N)N(C)C2=O)c1,7.698970004336019,CHEMBL1271245,4822,2010.0
NC1=NC(c2ccc(OC(F)F)cc2)(c2cccc(OCCCF)c2)C2=NCC(F)(F)CN12,7.365035166537184,CHEMBL1957482_CHEMBL1957483,4822,
NC1=NC(c2ccc(OC(F)F)cc2)(c2cccc(-c3cncnc3)c2)C2=NCC(F)(F)CN12,7.630042392653947,CHEMBL1957474,4822,2012.0
NC1=NC(c2ccc(OC(F)F)cc2)(c2cccc(-c3cccnc3F)c2)CO1,5.917214629683549,CHEMBL2177316,4822,2012.0
COCCNCc1cc(C2(C)CCSC(N)=N2)c(F)cc1F,5.086186147616283,CHEMBL4092406,4822,2017.0
NC1=NC(c2ccc(OC(F)F)cc2)(c2cccc(-c3cccnc3F)c2)C2=NCC(F)(F)CN12,7.51999305704285,CHEMBL1957476,4822,2012.0
NC1=NC(c2ccc(OC(F)(F)F)cc2)(c2cccc(CCC3CC3)c2)C2=NCCCN12,6.6777807052660805,CHEMBL583888,4822,2009.0
NC1=NC(c2cccc(NC(=O)c3ccc(Cl)cn3)c2)(C(F)(F)F)COC1,6.453457336521868,CHEMBL3261066,4822,2014.0
CN1C(=O)C(c2cccc(-c3cccnc3)c2)(c2ccc3c(c2)OCO3)N=C1N,6.6020599913279625,CHEMBL566415,4822,2010.0
