bin,n,mean_sigma,mean_abs_error,endpoint,method
0,117,0.016782158905235486,0.25797811201025644,LOG_HLM,chemeleon
1,116,0.026430799132106872,0.30977526013103446,LOG_HLM,chemeleon
2,116,0.0329998979597738,0.30086849650517233,LOG_HLM,chemeleon
3,116,0.04007248099278838,0.36775166289655165,LOG_HLM,chemeleon
4,116,0.04707423363426901,0.31857110214655165,LOG_HLM,chemeleon
5,116,0.055054696622378385,0.29299731315172417,LOG_HLM,chemeleon
6,116,0.0654645129954666,0.36591772489310337,LOG_HLM,chemeleon
7,116,0.09963162597087427,0.3808382683396551,LOG_HLM,chemeleon
0,117,0.012564812534851562,0.31333105739350425,LOG_HLM,chemprop
1,116,0.019435952740105414,0.29597581117413796,LOG_HLM,chemprop
2,116,0.024777734673879396,0.34133138035517235,LOG_HLM,chemprop
3,116,0.029843873830782276,0.3269190670189655,LOG_HLM,chemprop
4,116,0.03459346618951975,0.3677941046827586,LOG_HLM,chemprop
5,116,0.04085760301097829,0.34894048630689656,LOG_HLM,chemprop
6,116,0.051180979815898135,0.42805116785689656,LOG_HLM,chemprop
7,116,0.07854147329017508,0.4321038365793104,LOG_HLM,chemprop
0,117,0.016908137925331055,0.346819506365812,LOG_HLM,chemprop_st
1,116,0.02487025068029667,0.29316170127413793,LOG_HLM,chemprop_st
2,116,0.031164869913507157,0.3420012181827586,LOG_HLM,chemprop_st
3,116,0.03713087384672021,0.3419608787603448,LOG_HLM,chemprop_st
4,116,0.04392080778223086,0.320144569288138,LOG_HLM,chemprop_st
5,116,0.05185304849519469,0.38636238618275864,LOG_HLM,chemprop_st
6,116,0.06259939672293874,0.40949970015,LOG_HLM,chemprop_st
7,116,0.09445000929958954,0.39488774003103455,LOG_HLM,chemprop_st
0,117,0.03228892200645299,0.4037794839845201,LOG_HLM,fus_GRMS_early_attfp
1,116,0.04824869893160728,0.3168405253016154,LOG_HLM,fus_GRMS_early_attfp
2,116,0.05823693472851231,0.35997812340839785,LOG_HLM,fus_GRMS_early_attfp
3,116,0.06668807485289581,0.3878525557043802,LOG_HLM,fus_GRMS_early_attfp
4,116,0.07539578208479751,0.36292913865047793,LOG_HLM,fus_GRMS_early_attfp
5,116,0.08574315676745063,0.33870202240223035,LOG_HLM,fus_GRMS_early_attfp
6,116,0.10049018432631222,0.4347073648228557,LOG_HLM,fus_GRMS_early_attfp
7,116,0.14419632246008846,0.4132374459860728,LOG_HLM,fus_GRMS_early_attfp
0,117,0.014526071342533623,0.15448057981464364,LOG_HLM,fus_GRMS_early_lgbm
1,116,0.028371098798178934,0.2772890812425775,LOG_HLM,fus_GRMS_early_lgbm
2,116,0.04084821139059711,0.34514686218406765,LOG_HLM,fus_GRMS_early_lgbm
3,116,0.052832402990078714,0.3261520572285025,LOG_HLM,fus_GRMS_early_lgbm
4,116,0.06309341690492794,0.32595643230106225,LOG_HLM,fus_GRMS_early_lgbm
5,116,0.07569884826834601,0.3663804304331743,LOG_HLM,fus_GRMS_early_lgbm
6,116,0.09428636057786842,0.4067384464411315,LOG_HLM,fus_GRMS_early_lgbm
7,116,0.13027487610039393,0.44733324343639325,LOG_HLM,fus_GRMS_early_lgbm
0,117,0.011843555476130705,0.1525555910620471,LOG_HLM,fus_GRMS_early_rf
1,116,0.026092252861485466,0.29544887300734257,LOG_HLM,fus_GRMS_early_rf
2,116,0.037932533251216496,0.33938483614601644,LOG_HLM,fus_GRMS_early_rf
3,116,0.049573625291094235,0.3089286765111668,LOG_HLM,fus_GRMS_early_rf
4,116,0.059391188950880844,0.3471960061898268,LOG_HLM,fus_GRMS_early_rf
5,116,0.07022771646493496,0.3779473885284109,LOG_HLM,fus_GRMS_early_rf
6,116,0.08671115961200795,0.37411465735120486,LOG_HLM,fus_GRMS_early_rf
7,116,0.11874490210798634,0.4678955202813405,LOG_HLM,fus_GRMS_early_rf
0,117,0.013788118564904793,0.3220209743828711,LOG_HLM,fus_GRMS_late_attfp
1,116,0.02039658040946741,0.3355898128788101,LOG_HLM,fus_GRMS_late_attfp
2,116,0.02507024828843034,0.3127070412073785,LOG_HLM,fus_GRMS_late_attfp
3,116,0.02927251188388517,0.3465926569529596,LOG_HLM,fus_GRMS_late_attfp
4,116,0.03414039014415821,0.33901132319269844,LOG_HLM,fus_GRMS_late_attfp
5,116,0.0396459227429988,0.3591915555144988,LOG_HLM,fus_GRMS_late_attfp
6,116,0.047221395683017815,0.381535332514681,LOG_HLM,fus_GRMS_late_attfp
7,116,0.06284377454705362,0.4123462925419719,LOG_HLM,fus_GRMS_late_attfp
0,117,0.02353859982095399,0.3540203391177907,LOG_HLM,fus_GRMS_late_lgbm
1,116,0.03602018604705945,0.3902766898910639,LOG_HLM,fus_GRMS_late_lgbm
2,116,0.04375528636967227,0.3447592069614798,LOG_HLM,fus_GRMS_late_lgbm
3,116,0.05090328312825981,0.38039439125201185,LOG_HLM,fus_GRMS_late_lgbm
4,116,0.05890941119979666,0.4223211982831742,LOG_HLM,fus_GRMS_late_lgbm
5,116,0.06748648936209314,0.3757795800183009,LOG_HLM,fus_GRMS_late_lgbm
6,116,0.07848016011027072,0.4607636339826713,LOG_HLM,fus_GRMS_late_lgbm
7,116,0.10304264934756828,0.41328518341735854,LOG_HLM,fus_GRMS_late_lgbm
0,117,0.023216533595553132,0.3245530505322116,LOG_HLM,fus_GRMS_late_rf
1,116,0.03540941824555004,0.3649944767668511,LOG_HLM,fus_GRMS_late_rf
2,116,0.04325885119397532,0.361592670696343,LOG_HLM,fus_GRMS_late_rf
3,116,0.04957868518859677,0.4385571959933277,LOG_HLM,fus_GRMS_late_rf
4,116,0.05787751215750164,0.40090097668641456,LOG_HLM,fus_GRMS_late_rf
5,116,0.06635680636217157,0.38768487751578895,LOG_HLM,fus_GRMS_late_rf
6,116,0.07708971760550996,0.4341294429492854,LOG_HLM,fus_GRMS_late_rf
7,116,0.10153610955347289,0.41676013004241286,LOG_HLM,fus_GRMS_late_rf
0,117,0.022758828579203805,0.33468710631212334,LOG_HLM,fus_GRM_early_attfp
1,116,0.032221971404796546,0.38415826014069465,LOG_HLM,fus_GRM_early_attfp
2,116,0.03943959746673715,0.34482353519691766,LOG_HLM,fus_GRM_early_attfp
3,116,0.045795838767860156,0.30918915624234516,LOG_HLM,fus_GRM_early_attfp
4,116,0.05303589749275061,0.29253839177100555,LOG_HLM,fus_GRM_early_attfp
5,116,0.06111385711703813,0.30739199668350775,LOG_HLM,fus_GRM_early_attfp
6,116,0.07275250054961373,0.4268336242436394,LOG_HLM,fus_GRM_early_attfp
7,116,0.10673450439218585,0.43101039842828415,LOG_HLM,fus_GRM_early_attfp
0,117,0.014721242065297586,0.14412272239710291,LOG_HLM,fus_GRM_early_lgbm
1,116,0.029362138017636517,0.2892676909293498,LOG_HLM,fus_GRM_early_lgbm
2,116,0.04162070869331393,0.30251001792595744,LOG_HLM,fus_GRM_early_lgbm
3,116,0.05132853493682685,0.3215744547168819,LOG_HLM,fus_GRM_early_lgbm
4,116,0.0619111110249025,0.3492213328353301,LOG_HLM,fus_GRM_early_lgbm
5,116,0.07631610060944106,0.4014340871561792,LOG_HLM,fus_GRM_early_lgbm
6,116,0.09347458007315051,0.40296739215614563,LOG_HLM,fus_GRM_early_lgbm
7,116,0.13338840426217366,0.4015931847996642,LOG_HLM,fus_GRM_early_lgbm
0,117,0.011730836235227148,0.15515477203375438,LOG_HLM,fus_GRM_early_rf
1,116,0.026715676570372052,0.23814294784283171,LOG_HLM,fus_GRM_early_rf
2,116,0.03869414009320673,0.3538216528764768,LOG_HLM,fus_GRM_early_rf
3,116,0.04870763267205002,0.34696359475345495,LOG_HLM,fus_GRM_early_rf
4,116,0.05929883029431689,0.339152331005008,LOG_HLM,fus_GRM_early_rf
5,116,0.07093330477731488,0.4031594090478443,LOG_HLM,fus_GRM_early_rf
6,116,0.0867223129403082,0.36821424860494606,LOG_HLM,fus_GRM_early_rf
7,116,0.12247249081854925,0.4278118412516428,LOG_HLM,fus_GRM_early_rf
0,117,0.014465259270371615,0.31627745024247217,LOG_HLM,fus_GRM_late_attfp
1,116,0.021879459007115406,0.327094330119015,LOG_HLM,fus_GRM_late_attfp
2,116,0.02614189889019215,0.31982799872467566,LOG_HLM,fus_GRM_late_attfp
3,116,0.030560015962710844,0.3258059611811941,LOG_HLM,fus_GRM_late_attfp
4,116,0.03554986652731955,0.34439476537414937,LOG_HLM,fus_GRM_late_attfp
5,116,0.04086217203831377,0.35837269917418985,LOG_HLM,fus_GRM_late_attfp
6,116,0.04725969991406524,0.3828447675722369,LOG_HLM,fus_GRM_late_attfp
7,116,0.06340637254741155,0.42278357262347677,LOG_HLM,fus_GRM_late_attfp
0,117,0.021295316372207992,0.35270035957894064,LOG_HLM,fus_GRM_late_lgbm
1,116,0.03332566493058444,0.390454164212414,LOG_HLM,fus_GRM_late_lgbm
2,116,0.040986637801292386,0.33791854863469767,LOG_HLM,fus_GRM_late_lgbm
3,116,0.04827574817863164,0.35689326478473754,LOG_HLM,fus_GRM_late_lgbm
4,116,0.0565073899226615,0.40541530306607354,LOG_HLM,fus_GRM_late_lgbm
5,116,0.06485530360543143,0.35977484135705606,LOG_HLM,fus_GRM_late_lgbm
6,116,0.07506472996117262,0.3797694969797336,LOG_HLM,fus_GRM_late_lgbm
7,116,0.09769983408059074,0.46306651455597886,LOG_HLM,fus_GRM_late_lgbm
0,117,0.023229342142200442,0.3254677470694791,LOG_HLM,fus_GRM_late_rf
1,116,0.03548800398044736,0.3612266647339307,LOG_HLM,fus_GRM_late_rf
2,116,0.043185296729143306,0.3618898282197106,LOG_HLM,fus_GRM_late_rf
3,116,0.04964294357693454,0.44339224577762715,LOG_HLM,fus_GRM_late_rf
4,116,0.05778226301602379,0.38646874662640596,LOG_HLM,fus_GRM_late_rf
5,116,0.06642270478732948,0.39673242001410125,LOG_HLM,fus_GRM_late_rf
6,116,0.07721826781436049,0.4320421995669857,LOG_HLM,fus_GRM_late_rf
7,116,0.10163007120867837,0.4223106308480666,LOG_HLM,fus_GRM_late_rf
0,117,0.025756528360899124,0.32352062359273376,LOG_HLM,fus_GRS_early_attfp
1,116,0.039879481052118845,0.30705617261385015,LOG_HLM,fus_GRS_early_attfp
2,116,0.04945122349211661,0.3580327527438812,LOG_HLM,fus_GRS_early_attfp
3,116,0.058631517460955664,0.39396156068053756,LOG_HLM,fus_GRS_early_attfp
4,116,0.067462036362915,0.42439784335127234,LOG_HLM,fus_GRS_early_attfp
5,116,0.07824484793280441,0.3929548340340708,LOG_HLM,fus_GRS_early_attfp
6,116,0.09495623293881286,0.411297524134024,LOG_HLM,fus_GRS_early_attfp
7,116,0.13507364079751627,0.44488227601661906,LOG_HLM,fus_GRS_early_attfp
0,117,0.013871621888044632,0.15815216157666787,LOG_HLM,fus_GRS_early_lgbm
1,116,0.029263711926743773,0.28215646383160553,LOG_HLM,fus_GRS_early_lgbm
2,116,0.04194998618098534,0.299676469464221,LOG_HLM,fus_GRS_early_lgbm
3,116,0.05304960830271217,0.37504075538848103,LOG_HLM,fus_GRS_early_lgbm
4,116,0.06388149651903709,0.3265833128423449,LOG_HLM,fus_GRS_early_lgbm
5,116,0.0775037358770981,0.3951695928943908,LOG_HLM,fus_GRS_early_lgbm
6,116,0.09510649521296993,0.35120144628821015,LOG_HLM,fus_GRS_early_lgbm
7,116,0.1322341114708014,0.4700514354815876,LOG_HLM,fus_GRS_early_lgbm
0,117,0.012277297584536015,0.15145751567454777,LOG_HLM,fus_GRS_early_rf
1,116,0.026711283664184873,0.28431089866169257,LOG_HLM,fus_GRS_early_rf
2,116,0.037709225304827544,0.3559489255270209,LOG_HLM,fus_GRS_early_rf
3,116,0.048916336294169284,0.29680272316236367,LOG_HLM,fus_GRS_early_rf
4,116,0.05969291918440493,0.3696741494814057,LOG_HLM,fus_GRS_early_rf
5,116,0.07159159288192889,0.36221094121769126,LOG_HLM,fus_GRS_early_rf
6,116,0.08877990604214328,0.38549606697521793,LOG_HLM,fus_GRS_early_rf
7,116,0.12057498835855546,0.461936954890164,LOG_HLM,fus_GRS_early_rf
0,117,0.015395827864116663,0.262940019311317,LOG_HLM,fus_GRS_late_attfp
1,116,0.023045794218709437,0.3124129489508341,LOG_HLM,fus_GRS_late_attfp
2,116,0.027897851953282243,0.3123272115271671,LOG_HLM,fus_GRS_late_attfp
3,116,0.03270473076933246,0.3370750758298934,LOG_HLM,fus_GRS_late_attfp
4,116,0.03822808721452709,0.3559893685118001,LOG_HLM,fus_GRS_late_attfp
5,116,0.04453563435609917,0.3909863184897798,LOG_HLM,fus_GRS_late_attfp
6,116,0.05249365755768805,0.3649954342022805,LOG_HLM,fus_GRS_late_attfp
7,116,0.06985271329231396,0.3928463095345991,LOG_HLM,fus_GRS_late_attfp
0,117,0.005533412417390601,0.14444896817722488,LOG_HLM,fus_GRS_late_lgbm
1,116,0.02244854412334317,0.2916909475064878,LOG_HLM,fus_GRS_late_lgbm
2,116,0.03518483968287162,0.33008588056714394,LOG_HLM,fus_GRS_late_lgbm
3,116,0.045513628597915655,0.3573344980290574,LOG_HLM,fus_GRS_late_lgbm
4,116,0.05393583382600019,0.39406386772000296,LOG_HLM,fus_GRS_late_lgbm
5,116,0.063606322668118,0.4235062518792245,LOG_HLM,fus_GRS_late_lgbm
6,116,0.0770538008922598,0.39383858844296477,LOG_HLM,fus_GRS_late_lgbm
7,116,0.10019055472044475,0.4655250205787031,LOG_HLM,fus_GRS_late_lgbm
0,117,0.00707931382618853,0.12234451236521603,LOG_HLM,fus_GRS_late_rf
1,116,0.024554422243184167,0.28007250001755907,LOG_HLM,fus_GRS_late_rf
2,116,0.037290459810337705,0.332060439868856,LOG_HLM,fus_GRS_late_rf
3,116,0.047120923281128005,0.3586489134876765,LOG_HLM,fus_GRS_late_rf
4,116,0.057294981708597606,0.4439593878497789,LOG_HLM,fus_GRS_late_rf
5,116,0.06695902966739774,0.4079522548812573,LOG_HLM,fus_GRS_late_rf
6,116,0.07976831268952554,0.4021083213423941,LOG_HLM,fus_GRS_late_rf
7,116,0.10452641122814803,0.41278515213166606,LOG_HLM,fus_GRS_late_rf
0,117,0.026014281346290965,0.33116668377497643,LOG_HLM,fus_GR_early_attfp
1,116,0.03951848301302483,0.3290186109324886,LOG_HLM,fus_GR_early_attfp
2,116,0.0488869786182991,0.3135483013600838,LOG_HLM,fus_GR_early_attfp
3,116,0.057113209195137224,0.3301840804152777,LOG_HLM,fus_GR_early_attfp
4,116,0.0659743662342149,0.3109570508010435,LOG_HLM,fus_GR_early_attfp
5,116,0.07664734335492383,0.37569560088690995,LOG_HLM,fus_GR_early_attfp
6,116,0.09132785935048816,0.3799881782903736,LOG_HLM,fus_GR_early_attfp
7,116,0.1313186998083945,0.41388020532150915,LOG_HLM,fus_GR_early_attfp
0,117,0.010716091873251371,0.15621898921648633,LOG_HLM,fus_GR_early_lgbm
1,116,0.02461052586429762,0.29212818489934195,LOG_HLM,fus_GR_early_lgbm
2,116,0.03742796095555991,0.33308283937556127,LOG_HLM,fus_GR_early_lgbm
3,116,0.04692232495601884,0.3390200811293654,LOG_HLM,fus_GR_early_lgbm
4,116,0.05783334821296292,0.3249831141788729,LOG_HLM,fus_GR_early_lgbm
5,116,0.0703192138628129,0.42732066583689743,LOG_HLM,fus_GR_early_lgbm
6,116,0.08728190510415496,0.37582451004235273,LOG_HLM,fus_GR_early_lgbm
7,116,0.12316900250981294,0.4400975090248579,LOG_HLM,fus_GR_early_lgbm
0,117,0.01020313967885751,0.13671253145822476,LOG_HLM,fus_GR_early_rf
1,116,0.025588294551564313,0.3020587316727789,LOG_HLM,fus_GR_early_rf
2,116,0.03758088054629585,0.314643126999523,LOG_HLM,fus_GR_early_rf
3,116,0.0477210597012727,0.3415813981419536,LOG_HLM,fus_GR_early_rf
4,116,0.057924485477935723,0.337518821431567,LOG_HLM,fus_GR_early_rf
5,116,0.06998472115966915,0.4039938716099538,LOG_HLM,fus_GR_early_rf
6,116,0.08536957048033593,0.400683191967243,LOG_HLM,fus_GR_early_rf
7,116,0.12129546314157928,0.42186567916950496,LOG_HLM,fus_GR_early_rf
0,117,0.015036080425428299,0.28367266767133176,LOG_HLM,fus_GR_late_attfp
1,116,0.02303100011511937,0.30416754036000077,LOG_HLM,fus_GR_late_attfp
2,116,0.02803483028781327,0.2958252405266779,LOG_HLM,fus_GR_late_attfp
3,116,0.03264106222366068,0.32259590760855644,LOG_HLM,fus_GR_late_attfp
4,116,0.03766179621479264,0.34767787677512324,LOG_HLM,fus_GR_late_attfp
5,116,0.043051326042126276,0.36134680262044544,LOG_HLM,fus_GR_late_attfp
6,116,0.050406044009364895,0.4144365729322465,LOG_HLM,fus_GR_late_attfp
7,116,0.06755721628757567,0.3808779330701491,LOG_HLM,fus_GR_late_attfp
0,117,0.00566306236604994,0.13887518395087983,LOG_HLM,fus_GR_late_lgbm
1,116,0.021282164411078445,0.30020199381221135,LOG_HLM,fus_GR_late_lgbm
2,116,0.03350671576641961,0.2978689477151776,LOG_HLM,fus_GR_late_lgbm
3,116,0.043384568518122966,0.3655911387548288,LOG_HLM,fus_GR_late_lgbm
4,116,0.05252403192755058,0.41366766617990275,LOG_HLM,fus_GR_late_lgbm
5,116,0.06145518976918709,0.4361111796661346,LOG_HLM,fus_GR_late_lgbm
6,116,0.07433373329923809,0.4123547188927363,LOG_HLM,fus_GR_late_lgbm
7,116,0.09895503313096529,0.4438264077016302,LOG_HLM,fus_GR_late_lgbm
0,117,0.007493665284582587,0.13161125048190522,LOG_HLM,fus_GR_late_rf
1,116,0.025387314472981513,0.26970202051985837,LOG_HLM,fus_GR_late_rf
2,116,0.03870371229512545,0.312772574230277,LOG_HLM,fus_GR_late_rf
3,116,0.04893875297535673,0.38740891512367076,LOG_HLM,fus_GR_late_rf
4,116,0.0575238200760446,0.4293527240288437,LOG_HLM,fus_GR_late_rf
5,116,0.0679606553882078,0.4055262286749278,LOG_HLM,fus_GR_late_rf
6,116,0.08100330769546836,0.4137006562115418,LOG_HLM,fus_GR_late_rf
7,116,0.10943839001457555,0.44787232593168425,LOG_HLM,fus_GR_late_rf
0,117,0.022465639063360455,0.3272127017702575,LOG_HLM,lgbm
1,116,0.032528421221488635,0.32588970067715267,LOG_HLM,lgbm
2,116,0.039875380891104935,0.37320324482781525,LOG_HLM,lgbm
3,116,0.04642485472131752,0.4282024522155632,LOG_HLM,lgbm
4,116,0.054347955818556164,0.37681344160970714,LOG_HLM,lgbm
5,116,0.06162027242124727,0.3827030246002489,LOG_HLM,lgbm
6,116,0.07108324812430468,0.43701040210746334,LOG_HLM,lgbm
7,116,0.09021713498978834,0.4052725882930261,LOG_HLM,lgbm
0,117,0.02356933281808947,0.2952692006580132,LOG_HLM,uni_G_attfp
1,116,0.03458886750479874,0.284856355899127,LOG_HLM,uni_G_attfp
2,116,0.04244557000490036,0.29227498830449095,LOG_HLM,uni_G_attfp
3,116,0.04987767689600073,0.3149692375101647,LOG_HLM,uni_G_attfp
4,116,0.05763865888481607,0.37661523618604176,LOG_HLM,uni_G_attfp
5,116,0.06769013500207574,0.3659849859335794,LOG_HLM,uni_G_attfp
6,116,0.0826030624519497,0.3620876791916841,LOG_HLM,uni_G_attfp
7,116,0.11880821048781788,0.40557435202782655,LOG_HLM,uni_G_attfp
0,117,0.010473494053797341,0.15484570969710973,LOG_HLM,uni_G_lgbm
1,116,0.024832949361501037,0.283438269953694,LOG_HLM,uni_G_lgbm
2,116,0.037555805080748815,0.34078449883281314,LOG_HLM,uni_G_lgbm
3,116,0.04750642388452651,0.3450656488236472,LOG_HLM,uni_G_lgbm
4,116,0.058482921211159056,0.3299899055746858,LOG_HLM,uni_G_lgbm
5,116,0.07110832504973423,0.40986982704591424,LOG_HLM,uni_G_lgbm
6,116,0.08734586463611002,0.39451615368157666,LOG_HLM,uni_G_lgbm
7,116,0.1243363163363629,0.43250141248678153,LOG_HLM,uni_G_lgbm
0,117,0.011207998792786186,0.14195867876131868,LOG_HLM,uni_G_rf
1,116,0.02651806683401778,0.28172199792725616,LOG_HLM,uni_G_rf
2,116,0.038720646075600745,0.34464000055521754,LOG_HLM,uni_G_rf
3,116,0.048118047988042215,0.3261817139890826,LOG_HLM,uni_G_rf
4,116,0.05865918062170438,0.3283395941359003,LOG_HLM,uni_G_rf
5,116,0.07049467878634298,0.4402674910967335,LOG_HLM,uni_G_rf
6,116,0.08652985933463868,0.37035167999720753,LOG_HLM,uni_G_rf
7,116,0.12401688125866969,0.42470600168327755,LOG_HLM,uni_G_rf
0,117,0.02305162698684637,0.34502450563915055,LOG_HLM,uni_M_lgbm
1,116,0.034089140445472205,0.36883790267370764,LOG_HLM,uni_M_lgbm
2,116,0.0412801254517008,0.34471133641452034,LOG_HLM,uni_M_lgbm
3,116,0.04742608301033592,0.4097331532112759,LOG_HLM,uni_M_lgbm
4,116,0.05544838841590391,0.4098206444388963,LOG_HLM,uni_M_lgbm
5,116,0.06340603549647321,0.3729240812223773,LOG_HLM,uni_M_lgbm
6,116,0.07380688874690165,0.43957150653790045,LOG_HLM,uni_M_lgbm
7,116,0.09749252153372713,0.4324567029752291,LOG_HLM,uni_M_lgbm
0,117,0.01047445483696578,0.3352713219099379,LOG_HLM,uni_M_rf
1,116,0.01612812637673321,0.423720838251486,LOG_HLM,uni_M_rf
2,116,0.020082724377375474,0.37301504747332676,LOG_HLM,uni_M_rf
3,116,0.024078332241420274,0.4251680293311884,LOG_HLM,uni_M_rf
4,116,0.028011656088632462,0.43599690911209055,LOG_HLM,uni_M_rf
5,116,0.03273214432072073,0.42629853144690916,LOG_HLM,uni_M_rf
6,116,0.03892981309255884,0.47548125457172163,LOG_HLM,uni_M_rf
7,116,0.055229099107446646,0.44161081344599584,LOG_HLM,uni_M_rf
0,117,0.016218268906836704,0.24712511124524814,LOG_HLM,uni_R_lgbm
1,116,0.025211541678425604,0.2872483856470833,LOG_HLM,uni_R_lgbm
2,116,0.0318167313428665,0.32936454827549255,LOG_HLM,uni_R_lgbm
3,116,0.03690784455392356,0.3502415551464163,LOG_HLM,uni_R_lgbm
4,116,0.04233645894492967,0.4078517952628896,LOG_HLM,uni_R_lgbm
5,116,0.04893799185781416,0.41163860821925935,LOG_HLM,uni_R_lgbm
6,116,0.05699736780667522,0.38794120810477106,LOG_HLM,uni_R_lgbm
7,116,0.07740282359536016,0.4471165381266818,LOG_HLM,uni_R_lgbm
0,117,0.009870255718367856,0.27702682615046154,LOG_HLM,uni_R_rf
1,116,0.016581166531759638,0.30325536074773873,LOG_HLM,uni_R_rf
2,116,0.02075599498232917,0.3728643489516956,LOG_HLM,uni_R_rf
3,116,0.02475519637374778,0.3635718215005432,LOG_HLM,uni_R_rf
4,116,0.028673638460852472,0.4780100492273001,LOG_HLM,uni_R_rf
5,116,0.03301666110152451,0.4407182855009545,LOG_HLM,uni_R_rf
6,116,0.03956550811042403,0.4115367468612114,LOG_HLM,uni_R_rf
7,116,0.05687475360853687,0.42209915345813703,LOG_HLM,uni_R_rf
0,117,0.012336679593916756,0.2141051792447405,LOG_HLM,uni_S_lgbm
1,116,0.02555668705619761,0.3316475648074594,LOG_HLM,uni_S_lgbm
2,116,0.03852396270295322,0.39398912715306733,LOG_HLM,uni_S_lgbm
3,116,0.05202822099615994,0.4132581455198834,LOG_HLM,uni_S_lgbm
4,116,0.06613504667240765,0.42100373678559905,LOG_HLM,uni_S_lgbm
5,116,0.07966936796761552,0.4600606470235386,LOG_HLM,uni_S_lgbm
6,116,0.09626221961485107,0.4258778175875958,LOG_HLM,uni_S_lgbm
7,116,0.13739964685057135,0.4686317225381899,LOG_HLM,uni_S_lgbm
0,117,0.013093305044251222,0.2346422533465915,LOG_HLM,uni_S_rf
1,116,0.02563717883589883,0.3236989753103955,LOG_HLM,uni_S_rf
2,116,0.036607311446937546,0.3410805265659691,LOG_HLM,uni_S_rf
3,116,0.047223787447274485,0.4405519496627553,LOG_HLM,uni_S_rf
4,116,0.059465602360860584,0.43668969786845147,LOG_HLM,uni_S_rf
5,116,0.07220927163533075,0.454487748889023,LOG_HLM,uni_S_rf
6,116,0.09129477774051194,0.4443338483344006,LOG_HLM,uni_S_rf
7,116,0.12943760598521087,0.44710729024044793,LOG_HLM,uni_S_rf
0,9,0.02746020228165879,0.6175569344311111,LOG_HPPB,chemeleon
1,8,0.039311188539601666,0.318778829015,LOG_HPPB,chemeleon
2,8,0.04672811947891185,0.5990363766,LOG_HPPB,chemeleon
3,8,0.05689894253212946,0.76282466094,LOG_HPPB,chemeleon
4,8,0.06871771091685913,0.34811992428000005,LOG_HPPB,chemeleon
5,8,0.07967660525025413,0.415312693105,LOG_HPPB,chemeleon
6,8,0.10000384259803383,0.644377344617,LOG_HPPB,chemeleon
7,9,0.12280011039765294,0.5870964569253333,LOG_HPPB,chemeleon
0,9,0.03052011277502642,0.5700415055777778,LOG_HPPB,chemprop
1,8,0.041767705860669746,0.7352653304955,LOG_HPPB,chemprop
2,8,0.04580116340397079,0.44965510770500006,LOG_HPPB,chemprop
3,8,0.049559249287758206,0.31558639245000003,LOG_HPPB,chemprop
4,8,0.05464296037423215,0.49116117129500003,LOG_HPPB,chemprop
5,8,0.06249801373680114,0.620251565195,LOG_HPPB,chemprop
6,8,0.07368201957511106,0.7588988573,LOG_HPPB,chemprop
7,9,0.10677334138162667,0.61970561444,LOG_HPPB,chemprop
0,9,0.035697785155240316,0.5916840292000001,LOG_HPPB,chemprop_st
1,8,0.04614427197024184,0.6767038185,LOG_HPPB,chemprop_st
2,8,0.054388731554349624,0.7102729072,LOG_HPPB,chemprop_st
3,8,0.061248174943846906,0.6912418275775,LOG_HPPB,chemprop_st
4,8,0.06838844072276273,0.3344356248169,LOG_HPPB,chemprop_st
5,8,0.08075256601217065,0.625290492158,LOG_HPPB,chemprop_st
6,8,0.09493650349146915,0.9542641022695,LOG_HPPB,chemprop_st
7,9,0.11654361453371781,0.5725313116622223,LOG_HPPB,chemprop_st
0,9,0.06676688702961402,0.30179275523009824,LOG_HPPB,fus_GRMS_early_attfp
1,8,0.09252667345621851,0.7216866320261781,LOG_HPPB,fus_GRMS_early_attfp
2,8,0.1118199492604354,0.3905493397591325,LOG_HPPB,fus_GRMS_early_attfp
3,8,0.13361600818287384,0.4333015806157348,LOG_HPPB,fus_GRMS_early_attfp
4,8,0.15095422252127833,0.22926668528847166,LOG_HPPB,fus_GRMS_early_attfp
5,8,0.1647244263031344,0.5327389059909042,LOG_HPPB,fus_GRMS_early_attfp
6,8,0.18692446647761052,0.7905017647305623,LOG_HPPB,fus_GRMS_early_attfp
7,9,0.2578553289686889,0.7994331774261838,LOG_HPPB,fus_GRMS_early_attfp
0,9,0.05597812903410241,0.28809949537361956,LOG_HPPB,fus_GRMS_early_lgbm
1,8,0.08855686889414781,0.6744977081693544,LOG_HPPB,fus_GRMS_early_lgbm
2,8,0.10091249127928911,0.4996768684599584,LOG_HPPB,fus_GRMS_early_lgbm
3,8,0.11139535296210117,0.6553394229049865,LOG_HPPB,fus_GRMS_early_lgbm
4,8,0.13112938843630598,0.509509175109834,LOG_HPPB,fus_GRMS_early_lgbm
5,8,0.15073106070656067,0.7148740013623995,LOG_HPPB,fus_GRMS_early_lgbm
6,8,0.17424324054238727,0.4461264625388929,LOG_HPPB,fus_GRMS_early_lgbm
7,9,0.2277518626785846,0.5976922696893853,LOG_HPPB,fus_GRMS_early_lgbm
0,9,0.031606972639222936,0.31897732861915035,LOG_HPPB,fus_GRMS_early_rf
1,8,0.05212958529695107,0.4223371631617009,LOG_HPPB,fus_GRMS_early_rf
2,8,0.060396228629312584,0.45385574774117077,LOG_HPPB,fus_GRMS_early_rf
3,8,0.06694916492849855,0.7060196678546395,LOG_HPPB,fus_GRMS_early_rf
4,8,0.08083407849770527,0.8913671375942311,LOG_HPPB,fus_GRMS_early_rf
5,8,0.10051964057153798,0.5325548572302704,LOG_HPPB,fus_GRMS_early_rf
6,8,0.11607774075689786,0.6458948610835242,LOG_HPPB,fus_GRMS_early_rf
7,9,0.1639823920825027,0.6378328044037428,LOG_HPPB,fus_GRMS_early_rf
0,9,0.05761487930110349,0.615659152629087,LOG_HPPB,fus_GRMS_late_attfp
1,8,0.08298889792064937,0.3311833123881302,LOG_HPPB,fus_GRMS_late_attfp
2,8,0.09799069837079481,0.657494161096629,LOG_HPPB,fus_GRMS_late_attfp
3,8,0.1145318511072888,0.6455743860137539,LOG_HPPB,fus_GRMS_late_attfp
4,8,0.13505768728353157,0.6085017475909558,LOG_HPPB,fus_GRMS_late_attfp
5,8,0.1601043556599862,0.3680764538560504,LOG_HPPB,fus_GRMS_late_attfp
6,8,0.18617533484169094,0.8462447058493339,LOG_HPPB,fus_GRMS_late_attfp
7,9,0.22254411855490902,0.5854290748757799,LOG_HPPB,fus_GRMS_late_attfp
0,9,0.03324298013635621,0.5152633763909742,LOG_HPPB,fus_GRMS_late_lgbm
1,8,0.05715627337291675,0.5125152017650499,LOG_HPPB,fus_GRMS_late_lgbm
2,8,0.06912256810662826,0.7594762647524467,LOG_HPPB,fus_GRMS_late_lgbm
3,8,0.07870951388158624,0.3374397485777038,LOG_HPPB,fus_GRMS_late_lgbm
4,8,0.09260511549604213,0.41328888810044373,LOG_HPPB,fus_GRMS_late_lgbm
5,8,0.103053043842279,0.41347532897336825,LOG_HPPB,fus_GRMS_late_lgbm
6,8,0.11370429653661634,0.3889891025458535,LOG_HPPB,fus_GRMS_late_lgbm
7,9,0.16131294869402357,0.6086464980374725,LOG_HPPB,fus_GRMS_late_lgbm
0,9,0.03693363908527294,0.5441835948057556,LOG_HPPB,fus_GRMS_late_rf
1,8,0.05504144952166999,0.5163069203195003,LOG_HPPB,fus_GRMS_late_rf
2,8,0.06806747921426967,0.32763681977277503,LOG_HPPB,fus_GRMS_late_rf
3,8,0.07955951385330598,0.7271730367588498,LOG_HPPB,fus_GRMS_late_rf
4,8,0.09211341505997549,0.2815747185452999,LOG_HPPB,fus_GRMS_late_rf
5,8,0.10069579994788519,0.3823236337821999,LOG_HPPB,fus_GRMS_late_rf
6,8,0.11826572071207529,0.4367930209909,LOG_HPPB,fus_GRMS_late_rf
7,9,0.14403196879444546,0.6780221854353334,LOG_HPPB,fus_GRMS_late_rf
0,9,0.06642049909366611,0.3813546054939219,LOG_HPPB,fus_GRM_early_attfp
1,8,0.10150732150610495,0.5675704943501486,LOG_HPPB,fus_GRM_early_attfp
2,8,0.11518676807507774,0.4772044238251457,LOG_HPPB,fus_GRM_early_attfp
3,8,0.12932098341320508,0.5809409819054497,LOG_HPPB,fus_GRM_early_attfp
4,8,0.14434242456515428,0.4226303247124786,LOG_HPPB,fus_GRM_early_attfp
5,8,0.16279698530167813,0.3672152316089549,LOG_HPPB,fus_GRM_early_attfp
6,8,0.1752551393348521,0.9293895203811343,LOG_HPPB,fus_GRM_early_attfp
7,9,0.23893709963236542,0.5103818756996108,LOG_HPPB,fus_GRM_early_attfp
0,9,0.040962451861955206,0.4248087383077545,LOG_HPPB,fus_GRM_early_lgbm
1,8,0.06641097148294081,0.3595120360581465,LOG_HPPB,fus_GRM_early_lgbm
2,8,0.07630512469987163,0.504543728498544,LOG_HPPB,fus_GRM_early_lgbm
3,8,0.09170578071543646,0.501343628536511,LOG_HPPB,fus_GRM_early_lgbm
4,8,0.10424277354543021,1.1729114465853199,LOG_HPPB,fus_GRM_early_lgbm
5,8,0.1247564319734161,0.48372120560498066,LOG_HPPB,fus_GRM_early_lgbm
6,8,0.141545304058673,0.5502568706473333,LOG_HPPB,fus_GRM_early_lgbm
7,9,0.17645157762517125,0.5254087522734737,LOG_HPPB,fus_GRM_early_lgbm
0,9,0.02813179513517445,0.3230360208559114,LOG_HPPB,fus_GRM_early_rf
1,8,0.05010339751837764,0.841348948098995,LOG_HPPB,fus_GRM_early_rf
2,8,0.059366551497967046,0.5916814406203883,LOG_HPPB,fus_GRM_early_rf
3,8,0.06908016277435912,0.5462916498575725,LOG_HPPB,fus_GRM_early_rf
4,8,0.07659914692879034,0.5451750296534441,LOG_HPPB,fus_GRM_early_rf
5,8,0.09135001195447678,0.39474309103821614,LOG_HPPB,fus_GRM_early_rf
6,8,0.10591989704116861,0.782700609585157,LOG_HPPB,fus_GRM_early_rf
7,9,0.1356105112423167,0.5808276004522877,LOG_HPPB,fus_GRM_early_rf
0,9,0.06553976511841825,0.4220035384617996,LOG_HPPB,fus_GRM_late_attfp
1,8,0.07791556902252467,0.3302151920484401,LOG_HPPB,fus_GRM_late_attfp
2,8,0.0927710177312449,0.8786435241934407,LOG_HPPB,fus_GRM_late_attfp
3,8,0.11002599831459257,0.5802770911004105,LOG_HPPB,fus_GRM_late_attfp
4,8,0.12403892411199201,0.5194349281111061,LOG_HPPB,fus_GRM_late_attfp
5,8,0.1481221154182231,0.6535384274667023,LOG_HPPB,fus_GRM_late_attfp
6,8,0.177415442428702,0.656401066689204,LOG_HPPB,fus_GRM_late_attfp
7,9,0.22201918560366474,0.6234036695708451,LOG_HPPB,fus_GRM_late_attfp
0,9,0.034761766053347104,0.39060170249482123,LOG_HPPB,fus_GRM_late_lgbm
1,8,0.05081868780581074,0.7193212970810339,LOG_HPPB,fus_GRM_late_lgbm
2,8,0.06732174804923309,0.28626849026618534,LOG_HPPB,fus_GRM_late_lgbm
3,8,0.08149552258931023,0.731569499067031,LOG_HPPB,fus_GRM_late_lgbm
4,8,0.09092711678549983,0.4248612030567891,LOG_HPPB,fus_GRM_late_lgbm
5,8,0.09969442203612996,0.31412009424154386,LOG_HPPB,fus_GRM_late_lgbm
6,8,0.11409012893828883,0.41885869398212444,LOG_HPPB,fus_GRM_late_lgbm
7,9,0.16213910741150248,0.701393744850109,LOG_HPPB,fus_GRM_late_lgbm
0,9,0.03454857406354997,0.4156238226327334,LOG_HPPB,fus_GRM_late_rf
1,8,0.05235841681370145,0.31843116386292525,LOG_HPPB,fus_GRM_late_rf
2,8,0.0632103185764595,0.4189056599865752,LOG_HPPB,fus_GRM_late_rf
3,8,0.07826192652394494,0.795588150149575,LOG_HPPB,fus_GRM_late_rf
4,8,0.0941673721404129,0.4797517072008497,LOG_HPPB,fus_GRM_late_rf
5,8,0.1039393409439962,0.2548575029494249,LOG_HPPB,fus_GRM_late_rf
6,8,0.11894319983490192,0.5846872823112749,LOG_HPPB,fus_GRM_late_rf
7,9,0.14295766673550736,0.6629242560781111,LOG_HPPB,fus_GRM_late_rf
0,9,0.05123198801887054,0.42287128000452434,LOG_HPPB,fus_GRS_early_attfp
1,8,0.08357791588346182,0.27306182335317997,LOG_HPPB,fus_GRS_early_attfp
2,8,0.09440568089009037,0.44208766596815613,LOG_HPPB,fus_GRS_early_attfp
3,8,0.10516336659305539,0.5274322915490164,LOG_HPPB,fus_GRS_early_attfp
4,8,0.12062148718028384,0.406383930309662,LOG_HPPB,fus_GRS_early_attfp
5,8,0.14141881724098862,0.34821542973620784,LOG_HPPB,fus_GRS_early_attfp
6,8,0.1590856399778699,0.5416080564409943,LOG_HPPB,fus_GRS_early_attfp
7,9,0.2595372307420257,0.9775317417466393,LOG_HPPB,fus_GRS_early_attfp
0,9,0.0631642905745049,0.43223157470219253,LOG_HPPB,fus_GRS_early_lgbm
1,8,0.08260158703605366,0.859498649156818,LOG_HPPB,fus_GRS_early_lgbm
2,8,0.09858796478663523,0.4523838657906509,LOG_HPPB,fus_GRS_early_lgbm
3,8,0.11862436068509574,0.492723656372519,LOG_HPPB,fus_GRS_early_lgbm
4,8,0.14243957431642484,0.32739979432311384,LOG_HPPB,fus_GRS_early_lgbm
5,8,0.16483705269899848,0.47112103761011925,LOG_HPPB,fus_GRS_early_lgbm
6,8,0.1811114946826691,0.7585880183532474,LOG_HPPB,fus_GRS_early_lgbm
7,9,0.21508527782602202,0.49701399700145793,LOG_HPPB,fus_GRS_early_lgbm
0,9,0.03318902637458207,0.29823497880889316,LOG_HPPB,fus_GRS_early_rf
1,8,0.052760482221807056,0.3728296642266031,LOG_HPPB,fus_GRS_early_rf
2,8,0.0644245018283245,0.5863358822471886,LOG_HPPB,fus_GRS_early_rf
3,8,0.07909854178113027,1.0637233163708317,LOG_HPPB,fus_GRS_early_rf
4,8,0.085827468466404,0.5078995774791784,LOG_HPPB,fus_GRS_early_rf
5,8,0.10315226191625557,0.5999371175243906,LOG_HPPB,fus_GRS_early_rf
6,8,0.12757781085425943,0.41631115905598526,LOG_HPPB,fus_GRS_early_rf
7,9,0.18065651626454612,0.6967423529617895,LOG_HPPB,fus_GRS_early_rf
0,9,0.049201338391990715,0.4307818542758373,LOG_HPPB,fus_GRS_late_attfp
1,8,0.07121568833712169,0.6297127645783964,LOG_HPPB,fus_GRS_late_attfp
2,8,0.08671197432475154,0.49586816876816137,LOG_HPPB,fus_GRS_late_attfp
3,8,0.10018669122160309,0.4258754418018553,LOG_HPPB,fus_GRS_late_attfp
4,8,0.11353763198306538,0.7518500576460719,LOG_HPPB,fus_GRS_late_attfp
5,8,0.13374333029961954,0.7305747008427889,LOG_HPPB,fus_GRS_late_attfp
6,8,0.1748345290408013,0.5991370468416122,LOG_HPPB,fus_GRS_late_attfp
7,9,0.2285732715333278,0.597615557626389,LOG_HPPB,fus_GRS_late_attfp
0,9,0.036118150435705765,0.3018963621001017,LOG_HPPB,fus_GRS_late_lgbm
1,8,0.0639690052544568,0.5458888272899162,LOG_HPPB,fus_GRS_late_lgbm
2,8,0.07642190346904443,0.3413772941531539,LOG_HPPB,fus_GRS_late_lgbm
3,8,0.08992871157464238,0.597539398830398,LOG_HPPB,fus_GRS_late_lgbm
4,8,0.10069355455568006,0.5457278717031626,LOG_HPPB,fus_GRS_late_lgbm
5,8,0.11390227853202034,0.2649809118828909,LOG_HPPB,fus_GRS_late_lgbm
6,8,0.13192550249725538,0.6360054641719544,LOG_HPPB,fus_GRS_late_lgbm
7,9,0.1824984393673461,0.7416001260233255,LOG_HPPB,fus_GRS_late_lgbm
0,9,0.041272208723639715,0.3892264628359556,LOG_HPPB,fus_GRS_late_rf
1,8,0.056268184061748494,0.508317697343775,LOG_HPPB,fus_GRS_late_rf
2,8,0.07391556875131332,0.562311513079675,LOG_HPPB,fus_GRS_late_rf
3,8,0.08476480430728883,0.5964972160690751,LOG_HPPB,fus_GRS_late_rf
4,8,0.0952894840431415,0.4167234720184748,LOG_HPPB,fus_GRS_late_rf
5,8,0.10624625998929797,0.3490947312227,LOG_HPPB,fus_GRS_late_rf
6,8,0.11933805565755448,0.4827395401766749,LOG_HPPB,fus_GRS_late_rf
7,9,0.15395642951428123,0.6218040312601778,LOG_HPPB,fus_GRS_late_rf
0,9,0.06139994717513496,0.4178305590069452,LOG_HPPB,fus_GR_early_attfp
1,8,0.09068910978306952,0.41346357033762926,LOG_HPPB,fus_GR_early_attfp
2,8,0.10521541689707209,0.406705932693585,LOG_HPPB,fus_GR_early_attfp
3,8,0.1158552956774147,0.5047205106274248,LOG_HPPB,fus_GR_early_attfp
4,8,0.12794801442491657,0.2757948066559509,LOG_HPPB,fus_GR_early_attfp
5,8,0.15338206133761406,0.8099419028712582,LOG_HPPB,fus_GR_early_attfp
6,8,0.18128165747457825,0.6020987553577297,LOG_HPPB,fus_GR_early_attfp
7,9,0.22167226566257722,0.6719710138583983,LOG_HPPB,fus_GR_early_attfp
0,9,0.026913715949841537,0.27133532947121425,LOG_HPPB,fus_GR_early_lgbm
1,8,0.05200997875981274,0.38144565327671276,LOG_HPPB,fus_GR_early_lgbm
2,8,0.061960268565742035,0.7219341707651425,LOG_HPPB,fus_GR_early_lgbm
3,8,0.07309899292418601,0.8851788724776342,LOG_HPPB,fus_GR_early_lgbm
4,8,0.084642408401218,0.42962585728811636,LOG_HPPB,fus_GR_early_lgbm
5,8,0.09732324877068052,0.7565089179652397,LOG_HPPB,fus_GR_early_lgbm
6,8,0.11747551869244845,0.4360255278132885,LOG_HPPB,fus_GR_early_lgbm
7,9,0.1456781943578458,0.45158795030397836,LOG_HPPB,fus_GR_early_lgbm
0,9,0.03366862725147821,0.5268291874272857,LOG_HPPB,fus_GR_early_rf
1,8,0.05357541228266974,0.4867708395655471,LOG_HPPB,fus_GR_early_rf
2,8,0.06873974470721338,0.49714057075432244,LOG_HPPB,fus_GR_early_rf
3,8,0.07486954242565583,0.6157474502320224,LOG_HPPB,fus_GR_early_rf
4,8,0.08038855820352718,0.7662671667394213,LOG_HPPB,fus_GR_early_rf
5,8,0.0909390068075702,0.33560843847433325,LOG_HPPB,fus_GR_early_rf
6,8,0.10954556646545305,0.7204139686403983,LOG_HPPB,fus_GR_early_rf
7,9,0.1435695355376377,0.6379103042450819,LOG_HPPB,fus_GR_early_rf
0,9,0.06066642428761918,0.3944974191004707,LOG_HPPB,fus_GR_late_attfp
1,8,0.07870455448279796,0.6785580170417281,LOG_HPPB,fus_GR_late_attfp
2,8,0.08985026183437793,0.6326626334394038,LOG_HPPB,fus_GR_late_attfp
3,8,0.10258413904528357,0.6865170152528326,LOG_HPPB,fus_GR_late_attfp
4,8,0.11803438104571537,0.48939864758475116,LOG_HPPB,fus_GR_late_attfp
5,8,0.13910177075839694,0.570931882355424,LOG_HPPB,fus_GR_late_attfp
6,8,0.16854025602126355,0.8072167813726391,LOG_HPPB,fus_GR_late_attfp
7,9,0.20562644325952434,0.4584365974128384,LOG_HPPB,fus_GR_late_attfp
0,9,0.03491138265277534,0.5547148127437331,LOG_HPPB,fus_GR_late_lgbm
1,8,0.05735323619018426,0.26340190448049844,LOG_HPPB,fus_GR_late_lgbm
2,8,0.07134341885763709,0.5978743632030512,LOG_HPPB,fus_GR_late_lgbm
3,8,0.09013237166950605,0.5549004318601528,LOG_HPPB,fus_GR_late_lgbm
4,8,0.10445119036668929,0.45302116105027157,LOG_HPPB,fus_GR_late_lgbm
5,8,0.11735538601333122,0.4419783604619121,LOG_HPPB,fus_GR_late_lgbm
6,8,0.13454437884770457,0.37354718572989837,LOG_HPPB,fus_GR_late_lgbm
7,9,0.19281611961028255,0.790806619449461,LOG_HPPB,fus_GR_late_lgbm
0,9,0.044194995142258255,0.23993751508684447,LOG_HPPB,fus_GR_late_rf
1,8,0.05653757231282118,0.29601590762880003,LOG_HPPB,fus_GR_late_rf
2,8,0.06517385523203817,0.6825995598903,LOG_HPPB,fus_GR_late_rf
3,8,0.07843232505657324,0.8796735806851002,LOG_HPPB,fus_GR_late_rf
4,8,0.09172925064229283,0.26035093355989997,LOG_HPPB,fus_GR_late_rf
5,8,0.107643319665993,0.5068182812540001,LOG_HPPB,fus_GR_late_rf
6,8,0.11788735497249528,0.3611059241736999,LOG_HPPB,fus_GR_late_rf
7,9,0.15108398435763593,0.7377334163122667,LOG_HPPB,fus_GR_late_rf
0,9,0.04249544165423095,0.5443011293457697,LOG_HPPB,lgbm
1,8,0.056958524847224246,0.3568479936078124,LOG_HPPB,lgbm
2,8,0.07352516167779621,0.4997944021372578,LOG_HPPB,lgbm
3,8,0.08791413871137373,0.5636426861656444,LOG_HPPB,lgbm
4,8,0.09965467659019028,0.44418877916087246,LOG_HPPB,lgbm
5,8,0.10628270912011303,0.4252093264549695,LOG_HPPB,lgbm
6,8,0.12684612464025632,0.7948885440458787,LOG_HPPB,lgbm
7,9,0.16865602620909653,0.6700173637169546,LOG_HPPB,lgbm
0,9,0.05794504054636581,0.5130023231442453,LOG_HPPB,uni_G_attfp
1,8,0.08661924670486482,0.536968711025503,LOG_HPPB,uni_G_attfp
2,8,0.10161065694623594,0.5013317116395891,LOG_HPPB,uni_G_attfp
3,8,0.11329929414575257,0.601370190895289,LOG_HPPB,uni_G_attfp
4,8,0.13508829273468226,0.7395333840650924,LOG_HPPB,uni_G_attfp
5,8,0.16200347224867648,0.705712274235779,LOG_HPPB,uni_G_attfp
6,8,0.19114996728875927,0.40641807902585925,LOG_HPPB,uni_G_attfp
7,9,0.23264871669312515,0.7359416603180237,LOG_HPPB,uni_G_attfp
0,9,0.048160206930743445,0.5200376584647483,LOG_HPPB,uni_G_lgbm
1,8,0.08390428826947229,0.4280650062630079,LOG_HPPB,uni_G_lgbm
2,8,0.09929922565102577,0.8164965634056096,LOG_HPPB,uni_G_lgbm
3,8,0.12142535551434133,0.6287345123415484,LOG_HPPB,uni_G_lgbm
4,8,0.13613264678040043,0.3667265432563406,LOG_HPPB,uni_G_lgbm
5,8,0.14819209974355818,0.8765104414685272,LOG_HPPB,uni_G_lgbm
6,8,0.17116620881603262,0.5586943426987332,LOG_HPPB,uni_G_lgbm
7,9,0.21056474613662135,0.605405214234375,LOG_HPPB,uni_G_lgbm
0,9,0.03640453464774323,0.42166799895047785,LOG_HPPB,uni_G_rf
1,8,0.06134748356095441,0.7573285591046943,LOG_HPPB,uni_G_rf
2,8,0.07103391710337453,0.5211212031813146,LOG_HPPB,uni_G_rf
3,8,0.08106278139184792,0.4568169065413361,LOG_HPPB,uni_G_rf
4,8,0.09476349377999009,0.8410043601032837,LOG_HPPB,uni_G_rf
5,8,0.10830764539284335,0.5140631710214589,LOG_HPPB,uni_G_rf
6,8,0.12148712966264152,0.36381394379868215,LOG_HPPB,uni_G_rf
7,9,0.1650972104087902,0.8587867782650548,LOG_HPPB,uni_G_rf
0,9,0.025747127136217896,0.4855896558528349,LOG_HPPB,uni_M_lgbm
1,8,0.04341374085939933,0.6630117277308534,LOG_HPPB,uni_M_lgbm
2,8,0.051924522997578285,0.6438195575672222,LOG_HPPB,uni_M_lgbm
3,8,0.06196051064243921,0.8111323636081827,LOG_HPPB,uni_M_lgbm
4,8,0.07002581888468046,0.4619632964694843,LOG_HPPB,uni_M_lgbm
5,8,0.07659120040997508,0.5276968853883588,LOG_HPPB,uni_M_lgbm
6,8,0.08822334880558746,0.7102855967857298,LOG_HPPB,uni_M_lgbm
7,9,0.10337061677845462,0.46607976016394975,LOG_HPPB,uni_M_lgbm
0,9,0.023776230649350624,0.5407267345932266,LOG_HPPB,uni_M_rf
1,8,0.030736222435767152,0.45222059482041094,LOG_HPPB,uni_M_rf
2,8,0.03528347835369887,0.46201169098370515,LOG_HPPB,uni_M_rf
3,8,0.04156583496656846,0.599391314945273,LOG_HPPB,uni_M_rf
4,8,0.04494307846631252,0.35110704929110637,LOG_HPPB,uni_M_rf
5,8,0.05000743253328101,0.6713162513613937,LOG_HPPB,uni_M_rf
6,8,0.05842386116819058,0.9470451856346798,LOG_HPPB,uni_M_rf
7,9,0.06960209381077125,0.5238613589846199,LOG_HPPB,uni_M_rf
0,9,0.03484964604933064,0.6264429670676565,LOG_HPPB,uni_R_lgbm
1,8,0.054437077921863766,0.1924059035798762,LOG_HPPB,uni_R_lgbm
2,8,0.06333315154175807,0.5714724158516963,LOG_HPPB,uni_R_lgbm
3,8,0.07262584627545307,0.30638085908152785,LOG_HPPB,uni_R_lgbm
4,8,0.08352054225362665,0.2910076254365418,LOG_HPPB,uni_R_lgbm
5,8,0.09227249114954025,0.33091277804919206,LOG_HPPB,uni_R_lgbm
6,8,0.09970424162839939,0.7453207144819234,LOG_HPPB,uni_R_lgbm
7,9,0.1325698576331809,0.7347095493604408,LOG_HPPB,uni_R_lgbm
0,9,0.014972114214233369,0.24928505574736487,LOG_HPPB,uni_R_rf
1,8,0.02629920707471587,0.4714082971218334,LOG_HPPB,uni_R_rf
2,8,0.03304331727057,0.7460140553547192,LOG_HPPB,uni_R_rf
3,8,0.04312630728260736,0.5537807974134481,LOG_HPPB,uni_R_rf
4,8,0.05078989602774105,0.4441447746349396,LOG_HPPB,uni_R_rf
5,8,0.05639116580778884,0.5247758801789063,LOG_HPPB,uni_R_rf
6,8,0.06631226563992637,0.33296051527027526,LOG_HPPB,uni_R_rf
7,9,0.0866584312089988,0.5838185659913121,LOG_HPPB,uni_R_rf
0,9,0.07419182351679067,0.5473528546980642,LOG_HPPB,uni_S_lgbm
1,8,0.10803253102972474,0.6077112262456179,LOG_HPPB,uni_S_lgbm
2,8,0.1345327815553622,0.153298631963534,LOG_HPPB,uni_S_lgbm
3,8,0.1473451532288748,0.7098308762061027,LOG_HPPB,uni_S_lgbm
4,8,0.16049791812017222,0.4897829820083861,LOG_HPPB,uni_S_lgbm
5,8,0.17726892767317912,0.6102187909902357,LOG_HPPB,uni_S_lgbm
6,8,0.19865336696404645,0.9629886047140481,LOG_HPPB,uni_S_lgbm
7,9,0.23772329965735808,0.6755303761355158,LOG_HPPB,uni_S_lgbm
0,9,0.057081521727916744,0.6059278593457,LOG_HPPB,uni_S_rf
1,8,0.0841720495714656,0.6357067867612333,LOG_HPPB,uni_S_rf
2,8,0.1021286496907235,0.8416853370605729,LOG_HPPB,uni_S_rf
3,8,0.12401601991512648,0.6056731629277583,LOG_HPPB,uni_S_rf
4,8,0.1500235995095882,0.5275119892358895,LOG_HPPB,uni_S_rf
5,8,0.1670841657409688,0.46094215311495407,LOG_HPPB,uni_S_rf
6,8,0.18875467653942044,0.6838859693763271,LOG_HPPB,uni_S_rf
7,9,0.23209163719873727,0.8841184153479609,LOG_HPPB,uni_S_rf
0,101,0.015308674323869708,0.14531783805739407,LOG_MDR1_ER,chemeleon
1,100,0.024215518038040798,0.212440506774564,LOG_MDR1_ER,chemeleon
2,101,0.030833102182439644,0.2739844652620954,LOG_MDR1_ER,chemeleon
3,100,0.0373830710981101,0.37400967455394,LOG_MDR1_ER,chemeleon
4,100,0.04540228063124295,0.380346211413394,LOG_MDR1_ER,chemeleon
5,101,0.05487044056487858,0.3813839565122337,LOG_MDR1_ER,chemeleon
6,100,0.06763658556736346,0.35885330546273797,LOG_MDR1_ER,chemeleon
7,101,0.10310311720047785,0.49738240255350497,LOG_MDR1_ER,chemeleon
0,101,0.016468726424061157,0.3010450848922297,LOG_MDR1_ER,chemprop
1,100,0.02424118469705686,0.28188526856331797,LOG_MDR1_ER,chemprop
2,101,0.028882239005708334,0.2950103460094733,LOG_MDR1_ER,chemprop
3,100,0.033303275780127574,0.3155575061377744,LOG_MDR1_ER,chemprop
4,100,0.03813202801384487,0.40776662422020005,LOG_MDR1_ER,chemprop
5,101,0.04465437185903771,0.3210236483333386,LOG_MDR1_ER,chemprop
6,100,0.052346622243780117,0.38632203062444,LOG_MDR1_ER,chemprop
7,101,0.07080691074499232,0.4686658575511523,LOG_MDR1_ER,chemprop
0,101,0.016468726424061157,0.3010450848922297,LOG_MDR1_ER,chemprop_st
1,100,0.02424118469705686,0.28188526856331797,LOG_MDR1_ER,chemprop_st
2,101,0.028882239005708334,0.2950103460094733,LOG_MDR1_ER,chemprop_st
3,100,0.033303275780127574,0.3155575061377744,LOG_MDR1_ER,chemprop_st
4,100,0.03813202801384487,0.40776662422020005,LOG_MDR1_ER,chemprop_st
5,101,0.04465437185903771,0.3210236483333386,LOG_MDR1_ER,chemprop_st
6,100,0.052346622243780117,0.38632203062444,LOG_MDR1_ER,chemprop_st
7,101,0.07080691074499232,0.4686658575511523,LOG_MDR1_ER,chemprop_st
0,101,0.023439709943387333,0.23723592733282972,LOG_MDR1_ER,fus_GRMS_early_attfp
1,100,0.034746875459041544,0.28089230330834125,LOG_MDR1_ER,fus_GRMS_early_attfp
2,101,0.044060971511265354,0.33445938136869213,LOG_MDR1_ER,fus_GRMS_early_attfp
3,100,0.0531613973365343,0.3366368685959033,LOG_MDR1_ER,fus_GRMS_early_attfp
4,100,0.06255714671051792,0.34873816411932523,LOG_MDR1_ER,fus_GRMS_early_attfp
5,101,0.0749595219082761,0.3810218625897846,LOG_MDR1_ER,fus_GRMS_early_attfp
6,100,0.0925449598517117,0.4540084880317179,LOG_MDR1_ER,fus_GRMS_early_attfp
7,101,0.13248481603902446,0.5055795828875861,LOG_MDR1_ER,fus_GRMS_early_attfp
0,101,0.015935197394071725,0.13689184809841956,LOG_MDR1_ER,fus_GRMS_early_lgbm
1,100,0.0276745565603701,0.17776669294301634,LOG_MDR1_ER,fus_GRMS_early_lgbm
2,101,0.03929935994722765,0.2056794093833703,LOG_MDR1_ER,fus_GRMS_early_lgbm
3,100,0.052328890097289055,0.2889849058528318,LOG_MDR1_ER,fus_GRMS_early_lgbm
4,100,0.06556039268568417,0.39185508333808455,LOG_MDR1_ER,fus_GRMS_early_lgbm
5,101,0.08179021430309644,0.38824328156473764,LOG_MDR1_ER,fus_GRMS_early_lgbm
6,100,0.10181340746393315,0.45391824541052855,LOG_MDR1_ER,fus_GRMS_early_lgbm
7,101,0.14405008356397614,0.5257673399201183,LOG_MDR1_ER,fus_GRMS_early_lgbm
0,101,0.012908782591061752,0.12838586525321746,LOG_MDR1_ER,fus_GRMS_early_rf
1,100,0.023905810078447786,0.17403542763248697,LOG_MDR1_ER,fus_GRMS_early_rf
2,101,0.03533645629930898,0.22811556568802696,LOG_MDR1_ER,fus_GRMS_early_rf
3,100,0.04737098635384302,0.28698824345089013,LOG_MDR1_ER,fus_GRMS_early_rf
4,100,0.06126769030061853,0.39286483666280547,LOG_MDR1_ER,fus_GRMS_early_rf
5,101,0.07477851965084353,0.4018303047895209,LOG_MDR1_ER,fus_GRMS_early_rf
6,100,0.0940232121210064,0.4484194930004722,LOG_MDR1_ER,fus_GRMS_early_rf
7,101,0.13173937319068005,0.5177681110357242,LOG_MDR1_ER,fus_GRMS_early_rf
0,101,0.012270589433195386,0.20075799118483809,LOG_MDR1_ER,fus_GRMS_late_attfp
1,100,0.019423317753886376,0.2176903987606515,LOG_MDR1_ER,fus_GRMS_late_attfp
2,101,0.024346086349929436,0.32197850609915013,LOG_MDR1_ER,fus_GRMS_late_attfp
3,100,0.029052277413735717,0.30900322692485427,LOG_MDR1_ER,fus_GRMS_late_attfp
4,100,0.03363680163231251,0.35332227979789416,LOG_MDR1_ER,fus_GRMS_late_attfp
5,101,0.03930476081721427,0.4096319003832945,LOG_MDR1_ER,fus_GRMS_late_attfp
6,100,0.04670772243605862,0.452378424575236,LOG_MDR1_ER,fus_GRMS_late_attfp
7,101,0.06131028800559194,0.4720667472113196,LOG_MDR1_ER,fus_GRMS_late_attfp
0,101,0.021146200876861317,0.2059984299130281,LOG_MDR1_ER,fus_GRMS_late_lgbm
1,100,0.03432047392181496,0.2843506456351402,LOG_MDR1_ER,fus_GRMS_late_lgbm
2,101,0.044018280023309306,0.37164656051736844,LOG_MDR1_ER,fus_GRMS_late_lgbm
3,100,0.05289884895188491,0.3556610466303188,LOG_MDR1_ER,fus_GRMS_late_lgbm
4,100,0.06192670305511986,0.4855161741848817,LOG_MDR1_ER,fus_GRMS_late_lgbm
5,101,0.07232185733924679,0.4289708756305197,LOG_MDR1_ER,fus_GRMS_late_lgbm
6,100,0.08543643266607702,0.43019818915628877,LOG_MDR1_ER,fus_GRMS_late_lgbm
7,101,0.11223607783336757,0.4693138747665338,LOG_MDR1_ER,fus_GRMS_late_lgbm
0,101,0.020875650889842747,0.18970446859089213,LOG_MDR1_ER,fus_GRMS_late_rf
1,100,0.03347998934880229,0.30613222914819954,LOG_MDR1_ER,fus_GRMS_late_rf
2,101,0.04467493930294517,0.3177651663406856,LOG_MDR1_ER,fus_GRMS_late_rf
3,100,0.05469689881584322,0.4224548215822725,LOG_MDR1_ER,fus_GRMS_late_rf
4,100,0.06382671681427673,0.396694241593404,LOG_MDR1_ER,fus_GRMS_late_rf
5,101,0.07309109556955153,0.4925254280055765,LOG_MDR1_ER,fus_GRMS_late_rf
6,100,0.08659575517890053,0.4665476319348841,LOG_MDR1_ER,fus_GRMS_late_rf
7,101,0.11545025416190134,0.44155328030706836,LOG_MDR1_ER,fus_GRMS_late_rf
0,101,0.020320044270354408,0.29457931467653703,LOG_MDR1_ER,fus_GRM_early_attfp
1,100,0.030109612358082533,0.33455161077410145,LOG_MDR1_ER,fus_GRM_early_attfp
2,101,0.0365427158802554,0.3300237970608442,LOG_MDR1_ER,fus_GRM_early_attfp
3,100,0.0433096603452116,0.3855438017951394,LOG_MDR1_ER,fus_GRM_early_attfp
4,100,0.05127273722668696,0.3508482938546305,LOG_MDR1_ER,fus_GRM_early_attfp
5,101,0.06097120543544692,0.3517118806513646,LOG_MDR1_ER,fus_GRM_early_attfp
6,100,0.07566081336382123,0.393119934675293,LOG_MDR1_ER,fus_GRM_early_attfp
7,101,0.1131137185632991,0.4234367367395619,LOG_MDR1_ER,fus_GRM_early_attfp
0,101,0.013815456558780363,0.13023633396981885,LOG_MDR1_ER,fus_GRM_early_lgbm
1,100,0.026054707167942857,0.18119564071012037,LOG_MDR1_ER,fus_GRM_early_lgbm
2,101,0.03693308339853104,0.22217464694380318,LOG_MDR1_ER,fus_GRM_early_lgbm
3,100,0.04917740123174423,0.3116168920804448,LOG_MDR1_ER,fus_GRM_early_lgbm
4,100,0.06509159666910293,0.35764334343606685,LOG_MDR1_ER,fus_GRM_early_lgbm
5,101,0.08234467124194379,0.37288630278388735,LOG_MDR1_ER,fus_GRM_early_lgbm
6,100,0.10392710161133074,0.4888123210289787,LOG_MDR1_ER,fus_GRM_early_lgbm
7,101,0.14855447955707643,0.4915013945097933,LOG_MDR1_ER,fus_GRM_early_lgbm
0,101,0.011954971970961965,0.11885189105438515,LOG_MDR1_ER,fus_GRM_early_rf
1,100,0.02337445115393844,0.1747348828104388,LOG_MDR1_ER,fus_GRM_early_rf
2,101,0.034216663787846026,0.2735511831312585,LOG_MDR1_ER,fus_GRM_early_rf
3,100,0.04677440329159538,0.28210218606457854,LOG_MDR1_ER,fus_GRM_early_rf
4,100,0.06206464429441826,0.3578702011224441,LOG_MDR1_ER,fus_GRM_early_rf
5,101,0.07696353741339797,0.402885824623273,LOG_MDR1_ER,fus_GRM_early_rf
6,100,0.09616857126575021,0.4500564949477011,LOG_MDR1_ER,fus_GRM_early_rf
7,101,0.13827249501201866,0.508545550324848,LOG_MDR1_ER,fus_GRM_early_rf
0,101,0.011964826709266142,0.22698510199066046,LOG_MDR1_ER,fus_GRM_late_attfp
1,100,0.019188072635401014,0.22071439025028539,LOG_MDR1_ER,fus_GRM_late_attfp
2,101,0.0247494394145097,0.3028408974808425,LOG_MDR1_ER,fus_GRM_late_attfp
3,100,0.029052602823635306,0.29604198743127275,LOG_MDR1_ER,fus_GRM_late_attfp
4,100,0.034530383862975175,0.40490566473351075,LOG_MDR1_ER,fus_GRM_late_attfp
5,101,0.040451020283874706,0.4098967647663414,LOG_MDR1_ER,fus_GRM_late_attfp
6,100,0.047559946432229314,0.40027779227343735,LOG_MDR1_ER,fus_GRM_late_attfp
7,101,0.06182886145172787,0.4872781019476145,LOG_MDR1_ER,fus_GRM_late_attfp
0,101,0.017984372081508954,0.23703700526970856,LOG_MDR1_ER,fus_GRM_late_lgbm
1,100,0.03038407993615395,0.2596049246989161,LOG_MDR1_ER,fus_GRM_late_lgbm
2,101,0.040430191893210364,0.29199362709218835,LOG_MDR1_ER,fus_GRM_late_lgbm
3,100,0.0492548366741091,0.36561407536295154,LOG_MDR1_ER,fus_GRM_late_lgbm
4,100,0.05960933987307177,0.430867453482213,LOG_MDR1_ER,fus_GRM_late_lgbm
5,101,0.07001026193084743,0.437424784510394,LOG_MDR1_ER,fus_GRM_late_lgbm
6,100,0.08242200886280311,0.4597395416660913,LOG_MDR1_ER,fus_GRM_late_lgbm
7,101,0.10706213684850609,0.48078242815662386,LOG_MDR1_ER,fus_GRM_late_lgbm
0,101,0.02055334340824456,0.2088742452603349,LOG_MDR1_ER,fus_GRM_late_rf
1,100,0.032619789735394006,0.3039973990811159,LOG_MDR1_ER,fus_GRM_late_rf
2,101,0.04435374050634386,0.28730104635710424,LOG_MDR1_ER,fus_GRM_late_rf
3,100,0.0541194163227936,0.4319310944733361,LOG_MDR1_ER,fus_GRM_late_rf
4,100,0.06359194986627757,0.4298247354455199,LOG_MDR1_ER,fus_GRM_late_rf
5,101,0.07341017695434825,0.4799534470341093,LOG_MDR1_ER,fus_GRM_late_rf
6,100,0.08676485377112338,0.47773625477494086,LOG_MDR1_ER,fus_GRM_late_rf
7,101,0.11558783072765924,0.4182084628600522,LOG_MDR1_ER,fus_GRM_late_rf
0,101,0.020474725486396245,0.2275019992346357,LOG_MDR1_ER,fus_GRS_early_attfp
1,100,0.03194107474043526,0.23254152885521367,LOG_MDR1_ER,fus_GRS_early_attfp
2,101,0.04087032095489377,0.27375513337614926,LOG_MDR1_ER,fus_GRS_early_attfp
3,100,0.049975305473570514,0.3392895688794374,LOG_MDR1_ER,fus_GRS_early_attfp
4,100,0.06026854277132886,0.41947978372580524,LOG_MDR1_ER,fus_GRS_early_attfp
5,101,0.07385278130129562,0.44499304380169175,LOG_MDR1_ER,fus_GRS_early_attfp
6,100,0.09340739231406686,0.44180325540152593,LOG_MDR1_ER,fus_GRS_early_attfp
7,101,0.13549286692785584,0.5320713148312171,LOG_MDR1_ER,fus_GRS_early_attfp
0,101,0.015099175039320812,0.1546745752674039,LOG_MDR1_ER,fus_GRS_early_lgbm
1,100,0.027085835450605195,0.16660181515636963,LOG_MDR1_ER,fus_GRS_early_lgbm
2,101,0.03811669696537351,0.21470008933183704,LOG_MDR1_ER,fus_GRS_early_lgbm
3,100,0.050433644631096924,0.3383865005051014,LOG_MDR1_ER,fus_GRS_early_lgbm
4,100,0.06482764403242325,0.3226679273519628,LOG_MDR1_ER,fus_GRS_early_lgbm
5,101,0.08119630000441337,0.4082327019006076,LOG_MDR1_ER,fus_GRS_early_lgbm
6,100,0.10098059476720923,0.4440529771814905,LOG_MDR1_ER,fus_GRS_early_lgbm
7,101,0.14366491967040929,0.5222218037762378,LOG_MDR1_ER,fus_GRS_early_lgbm
0,101,0.013367947349625589,0.13107616635251784,LOG_MDR1_ER,fus_GRS_early_rf
1,100,0.02440455550326001,0.16003055145828696,LOG_MDR1_ER,fus_GRS_early_rf
2,101,0.03524601558307687,0.2568947073677775,LOG_MDR1_ER,fus_GRS_early_rf
3,100,0.04750003138337108,0.2945338149580858,LOG_MDR1_ER,fus_GRS_early_rf
4,100,0.06028636107304317,0.37346335529799807,LOG_MDR1_ER,fus_GRS_early_rf
5,101,0.07425115803970042,0.3849161886859452,LOG_MDR1_ER,fus_GRS_early_rf
6,100,0.09396443014317363,0.4411526339713268,LOG_MDR1_ER,fus_GRS_early_rf
7,101,0.1318125010952403,0.5386666156795,LOG_MDR1_ER,fus_GRS_early_rf
0,101,0.012652876310951888,0.18483921828850433,LOG_MDR1_ER,fus_GRS_late_attfp
1,100,0.02027553836923057,0.2034377087590877,LOG_MDR1_ER,fus_GRS_late_attfp
2,101,0.02630889889837523,0.24668484772370602,LOG_MDR1_ER,fus_GRS_late_attfp
3,100,0.031847682873751136,0.29235697988499515,LOG_MDR1_ER,fus_GRS_late_attfp
4,100,0.037669084976654076,0.35647101604377035,LOG_MDR1_ER,fus_GRS_late_attfp
5,101,0.04513146237596011,0.42387912892270785,LOG_MDR1_ER,fus_GRS_late_attfp
6,100,0.05472098034099703,0.472587219753136,LOG_MDR1_ER,fus_GRS_late_attfp
7,101,0.0726640203632872,0.4991095443667527,LOG_MDR1_ER,fus_GRS_late_attfp
0,101,0.013317270799994141,0.18037226383793656,LOG_MDR1_ER,fus_GRS_late_lgbm
1,100,0.02352480465282902,0.20122235817433784,LOG_MDR1_ER,fus_GRS_late_lgbm
2,101,0.03218766291489201,0.3080059583734414,LOG_MDR1_ER,fus_GRS_late_lgbm
3,100,0.041577778385494944,0.3332472077412185,LOG_MDR1_ER,fus_GRS_late_lgbm
4,100,0.05141226758955618,0.4440617169207298,LOG_MDR1_ER,fus_GRS_late_lgbm
5,101,0.06315574515085431,0.4392802825073598,LOG_MDR1_ER,fus_GRS_late_lgbm
6,100,0.07834181753996367,0.4557861526488475,LOG_MDR1_ER,fus_GRS_late_lgbm
7,101,0.1032880722167965,0.43915135444846404,LOG_MDR1_ER,fus_GRS_late_lgbm
0,101,0.01456568786522204,0.17883032325052844,LOG_MDR1_ER,fus_GRS_late_rf
1,100,0.025499129320414406,0.24042975847539022,LOG_MDR1_ER,fus_GRS_late_rf
2,101,0.03711416039992747,0.3082692350073194,LOG_MDR1_ER,fus_GRS_late_rf
3,100,0.04779201351929019,0.40346570877788673,LOG_MDR1_ER,fus_GRS_late_rf
4,100,0.058449244224533105,0.3869908119828461,LOG_MDR1_ER,fus_GRS_late_rf
5,101,0.07185055900693987,0.4412879472140942,LOG_MDR1_ER,fus_GRS_late_rf
6,100,0.08576790797697142,0.46411533916204234,LOG_MDR1_ER,fus_GRS_late_rf
7,101,0.11438525642276662,0.4356137339133163,LOG_MDR1_ER,fus_GRS_late_rf
0,101,0.019773531607512693,0.2517257648900519,LOG_MDR1_ER,fus_GR_early_attfp
1,100,0.030698762642072323,0.26663351895048765,LOG_MDR1_ER,fus_GR_early_attfp
2,101,0.03842646083827846,0.3418561067928673,LOG_MDR1_ER,fus_GR_early_attfp
3,100,0.04621360018663207,0.37225276475616037,LOG_MDR1_ER,fus_GR_early_attfp
4,100,0.054909715709108575,0.37048960634347566,LOG_MDR1_ER,fus_GR_early_attfp
5,101,0.06664644017175383,0.3387636326861186,LOG_MDR1_ER,fus_GR_early_attfp
6,100,0.0837772606009357,0.4112585258555103,LOG_MDR1_ER,fus_GR_early_attfp
7,101,0.12692990776791002,0.4741863325062602,LOG_MDR1_ER,fus_GR_early_attfp
0,101,0.013870879673336197,0.12410395031250832,LOG_MDR1_ER,fus_GR_early_lgbm
1,100,0.025047441567378856,0.168281609352165,LOG_MDR1_ER,fus_GR_early_lgbm
2,101,0.03671762691809799,0.2540802578291629,LOG_MDR1_ER,fus_GR_early_lgbm
3,100,0.04665315027272349,0.2929098451600504,LOG_MDR1_ER,fus_GR_early_lgbm
4,100,0.06276679610983162,0.38531663032348035,LOG_MDR1_ER,fus_GR_early_lgbm
5,101,0.07847515109714565,0.4031165532748022,LOG_MDR1_ER,fus_GR_early_lgbm
6,100,0.1007526001863567,0.4391210424924462,LOG_MDR1_ER,fus_GR_early_lgbm
7,101,0.145432503361662,0.5063180935300194,LOG_MDR1_ER,fus_GR_early_lgbm
0,101,0.012706636005581102,0.12817370658326685,LOG_MDR1_ER,fus_GR_early_rf
1,100,0.024708941117523166,0.1886906588376451,LOG_MDR1_ER,fus_GR_early_rf
2,101,0.0350156691553188,0.2522870210329477,LOG_MDR1_ER,fus_GR_early_rf
3,100,0.04745579126365,0.32434239567035095,LOG_MDR1_ER,fus_GR_early_rf
4,100,0.06250279074604392,0.27929612778234925,LOG_MDR1_ER,fus_GR_early_rf
5,101,0.07852563724532946,0.4443115435965178,LOG_MDR1_ER,fus_GR_early_rf
6,100,0.09815624297709348,0.42025605231306273,LOG_MDR1_ER,fus_GR_early_rf
7,101,0.13878528052388814,0.5280768191073023,LOG_MDR1_ER,fus_GR_early_rf
0,101,0.013603848887837075,0.171204080306989,LOG_MDR1_ER,fus_GR_late_attfp
1,100,0.021033050797637842,0.24864637416480231,LOG_MDR1_ER,fus_GR_late_attfp
2,101,0.0268401057786424,0.23580189523915843,LOG_MDR1_ER,fus_GR_late_attfp
3,100,0.03244152140944465,0.3136358571517614,LOG_MDR1_ER,fus_GR_late_attfp
4,100,0.037430854782245934,0.3397181583598384,LOG_MDR1_ER,fus_GR_late_attfp
5,101,0.04428010635112707,0.41098837943596594,LOG_MDR1_ER,fus_GR_late_attfp
6,100,0.0537876397115681,0.4839769204954992,LOG_MDR1_ER,fus_GR_late_attfp
7,101,0.07215088559405182,0.4939106100049742,LOG_MDR1_ER,fus_GR_late_attfp
0,101,0.016971317236588575,0.2007356673044439,LOG_MDR1_ER,fus_GR_late_lgbm
1,100,0.028894722462406687,0.2080789172466426,LOG_MDR1_ER,fus_GR_late_lgbm
2,101,0.03903398950804081,0.29393544205054345,LOG_MDR1_ER,fus_GR_late_lgbm
3,100,0.04999968202614599,0.41258538579985604,LOG_MDR1_ER,fus_GR_late_lgbm
4,100,0.06144828907842255,0.38608400427579964,LOG_MDR1_ER,fus_GR_late_lgbm
5,101,0.07273180918521006,0.48002608346248943,LOG_MDR1_ER,fus_GR_late_lgbm
6,100,0.08734987913335863,0.4355572531329513,LOG_MDR1_ER,fus_GR_late_lgbm
7,101,0.11582371016685668,0.4480202623567257,LOG_MDR1_ER,fus_GR_late_lgbm
0,101,0.014264138232486108,0.17367881741514277,LOG_MDR1_ER,fus_GR_late_rf
1,100,0.025164609220807696,0.2196933930029488,LOG_MDR1_ER,fus_GR_late_rf
2,101,0.0363309059608802,0.37392662093974316,LOG_MDR1_ER,fus_GR_late_rf
3,100,0.04672130853690528,0.34871468521258264,LOG_MDR1_ER,fus_GR_late_rf
4,100,0.05814935879218659,0.42593994282750236,LOG_MDR1_ER,fus_GR_late_rf
5,101,0.07046377473460815,0.4219956684063044,LOG_MDR1_ER,fus_GR_late_rf
6,100,0.08431734534032573,0.44119389366960654,LOG_MDR1_ER,fus_GR_late_rf
7,101,0.11292057711552474,0.4436006618957762,LOG_MDR1_ER,fus_GR_late_rf
0,101,0.022412518301461137,0.2930679142961193,LOG_MDR1_ER,lgbm
1,100,0.03454878691831967,0.32677308769943075,LOG_MDR1_ER,lgbm
2,101,0.04256407844457293,0.3069935570174535,LOG_MDR1_ER,lgbm
3,100,0.04962359754207128,0.3569603670741644,LOG_MDR1_ER,lgbm
4,100,0.05657342346913285,0.4217368899493729,LOG_MDR1_ER,lgbm
5,101,0.06448892064440301,0.3591411112549016,LOG_MDR1_ER,lgbm
6,100,0.07410892157840493,0.4073113095498848,LOG_MDR1_ER,lgbm
7,101,0.09797931040577451,0.49697859071758616,LOG_MDR1_ER,lgbm
0,101,0.016791451343434193,0.16337613514961227,LOG_MDR1_ER,uni_G_attfp
1,100,0.02950682952340041,0.1912915500516745,LOG_MDR1_ER,uni_G_attfp
2,101,0.03974183594115445,0.25212752667968363,LOG_MDR1_ER,uni_G_attfp
3,100,0.05136185083236716,0.33761767593265346,LOG_MDR1_ER,uni_G_attfp
4,100,0.0633991211317134,0.3031584803409709,LOG_MDR1_ER,uni_G_attfp
5,101,0.07822660730389279,0.4078567630334373,LOG_MDR1_ER,uni_G_attfp
6,100,0.09652346955618288,0.4597963994144475,LOG_MDR1_ER,uni_G_attfp
7,101,0.13163707180568587,0.47583284052572944,LOG_MDR1_ER,uni_G_attfp
0,101,0.011285468377101971,0.11550728890467502,LOG_MDR1_ER,uni_G_lgbm
1,100,0.020745660699958646,0.1827466686895139,LOG_MDR1_ER,uni_G_lgbm
2,101,0.03243398412575378,0.24888832460106228,LOG_MDR1_ER,uni_G_lgbm
3,100,0.045223119988183375,0.30330251498053906,LOG_MDR1_ER,uni_G_lgbm
4,100,0.05965344865415203,0.3621887880890099,LOG_MDR1_ER,uni_G_lgbm
5,101,0.07718694211849955,0.41961981533350656,LOG_MDR1_ER,uni_G_lgbm
6,100,0.09652755779903664,0.43885361200583817,LOG_MDR1_ER,uni_G_lgbm
7,101,0.1375135894196869,0.5067691343208481,LOG_MDR1_ER,uni_G_lgbm
0,101,0.012670813429168138,0.12864029270271862,LOG_MDR1_ER,uni_G_rf
1,100,0.023996015425603732,0.168259192645081,LOG_MDR1_ER,uni_G_rf
2,101,0.03492661204512615,0.2730601277709357,LOG_MDR1_ER,uni_G_rf
3,100,0.04719094757600853,0.26561365445150903,LOG_MDR1_ER,uni_G_rf
4,100,0.06310251325962735,0.36182068501076536,LOG_MDR1_ER,uni_G_rf
5,101,0.0784964238013959,0.42222848565609417,LOG_MDR1_ER,uni_G_rf
6,100,0.09766340662684778,0.44237416264956453,LOG_MDR1_ER,uni_G_rf
7,101,0.13848634610581473,0.5085277603901115,LOG_MDR1_ER,uni_G_rf
0,101,0.018073456137485854,0.20680709438255213,LOG_MDR1_ER,uni_M_lgbm
1,100,0.028948003653916442,0.30111377667567246,LOG_MDR1_ER,uni_M_lgbm
2,101,0.03796988122546681,0.29495836765212363,LOG_MDR1_ER,uni_M_lgbm
3,100,0.04649441573960166,0.39016490143678384,LOG_MDR1_ER,uni_M_lgbm
4,100,0.05420615925309212,0.4023533817238818,LOG_MDR1_ER,uni_M_lgbm
5,101,0.06312325577045928,0.47767691210544644,LOG_MDR1_ER,uni_M_lgbm
6,100,0.07417491509325559,0.44768386581072406,LOG_MDR1_ER,uni_M_lgbm
7,101,0.09927017727650926,0.47005155515910413,LOG_MDR1_ER,uni_M_lgbm
0,101,0.007692169574125285,0.22560424901339007,LOG_MDR1_ER,uni_M_rf
1,100,0.0139195140265952,0.31429493059065006,LOG_MDR1_ER,uni_M_rf
2,101,0.018328470614308277,0.3614963226181927,LOG_MDR1_ER,uni_M_rf
3,100,0.021778517845098117,0.4323214186054467,LOG_MDR1_ER,uni_M_rf
4,100,0.02603951034572329,0.41219244535929067,LOG_MDR1_ER,uni_M_rf
5,101,0.030474194580787324,0.4653403148187459,LOG_MDR1_ER,uni_M_rf
6,100,0.03795222028419264,0.4919783411142207,LOG_MDR1_ER,uni_M_rf
7,101,0.05364564495728016,0.46962696583019625,LOG_MDR1_ER,uni_M_rf
0,101,0.015961062582954603,0.23232159721557585,LOG_MDR1_ER,uni_R_lgbm
1,100,0.025578303176011067,0.24148888126207735,LOG_MDR1_ER,uni_R_lgbm
2,101,0.032390471517845895,0.3377370228224215,LOG_MDR1_ER,uni_R_lgbm
3,100,0.03871192073763143,0.3045736812675401,LOG_MDR1_ER,uni_R_lgbm
4,100,0.04537166061276988,0.4000203302194943,LOG_MDR1_ER,uni_R_lgbm
5,101,0.05354010488764279,0.4365676017895699,LOG_MDR1_ER,uni_R_lgbm
6,100,0.06423985898192973,0.5062645090374118,LOG_MDR1_ER,uni_R_lgbm
7,101,0.08474500305462664,0.43567982930768434,LOG_MDR1_ER,uni_R_lgbm
0,101,0.008219264686852712,0.23142788427976022,LOG_MDR1_ER,uni_R_rf
1,100,0.013555915854951427,0.31024288600715716,LOG_MDR1_ER,uni_R_rf
2,101,0.017541749376058943,0.4073251185886416,LOG_MDR1_ER,uni_R_rf
3,100,0.02097735690583692,0.39911225398770384,LOG_MDR1_ER,uni_R_rf
4,100,0.024978410854851196,0.39260950426716884,LOG_MDR1_ER,uni_R_rf
5,101,0.02996624661024401,0.4272566040032264,LOG_MDR1_ER,uni_R_rf
6,100,0.035781165544703925,0.4781000096853481,LOG_MDR1_ER,uni_R_rf
7,101,0.04735284618116576,0.4906040486409533,LOG_MDR1_ER,uni_R_rf
0,101,0.008965677092639191,0.2009351065990582,LOG_MDR1_ER,uni_S_lgbm
1,100,0.01840911048507538,0.21228853383649832,LOG_MDR1_ER,uni_S_lgbm
2,101,0.029161325523624753,0.3048249267353913,LOG_MDR1_ER,uni_S_lgbm
3,100,0.04076195460298417,0.4101072683110239,LOG_MDR1_ER,uni_S_lgbm
4,100,0.05432440076475148,0.3945829674575812,LOG_MDR1_ER,uni_S_lgbm
5,101,0.07115972326323884,0.4538915548315696,LOG_MDR1_ER,uni_S_lgbm
6,100,0.09315982405806313,0.48217479913322414,LOG_MDR1_ER,uni_S_lgbm
7,101,0.14433342095181026,0.5763660215889824,LOG_MDR1_ER,uni_S_lgbm
0,101,0.008873269331087301,0.1597728641490847,LOG_MDR1_ER,uni_S_rf
1,100,0.017808765147177892,0.21007944750873273,LOG_MDR1_ER,uni_S_rf
2,101,0.0277993839049489,0.340121728084884,LOG_MDR1_ER,uni_S_rf
3,100,0.03858594087635897,0.34484610930796683,LOG_MDR1_ER,uni_S_rf
4,100,0.0522857716141176,0.44340379815748215,LOG_MDR1_ER,uni_S_rf
5,101,0.07077335069933678,0.44690835514297644,LOG_MDR1_ER,uni_S_rf
6,100,0.09407282664998397,0.48317597210470387,LOG_MDR1_ER,uni_S_rf
7,101,0.14389266103866588,0.5889833839957657,LOG_MDR1_ER,uni_S_rf
0,116,0.022133069532155672,0.35722250508793096,LOG_RLM,chemeleon
1,115,0.03267161742722364,0.3794459439513044,LOG_RLM,chemeleon
2,115,0.03992809587990131,0.38686925404521744,LOG_RLM,chemeleon
3,115,0.047288648714387996,0.35860476117565215,LOG_RLM,chemeleon
4,115,0.05400299583959242,0.3716523188904347,LOG_RLM,chemeleon
5,115,0.06183387654908883,0.38511449568173906,LOG_RLM,chemeleon
6,115,0.07239810260976984,0.4314846931513044,LOG_RLM,chemeleon
7,116,0.10601637529695107,0.43135512621896555,LOG_RLM,chemeleon
0,116,0.01593715634592779,0.3669986470396551,LOG_RLM,chemprop
1,115,0.0243443548551568,0.4381124167269565,LOG_RLM,chemprop
2,115,0.03062808127609755,0.3875912995982609,LOG_RLM,chemprop
3,115,0.03648784296946318,0.37138804012347815,LOG_RLM,chemprop
4,115,0.04213757341399541,0.42854928685043475,LOG_RLM,chemprop
5,115,0.04962860202532291,0.42274904713043476,LOG_RLM,chemprop
6,115,0.06086294601503018,0.4367723561478261,LOG_RLM,chemprop
7,116,0.09459606639041847,0.4914264679620691,LOG_RLM,chemprop
0,116,0.017961418461260308,0.39367652727241376,LOG_RLM,chemprop_st
1,115,0.027901222101660815,0.341786575987826,LOG_RLM,chemprop_st
2,115,0.03453421663024662,0.38770345766608694,LOG_RLM,chemprop_st
3,115,0.040936901719601175,0.40900507534782604,LOG_RLM,chemprop_st
4,115,0.047468774858133646,0.45073298070434786,LOG_RLM,chemprop_st
5,115,0.05536091698316374,0.4110643610890435,LOG_RLM,chemprop_st
6,115,0.06805142497509599,0.4518862090434782,LOG_RLM,chemprop_st
7,116,0.10364355347156416,0.5176876470189655,LOG_RLM,chemprop_st
0,116,0.03662459312277377,0.39807142517305255,LOG_RLM,fus_GRMS_early_attfp
1,115,0.05245668692989402,0.4188434425383104,LOG_RLM,fus_GRMS_early_attfp
2,115,0.06166777302294681,0.41862774045217427,LOG_RLM,fus_GRMS_early_attfp
3,115,0.07083472265038497,0.46082214515198006,LOG_RLM,fus_GRMS_early_attfp
4,115,0.08169989709443694,0.4580388919166851,LOG_RLM,fus_GRMS_early_attfp
5,115,0.09349029349921863,0.4110904494127975,LOG_RLM,fus_GRMS_early_attfp
6,115,0.10910625860079845,0.5078468573179141,LOG_RLM,fus_GRMS_early_attfp
7,116,0.14942267515637986,0.4703540604978369,LOG_RLM,fus_GRMS_early_attfp
0,116,0.025933247925524597,0.2980523668363867,LOG_RLM,fus_GRMS_early_lgbm
1,115,0.04192044065100712,0.36201969130605965,LOG_RLM,fus_GRMS_early_lgbm
2,115,0.05283900046767067,0.36992231522580477,LOG_RLM,fus_GRMS_early_lgbm
3,115,0.062247103743023016,0.37381803080495624,LOG_RLM,fus_GRMS_early_lgbm
4,115,0.0721469891855855,0.41636535382826884,LOG_RLM,fus_GRMS_early_lgbm
5,115,0.08415798167538378,0.41070159558586933,LOG_RLM,fus_GRMS_early_lgbm
6,115,0.09834302161888359,0.4312582052601646,LOG_RLM,fus_GRMS_early_lgbm
7,116,0.1344741216577958,0.5058077205555898,LOG_RLM,fus_GRMS_early_lgbm
0,116,0.023521116061912175,0.3233540545033424,LOG_RLM,fus_GRMS_early_rf
1,115,0.038630295104352376,0.3203529977179221,LOG_RLM,fus_GRMS_early_rf
2,115,0.048999552927000416,0.4106459153002098,LOG_RLM,fus_GRMS_early_rf
3,115,0.05772279380101177,0.3850057442466456,LOG_RLM,fus_GRMS_early_rf
4,115,0.0674517113885183,0.3949170801313449,LOG_RLM,fus_GRMS_early_rf
5,115,0.07762544089253104,0.3953590855008988,LOG_RLM,fus_GRMS_early_rf
6,115,0.0905414462135477,0.4240331002384443,LOG_RLM,fus_GRMS_early_rf
7,116,0.12605677890425232,0.4989601698489949,LOG_RLM,fus_GRMS_early_rf
0,116,0.01809686157343856,0.3709168529157696,LOG_RLM,fus_GRMS_late_attfp
1,115,0.026604840210051193,0.3681124088454806,LOG_RLM,fus_GRMS_late_attfp
2,115,0.03232320053535409,0.42900274997259363,LOG_RLM,fus_GRMS_late_attfp
3,115,0.037097050562722216,0.39629430698953116,LOG_RLM,fus_GRMS_late_attfp
4,115,0.041702224735559346,0.42134807686471687,LOG_RLM,fus_GRMS_late_attfp
5,115,0.047060225932871284,0.4254252744577196,LOG_RLM,fus_GRMS_late_attfp
6,115,0.054638396626718044,0.41122733269339706,LOG_RLM,fus_GRMS_late_attfp
7,116,0.07190494167926656,0.4665743919263545,LOG_RLM,fus_GRMS_late_attfp
0,116,0.033140909670051025,0.41102893326953965,LOG_RLM,fus_GRMS_late_lgbm
1,115,0.04832653829003931,0.4677213284527157,LOG_RLM,fus_GRMS_late_lgbm
2,115,0.05865326065877271,0.3733565490434271,LOG_RLM,fus_GRMS_late_lgbm
3,115,0.06755855647646905,0.4237293201477358,LOG_RLM,fus_GRMS_late_lgbm
4,115,0.07742732863436635,0.43273284423145736,LOG_RLM,fus_GRMS_late_lgbm
5,115,0.0868030673172451,0.5319900391542752,LOG_RLM,fus_GRMS_late_lgbm
6,115,0.09875613167271928,0.48468319091873346,LOG_RLM,fus_GRMS_late_lgbm
7,116,0.12283535213737126,0.4780748304732623,LOG_RLM,fus_GRMS_late_lgbm
0,116,0.034601709184611563,0.4104017340546243,LOG_RLM,fus_GRMS_late_rf
1,115,0.051488229497485945,0.4407287785569149,LOG_RLM,fus_GRMS_late_rf
2,115,0.062278158058793505,0.4471187072022744,LOG_RLM,fus_GRMS_late_rf
3,115,0.07267583892785184,0.44554652120803473,LOG_RLM,fus_GRMS_late_rf
4,115,0.08219069270191016,0.44566510878386445,LOG_RLM,fus_GRMS_late_rf
5,115,0.09356280591256574,0.5111494681368038,LOG_RLM,fus_GRMS_late_rf
6,115,0.10665983990344843,0.47419042711819726,LOG_RLM,fus_GRMS_late_rf
7,116,0.1314449640173709,0.5046579709343374,LOG_RLM,fus_GRMS_late_rf
0,116,0.02850469878409216,0.3768579976057475,LOG_RLM,fus_GRM_early_attfp
1,115,0.04102112482606574,0.4035681169148703,LOG_RLM,fus_GRM_early_attfp
2,115,0.05065580280650818,0.42511864650846204,LOG_RLM,fus_GRM_early_attfp
3,115,0.05943252240003773,0.38778949064369794,LOG_RLM,fus_GRM_early_attfp
4,115,0.06829685134218648,0.3598984500652869,LOG_RLM,fus_GRM_early_attfp
5,115,0.07818621407901762,0.3356701961389872,LOG_RLM,fus_GRM_early_attfp
6,115,0.09148205172642106,0.40927980479698806,LOG_RLM,fus_GRM_early_attfp
7,116,0.13602690018716712,0.43355790076571876,LOG_RLM,fus_GRM_early_attfp
0,116,0.02366214212300665,0.34601817392694373,LOG_RLM,fus_GRM_early_lgbm
1,115,0.03664779203869964,0.3605712811186833,LOG_RLM,fus_GRM_early_lgbm
2,115,0.04571403814591034,0.3637048740144861,LOG_RLM,fus_GRM_early_lgbm
3,115,0.05430802489405023,0.34340392892784216,LOG_RLM,fus_GRM_early_lgbm
4,115,0.0628917053101336,0.3748242124251834,LOG_RLM,fus_GRM_early_lgbm
5,115,0.07463457979474818,0.41546552383721713,LOG_RLM,fus_GRM_early_lgbm
6,115,0.08975029829733502,0.46903305613348706,LOG_RLM,fus_GRM_early_lgbm
7,116,0.12833293996042552,0.47309279457290937,LOG_RLM,fus_GRM_early_lgbm
0,116,0.022848270193005945,0.3238284924499523,LOG_RLM,fus_GRM_early_rf
1,115,0.03698910134924629,0.34530922868575564,LOG_RLM,fus_GRM_early_rf
2,115,0.04650177598506866,0.3462175257158142,LOG_RLM,fus_GRM_early_rf
3,115,0.05493764712420248,0.35175449592442226,LOG_RLM,fus_GRM_early_rf
4,115,0.06469672916896958,0.44737650138574836,LOG_RLM,fus_GRM_early_rf
5,115,0.07475382831263379,0.41492542827403334,LOG_RLM,fus_GRM_early_rf
6,115,0.08922370333893516,0.43478998803281615,LOG_RLM,fus_GRM_early_rf
7,116,0.12738561495767672,0.4662041420948049,LOG_RLM,fus_GRM_early_rf
0,116,0.01830399456355749,0.3798376307590728,LOG_RLM,fus_GRM_late_attfp
1,115,0.027878589209909013,0.40083677259935546,LOG_RLM,fus_GRM_late_attfp
2,115,0.033448070265638376,0.42162492951971253,LOG_RLM,fus_GRM_late_attfp
3,115,0.038177828759915315,0.41200158610002263,LOG_RLM,fus_GRM_late_attfp
4,115,0.04298503286106449,0.3708063612603255,LOG_RLM,fus_GRM_late_attfp
5,115,0.04853819903901702,0.41677279820103336,LOG_RLM,fus_GRM_late_attfp
6,115,0.055693894933514024,0.4398430400880215,LOG_RLM,fus_GRM_late_attfp
7,116,0.07312644427738826,0.4259064551687774,LOG_RLM,fus_GRM_late_attfp
0,116,0.03243730804765161,0.4219716947384443,LOG_RLM,fus_GRM_late_lgbm
1,115,0.05018473239295591,0.4089580880246059,LOG_RLM,fus_GRM_late_lgbm
2,115,0.060911341065606625,0.4098594323162732,LOG_RLM,fus_GRM_late_lgbm
3,115,0.07053097357354607,0.4565515882357053,LOG_RLM,fus_GRM_late_lgbm
4,115,0.07990194873597904,0.4282519329515087,LOG_RLM,fus_GRM_late_lgbm
5,115,0.0893988036210577,0.4386660034030437,LOG_RLM,fus_GRM_late_lgbm
6,115,0.10192469981501566,0.4991934147699702,LOG_RLM,fus_GRM_late_lgbm
7,116,0.12724344835766654,0.5173670567801152,LOG_RLM,fus_GRM_late_lgbm
0,116,0.03471741305365738,0.41742817433905216,LOG_RLM,fus_GRM_late_rf
1,115,0.05133777052572973,0.466132120092317,LOG_RLM,fus_GRM_late_rf
2,115,0.06214151847206864,0.40370333183406704,LOG_RLM,fus_GRM_late_rf
3,115,0.07263005166740139,0.4627701964810358,LOG_RLM,fus_GRM_late_rf
4,115,0.08237792407399212,0.460891535936392,LOG_RLM,fus_GRM_late_rf
5,115,0.09346276279033738,0.4975666068900832,LOG_RLM,fus_GRM_late_rf
6,115,0.10656330362877144,0.47766462373479,LOG_RLM,fus_GRM_late_rf
7,116,0.13136135731081997,0.49188850764773223,LOG_RLM,fus_GRM_late_rf
0,116,0.03525270047598836,0.42136032512054555,LOG_RLM,fus_GRS_early_attfp
1,115,0.05012620522035165,0.3826779398356721,LOG_RLM,fus_GRS_early_attfp
2,115,0.06091431501194889,0.40770595145900096,LOG_RLM,fus_GRS_early_attfp
3,115,0.06960752328889964,0.4445510180016198,LOG_RLM,fus_GRS_early_attfp
4,115,0.07884947322245997,0.4574659820629404,LOG_RLM,fus_GRS_early_attfp
5,115,0.09020883322738062,0.4702230601957466,LOG_RLM,fus_GRS_early_attfp
6,115,0.10626880209674198,0.4722350577834009,LOG_RLM,fus_GRS_early_attfp
7,116,0.1564521707378386,0.5041777507607969,LOG_RLM,fus_GRS_early_attfp
0,116,0.026985247208585368,0.3076378631941884,LOG_RLM,fus_GRS_early_lgbm
1,115,0.04138976584021341,0.31043690452167344,LOG_RLM,fus_GRS_early_lgbm
2,115,0.051303298232725475,0.38277948052009103,LOG_RLM,fus_GRS_early_lgbm
3,115,0.06239537589584478,0.41475519885061046,LOG_RLM,fus_GRS_early_lgbm
4,115,0.07326250977118501,0.4386661173678693,LOG_RLM,fus_GRS_early_lgbm
5,115,0.08669483772853874,0.40254015653654107,LOG_RLM,fus_GRS_early_lgbm
6,115,0.10234748900951414,0.4675019030637732,LOG_RLM,fus_GRS_early_lgbm
7,116,0.1372454202529065,0.4540395367821205,LOG_RLM,fus_GRS_early_lgbm
0,116,0.02521132629394968,0.30288236903005267,LOG_RLM,fus_GRS_early_rf
1,115,0.040368811272918165,0.3400616909618032,LOG_RLM,fus_GRS_early_rf
2,115,0.04975057854417766,0.4090767590568208,LOG_RLM,fus_GRS_early_rf
3,115,0.058564913357199974,0.363750133725065,LOG_RLM,fus_GRS_early_rf
4,115,0.06746849471359785,0.36892955896233165,LOG_RLM,fus_GRS_early_rf
5,115,0.07790497454146547,0.44616394478553517,LOG_RLM,fus_GRS_early_rf
6,115,0.09086792537653855,0.4595711088018773,LOG_RLM,fus_GRS_early_rf
7,116,0.12636559168280462,0.46636833632828195,LOG_RLM,fus_GRS_early_rf
0,116,0.01986657234201035,0.40258607843145905,LOG_RLM,fus_GRS_late_attfp
1,115,0.028780858669605672,0.4055765567163017,LOG_RLM,fus_GRS_late_attfp
2,115,0.03447336163624752,0.35675175288482397,LOG_RLM,fus_GRS_late_attfp
3,115,0.04002021736362464,0.3818735690991104,LOG_RLM,fus_GRS_late_attfp
4,115,0.04551028871386119,0.39198436695743855,LOG_RLM,fus_GRS_late_attfp
5,115,0.05198158225843811,0.40804128317228794,LOG_RLM,fus_GRS_late_attfp
6,115,0.06046376915625724,0.43495098441313235,LOG_RLM,fus_GRS_late_attfp
7,116,0.07915962666644107,0.45572543975395896,LOG_RLM,fus_GRS_late_attfp
0,116,0.02003958182927981,0.3499858664036725,LOG_RLM,fus_GRS_late_lgbm
1,115,0.03564987553899664,0.4065988957612188,LOG_RLM,fus_GRS_late_lgbm
2,115,0.045129307546229555,0.42189904693944374,LOG_RLM,fus_GRS_late_lgbm
3,115,0.053741603233949706,0.4820844041833756,LOG_RLM,fus_GRS_late_lgbm
4,115,0.06176216220087792,0.4282661795593139,LOG_RLM,fus_GRS_late_lgbm
5,115,0.07006246160719988,0.40962854935566034,LOG_RLM,fus_GRS_late_lgbm
6,115,0.08174819439621453,0.39782088659582643,LOG_RLM,fus_GRS_late_lgbm
7,116,0.10470685532335881,0.48530151429135104,LOG_RLM,fus_GRS_late_lgbm
0,116,0.022315503666243162,0.3121805747374888,LOG_RLM,fus_GRS_late_rf
1,115,0.03668635665159316,0.45582351363871404,LOG_RLM,fus_GRS_late_rf
2,115,0.04662667843911447,0.46552954843611394,LOG_RLM,fus_GRS_late_rf
3,115,0.05549531886100264,0.44274987092601986,LOG_RLM,fus_GRS_late_rf
4,115,0.06462849600962592,0.4145199223040614,LOG_RLM,fus_GRS_late_rf
5,115,0.0730700131956487,0.3670416319116463,LOG_RLM,fus_GRS_late_rf
6,115,0.08483758441340282,0.4768595157975213,LOG_RLM,fus_GRS_late_rf
7,116,0.10970810547601045,0.41497711337199966,LOG_RLM,fus_GRS_late_rf
0,116,0.035248346602406506,0.3898840830292905,LOG_RLM,fus_GR_early_attfp
1,115,0.05216002303376739,0.3422158499655718,LOG_RLM,fus_GR_early_attfp
2,115,0.06460138333449342,0.3924416586581535,LOG_RLM,fus_GR_early_attfp
3,115,0.07512767105114923,0.39159635008513893,LOG_RLM,fus_GR_early_attfp
4,115,0.08646271859618539,0.3954494096737662,LOG_RLM,fus_GR_early_attfp
5,115,0.09891881457090146,0.39210557584011335,LOG_RLM,fus_GR_early_attfp
6,115,0.11513141848258142,0.37814751907854827,LOG_RLM,fus_GR_early_attfp
7,116,0.15868319986983354,0.4073409293412685,LOG_RLM,fus_GR_early_attfp
0,116,0.023610259704193882,0.3685188915315094,LOG_RLM,fus_GR_early_lgbm
1,115,0.03668888750756266,0.33134683234630397,LOG_RLM,fus_GR_early_lgbm
2,115,0.045850558065572714,0.37180226974230124,LOG_RLM,fus_GR_early_lgbm
3,115,0.05450510007597136,0.3423209434478269,LOG_RLM,fus_GR_early_lgbm
4,115,0.06346990540144236,0.3611766579210995,LOG_RLM,fus_GR_early_lgbm
5,115,0.07465833828093653,0.44255021153570934,LOG_RLM,fus_GR_early_lgbm
6,115,0.09003785220668965,0.4527798219575634,LOG_RLM,fus_GR_early_lgbm
7,116,0.12989188804954158,0.47461836890695147,LOG_RLM,fus_GR_early_lgbm
0,116,0.024145225979741697,0.3283848731166421,LOG_RLM,fus_GR_early_rf
1,115,0.03856685401423221,0.34615470631392836,LOG_RLM,fus_GR_early_rf
2,115,0.04743187147018125,0.34785863540117784,LOG_RLM,fus_GR_early_rf
3,115,0.05575478721016261,0.3795123309936883,LOG_RLM,fus_GR_early_rf
4,115,0.06620131576086137,0.4158565372656092,LOG_RLM,fus_GR_early_rf
5,115,0.0770454624869228,0.3850700737040658,LOG_RLM,fus_GR_early_rf
6,115,0.0918809959781179,0.4515609449169396,LOG_RLM,fus_GR_early_rf
7,116,0.13066425202005688,0.476454063876161,LOG_RLM,fus_GR_early_rf
0,116,0.01976229609711373,0.41099531852345106,LOG_RLM,fus_GR_late_attfp
1,115,0.028983544993576974,0.3527264868155472,LOG_RLM,fus_GR_late_attfp
2,115,0.034849070308427564,0.4103986405919115,LOG_RLM,fus_GR_late_attfp
3,115,0.04053692863176159,0.3663142751203895,LOG_RLM,fus_GR_late_attfp
4,115,0.045425464204230236,0.448893582027072,LOG_RLM,fus_GR_late_attfp
5,115,0.050550003735212054,0.4250273294832631,LOG_RLM,fus_GR_late_attfp
6,115,0.05811905787882531,0.3835674418885535,LOG_RLM,fus_GR_late_attfp
7,116,0.0776154832171806,0.40862797957376307,LOG_RLM,fus_GR_late_attfp
0,116,0.02675402442849389,0.36347349170639504,LOG_RLM,fus_GR_late_lgbm
1,115,0.04204000766757164,0.40119987344053865,LOG_RLM,fus_GR_late_lgbm
2,115,0.05213703436474697,0.4122912317278007,LOG_RLM,fus_GR_late_lgbm
3,115,0.060425436982167506,0.42079291639964417,LOG_RLM,fus_GR_late_lgbm
4,115,0.06894982382394618,0.5023124342819137,LOG_RLM,fus_GR_late_lgbm
5,115,0.07744666774838697,0.3989143396088433,LOG_RLM,fus_GR_late_lgbm
6,115,0.09100475624067567,0.44111051364281084,LOG_RLM,fus_GR_late_lgbm
7,116,0.11792847177787948,0.454322471468428,LOG_RLM,fus_GR_late_lgbm
0,116,0.025169793321142813,0.337425790061752,LOG_RLM,fus_GR_late_rf
1,115,0.04120045608452311,0.43180312165937745,LOG_RLM,fus_GR_late_rf
2,115,0.051785860178859694,0.42175445072796314,LOG_RLM,fus_GR_late_rf
3,115,0.06085636888317688,0.4292550576797338,LOG_RLM,fus_GR_late_rf
4,115,0.0691255972883843,0.46500729032284244,LOG_RLM,fus_GR_late_rf
5,115,0.07788052237022645,0.44967700264368404,LOG_RLM,fus_GR_late_rf
6,115,0.09103472656410365,0.4269164756992045,LOG_RLM,fus_GR_late_rf
7,116,0.11714922623104543,0.4504129944228618,LOG_RLM,fus_GR_late_rf
0,116,0.0264981546233469,0.47818232975389113,LOG_RLM,lgbm
1,115,0.03923947003764507,0.419888048954337,LOG_RLM,lgbm
2,115,0.04778573592023661,0.4177180429947442,LOG_RLM,lgbm
3,115,0.05465071018538865,0.4173006031052609,LOG_RLM,lgbm
4,115,0.06305190925183429,0.5010986875140749,LOG_RLM,lgbm
5,115,0.0717137684902765,0.4690080799997947,LOG_RLM,lgbm
6,115,0.08225452450473533,0.486513175310177,LOG_RLM,lgbm
7,116,0.10452102799781597,0.457108424611714,LOG_RLM,lgbm
0,116,0.028276704227277107,0.35901234431423473,LOG_RLM,uni_G_attfp
1,115,0.042221609643320814,0.33622983251283056,LOG_RLM,uni_G_attfp
2,115,0.0502511703768368,0.4444603686015434,LOG_RLM,uni_G_attfp
3,115,0.05741707590172979,0.3603693886617066,LOG_RLM,uni_G_attfp
4,115,0.06556027116593827,0.3711205664564758,LOG_RLM,uni_G_attfp
5,115,0.07518054402354479,0.382774220846797,LOG_RLM,uni_G_attfp
6,115,0.09065150834953943,0.43274877136808276,LOG_RLM,uni_G_attfp
7,116,0.13174666875241975,0.46410172043354636,LOG_RLM,uni_G_attfp
0,116,0.023266419008061347,0.3513552595935712,LOG_RLM,uni_G_lgbm
1,115,0.03680378749492746,0.34526359978691945,LOG_RLM,uni_G_lgbm
2,115,0.046185400504795124,0.3628337132455138,LOG_RLM,uni_G_lgbm
3,115,0.054896405403299556,0.35621482452993436,LOG_RLM,uni_G_lgbm
4,115,0.06450655697041888,0.39504680485188504,LOG_RLM,uni_G_lgbm
5,115,0.07548797826298972,0.406880079436486,LOG_RLM,uni_G_lgbm
6,115,0.09158214861832209,0.46256928302475087,LOG_RLM,uni_G_lgbm
7,116,0.13054839891233347,0.46647916867842837,LOG_RLM,uni_G_lgbm
0,116,0.02372690403077207,0.3330497088216032,LOG_RLM,uni_G_rf
1,115,0.038192141009200535,0.30956247377565826,LOG_RLM,uni_G_rf
2,115,0.04755565880459086,0.36263254228175756,LOG_RLM,uni_G_rf
3,115,0.055576183603906294,0.4157528869297526,LOG_RLM,uni_G_rf
4,115,0.06609715114867562,0.4206917333394937,LOG_RLM,uni_G_rf
5,115,0.07674361770606257,0.39530026190730877,LOG_RLM,uni_G_rf
6,115,0.09148711571633317,0.43498456946185254,LOG_RLM,uni_G_rf
7,116,0.13018037461927318,0.46050177458719826,LOG_RLM,uni_G_rf
0,116,0.030512872519568208,0.4582419100328429,LOG_RLM,uni_M_lgbm
1,115,0.043901725795499176,0.4513698431680066,LOG_RLM,uni_M_lgbm
2,115,0.05311406782372261,0.419928281753646,LOG_RLM,uni_M_lgbm
3,115,0.061956226554942616,0.465047934302794,LOG_RLM,uni_M_lgbm
4,115,0.07034917629441852,0.45437142743069353,LOG_RLM,uni_M_lgbm
5,115,0.07879794676866848,0.49375864903623573,LOG_RLM,uni_M_lgbm
6,115,0.08970237363170035,0.46885180778132723,LOG_RLM,uni_M_lgbm
7,116,0.1110594273967144,0.4892261593650932,LOG_RLM,uni_M_lgbm
0,116,0.0110817822919745,0.4636583773622181,LOG_RLM,uni_M_rf
1,115,0.016822505407643063,0.5465967737035402,LOG_RLM,uni_M_rf
2,115,0.02026917506128437,0.5540319592623165,LOG_RLM,uni_M_rf
3,115,0.023522461919313863,0.48545230772313946,LOG_RLM,uni_M_rf
4,115,0.026892974298866824,0.46646389557341417,LOG_RLM,uni_M_rf
5,115,0.030755049522122654,0.5086177270808401,LOG_RLM,uni_M_rf
6,115,0.03528883110253214,0.47919928918965493,LOG_RLM,uni_M_rf
7,116,0.04763614255269073,0.5053952029448076,LOG_RLM,uni_M_rf
0,116,0.022861931389857558,0.35632850697701635,LOG_RLM,uni_R_lgbm
1,115,0.032910476147275165,0.43345666734670363,LOG_RLM,uni_R_lgbm
2,115,0.03958228719811845,0.4721461447486157,LOG_RLM,uni_R_lgbm
3,115,0.04564998620410694,0.4425707472243236,LOG_RLM,uni_R_lgbm
4,115,0.05157789967240582,0.3949641461395123,LOG_RLM,uni_R_lgbm
5,115,0.0582498328215379,0.46676306465664674,LOG_RLM,uni_R_lgbm
6,115,0.06742691141086234,0.4487701619700619,LOG_RLM,uni_R_lgbm
7,116,0.08667331047949371,0.44750231382918837,LOG_RLM,uni_R_lgbm
0,116,0.012713516432922116,0.4905894976117448,LOG_RLM,uni_R_rf
1,115,0.019744137078040187,0.504511941806894,LOG_RLM,uni_R_rf
2,115,0.024034287899771082,0.4674082437328523,LOG_RLM,uni_R_rf
3,115,0.028151856308208552,0.4243646910596835,LOG_RLM,uni_R_rf
4,115,0.03218203689179177,0.44335731129401906,LOG_RLM,uni_R_rf
5,115,0.03714631896062405,0.4141831765527774,LOG_RLM,uni_R_rf
6,115,0.04347470028928233,0.4441775613489565,LOG_RLM,uni_R_rf
7,116,0.05946056512058101,0.46144931401143624,LOG_RLM,uni_R_rf
0,116,0.03020109224500547,0.39479984435567894,LOG_RLM,uni_S_lgbm
1,115,0.04719929748495969,0.44222311291439426,LOG_RLM,uni_S_lgbm
2,115,0.05855037402787542,0.42558888739779316,LOG_RLM,uni_S_lgbm
3,115,0.06927123162614042,0.5066747425457064,LOG_RLM,uni_S_lgbm
4,115,0.0811099974199517,0.4343295892595385,LOG_RLM,uni_S_lgbm
5,115,0.0960079577471473,0.48051273218729856,LOG_RLM,uni_S_lgbm
6,115,0.11396766341840858,0.4884826980296293,LOG_RLM,uni_S_lgbm
7,116,0.15638817616455133,0.5264352472976409,LOG_RLM,uni_S_lgbm
0,116,0.028213068177063535,0.41152253683526363,LOG_RLM,uni_S_rf
1,115,0.04314359783593855,0.4378916689408516,LOG_RLM,uni_S_rf
2,115,0.05415727569970846,0.4072897764957051,LOG_RLM,uni_S_rf
3,115,0.0638948856778353,0.46297411943182537,LOG_RLM,uni_S_rf
4,115,0.07431295770407222,0.4528711212674191,LOG_RLM,uni_S_rf
5,115,0.08646872617737515,0.4746755214168559,LOG_RLM,uni_S_rf
6,115,0.10410300739068563,0.487052202519224,LOG_RLM,uni_S_rf
7,116,0.14667296671756985,0.5492726805794917,LOG_RLM,uni_S_rf
0,8,0.02014647108788461,0.6619458158975,LOG_RPPB,chemeleon
1,7,0.029750664504765413,0.6362114075142857,LOG_RPPB,chemeleon
2,7,0.03803033059237515,0.5171130030114286,LOG_RPPB,chemeleon
3,8,0.0462474392873688,0.2643981777174999,LOG_RPPB,chemeleon
4,7,0.0525147740209014,0.36282124242,LOG_RPPB,chemeleon
5,7,0.05765768479692801,0.6939506748245715,LOG_RPPB,chemeleon
6,7,0.07375547695375065,0.4041863671085714,LOG_RPPB,chemeleon
7,8,0.11176168416069442,0.6955522822284999,LOG_RPPB,chemeleon
0,8,0.02172342319411323,0.48126030219999993,LOG_RPPB,chemprop
1,7,0.03494503728213792,0.7611820409377145,LOG_RPPB,chemprop
2,7,0.038295021623501964,0.5978532931428572,LOG_RPPB,chemprop
3,8,0.042683983264496766,0.44430122352,LOG_RPPB,chemprop
4,7,0.04882637385374202,0.47663208798571427,LOG_RPPB,chemprop
5,7,0.057119496318986766,0.55675720448,LOG_RPPB,chemprop
6,7,0.07254477521579135,0.4741296663520001,LOG_RPPB,chemprop
7,8,0.10355134841092958,0.700536358987,LOG_RPPB,chemprop
0,8,0.009961496344361644,0.43423834245000004,LOG_RPPB,chemprop_st
1,7,0.02039355104969125,0.5990916233142857,LOG_RPPB,chemprop_st
2,7,0.02830320079982979,0.6307140306571429,LOG_RPPB,chemprop_st
3,8,0.035520142193659,0.956352433225,LOG_RPPB,chemprop_st
4,7,0.04162887857009117,0.6775209130571429,LOG_RPPB,chemprop_st
5,7,0.05214111440777991,0.45770165354285713,LOG_RPPB,chemprop_st
6,7,0.06260724502746008,0.6882693665142857,LOG_RPPB,chemprop_st
7,8,0.08717946949908753,0.5346069689591499,LOG_RPPB,chemprop_st
0,8,0.0643418317536045,0.7778874398860359,LOG_RPPB,fus_GRMS_early_attfp
1,7,0.08131600116757554,0.35593167958958416,LOG_RPPB,fus_GRMS_early_attfp
2,7,0.09860501190365686,0.3538669347905469,LOG_RPPB,fus_GRMS_early_attfp
3,8,0.11205659774180564,0.5181542999059218,LOG_RPPB,fus_GRMS_early_attfp
4,7,0.12832791906770805,0.28172777406587785,LOG_RPPB,fus_GRMS_early_attfp
5,7,0.14796375137283563,0.5924961733061946,LOG_RPPB,fus_GRMS_early_attfp
6,7,0.16952710596724274,0.4210077071899375,LOG_RPPB,fus_GRMS_early_attfp
7,8,0.20957540843991307,0.6151275307301686,LOG_RPPB,fus_GRMS_early_attfp
0,8,0.03738365412714308,0.1374197710518387,LOG_RPPB,fus_GRMS_early_lgbm
1,7,0.05089945769117331,0.5161499394802908,LOG_RPPB,fus_GRMS_early_lgbm
2,7,0.06748494601632352,0.6873758885851974,LOG_RPPB,fus_GRMS_early_lgbm
3,8,0.07298524419604405,0.6266298084399416,LOG_RPPB,fus_GRMS_early_lgbm
4,7,0.08274416076884965,0.4462905887258429,LOG_RPPB,fus_GRMS_early_lgbm
5,7,0.09570302945517925,0.3899375347921696,LOG_RPPB,fus_GRMS_early_lgbm
6,7,0.10824001732104226,0.6370360927607901,LOG_RPPB,fus_GRMS_early_lgbm
7,8,0.14759145354389336,1.0004399418747698,LOG_RPPB,fus_GRMS_early_lgbm
0,8,0.02026219250612563,0.49723150442377617,LOG_RPPB,fus_GRMS_early_rf
1,7,0.029688086803710233,0.19622513224939478,LOG_RPPB,fus_GRMS_early_rf
2,7,0.034862335743046584,0.4305051715978411,LOG_RPPB,fus_GRMS_early_rf
3,8,0.04264863558218542,0.5453546965480581,LOG_RPPB,fus_GRMS_early_rf
4,7,0.04923050283021037,0.47072179681124177,LOG_RPPB,fus_GRMS_early_rf
5,7,0.05410013273810214,0.7115133244304691,LOG_RPPB,fus_GRMS_early_rf
6,7,0.060978876866431254,0.815113402414676,LOG_RPPB,fus_GRMS_early_rf
7,8,0.08619560913610815,0.9328980395559309,LOG_RPPB,fus_GRMS_early_rf
0,8,0.02214367504754121,0.4288601239245283,LOG_RPPB,fus_GRMS_late_attfp
1,7,0.037140933132744754,0.6625564169834295,LOG_RPPB,fus_GRMS_late_attfp
2,7,0.044935358421458446,0.25394509314353414,LOG_RPPB,fus_GRMS_late_attfp
3,8,0.05042676085217562,0.5931462053044153,LOG_RPPB,fus_GRMS_late_attfp
4,7,0.05766390695456324,0.5624922697659596,LOG_RPPB,fus_GRMS_late_attfp
5,7,0.06445642502832882,0.6144472640226396,LOG_RPPB,fus_GRMS_late_attfp
6,7,0.07191622505984775,0.6883100981611994,LOG_RPPB,fus_GRMS_late_attfp
7,8,0.08751034640014715,0.6833443267579208,LOG_RPPB,fus_GRMS_late_attfp
0,8,0.04023262341665616,0.537931790936867,LOG_RPPB,fus_GRMS_late_lgbm
1,7,0.05773720154084126,0.7891795360472761,LOG_RPPB,fus_GRMS_late_lgbm
2,7,0.07101530372418893,0.3853159933192825,LOG_RPPB,fus_GRMS_late_lgbm
3,8,0.08595996791043709,0.3337460000709256,LOG_RPPB,fus_GRMS_late_lgbm
4,7,0.0971503827576703,0.6647115204944285,LOG_RPPB,fus_GRMS_late_lgbm
5,7,0.11103289714769149,0.4942521870470564,LOG_RPPB,fus_GRMS_late_lgbm
6,7,0.13663607269910719,0.6948948389005606,LOG_RPPB,fus_GRMS_late_lgbm
7,8,0.16316091669823363,0.9326117958644928,LOG_RPPB,fus_GRMS_late_lgbm
0,8,0.032515268853422215,0.33374245091533966,LOG_RPPB,fus_GRMS_late_rf
1,7,0.05286792249662374,0.6230857940930098,LOG_RPPB,fus_GRMS_late_rf
2,7,0.06323338145105503,0.4908007567658733,LOG_RPPB,fus_GRMS_late_rf
3,8,0.07147179250869332,0.5970034483566034,LOG_RPPB,fus_GRMS_late_rf
4,7,0.08238096906202785,0.5375928429662045,LOG_RPPB,fus_GRMS_late_rf
5,7,0.09205895121172807,0.6947322305371417,LOG_RPPB,fus_GRMS_late_rf
6,7,0.10710453112260396,0.6688266066791125,LOG_RPPB,fus_GRMS_late_rf
7,8,0.12265435011777721,0.9168282993782627,LOG_RPPB,fus_GRMS_late_rf
0,8,0.060116502132331016,0.39333896211345765,LOG_RPPB,fus_GRM_early_attfp
1,7,0.08704424341855908,0.4684089539187898,LOG_RPPB,fus_GRM_early_attfp
2,7,0.09835059114893177,0.37622349587630793,LOG_RPPB,fus_GRM_early_attfp
3,8,0.10717617945468565,0.48790235252689235,LOG_RPPB,fus_GRM_early_attfp
4,7,0.12294927192769742,0.6261573227275203,LOG_RPPB,fus_GRM_early_attfp
5,7,0.14401042778099454,0.6260676746173638,LOG_RPPB,fus_GRM_early_attfp
6,7,0.1574645394063884,0.561972038667956,LOG_RPPB,fus_GRM_early_attfp
7,8,0.19494599662859102,0.5597286872418318,LOG_RPPB,fus_GRM_early_attfp
0,8,0.037385140428771724,0.2218660396189506,LOG_RPPB,fus_GRM_early_lgbm
1,7,0.054543404136863906,0.5483960941687754,LOG_RPPB,fus_GRM_early_lgbm
2,7,0.06433504385188864,0.33938704558469807,LOG_RPPB,fus_GRM_early_lgbm
3,8,0.08266359263819245,0.5418481343797924,LOG_RPPB,fus_GRM_early_lgbm
4,7,0.09407159694426566,0.6540021796972344,LOG_RPPB,fus_GRM_early_lgbm
5,7,0.10867171133660035,1.060820352677598,LOG_RPPB,fus_GRM_early_lgbm
6,7,0.11976335185172568,0.3860635379015706,LOG_RPPB,fus_GRM_early_lgbm
7,8,0.1642284561608104,0.7592388008486569,LOG_RPPB,fus_GRM_early_lgbm
0,8,0.018799981748395898,0.4825371687851056,LOG_RPPB,fus_GRM_early_rf
1,7,0.028549254627415126,0.41270620386484186,LOG_RPPB,fus_GRM_early_rf
2,7,0.03366673442001402,0.20947555196140075,LOG_RPPB,fus_GRM_early_rf
3,8,0.041547622571637174,0.44544273893344644,LOG_RPPB,fus_GRM_early_rf
4,7,0.05370170712616346,0.7040515762110136,LOG_RPPB,fus_GRM_early_rf
5,7,0.06019279565488145,0.6870206672652017,LOG_RPPB,fus_GRM_early_rf
6,7,0.06381724181249489,0.8447176951510097,LOG_RPPB,fus_GRM_early_rf
7,8,0.07564718125338515,0.8840884011677193,LOG_RPPB,fus_GRM_early_rf
0,8,0.0232272504578988,0.4783976862444954,LOG_RPPB,fus_GRM_late_attfp
1,7,0.035458078789029214,0.6020262196523424,LOG_RPPB,fus_GRM_late_attfp
2,7,0.0457211320702131,0.5321537686586572,LOG_RPPB,fus_GRM_late_attfp
3,8,0.053247039546023264,0.5375105074368992,LOG_RPPB,fus_GRM_late_attfp
4,7,0.06072007912905981,0.6692170484765091,LOG_RPPB,fus_GRM_late_attfp
5,7,0.07258729479069059,0.6863496506872725,LOG_RPPB,fus_GRM_late_attfp
6,7,0.08442574292834464,0.35227492699348745,LOG_RPPB,fus_GRM_late_attfp
7,8,0.10869035616529968,0.7270834341425395,LOG_RPPB,fus_GRM_late_attfp
0,8,0.03327705884373519,0.2156751048287883,LOG_RPPB,fus_GRM_late_lgbm
1,7,0.05105874241593671,0.37901858125852567,LOG_RPPB,fus_GRM_late_lgbm
2,7,0.0642221383601741,1.1080176046086245,LOG_RPPB,fus_GRM_late_lgbm
3,8,0.08064088061641844,0.529980651477939,LOG_RPPB,fus_GRM_late_lgbm
4,7,0.10059051804841342,0.4561846576900447,LOG_RPPB,fus_GRM_late_lgbm
5,7,0.11522410800488989,0.7537072890393343,LOG_RPPB,fus_GRM_late_lgbm
6,7,0.12614252415883614,0.8397809674867537,LOG_RPPB,fus_GRM_late_lgbm
7,8,0.1654159476699503,0.5718672649989878,LOG_RPPB,fus_GRM_late_lgbm
0,8,0.03248198299852435,0.3328828050596041,LOG_RPPB,fus_GRM_late_rf
1,7,0.05379229772914391,0.6370860249084013,LOG_RPPB,fus_GRM_late_rf
2,7,0.06251474785239293,0.5345212038610363,LOG_RPPB,fus_GRM_late_rf
3,8,0.07512765080669008,0.5551611723910594,LOG_RPPB,fus_GRM_late_rf
4,8,0.08642460525135534,0.2975210233803268,LOG_RPPB,fus_GRM_late_rf
5,6,0.09425129791801452,1.0375128468829018,LOG_RPPB,fus_GRM_late_rf
6,7,0.10691049467980003,0.7011348232550793,LOG_RPPB,fus_GRM_late_rf
7,8,0.12306040963801675,0.8866906520003682,LOG_RPPB,fus_GRM_late_rf
0,8,0.03831222346495817,0.41131444207292994,LOG_RPPB,fus_GRS_early_attfp
1,7,0.06269446033144387,0.42290595646051177,LOG_RPPB,fus_GRS_early_attfp
2,7,0.07992655386558555,0.32927856643557085,LOG_RPPB,fus_GRS_early_attfp
3,8,0.09012722920239734,0.791606192752049,LOG_RPPB,fus_GRS_early_attfp
4,7,0.10674209835410861,0.7349496765502526,LOG_RPPB,fus_GRS_early_attfp
5,7,0.12783079058987262,0.34470060819021153,LOG_RPPB,fus_GRS_early_attfp
6,7,0.14677020640428545,0.2044059941494181,LOG_RPPB,fus_GRS_early_attfp
7,8,0.19036879940324405,0.6653595163234491,LOG_RPPB,fus_GRS_early_attfp
0,8,0.04151115788240135,0.5649453710704783,LOG_RPPB,fus_GRS_early_lgbm
1,7,0.05821604423964811,0.2394477485530581,LOG_RPPB,fus_GRS_early_lgbm
2,7,0.06609937115523058,0.4683470888353637,LOG_RPPB,fus_GRS_early_lgbm
3,8,0.07790322126411009,0.269627384613851,LOG_RPPB,fus_GRS_early_lgbm
4,7,0.09622850813088998,0.31566902364753296,LOG_RPPB,fus_GRS_early_lgbm
5,7,0.10907388002602549,0.4037919198300453,LOG_RPPB,fus_GRS_early_lgbm
6,7,0.11782150879389126,0.95209642892246,LOG_RPPB,fus_GRS_early_lgbm
7,8,0.16011538468132108,0.9412481232125688,LOG_RPPB,fus_GRS_early_lgbm
0,8,0.02196497211241715,0.33705393967668307,LOG_RPPB,fus_GRS_early_rf
1,7,0.03599651774471553,0.4834075794508688,LOG_RPPB,fus_GRS_early_rf
2,7,0.041884741790748525,0.43128253673543915,LOG_RPPB,fus_GRS_early_rf
3,8,0.049421241823073385,0.7149451993635478,LOG_RPPB,fus_GRS_early_rf
4,7,0.05650063267557936,0.6361737080393047,LOG_RPPB,fus_GRS_early_rf
5,7,0.06360217720216134,0.6073948774933372,LOG_RPPB,fus_GRS_early_rf
6,7,0.07316171016118513,0.6187659892059519,LOG_RPPB,fus_GRS_early_rf
7,8,0.10437133016790953,0.729796463904335,LOG_RPPB,fus_GRS_early_rf
0,8,0.029412497441796668,0.5388122722227,LOG_RPPB,fus_GRS_late_attfp
1,7,0.037927442722788425,0.4060762953451227,LOG_RPPB,fus_GRS_late_attfp
2,7,0.04191514219982787,0.40410316514882144,LOG_RPPB,fus_GRS_late_attfp
3,8,0.04597911179652935,0.7211994406990472,LOG_RPPB,fus_GRS_late_attfp
4,7,0.050438721725221215,0.7168836926982877,LOG_RPPB,fus_GRS_late_attfp
5,7,0.05577613107493442,0.8151597227376175,LOG_RPPB,fus_GRS_late_attfp
6,7,0.06238468875233478,0.5857420331687198,LOG_RPPB,fus_GRS_late_attfp
7,8,0.08338566302248984,0.3339537673762546,LOG_RPPB,fus_GRS_late_attfp
0,8,0.03049337904456073,0.5910448806748692,LOG_RPPB,fus_GRS_late_lgbm
1,7,0.044114812339288774,0.331827713126141,LOG_RPPB,fus_GRS_late_lgbm
2,7,0.06146857684614942,0.34996608471255974,LOG_RPPB,fus_GRS_late_lgbm
3,8,0.07305565838937698,0.4238105560155766,LOG_RPPB,fus_GRS_late_lgbm
4,7,0.08369906247245877,0.4146725427570446,LOG_RPPB,fus_GRS_late_lgbm
5,7,0.09957269353002902,1.1659142573056591,LOG_RPPB,fus_GRS_late_lgbm
6,7,0.1188992034426959,0.40330121775936056,LOG_RPPB,fus_GRS_late_lgbm
7,8,0.14943075894049895,0.6330223033043262,LOG_RPPB,fus_GRS_late_lgbm
0,8,0.027787105025909756,0.401209624495633,LOG_RPPB,fus_GRS_late_rf
1,7,0.0383052329942472,0.5186927229077437,LOG_RPPB,fus_GRS_late_rf
2,7,0.04566712433683934,0.26783034017534885,LOG_RPPB,fus_GRS_late_rf
3,8,0.055783132986816406,0.6029190638470101,LOG_RPPB,fus_GRS_late_rf
4,7,0.06526548713671755,0.6179691428364051,LOG_RPPB,fus_GRS_late_rf
5,7,0.07348634180764758,0.6390938825842444,LOG_RPPB,fus_GRS_late_rf
6,7,0.08412564573092234,0.6585904922909533,LOG_RPPB,fus_GRS_late_rf
7,8,0.10122874804135987,0.6056640609359416,LOG_RPPB,fus_GRS_late_rf
0,8,0.05264244875130037,0.3702658629309392,LOG_RPPB,fus_GR_early_attfp
1,7,0.08943699223227537,0.4269103564610561,LOG_RPPB,fus_GR_early_attfp
2,7,0.10481061462051444,0.27473280991046856,LOG_RPPB,fus_GR_early_attfp
3,8,0.11292313613347157,0.47901435075514665,LOG_RPPB,fus_GR_early_attfp
4,7,0.12979997369984766,0.6543260115954546,LOG_RPPB,fus_GR_early_attfp
5,7,0.1480290862165034,0.3206559981424662,LOG_RPPB,fus_GR_early_attfp
6,7,0.17499072808218422,0.5454303139785658,LOG_RPPB,fus_GR_early_attfp
7,8,0.2226114759626991,0.8206617291234982,LOG_RPPB,fus_GR_early_attfp
0,8,0.022577148566509456,0.30756288189612513,LOG_RPPB,fus_GR_early_lgbm
1,7,0.035263124512098544,0.31448745767049646,LOG_RPPB,fus_GR_early_lgbm
2,7,0.047663809182070464,0.3847500593378648,LOG_RPPB,fus_GR_early_lgbm
3,8,0.057003418295525785,0.4383688284321725,LOG_RPPB,fus_GR_early_lgbm
4,7,0.06556923576263826,0.4687799783704597,LOG_RPPB,fus_GR_early_lgbm
5,7,0.07441460909125117,0.7830844590857841,LOG_RPPB,fus_GR_early_lgbm
6,7,0.08289791682318995,0.832581953959561,LOG_RPPB,fus_GR_early_lgbm
7,8,0.10520256439819152,0.7824454745899753,LOG_RPPB,fus_GR_early_lgbm
0,8,0.024850783735140484,0.31196140704112824,LOG_RPPB,fus_GR_early_rf
1,7,0.03734434481747057,0.3001423278713383,LOG_RPPB,fus_GR_early_rf
2,7,0.04104223284650203,0.515027113910303,LOG_RPPB,fus_GR_early_rf
3,8,0.04893803803880427,0.7898911519745109,LOG_RPPB,fus_GR_early_rf
4,7,0.05734401310373615,0.7528087989947486,LOG_RPPB,fus_GR_early_rf
5,7,0.06682782562688014,0.6355604963497358,LOG_RPPB,fus_GR_early_rf
6,7,0.07826006566850231,0.9102772935172505,LOG_RPPB,fus_GR_early_rf
7,8,0.09946499006842423,0.5685146876477271,LOG_RPPB,fus_GR_early_rf
0,8,0.03193098227011496,0.33220955197466473,LOG_RPPB,fus_GR_late_attfp
1,7,0.04322515969516654,0.39683332810200717,LOG_RPPB,fus_GR_late_attfp
2,7,0.049877175086378754,0.6402374560802684,LOG_RPPB,fus_GR_late_attfp
3,8,0.05723612074464632,0.6695411603483468,LOG_RPPB,fus_GR_late_attfp
4,7,0.061417506144066325,0.46423957454438425,LOG_RPPB,fus_GR_late_attfp
5,7,0.06663710901872591,0.8167329149323709,LOG_RPPB,fus_GR_late_attfp
6,7,0.07504386317695866,0.5532445324025467,LOG_RPPB,fus_GR_late_attfp
7,8,0.10216953134965351,0.7384733930744225,LOG_RPPB,fus_GR_late_attfp
0,8,0.02538952846604259,0.4073864240768048,LOG_RPPB,fus_GR_late_lgbm
1,7,0.0383042533226724,0.4525047754940297,LOG_RPPB,fus_GR_late_lgbm
2,7,0.04901173364045408,0.4046761217085143,LOG_RPPB,fus_GR_late_lgbm
3,9,0.06939565141607143,0.5000048793277291,LOG_RPPB,fus_GR_late_lgbm
4,6,0.07660604868233177,0.7477078272879535,LOG_RPPB,fus_GR_late_lgbm
5,7,0.08790606198611993,0.3786772979415544,LOG_RPPB,fus_GR_late_lgbm
6,7,0.10884853592515753,0.7453123865563641,LOG_RPPB,fus_GR_late_lgbm
7,8,0.14353075822607503,0.6680437409211215,LOG_RPPB,fus_GR_late_lgbm
0,8,0.02462518918972236,0.6209927254050028,LOG_RPPB,fus_GR_late_rf
1,7,0.03776255855500781,0.4287972073701181,LOG_RPPB,fus_GR_late_rf
2,7,0.04768352017199069,0.3142786970157368,LOG_RPPB,fus_GR_late_rf
3,8,0.05332530271274023,0.617613155956943,LOG_RPPB,fus_GR_late_rf
4,7,0.06030416510455505,0.6457419402600103,LOG_RPPB,fus_GR_late_rf
5,7,0.0693455921847339,0.4896893569300569,LOG_RPPB,fus_GR_late_rf
6,7,0.08362615012745334,0.38190002784745763,LOG_RPPB,fus_GR_late_rf
7,8,0.10482636382063351,0.6929367996449938,LOG_RPPB,fus_GR_late_rf
0,8,0.0451931326380691,0.28579842666375455,LOG_RPPB,lgbm
1,7,0.0667450940565203,0.534195784280001,LOG_RPPB,lgbm
2,7,0.0781630724072416,0.5996336461935595,LOG_RPPB,lgbm
3,9,0.08910465322727319,0.5271446630813288,LOG_RPPB,lgbm
4,6,0.09811881180674291,0.3092215914513765,LOG_RPPB,lgbm
5,7,0.10669968084987816,0.2824018187456334,LOG_RPPB,lgbm
6,7,0.11790760061907055,0.9798673169014052,LOG_RPPB,lgbm
7,8,0.13234221593072065,0.6831313272230375,LOG_RPPB,lgbm
0,8,0.02098391672912201,0.2793059498499766,LOG_RPPB,uni_G_attfp
1,7,0.027859696344959845,0.5721835551093808,LOG_RPPB,uni_G_attfp
2,7,0.038303260560883526,0.8504249524778064,LOG_RPPB,uni_G_attfp
3,8,0.04550360525688636,0.749501773180622,LOG_RPPB,uni_G_attfp
4,7,0.048373752683745885,0.7625801439131493,LOG_RPPB,uni_G_attfp
5,7,0.053268040306523934,0.39489364237910335,LOG_RPPB,uni_G_attfp
6,7,0.06578603514319924,0.49886875820487425,LOG_RPPB,uni_G_attfp
7,8,0.08492853141602745,0.5889320596700858,LOG_RPPB,uni_G_attfp
0,8,0.03318017336610328,0.3627078042083978,LOG_RPPB,uni_G_lgbm
1,7,0.05819581957876648,0.6925514339998239,LOG_RPPB,uni_G_lgbm
2,7,0.07525602234479997,0.6040443233948639,LOG_RPPB,uni_G_lgbm
3,8,0.0837318323726938,0.5905716389852984,LOG_RPPB,uni_G_lgbm
4,7,0.08948221827215773,0.6976921300599263,LOG_RPPB,uni_G_lgbm
5,7,0.10348267577354706,0.8874595145676744,LOG_RPPB,uni_G_lgbm
6,7,0.11623910591643134,0.6760794072366624,LOG_RPPB,uni_G_lgbm
7,8,0.14008219454916532,0.5586041799405295,LOG_RPPB,uni_G_lgbm
0,8,0.04087548651782019,0.48293445644838795,LOG_RPPB,uni_G_rf
1,7,0.05694179382263061,0.5985860487373389,LOG_RPPB,uni_G_rf
2,7,0.06725775087651323,0.5553271742031042,LOG_RPPB,uni_G_rf
3,8,0.07545910604761105,0.4221020259165211,LOG_RPPB,uni_G_rf
4,7,0.09068854559590185,0.7015526592869501,LOG_RPPB,uni_G_rf
5,7,0.10959755865965283,0.6486494100486555,LOG_RPPB,uni_G_rf
6,7,0.132555813210998,0.6223416990550846,LOG_RPPB,uni_G_rf
7,8,0.19516785143625054,1.113681946679098,LOG_RPPB,uni_G_rf
0,8,0.03249821064071895,0.3825713607477722,LOG_RPPB,uni_M_lgbm
1,7,0.04783519359606384,0.43675762275781477,LOG_RPPB,uni_M_lgbm
2,7,0.0599187079564711,0.6393546037299226,LOG_RPPB,uni_M_lgbm
3,8,0.06810784110012687,0.6381588285018973,LOG_RPPB,uni_M_lgbm
4,7,0.07531818694124548,0.377859995093094,LOG_RPPB,uni_M_lgbm
5,7,0.08194784775390708,0.7397442603602871,LOG_RPPB,uni_M_lgbm
6,7,0.0954338099906833,0.9251841929541014,LOG_RPPB,uni_M_lgbm
7,8,0.11745094041462922,0.6574083939685065,LOG_RPPB,uni_M_lgbm
0,8,0.0116804389132426,0.5488077835504437,LOG_RPPB,uni_M_rf
1,7,0.018156381391443106,0.4366123712689336,LOG_RPPB,uni_M_rf
2,7,0.024129595300463224,0.27707250530453437,LOG_RPPB,uni_M_rf
3,8,0.027532263420224284,0.709631152126835,LOG_RPPB,uni_M_rf
4,7,0.030528598910178586,0.6754022018006035,LOG_RPPB,uni_M_rf
5,7,0.034752949232321355,0.6165928988947115,LOG_RPPB,uni_M_rf
6,8,0.042038160867917944,0.5023974298676326,LOG_RPPB,uni_M_rf
7,7,0.050600275837344263,0.8633754477605334,LOG_RPPB,uni_M_rf
0,8,0.024764810443616267,0.491236805080573,LOG_RPPB,uni_R_lgbm
1,7,0.031053164803102506,0.489527931121337,LOG_RPPB,uni_R_lgbm
2,7,0.03544248771210431,0.35880444795736743,LOG_RPPB,uni_R_lgbm
3,8,0.039801492451742575,0.44131965242491866,LOG_RPPB,uni_R_lgbm
4,7,0.04265431835132273,0.43617392345192263,LOG_RPPB,uni_R_lgbm
5,7,0.04867165004077234,0.9379167899345108,LOG_RPPB,uni_R_lgbm
6,7,0.05789779277119182,0.7303103338680254,LOG_RPPB,uni_R_lgbm
7,8,0.07137451678265269,0.35415339200206597,LOG_RPPB,uni_R_lgbm
0,8,0.02286722774484416,0.4016534769095549,LOG_RPPB,uni_R_rf
1,7,0.03529831540165036,0.5276138299219124,LOG_RPPB,uni_R_rf
2,7,0.04400069499200372,0.8587029416872805,LOG_RPPB,uni_R_rf
3,8,0.0485545519259094,0.6805999500147706,LOG_RPPB,uni_R_rf
4,7,0.055346356844784776,0.5233268270993987,LOG_RPPB,uni_R_rf
5,7,0.06426656133797093,0.31884574827908957,LOG_RPPB,uni_R_rf
6,7,0.07279156104132656,0.33804157741408364,LOG_RPPB,uni_R_rf
7,8,0.08838071230436687,0.39291567558655266,LOG_RPPB,uni_R_rf
0,8,0.07028107820238158,0.34442771839446285,LOG_RPPB,uni_S_lgbm
1,7,0.09597198777869549,0.8195093081942894,LOG_RPPB,uni_S_lgbm
2,7,0.11238406125078636,0.6986959973504528,LOG_RPPB,uni_S_lgbm
3,8,0.12456256555978962,0.660970574172927,LOG_RPPB,uni_S_lgbm
4,7,0.1434002951113866,0.6770119175134198,LOG_RPPB,uni_S_lgbm
5,7,0.15970135018662215,0.6474894960064412,LOG_RPPB,uni_S_lgbm
6,7,0.18053167181800087,0.8132330747766607,LOG_RPPB,uni_S_lgbm
7,8,0.23324089668213957,0.658530967744741,LOG_RPPB,uni_S_lgbm
0,8,0.03174180153841887,0.5742052712777528,LOG_RPPB,uni_S_rf
1,7,0.041626642034819375,0.628695478349745,LOG_RPPB,uni_S_rf
2,7,0.054837076328575284,0.46959775973785395,LOG_RPPB,uni_S_rf
3,8,0.06813302369058825,0.5480369852678104,LOG_RPPB,uni_S_rf
4,7,0.07633103912136217,0.8833293024666581,LOG_RPPB,uni_S_rf
5,7,0.09457208550339548,0.9057492763848375,LOG_RPPB,uni_S_rf
6,7,0.12481926798314723,0.6844889193833279,LOG_RPPB,uni_S_rf
7,8,0.16212226306272653,0.5333589363833604,LOG_RPPB,uni_S_rf
0,84,0.012605655014407937,0.1376170385595238,LOG_SOL,chemeleon
1,84,0.019422938099777548,0.14606505524761906,LOG_SOL,chemeleon
2,84,0.025282201337286467,0.14983982513333335,LOG_SOL,chemeleon
3,84,0.03257897403208724,0.27329297178809525,LOG_SOL,chemeleon
4,84,0.04228951976042995,0.40546867886571436,LOG_SOL,chemeleon
5,84,0.055858999514050274,0.4364728743973809,LOG_SOL,chemeleon
6,84,0.07601483291726972,0.6753231351822049,LOG_SOL,chemeleon
7,84,0.11583300030566901,0.6408583018445715,LOG_SOL,chemeleon
0,84,0.009582206847392588,0.15569961628571433,LOG_SOL,chemprop
1,84,0.01461080883206134,0.18872532590714286,LOG_SOL,chemprop
2,84,0.01941252946663911,0.19474385961428567,LOG_SOL,chemprop
3,84,0.02516292831366531,0.32401866001690477,LOG_SOL,chemprop
4,84,0.03276765133167069,0.43102689430761904,LOG_SOL,chemprop
5,84,0.04285001249936851,0.5421217300649047,LOG_SOL,chemprop
6,84,0.05644173962860145,0.5767663397327286,LOG_SOL,chemprop
7,84,0.08783020181743836,0.610923375878,LOG_SOL,chemprop
0,84,0.00886671758972624,0.1689273391166666,LOG_SOL,chemprop_st
1,84,0.013523139073079766,0.19767514374523804,LOG_SOL,chemprop_st
2,84,0.017210226493628085,0.15555182071428572,LOG_SOL,chemprop_st
3,84,0.02287408661542157,0.33233613528095246,LOG_SOL,chemprop_st
4,84,0.03260511688491748,0.41067177221519036,LOG_SOL,chemprop_st
5,84,0.04593696396082909,0.5258141223605237,LOG_SOL,chemprop_st
6,84,0.06014187952736648,0.5546062899624619,LOG_SOL,chemprop_st
7,84,0.0929932779584795,0.6475943952455951,LOG_SOL,chemprop_st
0,84,0.024465150019725136,0.2734182005643332,LOG_SOL,fus_GRMS_early_attfp
1,84,0.036021303691210455,0.309016903201971,LOG_SOL,fus_GRMS_early_attfp
2,84,0.04489143100047212,0.3238917843113556,LOG_SOL,fus_GRMS_early_attfp
3,84,0.05444996678072282,0.3134155141181025,LOG_SOL,fus_GRMS_early_attfp
4,84,0.06216102227583827,0.34669778079880875,LOG_SOL,fus_GRMS_early_attfp
5,84,0.07251403242489268,0.4439692510972165,LOG_SOL,fus_GRMS_early_attfp
6,84,0.0887365875427782,0.5192197530177579,LOG_SOL,fus_GRMS_early_attfp
7,84,0.13531700833079552,0.6748290872191687,LOG_SOL,fus_GRMS_early_attfp
0,84,0.005980425301752127,0.1199737456374124,LOG_SOL,fus_GRMS_early_lgbm
1,84,0.010273015545061685,0.1727290383141533,LOG_SOL,fus_GRMS_early_lgbm
2,84,0.01645545811722484,0.18727434479033864,LOG_SOL,fus_GRMS_early_lgbm
3,84,0.02634264935504488,0.20470902887590572,LOG_SOL,fus_GRMS_early_lgbm
4,84,0.04189122041645462,0.3518997241320232,LOG_SOL,fus_GRMS_early_lgbm
5,84,0.06134177860414403,0.4441653894720111,LOG_SOL,fus_GRMS_early_lgbm
6,84,0.09352137797370406,0.6165336822216451,LOG_SOL,fus_GRMS_early_lgbm
7,84,0.15745176219580434,0.6910100110001318,LOG_SOL,fus_GRMS_early_lgbm
0,84,0.0065195956048016476,0.09359389062583742,LOG_SOL,fus_GRMS_early_rf
1,84,0.01132386366224782,0.15032345888470264,LOG_SOL,fus_GRMS_early_rf
2,84,0.017188032824936573,0.17693647818695052,LOG_SOL,fus_GRMS_early_rf
3,84,0.027170094023770224,0.1800027370678336,LOG_SOL,fus_GRMS_early_rf
4,84,0.04123839663297562,0.39217314186328867,LOG_SOL,fus_GRMS_early_rf
5,84,0.06042372182557011,0.40798008991831863,LOG_SOL,fus_GRMS_early_rf
6,84,0.09056150694319268,0.6494877318575493,LOG_SOL,fus_GRMS_early_rf
7,84,0.14958941289984654,0.6531047320513634,LOG_SOL,fus_GRMS_early_rf
0,84,0.012772343037094994,0.16148279302542187,LOG_SOL,fus_GRMS_late_attfp
1,84,0.019340600205318685,0.2193141748008792,LOG_SOL,fus_GRMS_late_attfp
2,84,0.024661710980883884,0.23967083885273147,LOG_SOL,fus_GRMS_late_attfp
3,84,0.030003926043418193,0.23909689553378333,LOG_SOL,fus_GRMS_late_attfp
4,84,0.03592664080343702,0.35345620055010896,LOG_SOL,fus_GRMS_late_attfp
5,84,0.04499213816145496,0.4499151831862137,LOG_SOL,fus_GRMS_late_attfp
6,84,0.05634145726388976,0.5790322600274861,LOG_SOL,fus_GRMS_late_attfp
7,84,0.08210396123742231,0.6755667781207133,LOG_SOL,fus_GRMS_late_attfp
0,84,0.02266731971718547,0.1584173950210722,LOG_SOL,fus_GRMS_late_lgbm
1,84,0.03483652040344793,0.24056716431690361,LOG_SOL,fus_GRMS_late_lgbm
2,84,0.043639146905710434,0.3150603551278348,LOG_SOL,fus_GRMS_late_lgbm
3,84,0.05462187048035118,0.34594306583636286,LOG_SOL,fus_GRMS_late_lgbm
4,84,0.06613423359075617,0.4527650597170639,LOG_SOL,fus_GRMS_late_lgbm
5,84,0.07909238895202975,0.4994423103334868,LOG_SOL,fus_GRMS_late_lgbm
6,84,0.09548947927258215,0.5537623677226398,LOG_SOL,fus_GRMS_late_lgbm
7,84,0.13378201851161242,0.6040146406657989,LOG_SOL,fus_GRMS_late_lgbm
0,84,0.022583836288737037,0.15104460881597337,LOG_SOL,fus_GRMS_late_rf
1,84,0.03470385817957679,0.25387545419757296,LOG_SOL,fus_GRMS_late_rf
2,84,0.04344089651019191,0.32570921455980056,LOG_SOL,fus_GRMS_late_rf
3,84,0.05459913655117455,0.36123824291501067,LOG_SOL,fus_GRMS_late_rf
4,84,0.0659058552563956,0.3997817360633866,LOG_SOL,fus_GRMS_late_rf
5,84,0.07721996467921505,0.5749803495740085,LOG_SOL,fus_GRMS_late_rf
6,84,0.09290863494359645,0.48257645783725955,LOG_SOL,fus_GRMS_late_rf
7,84,0.13040479356897078,0.6092425602024901,LOG_SOL,fus_GRMS_late_rf
0,84,0.024348311677723434,0.3473826820132621,LOG_SOL,fus_GRM_early_attfp
1,84,0.03394081882440451,0.3129676284401143,LOG_SOL,fus_GRM_early_attfp
2,84,0.040181471775125516,0.37382046385044126,LOG_SOL,fus_GRM_early_attfp
3,84,0.045738367013260506,0.36632868970723953,LOG_SOL,fus_GRM_early_attfp
4,84,0.052204077928337776,0.3600861106611835,LOG_SOL,fus_GRM_early_attfp
5,84,0.05976687736692054,0.3981420657182061,LOG_SOL,fus_GRM_early_attfp
6,84,0.07111354579280246,0.4605100432507048,LOG_SOL,fus_GRM_early_attfp
7,84,0.10424509480415985,0.5927292822367385,LOG_SOL,fus_GRM_early_attfp
0,84,0.0071731970347262575,0.11390637718237137,LOG_SOL,fus_GRM_early_lgbm
1,84,0.013241465634086482,0.12089098548142443,LOG_SOL,fus_GRM_early_lgbm
2,84,0.02038601308865964,0.1610366827517928,LOG_SOL,fus_GRM_early_lgbm
3,84,0.03161237382213744,0.2091335621888978,LOG_SOL,fus_GRM_early_lgbm
4,84,0.047259521981377894,0.36156688456009045,LOG_SOL,fus_GRM_early_lgbm
5,84,0.06737195200334531,0.46667307208327297,LOG_SOL,fus_GRM_early_lgbm
6,84,0.09672645075905499,0.6000721850117701,LOG_SOL,fus_GRM_early_lgbm
7,84,0.1626373764483112,0.6711101338384672,LOG_SOL,fus_GRM_early_lgbm
0,84,0.005506344113801224,0.11385551869866797,LOG_SOL,fus_GRM_early_rf
1,84,0.010060581141229274,0.14963900251463755,LOG_SOL,fus_GRM_early_rf
2,84,0.016335182572041723,0.19016123618840952,LOG_SOL,fus_GRM_early_rf
3,84,0.025522624735390777,0.21695202172157732,LOG_SOL,fus_GRM_early_rf
4,84,0.0397014801494502,0.34768518175944274,LOG_SOL,fus_GRM_early_rf
5,84,0.05957511344633727,0.4319723597641539,LOG_SOL,fus_GRM_early_rf
6,84,0.0920069192229124,0.6320593544574827,LOG_SOL,fus_GRM_early_rf
7,84,0.1548996149295643,0.6699752970602415,LOG_SOL,fus_GRM_early_rf
0,84,0.013711202340193301,0.20647439227368528,LOG_SOL,fus_GRM_late_attfp
1,84,0.021470502334050418,0.19001426414007966,LOG_SOL,fus_GRM_late_attfp
2,84,0.02698496925940787,0.2526332070846828,LOG_SOL,fus_GRM_late_attfp
3,84,0.03238764943983966,0.25080984553759855,LOG_SOL,fus_GRM_late_attfp
4,84,0.03766752354351658,0.31205385913719885,LOG_SOL,fus_GRM_late_attfp
5,84,0.044697198533249924,0.5137787516736863,LOG_SOL,fus_GRM_late_attfp
6,84,0.05562595152954392,0.5855854348221186,LOG_SOL,fus_GRM_late_attfp
7,84,0.0824027796265896,0.6276670890695921,LOG_SOL,fus_GRM_late_attfp
0,84,0.020469521205160074,0.17650579075206504,LOG_SOL,fus_GRM_late_lgbm
1,84,0.03230544930110265,0.2108975068461784,LOG_SOL,fus_GRM_late_lgbm
2,84,0.04039614161601165,0.252403056475332,LOG_SOL,fus_GRM_late_lgbm
3,84,0.050976634442354084,0.3605267131261616,LOG_SOL,fus_GRM_late_lgbm
4,84,0.06215871527557151,0.45947650036472,LOG_SOL,fus_GRM_late_lgbm
5,84,0.0730972096019281,0.5076438612662068,LOG_SOL,fus_GRM_late_lgbm
6,84,0.09136217226051092,0.5456557415108798,LOG_SOL,fus_GRM_late_lgbm
7,84,0.13103808558556512,0.6057671613887983,LOG_SOL,fus_GRM_late_lgbm
0,84,0.022979962013257145,0.14798447447504592,LOG_SOL,fus_GRM_late_rf
1,84,0.03511373508201413,0.2759762825041826,LOG_SOL,fus_GRM_late_rf
2,84,0.04342947637571394,0.2889557675965601,LOG_SOL,fus_GRM_late_rf
3,84,0.05477286637963267,0.3816283377737215,LOG_SOL,fus_GRM_late_rf
4,84,0.0661488648343628,0.4412771726315383,LOG_SOL,fus_GRM_late_rf
5,84,0.077278214550406,0.5370760610729659,LOG_SOL,fus_GRM_late_rf
6,84,0.09241768060701847,0.48359401995778173,LOG_SOL,fus_GRM_late_rf
7,84,0.13003649712246215,0.6046965903870714,LOG_SOL,fus_GRM_late_rf
0,84,0.028938752830224058,0.2653759717386054,LOG_SOL,fus_GRS_early_attfp
1,84,0.04165931081515841,0.21958937612371782,LOG_SOL,fus_GRS_early_attfp
2,84,0.05026909582100229,0.26434288984526066,LOG_SOL,fus_GRS_early_attfp
3,84,0.058511952316454424,0.290697496432147,LOG_SOL,fus_GRS_early_attfp
4,84,0.06757756321881592,0.36516534013001156,LOG_SOL,fus_GRS_early_attfp
5,84,0.08228537760762629,0.4237047738196323,LOG_SOL,fus_GRS_early_attfp
6,84,0.10325792900112066,0.5731404013268614,LOG_SOL,fus_GRS_early_attfp
7,84,0.1616816739914068,0.7357296852740411,LOG_SOL,fus_GRS_early_attfp
0,84,0.006439661911508188,0.12022078517861443,LOG_SOL,fus_GRS_early_lgbm
1,84,0.010256158234267353,0.15676891065344525,LOG_SOL,fus_GRS_early_lgbm
2,84,0.01689589656223317,0.19551621668576752,LOG_SOL,fus_GRS_early_lgbm
3,84,0.02644245308443991,0.2312710452843323,LOG_SOL,fus_GRS_early_lgbm
4,84,0.041679157817083326,0.32192233421075833,LOG_SOL,fus_GRS_early_lgbm
5,84,0.06155905305199722,0.45086256567050437,LOG_SOL,fus_GRS_early_lgbm
6,84,0.09620163758205377,0.6137976849009007,LOG_SOL,fus_GRS_early_lgbm
7,84,0.15576616535871715,0.6943975304815749,LOG_SOL,fus_GRS_early_lgbm
0,84,0.006130099067694931,0.10980122708155658,LOG_SOL,fus_GRS_early_rf
1,84,0.010643970618070106,0.14912193956245537,LOG_SOL,fus_GRS_early_rf
2,84,0.016524789938764262,0.19110337447343959,LOG_SOL,fus_GRS_early_rf
3,84,0.026066579101953896,0.23578849549566647,LOG_SOL,fus_GRS_early_rf
4,84,0.03976013039563055,0.29318327083555956,LOG_SOL,fus_GRS_early_rf
5,84,0.05785170739896676,0.474496505097535,LOG_SOL,fus_GRS_early_rf
6,84,0.08963274427614874,0.6267822608444147,LOG_SOL,fus_GRS_early_rf
7,84,0.15046906221385573,0.6677847084370345,LOG_SOL,fus_GRS_early_rf
0,84,0.015058929601702617,0.20101099521878846,LOG_SOL,fus_GRS_late_attfp
1,84,0.023237030571817394,0.25648444095981165,LOG_SOL,fus_GRS_late_attfp
2,84,0.028966472922126486,0.17134759848553102,LOG_SOL,fus_GRS_late_attfp
3,84,0.03500639458652447,0.23194699934432433,LOG_SOL,fus_GRS_late_attfp
4,84,0.042367537045663935,0.3190481218139762,LOG_SOL,fus_GRS_late_attfp
5,84,0.052028283510177076,0.5077459660878891,LOG_SOL,fus_GRS_late_attfp
6,84,0.06686008111859058,0.5583982515835718,LOG_SOL,fus_GRS_late_attfp
7,84,0.10654819405995873,0.6461598013432603,LOG_SOL,fus_GRS_late_attfp
0,84,0.005420414760913694,0.1322970494591585,LOG_SOL,fus_GRS_late_lgbm
1,84,0.010110955063213082,0.15837591895980307,LOG_SOL,fus_GRS_late_lgbm
2,84,0.016019733750925018,0.17676012411194733,LOG_SOL,fus_GRS_late_lgbm
3,84,0.024693434568214136,0.21297077325333844,LOG_SOL,fus_GRS_late_lgbm
4,84,0.039432364550371614,0.37742029612949135,LOG_SOL,fus_GRS_late_lgbm
5,84,0.062291903969627006,0.44732688885676464,LOG_SOL,fus_GRS_late_lgbm
6,84,0.1002037890600884,0.6737374115486184,LOG_SOL,fus_GRS_late_lgbm
7,84,0.16216798124636408,0.7132879017008523,LOG_SOL,fus_GRS_late_lgbm
0,84,0.008282668939420893,0.11796733836672146,LOG_SOL,fus_GRS_late_rf
1,84,0.013379570318297705,0.15970536882199188,LOG_SOL,fus_GRS_late_rf
2,84,0.018612003669297293,0.2101115688560806,LOG_SOL,fus_GRS_late_rf
3,84,0.026945024209439623,0.2290224556743982,LOG_SOL,fus_GRS_late_rf
4,84,0.04228766249449935,0.28383439466545757,LOG_SOL,fus_GRS_late_rf
5,84,0.06545480786755174,0.4490600620213511,LOG_SOL,fus_GRS_late_rf
6,84,0.10459025436951669,0.7415999055640121,LOG_SOL,fus_GRS_late_rf
7,84,0.17036253314822963,0.678096846311964,LOG_SOL,fus_GRS_late_rf
0,84,0.020122232691771196,0.2950287300923152,LOG_SOL,fus_GR_early_attfp
1,84,0.02935144735024893,0.2717311417231171,LOG_SOL,fus_GR_early_attfp
2,84,0.03575517936730962,0.34483905425636674,LOG_SOL,fus_GR_early_attfp
3,84,0.04216062380912844,0.34021641950099013,LOG_SOL,fus_GR_early_attfp
4,84,0.05043584944750136,0.33093702498745636,LOG_SOL,fus_GR_early_attfp
5,84,0.059428315657557705,0.42076781582594064,LOG_SOL,fus_GR_early_attfp
6,84,0.07170644467028241,0.5394165906415161,LOG_SOL,fus_GR_early_attfp
7,84,0.11107806389010441,0.6205591472277875,LOG_SOL,fus_GR_early_attfp
0,84,0.006773656593790147,0.1334694435993098,LOG_SOL,fus_GR_early_lgbm
1,84,0.010943984227295051,0.14434932231200404,LOG_SOL,fus_GR_early_lgbm
2,84,0.01700548093085143,0.18555010701813235,LOG_SOL,fus_GR_early_lgbm
3,84,0.026630112651082477,0.22489967286358342,LOG_SOL,fus_GR_early_lgbm
4,84,0.04229906411759715,0.3703261887846712,LOG_SOL,fus_GR_early_lgbm
5,84,0.06296282271159537,0.44877396805559366,LOG_SOL,fus_GR_early_lgbm
6,84,0.09337073144427832,0.641509100581807,LOG_SOL,fus_GR_early_lgbm
7,84,0.15658587286122055,0.6433362016163431,LOG_SOL,fus_GR_early_lgbm
0,84,0.006142310343480768,0.11058017683132311,LOG_SOL,fus_GR_early_rf
1,84,0.011041519790077066,0.1599015762109904,LOG_SOL,fus_GR_early_rf
2,84,0.01731172480042171,0.18528866417336382,LOG_SOL,fus_GR_early_rf
3,84,0.02722213220334006,0.22258117700116936,LOG_SOL,fus_GR_early_rf
4,84,0.04168911950089332,0.34200533699605473,LOG_SOL,fus_GR_early_rf
5,84,0.06129674241884081,0.44075078950950797,LOG_SOL,fus_GR_early_rf
6,84,0.09246262024269046,0.6185110998969181,LOG_SOL,fus_GR_early_rf
7,84,0.15517422904745007,0.670142594871449,LOG_SOL,fus_GR_early_rf
0,84,0.014257445805363185,0.18220374171541776,LOG_SOL,fus_GR_late_attfp
1,84,0.021848382308912347,0.24269197256004366,LOG_SOL,fus_GR_late_attfp
2,84,0.027757655372285625,0.196135116615739,LOG_SOL,fus_GR_late_attfp
3,84,0.03399843872591982,0.28621229389385466,LOG_SOL,fus_GR_late_attfp
4,84,0.04272566810680873,0.37380066003612406,LOG_SOL,fus_GR_late_attfp
5,84,0.051906001608116925,0.437290207670552,LOG_SOL,fus_GR_late_attfp
6,84,0.06667709610946801,0.5577099829951967,LOG_SOL,fus_GR_late_attfp
7,84,0.10193994290678585,0.6354697818222838,LOG_SOL,fus_GR_late_attfp
0,84,0.010001254934227214,0.13945654197098,LOG_SOL,fus_GR_late_lgbm
1,84,0.01681164080771272,0.16601226272080544,LOG_SOL,fus_GR_late_lgbm
2,84,0.023247068438507466,0.2017621972530506,LOG_SOL,fus_GR_late_lgbm
3,84,0.03095705435578085,0.19563628412349546,LOG_SOL,fus_GR_late_lgbm
4,84,0.04424102905510874,0.296536085461142,LOG_SOL,fus_GR_late_lgbm
5,84,0.06634896059220513,0.5251363750744789,LOG_SOL,fus_GR_late_lgbm
6,84,0.10510472985521131,0.6576580232270088,LOG_SOL,fus_GR_late_lgbm
7,84,0.1756236352361658,0.6676540883538922,LOG_SOL,fus_GR_late_lgbm
0,84,0.008062429955858338,0.1486407054241047,LOG_SOL,fus_GR_late_rf
1,84,0.012582607492073208,0.14651626825727299,LOG_SOL,fus_GR_late_rf
2,84,0.017249772341969987,0.19241818600039098,LOG_SOL,fus_GR_late_rf
3,84,0.02507760285581815,0.22778232310930113,LOG_SOL,fus_GR_late_rf
4,84,0.038998837035928394,0.3158970514634977,LOG_SOL,fus_GR_late_rf
5,84,0.059937790364990896,0.4699449394933927,LOG_SOL,fus_GR_late_rf
6,84,0.09518256789561573,0.6557199048662414,LOG_SOL,fus_GR_late_rf
7,84,0.15736876442182313,0.6955084640308888,LOG_SOL,fus_GR_late_rf
0,84,0.022291853470692142,0.2658280427901766,LOG_SOL,lgbm
1,84,0.033591752773176116,0.2972375885134407,LOG_SOL,lgbm
2,84,0.041777459639662506,0.2594618137719006,LOG_SOL,lgbm
3,84,0.049032501316727546,0.33789401843596006,LOG_SOL,lgbm
4,84,0.058633609638615705,0.4493786608797806,LOG_SOL,lgbm
5,84,0.06836837964328663,0.4381951466490197,LOG_SOL,lgbm
6,84,0.08369232291882814,0.5677405073708507,LOG_SOL,lgbm
7,84,0.11421432968338315,0.5381531055239117,LOG_SOL,lgbm
0,84,0.018748047063579416,0.17198625443002016,LOG_SOL,uni_G_attfp
1,84,0.027733764365373854,0.206938344226114,LOG_SOL,uni_G_attfp
2,84,0.034123034588012524,0.19317078995930817,LOG_SOL,uni_G_attfp
3,84,0.041190217063853736,0.2483945943656091,LOG_SOL,uni_G_attfp
4,84,0.052229189777738536,0.3310613836340882,LOG_SOL,uni_G_attfp
5,84,0.06719744196766865,0.4019144987787733,LOG_SOL,uni_G_attfp
6,84,0.09013301593173695,0.6400419343834087,LOG_SOL,uni_G_attfp
7,84,0.15150907407766226,0.6426745969439771,LOG_SOL,uni_G_attfp
0,84,0.006448788707149618,0.11807804948239577,LOG_SOL,uni_G_lgbm
1,84,0.011231126262619276,0.17357898407732947,LOG_SOL,uni_G_lgbm
2,84,0.017676212750874394,0.18107025588897213,LOG_SOL,uni_G_lgbm
3,84,0.028270158504019288,0.22611866277181628,LOG_SOL,uni_G_lgbm
4,84,0.04420166072528542,0.3486645704030035,LOG_SOL,uni_G_lgbm
5,84,0.06533245859158096,0.509950386920914,LOG_SOL,uni_G_lgbm
6,84,0.09508523420591372,0.5589487045430966,LOG_SOL,uni_G_lgbm
7,84,0.1590915812962268,0.6727782181810413,LOG_SOL,uni_G_lgbm
0,84,0.007733552515060537,0.12051345094944982,LOG_SOL,uni_G_rf
1,84,0.01293095145192656,0.1500395633644398,LOG_SOL,uni_G_rf
2,84,0.01931429004079081,0.18670841952092831,LOG_SOL,uni_G_rf
3,84,0.028624162168871467,0.2313536396450194,LOG_SOL,uni_G_rf
4,84,0.042606904996203156,0.3601577314863801,LOG_SOL,uni_G_rf
5,84,0.06272842976262408,0.3980042610337471,LOG_SOL,uni_G_rf
6,84,0.0949191478981322,0.6357541750880104,LOG_SOL,uni_G_rf
7,84,0.1575818960578287,0.6725442889587768,LOG_SOL,uni_G_rf
0,84,0.01940102206265748,0.15991348871495722,LOG_SOL,uni_M_lgbm
1,84,0.02991762418250314,0.2142983232156599,LOG_SOL,uni_M_lgbm
2,84,0.037293134190986656,0.3448655003122211,LOG_SOL,uni_M_lgbm
3,84,0.047363979439609016,0.30655541403596437,LOG_SOL,uni_M_lgbm
4,84,0.05799470803124142,0.44895394057262167,LOG_SOL,uni_M_lgbm
5,84,0.06856876923696725,0.5429972031850003,LOG_SOL,uni_M_lgbm
6,84,0.08197658278731071,0.5297118264542655,LOG_SOL,uni_M_lgbm
7,84,0.11608310356158343,0.5856634745306551,LOG_SOL,uni_M_lgbm
0,84,0.00500043590642484,0.14975596294749507,LOG_SOL,uni_M_rf
1,84,0.008637229882699746,0.25431393082804804,LOG_SOL,uni_M_rf
2,84,0.011619932975856284,0.2426151046379096,LOG_SOL,uni_M_rf
3,84,0.014415970527297914,0.44897454922969837,LOG_SOL,uni_M_rf
4,84,0.01808941797586739,0.4432418528629209,LOG_SOL,uni_M_rf
5,84,0.02189544342141351,0.5524485898958517,LOG_SOL,uni_M_rf
6,84,0.027750025109158766,0.600403859157842,LOG_SOL,uni_M_rf
7,84,0.042639727824133236,0.6518388607141672,LOG_SOL,uni_M_rf
0,84,0.012426380180569028,0.19297683867486304,LOG_SOL,uni_R_lgbm
1,84,0.021430877597919493,0.20083713546740767,LOG_SOL,uni_R_lgbm
2,84,0.027956091925874765,0.2539576149160346,LOG_SOL,uni_R_lgbm
3,84,0.0338613312998092,0.3242029980577466,LOG_SOL,uni_R_lgbm
4,84,0.041248643215156124,0.37113816976845654,LOG_SOL,uni_R_lgbm
5,84,0.05043643181637677,0.5163754918679228,LOG_SOL,uni_R_lgbm
6,84,0.06366677613587675,0.5724260418009743,LOG_SOL,uni_R_lgbm
7,84,0.09366591429494225,0.7380949749613366,LOG_SOL,uni_R_lgbm
0,84,0.005552052874514716,0.15614179822791346,LOG_SOL,uni_R_rf
1,84,0.009817076531598514,0.22652701561325825,LOG_SOL,uni_R_rf
2,84,0.013860248195715604,0.253186379437693,LOG_SOL,uni_R_rf
3,84,0.017883893356617393,0.37907467473496215,LOG_SOL,uni_R_rf
4,84,0.023131629832875922,0.4161521031417279,LOG_SOL,uni_R_rf
5,84,0.029620313083082238,0.48903859929988175,LOG_SOL,uni_R_rf
6,84,0.03750530002557311,0.6988327234692815,LOG_SOL,uni_R_rf
7,84,0.054446972733489384,0.6285958945622694,LOG_SOL,uni_R_rf
0,84,0.005667897266018068,0.1724575208344534,LOG_SOL,uni_S_lgbm
1,84,0.010826366336306452,0.1756876809990271,LOG_SOL,uni_S_lgbm
2,84,0.018979532129927187,0.2647513681550544,LOG_SOL,uni_S_lgbm
3,84,0.02760317180376633,0.3401205006915826,LOG_SOL,uni_S_lgbm
4,84,0.04074320063721437,0.3921703461456052,LOG_SOL,uni_S_lgbm
5,84,0.05769419514664603,0.5899964913249761,LOG_SOL,uni_S_lgbm
6,84,0.08298359250496798,0.636690423543294,LOG_SOL,uni_S_lgbm
7,84,0.1469815958662227,0.6906966525837798,LOG_SOL,uni_S_lgbm
0,84,0.004506719368485752,0.17216744170580026,LOG_SOL,uni_S_rf
1,84,0.008346156613595434,0.19334529427593528,LOG_SOL,uni_S_rf
2,84,0.015344800592041715,0.20713493588223064,LOG_SOL,uni_S_rf
3,84,0.024930391019860193,0.3075569932080893,LOG_SOL,uni_S_rf
4,84,0.036929008874693824,0.4292994164580898,LOG_SOL,uni_S_rf
5,84,0.05509723022717893,0.5639177382406926,LOG_SOL,uni_S_rf
6,84,0.07962819258160735,0.6855034135023698,LOG_SOL,uni_S_rf
7,84,0.14345249106772653,0.6806052802290805,LOG_SOL,uni_S_rf
