task,dimension,model,dataset,split,fold,seed,val_mae,val_rmse,val_r2,test_mae,test_rmse,test_r2,test_pearson_r,test_spearman_r,config,gap,objective_with_penalty,test_mse,train_mae,train_mse,train_pearson_r,train_r2,train_rmse,train_spearman_r,val_mse,val_pearson_r,val_spearman_r
regressor,2d,gnn,279,scaffold,5,42,0.6668584942817688,0.8546659630776523,0.3611218333244324,0.7168064117431641,0.9199673910685232,0.24707013368606567,0.582419753074646,0.5753226668530692,"{'hidden_dim': 100, 'n_layers': 5, 'ffn_hidden_dim': 200, 'ffn_n_layers': 3, 'dropout': 0.1259481596630914, 'aggregation': 'sum', 'lr': 0.0006963956530621628, 'weight_decay': 7.022926509706901e-06, 'batch_size': 25, 'optimizer': 'adam', 'loss_strategy': 'mse'}",-0.21056513152671796,0.8546659630776523,0.846340000629425,0.4965561032295227,0.4148658812046051,0.8315560817718506,0.666296124458313,0.6441008315509343,0.8321657210764838,0.7304539084434509,0.6284269690513611,0.6208505821084098
regressor,2d,gnn,279,scaffold,3,42,0.6306875944137573,0.7956416365209381,0.5152995586395264,0.7263886332511902,0.9286995133941811,0.17952847480773926,0.5783112645149231,0.602542045925072,"{'hidden_dim': 300, 'n_layers': 4, 'ffn_hidden_dim': 200, 'ffn_n_layers': 2, 'dropout': 0.05881033946186663, 'aggregation': 'sum', 'lr': 0.0009899732108210693, 'weight_decay': 3.349785322777983e-05, 'batch_size': 25, 'optimizer': 'adamw', 'loss_strategy': 'huber'}",-0.21211967363171869,0.7956416365209381,0.8624827861785889,0.44376689195632935,0.3404978811740875,0.8731244206428528,0.7275953888893127,0.5835219628892194,0.8708457014454917,0.6330456137657166,0.7282466292381287,0.7519343961214406
regressor,2d,gnn,279,scaffold,2,42,0.5953630805015564,0.7466857718325342,0.6003172397613525,0.8083277344703674,1.0053852037696718,0.10656934976577759,0.552289605140686,0.5542717215340703,"{'hidden_dim': 500, 'n_layers': 5, 'ffn_hidden_dim': 300, 'ffn_n_layers': 2, 'dropout': 0.02565071655325827, 'aggregation': 'sum', 'lr': 0.0005024782669266121, 'weight_decay': 2.8591041562912652e-05, 'batch_size': 25, 'optimizer': 'adamw', 'loss_strategy': 'huber'}",-0.2052842426097894,0.7466857718325342,1.0107994079589844,0.40521907806396484,0.29311561584472656,0.8837172389030457,0.759279727935791,0.5414015292227448,0.8844873475422118,0.5575396418571472,0.7858805656433105,0.7726475854204622
regressor,2d,gnn,279,scaffold,4,42,0.5764259696006775,0.7327759560784187,0.5481940507888794,0.6627411246299744,0.8428316416704268,0.4837939143180847,0.698399007320404,0.6902338903171495,"{'hidden_dim': 500, 'n_layers': 4, 'ffn_hidden_dim': 300, 'ffn_n_layers': 3, 'dropout': 0.04317530703146792, 'aggregation': 'sum', 'lr': 0.0008116266037495829, 'weight_decay': 1.6521523382798543e-05, 'batch_size': 25, 'optimizer': 'adamw', 'loss_strategy': 'mse'}",-0.2009547597928163,0.7327759560784187,0.7103651762008667,0.3999544382095337,0.2828337848186493,0.8711857795715332,0.758586049079895,0.5318211962856024,0.8721784860309066,0.5369606018066406,0.742760419845581,0.7404360471639313
regressor,2d,gnn,279,scaffold,1,42,0.6169841885566711,0.7843158456449977,0.45229774713516235,0.7564263343811035,0.9624887366688591,0.28947293758392334,0.6205040812492371,0.6175204571966452,"{'hidden_dim': 400, 'n_layers': 6, 'ffn_hidden_dim': 200, 'ffn_n_layers': 2, 'dropout': 0.2564738615666899, 'aggregation': 'sum', 'lr': 0.0008580912347185668, 'weight_decay': 3.128748733487463e-06, 'batch_size': 25, 'optimizer': 'adamw', 'loss_strategy': 'huber'}",-0.05554642896371853,0.7843158456449977,0.9263845682144165,0.5801377296447754,0.5311048626899719,0.7629016041755676,0.5484975576400757,0.7287694166812791,0.7592386306595258,0.6151513457298279,0.6961266994476318,0.6991203053654469
regressor,2d,gnn,279,random,5,42,0.6182919144630432,0.7847349260552827,0.5234372019767761,0.5934577584266663,0.75762893970537,0.47840172052383423,0.7213370203971863,0.7160865722331236,"{'hidden_dim': 100, 'n_layers': 4, 'ffn_hidden_dim': 200, 'ffn_n_layers': 3, 'dropout': 0.12781411086166217, 'aggregation': 'sum', 'lr': 0.0006769319027109817, 'weight_decay': 8.246546169952898e-05, 'batch_size': 25, 'optimizer': 'adamw', 'loss_strategy': 'mse'}",-0.09979273532410071,0.7847349260552827,0.5740016102790833,0.530476450920105,0.469145804643631,0.800174355506897,0.6203974485397339,0.684942190731182,0.8047743261280664,0.61580890417099,0.7279701828956604,0.7034702727500531
regressor,2d,gnn,279,random,3,42,0.567329466342926,0.7459490570847892,0.5685704946517944,0.5654826760292053,0.7389434992854738,0.5134131908416748,0.728030264377594,0.7261406409589443,"{'hidden_dim': 100, 'n_layers': 5, 'ffn_hidden_dim': 400, 'ffn_n_layers': 3, 'dropout': 0.012425936815741818, 'aggregation': 'sum', 'lr': 0.0006883695835643369, 'weight_decay': 5.5116328295710053e-05, 'batch_size': 25, 'optimizer': 'adam', 'loss_strategy': 'mse'}",-0.20567710683059004,0.7459490570847892,0.546037495136261,0.42029696702957153,0.29189378023147583,0.8745027184486389,0.7630302309989929,0.5402719502541992,0.873958727503831,0.556439995765686,0.7569634914398193,0.7618929083964125
regressor,2d,gnn,279,random,2,42,0.6307293772697449,0.8112883336278226,0.44924747943878174,0.6074586510658264,0.8025272594112199,0.4866527318954468,0.7014033198356628,0.7065103265474945,"{'hidden_dim': 200, 'n_layers': 3, 'ffn_hidden_dim': 400, 'ffn_n_layers': 2, 'dropout': 0.05357584082495967, 'aggregation': 'sum', 'lr': 0.0009415544847349735, 'weight_decay': 1.4982711770342052e-05, 'batch_size': 50, 'optimizer': 'adamw', 'loss_strategy': 'huber'}",-0.22336278173954072,0.8112883336278226,0.6440500020980835,0.4452264606952667,0.34565645456314087,0.8460851311683655,0.7128168344497681,0.5879255518882819,0.8472930839224727,0.6581887602806091,0.6804938912391663,0.6703436150183173
regressor,2d,gnn,279,random,4,42,0.5156267881393433,0.6901182904987413,0.5952123403549194,0.627371609210968,0.8349746078353688,0.4708911180496216,0.7030156850814819,0.6927690389151805,"{'hidden_dim': 300, 'n_layers': 4, 'ffn_hidden_dim': 400, 'ffn_n_layers': 3, 'dropout': 0.001707944703282574, 'aggregation': 'sum', 'lr': 0.0007886975921263689, 'weight_decay': 6.839600079712615e-06, 'batch_size': 25, 'optimizer': 'adam', 'loss_strategy': 'mse'}",-0.1899255662201852,0.6901182904987413,0.6971825957298279,0.3851213753223419,0.2501927614212036,0.8939214944839478,0.7889517545700073,0.5001927242785561,0.88901337043304,0.47626325488090515,0.775696337223053,0.7722558878050308
regressor,2d,gnn,279,random,1,42,0.659277617931366,0.7849615814138003,0.4306793212890625,0.6766071319580078,0.850165665133924,0.4284716248512268,0.6659256815910339,0.651769086375764,"{'hidden_dim': 400, 'n_layers': 6, 'ffn_hidden_dim': 200, 'ffn_n_layers': 3, 'dropout': 0.23724836485056333, 'aggregation': 'sum', 'lr': 0.0007521856022359346, 'weight_decay': 2.423788940036682e-05, 'batch_size': 100, 'optimizer': 'adamw', 'loss_strategy': 'huber'}",-0.05989750555259643,0.7849615814138003,0.7227816581726074,0.5588669776916504,0.5257179141044617,0.7626168727874756,0.5676116943359375,0.7250640758612039,0.7649338575439425,0.6161646842956543,0.681942343711853,0.677571729944671
regressor,2d,gnn,279,umap,5,42,0.5435031056404114,0.7180844833192459,0.5197665095329285,0.8241757750511169,1.059459262073712,-0.07500314712524414,0.217405304312706,0.20254200242690557,"{'hidden_dim': 200, 'n_layers': 4, 'ffn_hidden_dim': 300, 'ffn_n_layers': 3, 'dropout': 0.016733099693274744, 'aggregation': 'sum', 'lr': 0.0008360570201240891, 'weight_decay': 3.1235922543432145e-05, 'batch_size': 100, 'optimizer': 'adamw', 'loss_strategy': 'mae'}",-0.05334347092009739,0.7180844833192459,1.1224539279937744,0.49613726139068604,0.44188061356544495,0.8138724565505981,0.6294873952865601,0.6647410123991485,0.811001631672506,0.5156453251838684,0.7340636849403381,0.7102161738896332
regressor,2d,gnn,279,umap,3,42,0.6283514499664307,0.8238375175306021,0.39003318548202515,1.0581557750701904,1.3178734003748571,-0.624674916267395,0.08826141059398651,0.02591462850836992,"{'hidden_dim': 200, 'n_layers': 4, 'ffn_hidden_dim': 400, 'ffn_n_layers': 2, 'dropout': 0.04318809447060709, 'aggregation': 'sum', 'lr': 0.000406700227327115, 'weight_decay': 9.080699613345812e-06, 'batch_size': 25, 'optimizer': 'adamw', 'loss_strategy': 'huber'}",-0.2272734434155369,0.8238375175306021,1.7367902994155884,0.4369776248931885,0.355888694524765,0.8466421961784363,0.7113859057426453,0.5965640741150652,0.8463807381163905,0.6787082552909851,0.6532357931137085,0.6147764226540816
regressor,2d,gnn,279,umap,2,42,0.5746784210205078,0.729327038885405,0.5625391006469727,1.0679763555526733,1.3330159057818642,-0.8294881582260132,0.3717106282711029,0.33576034157224033,"{'hidden_dim': 200, 'n_layers': 4, 'ffn_hidden_dim': 400, 'ffn_n_layers': 2, 'dropout': 0.02196322587624379, 'aggregation': 'sum', 'lr': 0.0007383865800019474, 'weight_decay': 8.345012595137832e-06, 'batch_size': 50, 'optimizer': 'adamw', 'loss_strategy': 'huber'}",-0.18615746437472047,0.729327038885405,1.7769314050674438,0.40432778000831604,0.29503318667411804,0.8795000910758972,0.7572283744812012,0.5431695745106845,0.8825525250684321,0.531917929649353,0.7653993964195251,0.7569330231830489
regressor,2d,gnn,279,umap,4,42,0.5929253101348877,0.7753772878580811,0.5204473733901978,1.0977941751480103,1.362017507603023,-0.5646588802337646,0.001131838420405984,0.011981172770854321,"{'hidden_dim': 400, 'n_layers': 4, 'ffn_hidden_dim': 200, 'ffn_n_layers': 3, 'dropout': 0.15797865651504042, 'aggregation': 'sum', 'lr': 0.00046479907913382244, 'weight_decay': 6.103789512381076e-05, 'batch_size': 25, 'optimizer': 'adam', 'loss_strategy': 'huber'}",-0.10024562035250717,0.7753772878580811,1.8550916910171509,0.5193066000938416,0.4558027684688568,0.7914710640907288,0.616100549697876,0.675131667505574,0.7929093301023878,0.6012099385261536,0.7290920615196228,0.7240567466053203
regressor,2d,gnn,279,umap,1,42,0.5446906685829163,0.7125164147209492,0.6267192363739014,1.0034193992614746,1.2297650944077516,-0.30625033378601074,0.1511465311050415,0.22924434615609454,"{'hidden_dim': 400, 'n_layers': 6, 'ffn_hidden_dim': 400, 'ffn_n_layers': 3, 'dropout': 0.0746158577711023, 'aggregation': 'sum', 'lr': 0.0005066125962376506, 'weight_decay': 2.5866025912706472e-05, 'batch_size': 50, 'optimizer': 'adamw', 'loss_strategy': 'huber'}",-0.10955253110412,0.7125164147209492,1.512322187423706,0.46391236782073975,0.36356544494628906,0.838299036026001,0.7000390291213989,0.6029638836168292,0.8374040607125026,0.5076796412467957,0.7929888963699341,0.7875595065337057
regressor,2d,gnn,279,time,5,42,0.4778701364994049,0.6073912585230181,0.6362779140472412,1.0821574926376343,1.3893783210306292,-0.9824262857437134,0.20496626198291779,0.24479744052496463,"{'hidden_dim': 200, 'n_layers': 4, 'ffn_hidden_dim': 200, 'ffn_n_layers': 3, 'dropout': 0.01871506741210366, 'aggregation': 'sum', 'lr': 0.0005381054328327183, 'weight_decay': 1.1878278293673993e-05, 'batch_size': 50, 'optimizer': 'adamw', 'loss_strategy': 'mse'}",-0.029510141289367353,0.6073912585230181,1.9303721189498901,0.447043240070343,0.3339465856552124,0.8585453629493713,0.7321336269378662,0.5778811172336508,0.8586744130779684,0.3689241409301758,0.801516592502594,0.782192728947615
regressor,2d,gnn,279,time,3,42,0.5925243496894836,0.7609842524960665,0.585078239440918,1.205159068107605,1.5186736915789845,-0.7232362031936646,0.08609630167484283,0.1235205209518667,"{'hidden_dim': 300, 'n_layers': 5, 'ffn_hidden_dim': 300, 'ffn_n_layers': 2, 'dropout': 0.04050208960676313, 'aggregation': 'sum', 'lr': 0.0005919435231766901, 'weight_decay': 2.0965587833642457e-05, 'batch_size': 25, 'optimizer': 'adamw', 'loss_strategy': 'mae'}",-0.1470984644110519,0.7609842524960665,2.3063697814941406,0.4560825824737549,0.3768557608127594,0.8002774715423584,0.6303524971008301,0.6138857880850146,0.7850953801194547,0.5790970325469971,0.7692865133285522,0.7722496799153898
regressor,2d,gnn,279,time,2,42,0.5889917612075806,0.7458828932707453,0.5395042896270752,1.2360503673553467,1.5490236098852508,-0.8001842498779297,0.12089873105287552,0.15079343825450414,"{'hidden_dim': 300, 'n_layers': 4, 'ffn_hidden_dim': 300, 'ffn_n_layers': 2, 'dropout': 0.05299607942262423, 'aggregation': 'sum', 'lr': 0.0006311907490436259, 'weight_decay': 7.591259438346301e-05, 'batch_size': 25, 'optimizer': 'adamw', 'loss_strategy': 'mae'}",-0.08985027619282515,0.7458828932707453,2.3994741439819336,0.49248823523521423,0.430378794670105,0.7643100619316101,0.5702074766159058,0.6560326170779202,0.7579121813594463,0.556341290473938,0.7509239315986633,0.741311527585764
regressor,2d,gnn,279,time,4,42,0.5137109160423279,0.6753450209498113,0.5900145769119263,1.2133722305297852,1.5485343125273605,-0.9486000537872314,0.02190091460943222,0.04280268869195025,"{'hidden_dim': 500, 'n_layers': 6, 'ffn_hidden_dim': 200, 'ffn_n_layers': 3, 'dropout': 0.10443605469531365, 'aggregation': 'sum', 'lr': 0.00028792297573901354, 'weight_decay': 3.9666623709483016e-05, 'batch_size': 25, 'optimizer': 'adam', 'loss_strategy': 'mse'}",-0.03560638823448392,0.6753450209498113,2.397958517074585,0.4910602569580078,0.40926551818847656,0.8154289126396179,0.6515692472457886,0.6397386327153274,0.8136363111443794,0.45609089732170105,0.788208544254303,0.7635242899220706
regressor,2d,gnn,279,time,1,42,0.5719915628433228,0.7133451919892028,0.12801122665405273,0.986517608165741,1.2002397595735281,-0.05503499507904053,0.046643003821372986,0.07289029904288312,"{'hidden_dim': 500, 'n_layers': 6, 'ffn_hidden_dim': 200, 'ffn_n_layers': 1, 'dropout': 0.1731055080689295, 'aggregation': 'mean', 'lr': 6.243343016601396e-05, 'weight_decay': 4.623227116994194e-05, 'batch_size': 50, 'optimizer': 'adamw', 'loss_strategy': 'huber'}",0.12099313324818584,0.7133451919892028,1.4405754804611206,0.662938117980957,0.6961204409599304,0.4509347677230835,0.1638299822807312,0.8343383252373886,0.47176907145561003,0.5088613629341125,0.3934772312641144,0.36513007196052766
regressor,2d,gnn,279,butina,5,42,0.5759881138801575,0.754518764105788,0.5397442579269409,0.8049651384353638,1.0532331824274064,0.11631250381469727,0.480731725692749,0.4574812999069995,"{'hidden_dim': 400, 'n_layers': 4, 'ffn_hidden_dim': 400, 'ffn_n_layers': 2, 'dropout': 0.14845611242034742, 'aggregation': 'sum', 'lr': 0.0007838004854816252, 'weight_decay': 2.5505520436942003e-05, 'batch_size': 25, 'optimizer': 'adamw', 'loss_strategy': 'huber'}",-0.173316354402423,0.754518764105788,1.109300136566162,0.4383782148361206,0.33779624104499817,0.8532928228378296,0.7169489860534668,0.581202409703365,0.8543918143031202,0.5692985653877258,0.7418529987335205,0.7477501682473624
regressor,2d,gnn,279,butina,3,42,0.553247332572937,0.7092109507291359,0.6085766553878784,0.9511202573776245,1.2857311783165262,-0.6618591547012329,0.3381854295730591,0.32652730778464195,"{'hidden_dim': 200, 'n_layers': 3, 'ffn_hidden_dim': 200, 'ffn_n_layers': 2, 'dropout': 0.06219033198370966, 'aggregation': 'sum', 'lr': 0.0009947632067874063, 'weight_decay': 1.1281504543761933e-06, 'batch_size': 25, 'optimizer': 'adamw', 'loss_strategy': 'huber'}",-0.09212280986137888,0.7092109507291359,1.6531046628952026,0.4689081609249115,0.38079777359962463,0.8467272520065308,0.6987144947052002,0.617088140867757,0.8467372768594084,0.5029801726341248,0.7827322483062744,0.7814826265962482
regressor,2d,gnn,279,butina,2,42,0.5746492147445679,0.7803133881502364,0.4917677640914917,0.9238137602806091,1.2343906449883741,0.04002499580383301,0.49315595626831055,0.38323708247627675,"{'hidden_dim': 200, 'n_layers': 4, 'ffn_hidden_dim': 400, 'ffn_n_layers': 2, 'dropout': 0.0008964338806827336, 'aggregation': 'sum', 'lr': 0.0009135577102336859, 'weight_decay': 1.796446185500153e-05, 'batch_size': 50, 'optimizer': 'adamw', 'loss_strategy': 'huber'}",-0.3363599233830559,0.7803133881502364,1.5237202644348145,0.33605390787124634,0.19709467887878418,0.9084484577178955,0.8226946592330933,0.4439534647671805,0.9046642141319969,0.6088889837265015,0.7226478457450867,0.7439103862933625
regressor,2d,gnn,279,butina,4,42,0.6607016324996948,0.8295160881606972,0.4390789270401001,0.849574625492096,1.0902042681351376,-0.2755091190338135,0.23619221150875092,0.2492039489222761,"{'hidden_dim': 100, 'n_layers': 5, 'ffn_hidden_dim': 300, 'ffn_n_layers': 3, 'dropout': 0.00472470843672618, 'aggregation': 'mean', 'lr': 0.0005896902543045202, 'weight_decay': 1.1742295896112573e-05, 'batch_size': 50, 'optimizer': 'adam', 'loss_strategy': 'huber'}",-0.14465907494444696,0.8295160881606972,1.1885453462600708,0.5233458876609802,0.46902912855148315,0.7996116280555725,0.636737585067749,0.6848570132162503,0.8029977282985046,0.6880969405174255,0.678494393825531,0.6798443291661325
regressor,2d,gnn,279,butina,1,42,0.5493173599243164,0.7000103949728663,0.617249608039856,0.9722987413406372,1.2300586319726858,-0.21699786186218262,0.33080580830574036,0.35340016395275764,"{'hidden_dim': 400, 'n_layers': 5, 'ffn_hidden_dim': 300, 'ffn_n_layers': 2, 'dropout': 0.10810694886678196, 'aggregation': 'sum', 'lr': 0.0005287071393175373, 'weight_decay': 4.4286042319647375e-05, 'batch_size': 25, 'optimizer': 'adam', 'loss_strategy': 'huber'}",-0.10091096486681406,0.7000103949728663,1.5130442380905151,0.4526417553424835,0.3589201271533966,0.8375508785247803,0.698656439781189,0.5990994301060523,0.8371487942654987,0.49001455307006836,0.79143226146698,0.7842726544306616
regressor,2d,gnn,279,diverse_25,5,42,0.8350576162338257,1.0076070768378118,6.896257400512695e-05,1.0267752408981323,1.1792009878836367,-0.00010406970977783203,-0.047172531485557556,0.008747834874952691,"{'hidden_dim': 500, 'n_layers': 4, 'ffn_hidden_dim': 100, 'ffn_n_layers': 2, 'dropout': 0.15903864290598885, 'aggregation': 'mean', 'lr': 0.0009529525574415267, 'weight_decay': 2.110004853688513e-05, 'batch_size': 100, 'optimizer': 'adam', 'loss_strategy': 'mse'}",0.08555715577981604,1.0076070768378118,1.3905149698257446,0.9157092571258545,1.1950080394744873,0.10614864528179169,-0.017452716827392578,1.0931642326176279,0.11265925580278617,1.0152720212936401,0.10414178669452667,0.1300656978561504
regressor,2d,gnn,279,diverse_25,3,42,0.9389774799346924,1.120703439855415,0.03299945592880249,0.8328759670257568,0.9777906096102915,0.012038111686706543,0.24352522194385529,0.22287835434587902,"{'hidden_dim': 100, 'n_layers': 2, 'ffn_hidden_dim': 300, 'ffn_n_layers': 3, 'dropout': 0.13294871527046834, 'aggregation': 'mean', 'lr': 0.00026231955929056553, 'weight_decay': 1.8682351889403336e-05, 'batch_size': 50, 'optimizer': 'adamw', 'loss_strategy': 'mae'}",-0.026397017058682026,1.120703439855415,0.9560744762420654,0.9150215983390808,1.1975065469741821,0.18275737762451172,0.02978670597076416,1.094306422796733,0.18683460475091418,1.2559762001037598,0.18533657491207123,0.212147876851182
regressor,2d,gnn,279,diverse_25,2,42,0.8622015714645386,1.0153369201560065,0.010655224323272705,0.8483577370643616,1.0314692061982589,-0.07744348049163818,-0.10932908952236176,-0.14138112599091868,"{'hidden_dim': 300, 'n_layers': 2, 'ffn_hidden_dim': 400, 'ffn_n_layers': 3, 'dropout': 0.2972468042942345, 'aggregation': 'mean', 'lr': 0.00010751643388858857, 'weight_decay': 5.889892137207742e-06, 'batch_size': 100, 'optimizer': 'adamw', 'loss_strategy': 'huber'}",0.14171692829172344,1.0153369201560065,1.0639287233352661,0.9802316427230835,1.3387736082077026,-0.036908719688653946,-0.04244351387023926,1.15705384844773,-0.0518380454975447,1.0309090614318848,0.12394896149635315,0.10650878154109224
regressor,2d,gnn,279,diverse_25,4,42,0.9329953193664551,1.1191486138662834,0.007182300090789795,0.9773191213607788,1.1437255835923492,-0.014268636703491211,0.09447624534368515,0.1381105758176134,"{'hidden_dim': 500, 'n_layers': 4, 'ffn_hidden_dim': 200, 'ffn_n_layers': 1, 'dropout': 0.2847649931474123, 'aggregation': 'mean', 'lr': 3.147316789853503e-05, 'weight_decay': 6.16647948996491e-05, 'batch_size': 50, 'optimizer': 'adamw', 'loss_strategy': 'huber'}",-0.03393691732607462,1.1191486138662834,1.3081082105636597,0.910118043422699,1.1776844263076782,0.05996092036366463,-0.03890872001647949,1.0852116965402088,0.07800939242587843,1.2524936199188232,0.1156940758228302,0.11327050267873004
regressor,2d,gnn,279,diverse_25,1,42,0.8137537240982056,0.9686799793164361,0.08085227012634277,0.9723619222640991,1.1748004256858484,-0.06953871250152588,0.06365970522165298,0.10365435053739973,"{'hidden_dim': 200, 'n_layers': 2, 'ffn_hidden_dim': 400, 'ffn_n_layers': 3, 'dropout': 0.15884673295683427, 'aggregation': 'mean', 'lr': 0.00042923299447856714, 'weight_decay': 9.914679001167331e-06, 'batch_size': 25, 'optimizer': 'adam', 'loss_strategy': 'mae'}",0.08915055610294254,0.9686799793164361,1.3801560401916504,0.8707902431488037,1.1190054416656494,0.271528959274292,0.06813281774520874,1.0578305354193787,0.2640345533956508,0.9383409023284912,0.2903684377670288,0.26722782119129784
regressor,2d,gnn,1865,scaffold,5,42,0.5478180050849915,0.690741634445258,0.5219964981079102,0.6694165468215942,0.8877521492500469,0.14853006601333618,0.5895825028419495,0.5944309932994695,"{'hidden_dim': 500, 'n_layers': 5, 'ffn_hidden_dim': 400, 'ffn_n_layers': 3, 'dropout': 0.02011609151368003, 'aggregation': 'sum', 'lr': 0.0006897300173970113, 'weight_decay': 3.967909647747718e-05, 'batch_size': 25, 'optimizer': 'adamw', 'loss_strategy': 'huber'}",-0.09842797400397452,0.690741634445258,0.7881038784980774,0.41800376772880554,0.3508354723453522,0.8129095435142517,0.642327070236206,0.5923136604412835,0.8342624402956226,0.47712400555610657,0.7431035041809082,0.7188732948889082
regressor,2d,gnn,1865,scaffold,3,42,0.5500444769859314,0.7182208476830788,0.4506582021713257,0.751071035861969,0.9283384584996522,0.09537696838378906,0.3674347698688507,0.34532206447483166,"{'hidden_dim': 400, 'n_layers': 2, 'ffn_hidden_dim': 300, 'ffn_n_layers': 3, 'dropout': 0.09356831139595523, 'aggregation': 'mean', 'lr': 0.0007058463499886077, 'weight_decay': 3.5359253115764363e-07, 'batch_size': 25, 'optimizer': 'adam', 'loss_strategy': 'huber'}",0.02138241404083696,0.7182208476830788,0.8618122935295105,0.5690444707870483,0.547012984752655,0.6792621612548828,0.4421082139015198,0.7396032617239158,0.6748739743124783,0.5158411860466003,0.6719759702682495,0.6642032686927963
regressor,2d,gnn,1865,scaffold,2,42,0.5667371153831482,0.7430087314441794,0.3904699683189392,0.7073128819465637,0.8991938848562451,0.1534460186958313,0.41217756271362305,0.4692453345243058,"{'hidden_dim': 300, 'n_layers': 4, 'ffn_hidden_dim': 300, 'ffn_n_layers': 1, 'dropout': 0.022404438691157373, 'aggregation': 'mean', 'lr': 0.0006329529225513609, 'weight_decay': 8.117259449591353e-05, 'batch_size': 25, 'optimizer': 'adamw', 'loss_strategy': 'mae'}",0.00462496645890087,0.7430087314441794,0.8085496425628662,0.5495648980140686,0.5589561462402344,0.660620927810669,0.4308511018753052,0.7476336979030803,0.6658638109874672,0.5520619750022888,0.627727210521698,0.6206524997020567
regressor,2d,gnn,1865,scaffold,4,42,0.6341762542724609,0.8041594541222943,0.3766191601753235,0.6197152733802795,0.8226276244194252,0.35155951976776123,0.5930965542793274,0.5814507027490897,"{'hidden_dim': 500, 'n_layers': 6, 'ffn_hidden_dim': 400, 'ffn_n_layers': 1, 'dropout': 0.04441785966840378, 'aggregation': 'mean', 'lr': 0.0004930427302089498, 'weight_decay': 1.558756727481456e-05, 'batch_size': 25, 'optimizer': 'adam', 'loss_strategy': 'mse'}",-0.04263396750939252,0.8041594541222943,0.6767162084579468,0.5867513418197632,0.5799210667610168,0.6302667260169983,0.3855905532836914,0.7615254866129018,0.648321369381729,0.6466724276542664,0.6218933463096619,0.6286448192119677
regressor,2d,gnn,1865,scaffold,1,42,0.536177933216095,0.6931679044881991,0.5188745260238647,0.8750905394554138,1.2896134095184597,-0.7885129451751709,0.2832622826099396,0.4367787866689035,"{'hidden_dim': 400, 'n_layers': 5, 'ffn_hidden_dim': 200, 'ffn_n_layers': 2, 'dropout': 0.09499910807309353, 'aggregation': 'sum', 'lr': 0.0004174374763761358, 'weight_decay': 4.990943315973746e-07, 'batch_size': 25, 'optimizer': 'adamw', 'loss_strategy': 'mse'}",-0.09459448721973807,0.6931679044881991,1.6631027460098267,0.456207811832428,0.3582901358604431,0.7939073443412781,0.6297034025192261,0.598573417268461,0.7926360373607524,0.48048174381256104,0.7360742688179016,0.7322380004067054
regressor,2d,gnn,1865,random,5,42,0.5635017156600952,0.746467536644535,0.3599066734313965,0.5674393177032471,0.8005436614601112,0.3205087184906006,0.6211470365524292,0.6979243279444802,"{'hidden_dim': 300, 'n_layers': 4, 'ffn_hidden_dim': 400, 'ffn_n_layers': 2, 'dropout': 0.1638253164126647, 'aggregation': 'sum', 'lr': 0.0007301803378818622, 'weight_decay': 8.25215738785683e-05, 'batch_size': 25, 'optimizer': 'adamw', 'loss_strategy': 'huber'}",-0.16252319820095162,0.746467536644535,0.6408701539039612,0.43661004304885864,0.34099099040031433,0.8183521628379822,0.6571706533432007,0.5839443384435834,0.817502371909244,0.5572137832641602,0.6349502801895142,0.6245353969889583
regressor,2d,gnn,1865,random,3,42,0.5535551309585571,0.7097216259215011,0.4871167540550232,0.6368936896324158,0.867193789072687,0.2570883631706238,0.5441645979881287,0.5486762481225287,"{'hidden_dim': 400, 'n_layers': 3, 'ffn_hidden_dim': 300, 'ffn_n_layers': 2, 'dropout': 0.016344235265157242, 'aggregation': 'mean', 'lr': 0.0003126015092242789, 'weight_decay': 2.057757062588695e-05, 'batch_size': 25, 'optimizer': 'adam', 'loss_strategy': 'huber'}",0.0002880037060261076,0.7097216259215011,0.7520250678062439,0.5439549088478088,0.5041136741638184,0.6988651752471924,0.4755963087081909,0.7100096296275272,0.7021909044966956,0.5037047863006592,0.7181055545806885,0.7375621762162643
regressor,2d,gnn,1865,random,2,42,0.5218126177787781,0.7090681042371976,0.39765673875808716,0.6749716997146606,0.8755125179648542,0.17285549640655518,0.4474335312843323,0.4394889033586976,"{'hidden_dim': 400, 'n_layers': 6, 'ffn_hidden_dim': 300, 'ffn_n_layers': 1, 'dropout': 0.17946072695143137, 'aggregation': 'mean', 'lr': 0.0002847015614069103, 'weight_decay': 7.679645292340721e-05, 'batch_size': 25, 'optimizer': 'adamw', 'loss_strategy': 'mae'}",0.05425586136792648,0.7090681042371976,0.7665221691131592,0.5793544054031372,0.5826634764671326,0.6467272639274597,0.41664767265319824,0.763323965605124,0.6567616773025482,0.5027775764465332,0.6333903670310974,0.6396782726621356
regressor,2d,gnn,1865,random,4,42,0.6633380055427551,0.8872020597428817,0.4159579277038574,0.6322104334831238,0.8279977016854754,0.306925892829895,0.6083879470825195,0.6142270918983543,"{'hidden_dim': 100, 'n_layers': 5, 'ffn_hidden_dim': 300, 'ffn_n_layers': 3, 'dropout': 0.05221025964222796, 'aggregation': 'sum', 'lr': 0.0006116977415473545, 'weight_decay': 2.139849573916188e-05, 'batch_size': 25, 'optimizer': 'adam', 'loss_strategy': 'huber'}",-0.2636512744827286,0.8872020597428817,0.6855801939964294,0.4816935360431671,0.38881558179855347,0.7927908897399902,0.5814806222915649,0.6235507852601531,0.7987538360481016,0.7871274948120117,0.6486514210700989,0.6603175991542585
regressor,2d,gnn,1865,random,1,42,0.4393517076969147,0.6015549944124532,0.5191256999969482,0.5057215094566345,0.685343372538463,0.5243661403656006,0.7339444756507874,0.7311526813030305,"{'hidden_dim': 100, 'n_layers': 4, 'ffn_hidden_dim': 300, 'ffn_n_layers': 3, 'dropout': 0.0005664072324317523, 'aggregation': 'sum', 'lr': 0.0007506764515529329, 'weight_decay': 7.3213119259477685e-06, 'batch_size': 25, 'optimizer': 'adamw', 'loss_strategy': 'huber'}",-0.19055211961768798,0.6015549944124532,0.4696955382823944,0.3031252324581146,0.16892336308956146,0.9127333164215088,0.8301562070846558,0.4110028747947652,0.9138853360490111,0.36186841130256653,0.7289168238639832,0.7470571917990716
regressor,2d,gnn,1865,umap,5,42,0.49426400661468506,0.5984640957173946,0.574432373046875,0.9550995230674744,1.2072626774719275,-0.5948445796966553,0.10786997526884079,0.05653662543478569,"{'hidden_dim': 300, 'n_layers': 5, 'ffn_hidden_dim': 400, 'ffn_n_layers': 2, 'dropout': 0.1372327210538378, 'aggregation': 'sum', 'lr': 0.0005944851983964176, 'weight_decay': 9.471814158681322e-05, 'batch_size': 25, 'optimizer': 'adamw', 'loss_strategy': 'huber'}",0.12056167057825484,0.5984640957173946,1.457483172416687,0.4958418607711792,0.5169980525970459,0.7218995094299316,0.4854739308357239,0.7190257662956494,0.7924808467609139,0.35815927386283875,0.7657515406608582,0.7470482284937897
regressor,2d,gnn,1865,umap,3,42,0.39098820090293884,0.5936747553479781,0.6394821405410767,0.964638888835907,1.2823639191084522,-0.46644866466522217,0.22283731400966644,0.2576567155046565,"{'hidden_dim': 500, 'n_layers': 4, 'ffn_hidden_dim': 400, 'ffn_n_layers': 2, 'dropout': 0.040164274187353625, 'aggregation': 'sum', 'lr': 0.00044724370827472365, 'weight_decay': 9.901671374932471e-05, 'batch_size': 25, 'optimizer': 'adamw', 'loss_strategy': 'huber'}",-0.11782070532188932,0.5936747553479781,1.644457221031189,0.3664664924144745,0.22643707692623138,0.8908135890960693,0.7543023228645325,0.47585405002608877,0.889646452379541,0.3524497151374817,0.8128867745399475,0.8004516979615824
regressor,2d,gnn,1865,umap,2,42,0.5067392587661743,0.7045326764872126,0.4126405715942383,0.8944908380508423,1.0850687737356868,-0.14567089080810547,0.0688999816775322,0.09061584732676613,"{'hidden_dim': 400, 'n_layers': 4, 'ffn_hidden_dim': 200, 'ffn_n_layers': 2, 'dropout': 0.1624997361511515, 'aggregation': 'mean', 'lr': 0.0007508681232378607, 'weight_decay': 9.72415401929507e-06, 'batch_size': 25, 'optimizer': 'adamw', 'loss_strategy': 'huber'}",0.05595667062394161,0.7045326764872126,1.177374243736267,0.5912138223648071,0.5783440470695496,0.6329835057258606,0.39213764667510986,0.7604893471111542,0.6567339298388283,0.4963662922382355,0.644351065158844,0.6145810946845024
regressor,2d,gnn,1865,umap,4,42,0.609067440032959,0.7881153200479257,0.3961182236671448,0.8564408421516418,1.0469171885629527,-0.5268599987030029,-0.12974700331687927,-0.13363845992079945,"{'hidden_dim': 300, 'n_layers': 5, 'ffn_hidden_dim': 300, 'ffn_n_layers': 3, 'dropout': 0.29996127585500953, 'aggregation': 'sum', 'lr': 0.0009669752819092628, 'weight_decay': 7.056321471108274e-05, 'batch_size': 50, 'optimizer': 'adamw', 'loss_strategy': 'huber'}",-0.09532780519974182,0.7881153200479257,1.0960355997085571,0.5260838866233826,0.4799545407295227,0.7255987524986267,0.5240058898925781,0.6927875148481839,0.7401321603248331,0.6211257576942444,0.6363268494606018,0.6653112061421859
regressor,2d,gnn,1865,umap,1,42,0.7902690768241882,0.9725151725703391,0.10111582279205322,0.7356600165367126,0.9685116751601758,-0.05731201171875,-0.09191223978996277,-0.14572971103325186,"{'hidden_dim': 500, 'n_layers': 2, 'ffn_hidden_dim': 200, 'ffn_n_layers': 2, 'dropout': 0.17001530105879273, 'aggregation': 'mean', 'lr': 0.0005477060356646881, 'weight_decay': 9.34401763449575e-05, 'batch_size': 50, 'optimizer': 'adam', 'loss_strategy': 'mse'}",-0.035543020958174854,0.9725151725703391,0.9380148649215698,0.7632007002830505,0.8779168128967285,0.3409537971019745,0.10586518049240112,0.9369721516121643,0.3208439507989609,0.9457857608795166,0.3687081038951874,0.37677817990441487
regressor,2d,gnn,1865,time,5,42,0.6588672399520874,0.8220087225444249,0.3255387544631958,0.7691900134086609,1.0161366274423351,-0.11404085159301758,0.19340191781520844,0.2095879763989741,"{'hidden_dim': 400, 'n_layers': 4, 'ffn_hidden_dim': 400, 'ffn_n_layers': 2, 'dropout': 0.00011390878903238047, 'aggregation': 'mean', 'lr': 0.00041543103873554154, 'weight_decay': 4.6455865079951976e-05, 'batch_size': 50, 'optimizer': 'adamw', 'loss_strategy': 'mae'}",-0.08662121259398581,0.8220087225444249,1.0325336456298828,0.5494182109832764,0.5407947897911072,0.6691038608551025,0.4438953399658203,0.7353875099504391,0.6648490473860875,0.6756983399391174,0.5726005434989929,0.5714650242560292
regressor,2d,gnn,1865,time,3,42,0.7707555294036865,0.9504012916678183,0.19918698072433472,0.8908649682998657,1.0842233755208461,-0.1167604923248291,0.1549167037010193,0.16721337336721454,"{'hidden_dim': 500, 'n_layers': 6, 'ffn_hidden_dim': 300, 'ffn_n_layers': 2, 'dropout': 0.09032496684066904, 'aggregation': 'mean', 'lr': 3.844861977695657e-05, 'weight_decay': 1.587013989808242e-05, 'batch_size': 25, 'optimizer': 'adam', 'loss_strategy': 'huber'}",-0.18193242268265586,0.9504012916678183,1.1755403280258179,0.6115184426307678,0.5905444025993347,0.535588800907135,0.28111058473587036,0.7684688689851624,0.542194787887425,0.9032626152038574,0.44841060042381287,0.45208654370798446
regressor,2d,gnn,1865,time,2,42,0.5469831228256226,0.7287614831952122,0.4064791798591614,0.9040160775184631,1.0809299083397912,-0.11724436283111572,0.10998103022575378,0.07280770311272647,"{'hidden_dim': 400, 'n_layers': 6, 'ffn_hidden_dim': 400, 'ffn_n_layers': 1, 'dropout': 0.09204658961662597, 'aggregation': 'mean', 'lr': 0.0002197041343524281, 'weight_decay': 8.299604873148928e-05, 'batch_size': 25, 'optimizer': 'adamw', 'loss_strategy': 'mae'}",-0.09117834317580131,0.7287614831952122,1.1684094667434692,0.45904698967933655,0.4065122604370117,0.7224469184875488,0.5218273401260376,0.6375831400194109,0.735306510293279,0.5310932993888855,0.6479477286338806,0.6515620630982213
regressor,2d,gnn,1865,time,4,42,0.5437921285629272,0.7103351514555232,0.4987078309059143,0.9083475470542908,1.0982677344807878,-0.15294671058654785,0.27180859446525574,0.2512556730987755,"{'hidden_dim': 500, 'n_layers': 4, 'ffn_hidden_dim': 400, 'ffn_n_layers': 2, 'dropout': 0.023562094655990573, 'aggregation': 'mean', 'lr': 0.0006994032965716267, 'weight_decay': 4.081240473832847e-05, 'batch_size': 25, 'optimizer': 'adamw', 'loss_strategy': 'mse'}",-0.09414883163785781,0.7103351514555232,1.2061920166015625,0.4773954451084137,0.37968558073043823,0.7590316534042358,0.5613620281219482,0.6161863198176654,0.767987310724137,0.5045760273933411,0.7100775241851807,0.7070255830284696
regressor,2d,gnn,1865,time,1,42,0.3434126079082489,0.4537254498673681,0.5410758852958679,1.1863652467727661,1.5891734966870772,-1.4254310131072998,0.20756934583187103,0.21084932464353356,"{'hidden_dim': 500, 'n_layers': 3, 'ffn_hidden_dim': 200, 'ffn_n_layers': 3, 'dropout': 0.1308069557011515, 'aggregation': 'sum', 'lr': 0.0007688278144687323, 'weight_decay': 7.761970256782133e-06, 'batch_size': 25, 'optimizer': 'adamw', 'loss_strategy': 'mae'}",0.23900986069005375,0.4537254498673681,2.525472402572632,0.5016518235206604,0.47988221049308777,0.7255832552909851,0.3797856569290161,0.6927353105574219,0.732001280234511,0.20586678385734558,0.7513272166252136,0.6105410473164046
regressor,2d,gnn,1865,butina,5,42,0.6546454429626465,0.8108630930845376,0.2948615550994873,0.9514838457107544,1.1470333000510868,-0.1642460823059082,0.2098456174135208,0.16927497756514287,"{'hidden_dim': 400, 'n_layers': 3, 'ffn_hidden_dim': 400, 'ffn_n_layers': 2, 'dropout': 0.054731156678761536, 'aggregation': 'mean', 'lr': 0.00046492912283947134, 'weight_decay': 5.791296310161046e-05, 'batch_size': 100, 'optimizer': 'adam', 'loss_strategy': 'mse'}",-0.003193138098319892,0.8108630930845376,1.3156853914260864,0.6399965882301331,0.652330756187439,0.5602699518203735,0.3016048073768616,0.8076699549862177,0.5494978767549599,0.6574989557266235,0.545984148979187,0.482650906894352
regressor,2d,gnn,1865,butina,3,42,0.5181450247764587,0.6553836735470315,0.43154293298721313,0.7086471915245056,0.8877572519580357,0.007471442222595215,0.32412710785865784,0.2978181773135389,"{'hidden_dim': 300, 'n_layers': 6, 'ffn_hidden_dim': 400, 'ffn_n_layers': 3, 'dropout': 0.2743260399739014, 'aggregation': 'sum', 'lr': 0.0009186074832096438, 'weight_decay': 8.63215849946439e-06, 'batch_size': 25, 'optimizer': 'adamw', 'loss_strategy': 'mse'}",0.012024750184924882,0.6553836735470315,0.7881129384040833,0.5095190405845642,0.44543400406837463,0.7780788540840149,0.5751664638519287,0.6674084237319564,0.7843606468998279,0.42952775955200195,0.6864638328552246,0.6730229220592886
regressor,2d,gnn,1865,butina,2,42,0.5496771335601807,0.722574219043002,0.5457782745361328,0.7196311950683594,0.9326357854616503,-0.17259418964385986,0.2633894383907318,0.26844452747230085,"{'hidden_dim': 400, 'n_layers': 6, 'ffn_hidden_dim': 300, 'ffn_n_layers': 3, 'dropout': 0.073948235398428, 'aggregation': 'sum', 'lr': 0.000314979088565554, 'weight_decay': 3.102341831553398e-05, 'batch_size': 25, 'optimizer': 'adamw', 'loss_strategy': 'mae'}",0.0021753093923638778,0.722574219043002,0.8698095083236694,0.5093672871589661,0.5252618789672852,0.7334088087081909,0.4840962886810303,0.7247495284353659,0.7722364130999572,0.5221135020256042,0.7521147727966309,0.7475470856277121
regressor,2d,gnn,1865,butina,4,42,0.636421799659729,0.8000735994100552,0.3829119801521301,0.7673109769821167,0.9741187991925513,-0.055946946144104004,0.36882203817367554,0.4164115212716226,"{'hidden_dim': 100, 'n_layers': 6, 'ffn_hidden_dim': 300, 'ffn_n_layers': 3, 'dropout': 0.09960378532705061, 'aggregation': 'mean', 'lr': 0.0009823840158661335, 'weight_decay': 1.0916632491863642e-06, 'batch_size': 50, 'optimizer': 'adam', 'loss_strategy': 'huber'}",-0.05145806262230357,0.8000735994100552,0.9489074349403381,0.5723670721054077,0.5604252219200134,0.6511086821556091,0.4189557433128357,0.7486155367877516,0.6383969597622207,0.6401177644729614,0.6303533911705017,0.6120516546944001
regressor,2d,gnn,1865,butina,1,42,0.6738436818122864,0.868896930262512,0.09997051954269409,0.8844912648200989,1.0540238164277522,0.0440138578414917,0.2580189108848572,0.25183943968048256,"{'hidden_dim': 500, 'n_layers': 4, 'ffn_hidden_dim': 300, 'ffn_n_layers': 2, 'dropout': 0.1775083464923157, 'aggregation': 'mean', 'lr': 2.0770869630253167e-05, 'weight_decay': 1.7183258733606244e-05, 'batch_size': 25, 'optimizer': 'adam', 'loss_strategy': 'mae'}",0.048961138145955596,0.868896930262512,1.1109662055969238,0.7329943776130676,0.8424634337425232,0.34124091267585754,0.0710519552230835,0.9178580684084676,0.3362956574821098,0.7549818754196167,0.3187137544155121,0.2787981696159975
regressor,2d,gnn,1865,diverse_25,5,42,1.0465761423110962,1.1825447091810255,0.08014601469039917,0.8241894245147705,1.0238743206548644,-0.08708178997039795,-0.07240989804267883,-0.1297766918135726,"{'hidden_dim': 500, 'n_layers': 5, 'ffn_hidden_dim': 100, 'ffn_n_layers': 1, 'dropout': 0.24366348304339283, 'aggregation': 'mean', 'lr': 0.0009173344636266459, 'weight_decay': 9.279467368096008e-05, 'batch_size': 25, 'optimizer': 'adam', 'loss_strategy': 'mae'}",-0.14449293585371636,1.1825447091810255,1.04831862449646,0.8409261107444763,1.0775514841079712,0.2853696644306183,0.06645697355270386,1.0380517733273091,0.3157897549203107,1.3984119892120361,0.3845081329345703,0.39272256054173704
regressor,2d,gnn,1865,diverse_25,3,42,0.6703164577484131,0.8685924730258922,0.1691780686378479,1.0214159488677979,1.178849636409736,-0.029232025146484375,0.11022504419088364,0.12379935977128974,"{'hidden_dim': 500, 'n_layers': 5, 'ffn_hidden_dim': 100, 'ffn_n_layers': 1, 'dropout': 0.20216235000343172, 'aggregation': 'mean', 'lr': 1.0676547504338198e-05, 'weight_decay': 6.115092122869894e-05, 'batch_size': 50, 'optimizer': 'adam', 'loss_strategy': 'mse'}",0.23670954999915927,0.8685924730258922,1.3896864652633667,0.9056323766708374,1.2216925621032715,0.1072038859128952,-0.013995766639709473,1.1053020230250514,0.07952502639112027,0.7544528841972351,0.4295680820941925,0.4308402884693299
regressor,2d,gnn,1865,diverse_25,2,42,0.9025067090988159,1.0394846696736961,0.047585248947143555,0.8658028244972229,1.0152068230888918,-0.01255488395690918,0.47008830308914185,0.553084312136838,"{'hidden_dim': 200, 'n_layers': 3, 'ffn_hidden_dim': 400, 'ffn_n_layers': 2, 'dropout': 0.021890163449545266, 'aggregation': 'mean', 'lr': 0.00025272752638120003, 'weight_decay': 4.1974766307586385e-08, 'batch_size': 25, 'optimizer': 'adamw', 'loss_strategy': 'huber'}",0.03680013105630109,1.0394846696736961,1.0306448936462402,0.8734074831008911,1.1583889722824097,0.3427266776561737,0.06714904308319092,1.0762848007299972,0.3241777039794518,1.0805283784866333,0.2212458848953247,0.24196750556711225
regressor,2d,gnn,1865,diverse_25,4,42,0.9246349334716797,1.0658406305150303,0.15812724828720093,0.9979091882705688,1.1814984701100701,-0.16086149215698242,-0.020111892372369766,-0.06642834524200061,"{'hidden_dim': 300, 'n_layers': 2, 'ffn_hidden_dim': 300, 'ffn_n_layers': 2, 'dropout': 0.2117079290405543, 'aggregation': 'mean', 'lr': 0.0008807054966981318, 'weight_decay': 9.926583817143546e-06, 'batch_size': 25, 'optimizer': 'adamw', 'loss_strategy': 'huber'}",-0.16593262372711437,1.0658406305150303,1.3959386348724365,0.7208368182182312,0.8098344206809998,0.5672855377197266,0.2882544994354248,0.8999080067879159,0.5803181202057724,1.1360162496566772,0.39978116750717163,0.34835102503848964
regressor,2d,gnn,1865,diverse_25,1,42,0.8801287412643433,1.0929872305386763,0.0560261607170105,1.0600115060806274,1.2712382416758077,-0.2842221260070801,-0.05857822671532631,-0.1274252417527886,"{'hidden_dim': 400, 'n_layers': 6, 'ffn_hidden_dim': 200, 'ffn_n_layers': 1, 'dropout': 0.2817720298638651, 'aggregation': 'mean', 'lr': 1.2230580488570801e-05, 'weight_decay': 6.080547710080054e-05, 'batch_size': 50, 'optimizer': 'adamw', 'loss_strategy': 'mse'}",-0.012046955551244354,1.0929872305386763,1.616046667098999,0.8811419606208801,1.1684318780899048,0.22602686285972595,-0.059834957122802734,1.080940274987432,0.20765790736638418,1.1946210861206055,0.2543792128562927,0.2688816864582432
regressor,2d,gnn,4822,scaffold,5,42,0.41771718859672546,0.5228965013220285,0.7868422865867615,0.6999996900558472,0.9067681902840161,0.5450966954231262,0.7633618712425232,0.7691698356107195,"{'hidden_dim': 400, 'n_layers': 2, 'ffn_hidden_dim': 300, 'ffn_n_layers': 2, 'dropout': 0.1453142025063681, 'aggregation': 'sum', 'lr': 0.0007095626932113959, 'weight_decay': 6.501515583152848e-05, 'batch_size': 25, 'optimizer': 'adamw', 'loss_strategy': 'huber'}",0.034317211129139324,0.5228965013220285,0.8222285509109497,0.4271920323371887,0.31048712134361267,0.8741374611854553,0.7548992037773132,0.5572137124511678,0.8732051037932109,0.2734207510948181,0.8885570764541626,0.8782096848798541
regressor,2d,gnn,4822,scaffold,3,42,0.42583170533180237,0.5770271289966478,0.7639400959014893,0.5709893703460693,0.7353380260260151,0.5539793372154236,0.7615255117416382,0.7395655598878352,"{'hidden_dim': 400, 'n_layers': 4, 'ffn_hidden_dim': 300, 'ffn_n_layers': 1, 'dropout': 0.09351698493466021, 'aggregation': 'sum', 'lr': 0.0005544812545310438, 'weight_decay': 8.708966704844983e-05, 'batch_size': 25, 'optimizer': 'adamw', 'loss_strategy': 'huber'}",-0.14073191613730746,0.5770271289966478,0.5407220125198364,0.32816600799560547,0.19035351276397705,0.931632399559021,0.867637038230896,0.4362952128593403,0.9276111583251898,0.332960307598114,0.8752264380455017,0.8755219424138156
regressor,2d,gnn,4822,scaffold,2,42,0.4707484245300293,0.6284691375553685,0.7215348482131958,0.520989716053009,0.6678664815146342,0.7039307355880737,0.85917729139328,0.8568548530626756,"{'hidden_dim': 200, 'n_layers': 4, 'ffn_hidden_dim': 400, 'ffn_n_layers': 3, 'dropout': 0.05175947743382827, 'aggregation': 'sum', 'lr': 0.0003480067840635157, 'weight_decay': 3.241077205801489e-05, 'batch_size': 25, 'optimizer': 'adamw', 'loss_strategy': 'huber'}",-0.1479676225940053,0.6284691375553685,0.4460456371307373,0.36283835768699646,0.2308817058801651,0.9111481308937073,0.8286451101303101,0.4805015149613632,0.9075633784190966,0.3949734568595886,0.8551821708679199,0.8469881203318937
regressor,2d,gnn,4822,scaffold,4,42,0.4243747889995575,0.5444935855400078,0.7425627112388611,0.5589975118637085,0.7608960526162315,0.5354071855545044,0.7634196281433105,0.7384317299173406,"{'hidden_dim': 500, 'n_layers': 5, 'ffn_hidden_dim': 300, 'ffn_n_layers': 3, 'dropout': 0.07238054058303531, 'aggregation': 'sum', 'lr': 0.00042231520798378057, 'weight_decay': 3.542380037351253e-07, 'batch_size': 25, 'optimizer': 'adam', 'loss_strategy': 'huber'}",-0.01098718752843375,0.5444935855400078,0.5789628028869629,0.4163682758808136,0.28462907671928406,0.9047837257385254,0.798864483833313,0.5335063980115741,0.9031325822287155,0.29647326469421387,0.8700388073921204,0.8765944407563467
regressor,2d,gnn,4822,scaffold,1,42,0.5531367659568787,0.6880400877074536,0.686323881149292,0.6326514482498169,0.8252594510946807,0.2980993390083313,0.7052876949310303,0.7149343593111243,"{'hidden_dim': 500, 'n_layers': 3, 'ffn_hidden_dim': 400, 'ffn_n_layers': 2, 'dropout': 0.12004705775187216, 'aggregation': 'sum', 'lr': 0.00015516099271940817, 'weight_decay': 2.7086868440249598e-05, 'batch_size': 50, 'optimizer': 'adamw', 'loss_strategy': 'huber'}",-0.05343277477938757,0.6880400877074536,0.6810531616210938,0.4857019782066345,0.4027264416217804,0.8644888401031494,0.7308210134506226,0.634607312928066,0.8591145285867335,0.47339916229248047,0.8368110060691833,0.8141849045446143
regressor,2d,gnn,4822,random,5,42,0.5766405463218689,0.7582608892260719,0.566132664680481,0.6380385160446167,0.805025085449309,0.5487022995948792,0.7432793378829956,0.744673328087018,"{'hidden_dim': 400, 'n_layers': 4, 'ffn_hidden_dim': 100, 'ffn_n_layers': 1, 'dropout': 0.07599343071538094, 'aggregation': 'mean', 'lr': 0.00034537707687004734, 'weight_decay': 5.600671953305503e-05, 'batch_size': 50, 'optimizer': 'adam', 'loss_strategy': 'mae'}",0.03381754054389752,0.7582608892260719,0.6480653882026672,0.6172364354133606,0.6273882389068604,0.7422073483467102,0.5474601984024048,0.7920784297699694,0.7382683092877623,0.5749595761299133,0.7530699372291565,0.7727137313353373
regressor,2d,gnn,4822,random,3,42,0.4378705322742462,0.6000623948715272,0.7533109188079834,0.5680108070373535,0.7333231759090376,0.6031453013420105,0.8035634756088257,0.8073057893587853,"{'hidden_dim': 200, 'n_layers': 5, 'ffn_hidden_dim': 300, 'ffn_n_layers': 2, 'dropout': 0.028594842835559933, 'aggregation': 'sum', 'lr': 0.0009829200276799165, 'weight_decay': 7.612768069628735e-05, 'batch_size': 25, 'optimizer': 'adamw', 'loss_strategy': 'mae'}",-0.033795411597149494,0.6000623948715272,0.5377628803253174,0.4318532645702362,0.32065829634666443,0.8897082805633545,0.7698992490768433,0.5662669832743777,0.8910085257037882,0.36007487773895264,0.8687692880630493,0.8523674748158048
regressor,2d,gnn,4822,random,2,42,0.5958681106567383,0.7618709314376936,0.6422070264816284,0.5346898436546326,0.6886120601995624,0.6437294483184814,0.8082550168037415,0.7806296850857284,"{'hidden_dim': 500, 'n_layers': 2, 'ffn_hidden_dim': 400, 'ffn_n_layers': 2, 'dropout': 0.28517062958689404, 'aggregation': 'mean', 'lr': 0.0007576630755873955, 'weight_decay': 9.633349242435031e-06, 'batch_size': 25, 'optimizer': 'adamw', 'loss_strategy': 'mae'}",-0.07864525712880477,0.7618709314376936,0.47418656945228577,0.5278765559196472,0.4667973220348358,0.814909815788269,0.6615853309631348,0.6832256743088888,0.8058753958871583,0.5804473161697388,0.8019152283668518,0.8135278699938748
regressor,2d,gnn,4822,random,4,42,0.4541681706905365,0.5666457886449411,0.7962077856063843,0.5367669463157654,0.6940886195187563,0.6535590887069702,0.818873405456543,0.7969648460182099,"{'hidden_dim': 300, 'n_layers': 5, 'ffn_hidden_dim': 400, 'ffn_n_layers': 2, 'dropout': 0.213182913215503, 'aggregation': 'sum', 'lr': 0.0006110374069513353, 'weight_decay': 5.137181895389388e-07, 'batch_size': 25, 'optimizer': 'adam', 'loss_strategy': 'huber'}",0.007160047079708742,0.5666457886449411,0.4817590117454529,0.43161576986312866,0.3292531371116638,0.8732794523239136,0.7602486610412598,0.5738058357246498,0.877031142641374,0.32108744978904724,0.8949461579322815,0.8839044408548525
regressor,2d,gnn,4822,random,1,42,0.5147517323493958,0.7175179578281704,0.617631196975708,0.5369126796722412,0.7535826626032612,0.6076922416687012,0.8042268753051758,0.8240898327395766,"{'hidden_dim': 100, 'n_layers': 5, 'ffn_hidden_dim': 300, 'ffn_n_layers': 2, 'dropout': 0.074114934029437, 'aggregation': 'sum', 'lr': 0.0009673019508756538, 'weight_decay': 8.233099232272909e-06, 'batch_size': 25, 'optimizer': 'adam', 'loss_strategy': 'mae'}",-0.18474605401823996,0.7175179578281704,0.5678868293762207,0.39725878834724426,0.2838459014892578,0.8953852653503418,0.7944983243942261,0.5327719038099304,0.8937461596475341,0.5148320198059082,0.7988470196723938,0.8100775559272136
regressor,2d,gnn,4822,umap,5,42,0.5189917683601379,0.6472981336000674,0.7251357436180115,0.6778095960617065,0.8239144581632382,0.28591084480285645,0.6639643311500549,0.6508614003707308,"{'hidden_dim': 300, 'n_layers': 4, 'ffn_hidden_dim': 400, 'ffn_n_layers': 2, 'dropout': 0.11585628311599956, 'aggregation': 'mean', 'lr': 0.0003491601395267095, 'weight_decay': 7.858370589844253e-05, 'batch_size': 25, 'optimizer': 'adam', 'loss_strategy': 'huber'}",0.0009378685209788795,0.6472981336000674,0.6788350343704224,0.5084041953086853,0.4202099144458771,0.8449534177780151,0.7125200033187866,0.6482360021210463,0.8356752478447081,0.41899487376213074,0.8516323566436768,0.8429399187021743
regressor,2d,gnn,4822,umap,3,42,0.4229595959186554,0.5478986152121779,0.7898678779602051,0.7575506567955017,0.9235717869436437,0.5512093305587769,0.817088782787323,0.8184831613390178,"{'hidden_dim': 100, 'n_layers': 6, 'ffn_hidden_dim': 300, 'ffn_n_layers': 3, 'dropout': 0.19572130425896603, 'aggregation': 'sum', 'lr': 0.0006516187317737289, 'weight_decay': 3.13109947749897e-05, 'batch_size': 25, 'optimizer': 'adam', 'loss_strategy': 'mse'}",0.017407196354557675,0.5478986152121779,0.8529848456382751,0.4367334246635437,0.3195706605911255,0.8531412482261658,0.7180624008178711,0.5653058115667355,0.8487339711222419,0.3001928925514221,0.8899176120758057,0.8654572468559563
regressor,2d,gnn,4822,umap,2,42,0.44690027832984924,0.5660745636112684,0.7077500820159912,0.8281148076057434,1.0599279687807097,0.0484195351600647,0.4449155926704407,0.41027695324325286,"{'hidden_dim': 500, 'n_layers': 6, 'ffn_hidden_dim': 200, 'ffn_n_layers': 1, 'dropout': 0.0016622798317873916, 'aggregation': 'mean', 'lr': 0.0009904750550617826, 'weight_decay': 8.418045114985086e-05, 'batch_size': 25, 'optimizer': 'adamw', 'loss_strategy': 'mse'}",0.09321100007920224,0.5660745636112684,1.123447299003601,0.5242965817451477,0.4346574544906616,0.8456312417984009,0.6977677941322327,0.6592855636904706,0.8314345693173432,0.320440411567688,0.845183789730072,0.8358040727201308
regressor,2d,gnn,4822,umap,4,42,0.4596134424209595,0.565957700768007,0.7796953916549683,1.1434695720672607,1.4583729148216182,-2.2104201316833496,0.19055378437042236,0.2661705214957091,"{'hidden_dim': 100, 'n_layers': 6, 'ffn_hidden_dim': 300, 'ffn_n_layers': 2, 'dropout': 0.0368476433757771, 'aggregation': 'sum', 'lr': 0.0006145113927889122, 'weight_decay': 3.835733405035426e-05, 'batch_size': 50, 'optimizer': 'adam', 'loss_strategy': 'mse'}",-0.07016035418504285,0.565957700768007,2.1268515586853027,0.38333049416542053,0.24581500887870789,0.9016350507736206,0.8121874928474426,0.49579734658296415,0.8996692584340813,0.320308119058609,0.8838050961494446,0.8667327139223523
regressor,2d,gnn,4822,umap,1,42,0.4109179675579071,0.5293743738398176,0.8111230134963989,0.7584297060966492,0.9422155360262285,0.00017893314361572266,0.6103066802024841,0.5591686914114036,"{'hidden_dim': 400, 'n_layers': 6, 'ffn_hidden_dim': 200, 'ffn_n_layers': 2, 'dropout': 0.05610661076876, 'aggregation': 'sum', 'lr': 0.0005916784616398758, 'weight_decay': 3.0519410636300845e-05, 'batch_size': 50, 'optimizer': 'adam', 'loss_strategy': 'mse'}",0.00650620629734,0.5293743738398176,0.8877701163291931,0.4198368787765503,0.2871679961681366,0.9032000303268433,0.8093025088310242,0.5358805801371576,0.8876934853389968,0.28023722767829895,0.9042962789535522,0.8796648052942382
regressor,2d,gnn,4822,time,5,42,0.5358070731163025,0.7094351436309356,0.6562091112136841,0.9018895626068115,1.1294436116321565,0.31936943531036377,0.7217518091201782,0.670299419258133,"{'hidden_dim': 200, 'n_layers': 5, 'ffn_hidden_dim': 200, 'ffn_n_layers': 3, 'dropout': 0.12922190341292633, 'aggregation': 'mean', 'lr': 0.000286110912964843, 'weight_decay': 1.5835522603247312e-05, 'batch_size': 50, 'optimizer': 'adam', 'loss_strategy': 'mse'}",-0.06567469218598665,0.7094351436309356,1.2756428718566895,0.5116373896598816,0.4144275188446045,0.8244170546531677,0.6741286516189575,0.643760451444949,0.8156178921417425,0.5032982230186462,0.8160991072654724,0.810005416863766
regressor,2d,gnn,4822,time,3,42,0.5964271426200867,0.7221230266584362,0.6190948486328125,1.0556281805038452,1.3528959719186617,0.027701139450073242,0.755603551864624,0.7754172297521764,"{'hidden_dim': 400, 'n_layers': 3, 'ffn_hidden_dim': 200, 'ffn_n_layers': 1, 'dropout': 0.06127687561937825, 'aggregation': 'sum', 'lr': 0.000610818737146972, 'weight_decay': 7.090191528354822e-05, 'batch_size': 100, 'optimizer': 'adamw', 'loss_strategy': 'mae'}",-0.1346332462807146,0.7221230266584362,1.8303275108337402,0.4388047754764557,0.34514424204826355,0.8307428956031799,0.6756882071495056,0.5874897803777216,0.8332217929138969,0.5214616656303406,0.7886372208595276,0.7804044807745778
regressor,2d,gnn,4822,time,2,42,0.4496942460536957,0.5664507881280287,0.5969691276550293,1.4987190961837769,1.719201184787759,-0.7482329607009888,0.6409053206443787,0.6527803783574263,"{'hidden_dim': 200, 'n_layers': 4, 'ffn_hidden_dim': 400, 'ffn_n_layers': 2, 'dropout': 0.027440200431534292, 'aggregation': 'sum', 'lr': 0.00019138377293583322, 'weight_decay': 1.3961772245457098e-05, 'batch_size': 25, 'optimizer': 'adamw', 'loss_strategy': 'mae'}",0.05440741363184565,0.5664507881280287,2.9556527137756348,0.46540841460227966,0.3854649066925049,0.7708125114440918,0.5773115158081055,0.6208582017598744,0.7747704610107985,0.32086649537086487,0.7849547266960144,0.7532298383332448
regressor,2d,gnn,4822,time,4,42,0.5574728846549988,0.720541669753778,0.5110466480255127,0.9815781116485596,1.281689498699652,0.10539644956588745,0.7920684814453125,0.776404267126231,"{'hidden_dim': 300, 'n_layers': 6, 'ffn_hidden_dim': 400, 'ffn_n_layers': 2, 'dropout': 0.11558669557243306, 'aggregation': 'sum', 'lr': 0.00045035755366119157, 'weight_decay': 2.2178426616094895e-05, 'batch_size': 50, 'optimizer': 'adam', 'loss_strategy': 'huber'}",-0.1297949823457588,0.720541669753778,1.6427279710769653,0.4760184586048126,0.348981648683548,0.8809043169021606,0.7212690114974976,0.5907466874080192,0.8739863129871539,0.5191802978515625,0.7484350204467773,0.7294213304551368
regressor,2d,gnn,4822,time,1,42,0.47878262400627136,0.6256540452539048,0.41742801666259766,0.9505861401557922,1.1660468578149235,0.13120609521865845,0.6443402171134949,0.6558935181818463,"{'hidden_dim': 500, 'n_layers': 2, 'ffn_hidden_dim': 300, 'ffn_n_layers': 3, 'dropout': 0.07785805224115042, 'aggregation': 'sum', 'lr': 3.905386949803052e-05, 'weight_decay': 9.580748181632222e-05, 'batch_size': 50, 'optimizer': 'adam', 'loss_strategy': 'huber'}",0.3797306842326078,0.6256540452539048,1.3596652746200562,0.7860791087150574,1.010798454284668,0.31439074873924255,-0.38985228538513184,1.0053847294865126,0.29838933582818866,0.3914429843425751,0.7090597748756409,0.5594118734520696
regressor,2d,gnn,4822,butina,5,42,0.5731242895126343,0.6751697838911487,0.6872520446777344,0.7317185401916504,0.9078125472733556,0.12151038646697998,0.5395396947860718,0.5156549662026634,"{'hidden_dim': 400, 'n_layers': 3, 'ffn_hidden_dim': 400, 'ffn_n_layers': 2, 'dropout': 0.1474661782514801, 'aggregation': 'mean', 'lr': 0.0002486641870089202, 'weight_decay': 3.9710326991401774e-05, 'batch_size': 25, 'optimizer': 'adam', 'loss_strategy': 'huber'}",-0.047331347257752565,0.6751697838911487,0.8241236209869385,0.48532357811927795,0.39418110251426697,0.8600828051567078,0.728786051273346,0.6278384366333961,0.8508458160666029,0.45585423707962036,0.8333083987236023,0.8412763969023167
regressor,2d,gnn,4822,butina,3,42,0.48113319277763367,0.6346035794513932,0.6420705318450928,1.0486392974853516,1.222404088351518,0.3757493495941162,0.6507697701454163,0.6732515081681418,"{'hidden_dim': 500, 'n_layers': 2, 'ffn_hidden_dim': 300, 'ffn_n_layers': 1, 'dropout': 0.2092700725424896, 'aggregation': 'sum', 'lr': 0.0004375728028703267, 'weight_decay': 9.896123050791811e-05, 'batch_size': 25, 'optimizer': 'adam', 'loss_strategy': 'huber'}",-0.07246309710541765,0.6346035794513932,1.4942717552185059,0.42015716433525085,0.31600192189216614,0.8557995557785034,0.7210896015167236,0.5621404823459756,0.8665765629038008,0.40272170305252075,0.811880350112915,0.8112654244491488
regressor,2d,gnn,4822,butina,2,42,0.5161751508712769,0.7000845338664072,0.6987863183021545,0.9410030841827393,1.111054988609305,-0.37361085414886475,0.5261222720146179,0.4259152351223946,"{'hidden_dim': 400, 'n_layers': 6, 'ffn_hidden_dim': 200, 'ffn_n_layers': 2, 'dropout': 0.08202153953203638, 'aggregation': 'mean', 'lr': 0.00011446437605120638, 'weight_decay': 7.62881430494176e-05, 'batch_size': 25, 'optimizer': 'adamw', 'loss_strategy': 'mae'}",-0.07923036427233598,0.7000845338664072,1.234443187713623,0.4831119477748871,0.38545989990234375,0.8716312646865845,0.7436896562576294,0.6208541695940712,0.8556011129004886,0.4901183545589447,0.8392588496208191,0.7761604401689788
regressor,2d,gnn,4822,butina,4,42,0.4469522535800934,0.5389210612185374,0.8350316286087036,0.7545638084411621,0.9724175953213474,0.18322163820266724,0.6646396517753601,0.6665173315209443,"{'hidden_dim': 500, 'n_layers': 4, 'ffn_hidden_dim': 300, 'ffn_n_layers': 3, 'dropout': 0.126716215617519, 'aggregation': 'sum', 'lr': 0.00043970542402302105, 'weight_decay': 3.961271736162841e-06, 'batch_size': 25, 'optimizer': 'adam', 'loss_strategy': 'mse'}",0.0009268600898822976,0.5389210612185374,0.9455959796905518,0.41722097992897034,0.29143577814102173,0.8944146633148193,0.7883229851722717,0.5398479213084197,0.8905718806801523,0.29043591022491455,0.9150843024253845,0.8842419793316049
regressor,2d,gnn,4822,butina,1,42,0.46154072880744934,0.5806844862327095,0.7145938873291016,0.8985461592674255,1.1211231506958474,-0.28683555126190186,0.5018236041069031,0.5375468793062921,"{'hidden_dim': 100, 'n_layers': 5, 'ffn_hidden_dim': 200, 'ffn_n_layers': 3, 'dropout': 0.2247815834963706, 'aggregation': 'sum', 'lr': 0.0005041071828891159, 'weight_decay': 6.970147100758671e-05, 'batch_size': 50, 'optimizer': 'adamw', 'loss_strategy': 'mse'}",0.07468722778188386,0.5806844862327095,1.256917119026184,0.5173397660255432,0.429512083530426,0.8455712199211121,0.7006112933158875,0.6553717140145934,0.8252135922556452,0.3371944725513458,0.8513144850730896,0.8120847388233933
regressor,2d,gnn,4822,diverse_25,5,42,0.7311134934425354,0.9065814891826468,0.3488691449165344,0.8606733679771423,1.080508044804709,0.24792158603668213,0.5119199752807617,0.4395461679316769,"{'hidden_dim': 400, 'n_layers': 2, 'ffn_hidden_dim': 200, 'ffn_n_layers': 2, 'dropout': 0.22055702747232991, 'aggregation': 'mean', 'lr': 0.0004364177585117963, 'weight_decay': 3.0866202774361334e-05, 'batch_size': 25, 'optimizer': 'adam', 'loss_strategy': 'mse'}",0.051046255859811596,0.9065814891826468,1.1674976348876953,0.7496632933616638,0.9170508980751038,0.6360976696014404,0.3796667456626892,0.9576277450424584,0.6377716785665164,0.8218899965286255,0.5969125628471375,0.6130838671977821
regressor,2d,gnn,4822,diverse_25,3,42,0.6341771483421326,0.8382197091727456,0.5883151292800903,0.957670271396637,1.2925821976930398,-0.18084228038787842,0.5779014229774475,0.6181923820516753,"{'hidden_dim': 500, 'n_layers': 3, 'ffn_hidden_dim': 100, 'ffn_n_layers': 1, 'dropout': 0.06311302424256086, 'aggregation': 'sum', 'lr': 0.0001623605642561129, 'weight_decay': 5.5835544222871646e-05, 'batch_size': 100, 'optimizer': 'adamw', 'loss_strategy': 'mae'}",0.10934569573150166,0.8382197091727456,1.6707687377929688,0.7281633615493774,0.8978801965713501,0.7025573253631592,0.3600844740867615,0.9475654049042472,0.6798558166825616,0.7026122808456421,0.7872023582458496,0.7687594719891379
regressor,2d,gnn,4822,diverse_25,2,42,0.7083909511566162,0.8678322534507429,0.13563859462738037,0.9064574837684631,1.1165680668604283,0.20458978414535522,0.5402443408966064,0.5477537210936642,"{'hidden_dim': 300, 'n_layers': 4, 'ffn_hidden_dim': 200, 'ffn_n_layers': 1, 'dropout': 0.0367213177232064, 'aggregation': 'mean', 'lr': 7.393043165746667e-05, 'weight_decay': 8.181569597969799e-05, 'batch_size': 25, 'optimizer': 'adam', 'loss_strategy': 'mae'}",0.26787645081305367,0.8678322534507429,1.246724247932434,0.9108436107635498,1.2898342609405518,0.5663328766822815,0.15856802463531494,1.1357087042637966,0.6057552565580667,0.7531328201293945,0.36891376972198486,0.3473334009120569
regressor,2d,gnn,4822,diverse_25,4,42,0.6933375597000122,0.8041815417071897,0.4276420474052429,0.7314633131027222,0.9476917999216319,0.3551182746887207,0.6073834896087646,0.6125162363069929,"{'hidden_dim': 300, 'n_layers': 6, 'ffn_hidden_dim': 200, 'ffn_n_layers': 1, 'dropout': 0.0962264412326372, 'aggregation': 'mean', 'lr': 0.000975872720464173, 'weight_decay': 2.376029860003025e-05, 'batch_size': 50, 'optimizer': 'adamw', 'loss_strategy': 'mse'}",0.16414441110536937,0.8041815417071897,0.8981197476387024,0.7844190001487732,0.9376551508903503,0.6463909149169922,0.4001857042312622,0.9683259528125591,0.5619754169551132,0.6467079520225525,0.6551276445388794,0.6882308380162347
regressor,2d,gnn,4822,diverse_25,1,42,0.6695867776870728,0.8764202988549821,0.4973195195198059,0.7871480584144592,1.0907082359227553,0.10529530048370361,0.6280564665794373,0.563801972817417,"{'hidden_dim': 300, 'n_layers': 3, 'ffn_hidden_dim': 200, 'ffn_n_layers': 2, 'dropout': 0.10672595275110816, 'aggregation': 'sum', 'lr': 0.0009668791004844418, 'weight_decay': 3.982693745408037e-05, 'batch_size': 25, 'optimizer': 'adam', 'loss_strategy': 'huber'}",-0.00999280651445733,0.8764202988549821,1.189644455909729,0.6543325185775757,0.75069659948349,0.7513331770896912,0.49230682849884033,0.8664274923405247,0.7659455173436898,0.7681125402450562,0.7223009467124939,0.5981487000911541
regressor,2d,gnn,220,scaffold,5,42,0.4916360378265381,0.6634061149903586,0.6465150117874146,0.6808024048805237,0.9109107234415347,0.20742923021316528,0.6089180111885071,0.6407437611223326,"{'hidden_dim': 300, 'n_layers': 2, 'ffn_hidden_dim': 400, 'ffn_n_layers': 2, 'dropout': 0.0004438619022205189, 'aggregation': 'sum', 'lr': 0.0009635448134576145, 'weight_decay': 6.07250975708668e-05, 'batch_size': 50, 'optimizer': 'adamw', 'loss_strategy': 'huber'}",-0.1373903649829764,0.6634061149903586,0.82975834608078,0.39070793986320496,0.27669256925582886,0.8957513570785522,0.799428403377533,0.5260157500073822,0.865932909840464,0.44010767340660095,0.8225210905075073,0.7698784992887769
regressor,2d,gnn,220,scaffold,3,42,0.5515317916870117,0.7411785696649524,0.5258036851882935,0.8265434503555298,1.2534963823257907,0.2311309576034546,0.4966120719909668,0.5953213487299303,"{'hidden_dim': 100, 'n_layers': 4, 'ffn_hidden_dim': 300, 'ffn_n_layers': 3, 'dropout': 0.01856367400399101, 'aggregation': 'sum', 'lr': 0.0007088931515499466, 'weight_decay': 3.7415837269074364e-05, 'batch_size': 50, 'optimizer': 'adamw', 'loss_strategy': 'mse'}",-0.21525954155587435,0.7411785696649524,1.5712531805038452,0.4005219638347626,0.27659082412719727,0.8689634799957275,0.7525404691696167,0.5259190281090781,0.8402814018160345,0.5493456721305847,0.7297471165657043,0.7200691645093066
regressor,2d,gnn,220,scaffold,2,42,0.47495773434638977,0.623147962256155,0.7022614479064941,0.6825454831123352,0.9503257795194436,0.3122985363006592,0.6550391316413879,0.6643318062521479,"{'hidden_dim': 400, 'n_layers': 3, 'ffn_hidden_dim': 400, 'ffn_n_layers': 3, 'dropout': 0.008079618313571265, 'aggregation': 'sum', 'lr': 0.00048045693793006574, 'weight_decay': 6.163147795169932e-05, 'batch_size': 50, 'optimizer': 'adamw', 'loss_strategy': 'huber'}",-0.17211360245313995,0.623147962256155,0.9031190872192383,0.33145132660865784,0.20343199372291565,0.9203864932060242,0.8440319299697876,0.45103435980301504,0.8956347200635971,0.3883133828639984,0.8385269045829773,0.7233679846489968
regressor,2d,gnn,220,scaffold,4,42,0.49020373821258545,0.6577868177968548,0.6888044476509094,0.6651263236999512,0.8533982953537552,0.2934744358062744,0.6017114520072937,0.5648128168359122,"{'hidden_dim': 500, 'n_layers': 5, 'ffn_hidden_dim': 300, 'ffn_n_layers': 3, 'dropout': 0.05788238069578258, 'aggregation': 'sum', 'lr': 0.0006964890179274177, 'weight_decay': 1.1797089622467085e-05, 'batch_size': 50, 'optimizer': 'adam', 'loss_strategy': 'huber'}",-0.10546509635926138,0.6577868177968548,0.7282886505126953,0.41279420256614685,0.3050592839717865,0.8836022615432739,0.7783505916595459,0.5523217214375934,0.856040170416571,0.4326834976673126,0.8377713561058044,0.8440823633215135
regressor,2d,gnn,220,scaffold,1,42,0.4997694790363312,0.6535502942745703,0.6343609094619751,0.685734212398529,0.8986155457921949,0.2449238896369934,0.5609524250030518,0.5568590765195683,"{'hidden_dim': 400, 'n_layers': 2, 'ffn_hidden_dim': 300, 'ffn_n_layers': 3, 'dropout': 0.07400048592682502, 'aggregation': 'sum', 'lr': 0.0009000576154039859, 'weight_decay': 9.051656001259778e-06, 'batch_size': 25, 'optimizer': 'adamw', 'loss_strategy': 'huber'}",-0.18570975795618322,0.6535502942745703,0.8075098991394043,0.36583465337753296,0.2188747674226761,0.9203440546989441,0.8424240946769714,0.4678405363183871,0.8844709531409136,0.42712798714637756,0.8062468767166138,0.7944836483817987
regressor,2d,gnn,220,random,5,42,0.4372594952583313,0.5868814113376427,0.7188761234283447,0.5972716808319092,0.7931899340105814,0.5616386532783508,0.769105851650238,0.6906938588384282,"{'hidden_dim': 200, 'n_layers': 4, 'ffn_hidden_dim': 200, 'ffn_n_layers': 3, 'dropout': 0.08768720956944015, 'aggregation': 'sum', 'lr': 0.0004512336489349891, 'weight_decay': 2.352849864996099e-05, 'batch_size': 25, 'optimizer': 'adamw', 'loss_strategy': 'huber'}",-0.04034951474716586,0.5868814113376427,0.6291502714157104,0.4013746976852417,0.2986971139907837,0.8775372505187988,0.7665547132492065,0.5465318965904769,0.8605450760889144,0.34442979097366333,0.855046808719635,0.8134927734532049
regressor,2d,gnn,220,random,3,42,0.5956738591194153,0.7438209227397669,0.5398130416870117,0.614617109298706,0.8084033244267077,0.45655328035354614,0.6764591336250305,0.6550068635404126,"{'hidden_dim': 500, 'n_layers': 5, 'ffn_hidden_dim': 300, 'ffn_n_layers': 1, 'dropout': 0.11029673864903722, 'aggregation': 'mean', 'lr': 0.00010136855561354903, 'weight_decay': 3.7104634876244034e-05, 'batch_size': 25, 'optimizer': 'adamw', 'loss_strategy': 'mse'}",-0.05529040467863622,0.7438209227397669,0.6535159349441528,0.5324808359146118,0.47407427430152893,0.8100717067718506,0.6485427618026733,0.6885305180611306,0.7641241292135765,0.5532695651054382,0.7374601364135742,0.6734587366686201
regressor,2d,gnn,220,random,2,42,0.4970686137676239,0.6650797065492904,0.649883508682251,0.5371999740600586,0.8014850036160522,0.4977370500564575,0.7344803214073181,0.7089305359604523,"{'hidden_dim': 200, 'n_layers': 4, 'ffn_hidden_dim': 400, 'ffn_n_layers': 2, 'dropout': 0.02569711321211817, 'aggregation': 'sum', 'lr': 0.0007274810813207408, 'weight_decay': 1.1759453482429761e-05, 'batch_size': 25, 'optimizer': 'adamw', 'loss_strategy': 'huber'}",-0.18299008717766285,0.6650797065492904,0.6423782110214233,0.36674976348876953,0.23241040110588074,0.9110895395278931,0.8241813778877258,0.48208961937162753,0.8829833812841981,0.4423310160636902,0.8076364994049072,0.7415260386437528
regressor,2d,gnn,220,random,4,42,0.4793988764286041,0.6500370336032947,0.6338469982147217,0.5945956707000732,0.788835927330194,0.5362688302993774,0.7382965087890625,0.706912815119207,"{'hidden_dim': 100, 'n_layers': 5, 'ffn_hidden_dim': 300, 'ffn_n_layers': 3, 'dropout': 0.08587244022258457, 'aggregation': 'mean', 'lr': 0.0009858520914247221, 'weight_decay': 1.3419222072524315e-05, 'batch_size': 50, 'optimizer': 'adam', 'loss_strategy': 'huber'}",0.023006775462401596,0.6500370336032947,0.6222621202468872,0.4928864538669586,0.4529879689216614,0.8124905228614807,0.6552067995071411,0.6730438090656963,0.7818422567630502,0.4225481450557709,0.7982628345489502,0.7845569845897122
regressor,2d,gnn,220,random,1,42,0.4661470651626587,0.6160907900277416,0.6708471775054932,0.5364988446235657,0.7031862020347496,0.611146092414856,0.7898852229118347,0.7444775771743721,"{'hidden_dim': 100, 'n_layers': 5, 'ffn_hidden_dim': 300, 'ffn_n_layers': 2, 'dropout': 0.1512410591944703, 'aggregation': 'sum', 'lr': 0.0008083503597896605, 'weight_decay': 3.1033992772054735e-05, 'batch_size': 25, 'optimizer': 'adam', 'loss_strategy': 'mse'}",0.009199441046911172,0.6160907900277416,0.49447083473205566,0.4849236309528351,0.3909878730773926,0.842370331287384,0.7056655883789062,0.6252902310746528,0.7911940814770758,0.37956786155700684,0.8235176205635071,0.7799281283779625
regressor,2d,gnn,220,umap,5,42,0.4913738965988159,0.6761807490162631,0.6696881055831909,0.6164295673370361,0.8330367553977787,0.16715997457504272,0.4983352720737457,0.44491995313197336,"{'hidden_dim': 300, 'n_layers': 2, 'ffn_hidden_dim': 300, 'ffn_n_layers': 2, 'dropout': 0.2024570945865954, 'aggregation': 'sum', 'lr': 0.0007036070371490459, 'weight_decay': 6.565173983545763e-05, 'batch_size': 25, 'optimizer': 'adamw', 'loss_strategy': 'huber'}",-0.053131291029111405,0.6761807490162631,0.6939502358436584,0.4672295153141022,0.3881906270980835,0.8734743595123291,0.7138171195983887,0.6230494579871517,0.8384943793691931,0.4572204053401947,0.8265808820724487,0.724720478445391
regressor,2d,gnn,220,umap,3,42,0.49998679757118225,0.6561306209065447,0.6677969694137573,0.928108811378479,1.1795296468659417,0.014228463172912598,0.37778809666633606,0.4533737757824409,"{'hidden_dim': 500, 'n_layers': 3, 'ffn_hidden_dim': 400, 'ffn_n_layers': 2, 'dropout': 0.13380543750681112, 'aggregation': 'sum', 'lr': 0.0004962698775045238, 'weight_decay': 9.053749569931255e-05, 'batch_size': 25, 'optimizer': 'adamw', 'loss_strategy': 'huber'}",-0.08761430130390946,0.6561306209065447,1.3912901878356934,0.42422226071357727,0.32321080565452576,0.8658249974250793,0.7414849996566772,0.5685163196026353,0.8237617127506517,0.4305073916912079,0.8224419951438904,0.7769704082146511
regressor,2d,gnn,220,umap,2,42,0.46214500069618225,0.6199125177437995,0.7270554304122925,0.9094713926315308,1.1858163241473183,-0.6442344188690186,0.12945139408111572,0.15758372813559024,"{'hidden_dim': 200, 'n_layers': 4, 'ffn_hidden_dim': 400, 'ffn_n_layers': 2, 'dropout': 0.039952699235659875, 'aggregation': 'sum', 'lr': 0.0009447604355722925, 'weight_decay': 2.2264643176490524e-05, 'batch_size': 50, 'optimizer': 'adamw', 'loss_strategy': 'huber'}",-0.14659528977832864,0.6199125177437995,1.4061603546142578,0.33908554911613464,0.22402919828891754,0.9188736081123352,0.8400514125823975,0.4733172279654709,0.8966160066227488,0.38429152965545654,0.8582999110221863,0.8011729538535027
regressor,2d,gnn,220,umap,4,42,0.5239973068237305,0.6690081267554647,0.6933126449584961,0.8459820747375488,1.1090139419360372,-0.18155395984649658,0.2415781468153,0.17749901928293657,"{'hidden_dim': 400, 'n_layers': 5, 'ffn_hidden_dim': 300, 'ffn_n_layers': 3, 'dropout': 0.05942639953249357, 'aggregation': 'sum', 'lr': 0.0004319923626943238, 'weight_decay': 1.279869999984095e-05, 'batch_size': 25, 'optimizer': 'adam', 'loss_strategy': 'huber'}",-0.15624489534461883,0.6690081267554647,1.2299119234085083,0.370662122964859,0.2629261314868927,0.9048956036567688,0.8070557117462158,0.5127632314108459,0.8723479366195873,0.44757187366485596,0.8332183361053467,0.7504347390684428
regressor,2d,gnn,220,umap,1,42,0.43787330389022827,0.5795399388052517,0.7328584790229797,1.111952781677246,1.5562755965613522,-0.4013488292694092,0.01002908032387495,0.014650903904510513,"{'hidden_dim': 100, 'n_layers': 5, 'ffn_hidden_dim': 200, 'ffn_n_layers': 3, 'dropout': 0.06688838216063347, 'aggregation': 'sum', 'lr': 0.0006941031574877813, 'weight_decay': 3.512741052811795e-05, 'batch_size': 25, 'optimizer': 'adamw', 'loss_strategy': 'huber'}",-0.05530648395047033,0.5795399388052517,2.4219937324523926,0.3845161497592926,0.2748207151889801,0.8666424751281738,0.7463921308517456,0.5242334548547813,0.8591113297022887,0.3358665406703949,0.8572930097579956,0.8239465028234074
regressor,2d,gnn,220,time,5,42,0.5123687982559204,0.669823886833993,0.6364914774894714,0.60038822889328,0.8361803931902192,0.1591913104057312,0.5517537593841553,0.331474007143763,"{'hidden_dim': 300, 'n_layers': 2, 'ffn_hidden_dim': 400, 'ffn_n_layers': 3, 'dropout': 0.015062977682267747, 'aggregation': 'sum', 'lr': 0.00028775416584890854, 'weight_decay': 7.842383786626937e-05, 'batch_size': 25, 'optimizer': 'adamw', 'loss_strategy': 'huber'}",-0.16939944349675962,0.669823886833993,0.6991976499557495,0.38993504643440247,0.2504246234893799,0.9145296812057495,0.8169218301773071,0.5004244433372333,0.8896201780892397,0.4486640393733978,0.8014269471168518,0.777599496543208
regressor,2d,gnn,220,time,3,42,0.6514317989349365,0.8424788542564331,0.5298147201538086,0.9463089108467102,1.2804998202042637,-0.20568859577178955,0.15984871983528137,0.19346443794526202,"{'hidden_dim': 100, 'n_layers': 3, 'ffn_hidden_dim': 400, 'ffn_n_layers': 3, 'dropout': 0.14148672484683386, 'aggregation': 'sum', 'lr': 0.000462765808956698, 'weight_decay': 4.290311480883556e-05, 'batch_size': 50, 'optimizer': 'adam', 'loss_strategy': 'huber'}",-0.19230470639426678,0.8424788542564331,1.6396797895431519,0.5076401233673096,0.42272642254829407,0.8169190883636475,0.6545246839523315,0.6501741478621663,0.8043625317143359,0.7097706198692322,0.730957567691803,0.7384617412706579
regressor,2d,gnn,220,time,2,42,0.5721924304962158,0.7473509417265006,0.4205120801925659,1.037031888961792,1.3203054574631887,-0.39252614974975586,0.14112171530723572,0.20353412602075788,"{'hidden_dim': 300, 'n_layers': 5, 'ffn_hidden_dim': 400, 'ffn_n_layers': 1, 'dropout': 0.11144406690148398, 'aggregation': 'mean', 'lr': 0.00040361287841360105, 'weight_decay': 1.616007058017147e-05, 'batch_size': 25, 'optimizer': 'adam', 'loss_strategy': 'mae'}",0.07578430059952124,0.7473509417265006,1.74320650100708,0.6204159259796143,0.6775516271591187,0.7067689895629883,0.498538076877594,0.8231352423260219,0.725111900509151,0.5585334300994873,0.6514782905578613,0.6367098249122329
regressor,2d,gnn,220,time,4,42,0.5521063804626465,0.6748564682345215,0.5988225936889648,0.9395661950111389,1.268889044673314,-0.11536169052124023,0.17807507514953613,0.19769300235748088,"{'hidden_dim': 200, 'n_layers': 2, 'ffn_hidden_dim': 100, 'ffn_n_layers': 3, 'dropout': 0.1885235085967789, 'aggregation': 'sum', 'lr': 0.0009662678050410985, 'weight_decay': 4.903915171631178e-06, 'batch_size': 25, 'optimizer': 'adam', 'loss_strategy': 'mse'}",-0.025821301363898153,0.6748564682345215,1.6100794076919556,0.5042897462844849,0.42124664783477783,0.8181183934211731,0.6684263348579407,0.6490351668706233,0.7830501056069122,0.4554312527179718,0.7749696969985962,0.7626611311710221
regressor,2d,gnn,220,time,1,42,0.7590253949165344,0.9023649204957845,0.18316620588302612,1.0086675882339478,1.2309366941001483,-0.18185293674468994,0.09915818274021149,0.17333655869719683,"{'hidden_dim': 400, 'n_layers': 3, 'ffn_hidden_dim': 400, 'ffn_n_layers': 2, 'dropout': 0.29949042564903783, 'aggregation': 'mean', 'lr': 2.523332102592339e-05, 'weight_decay': 2.3017443116818703e-05, 'batch_size': 25, 'optimizer': 'adam', 'loss_strategy': 'mae'}",0.15374978000434958,0.9023649204957845,1.5152051448822021,0.8517429232597351,1.1153782606124878,0.35578346252441406,0.12299501895904541,1.0561147005001341,0.3657583103900278,0.8142624497413635,0.43682676553726196,0.38967007772939327
regressor,2d,gnn,220,butina,5,42,0.4805063307285309,0.6104049537194577,0.7714730501174927,0.6544133424758911,0.844672581706403,0.03315114974975586,0.39941584508920114,0.402628416211903,"{'hidden_dim': 200, 'n_layers': 4, 'ffn_hidden_dim': 200, 'ffn_n_layers': 3, 'dropout': 0.11889366857594487, 'aggregation': 'sum', 'lr': 0.00036470766822538565, 'weight_decay': 1.5957870411020007e-05, 'batch_size': 25, 'optimizer': 'adamw', 'loss_strategy': 'mse'}",-0.07426969537178074,0.6104049537194577,0.7134717702865601,0.4048847258090973,0.2874410152435303,0.8941315510519184,0.7970269918441772,0.536135258347677,0.865830181832101,0.3725942075252533,0.878944887886507,0.837083596781985
regressor,2d,gnn,220,butina,3,42,0.45649516582489014,0.6224178858299163,0.6583143472671509,0.7487516403198242,1.1271496474147682,0.1090821623802185,0.4007479018032177,0.48050883899894575,"{'hidden_dim': 400, 'n_layers': 4, 'ffn_hidden_dim': 400, 'ffn_n_layers': 2, 'dropout': 0.05543150914402492, 'aggregation': 'mean', 'lr': 0.0002474181767775434, 'weight_decay': 5.30504172490741e-05, 'batch_size': 50, 'optimizer': 'adamw', 'loss_strategy': 'huber'}",0.08082305021603309,0.6224178858299163,1.2704663276672363,0.5057902932167053,0.4945478141307831,0.7869308529911592,0.6130446195602417,0.7032409360459494,0.7823661098702952,0.38740402460098267,0.8139829131256902,0.772986893906834
regressor,2d,gnn,220,butina,2,42,0.46214425563812256,0.620256399313078,0.6169142723083496,1.1254856586456299,1.5539270582766933,-0.40819060802459717,0.19404946641097492,0.23627520047070344,"{'hidden_dim': 400, 'n_layers': 4, 'ffn_hidden_dim': 400, 'ffn_n_layers': 2, 'dropout': 0.029235366745082696, 'aggregation': 'sum', 'lr': 0.0006947629349787118, 'weight_decay': 4.9594224881684834e-05, 'batch_size': 25, 'optimizer': 'adamw', 'loss_strategy': 'huber'}",-0.11591105900731913,0.620256399313078,2.414689302444458,0.37272751331329346,0.2543642222881317,0.9018156143705358,0.7884626388549805,0.5043453403057588,0.8799942493343061,0.38471800088882446,0.789632656914446,0.7766357385540097
regressor,2d,gnn,220,butina,4,42,0.5037341713905334,0.7153214073043203,0.6711516380310059,0.820722222328186,1.0137426098084983,0.0592837929725647,0.4537181380747676,0.34865558656937173,"{'hidden_dim': 400, 'n_layers': 3, 'ffn_hidden_dim': 400, 'ffn_n_layers': 3, 'dropout': 0.06155200976618641, 'aggregation': 'sum', 'lr': 0.0009143209320118032, 'weight_decay': 9.30534038240026e-05, 'batch_size': 50, 'optimizer': 'adam', 'loss_strategy': 'huber'}",-0.16583724780617515,0.7153214073043203,1.0276740789413452,0.42341822385787964,0.30193284153938293,0.8816607645997829,0.7716391682624817,0.5494841594981451,0.8542419944583534,0.5116847157478333,0.8261953222687919,0.7814824887241215
regressor,2d,gnn,220,butina,1,42,0.428962767124176,0.5566695356390264,0.6654630899429321,1.3420921564102173,1.757611682864998,-1.4882519245147705,0.3089936646179473,0.35215058688174533,"{'hidden_dim': 400, 'n_layers': 6, 'ffn_hidden_dim': 200, 'ffn_n_layers': 2, 'dropout': 0.03919586121382283, 'aggregation': 'sum', 'lr': 0.0005624951469625328, 'weight_decay': 3.4506140438003875e-07, 'batch_size': 50, 'optimizer': 'adamw', 'loss_strategy': 'huber'}",0.013620180234517942,0.5566695356390264,3.0891988277435303,0.4068664610385895,0.32523036003112793,0.8806988164651781,0.7531353831291199,0.5702897158735444,0.836391329063601,0.30988097190856934,0.82868954988933,0.7634796584876701
regressor,2d,gnn,220,diverse_25,5,42,0.7111676335334778,0.9016136088834373,0.003791332244873047,0.9398535490036011,1.2109326270220753,-0.05968797206878662,0.16135618090629578,0.17508530005250977,"{'hidden_dim': 400, 'n_layers': 6, 'ffn_hidden_dim': 100, 'ffn_n_layers': 1, 'dropout': 0.1260967978943138, 'aggregation': 'mean', 'lr': 5.104774336991966e-05, 'weight_decay': 9.221336269629797e-05, 'batch_size': 50, 'optimizer': 'adam', 'loss_strategy': 'huber'}",0.18357765557272543,0.9016136088834373,1.4663578271865845,0.8141593933105469,1.1776400804519653,0.17416119575500488,0.0037100911140441895,1.0851912644561628,0.23445907013955122,0.8129070997238159,0.10986323654651642,0.12929084715295716
regressor,2d,gnn,220,diverse_25,3,42,0.8136159777641296,0.9760788597313379,0.006439626216888428,0.771540105342865,0.9597780008725258,0.014834463596343994,0.3700510561466217,0.3521192134921451,"{'hidden_dim': 500, 'n_layers': 6, 'ffn_hidden_dim': 400, 'ffn_n_layers': 2, 'dropout': 0.23388496485612, 'aggregation': 'mean', 'lr': 0.0005427715191800081, 'weight_decay': 5.2453378845344995e-05, 'batch_size': 25, 'optimizer': 'adamw', 'loss_strategy': 'huber'}",0.1548401257543035,0.9760788597313379,0.9211738109588623,0.9118081331253052,1.2789777517318726,0.2000681459903717,0.015235066413879395,1.1309189854856414,0.2241226857682224,0.9527299404144287,0.12689730525016785,0.10917593171435384
regressor,2d,gnn,220,diverse_25,2,42,0.8179217576980591,1.0467417048528074,0.1641356348991394,1.015202283859253,1.1757352192635255,-0.3081625699996948,-0.01303187757730484,0.004377586366997561,"{'hidden_dim': 500, 'n_layers': 3, 'ffn_hidden_dim': 100, 'ffn_n_layers': 2, 'dropout': 0.0003636314279330524, 'aggregation': 'mean', 'lr': 0.0006677861412088598, 'weight_decay': 9.230420576649773e-05, 'batch_size': 25, 'optimizer': 'adamw', 'loss_strategy': 'mae'}",0.005580064105230376,1.0467417048528074,1.3823533058166504,0.8344456553459167,1.1073811054229736,0.3076404333114624,0.030255138874053955,1.0523217689580378,0.3566428169460916,1.0956681966781616,0.42647460103034973,0.4404828937244507
regressor,2d,gnn,220,diverse_25,4,42,0.8588576316833496,1.0257742028092371,0.029156208038330078,0.8997054100036621,1.1984642712165554,-0.04698622226715088,-0.037751130759716034,0.08021615078047614,"{'hidden_dim': 500, 'n_layers': 6, 'ffn_hidden_dim': 200, 'ffn_n_layers': 1, 'dropout': 0.1645779598610938, 'aggregation': 'mean', 'lr': 1.916998681327838e-05, 'weight_decay': 7.200401770600123e-05, 'batch_size': 25, 'optimizer': 'adam', 'loss_strategy': 'mse'}",0.025851273519519324,1.0257742028092371,1.4363166093826294,0.8447362780570984,1.105916142463684,0.19429801404476166,0.009370267391204834,1.0516254763287565,0.22876044479270033,1.0522127151489258,0.1763918250799179,0.2452426851361902
regressor,2d,gnn,220,diverse_25,1,42,0.9010761380195618,1.1496234920152117,0.0274810791015625,0.8538534045219421,1.0435143233240658,-0.05075335502624512,0.024748096242547035,-0.03939885478287611,"{'hidden_dim': 200, 'n_layers': 6, 'ffn_hidden_dim': 400, 'ffn_n_layers': 1, 'dropout': 0.2627947992625225, 'aggregation': 'mean', 'lr': 1.4252086253810712e-05, 'weight_decay': 6.486497781650887e-05, 'batch_size': 25, 'optimizer': 'adam', 'loss_strategy': 'mse'}",-0.022361531245558952,1.1496234920152117,1.088922142982483,0.9027875065803528,1.2707195281982422,-0.13745728135108948,-0.09250283241271973,1.1272619607696528,-0.05330558960179516,1.3216341733932495,0.16597718000411987,0.2478191998154114
regressor,2d,gnn,260,scaffold,5,42,0.5783175230026245,0.735964252609306,0.6242008209228516,0.6666586399078369,0.8384258277128931,0.4556506276130676,0.676041841506958,0.664570487889546,"{'hidden_dim': 200, 'n_layers': 6, 'ffn_hidden_dim': 300, 'ffn_n_layers': 2, 'dropout': 0.28466071167614304, 'aggregation': 'sum', 'lr': 0.0009949353532189523, 'weight_decay': 1.890733526049455e-06, 'batch_size': 25, 'optimizer': 'adamw', 'loss_strategy': 'huber'}",-0.09012837871309987,0.735964252609306,0.7029578685760498,0.4919314384460449,0.41710397601127625,0.808549165725708,0.6515586972236633,0.6458358738962061,0.8125853820416579,0.5416433811187744,0.7923083305358887,0.8124653157598035
regressor,2d,gnn,260,scaffold,3,42,0.5070680975914001,0.6599692582065662,0.613182544708252,0.6516109704971313,0.8965687431578131,0.5084859132766724,0.7311605215072632,0.7378260612380125,"{'hidden_dim': 300, 'n_layers': 6, 'ffn_hidden_dim': 400, 'ffn_n_layers': 1, 'dropout': 0.04536471391545557, 'aggregation': 'mean', 'lr': 0.000500906003067342, 'weight_decay': 5.0216595967866125e-06, 'batch_size': 25, 'optimizer': 'adam', 'loss_strategy': 'huber'}",-0.15741685615562118,0.6599692582065662,0.8038355112075806,0.3698098659515381,0.2525589168071747,0.8822644948959351,0.7781151533126831,0.502552402050945,0.8809415001935544,0.4355594217777252,0.786910355091095,0.7922440446397274
regressor,2d,gnn,260,scaffold,2,42,0.5591008067131042,0.6940647674138777,0.5933449268341064,0.5341305136680603,0.6833227873973092,0.5733294486999512,0.760604739189148,0.766860718883439,"{'hidden_dim': 400, 'n_layers': 4, 'ffn_hidden_dim': 300, 'ffn_n_layers': 1, 'dropout': 0.11258384223015648, 'aggregation': 'mean', 'lr': 0.000566288210991757, 'weight_decay': 7.969814275492501e-05, 'batch_size': 25, 'optimizer': 'adamw', 'loss_strategy': 'mae'}",-0.08170452292009622,0.6940647674138777,0.4669300317764282,0.4448707103729248,0.37498506903648376,0.8421269655227661,0.7056918740272522,0.6123602444937815,0.8446799566144954,0.48172590136528015,0.7704521417617798,0.7426480923433767
regressor,2d,gnn,260,scaffold,4,42,0.511110782623291,0.6333295570018349,0.7075343728065491,0.6743937134742737,0.9087166923600141,0.27792006731033325,0.6362152695655823,0.6451683512686696,"{'hidden_dim': 300, 'n_layers': 5, 'ffn_hidden_dim': 400, 'ffn_n_layers': 2, 'dropout': 0.05425041164542236, 'aggregation': 'sum', 'lr': 0.0007491428375631609, 'weight_decay': 9.934332746382277e-05, 'batch_size': 25, 'optimizer': 'adamw', 'loss_strategy': 'huber'}",-0.22973288908649697,0.6333295570018349,0.8257660269737244,0.30638355016708374,0.1628902703523636,0.9334868788719177,0.8693513870239258,0.40359666791533794,0.9361612376999218,0.4011063277721405,0.8448836803436279,0.8418166965951166
regressor,2d,gnn,260,scaffold,1,42,0.49869102239608765,0.6373659366936589,0.6555899381637573,0.6583346128463745,0.839465424246527,0.28380149602890015,0.6592857893229397,0.6373204602865674,"{'hidden_dim': 400, 'n_layers': 6, 'ffn_hidden_dim': 200, 'ffn_n_layers': 2, 'dropout': 0.10514926369563586, 'aggregation': 'sum', 'lr': 0.0006035761860123614, 'weight_decay': 3.4506140438003875e-07, 'batch_size': 25, 'optimizer': 'adamw', 'loss_strategy': 'huber'}",-0.05525788577551061,0.6373659366936589,0.7047021985054016,0.4327082633972168,0.3388497829437256,0.8682186791475228,0.7403044700622559,0.5821080509181483,0.8757351590982981,0.40623533725738525,0.8312878691039347,0.8165503182705747
regressor,2d,gnn,260,random,5,42,0.6178818941116333,0.7553955153084954,0.5655920505523682,0.569480836391449,0.7177144759477723,0.5533595085144043,0.7646107700388709,0.7588696633321016,"{'hidden_dim': 100, 'n_layers': 6, 'ffn_hidden_dim': 400, 'ffn_n_layers': 3, 'dropout': 0.038178036154560335, 'aggregation': 'sum', 'lr': 0.0003275722615292637, 'weight_decay': 4.304893803842718e-06, 'batch_size': 50, 'optimizer': 'adamw', 'loss_strategy': 'huber'}",-0.08818708125728336,0.7553955153084954,0.5151140689849854,0.5152260661125183,0.44516709446907043,0.81303511134722,0.6441302299499512,0.667208434051212,0.8148081671770594,0.5706223845481873,0.7551487056471533,0.7401013683903958
regressor,2d,gnn,260,random,3,42,0.5643235445022583,0.7004535151094234,0.5609865188598633,0.5955895781517029,0.7729795622276656,0.5051313638687134,0.7259791312867596,0.7275266882680164,"{'hidden_dim': 200, 'n_layers': 4, 'ffn_hidden_dim': 100, 'ffn_n_layers': 1, 'dropout': 0.0019125052472774642, 'aggregation': 'mean', 'lr': 0.0003720011544023769, 'weight_decay': 2.8387617736937386e-05, 'batch_size': 25, 'optimizer': 'adam', 'loss_strategy': 'huber'}",-0.032622063705262216,0.7004535151094234,0.5974974036216736,0.5119940638542175,0.4459988474845886,0.8116977411390124,0.6449769139289856,0.6678314514041612,0.8143913614367426,0.49063512682914734,0.7511049708234785,0.7177165238311122
regressor,2d,gnn,260,random,2,42,0.5567452311515808,0.6992049402333019,0.6185327768325806,0.6006726026535034,0.8424394814463513,0.419369637966156,0.7105750229998091,0.733735238949511,"{'hidden_dim': 400, 'n_layers': 3, 'ffn_hidden_dim': 200, 'ffn_n_layers': 2, 'dropout': 0.0593475094590412, 'aggregation': 'sum', 'lr': 0.000554442472781008, 'weight_decay': 7.351670713989047e-05, 'batch_size': 25, 'optimizer': 'adamw', 'loss_strategy': 'huber'}",-0.1087423465548687,0.6992049402333019,0.7097042798995972,0.45062965154647827,0.3486460745334625,0.8565332638663921,0.7173324823379517,0.5904625936784332,0.8614817520879524,0.4888875484466553,0.7923650945795581,0.788325688044635
regressor,2d,gnn,260,random,4,42,0.5446213483810425,0.7151340666371049,0.6357269287109375,0.5612072348594666,0.752469883503035,0.542736291885376,0.7503242261219611,0.755065693512245,"{'hidden_dim': 200, 'n_layers': 4, 'ffn_hidden_dim': 200, 'ffn_n_layers': 2, 'dropout': 0.008539200735044383, 'aggregation': 'sum', 'lr': 0.0006872795811158867, 'weight_decay': 3.404551570307582e-05, 'batch_size': 25, 'optimizer': 'adamw', 'loss_strategy': 'mse'}",-0.2264076612799487,0.7151340666371049,0.566210925579071,0.38316184282302856,0.23885349929332733,0.9014353718915143,0.8036030530929565,0.48872640535715617,0.9027766603223287,0.5114167332649231,0.7989684432931812,0.7780694155016756
regressor,2d,gnn,260,random,1,42,0.5072346329689026,0.6180978652197622,0.6656262874603271,0.589101254940033,0.7483868336899198,0.5876432657241821,0.7931071322504352,0.7736067657182233,"{'hidden_dim': 400, 'n_layers': 4, 'ffn_hidden_dim': 300, 'ffn_n_layers': 3, 'dropout': 0.004633581619592986, 'aggregation': 'sum', 'lr': 0.0004186319815246826, 'weight_decay': 8.711947615458641e-06, 'batch_size': 25, 'optimizer': 'adamw', 'loss_strategy': 'mse'}",-0.1340901690957203,0.6180978652197622,0.5600828528404236,0.3557506799697876,0.23426344990730286,0.9025776828094546,0.8060984015464783,0.4840076961240419,0.9092037209036529,0.3820449709892273,0.8210089951289188,0.8095718992529921
regressor,2d,gnn,260,umap,5,42,0.5665845274925232,0.7354760134329988,0.518071174621582,0.9386312365531921,1.1307654992440743,0.08529597520828247,0.540205717086792,0.5156299380847204,"{'hidden_dim': 300, 'n_layers': 5, 'ffn_hidden_dim': 300, 'ffn_n_layers': 3, 'dropout': 0.07704031786901253, 'aggregation': 'sum', 'lr': 0.000979455966552705, 'weight_decay': 3.882369229485236e-05, 'batch_size': 50, 'optimizer': 'adamw', 'loss_strategy': 'huber'}",-0.18178141142080695,0.7354760134329988,1.2786306142807007,0.4262630343437195,0.3065777122974396,0.8636811971664429,0.7410506010055542,0.5536946020121919,0.8638196844192725,0.5409249663352966,0.7372248768806458,0.7459897939356419
regressor,2d,gnn,260,umap,3,42,0.515809178352356,0.6718329039404873,0.5576546788215637,0.8027963042259216,0.9430084839597997,0.2947033643722534,0.5601772665977478,0.5165665035803279,"{'hidden_dim': 200, 'n_layers': 5, 'ffn_hidden_dim': 400, 'ffn_n_layers': 2, 'dropout': 0.1000466204692412, 'aggregation': 'mean', 'lr': 0.000208356882399018, 'weight_decay': 8.654157394096292e-05, 'batch_size': 25, 'optimizer': 'adamw', 'loss_strategy': 'huber'}",0.02392058951842324,0.6718329039404873,0.8892650008201599,0.5198020935058594,0.4840729236602783,0.782423198223114,0.6072765588760376,0.6957534934589106,0.7808812465801412,0.45135945081710815,0.7483259439468384,0.7605157569219536
regressor,2d,gnn,260,umap,2,42,0.48133715987205505,0.6069043275953829,0.6733651161193848,1.0210652351379395,1.263413557627286,-0.6842654943466187,-0.008229730650782585,0.07622983928373307,"{'hidden_dim': 400, 'n_layers': 4, 'ffn_hidden_dim': 400, 'ffn_n_layers': 1, 'dropout': 0.19575045714413697, 'aggregation': 'mean', 'lr': 0.0006167508598503774, 'weight_decay': 5.1656908699339084e-05, 'batch_size': 50, 'optimizer': 'adamw', 'loss_strategy': 'huber'}",0.05238919194514924,0.6069043275953829,1.5962138175964355,0.5099269151687622,0.4346679449081421,0.8100199103355408,0.6555997729301453,0.6592935195405322,0.8042764938871411,0.3683328628540039,0.823032796382904,0.8276723629633422
regressor,2d,gnn,260,umap,4,42,0.4948817491531372,0.6335047244217199,0.6765034198760986,1.0275497436523438,1.2862778612980377,-0.097176194190979,0.637191653251648,0.5718447217521103,"{'hidden_dim': 100, 'n_layers': 5, 'ffn_hidden_dim': 300, 'ffn_n_layers': 2, 'dropout': 0.15678786829430622, 'aggregation': 'sum', 'lr': 0.0009444584179129176, 'weight_decay': 5.387987373281008e-05, 'batch_size': 25, 'optimizer': 'adam', 'loss_strategy': 'mse'}",0.011447992742588564,0.6335047244217199,1.654510736465454,0.49159207940101624,0.4159640073776245,0.8272539973258972,0.6442884206771851,0.6449527171643085,0.833881358508346,0.4013282358646393,0.8319152593612671,0.8428793369709948
regressor,2d,gnn,260,umap,1,42,0.6070424318313599,0.7798608636860405,0.5227817893028259,0.90118408203125,1.0946483737270483,-0.4582102298736572,0.06212526559829712,0.03887052907440374,"{'hidden_dim': 300, 'n_layers': 6, 'ffn_hidden_dim': 300, 'ffn_n_layers': 1, 'dropout': 0.09461493599028789, 'aggregation': 'mean', 'lr': 0.0006583919881143847, 'weight_decay': 3.4671070619661778e-06, 'batch_size': 25, 'optimizer': 'adamw', 'loss_strategy': 'huber'}",-0.260063800155381,0.7798608636860405,1.1982550621032715,0.40373694896698,0.27018898725509644,0.8948174118995667,0.7991604208946228,0.5197970635306595,0.8998005315531056,0.608182966709137,0.7323592901229858,0.7336407121473829
regressor,2d,gnn,260,time,5,42,0.5331994891166687,0.6841950741801041,0.6153200268745422,0.9285005927085876,1.1725962644479462,-0.2274845838546753,0.21907682716846466,0.20044220246431443,"{'hidden_dim': 400, 'n_layers': 6, 'ffn_hidden_dim': 400, 'ffn_n_layers': 1, 'dropout': 0.10222585200107691, 'aggregation': 'mean', 'lr': 0.0005491989217043324, 'weight_decay': 8.96828078116879e-05, 'batch_size': 50, 'optimizer': 'adam', 'loss_strategy': 'mse'}",-0.10926940545830632,0.6841950741801041,1.3749819993972778,0.4454350471496582,0.3305395245552063,0.8601486086845398,0.7391743659973145,0.5749256687217977,0.8605238846615603,0.4681228995323181,0.7872718572616577,0.7801633140137287
regressor,2d,gnn,260,time,3,42,0.5455874800682068,0.7449667842552141,0.5403738021850586,0.8697315454483032,1.0863191770907277,-0.031172871589660645,0.3418393135070801,0.308391637135522,"{'hidden_dim': 400, 'n_layers': 3, 'ffn_hidden_dim': 400, 'ffn_n_layers': 3, 'dropout': 0.2087313886635393, 'aggregation': 'sum', 'lr': 0.0009935774499645578, 'weight_decay': 4.386015359949313e-05, 'batch_size': 25, 'optimizer': 'adamw', 'loss_strategy': 'mse'}",-0.1640777102745915,0.7449667842552141,1.1800893545150757,0.459512323141098,0.3374321162700653,0.8491523265838623,0.7193219661712646,0.5808890739806226,0.8445846104352139,0.5549755096435547,0.7358123064041138,0.71789603743487
regressor,2d,gnn,260,time,2,42,0.5886370539665222,0.6971361269761406,0.6042598485946655,0.8453467488288879,1.0573875621784947,0.04443866014480591,0.3906164765357971,0.3573033842601641,"{'hidden_dim': 400, 'n_layers': 4, 'ffn_hidden_dim': 300, 'ffn_n_layers': 2, 'dropout': 0.049894543060194176, 'aggregation': 'mean', 'lr': 0.00013842922228861248, 'weight_decay': 2.4159213609744154e-05, 'batch_size': 25, 'optimizer': 'adamw', 'loss_strategy': 'huber'}",-0.0893278761126518,0.6971361269761406,1.1180684566497803,0.46971607208251953,0.36943086981773376,0.8513051271438599,0.7237489223480225,0.6078082508634888,0.8370645808220047,0.4859987795352936,0.7775839567184448,0.8011485114685617
regressor,2d,gnn,260,time,4,42,0.5144042372703552,0.6850275969341126,0.6733802556991577,0.9169046878814697,1.164335590049842,-0.20467925071716309,0.13941903412342072,0.1638927651279692,"{'hidden_dim': 100, 'n_layers': 4, 'ffn_hidden_dim': 400, 'ffn_n_layers': 2, 'dropout': 0.028624013606588616, 'aggregation': 'mean', 'lr': 0.0009224199074876104, 'weight_decay': 2.9279086117453448e-05, 'batch_size': 25, 'optimizer': 'adamw', 'loss_strategy': 'mse'}",-0.052308022247104735,0.6850275969341126,1.3556773662567139,0.4988401234149933,0.40033406019210815,0.8251103162765503,0.6724981665611267,0.6327195746870079,0.8251227445625292,0.4692628085613251,0.8231091499328613,0.8193188217199788
regressor,2d,gnn,260,time,1,42,0.3563230633735657,0.476676301969944,0.7609736919403076,0.8657212853431702,1.0766013615961905,-0.015088081359863281,0.3188408613204956,0.2877938024843451,"{'hidden_dim': 500, 'n_layers': 2, 'ffn_hidden_dim': 400, 'ffn_n_layers': 2, 'dropout': 0.20177088456307668, 'aggregation': 'mean', 'lr': 0.00020973625057208806, 'weight_decay': 1.8954435344743987e-05, 'batch_size': 25, 'optimizer': 'adamw', 'loss_strategy': 'huber'}",0.24759985303946258,0.476676301969944,1.1590704917907715,0.5510304570198059,0.52457594871521,0.8047665357589722,0.6459805965423584,0.7242761550094066,0.7993537340531032,0.2272202968597412,0.8730798363685608,0.8920637720059532
regressor,2d,gnn,260,butina,5,42,0.5676617622375488,0.7435982797849026,0.5053780674934387,0.8197066187858582,1.0070593333564157,0.44291001558303833,0.6979695046325587,0.7150375684536671,"{'hidden_dim': 300, 'n_layers': 3, 'ffn_hidden_dim': 400, 'ffn_n_layers': 2, 'dropout': 0.06283481532023175, 'aggregation': 'mean', 'lr': 0.0007495303947542302, 'weight_decay': 3.296442241519324e-05, 'batch_size': 25, 'optimizer': 'adam', 'loss_strategy': 'huber'}",-0.13117214242178377,0.7435982797849026,1.0141685009002686,0.4616072475910187,0.37506577372550964,0.7994290234495269,0.6378094553947449,0.6124261373631188,0.801206853490452,0.5529384016990662,0.7161854387108263,0.744353434877253
regressor,2d,gnn,260,butina,3,42,0.5901229381561279,0.7742604587995279,0.5956212282180786,0.818200409412384,1.0431850937617935,-0.09554910659790039,0.333801848556114,0.322054408100661,"{'hidden_dim': 500, 'n_layers': 5, 'ffn_hidden_dim': 400, 'ffn_n_layers': 3, 'dropout': 0.10748058598396165, 'aggregation': 'mean', 'lr': 0.00013029460067849865, 'weight_decay': 5.8118636121939346e-05, 'batch_size': 25, 'optimizer': 'adamw', 'loss_strategy': 'mse'}",-0.12694139985472808,0.7742604587995279,1.0882351398468018,0.5006809234619141,0.41902196407318115,0.8185515776921264,0.6698957085609436,0.6473190589447998,0.8160849073157159,0.5994792580604553,0.7745648005474759,0.7645031525261277
regressor,2d,gnn,260,butina,2,42,0.5140437483787537,0.6248301036705799,0.6512866616249084,0.7575161457061768,0.9497577094748959,0.18713611364364624,0.6539472781036363,0.6450362206781469,"{'hidden_dim': 500, 'n_layers': 6, 'ffn_hidden_dim': 400, 'ffn_n_layers': 3, 'dropout': 0.020824922309325554, 'aggregation': 'sum', 'lr': 0.0009436522084001231, 'weight_decay': 3.160314025196655e-05, 'batch_size': 50, 'optimizer': 'adam', 'loss_strategy': 'huber'}",0.00492293661157206,0.6248301036705799,0.9020397067070007,0.4844222664833069,0.39658889174461365,0.8404674729629347,0.6883447766304016,0.629753040282152,0.8456396368573793,0.39041265845298767,0.8255668598919259,0.7921926357842558
regressor,2d,gnn,260,butina,4,42,0.5361368656158447,0.7112432807377032,0.6664819717407227,0.9505882263183594,1.154192304957638,-0.41768741607666016,0.10193431160043928,0.05340549585303614,"{'hidden_dim': 200, 'n_layers': 3, 'ffn_hidden_dim': 300, 'ffn_n_layers': 3, 'dropout': 0.12190161423372012, 'aggregation': 'sum', 'lr': 0.000501728572886891, 'weight_decay': 4.485182163369721e-05, 'batch_size': 25, 'optimizer': 'adam', 'loss_strategy': 'huber'}",-0.10170999135956105,0.7112432807377032,1.3321598768234253,0.47312670946121216,0.37153083086013794,0.8464297206231219,0.7114162445068359,0.6095332893781421,0.8488388494420732,0.5058670043945312,0.818823449019712,0.8249836851941502
regressor,2d,gnn,260,butina,1,42,0.5791400074958801,0.7380772061423301,0.5422509908676147,0.628200113773346,0.810067386590973,0.26771724224090576,0.6172863267402231,0.587351254644064,"{'hidden_dim': 100, 'n_layers': 3, 'ffn_hidden_dim': 400, 'ffn_n_layers': 3, 'dropout': 0.038624476799114876, 'aggregation': 'sum', 'lr': 0.0007494204262241379, 'weight_decay': 3.498740741252846e-05, 'batch_size': 25, 'optimizer': 'adamw', 'loss_strategy': 'mse'}",-0.21823889205129243,0.7380772061423301,0.6562091708183289,0.4108792543411255,0.27023187279701233,0.8880038117362015,0.7840650081634521,0.5198383140910376,0.886970392077619,0.5447579622268677,0.7489372224040659,0.7338636689752109
regressor,2d,gnn,260,diverse_25,5,42,0.7205004096031189,0.877556709945853,0.3069199323654175,0.9082032442092896,1.1086073355080897,0.07512396574020386,0.439494581894113,0.433810911468112,"{'hidden_dim': 400, 'n_layers': 2, 'ffn_hidden_dim': 400, 'ffn_n_layers': 3, 'dropout': 0.0011493543917224607, 'aggregation': 'mean', 'lr': 0.0007880524740591217, 'weight_decay': 5.1275987012630745e-05, 'batch_size': 25, 'optimizer': 'adam', 'loss_strategy': 'mse'}",0.12061225775939088,0.877556709945853,1.2290102243423462,0.8291869163513184,0.9963412880897522,0.4877820992488333,0.20345133543014526,0.9981689677052439,0.4779955661989286,0.77010577917099,0.561889571256932,0.5886366678195114
regressor,2d,gnn,260,diverse_25,3,42,0.904167890548706,1.1036304515410607,0.22055888175964355,0.8280510902404785,0.9682490991952155,0.21360349655151367,0.46236442415605666,0.4375555011919226,"{'hidden_dim': 100, 'n_layers': 3, 'ffn_hidden_dim': 200, 'ffn_n_layers': 3, 'dropout': 0.06801478744917802, 'aggregation': 'mean', 'lr': 0.000860553249979922, 'weight_decay': 4.075773504045e-05, 'batch_size': 50, 'optimizer': 'adam', 'loss_strategy': 'huber'}",-0.1820608395447143,1.1036304515410607,0.9375063180923462,0.7440357208251953,0.8492905497550964,0.5425986594239922,0.2865261435508728,0.9215696119963463,0.5191358602974586,1.2180001735687256,0.4757629972695039,0.44894691903103845
regressor,2d,gnn,260,diverse_25,2,42,0.7685063481330872,0.9417890348230733,0.3843383193016052,0.8650502562522888,1.0372946478519989,0.17698216438293457,0.4492251280837932,0.4337577071874288,"{'hidden_dim': 400, 'n_layers': 2, 'ffn_hidden_dim': 400, 'ffn_n_layers': 1, 'dropout': 0.10893502100916264, 'aggregation': 'mean', 'lr': 0.0007896440345238886, 'weight_decay': 4.824537671503944e-05, 'batch_size': 25, 'optimizer': 'adamw', 'loss_strategy': 'mae'}",-0.07026940869801535,0.9417890348230733,1.0759801864624023,0.6897158622741699,0.7595464587211609,0.601322783158873,0.35909080505371094,0.871519626125058,0.6035051898993687,0.8869665861129761,0.6432058365247362,0.6198444770836992
regressor,2d,gnn,260,diverse_25,4,42,0.8216701745986938,1.0240345152685546,0.1766653060913086,0.8721568584442139,1.1418684883119923,-0.12604105472564697,0.4411267607229184,0.48351275600583027,"{'hidden_dim': 300, 'n_layers': 5, 'ffn_hidden_dim': 400, 'ffn_n_layers': 3, 'dropout': 0.17917642272964576, 'aggregation': 'sum', 'lr': 0.0006108717026637126, 'weight_decay': 8.40412361297902e-06, 'batch_size': 50, 'optimizer': 'adamw', 'loss_strategy': 'huber'}",0.07346674662214792,1.0240345152685546,1.3038636445999146,0.8237767815589905,1.2045090198516846,0.5031371243792488,0.054547786712646484,1.0975012618907025,0.5066038562405345,1.0486466884613037,0.5901432010223923,0.59235681199145
regressor,2d,gnn,260,diverse_25,1,42,0.8902019262313843,1.0806059556455572,0.15205079317092896,0.9033765196800232,1.0907882371522124,0.04642963409423828,0.23269965621474978,0.23238280670466724,"{'hidden_dim': 500, 'n_layers': 4, 'ffn_hidden_dim': 400, 'ffn_n_layers': 1, 'dropout': 0.271818398124746, 'aggregation': 'mean', 'lr': 1.3279475648899258e-05, 'weight_decay': 9.608453873074015e-05, 'batch_size': 25, 'optimizer': 'adamw', 'loss_strategy': 'mse'}",-0.01759816126792768,1.0806059556455572,1.1898189783096313,0.9014286398887634,1.1299855709075928,0.3091054046527193,0.050896286964416504,1.0630077943776295,0.3131700228645914,1.167709231376648,0.46444690699402014,0.4267795300195634
regressor,2d,gnn,262,scaffold,5,42,0.6594758629798889,0.8177175622569094,0.5212007761001587,0.764000415802002,0.9367043615768047,0.09661835432052612,0.44461289048194885,0.4168417989914031,"{'hidden_dim': 400, 'n_layers': 5, 'ffn_hidden_dim': 300, 'ffn_n_layers': 3, 'dropout': 0.2516356453221902, 'aggregation': 'sum', 'lr': 0.0007546484946760969, 'weight_decay': 4.423208870715297e-05, 'batch_size': 50, 'optimizer': 'adamw', 'loss_strategy': 'mae'}",-0.060888791499510986,0.8177175622569094,0.8774150609970093,0.5744355320930481,0.5727897882461548,0.7371542453765869,0.5220808386802673,0.7568287707573984,0.7294342988983525,0.6686620116233826,0.7408286333084106,0.7290575153656805
regressor,2d,gnn,262,scaffold,3,42,0.7452555298805237,0.940399518029184,0.3013235330581665,0.7375689148902893,0.9169850049534833,0.3654898405075073,0.6353244185447693,0.622113250430424,"{'hidden_dim': 500, 'n_layers': 6, 'ffn_hidden_dim': 100, 'ffn_n_layers': 1, 'dropout': 0.21058318059299297, 'aggregation': 'mean', 'lr': 0.00015349325971322336, 'weight_decay': 9.928771535597639e-05, 'batch_size': 25, 'optimizer': 'adamw', 'loss_strategy': 'mae'}",-0.160003943386389,0.940399518029184,0.8408614993095398,0.5973645448684692,0.6090172529220581,0.6781623363494873,0.4547475576400757,0.780395574642795,0.6728346573691566,0.8843512535095215,0.5563059449195862,0.5487865635802219
regressor,2d,gnn,262,scaffold,2,42,0.633963942527771,0.7527435903969947,0.5348577499389648,0.7322714328765869,0.9380535398913528,0.24598324298858643,0.5258467197418213,0.5122872574385988,"{'hidden_dim': 400, 'n_layers': 4, 'ffn_hidden_dim': 400, 'ffn_n_layers': 3, 'dropout': 0.03337888795114842, 'aggregation': 'mean', 'lr': 0.0006677861412088598, 'weight_decay': 5.182264865098602e-05, 'batch_size': 25, 'optimizer': 'adamw', 'loss_strategy': 'mse'}",-0.11001206099032812,0.7527435903969947,0.8799444437026978,0.4924587607383728,0.4131038188934326,0.8108104467391968,0.6486353874206543,0.6427315294066666,0.8167142823293467,0.5666229128837585,0.7601617574691772,0.7262849452782307
regressor,2d,gnn,262,scaffold,4,42,0.6087434887886047,0.8040602007409382,0.3275306224822998,0.7149766683578491,0.9052140793583231,0.32434481382369995,0.6446601152420044,0.6529387236178401,"{'hidden_dim': 100, 'n_layers': 5, 'ffn_hidden_dim': 300, 'ffn_n_layers': 3, 'dropout': 0.04409239149883297, 'aggregation': 'sum', 'lr': 0.0006149451583696588, 'weight_decay': 2.0062422395023505e-05, 'batch_size': 50, 'optimizer': 'adamw', 'loss_strategy': 'huber'}",-0.1081774872945086,0.8040602007409382,0.8194125294685364,0.5326535105705261,0.4842527508735657,0.7721865773200989,0.5879456996917725,0.6958827134464296,0.7575345518690384,0.6465128064155579,0.6386277675628662,0.6697688600356744
regressor,2d,gnn,262,scaffold,1,42,0.49049943685531616,0.6435499176635879,0.6653330326080322,0.8402451872825623,1.0204734102866129,0.06578773260116577,0.5140194892883301,0.4874172762371087,"{'hidden_dim': 400, 'n_layers': 6, 'ffn_hidden_dim': 200, 'ffn_n_layers': 3, 'dropout': 0.023811084453810513, 'aggregation': 'sum', 'lr': 0.0004452059509385317, 'weight_decay': 5.061949053983504e-05, 'batch_size': 25, 'optimizer': 'adam', 'loss_strategy': 'huber'}",-0.05558409344128257,0.6435499176635879,1.0413659811019897,0.4509032368659973,0.3457038104534149,0.8457748889923096,0.7081690430641174,0.5879658242223054,0.8433780775800648,0.4141564965248108,0.8195887804031372,0.7966478158546552
regressor,2d,gnn,262,random,5,42,0.5866329669952393,0.7715288366712401,0.5926616191864014,0.7144914269447327,0.9179185569513996,0.21982532739639282,0.5217586755752563,0.5051654411576962,"{'hidden_dim': 200, 'n_layers': 3, 'ffn_hidden_dim': 200, 'ffn_n_layers': 3, 'dropout': 0.15757488005364922, 'aggregation': 'sum', 'lr': 0.0009176624433818534, 'weight_decay': 9.965672203051792e-06, 'batch_size': 50, 'optimizer': 'adamw', 'loss_strategy': 'huber'}",-0.0376024441116134,0.7715288366712401,0.8425744771957397,0.5623689293861389,0.5386479496955872,0.7423754930496216,0.5396413803100586,0.7339263925596267,0.7179201971284962,0.5952567458152771,0.7713252305984497,0.7761921791883634
regressor,2d,gnn,262,random,3,42,0.5569961667060852,0.7256755131792784,0.4798356890678406,0.6077784299850464,0.8030485109352826,0.4815447926521301,0.7066484093666077,0.6843329197970016,"{'hidden_dim': 100, 'n_layers': 6, 'ffn_hidden_dim': 300, 'ffn_n_layers': 3, 'dropout': 0.045239683128498825, 'aggregation': 'sum', 'lr': 0.0007420474157408125, 'weight_decay': 7.00845595017045e-05, 'batch_size': 50, 'optimizer': 'adamw', 'loss_strategy': 'huber'}",-0.08275740191911862,0.7256755131792784,0.6448869109153748,0.49680158495903015,0.4133436977863312,0.8083497285842896,0.6475236415863037,0.6429181112601597,0.7998740696605602,0.526604950428009,0.7020050287246704,0.6920345063904741
regressor,2d,gnn,262,random,2,42,0.5938403010368347,0.7614990700098021,0.4002707600593567,0.7137480974197388,0.9255055528079509,0.3098554015159607,0.5789169073104858,0.6020546694986687,"{'hidden_dim': 500, 'n_layers': 6, 'ffn_hidden_dim': 400, 'ffn_n_layers': 2, 'dropout': 0.12451121111094107, 'aggregation': 'mean', 'lr': 5.89222005612748e-05, 'weight_decay': 7.008657456437136e-06, 'batch_size': 25, 'optimizer': 'adamw', 'loss_strategy': 'huber'}",-0.01592246061518099,0.7614990700098021,0.8565605282783508,0.5807770490646362,0.5558844804763794,0.7307681441307068,0.5298770666122437,0.7455766093946211,0.7302847120499547,0.5798808336257935,0.6420691013336182,0.6738360924467272
regressor,2d,gnn,262,random,4,42,0.617751955986023,0.7848621405896627,0.45982539653778076,0.6433675289154053,0.8300254535793647,0.3948180675506592,0.6615188717842102,0.6515706545299063,"{'hidden_dim': 200, 'n_layers': 2, 'ffn_hidden_dim': 300, 'ffn_n_layers': 3, 'dropout': 0.22551436901093513, 'aggregation': 'sum', 'lr': 0.0008603209129157094, 'weight_decay': 6.928726308845634e-05, 'batch_size': 25, 'optimizer': 'adam', 'loss_strategy': 'mae'}",0.00671352860561425,0.7848621405896627,0.6889422535896301,0.5970783829689026,0.6265920400619507,0.6904082894325256,0.4745664596557617,0.791575669195277,0.6864976954397254,0.6160085797309875,0.6846132278442383,0.6775560465743018
regressor,2d,gnn,262,random,1,42,0.6079413294792175,0.7462761141810094,0.44247978925704956,0.6815275549888611,0.8691960692133809,0.3569223880767822,0.6427569389343262,0.6358904010754184,"{'hidden_dim': 500, 'n_layers': 4, 'ffn_hidden_dim': 300, 'ffn_n_layers': 3, 'dropout': 0.0206418972251564, 'aggregation': 'sum', 'lr': 0.0004842576137963137, 'weight_decay': 6.259454335601072e-05, 'batch_size': 25, 'optimizer': 'adam', 'loss_strategy': 'huber'}",-0.14248559729518584,0.7462761141810094,0.7555018067359924,0.4583263099193573,0.36456298828125,0.8459258079528809,0.6956586837768555,0.6037905168858235,0.8431317447386024,0.5569280385971069,0.6979328393936157,0.6361143019633795
regressor,2d,gnn,262,umap,5,42,0.5253115892410278,0.6822487596799005,0.5868567824363708,1.0760047435760498,1.3121134779225168,-0.927152156829834,-0.0644427239894867,-0.06487213864634332,"{'hidden_dim': 300, 'n_layers': 6, 'ffn_hidden_dim': 200, 'ffn_n_layers': 1, 'dropout': 0.16098502612597862, 'aggregation': 'mean', 'lr': 0.0003870883507948311, 'weight_decay': 4.254661097581757e-05, 'batch_size': 25, 'optimizer': 'adamw', 'loss_strategy': 'mae'}",0.03441322657450818,0.6822487596799005,1.7216417789459229,0.5383689403533936,0.5136044025421143,0.7397354245185852,0.5425689220428467,0.7166619862544087,0.7394634322517568,0.4654633700847626,0.76914381980896,0.7631852070007241
regressor,2d,gnn,262,umap,3,42,0.6879174113273621,0.8390930013955529,0.3549398183822632,0.7462466955184937,0.8948470645108458,0.03893625736236572,0.25437214970588684,0.23240145411435018,"{'hidden_dim': 200, 'n_layers': 5, 'ffn_hidden_dim': 300, 'ffn_n_layers': 3, 'dropout': 0.186937100990844, 'aggregation': 'mean', 'lr': 4.183893730087529e-05, 'weight_decay': 3.1786179406924914e-05, 'batch_size': 25, 'optimizer': 'adamw', 'loss_strategy': 'mae'}",0.16799272893896444,0.8390930013955529,0.800751268863678,0.8111082315444946,1.0142216682434082,0.4721281826496124,0.19378817081451416,1.0070857303345173,0.4670721284595207,0.7040770649909973,0.609555721282959,0.5708603162805366
regressor,2d,gnn,262,umap,2,42,0.7467637062072754,0.9023047434645253,0.23114395141601562,1.1601725816726685,1.382394630527996,-0.32350897789001465,0.03209635615348816,0.0603145323750974,"{'hidden_dim': 500, 'n_layers': 5, 'ffn_hidden_dim': 300, 'ffn_n_layers': 1, 'dropout': 0.1554524862302214, 'aggregation': 'mean', 'lr': 0.00013070013051691106, 'weight_decay': 2.6465287631642393e-05, 'batch_size': 25, 'optimizer': 'adam', 'loss_strategy': 'huber'}",-0.11738785001098673,0.9023047434645253,1.9110149145126343,0.6204725503921509,0.6160945296287537,0.6026265025138855,0.361968457698822,0.7849168934535385,0.5805176334441523,0.8141538500785828,0.4935253858566284,0.42459740462026563
regressor,2d,gnn,262,umap,4,42,0.6090061664581299,0.7812326047868089,0.5409625172615051,0.8633077144622803,1.1145319822847268,-0.5011163949966431,0.3615177869796753,0.3572488889580521,"{'hidden_dim': 400, 'n_layers': 5, 'ffn_hidden_dim': 200, 'ffn_n_layers': 3, 'dropout': 0.22904204700321426, 'aggregation': 'sum', 'lr': 0.0004896701811378614, 'weight_decay': 4.2600732382152813e-05, 'batch_size': 25, 'optimizer': 'adamw', 'loss_strategy': 'mse'}",-0.09760589659694252,0.7812326047868089,1.2421815395355225,0.5384520888328552,0.4673454761505127,0.7896561026573181,0.6198682188987732,0.6836267081898664,0.7788137943760048,0.6103243827819824,0.7444395422935486,0.7366593264313451
regressor,2d,gnn,262,umap,1,42,0.514083743095398,0.6733172926746805,0.6242280006408691,1.0371809005737305,1.3341295378357723,-1.0156104564666748,-0.2875717580318451,-0.2760550852364056,"{'hidden_dim': 100, 'n_layers': 5, 'ffn_hidden_dim': 200, 'ffn_n_layers': 2, 'dropout': 0.04991844695836868, 'aggregation': 'sum', 'lr': 0.000826397985193545, 'weight_decay': 9.106369945863433e-07, 'batch_size': 25, 'optimizer': 'adamw', 'loss_strategy': 'mse'}",-0.031981362411968584,0.6733172926746805,1.7799016237258911,0.4989127814769745,0.4113117754459381,0.8162540793418884,0.6652761101722717,0.641335930262712,0.8096555000566295,0.45335617661476135,0.792897641658783,0.7994605276247903
regressor,2d,gnn,262,time,5,42,0.609306812286377,0.7455716528278333,0.46846306324005127,0.7651312351226807,0.9592769821245533,-0.35171937942504883,0.1716425120830536,0.15876841802649905,"{'hidden_dim': 500, 'n_layers': 5, 'ffn_hidden_dim': 300, 'ffn_n_layers': 1, 'dropout': 0.23284353037476363, 'aggregation': 'mean', 'lr': 0.0007717983977413633, 'weight_decay': 3.642429876187526e-05, 'batch_size': 25, 'optimizer': 'adam', 'loss_strategy': 'mse'}",0.030019386032463347,0.7455716528278333,0.9202123284339905,0.6028852462768555,0.6015414595603943,0.7255544066429138,0.5244475603103638,0.7755910388602967,0.7246357479661406,0.5558770895004272,0.6870841979980469,0.5995358438770911
regressor,2d,gnn,262,time,3,42,0.81632000207901,0.9418849440304746,0.11837780475616455,0.9547430276870728,1.157927919470179,-0.06901443004608154,-0.046299781650304794,-0.10915950185280722,"{'hidden_dim': 500, 'n_layers': 2, 'ffn_hidden_dim': 300, 'ffn_n_layers': 1, 'dropout': 0.03965532394314923, 'aggregation': 'mean', 'lr': 1.4163969774321319e-05, 'weight_decay': 1.9485746042367102e-05, 'batch_size': 25, 'optimizer': 'adamw', 'loss_strategy': 'huber'}",0.04726889838392212,0.9418849440304746,1.3407970666885376,0.8028348684310913,0.9784253239631653,0.36723899841308594,0.12370526790618896,0.9891538424143967,0.34646923428698273,0.8871472477912903,0.35878151655197144,0.33475870503375527
regressor,2d,gnn,262,time,2,42,0.6124184131622314,0.7140344509901292,0.34639525413513184,1.5273500680923462,1.930345863126837,-1.9503729343414307,-0.057770974934101105,-0.0921124704328082,"{'hidden_dim': 200, 'n_layers': 4, 'ffn_hidden_dim': 200, 'ffn_n_layers': 2, 'dropout': 0.05718839186714735, 'aggregation': 'sum', 'lr': 0.00020300767575676186, 'weight_decay': 6.425952278051356e-05, 'batch_size': 25, 'optimizer': 'adamw', 'loss_strategy': 'mse'}",0.34983817777957527,0.7140344509901292,3.7262351512908936,0.8555465340614319,1.1318249702453613,0.5005685687065125,-0.07156956195831299,1.0638726287697045,0.4677400018812076,0.5098451972007751,0.7002357840538025,0.6451169489825797
regressor,2d,gnn,262,time,4,42,0.7030337452888489,0.8814676895192023,0.3710399866104126,1.0395103693008423,1.2799944890171862,-0.22645068168640137,0.2714712917804718,0.261229792234222,"{'hidden_dim': 400, 'n_layers': 4, 'ffn_hidden_dim': 400, 'ffn_n_layers': 3, 'dropout': 0.1354603233604581, 'aggregation': 'mean', 'lr': 0.0007903021131155751, 'weight_decay': 1.158543922727027e-05, 'batch_size': 25, 'optimizer': 'adamw', 'loss_strategy': 'huber'}",-0.06121575461541351,0.8814676895192023,1.6383858919143677,0.6429821252822876,0.6728132367134094,0.6136682033538818,0.36087220907211304,0.8202519349037888,0.5923863838337817,0.7769852876663208,0.615921676158905,0.5950438215834266
regressor,2d,gnn,262,time,1,42,0.5988840460777283,0.7385886223576503,0.5575978755950928,1.394052267074585,1.7222958834424127,-1.417848825454712,-0.004047848284244537,-0.027254902386216747,"{'hidden_dim': 300, 'n_layers': 5, 'ffn_hidden_dim': 100, 'ffn_n_layers': 2, 'dropout': 0.03201219855342227, 'aggregation': 'sum', 'lr': 0.0008729129244247376, 'weight_decay': 3.6336449537885756e-05, 'batch_size': 25, 'optimizer': 'adam', 'loss_strategy': 'mae'}",0.08432482917286721,0.7385886223576503,2.9663031101226807,0.6177605986595154,0.6771865487098694,0.6584299802780151,0.3378112316131592,0.8229134515305175,0.6677108953693364,0.5455131530761719,0.7799538373947144,0.7843026538678713
regressor,2d,gnn,262,butina,5,42,0.5006781816482544,0.6396632767914322,0.5964611768722534,0.9505241513252258,1.1368086736707905,-0.1336379051208496,0.1691274344921112,0.16912821651085275,"{'hidden_dim': 500, 'n_layers': 6, 'ffn_hidden_dim': 200, 'ffn_n_layers': 1, 'dropout': 0.004920850705258856, 'aggregation': 'mean', 'lr': 8.267947858828902e-05, 'weight_decay': 7.400070900887284e-05, 'batch_size': 25, 'optimizer': 'adam', 'loss_strategy': 'huber'}",0.12178933690980465,0.6396632767914322,1.292333960533142,0.5681345462799072,0.5798100829124451,0.7167642116546631,0.5120264291763306,0.7614526137012368,0.7241998376001758,0.40916910767555237,0.7732772827148438,0.7797390911673748
regressor,2d,gnn,262,butina,3,42,0.5274081826210022,0.6961912538547271,0.6026370525360107,1.3248775005340576,1.6005761063036998,-1.4073927402496338,-0.19688886404037476,-0.23457793507559782,"{'hidden_dim': 400, 'n_layers': 6, 'ffn_hidden_dim': 100, 'ffn_n_layers': 2, 'dropout': 0.14637423774819994, 'aggregation': 'sum', 'lr': 0.00046640048927311747, 'weight_decay': 7.624263026248029e-05, 'batch_size': 25, 'optimizer': 'adam', 'loss_strategy': 'huber'}",0.00497673205593796,0.6961912538547271,2.5618438720703125,0.5183221697807312,0.4916365444660187,0.784195065498352,0.5868808627128601,0.7011679859106651,0.7781750099532408,0.48468226194381714,0.7875714898109436,0.7706697299288053
regressor,2d,gnn,262,butina,2,42,0.6104162931442261,0.7898939680818386,0.40004420280456543,0.9833396673202515,1.1876109723891897,-0.1963275671005249,0.20944750308990479,0.22794976638129824,"{'hidden_dim': 200, 'n_layers': 4, 'ffn_hidden_dim': 400, 'ffn_n_layers': 1, 'dropout': 0.13184212583048313, 'aggregation': 'mean', 'lr': 0.0005552902915913705, 'weight_decay': 5.384975982630625e-05, 'batch_size': 25, 'optimizer': 'adamw', 'loss_strategy': 'huber'}",-0.07841230646061093,0.7898939680818386,1.4104198217391968,0.5547531843185425,0.5062061548233032,0.759307861328125,0.5658631324768066,0.7114816616212277,0.7648385868694253,0.6239324808120728,0.633063554763794,0.6103401394114655
regressor,2d,gnn,262,butina,4,42,0.6337278485298157,0.8093541205227948,0.49732398986816406,0.8626916408538818,1.0828746166825236,-0.47464919090270996,0.388383150100708,0.3460799239033737,"{'hidden_dim': 200, 'n_layers': 4, 'ffn_hidden_dim': 200, 'ffn_n_layers': 2, 'dropout': 0.07722020941033707, 'aggregation': 'sum', 'lr': 0.0006992769753105843, 'weight_decay': 3.2612684793634015e-05, 'batch_size': 25, 'optimizer': 'adam', 'loss_strategy': 'mse'}",-0.13320054397624514,0.8093541205227948,1.1726174354553223,0.5269888043403625,0.4571836590766907,0.8010218143463135,0.6346218585968018,0.6761535765465496,0.8027439276809828,0.6550540924072266,0.7128051519393921,0.6740624836218182
regressor,2d,gnn,262,butina,1,42,0.5733718872070312,0.7249558435344653,0.4859825372695923,1.2318397760391235,1.5262676848465622,-0.565809965133667,0.3830961287021637,0.3455783608993306,"{'hidden_dim': 500, 'n_layers': 4, 'ffn_hidden_dim': 300, 'ffn_n_layers': 3, 'dropout': 0.0143662918007674, 'aggregation': 'sum', 'lr': 0.0007786953381065097, 'weight_decay': 1.8287407075522755e-05, 'batch_size': 50, 'optimizer': 'adamw', 'loss_strategy': 'mse'}",-0.03384670806482548,0.7249558435344653,2.3294930458068848,0.539839506149292,0.4776318371295929,0.759663462638855,0.5694675445556641,0.6911091354696398,0.7567117416102763,0.5255609750747681,0.7066941261291504,0.6892966626095459
regressor,2d,gnn,262,diverse_25,5,42,0.9063690304756165,1.037006552676445,3.3795833587646484e-05,0.8545585870742798,1.0186920804836406,-0.06764781475067139,0.30134350061416626,0.3549370857746614,"{'hidden_dim': 500, 'n_layers': 4, 'ffn_hidden_dim': 200, 'ffn_n_layers': 3, 'dropout': 0.12049664832681299, 'aggregation': 'mean', 'lr': 0.0009959522618168718, 'weight_decay': 4.983782422020978e-05, 'batch_size': 100, 'optimizer': 'adam', 'loss_strategy': 'mse'}",0.1425089955228609,1.037006552676445,1.037733554840088,0.9841140508651733,1.3912569284439087,0.13843631744384766,-0.0024666786193847656,1.1795155481993058,0.14676561158641127,1.0753825902938843,0.3153645694255829,0.30276305329555975
regressor,2d,gnn,262,diverse_25,3,42,0.9447523355484009,1.0854034208244878,0.10069561004638672,0.9810436964035034,1.1821244691547252,0.09261876344680786,0.3366053104400635,0.27289315726290514,"{'hidden_dim': 500, 'n_layers': 5, 'ffn_hidden_dim': 100, 'ffn_n_layers': 1, 'dropout': 0.16795308298959166, 'aggregation': 'mean', 'lr': 1.2558064406482193e-05, 'weight_decay': 6.612027066657506e-05, 'batch_size': 50, 'optimizer': 'adamw', 'loss_strategy': 'mse'}",0.008653237846164341,1.0854034208244878,1.3974182605743408,0.9228941798210144,1.1969599723815918,0.09536249190568924,-0.023407936096191406,1.0940566586706522,0.04646042332046906,1.1781005859375,0.3776683211326599,0.3639774859287055
regressor,2d,gnn,262,diverse_25,2,42,0.9164217710494995,1.1007176399126806,0.00935518741607666,0.8743089437484741,1.0238782792540084,-0.07428920269012451,0.13516706228256226,0.05724301885334274,"{'hidden_dim': 300, 'n_layers': 2, 'ffn_hidden_dim': 400, 'ffn_n_layers': 3, 'dropout': 0.2972468042942345, 'aggregation': 'mean', 'lr': 0.00010751643388858857, 'weight_decay': 5.889892137207742e-06, 'batch_size': 100, 'optimizer': 'adamw', 'loss_strategy': 'huber'}",0.08952527236670926,1.1007176399126806,1.0483267307281494,1.012555480003357,1.4166781902313232,0.14953330159187317,-0.04507875442504883,1.1902429122793898,0.12555795644855167,1.2115793228149414,0.1005329042673111,0.03367887803320416
regressor,2d,gnn,262,diverse_25,4,42,0.9378747940063477,1.150247768994402,0.266588032245636,0.9148001074790955,1.0960218540574513,-0.0645151138305664,0.3052101135253906,0.28189305425261907,"{'hidden_dim': 400, 'n_layers': 5, 'ffn_hidden_dim': 400, 'ffn_n_layers': 1, 'dropout': 0.04357417198190491, 'aggregation': 'mean', 'lr': 0.0009902964078146819, 'weight_decay': 3.31200614783534e-05, 'batch_size': 25, 'optimizer': 'adam', 'loss_strategy': 'mae'}",-0.3032254528499978,1.150247768994402,1.2012639045715332,0.6552621126174927,0.7174468040466309,0.6319833397865295,0.38870900869369507,0.8470223161444042,0.637499826203402,1.3230699300765991,0.5289310216903687,0.5071532441434587
regressor,2d,gnn,262,diverse_25,1,42,0.8285500407218933,1.0011261321180602,0.04261493682861328,1.141215443611145,1.3915256626779677,-0.22875463962554932,0.12321990728378296,0.1000744315878269,"{'hidden_dim': 400, 'n_layers': 3, 'ffn_hidden_dim': 200, 'ffn_n_layers': 1, 'dropout': 0.12333829417815217, 'aggregation': 'mean', 'lr': 2.1817593288811886e-05, 'weight_decay': 7.82488068110755e-05, 'batch_size': 100, 'optimizer': 'adamw', 'loss_strategy': 'mse'}",0.1203372768653086,1.0011261321180602,1.9363436698913574,0.9163990020751953,1.2576801776885986,0.19492602348327637,-0.07089769840240479,1.1214634089833688,0.1279296832390895,1.002253532409668,0.22013795375823975,0.1999155684923623
regressor,2d,gnn,230,scaffold,5,42,0.45368584990501404,0.6140130894318808,0.4542248249053955,0.6413740515708923,0.800046891089927,0.06728106737136841,0.3466771629504206,0.35469143157917105,"{'hidden_dim': 400, 'n_layers': 2, 'ffn_hidden_dim': 400, 'ffn_n_layers': 3, 'dropout': 0.2944559851530571, 'aggregation': 'sum', 'lr': 0.0007352624359649531, 'weight_decay': 6.603250363336715e-05, 'batch_size': 50, 'optimizer': 'adamw', 'loss_strategy': 'huber'}",-0.006609196518602367,0.6140130894318808,0.6400750279426575,0.46316292881965637,0.36893948912620544,0.7327329566099999,0.5206712484359741,0.6074038929132785,0.7152133368176902,0.37701207399368286,0.6741742086439093,0.6326536708890821
regressor,2d,gnn,230,scaffold,3,42,0.4985531270503998,0.6554222108598771,0.47098779678344727,0.6341148614883423,0.7920773386306175,-0.24931752681732178,0.19840742647647858,0.1652409924170334,"{'hidden_dim': 500, 'n_layers': 6, 'ffn_hidden_dim': 200, 'ffn_n_layers': 1, 'dropout': 0.13889415075514544, 'aggregation': 'mean', 'lr': 0.0009200280600454325, 'weight_decay': 5.488354779823808e-05, 'batch_size': 25, 'optimizer': 'adamw', 'loss_strategy': 'huber'}",-0.09658650673230107,0.6554222108598771,0.6273865103721619,0.42169129848480225,0.31229734420776367,0.8000584840774536,0.6099592447280884,0.558835704127576,0.7903087220188539,0.4295782744884491,0.6904939413070679,0.6885731448715717
regressor,2d,gnn,230,scaffold,2,42,0.475521981716156,0.6392489518047716,0.38821494579315186,0.7210869789123535,0.8745217037855597,0.18133753538131714,0.43846115469932556,0.3975943621411514,"{'hidden_dim': 500, 'n_layers': 2, 'ffn_hidden_dim': 400, 'ffn_n_layers': 3, 'dropout': 0.21461007323275247, 'aggregation': 'sum', 'lr': 0.0005439130582283919, 'weight_decay': 1.862570522839555e-05, 'batch_size': 50, 'optimizer': 'adam', 'loss_strategy': 'mse'}",-0.0932674025408684,0.6392489518047716,0.7647882103919983,0.4167749285697937,0.29809585213661194,0.7604532241821289,0.5736490488052368,0.5459815492639032,0.7530324305920272,0.40863922238349915,0.6286587715148926,0.5924223832881356
regressor,2d,gnn,230,scaffold,4,42,0.39082083106040955,0.47491464098870795,0.6710636615753174,0.6543612480163574,0.8348476042989624,0.06912100315093994,0.34963617711671635,0.3340886701043085,"{'hidden_dim': 100, 'n_layers': 3, 'ffn_hidden_dim': 400, 'ffn_n_layers': 3, 'dropout': 0.17948499168785467, 'aggregation': 'sum', 'lr': 0.0006190568764511404, 'weight_decay': 3.3045333989071974e-05, 'batch_size': 25, 'optimizer': 'adam', 'loss_strategy': 'mse'}",0.07331051206731365,0.47491464098870795,0.696970522403717,0.4244783818721771,0.30055081844329834,0.7765241524900643,0.5999478101730347,0.5482251530560216,0.7537012919911861,0.22554391622543335,0.8222890139003378,0.8017666171946161
regressor,2d,gnn,230,scaffold,1,42,0.3713093400001526,0.47076749559346276,0.551319420337677,0.7081729769706726,0.9168470631447281,-0.03209733963012695,0.351428359746933,0.21665349986784446,"{'hidden_dim': 100, 'n_layers': 6, 'ffn_hidden_dim': 300, 'ffn_n_layers': 3, 'dropout': 0.034057835923720456, 'aggregation': 'sum', 'lr': 0.0008523663247812402, 'weight_decay': 7.821048989340644e-05, 'batch_size': 25, 'optimizer': 'adamw', 'loss_strategy': 'mse'}",-0.03062228522475058,0.47076749559346276,0.840608537197113,0.33840474486351013,0.19372780621051788,0.8668026924133301,0.7402558922767639,0.4401452103687122,0.8506695233739893,0.221622034907341,0.7664284110069275,0.698756710169631
regressor,2d,gnn,230,random,5,42,0.5284196734428406,0.7317708288081883,0.4501679539680481,0.4735053479671478,0.5989556492178664,0.47274333238601685,0.702448308467865,0.6688341460609006,"{'hidden_dim': 100, 'n_layers': 3, 'ffn_hidden_dim': 300, 'ffn_n_layers': 2, 'dropout': 0.02162463296155254, 'aggregation': 'sum', 'lr': 0.0009837146071068885, 'weight_decay': 8.627737515702494e-05, 'batch_size': 50, 'optimizer': 'adamw', 'loss_strategy': 'huber'}",-0.20370309413037202,0.7317708288081883,0.3587478697299957,0.3915136456489563,0.2788555324077606,0.7912759780883789,0.6232175827026367,0.5280677346778163,0.7783958248707656,0.5354885458946228,0.6900641322135925,0.724696720759961
regressor,2d,gnn,230,random,3,42,0.48280665278434753,0.6225374584724274,0.49931269884109497,0.5164087414741516,0.7423304771436339,0.31490975618362427,0.5721673369407654,0.5954881043799678,"{'hidden_dim': 500, 'n_layers': 3, 'ffn_hidden_dim': 100, 'ffn_n_layers': 1, 'dropout': 0.02295642475650649, 'aggregation': 'mean', 'lr': 0.000486673323838543, 'weight_decay': 4.297082064802034e-05, 'batch_size': 25, 'optimizer': 'adamw', 'loss_strategy': 'huber'}",-0.050442309433134436,0.6225374584724274,0.5510545372962952,0.43849727511405945,0.32729285955429077,0.7423316240310669,0.5506880283355713,0.5720951490392929,0.7270451010548632,0.3875528872013092,0.7093252539634705,0.6632471885041693
regressor,2d,gnn,230,random,2,42,0.4803282618522644,0.6619166541027708,0.3644334673881531,0.5415223240852356,0.713673243028053,0.34120815992355347,0.602145254611969,0.5939519629719008,"{'hidden_dim': 300, 'n_layers': 3, 'ffn_hidden_dim': 100, 'ffn_n_layers': 1, 'dropout': 0.1372506906799809, 'aggregation': 'mean', 'lr': 0.0008407556044306172, 'weight_decay': 2.0701458290087673e-05, 'batch_size': 25, 'optimizer': 'adamw', 'loss_strategy': 'huber'}",-0.10000728859271579,0.6619166541027708,0.5093294978141785,0.407024085521698,0.3157421350479126,0.759614109992981,0.5756504535675049,0.561909365510055,0.7474024415978568,0.4381336569786072,0.6137681007385254,0.5747943679238314
regressor,2d,gnn,230,random,4,42,0.4614720940589905,0.5846740069889127,0.5041533708572388,0.5061295628547668,0.6574390855645496,0.42413008213043213,0.654118537902832,0.6346636587226051,"{'hidden_dim': 100, 'n_layers': 6, 'ffn_hidden_dim': 300, 'ffn_n_layers': 3, 'dropout': 0.08203405304190943, 'aggregation': 'sum', 'lr': 0.0002211278047175971, 'weight_decay': 9.367652763940533e-06, 'batch_size': 25, 'optimizer': 'adamw', 'loss_strategy': 'mse'}",-0.014859777799349771,0.5846740069889127,0.43222615122795105,0.4428822100162506,0.32468825578689575,0.7632433176040649,0.5677101612091064,0.5698142291895629,0.7429466888585625,0.34184369444847107,0.7142617702484131,0.6701059388241898
regressor,2d,gnn,230,random,1,42,0.473331481218338,0.6471831357211065,0.42793548107147217,0.4845501780509949,0.6535127866584172,0.40156757831573486,0.6417871117591858,0.5608491404455901,"{'hidden_dim': 300, 'n_layers': 5, 'ffn_hidden_dim': 300, 'ffn_n_layers': 3, 'dropout': 0.16638138960716556, 'aggregation': 'sum', 'lr': 0.0004252958890535441, 'weight_decay': 2.0411043679426963e-05, 'batch_size': 25, 'optimizer': 'adamw', 'loss_strategy': 'mse'}",-0.10478878776518041,0.6471831357211065,0.4270789623260498,0.4179286062717438,0.2941916286945343,0.790742039680481,0.6079690456390381,0.5423943479559261,0.7713608545500381,0.4188460111618042,0.6714265942573547,0.6677484091111867
regressor,2d,gnn,230,umap,5,42,0.5204742550849915,0.6409818306801209,0.481251060962677,0.9390597939491272,1.2198991004462092,-1.0331404209136963,-0.3276974316605521,-0.34151350602073793,"{'hidden_dim': 400, 'n_layers': 3, 'ffn_hidden_dim': 400, 'ffn_n_layers': 2, 'dropout': 0.1590630559913143, 'aggregation': 'mean', 'lr': 0.0007116079566012016, 'weight_decay': 4.728020612172199e-05, 'batch_size': 25, 'optimizer': 'adamw', 'loss_strategy': 'huber'}",-0.04504149124788137,0.6409818306801209,1.4881538152694702,0.4477449655532837,0.3551448881626129,0.7252659524020474,0.5235826969146729,0.5959403394322396,0.7151920272837962,0.4108577072620392,0.6960854933553098,0.6633193730616997
regressor,2d,gnn,230,umap,3,42,0.5041333436965942,0.6725270411929261,0.47200489044189453,1.0370688438415527,1.1940108548506414,-1.0077135562896729,-0.5097687958072004,-0.5030898974096386,"{'hidden_dim': 500, 'n_layers': 3, 'ffn_hidden_dim': 300, 'ffn_n_layers': 3, 'dropout': 0.2026912052118776, 'aggregation': 'sum', 'lr': 0.0009878940394424376, 'weight_decay': 5.482275041065953e-05, 'batch_size': 25, 'optimizer': 'adamw', 'loss_strategy': 'mse'}",-0.052801611681892124,0.6725270411929261,1.4256619215011597,0.4704042077064514,0.3840596079826355,0.6976531789735253,0.4833291172981262,0.6197254295110339,0.6504717577894578,0.45229262113571167,0.6911158012736682,0.5800294665012847
regressor,2d,gnn,230,umap,2,42,0.43154963850975037,0.5317948856823721,0.6270666122436523,0.8410193920135498,1.0324310706454718,-1.290639877319336,-0.029898543356406453,-0.03257209913919838,"{'hidden_dim': 400, 'n_layers': 6, 'ffn_hidden_dim': 400, 'ffn_n_layers': 3, 'dropout': 0.01812422971945806, 'aggregation': 'sum', 'lr': 0.0004426035191263891, 'weight_decay': 1.6273628526351968e-05, 'batch_size': 25, 'optimizer': 'adamw', 'loss_strategy': 'huber'}",-0.10351060714911298,0.5317948856823721,1.0659139156341553,0.31790411472320557,0.18342742323875427,0.8881539770600864,0.7740929126739502,0.4282842785332591,0.8766045234712507,0.28280580043792725,0.8031423196845137,0.7755963391967322
regressor,2d,gnn,230,umap,4,42,0.5176671743392944,0.7100713295096756,0.30580323934555054,0.9395516514778137,1.1383400592260833,-0.3570079803466797,0.004990435818688965,0.06463191814788712,"{'hidden_dim': 200, 'n_layers': 3, 'ffn_hidden_dim': 100, 'ffn_n_layers': 3, 'dropout': 0.10856746011890807, 'aggregation': 'sum', 'lr': 0.0005570076286685112, 'weight_decay': 7.767319730989448e-05, 'batch_size': 25, 'optimizer': 'adam', 'loss_strategy': 'mse'}",-0.16489623931986286,0.7100713295096756,1.2958180904388428,0.41543132066726685,0.29721587896347046,0.7524022852863175,0.5570818185806274,0.5451750901898127,0.7452073694159288,0.5042012929916382,0.5553433186930936,0.4876364151250921
regressor,2d,gnn,230,umap,1,42,0.49926239252090454,0.6175934627396983,0.45443087816238403,0.8035880327224731,1.0233766959961317,-0.42473137378692627,-0.030012545519420095,-0.03898296656614596,"{'hidden_dim': 300, 'n_layers': 5, 'ffn_hidden_dim': 200, 'ffn_n_layers': 1, 'dropout': 0.1262725607056338, 'aggregation': 'mean', 'lr': 0.0005867663713387334, 'weight_decay': 2.1162229122518316e-05, 'batch_size': 25, 'optimizer': 'adamw', 'loss_strategy': 'huber'}",-0.11589202242613139,0.6175934627396983,1.047299861907959,0.37722262740135193,0.2517043352127075,0.8140521093887587,0.6615076661109924,0.5017014403135669,0.7876950306774535,0.38142168521881104,0.6851234091821051,0.6751111976133444
regressor,2d,gnn,230,time,5,42,0.4571381211280823,0.6013145183358469,0.5715482234954834,0.8602420687675476,1.0180746027847503,-0.7909450531005859,-0.06671500628160121,-0.062359603316435835,"{'hidden_dim': 300, 'n_layers': 5, 'ffn_hidden_dim': 200, 'ffn_n_layers': 1, 'dropout': 0.2133207453322467, 'aggregation': 'mean', 'lr': 0.0004385000890396744, 'weight_decay': 9.894910202843978e-05, 'batch_size': 50, 'optimizer': 'adamw', 'loss_strategy': 'huber'}",-0.023653061013795385,0.6013145183358469,1.0364758968353271,0.42624446749687195,0.3336927592754364,0.7622340920870424,0.5607572197914124,0.5776614573220515,0.754915446015417,0.36157914996147156,0.7623797162281435,0.7002357915394664
regressor,2d,gnn,230,time,3,42,0.7591301798820496,0.9076814527356777,0.19520699977874756,0.7227164506912231,0.9009557179525333,-0.479824423789978,-0.0902614870451032,-0.04716085888352449,"{'hidden_dim': 500, 'n_layers': 2, 'ffn_hidden_dim': 100, 'ffn_n_layers': 3, 'dropout': 0.0026026831944241553, 'aggregation': 'mean', 'lr': 0.00011728626164020856, 'weight_decay': 5.399880017859078e-05, 'batch_size': 25, 'optimizer': 'adam', 'loss_strategy': 'huber'}",-0.03784797768721737,0.9076814527356777,0.8117212057113647,0.6916317939758301,0.7566102743148804,0.5022602645200784,0.2451167106628418,0.8698334750484603,0.5415540507576865,0.8238856196403503,0.4551463102818878,0.4036039947894051
regressor,2d,gnn,230,time,2,42,0.6218737959861755,0.7978849555770059,0.5330501794815063,0.755902111530304,0.9513205034192368,-0.6038262844085693,0.0893022666918741,0.09081623204458765,"{'hidden_dim': 500, 'n_layers': 5, 'ffn_hidden_dim': 200, 'ffn_n_layers': 1, 'dropout': 0.29274533474197717, 'aggregation': 'mean', 'lr': 0.00039626243779578837, 'weight_decay': 3.4645210015665114e-05, 'batch_size': 25, 'optimizer': 'adam', 'loss_strategy': 'mse'}",-0.16038483590024022,0.7978849555770059,0.9050107002258301,0.48415908217430115,0.4064064025878906,0.7722835119914913,0.5949926376342773,0.6375001196767657,0.774245063165062,0.6366204023361206,0.7692166912912339,0.7400672458046272
regressor,2d,gnn,230,time,4,42,0.49107950925827026,0.6307013109914189,0.45903050899505615,0.8635798096656799,1.067711558763548,-1.3522710800170898,-0.07968984831865526,-0.1301619563428986,"{'hidden_dim': 400, 'n_layers': 2, 'ffn_hidden_dim': 100, 'ffn_n_layers': 2, 'dropout': 0.17746934018967916, 'aggregation': 'mean', 'lr': 0.00017256857846920318, 'weight_decay': 2.311094142490397e-05, 'batch_size': 25, 'optimizer': 'adam', 'loss_strategy': 'mae'}",0.144166303091794,0.6307013109914189,1.1400079727172852,0.5750060081481934,0.600419819355011,0.5977249628558963,0.35264909267425537,0.7748676140832129,0.6021060197553911,0.39778414368629456,0.6791881320382079,0.6429625407523818
regressor,2d,gnn,230,time,1,42,0.453433096408844,0.5660836978517899,0.7146135568618774,0.9362900257110596,1.1636585328309474,-1.347630500793457,0.026810798794031143,0.04176837668203551,"{'hidden_dim': 500, 'n_layers': 3, 'ffn_hidden_dim': 400, 'ffn_n_layers': 1, 'dropout': 0.2230023538427557, 'aggregation': 'mean', 'lr': 0.0007113000999525629, 'weight_decay': 1.142003984821903e-05, 'batch_size': 25, 'optimizer': 'adam', 'loss_strategy': 'mse'}",0.1405459886458279,0.5660836978517899,1.3541011810302734,0.534242570400238,0.4993255138397217,0.7430634498596191,0.5370893478393555,0.7066296864976178,0.7477810959799976,0.3204507529735565,0.8666974306106567,0.8673504273504273
regressor,2d,gnn,230,butina,5,42,0.4376630485057831,0.5791237169116088,0.5038072466850281,0.5914523601531982,0.7494824531134965,0.10261213779449463,0.546858052271258,0.44993261691433417,"{'hidden_dim': 200, 'n_layers': 5, 'ffn_hidden_dim': 200, 'ffn_n_layers': 2, 'dropout': 0.04471886799891088, 'aggregation': 'sum', 'lr': 0.0009875870079345294, 'weight_decay': 6.9714982641206e-05, 'batch_size': 25, 'optimizer': 'adamw', 'loss_strategy': 'mae'}",-0.06645898103023296,0.5791237169116088,0.5617239475250244,0.3508152663707733,0.2628251314163208,0.8211379699284174,0.6661050319671631,0.5126647358813758,0.8076004737132971,0.3353842794895172,0.7175015939564368,0.6601660715281726
regressor,2d,gnn,230,butina,3,42,0.433762788772583,0.5438812053714813,0.5830295085906982,0.5788801908493042,0.7601662881155088,-0.06741869449615479,0.4016000940173856,0.381649151605652,"{'hidden_dim': 200, 'n_layers': 2, 'ffn_hidden_dim': 300, 'ffn_n_layers': 3, 'dropout': 0.14901433520391785, 'aggregation': 'sum', 'lr': 0.0005896510019816736, 'weight_decay': 4.114176604039952e-05, 'batch_size': 25, 'optimizer': 'adamw', 'loss_strategy': 'huber'}",0.015879157291463053,0.5438812053714813,0.5778527855873108,0.40289273858070374,0.313331663608551,0.7892477993618883,0.6085184812545776,0.5597603626629444,0.7768698851823982,0.29580676555633545,0.7773510340981351,0.7412544115453468
regressor,2d,gnn,230,butina,2,42,0.45999398827552795,0.5898472362693175,0.4809491038322449,0.8461573123931885,1.100304284058319,-0.30223309993743896,0.0690298312710748,0.13246145468864082,"{'hidden_dim': 200, 'n_layers': 3, 'ffn_hidden_dim': 200, 'ffn_n_layers': 1, 'dropout': 0.017224547009582758, 'aggregation': 'mean', 'lr': 0.0009609132738126464, 'weight_decay': 7.267927603920723e-05, 'batch_size': 25, 'optimizer': 'adamw', 'loss_strategy': 'mae'}",-0.019155822327309502,0.5898472362693175,1.2106695175170898,0.42170628905296326,0.3256886899471283,0.7345971593755036,0.5343865156173706,0.570691413942008,0.7235249924203263,0.347919762134552,0.6967154708670478,0.6808364606564925
regressor,2d,gnn,230,butina,4,42,0.5072376132011414,0.646197990302075,0.37620997428894043,0.7045652270317078,0.881376871486003,0.20060813426971436,0.46916706588630686,0.4179761978051193,"{'hidden_dim': 200, 'n_layers': 5, 'ffn_hidden_dim': 400, 'ffn_n_layers': 3, 'dropout': 0.021273425615961378, 'aggregation': 'sum', 'lr': 0.0005073855397943309, 'weight_decay': 2.201468276561216e-05, 'batch_size': 50, 'optimizer': 'adamw', 'loss_strategy': 'mse'}",-0.1097631999697648,0.646197990302075,0.7768251895904541,0.4169158935546875,0.28776228427886963,0.7709319746982872,0.5848108530044556,0.5364347903323102,0.7451946592653053,0.4175718426704407,0.6194365959306659,0.6551349829148595
regressor,2d,gnn,230,butina,1,42,0.44642505049705505,0.5661670574384899,0.609612226486206,0.56423020362854,0.7169315720895809,0.1800391674041748,0.4857866385107191,0.3854640582125734,"{'hidden_dim': 500, 'n_layers': 6, 'ffn_hidden_dim': 400, 'ffn_n_layers': 3, 'dropout': 0.009447305369026203, 'aggregation': 'sum', 'lr': 0.0006686973998247145, 'weight_decay': 3.3149814935191517e-07, 'batch_size': 25, 'optimizer': 'adamw', 'loss_strategy': 'huber'}",-0.1356737992254728,0.5661670574384899,0.5139908790588379,0.32616737484931946,0.18532444536685944,0.8747876016388192,0.7597732543945312,0.43049325821301715,0.852482562393072,0.32054513692855835,0.7990297359082945,0.7560860986194566
regressor,2d,gnn,230,diverse_25,5,42,0.6295632719993591,0.7932768350072223,0.06371253728866577,0.7535114884376526,1.02011401595737,-0.1718374490737915,0.1801135540008545,0.2804405352495866,"{'hidden_dim': 400, 'n_layers': 5, 'ffn_hidden_dim': 300, 'ffn_n_layers': 1, 'dropout': 0.1403016273486964, 'aggregation': 'mean', 'lr': 0.0006381413222850588, 'weight_decay': 6.093202107249228e-06, 'batch_size': 100, 'optimizer': 'adam', 'loss_strategy': 'mae'}",0.041724934370844236,0.7932768350072223,1.0406326055526733,0.643349289894104,0.697227954864502,0.2806871235370636,0.02788013219833374,0.8350017693780666,0.2584129949291494,0.6292881369590759,0.25344452261924744,0.2810385747488643
regressor,2d,gnn,230,diverse_25,3,42,0.753147304058075,0.9465233795152144,0.0005356669425964355,0.7707386612892151,0.9102065109324327,-0.034821152687072754,-0.08517302572727203,0.03617571061143142,"{'hidden_dim': 300, 'n_layers': 5, 'ffn_hidden_dim': 100, 'ffn_n_layers': 1, 'dropout': 0.2588738085114425, 'aggregation': 'mean', 'lr': 0.0009755521706897332, 'weight_decay': 4.571278551311787e-05, 'batch_size': 50, 'optimizer': 'adam', 'loss_strategy': 'mae'}",-0.10882772690331455,0.9465233795152144,0.8284758925437927,0.6800335049629211,0.7017340064048767,0.2000613808631897,0.006634056568145752,0.8376956526118998,0.17262969645116913,0.8959065079689026,0.031269196420907974,0.13663698483876857
regressor,2d,gnn,230,diverse_25,2,42,0.6884132027626038,0.8943217669412166,0.0037521719932556152,0.7914523482322693,0.916239729351439,-0.009177088737487793,0.025387609377503395,-0.022275210044697267,"{'hidden_dim': 300, 'n_layers': 4, 'ffn_hidden_dim': 200, 'ffn_n_layers': 1, 'dropout': 0.0787983752863704, 'aggregation': 'mean', 'lr': 0.0009182402918980161, 'weight_decay': 9.365814789701475e-05, 'batch_size': 25, 'optimizer': 'adam', 'loss_strategy': 'mae'}",-0.051900433689958336,0.8943217669412166,0.8394952416419983,0.6819305419921875,0.7096737027168274,0.2668618857860565,0.006630897521972656,0.8424213332512582,0.27144901936884197,0.7998114228248596,0.06414481997489929,0.23499479745440346
regressor,2d,gnn,230,diverse_25,4,42,0.8805052638053894,1.0779931913879193,0.0005910992622375488,0.714564859867096,0.8613278135960852,-0.3433748483657837,0.17473965883255005,0.12234852634336005,"{'hidden_dim': 500, 'n_layers': 6, 'ffn_hidden_dim': 200, 'ffn_n_layers': 2, 'dropout': 0.0672826826301057, 'aggregation': 'mean', 'lr': 0.0006734844825175216, 'weight_decay': 7.264714431498455e-05, 'batch_size': 25, 'optimizer': 'adamw', 'loss_strategy': 'mse'}",-0.20721942153964934,1.0779931913879193,0.7418856024742126,0.7294803857803345,0.7582469582557678,0.20759564638137817,-0.088905930519104,0.8707737698482699,0.2411358695306702,1.162069320678711,0.05250251665711403,0.10002891025682827
regressor,2d,gnn,230,diverse_25,1,42,0.6931683421134949,0.8156561439969792,0.07254201173782349,0.55823814868927,0.7287895771619173,0.12255007028579712,0.3853178024291992,0.38785470077054396,"{'hidden_dim': 500, 'n_layers': 2, 'ffn_hidden_dim': 400, 'ffn_n_layers': 1, 'dropout': 0.12379685243137373, 'aggregation': 'mean', 'lr': 0.0007452194079747142, 'weight_decay': 8.419635052699567e-05, 'batch_size': 25, 'optimizer': 'adam', 'loss_strategy': 'mae'}",0.07208153623078906,0.8156561439969792,0.5311342477798462,0.6851946711540222,0.7880781888961792,0.24170352518558502,0.03419947624206543,0.8877376802277682,0.23687406455648138,0.6652949452400208,0.2918068468570709,0.26233301657773644
regressor,2d,gnn,2409,scaffold,5,42,0.5445443391799927,0.7001812240481403,0.656501293182373,0.7112324237823486,0.9135636818878092,0.3782268762588501,0.6361320614814758,0.5935648154764996,"{'hidden_dim': 400, 'n_layers': 4, 'ffn_hidden_dim': 300, 'ffn_n_layers': 3, 'dropout': 0.03671229840600866, 'aggregation': 'sum', 'lr': 0.0009789187388683888, 'weight_decay': 5.4385687682332054e-05, 'batch_size': 25, 'optimizer': 'adamw', 'loss_strategy': 'huber'}",-0.10690370669644933,0.7001812240481403,0.8345986008644104,0.43281346559524536,0.35197821259498596,0.8645563721656799,0.7172847986221313,0.593277517351691,0.8723250721454603,0.490253746509552,0.8132082223892212,0.8190536363732226
regressor,2d,gnn,2409,scaffold,3,42,0.704900860786438,0.8597762124962174,0.4647882580757141,0.816652238368988,1.0006426296074964,0.16543877124786377,0.5443940162658691,0.5459014071973207,"{'hidden_dim': 300, 'n_layers': 4, 'ffn_hidden_dim': 200, 'ffn_n_layers': 3, 'dropout': 0.21698065520764065, 'aggregation': 'sum', 'lr': 0.0005981920018752901, 'weight_decay': 1.956231900582052e-05, 'batch_size': 25, 'optimizer': 'adamw', 'loss_strategy': 'mse'}",-0.05650450699819676,0.8597762124962174,1.0012856721878052,0.6398929953575134,0.6452454328536987,0.745692253112793,0.49990326166152954,0.8032717054980206,0.731776993741571,0.7392151355743408,0.6907304525375366,0.6891967719594124
regressor,2d,gnn,2409,scaffold,2,42,0.651747465133667,0.818594850880552,0.4152570366859436,0.7586310505867004,0.9574175930666724,0.15945154428482056,0.4481760859489441,0.4387835098564579,"{'hidden_dim': 400, 'n_layers': 4, 'ffn_hidden_dim': 400, 'ffn_n_layers': 2, 'dropout': 0.10507192102445911, 'aggregation': 'mean', 'lr': 0.0007839559022167752, 'weight_decay': 8.077326376077581e-05, 'batch_size': 100, 'optimizer': 'adamw', 'loss_strategy': 'huber'}",0.08481394176671098,0.818594850880552,0.9166484475135803,0.7152186632156372,0.8161474466323853,0.6285131573677063,0.3947460651397705,0.9034087926472629,0.6016716039772062,0.6700975298881531,0.6485599875450134,0.59350223451896
regressor,2d,gnn,2409,scaffold,4,42,0.7004371881484985,0.9069048390123,0.3324228525161743,0.8398223519325256,1.0407224317423165,0.20029419660568237,0.4852929711341858,0.48900074338749366,"{'hidden_dim': 100, 'n_layers': 5, 'ffn_hidden_dim': 400, 'ffn_n_layers': 2, 'dropout': 0.05221025964222796, 'aggregation': 'mean', 'lr': 0.0004121267379717407, 'weight_decay': 3.610659323664729e-05, 'batch_size': 25, 'optimizer': 'adamw', 'loss_strategy': 'huber'}",-0.07259076781001716,0.9069048390123,1.0831031799316406,0.640136182308197,0.6960799694061279,0.6866843700408936,0.449088454246521,0.8343140712022828,0.6629399251185685,0.8224763870239258,0.5843356251716614,0.5181779938528054
regressor,2d,gnn,2409,scaffold,1,42,0.46632158756256104,0.6018341491478534,0.7101112604141235,0.753911554813385,0.9654977103472387,0.3349810838699341,0.7190479040145874,0.7177679048659443,"{'hidden_dim': 400, 'n_layers': 6, 'ffn_hidden_dim': 200, 'ffn_n_layers': 2, 'dropout': 0.02168408191955437, 'aggregation': 'sum', 'lr': 0.00048131407193009685, 'weight_decay': 7.532323879059608e-06, 'batch_size': 25, 'optimizer': 'adamw', 'loss_strategy': 'huber'}",0.04105997307030773,0.6018341491478534,0.9321858286857605,0.4571896493434906,0.4133128523826599,0.8274676203727722,0.6685330867767334,0.6428941222181611,0.8395730400595954,0.36220434308052063,0.8641425371170044,0.8539929170856807
regressor,2d,gnn,2409,random,5,42,0.6761662364006042,0.8454783363341655,0.4303857088088989,0.6591705679893494,0.8721967137778449,0.45786601305007935,0.685677170753479,0.6970412368185481,"{'hidden_dim': 300, 'n_layers': 2, 'ffn_hidden_dim': 400, 'ffn_n_layers': 2, 'dropout': 0.26324677570155486, 'aggregation': 'sum', 'lr': 0.0009441937200559985, 'weight_decay': 7.79931404258034e-05, 'batch_size': 25, 'optimizer': 'adamw', 'loss_strategy': 'mae'}",-0.02673987369069597,0.8454783363341655,0.7607271075248718,0.6294537782669067,0.670332670211792,0.6786843538284302,0.46035903692245483,0.8187384626434695,0.6833924421452926,0.7148336172103882,0.6576393246650696,0.6557192053642121
regressor,2d,gnn,2409,random,3,42,0.5166570544242859,0.6759458132024078,0.6507782936096191,0.6369234323501587,0.8146342343738715,0.4346725344657898,0.6966229677200317,0.6890962719181376,"{'hidden_dim': 300, 'n_layers': 5, 'ffn_hidden_dim': 300, 'ffn_n_layers': 3, 'dropout': 0.08000910796692055, 'aggregation': 'sum', 'lr': 0.000546696399572472, 'weight_decay': 7.788666998785323e-05, 'batch_size': 25, 'optimizer': 'adam', 'loss_strategy': 'huber'}",-0.05460821036603036,0.6759458132024078,0.6636289358139038,0.4703845977783203,0.3860604166984558,0.8419643640518188,0.704761266708374,0.6213376028363774,0.8429132844330361,0.45690274238586426,0.8083071112632751,0.776086002386439
regressor,2d,gnn,2409,random,2,42,0.6206588745117188,0.779833348456514,0.4648478031158447,0.6836281418800354,0.8715022544787908,0.3765130639076233,0.6703311800956726,0.6510425015197134,"{'hidden_dim': 200, 'n_layers': 3, 'ffn_hidden_dim': 200, 'ffn_n_layers': 2, 'dropout': 0.0641946125445371, 'aggregation': 'sum', 'lr': 0.000966461264915102, 'weight_decay': 7.267927603920723e-05, 'batch_size': 25, 'optimizer': 'adamw', 'loss_strategy': 'huber'}",-0.07646899574968868,0.779833348456514,0.759516179561615,0.5272649526596069,0.4947214126586914,0.8164982199668884,0.6228314638137817,0.7033643527068253,0.8155757658956626,0.6081400513648987,0.7000492811203003,0.6866816546061251
regressor,2d,gnn,2409,random,4,42,0.5313334465026855,0.6539287157654556,0.6565772891044617,0.6754694581031799,0.8981515180459732,0.3500678539276123,0.6435439586639404,0.6369849716339021,"{'hidden_dim': 500, 'n_layers': 6, 'ffn_hidden_dim': 400, 'ffn_n_layers': 3, 'dropout': 0.08396204600561391, 'aggregation': 'sum', 'lr': 0.000308325557114644, 'weight_decay': 5.6388733858696646e-05, 'batch_size': 25, 'optimizer': 'adam', 'loss_strategy': 'mse'}",0.08080376422308821,0.6539287157654556,0.8066761493682861,0.557079017162323,0.539831817150116,0.7713482975959778,0.5836015939712524,0.7347324799885439,0.7630646551056094,0.4276227653026581,0.810448408126831,0.7959322256862998
regressor,2d,gnn,2409,random,1,42,0.6144978404045105,0.8174185067134493,0.5563129186630249,0.6454105973243713,0.8449611095643266,0.46591103076934814,0.7061476707458496,0.7250515638461427,"{'hidden_dim': 500, 'n_layers': 6, 'ffn_hidden_dim': 300, 'ffn_n_layers': 3, 'dropout': 0.02346122553267929, 'aggregation': 'sum', 'lr': 0.0008066104562359236, 'weight_decay': 1.3038031824833404e-05, 'batch_size': 25, 'optimizer': 'adamw', 'loss_strategy': 'mae'}",-0.23117664748847622,0.8174185067134493,0.713959276676178,0.41881099343299866,0.3436795175075531,0.8536468744277954,0.723187267780304,0.5862418592249731,0.8536175890878048,0.6681730151176453,0.7545262575149536,0.7636259465907433
regressor,2d,gnn,2409,umap,5,42,0.6004005074501038,0.7683415389984698,0.5244311094284058,0.9735111594200134,1.3123852815902024,-0.25651097297668457,0.48696568608283997,0.563890026364684,"{'hidden_dim': 200, 'n_layers': 3, 'ffn_hidden_dim': 300, 'ffn_n_layers': 3, 'dropout': 0.0342862341021747, 'aggregation': 'sum', 'lr': 0.000994827614529188, 'weight_decay': 3.599093868997112e-05, 'batch_size': 50, 'optimizer': 'adamw', 'loss_strategy': 'mae'}",-0.028809159597476208,0.7683415389984698,1.7223551273345947,0.5400694012641907,0.5469081401824951,0.7608927488327026,0.5669713020324707,0.7395323794009936,0.7603515690742085,0.5903487205505371,0.7248417139053345,0.7005376715472694
regressor,2d,gnn,2409,umap,3,42,0.5552672743797302,0.6916872951196699,0.6022523641586304,0.7604530453681946,0.9692049803886494,0.04174041748046875,0.5140060186386108,0.48989675283614204,"{'hidden_dim': 300, 'n_layers': 6, 'ffn_hidden_dim': 100, 'ffn_n_layers': 3, 'dropout': 0.015928612401931354, 'aggregation': 'sum', 'lr': 0.0005268390521638562, 'weight_decay': 3.520943443173993e-05, 'batch_size': 25, 'optimizer': 'adamw', 'loss_strategy': 'mse'}",-0.06532995002037123,0.6916872951196699,0.9393582940101624,0.4784582555294037,0.3923235237598419,0.8491802215576172,0.7070959806442261,0.6263573450992986,0.8511725460720448,0.4784313142299652,0.7792932391166687,0.7963989261612748
regressor,2d,gnn,2409,umap,2,42,0.5838971138000488,0.747539338126129,0.5760048627853394,0.8101341724395752,0.9804456183755876,0.03516840934753418,0.5536779761314392,0.568231417587251,"{'hidden_dim': 100, 'n_layers': 5, 'ffn_hidden_dim': 400, 'ffn_n_layers': 2, 'dropout': 0.02483165423580433, 'aggregation': 'sum', 'lr': 0.0009621945071987, 'weight_decay': 7.971411550355815e-05, 'batch_size': 25, 'optimizer': 'adamw', 'loss_strategy': 'huber'}",-0.16025113562707416,0.747539338126129,0.9612736105918884,0.44477877020835876,0.3449074327945709,0.8654311895370483,0.7473528385162354,0.5872882024990549,0.8677756284640009,0.558815062046051,0.7785719037055969,0.7629992066870741
regressor,2d,gnn,2409,umap,4,42,0.5352291464805603,0.6979232379736816,0.37762778997421265,0.8896241784095764,1.154354655567245,0.09171754121780396,0.6039195656776428,0.6031630692062354,"{'hidden_dim': 400, 'n_layers': 2, 'ffn_hidden_dim': 400, 'ffn_n_layers': 2, 'dropout': 0.0023252422423043293, 'aggregation': 'sum', 'lr': 0.0002868997835381632, 'weight_decay': 5.3513582764559646e-05, 'batch_size': 25, 'optimizer': 'adam', 'loss_strategy': 'huber'}",-0.013895839944496169,0.6979232379736816,1.332534670829773,0.503096342086792,0.46789348125457764,0.7980371713638306,0.6260884404182434,0.6840273980291854,0.7928007023380482,0.4870968461036682,0.6802322864532471,0.6675476053967645
regressor,2d,gnn,2409,umap,1,42,0.6884257197380066,0.8896338988203849,0.4325432777404785,1.1098390817642212,1.3410848313565829,-0.37129461765289307,0.11535261571407318,0.08458947221876978,"{'hidden_dim': 400, 'n_layers': 3, 'ffn_hidden_dim': 200, 'ffn_n_layers': 2, 'dropout': 0.02823957752276155, 'aggregation': 'sum', 'lr': 0.0007476260155930161, 'weight_decay': 6.950751094486241e-05, 'batch_size': 50, 'optimizer': 'adamw', 'loss_strategy': 'huber'}",-0.2773427910631513,0.8896338988203849,1.7985085248947144,0.4610530734062195,0.3749004006385803,0.8380089998245239,0.691527247428894,0.6122911077572336,0.8338697908452798,0.7914484739303589,0.7059355974197388,0.7349569965053271
regressor,2d,gnn,2409,time,5,42,0.5728361010551453,0.6964910997888728,0.6534339189529419,0.9897485971450806,1.1767228117363517,-0.07945823669433594,0.3168094754219055,0.28730638833630195,"{'hidden_dim': 200, 'n_layers': 2, 'ffn_hidden_dim': 400, 'ffn_n_layers': 3, 'dropout': 0.04588776139056083, 'aggregation': 'sum', 'lr': 0.0006441211015681016, 'weight_decay': 6.980858824590089e-05, 'batch_size': 25, 'optimizer': 'adamw', 'loss_strategy': 'mse'}",-0.016299698450315536,0.6964910997888728,1.3846765756607056,0.5374666452407837,0.4626603424549103,0.802333652973175,0.6337313652038574,0.6801914013385573,0.8029574659031921,0.4850998520851135,0.8108861446380615,0.8171736212403334
regressor,2d,gnn,2409,time,3,42,0.5889267325401306,0.7654166814035391,0.42494869232177734,1.05954909324646,1.5924553193871358,-0.9040094614028931,0.5338578820228577,0.6212877900171973,"{'hidden_dim': 500, 'n_layers': 5, 'ffn_hidden_dim': 400, 'ffn_n_layers': 3, 'dropout': 0.06052495168340697, 'aggregation': 'sum', 'lr': 0.0007768840149888065, 'weight_decay': 5.137840678468137e-05, 'batch_size': 50, 'optimizer': 'adam', 'loss_strategy': 'mae'}",-0.1063715788593933,0.7654166814035391,2.5359139442443848,0.49200204014778137,0.4343404471874237,0.81638503074646,0.6526448726654053,0.6590451025441458,0.8102664194426745,0.5858626961708069,0.6753660440444946,0.6626122445854411
regressor,2d,gnn,2409,time,2,42,0.620313286781311,0.76692894426432,0.7045570611953735,1.0925347805023193,1.460567325470293,-0.5201765298843384,0.5099422335624695,0.5292668744506177,"{'hidden_dim': 200, 'n_layers': 3, 'ffn_hidden_dim': 400, 'ffn_n_layers': 2, 'dropout': 0.011663572091763476, 'aggregation': 'sum', 'lr': 0.000994430770976824, 'weight_decay': 1.924428127549288e-05, 'batch_size': 50, 'optimizer': 'adamw', 'loss_strategy': 'huber'}",-0.14497187330530192,0.76692894426432,2.1332569122314453,0.4620809257030487,0.386830598115921,0.799609899520874,0.6217426657676697,0.6219570709590181,0.7830384240996058,0.5881800055503845,0.8551328182220459,0.8615307900139947
regressor,2d,gnn,2409,time,4,42,0.802115261554718,1.0857704088935456,0.22985368967056274,1.0886250734329224,1.3358069462033144,-0.1548464298248291,0.5527822375297546,0.5523095366406341,"{'hidden_dim': 200, 'n_layers': 4, 'ffn_hidden_dim': 300, 'ffn_n_layers': 1, 'dropout': 0.15076181440480482, 'aggregation': 'sum', 'lr': 0.000713510975824684, 'weight_decay': 5.904159210611192e-05, 'batch_size': 25, 'optimizer': 'adamw', 'loss_strategy': 'mse'}",-0.3843769551823818,1.0857704088935456,1.7843801975250244,0.5294903516769409,0.4919527769088745,0.7776084542274475,0.5630060434341431,0.7013934537111638,0.7765830694141945,1.1788973808288574,0.5750014185905457,0.6027544012323258
regressor,2d,gnn,2409,time,1,42,0.5040943026542664,0.6713333608058455,0.6692192554473877,1.1698014736175537,1.4942546327266069,-0.6832982301712036,0.46736690402030945,0.4750177977151666,"{'hidden_dim': 500, 'n_layers': 6, 'ffn_hidden_dim': 200, 'ffn_n_layers': 2, 'dropout': 0.08152990676779431, 'aggregation': 'sum', 'lr': 0.0006787621438783042, 'weight_decay': 3.112092096504306e-05, 'batch_size': 50, 'optimizer': 'adamw', 'loss_strategy': 'huber'}",-0.02131404735387954,0.6713333608058455,2.2327969074249268,0.4879699647426605,0.4225251078605652,0.8085281252861023,0.6285192370414734,0.650019313451966,0.8081897644528363,0.4506884813308716,0.8186421394348145,0.8052516478085552
regressor,2d,gnn,2409,butina,5,42,0.6094117760658264,0.8155207965685318,0.39980781078338623,0.7614439725875854,0.9669940477698887,0.1728416085243225,0.6505072712898254,0.6387580905935485,"{'hidden_dim': 300, 'n_layers': 6, 'ffn_hidden_dim': 300, 'ffn_n_layers': 1, 'dropout': 0.24654582343442327, 'aggregation': 'sum', 'lr': 0.0009946622014960745, 'weight_decay': 8.806256365922394e-05, 'batch_size': 25, 'optimizer': 'adamw', 'loss_strategy': 'huber'}",-0.09019884512184684,0.8155207965685318,0.9350774884223938,0.5266481041908264,0.5260919332504272,0.7956493496894836,0.6070320010185242,0.725321951446685,0.8013857817089486,0.6650741696357727,0.7027673125267029,0.6390497101705399
regressor,2d,gnn,2409,butina,3,42,0.5252243280410767,0.6765601680089921,0.657646656036377,0.8602826595306396,1.0664572790883011,-0.013512134552001953,0.3674702048301697,0.32181797194890654,"{'hidden_dim': 500, 'n_layers': 6, 'ffn_hidden_dim': 300, 'ffn_n_layers': 3, 'dropout': 0.11183639616966197, 'aggregation': 'sum', 'lr': 0.0007341643367266435, 'weight_decay': 4.4405449475589465e-05, 'batch_size': 25, 'optimizer': 'adam', 'loss_strategy': 'mse'}",-0.02990607854445959,0.6765601680089921,1.1373311281204224,0.4955620765686035,0.4181615114212036,0.8268908262252808,0.6811438798904419,0.6466540894645325,0.8265250160586581,0.4577336609363556,0.8111007213592529,0.8016654092060707
regressor,2d,gnn,2409,butina,2,42,0.7038894891738892,0.8459507181116417,0.2942020893096924,0.9617383480072021,1.175846237465072,0.0794488787651062,0.42633986473083496,0.40340707405695975,"{'hidden_dim': 200, 'n_layers': 4, 'ffn_hidden_dim': 300, 'ffn_n_layers': 1, 'dropout': 0.06697773985504288, 'aggregation': 'mean', 'lr': 0.0006923251255990131, 'weight_decay': 8.792139382001628e-05, 'batch_size': 25, 'optimizer': 'adamw', 'loss_strategy': 'mse'}",-0.08469722939420232,0.8459507181116417,1.3826143741607666,0.5860021114349365,0.5795068740844727,0.7329926490783691,0.5341393947601318,0.7612534887174394,0.6963444805091299,0.7156326174736023,0.5636091828346252,0.5343620003206815
regressor,2d,gnn,2409,butina,4,42,0.5669571161270142,0.7247659765918895,0.5717695951461792,0.887610912322998,1.0659638210190614,0.20028114318847656,0.5539170503616333,0.5845376149945829,"{'hidden_dim': 300, 'n_layers': 4, 'ffn_hidden_dim': 200, 'ffn_n_layers': 3, 'dropout': 0.2033793223414862, 'aggregation': 'sum', 'lr': 0.0004726029770010997, 'weight_decay': 5.2268844437249185e-05, 'batch_size': 50, 'optimizer': 'adamw', 'loss_strategy': 'mse'}",0.06477929373423197,0.7247659765918895,1.1362788677215576,0.6068282127380371,0.6233817338943481,0.7124665379524231,0.49451273679733276,0.7895452703261214,0.7238003601127934,0.5252857208251953,0.7631500959396362,0.6823155119499235
regressor,2d,gnn,2409,butina,1,42,0.6319584250450134,0.7968568986818956,0.48905909061431885,0.9085960388183594,1.16126231890202,-0.2074209451675415,0.45019638538360596,0.5059748952919885,"{'hidden_dim': 100, 'n_layers': 3, 'ffn_hidden_dim': 300, 'ffn_n_layers': 3, 'dropout': 0.027290326409828827, 'aggregation': 'sum', 'lr': 0.0004735363990038645, 'weight_decay': 1.675396330759952e-05, 'batch_size': 25, 'optimizer': 'adam', 'loss_strategy': 'huber'}",-0.11643115144555216,0.7968568986818956,1.3485301733016968,0.5225191712379456,0.46297919750213623,0.8138803243637085,0.648736834526062,0.6804257472363434,0.8111798569661568,0.6349809169769287,0.7068195343017578,0.678475854094094
regressor,2d,gnn,2409,diverse_25,5,42,1.0324530601501465,1.211447921974969,9.41157341003418e-05,1.0783674716949463,1.217699967946518,-0.023610830307006836,0.09149472415447235,0.05502221547765835,"{'hidden_dim': 500, 'n_layers': 4, 'ffn_hidden_dim': 200, 'ffn_n_layers': 3, 'dropout': 0.18781227852442353, 'aggregation': 'mean', 'lr': 0.0009699545827079382, 'weight_decay': 3.702241382392856e-05, 'batch_size': 50, 'optimizer': 'adam', 'loss_strategy': 'mse'}",-0.024418678657062154,1.211447921974969,1.4827932119369507,1.022931694984436,1.4090384244918823,0.1592426300048828,-0.0024602413177490234,1.1870292433179068,0.13080806687013738,1.4676060676574707,0.28392067551612854,0.24869884811613546
regressor,2d,gnn,2409,diverse_25,3,42,0.8271582722663879,1.0616007533689527,0.28823262453079224,0.9875898361206055,1.2442341384597169,-0.20100176334381104,0.39680513739585876,0.3754661747415034,"{'hidden_dim': 100, 'n_layers': 4, 'ffn_hidden_dim': 300, 'ffn_n_layers': 3, 'dropout': 0.03989544612800627, 'aggregation': 'sum', 'lr': 0.0005191372339817512, 'weight_decay': 8.287705624474282e-05, 'batch_size': 25, 'optimizer': 'adamw', 'loss_strategy': 'mse'}",-0.119435795146563,1.0616007533689527,1.5481185913085938,0.7360891103744507,0.8876748085021973,0.6766126155853271,0.37896257638931274,0.9421649582223897,0.6739939118640311,1.1269961595535278,0.622365415096283,0.6170489726666621
regressor,2d,gnn,2409,diverse_25,2,42,0.8200573921203613,1.0026531191017998,0.09385383129119873,0.8927011489868164,1.071493569173664,0.025753259658813477,0.28069451451301575,0.31344862278747393,"{'hidden_dim': 300, 'n_layers': 5, 'ffn_hidden_dim': 300, 'ffn_n_layers': 1, 'dropout': 0.15887627772672555, 'aggregation': 'mean', 'lr': 8.886648519636488e-05, 'weight_decay': 3.4351680789551317e-05, 'batch_size': 25, 'optimizer': 'adam', 'loss_strategy': 'mse'}",0.13018547838853434,1.0026531191017998,1.1480984687805176,0.9890406131744385,1.2833232879638672,0.44306138157844543,0.18781518936157227,1.132838597490334,0.43721509355589705,1.0053132772445679,0.31067362427711487,0.3171509478314599
regressor,2d,gnn,2409,diverse_25,4,42,0.8767665028572083,1.0765495952834878,0.06993186473846436,1.0404988527297974,1.2309838564052027,0.07108932733535767,0.3125744163990021,0.27799454247418337,"{'hidden_dim': 200, 'n_layers': 2, 'ffn_hidden_dim': 100, 'ffn_n_layers': 1, 'dropout': 0.048102009210025845, 'aggregation': 'mean', 'lr': 0.0004836595201322548, 'weight_decay': 4.5227404421935325e-05, 'batch_size': 25, 'optimizer': 'adam', 'loss_strategy': 'mae'}",0.0109902127654804,1.0765495952834878,1.5153212547302246,0.928046703338623,1.1827428340911865,0.41494518518447876,0.16239172220230103,1.0875398080489682,0.439454643569778,1.1589590311050415,0.2651337683200836,0.2587376910352971
regressor,2d,gnn,2409,diverse_25,1,42,0.9154884219169617,1.0739438901732332,0.10554498434066772,1.0331826210021973,1.260058890813269,-0.05589449405670166,0.2813561260700226,0.2928880838418508,"{'hidden_dim': 500, 'n_layers': 3, 'ffn_hidden_dim': 300, 'ffn_n_layers': 2, 'dropout': 0.07124417120873847, 'aggregation': 'mean', 'lr': 0.00013291006013204997, 'weight_decay': 9.492789198344177e-05, 'batch_size': 25, 'optimizer': 'adam', 'loss_strategy': 'mae'}",-0.07278644176865212,1.0739438901732332,1.587748408317566,0.8186272978782654,1.0023162364959717,0.5600777268409729,0.3044545650482178,1.001157448404581,0.5573783104793659,1.1533554792404175,0.34356823563575745,0.37628208840151667
regressor,2d,gnn,284,scaffold,5,42,0.457823246717453,0.5902326451294528,0.5446361899375916,0.7283462285995483,0.9778659209315484,0.13113069534301758,0.4952206611633301,0.5057087139198743,"{'hidden_dim': 400, 'n_layers': 5, 'ffn_hidden_dim': 300, 'ffn_n_layers': 3, 'dropout': 0.0005857917950647593, 'aggregation': 'sum', 'lr': 0.0004535215786859391, 'weight_decay': 8.97375024571171e-06, 'batch_size': 50, 'optimizer': 'adamw', 'loss_strategy': 'mae'}",0.09064728296535551,0.5902326451294528,0.9562217593193054,0.47499391436576843,0.46359747648239136,0.7336883544921875,0.4990420937538147,0.6808799280948084,0.7412536475955223,0.3483745753765106,0.7705491185188293,0.7453178863659806
regressor,2d,gnn,284,scaffold,3,42,0.49043768644332886,0.6612373393384514,0.4939334988594055,0.683086097240448,0.9168144598218351,0.06545960903167725,0.4514797627925873,0.45922470247424596,"{'hidden_dim': 400, 'n_layers': 6, 'ffn_hidden_dim': 400, 'ffn_n_layers': 1, 'dropout': 0.20088792932907412, 'aggregation': 'mean', 'lr': 0.0002802227594518823, 'weight_decay': 4.9491193660444585e-05, 'batch_size': 25, 'optimizer': 'adamw', 'loss_strategy': 'mse'}",-0.03237520868915189,0.6612373393384514,0.8405487537384033,0.46902981400489807,0.3954675793647766,0.7713391780853271,0.5937659740447998,0.6288621306492995,0.7792853258907856,0.4372348189353943,0.7094905376434326,0.7015061158333576
regressor,2d,gnn,284,scaffold,2,42,0.524402916431427,0.6920071162315458,0.375285804271698,0.5327050685882568,0.7452220118071302,0.4104360342025757,0.6705918908119202,0.6716913846569419,"{'hidden_dim': 200, 'n_layers': 4, 'ffn_hidden_dim': 400, 'ffn_n_layers': 2, 'dropout': 0.0008964338806827336, 'aggregation': 'sum', 'lr': 0.0009135577102336859, 'weight_decay': 1.796446185500153e-05, 'batch_size': 50, 'optimizer': 'adamw', 'loss_strategy': 'huber'}",-0.0975473041133742,0.6920071162315458,0.5553558468818665,0.4461331367492676,0.3533824682235718,0.7998678684234619,0.6358476877212524,0.5944598121181716,0.8027828807620717,0.4788738489151001,0.6437143087387085,0.650097714160843
regressor,2d,gnn,284,scaffold,4,42,0.5325071215629578,0.6901732404196658,0.5838075280189514,0.6427606344223022,0.8515469610913832,0.2598228454589844,0.5449692606925964,0.5841085468879977,"{'hidden_dim': 100, 'n_layers': 4, 'ffn_hidden_dim': 300, 'ffn_n_layers': 3, 'dropout': 0.015095416027951586, 'aggregation': 'sum', 'lr': 0.0002923110010126124, 'weight_decay': 3.444205604222488e-05, 'batch_size': 25, 'optimizer': 'adam', 'loss_strategy': 'mse'}",-0.07631675115720182,0.6901732404196658,0.7251322269439697,0.46965867280960083,0.37681978940963745,0.7688865661621094,0.5911572575569153,0.613856489262464,0.7626235189549236,0.47633910179138184,0.7658071517944336,0.7327192524095412
regressor,2d,gnn,284,scaffold,1,42,0.5052424073219299,0.6589229507627469,0.5838431119918823,0.6985427737236023,0.9319307207504769,-0.07673871517181396,0.43485093116760254,0.44913920540460445,"{'hidden_dim': 100, 'n_layers': 6, 'ffn_hidden_dim': 200, 'ffn_n_layers': 2, 'dropout': 0.06252903055644188, 'aggregation': 'sum', 'lr': 0.0009682469323945528, 'weight_decay': 3.066954781747038e-07, 'batch_size': 25, 'optimizer': 'adamw', 'loss_strategy': 'mse'}",-0.10685354184982632,0.6589229507627469,0.8684948682785034,0.4269028902053833,0.30478063225746155,0.8425918221473694,0.6887552738189697,0.5520694089129206,0.8431524746774871,0.4341794550418854,0.7648801803588867,0.7715299510111022
regressor,2d,gnn,284,random,5,42,0.5310291647911072,0.696725566733994,0.4788675904273987,0.6154410243034363,0.8004512572140972,0.2868279218673706,0.6066232323646545,0.619443156377855,"{'hidden_dim': 200, 'n_layers': 3, 'ffn_hidden_dim': 300, 'ffn_n_layers': 3, 'dropout': 0.019768503451116873, 'aggregation': 'sum', 'lr': 0.0006168392069763742, 'weight_decay': 6.86141721586095e-05, 'batch_size': 50, 'optimizer': 'adamw', 'loss_strategy': 'huber'}",-0.05398650253436976,0.696725566733994,0.6407222151756287,0.4970085620880127,0.4131135046482086,0.7879533767700195,0.5736578702926636,0.6427390641996242,0.79373771235107,0.48542651534080505,0.6955354809761047,0.7020156600724148
regressor,2d,gnn,284,random,3,42,0.5650268793106079,0.7395035248440915,0.3998727798461914,0.5289353132247925,0.687593605431575,0.48460090160369873,0.6994519829750061,0.6956247402675233,"{'hidden_dim': 100, 'n_layers': 5, 'ffn_hidden_dim': 300, 'ffn_n_layers': 3, 'dropout': 0.056179594170387294, 'aggregation': 'sum', 'lr': 0.0008290049751135556, 'weight_decay': 1.0693696900326513e-05, 'batch_size': 25, 'optimizer': 'adamw', 'loss_strategy': 'mse'}",-0.13776579722753024,0.7395035248440915,0.47278496623039246,0.4656701683998108,0.36208829283714294,0.7924165725708008,0.6250255703926086,0.6017377276165613,0.7932591119807665,0.5468654632568359,0.6475587487220764,0.6497853989661088
regressor,2d,gnn,284,random,2,42,0.49213460087776184,0.6452904593557675,0.48212695121765137,0.6201815009117126,0.8511777936249092,0.28634095191955566,0.585712730884552,0.6151658076127463,"{'hidden_dim': 200, 'n_layers': 4, 'ffn_hidden_dim': 400, 'ffn_n_layers': 2, 'dropout': 0.03996683800703686, 'aggregation': 'sum', 'lr': 0.0008056339481134729, 'weight_decay': 2.218830656771441e-05, 'batch_size': 50, 'optimizer': 'adamw', 'loss_strategy': 'huber'}",-0.03618257116008505,0.6452904593557675,0.7245036363601685,0.462116539478302,0.371012419462204,0.7811444997787476,0.609937310218811,0.6091078881956824,0.7745420326125685,0.4163997769355774,0.6982508301734924,0.701109058460958
regressor,2d,gnn,284,random,4,42,0.45053377747535706,0.5683819481211261,0.6320149898529053,0.5447366833686829,0.7307015522320284,0.4162067770957947,0.6704476475715637,0.6935799450326383,"{'hidden_dim': 400, 'n_layers': 6, 'ffn_hidden_dim': 400, 'ffn_n_layers': 2, 'dropout': 0.2090481465465438, 'aggregation': 'sum', 'lr': 0.0006994352142906561, 'weight_decay': 2.6690871111178034e-05, 'batch_size': 25, 'optimizer': 'adamw', 'loss_strategy': 'huber'}",0.061159826833212194,0.5683819481211261,0.5339247584342957,0.47501006722450256,0.3963228464126587,0.769779622554779,0.5914945006370544,0.6295417749543383,0.7682039637953152,0.32305803894996643,0.8043864965438843,0.794752106708439
regressor,2d,gnn,284,random,1,42,0.5421252846717834,0.6631236227166832,0.5042247176170349,0.6051334142684937,0.8103538559122426,0.3482211232185364,0.6116544604301453,0.6018837995139038,"{'hidden_dim': 100, 'n_layers': 6, 'ffn_hidden_dim': 200, 'ffn_n_layers': 2, 'dropout': 0.0024811554594645485, 'aggregation': 'sum', 'lr': 0.0009265230379998779, 'weight_decay': 2.3615707764834787e-05, 'batch_size': 25, 'optimizer': 'adamw', 'loss_strategy': 'mse'}",-0.14194571367937592,0.6631236227166832,0.6566733717918396,0.3937496840953827,0.27162641286849976,0.8461008071899414,0.7116721868515015,0.5211779090373073,0.8390742586526477,0.43973293900489807,0.7186245322227478,0.7022300095665537
regressor,2d,gnn,284,umap,5,42,0.6232614517211914,0.8124917103271151,0.4624149799346924,0.6410555839538574,0.8197631813215753,0.004496514797210693,0.30886632204055786,0.32334715866631103,"{'hidden_dim': 300, 'n_layers': 3, 'ffn_hidden_dim': 200, 'ffn_n_layers': 2, 'dropout': 0.23496883180564926, 'aggregation': 'mean', 'lr': 0.0005129603438928801, 'weight_decay': 4.7936166995795945e-05, 'batch_size': 25, 'optimizer': 'adam', 'loss_strategy': 'mse'}",-0.09436352617416255,0.8124917103271151,0.67201167345047,0.5497280955314636,0.5157080888748169,0.7039030194282532,0.47815895080566406,0.7181281841529525,0.7014929937192569,0.6601427793502808,0.691588819026947,0.719207069207783
regressor,2d,gnn,284,umap,3,42,0.5578622817993164,0.6931498896100324,0.44488853216171265,1.8717195987701416,2.2287945184203446,-3.320840358734131,0.193609818816185,0.21996526150708878,"{'hidden_dim': 300, 'n_layers': 5, 'ffn_hidden_dim': 100, 'ffn_n_layers': 1, 'dropout': 0.17530901066657903, 'aggregation': 'sum', 'lr': 0.00039609641839424386, 'weight_decay': 3.414591869842326e-05, 'batch_size': 50, 'optimizer': 'adamw', 'loss_strategy': 'huber'}",-0.08230787474922008,0.6931498896100324,4.967525005340576,0.4598284661769867,0.3731279671192169,0.7635161876678467,0.5652326345443726,0.6108420148608124,0.744758763599631,0.48045676946640015,0.6817206144332886,0.6930124477315289
regressor,2d,gnn,284,umap,2,42,0.4853338301181793,0.6205194325090005,0.585591197013855,0.9491193294525146,1.122061866349984,-0.13207054138183594,0.37037086486816406,0.3917088226388277,"{'hidden_dim': 500, 'n_layers': 4, 'ffn_hidden_dim': 400, 'ffn_n_layers': 3, 'dropout': 0.0956509837651846, 'aggregation': 'sum', 'lr': 0.0009869774169297251, 'weight_decay': 9.158535836114893e-05, 'batch_size': 25, 'optimizer': 'adamw', 'loss_strategy': 'huber'}",-0.06401703717731555,0.6205194325090005,1.259022831916809,0.42859214544296265,0.30969491600990295,0.8271641731262207,0.6510438919067383,0.556502395331685,0.8265439658045021,0.3850443661212921,0.7760487198829651,0.742024419261766
regressor,2d,gnn,284,umap,4,42,0.581574022769928,0.7362726327237952,0.3571569323539734,0.8622835278511047,1.081038863454789,-0.14506494998931885,0.5079497694969177,0.5220670996710538,"{'hidden_dim': 100, 'n_layers': 3, 'ffn_hidden_dim': 300, 'ffn_n_layers': 2, 'dropout': 0.0018634941319868262, 'aggregation': 'sum', 'lr': 0.000726846296641147, 'weight_decay': 4.7128050093035046e-05, 'batch_size': 25, 'optimizer': 'adamw', 'loss_strategy': 'mae'}",-0.08113526499224777,0.7362726327237952,1.1686450242996216,0.47788137197494507,0.4292049705982208,0.7372145652770996,0.5289608240127563,0.6551373677315474,0.7377946523673072,0.5420973896980286,0.621219277381897,0.6301938499731367
regressor,2d,gnn,284,umap,1,42,0.5339021682739258,0.7107711848973803,0.41869574785232544,0.6219707727432251,0.8455702609032335,-1.2804954051971436,0.1600528508424759,0.1397583381372684,"{'hidden_dim': 100, 'n_layers': 5, 'ffn_hidden_dim': 200, 'ffn_n_layers': 3, 'dropout': 0.029587685851418112, 'aggregation': 'sum', 'lr': 0.0009584129512470834, 'weight_decay': 2.3726958149730438e-05, 'batch_size': 25, 'optimizer': 'adamw', 'loss_strategy': 'huber'}",-0.1511331572963429,0.7107711848973803,0.7149890661239624,0.4254677891731262,0.31319472193717957,0.869952380657196,0.7092430591583252,0.5596380276010374,0.8724826626526125,0.505195677280426,0.6734814047813416,0.6916269177852967
regressor,2d,gnn,284,time,5,42,0.5574365854263306,0.7310699192246912,0.4604189395904541,0.936035692691803,1.193861635590445,-0.08559727668762207,0.45330533385276794,0.4757594040341747,"{'hidden_dim': 200, 'n_layers': 4, 'ffn_hidden_dim': 300, 'ffn_n_layers': 3, 'dropout': 0.025612751552649738, 'aggregation': 'sum', 'lr': 0.0006825142924680998, 'weight_decay': 2.1688351936536977e-05, 'batch_size': 100, 'optimizer': 'adamw', 'loss_strategy': 'huber'}",-0.05315354054389232,0.7310699192246912,1.4253056049346924,0.5047399997711182,0.45957061648368835,0.7152402997016907,0.48143064975738525,0.6779163786807989,0.7109935411674826,0.5344632267951965,0.6841098666191101,0.7258762770334369
regressor,2d,gnn,284,time,3,42,0.5601950883865356,0.7262677240753156,0.4019181728363037,0.861915111541748,1.0665009844275115,0.0757412314414978,0.32225722074508667,0.34658032432463,"{'hidden_dim': 500, 'n_layers': 4, 'ffn_hidden_dim': 400, 'ffn_n_layers': 1, 'dropout': 0.2767223294379403, 'aggregation': 'mean', 'lr': 0.0005740554219850784, 'weight_decay': 4.6909418933424024e-05, 'batch_size': 25, 'optimizer': 'adam', 'loss_strategy': 'mae'}",-0.07880938724896114,0.7262677240753156,1.137424349784851,0.4690100848674774,0.4192022979259491,0.6310328841209412,0.3962339758872986,0.6474583368263545,0.6490811367165562,0.5274648070335388,0.6398319602012634,0.6316377587315414
regressor,2d,gnn,284,time,2,42,0.43752917647361755,0.6054020506513765,0.41316449642181396,1.1102194786071777,1.4998203011003188,-1.0679175853729248,0.2526458501815796,0.298375387915394,"{'hidden_dim': 200, 'n_layers': 3, 'ffn_hidden_dim': 300, 'ffn_n_layers': 2, 'dropout': 0.0016373081885019784, 'aggregation': 'sum', 'lr': 0.0007587571143490992, 'weight_decay': 4.5994646324613025e-05, 'batch_size': 25, 'optimizer': 'adamw', 'loss_strategy': 'huber'}",-0.11880779694206695,0.6054020506513765,2.2494609355926514,0.3742523491382599,0.23677396774291992,0.8250659108161926,0.6764215230941772,0.4865942537093096,0.7927732004935546,0.36651164293289185,0.6630831956863403,0.6491724632335208
regressor,2d,gnn,284,time,4,42,0.455130934715271,0.6057025335026823,0.5316742658615112,1.2849074602127075,1.7201378507597742,-1.0292103290557861,0.34964945912361145,0.36749427282623526,"{'hidden_dim': 400, 'n_layers': 6, 'ffn_hidden_dim': 300, 'ffn_n_layers': 1, 'dropout': 0.04116525045219571, 'aggregation': 'sum', 'lr': 0.0006125919552309979, 'weight_decay': 6.434048526050562e-05, 'batch_size': 50, 'optimizer': 'adam', 'loss_strategy': 'mae'}",0.03340474518404102,0.6057025335026823,2.958874225616455,0.42864495515823364,0.4084581136703491,0.7320294976234436,0.4971165657043457,0.6391072786867233,0.7678986642567731,0.366875559091568,0.7626187205314636,0.7796906326922133
regressor,2d,gnn,284,time,1,42,0.5481101274490356,0.7507046329968666,0.3988916873931885,0.8301076889038086,1.0389078928716013,-0.1326305866241455,0.23180949687957764,0.26725865038817387,"{'hidden_dim': 300, 'n_layers': 6, 'ffn_hidden_dim': 100, 'ffn_n_layers': 1, 'dropout': 0.05963300653085421, 'aggregation': 'mean', 'lr': 0.0009734639551399827, 'weight_decay': 6.296767345946465e-05, 'batch_size': 50, 'optimizer': 'adamw', 'loss_strategy': 'huber'}",-0.1898156561321377,0.7507046329968666,1.0793296098709106,0.417010098695755,0.3145964443683624,0.8085170388221741,0.6256381273269653,0.5608889768647289,0.8106059136688893,0.5635574460029602,0.6325816512107849,0.6081847669888834
regressor,2d,gnn,284,butina,5,42,0.47997164726257324,0.6272297424247202,0.510250985622406,0.8002660870552063,1.0242896572682427,-0.11656630039215088,0.31017252802848816,0.3686284096409271,"{'hidden_dim': 300, 'n_layers': 6, 'ffn_hidden_dim': 400, 'ffn_n_layers': 3, 'dropout': 0.03886354435516268, 'aggregation': 'sum', 'lr': 0.00042692479055000824, 'weight_decay': 4.757311880699178e-05, 'batch_size': 25, 'optimizer': 'adamw', 'loss_strategy': 'huber'}",0.015071044091788721,0.6272297424247202,1.0491693019866943,0.4856064021587372,0.41255030035972595,0.7587647438049316,0.5755492448806763,0.6423007865165089,0.7615915442060195,0.3934171497821808,0.7293040156364441,0.7272764979599001
regressor,2d,gnn,284,butina,3,42,0.5102266073226929,0.6898210100549551,0.5207982659339905,0.7183595299720764,0.932024606711413,0.15537029504776,0.449799120426178,0.4925989975537811,"{'hidden_dim': 500, 'n_layers': 5, 'ffn_hidden_dim': 200, 'ffn_n_layers': 1, 'dropout': 0.03877003382050559, 'aggregation': 'mean', 'lr': 0.0002568353302282711, 'weight_decay': 1.7632576046317305e-05, 'batch_size': 25, 'optimizer': 'adam', 'loss_strategy': 'mae'}",-0.015542569536460604,0.6898210100549551,0.868669867515564,0.49172013998031616,0.454651415348053,0.7216386198997498,0.5071375370025635,0.6742784405184945,0.7172732627121762,0.4758530259132385,0.7278025150299072,0.7244696968005339
regressor,2d,gnn,284,butina,2,42,0.5435752272605896,0.6962051448036324,0.6000702381134033,0.5835185050964355,0.853164600668888,-0.4938470125198364,0.14838474988937378,0.2434573866265323,"{'hidden_dim': 200, 'n_layers': 3, 'ffn_hidden_dim': 400, 'ffn_n_layers': 2, 'dropout': 0.07592352372136375, 'aggregation': 'sum', 'lr': 0.0008313544168156817, 'weight_decay': 5.129396181440978e-05, 'batch_size': 25, 'optimizer': 'adamw', 'loss_strategy': 'huber'}",-0.12379582921390653,0.6962051448036324,0.7278898358345032,0.4309043288230896,0.3276524245738983,0.8314065933227539,0.682598888874054,0.5724093155897259,0.8371538414881451,0.48470160365104675,0.7828765511512756,0.8156377109231547
regressor,2d,gnn,284,butina,4,42,0.5994595289230347,0.7864135998936287,0.3619423508644104,0.784151554107666,0.9764696305939056,0.2175661325454712,0.5054457783699036,0.4540735803531084,"{'hidden_dim': 500, 'n_layers': 5, 'ffn_hidden_dim': 300, 'ffn_n_layers': 2, 'dropout': 0.015138409018065693, 'aggregation': 'mean', 'lr': 6.885972422546633e-05, 'weight_decay': 1.7724029971370602e-05, 'batch_size': 25, 'optimizer': 'adamw', 'loss_strategy': 'huber'}",-0.04786331137995192,0.7864135998936287,0.9534929394721985,0.5504598617553711,0.5454565286636353,0.6198840737342834,0.3776301145553589,0.7385502885136768,0.6381182699207978,0.6184463500976562,0.6019120216369629,0.6186240363617429
regressor,2d,gnn,284,butina,1,42,0.42941224575042725,0.5550703419965879,0.6208169460296631,0.8528622388839722,1.0762937168719453,-0.14424121379852295,0.29527047276496887,0.2826223183105624,"{'hidden_dim': 500, 'n_layers': 3, 'ffn_hidden_dim': 200, 'ffn_n_layers': 3, 'dropout': 0.17326614938080737, 'aggregation': 'sum', 'lr': 0.00069157593864872, 'weight_decay': 3.759465959468394e-05, 'batch_size': 25, 'optimizer': 'adamw', 'loss_strategy': 'mse'}",0.038842463024192364,0.5550703419965879,1.1584081649780273,0.4596256911754608,0.35273241996765137,0.8001336455345154,0.6275352239608765,0.5939128050207803,0.7927248887200278,0.308103084564209,0.7932425141334534,0.7872688400947427
regressor,2d,gnn,284,diverse_25,5,42,0.7959387898445129,0.9835673455170314,0.18075227737426758,0.6760973334312439,0.9185962561339419,0.23416489362716675,0.505768895149231,0.5545381046514498,"{'hidden_dim': 400, 'n_layers': 6, 'ffn_hidden_dim': 300, 'ffn_n_layers': 1, 'dropout': 0.27231738299657965, 'aggregation': 'mean', 'lr': 0.0001720925184826069, 'weight_decay': 6.173122726613238e-05, 'batch_size': 25, 'optimizer': 'adam', 'loss_strategy': 'mae'}",-0.026301574865531085,0.9835673455170314,0.8438190817832947,0.7502927184104919,0.9163577556610107,0.3582555055618286,0.1256733536720276,0.9572657706515003,0.40213605421314613,0.9674047231674194,0.42996206879615784,0.3544329317882902
regressor,2d,gnn,284,diverse_25,3,42,0.9698076844215393,1.126795660220731,0.11269235610961914,0.8504408597946167,0.9902967023326749,0.030780136585235596,0.18851089477539062,0.1813266533443797,"{'hidden_dim': 100, 'n_layers': 4, 'ffn_hidden_dim': 400, 'ffn_n_layers': 3, 'dropout': 0.08066130679580268, 'aggregation': 'mean', 'lr': 3.427525104001082e-05, 'weight_decay': 5.33089055449786e-05, 'batch_size': 100, 'optimizer': 'adam', 'loss_strategy': 'mae'}",-0.12413029512716434,1.126795660220731,0.9806875586509705,0.776104211807251,1.0053378343582153,0.11377722769975662,0.005624234676361084,1.0026653650935666,0.1273993100657932,1.269668459892273,0.41780179738998413,0.4642957979212058
regressor,2d,gnn,284,diverse_25,2,42,0.8138886094093323,0.9642050787599883,0.05471426248550415,0.8214134573936462,0.9995074251098546,0.037506103515625,0.2375430464744568,0.28527889117772237,"{'hidden_dim': 100, 'n_layers': 2, 'ffn_hidden_dim': 400, 'ffn_n_layers': 3, 'dropout': 0.27487401913156295, 'aggregation': 'mean', 'lr': 1.9460643810065166e-05, 'weight_decay': 1.8734899596513974e-05, 'batch_size': 100, 'optimizer': 'adamw', 'loss_strategy': 'mse'}",0.0843540365137152,0.9642050787599883,0.9990150928497314,0.8360962867736816,1.0994762182235718,0.25982168316841125,0.013493120670318604,1.0485591152737035,0.2591075648219711,0.9296914339065552,0.24154527485370636,0.23546488262993195
regressor,2d,gnn,284,diverse_25,4,42,0.8067944645881653,1.0264692174139471,0.0011281967163085938,0.8647896647453308,1.0403235677655767,-0.07024145126342773,0.019861768931150436,0.027169771945891923,"{'hidden_dim': 400, 'n_layers': 3, 'ffn_hidden_dim': 300, 'ffn_n_layers': 2, 'dropout': 0.1501775014598914, 'aggregation': 'mean', 'lr': 0.000592661381570782, 'weight_decay': 4.059391063390931e-05, 'batch_size': 25, 'optimizer': 'adam', 'loss_strategy': 'mae'}",0.06963312010754019,1.0264692174139471,1.0822731256484985,0.8800534009933472,1.2014403343200684,0.28220924735069275,-0.10730695724487305,1.0961023375214873,0.25643489337610637,1.0536390542984009,0.09818814694881439,0.2877648543942301
regressor,2d,gnn,284,diverse_25,1,42,0.833332359790802,1.0004340064471011,0.0003921985626220703,0.8600220084190369,1.1226308566243208,-0.07679402828216553,-0.08810372650623322,-0.014925528917720594,"{'hidden_dim': 400, 'n_layers': 4, 'ffn_hidden_dim': 100, 'ffn_n_layers': 2, 'dropout': 0.16958095861400485, 'aggregation': 'mean', 'lr': 0.0009983542461166844, 'weight_decay': 2.7717710598817363e-05, 'batch_size': 25, 'optimizer': 'adam', 'loss_strategy': 'huber'}",0.025240363706251934,1.0004340064471011,1.2603000402450562,0.8433856964111328,1.0520079135894775,0.13977238535881042,0.00045031309127807617,1.025674370153353,0.1587145267183836,1.0008682012557983,0.13047900795936584,0.06789638153733157
regressor,2d,gnn,4005,scaffold,5,42,0.48127007484436035,0.6407811044443072,0.6222066879272461,0.7486840486526489,0.949581312473407,0.23663008213043213,0.6287463307380676,0.6068459373299447,"{'hidden_dim': 400, 'n_layers': 4, 'ffn_hidden_dim': 400, 'ffn_n_layers': 2, 'dropout': 0.030648833749457666, 'aggregation': 'sum', 'lr': 0.0007418169673195167, 'weight_decay': 6.282900701422745e-05, 'batch_size': 25, 'optimizer': 'adamw', 'loss_strategy': 'mse'}",-0.14208425516361395,0.6407811044443072,0.9017046689987183,0.3889685273170471,0.24869854748249054,0.8982224464416504,0.7932266592979431,0.4986968492806933,0.8967662584494006,0.4106004238128662,0.7936723828315735,0.7860589597759154
regressor,2d,gnn,4005,scaffold,3,42,0.5345720648765564,0.6977939901190433,0.613523006439209,0.5998059511184692,0.7655436024896131,0.5230038166046143,0.7284630537033081,0.6929438536642388,"{'hidden_dim': 500, 'n_layers': 2, 'ffn_hidden_dim': 300, 'ffn_n_layers': 3, 'dropout': 0.012214023194398023, 'aggregation': 'sum', 'lr': 0.0009908182128525558, 'weight_decay': 2.0968748882074273e-05, 'batch_size': 25, 'optimizer': 'adamw', 'loss_strategy': 'huber'}",-0.19149465812609312,0.6977939901190433,0.5860570073127747,0.3760654032230377,0.25633901357650757,0.8837059736251831,0.7788004279136658,0.5062993319929502,0.8864079752551138,0.4869164526462555,0.7884833216667175,0.8057696856365293
regressor,2d,gnn,4005,scaffold,2,42,0.5140306353569031,0.6812301755347994,0.6239084005355835,0.5437260270118713,0.7064074931463902,0.5539154410362244,0.7823509573936462,0.7837279559258448,"{'hidden_dim': 200, 'n_layers': 4, 'ffn_hidden_dim': 400, 'ffn_n_layers': 3, 'dropout': 0.017828926199191443, 'aggregation': 'sum', 'lr': 0.0005845302298169535, 'weight_decay': 3.160314025196655e-05, 'batch_size': 25, 'optimizer': 'adam', 'loss_strategy': 'mse'}",-0.14542887864666265,0.6812301755347994,0.4990115463733673,0.4224286675453186,0.2870830297470093,0.8855634927749634,0.7600299715995789,0.5358012968881367,0.8787866609323135,0.4640745520591736,0.8046184778213501,0.781995313689912
regressor,2d,gnn,4005,scaffold,4,42,0.5836095213890076,0.7215777623283522,0.518677830696106,0.728181779384613,0.9140235696963116,0.32514703273773193,0.5734702944755554,0.5713423344049701,"{'hidden_dim': 200, 'n_layers': 6, 'ffn_hidden_dim': 100, 'ffn_n_layers': 3, 'dropout': 0.20928763444751777, 'aggregation': 'sum', 'lr': 0.0009990407220224764, 'weight_decay': 9.784315877796036e-05, 'batch_size': 25, 'optimizer': 'adam', 'loss_strategy': 'huber'}",-0.04454684398611963,0.7215777623283522,0.8354390859603882,0.5350562930107117,0.4583708643913269,0.8072189688682556,0.6139818429946899,0.6770309183422326,0.802685953378474,0.520674467086792,0.7391986846923828,0.6987894268702911
regressor,2d,gnn,4005,scaffold,1,42,0.45229825377464294,0.5791609220654392,0.736125111579895,0.6873242259025574,0.8713390535243711,0.32816553115844727,0.6425350904464722,0.6197066727024471,"{'hidden_dim': 300, 'n_layers': 5, 'ffn_hidden_dim': 300, 'ffn_n_layers': 2, 'dropout': 0.027838855362176108, 'aggregation': 'sum', 'lr': 0.0003366985708770342, 'weight_decay': 4.272865807020467e-05, 'batch_size': 25, 'optimizer': 'adamw', 'loss_strategy': 'huber'}",-0.13637815977330392,0.5791609220654392,0.7592317461967468,0.32977980375289917,0.1960565745830536,0.9156620502471924,0.8361852765083313,0.4427827622921353,0.9168846221492065,0.3354273736476898,0.8614908456802368,0.8493624174965374
regressor,2d,gnn,4005,random,5,42,0.5467383861541748,0.7234680152867256,0.565670907497406,0.6168888211250305,0.8234483996833503,0.4145476818084717,0.6646955013275146,0.667809607911101,"{'hidden_dim': 400, 'n_layers': 5, 'ffn_hidden_dim': 400, 'ffn_n_layers': 3, 'dropout': 0.18493417036907672, 'aggregation': 'sum', 'lr': 0.00026318898943655876, 'weight_decay': 1.7064726513686096e-05, 'batch_size': 25, 'optimizer': 'adamw', 'loss_strategy': 'huber'}",-0.10984800682091511,0.7234680152867256,0.6780672669410706,0.46624115109443665,0.3765295147895813,0.8355597257614136,0.6837702989578247,0.6136200084658104,0.8257004747495552,0.5234059691429138,0.7717890739440918,0.7247614251068293
regressor,2d,gnn,4005,random,3,42,0.5008581280708313,0.742905520407058,0.5393791198730469,0.5732296109199524,0.7248320944149715,0.5455546975135803,0.7546846866607666,0.7511181667326332,"{'hidden_dim': 400, 'n_layers': 4, 'ffn_hidden_dim': 400, 'ffn_n_layers': 3, 'dropout': 0.009547323240510372, 'aggregation': 'sum', 'lr': 0.0008296448544159884, 'weight_decay': 4.401317138468349e-05, 'batch_size': 25, 'optimizer': 'adamw', 'loss_strategy': 'mae'}",-0.20422174833031526,0.742905520407058,0.5253815650939941,0.38510429859161377,0.2901802062988281,0.8743087649345398,0.7577615976333618,0.5386837720767428,0.8731399659330666,0.5519086122512817,0.7422398924827576,0.7574594487617328
regressor,2d,gnn,4005,random,2,42,0.5066689252853394,0.6371124080396314,0.6800678372383118,0.6174324750900269,0.8090264457251444,0.4544653296470642,0.708994448184967,0.6975952669920669,"{'hidden_dim': 200, 'n_layers': 3, 'ffn_hidden_dim': 200, 'ffn_n_layers': 2, 'dropout': 0.029609044664573363, 'aggregation': 'sum', 'lr': 0.000419186429671508, 'weight_decay': 6.869383717640375e-05, 'batch_size': 25, 'optimizer': 'adamw', 'loss_strategy': 'huber'}",-0.0358855216236057,0.6371124080396314,0.6545237898826599,0.4443839490413666,0.36147376894950867,0.8357234001159668,0.6931971311569214,0.6012268864160257,0.8359468961112604,0.40591222047805786,0.8313969373703003,0.8237976797009132
regressor,2d,gnn,4005,random,4,42,0.53450608253479,0.6893508230069829,0.5599790811538696,0.5396260023117065,0.7211507838746612,0.58733731508255,0.7936458587646484,0.7858296204164966,"{'hidden_dim': 500, 'n_layers': 5, 'ffn_hidden_dim': 200, 'ffn_n_layers': 1, 'dropout': 0.025069274688894687, 'aggregation': 'sum', 'lr': 0.0004065073132979519, 'weight_decay': 3.803870883810851e-05, 'batch_size': 25, 'optimizer': 'adamw', 'loss_strategy': 'huber'}",-0.09643481969947443,0.6893508230069829,0.5200584530830383,0.4324231445789337,0.3515493869781494,0.8454960584640503,0.7024112939834595,0.5929160033075085,0.8459514627778301,0.47520455718040466,0.7824925780296326,0.7625135419987894
regressor,2d,gnn,4005,random,1,42,0.6163104772567749,0.748511625692714,0.5469257831573486,0.6083207726478577,0.7794529273407689,0.47312986850738525,0.6898691058158875,0.6763963710890611,"{'hidden_dim': 100, 'n_layers': 4, 'ffn_hidden_dim': 300, 'ffn_n_layers': 2, 'dropout': 0.20309079277935416, 'aggregation': 'sum', 'lr': 0.0009882578867200463, 'weight_decay': 3.6786011248890575e-05, 'batch_size': 25, 'optimizer': 'adamw', 'loss_strategy': 'mse'}",-0.10512899883068716,0.748511625692714,0.607546865940094,0.5086542367935181,0.4139412045478821,0.8097412586212158,0.6527901887893677,0.6433826268620269,0.8084306456139587,0.5602696537971497,0.7406402230262756,0.69441702460112
regressor,2d,gnn,4005,umap,5,42,0.5271180272102356,0.6767520216216552,0.6918820142745972,0.8887112140655518,1.1210056496272787,-0.20172834396362305,0.37390726804733276,0.3357118253239336,"{'hidden_dim': 100, 'n_layers': 5, 'ffn_hidden_dim': 100, 'ffn_n_layers': 1, 'dropout': 0.13613086740633162, 'aggregation': 'sum', 'lr': 0.0007561983465902332, 'weight_decay': 4.2591154071980386e-05, 'batch_size': 25, 'optimizer': 'adamw', 'loss_strategy': 'mse'}",-0.08598782882110545,0.6767520216216552,1.2566536664962769,0.4501517713069916,0.34900233149528503,0.8489466309547424,0.7034721374511719,0.5907641928005497,0.8474051595965952,0.4579932987689972,0.8421725034713745,0.8262764326564689
regressor,2d,gnn,4005,umap,3,42,0.5781335830688477,0.7035738254261477,0.5237371921539307,0.8372127413749695,0.9574916432865098,-0.05327892303466797,0.2751448154449463,0.16421827181391133,"{'hidden_dim': 400, 'n_layers': 2, 'ffn_hidden_dim': 300, 'ffn_n_layers': 3, 'dropout': 0.028997645293474605, 'aggregation': 'mean', 'lr': 0.00027983062847663603, 'weight_decay': 8.656601273372842e-06, 'batch_size': 50, 'optimizer': 'adamw', 'loss_strategy': 'huber'}",0.10482658660814592,0.7035738254261477,0.916790246963501,0.639505922794342,0.6535112261772156,0.6887536644935608,0.4694725275039673,0.8084004120342936,0.6972105454388657,0.4950161278247833,0.7478611469268799,0.7343246007263623
regressor,2d,gnn,4005,umap,2,42,0.46252089738845825,0.6410450140000225,0.6460485458374023,0.8339978456497192,1.078558019394108,-0.46673429012298584,0.33756890892982483,0.41693391141829017,"{'hidden_dim': 400, 'n_layers': 6, 'ffn_hidden_dim': 400, 'ffn_n_layers': 2, 'dropout': 0.08082854864660662, 'aggregation': 'sum', 'lr': 0.0006013478190800882, 'weight_decay': 2.8370629795403147e-05, 'batch_size': 50, 'optimizer': 'adamw', 'loss_strategy': 'huber'}",-0.11528977940525742,0.6410450140000225,1.1632874011993408,0.3805088400840759,0.2764185667037964,0.8832276463508606,0.7783530950546265,0.525755234594765,0.8842016727288508,0.41093870997428894,0.8130929470062256,0.82158899962122
regressor,2d,gnn,4005,umap,4,42,0.49835139513015747,0.6408378898630581,0.6033852100372314,0.8008631467819214,0.9798061670107318,-0.2710920572280884,0.354828417301178,0.3468130409127586,"{'hidden_dim': 500, 'n_layers': 5, 'ffn_hidden_dim': 400, 'ffn_n_layers': 2, 'dropout': 0.12128950537542088, 'aggregation': 'sum', 'lr': 0.0003055152812324738, 'weight_decay': 3.751105789373252e-05, 'batch_size': 25, 'optimizer': 'adam', 'loss_strategy': 'mse'}",-0.05367758033103864,0.6408378898630581,0.960020124912262,0.4483848512172699,0.34475722908973694,0.8312995433807373,0.6684233546257019,0.5871603095320195,0.8134524335564388,0.41067320108413696,0.7933993935585022,0.7905386302937596
regressor,2d,gnn,4005,umap,1,42,0.5380801558494568,0.6784525866700175,0.6075879335403442,1.148131251335144,1.4125109005397716,-0.687415599822998,0.3286343514919281,0.31436454572773614,"{'hidden_dim': 400, 'n_layers': 5, 'ffn_hidden_dim': 200, 'ffn_n_layers': 2, 'dropout': 0.04728786736258118, 'aggregation': 'sum', 'lr': 0.0009652459150000294, 'weight_decay': 4.3576052280450935e-05, 'batch_size': 50, 'optimizer': 'adamw', 'loss_strategy': 'huber'}",-0.1541132322036599,0.6784525866700175,1.9951870441436768,0.39028069376945496,0.27493175864219666,0.8795744180679321,0.7692232728004456,0.5243393544663576,0.8795514316256935,0.46029791235923767,0.7843542098999023,0.7658684137262325
regressor,2d,gnn,4005,time,5,42,0.6062459945678711,0.7537679199441917,0.5775638818740845,0.8677489757537842,1.0660092799192522,0.15681129693984985,0.48628926277160645,0.48350477353696564,"{'hidden_dim': 100, 'n_layers': 4, 'ffn_hidden_dim': 400, 'ffn_n_layers': 3, 'dropout': 0.1892508001205666, 'aggregation': 'sum', 'lr': 0.0005316793774322191, 'weight_decay': 1.8119546312180333e-05, 'batch_size': 25, 'optimizer': 'adamw', 'loss_strategy': 'huber'}",-0.08675354836576299,0.7537679199441917,1.1363757848739624,0.5030781626701355,0.44490817189216614,0.7767539620399475,0.600811243057251,0.6670143715784287,0.7581862227121623,0.5681660771369934,0.7668478488922119,0.7193521158290995
regressor,2d,gnn,4005,time,3,42,0.4977007806301117,0.7137654410727956,0.5696671009063721,0.9736093878746033,1.1902117134543473,-0.047858476638793945,0.451315313577652,0.4201300353326629,"{'hidden_dim': 500, 'n_layers': 5, 'ffn_hidden_dim': 400, 'ffn_n_layers': 1, 'dropout': 0.04318483262050482, 'aggregation': 'sum', 'lr': 0.0007028367041133192, 'weight_decay': 6.718780089673949e-05, 'batch_size': 25, 'optimizer': 'adam', 'loss_strategy': 'huber'}",-0.1291002778874023,0.7137654410727956,1.416603922843933,0.43195462226867676,0.34183335304260254,0.8194423913955688,0.6645584106445312,0.5846651631853933,0.8267368788783487,0.5094611048698425,0.7645243406295776,0.7687537132950355
regressor,2d,gnn,4005,time,2,42,0.4667215049266815,0.6058713497353334,0.5165239572525024,1.020419716835022,1.258827558096038,-0.21522867679595947,0.25251078605651855,0.2627888921914934,"{'hidden_dim': 100, 'n_layers': 5, 'ffn_hidden_dim': 400, 'ffn_n_layers': 3, 'dropout': 0.03772264337729632, 'aggregation': 'sum', 'lr': 0.0008604000266163346, 'weight_decay': 7.147016037635269e-05, 'batch_size': 25, 'optimizer': 'adamw', 'loss_strategy': 'huber'}",-0.0187670275177656,0.6058713497353334,1.5846468210220337,0.43772080540657043,0.3446914851665497,0.8220309019088745,0.6540981531143188,0.5871043222175678,0.8102319918986283,0.36708009243011475,0.7481604814529419,0.7066901909705625
regressor,2d,gnn,4005,time,4,42,0.5576810240745544,0.7080151366808665,0.4739081859588623,0.8752233982086182,1.0578846263102692,0.19147485494613647,0.5022693872451782,0.48652813757238256,"{'hidden_dim': 500, 'n_layers': 2, 'ffn_hidden_dim': 400, 'ffn_n_layers': 3, 'dropout': 0.0596123073821304, 'aggregation': 'mean', 'lr': 0.00014018135046980887, 'weight_decay': 4.15068400638291e-05, 'batch_size': 25, 'optimizer': 'adamw', 'loss_strategy': 'mse'}",0.0743508189152341,0.7080151366808665,1.1191198825836182,0.6122859716415405,0.6120964884757996,0.6715407371520996,0.43605679273605347,0.7823659555961006,0.6734682229144388,0.5012854337692261,0.6910620927810669,0.6927053313588944
regressor,2d,gnn,4005,time,1,42,0.5134837031364441,0.6442807722340153,0.5227005481719971,1.0890847444534302,1.3316892033716148,-0.42575812339782715,0.33753299713134766,0.3212732950407794,"{'hidden_dim': 100, 'n_layers': 6, 'ffn_hidden_dim': 200, 'ffn_n_layers': 2, 'dropout': 0.06745885161001236, 'aggregation': 'sum', 'lr': 0.0009868167128277306, 'weight_decay': 1.3544143422566017e-06, 'batch_size': 25, 'optimizer': 'adamw', 'loss_strategy': 'mse'}",-0.03375501584142049,0.6442807722340153,1.7733961343765259,0.4653216600418091,0.37274169921875,0.8078931570053101,0.6387990713119507,0.6105257563925948,0.7982555197045912,0.415097713470459,0.7732290625572205,0.8167460544936015
regressor,2d,gnn,4005,butina,5,42,0.5557786822319031,0.7174985605816907,0.5993871092796326,0.9331130981445312,1.1927103878264522,-0.42113161087036133,0.3225451111793518,0.3505241417794246,"{'hidden_dim': 300, 'n_layers': 4, 'ffn_hidden_dim': 300, 'ffn_n_layers': 2, 'dropout': 0.2500284105438313, 'aggregation': 'sum', 'lr': 0.0004901437031011836, 'weight_decay': 6.647005313354667e-05, 'batch_size': 25, 'optimizer': 'adamw', 'loss_strategy': 'mae'}",-0.04632749702792338,0.7174985605816907,1.422558069229126,0.4958939850330353,0.45047059655189514,0.8069635033607483,0.6331629753112793,0.6711710635537673,0.8011838814026737,0.5148041844367981,0.7843422889709473,0.77777713076166
regressor,2d,gnn,4005,butina,3,42,0.569140613079071,0.7327762814418864,0.6014947891235352,0.7293847799301147,0.9215256303750873,0.18376648426055908,0.46606892347335815,0.49139165777578564,"{'hidden_dim': 500, 'n_layers': 5, 'ffn_hidden_dim': 300, 'ffn_n_layers': 2, 'dropout': 0.14431796959447285, 'aggregation': 'mean', 'lr': 0.0001490748275915102, 'weight_decay': 7.905410545928968e-05, 'batch_size': 25, 'optimizer': 'adamw', 'loss_strategy': 'huber'}",-0.052248620350488495,0.7327762814418864,0.8492094874382019,0.516632616519928,0.46311789751052856,0.7903204560279846,0.6175500750541687,0.680527661091398,0.7864893203263899,0.5369610786437988,0.7807175517082214,0.7365778657216975
regressor,2d,gnn,4005,butina,2,42,0.5013628005981445,0.6463940375790167,0.6161407828330994,0.818352460861206,1.0467714856340884,-0.17334580421447754,0.3871202766895294,0.39493119680497446,"{'hidden_dim': 200, 'n_layers': 4, 'ffn_hidden_dim': 400, 'ffn_n_layers': 2, 'dropout': 0.019989473536614538, 'aggregation': 'sum', 'lr': 0.0006367085279784435, 'weight_decay': 2.2640207213569877e-05, 'batch_size': 50, 'optimizer': 'adamw', 'loss_strategy': 'huber'}",0.017101535922925515,0.6463940375790167,1.0957305431365967,0.48989060521125793,0.44022637605667114,0.8124599456787109,0.644345760345459,0.6634955735019422,0.8149362271644558,0.41782525181770325,0.808573842048645,0.8145147745372143
regressor,2d,gnn,4005,butina,4,42,0.5139093399047852,0.6976441069397338,0.5969927310943604,0.7734350562095642,0.9809557856337755,-0.5708298683166504,0.39502349495887756,0.37829845558729996,"{'hidden_dim': 500, 'n_layers': 6, 'ffn_hidden_dim': 300, 'ffn_n_layers': 3, 'dropout': 0.011810947085787907, 'aggregation': 'sum', 'lr': 0.0003753302421922102, 'weight_decay': 4.6013095274515126e-05, 'batch_size': 25, 'optimizer': 'adam', 'loss_strategy': 'huber'}",-0.13741243848222695,0.6976441069397338,0.9622742533683777,0.4202297031879425,0.3138595223426819,0.8730950355529785,0.756664514541626,0.5602316684575068,0.8746790747574293,0.48670729994773865,0.7785260081291199,0.7865841945346802
regressor,2d,gnn,4005,butina,1,42,0.5927774906158447,0.7379711650394529,0.34040844440460205,1.2469522953033447,1.4937454798163172,-0.27808523178100586,0.18379387259483337,0.15970080049845864,"{'hidden_dim': 500, 'n_layers': 4, 'ffn_hidden_dim': 200, 'ffn_n_layers': 1, 'dropout': 0.026654514713610883, 'aggregation': 'mean', 'lr': 9.966118648623538e-05, 'weight_decay': 2.4210050120497403e-05, 'batch_size': 25, 'optimizer': 'adamw', 'loss_strategy': 'huber'}",-0.06376959067849919,0.7379711650394529,2.2312755584716797,0.5145491361618042,0.4545477628707886,0.7274205684661865,0.5198073387145996,0.6742015743609537,0.7367202246537894,0.5446014404296875,0.5942078828811646,0.600697893146912
regressor,2d,gnn,4005,diverse_25,5,42,0.6931102275848389,0.8508547720479449,0.00028651952743530273,0.9165129661560059,1.177496941515925,-0.16236412525177002,0.0246986486017704,0.053117949210311544,"{'hidden_dim': 500, 'n_layers': 4, 'ffn_hidden_dim': 100, 'ffn_n_layers': 2, 'dropout': 0.12329707353442333, 'aggregation': 'mean', 'lr': 0.0003023308720610281, 'weight_decay': 9.913175909690981e-05, 'batch_size': 25, 'optimizer': 'adam', 'loss_strategy': 'mae'}",0.29078808894251207,0.8508547720479449,1.386499047279358,0.8964114189147949,1.303348422050476,0.1318528652191162,-0.13302576541900635,1.141642860990457,0.13046625018821162,0.7239538431167603,0.24249105155467987,0.12657254101980112
regressor,2d,gnn,4005,diverse_25,3,42,0.8225737810134888,1.0062891958433626,0.14024633169174194,0.9791936874389648,1.238872543340223,-0.6907522678375244,0.26416200399398804,0.22472395686879273,"{'hidden_dim': 200, 'n_layers': 6, 'ffn_hidden_dim': 300, 'ffn_n_layers': 2, 'dropout': 0.06609646045880643, 'aggregation': 'sum', 'lr': 0.0004578521980466474, 'weight_decay': 5.535331232800911e-05, 'batch_size': 25, 'optimizer': 'adam', 'loss_strategy': 'mse'}",0.05938247891999726,1.0062891958433626,1.534805178642273,0.8658960461616516,1.1356561183929443,0.49799656867980957,0.005360603332519531,1.0656716747633599,0.47915647617378926,1.0126179456710815,0.5478190779685974,0.5301357466063348
regressor,2d,gnn,4005,diverse_25,2,42,0.7955174446105957,0.9723314715870987,0.0002498626708984375,0.8543850779533386,1.1067435526758063,-0.10358977317810059,-0.01862417906522751,-0.07810568524557812,"{'hidden_dim': 400, 'n_layers': 6, 'ffn_hidden_dim': 200, 'ffn_n_layers': 1, 'dropout': 0.2011871526246466, 'aggregation': 'mean', 'lr': 0.000202584911013766, 'weight_decay': 7.531603435933648e-05, 'batch_size': 25, 'optimizer': 'adam', 'loss_strategy': 'huber'}",0.12866869048728413,0.9723314715870987,1.2248812913894653,0.8776887059211731,1.2122013568878174,0.19063638150691986,-0.06701207160949707,1.1010001620743828,0.20942058276010309,0.9454284906387329,0.027266090735793114,-0.006109011937959601
regressor,2d,gnn,4005,diverse_25,4,42,0.6100989580154419,0.7569166177384724,8.535385131835938e-05,1.0369868278503418,1.2268691438913137,-0.11570334434509277,-0.20263616740703583,-0.19235754426657856,"{'hidden_dim': 100, 'n_layers': 6, 'ffn_hidden_dim': 300, 'ffn_n_layers': 2, 'dropout': 0.2913158062642483, 'aggregation': 'mean', 'lr': 0.0005595848470172967, 'weight_decay': 1.8833719110352358e-05, 'batch_size': 100, 'optimizer': 'adam', 'loss_strategy': 'mse'}",0.3725593435600335,0.7569166177384724,1.505207896232605,0.8760117888450623,1.275715947151184,-0.12056146562099457,-0.11206305027008057,1.129475961298506,-0.1107809075876881,0.5729227662086487,0.011617349460721016,0.011267733130014375
regressor,2d,gnn,4005,diverse_25,1,42,0.9779070615768433,1.136629763131863,1.2040138244628906e-05,0.892788827419281,1.0292017275646372,-0.13170933723449707,-0.2570187747478485,-0.27771110396360293,"{'hidden_dim': 400, 'n_layers': 5, 'ffn_hidden_dim': 400, 'ffn_n_layers': 2, 'dropout': 0.007826324543344178, 'aggregation': 'mean', 'lr': 0.0009984107756673814, 'weight_decay': 3.091926301129112e-05, 'batch_size': 100, 'optimizer': 'adamw', 'loss_strategy': 'huber'}",-0.054770504921912044,1.136629763131863,1.0592561960220337,0.9160782694816589,1.170419454574585,-0.06015872582793236,-0.06026721000671387,1.0818592582099509,-0.06723653693942212,1.2919272184371948,0.041035231202840805,0.013711337877120984
regressor,2d,xgboost,279,scaffold,5,42,0.5262267410216169,0.6956144817565918,0.5767836953034295,0.6233127510843571,0.7932411313525207,0.44021648852188733,0.6719867017107024,0.6479667824262025,"{'n_estimators': 203, 'max_depth': 12, 'learning_rate': 0.06358299872142888, 'subsample': 0.7067239578720974, 'colsample_bytree': 0.9375349839357856, 'min_child_weight': 5, 'gamma': 0.22446536201987657, 'reg_alpha': 0.0009320821125897258, 'reg_lambda': 4.110110933194844, 'use_gpu': False}",-0.33942262554114694,0.6956144817565918,0.6292314924694271,0.27070265970812285,0.12687263843420415,0.9515881295481169,0.8979479975308209,0.35619185621544486,0.9502147645862487,0.48387950722949175,0.7602810229717156,0.7668159893589289
regressor,2d,xgboost,279,scaffold,3,42,0.5228121730722297,0.6747160483583607,0.651437636064442,0.5776398557729474,0.7413899457278258,0.47711465808235065,0.6976956975693596,0.6720774975178953,"{'n_estimators': 485, 'max_depth': 9, 'learning_rate': 0.1427870370497505, 'subsample': 0.8875139268169843, 'colsample_bytree': 0.6313145155101957, 'min_child_weight': 9, 'gamma': 0.14444997769673368, 'reg_alpha': 6.37340626988633e-05, 'reg_lambda': 3.51480333436914e-05, 'use_gpu': False}",-0.3812535934007806,0.6747160483583607,0.5496590516263085,0.21856801079828975,0.08612021246972977,0.9668254220879611,0.9311022348402235,0.29346245495758017,0.965880489885073,0.45524174591232186,0.8101905954216445,0.8172031154726881
regressor,2d,xgboost,279,scaffold,2,42,0.509512337503792,0.6638624972073001,0.6840662743591923,0.6538672649452205,0.8370928014312544,0.38064014134903423,0.6327991793032509,0.6379989795114702,"{'n_estimators': 452, 'max_depth': 8, 'learning_rate': 0.13598046970738295, 'subsample': 0.837255130025042, 'colsample_bytree': 0.6209855118870715, 'min_child_weight': 8, 'gamma': 0.06635287839303827, 'reg_alpha': 1.36925298760242e-08, 'reg_lambda': 0.003155633940986066, 'use_gpu': False}",-0.38638861852425127,0.6638624972073001,0.7007243582080256,0.20778901554174403,0.07699175335141527,0.9694656863475185,0.9367707575668098,0.2774738786830488,0.9666659568946598,0.4407134151983124,0.8331875058966947,0.8210854815027542
regressor,2d,xgboost,279,scaffold,4,42,0.5407847914925339,0.7034693127435193,0.5836104651020353,0.6915162885480469,0.8689444159477123,0.4513120277401531,0.6754654775898029,0.6521616885385131,"{'n_estimators': 273, 'max_depth': 11, 'learning_rate': 0.2094818222483966, 'subsample': 0.8928649151968598, 'colsample_bytree': 0.5310106239164503, 'min_child_weight': 7, 'gamma': 0.09699000451637275, 'reg_alpha': 0.0795326632006969, 'reg_lambda': 0.001309736674118724, 'use_gpu': False}",-0.4332621737588269,0.7034693127435193,0.7550643980067109,0.20029149900136606,0.07301189795829288,0.9698127777860637,0.9376803883669013,0.2702071389846924,0.969385873184802,0.4948690739718393,0.7653888269291195,0.7730120761177098
regressor,2d,xgboost,279,scaffold,1,42,0.5154787938282193,0.663828454177312,0.6076494120409137,0.7204463631384727,0.8971847562742076,0.3826192256879136,0.6361208388318165,0.6205416934840585,"{'n_estimators': 475, 'max_depth': 11, 'learning_rate': 0.07548351013264623, 'subsample': 0.5031132731073832, 'colsample_bytree': 0.9865695475235907, 'min_child_weight': 2, 'gamma': 0.39320728423460016, 'reg_alpha': 2.7182487299705046e-06, 'reg_lambda': 0.030895526094855904, 'use_gpu': False}",-0.3771993812003914,0.663828454177312,0.8049404868908092,0.23202677800344032,0.08215622547560883,0.9674631885521947,0.9301574171301359,0.28662907297692053,0.9649988150867888,0.4406682165754396,0.7799286934631129,0.7680478589450267
regressor,2d,xgboost,279,random,5,42,0.5517394750893176,0.7191759899307457,0.5997378516296296,0.5166005629596995,0.6681456671648026,0.5943370539170021,0.7724991885661261,0.7539877194706105,"{'n_estimators': 496, 'max_depth': 11, 'learning_rate': 0.1436532544871747, 'subsample': 0.6080606749588673, 'colsample_bytree': 0.6233475464013142, 'min_child_weight': 7, 'gamma': 0.8154379249554261, 'reg_alpha': 0.014648962766713555, 'reg_lambda': 0.0004164015665715761, 'use_gpu': False}",-0.30012331589144303,0.7191759899307457,0.44641863255109926,0.3268393391839533,0.1756051436194901,0.9301984392387722,0.8579116305641398,0.4190526740393027,0.9295227314537718,0.5172141044928681,0.7751649997945664,0.7638606752669342
regressor,2d,xgboost,279,random,3,42,0.4807075011606921,0.6686243830282453,0.6533781299434613,0.4803112862705225,0.6266222492039468,0.6500955068334568,0.8077539365567352,0.8013453583611281,"{'n_estimators': 375, 'max_depth': 10, 'learning_rate': 0.06348920723987424, 'subsample': 0.9899994261015874, 'colsample_bytree': 0.6280444105596246, 'min_child_weight': 4, 'gamma': 0.15401266163662558, 'reg_alpha': 1.6073894331408593e-07, 'reg_lambda': 0.009374673460675696, 'use_gpu': False}",-0.3539538627265204,0.6686243830282453,0.3926554431974132,0.24033948823321666,0.09901753634695828,0.9639489201092382,0.9196140336520042,0.31467052030172493,0.9622431290840873,0.44705856557990176,0.8098524810147089,0.7936221714562958
regressor,2d,xgboost,279,random,2,42,0.5638470230907158,0.73698880733955,0.5455063445950459,0.5267219525705866,0.7196714436905769,0.5871805509595128,0.7669817826631806,0.7620560956561794,"{'n_estimators': 332, 'max_depth': 9, 'learning_rate': 0.09106015735214626, 'subsample': 0.6766620945415053, 'colsample_bytree': 0.9017097611240964, 'min_child_weight': 4, 'gamma': 0.033089890127818156, 'reg_alpha': 0.8737729498675607, 'reg_lambda': 0.12264738564667794, 'use_gpu': False}",-0.46227434297595466,0.73698880733955,0.5179269868636792,0.21076920686541664,0.07546803693057708,0.9704922090811063,0.9372985863465807,0.2747144643635953,0.9695364630880148,0.5431525021437723,0.7397048028252915,0.725246881393515
regressor,2d,xgboost,279,random,4,42,0.4912086726742069,0.6540756493591023,0.636389746570501,0.5664180243033389,0.7462931971200618,0.5773143681277746,0.7638529366517195,0.7559684675109615,"{'n_estimators': 450, 'max_depth': 8, 'learning_rate': 0.1402869830073891, 'subsample': 0.5707374380024415, 'colsample_bytree': 0.9867609387933275, 'min_child_weight': 10, 'gamma': 0.28289309286949416, 'reg_alpha': 0.10156856509064309, 'reg_lambda': 0.30024984197145843, 'use_gpu': False}",-0.3567729885293778,0.6540756493591023,0.5569535360676835,0.22735834338352687,0.08838887213643425,0.9633938113249036,0.9254402281030836,0.29730266082972456,0.961908007741005,0.4278149550845313,0.7991563965751911,0.8110440953167515
regressor,2d,xgboost,279,random,1,42,0.49043919927299556,0.645144825384065,0.6154306642005982,0.5351765352502438,0.7178463566517427,0.5925318981032035,0.7703447365734242,0.7655767838570725,"{'n_estimators': 249, 'max_depth': 11, 'learning_rate': 0.09782696031270893, 'subsample': 0.7405660275815498, 'colsample_bytree': 0.7837995596644538, 'min_child_weight': 5, 'gamma': 0.15017171693660603, 'reg_alpha': 1.703383720647106e-07, 'reg_lambda': 2.84690820354407, 'use_gpu': False}",-0.36840507889572627,0.645144825384065,0.515303391758181,0.21107025455312964,0.07658488728643002,0.9701926268906723,0.9370110628913557,0.27673974648833877,0.9691251245661924,0.4162118457198358,0.7874504810863088,0.7711272527246014
regressor,2d,xgboost,279,umap,5,42,0.5164169541056147,0.669569582377032,0.5824650470141806,0.9138008539808607,1.0997488210158344,-0.15831904676464492,0.15229245786534826,0.11580861436468559,"{'n_estimators': 76, 'max_depth': 11, 'learning_rate': 0.14378243617745792, 'subsample': 0.6262387073408042, 'colsample_bytree': 0.9635452612697637, 'min_child_weight': 5, 'gamma': 0.3771513337602156, 'reg_alpha': 1.1076723502972967, 'reg_lambda': 0.06116244342653103, 'use_gpu': False}",-0.20295909842067023,0.669569582377032,1.2094474693257178,0.3648575094921363,0.21772534373799018,0.9123797348405428,0.8174394326744829,0.4666104839563618,0.9092848987080252,0.448323425644553,0.7677077420169783,0.7403999688717064
regressor,2d,xgboost,279,umap,3,42,0.5206629087509839,0.7295196000489077,0.5217037027524225,0.8352612514394929,1.0208642731445279,0.02511105630587296,0.24400096556275425,0.15944681766206129,"{'n_estimators': 391, 'max_depth': 12, 'learning_rate': 0.03825067902056699, 'subsample': 0.6121076242356267, 'colsample_bytree': 0.8361309762747366, 'min_child_weight': 2, 'gamma': 0.41639493288600077, 'reg_alpha': 0.0002630717746073726, 'reg_lambda': 0.0021479839868979492, 'use_gpu': False}",-0.39538911438471486,0.7295196000489077,1.0421638641829054,0.2703534683559424,0.11164318145018938,0.960513196901853,0.9094610287910392,0.33413048566419284,0.9573431549330653,0.5321988468555183,0.7282837331827706,0.7021564143346816
regressor,2d,xgboost,279,umap,2,42,0.5355109963324548,0.6845952462878253,0.6145550465820968,0.940499802708386,1.1602525015494103,-0.3860023913937545,0.18560442369050947,0.13518501140343828,"{'n_estimators': 325, 'max_depth': 9, 'learning_rate': 0.21626527905123408, 'subsample': 0.8417793831396176, 'colsample_bytree': 0.5542580052584387, 'min_child_weight': 2, 'gamma': 0.12039570293351765, 'reg_alpha': 2.6994805205379515e-08, 'reg_lambda': 0.00012652128633855057, 'use_gpu': False}",-0.34104224274831696,0.6845952462878253,1.3461858673516645,0.26885449729658695,0.11802866624101742,0.9566975191933387,0.9028786815560276,0.34355300353950835,0.9540690133211638,0.46867065123988816,0.788214350601358,0.7852967363983309
regressor,2d,xgboost,279,umap,4,42,0.49284858133060433,0.6491935776574305,0.6638302909255391,1.1649469368246792,1.4892447347859339,-0.8706238029530955,-0.1392169934595951,-0.13244337373853016,"{'n_estimators': 440, 'max_depth': 10, 'learning_rate': 0.08732857271338863, 'subsample': 0.6973984862172564, 'colsample_bytree': 0.739405457834584, 'min_child_weight': 7, 'gamma': 0.1961442383663622, 'reg_alpha': 7.25291928408601e-07, 'reg_lambda': 0.849551392718978, 'use_gpu': False}",-0.36434370353007134,0.6491935776574305,2.2178498800876265,0.2149205360110622,0.08113945079037232,0.9670369860497167,0.9316603748871185,0.2848498741273591,0.9651239430183102,0.4214523012716542,0.8154614203708236,0.8109262073691753
regressor,2d,xgboost,279,umap,1,42,0.4573537473805118,0.6099993025792411,0.7264072575489948,0.9446525819821266,1.1257334875381997,-0.09459449864316216,0.17709429743243302,0.17056228786225808,"{'n_estimators': 370, 'max_depth': 12, 'learning_rate': 0.05878023973991789, 'subsample': 0.8705051164374501, 'colsample_bytree': 0.9173658459329569, 'min_child_weight': 3, 'gamma': 0.11897923316328522, 'reg_alpha': 9.326162151275692e-05, 'reg_lambda': 0.0003070027495400064, 'use_gpu': False}",-0.3888504870363178,0.6099993025792411,1.2672758849649182,0.1675149871148362,0.048906798616037896,0.9817482050835012,0.9596492770274638,0.22114881554292326,0.9808135321024323,0.37209914914716047,0.8523378633165816,0.8364427299656887
regressor,2d,xgboost,279,time,5,42,0.4732922314706754,0.5837496010087536,0.6640414401016373,0.8545430212748413,1.101455414003954,-0.2459192036476674,0.14422198440109715,0.17581772076624902,"{'n_estimators': 312, 'max_depth': 10, 'learning_rate': 0.07444080488712106, 'subsample': 0.6919451950422261, 'colsample_bytree': 0.7851646027508585, 'min_child_weight': 5, 'gamma': 0.2110004853688513, 'reg_alpha': 0.0007884522737246962, 'reg_lambda': 0.012179802980251222, 'use_gpu': False}",-0.23826088074061447,0.5837496010087536,1.2132040290386221,0.2625092597773083,0.11936245583251649,0.9546062638809204,0.9042565882647196,0.34548872026813915,0.953851517798683,0.3407635966778791,0.8149015029428884,0.7992612509401522
regressor,2d,xgboost,279,time,3,42,0.48101578532991585,0.63878669550366,0.7076341654120837,0.972100998924996,1.209441476879546,-0.09291296179100605,0.1638231691507082,0.174552572666877,"{'n_estimators': 281, 'max_depth': 11, 'learning_rate': 0.06092730526303129, 'subsample': 0.5635386764597377, 'colsample_bytree': 0.6379676424008491, 'min_child_weight': 2, 'gamma': 0.07487089356903104, 'reg_alpha': 0.007978057576151864, 'reg_lambda': 3.5695255249322173, 'use_gpu': False}",-0.41931620880738657,0.63878669550366,1.4627486859965775,0.168567025157052,0.048167294530699116,0.978262616837682,0.9527540265332882,0.2194704866962734,0.9771021316497405,0.40804844235248555,0.8455004934952633,0.8465934910548267
regressor,2d,xgboost,279,time,2,42,0.4218519433233565,0.5529230891771141,0.7469457431613136,0.9848236589272914,1.201703231345673,-0.08341626079816367,0.15103376899283447,0.14321670965210037,"{'n_estimators': 380, 'max_depth': 12, 'learning_rate': 0.11718905747177788, 'subsample': 0.5204665356019159, 'colsample_bytree': 0.6583628881492191, 'min_child_weight': 3, 'gamma': 0.2480674694350582, 'reg_alpha': 6.836893603780593e-05, 'reg_lambda': 3.142210121336519, 'use_gpu': False}",-0.2857218684292386,0.5529230891771141,1.4440906562266322,0.2087674764430076,0.0713964923691549,0.9661735353999826,0.9287007717774282,0.2672012207478755,0.9642519031845774,0.3057239425451629,0.8655534177035769,0.8602855103164355
regressor,2d,xgboost,279,time,4,42,0.47290728729088904,0.6138249880582709,0.6613071176758942,0.9831210169035268,1.2264737681851117,-0.2223556376927185,0.09741844479211866,0.09659630099730988,"{'n_estimators': 330, 'max_depth': 6, 'learning_rate': 0.15919628957766643, 'subsample': 0.9014235203957534, 'colsample_bytree': 0.5742653837131058, 'min_child_weight': 8, 'gamma': 0.1768595736479338, 'reg_alpha': 0.016531943736313823, 'reg_lambda': 0.007212022665838441, 'use_gpu': False}",-0.29417978902143777,0.6138249880582709,1.504237904046187,0.24399446877175132,0.10217305326729667,0.9575367135954945,0.913014331474058,0.31964519903683314,0.9559936945010884,0.3767811159647364,0.8224101142711403,0.7868205415278615
regressor,2d,xgboost,279,time,1,42,0.3928084336084619,0.4920386361640782,0.5851321048486257,1.005892745876131,1.2506425348487433,-0.14550565086745104,0.16396080145338848,0.15868319092253286,"{'n_estimators': 345, 'max_depth': 10, 'learning_rate': 0.06850269607479215, 'subsample': 0.6312498645232997, 'colsample_bytree': 0.5380304585832649, 'min_child_weight': 9, 'gamma': 0.10354779101672118, 'reg_alpha': 0.13693152459981714, 'reg_lambda': 0.9303537462338434, 'use_gpu': False}",-0.216962172375965,0.4920386361640782,1.5641067499728902,0.20766860600787462,0.07566706093017317,0.9567480354180854,0.9091098034778438,0.27507646378811323,0.9548408563247693,0.24210201947820617,0.7764163851452462,0.7134118410980153
regressor,2d,xgboost,279,butina,5,42,0.5707766136684935,0.744921289553099,0.5513787281804742,0.7812860173889565,0.9901214568080031,0.2190439201903892,0.5028862254855746,0.4778513528613194,"{'n_estimators': 283, 'max_depth': 12, 'learning_rate': 0.12891221480079312, 'subsample': 0.6392029900481022, 'colsample_bytree': 0.7182009768797485, 'min_child_weight': 10, 'gamma': 0.15928439835615688, 'reg_alpha': 7.969348778112979e-05, 'reg_lambda': 0.0002685640480616458, 'use_gpu': False}",-0.40232803929342054,0.744921289553099,0.9803404992316024,0.2573899392372251,0.11737013512349068,0.9517244604969416,0.9016515622760284,0.34259325025967846,0.9523289431019295,0.554907727629452,0.7483770014004204,0.7464559488743973
regressor,2d,xgboost,279,butina,3,42,0.4953906419391731,0.6493025400544572,0.6719122371555164,0.7824376258285288,1.005303383684857,-0.015987031435198196,0.3599405532234045,0.2990643573696227,"{'n_estimators': 193, 'max_depth': 9, 'learning_rate': 0.1491956174220855, 'subsample': 0.7202127731805718, 'colsample_bytree': 0.7405401884502945, 'min_child_weight': 10, 'gamma': 0.10678878735832457, 'reg_alpha': 0.5473273053405076, 'reg_lambda': 0.015793133968101055, 'use_gpu': False}",-0.32350331767988516,0.6493025400544572,1.010634893248223,0.24695457977517696,0.10614513329987585,0.959129793079463,0.9160184312286499,0.32579922237457204,0.9588398724404892,0.42159378852117,0.8206592764682773,0.8169507494627614
regressor,2d,xgboost,279,butina,2,42,0.5156693167998063,0.687900146322247,0.605020183536167,0.7771363792919921,0.9825350676934044,0.39179391044772793,0.6398245655396677,0.5874983828992553,"{'n_estimators': 309, 'max_depth': 10, 'learning_rate': 0.11107544010818267, 'subsample': 0.7713133502701005, 'colsample_bytree': 0.6558252999087346, 'min_child_weight': 8, 'gamma': 0.052405786026154366, 'reg_alpha': 0.0012945628360180653, 'reg_lambda': 0.0033619822610356296, 'use_gpu': False}",-0.39539829468625104,0.687900146322247,0.9653751592472827,0.2231422234900959,0.08555733321048621,0.9628311229071616,0.9230330726024537,0.292501851635996,0.960728551494996,0.4732066113101689,0.7783680831082087,0.777739213305876
regressor,2d,xgboost,279,butina,4,42,0.48869502014996463,0.6681900945142752,0.6360412487582557,0.7374819064730991,0.9283957187514791,0.07501633496779625,0.4083694285465265,0.4099271330237125,"{'n_estimators': 282, 'max_depth': 12, 'learning_rate': 0.07623188380185238, 'subsample': 0.5008983672002617, 'colsample_bytree': 0.9095139283271912, 'min_child_weight': 3, 'gamma': 0.14424006598864864, 'reg_alpha': 1.7407841633888884e-08, 'reg_lambda': 7.919627925045308e-05, 'use_gpu': False}",-0.4240412884368231,0.6681900945142752,0.8619186105960754,0.19027564782601686,0.05960863950904534,0.9782195844710357,0.9538331879188963,0.24414880607745215,0.9760560597671215,0.44647800240699603,0.7991635513687929,0.7963915558620845
regressor,2d,xgboost,279,butina,1,42,0.4520558306114398,0.6205703503619546,0.6991924695408649,0.8845959879053545,1.0551013832651672,0.10458040461352636,0.3795304161283372,0.3886093313160178,"{'n_estimators': 497, 'max_depth': 11, 'learning_rate': 0.20088076158724022, 'subsample': 0.6933927028231819, 'colsample_bytree': 0.5144720918755921, 'min_child_weight': 2, 'gamma': 0.0331448753428798, 'reg_alpha': 0.0025417537436025713, 'reg_lambda': 5.848837948087429e-07, 'use_gpu': False}",-0.52124759277613,0.6205703503619546,1.1132389289680695,0.07766671377358798,0.009865010174452479,0.996051881624434,0.9917174952067548,0.09932275758582461,0.9957705714182545,0.3851075597483591,0.8369386875935969,0.8303727687336769
regressor,2d,xgboost,279,diverse_25,5,42,0.7159410901190028,0.8604067209652883,0.2708863997444937,0.9215043759008829,1.09457915496866,0.13828455316167865,0.38810535395838874,0.37943999154016766,"{'n_estimators': 98, 'max_depth': 5, 'learning_rate': 0.2964082782523371, 'subsample': 0.6266179595067032, 'colsample_bytree': 0.7770709285738537, 'min_child_weight': 2, 'gamma': 0.5596075925101427, 'reg_alpha': 0.0013697931250319711, 'reg_lambda': 0.0012500189752925038, 'use_gpu': False}",-0.13550865665800915,0.8604067209652883,1.198103526491906,0.6074934651230142,0.5254772036364401,0.8055108696164032,0.5525986588761712,0.7248980643072791,0.7981826220983261,0.7402997254822394,0.5358761795919731,0.4762934384442165
regressor,2d,xgboost,279,diverse_25,3,42,0.8077734833959123,0.9731176345799522,0.270918675311831,0.7525143434941447,0.9373682139061418,0.09203545627555898,0.3461269298736505,0.34960095426181176,"{'n_estimators': 296, 'max_depth': 11, 'learning_rate': 0.11326281243027313, 'subsample': 0.5169771194331465, 'colsample_bytree': 0.8395805280233419, 'min_child_weight': 3, 'gamma': 0.03782119581663067, 'reg_alpha': 1.7821835874129177e-08, 'reg_lambda': 1.5039494743920175e-05, 'use_gpu': False}",-0.3505311416522914,0.9731176345799522,0.8786591684415904,0.5165473033823379,0.3876139411759642,0.904767801586955,0.6859572832566905,0.6225864929276608,0.9116923285777444,0.9469579307304812,0.534523016897347,0.4988712150856199
regressor,2d,xgboost,279,diverse_25,2,42,0.7697648239337618,0.9436964485482432,0.1453427952784424,0.7360969317709233,0.8887580116362793,0.20007557466059334,0.45308480086665703,0.41133335635296225,"{'n_estimators': 360, 'max_depth': 6, 'learning_rate': 0.1588956108610936, 'subsample': 0.6972494829143112, 'colsample_bytree': 0.5909162498321581, 'min_child_weight': 3, 'gamma': 0.11694496713840022, 'reg_alpha': 4.916089418929723e-06, 'reg_lambda': 1.5231738477414789e-06, 'use_gpu': False}",-0.2513963337779337,0.9436964485482432,0.7898908032476728,0.5844430036892534,0.4792794489109837,0.8693839374707863,0.6268064158202755,0.6923001147703095,0.8670398775200027,0.890562987002567,0.4402996800600867,0.42534232137976524
regressor,2d,xgboost,279,diverse_25,4,42,0.8456624738271573,1.0280315716747497,0.16226454752952468,0.8380209570358909,1.0085851668204115,0.21125888340055932,0.46001506315810914,0.45384357872785214,"{'n_estimators': 104, 'max_depth': 5, 'learning_rate': 0.17900901388809898, 'subsample': 0.5177721249614865, 'colsample_bytree': 0.7726471920433566, 'min_child_weight': 9, 'gamma': 0.16710696208210823, 'reg_alpha': 3.7463306415265825e-05, 'reg_lambda': 1.7382310341100248e-05, 'use_gpu': False}",-0.3143309416536557,1.0280315716747497,1.0172440387301576,0.5877776057770309,0.5093685892925065,0.7767961539059253,0.5506542520619886,0.713700630021094,0.7745860645607465,1.056848912360056,0.45641313556629926,0.4465281845264643
regressor,2d,xgboost,279,diverse_25,1,42,0.70403342309776,0.8686617765119027,0.2608610144779745,0.8941751155634529,1.0877962687965643,0.08301243744202846,0.33114562080119747,0.3218704119590739,"{'n_estimators': 464, 'max_depth': 12, 'learning_rate': 0.019564854462432824, 'subsample': 0.5007437461017553, 'colsample_bytree': 0.9912160166188128, 'min_child_weight': 7, 'gamma': 0.041143939693176576, 'reg_alpha': 4.078145638297751e-06, 'reg_lambda': 0.0003566473232143883, 'use_gpu': False}",-0.25619619157049467,0.8686617765119027,1.1833007224077274,0.49931856837712213,0.37511409273762103,0.88832004177697,0.6876185641015147,0.612465584941408,0.8989858874552206,0.7545732819728148,0.5151308045934683,0.5108441607295219
regressor,2d,xgboost,1865,scaffold,5,42,0.4441019179892467,0.5733136513613809,0.6707056019903265,0.5601637405551345,0.7213783537314241,0.4377725383284664,0.6748346416763765,0.680073732313923,"{'n_estimators': 305, 'max_depth': 6, 'learning_rate': 0.215610495070283, 'subsample': 0.6659362531443541, 'colsample_bytree': 0.5376607915063657, 'min_child_weight': 2, 'gamma': 0.15766360428309112, 'reg_alpha': 6.169290646362685e-05, 'reg_lambda': 5.890487294691725e-05, 'use_gpu': False}",-0.34898656420219176,0.5733136513613809,0.5203867292322596,0.17381460503497215,0.05032264203332644,0.9749091739282274,0.9486966134236767,0.22432708715918914,0.9736345409662005,0.32868854283731896,0.8224851286042894,0.8323646576777782
regressor,2d,xgboost,1865,scaffold,3,42,0.3990554613919756,0.5606959717040321,0.6652030231260887,0.5847873296993954,0.7413811939176786,0.42305012152779164,0.6839151863613828,0.6722399351321411,"{'n_estimators': 229, 'max_depth': 12, 'learning_rate': 0.06156623955707338, 'subsample': 0.852194217063449, 'colsample_bytree': 0.5034092963619681, 'min_child_weight': 2, 'gamma': 0.2618493492762785, 'reg_alpha': 0.08023596820183493, 'reg_lambda': 0.0008482211471971359, 'use_gpu': False}",-0.27752601173721303,0.5606959717040321,0.5496460746948026,0.22338564103724065,0.0801852262276099,0.9661659807401886,0.9182200776953984,0.28316995996681904,0.9638910395184164,0.3143799726851287,0.8229439785218639,0.8109058257998877
regressor,2d,xgboost,1865,scaffold,2,42,0.4285759726520718,0.5761675963294777,0.6334738982143928,0.659365082776367,0.8453210357606797,0.2518454293091824,0.5329036203224089,0.49346903644882484,"{'n_estimators': 470, 'max_depth': 6, 'learning_rate': 0.2954387848011154, 'subsample': 0.5616676692769879, 'colsample_bytree': 0.7990081964518403, 'min_child_weight': 5, 'gamma': 0.2712286720850099, 'reg_alpha': 1.5557570099328848, 'reg_lambda': 1.2306082981627045, 'use_gpu': False}",-0.211300154281914,0.5761675963294777,0.7145676534995085,0.2836643312910244,0.13312825026633224,0.9328630074866899,0.8644441007616612,0.36486744204756366,0.9315914979522708,0.3319690990600879,0.7994586065421373,0.7706825433758927
regressor,2d,xgboost,1865,scaffold,4,42,0.41812405952810516,0.539224195332629,0.7197098495264602,0.5417127992197358,0.7308553636382031,0.48816916476619554,0.7250231473657157,0.7145940007873521,"{'n_estimators': 338, 'max_depth': 5, 'learning_rate': 0.048773792063439986, 'subsample': 0.8034709070106109, 'colsample_bytree': 0.9983128618537664, 'min_child_weight': 2, 'gamma': 0.06278910253665948, 'reg_alpha': 9.168646077546715e-06, 'reg_lambda': 0.012346104286160913, 'use_gpu': False}",-0.240758975709641,0.539224195332629,0.5341495625587301,0.23647593856697816,0.08908148732459845,0.9592237428464201,0.9056207709742927,0.298465219622988,0.9565226037977421,0.2907627328321213,0.8611863777457454,0.8684981015447032
regressor,2d,xgboost,1865,scaffold,1,42,0.45253531800467006,0.5579741296386341,0.6882477401748508,0.6184525395306335,0.8059820939478244,0.30140774526359315,0.6182635117882879,0.5863559459053079,"{'n_estimators': 360, 'max_depth': 7, 'learning_rate': 0.2078440009262902, 'subsample': 0.8054313348195765, 'colsample_bytree': 0.585492620615321, 'min_child_weight': 2, 'gamma': 0.7830205834764432, 'reg_alpha': 1.4403349490706075e-05, 'reg_lambda': 0.08122611582411592, 'use_gpu': False}",-0.18025798113130664,0.5579741296386341,0.6496071357645197,0.29650421397940363,0.14266948884320946,0.9336892603545371,0.8525495785597954,0.3777161485073275,0.9267223958757892,0.3113351293459913,0.8352070127733295,0.8060267665071539
regressor,2d,xgboost,1865,random,5,42,0.4300005693838092,0.5703965469111535,0.6262551986335596,0.4914525467571597,0.6476752098089927,0.5552372863434918,0.7460870517800404,0.7555498815971896,"{'n_estimators': 246, 'max_depth': 11, 'learning_rate': 0.05500620368713665, 'subsample': 0.96699277045939, 'colsample_bytree': 0.5079499471683003, 'min_child_weight': 3, 'gamma': 0.03679235609694473, 'reg_alpha': 4.6667540298309055e-05, 'reg_lambda': 0.005489724629961471, 'use_gpu': False}",-0.3908252725698793,0.5703965469111535,0.4194831774011228,0.12824426230929253,0.03224584256854916,0.9849020204120259,0.9675803095611594,0.1795712743412742,0.9840282344588327,0.3253522207281678,0.7922108894098625,0.8058424667702667
regressor,2d,xgboost,1865,random,3,42,0.37378088849738833,0.4899931176484465,0.7555317962725839,0.46782878702812986,0.6214758660613593,0.6184483209214086,0.7867687028858787,0.7801684570051306,"{'n_estimators': 397, 'max_depth': 12, 'learning_rate': 0.051164179909375045, 'subsample': 0.6157943911853299, 'colsample_bytree': 0.5351902118611931, 'min_child_weight': 3, 'gamma': 0.12237123576441863, 'reg_alpha': 0.26228611742966074, 'reg_lambda': 3.694983471033471e-06, 'use_gpu': False}",-0.2614720624303541,0.4899931176484465,0.3862322520967166,0.17830183809685243,0.052221872677990444,0.9747967263070709,0.9456762584522354,0.2285210552180924,0.9746423793190412,0.24009325534284434,0.870249777186424,0.8663756987650651
regressor,2d,xgboost,1865,random,2,42,0.3748839986928351,0.4987877524371008,0.7019427457655183,0.4472943114100813,0.6033137355549145,0.6072256583537473,0.7837826981589372,0.7710907355044637,"{'n_estimators': 179, 'max_depth': 10, 'learning_rate': 0.06423331103964935, 'subsample': 0.6573674458554666, 'colsample_bytree': 0.5357949460013949, 'min_child_weight': 1, 'gamma': 0.07064124822813422, 'reg_alpha': 1.4400094318441898e-08, 'reg_lambda': 4.395147986815669e-05, 'use_gpu': False}",-0.3125480478721899,0.4987877524371008,0.3639874635092254,0.14460687333140418,0.03468522755642528,0.9847876565645688,0.9652737659097469,0.18623970456491087,0.9828662833999816,0.24878922198125455,0.839258983543688,0.8050588275615138
regressor,2d,xgboost,1865,random,4,42,0.5151721962998131,0.6698215971862292,0.6670973275219697,0.45559602754511863,0.5912396683898747,0.6466146416177123,0.8078207080312192,0.8044543439262307,"{'n_estimators': 355, 'max_depth': 9, 'learning_rate': 0.16082266131329143, 'subsample': 0.8136528341012501, 'colsample_bytree': 0.8136587442610715, 'min_child_weight': 1, 'gamma': 0.204285098571099, 'reg_alpha': 0.0020410912173316658, 'reg_lambda': 0.04484273710891035, 'use_gpu': False}",-0.44013127938663765,0.6698215971862292,0.34956434547776905,0.18381176333833138,0.05275764209087737,0.9761150641727704,0.9432119108766166,0.22969031779959156,0.9747185704246443,0.4486609720571112,0.8387843772778196,0.8536513695766509
regressor,2d,xgboost,1865,random,1,42,0.379771224529104,0.48722813694664385,0.6845390366810469,0.4358614761742358,0.5957694987611631,0.6405712379980286,0.8027674686311536,0.8032478142256184,"{'n_estimators': 431, 'max_depth': 10, 'learning_rate': 0.09357762687108333, 'subsample': 0.8947104883357138, 'colsample_bytree': 0.7754465045567612, 'min_child_weight': 2, 'gamma': 0.004141226112331517, 'reg_alpha': 0.020479815431337804, 'reg_lambda': 6.002846519615947e-06, 'use_gpu': False}",-0.32024506199422037,0.48722813694664385,0.3549412956541275,0.12337003881846974,0.02788334732056668,0.9875178471335003,0.9719647275780547,0.16698307495242348,0.9854680961422823,0.23739125743249756,0.8276384314387568,0.830887115764811
regressor,2d,xgboost,1865,umap,5,42,0.4511764497985623,0.5663935652870843,0.6188210071799212,0.7862805022073749,0.9740494510714784,-0.03818998730383205,0.38430379652531294,0.38967993867431916,"{'n_estimators': 123, 'max_depth': 11, 'learning_rate': 0.2287812866094723, 'subsample': 0.6218045980815834, 'colsample_bytree': 0.5569580361539325, 'min_child_weight': 6, 'gamma': 0.29772066874381226, 'reg_alpha': 8.483658233156635e-06, 'reg_lambda': 0.0018774437923237824, 'use_gpu': False}",-0.26654802710866565,0.5663935652870843,0.9487723331326484,0.22574530852900537,0.0899073467655055,0.9556818514373423,0.9105225322298675,0.29984553817841864,0.9538825416017226,0.3208016707986146,0.7946712375120469,0.8142235488920012
regressor,2d,xgboost,1865,umap,3,42,0.3610559233168713,0.5206580585031889,0.7227096302682445,0.7893074231783335,0.9814348918289392,0.14105117261345823,0.3984741513210992,0.42865265489180077,"{'n_estimators': 170, 'max_depth': 12, 'learning_rate': 0.13098097083028393, 'subsample': 0.8481055220487073, 'colsample_bytree': 0.8986766407658431, 'min_child_weight': 5, 'gamma': 0.09855519721277217, 'reg_alpha': 6.994431280708111e-05, 'reg_lambda': 0.057410031924805, 'use_gpu': False}",-0.27750908417194753,0.5206580585031889,0.9632144468992816,0.18068629875632483,0.0591214237183347,0.969016064866353,0.9358497373252368,0.2431489743312414,0.969534895021905,0.27108481388431005,0.8544701366313149,0.828411722849468
regressor,2d,xgboost,1865,umap,2,42,0.39270743728736873,0.5194329713404157,0.6807281433630414,0.7788188049122876,0.9615409405982615,0.10033488084779518,0.361699592909919,0.34633141549690677,"{'n_estimators': 143, 'max_depth': 11, 'learning_rate': 0.061522045819299896, 'subsample': 0.7152735987594875, 'colsample_bytree': 0.8506545272070367, 'min_child_weight': 3, 'gamma': 0.2753436093192916, 'reg_alpha': 1.792656011367325e-05, 'reg_lambda': 2.0788621766936542e-08, 'use_gpu': False}",-0.2486495478307421,0.5194329713404157,0.9245609804465893,0.2136381984772985,0.07332366244761923,0.9651903301133857,0.9229339454773581,0.27078342350967355,0.9637287331126324,0.2698106117155331,0.8287154416727542,0.8130438082398468
regressor,2d,xgboost,1865,umap,4,42,0.44141826151092195,0.5813437314997439,0.6714220891741354,0.7443785874392129,0.9033504547430219,-0.1368079120956418,0.16490467928708785,0.14448655969191673,"{'n_estimators': 154, 'max_depth': 12, 'learning_rate': 0.16652190565063138, 'subsample': 0.9483504685094497, 'colsample_bytree': 0.756706138893203, 'min_child_weight': 8, 'gamma': 0.18991812872152647, 'reg_alpha': 0.09178404364558235, 'reg_lambda': 0.06102201711749876, 'use_gpu': False}",-0.27819062464253896,0.5813437314997439,0.8160420440844245,0.22826859551025316,0.09190180619717593,0.9561059564743801,0.9088565364696929,0.303153106857205,0.9549076537246444,0.33796053415404637,0.8250784002269389,0.8139464677324973
regressor,2d,xgboost,1865,umap,1,42,0.4452710570355034,0.6023806950466688,0.6551319020224011,0.5976424510197642,0.7753243865217285,0.32242039039488535,0.5704244202072697,0.6063849244166909,"{'n_estimators': 454, 'max_depth': 5, 'learning_rate': 0.1931963359565302, 'subsample': 0.675155837957455, 'colsample_bytree': 0.7561298088126063, 'min_child_weight': 8, 'gamma': 0.2096054791459464, 'reg_alpha': 0.0001599310802175136, 'reg_lambda': 7.515799483709413e-05, 'use_gpu': False}",-0.3337381639671004,0.6023806950466688,0.6011279043352947,0.2057825163345308,0.0721688095048369,0.9637972891207887,0.9264979979498029,0.2686425310795684,0.9629071538510718,0.3628625017649078,0.8134614521684677,0.8166914240337126
regressor,2d,xgboost,1865,time,5,42,0.3598782252556709,0.4855015323061761,0.7647197870207296,0.6197769293821822,0.8223875183556253,0.27029074650180085,0.5394190237115716,0.544851804858739,"{'n_estimators': 320, 'max_depth': 10, 'learning_rate': 0.0754705450689817, 'subsample': 0.8634286169936012, 'colsample_bytree': 0.6043275074187363, 'min_child_weight': 5, 'gamma': 0.05027911860101031, 'reg_alpha': 1.8368407930752787e-08, 'reg_lambda': 0.8462571929443818, 'use_gpu': False}",-0.26342844626306905,0.4855015323061761,0.676321230347124,0.16630867193337323,0.04931645554470923,0.9758947294580649,0.9492873981288328,0.22207308604310705,0.9766908414498547,0.23571173787164496,0.8770679870539535,0.8526227541843797
regressor,2d,xgboost,1865,time,3,42,0.5144513686491228,0.6474694039054624,0.628331644142823,0.8461093207824073,1.0364359428131749,-0.020486813183158148,0.29940028609174885,0.2672956450897766,"{'n_estimators': 228, 'max_depth': 12, 'learning_rate': 0.13309999788963195, 'subsample': 0.6517798240325812, 'colsample_bytree': 0.8844672139449673, 'min_child_weight': 2, 'gamma': 0.30578706420956714, 'reg_alpha': 1.0888323615741946e-06, 'reg_lambda': 0.00012291667477736174, 'use_gpu': False}",-0.4039845374973823,0.6474694039054624,1.0741994635550345,0.19395659488456546,0.05928488016976059,0.9682983804094647,0.9278305375187457,0.24348486640808006,0.9660518945628673,0.4192166289936947,0.8079103803049894,0.8077920432329393
regressor,2d,xgboost,1865,time,2,42,0.36830672251238983,0.49903143219402923,0.7216950191632434,0.7547097518275339,0.9389168352504333,0.15703918676817608,0.41421666795613843,0.380668670755183,"{'n_estimators': 407, 'max_depth': 8, 'learning_rate': 0.19000984407970584, 'subsample': 0.987104132670645, 'colsample_bytree': 0.7209054557004179, 'min_child_weight': 4, 'gamma': 0.027399547484656755, 'reg_alpha': 4.245137921762282e-06, 'reg_lambda': 0.35844606719048794, 'use_gpu': False}",-0.16169456961172435,0.49903143219402923,0.8815648235166893,0.25928959232209686,0.11379615885687286,0.9435365155769389,0.8661437557552355,0.3373368625823049,0.9465480022909196,0.24903237031762399,0.8630503260730392,0.864708918716618
regressor,2d,xgboost,1865,time,4,42,0.4113516834016669,0.5479318296722077,0.7017246416697366,0.7958928200774084,0.9813160200407616,0.07952815059907914,0.40672404179831156,0.37612505461965223,"{'n_estimators': 310, 'max_depth': 6, 'learning_rate': 0.1618393739350551, 'subsample': 0.5926792782767366, 'colsample_bytree': 0.904729935755262, 'min_child_weight': 3, 'gamma': 0.2275032164181814, 'reg_alpha': 1.1039899021214508e-08, 'reg_lambda': 0.004165677051610491, 'use_gpu': False}",-0.24157841023407933,0.5479318296722077,0.9629811311886404,0.2392513839852745,0.09385241760143379,0.9482109677906052,0.8915754649371102,0.3063534194381283,0.9467808241103349,0.30022928996793324,0.8504034234765652,0.8512410498065895
regressor,2d,xgboost,1865,time,1,42,0.30550690518347245,0.39214350958095434,0.6571969267661468,0.8026979004297773,0.9734856449000662,0.08986589263940659,0.3366405540768456,0.3224104396175987,"{'n_estimators': 354, 'max_depth': 9, 'learning_rate': 0.25437523539727297, 'subsample': 0.6960439520918227, 'colsample_bytree': 0.9671813550003552, 'min_child_weight': 3, 'gamma': 0.970997491870241, 'reg_alpha': 0.00017504660142105382, 'reg_lambda': 9.158053044870466e-08, 'use_gpu': False}",-0.0069540057284481205,0.39214350958095434,0.9476743008264977,0.29571439326592613,0.1483709538781399,0.9126735684535657,0.8082409026910711,0.3851895038525062,0.9115793413988402,0.15377653210646805,0.8535908035817453,0.808015082923655
regressor,2d,xgboost,1865,butina,5,42,0.4374549493681365,0.5878827756193464,0.6293527013081981,0.6291625389685489,0.8236596228011743,0.39967244149444703,0.6639088136653948,0.6991544750457253,"{'n_estimators': 246, 'max_depth': 4, 'learning_rate': 0.2085356946167107, 'subsample': 0.6160069834135145, 'colsample_bytree': 0.6960005839067844, 'min_child_weight': 6, 'gamma': 0.2927535190075573, 'reg_alpha': 2.8258455300488788e-05, 'reg_lambda': 7.058371953130944e-08, 'use_gpu': False}",-0.26113523688831075,0.5878827756193464,0.6784151742329728,0.2576752565135422,0.10676395406678965,0.9434923543631399,0.8856969003785611,0.3267475387310357,0.9414127519209449,0.3456061578699068,0.8005743809623544,0.7909619281954302
regressor,2d,xgboost,1865,butina,3,42,0.38496848874116457,0.46934721833844356,0.7084621607496622,0.5802661795878348,0.7359060497878818,0.317976520652992,0.5736682533881894,0.5431225366669825,"{'n_estimators': 441, 'max_depth': 9, 'learning_rate': 0.12752781288281245, 'subsample': 0.9730910945560619, 'colsample_bytree': 0.7934669861708865, 'min_child_weight': 7, 'gamma': 0.08968264897879744, 'reg_alpha': 0.08277919544387667, 'reg_lambda': 3.536222086462894e-07, 'use_gpu': False}",-0.10430782266331345,0.46934721833844356,0.5415577141144043,0.27619363417542186,0.1332537603948642,0.9412697309124122,0.8729089779149849,0.3650393956751301,0.9399677313894839,0.22028681136203462,0.8470278593548757,0.8114129610977752
regressor,2d,xgboost,1865,butina,2,42,0.41474973856081154,0.5466118436262315,0.7400671866967752,0.5801980371208602,0.7529742142088772,0.23566498201357777,0.5090713742824164,0.4601594470730268,"{'n_estimators': 451, 'max_depth': 6, 'learning_rate': 0.09473604325194405, 'subsample': 0.5121435654919959, 'colsample_bytree': 0.8960156099334146, 'min_child_weight': 1, 'gamma': 0.6904924181450827, 'reg_alpha': 0.0018780298155930892, 'reg_lambda': 0.0007344905241939344, 'use_gpu': False}",-0.2045339347581438,0.5466118436262315,0.5669701672634762,0.2764300525549934,0.11701729573556371,0.9462470510833119,0.8850674989445726,0.3420779088680877,0.9451748396833879,0.2987845075924678,0.8656265722477243,0.8755115367871136
regressor,2d,xgboost,1865,butina,4,42,0.45422887462310946,0.5893294252415103,0.6651861050048673,0.5508637521477622,0.7134336934874526,0.43359707304688744,0.6695635224934708,0.656614127610231,"{'n_estimators': 338, 'max_depth': 11, 'learning_rate': 0.1251429492611948, 'subsample': 0.8163602729334557, 'colsample_bytree': 0.5885403525269645, 'min_child_weight': 7, 'gamma': 0.11816274084322602, 'reg_alpha': 0.2895695415408989, 'reg_lambda': 0.014780812382187621, 'use_gpu': False}",-0.2798060090265404,0.5893294252415103,0.5089876350031485,0.2360538056706142,0.0958047451853855,0.9529230346041567,0.9006704314780731,0.3095234162149699,0.9526655466908548,0.3473091714554889,0.8301073511279017,0.8406273468863901
regressor,2d,xgboost,1865,butina,1,42,0.4308366826454198,0.5586068644674914,0.6280087904624219,0.7097747506278312,0.9007377725808513,0.3018520364131665,0.5633767777086718,0.5640486789646352,"{'n_estimators': 471, 'max_depth': 12, 'learning_rate': 0.0665070571370221, 'subsample': 0.677134171527641, 'colsample_bytree': 0.9560971021367357, 'min_child_weight': 7, 'gamma': 0.0006365564093122854, 'reg_alpha': 0.00485001561515449, 'reg_lambda': 2.0492965457115776e-05, 'use_gpu': False}",-0.20742037917891593,0.5586068644674914,0.8113285349539133,0.26537825767092443,0.12333194744934284,0.9369755274764833,0.8640071818985725,0.3511864852885755,0.9372273966820549,0.3120416290302024,0.7942945869646106,0.7920197230769825
regressor,2d,xgboost,1865,diverse_25,5,42,0.6861371929198787,0.811267600863445,0.5670756481174102,0.8504697202362554,1.0939142744677433,-0.24089645718660213,0.19941680759014904,0.1782845766197615,"{'n_estimators': 161, 'max_depth': 11, 'learning_rate': 0.23545144377951568, 'subsample': 0.5523254980690916, 'colsample_bytree': 0.6551282276918434, 'min_child_weight': 9, 'gamma': 0.24299743658330078, 'reg_alpha': 5.4614447121275016e-08, 'reg_lambda': 7.78841847469394e-05, 'use_gpu': False}",-0.4520238798856514,0.811267600863445,1.1966484398842892,0.2808295896077241,0.1290560510619708,0.9490717283271052,0.88819152396824,0.35924372097779356,0.9484271689886363,0.6581551202107299,0.791607136388176,0.8108918573629015
regressor,2d,xgboost,1865,diverse_25,3,42,0.44410904001944373,0.5148788825015547,0.708065097083105,0.8533288717373764,1.0917519545017285,0.11723647590920871,0.4199195897410166,0.3792529352441855,"{'n_estimators': 291, 'max_depth': 8, 'learning_rate': 0.20893289831108813, 'subsample': 0.6344740798041736, 'colsample_bytree': 0.8804163269184798, 'min_child_weight': 10, 'gamma': 0.5161590642711636, 'reg_alpha': 0.03588637086252897, 'reg_lambda': 0.08267913056447578, 'use_gpu': False}",-0.10341951324644977,0.5148788825015547,1.1919223301583441,0.3303853751818816,0.16929881254780876,0.9365708087344999,0.8594832399625976,0.4114593692551049,0.9375423830616914,0.26510026364604977,0.8490272035717197,0.8175188396402238
regressor,2d,xgboost,1865,diverse_25,2,42,0.7745821705847065,0.9084827464988584,0.2725162362157225,0.6363677612190993,0.7768336891882913,0.40712154010928536,0.7087602038705001,0.6934471724568382,"{'n_estimators': 144, 'max_depth': 10, 'learning_rate': 0.0795516198177556, 'subsample': 0.5003156504268068, 'colsample_bytree': 0.5270158819287144, 'min_child_weight': 1, 'gamma': 0.19426369407936042, 'reg_alpha': 1.5921434937977015, 'reg_lambda': 1.2029640912691276e-06, 'use_gpu': False}",-0.20415939444104336,0.9084827464988584,0.6034705806578907,0.5608761237276355,0.49607138425395686,0.8889225013998894,0.6005136210115309,0.704323352057815,0.8892407582198298,0.825340900686109,0.5544356190234553,0.5895223050906704
regressor,2d,xgboost,1865,diverse_25,4,42,0.7263076885473031,0.8634223631253707,0.44753021780823676,0.8339287966895685,0.9855575008125683,0.19224810390401004,0.44467640477373477,0.438843387027876,"{'n_estimators': 365, 'max_depth': 11, 'learning_rate': 0.0366463343970236, 'subsample': 0.683802945535436, 'colsample_bytree': 0.9002086166512617, 'min_child_weight': 2, 'gamma': 0.13011469575878498, 'reg_alpha': 2.1098262084913126e-08, 'reg_lambda': 0.8533717941549183, 'use_gpu': False}",-0.6744958735252014,0.8634223631253707,0.9713235874079157,0.14465567951779695,0.03569321847264289,0.9912844523275047,0.968630019288364,0.18892648960016933,0.9912562380388815,0.7454981771449996,0.6752974123262158,0.6906247467790293
regressor,2d,xgboost,1865,diverse_25,1,42,0.5326222632065428,0.7300870905111325,0.5788089325217054,0.8686911033324972,1.0415444867289971,0.1379312473974732,0.4829184975463067,0.43922221520751825,"{'n_estimators': 324, 'max_depth': 10, 'learning_rate': 0.22745968114768436, 'subsample': 0.8670938780688423, 'colsample_bytree': 0.9999047187922768, 'min_child_weight': 10, 'gamma': 0.036617727050741844, 'reg_alpha': 1.0712955472066338e-07, 'reg_lambda': 3.580659314818921e-07, 'use_gpu': False}",-0.4972899096489559,0.7300870905111325,1.08481491783557,0.17914140530418812,0.054194527417376945,0.9789835538362092,0.9508424461254588,0.23279718086217657,0.978447809769711,0.5330271597310107,0.7814381195567746,0.7928687222144216
regressor,2d,xgboost,4822,scaffold,5,42,0.3580922472415194,0.4732227110789183,0.8254174960496697,0.4539063841200941,0.6169963867515715,0.7893838065898121,0.8902197522090431,0.881381872878336,"{'n_estimators': 339, 'max_depth': 4, 'learning_rate': 0.10610113113554073, 'subsample': 0.6121790440166176, 'colsample_bytree': 0.826562446701915, 'min_child_weight': 9, 'gamma': 0.04863473100236611, 'reg_alpha': 0.9872456823990685, 'reg_lambda': 5.8706025057460215e-08, 'use_gpu': False}",-0.13267131160057888,0.4732227110789183,0.3806845412644948,0.2646462988013763,0.1159752556866555,0.9541984731937346,0.908448281774555,0.3405513994783394,0.9497415476696123,0.22393973428088135,0.9088605540438144,0.9042659599762225
regressor,2d,xgboost,4822,scaffold,3,42,0.3881103694926705,0.5445341146200524,0.7897771405567191,0.4780278338883322,0.6079779292048167,0.6951006195956546,0.8352688860026207,0.8138653194335497,"{'n_estimators': 385, 'max_depth': 10, 'learning_rate': 0.031570742533541495, 'subsample': 0.6549007202042427, 'colsample_bytree': 0.5873524492565089, 'min_child_weight': 1, 'gamma': 0.2113403939796562, 'reg_alpha': 1.2970431575206309e-05, 'reg_lambda': 0.5320341246551163, 'use_gpu': False}",-0.31923711537785726,0.5445341146200524,0.36963716240017713,0.1828466093237506,0.05075873786753769,0.9836314018275641,0.9647047392285362,0.22529699924219518,0.9821522885091293,0.29651740198504434,0.8961908638406083,0.893952101535295
regressor,2d,xgboost,4822,scaffold,2,42,0.40435633934174614,0.5357531605241171,0.7976363879649847,0.4928663273308746,0.6402362968926817,0.7279212735589324,0.8589656576830351,0.8484594095223283,"{'n_estimators': 310, 'max_depth': 11, 'learning_rate': 0.1808012313496254, 'subsample': 0.8713597468849834, 'colsample_bytree': 0.5109599217214964, 'min_child_weight': 2, 'gamma': 0.1395903618722171, 'reg_alpha': 1.760745420914371e-06, 'reg_lambda': 0.0027932351809309085, 'use_gpu': False}",-0.2926614922328552,0.5357531605241171,0.4099025158588541,0.19560783052708142,0.05909355919262891,0.9819902702714518,0.956142175285148,0.24309166829126191,0.9803943895094714,0.2870314490115804,0.8958280468137568,0.8875438463581982
regressor,2d,xgboost,4822,scaffold,4,42,0.3787140131624502,0.4786461305506673,0.8010632793959364,0.4545939187748236,0.5990784557806765,0.7120021681572068,0.8487814731608359,0.8034955054183516,"{'n_estimators': 399, 'max_depth': 12, 'learning_rate': 0.031217593293183847, 'subsample': 0.5906318350036163, 'colsample_bytree': 0.5710649876467451, 'min_child_weight': 3, 'gamma': 0.2181083106294216, 'reg_alpha': 0.009934490238432063, 'reg_lambda': 1.7037330764787443e-08, 'use_gpu': False}",-0.23171788761211626,0.4786461305506673,0.35889499618056,0.19385724097181883,0.060973557160720074,0.9791325536787995,0.9569125202153964,0.24692824293855103,0.9777142044811904,0.22910211829112642,0.9001407475035949,0.8966321497855894
regressor,2d,xgboost,4822,scaffold,1,42,0.37478826480202343,0.518091646141622,0.8221445810124278,0.5352130624436023,0.655954494250436,0.5565526651014752,0.7652849642318866,0.7714630639555046,"{'n_estimators': 431, 'max_depth': 6, 'learning_rate': 0.11211423269874984, 'subsample': 0.5188463876672795, 'colsample_bytree': 0.8386793509345507, 'min_child_weight': 8, 'gamma': 0.4289124223347314, 'reg_alpha': 2.627966897096113e-08, 'reg_lambda': 1.8158274212165257e-08, 'use_gpu': False}",-0.2096703836809508,0.518091646141622,0.43027629852734517,0.23831409296140493,0.0951236751378342,0.9682659976576642,0.9364201246071702,0.30842126246067114,0.9626046570556999,0.26841895380173564,0.9082145343377173,0.8786060252956353
regressor,2d,xgboost,4822,random,5,42,0.3751408943401858,0.517003543494426,0.7982996589343103,0.4869455626361087,0.6528121943313526,0.7032294612941485,0.8407793352965027,0.8296121852731002,"{'n_estimators': 260, 'max_depth': 12, 'learning_rate': 0.07666965892413696, 'subsample': 0.9469312036815684, 'colsample_bytree': 0.9212974733649543, 'min_child_weight': 2, 'gamma': 0.022360633558446974, 'reg_alpha': 6.901511470758049e-05, 'reg_lambda': 1.0543274732222322e-05, 'use_gpu': False}",-0.3824216848853268,0.517003543494426,0.4261637610677157,0.10516102768080107,0.018112276666679583,0.994332771839847,0.9869354814010386,0.13458185860909924,0.993728998150822,0.2672926639857928,0.8939356600559554,0.8912175579569013
regressor,2d,xgboost,4822,random,3,42,0.4162740003253004,0.5355804449616495,0.803480110680305,0.45271028214735165,0.5888540622174597,0.7441084204719606,0.8632933522572765,0.8387963351898174,"{'n_estimators': 211, 'max_depth': 8, 'learning_rate': 0.06092834301815631, 'subsample': 0.6277582512367952, 'colsample_bytree': 0.9276317221571835, 'min_child_weight': 3, 'gamma': 0.031076515664670082, 'reg_alpha': 0.027641859458628085, 'reg_lambda': 0.0005488169102447682, 'use_gpu': False}",-0.32910613556999185,0.5355804449616495,0.34674910659000396,0.1589907079866524,0.042631640438761956,0.9852168224898352,0.9694080193478999,0.20647430939165762,0.983643751388405,0.2868464130253184,0.9086956486422002,0.906199059599546
regressor,2d,xgboost,4822,random,2,42,0.4756993320700291,0.6120755215319802,0.7690706968443461,0.40318919786395124,0.5313287162434244,0.7878919322140573,0.887666219852345,0.864817981858552,"{'n_estimators': 453, 'max_depth': 12, 'learning_rate': 0.027911650564623254, 'subsample': 0.8407277894566851, 'colsample_bytree': 0.6266582435102528, 'min_child_weight': 4, 'gamma': 0.07186880903507996, 'reg_alpha': 3.3754247001943586e-07, 'reg_lambda': 1.4812944493791515e-08, 'use_gpu': False}",-0.37041818623711675,0.6120755215319802,0.2823102047048854,0.18612587494284774,0.05839826770181407,0.9803799131694554,0.957662931641087,0.24165733529486347,0.9787466420629158,0.3746364440586455,0.8783058943936121,0.888164391539405
regressor,2d,xgboost,4822,random,4,42,0.35472315264186866,0.44907359787934037,0.8720031447156161,0.4428094283331331,0.5963688460242422,0.7442419654702517,0.8664195895022261,0.8508634625874221,"{'n_estimators': 403, 'max_depth': 8, 'learning_rate': 0.13621003639136492, 'subsample': 0.550791277006911, 'colsample_bytree': 0.7559720366515547, 'min_child_weight': 1, 'gamma': 0.24994673114153032, 'reg_alpha': 0.44348944748019636, 'reg_lambda': 0.13784903482359995, 'use_gpu': False}",-0.14484174807408634,0.44907359787934037,0.3556558005082864,0.24088329841644665,0.09255701843592663,0.9671171602540916,0.9326030143382347,0.30423184980525403,0.9635497737774031,0.2016670963122955,0.9388040353580768,0.9115099619713252
regressor,2d,xgboost,4822,random,1,42,0.40851158768590345,0.564291493927337,0.7635039510653534,0.40935762254716906,0.5514679260877562,0.7899098665600518,0.8905354842942438,0.8751921541496172,"{'n_estimators': 358, 'max_depth': 6, 'learning_rate': 0.15307418370018097, 'subsample': 0.6590108200493929, 'colsample_bytree': 0.8735435054704445, 'min_child_weight': 2, 'gamma': 0.24764802959082644, 'reg_alpha': 1.7916766932715014e-07, 'reg_lambda': 3.285331721391596e-05, 'use_gpu': False}",-0.2759882935013054,0.564291493927337,0.30411687350353095,0.2336123879180871,0.08311873537589257,0.9711150174817602,0.9398228517054347,0.28830320042603164,0.9673442857101033,0.31842489011874586,0.8785913713890877,0.8698411513794908
regressor,2d,xgboost,4822,umap,5,42,0.35332123109517594,0.4649214963821654,0.8582024208303835,0.6033734408100969,0.7556979059052072,0.39926270561956434,0.7753895700235003,0.760251990374728,"{'n_estimators': 257, 'max_depth': 9, 'learning_rate': 0.2099181896394395, 'subsample': 0.9158753348928641, 'colsample_bytree': 0.8373655622704083, 'min_child_weight': 2, 'gamma': 0.12064982857992232, 'reg_alpha': 7.742234872623936e-08, 'reg_lambda': 7.037806740069293e-06, 'use_gpu': False}",-0.25546207845885827,0.4649214963821654,0.5710793249895154,0.1651875296846895,0.04387324775677065,0.9861551343249114,0.96998481515734,0.20945941792330716,0.9849598567148928,0.21615199779823185,0.9270349356035603,0.9104518050924658
regressor,2d,xgboost,4822,umap,3,42,0.413496955511376,0.5412726119234316,0.7949196079286172,1.0581306964187966,1.3585852066107793,0.02887239756319171,0.6228218010680293,0.6668754090851944,"{'n_estimators': 417, 'max_depth': 9, 'learning_rate': 0.09458266182451247, 'subsample': 0.5128628754532844, 'colsample_bytree': 0.7863237662119489, 'min_child_weight': 7, 'gamma': 0.32635099943247964, 'reg_alpha': 0.0005466376698294097, 'reg_lambda': 6.878473057095885, 'use_gpu': False}",-0.20810481017307714,0.5412726119234316,1.8457537636216537,0.25641725400241494,0.11100078412316346,0.950874671977613,0.9020708014557463,0.33316780175035443,0.9489336014503905,0.2929760404184138,0.8955354703186533,0.8756003545849803
regressor,2d,xgboost,4822,umap,2,42,0.343639346583718,0.47171280889961625,0.7970624629227065,0.5876642406413506,0.7343157870951863,0.5432710593163126,0.7603259916626677,0.704982680397083,"{'n_estimators': 337, 'max_depth': 8, 'learning_rate': 0.06347082436724644, 'subsample': 0.6965398327493564, 'colsample_bytree': 0.754082784808649, 'min_child_weight': 4, 'gamma': 0.182628217839451, 'reg_alpha': 4.526229147845624e-06, 'reg_lambda': 0.006441623213799561, 'use_gpu': False}",-0.158019969786505,0.47171280889961625,0.539219675177223,0.24656139978041833,0.09840319731084429,0.9673249105403768,0.9315768909809716,0.31369283911311124,0.9614816830729445,0.22251297407996587,0.8974123620264505,0.8769923037975845
regressor,2d,xgboost,4822,umap,4,42,0.3911194679681824,0.5278887118686136,0.8083360580541327,0.6895281223329113,0.9006339051096125,-0.22439414927311985,0.15069228196444398,0.20090093138188578,"{'n_estimators': 195, 'max_depth': 12, 'learning_rate': 0.18548964410377097, 'subsample': 0.733359759781825, 'colsample_bytree': 0.7343212578853442, 'min_child_weight': 7, 'gamma': 0.0006403887541360995, 'reg_alpha': 0.9262198597423953, 'reg_lambda': 0.09261699687342949, 'use_gpu': False}",-0.34570201308732995,0.5278887118686136,0.8111414310329905,0.13558189016457653,0.0331919932128222,0.9874958849970787,0.9746399927926912,0.1821866987812837,0.9870701126783722,0.27866649211830424,0.9065784957058312,0.9095832522661116
regressor,2d,xgboost,4822,umap,1,42,0.3851400579562411,0.5125904774434674,0.822909884366118,0.9610766312369742,1.1867697983806618,-0.5861880684830643,0.3413524377577394,0.34084164073043927,"{'n_estimators': 204, 'max_depth': 10, 'learning_rate': 0.18549778286998053, 'subsample': 0.632245026637191, 'colsample_bytree': 0.5532037331162403, 'min_child_weight': 8, 'gamma': 0.22347643461101954, 'reg_alpha': 0.00017429017861288199, 'reg_lambda': 0.00021880720723456526, 'use_gpu': False}",-0.2456864287549268,0.5125904774434674,1.4084225543484767,0.20609824035893634,0.07123777120633486,0.9764150712894606,0.9526936700534324,0.2669040486885406,0.9716594291548627,0.26274899756572184,0.9117633579557883,0.8843852127720396
regressor,2d,xgboost,4822,time,5,42,0.4062615925408376,0.5315793962682651,0.8069787126466931,0.7051228675374627,0.922606928652051,0.5458328689392951,0.8743625701676351,0.749846846331724,"{'n_estimators': 435, 'max_depth': 10, 'learning_rate': 0.13567792935732376, 'subsample': 0.5733876319140468, 'colsample_bytree': 0.8112430745514873, 'min_child_weight': 5, 'gamma': 0.6748373936149413, 'reg_alpha': 0.3649329120117238, 'reg_lambda': 0.0100326079237695, 'use_gpu': False}",-0.14186958007919115,0.5315793962682651,0.8512035447967706,0.30211567554683283,0.15187374083412183,0.9404325101022526,0.8805791188162548,0.38970981618907397,0.9310586157257723,0.28257665453693326,0.9024089266149304,0.8951067340703888
regressor,2d,xgboost,4822,time,3,42,0.4746080911666573,0.6428252397792651,0.6981575612081373,0.6867852953653956,0.8804940356715109,0.5881644987715798,0.8058154795192177,0.7797655799482499,"{'n_estimators': 411, 'max_depth': 12, 'learning_rate': 0.13692334341770349, 'subsample': 0.5110561417451118, 'colsample_bytree': 0.7464875249800829, 'min_child_weight': 1, 'gamma': 0.12027824582333563, 'reg_alpha': 0.001045087144318548, 'reg_lambda': 5.445167549466764, 'use_gpu': False}",-0.4461448516925058,0.6428252397792651,0.7752697468531038,0.15478313991123488,0.038683175057958256,0.9823686049180576,0.9636516866354283,0.1966803880867593,0.9816354128339321,0.4132242888972696,0.8373510338916886,0.8298774150615726
regressor,2d,xgboost,4822,time,2,42,0.344769935970215,0.4901880461525528,0.6981860239874738,1.1672803248172607,1.5155415111868582,-0.3585685640666516,0.5146341422411383,0.544635311532229,"{'n_estimators': 86, 'max_depth': 5, 'learning_rate': 0.2581282791572311, 'subsample': 0.7826178533152007, 'colsample_bytree': 0.5196560856636259, 'min_child_weight': 10, 'gamma': 0.2600002739435906, 'reg_alpha': 2.632671924337472e-08, 'reg_lambda': 0.1071460901463602, 'use_gpu': False}",-0.10708227339942755,0.4901880461525528,2.296866072130546,0.295874864534636,0.14677003311676926,0.9174816387758286,0.8390566722376356,0.38310577275312524,0.9164968407061619,0.24028432059085722,0.8358197819472707,0.8159808972200443
regressor,2d,xgboost,4822,time,4,42,0.3821026775592409,0.5034596240366701,0.7612856745347275,0.5928819567872785,0.7939227767750393,0.6567413718838271,0.8390534283017664,0.7905426427329746,"{'n_estimators': 368, 'max_depth': 8, 'learning_rate': 0.19797329968677907, 'subsample': 0.5579679596382182, 'colsample_bytree': 0.9700567937765443, 'min_child_weight': 4, 'gamma': 0.12766406139751246, 'reg_alpha': 2.5299449904060383e-05, 'reg_lambda': 3.312843688362062e-06, 'use_gpu': False}",-0.22262131797650747,0.5034596240366701,0.6303133754821889,0.21918505910278546,0.07887015415074157,0.9691329387485998,0.9370065619383287,0.28083830606016263,0.9651876525440982,0.25347159303514516,0.8736581298821278,0.8610822535317331
regressor,2d,xgboost,4822,time,1,42,0.3968451445635213,0.5261818939969064,0.5879472249556081,1.2081092752939249,1.5382118089319161,-0.5118788048278868,0.3321610756266419,0.3528975800291053,"{'n_estimators': 493, 'max_depth': 8, 'learning_rate': 0.021705305187350532, 'subsample': 0.8677213512626667, 'colsample_bytree': 0.9167836205447157, 'min_child_weight': 2, 'gamma': 0.06367675598381847, 'reg_alpha': 0.0011781978722757013, 'reg_lambda': 9.939765436007232, 'use_gpu': False}",-0.2567334839999138,0.5261818939969064,2.3660955691375976,0.208017353532011,0.07260244564990743,0.9540486561180768,0.9001713205977598,0.2694484099969926,0.9552440992788701,0.27686738557017165,0.7757283897800699,0.718413414500488
regressor,2d,xgboost,4822,butina,5,42,0.4335027936712404,0.5416229365944039,0.7987376102587386,0.6943907000188204,0.9557345384650444,0.026314305914339475,0.5034717684789235,0.5571609484095127,"{'n_estimators': 204, 'max_depth': 12, 'learning_rate': 0.02471115315299493, 'subsample': 0.6820053767768129, 'colsample_bytree': 0.941673477769827, 'min_child_weight': 10, 'gamma': 0.704975585173035, 'reg_alpha': 1.2040963454626846e-06, 'reg_lambda': 1.0203707092755701e-07, 'use_gpu': False}",-0.13885301644367332,0.5416229365944039,0.9134285080149915,0.31020387888258844,0.16222360857822585,0.9447087796089659,0.8883830221386115,0.40276992015073054,0.9388843088812789,0.2933554054451456,0.8940913449578982,0.8816266096127067
regressor,2d,xgboost,4822,butina,3,42,0.3896321542380614,0.5097959747619543,0.7690142169833495,0.9244670788022515,1.1357931314410163,0.46107561821076504,0.7736051029064953,0.7216750355028023,"{'n_estimators': 272, 'max_depth': 10, 'learning_rate': 0.08867265973954132, 'subsample': 0.8204604390275072, 'colsample_bytree': 0.674687074844317, 'min_child_weight': 9, 'gamma': 0.1813549659688405, 'reg_alpha': 0.00016051299910569368, 'reg_lambda': 2.5884302581344825e-06, 'use_gpu': False}",-0.1866245089359383,0.5097959747619543,1.2900260374285897,0.24911582566585388,0.1044397963241358,0.9545173180327257,0.9078190926672384,0.32317146582601597,0.9524307798087112,0.25989193588349113,0.8773459365131675,0.8639018003296456
regressor,2d,xgboost,4822,butina,2,42,0.46151653342770094,0.6059182614794015,0.7743673818236295,0.7344060834376309,0.8649413174345925,0.1675352414028104,0.7096266511672071,0.6183726710511661,"{'n_estimators': 491, 'max_depth': 5, 'learning_rate': 0.12694222230415345, 'subsample': 0.9998233771461772, 'colsample_bytree': 0.5777310446632623, 'min_child_weight': 4, 'gamma': 0.10181689680362, 'reg_alpha': 8.963391555860673e-08, 'reg_lambda': 0.0008957345916397746, 'use_gpu': False}",-0.31556369309607857,0.6059182614794015,0.7481234826054884,0.2222153143889461,0.08430577538106578,0.9725390740182793,0.9439411328955161,0.29035456838332296,0.9681475977129033,0.36713693959422045,0.8825155645658369,0.8372447375407183
regressor,2d,xgboost,4822,butina,4,42,0.42246506262285727,0.5713244351441548,0.8145973689235056,0.8079974941321064,1.0186370592284613,0.10373263500603547,0.4448069454801081,0.4015243620753095,"{'n_estimators': 433, 'max_depth': 5, 'learning_rate': 0.04263324912558704, 'subsample': 0.7034130699462247, 'colsample_bytree': 0.9676973338720317, 'min_child_weight': 2, 'gamma': 0.5329927641080617, 'reg_alpha': 1.259361970696839e-05, 'reg_lambda': 2.3487452443673653e-08, 'use_gpu': False}",-0.23346299492007833,0.5713244351441548,1.0376214584336076,0.26889776224357675,0.1141503527902872,0.9602426685187629,0.91708978087113,0.33786144022407644,0.9557884440445074,0.32641161019278747,0.9040652205628253,0.8824458295589072
regressor,2d,xgboost,4822,butina,1,42,0.3913862188751934,0.51104910386842,0.7789410689401812,0.5845947670095661,0.757232031241042,0.41295090672519896,0.6480265106826977,0.6156159804414337,"{'n_estimators': 238, 'max_depth': 12, 'learning_rate': 0.036025179069624595, 'subsample': 0.5758777524278225, 'colsample_bytree': 0.6714206973696151, 'min_child_weight': 1, 'gamma': 0.15321915185082136, 'reg_alpha': 0.5819681039908903, 'reg_lambda': 9.338901211482367e-08, 'use_gpu': False}",-0.21448166064900037,0.51104910386842,0.5734003491374343,0.23193024031891396,0.08795224837770366,0.9718496521691864,0.938693439931536,0.2965674432194196,0.963601126940508,0.2611711865647151,0.8893717379739773,0.8572571745599352
regressor,2d,xgboost,4822,diverse_25,5,42,0.6361202127999952,0.7909949856452415,0.5043193107421848,0.6831467263325932,0.8780982983850509,0.5033008972017361,0.7108401658721208,0.6218005376288889,"{'n_estimators': 302, 'max_depth': 3, 'learning_rate': 0.1181405869537022, 'subsample': 0.7327054158405581, 'colsample_bytree': 0.6252241620268355, 'min_child_weight': 4, 'gamma': 0.21074475811865157, 'reg_alpha': 1.0024093839380831e-08, 'reg_lambda': 0.0007354917453939898, 'use_gpu': False}",-0.4955494636524531,0.7909949856452415,0.771056621626722,0.24329756663522573,0.08728805646559122,0.9728928498418825,0.9409545491835829,0.2954455219927884,0.9641095979839417,0.6256730673159159,0.7112285725460205,0.6828513092096508
regressor,2d,xgboost,4822,diverse_25,3,42,0.5680942841064918,0.7471977514179684,0.6728701781222964,0.5962287882533701,0.7758793727494193,0.5745348514050708,0.777425062407997,0.7741075549242837,"{'n_estimators': 321, 'max_depth': 9, 'learning_rate': 0.250960453494494, 'subsample': 0.6462504676844116, 'colsample_bytree': 0.7155072033635235, 'min_child_weight': 5, 'gamma': 0.5598905497853042, 'reg_alpha': 0.013239745355210443, 'reg_lambda': 0.00016498865770690736, 'use_gpu': False}",-0.44331412832923095,0.7471977514179684,0.6019888010580324,0.2408980223248668,0.09234525638153786,0.9673757096453762,0.9341859190003542,0.30388362308873745,0.9486580688377303,0.558304479724068,0.8226752030691453,0.7978786498637801
regressor,2d,xgboost,4822,diverse_25,2,42,0.5981747061512651,0.776926426492342,0.3072387341277696,0.7666473977251724,0.9068945845201996,0.475271851848978,0.7118000162136255,0.6480630223608947,"{'n_estimators': 201, 'max_depth': 9, 'learning_rate': 0.01759524665666052, 'subsample': 0.5257439345074645, 'colsample_bytree': 0.7283276170460975, 'min_child_weight': 2, 'gamma': 0.27182796447151375, 'reg_alpha': 1.630076469819151e-05, 'reg_lambda': 7.415694555140656e-06, 'use_gpu': False}",-0.489862560374029,0.776926426492342,0.8224577874320654,0.22964623581224414,0.08240566323079275,0.9828963034706028,0.9462421151006355,0.287063866118313,0.9722482889497477,0.6036146721821605,0.582228199817463,0.5560496782431259
regressor,2d,xgboost,4822,diverse_25,4,42,0.566309270127521,0.7100771349904926,0.5537578742178103,0.6907020909121085,0.8894778154263434,0.43191144049345687,0.6779204102060339,0.6916057162921714,"{'n_estimators': 390, 'max_depth': 4, 'learning_rate': 0.09620642648607589, 'subsample': 0.9351312111230963, 'colsample_bytree': 0.5402679394590936, 'min_child_weight': 9, 'gamma': 0.6409630087677909, 'reg_alpha': 0.0009658777953467443, 'reg_lambda': 1.6696324920668295, 'use_gpu': False}",-0.22785837010345417,0.7100771349904926,0.7911707841356203,0.39124204547405533,0.2325349372091809,0.9287909514959862,0.8512483299185203,0.48221876488703846,0.8853787532681997,0.5042095376363063,0.7519178088201821,0.769261175027814
regressor,2d,xgboost,4822,diverse_25,1,42,0.5897932294025133,0.7857648381989591,0.5959340461979525,0.6486360790080697,0.8534057249488343,0.4522610444604602,0.6955262155184668,0.6169489216371965,"{'n_estimators': 365, 'max_depth': 4, 'learning_rate': 0.08912119939659033, 'subsample': 0.8135454214258053, 'colsample_bytree': 0.9577542771737572, 'min_child_weight': 5, 'gamma': 0.10490691954436968, 'reg_alpha': 6.523458972536027e-05, 'reg_lambda': 1.7738718280062352e-08, 'use_gpu': False}",-0.5087581298742213,0.7857648381989591,0.7283013313754454,0.2281454602996301,0.0767327164569064,0.9767835495859123,0.9481059647564548,0.27700670832473784,0.9657270925585343,0.6174263809498365,0.7725186576375723,0.7220739897564764
regressor,2d,xgboost,220,scaffold,5,42,0.44486423014218185,0.5753022376335856,0.7341699020250456,0.5902501045143509,0.7576879589082631,0.4516381904171749,0.6873903467803597,0.665374339133273,"{'n_estimators': 365, 'max_depth': 11, 'learning_rate': 0.036370390732247494, 'subsample': 0.5154562612982779, 'colsample_bytree': 0.9338494560886617, 'min_child_weight': 7, 'gamma': 0.525529919037887, 'reg_alpha': 8.309656685995969e-07, 'reg_lambda': 0.0001982602061451885, 'use_gpu': False}",-0.172286020623375,0.5753022376335856,0.5740910430745698,0.3051368886954154,0.16242207117322113,0.9415036756308512,0.8822619371377793,0.40301621701021056,0.9216680000202103,0.33097266462621056,0.8610983659839568,0.8011504864069422
regressor,2d,xgboost,220,scaffold,3,42,0.5432584043127126,0.7067343131676935,0.5688535323703102,0.8171894382512315,1.2089877039227714,0.2847629745991108,0.5634302219133732,0.6446301884638227,"{'n_estimators': 298, 'max_depth': 12, 'learning_rate': 0.014217848506707624, 'subsample': 0.9984802065820457, 'colsample_bytree': 0.9924665707012017, 'min_child_weight': 2, 'gamma': 0.38588001290991586, 'reg_alpha': 0.000602027244213494, 'reg_lambda': 0.00020153888472676857, 'use_gpu': False}",-0.3028493283184064,0.7067343131676935,1.4616512682364546,0.32020689115971207,0.1631230809867089,0.9438347159278456,0.8540574808598269,0.40388498484928714,0.9346660214249501,0.49947338940861147,0.7546907197299925,0.7382829409913254
regressor,2d,xgboost,220,scaffold,2,42,0.4056039438317351,0.5334946529519536,0.7817707908405283,0.5959575426972707,0.7882320347497708,0.5268889516282109,0.7296842348422375,0.7050564565865072,"{'n_estimators': 319, 'max_depth': 8, 'learning_rate': 0.14566640785624296, 'subsample': 0.7760799092801878, 'colsample_bytree': 0.6518081301121291, 'min_child_weight': 7, 'gamma': 0.10153368922226759, 'reg_alpha': 2.2015187389051466e-08, 'reg_lambda': 2.4634686037199004e-06, 'use_gpu': False}",-0.20642172700842842,0.5334946529519536,0.6213097406057638,0.2379468356660968,0.10697669888525872,0.9595081381162297,0.9179826935871183,0.3270729259435252,0.9465209021002844,0.2846165447283255,0.8843037701251966,0.8305528898092702
regressor,2d,xgboost,220,scaffold,4,42,0.450949836213264,0.6293171083625259,0.7151592614091985,0.5749661660962331,0.731887816703567,0.48034705754415363,0.7097739365135121,0.6588559486827649,"{'n_estimators': 457, 'max_depth': 5, 'learning_rate': 0.2593795220538942, 'subsample': 0.6368501060311927, 'colsample_bytree': 0.8957585032619086, 'min_child_weight': 10, 'gamma': 0.09613227279307608, 'reg_alpha': 0.0005833705204630255, 'reg_lambda': 8.753284176918468e-07, 'use_gpu': False}",-0.3200345756768948,0.6293171083625259,0.5356597762391141,0.23318139088088471,0.09565568502443844,0.9650729781259648,0.9304986695404529,0.30928253268563105,0.9522333880109755,0.3960400228777711,0.8475190112956218,0.8509057741372718
regressor,2d,xgboost,220,scaffold,1,42,0.4414594163836922,0.5838966530587028,0.7081453527757042,0.6129701948839755,0.8374146959136519,0.34427157614464765,0.6066615093208714,0.5814546644838796,"{'n_estimators': 445, 'max_depth': 8, 'learning_rate': 0.28879135917135923, 'subsample': 0.9255333127635401, 'colsample_bytree': 0.926037582249763, 'min_child_weight': 8, 'gamma': 0.06588209744368373, 'reg_alpha': 5.388289484219215e-06, 'reg_lambda': 0.09649160857086507, 'use_gpu': False}",-0.3346830056344415,0.5838966530587028,0.7012633729321541,0.1776092814747428,0.06210744206250401,0.9779131009871369,0.9552865944164372,0.24921364742426128,0.9695159793465961,0.3409353014531551,0.8445415001324652,0.8181840352999573
regressor,2d,xgboost,220,random,5,42,0.33103584389385565,0.44223693520073143,0.8403727451650985,0.4768958921862799,0.6403045639071085,0.7143389478337037,0.8455899128929112,0.7653788253797252,"{'n_estimators': 391, 'max_depth': 11, 'learning_rate': 0.0665700542037336, 'subsample': 0.818407198555002, 'colsample_bytree': 0.8380750402174709, 'min_child_weight': 4, 'gamma': 0.029123461756367586, 'reg_alpha': 0.0016163791862336616, 'reg_lambda': 2.817461617883773e-05, 'use_gpu': False}",-0.21527307511814817,0.44223693520073143,0.40998993456027244,0.15513212655880657,0.051512593783586434,0.9802743859589567,0.9597405794397982,0.22696386008258326,0.9751641543783044,0.1955735068557359,0.9188658095636655,0.9057383306083764
regressor,2d,xgboost,220,random,3,42,0.49924916820253734,0.6523361525743935,0.6460512241856989,0.4884797355167052,0.6779614545693187,0.6177822938013586,0.7882201506139628,0.7534486396181281,"{'n_estimators': 70, 'max_depth': 6, 'learning_rate': 0.2712971041066041, 'subsample': 0.8989645997900587, 'colsample_bytree': 0.6428966926717663, 'min_child_weight': 1, 'gamma': 0.5176988936413698, 'reg_alpha': 1.5585855336069568e-07, 'reg_lambda': 0.00022881506537860845, 'use_gpu': False}",-0.28295468793755413,0.6523361525743935,0.4596317338817463,0.2928195899436924,0.13644266641725658,0.9532108129390532,0.898847579369745,0.36938146463683935,0.9313365248392382,0.4255424559555624,0.8037910985433436,0.7313025876503384
regressor,2d,xgboost,220,random,2,42,0.5134072250741406,0.684696139784204,0.6289256381144923,0.4888595589638077,0.7033827229411281,0.6131668181862762,0.7883948298544726,0.7415274548699733,"{'n_estimators': 392, 'max_depth': 11, 'learning_rate': 0.07876994201544527, 'subsample': 0.6014197261348785, 'colsample_bytree': 0.90875097925132, 'min_child_weight': 10, 'gamma': 0.2249058358254954, 'reg_alpha': 3.568460786398304e-05, 'reg_lambda': 0.3452085438720398, 'use_gpu': False}",-0.34544787106289077,0.684696139784204,0.4947472549320758,0.2533134423338141,0.11508938783040831,0.9569353243418908,0.9129348042939518,0.3392482687213132,0.9433534120622898,0.46880880383539014,0.7956206079637328,0.7276875482694019
regressor,2d,xgboost,220,random,4,42,0.45810457649607444,0.6029235004352873,0.6849997987615929,0.49445864473646306,0.6623461060476865,0.6730639169270937,0.8204913405121901,0.7744299993822046,"{'n_estimators': 308, 'max_depth': 11, 'learning_rate': 0.048887770108895674, 'subsample': 0.8121457910207136, 'colsample_bytree': 0.7788338135453382, 'min_child_weight': 4, 'gamma': 0.13721504476428503, 'reg_alpha': 1.3717603708397013, 'reg_lambda': 1.145319365542275e-06, 'use_gpu': False}",-0.2541711726884422,0.6029235004352873,0.43870236419653313,0.2626536797415388,0.12162818610884288,0.955447998871544,0.9074223282401823,0.3487523277468451,0.9403443594742191,0.3635167473771399,0.8294070832574855,0.8213947329103458
regressor,2d,xgboost,220,random,1,42,0.4113788013579308,0.5671655117094424,0.7210490752950185,0.4763757311703694,0.6562869318028605,0.661285940563022,0.821193814840559,0.7983192340860549,"{'n_estimators': 434, 'max_depth': 12, 'learning_rate': 0.07649653139701347, 'subsample': 0.8530730379409295, 'colsample_bytree': 0.5108935251266756, 'min_child_weight': 1, 'gamma': 0.08558969839805222, 'reg_alpha': 0.023228713023142503, 'reg_lambda': 1.7763667083997947e-08, 'use_gpu': False}",-0.3611423358494258,0.5671655117094424,0.4307125368552124,0.14662267743477966,0.04244554899144735,0.9848499168561641,0.9680471327267485,0.20602317586001664,0.9812512413945392,0.32167671767263367,0.8495240559721241,0.8312562799586445
regressor,2d,xgboost,220,umap,5,42,0.39874039752635704,0.5372516065661037,0.7914769290819439,0.8226086526569794,0.9962897819506188,-0.1912546918224507,0.1916933035300413,0.11249769986153338,"{'n_estimators': 462, 'max_depth': 10, 'learning_rate': 0.1354767277337128, 'subsample': 0.7902803922457882, 'colsample_bytree': 0.5106787501155621, 'min_child_weight': 5, 'gamma': 0.07089786988109441, 'reg_alpha': 0.0001574594283896194, 'reg_lambda': 0.17410919590664184, 'use_gpu': False}",-0.3208313879564644,0.5372516065661037,0.9925933296192115,0.14908117542293323,0.04683771102304407,0.9829492076760713,0.9654701832594429,0.2164202186096393,0.9788815474034038,0.28863928875785955,0.8922469519038847,0.8272850583409145
regressor,2d,xgboost,220,umap,3,42,0.43883594871611525,0.601069411817474,0.7212131531076451,0.995847224339286,1.2965782273539792,-0.1911213601728492,0.26852336034147567,0.303501002381932,"{'n_estimators': 425, 'max_depth': 12, 'learning_rate': 0.0435589848533129, 'subsample': 0.7193081622104207, 'colsample_bytree': 0.5841011602590578, 'min_child_weight': 1, 'gamma': 0.02519015441816268, 'reg_alpha': 1.1070079808408548e-06, 'reg_lambda': 0.003604763670007892, 'use_gpu': False}",-0.3410141303918927,0.601069411817474,1.681115099648387,0.19715963169897696,0.06762874939733828,0.976525142871054,0.945908224331654,0.26005528142558126,0.9659859684660829,0.36128443782260417,0.8494808507370042,0.8259233135816464
regressor,2d,xgboost,220,umap,2,42,0.45030425676477487,0.5844256031993094,0.7574104041879197,0.6815020590162483,0.8780781085085911,0.09843876896304549,0.5078111185902824,0.5121052572048918,"{'n_estimators': 148, 'max_depth': 10, 'learning_rate': 0.0841588619743324, 'subsample': 0.7515984136059918, 'colsample_bytree': 0.9571470773274504, 'min_child_weight': 3, 'gamma': 0.10478004674453081, 'reg_alpha': 5.464290781611201e-06, 'reg_lambda': 0.002634687465577858, 'use_gpu': False}",-0.29456904877945506,0.5844256031993094,0.7710211646420252,0.21811214287518288,0.08401682214014995,0.9715493164965662,0.9400150895372429,0.2898565544198543,0.9611933443933682,0.34155328567487664,0.8704444484354055,0.777314558190867
regressor,2d,xgboost,220,umap,4,42,0.45543563463453135,0.5995228964363031,0.7537112027198166,0.7907208280384278,1.057132244432805,-0.07358937761840378,0.1409529683930805,0.14766556876369566,"{'n_estimators': 122, 'max_depth': 11, 'learning_rate': 0.13532975323870677, 'subsample': 0.9278824447759688, 'colsample_bytree': 0.5936124479642033, 'min_child_weight': 1, 'gamma': 0.32187379236451646, 'reg_alpha': 0.0077900996774062405, 'reg_lambda': 0.34572602749063663, 'use_gpu': False}",-0.26940131006706713,0.5995228964363031,1.11752858221954,0.25250517903055403,0.1089802617869409,0.9639011028495251,0.9200265131952006,0.33012158636923594,0.9470164169750872,0.3594277033513742,0.8718386289675893,0.8230935109383098
regressor,2d,xgboost,220,umap,1,42,0.39693222993605376,0.5513919018972095,0.7581782368635048,0.984305295292934,1.4046626556230313,-0.14160875206122814,0.10945993350351335,0.12796634476501642,"{'n_estimators': 413, 'max_depth': 8, 'learning_rate': 0.13554612004969052, 'subsample': 0.7358834582935815, 'colsample_bytree': 0.5782358967012351, 'min_child_weight': 5, 'gamma': 0.11258369348566866, 'reg_alpha': 2.1698034778489855e-06, 'reg_lambda': 3.126079821325773e-08, 'use_gpu': False}",-0.2726605687231785,0.5513919018972095,1.9730771761019468,0.20995262417225505,0.07769115609297271,0.9642878485569936,0.9283056589452311,0.27873133317403104,0.9607078507060558,0.3040330294778219,0.8726487832595863,0.8334982970000173
regressor,2d,xgboost,220,time,5,42,0.4463320566350063,0.5969846447318654,0.7112515857457231,0.5778782864309127,0.8569300834465513,0.11694453720987996,0.47768850860025713,0.32987814865930515,"{'n_estimators': 372, 'max_depth': 8, 'learning_rate': 0.06336453329018066, 'subsample': 0.5530082044845945, 'colsample_bytree': 0.5024553324679273, 'min_child_weight': 9, 'gamma': 0.5173797333792323, 'reg_alpha': 2.0940864220434707e-05, 'reg_lambda': 0.032209943832709954, 'use_gpu': False}",-0.174476295543798,0.5969846447318654,0.7343291679157135,0.3166029127624189,0.17851330513362587,0.9344525133203246,0.8694940916416386,0.4225083491880674,0.9150825502942722,0.3563906660456315,0.8453617432540395,0.8317738400133783
regressor,2d,xgboost,220,time,3,42,0.5262231948591762,0.8028701231623394,0.5729865791436204,0.8966823032519128,1.22745322029465,-0.10786281768116779,0.17051717960324825,0.13113499045373217,"{'n_estimators': 322, 'max_depth': 8, 'learning_rate': 0.28336736972611637, 'subsample': 0.6449996253541035, 'colsample_bytree': 0.5621360665222405, 'min_child_weight': 3, 'gamma': 0.4485237829885044, 'reg_alpha': 6.929201597912458e-08, 'reg_lambda': 0.0015243771246177343, 'use_gpu': False}",-0.35776434779297017,0.8028701231623394,1.5066414080117065,0.3434475256390821,0.1981191512671674,0.9190702173002576,0.8380861099277227,0.44510577536936924,0.9112243802039164,0.64460043466671,0.758520150482132,0.8070459105873059
regressor,2d,xgboost,220,time,2,42,0.4804979143822473,0.6240466396925793,0.5959553979799959,0.9980438027537618,1.3166292367672883,-0.38478237471660237,0.10988724469006657,0.11952547503745325,"{'n_estimators': 416, 'max_depth': 11, 'learning_rate': 0.22240050778593023, 'subsample': 0.6948160580005465, 'colsample_bytree': 0.5125742183282253, 'min_child_weight': 8, 'gamma': 0.23238884637454393, 'reg_alpha': 2.7091807978734934e-06, 'reg_lambda': 0.11287466430134771, 'use_gpu': False}",-0.2770605663573638,0.6240466396925793,1.733512547110412,0.2546089010737345,0.12039933508859156,0.9557860590927116,0.9108913930747028,0.34698607333521553,0.9552280862682947,0.3894342085115999,0.7731125705865276,0.7493437044239184
regressor,2d,xgboost,220,time,4,42,0.481527006036535,0.612913027396992,0.6690888733276579,0.8270175166831263,1.168155405886814,0.054699935092288876,0.30675276500894877,0.32521891736365655,"{'n_estimators': 90, 'max_depth': 12, 'learning_rate': 0.21102926021983953, 'subsample': 0.788759636258076, 'colsample_bytree': 0.5863808338076705, 'min_child_weight': 10, 'gamma': 0.5605489764422745, 'reg_alpha': 4.075891649224195e-08, 'reg_lambda': 4.337563493799332e-08, 'use_gpu': False}",-0.16757325119610927,0.612913027396992,1.3645870523025871,0.33137278831019534,0.19832751626665235,0.9209328458261823,0.8438915153018476,0.4453397762008828,0.9085388640581179,0.37566237915294587,0.8209373490522642,0.8126773778967705
regressor,2d,xgboost,220,time,1,42,0.43592005475806184,0.5663506182885948,0.6782341119834772,0.977792999157898,1.262841754219814,-0.24391254519411,0.2259752721483943,0.20895984726124273,"{'n_estimators': 382, 'max_depth': 9, 'learning_rate': 0.09450970851321881, 'subsample': 0.5869927087813103, 'colsample_bytree': 0.9418961103042073, 'min_child_weight': 3, 'gamma': 0.10512092067561785, 'reg_alpha': 0.29675796063272264, 'reg_lambda': 1.2098421033480472e-07, 'use_gpu': False}",-0.3201421932691947,0.5663506182885948,1.5947692962009774,0.1796031588790304,0.06061858855053354,0.9766553183611248,0.9523365264829399,0.24620842501940007,0.9749950548770095,0.3207530228358736,0.8323959029599854,0.7844167213832347
regressor,2d,xgboost,220,butina,5,42,0.42685417283626664,0.565243024315734,0.8040380718438478,0.6763697329914035,0.9032917517871699,-0.10570142594302734,0.31008629748240957,0.35868209385105,"{'n_estimators': 288, 'max_depth': 10, 'learning_rate': 0.20959556725323528, 'subsample': 0.8007824721424212, 'colsample_bytree': 0.6248214860198333, 'min_child_weight': 8, 'gamma': 0.09106307182941456, 'reg_alpha': 1.1830236571454263e-07, 'reg_lambda': 9.996024199521152e-08, 'use_gpu': False}",-0.31727603739789684,0.565243024315734,0.8159359888467342,0.17606641711521925,0.06148762660111084,0.9784495791336173,0.9565812441342325,0.2479669869178372,0.9722145855972334,0.3194996765375975,0.8971655060506576,0.8533054081397694
regressor,2d,xgboost,220,butina,3,42,0.38064851519824594,0.48189867056811325,0.7951791727635757,0.7113476357488934,0.9968182459809062,0.30320276891621245,0.5611027105567541,0.4318595735359169,"{'n_estimators': 431, 'max_depth': 8, 'learning_rate': 0.15052384008943334, 'subsample': 0.7355334147655621, 'colsample_bytree': 0.7846636038262972, 'min_child_weight': 3, 'gamma': 0.37436526964305306, 'reg_alpha': 2.1796395200648922e-08, 'reg_lambda': 0.0007453987320555924, 'use_gpu': False}",-0.15168753975570448,0.48189867056811325,0.9936466155204504,0.24865584471266977,0.10903939091240974,0.9581524211442441,0.9146829233861559,0.33021113081240877,0.9467725583380149,0.23222632869531495,0.8921373164005935,0.8607679832235045
regressor,2d,xgboost,220,butina,2,42,0.4317172378549778,0.5692214308310315,0.6773617031872882,1.089303840379405,1.5012724856558188,-0.3143749723936149,0.06307577768740727,0.10168413073711699,"{'n_estimators': 414, 'max_depth': 12, 'learning_rate': 0.15763840731820192, 'subsample': 0.6075503942122507, 'colsample_bytree': 0.9673209998176793, 'min_child_weight': 1, 'gamma': 0.2812670669943022, 'reg_alpha': 0.0006401022246556722, 'reg_lambda': 1.7814633275215285e-08, 'use_gpu': False}",-0.31718846352974706,0.5692214308310315,2.253819076187201,0.1934232210212206,0.0635206166066903,0.9745245098937498,0.9471742373670625,0.25203296730128444,0.9663176924064582,0.3240130373173268,0.8332880230843677,0.8162698901437294
regressor,2d,xgboost,220,butina,4,42,0.47396414904511275,0.6685792849940039,0.7127241818281013,0.7055974901098858,0.9108076343300592,0.240624619006797,0.5127981153159112,0.42396024647283825,"{'n_estimators': 298, 'max_depth': 8, 'learning_rate': 0.08859849410808694, 'subsample': 0.6136638900226843, 'colsample_bytree': 0.929968677524711, 'min_child_weight': 10, 'gamma': 0.021985468779218864, 'reg_alpha': 6.235107760891224e-06, 'reg_lambda': 1.515735207075587e-08, 'use_gpu': False}",-0.28396967815810753,0.6685792849940039,0.8295705467539188,0.29164531787257447,0.14792454967046278,0.944443944552064,0.8881202383057187,0.38460960683589634,0.9274388205059565,0.4469982603230935,0.8448758643938882,0.7975323968434018
regressor,2d,xgboost,220,butina,1,42,0.3988286401982904,0.5208820596109871,0.7070942409888683,0.7822127402851015,0.9777869303056435,0.22991810302879578,0.49690274381060906,0.4836686078126564,"{'n_estimators': 398, 'max_depth': 8, 'learning_rate': 0.020893120213385526, 'subsample': 0.5369236776857795, 'colsample_bytree': 0.9769626026515598, 'min_child_weight': 1, 'gamma': 0.030340890170627313, 'reg_alpha': 3.3774641000673427, 'reg_lambda': 0.387884599439436, 'use_gpu': False}",-0.07649562595827836,0.5208820596109871,0.9560672810765332,0.3211274516782309,0.19747930241457332,0.927128417104721,0.8501042544767555,0.44438643365270875,0.9002281568403658,0.2713181200245839,0.8578935111001965,0.7718384329678263
regressor,2d,xgboost,220,diverse_25,5,42,0.5800279846735921,0.7656853953657192,0.28152761211111166,0.8620842882524228,1.1350058315747482,0.06903316440673624,0.33284324186956193,0.333140965299704,"{'n_estimators': 264, 'max_depth': 5, 'learning_rate': 0.03267668953141278, 'subsample': 0.5610770004966914, 'colsample_bytree': 0.7462739847344567, 'min_child_weight': 10, 'gamma': 0.28828633694532524, 'reg_alpha': 0.06060254405800749, 'reg_lambda': 8.678111482557069e-05, 'use_gpu': False}",-0.08402184694354098,0.7656853953657192,1.2882382377086858,0.5157525729145135,0.4646651932475154,0.8247338087954077,0.6068907441836466,0.6816635484221782,0.8154516675226231,0.5862741246763578,0.5321161618301438,0.5020851823450976
regressor,2d,xgboost,220,diverse_25,3,42,0.7019211060069107,0.8835141652264995,0.18594937861538086,0.6454631635053851,0.8388741288687008,0.24740527434094994,0.5140866694733811,0.5214315379594239,"{'n_estimators': 400, 'max_depth': 6, 'learning_rate': 0.14163220705124605, 'subsample': 0.7468170884150414, 'colsample_bytree': 0.5013389497258122, 'min_child_weight': 7, 'gamma': 0.5993515316350659, 'reg_alpha': 0.012031786685539753, 'reg_lambda': 4.2359744765712174e-05, 'use_gpu': False}",-0.1814758667222207,0.8835141652264995,0.7037098040852217,0.5306386663711595,0.4928577725667828,0.8419876354207978,0.6205180316277648,0.7020382985042788,0.8242557001035155,0.7805972801558783,0.43809561213977816,0.48218733617127996
regressor,2d,xgboost,220,diverse_25,2,42,0.7168443364152031,0.8970988379753158,0.3860439014725817,0.8489395543601581,1.102447831495828,-0.15016141544200323,0.13679294855972532,0.253939094878421,"{'n_estimators': 431, 'max_depth': 5, 'learning_rate': 0.064068703168657, 'subsample': 0.6751653609206242, 'colsample_bytree': 0.9365668385760371, 'min_child_weight': 3, 'gamma': 0.16047885880916313, 'reg_alpha': 2.319834736087314e-06, 'reg_lambda': 0.00026404072410537587, 'use_gpu': False}",-0.5826226746944871,0.8970988379753158,1.2153912211698532,0.2561837362243698,0.09889525727183036,0.9693742108412874,0.9133964305306982,0.3144761632808286,0.9526876391311989,0.8047863250966619,0.6713784911773408,0.6059645944173612
regressor,2d,xgboost,220,diverse_25,4,42,0.7607116619927164,0.9704547762210619,0.13104669770224553,0.8745271494289187,1.240739846309316,-0.12215329796654317,0.24152342523466186,0.34227446867922257,"{'n_estimators': 381, 'max_depth': 11, 'learning_rate': 0.2994733423721842, 'subsample': 0.5972551565500613, 'colsample_bytree': 0.7405385276895653, 'min_child_weight': 10, 'gamma': 0.1692546089941691, 'reg_alpha': 1.1111843379322857e-08, 'reg_lambda': 2.9286528354934778e-08, 'use_gpu': False}",-0.7443529741726342,0.9704547762210619,1.539435366219665,0.17734063956384535,0.05112202488954634,0.9790883832179238,0.9542072057419451,0.2261018020484276,0.9656404407127442,0.9417824726902713,0.45485427389314903,0.4539155994948148
regressor,2d,xgboost,220,diverse_25,1,42,0.780661700460823,1.009196117434839,0.25055818633923854,0.7870527785702824,1.0092395807943986,0.017138139459422108,0.3024408182228656,0.28292520867643717,"{'n_estimators': 314, 'max_depth': 10, 'learning_rate': 0.2721212185086443, 'subsample': 0.7134063743321817, 'colsample_bytree': 0.7755107642606706, 'min_child_weight': 10, 'gamma': 0.13825943089965181, 'reg_alpha': 0.008981982247098057, 'reg_lambda': 0.23441627827387918, 'use_gpu': False}",-0.3657995919292357,1.009196117434839,1.0185645314420535,0.467384991416996,0.4139590890326823,0.8323269720934448,0.644098110684451,0.6433965255056032,0.8479778042185309,1.0184768034455534,0.5258192235482402,0.49029376619106957
regressor,2d,xgboost,260,scaffold,5,42,0.4206166039352538,0.591495154822276,0.7572581077577286,0.6385962747720771,0.8281785409130484,0.4688755075914187,0.6967896254725594,0.6959793331489149,"{'n_estimators': 486, 'max_depth': 11, 'learning_rate': 0.06077449554389698, 'subsample': 0.5017403946880682, 'colsample_bytree': 0.5188475222390686, 'min_child_weight': 4, 'gamma': 0.05817524789485132, 'reg_alpha': 1.4292090791791538e-06, 'reg_lambda': 2.9071175810701778e-06, 'use_gpu': False}",-0.3600784816460699,0.591495154822276,0.6858796956288657,0.178455948113229,0.05355367662394296,0.9783142258737983,0.9552622051973646,0.23141667317620604,0.9790703751521189,0.3498665181782282,0.8723629903912942,0.8734247468376669
regressor,2d,xgboost,260,scaffold,3,42,0.37699575351089587,0.5164009565957849,0.7631722185944658,0.6043417043283613,0.7471464780310378,0.6586654541864285,0.8193698329843448,0.8234203406593411,"{'n_estimators': 306, 'max_depth': 11, 'learning_rate': 0.09091934849316191, 'subsample': 0.5884344798638207, 'colsample_bytree': 0.607496450896555, 'min_child_weight': 2, 'gamma': 0.23566539950462992, 'reg_alpha': 9.886919851517979e-05, 'reg_lambda': 1.0076238140014225e-08, 'use_gpu': False}",-0.2607168712854437,0.5164009565957849,0.5582278596341841,0.2059406099482246,0.06537435148098585,0.9733699670589729,0.9425655767502472,0.2556840853103412,0.9731340983358965,0.26666994797304167,0.8773938334331794,0.8805569517358047
regressor,2d,xgboost,260,scaffold,2,42,0.43081381280890946,0.5601096187857709,0.7351669267556447,0.4239773513581626,0.5400749718453173,0.7334682538930932,0.8585902108186221,0.8665040236182125,"{'n_estimators': 357, 'max_depth': 7, 'learning_rate': 0.17291950596676098, 'subsample': 0.8367199242465657, 'colsample_bytree': 0.696503558512608, 'min_child_weight': 4, 'gamma': 0.11826459931484866, 'reg_alpha': 0.007078538329909368, 'reg_lambda': 3.3845283458500663, 'use_gpu': False}",-0.3256916512114777,0.5601096187857709,0.2916809752137203,0.17988886692540362,0.0549517835216624,0.9790441344583549,0.9568709356375927,0.23441796757429323,0.9797826596818018,0.31372278505634166,0.8577076392073173,0.8365991280853985
regressor,2d,xgboost,260,scaffold,4,42,0.4274453741907717,0.5331749570291008,0.7927212472581633,0.5682836349764563,0.7572207402956436,0.4986128363137632,0.7083700076622097,0.6918245352707729,"{'n_estimators': 486, 'max_depth': 5, 'learning_rate': 0.2740298068294367, 'subsample': 0.8731351636282542, 'colsample_bytree': 0.6229819255249123, 'min_child_weight': 9, 'gamma': 0.007475242513996427, 'reg_alpha': 0.0030225109596696506, 'reg_lambda': 1.0728094794327396e-08, 'use_gpu': False}",-0.16562529286943067,0.5331749570291008,0.5733832495338824,0.28296229552159063,0.13509275562388628,0.9453143616304732,0.8916468234815625,0.3675496641596701,0.9461178059193348,0.2842755348029835,0.8909115067988055,0.8852548820958768
regressor,2d,xgboost,260,scaffold,1,42,0.39620667337547505,0.5353443309120037,0.757023350417531,0.4918699095910099,0.6307616903418319,0.5956491110812359,0.7726000724330435,0.7637444136831586,"{'n_estimators': 321, 'max_depth': 8, 'learning_rate': 0.05859597122908053, 'subsample': 0.9387275331304732, 'colsample_bytree': 0.9530165903606855, 'min_child_weight': 4, 'gamma': 0.48028955114542565, 'reg_alpha': 8.705999588329348e-06, 'reg_lambda': 0.005639985640174153, 'use_gpu': False}",-0.1815593921899487,0.5353443309120037,0.39786031000288513,0.27735114272098926,0.12516378286656824,0.9560199784602709,0.9040740813059922,0.353784938722055,0.9570489215509227,0.28659355263962094,0.8705772696257744,0.8535913249027369
regressor,2d,xgboost,260,random,5,42,0.4679769015730401,0.6374505293939033,0.6906558496638794,0.48158762214791645,0.6286843837238586,0.6572953652526479,0.8157679929460573,0.8126200516464105,"{'n_estimators': 251, 'max_depth': 9, 'learning_rate': 0.13877079485714963, 'subsample': 0.8528532499907117, 'colsample_bytree': 0.5012139449247129, 'min_child_weight': 4, 'gamma': 0.0018585601990247459, 'reg_alpha': 5.384720046236012e-07, 'reg_lambda': 2.6396427331386804e-07, 'use_gpu': False}",-0.49089528965595164,0.6374505293939033,0.39524405433824794,0.11187876203595692,0.02147843829464849,0.9917563994733825,0.9828299820847658,0.14655523973795168,0.992028979150856,0.40634317742456766,0.8316278976990679,0.814688846032232
regressor,2d,xgboost,260,random,3,42,0.4599057457699604,0.5952002976040934,0.6830100251615481,0.46228568892263155,0.6233329279800646,0.6781940779671315,0.8242020579867994,0.8267898025845017,"{'n_estimators': 201, 'max_depth': 12, 'learning_rate': 0.10463061110109488, 'subsample': 0.9529375589120755, 'colsample_bytree': 0.9814928102750178, 'min_child_weight': 10, 'gamma': 0.2605927097568167, 'reg_alpha': 0.0015542768933918976, 'reg_lambda': 0.0024235407005508015, 'use_gpu': False}",-0.21817803772046296,0.5952002976040934,0.3885439391042003,0.2932748108723051,0.1421457844477598,0.9455686965844804,0.8868494000655076,0.3770222598836305,0.9467135716513422,0.3542633942680014,0.8306243840503044,0.7852328218158736
regressor,2d,xgboost,260,random,2,42,0.4476960385811199,0.5965069230503632,0.7223617574020066,0.4286107283363606,0.569792870747466,0.7343827187082421,0.8574798771121002,0.8490376404791253,"{'n_estimators': 342, 'max_depth': 12, 'learning_rate': 0.05042817844236548, 'subsample': 0.7247754213885669, 'colsample_bytree': 0.5995327812688543, 'min_child_weight': 10, 'gamma': 0.11205615406412782, 'reg_alpha': 9.947112606970071e-08, 'reg_lambda': 4.952041469007328e-05, 'use_gpu': False}",-0.3364017581317788,0.5965069230503632,0.3246639155546384,0.19792940873953896,0.067654696817324,0.9733195458388308,0.9451484363054815,0.26010516491858443,0.9734394640639311,0.35582050924701203,0.8500742689645149,0.8317161353865239
regressor,2d,xgboost,260,random,4,42,0.4312710302308165,0.5933753572248749,0.7492094395501825,0.4371005792339192,0.5942681030388796,0.7147974778037776,0.8477980230799644,0.8550393402199117,"{'n_estimators': 386, 'max_depth': 8, 'learning_rate': 0.08979612088086043, 'subsample': 0.7869246245314869, 'colsample_bytree': 0.5556435688628829, 'min_child_weight': 2, 'gamma': 0.07260959683159271, 'reg_alpha': 0.04549319974041518, 'reg_lambda': 0.02181098047769157, 'use_gpu': False}",-0.42028659273419566,0.5933753572248749,0.3531545782894283,0.1408514446496294,0.02995972039290982,0.9885273737072939,0.9753656680408059,0.17308876449067923,0.988321423138135,0.3520943145617479,0.8663107320286123,0.8582786321409993
regressor,2d,xgboost,260,random,1,42,0.3963634282877211,0.5181094775709998,0.7650580027812499,0.48106759410706473,0.6140247961986933,0.7224171697226114,0.852160403062858,0.8364148383345842,"{'n_estimators': 413, 'max_depth': 12, 'learning_rate': 0.06633300946938499, 'subsample': 0.5588989718490622, 'colsample_bytree': 0.5074656706640219, 'min_child_weight': 10, 'gamma': 0.001083097957425519, 'reg_alpha': 1.3829739003320316e-08, 'reg_lambda': 2.9179787305628847e-06, 'use_gpu': False}",-0.29551795655102764,0.5181094775709998,0.3770264503468469,0.1698572378062885,0.04954698522998472,0.9800695841934787,0.9589895891679404,0.22259152101997218,0.9806737919548842,0.2684374307488943,0.8760160051373689,0.8982408175452953
regressor,2d,xgboost,260,umap,5,42,0.4236121022296241,0.5733755225583069,0.7070967564220058,0.7825105283619883,0.9615024597649792,0.33864241451432875,0.720587051866994,0.5782698384755958,"{'n_estimators': 343, 'max_depth': 12, 'learning_rate': 0.1271122370205401, 'subsample': 0.9655237105534202, 'colsample_bytree': 0.6979539439720752, 'min_child_weight': 4, 'gamma': 0.01546157582930209, 'reg_alpha': 0.0001954156970913411, 'reg_lambda': 0.35256946562306846, 'use_gpu': False}",-0.3476340259545191,0.5733755225583069,0.9244869801341054,0.1701673185419058,0.050959223288917964,0.9799713828284964,0.9569575326905264,0.22574149660378787,0.980186541632735,0.3287594898690115,0.8427354806220402,0.8229373713666845
regressor,2d,xgboost,260,umap,3,42,0.4233901402467443,0.5577342312935533,0.6951448639144014,0.9069166564204569,1.0878991454706426,0.06131926816464084,0.40286039532653733,0.37026003948260805,"{'n_estimators': 334, 'max_depth': 10, 'learning_rate': 0.05844975824749915, 'subsample': 0.6755958055509957, 'colsample_bytree': 0.5218462027059373, 'min_child_weight': 1, 'gamma': 0.42613248219502897, 'reg_alpha': 0.0004465366616046447, 'reg_lambda': 0.42182336394700876, 'use_gpu': False}",-0.25438060226299397,0.5577342312935533,1.1835245507157546,0.24897864580883983,0.09202342424601019,0.9659422550291034,0.9253423376627703,0.3033536290305593,0.9658703410299068,0.3110674727566108,0.8408428813395659,0.835381633141326
regressor,2d,xgboost,260,umap,2,42,0.3979576104958783,0.5280568423740774,0.7527231305969091,1.2135795216292524,1.4303702426057323,-1.1588200844071932,-0.13754033330590523,-0.04959558923537565,"{'n_estimators': 401, 'max_depth': 6, 'learning_rate': 0.22280041890390334, 'subsample': 0.892032049065452, 'colsample_bytree': 0.5742156913540133, 'min_child_weight': 3, 'gamma': 0.7754136211193006, 'reg_alpha': 1.012924151925198e-08, 'reg_lambda': 2.2216654666818595e-06, 'use_gpu': False}",-0.10729879924877883,0.5280568423740774,2.0459590309319817,0.33286231685891565,0.17703733085463055,0.9324304867463221,0.859728100241886,0.4207580431252985,0.9280845525897063,0.2788440287780812,0.8722194102640181,0.8792817451506943
regressor,2d,xgboost,260,umap,4,42,0.43284229679754566,0.5563337062422861,0.7505170990956319,0.8090821134512978,1.0383452739665473,0.2850258415983743,0.5599393418669939,0.47739365044873017,"{'n_estimators': 236, 'max_depth': 11, 'learning_rate': 0.2968272201906763, 'subsample': 0.7516635581470986, 'colsample_bytree': 0.876278618325045, 'min_child_weight': 2, 'gamma': 0.44358952359937215, 'reg_alpha': 0.0001205718101726089, 'reg_lambda': 8.486479653228923e-05, 'use_gpu': False}",-0.2832733545784242,0.5563337062422861,1.078160907968664,0.21818983890042287,0.07456195565079192,0.9697411603144824,0.9362383476430982,0.2730603516638619,0.9702409975160712,0.3095071927012782,0.8785454291266694,0.8809701775320672
regressor,2d,xgboost,260,umap,1,42,0.5002616656890665,0.6732862074800089,0.6443013611903365,0.751696377892435,0.9347652839140599,-0.06334939575168308,0.16076532242388117,0.22214885011312946,"{'n_estimators': 393, 'max_depth': 11, 'learning_rate': 0.059972401657008734, 'subsample': 0.8872878800106371, 'colsample_bytree': 0.5154349267507932, 'min_child_weight': 3, 'gamma': 0.04174316626085964, 'reg_alpha': 2.9961799734427457e-06, 'reg_lambda': 0.00011457463910841772, 'use_gpu': False}",-0.4403329822929038,0.6732862074800089,0.8737861360109329,0.18000869141797451,0.054267205125074096,0.9814139659527716,0.9596615602225964,0.2329532251871051,0.9814053614925233,0.4533143171828136,0.8051089034029946,0.812812881134092
regressor,2d,xgboost,260,time,5,42,0.41758490787457236,0.5724125220073084,0.7307486690348921,0.7194403915912958,0.9664155334454173,0.16622896527033382,0.4520268115815791,0.48288889317894607,"{'n_estimators': 449, 'max_depth': 6, 'learning_rate': 0.10147553976985292, 'subsample': 0.6488792785888685, 'colsample_bytree': 0.9438969312198437, 'min_child_weight': 1, 'gamma': 0.1016818975509697, 'reg_alpha': 0.10556447312458508, 'reg_lambda': 0.09522321357010843, 'use_gpu': False}",-0.3893150600762191,0.5724125220073084,0.9339589832845906,0.15286326038854686,0.033524680565606715,0.9874469290581653,0.9735459844737405,0.18309746193108936,0.9873579334418283,0.32765609535076734,0.8585279537702389,0.8656567116139134
regressor,2d,xgboost,260,time,3,42,0.38226340451946034,0.5234452045084623,0.7730796853914568,0.8706369040084392,1.1461308385471998,-0.14784957259441178,0.15727633486960588,0.14877606556635636,"{'n_estimators': 92, 'max_depth': 12, 'learning_rate': 0.07177883264250266, 'subsample': 0.7392869371838967, 'colsample_bytree': 0.9523031345031805, 'min_child_weight': 4, 'gamma': 0.38589621376987354, 'reg_alpha': 0.00014442267672221468, 'reg_lambda': 5.2909962094258554e-05, 'use_gpu': False}",-0.21453688688349165,0.5234452045084623,1.313615899068907,0.24410822736716226,0.09542434869788978,0.9623764917732386,0.9206254592148507,0.3089083176249707,0.9625100117182207,0.27399488212290596,0.8940920200224155,0.886348525342087
regressor,2d,xgboost,260,time,2,42,0.32280290224328223,0.4418148660375467,0.8410517978293559,0.8501078589215053,1.0813898010363427,0.0005646202208497986,0.36100302594187744,0.34686033435117114,"{'n_estimators': 329, 'max_depth': 8, 'learning_rate': 0.15380162980749082, 'subsample': 0.5512528637322845, 'colsample_bytree': 0.5003058586606843, 'min_child_weight': 6, 'gamma': 0.02946106831174941, 'reg_alpha': 2.8998313645203955, 'reg_lambda': 1.0985238246902347, 'use_gpu': False}",-0.13118086032045506,0.4418148660375467,1.1694039017854208,0.24863993329686152,0.09649348550784612,0.96394830851148,0.9278446016409787,0.31063400571709165,0.9623279785371472,0.19520037585177535,0.9188281458566755,0.907214038863687
regressor,2d,xgboost,260,time,4,42,0.38476521152527987,0.5214924973646768,0.8107122777803613,0.784542825035927,1.0136391537788536,0.08697676227017448,0.37473487925521476,0.4023836612005732,"{'n_estimators': 247, 'max_depth': 9, 'learning_rate': 0.11971356353559386, 'subsample': 0.6283450193797357, 'colsample_bytree': 0.9789096057654083, 'min_child_weight': 10, 'gamma': 0.07643838009684573, 'reg_alpha': 0.3722784387730037, 'reg_lambda': 8.835525495769852e-07, 'use_gpu': False}",-0.27536046466802083,0.5214924973646768,1.0274643340735103,0.1888111351075183,0.06058097751938775,0.9756051502197937,0.950440438241591,0.246132032696656,0.9759334701450284,0.27195442480764753,0.9006627693649871,0.9023256314081833
regressor,2d,xgboost,260,time,1,42,0.3547313361597372,0.42106636172537426,0.8134910519071227,0.8966098448866949,1.1095551200572467,-0.07818076627491033,0.2128204077777512,0.21447046919404325,"{'n_estimators': 313, 'max_depth': 6, 'learning_rate': 0.10288672604948047, 'subsample': 0.8234232625921142, 'colsample_bytree': 0.6334422741867105, 'min_child_weight': 2, 'gamma': 0.33057594318043343, 'reg_alpha': 1.259288526887225e-06, 'reg_lambda': 0.002927892704911329, 'use_gpu': False}",-0.1469768617290239,0.42106636172537426,1.2311125644452512,0.2211603939379136,0.07512505400824933,0.976079136926319,0.9493005289904518,0.27408949999635035,0.9746651516905467,0.1772968809766437,0.902834330308899,0.8924122344168933
regressor,2d,xgboost,260,butina,5,42,0.4028960228499908,0.5295531062385458,0.7491491336923476,0.765480496886974,0.984244031521388,0.4678661984188668,0.7053987840470162,0.7176872715747631,"{'n_estimators': 471, 'max_depth': 10, 'learning_rate': 0.08905493514080165, 'subsample': 0.7407299075444795, 'colsample_bytree': 0.543388929951693, 'min_child_weight': 5, 'gamma': 0.07778752406085004, 'reg_alpha': 2.9782168046251753e-05, 'reg_lambda': 0.12035055888251506, 'use_gpu': False}",-0.3315893894488372,0.5295531062385458,0.9687363135854749,0.1526612758155714,0.03918963316519594,0.981826101877399,0.9621556653715773,0.19796371678970856,0.9820070367316653,0.28042649232689254,0.8684748032997054,0.8697818545965237
regressor,2d,xgboost,260,butina,3,42,0.45839502338238464,0.5732681650926589,0.7783183067998881,0.7014114560330429,0.8774160123671021,0.2249668816083642,0.47939202774804224,0.44937652823511237,"{'n_estimators': 285, 'max_depth': 12, 'learning_rate': 0.07128569866719077, 'subsample': 0.6081760477902739, 'colsample_bytree': 0.5597060723298267, 'min_child_weight': 5, 'gamma': 0.030290009739489556, 'reg_alpha': 0.32360291399008173, 'reg_lambda': 0.47905401882466614, 'use_gpu': False}",-0.3396833137917595,0.5732681650926589,0.7698588587581866,0.17823898198099597,0.054561882757263286,0.9791253906906355,0.9570163078791869,0.2335848513008994,0.98012034779914,0.32863638910870396,0.888923079699262,0.8872544702788102
regressor,2d,xgboost,260,butina,2,42,0.3758559486981969,0.4837378770569367,0.7909910322172486,0.7571633327606372,0.9280725434996385,0.22383149227902832,0.5495545303269787,0.5232775709249913,"{'n_estimators': 477, 'max_depth': 10, 'learning_rate': 0.16402159378819187, 'subsample': 0.6144822749799523, 'colsample_bytree': 0.702859211748157, 'min_child_weight': 4, 'gamma': 0.368567781490251, 'reg_alpha': 5.867934251985112e-06, 'reg_lambda': 1.600979175252491, 'use_gpu': False}",-0.17455914504925302,0.4837378770569367,0.8613186459978884,0.24093484685847052,0.09559148832587909,0.9627486135016735,0.9248804354614532,0.3091787320076837,0.9629634135077784,0.23400233369955203,0.8899777025841937,0.8837517269264896
regressor,2d,xgboost,260,butina,4,42,0.4017901743083654,0.5283897845587167,0.8159263076029943,0.8501223374151352,1.0182297903202413,-0.10335615776943707,0.2908783942534248,0.26879714698547735,"{'n_estimators': 140, 'max_depth': 9, 'learning_rate': 0.07927122079630948, 'subsample': 0.5543989859085232, 'colsample_bytree': 0.9571289254523385, 'min_child_weight': 2, 'gamma': 0.1586441431364792, 'reg_alpha': 9.007646386608835e-08, 'reg_lambda': 2.287989045684254e-06, 'use_gpu': False}",-0.2751571743999281,0.5283897845587167,1.0367919058956028,0.20263777799575272,0.06412675484783299,0.9769265438798405,0.9501900383397482,0.25323261015878856,0.9767646141950003,0.27919576442600696,0.9045814444837181,0.9053060799313362
regressor,2d,xgboost,260,butina,1,42,0.4586034623278039,0.6072573353630388,0.6901372858050627,0.48793465425021904,0.6612410043498435,0.5120716126123095,0.7484691976132222,0.6796032852716749,"{'n_estimators': 408, 'max_depth': 4, 'learning_rate': 0.21633990559890348, 'subsample': 0.7837394202214013, 'colsample_bytree': 0.6263235064140484, 'min_child_weight': 7, 'gamma': 0.09238583292844024, 'reg_alpha': 1.6120940777779844e-08, 'reg_lambda': 0.00034777675984644314, 'use_gpu': False}",-0.34742129881750144,0.6072573353630388,0.4372396658335897,0.19786841231394972,0.06751476588769384,0.9731883050769604,0.9460507662639699,0.2598360365455374,0.9738122855225781,0.3687614713522182,0.8354949222243294,0.8325013101115843
regressor,2d,xgboost,260,diverse_25,5,42,0.6163720778469923,0.8207054305414173,0.39381159038029656,0.7502551165160211,0.9444780908775366,0.32870748746065326,0.5766625191242336,0.5513828475476941,"{'n_estimators': 396, 'max_depth': 5, 'learning_rate': 0.05207967865281015, 'subsample': 0.985971532169098, 'colsample_bytree': 0.6108506309813053, 'min_child_weight': 3, 'gamma': 0.03098097621675463, 'reg_alpha': 1.6587158712209975e-07, 'reg_lambda': 1.4759107686711325e-05, 'use_gpu': False}",-0.6930799525677886,0.8207054305414173,0.8920388641476763,0.10211135144200022,0.01628826262799719,0.9950382482003145,0.9869779627065696,0.12762547797362872,0.9942957479995889,0.6735574037201731,0.6455204626076457,0.6400594669963356
regressor,2d,xgboost,260,diverse_25,3,42,0.700689874295598,0.9064299622089531,0.47421957661467096,0.7337890780295797,0.88926133774918,0.33667529764733173,0.5928272176880718,0.5127064118267007,"{'n_estimators': 466, 'max_depth': 9, 'learning_rate': 0.08047421251176977, 'subsample': 0.774665178927427, 'colsample_bytree': 0.6158985319205508, 'min_child_weight': 10, 'gamma': 0.3116175582225269, 'reg_alpha': 0.00012918815074842977, 'reg_lambda': 1.6753536807109107e-06, 'use_gpu': False}",-0.5616019673170685,0.9064299622089531,0.7907857268154612,0.2636409355819932,0.11890634606115764,0.9551218516131939,0.9001088956920402,0.3448279948918847,0.9564935225771654,0.8216152763901241,0.7010354031486845,0.6995902061694504
regressor,2d,xgboost,260,diverse_25,2,42,0.6879607550535043,0.8342638004146904,0.5168947567684545,0.692977189626132,0.8830180037605583,0.4035911845408522,0.6420804106725124,0.6027943740675991,"{'n_estimators': 242, 'max_depth': 4, 'learning_rate': 0.12874070081343048, 'subsample': 0.5419187562157042, 'colsample_bytree': 0.7219480177247927, 'min_child_weight': 6, 'gamma': 0.3989484339466021, 'reg_alpha': 4.681851514991136e-07, 'reg_lambda': 1.3536780439292323e-07, 'use_gpu': False}",-0.39480050862051486,0.8342638004146904,0.7797207949652812,0.3483385957652557,0.19312798483457266,0.9252026346107188,0.8370376275519047,0.43946329179417554,0.9303402646151328,0.6959960886823623,0.7264396580793305,0.6902111768374971
regressor,2d,xgboost,260,diverse_25,4,42,0.6784344561290668,0.8226206024638829,0.468691916715836,0.7448695788771117,0.9264145691859947,0.2588043845341256,0.525410364185056,0.505302856685058,"{'n_estimators': 467, 'max_depth': 11, 'learning_rate': 0.04243119567588639, 'subsample': 0.5408287453430539, 'colsample_bytree': 0.8190172808871523, 'min_child_weight': 2, 'gamma': 0.28619466220703116, 'reg_alpha': 2.4690257569832178e-08, 'reg_lambda': 0.0016122151835624924, 'use_gpu': False}",-0.5781142447899621,0.8226206024638829,0.8582439540000723,0.19765623969548882,0.059783358942967324,0.9832968147594581,0.9530744027808709,0.24450635767392087,0.981194951907154,0.6767046555980416,0.6904170083164918,0.7024873757242063
regressor,2d,xgboost,260,diverse_25,1,42,0.6943264618085786,0.8883815020224952,0.4268950838116682,0.7873526809815933,0.9500534892987877,0.27661753645746123,0.5461362914771455,0.5075965800003222,"{'n_estimators': 486, 'max_depth': 3, 'learning_rate': 0.2573973181042535, 'subsample': 0.7085235644748432, 'colsample_bytree': 0.6219333814497716, 'min_child_weight': 6, 'gamma': 0.09287415431186213, 'reg_alpha': 3.9392999232671796e-05, 'reg_lambda': 1.5779996794058972e-08, 'use_gpu': False}",-0.30137248485177204,0.8883815020224952,0.9026016325288018,0.4613267493082604,0.3445795862397384,0.8552916591842801,0.7105788255204444,0.5870090171707232,0.8553599595298047,0.7892216931357448,0.6875934824921377,0.6747493409224794
regressor,2d,xgboost,262,scaffold,5,42,0.45831887647676084,0.581757452197505,0.75765686952398,0.5769333695475088,0.7280134591766122,0.45431123610453894,0.6767212318659459,0.6714603674901873,"{'n_estimators': 396, 'max_depth': 7, 'learning_rate': 0.06301489394692683, 'subsample': 0.8336170964918524, 'colsample_bytree': 0.6036397099147145, 'min_child_weight': 1, 'gamma': 0.05765625937610663, 'reg_alpha': 0.0010988268375660786, 'reg_lambda': 0.001485658342297117, 'use_gpu': False}",-0.346515318113954,0.581757452197505,0.5300035967422968,0.19216570601317193,0.055338861648183385,0.9816118934027631,0.9538268591470058,0.235242134083551,0.9802190783245183,0.3384417331873322,0.8752948894226215,0.8658649512485154
regressor,2d,xgboost,262,scaffold,3,42,0.6483686269857645,0.8099731710406478,0.48168643371982156,0.6570507370916662,0.8208829049958482,0.4915168954038561,0.7078827163653584,0.6483221568045433,"{'n_estimators': 225, 'max_depth': 9, 'learning_rate': 0.298923460336366, 'subsample': 0.7037197247442762, 'colsample_bytree': 0.6476067685811119, 'min_child_weight': 1, 'gamma': 0.1678677430658989, 'reg_alpha': 4.553816639857701e-06, 'reg_lambda': 0.0032479187390558107, 'use_gpu': False}",-0.42412298101517404,0.8099731710406478,0.6738487437144226,0.31215467297742117,0.14888036914269423,0.943018830319742,0.8667075694430141,0.38585019002547377,0.9394638452396086,0.6560565378056424,0.7012856457200989,0.6953061359042683
regressor,2d,xgboost,262,scaffold,2,42,0.4423665310482196,0.5686129805935887,0.7345852019787134,0.6542908161686699,0.8877918995322477,0.32462017403719323,0.5867294657797121,0.5880220196554986,"{'n_estimators': 387, 'max_depth': 5, 'learning_rate': 0.1445220604914777, 'subsample': 0.6454732788809433, 'colsample_bytree': 0.6739382558689186, 'min_child_weight': 4, 'gamma': 0.3232331522026404, 'reg_alpha': 0.00026781589983141237, 'reg_lambda': 0.0018878706424863142, 'use_gpu': False}",-0.28634271492892754,0.5686129805935887,0.7881744568750765,0.21991330200509304,0.07967650287839838,0.9669111750917483,0.9322313075480095,0.2822702656646611,0.9673766617317846,0.32332072169952486,0.8585298979271827,0.8424192712117187
regressor,2d,xgboost,262,scaffold,4,42,0.46401670327251193,0.6376436853393873,0.5770865925729464,0.5873024419435862,0.7510273184570966,0.5349132293066363,0.7430470953673279,0.7367743650469031,"{'n_estimators': 462, 'max_depth': 12, 'learning_rate': 0.039912739014528326, 'subsample': 0.9392619549432052, 'colsample_bytree': 0.8316018650334809, 'min_child_weight': 6, 'gamma': 0.3810230711599314, 'reg_alpha': 4.903134784962138e-07, 'reg_lambda': 0.8727961320119707, 'use_gpu': False}",-0.1995220003871508,0.6376436853393873,0.5640420330688571,0.3421627537087309,0.1919506108253868,0.9331388776961314,0.8366678035971855,0.4381216849522365,0.935095926282884,0.4065894694531956,0.7632981066323502,0.7759623056960154
regressor,2d,xgboost,262,scaffold,1,42,0.4153690994904286,0.5328861621356937,0.7705346098833947,0.7105778081169302,0.9146079833578127,0.2495665706192698,0.5704194163647527,0.5748147515680697,"{'n_estimators': 468, 'max_depth': 5, 'learning_rate': 0.25811980402098966, 'subsample': 0.7587901545688126, 'colsample_bytree': 0.9263427039026401, 'min_child_weight': 7, 'gamma': 0.04026898324855525, 'reg_alpha': 0.0018503292522429767, 'reg_lambda': 0.0019285522386546584, 'use_gpu': False}",-0.29416123891329893,0.5328861621356937,0.836507763221845,0.18521693924484667,0.05698958896753829,0.9764161710535382,0.9518913959612927,0.2387249232223948,0.9766949032604446,0.28396766179570887,0.8839848534299548,0.8530489059248734
regressor,2d,xgboost,262,random,5,42,0.47078555178379194,0.6336105533416521,0.72527649127509,0.5288655850518513,0.6861412883696411,0.5640761261107845,0.7557324826710684,0.7509675358528983,"{'n_estimators': 388, 'max_depth': 8, 'learning_rate': 0.11626490533673765, 'subsample': 0.5772342127932522, 'colsample_bytree': 0.8240830312044215, 'min_child_weight': 2, 'gamma': 0.32972678314460385, 'reg_alpha': 5.541711443997537e-07, 'reg_lambda': 0.0021331271512302257, 'use_gpu': False}",-0.37184237280888216,0.6336105533416521,0.47078986760555097,0.21369980825175194,0.06852258033943683,0.9729792621258213,0.9414367737688586,0.2617681805327699,0.9727486239616531,0.4014623333059146,0.8535647069916825,0.8665029632276001
regressor,2d,xgboost,262,random,3,42,0.4475163237508043,0.5653229987464561,0.6843186730788562,0.5265963169170587,0.7078606998765616,0.597168684185607,0.7800325664001594,0.7695110505280545,"{'n_estimators': 348, 'max_depth': 4, 'learning_rate': 0.2683604952373453, 'subsample': 0.500945635806769, 'colsample_bytree': 0.8976999031743735, 'min_child_weight': 1, 'gamma': 0.07969446594638584, 'reg_alpha': 0.20470447006255857, 'reg_lambda': 0.0007422966996503155, 'use_gpu': False}",-0.33979107554131566,0.5653229987464561,0.5010667704297357,0.18293902584815502,0.05086464838460936,0.97897008445007,0.9566254773557508,0.22553192320514043,0.9790663887321519,0.3195900929116856,0.8330231889288442,0.8343960245148699
regressor,2d,xgboost,262,random,2,42,0.46047401313498854,0.5701339500539349,0.6638212261014331,0.5542574793175817,0.7522370830556221,0.5440769935127645,0.739995739464801,0.7279524716397482,"{'n_estimators': 214, 'max_depth': 12, 'learning_rate': 0.07293026671145601, 'subsample': 0.6774294317167188, 'colsample_bytree': 0.9877837989345969, 'min_child_weight': 3, 'gamma': 0.13575837976014032, 'reg_alpha': 1.9235445535995238e-07, 'reg_lambda': 1.2977210673824658e-06, 'use_gpu': False}",-0.3545440692155506,0.5701339500539349,0.5658606291240309,0.1711673368456484,0.046478996719908724,0.9819184439313495,0.9606917596308129,0.21558988083838426,0.9815397420040237,0.32505272100410265,0.8198590422890382,0.8147475277368619
regressor,2d,xgboost,262,random,4,42,0.4339335297175969,0.5952225909840273,0.6893250598137718,0.49909973993652906,0.6476760856446098,0.631515827979472,0.7986539947111039,0.7873590118861034,"{'n_estimators': 478, 'max_depth': 11, 'learning_rate': 0.09704407526026272, 'subsample': 0.5889065121020036, 'colsample_bytree': 0.5189482952413043, 'min_child_weight': 3, 'gamma': 0.18800584847267135, 'reg_alpha': 0.008887654889758982, 'reg_lambda': 1.0076638543661705e-07, 'use_gpu': False}",-0.30637327857366753,0.5952225909840273,0.4194843119159239,0.22725463416115915,0.08343392527993762,0.9671684140977066,0.9300358486312538,0.28884931241035977,0.9675341383973852,0.35428993281773863,0.8308813877829346,0.7912205158780007
regressor,2d,xgboost,262,random,1,42,0.4587863724803755,0.5676094970385236,0.6774769076717286,0.5919459684932472,0.7573806345869306,0.5117341700555982,0.7161848574689205,0.6973971246674152,"{'n_estimators': 294, 'max_depth': 3, 'learning_rate': 0.2788207103241718, 'subsample': 0.8322688315298434, 'colsample_bytree': 0.5120392895721484, 'min_child_weight': 8, 'gamma': 0.04669769942841995, 'reg_alpha': 1.5958921335724807e-05, 'reg_lambda': 1.3033479266314024e-05, 'use_gpu': False}",-0.06972818034942546,0.5676094970385236,0.5736254256473018,0.3814783246752992,0.24788580550807005,0.8947798913326697,0.793062141549348,0.49788131668909813,0.8939513576167657,0.3221805411283257,0.8240811427812709,0.8079654940216612
regressor,2d,xgboost,262,umap,5,42,0.4531906349717533,0.5844925536299627,0.6967693501574357,1.02248388281124,1.2351284024168299,-0.7076442873801214,-0.024517635924378153,-0.045959187194600105,"{'n_estimators': 426, 'max_depth': 10, 'learning_rate': 0.07933569508562033, 'subsample': 0.9295760040429535, 'colsample_bytree': 0.6812459164755482, 'min_child_weight': 1, 'gamma': 0.37281941071242847, 'reg_alpha': 1.7720733911473018e-08, 'reg_lambda': 0.00018352722434279234, 'use_gpu': False}",-0.29311162186156475,0.5844925536299627,1.5255421704567504,0.23950940628051243,0.08490284739821977,0.9703407075124918,0.9243830363055163,0.2913809317683979,0.96880299697733,0.34163154524887474,0.8415533765005172,0.8267100679073364
regressor,2d,xgboost,262,umap,3,42,0.49412460686743204,0.6821447404414769,0.5736825830821559,0.7643214986065181,0.9608677993857843,-0.10810728164971928,0.3768464403184509,0.385228849098109,"{'n_estimators': 438, 'max_depth': 11, 'learning_rate': 0.1132348725394441, 'subsample': 0.5330906286069913, 'colsample_bytree': 0.5205482740415396, 'min_child_weight': 4, 'gamma': 0.012266411410078757, 'reg_alpha': 0.00022007858231544935, 'reg_lambda': 5.2504519144352155, 'use_gpu': False}",-0.5292166060935076,0.6821447404414769,0.9232669278964798,0.11019836716765043,0.023387014275150546,0.9910690224819432,0.9814095003877189,0.15292813434796929,0.9908234954274061,0.46532144691196986,0.7702383636452453,0.7600205722111889
regressor,2d,xgboost,262,umap,2,42,0.5529221882641876,0.6995848811945311,0.5378111697641632,1.072831135928073,1.2852705336354908,-0.1440681149068137,0.014950039779881267,0.011588504281004967,"{'n_estimators': 273, 'max_depth': 6, 'learning_rate': 0.10933461974858394, 'subsample': 0.6867208480566834, 'colsample_bytree': 0.6313610815525901, 'min_child_weight': 10, 'gamma': 0.13220671840037707, 'reg_alpha': 5.272601208628116e-06, 'reg_lambda': 0.011375627576479353, 'use_gpu': False}",-0.363245111815486,0.6995848811945311,1.6519203446316595,0.2595263923431799,0.11312444046594923,0.9420581854955692,0.882847580262647,0.3363397693790451,0.939279043016477,0.48941900599596627,0.7493667051601262,0.7349172996107662
regressor,2d,xgboost,262,umap,4,42,0.43472015148139187,0.6084810908793691,0.7215279699790242,0.7480893992221591,0.9329065267900425,-0.05173305589579802,0.31093049265436584,0.2910799476351236,"{'n_estimators': 330, 'max_depth': 9, 'learning_rate': 0.11412812846204619, 'subsample': 0.6889431867712497, 'colsample_bytree': 0.6862323235384251, 'min_child_weight': 10, 'gamma': 0.1645024444326485, 'reg_alpha': 0.00020070489831397774, 'reg_lambda': 0.9061730526483258, 'use_gpu': False}",-0.33624734367002695,0.6084810908793691,0.8703145877274603,0.2092511034469914,0.07411121311963999,0.9708123419030747,0.9397190591085542,0.2722337472093421,0.9705873259356051,0.37024923795774695,0.8495998202871928,0.8597868734877732
regressor,2d,xgboost,262,umap,1,42,0.4252764062512316,0.5732547492665595,0.727616885170983,0.8119511020049891,1.0864356402695359,-0.33665292538569,-0.16452148694019283,-0.15290255270625555,"{'n_estimators': 239, 'max_depth': 7, 'learning_rate': 0.09368327209544226, 'subsample': 0.7970664234781989, 'colsample_bytree': 0.7349571435761513, 'min_child_weight': 3, 'gamma': 0.3188126770522625, 'reg_alpha': 6.308197654187128e-07, 'reg_lambda': 6.242003241907393e-06, 'use_gpu': False}",-0.2645742493900133,0.5732547492665595,1.1803424004478764,0.24081232661458912,0.09528365100403446,0.9638489414501065,0.9224585403669701,0.3086804998765462,0.9642397776971381,0.328621007556666,0.8534842593896589,0.8653624148647641
regressor,2d,xgboost,262,time,5,42,0.4458592751087565,0.5934714328330712,0.6632137870605455,0.8909024700248215,1.0979818478285153,-0.7708787153337864,0.12119607292561518,0.08992828916016941,"{'n_estimators': 456, 'max_depth': 11, 'learning_rate': 0.2406326088364471, 'subsample': 0.5750103604693105, 'colsample_bytree': 0.7725651193255906, 'min_child_weight': 1, 'gamma': 0.937070876368212, 'reg_alpha': 0.024774133800029303, 'reg_lambda': 2.710849379105899e-07, 'use_gpu': False}",-0.22764898590882698,0.5934714328330712,1.2055641381609208,0.29499576972610675,0.13382606267364153,0.9488596128217143,0.8942029645414258,0.36582244692424426,0.9479271980387727,0.35220834158893866,0.8261280562928448,0.8244691768692745
regressor,2d,xgboost,262,time,3,42,0.540036890546198,0.6425976906783955,0.5896399017816292,0.8287734614705522,1.027851568415581,0.15767191187865504,0.4248284518939303,0.3345269912617261,"{'n_estimators': 412, 'max_depth': 11, 'learning_rate': 0.09539585843707474, 'subsample': 0.7740667954094042, 'colsample_bytree': 0.7916827579016587, 'min_child_weight': 1, 'gamma': 0.14109559674317515, 'reg_alpha': 1.1482222607049228, 'reg_lambda': 0.3306156604262029, 'use_gpu': False}",-0.33166219787091616,0.6425976906783955,1.0564788466943695,0.23967809038810023,0.09668088068743,0.9610996174989299,0.9134109232756744,0.3109354928074793,0.9622753182426855,0.41293179206520686,0.7690160456000323,0.7894296253066903
regressor,2d,xgboost,262,time,2,42,0.4859824453804074,0.5855397982724196,0.5604688663561854,0.9815705667112006,1.222876261384724,-0.18405455437671114,0.12943193057682384,0.09730103263918435,"{'n_estimators': 191, 'max_depth': 8, 'learning_rate': 0.24106688719259065, 'subsample': 0.5641940590888421, 'colsample_bytree': 0.6793680169761159, 'min_child_weight': 2, 'gamma': 0.08285448942930326, 'reg_alpha': 0.5284778186680821, 'reg_lambda': 0.002837637416912051, 'use_gpu': False}",-0.35469290853135715,0.5855397982724196,1.4954263506582797,0.1770438630841738,0.05329028650312228,0.9760921385030745,0.9495467515516903,0.23084688974106252,0.9748693329843937,0.3428568553609059,0.8164523324986057,0.8043711211787058
regressor,2d,xgboost,262,time,4,42,0.47112985854710454,0.6137144355219006,0.695110219787108,0.8852725905952544,1.0929094448112382,0.10586681931143616,0.49128180716014863,0.39704783487851786,"{'n_estimators': 419, 'max_depth': 9, 'learning_rate': 0.14940144373732725, 'subsample': 0.6353309944331393, 'colsample_bytree': 0.9025863909567715, 'min_child_weight': 4, 'gamma': 0.1258002257105958, 'reg_alpha': 6.310063981083767e-05, 'reg_lambda': 7.667093521635395e-08, 'use_gpu': False}",-0.37313243984204786,0.6137144355219006,1.194451054557609,0.18742725640914631,0.057879696645300696,0.9734199875306442,0.9450181430350801,0.24058199567985278,0.972645431015692,0.3766454083679652,0.8355728728988545,0.8403596276628306
regressor,2d,xgboost,262,time,1,42,0.48932643375454615,0.6370362068087202,0.6708906351689602,0.9823136998403467,1.1944833918952336,-0.16298426448737025,0.11878450685077518,0.08726804139776988,"{'n_estimators': 370, 'max_depth': 5, 'learning_rate': 0.04025865484673336, 'subsample': 0.681159519987922, 'colsample_bytree': 0.8720761170881104, 'min_child_weight': 8, 'gamma': 0.13053612166494194, 'reg_alpha': 0.08400802512926414, 'reg_lambda': 2.2359828491965984e-07, 'use_gpu': False}",-0.31630682421143796,0.6370362068087202,1.426790573513542,0.2565861844850719,0.10286733686123385,0.9511623143694294,0.8994108956735212,0.32072938259728223,0.9527526170790009,0.40581512878524256,0.8768848506844018,0.8791643139469227
regressor,2d,xgboost,262,butina,5,42,0.42763660177017837,0.5553114497215608,0.6958725023404175,0.6543793840710598,0.8309894175121342,0.39425397395616946,0.6729983699175661,0.6308342819482956,"{'n_estimators': 486, 'max_depth': 10, 'learning_rate': 0.020193657185590155, 'subsample': 0.5379194094319308, 'colsample_bytree': 0.6543613889595638, 'min_child_weight': 5, 'gamma': 0.09242857547081974, 'reg_alpha': 6.765362932084406e-08, 'reg_lambda': 0.0265354147449663, 'use_gpu': False}",-0.09275417197578961,0.5553114497215608,0.690543412017156,0.36344923200941637,0.21395923519557847,0.9190761702814169,0.8199299089190547,0.46255727774577116,0.921036535599717,0.3083708061918615,0.8359166022425739,0.8388011773063063
regressor,2d,xgboost,262,butina,3,42,0.43446946971811135,0.5707787195643279,0.7329049971771555,0.9662887661101055,1.2475858583767898,-0.462632366229881,0.17301808005432412,0.15977946485406672,"{'n_estimators': 148, 'max_depth': 7, 'learning_rate': 0.2489872987578874, 'subsample': 0.6885618482550596, 'colsample_bytree': 0.6888637564985066, 'min_child_weight': 10, 'gamma': 0.2954448495913959, 'reg_alpha': 3.2061232516729195e-05, 'reg_lambda': 0.000213975490429977, 'use_gpu': False}",-0.21855698150490654,0.5707787195643279,1.5564704740217514,0.27477361349596524,0.12406015276159965,0.9478917580371624,0.8957530220106596,0.35222173805942136,0.9477513354838202,0.32578834670749374,0.8581792724742772,0.8331887763371314
regressor,2d,xgboost,262,butina,2,42,0.4874795136635077,0.6624421017097328,0.5780339298003665,0.8184652144792994,1.0021630147088374,0.14811993139731894,0.4997023048507102,0.5506714658803241,"{'n_estimators': 418, 'max_depth': 12, 'learning_rate': 0.13584600673656583, 'subsample': 0.6066498318031689, 'colsample_bytree': 0.8366178950280935, 'min_child_weight': 6, 'gamma': 0.4203033168786715, 'reg_alpha': 2.7054475976931878e-06, 'reg_lambda': 1.4763073070395032, 'use_gpu': False}",-0.26863251419376416,0.6624421017097328,1.0043307080503052,0.3073600115837817,0.15508599121949737,0.9347811371536754,0.866993842157006,0.3938095875159687,0.935185045294568,0.43882953811760805,0.7632741815085832,0.7058651165820423
regressor,2d,xgboost,262,butina,4,42,0.45900434486076636,0.5730656968917368,0.7479888083177446,0.7731722272210284,0.9598925184527208,-0.15871748974323485,0.1766500695203126,0.16918606097812905,"{'n_estimators': 422, 'max_depth': 10, 'learning_rate': 0.12379964105666035, 'subsample': 0.8046058278374352, 'colsample_bytree': 0.6713656815495523, 'min_child_weight': 9, 'gamma': 0.2077580572549784, 'reg_alpha': 2.2376523464064931e-07, 'reg_lambda': 0.01767809678089421, 'use_gpu': False}",-0.2557529542663595,0.5730656968917368,0.921393646981507,0.24538229583875923,0.10068737663243894,0.9606553616889772,0.9195313138188608,0.3173127426253773,0.9627838220930746,0.32840429295401197,0.868568665957097,0.8385051309042755
regressor,2d,xgboost,262,butina,1,42,0.4818929146038002,0.6130115758977568,0.6324706108337732,0.7622811046475647,0.9728500229134618,0.36383558931151216,0.6067450769736573,0.5747576842397532,"{'n_estimators': 210, 'max_depth': 9, 'learning_rate': 0.08070234472432385, 'subsample': 0.77006724555322, 'colsample_bytree': 0.6249962709619178, 'min_child_weight': 4, 'gamma': 0.12655513712261635, 'reg_alpha': 6.022770891759425e-06, 'reg_lambda': 4.209735885776701e-05, 'use_gpu': False}",-0.2508563102606763,0.6130115758977568,0.9464371670827232,0.28378775864707273,0.13115643642866434,0.946472409522221,0.8817769382138176,0.3621552656370805,0.9438882984344062,0.37578319218465117,0.7961137147481914,0.8101905320154815
regressor,2d,xgboost,262,diverse_25,5,42,0.643511774147876,0.7827499053483107,0.4302709792214193,0.7588632292633757,0.9529305799948972,0.06574657722937616,0.43373633480424667,0.3775061838977578,"{'n_estimators': 346, 'max_depth': 3, 'learning_rate': 0.03112360701789581, 'subsample': 0.641899948364659, 'colsample_bytree': 0.9441599858110304, 'min_child_weight': 2, 'gamma': 0.10100045832566155, 'reg_alpha': 0.0002470290310610383, 'reg_lambda': 1.5892385815289476e-06, 'use_gpu': False}",-0.30491007546632176,0.7827499053483107,0.9080766902894111,0.4176932526672724,0.2283309030216481,0.9498106379969008,0.8354767589028889,0.4778398298819889,0.9450580524071863,0.6126974143227893,0.6615298490601593,0.6385853002006148
regressor,2d,xgboost,262,diverse_25,3,42,0.725870719705602,0.8715460942104061,0.4201642082708974,0.8674957200138749,1.0590135765908821,0.2717735830341227,0.5596497124744652,0.5195092096941795,"{'n_estimators': 210, 'max_depth': 7, 'learning_rate': 0.2976438731502051, 'subsample': 0.893284580682904, 'colsample_bytree': 0.627808381281392, 'min_child_weight': 5, 'gamma': 0.45758309642464884, 'reg_alpha': 9.155626270938373e-06, 'reg_lambda': 0.02139046969241268, 'use_gpu': False}",-0.24268866202971784,0.8715460942104061,1.121509755403812,0.5091450407071513,0.39546167000888893,0.8720122525778492,0.6618779257033239,0.6288574321806882,0.8756316715286,0.7595925943334141,0.7223055716909192,0.6986866791744841
regressor,2d,xgboost,262,diverse_25,2,42,0.797546255827324,0.9034823379528881,0.33257044828590177,0.7029961519743114,0.8713539643382568,0.2219388976853861,0.5091064870041504,0.49693855628724054,"{'n_estimators': 377, 'max_depth': 3, 'learning_rate': 0.15602098386551486, 'subsample': 0.7079570768661774, 'colsample_bytree': 0.734123734919955, 'min_child_weight': 3, 'gamma': 0.9672192382547915, 'reg_alpha': 0.00022867928906189036, 'reg_lambda': 0.022391174906964344, 'use_gpu': False}",-0.3712615530714676,0.9034823379528881,0.7592577311679962,0.41605154102865394,0.2832589638597954,0.9198286949453682,0.7910408387463874,0.5322207848814205,0.9192828563017744,0.8162803349928167,0.5966581479002243,0.5504948643421783
regressor,2d,xgboost,262,diverse_25,4,42,0.911893367575305,1.0696650583857459,0.3657495957022481,0.7355314964834929,0.9046232283318209,0.2748149222838868,0.5257907002242486,0.48128316690285317,"{'n_estimators': 361, 'max_depth': 3, 'learning_rate': 0.05690054461397924, 'subsample': 0.9674919036342332, 'colsample_bytree': 0.769030333867657, 'min_child_weight': 6, 'gamma': 0.01310579585357996, 'reg_alpha': 6.730418324544704e-07, 'reg_lambda': 5.825059609548426e-05, 'use_gpu': False}",-0.5914227890780808,1.0696650583857459,0.8183431852374856,0.3830596272377919,0.22871566815254535,0.9290828758959252,0.805125863015519,0.47824226930766517,0.9249770557059892,1.1441833371313812,0.6442000441846922,0.6054409005628518
regressor,2d,xgboost,262,diverse_25,1,42,0.6696092823208112,0.8591202931481842,0.29495463464253835,1.002358808670019,1.187020613688843,0.10587317288564935,0.4162831005207125,0.3577997071789339,"{'n_estimators': 449, 'max_depth': 6, 'learning_rate': 0.23042336833353563, 'subsample': 0.6938259342879619, 'colsample_bytree': 0.5056745038356345, 'min_child_weight': 4, 'gamma': 0.6526827798342109, 'reg_alpha': 0.00011834920839959699, 'reg_lambda': 0.00016466924038181755, 'use_gpu': False}",-0.3968569769794392,0.8591202931481842,1.4090179373222376,0.35582071890679423,0.21368737347532507,0.9227493840345082,0.8180481006679049,0.46226331616874494,0.9227569478419038,0.7380876780990219,0.5657223292249374,0.5387682355005334
regressor,2d,xgboost,230,scaffold,5,42,0.32036492526013566,0.4430479116877863,0.7158420101763391,0.5223192437250456,0.6787849115185253,0.32859547983632786,0.591364379350685,0.5866975373882086,"{'n_estimators': 232, 'max_depth': 12, 'learning_rate': 0.053959673415682384, 'subsample': 0.5143457293149752, 'colsample_bytree': 0.6802747618449447, 'min_child_weight': 1, 'gamma': 0.148340686715208, 'reg_alpha': 2.0000645107616603e-05, 'reg_lambda': 0.0002468494508641977, 'use_gpu': False}",-0.18330733351724493,0.4430479116877863,0.4607489561052122,0.2129630195798376,0.06746516794836711,0.9642676974737637,0.9123487990620687,0.25974057817054136,0.9570664289045336,0.19629145205090848,0.8463344981429451,0.8330579138770435
regressor,2d,xgboost,230,scaffold,3,42,0.4161660903816536,0.5635567463485174,0.6088902030361756,0.597804176793997,0.7476273620199011,-0.11303298631211844,0.18727342194550675,0.14298858220943345,"{'n_estimators': 209, 'max_depth': 12, 'learning_rate': 0.2632894728108194, 'subsample': 0.7629504840737902, 'colsample_bytree': 0.9989754338150466, 'min_child_weight': 10, 'gamma': 0.5681641460658019, 'reg_alpha': 5.49853767143738e-07, 'reg_lambda': 9.449880968665833e-05, 'use_gpu': False}",-0.06238769056894711,0.5635567463485174,0.5589466724408363,0.3851787302065737,0.251170422470986,0.8384467852574312,0.6863031376491633,0.5011690557795703,0.8233859151893692,0.3175962063549272,0.7902232632119548,0.801510771378806
regressor,2d,xgboost,230,scaffold,2,42,0.44397786773806247,0.5883031156219029,0.4818433283961254,0.7293013506745247,0.935162476520761,0.06386637834853415,0.3074667111599099,0.325403479625524,"{'n_estimators': 226, 'max_depth': 8, 'learning_rate': 0.05353834506064667, 'subsample': 0.8513679108841115, 'colsample_bytree': 0.8904740449709246, 'min_child_weight': 5, 'gamma': 0.06592548891966647, 'reg_alpha': 2.6138399313858485e-05, 'reg_lambda': 1.428876901800877e-07, 'use_gpu': False}",-0.264330717844128,0.5883031156219029,0.8745288574924429,0.2439806909882297,0.1049581145218808,0.9305730497094674,0.8498838645016549,0.32397239777777487,0.923176891660452,0.346100555850438,0.7037561811736005,0.6715184706800964
regressor,2d,xgboost,230,scaffold,4,42,0.35438913961538937,0.45839528852766875,0.6935490089746241,0.6175133536523414,0.8141036917949375,0.1148064382194991,0.4031985334806606,0.3811687230873972,"{'n_estimators': 100, 'max_depth': 9, 'learning_rate': 0.12348117862446559, 'subsample': 0.8458842077034504, 'colsample_bytree': 0.7855310174322325, 'min_child_weight': 2, 'gamma': 0.007259739368111301, 'reg_alpha': 0.005139621373790973, 'reg_lambda': 1.14564744827225e-05, 'use_gpu': False}",-0.2387117233405592,0.45839528852766875,0.6627648209941465,0.17278658893475113,0.04826086881331901,0.9730234086510668,0.9357617242420949,0.21968356518710955,0.9684258512729008,0.21012624054436468,0.8349280550441814,0.801602488920881
regressor,2d,xgboost,230,scaffold,1,42,0.3053548959149514,0.394341804401296,0.6851744378728036,0.6345997562927543,0.8190637737239997,0.17631284713693207,0.5334447804689327,0.45871534288234395,"{'n_estimators': 450, 'max_depth': 7, 'learning_rate': 0.1721297650358333, 'subsample': 0.5375499454903789, 'colsample_bytree': 0.9820341880029412, 'min_child_weight': 9, 'gamma': 0.09895335186860674, 'reg_alpha': 0.0009160630838450762, 'reg_lambda': 1.1805183479783706e-06, 'use_gpu': False}",-0.033578033680775055,0.394341804401296,0.6708654654269995,0.27410376348206017,0.1301504982644886,0.9120429785427233,0.8254983316870397,0.36076377072052096,0.8999040609051626,0.15550545869847002,0.8297753567952375,0.7865442653800823
regressor,2d,xgboost,230,random,5,42,0.46481340414454303,0.6619502074064979,0.5500849124892555,0.4422168235410883,0.5716162357266045,0.5197782304512499,0.7274893238558948,0.6646059167120434,"{'n_estimators': 289, 'max_depth': 12, 'learning_rate': 0.1909089715128238, 'subsample': 0.582493269911699, 'colsample_bytree': 0.7144600365031549, 'min_child_weight': 5, 'gamma': 0.11652201018676547, 'reg_alpha': 9.932269854948166e-05, 'reg_lambda': 0.006495891428224188, 'use_gpu': False}",-0.40565109670216404,0.6619502074064979,0.3267451209462531,0.19150431066568102,0.0656892341478324,0.9560039526062639,0.9112424054006856,0.25629911070433387,0.9505214647996435,0.43817807708550555,0.7422965683146918,0.7682080687480197
regressor,2d,xgboost,230,random,3,42,0.35526687233198156,0.47277405277463497,0.7112361743437459,0.4490514239247942,0.6750266177978694,0.4335063778655617,0.6710937358991041,0.687679752163506,"{'n_estimators': 364, 'max_depth': 11, 'learning_rate': 0.26489217397031317, 'subsample': 0.5432616156757746, 'colsample_bytree': 0.7672171583469336, 'min_child_weight': 2, 'gamma': 0.13414520337332858, 'reg_alpha': 0.00013644469353089192, 'reg_lambda': 1.6280075306543123, 'use_gpu': False}",-0.27893701239618085,0.47277405277463497,0.4556609347356309,0.15150892581746825,0.03757279822267845,0.9749789197776215,0.9484195598453242,0.19383704037845412,0.9718463398472638,0.22351530497695332,0.8459959095976486,0.8012325061273666
regressor,2d,xgboost,230,random,2,42,0.45048415066320213,0.6071537502453778,0.4652487794846686,0.5103648934998374,0.6710423961347195,0.41756250089190405,0.6531483595002651,0.6369575902080029,"{'n_estimators': 388, 'max_depth': 4, 'learning_rate': 0.157305929627174, 'subsample': 0.5763106551324844, 'colsample_bytree': 0.8757258039768867, 'min_child_weight': 10, 'gamma': 0.30510185950809715, 'reg_alpha': 2.676811769198876, 'reg_lambda': 0.018548876811171146, 'use_gpu': False}",-0.15709171578741576,0.6071537502453778,0.45029789741022586,0.3340486816659655,0.2025558348604398,0.8580877284070105,0.7277700106124297,0.450062034457962,0.8438421344119126,0.3686356764370266,0.6880795218015308,0.6379334149065865
regressor,2d,xgboost,230,random,4,42,0.3791685705743859,0.4976066458774798,0.6408365926344859,0.4461411839356083,0.6058061969821578,0.5110316335540177,0.7177956244656878,0.6840279021836061,"{'n_estimators': 333, 'max_depth': 11, 'learning_rate': 0.0503607795472389, 'subsample': 0.705799056334819, 'colsample_bytree': 0.7223165323178067, 'min_child_weight': 1, 'gamma': 0.13326767446875737, 'reg_alpha': 1.2314027383760495e-06, 'reg_lambda': 1.3806812221945838e-05, 'use_gpu': False}",-0.2709407690110079,0.4976066458774798,0.36700114830198494,0.18640351486079967,0.05137741973564662,0.9731729239797089,0.9315961086141414,0.22666587686647194,0.9678165067023146,0.2476123740214356,0.8098117826029845,0.7677036708879391
regressor,2d,xgboost,230,random,1,42,0.484887739720573,0.6041464970477427,0.5014884588259183,0.5176645543919788,0.6776292237400926,0.356585001347015,0.6108569427368837,0.5226556549599651,"{'n_estimators': 224, 'max_depth': 12, 'learning_rate': 0.1783089447973204, 'subsample': 0.7209167871347758, 'colsample_bytree': 0.6424531231234201, 'min_child_weight': 9, 'gamma': 0.20482716398439196, 'reg_alpha': 9.836789689015133, 'reg_lambda': 2.145892242553012e-06, 'use_gpu': False}",-0.0594376961679437,0.6041464970477427,0.4591813648666005,0.4160746682491739,0.29670767775590856,0.7975036780927264,0.604616154437069,0.544708800879799,0.8000376388674896,0.36499298989505813,0.7311720145364654,0.6752236222892555
regressor,2d,xgboost,230,umap,5,42,0.41589024301714067,0.5549075154996759,0.6112172502064761,0.7311434654401214,1.0122507279783353,-0.39989589906468237,-0.06091048531961113,0.0012787142731689564,"{'n_estimators': 172, 'max_depth': 9, 'learning_rate': 0.18180011751747696, 'subsample': 0.507605018225829, 'colsample_bytree': 0.993633914025723, 'min_child_weight': 1, 'gamma': 0.503233617465039, 'reg_alpha': 0.04684805740682087, 'reg_lambda': 6.695916741673768e-05, 'use_gpu': False}",-0.26396185449506104,0.5549075154996759,1.0246515362926698,0.23733203214491153,0.08464937765741226,0.9450138203824132,0.886445161412009,0.29094566100461483,0.9331045796190752,0.307922350758023,0.7826958888920404,0.7586209574381488
regressor,2d,xgboost,230,umap,3,42,0.4355417747250017,0.5579603400189765,0.6365731518880998,0.7818671167014157,0.9276580744477375,-0.2118840253457852,-0.09190595702289533,-0.08395227092029466,"{'n_estimators': 132, 'max_depth': 12, 'learning_rate': 0.10887354196264633, 'subsample': 0.7643124031927553, 'colsample_bytree': 0.6885916011283083, 'min_child_weight': 1, 'gamma': 0.01168571680296965, 'reg_alpha': 3.508963632382466e-08, 'reg_lambda': 0.05417710731998071, 'use_gpu': False}",-0.4179984910479798,0.5579603400189765,0.8605495030880842,0.11259816917425697,0.019589319167380097,0.9895927408235334,0.9736467186680277,0.13996184897099673,0.9866517331305805,0.3113197410340919,0.8006027158385622,0.7262336793324622
regressor,2d,xgboost,230,umap,2,42,0.41182521321994453,0.5261919049037546,0.6348837394536081,0.6870307697057612,0.8358182246375533,-0.5012685141843687,-0.09464208026661108,-0.14057470458463914,"{'n_estimators': 356, 'max_depth': 8, 'learning_rate': 0.04196805437782077, 'subsample': 0.6146985923949394, 'colsample_bytree': 0.989055126955989, 'min_child_weight': 1, 'gamma': 0.11004992612827158, 'reg_alpha': 1.9022482723406419e-06, 'reg_lambda': 1.9543911634380305e-06, 'use_gpu': False}",-0.30021583814881964,0.5261919049037546,0.6985921046362714,0.1881390016745824,0.05106518274603081,0.9734703026827725,0.9371087105363548,0.22597606675493492,0.9671263625053381,0.27687792078624185,0.7980042528509467,0.7727336369132813
regressor,2d,xgboost,230,umap,4,42,0.43465299089340537,0.6153286628589861,0.47869374065144665,0.8777521945985107,1.1490501969031501,-0.38266319627330847,0.0915951590912519,0.12107084873328092,"{'n_estimators': 460, 'max_depth': 10, 'learning_rate': 0.28125051920144284, 'subsample': 0.9428359019967419, 'colsample_bytree': 0.9770146528834245, 'min_child_weight': 4, 'gamma': 0.12446532660640414, 'reg_alpha': 2.1790826520575879e-07, 'reg_lambda': 0.3031822942526316, 'use_gpu': False}",-0.269306382850454,0.6153286628589861,1.3203163550031682,0.26256141611891975,0.11973141826230302,0.918048692152818,0.8215733906084272,0.34602228000853213,0.9145449961335762,0.3786293633358278,0.6982563510034481,0.6749658615708622
regressor,2d,xgboost,230,umap,1,42,0.4059572019823347,0.5412631022146152,0.5809544204729556,0.7234399786655283,0.8818748905646698,-0.05797612497432736,0.1427076514180235,0.1325564426808249,"{'n_estimators': 213, 'max_depth': 6, 'learning_rate': 0.2402209220912709, 'subsample': 0.5715361746756504, 'colsample_bytree': 0.679558743438206, 'min_child_weight': 1, 'gamma': 0.12990177393376368, 'reg_alpha': 9.282556045334605e-08, 'reg_lambda': 2.3558572798380424e-06, 'use_gpu': False}",-0.22102955718072798,0.5412631022146152,0.7777033226084483,0.2522836644694109,0.10254952336497065,0.9352522857444231,0.8620912519758722,0.3202335450338872,0.9230425587279616,0.2929657458189889,0.7626771457185815,0.7457573735842801
regressor,2d,xgboost,230,time,5,42,0.3897598501393571,0.5311393660157778,0.6657160281786961,0.8319623321848961,0.9675999570999746,-0.6177625855990334,-0.4017122191636029,-0.3553531627159603,"{'n_estimators': 476, 'max_depth': 8, 'learning_rate': 0.07250184547286011, 'subsample': 0.9223717803567181, 'colsample_bytree': 0.969528707364058, 'min_child_weight': 9, 'gamma': 0.008687853063067186, 'reg_alpha': 1.6495604156827316e-07, 'reg_lambda': 1.3274298461386385, 'use_gpu': False}",-0.1857197151520909,0.5311393660157778,0.9362496769798727,0.2580052933840132,0.11931473520279137,0.9235540662331615,0.8429449486171261,0.3454196508636869,0.915542600439505,0.28210902613164246,0.8167155516007376,0.7793858764008206
regressor,2d,xgboost,230,time,3,42,0.4912653038981502,0.6645728537311578,0.5685778180549352,0.7329490516538628,0.9098328113265721,-0.5091294360476648,-0.036792755080591266,-0.07960637743193302,"{'n_estimators': 318, 'max_depth': 11, 'learning_rate': 0.18130407204134932, 'subsample': 0.9746503773723706, 'colsample_bytree': 0.9887089443115605, 'min_child_weight': 7, 'gamma': 0.266823583078183, 'reg_alpha': 0.00010477885500425672, 'reg_lambda': 0.0278054656317419, 'use_gpu': False}",-0.24885730952033808,0.6645728537311578,0.8277957445664138,0.31616477706061863,0.17281941369849804,0.9189015515077728,0.8275750481308886,0.41571554421081974,0.9135194254151245,0.4416570779163749,0.7551785019018757,0.6177396627437536
regressor,2d,xgboost,230,time,2,42,0.5927276130889896,0.7066142168488604,0.6337696191121276,0.7493648072398795,0.9260371391335176,-0.5197089791209208,-0.08028978722100259,-0.05316062066824436,"{'n_estimators': 112, 'max_depth': 4, 'learning_rate': 0.16984040988354862, 'subsample': 0.5924265536724371, 'colsample_bytree': 0.8160325871700784, 'min_child_weight': 3, 'gamma': 0.46731781016067064, 'reg_alpha': 1.328310758337247e-08, 'reg_lambda': 0.0007832071738052631, 'use_gpu': False}",-0.3719371543026456,0.7066142168488604,0.8575447830545899,0.2633808330722125,0.11200873619456296,0.9456095709375957,0.8883768437327121,0.33467706254621477,0.9418201099544942,0.4993036514529283,0.8094000906859912,0.7847482257188032
regressor,2d,xgboost,230,time,4,42,0.5061239197616969,0.642208413084609,0.4391105780845348,0.696219877797691,0.8686860081455764,-0.5570592428219985,0.10964722779861748,0.04910538254724089,"{'n_estimators': 396, 'max_depth': 9, 'learning_rate': 0.05978066999125116, 'subsample': 0.9467502468666685, 'colsample_bytree': 0.6110751068473732, 'min_child_weight': 9, 'gamma': 0.1274007300490766, 'reg_alpha': 9.657353660171404, 'reg_lambda': 1.8387723265377584e-06, 'use_gpu': False}",-0.030170748748075682,0.642208413084609,0.7546153807478964,0.47545539780487056,0.37459010256651903,0.8026314723842712,0.5961305046102966,0.6120376643365333,0.7717007901067723,0.4124316458366518,0.6689847830671697,0.6089242147963397
regressor,2d,xgboost,230,time,1,42,0.37004640814960094,0.46323629612252115,0.8088927170327037,0.8133772809653055,1.0128271662931647,-0.778481375176336,0.004021917420143108,0.01887861540091371,"{'n_estimators': 223, 'max_depth': 5, 'learning_rate': 0.24988661038741994, 'subsample': 0.7998704075431985, 'colsample_bytree': 0.7428969248269031, 'min_child_weight': 7, 'gamma': 0.05554439440097013, 'reg_alpha': 5.404435652072463e-05, 'reg_lambda': 0.29891417161350436, 'use_gpu': False}",-0.23400113325334607,0.46323629612252115,1.025818868781442,0.17731368703736838,0.05254875989565723,0.976228511570009,0.9512835216016118,0.22923516286917509,0.9749921516491553,0.2145878660453121,0.90476213358315,0.9111111111111111
regressor,2d,xgboost,230,butina,5,42,0.3895601702171971,0.49561139913348096,0.6365955719872012,0.5010929023932217,0.6448880682442776,0.3356056168638477,0.6076320174188043,0.5222666155661582,"{'n_estimators': 454, 'max_depth': 6, 'learning_rate': 0.07958601507301032, 'subsample': 0.5524113988491532, 'colsample_bytree': 0.9321045424092148, 'min_child_weight': 1, 'gamma': 0.4667519168563946, 'reg_alpha': 0.0024707817760229902, 'reg_lambda': 0.0010174548825631086, 'use_gpu': False}",-0.1886201390765163,0.49561139913348096,0.41588062056383607,0.25140554899793033,0.0942436337513629,0.9450568052275029,0.8802721990168887,0.30699126005696464,0.9308783751188956,0.24563065895104658,0.8040719435641572,0.7842866633825959
regressor,2d,xgboost,230,butina,3,42,0.36395762115858216,0.4860755797844068,0.666953519189761,0.5578421368623617,0.6954699543650252,0.10654156692513284,0.39490981878673126,0.34399687348196767,"{'n_estimators': 272, 'max_depth': 10, 'learning_rate': 0.08679055870076495, 'subsample': 0.8414458902455288, 'colsample_bytree': 0.5740604993522197, 'min_child_weight': 2, 'gamma': 0.2989454782129289, 'reg_alpha': 0.02438809389103741, 'reg_lambda': 5.99577257528727e-08, 'use_gpu': False}",-0.19659136504087904,0.4860755797844068,0.4836784574244903,0.2310930462653442,0.08380111058567691,0.955995969892508,0.8952975693351588,0.28948421474352776,0.9494180273576409,0.2362694692627472,0.8177739030247949,0.785532569425734
regressor,2d,xgboost,230,butina,2,42,0.34504917180682515,0.4650884718431027,0.6772977405375676,0.8682418989845686,1.158205296981944,-0.4428931972843211,-0.07133380126042471,-0.07193214011889415,"{'n_estimators': 484, 'max_depth': 7, 'learning_rate': 0.0499462491182034, 'subsample': 0.9127678180579585, 'colsample_bytree': 0.5545604318483426, 'min_child_weight': 1, 'gamma': 0.04022749200608954, 'reg_alpha': 0.07281928757385701, 'reg_lambda': 2.496263226003443e-08, 'use_gpu': False}",-0.3082481150331576,0.4650884718431027,1.3414395099570333,0.12534827314484237,0.024598897524270903,0.9847369770669527,0.9648327398434586,0.15684035680994513,0.9814576715756501,0.21630728664135251,0.8336308199006159,0.8133406944688961
regressor,2d,xgboost,230,butina,4,42,0.4580422655842422,0.5938637711470675,0.4731573881132436,0.6363226609956165,0.7955521035948148,0.34871113819549115,0.5992842949260856,0.49255885393062476,"{'n_estimators': 402, 'max_depth': 10, 'learning_rate': 0.19564842050747286, 'subsample': 0.7240337488545303, 'colsample_bytree': 0.8033433827387917, 'min_child_weight': 3, 'gamma': 0.6404755497604584, 'reg_alpha': 0.00013447742450884104, 'reg_lambda': 4.604518557105899e-06, 'use_gpu': False}",-0.23792355228002632,0.5938637711470675,0.6329031495341348,0.2816077198371197,0.12669343940711714,0.9141903000917325,0.8172041984426145,0.35594021886704114,0.9017470268953888,0.3526741786810165,0.6949392384016752,0.7044003113249802
regressor,2d,xgboost,230,butina,1,42,0.4208238068827813,0.5629298650796328,0.6140636813553999,0.52107180600477,0.6502589016717122,0.3254560235606099,0.5827326356515574,0.5149414460434883,"{'n_estimators': 303, 'max_depth': 9, 'learning_rate': 0.06510658634951352, 'subsample': 0.6559856227357392, 'colsample_bytree': 0.9068419794589654, 'min_child_weight': 2, 'gamma': 0.1708256877390887, 'reg_alpha': 0.06856939729932174, 'reg_lambda': 5.0079840277926415e-06, 'use_gpu': False}",-0.2737163640827824,0.5629298650796328,0.42283663920330145,0.23070821880735473,0.0836444491588552,0.953096144376242,0.8915759039931933,0.28921350099685045,0.9432993218213034,0.31689003299857366,0.7924460129496715,0.7589808649183687
regressor,2d,xgboost,230,diverse_25,5,42,0.5771382943551953,0.6821311834781947,0.30769804780686183,0.6791836710217501,0.9737659568296767,-0.06777332558758697,0.3417924167397279,0.40506368227636097,"{'n_estimators': 289, 'max_depth': 5, 'learning_rate': 0.2557868849839887, 'subsample': 0.5542519732202688, 'colsample_bytree': 0.6296430023475058, 'min_child_weight': 3, 'gamma': 0.7462087235941672, 'reg_alpha': 3.8481434246495316e-07, 'reg_lambda': 0.000900572530352655, 'use_gpu': False}",-0.21681258469490794,0.6821311834781947,0.9482201386804158,0.3729331023796246,0.21652139837364137,0.8621766723199998,0.6981119855589395,0.46531859878328674,0.8244540537896379,0.4653029514733624,0.586604080687538,0.56109409275478
regressor,2d,xgboost,230,diverse_25,3,42,0.6518671442931188,0.8434693847310034,0.20632413258453264,0.7501151137735675,0.8931836290997575,0.0035236573048548214,0.17125616245820535,0.15591653552383206,"{'n_estimators': 424, 'max_depth': 12, 'learning_rate': 0.2837361290954109, 'subsample': 0.69025459095759, 'colsample_bytree': 0.7240796989856054, 'min_child_weight': 2, 'gamma': 0.424394006322425, 'reg_alpha': 9.896673192350189e-06, 'reg_lambda': 4.1433395123677897e-07, 'use_gpu': False}",-0.11681559844882072,0.8434693847310034,0.797776995291813,0.5746983538624342,0.5280257251182321,0.6453750257510626,0.25253326715006563,0.7266537862821827,0.6347727299943494,0.7114406029784975,0.5716558906288567,0.529151355580924
regressor,2d,xgboost,230,diverse_25,2,42,0.5541329052612854,0.7566772726061441,0.2868166262485933,0.8295147471134638,1.0691737369396757,-0.37418669575727903,-0.011571066959090354,-0.013475886739747797,"{'n_estimators': 194, 'max_depth': 8, 'learning_rate': 0.16472281062716423, 'subsample': 0.6754527450217647, 'colsample_bytree': 0.9486002928787872, 'min_child_weight': 3, 'gamma': 0.10310995558469514, 'reg_alpha': 0.0035103019220327453, 'reg_lambda': 2.1302614579180685e-05, 'use_gpu': False}",-0.5572195733121952,0.7566772726061441,1.1431324797615505,0.16012038230401543,0.03978337380763536,0.978828652165744,0.9443130297251484,0.19945769929394894,0.9716159458663421,0.572560494878673,0.5662703534195173,0.630045106560822
regressor,2d,xgboost,230,diverse_25,4,42,0.7856750934415927,1.0210328833844273,0.10341681438053307,0.6092635771573269,0.7588049394514617,-0.042606986642139466,0.27873929141806847,0.3123163790389216,"{'n_estimators': 286, 'max_depth': 11, 'learning_rate': 0.047831742394147794, 'subsample': 0.8601312939441071, 'colsample_bytree': 0.5437862660481074, 'min_child_weight': 1, 'gamma': 0.15432387276832638, 'reg_alpha': 2.7500571578968598e-05, 'reg_lambda': 1.1790381058063992e-06, 'use_gpu': False}",-0.5741552524534557,1.0210328833844273,0.5757849361359364,0.38301521856892967,0.19969961702647765,0.9534710355014121,0.7132147065301371,0.4468776309309716,0.949862110398539,1.0425081489523174,0.39069305372872276,0.2766695581381059
regressor,2d,xgboost,230,diverse_25,1,42,0.6134779485295502,0.7667565951388537,0.18041304626005494,0.599239250679551,0.7934276716866737,-0.039998577639288824,0.2328236498945607,0.3265145096224599,"{'n_estimators': 313, 'max_depth': 8, 'learning_rate': 0.23100892239380372, 'subsample': 0.7016808156494466, 'colsample_bytree': 0.6719270115384588, 'min_child_weight': 8, 'gamma': 0.3764487528241821, 'reg_alpha': 2.3340541645570364e-06, 'reg_lambda': 1.772138847281941e-06, 'use_gpu': False}",-0.11430944401118537,0.7667565951388537,0.629527470198136,0.4973265749723365,0.4256872850146105,0.734690008347179,0.47831449505640267,0.6524471511276684,0.758023162499404,0.5879156761889281,0.4375371432282477,0.42889366202391827
regressor,2d,xgboost,2409,scaffold,5,42,0.5119888259890633,0.6293824886303125,0.7224549437361849,0.6688448052440649,0.840339048131992,0.473905994997188,0.6887119516027977,0.6638451571816399,"{'n_estimators': 425, 'max_depth': 9, 'learning_rate': 0.04324619242420733, 'subsample': 0.8000270293671573, 'colsample_bytree': 0.5871521128313992, 'min_child_weight': 5, 'gamma': 0.10369336469113133, 'reg_alpha': 0.00010270745550008308, 'reg_lambda': 0.00019202035412917926, 'use_gpu': False}",-0.2777336907735768,0.6293824886303125,0.7061697158153825,0.27018696246889295,0.1236568770340874,0.9544596187795561,0.9006765910232114,0.35164879785673575,0.9557985613852016,0.39612231699448547,0.8712707046483151,0.8662636908188747
regressor,2d,xgboost,2409,scaffold,3,42,0.5967112827391197,0.7370657885553349,0.606660802405257,0.7196197786041578,0.9037278819650363,0.3192689777337677,0.5680984826359987,0.5977925878293886,"{'n_estimators': 467, 'max_depth': 12, 'learning_rate': 0.05370171353597787, 'subsample': 0.9647396712523005, 'colsample_bytree': 0.7148090600683169, 'min_child_weight': 2, 'gamma': 0.4245135214156886, 'reg_alpha': 2.1908821302087226e-07, 'reg_lambda': 0.000191876707813088, 'use_gpu': False}",-0.38216050688811626,0.7370657885553349,0.8167240846410107,0.279791648149847,0.1259577589552878,0.9626887071168996,0.9023765914449602,0.35490528166721863,0.9641695443968029,0.5432659766586976,0.7853273162558888,0.7997347657191639
regressor,2d,xgboost,2409,scaffold,2,42,0.4044907694751189,0.5768074673015016,0.7096721272873407,0.6110380795979937,0.7884751510107384,0.4299197513235399,0.6584757681320785,0.6513085996315009,"{'n_estimators': 329, 'max_depth': 10, 'learning_rate': 0.09907065739125906, 'subsample': 0.5567781453155822, 'colsample_bytree': 0.9630953363282296, 'min_child_weight': 10, 'gamma': 0.540734096412963, 'reg_alpha': 0.014167752634292994, 'reg_lambda': 3.0671601271199677e-06, 'use_gpu': False}",-0.132674891913672,0.5768074673015016,0.6216930637614068,0.344829324048786,0.19725374452062613,0.9284160696684932,0.8537168597000685,0.4441325753878296,0.9275836427472142,0.33270685433477276,0.848861127899243,0.8384739735122667
regressor,2d,xgboost,2409,scaffold,4,42,0.6089742385469563,0.798258754667901,0.48279179995622645,0.6740512931267526,0.8768685463082867,0.43228633508749315,0.6583708690675603,0.6620610722207598,"{'n_estimators': 207, 'max_depth': 11, 'learning_rate': 0.1350821625037717, 'subsample': 0.6878112392224445, 'colsample_bytree': 0.7860680513074394, 'min_child_weight': 4, 'gamma': 0.530493968411444, 'reg_alpha': 2.5051782212645233e-05, 'reg_lambda': 3.463223342503982e-06, 'use_gpu': False}",-0.42128455635116985,0.798258754667901,0.7688984475048078,0.29118804478886867,0.14210954619654212,0.9465673224881682,0.8875276028766638,0.3769741983167311,0.9433611412029064,0.6372170394039481,0.6991901290308856,0.6660630730877256
regressor,2d,xgboost,2409,scaffold,1,42,0.5657501748706762,0.7034101669373775,0.6040001361879224,0.6588521279064543,0.833945953989814,0.503856424776655,0.7098408832169049,0.6974772795807179,"{'n_estimators': 441, 'max_depth': 7, 'learning_rate': 0.1102451234401722, 'subsample': 0.6200095893608923, 'colsample_bytree': 0.6170894892370314, 'min_child_weight': 5, 'gamma': 0.08330610769881208, 'reg_alpha': 0.7905803962040683, 'reg_lambda': 0.006589388484436106, 'use_gpu': False}",-0.3155990017524175,0.7034101669373775,0.6954658541759808,0.2947382514728842,0.1503974998421163,0.9415390348952177,0.879384869293907,0.38781116518495995,0.9414545881939579,0.4947858629508692,0.7775337034083885,0.7947687984125542
regressor,2d,xgboost,2409,random,5,42,0.5226548310370408,0.7061241093247919,0.602682241698838,0.5646251129773477,0.7146748657125845,0.636005587170763,0.8081496007759196,0.8154709841805133,"{'n_estimators': 240, 'max_depth': 12, 'learning_rate': 0.04634882377640885, 'subsample': 0.8133871617237723, 'colsample_bytree': 0.6838665504230153, 'min_child_weight': 2, 'gamma': 0.09596896006722672, 'reg_alpha': 0.037600120954630806, 'reg_lambda': 0.0001492194865428893, 'use_gpu': False}",-0.48547595239101327,0.7061241093247919,0.5107601636813007,0.16930459122554387,0.04868560915827337,0.98328750689114,0.9608064055773959,0.22064815693377857,0.9817819706803111,0.49861125776973053,0.7789377618597754,0.8068286164775776
regressor,2d,xgboost,2409,random,3,42,0.5090993597284679,0.6391207022118716,0.6877926056746614,0.5326474700465939,0.7226636441249423,0.5551155861960146,0.7508761739972246,0.7504168940567759,"{'n_estimators': 360, 'max_depth': 9, 'learning_rate': 0.08341227947943669, 'subsample': 0.5495396779881014, 'colsample_bytree': 0.5160944053591301, 'min_child_weight': 4, 'gamma': 0.06262473605182846, 'reg_alpha': 0.1070072793149027, 'reg_lambda': 6.68950951850625e-07, 'use_gpu': False}",-0.39169079857058114,0.6391207022118716,0.5222427425399413,0.1885206812278933,0.06122155721593826,0.9775015996221931,0.9531809701026843,0.24742990364129042,0.9755291423290733,0.40847527199579586,0.8296037204631017,0.8041214787910529
regressor,2d,xgboost,2409,random,2,42,0.5360112768661982,0.6901874401818398,0.5808129475214161,0.5819686405143851,0.7770406708914043,0.5043468402364035,0.7101833146532605,0.7194582250068764,"{'n_estimators': 476, 'max_depth': 8, 'learning_rate': 0.12367974987256077, 'subsample': 0.7403755193285595, 'colsample_bytree': 0.575852816844959, 'min_child_weight': 2, 'gamma': 0.30757264228039805, 'reg_alpha': 2.8045634637514545e-06, 'reg_lambda': 9.898743295181767e-05, 'use_gpu': False}",-0.4128381749633135,0.6901874401818398,0.6037922042193636,0.2197444824511626,0.07692261491725642,0.9736563579198463,0.9413552938686659,0.27734926521852626,0.9723820104361175,0.47635870258476065,0.764839352646779,0.750348305684571
regressor,2d,xgboost,2409,random,4,42,0.5145662695146179,0.6491786179174195,0.6615483487616403,0.5549039563772179,0.6962156442954879,0.6094682561433419,0.7809819750388818,0.7715521019755048,"{'n_estimators': 412, 'max_depth': 7, 'learning_rate': 0.06267961847294787, 'subsample': 0.6551827326366662, 'colsample_bytree': 0.525855078712756, 'min_child_weight': 10, 'gamma': 0.26921074826593944, 'reg_alpha': 0.027207936698346792, 'reg_lambda': 0.0009742900220793409, 'use_gpu': False}",-0.23075265731513606,0.6491786179174195,0.48471622336178133,0.3202164513131115,0.17508028450594362,0.9348250492182653,0.8649521233865378,0.41842596060228343,0.9359564211671911,0.4214328779611709,0.8183637954608836,0.8118998743523916
regressor,2d,xgboost,2409,random,1,42,0.5948338949957154,0.7735991010274794,0.6026074072963918,0.6039673071884496,0.8265224593832933,0.488966338483418,0.7058986339973214,0.7172113616726002,"{'n_estimators': 362, 'max_depth': 11, 'learning_rate': 0.10267377818623387, 'subsample': 0.5325025231683345, 'colsample_bytree': 0.5471043939670243, 'min_child_weight': 6, 'gamma': 0.07679476475784675, 'reg_alpha': 0.0033043040791762043, 'reg_lambda': 0.23102401472749368, 'use_gpu': False}",-0.5394782459641846,0.7735991010274794,0.6831393758650076,0.17387107012986053,0.05481257477556832,0.9787037792797946,0.9558518453140484,0.23412085506329486,0.9774843942024053,0.5984555691105243,0.7782463082967123,0.8005414222827308
regressor,2d,xgboost,2409,umap,5,42,0.5628758339706734,0.7339021254763994,0.5661084847222644,0.8801198642007407,1.0516094676097836,0.19322478738208881,0.47324100618085263,0.4825040636885644,"{'n_estimators': 349, 'max_depth': 4, 'learning_rate': 0.09730122775577038, 'subsample': 0.6743546512805904, 'colsample_bytree': 0.8522628839899389, 'min_child_weight': 9, 'gamma': 0.7581261011342528, 'reg_alpha': 0.48942827653998716, 'reg_lambda': 1.4825774474435718e-07, 'use_gpu': False}",-0.21803315313291327,0.7339021254763994,1.1058824723665326,0.3986250535603118,0.26612079662672444,0.8935926175633577,0.7892919565307734,0.5158689723434862,0.8981267370779783,0.5386123297787768,0.7540349499516691,0.750873921802018
regressor,2d,xgboost,2409,umap,3,42,0.5315543561188579,0.6832354514051597,0.6119132986020903,0.8850601466124334,1.0910332876657003,-0.2143054821580832,0.23693983684738623,0.23972243967780263,"{'n_estimators': 265, 'max_depth': 10, 'learning_rate': 0.20181195521290238, 'subsample': 0.5314225171786048, 'colsample_bytree': 0.7674638924888753, 'min_child_weight': 9, 'gamma': 0.5578089025669701, 'reg_alpha': 0.013424959372593867, 'reg_lambda': 0.003809497400192081, 'use_gpu': False}",-0.2836339114157733,0.6832354514051597,1.1903536347946266,0.3079654348884617,0.15968139076188917,0.9401072720951511,0.8807837923086871,0.3996015399893864,0.9400697998306896,0.46681068205681236,0.7900741211079987,0.801884234602371
regressor,2d,xgboost,2409,umap,2,42,0.5775289983449038,0.7433206424311338,0.5807769685499731,1.0158847531176611,1.2255160298172152,-0.5074484644868604,0.38319364963757657,0.3393000248938163,"{'n_estimators': 465, 'max_depth': 9, 'learning_rate': 0.2936433515508487, 'subsample': 0.8876054736225302, 'colsample_bytree': 0.6813964119462412, 'min_child_weight': 7, 'gamma': 0.6094663454977776, 'reg_alpha': 6.375253552934761e-06, 'reg_lambda': 1.7726821895483978e-06, 'use_gpu': False}",-0.30053639017056577,0.7433206424311338,1.5018895393389493,0.34337980779252214,0.19605789404995036,0.9290531842091833,0.8563861674621962,0.44278425226056806,0.9308421418636506,0.5525255774642335,0.7630852586010327,0.7644343236909629
regressor,2d,xgboost,2409,umap,4,42,0.3916758406248694,0.5159614762795862,0.6598507862272195,0.8404856676803862,1.0340371560183363,0.2711893454784422,0.5820481067386535,0.5754714161697948,"{'n_estimators': 379, 'max_depth': 12, 'learning_rate': 0.1454464929206399, 'subsample': 0.9437622221238993, 'colsample_bytree': 0.6690710489910414, 'min_child_weight': 6, 'gamma': 0.6541238480643883, 'reg_alpha': 1.2856126532419265e-08, 'reg_lambda': 2.0029854605685225e-07, 'use_gpu': False}",-0.031451327876761914,0.5159614762795862,1.0692328400264892,0.37407308405034195,0.23475008390532684,0.9139050956618023,0.8124022404950351,0.4845101484028243,0.9143243393838126,0.26621624500461005,0.8134504139828003,0.7561309024352839
regressor,2d,xgboost,2409,umap,1,42,0.5344265798884407,0.683528346350848,0.6650166527750025,1.0154055369268398,1.2388024503698598,-0.1700981584511536,0.08844793585458348,0.039618299950831395,"{'n_estimators': 472, 'max_depth': 3, 'learning_rate': 0.13772838642276763, 'subsample': 0.9397726883146551, 'colsample_bytree': 0.7035457002997042, 'min_child_weight': 5, 'gamma': 0.01619128779742477, 'reg_alpha': 0.00019190278859950244, 'reg_lambda': 0.238537094638788, 'use_gpu': False}",-0.3010229310126019,0.683528346350848,1.534631511042369,0.29113370821196216,0.14631039276308416,0.9411429393685028,0.8796139755665794,0.3825054153382461,0.9392620025926296,0.46721100026512485,0.8186510137381979,0.8209541805361414
regressor,2d,xgboost,2409,time,5,42,0.5099355845275081,0.6701267083433448,0.6791745638079432,0.876854712349346,1.0992395429480888,0.058018880591370614,0.36646361695021773,0.31206715741095886,"{'n_estimators': 276, 'max_depth': 12, 'learning_rate': 0.12269518243667141, 'subsample': 0.5241893889352346, 'colsample_bytree': 0.9511497188043981, 'min_child_weight': 7, 'gamma': 0.18771311990931294, 'reg_alpha': 6.253950899867739e-07, 'reg_lambda': 1.2471905927949374, 'use_gpu': False}",-0.24682121862294104,0.6701267083433448,1.2083275727807232,0.3217945028555767,0.1791875376274308,0.9309492279597057,0.8581447980253792,0.4233054897204037,0.9297360245511973,0.4490698052350862,0.8282864061388366,0.843371947566879
regressor,2d,xgboost,2409,time,3,42,0.5221735367246628,0.6522289529990198,0.5824476403220498,0.8914245286703364,1.0891456108757809,0.10935123340334263,0.3653541121615832,0.3547630655165153,"{'n_estimators': 440, 'max_depth': 9, 'learning_rate': 0.025247932296297692, 'subsample': 0.5022977534762071, 'colsample_bytree': 0.94147297365041, 'min_child_weight': 1, 'gamma': 0.1742904142229507, 'reg_alpha': 0.00015324943801403864, 'reg_lambda': 1.279570380270417e-06, 'use_gpu': False}",-0.40194641392867464,0.6522289529990198,1.186238161689978,0.2060909492700435,0.06264134936349888,0.9792348818341381,0.9499038272324105,0.2502825390703452,0.9752612205661089,0.4254026071301976,0.7653785676677827,0.7464814788474091
regressor,2d,xgboost,2409,time,2,42,0.6390371430100025,0.7998049485892064,0.6786845808039856,0.9333515803869097,1.157751482586696,0.04482799737513099,0.39971023616182855,0.3716080579684831,"{'n_estimators': 418, 'max_depth': 8, 'learning_rate': 0.16219391509363568, 'subsample': 0.6277748289993214, 'colsample_bytree': 0.500350753079255, 'min_child_weight': 7, 'gamma': 0.0044109696627537415, 'reg_alpha': 0.00015177133591278403, 'reg_lambda': 2.1264409837961676e-05, 'use_gpu': False}",-0.584610030138188,0.7998049485892064,1.3403884954316925,0.16348329614955898,0.046308852927140425,0.9780195567280487,0.9547174809268856,0.21519491845101832,0.9728041157873907,0.639687955787783,0.8501436555211455,0.8544540029590368
regressor,2d,xgboost,2409,time,4,42,0.6371529945770255,0.8256392418385661,0.5546741437649716,0.9886459982016036,1.1987649780535856,0.06995291676274118,0.341337223160383,0.34072998568188767,"{'n_estimators': 330, 'max_depth': 10, 'learning_rate': 0.12883448084225482, 'subsample': 0.7412679208077114, 'colsample_bytree': 0.5479924349857763, 'min_child_weight': 6, 'gamma': 0.20442007081784308, 'reg_alpha': 0.0074774979268716875, 'reg_lambda': 0.18705586101612784, 'use_gpu': False}",-0.5088007397097722,0.8256392418385661,1.4370374726078137,0.24223886720265647,0.10038663643121765,0.9566033559143226,0.9108281274550365,0.3168385021287938,0.9520796329891339,0.6816801576637621,0.7456765465870582,0.7780418292689287
regressor,2d,xgboost,2409,time,1,42,0.3719043247594964,0.48057678577460705,0.830492316846662,1.0860102219566203,1.3487892203248313,-0.37151336854051364,0.3723317551091634,0.36040934625617344,"{'n_estimators': 434, 'max_depth': 3, 'learning_rate': 0.22417776227275796, 'subsample': 0.5188337786501157, 'colsample_bytree': 0.9626944454545421, 'min_child_weight': 7, 'gamma': 0.3544327170278009, 'reg_alpha': 0.015673507716671604, 'reg_lambda': 7.213789513222346e-07, 'use_gpu': False}",-0.14096942044854194,0.48057678577460705,1.8192323608644665,0.26652989545845596,0.11533316258371144,0.9493926918017082,0.8985999843186698,0.3396073653260651,0.9399428950853805,0.23095404702545258,0.9231328088001625,0.9029476197853283
regressor,2d,xgboost,2409,butina,5,42,0.47087102760708044,0.602026823364251,0.672921568909872,0.7753003515886875,0.9721163825041976,0.1640551967370114,0.47760302680918354,0.4390840204581174,"{'n_estimators': 474, 'max_depth': 12, 'learning_rate': 0.0415421695836221, 'subsample': 0.6484433185560312, 'colsample_bytree': 0.5163821073058313, 'min_child_weight': 5, 'gamma': 0.215811750561327, 'reg_alpha': 5.834638975751179e-07, 'reg_lambda': 0.0003032025487549016, 'use_gpu': False}",-0.2864206372272665,0.602026823364251,0.9450102611330475,0.23987925673842167,0.09960726472793288,0.9643788621715295,0.9255976749610115,0.31560618613698443,0.9637809691888747,0.36243629605005095,0.8233568410739307,0.7868856667089045
regressor,2d,xgboost,2409,butina,3,42,0.4642009698846728,0.566940752692734,0.7595985326551471,0.9105400115219173,1.1749681954862006,-0.23025250332592928,0.2715279447888427,0.2754648089741521,"{'n_estimators': 369, 'max_depth': 10, 'learning_rate': 0.13403571665302577, 'subsample': 0.5751001335308501, 'colsample_bytree': 0.7017877122958809, 'min_child_weight': 6, 'gamma': 0.30395223592244747, 'reg_alpha': 0.005119984215427476, 'reg_lambda': 1.7177115513180965, 'use_gpu': False}",-0.21909005198953535,0.566940752692734,1.3805502604040982,0.2702031269155657,0.12100010997970631,0.9545791043912131,0.9077351031168963,0.3478507007031987,0.9531467127255024,0.32142181706380385,0.876024916864751,0.8573213866577916
regressor,2d,xgboost,2409,butina,2,42,0.5514391995113458,0.6987363486391135,0.5184770942341602,0.7384030254117803,0.9437595047804633,0.4069797302357121,0.6726468248875855,0.6712224533890316,"{'n_estimators': 311, 'max_depth': 12, 'learning_rate': 0.26285588021072176, 'subsample': 0.5138843279421658, 'colsample_bytree': 0.5321467337958773, 'min_child_weight': 10, 'gamma': 0.2384716076541917, 'reg_alpha': 1.5409610913155627e-06, 'reg_lambda': 1.5444189592818558, 'use_gpu': False}",-0.16047800240590926,0.6987363486391135,0.8906820028634653,0.40853544290334326,0.2897220472897039,0.8794645180051257,0.7670949298543748,0.5382583462332042,0.8723802721052812,0.48823248490952076,0.7231426636176213,0.7202842474280763
regressor,2d,xgboost,2409,butina,4,42,0.4974987214947665,0.6704560062064381,0.6335434725623525,0.8077089936421019,1.003194858351402,0.2916906701316331,0.5511831989764068,0.5116439415661866,"{'n_estimators': 282, 'max_depth': 8, 'learning_rate': 0.10337867378911604, 'subsample': 0.783633043344265, 'colsample_bytree': 0.8143434625944022, 'min_child_weight': 3, 'gamma': 0.45198039998519945, 'reg_alpha': 4.237473119223762e-07, 'reg_lambda': 3.788841236639957e-07, 'use_gpu': False}",-0.3125209031317223,0.6704560062064381,1.0063999238226897,0.2746903766881006,0.1281175380131074,0.9518903525060631,0.896112164112131,0.35793510307471577,0.9502307764711608,0.44951125625828736,0.8001639388083566,0.7537140252409742
regressor,2d,xgboost,2409,butina,1,42,0.5573126870002676,0.7213211348595087,0.5813343670835577,0.7698739221511911,0.9443764712562834,0.20147527368368934,0.46417177512270746,0.45226448734510527,"{'n_estimators': 117, 'max_depth': 7, 'learning_rate': 0.13263908996668836, 'subsample': 0.701762124311755, 'colsample_bytree': 0.7182348547492248, 'min_child_weight': 2, 'gamma': 0.034615029994936736, 'reg_alpha': 3.9132099149261454e-07, 'reg_lambda': 2.13221500436724e-05, 'use_gpu': False}",-0.4149354630720772,0.7213211348595087,0.8918469194624699,0.2433787315616959,0.0938721798766357,0.9680459942684164,0.9287790082969135,0.3063856717874315,0.9664417796970994,0.5203041795950095,0.7688486484337603,0.740855444617912
regressor,2d,xgboost,2409,diverse_25,5,42,0.7197098809551385,0.8884780428554641,0.46217248268823996,0.8631853180671564,1.031069866188448,0.26611083149885617,0.5569268049302735,0.5475220886610322,"{'n_estimators': 188, 'max_depth': 11, 'learning_rate': 0.1433047455798868, 'subsample': 0.708692311091964, 'colsample_bytree': 0.8253769192287439, 'min_child_weight': 5, 'gamma': 0.1359014479190009, 'reg_alpha': 1.0345746662249125, 'reg_lambda': 0.02566366300666254, 'use_gpu': False}",-0.5597038376433144,0.8884780428554641,1.0631050689618642,0.25852519779925975,0.10809247801288066,0.9673256218850367,0.9230976280218223,0.3287742052121496,0.9678448707270737,0.7893932326362758,0.6810149801992617,0.6753240161709176
regressor,2d,xgboost,2409,diverse_25,3,42,0.8786464780804198,1.1056357206302578,0.22796014637866568,0.8157709226793455,1.0119477351604038,0.2055701614098152,0.4855119946592271,0.4183660152198578,"{'n_estimators': 261, 'max_depth': 10, 'learning_rate': 0.03771945056446511, 'subsample': 0.7314664680221776, 'colsample_bytree': 0.5965166386007468, 'min_child_weight': 10, 'gamma': 0.6378631731148081, 'reg_alpha': 1.0117863261311672e-06, 'reg_lambda': 0.44039437433028145, 'use_gpu': False}",-0.5612815320358098,1.1056357206302578,1.0240382186962707,0.44195935242801543,0.29632148264031993,0.9049626340293363,0.792686784308532,0.5443541885944481,0.9033677066158399,1.2224303467335895,0.50126566467255,0.46355217232087
regressor,2d,xgboost,2409,diverse_25,2,42,0.7718099004494394,0.9095658422434614,0.2542983250164551,0.7395819556534714,0.9129493441652387,0.29273332727539336,0.5973271620511773,0.5733477922469052,"{'n_estimators': 124, 'max_depth': 8, 'learning_rate': 0.252270127500871, 'subsample': 0.911213802736041, 'colsample_bytree': 0.8128146353561785, 'min_child_weight': 2, 'gamma': 0.8134245624995566, 'reg_alpha': 2.5705371914132944, 'reg_lambda': 5.604478708180107, 'use_gpu': False}",-0.0243256440133216,0.9095658422434614,0.8334765050117393,0.7605948861920904,0.7836502085625371,0.8209051819473255,0.5040464263276866,0.8852401982301398,0.8188073595577622,0.8273100213760572,0.5149245370280028,0.5351839595151794
regressor,2d,xgboost,2409,diverse_25,4,42,0.7271666865869967,0.8970087484297973,0.3542861967696723,0.9741712671843553,1.1378966269297088,0.20626621821415914,0.46442289350519367,0.43352336357296534,"{'n_estimators': 269, 'max_depth': 7, 'learning_rate': 0.13034856008560394, 'subsample': 0.8774182539770448, 'colsample_bytree': 0.7422139330122801, 'min_child_weight': 3, 'gamma': 0.13348970304379285, 'reg_alpha': 1.5023488395588986e-06, 'reg_lambda': 0.7840720211858421, 'use_gpu': False}",-0.4778436100379249,0.8970087484297973,1.294808733578009,0.33971852904066874,0.17569941324307753,0.9531666927637149,0.8755712006138614,0.41916513839187236,0.9527102280903122,0.8046246947595914,0.5964439471454108,0.5648757597025782
regressor,2d,xgboost,2409,diverse_25,1,42,0.6604096204547063,0.7975277330582043,0.5067275163664423,0.8940291162373062,1.0551529611153274,0.2595943546602867,0.5351609865596684,0.41822806606720686,"{'n_estimators': 467, 'max_depth': 4, 'learning_rate': 0.03102637911167639, 'subsample': 0.6129047178133156, 'colsample_bytree': 0.9509445222986648, 'min_child_weight': 2, 'gamma': 0.06099352154030145, 'reg_alpha': 0.6792936908446819, 'reg_lambda': 0.024002441247921058, 'use_gpu': False}",-0.5064124064183053,0.7975277330582043,1.1133477713504436,0.22916888621619375,0.0847481334046551,0.9767181874648799,0.941190045317651,0.29111532663989903,0.9771600312339292,0.6360504849969584,0.7129248187067899,0.6863805764969894
regressor,2d,xgboost,284,scaffold,5,42,0.3886428024769719,0.49577667938182257,0.6787195945664173,0.5864583741356503,0.7992211982293539,0.4195967439158016,0.6519702326707191,0.6853349276380937,"{'n_estimators': 336, 'max_depth': 10, 'learning_rate': 0.06179872166555995, 'subsample': 0.7254810218194048, 'colsample_bytree': 0.7324385369909409, 'min_child_weight': 9, 'gamma': 0.2284965146324046, 'reg_alpha': 0.00788411442695467, 'reg_lambda': 1.404835654929181e-08, 'use_gpu': False}",-0.17498803719394196,0.49577667938182257,0.6387545236991642,0.24105596849593192,0.10290535295674409,0.9465720538829254,0.8888017139560221,0.3207886421878806,0.9448039255547819,0.24579451581886652,0.8346396265159501,0.8421118111840186
regressor,2d,xgboost,284,scaffold,3,42,0.4044323195516225,0.5509114716877785,0.6487175439115499,0.550016595622643,0.7449424225778646,0.383006494455848,0.6437307746812878,0.597300408917205,"{'n_estimators': 326, 'max_depth': 7, 'learning_rate': 0.11394720699822501, 'subsample': 0.7214592802476275, 'colsample_bytree': 0.6719631004415736, 'min_child_weight': 3, 'gamma': 0.1876241465093871, 'reg_alpha': 1.944776295357277e-06, 'reg_lambda': 5.327699017204157e-07, 'use_gpu': False}",-0.2695643529088396,0.5509114716877785,0.5549392129561778,0.21242230104624518,0.07915620124521036,0.9620033256427092,0.9186887989170924,0.2813471187789389,0.9625792455940707,0.303503449637194,0.8059235039546626,0.8085250868289876
regressor,2d,xgboost,284,scaffold,2,42,0.4161752318542616,0.5770726132140893,0.5655686329408942,0.523229986740068,0.6932351712285985,0.48982320614250296,0.6998963253629233,0.6650518901403236,"{'n_estimators': 467, 'max_depth': 7, 'learning_rate': 0.11875683221677853, 'subsample': 0.9636771247124084, 'colsample_bytree': 0.5550760042113145, 'min_child_weight': 1, 'gamma': 0.0577999634244785, 'reg_alpha': 0.0003578336203117676, 'reg_lambda': 6.771793703855245e-07, 'use_gpu': False}",-0.2604054057883839,0.5770726132140893,0.48057500262834424,0.2550313734979694,0.10027812025879473,0.962453748829542,0.89666576302577,0.3166672074257054,0.9623186119341698,0.3330128009217379,0.7615914711813945,0.7679300403140302
regressor,2d,xgboost,284,scaffold,4,42,0.49129101059335384,0.6683058684114339,0.6097629199166732,0.6006181879027636,0.8064629065835873,0.3361235320483592,0.5988522057663943,0.6002303253931598,"{'n_estimators': 444, 'max_depth': 9, 'learning_rate': 0.08498192439602849, 'subsample': 0.5029277629788353, 'colsample_bytree': 0.6475542477551506, 'min_child_weight': 8, 'gamma': 0.1306425085771607, 'reg_alpha': 0.04122746200658846, 'reg_lambda': 0.013464477059375781, 'use_gpu': False}",-0.4077701182544091,0.6683058684114339,0.6503824196952479,0.198325906940956,0.06787887710988363,0.9645715776551743,0.9263526240006641,0.2605357501570248,0.9654141535445978,0.4466327337531608,0.782745034029872,0.7502552912262813
regressor,2d,xgboost,284,scaffold,1,42,0.4693957810439037,0.6386991105249707,0.608996765970593,0.5920986644440892,0.7765963992122913,0.25228895091176684,0.5270356938367049,0.5324401016119419,"{'n_estimators': 314, 'max_depth': 7, 'learning_rate': 0.07468593302129638, 'subsample': 0.7990167829170604, 'colsample_bytree': 0.5665388226916469, 'min_child_weight': 1, 'gamma': 0.21441013309455606, 'reg_alpha': 3.8267026834747975e-08, 'reg_lambda': 2.6177326437673524e-07, 'use_gpu': False}",-0.36721257874668556,0.6386991105249707,0.6031019672694965,0.2228522126844256,0.07370493693700186,0.9698802648740523,0.9247318601908139,0.2714865317782852,0.9671152280976977,0.40793655378538873,0.7934202850184631,0.8072509941147493
regressor,2d,xgboost,284,random,5,42,0.4351389327725132,0.5922679164207587,0.6234167679798077,0.493692165689372,0.6565101845247583,0.5202582708737,0.7229608954113652,0.7282841572755592,"{'n_estimators': 196, 'max_depth': 10, 'learning_rate': 0.08398110575666155, 'subsample': 0.7542253722610874, 'colsample_bytree': 0.9227880939745328, 'min_child_weight': 4, 'gamma': 0.37629356142934245, 'reg_alpha': 8.607841067136258e-08, 'reg_lambda': 0.0021310577863643313, 'use_gpu': False}",-0.27978777566158847,0.5922679164207587,0.4310056223847322,0.2368176407946285,0.09764383836887085,0.9537064529200242,0.8992294308672094,0.31248014075917024,0.9555512887374746,0.3507812848213869,0.7987334147914362,0.7967726638612912
regressor,2d,xgboost,284,random,3,42,0.47038810910325923,0.6809223355320474,0.4911872039796844,0.4624891161871084,0.6434281832200258,0.5486846153230069,0.750606334308868,0.7429311582104875,"{'n_estimators': 498, 'max_depth': 12, 'learning_rate': 0.20796888281461262, 'subsample': 0.5030488472905292, 'colsample_bytree': 0.5886680677971334, 'min_child_weight': 4, 'gamma': 0.18686912375762987, 'reg_alpha': 5.867577938363258e-08, 'reg_lambda': 0.001155534199224702, 'use_gpu': False}",-0.433431988263439,0.6809223355320474,0.4139998269618231,0.19558155933948768,0.0612514719911364,0.9689664765252234,0.9365686870013202,0.24749034726860844,0.9681072484747916,0.4636552270264182,0.7173691720926675,0.7219152378752253
regressor,2d,xgboost,284,random,2,42,0.4601827733583837,0.6003913623242063,0.5516866732270109,0.5163336790685988,0.7005282208278596,0.5166057658071834,0.7244291680609889,0.7198322324355964,"{'n_estimators': 107, 'max_depth': 11, 'learning_rate': 0.09091384408645459, 'subsample': 0.6934887507864477, 'colsample_bytree': 0.6940806560054383, 'min_child_weight': 5, 'gamma': 0.7609846893470479, 'reg_alpha': 0.00025619885289859, 'reg_lambda': 8.51619572422343e-06, 'use_gpu': False}",-0.17277149933846042,0.6003913623242063,0.49073978817624636,0.32668891503366543,0.18285874721994808,0.9118108254498317,0.807752072538103,0.4276198629857459,0.9139400297473321,0.3604697879535164,0.743668370147326,0.7282736605004678
regressor,2d,xgboost,284,random,4,42,0.384817749270913,0.5277443120179119,0.6827535848180182,0.4524141791481157,0.6245194656775057,0.5735472207647173,0.7583402862377827,0.7451789137701811,"{'n_estimators': 455, 'max_depth': 12, 'learning_rate': 0.057923402726732215, 'subsample': 0.9281073542398752, 'colsample_bytree': 0.5592755213462934, 'min_child_weight': 2, 'gamma': 0.2085536967942821, 'reg_alpha': 2.8048497696157044e-08, 'reg_lambda': 1.5879565089348529, 'use_gpu': False}",-0.24946922500174196,0.5277443120179119,0.3900245630101172,0.21542757149021513,0.07743702405385698,0.9666179050703687,0.920182627078907,0.27827508701617,0.9684194694718373,0.27851405886725916,0.8272371657589646,0.8369260118752787
regressor,2d,xgboost,284,random,1,42,0.4596799115150741,0.6027644102348773,0.5903706572014247,0.523173459691308,0.6876187771485455,0.5307045819017188,0.7310762744007596,0.7331824564659436,"{'n_estimators': 432, 'max_depth': 11, 'learning_rate': 0.019544833525328157, 'subsample': 0.6156548294313102, 'colsample_bytree': 0.9312343933871136, 'min_child_weight': 2, 'gamma': 0.2641486002233599, 'reg_alpha': 0.40448742384213704, 'reg_lambda': 2.1215793164108246e-06, 'use_gpu': False}",-0.3014486131294905,0.6027644102348773,0.4728195826872611,0.23570796236797484,0.09079120958525458,0.9571833299531453,0.9036263512881969,0.30131579710538675,0.9558492298514675,0.3633249342457994,0.7733187705610345,0.7741293380748059
regressor,2d,xgboost,284,umap,5,42,0.502627394872943,0.7346530695930867,0.5604848558014109,0.824025164468991,1.0465899777341843,-0.6226284388673202,-0.2505754115161019,-0.22584295483563824,"{'n_estimators': 311, 'max_depth': 9, 'learning_rate': 0.2402572323067433, 'subsample': 0.5725728495664562, 'colsample_bytree': 0.7420716971453297, 'min_child_weight': 5, 'gamma': 0.30778487819726774, 'reg_alpha': 0.005756148477494641, 'reg_lambda': 0.005142823570034922, 'use_gpu': False}",-0.47551964491009935,0.7346530695930867,1.0953505814936404,0.19934611857775802,0.06715013178793348,0.966454051170646,0.9320513031469232,0.2591334246829874,0.9674651894661552,0.5397151326625448,0.7509311737578588,0.787733769643098
regressor,2d,xgboost,284,umap,3,42,0.44174900413894713,0.6177978567661508,0.5590201904426197,0.9373303139141498,1.1333546082405086,-0.11727424447082635,0.11903875036853251,0.13698619026189265,"{'n_estimators': 428, 'max_depth': 5, 'learning_rate': 0.10312314142983629, 'subsample': 0.591354937802791, 'colsample_bytree': 0.8339035910316523, 'min_child_weight': 1, 'gamma': 0.17728402316119407, 'reg_alpha': 7.818700410370051e-08, 'reg_lambda': 0.0037017783184368153, 'use_gpu': False}",-0.40055107933325407,0.6177978567661508,1.2844926680199968,0.1809555537338154,0.04719616230497859,0.9743176369271207,0.9450072049559997,0.21724677743289678,0.9711498506843089,0.3816741918248494,0.7535807806386062,0.7449371264406544
regressor,2d,xgboost,284,umap,2,42,0.3929104179465365,0.5586134681882504,0.6641534348643006,0.9393143268356935,1.1081758796795615,-0.10422414391925905,0.3306983494555778,0.3170960139591383,"{'n_estimators': 471, 'max_depth': 10, 'learning_rate': 0.050452146697790974, 'subsample': 0.920383259803449, 'colsample_bytree': 0.5224130433311533, 'min_child_weight': 7, 'gamma': 0.13014666605857056, 'reg_alpha': 0.00019602977151401364, 'reg_lambda': 2.9169084649856506e-05, 'use_gpu': False}",-0.25206756904182476,0.5586134681882504,1.2280537803035703,0.23149689153564398,0.09397038828349058,0.9499372519072232,0.8941166265700369,0.30654589914642566,0.949746606454206,0.31204900684130543,0.81703639838205,0.7997470051248659
regressor,2d,xgboost,284,umap,4,42,0.49747964109219683,0.6472364681035861,0.503232115941956,0.8955996075583759,1.116215673243826,-0.22079772837303047,-0.0015128754345696846,-0.04800427190223115,"{'n_estimators': 417, 'max_depth': 12, 'learning_rate': 0.21024197653048696, 'subsample': 0.818809426237519, 'colsample_bytree': 0.5786529786954094, 'min_child_weight': 1, 'gamma': 0.6979137999508526, 'reg_alpha': 0.6643830839416932, 'reg_lambda': 0.0012846778600742585, 'use_gpu': False}",-0.22053719481048728,0.6472364681035861,1.2459374291951675,0.33646309846211475,0.18207226982885866,0.9143515454316322,0.8001813354579052,0.42669927329309887,0.9109029199861296,0.4189150456432045,0.7187594329847271,0.7583699606676358
regressor,2d,xgboost,284,umap,1,42,0.4432346231289603,0.5887997330316057,0.6010861884240394,0.6615534746504845,0.8479690936421552,-1.2934530747453836,0.05709991245584682,0.09385492029558695,"{'n_estimators': 287, 'max_depth': 7, 'learning_rate': 0.20846305599391185, 'subsample': 0.7310261641455891, 'colsample_bytree': 0.9238043949828204, 'min_child_weight': 8, 'gamma': 0.036508568511248854, 'reg_alpha': 0.00012025962303033181, 'reg_lambda': 1.4846580978688523e-08, 'use_gpu': False}",-0.3704133940176475,0.5887997330316057,0.7190515837722982,0.16539493793188412,0.047692593067919474,0.9786319080378023,0.9557241792295535,0.21838633901395818,0.979032738094528,0.3466851256180902,0.7850532374893345,0.8062090301759525
regressor,2d,xgboost,284,time,5,42,0.44966884209983327,0.6283248076707407,0.601427562396893,0.861429419309739,1.1065900566919473,0.0673165668715271,0.4523440376245951,0.410829946593976,"{'n_estimators': 491, 'max_depth': 8, 'learning_rate': 0.22100900660006073, 'subsample': 0.521122249919478, 'colsample_bytree': 0.6324432715670287, 'min_child_weight': 5, 'gamma': 0.014383548283202312, 'reg_alpha': 9.72585994925003, 'reg_lambda': 0.00022487604453089294, 'use_gpu': False}",-0.21377525411807302,0.6283248076707407,1.2245415535694872,0.3057166268553887,0.1718513323507161,0.9015105375163208,0.8060867541481429,0.4145495535526677,0.9053857878734816,0.39479206393447336,0.7817797495904024,0.8172777018750202
regressor,2d,xgboost,284,time,3,42,0.4493074770208506,0.615247223903176,0.5707933284872402,0.813419029423871,1.032585596751051,0.13359057616654557,0.43898270726360217,0.4425746911276603,"{'n_estimators': 468, 'max_depth': 7, 'learning_rate': 0.2974903044568403, 'subsample': 0.7064023170235977, 'colsample_bytree': 0.8478944167768452, 'min_child_weight': 10, 'gamma': 0.00414644635562833, 'reg_alpha': 0.00010348250941630666, 'reg_lambda': 2.8154316477581617e-08, 'use_gpu': False}",-0.480879657660512,0.615247223903176,1.0662330146177244,0.10083655705525504,0.018054642857976706,0.9873190604240109,0.9739963727227829,0.13436756624266402,0.9853980490069221,0.3785291465205648,0.7591236238373009,0.7559435017556514
regressor,2d,xgboost,284,time,2,42,0.3338716033528594,0.4526713127247325,0.6719087798321464,0.7628535624053496,0.9653728311705166,0.14326825197533755,0.40473355013049467,0.4195322954251797,"{'n_estimators': 176, 'max_depth': 12, 'learning_rate': 0.08561163409579833, 'subsample': 0.8741549750174222, 'colsample_bytree': 0.7225383650871875, 'min_child_weight': 4, 'gamma': 0.14080281997818056, 'reg_alpha': 0.003144627001817703, 'reg_lambda': 2.442887415697082e-07, 'use_gpu': False}",-0.20348507269924967,0.4526713127247325,0.9319447031621789,0.19066517568828137,0.06209378221803754,0.9618674799512626,0.9151418060123249,0.2491862400254828,0.959807829283241,0.20491131736393253,0.8212450973926779,0.850317641068357
regressor,2d,xgboost,284,time,4,42,0.3599638168940718,0.49655214986201723,0.6852549099040584,0.7773442185975735,0.9934723400661383,0.3231193089847022,0.5769337539352588,0.554290849188622,"{'n_estimators': 499, 'max_depth': 6, 'learning_rate': 0.1418090028932072, 'subsample': 0.6573686433821316, 'colsample_bytree': 0.7060316240317078, 'min_child_weight': 6, 'gamma': 0.0027492086823806966, 'reg_alpha': 0.4653470906209726, 'reg_lambda': 0.0013911606856837136, 'use_gpu': False}",-0.20910566089191696,0.49655214986201723,0.9869872904764886,0.21888326175069653,0.082625484021238,0.9506253144403536,0.8982735588721557,0.2874464889701003,0.9484898491956437,0.2465640375325912,0.8334473627739605,0.861236849904177
regressor,2d,xgboost,284,time,1,42,0.456777199099428,0.5718059165072537,0.6512519530554217,0.7760748825787965,0.9854982929669499,-0.019168325412045828,0.33359815108355595,0.34867124861588733,"{'n_estimators': 294, 'max_depth': 5, 'learning_rate': 0.22470017485342816, 'subsample': 0.5760046331016553, 'colsample_bytree': 0.7031868190120087, 'min_child_weight': 8, 'gamma': 0.2828900675331822, 'reg_alpha': 0.0027051999341653654, 'reg_lambda': 0.0021762811019047546, 'use_gpu': False}",-0.25091532574650555,0.5718059165072537,0.9712068854407722,0.2506936628951395,0.10297077123878191,0.9381591980854798,0.8774673629269404,0.3208905907607481,0.9320563280781566,0.3269620061527003,0.8233998990509541,0.7914910884983908
regressor,2d,xgboost,284,butina,5,42,0.40646815841442774,0.5437673156667134,0.6319163905970884,0.6854966944145066,0.9168898987430644,0.10530845285014734,0.3523598860550262,0.322595264703682,"{'n_estimators': 227, 'max_depth': 8, 'learning_rate': 0.05992925485011316, 'subsample': 0.9848293988579845, 'colsample_bytree': 0.5001880810967437, 'min_child_weight': 5, 'gamma': 0.1529463121070597, 'reg_alpha': 1.630412163771396e-07, 'reg_lambda': 1.7969977775493692e-07, 'use_gpu': False}",-0.21649548167058408,0.5437673156667134,0.8406870864170669,0.24214218265628104,0.10710685332719004,0.9494852787350221,0.8898035442587416,0.32727183399612936,0.951922607331936,0.2956828935873832,0.7979029558174946,0.8109262545356585
regressor,2d,xgboost,284,butina,3,42,0.4317163512816077,0.6031240622207239,0.633681507443352,0.7933426296585252,1.0617696225786457,-0.09615558665166013,0.3456796394901715,0.3778228333121568,"{'n_estimators': 464, 'max_depth': 9, 'learning_rate': 0.06292240539895136, 'subsample': 0.6500530621826611, 'colsample_bytree': 0.5203481519242245, 'min_child_weight': 2, 'gamma': 0.1289764998992445, 'reg_alpha': 5.346447846051129e-08, 'reg_lambda': 0.004230409421525095, 'use_gpu': False}",-0.4065130563659358,0.6031240622207239,1.1273547314308,0.15837631699631194,0.038655887623231515,0.9811248092578183,0.9580952886027554,0.19661100585478808,0.9788590667187586,0.3637586344296277,0.7975820422047003,0.8019055731193063
regressor,2d,xgboost,284,butina,2,42,0.4880841680612208,0.7218947956096279,0.5700112797712625,0.6231992952334278,0.8196480947658843,-0.37878122605053455,0.09707938556904509,0.08475317842775601,"{'n_estimators': 330, 'max_depth': 11, 'learning_rate': 0.05509272386385926, 'subsample': 0.5372351504712837, 'colsample_bytree': 0.8739228924671917, 'min_child_weight': 10, 'gamma': 0.13941078549969044, 'reg_alpha': 1.323625210209699e-05, 'reg_lambda': 0.01405073944374302, 'use_gpu': False}",-0.4034309846943996,0.7218947956096279,0.6718229992533441,0.23821860586332805,0.10141919886265029,0.9525558312788699,0.9017539258905196,0.3184638109152283,0.9549889852947482,0.5211320959282664,0.756078098754921,0.7729587825190494
regressor,2d,xgboost,284,butina,4,42,0.4433879654019194,0.6327731136180407,0.5869011865988798,0.8113439558702202,1.0242340111409005,0.13914794730452185,0.5215179117751303,0.536436578007108,"{'n_estimators': 247, 'max_depth': 9, 'learning_rate': 0.08379558473075593, 'subsample': 0.8962449042669584, 'colsample_bytree': 0.6397905451311476, 'min_child_weight': 2, 'gamma': 0.004682839315996445, 'reg_alpha': 0.06537407671646354, 'reg_lambda': 0.0016438528746183167, 'use_gpu': False}",-0.4643205588706594,0.6327731136180407,1.0490553095777784,0.13319886501014525,0.0283762632009195,0.9862308570920135,0.9676224761790212,0.1684525547473813,0.9848990255809118,0.40040181331786984,0.767629443184085,0.7650275779987861
regressor,2d,xgboost,284,butina,1,42,0.3840330409697827,0.5181698397846181,0.6695565697229229,0.6861383548819402,0.8955358351755326,0.20782364649227547,0.5157909615005412,0.5020828835231076,"{'n_estimators': 274, 'max_depth': 10, 'learning_rate': 0.03284485060926972, 'subsample': 0.5677780795213645, 'colsample_bytree': 0.7804892252646918, 'min_child_weight': 2, 'gamma': 0.44011358136694817, 'reg_alpha': 2.7424433225014237e-07, 'reg_lambda': 2.8921844651019017e-08, 'use_gpu': False}",-0.1899732456236094,0.5181698397846181,0.8019844320835388,0.2618586279333114,0.10771300441888582,0.9520627963211249,0.8862613773234754,0.32819659416100866,0.9464914092347573,0.2684999828624167,0.831215679212705,0.8282615181533258
regressor,2d,xgboost,284,diverse_25,5,42,0.8117088719921961,0.9848368345503193,0.17863614249980364,0.7709931440814518,0.9674572218491181,0.15052713150633867,0.4050753270588749,0.310675686031643,"{'n_estimators': 270, 'max_depth': 4, 'learning_rate': 0.14462863584853528, 'subsample': 0.9553493662607158, 'colsample_bytree': 0.6819990778005052, 'min_child_weight': 5, 'gamma': 0.7227320062750983, 'reg_alpha': 0.0001227107132144378, 'reg_lambda': 4.586312057160986e-08, 'use_gpu': False}",-0.23434685495424867,0.9848368345503193,0.9359734761080136,0.5883212550423615,0.5632352094741105,0.7601380166879196,0.4625989997909741,0.7504899795960707,0.7632729728448296,0.9699035906870931,0.43765828169445403,0.4206854852389616
regressor,2d,xgboost,284,diverse_25,3,42,0.858341089363743,1.0088089458700438,0.2887836311934945,0.8310892763296468,0.979323985127969,0.052139545850073854,0.2839311453407133,0.2616132187707904,"{'n_estimators': 160, 'max_depth': 3, 'learning_rate': 0.27997116140829004, 'subsample': 0.7044443372643662, 'colsample_bytree': 0.680170399045486, 'min_child_weight': 2, 'gamma': 0.34631226012969757, 'reg_alpha': 1.7087839986238e-07, 'reg_lambda': 7.810113966565501e-07, 'use_gpu': False}",-0.25743282797829725,1.0088089458700438,0.9590754678469265,0.5932222745945028,0.5645660705380718,0.7499406843894318,0.4415898944740314,0.7513761178917465,0.7174135453530123,1.0176954892674288,0.5689864891983502,0.5058159364828286
regressor,2d,xgboost,284,diverse_25,2,42,0.6574437814604256,0.8268327014710136,0.3048804471377824,0.8179682612073174,1.0297680659780277,-0.021656252281234245,0.2407542102844442,0.2057491180093105,"{'n_estimators': 170, 'max_depth': 9, 'learning_rate': 0.18415389126832146, 'subsample': 0.7657488000295367, 'colsample_bytree': 0.5190735758840264, 'min_child_weight': 2, 'gamma': 0.9936378411193133, 'reg_alpha': 1.1527598988285017e-08, 'reg_lambda': 1.5230654528066766e-07, 'use_gpu': False}",-0.30673743684224697,0.8268327014710136,1.0604222697081278,0.4228913064940564,0.2704990842892668,0.9229316772183218,0.7572942185013718,0.5200952646287667,0.9165365443455474,0.6836523162218544,0.5704308294112034,0.5410963056486185
regressor,2d,xgboost,284,diverse_25,4,42,0.771010440732453,1.0238536177511786,0.00621227118112444,0.7611708664725382,0.9116722813774388,0.17809361069262963,0.5085463781614649,0.42751807802095265,"{'n_estimators': 413, 'max_depth': 6, 'learning_rate': 0.135312518219964, 'subsample': 0.9097921260286898, 'colsample_bytree': 0.9421478047253095, 'min_child_weight': 6, 'gamma': 0.3149094133350067, 'reg_alpha': 0.002121842906596512, 'reg_lambda': 7.185929681759443e-05, 'use_gpu': False}",-0.155753152300241,1.0238536177511786,0.8311463486319439,0.7037630595938827,0.7535984181161344,0.7298741661845056,0.3054463323826444,0.8681004654509376,0.720095345633427,1.0482762305821767,0.34863241048710236,0.35217101337482143
regressor,2d,xgboost,284,diverse_25,1,42,0.7458622683828763,0.9261364300760342,0.14335143747300105,0.8110240052972502,1.0872620289418464,-0.010013371358218004,0.2787821869617752,0.336974026735011,"{'n_estimators': 101, 'max_depth': 7, 'learning_rate': 0.2123987837395068, 'subsample': 0.7227289460380214, 'colsample_bytree': 0.889769175152846, 'min_child_weight': 3, 'gamma': 0.043434006944707865, 'reg_alpha': 0.0011664131962334286, 'reg_lambda': 0.030605303767509494, 'use_gpu': False}",-0.23917526623270435,0.9261364300760342,1.1821387195787407,0.5722450513983759,0.4719156406289822,0.8501647418731755,0.5516163746765703,0.6869611638433298,0.8393216242599236,0.8577286871139809,0.3796359866845064,0.3889124343545916
regressor,2d,xgboost,4005,scaffold,5,42,0.4092889602485583,0.5611294106900802,0.7102917293752229,0.6685491408161864,0.9204544691675497,0.2827421137241003,0.6081656702849598,0.5145054405485725,"{'n_estimators': 377, 'max_depth': 11, 'learning_rate': 0.22807882973486684, 'subsample': 0.6468590173677295, 'colsample_bytree': 0.7838115852734233, 'min_child_weight': 8, 'gamma': 0.18037833473010528, 'reg_alpha': 1.8201529963699624e-08, 'reg_lambda': 0.00045358587434392804, 'use_gpu': False}",-0.3367493036525693,0.5611294106900802,0.8472364298105157,0.17544676030488804,0.05034643243416483,0.9794118878550169,0.9581408868340845,0.22438010703751085,0.9792497454054002,0.3148662155413966,0.8465357425024007,0.8374816902916277
regressor,2d,xgboost,4005,scaffold,3,42,0.4475955718935337,0.6244106540914951,0.6905362281581895,0.5342054489963056,0.68575948783886,0.6172469008702535,0.785869675489728,0.723757714075858,"{'n_estimators': 440, 'max_depth': 9, 'learning_rate': 0.04599509528308697, 'subsample': 0.5071214039100423, 'colsample_bytree': 0.8374901174685421, 'min_child_weight': 2, 'gamma': 0.11994795018872795, 'reg_alpha': 6.394912338581271e-07, 'reg_lambda': 1.3522246580941405e-07, 'use_gpu': False}",-0.4467657948224173,0.6244106540914951,0.47026607516101554,0.14526430602230717,0.03155769602473047,0.9873123437288581,0.9727682940754281,0.17764485926907783,0.9865162212967895,0.38988866494296875,0.8310211785299082,0.8375885690829801
regressor,2d,xgboost,4005,scaffold,2,42,0.40531563916631425,0.5302675954337182,0.7721253024367902,0.4826720154664425,0.6069430771793578,0.6706918088113534,0.8269745025777984,0.8195311851957721,"{'n_estimators': 121, 'max_depth': 11, 'learning_rate': 0.08567667546291156, 'subsample': 0.5848848183474626, 'colsample_bytree': 0.7669915460230401, 'min_child_weight': 2, 'gamma': 0.20512792042961941, 'reg_alpha': 0.00020663979948299776, 'reg_lambda': 0.23430406414898097, 'use_gpu': False}",-0.2878215577255584,0.5302675954337182,0.3683798989359479,0.19537922038697017,0.05878008120038642,0.9773902220872517,0.9508662685574787,0.24244603770815976,0.9768707855692639,0.28118372276705744,0.8798572106361295,0.8450393203017343
regressor,2d,xgboost,4005,scaffold,4,42,0.4383237837222206,0.5353020250207359,0.7351088735632825,0.6017262632391855,0.7718116752486391,0.5188094771302283,0.7350667227751784,0.736624912756792,"{'n_estimators': 433, 'max_depth': 11, 'learning_rate': 0.13003289432943993, 'subsample': 0.5712227571504999, 'colsample_bytree': 0.5493563840974772, 'min_child_weight': 6, 'gamma': 0.12588663148318863, 'reg_alpha': 3.098575311745284e-06, 'reg_lambda': 1.2527331159403389e-05, 'use_gpu': False}",-0.34522582015826064,0.5353020250207359,0.5956932620501108,0.14756500169143935,0.03612896365492164,0.9851750810319136,0.9695739045374129,0.1900762048624752,0.9849459925516632,0.2865482579913005,0.8593589867179245,0.8476867480509894
regressor,2d,xgboost,4005,scaffold,1,42,0.39663016478949226,0.5184671504171251,0.7885332784810151,0.5542524256144842,0.6943157041682869,0.5734185938013009,0.7634401374362071,0.7496589422510824,"{'n_estimators': 459, 'max_depth': 7, 'learning_rate': 0.040923480841954046, 'subsample': 0.6840015447123039, 'colsample_bytree': 0.7381369689669709, 'min_child_weight': 2, 'gamma': 0.33920805896508455, 'reg_alpha': 2.921800830830498e-05, 'reg_lambda': 0.6360247728281003, 'use_gpu': False}",-0.23107927122729288,0.5184671504171251,0.48207429705470417,0.22921627007611706,0.0825917931052296,0.9679880284002753,0.9309905804691153,0.2873878791898322,0.9666867234902916,0.2688081860616538,0.888661140659615,0.8825827361529137
regressor,2d,xgboost,4005,random,5,42,0.43486598828573125,0.5680280633312094,0.7322559674099997,0.45831844741869177,0.6441013129263728,0.6417987468567394,0.8056598017026902,0.7973535256383034,"{'n_estimators': 219, 'max_depth': 10, 'learning_rate': 0.2996344267589621, 'subsample': 0.9691140883242736, 'colsample_bytree': 0.9885126760297991, 'min_child_weight': 9, 'gamma': 0.06334937575689253, 'reg_alpha': 1.611215525756819e-05, 'reg_lambda': 3.3092590720450946e-08, 'use_gpu': False}",-0.3551244266477338,0.5680280633312094,0.41486650131347724,0.1634988539725364,0.04532795851304937,0.981457876714676,0.9619311413733609,0.2129036366834756,0.9815373994707792,0.32265588073180435,0.8625616723275004,0.84962127958525
regressor,2d,xgboost,4005,random,3,42,0.38774997413369505,0.5500626621757321,0.7474770833920386,0.48466905362234763,0.6313090962136275,0.6552606026705148,0.8109064461828626,0.7811857797773112,"{'n_estimators': 362, 'max_depth': 9, 'learning_rate': 0.17996000532092052, 'subsample': 0.6219628674131483, 'colsample_bytree': 0.6802375130109285, 'min_child_weight': 7, 'gamma': 0.09935178908594064, 'reg_alpha': 7.339021263754722e-06, 'reg_lambda': 0.04826189413515058, 'use_gpu': False}",-0.35124933880557585,0.5500626621757321,0.39855117496206727,0.1534139027966459,0.039526737549486324,0.983863529536006,0.9670036255908252,0.19881332337015625,0.9841572371374993,0.3025689323198536,0.8664785582836291,0.8797868316727426
regressor,2d,xgboost,4005,random,2,42,0.44604451625908254,0.5656901500181756,0.7477779548404082,0.43668173147365474,0.5917979427068732,0.708093447303642,0.843468790887186,0.8189730632945825,"{'n_estimators': 288, 'max_depth': 9, 'learning_rate': 0.25427343423534043, 'subsample': 0.6836495450355857, 'colsample_bytree': 0.7796098622442157, 'min_child_weight': 5, 'gamma': 0.16724533052479845, 'reg_alpha': 0.0010400610956086873, 'reg_lambda': 2.815800824868284e-06, 'use_gpu': False}",-0.34181003304712965,0.5656901500181756,0.3502248049920877,0.17199811532738285,0.05012230677496921,0.9791542436660328,0.9574584197135508,0.22388011697104593,0.9786661841788519,0.320005345827586,0.8660901557112953,0.8722895472275777
regressor,2d,xgboost,4005,random,4,42,0.42604392468913127,0.5843829874783015,0.6837810381373125,0.44943292942947394,0.5914594737402945,0.7224169170166266,0.850722851950668,0.8488397533339385,"{'n_estimators': 470, 'max_depth': 9, 'learning_rate': 0.25701119992780386, 'subsample': 0.5867822845834856, 'colsample_bytree': 0.6370217920814232, 'min_child_weight': 4, 'gamma': 0.3761376567505155, 'reg_alpha': 4.698390665195007e-08, 'reg_lambda': 0.0005645106326621135, 'use_gpu': False}",-0.2853879613605315,0.5843829874783015,0.3498243090771462,0.23518422924462232,0.08939802564316596,0.962278225473686,0.924324030611753,0.29899502611777,0.9609096033371137,0.34150347605406467,0.8384858643188973,0.8196850215262844
regressor,2d,xgboost,4005,random,1,42,0.4291873166898931,0.5770386084965357,0.7307336918917486,0.4606967275292863,0.6292277280219686,0.6566480487733372,0.8113688997011839,0.8047596650607032,"{'n_estimators': 247, 'max_depth': 12, 'learning_rate': 0.13620578724828122, 'subsample': 0.8096634867081365, 'colsample_bytree': 0.9551980901753917, 'min_child_weight': 5, 'gamma': 0.09880742336522481, 'reg_alpha': 1.2725475839617615e-06, 'reg_lambda': 0.02801431432594917, 'use_gpu': False}",-0.38737629822290454,0.5770386084965357,0.39592753371168843,0.14431634016036554,0.03597179193833113,0.9855869387955319,0.9698272163134779,0.18966231027363115,0.9849071648981342,0.3329735556956182,0.8552089230515275,0.8091010301763286
regressor,2d,xgboost,4005,umap,5,42,0.3956313601651213,0.49332641381482,0.8362706311190755,0.7472821419744936,0.9223842727784296,0.18639337224630792,0.4402942041040504,0.3883592217898924,"{'n_estimators': 346, 'max_depth': 8, 'learning_rate': 0.10455713168978563, 'subsample': 0.9169507113558267, 'colsample_bytree': 0.5055802830928756, 'min_child_weight': 9, 'gamma': 0.002798636774589462, 'reg_alpha': 0.007995040146690842, 'reg_lambda': 3.194426934708826e-05, 'use_gpu': False}",-0.28043005269346033,0.49332641381482,0.8507927466689924,0.16220029761726282,0.04532486057871638,0.9812133159710488,0.9614899902788662,0.21289636112135965,0.9809697098910614,0.24337095056739103,0.9150426765258307,0.9031350056302665
regressor,2d,xgboost,4005,umap,3,42,0.37902536644733764,0.46775271788458533,0.7894961977437859,0.8196022105202022,0.9632851619643854,-0.06606360366832598,0.20349906988044253,0.0808686287617521,"{'n_estimators': 396, 'max_depth': 10, 'learning_rate': 0.06263049032626655, 'subsample': 0.70273848512793, 'colsample_bytree': 0.870464151986271, 'min_child_weight': 2, 'gamma': 0.06318513623027393, 'reg_alpha': 1.394786612302611e-07, 'reg_lambda': 0.03656731578713033, 'use_gpu': False}",-0.32547713569137937,0.46775271788458533,0.9279183032607523,0.1131304512906561,0.020242341288415705,0.9924434760354823,0.9835670484055957,0.14227558219320596,0.9920676204147494,0.21879260508841647,0.8901170600257771,0.8819468090358398
regressor,2d,xgboost,4005,umap,2,42,0.3959388012862008,0.5116418906159206,0.7745247988487082,0.6733897540509738,0.8392670535082536,0.11189419155756042,0.3778086544676432,0.3480446474939655,"{'n_estimators': 358, 'max_depth': 9, 'learning_rate': 0.15771852623794674, 'subsample': 0.8243466419613869, 'colsample_bytree': 0.6740003774433103, 'min_child_weight': 7, 'gamma': 0.046821301076858224, 'reg_alpha': 8.308436143711299e-05, 'reg_lambda': 0.0008903691240419308, 'use_gpu': False}",-0.3041906416381879,0.5116418906159206,0.7043691871044258,0.15566546815538201,0.04303602070242125,0.9832885211456063,0.9654914633278614,0.2074512489777327,0.9831708681282412,0.26177742423303363,0.8807971109753637,0.8642652586900127
regressor,2d,xgboost,4005,umap,4,42,0.4343089622453059,0.5430669376672705,0.7151742325305788,0.8463314558605803,1.0712153602382002,-0.5193236142097739,0.2765686491937728,0.30694767976005194,"{'n_estimators': 448, 'max_depth': 8, 'learning_rate': 0.13740122693687323, 'subsample': 0.6156159408076995, 'colsample_bytree': 0.6862323235384251, 'min_child_weight': 8, 'gamma': 0.43164882029120927, 'reg_alpha': 2.528903974338977e-05, 'reg_lambda': 0.0010862516322805984, 'use_gpu': False}",-0.08712526697195194,0.5430669376672705,1.147502348010257,0.3526028938999097,0.20788280707643836,0.900450920526001,0.8000648827769878,0.4559416706953186,0.892638088132764,0.29492169878730706,0.8547605006797145,0.808480900974241
regressor,2d,xgboost,4005,umap,1,42,0.4725754924730702,0.6474655548463153,0.6426146612173198,0.8589264622665531,1.0760076820906672,0.02080503952459878,0.4517883169164406,0.43710411289929285,"{'n_estimators': 374, 'max_depth': 12, 'learning_rate': 0.2378089657426787, 'subsample': 0.5838313434114256, 'colsample_bytree': 0.7170792902233621, 'min_child_weight': 9, 'gamma': 0.04864578375431602, 'reg_alpha': 0.00016236838657316432, 'reg_lambda': 1.0084704635759019, 'use_gpu': False}",-0.4536473935437797,0.6474655548463153,1.1577925319181301,0.14850705010504378,0.0375654796506957,0.9844489521200179,0.9684676742590025,0.19381816130253557,0.9839111815568713,0.4192116447124469,0.8032825064704734,0.762308063084344
regressor,2d,xgboost,4005,time,5,42,0.42120773743484935,0.564912280579176,0.7627272841013286,0.7337171596616803,0.9557628145574744,0.3221976367639863,0.6146529771940112,0.5707325817872586,"{'n_estimators': 498, 'max_depth': 8, 'learning_rate': 0.06174644257262075, 'subsample': 0.8858577925520474, 'colsample_bytree': 0.8622648098916775, 'min_child_weight': 2, 'gamma': 0.11588042230821802, 'reg_alpha': 0.04159168097696524, 'reg_lambda': 0.00022451238594426625, 'use_gpu': False}",-0.36838205052431605,0.564912280579176,0.9134825576908252,0.15912297812591827,0.03862413132541618,0.9845033504411437,0.9653449422203596,0.19653023005485995,0.983796890073078,0.3191258847491656,0.8746003400599968,0.849751539487552
regressor,2d,xgboost,4005,time,3,42,0.4350284133869653,0.603109202626989,0.692754549268709,0.7652325254661853,0.9770535741620092,0.29385978156563874,0.6071134139657354,0.5800149574859103,"{'n_estimators': 263, 'max_depth': 10, 'learning_rate': 0.13784599092646155, 'subsample': 0.5911361334998816, 'colsample_bytree': 0.6446311688262221, 'min_child_weight': 4, 'gamma': 0.12297671603008438, 'reg_alpha': 0.0007146398981267622, 'reg_lambda': 0.04075330621602016, 'use_gpu': False}",-0.4095509771384231,0.603109202626989,0.954633686782757,0.1521865601454113,0.03746478665428251,0.9826652585386267,0.9632357498141474,0.19355822548856588,0.981955126115779,0.3637407102933624,0.8323491263591565,0.8104997659164233
regressor,2d,xgboost,4005,time,2,42,0.4028096299343413,0.5131010213570302,0.6532473192510627,0.8749678717628063,1.090684502992122,0.08772909347171332,0.412113929209453,0.4023082535387639,"{'n_estimators': 295, 'max_depth': 3, 'learning_rate': 0.1574219038060047, 'subsample': 0.6474251441093768, 'colsample_bytree': 0.9374887194960375, 'min_child_weight': 10, 'gamma': 0.01185650476051223, 'reg_alpha': 0.0012892985538762033, 'reg_lambda': 0.022998568412193176, 'use_gpu': False}",-0.14055042840107518,0.5131010213570302,1.189592685067172,0.2933427298677266,0.13879394431183367,0.9305107039502772,0.8607186758568767,0.372550592955955,0.9228951063966145,0.26327265811762757,0.8115983015000292,0.8010313501922262
regressor,2d,xgboost,4005,time,4,42,0.45371437616928756,0.5706448947304851,0.6582501801428136,0.8404230178444894,1.058496937821029,0.19053859530889905,0.5048571903351529,0.4374102504555143,"{'n_estimators': 264, 'max_depth': 10, 'learning_rate': 0.15611261132829043, 'subsample': 0.5944176818254283, 'colsample_bytree': 0.6670886030309724, 'min_child_weight': 9, 'gamma': 0.39862334810551453, 'reg_alpha': 0.0010379509771629464, 'reg_lambda': 2.031589944796705e-07, 'use_gpu': False}",-0.16344099780494153,0.5706448947304851,1.1204157673764954,0.3180084197654181,0.16581501367134868,0.923972359152918,0.8472295674948473,0.40720389692554354,0.9151191225030739,0.3256355958819664,0.8117077594019915,0.7850784198553343
regressor,2d,xgboost,4005,time,1,42,0.3525906864659602,0.47376293364423144,0.7419150209312745,0.9755143693400437,1.2948796563462561,-0.34802793690517797,0.09997976454223031,0.13280460762074833,"{'n_estimators': 362, 'max_depth': 9, 'learning_rate': 0.24247672235411866, 'subsample': 0.8582112105918179, 'colsample_bytree': 0.5008300823409476, 'min_child_weight': 6, 'gamma': 0.07629423670444199, 'reg_alpha': 3.999948817580457e-05, 'reg_lambda': 0.6814184648144741, 'use_gpu': False}",-0.27571513191803976,0.47376293364423144,1.6767133244193984,0.15542917917836227,0.03922293176857694,0.9820051508305432,0.961991482762548,0.1980478017261917,0.982803224539873,0.22445131729518844,0.8637390745288427,0.846828782099259
regressor,2d,xgboost,4005,butina,5,42,0.4605836185130725,0.5820950397335168,0.7363239540674098,0.6319167797079533,0.8092837481867038,0.34571656262972583,0.6134972058292438,0.5803773430169995,"{'n_estimators': 321, 'max_depth': 6, 'learning_rate': 0.0788344119522065, 'subsample': 0.8708852212984864, 'colsample_bytree': 0.6705895200189822, 'min_child_weight': 9, 'gamma': 0.08571511115075642, 'reg_alpha': 0.04359960464345316, 'reg_lambda': 4.191154521444543e-07, 'use_gpu': False}",-0.2048157712065325,0.5820950397335168,0.6549401850791201,0.2855252963343368,0.14233964646025635,0.9426383418684966,0.884086879790918,0.37727926852698435,0.9420095038159749,0.33883463528236457,0.8587507214762343,0.8277725844485563
regressor,2d,xgboost,4005,butina,3,42,0.4310715659394446,0.5838396304273467,0.7470245536715798,0.7029974887723053,0.9310328537992887,0.16683769792809067,0.5445047023657823,0.521642753429051,"{'n_estimators': 436, 'max_depth': 12, 'learning_rate': 0.08450482419694301, 'subsample': 0.8117069368574513, 'colsample_bytree': 0.5776334500572635, 'min_child_weight': 1, 'gamma': 0.04600648628826047, 'reg_alpha': 5.254671165375483e-06, 'reg_lambda': 9.519667542999628, 'use_gpu': False}",-0.4263934122613162,0.5838396304273467,0.8668221748536477,0.11851896648324742,0.024789311614785252,0.9904792618750865,0.9795286044370073,0.15744621816603044,0.9903108977231303,0.34086871405754077,0.8660263853674062,0.856459748679565
regressor,2d,xgboost,4005,butina,2,42,0.42063346913674693,0.541689504575875,0.7304259336322125,0.6309781814942768,0.7889992904856505,0.33338434596453415,0.5794288117458255,0.5259127676121833,"{'n_estimators': 272, 'max_depth': 9, 'learning_rate': 0.05927253160724283, 'subsample': 0.7817008582423737, 'colsample_bytree': 0.5555033959175752, 'min_child_weight': 6, 'gamma': 0.03999303442310073, 'reg_alpha': 2.6392346377226256e-05, 'reg_lambda': 1.863700690014691e-08, 'use_gpu': False}",-0.29112797199064516,0.541689504575875,0.62251988038686,0.19364509325554027,0.06278108161145918,0.9757511694984551,0.949279827709143,0.2505615325852298,0.9749771029134977,0.2934275193676568,0.8607015812124068,0.8664158331148174
regressor,2d,xgboost,4005,butina,4,42,0.425653561018022,0.5610894468421845,0.7393191028357603,0.6512245764118001,0.8341177722964428,-0.1357559359279794,0.3969858281853369,0.40555030953305554,"{'n_estimators': 370, 'max_depth': 7, 'learning_rate': 0.2041921833852498, 'subsample': 0.753510587512311, 'colsample_bytree': 0.9584185430925838, 'min_child_weight': 9, 'gamma': 5.473996683329381e-05, 'reg_alpha': 9.553167402417735e-05, 'reg_lambda': 0.0022949030556860205, 'use_gpu': False}",-0.38101950369036164,0.5610894468421845,0.6957524580607805,0.13768058154671658,0.03242518442670074,0.9877651377650656,0.9748607324598818,0.18006994315182293,0.987816513366539,0.31482136735766864,0.8639746444143969,0.8691093994747539
regressor,2d,xgboost,4005,butina,1,42,0.45691752600387275,0.6051434684772735,0.5564801853012717,1.147264698850172,1.3682505815160866,-0.07235326094118189,0.41238379138387715,0.42487753026800534,"{'n_estimators': 385, 'max_depth': 11, 'learning_rate': 0.02409569779119758, 'subsample': 0.8537756067824048, 'colsample_bytree': 0.9369792787906032, 'min_child_weight': 2, 'gamma': 0.0552290710587941, 'reg_alpha': 0.0015008475887184956, 'reg_lambda': 3.065982937117928e-05, 'use_gpu': False}",-0.43033781996185017,0.6051434684772735,1.8721096538191089,0.1381822205020228,0.03055701475289772,0.9865761012980366,0.9677190077363328,0.17480564851542332,0.9866226003374082,0.3661986174407049,0.7487750969006393,0.7448070597445473
regressor,2d,xgboost,4005,diverse_25,5,42,0.5095681456595533,0.6550260278045077,0.4075090039539556,0.7443259793578586,0.9468139284643302,0.24846053609187846,0.5335226546229617,0.5358231525917587,"{'n_estimators': 195, 'max_depth': 6, 'learning_rate': 0.13523636246080484, 'subsample': 0.8035019948707476, 'colsample_bytree': 0.8324971084549984, 'min_child_weight': 5, 'gamma': 0.29139962544164, 'reg_alpha': 2.6985454294247726e-07, 'reg_lambda': 3.436829293756588e-06, 'use_gpu': False}",-0.3877307368940437,0.6550260278045077,0.8964566151340577,0.20993107862212607,0.07144677254290958,0.97505101884725,0.9378899498962727,0.267295290910464,0.9764608785718669,0.42905909710135165,0.6571649547006608,0.6067517447241664
regressor,2d,xgboost,4005,diverse_25,3,42,0.6704755884156327,0.8215397689869712,0.42695913745266223,0.6405233705212661,0.8314702307366089,0.23841189262537565,0.5028899004723122,0.45542487007814614,"{'n_estimators': 69, 'max_depth': 6, 'learning_rate': 0.10773313091493929, 'subsample': 0.5471389830907297, 'colsample_bytree': 0.6208059510860237, 'min_child_weight': 1, 'gamma': 0.6170973197135226, 'reg_alpha': 0.00046537363521886264, 'reg_lambda': 0.28846524240519467, 'use_gpu': False}",-0.3967679986190753,0.8215397689869712,0.6913427446011895,0.35439839497120823,0.1804310569014765,0.9448997267626087,0.8419734536815902,0.42477177036789593,0.9349638312589156,0.6749275920271661,0.6722754005934899,0.5995475113122172
regressor,2d,xgboost,4005,diverse_25,2,42,0.7476213527359464,0.8637687835672825,0.21103496237674457,0.7373179680298804,0.920638726896504,0.23635392854571124,0.509853619526069,0.47542695379814565,"{'n_estimators': 123, 'max_depth': 12, 'learning_rate': 0.09512069024554119, 'subsample': 0.7238139284430608, 'colsample_bytree': 0.6136445319268717, 'min_child_weight': 2, 'gamma': 0.509186515790329, 'reg_alpha': 6.6352201638932445e-06, 'reg_lambda': 0.0029729951426315923, 'use_gpu': False}",-0.3578385263510312,0.8637687835672825,0.8475756654616157,0.4174644352530754,0.25596542516690224,0.9526106192778112,0.7746924055101515,0.5059302572162513,0.9431144992885777,0.746096511465303,0.48310359452142115,0.360341200459054
regressor,2d,xgboost,4005,diverse_25,4,42,0.5306497354360571,0.635010397770098,0.2962336448713563,0.7319307480758713,0.8793196786856065,0.42687970300458566,0.6631605636566453,0.6021314394149476,"{'n_estimators': 188, 'max_depth': 5, 'learning_rate': 0.053670404043481425, 'subsample': 0.5289375948114706, 'colsample_bytree': 0.6448500203639276, 'min_child_weight': 3, 'gamma': 0.9634304149536288, 'reg_alpha': 0.003475880664969125, 'reg_lambda': 0.5797699793575835, 'use_gpu': False}",-0.19139458871575188,0.635010397770098,0.7732030973237582,0.3704911277994652,0.19679498604294213,0.9332071560515932,0.8284505154395199,0.44361580905434617,0.917502879077753,0.40323820527613813,0.601029740363726,0.5452406284479646
regressor,2d,xgboost,4005,diverse_25,1,42,0.7675869675403468,0.9686929667254736,0.2736783934310114,0.7752210294242622,0.9748521794336604,-0.015339793904798116,0.3387949682474509,0.2737026550127022,"{'n_estimators': 193, 'max_depth': 6, 'learning_rate': 0.2036621889896111, 'subsample': 0.8636173005316932, 'colsample_bytree': 0.9533296594552103, 'min_child_weight': 10, 'gamma': 0.03341743467114448, 'reg_alpha': 3.1279665329374587e-07, 'reg_lambda': 1.23682944561188e-07, 'use_gpu': False}",-0.8126646457294545,0.9686929667254736,0.9503367717465577,0.12322199730908985,0.024344836952836763,0.9905326650714037,0.9779463401579142,0.15602832099601907,0.9889109045989894,0.9383660637833994,0.5680971760735398,0.5666191544245314
regressor,2d,rf,279,scaffold,5,42,0.5341874740772301,0.6939797784597672,0.5787704859703695,0.6392479652549409,0.8027234798884695,0.42675327222864023,0.6541658998997609,0.6311076383062875,"{'n_estimators': 309, 'max_depth': 50, 'min_samples_split': 4, 'min_samples_leaf': 1, 'max_features': 'sqrt', 'bootstrap': False, 'n_bins': 128}",-0.42803615409394674,0.6939797784597672,0.644364985164254,0.2068210022343952,0.07072601134082862,0.9758544007415848,0.9431104202366491,0.2659436243658205,0.9744764053542577,0.48160793291106757,0.7646604109880193,0.7755314747532729
regressor,2d,rf,279,scaffold,3,42,0.5521190561427313,0.7033634199030153,0.6212104683932653,0.5574629327271283,0.7028759798049514,0.5300296202655365,0.7390391760371101,0.7203182928534497,"{'n_estimators': 459, 'max_depth': 50, 'min_samples_split': 2, 'min_samples_leaf': 1, 'max_features': 'sqrt', 'bootstrap': False, 'n_bins': 128}",-0.4685995938057622,0.7033634199030153,0.49403464298677047,0.17806356079425348,0.05511405404382129,0.9810512672133718,0.9559077359005691,0.23476382609725308,0.9801463527375807,0.4947201004576654,0.7971252179739581,0.8018949072379051
regressor,2d,rf,279,scaffold,2,42,0.5680916042859583,0.7247859052306701,0.6234183130156796,0.6666003196295925,0.8339409069246022,0.38529549549228725,0.6226285335088769,0.6259917269136741,"{'n_estimators': 273, 'max_depth': 50, 'min_samples_split': 4, 'min_samples_leaf': 1, 'max_features': 'sqrt', 'bootstrap': False, 'n_bins': 128}",-0.467105610113638,0.7247859052306701,0.6954574362422281,0.1966800233245604,0.06639913449160076,0.9762395262949668,0.9454699134729311,0.2576802951170321,0.9741292402699162,0.5253146084210418,0.7988896185829686,0.7872342042895655
regressor,2d,rf,279,scaffold,4,42,0.5547834730931804,0.7184008363138599,0.5657466772460824,0.6621035040281981,0.8293542329117288,0.5001708529702871,0.7248823802469677,0.7138363815118244,"{'n_estimators': 345, 'max_depth': 50, 'min_samples_split': 2, 'min_samples_leaf': 1, 'max_features': 'sqrt', 'bootstrap': False, 'n_bins': 128}",-0.48444675096956114,0.7184008363138599,0.6878284436486022,0.17665101653022458,0.054734514049287405,0.979935423715842,0.9532811260374783,0.2339540853442987,0.9784563908341024,0.5160997616164533,0.7566074665384507,0.7702394758837039
regressor,2d,rf,279,scaffold,1,42,0.5202591449745431,0.6651025287165528,0.60614190328407,0.6918297945507708,0.8630962409863714,0.42864270162611795,0.6727429903129213,0.6716868138653017,"{'n_estimators': 194, 'max_depth': 43, 'min_samples_split': 4, 'min_samples_leaf': 1, 'max_features': 'sqrt', 'bootstrap': False, 'n_bins': 256}",-0.3726845392441644,0.6651025287165528,0.7449351212048044,0.22797929587262186,0.0855082805670739,0.9690660367609906,0.9273077708111299,0.29241798947238845,0.9674400466549978,0.44236137370515294,0.7843738399197726,0.7923263620064483
regressor,2d,rf,279,random,5,42,0.554519005525042,0.7283873660333725,0.5894188838077647,0.5061667536666115,0.6478562530267253,0.6186003086256705,0.7884544444026869,0.7730599930702223,"{'n_estimators': 288, 'max_depth': 48, 'min_samples_split': 7, 'min_samples_leaf': 1, 'max_features': 'sqrt', 'bootstrap': False, 'n_bins': 128}",-0.4159256965034923,0.7283873660333725,0.41971772458582834,0.2463666817989173,0.09763229492540007,0.9672085677503675,0.9210022365843079,0.3124616695298802,0.9659269371468483,0.5305481549970341,0.7716542087238896,0.7682887651029576
regressor,2d,rf,279,random,3,42,0.5295124478362695,0.7106809101372501,0.6084016615904487,0.49659650967600266,0.6378761989231909,0.6374142829999816,0.8031793779935653,0.8020139384720925,"{'n_estimators': 51, 'max_depth': 50, 'min_samples_split': 8, 'min_samples_leaf': 1, 'max_features': 'sqrt', 'bootstrap': False, 'n_bins': 256}",-0.3724711386491456,0.7106809101372501,0.4068860451526982,0.2675126043803175,0.11438584953003585,0.9602935695717112,0.9071374890727542,0.3382097714881045,0.9578814628866664,0.5050673560335102,0.7840444520334369,0.7711690327257259
regressor,2d,rf,279,random,2,42,0.578157670276942,0.7499109925998262,0.5294286525255116,0.5396004975912231,0.732991474290057,0.5717578058135451,0.7583856706176397,0.7566452909198975,"{'n_estimators': 390, 'max_depth': 50, 'min_samples_split': 4, 'min_samples_leaf': 1, 'max_features': 'sqrt', 'bootstrap': False, 'n_bins': 128}",-0.48901342476865584,0.7499109925998262,0.5372765013819113,0.20278314262283575,0.06806754090022013,0.9759378036017538,0.9434471703261369,0.26089756783117035,0.9750357329869801,0.5623664968220565,0.7302713171428532,0.7238474081938007
regressor,2d,rf,279,random,4,42,0.5375079778014286,0.6959924640848832,0.5882920683737392,0.581418970918682,0.7446580398005377,0.5791645801651814,0.7658216497935092,0.7630699490832579,"{'n_estimators': 282, 'max_depth': 50, 'min_samples_split': 5, 'min_samples_leaf': 1, 'max_features': 'sqrt', 'bootstrap': False, 'n_bins': 128}",-0.42027236740341534,0.6959924640848832,0.5545155962395792,0.21457674712416755,0.07602157171403802,0.9730971464245346,0.9358725718606911,0.2757200966814679,0.9714849398020774,0.4844055100629475,0.7689086444201725,0.7827138895955356
regressor,2d,rf,279,random,1,42,0.5045930395458617,0.6511364629284795,0.608254291238054,0.5344373368702781,0.6935465798348105,0.6196513457380964,0.7894768425050163,0.7820702893340484,"{'n_estimators': 113, 'max_depth': 50, 'min_samples_split': 2, 'min_samples_leaf': 1, 'max_features': 'sqrt', 'bootstrap': False, 'n_bins': 128}",-0.4201235393972126,0.6511364629284795,0.4810068584005632,0.17435147233020282,0.05336697083846295,0.9811287808310208,0.9561071526128835,0.23101292353126687,0.97998167258093,0.4239786933550111,0.7808382679254442,0.7692714019363348
regressor,2d,rf,279,umap,5,42,0.5134300004778752,0.7042204451135982,0.5918818264975516,0.8719855016693435,1.0249962222400293,0.015615908046649696,0.14282251917539535,0.12314009431070401,"{'n_estimators': 122, 'max_depth': 49, 'min_samples_split': 5, 'min_samples_leaf': 1, 'max_features': 'sqrt', 'bootstrap': False, 'n_bins': 256}",-0.40911748196787745,0.7042204451135982,1.0506172556063313,0.23142377276570356,0.08708575885738458,0.9690994812221649,0.9289900262752143,0.2951029631457207,0.9673915311064487,0.49592643531599434,0.7725867498621054,0.7799530584721168
regressor,2d,rf,279,umap,3,42,0.48305876141804677,0.6131467159599658,0.6540617194893494,1.10240500886382,1.2780741729197422,-0.060422612832373046,0.38838354317366625,0.39499714389285107,"{'n_estimators': 449, 'max_depth': 50, 'min_samples_split': 6, 'min_samples_leaf': 1, 'max_features': 'sqrt', 'bootstrap': False, 'n_bins': 128}",-0.3161176974429042,0.6131467159599658,1.633473591484483,0.23130640964686258,0.08822623784120896,0.9665927554091126,0.9208208328955003,0.29702901851706165,0.9651666935692547,0.37594889529249104,0.8219648032677358,0.8188602231996153
regressor,2d,rf,279,umap,2,42,0.47214005739285697,0.6214187737216657,0.6805988281098367,0.7482900072566241,0.8985131253310431,0.07199094809079687,0.34927714049755487,0.3610307191362896,"{'n_estimators': 477, 'max_depth': 41, 'min_samples_split': 3, 'min_samples_leaf': 1, 'max_features': 'sqrt', 'bootstrap': False, 'n_bins': 256}",-0.3381907433656191,0.6214187737216657,0.8073258363921587,0.22106871169689077,0.08021811717936564,0.9731828795334492,0.9360479426879071,0.28322803035604655,0.9716734878584071,0.3861612923337387,0.8292746435271584,0.8225112261603857
regressor,2d,rf,279,umap,4,42,0.4881933000723688,0.6252959174718337,0.6632983249089179,0.996839646807847,1.1937029353382533,-0.11902310289192397,-0.056674275823139504,-0.07472507487043092,"{'n_estimators': 103, 'max_depth': 50, 'min_samples_split': 2, 'min_samples_leaf': 1, 'max_features': 'sqrt', 'bootstrap': False, 'n_bins': 256}",-0.3846927393997355,0.6252959174718337,1.4249266978351622,0.18074634626302283,0.05788988929839381,0.9787837423461366,0.9519668965428971,0.24060317807209822,0.9776354387509918,0.39099498440694225,0.817144504820077,0.8147362123604676
regressor,2d,rf,279,umap,1,42,0.5419800566413564,0.7214931228613292,0.6189335266883607,0.8472198497262217,1.068249935269082,-0.0972111532958051,0.1749401346710587,0.14013606840959072,"{'n_estimators': 404, 'max_depth': 50, 'min_samples_split': 3, 'min_samples_leaf': 1, 'max_features': 'sqrt', 'bootstrap': False, 'n_bins': 256}",-0.4772764852278937,0.7214931228613292,1.1411579242023977,0.1849194242631776,0.05964176609698074,0.97931629959908,0.9528812029176024,0.24421663763343548,0.9781758047550191,0.5205523263361931,0.7908528589937134,0.7804996746836484
regressor,2d,rf,279,time,5,42,0.471575572183405,0.6057279838042754,0.6382672805259163,0.7865678525560896,1.0075415028578396,-0.042514070662301284,0.18775479835230935,0.22782687880354907,"{'n_estimators': 329, 'max_depth': 48, 'min_samples_split': 4, 'min_samples_leaf': 1, 'max_features': 'sqrt', 'bootstrap': False, 'n_bins': 256}",-0.3348185531747264,0.6057279838042754,1.015139879981034,0.21007863453584788,0.0733919196040264,0.9750314922663605,0.9411306283229415,0.270909430629549,0.9742232872781987,0.36690639036359257,0.8006619593828379,0.78580593555123
regressor,2d,rf,279,time,3,42,0.5321473512486746,0.6866628825715362,0.662167022735989,0.9387627886665463,1.1472241236888252,0.01664031052889159,0.21181732281593182,0.21345209420016173,"{'n_estimators': 133, 'max_depth': 39, 'min_samples_split': 2, 'min_samples_leaf': 1, 'max_features': 'sqrt', 'bootstrap': False, 'n_bins': 128}",-0.45151345290554734,0.6866628825715362,1.3161231899735928,0.18563046118747611,0.05529525427223983,0.9773878568909458,0.945762407010087,0.23514942966598884,0.9739041879000943,0.4715059143014513,0.8354615097894014,0.8306221688731333
regressor,2d,rf,279,time,2,42,0.4805614874244613,0.6055580568052059,0.696474090444061,0.9375095831585705,1.1358383539883548,0.032092287278051024,0.21159498338932692,0.19671874838539016,"{'n_estimators': 237, 'max_depth': 39, 'min_samples_split': 11, 'min_samples_leaf': 1, 'max_features': 'sqrt', 'bootstrap': False, 'n_bins': 64}",-0.2579000770561448,0.6055580568052059,1.290128766390975,0.2820941364238559,0.12086607088319859,0.9498578763538404,0.879298586158698,0.3476579797490611,0.9442521566005452,0.36670056016169694,0.8466076968089132,0.823184405406543
regressor,2d,rf,279,time,4,42,0.5040421290633214,0.6462328569908122,0.6245993564366993,0.9372886621258896,1.148971591638802,-0.07275274313767444,0.13302519829577156,0.12144781040563427,"{'n_estimators': 177, 'max_depth': 50, 'min_samples_split': 5, 'min_samples_leaf': 1, 'max_features': 'sqrt', 'bootstrap': False, 'n_bins': 128}",-0.3736783289820874,0.6462328569908122,1.320135718393002,0.2141325074006297,0.07428597073805876,0.9729307110492058,0.9367561737648796,0.2725545280087248,0.9711383382296093,0.41761690545450764,0.7970040365934103,0.7786349395746399
regressor,2d,rf,279,time,1,42,0.4246676202602022,0.5223031365236019,0.5325268371090617,0.98498662998277,1.203300816942529,-0.06042331747234719,0.18306851705221666,0.1683333542829678,"{'n_estimators': 184, 'max_depth': 39, 'min_samples_split': 4, 'min_samples_leaf': 1, 'max_features': 'sqrt', 'bootstrap': False, 'n_bins': 256}",-0.28261858031810017,0.5223031365236019,1.447932856054558,0.19071857495053607,0.05744868648342836,0.9718376964968941,0.9309934555375813,0.2396845562055018,0.9687618343947841,0.2728005664223923,0.7357604492229965,0.6761869043774698
regressor,2d,rf,279,butina,5,42,0.5718037920711366,0.7391176464558642,0.5583418674559206,0.7963271362683363,0.9646589357114121,0.2586944543131213,0.5098571458150025,0.4885205162966044,"{'n_estimators': 420, 'max_depth': 50, 'min_samples_split': 2, 'min_samples_leaf': 1, 'max_features': 'sqrt', 'bootstrap': False, 'n_bins': 256}",-0.5117706706905717,0.7391176464558642,0.9305668622478743,0.171825000765651,0.05168664738962451,0.9809896278347122,0.9566899959976106,0.22734697576529253,0.980235059033412,0.5462948953024558,0.749941071806898,0.7494491473929519
regressor,2d,rf,279,butina,3,42,0.5222454836778718,0.6924765453548322,0.6268306510734502,0.7608763472102332,0.9655063418814027,0.06286072927869957,0.3662450963928318,0.264976022382142,"{'n_estimators': 171, 'max_depth': 45, 'min_samples_split': 3, 'min_samples_leaf': 1, 'max_features': 'sqrt', 'bootstrap': False, 'n_bins': 256}",-0.43512654658409594,0.6924765453548322,0.9322024962132082,0.1969667171026521,0.06622902186729794,0.9771518629211656,0.9475998853485426,0.2573499987707362,0.976423315767533,0.47952376586656287,0.798221565198427,0.796883751529298
regressor,2d,rf,279,butina,2,42,0.535177312865923,0.7155570007669295,0.5726215987113847,0.7790677331165025,0.9806326935536998,0.3941468349474635,0.6564959764437247,0.6030518572884718,"{'n_estimators': 319, 'max_depth': 50, 'min_samples_split': 3, 'min_samples_leaf': 1, 'max_features': 'sqrt', 'bootstrap': False, 'n_bins': 64}",-0.4672703250548552,0.7155570007669295,0.9616404796663843,0.19139479593771938,0.061646273336152746,0.9759911013507554,0.9445433364254108,0.2482866757120743,0.9743430429444254,0.5120218213465636,0.7600733542606191,0.7675918806720484
regressor,2d,rf,279,butina,4,42,0.4913001812715243,0.670913434320569,0.6330684323565768,0.6607129064071018,0.8173866719451066,0.2829938032652036,0.5415802822595437,0.5022963334762651,"{'n_estimators': 420, 'max_depth': 50, 'min_samples_split': 3, 'min_samples_leaf': 1, 'max_features': 'sqrt', 'bootstrap': False, 'n_bins': 128}",-0.410236541785761,0.670913434320569,0.6681209714734972,0.1996905650790198,0.06795244230160384,0.9774709184912507,0.9473709237448014,0.260676892534808,0.975523894506845,0.45012483635182055,0.7965356847130893,0.7942185993601626
regressor,2d,rf,279,butina,1,42,0.5291580456750674,0.7002444682066403,0.6169935977690215,0.8854128914291227,1.0365325582695675,0.135820209536207,0.425542158775544,0.43098927023517697,"{'n_estimators': 181, 'max_depth': 48, 'min_samples_split': 2, 'min_samples_leaf': 1, 'max_features': 'sqrt', 'bootstrap': False, 'n_bins': 256}",-0.4614083001336064,0.7002444682066403,1.0743997443528543,0.18166264110524205,0.057042715179810514,0.9791181952051101,0.9521078484926426,0.23883616807303393,0.9774456669141691,0.49034231525400057,0.7906691423106718,0.7951293234318698
regressor,2d,rf,279,diverse_25,5,42,0.7419786634618418,0.9097151727395755,0.2336442308655703,0.8956774653922325,1.075603491679588,0.16790303428092979,0.42647507208574975,0.4055177462008494,"{'n_estimators': 85, 'max_depth': 50, 'min_samples_split': 3, 'min_samples_leaf': 1, 'max_features': 'sqrt', 'bootstrap': False, 'n_bins': 64, 'use_gpu': False}",-0.8158056656579333,0.9097151727395755,1.1569228713133215,0.073912399784919,0.008818995520316987,0.9978078727383731,0.9923178263918014,0.0939095070816421,0.9979586805402527,0.8275816955125956,0.5144664690245602,0.46827854373972
regressor,2d,rf,279,diverse_25,3,42,0.8762529548626933,1.0901762959225259,0.20844746855535912,0.6733076441393171,0.8338587465830858,0.28148899959749984,0.539863682059205,0.515250008658441,"{'n_estimators': 171, 'max_depth': 45, 'min_samples_split': 5, 'min_samples_leaf': 1, 'max_features': 'sqrt', 'bootstrap': False, 'n_bins': 64, 'use_gpu': False}",-0.8995541374382194,1.0901762959225259,0.6953204092531149,0.15574437783903894,0.036336807305216025,0.9930549955679949,0.9697375972427699,0.1906221584843064,0.9932952638808403,1.1884843561913585,0.5163312212343965,0.5276194870940963
regressor,2d,rf,279,diverse_25,2,42,0.8870296237079902,1.018858993194596,0.2721922891245341,0.7125555057286282,0.867098106283933,0.238590351013227,0.5204432472705249,0.47742405842110547,"{'n_estimators': 72, 'max_depth': 50, 'min_samples_split': 4, 'min_samples_leaf': 2, 'max_features': 'sqrt', 'bootstrap': True, 'n_bins': 64, 'use_gpu': False}",-0.3591950724847469,1.018858993194596,0.7518591259211829,0.5430517952770773,0.43515648828629006,0.9147087865283415,0.6446179657501,0.659663920709849,0.9173326586644235,1.0380736480135055,0.6262177350323308,0.6198695579694746
regressor,2d,rf,279,diverse_25,4,42,0.8099027994587106,0.993428971338728,0.21990907737548626,0.8134184296093138,0.9628325700426045,0.2811953578435634,0.5431195350765514,0.5122442657560589,"{'n_estimators': 389, 'max_depth': 50, 'min_samples_split': 3, 'min_samples_leaf': 1, 'max_features': 'sqrt', 'bootstrap': False, 'n_bins': 128, 'use_gpu': False}",-0.8951141164854777,0.993428971338728,0.9270465579348469,0.07766348347739628,0.009665810684815672,0.9979049332165684,0.9916880434759413,0.09831485485325028,0.9978379313198635,0.9869011210951233,0.5233641736528645,0.5075433175254366
regressor,2d,rf,279,diverse_25,1,42,0.7339140598957192,0.8594941767122231,0.31869724469662775,0.873585571612667,1.0657027325895347,0.11988286919437974,0.3825561261791257,0.3519274194355526,"{'n_estimators': 51, 'max_depth': 50, 'min_samples_split': 17, 'min_samples_leaf': 1, 'max_features': 'sqrt', 'bootstrap': True, 'n_bins': 128, 'use_gpu': False}",-0.25388547558142194,0.8594941767122231,1.1357223142488013,0.5098689520021733,0.366761898885336,0.9236657198109173,0.6874660798185037,0.6056087011308011,0.9227270170319158,0.7387302398022221,0.6247648090257718,0.5912579468934341
regressor,2d,rf,1865,scaffold,5,42,0.4798293899424492,0.6357788402794924,0.5950401974254911,0.5345025642402251,0.6830943376711135,0.49586457874194034,0.7135584557952859,0.7388976137907535,"{'n_estimators': 281, 'max_depth': 45, 'min_samples_split': 2, 'min_samples_leaf': 1, 'max_features': 'sqrt', 'bootstrap': False, 'n_bins': 64}",-0.4185750548414212,0.6357788402794924,0.4666178741583372,0.15612798346898854,0.04717748440862766,0.9784778468892297,0.9519030674360978,0.21720378543807117,0.979572337559362,0.40421473374713623,0.7852100749700108,0.7757569822687332
regressor,2d,rf,1865,scaffold,3,42,0.42430087207351685,0.5683984678858726,0.6559413720302578,0.5607893717079253,0.7306136972056667,0.4396871594263997,0.704130451106178,0.7183099117119817,"{'n_estimators': 493, 'max_depth': 48, 'min_samples_split': 3, 'min_samples_leaf': 1, 'max_features': 'sqrt', 'bootstrap': False, 'n_bins': 256}",-0.3473838395205072,0.5683984678858726,0.5337963745445337,0.15824535822786823,0.04884746595148057,0.9778712527795408,0.950181072521396,0.22101462836536537,0.9782679093134877,0.32307681829500734,0.8183449607344546,0.8133339865659315
regressor,2d,rf,1865,scaffold,2,42,0.4674600876797614,0.6437623598596047,0.5424290875680928,0.5885769314665547,0.7607859427357947,0.3939995602123906,0.6401400455626514,0.6023776441107968,"{'n_estimators': 442, 'max_depth': 39, 'min_samples_split': 3, 'min_samples_leaf': 1, 'max_features': 'sqrt', 'bootstrap': False, 'n_bins': 128}",-0.405883560641262,0.6437623598596047,0.5787952506643919,0.17339035153126978,0.0565863231175606,0.9739772008102396,0.9423818017629876,0.2378787992183427,0.9738174843850365,0.41442997597200715,0.7515581121739957,0.7196865396639852
regressor,2d,rf,1865,scaffold,4,42,0.4497203104653397,0.5713258252522095,0.6853434287777149,0.4977595883523291,0.675874482855099,0.5622807263335123,0.7864165705895517,0.7719941267681124,"{'n_estimators': 262, 'max_depth': 50, 'min_samples_split': 7, 'min_samples_leaf': 1, 'max_features': 'sqrt', 'bootstrap': False, 'n_bins': 128}",-0.31817712595792574,0.5713258252522095,0.4568063165746475,0.1989546508486677,0.06408426395438771,0.9727298308323327,0.9321045976404021,0.2531486992942838,0.9723385112935975,0.3264131986001183,0.8512273930867813,0.8641879912845152
regressor,2d,rf,1865,scaffold,1,42,0.4671865953142002,0.6098386759200134,0.6275985090431093,0.6187567743491096,0.7943515088574925,0.3214241035801849,0.6199393670927317,0.6064838288367753,"{'n_estimators': 243, 'max_depth': 50, 'min_samples_split': 10, 'min_samples_leaf': 1, 'max_features': 'sqrt', 'bootstrap': False, 'n_bins': 64}",-0.31330021525316004,0.6098386759200134,0.6309943196241751,0.22828370608314535,0.08793505865466694,0.9625370994977224,0.9091181894381836,0.29653846066685335,0.9627627914173409,0.3719032106478751,0.8076988733882576,0.83476917090097
regressor,2d,rf,1865,random,5,42,0.4668885987447031,0.6144510906325739,0.5662934071782066,0.4918289272099175,0.667627333665978,0.5274127065420349,0.7323089161677451,0.7496908678882067,"{'n_estimators': 341, 'max_depth': 48, 'min_samples_split': 3, 'min_samples_leaf': 1, 'max_features': 'sqrt', 'bootstrap': False, 'n_bins': 256}",-0.403277202281997,0.6144510906325739,0.44572625665794324,0.15565218246461596,0.04459441112110191,0.9801933065066164,0.9551651658419181,0.21117388835057688,0.9802644119966814,0.3775501427795595,0.7531207384688279,0.7725269104387731
regressor,2d,rf,1865,random,3,42,0.3927116108909957,0.5225375428840409,0.7219791166295011,0.47209265939777456,0.6202321393079966,0.6199739511671617,0.7934866958831024,0.7985159389118132,"{'n_estimators': 104, 'max_depth': 45, 'min_samples_split': 2, 'min_samples_leaf': 1, 'max_features': 'sqrt', 'bootstrap': False, 'n_bins': 64}",-0.3060588549330707,0.5225375428840409,0.38468790663057406,0.15549344660527517,0.046863022336973495,0.9785273926969542,0.9512507962079686,0.2164786879509701,0.9784919297836105,0.2730454837232908,0.8591669313298667,0.8629145496167323
regressor,2d,rf,1865,random,2,42,0.40232119810725414,0.5338169434255872,0.6586083907137887,0.4469469801078251,0.5946610628880189,0.6184111387235798,0.7939017031074216,0.7754506735931492,"{'n_estimators': 468, 'max_depth': 50, 'min_samples_split': 5, 'min_samples_leaf': 1, 'max_features': 'sqrt', 'bootstrap': False, 'n_bins': 128}",-0.2883760788991596,0.5338169434255872,0.3536217797151084,0.18201047905230894,0.06024121797948015,0.973808677582882,0.939687561973343,0.24544086452642752,0.9744196754350999,0.2849605290882365,0.8165616129049125,0.7868392126288677
regressor,2d,rf,1865,random,4,42,0.55723518737293,0.7662052215487783,0.564398663824821,0.46860788658153407,0.6143802901901392,0.6184108903700354,0.7943083048712256,0.8131734657550822,"{'n_estimators': 482, 'max_depth': 46, 'min_samples_split': 3, 'min_samples_leaf': 1, 'max_features': 'sqrt', 'bootstrap': False, 'n_bins': 256}",-0.5471121519974939,0.7662052215487783,0.3774631409741196,0.1608798863883434,0.04800177312540397,0.9773831878671118,0.9483311068824809,0.21909306955128446,0.9771828093668783,0.5870704415286125,0.7744625572510191,0.7966846987752069
regressor,2d,rf,1865,random,1,42,0.3902715769219942,0.5207410184037513,0.6396500380699212,0.46546156947338146,0.6195578705924716,0.611295065771019,0.7885990197406934,0.7988469280269637,"{'n_estimators': 320, 'max_depth': 50, 'min_samples_split': 8, 'min_samples_leaf': 1, 'max_features': 'sqrt', 'bootstrap': False, 'n_bins': 128}",-0.24222068801001495,0.5207410184037513,0.38385195501307773,0.2141221251530428,0.07757357444263607,0.968038839821281,0.9220037584713071,0.27852033039373636,0.9675634015916854,0.27117120824817603,0.8044077736057603,0.8301578759692119
regressor,2d,rf,1865,umap,5,42,0.43742845339734004,0.5790349743747537,0.6756050215109667,0.6513407647019539,0.8153538883946481,0.3448510696715057,0.6485441323572022,0.6359057835210173,"{'n_estimators': 93, 'max_depth': 47, 'min_samples_split': 2, 'min_samples_leaf': 1, 'max_features': 'sqrt', 'bootstrap': False, 'n_bins': 256}",-0.3806595487946615,0.5790349743747537,0.6648019633202722,0.14551084932324462,0.03935280947408269,0.9814563942743024,0.9584807278659621,0.1983754255800922,0.978722618519012,0.3352815015491717,0.8424162436492983,0.8395482550208145
regressor,2d,rf,1865,umap,3,42,0.4225850381001917,0.569574419139304,0.5724998664516421,0.7811149831454265,0.9363448265716919,0.1036350278012218,0.33873477391518736,0.21754575755097033,"{'n_estimators': 500, 'max_depth': 35, 'min_samples_split': 3, 'min_samples_leaf': 2, 'max_features': 'sqrt', 'bootstrap': False, 'n_bins': 256}",-0.17237324253544084,0.569574419139304,0.8767416342475719,0.29780583516738657,0.15776877469549327,0.9295015003610502,0.8414038733702282,0.3972011766038631,0.9336364083270852,0.32441501893787544,0.7570367676794001,0.7389610250012031
regressor,2d,rf,1865,umap,2,42,0.48971215418964664,0.6330253001695576,0.4377042858824415,0.7467765820135067,0.9036379638780128,0.009959528793736294,0.3317268148208758,0.33464861070575364,"{'n_estimators': 68, 'max_depth': 50, 'min_samples_split': 10, 'min_samples_leaf': 1, 'max_features': 'sqrt', 'bootstrap': False, 'n_bins': 128}",-0.3212411486462334,0.6330253001695576,0.8165615697616008,0.23883572002481407,0.09720935714111921,0.9585839057833634,0.9025007681458962,0.3117841515233242,0.9595914859416678,0.4007210306547585,0.6695835993775981,0.6960302185400375
regressor,2d,rf,1865,umap,4,42,0.41200063326139186,0.553287792002793,0.6596624444731503,0.6576066913061398,0.8529261700558,0.05544043315311209,0.43327094791966847,0.46551781207789084,"{'n_estimators': 470, 'max_depth': 50, 'min_samples_split': 4, 'min_samples_leaf': 1, 'max_features': 'sqrt', 'bootstrap': False, 'n_bins': 128}",-0.3157437626888125,0.553287792002793,0.7274830515660554,0.1719900477584964,0.05642716586272123,0.9758066845870694,0.9449067192019789,0.2375440293139805,0.9765788881776434,0.30612738077932594,0.8217269824600776,0.8214853664289856
regressor,2d,rf,1865,umap,1,42,0.5243619031074318,0.7295400137195095,0.4693163698029098,0.9097534482154371,1.1185609302020498,-0.24489111372257266,-0.17739330867634023,-0.24201911300820564,"{'n_estimators': 405, 'max_depth': 50, 'min_samples_split': 12, 'min_samples_leaf': 2, 'max_features': 'sqrt', 'bootstrap': False, 'n_bins': 128}",-0.30862272408902836,0.7295400137195095,1.251178554574475,0.3203863155451948,0.17717136470987035,0.9192956962907035,0.810334595924717,0.42091728963048114,0.9280675903920839,0.532228631617862,0.7048694435995668,0.7355439992876224
regressor,2d,rf,1865,time,5,42,0.415373559103361,0.5501421697078297,0.6978976757127235,0.6413552152028799,0.8635765269055028,0.19536579335942583,0.45028522246320973,0.47060215126664956,"{'n_estimators': 97, 'max_depth': 44, 'min_samples_split': 8, 'min_samples_leaf': 1, 'max_features': 'sqrt', 'bootstrap': False, 'n_bins': 256}",-0.25748976361392806,0.5501421697078297,0.7457644178221705,0.2236734126119714,0.08564543079254992,0.9626880134258935,0.91192995145546,0.29265240609390164,0.9648962487394948,0.30265640689083845,0.8496813116146436,0.8326194734507895
regressor,2d,rf,1865,time,3,42,0.5663494152386923,0.7239646336124814,0.5353223470664513,0.8279891675917052,1.0253652820525136,0.001197356750132439,0.23636588365569194,0.212041213871956,"{'n_estimators': 259, 'max_depth': 50, 'min_samples_split': 2, 'min_samples_leaf': 1, 'max_features': 'sqrt', 'bootstrap': False, 'n_bins': 128}",-0.5382353835642486,0.7239646336124814,1.0513739616386308,0.1421317470866111,0.03449535432347898,0.9816742341606844,0.9580076543547487,0.1857292500482328,0.9801443844339989,0.5241247907216544,0.7537845958297735,0.7604045154580192
regressor,2d,rf,1865,time,2,42,0.4176797666987806,0.5833835273826895,0.6196586874753618,0.7753243561196356,0.9620033756918199,0.11507528326029837,0.33924262721761683,0.2915768974762413,"{'n_estimators': 223, 'max_depth': 28, 'min_samples_split': 2, 'min_samples_leaf': 1, 'max_features': 'sqrt', 'bootstrap': False, 'n_bins': 256}",-0.3446704281157491,0.5833835273826895,0.9254504948424569,0.1819901812143091,0.05698394376162814,0.9709728812068357,0.9329708773054448,0.2387130992669404,0.9725092423940443,0.3403363400214692,0.7999221200630372,0.80955061806689
regressor,2d,rf,1865,time,4,42,0.46182821577077987,0.62890449302022,0.6070532403544383,0.800612492007931,0.9850621630238819,0.07248699194431585,0.35776931634039105,0.31571539296892104,"{'n_estimators': 395, 'max_depth': 47, 'min_samples_split': 7, 'min_samples_leaf': 1, 'max_features': 'sqrt', 'bootstrap': False, 'n_bins': 256}",-0.37616232020874907,0.62890449302022,0.9703474650212889,0.19631748781538133,0.06387860591746344,0.9690164771650595,0.9262031994052679,0.25274217281147093,0.9686592045996638,0.3955208613410199,0.7945145937808288,0.7815712843185776
regressor,2d,rf,1865,time,1,42,0.34250024937361884,0.45880000418489825,0.5307530371000687,0.8081790296586927,1.0016659810859336,0.03641033100500335,0.23204006574328045,0.22722691287207786,"{'n_estimators': 395, 'max_depth': 50, 'min_samples_split': 19, 'min_samples_leaf': 1, 'max_features': 'sqrt', 'bootstrap': False, 'n_bins': 64}",-0.12158788653943892,0.45880000418489825,1.003334737664846,0.2653664849949419,0.11371201228693509,0.9379495283279303,0.8530351645023887,0.33721211764545933,0.9451167931914957,0.21049744384006264,0.7856007838716348,0.7854213585152177
regressor,2d,rf,1865,butina,5,42,0.4332997469451846,0.6073260980669718,0.6044300836616557,0.5851260242005627,0.7720938981211268,0.47248724199836734,0.7038075068773426,0.7422380030351492,"{'n_estimators': 471, 'max_depth': 48, 'min_samples_split': 3, 'min_samples_leaf': 1, 'max_features': 'sqrt', 'bootstrap': False, 'n_bins': 256}",-0.3848180594729282,0.6073260980669718,0.596128987515877,0.1628990306450331,0.0495098272389684,0.9766273059922648,0.9469940321656147,0.2225080385940436,0.9770528336956236,0.3688449893932531,0.792392492407141,0.8177365641399585
regressor,2d,rf,1865,butina,3,42,0.41565580298418864,0.5258909925931734,0.6339858303566805,0.6041379760394257,0.7582784516324044,0.2758775557185461,0.5487758507030186,0.49128798866766654,"{'n_estimators': 50, 'max_depth': 50, 'min_samples_split': 11, 'min_samples_leaf': 1, 'max_features': 'sqrt', 'bootstrap': False, 'n_bins': 128}",-0.20587271009181968,0.5258909925931734,0.5749862102100366,0.23935087664320664,0.10241170113511625,0.958103170793547,0.9023246493595488,0.3200182825013537,0.9585870744424024,0.2765613360906332,0.8056690443275034,0.7796969899016958
regressor,2d,rf,1865,butina,2,42,0.5043800865548158,0.6396519256406152,0.6440488047203112,0.5850998718371601,0.7485605309224115,0.24459927317486985,0.5200240698672759,0.43830720106217325,"{'n_estimators': 130, 'max_depth': 50, 'min_samples_split': 3, 'min_samples_leaf': 1, 'max_features': 'sqrt', 'bootstrap': True, 'n_bins': 128}",-0.30181405568601305,0.6396519256406152,0.5603428684548426,0.26176169403992694,0.1141344263754627,0.9561632437712182,0.8878990067459598,0.3378378699546022,0.9591186060660314,0.4091545859757471,0.8286318349465186,0.8351218981279929
regressor,2d,rf,1865,butina,4,42,0.46568738146706173,0.6320984651395907,0.6148262402741622,0.6103795724721828,0.7703725048578568,0.33958062604255534,0.717508262079084,0.651470724035537,"{'n_estimators': 345, 'max_depth': 50, 'min_samples_split': 2, 'min_samples_leaf': 1, 'max_features': 'sqrt', 'bootstrap': False, 'n_bins': 128}",-0.42801338589650206,0.6320984651395907,0.5934737962409685,0.14938675242506128,0.04165071956965775,0.9810019357778023,0.9568168779586402,0.20408507924308858,0.980817695318303,0.3995484696318264,0.7975027100651764,0.8256402442831666
regressor,2d,rf,1865,butina,1,42,0.49045394958827343,0.6318720399845051,0.5240312741936254,0.75402110433051,0.9552228269612704,0.21483648715466064,0.4971643534236928,0.43644152501301237,"{'n_estimators': 203, 'max_depth': 50, 'min_samples_split': 2, 'min_samples_leaf': 1, 'max_features': 'sqrt', 'bootstrap': True, 'n_bins': 128}",-0.32224077275189994,0.6318720399845051,0.912450649147881,0.2410198711353361,0.09587152164806897,0.9607423161846121,0.8942866088290055,0.3096312672326052,0.9620855466493861,0.39926227491418004,0.7348974157065791,0.7239174335088663
regressor,2d,rf,1865,diverse_25,5,42,0.7846757976463712,0.8651612768448594,0.16792390196903673,0.7395465991892503,0.916620607545516,0.12873915015793946,0.39177138900503305,0.3568406525947815,"{'n_estimators': 228, 'max_depth': 50, 'min_samples_split': 4, 'min_samples_leaf': 1, 'max_features': 'sqrt', 'bootstrap': False, 'n_bins': 64, 'use_gpu': False}",-0.74871986936144,0.8651612768448594,0.8401933381771108,0.08592359667879249,0.013558601376719739,0.9973323423439068,0.9889343065559079,0.11644140748341948,0.9980354590839113,0.7485040349518276,0.7085032673455094,0.6827067669172932
regressor,2d,rf,1865,diverse_25,3,42,0.6181160039558584,0.7185474744572464,0.40997672772974014,0.7563728347652618,0.9095588986541624,0.3872856132519268,0.670562524739608,0.6966061906027262,"{'n_estimators': 91, 'max_depth': 33, 'min_samples_split': 5, 'min_samples_leaf': 1, 'max_features': 'sqrt', 'bootstrap': False, 'n_bins': 64, 'use_gpu': False}",-0.5506221098976308,0.7185474744572464,0.8272973901209729,0.13449824493259568,0.028198928062479808,0.9942960269953699,0.9758906611125521,0.16792536455961563,0.9941170931769403,0.5163104730488872,0.7088471320536508,0.6345864661654135
regressor,2d,rf,1865,diverse_25,2,42,0.6946042387895093,0.9086464620842343,0.1636947012006046,0.6880050562369946,0.8281615041469889,0.3261865940089621,0.6496364398270907,0.6525933837323126,"{'n_estimators': 53, 'max_depth': 50, 'min_samples_split': 2, 'min_samples_leaf': 1, 'max_features': 'sqrt', 'bootstrap': True, 'n_bins': 64, 'use_gpu': False}",-0.5350687445620894,0.9086464620842343,0.6858514769510031,0.3044491083931337,0.13956031102905542,0.9793304607395313,0.8869194728132779,0.3735777175221448,0.979002349440835,0.8256383930581958,0.5560273171577922,0.5293233082706766
regressor,2d,rf,1865,diverse_25,4,42,0.7797705805598882,0.9166749347608394,0.43346933490059103,0.8095089218498327,0.9710656922072909,0.21582810591348778,0.4920408491740384,0.4482103267179946,"{'n_estimators': 499, 'max_depth': 50, 'min_samples_split': 2, 'min_samples_leaf': 1, 'max_features': 'sqrt', 'bootstrap': False, 'n_bins': 128, 'use_gpu': False}",-0.9137725932277577,0.9166749347608394,0.942968578582025,0.0014678585191536305,8.423586374650845e-06,0.9999965974924176,0.9999927056709472,0.0029023415330816675,0.9999747665171895,0.8402929360187891,0.8071134236392723,0.8021070743197524
regressor,2d,rf,1865,diverse_25,1,42,0.8884620358935157,1.0422176504779586,0.09084748838091183,0.8039835463334234,1.0081379704314077,0.19234441738871622,0.5458185238075401,0.5206719174736223,"{'n_estimators': 461, 'max_depth': 50, 'min_samples_split': 2, 'min_samples_leaf': 1, 'max_features': 'log2', 'bootstrap': True, 'n_bins': 256, 'use_gpu': False}",-0.6816996108750439,1.0422176504779586,1.016342167425558,0.29825427637039986,0.12997325687912867,0.9913804800679133,0.8871970300866773,0.36051803960291456,0.9913411437724251,1.086217630967796,0.37957298275511797,0.312781954887218
regressor,2d,rf,4822,scaffold,5,42,0.3986354210875191,0.5232757569623311,0.7865329793268996,0.5334211200627195,0.6880002054825057,0.7381192031784014,0.8642962834009273,0.8559867182681522,"{'n_estimators': 268, 'max_depth': 47, 'min_samples_split': 2, 'min_samples_leaf': 1, 'max_features': 'sqrt', 'bootstrap': False, 'n_bins': 128}",-0.33127737305872185,0.5232757569623311,0.47334428274397006,0.14223123505924734,0.03686337942159773,0.9865645749034164,0.9708997776666932,0.19199838390360927,0.9862193472084833,0.2738175178245006,0.889281846673005,0.8834703114755925
regressor,2d,rf,4822,scaffold,3,42,0.425780837774439,0.5989709132580963,0.7456444496822499,0.4733942345466192,0.5999161010143799,0.7031329818659162,0.8436147905687936,0.8260245337784919,"{'n_estimators': 476, 'max_depth': 50, 'min_samples_split': 3, 'min_samples_leaf': 1, 'max_features': 'sqrt', 'bootstrap': False, 'n_bins': 256}",-0.390420872671178,0.5989709132580963,0.35989932825629567,0.15525332105150785,0.043493119428805266,0.9860448411096725,0.969756911686611,0.20855004058691828,0.9855173178847544,0.3587661549292379,0.8739576521163732,0.8785524905187794
regressor,2d,rf,4822,scaffold,2,42,0.4295490603543139,0.5786220085311544,0.7639560703253616,0.5018910833949888,0.6493619483353559,0.7201098117748785,0.8594256276714656,0.8493111625657702,"{'n_estimators': 369, 'max_depth': 25, 'min_samples_split': 2, 'min_samples_leaf': 1, 'max_features': 'sqrt', 'bootstrap': True, 'n_bins': 128}",-0.2715740682528568,0.5786220085311544,0.42167093994588933,0.24464147971070302,0.09427843762914503,0.9692571895993733,0.9300288009654205,0.3070479402782976,0.9676633767827382,0.3348034287566273,0.8760241173953567,0.8727568404581791
regressor,2d,rf,4822,scaffold,4,42,0.3868210216719224,0.47630150134901605,0.803007473293099,0.488972267178164,0.6182374997613586,0.6932867746175508,0.8478121805835178,0.7890570344319361,"{'n_estimators': 51, 'max_depth': 50, 'min_samples_split': 2, 'min_samples_leaf': 1, 'max_features': 'sqrt', 'bootstrap': False, 'n_bins': 256}",-0.2788746090214611,0.47630150134901605,0.38221760611117583,0.1457426522613801,0.03897737781411596,0.9873521144492939,0.9724563063592345,0.19742689232755492,0.9876343442123765,0.22686312018732674,0.898945378879362,0.8985644182433794
regressor,2d,rf,4822,scaffold,1,42,0.3876261450797701,0.5415665768900519,0.805662044172145,0.4771919601238442,0.6066241200575944,0.6207426781455104,0.7896303737932173,0.783108202450534,"{'n_estimators': 437, 'max_depth': 42, 'min_samples_split': 2, 'min_samples_leaf': 1, 'max_features': 'sqrt', 'bootstrap': False, 'n_bins': 256}",-0.3479764694912875,0.5415665768900519,0.3679928230356507,0.14489315811885314,0.037477129682665145,0.9883835969156326,0.9749505974001519,0.19359010739876442,0.9876529021324307,0.2932943572044085,0.8982214311625502,0.8737710363174931
regressor,2d,rf,4822,random,5,42,0.42266697299847644,0.6024128908018971,0.7261529251224168,0.49201899154987006,0.6364401732324066,0.7179283500028528,0.8498226379417333,0.8410662302012066,"{'n_estimators': 63, 'max_depth': 41, 'min_samples_split': 3, 'min_samples_leaf': 1, 'max_features': 'sqrt', 'bootstrap': False, 'n_bins': 128}",-0.39423791756696097,0.6024128908018971,0.40505609410409577,0.15590591722115724,0.04333681948136637,0.9855011306783384,0.9687408328310426,0.2081749732349361,0.9845613810437812,0.3629012910042984,0.8544757096844802,0.8509019108855898
regressor,2d,rf,4822,random,3,42,0.43223309465030235,0.5551426975474609,0.7888620258607655,0.44606059963954936,0.5707875119263942,0.7595694943507072,0.875195250434572,0.8577098164026756,"{'n_estimators': 208, 'max_depth': 38, 'min_samples_split': 3, 'min_samples_leaf': 1, 'max_features': 'sqrt', 'bootstrap': False, 'n_bins': 256}",-0.3487318064834669,0.5551426975474609,0.3257983837711236,0.15221407222134503,0.04260545594983202,0.9859652985145313,0.9694268090395581,0.20641089106399405,0.9860461609649848,0.30818341464027166,0.9119388493011142,0.9045561918159815
regressor,2d,rf,4822,random,2,42,0.5035089743504766,0.6539639074696756,0.7363810762479761,0.4182262628974554,0.5441842463714742,0.7775038291347998,0.8841053813879352,0.8639078966040652,"{'n_estimators': 344, 'max_depth': 50, 'min_samples_split': 3, 'min_samples_leaf': 1, 'max_features': 'sqrt', 'bootstrap': True, 'n_bins': 256}",-0.34222996098905184,0.6539639074696756,0.2961364939988894,0.24611128543594896,0.0971780533883844,0.9689541266870193,0.9295486997953823,0.31173394648062375,0.9682917042978407,0.4276687922730064,0.8661682919733394,0.8871599310532766
regressor,2d,rf,4822,random,4,42,0.4036803463841368,0.504358673669935,0.8385480694256492,0.44254182241823775,0.5830421007491673,0.7555448330812586,0.8708446889267227,0.8553274444473531,"{'n_estimators': 142, 'max_depth': 50, 'min_samples_split': 7, 'min_samples_leaf': 1, 'max_features': 'sqrt', 'bootstrap': False, 'n_bins': 128}",-0.24546346430583843,0.504358673669935,0.33993809124600216,0.2019852382693429,0.06702672943167941,0.9780785282526762,0.9511933335926424,0.2588952093640966,0.9774572747774227,0.254377671706096,0.922388764666386,0.8992777282851177
regressor,2d,rf,4822,random,1,42,0.43952384802656735,0.6010545298618987,0.73168519850611,0.4208779168608806,0.5682851907475088,0.7769009005565017,0.8848476022472871,0.8789483505260611,"{'n_estimators': 179, 'max_depth': 32, 'min_samples_split': 3, 'min_samples_leaf': 1, 'max_features': 'sqrt', 'bootstrap': False, 'n_bins': 256}",-0.3936620602558545,0.6010545298618987,0.32294805802293247,0.1602825231557136,0.043011636449293976,0.985887946484099,0.9688599975288869,0.2073924696060442,0.984900219952656,0.361266547867508,0.8639930780957812,0.8484536382958795
regressor,2d,rf,4822,umap,5,42,0.4665312960015299,0.5880559040509207,0.7523095708841503,0.5722896722192087,0.7580094674798522,0.617950239341813,0.8714136620360213,0.8134731647892024,"{'n_estimators': 371, 'max_depth': 47, 'min_samples_split': 6, 'min_samples_leaf': 1, 'max_features': 'sqrt', 'bootstrap': False, 'n_bins': 64}",-0.3411734049259526,0.5880559040509207,0.5745783527890892,0.190691234069131,0.060950968374189854,0.9796000755484131,0.9549676614251544,0.24688249912496807,0.97930601731715,0.3458097462891456,0.8720561342561595,0.8582235708161652
regressor,2d,rf,4822,umap,3,42,0.4738004485762275,0.6472326377431619,0.6850685016546378,0.6637890882136,0.7664785668053917,0.2100478942330165,0.6523798322291755,0.5626366345715281,"{'n_estimators': 241, 'max_depth': 47, 'min_samples_split': 3, 'min_samples_leaf': 1, 'max_features': 'sqrt', 'bootstrap': False, 'n_bins': 256}",-0.44060481981610716,0.6472326377431619,0.5874893933720474,0.16126002671225773,0.04269505514129607,0.9858690860174193,0.9691157742182464,0.2066278179270547,0.9861348366146688,0.41891008735997104,0.8296448554261078,0.8073601888859904
regressor,2d,rf,4822,umap,2,42,0.3611806234355966,0.4930705014930437,0.7635188676624789,1.145877069410134,1.328905009276674,0.023948651532239462,0.6146027266596247,0.6238845434701425,"{'n_estimators': 238, 'max_depth': 50, 'min_samples_split': 3, 'min_samples_leaf': 1, 'max_features': 'sqrt', 'bootstrap': True, 'n_bins': 256}",-0.18662357371767624,0.4930705014930437,1.7659885236806372,0.23872870513164296,0.0939097195429613,0.9649244162614521,0.921663037488546,0.3064469277753675,0.9637774051227014,0.24311851944260163,0.8776498456980925,0.8640833343321294
regressor,2d,rf,4822,umap,4,42,0.38594594526132164,0.5054459732363771,0.8247881930221178,0.6265898851210566,0.7660602139094547,0.4029448525768542,0.7288661729885111,0.7330070960981839,"{'n_estimators': 112, 'max_depth': 25, 'min_samples_split': 2, 'min_samples_leaf': 1, 'max_features': 'sqrt', 'bootstrap': False, 'n_bins': 128}",-0.2726683384902363,0.5054459732363771,0.5868482513349995,0.17781759073334316,0.05418542723800773,0.9827116632649568,0.9629808908417299,0.2327776347461408,0.9812609095807894,0.2554756318608684,0.9129076998586313,0.8629658152734462
regressor,2d,rf,4822,umap,1,42,0.4483165311689178,0.5792714547702876,0.7769734282756289,0.8332467768397279,1.018903927507206,-0.2095379330111502,0.5013548735665387,0.555617972957229,"{'n_estimators': 368, 'max_depth': 35, 'min_samples_split': 7, 'min_samples_leaf': 1, 'max_features': 'sqrt', 'bootstrap': False, 'n_bins': 256}",-0.32627030843280064,0.5792714547702876,1.03816521348961,0.19862529412273536,0.06400958004808252,0.9806557270907177,0.9574398502353697,0.253001146337487,0.9790989527000442,0.33555541831168545,0.8815472898200597,0.8569986399009729
regressor,2d,rf,4822,time,5,42,0.4277601132282773,0.5628260637458495,0.7836198934308098,0.7378744100093805,0.960066622608407,0.5082039689164115,0.86997969275217,0.761564363558291,"{'n_estimators': 84, 'max_depth': 33, 'min_samples_split': 3, 'min_samples_leaf': 1, 'max_features': 'sqrt', 'bootstrap': False, 'n_bins': 64}",-0.34449612488851067,0.5628260637458495,0.9217279198467134,0.16481761848349893,0.04766796220144932,0.9829421986755728,0.9625178782120867,0.21832993885733884,0.9815106887673826,0.3167731780316471,0.8867880995030227,0.8849743591367619
regressor,2d,rf,4822,time,3,42,0.5163317927866936,0.7072111933513867,0.6346637960806456,0.6580461368895395,0.8528582698675501,0.6136110710694965,0.8333176629158631,0.7991111209401021,"{'n_estimators': 326, 'max_depth': 34, 'min_samples_split': 2, 'min_samples_leaf': 1, 'max_features': 'sqrt', 'bootstrap': False, 'n_bins': 64}",-0.5125927176291971,0.7072111933513867,0.7273672284814708,0.14728998274073626,0.037876351092428505,0.9841211298698775,0.964409811848397,0.1946184757221896,0.983403052336697,0.5001476720014925,0.8033982296787545,0.8096534349080634
regressor,2d,rf,4822,time,2,42,0.3943554486386996,0.5543379567460363,0.6140214701394859,1.1196077378332077,1.4502379463284885,-0.2440115643247065,0.5207449531776717,0.607567045690042,"{'n_estimators': 470, 'max_depth': 49, 'min_samples_split': 4, 'min_samples_leaf': 1, 'max_features': 'sqrt', 'bootstrap': True, 'n_bins': 256}",-0.23060175056589693,0.5543379567460363,2.1031901009710716,0.2581873540768201,0.10480513119190966,0.9503761622552351,0.8850740425521516,0.3237362061801393,0.9517567589027263,0.30729057028937035,0.7872639920945046,0.7703289590506686
regressor,2d,rf,4822,time,4,42,0.4594585083444737,0.5912905348528388,0.670730850450775,0.6418123601280036,0.8265655918898566,0.6279343433559181,0.8424102720350104,0.7866316759100415,"{'n_estimators': 191, 'max_depth': 28, 'min_samples_split': 5, 'min_samples_leaf': 1, 'max_features': 'sqrt', 'bootstrap': False, 'n_bins': 128}",-0.33844845874916074,0.5912905348528388,0.683210677696229,0.19542685182104091,0.06392911544841812,0.9768409895938882,0.9489399403652681,0.25284207610367804,0.974671947127701,0.3496244966065562,0.8265835293810362,0.7864696555802914
regressor,2d,rf,4822,time,1,42,0.44030234500468857,0.5423720603366806,0.5622000958825226,1.1716586826339508,1.4775867712064898,-0.39505292762643185,0.4459821631022937,0.4731371479103557,"{'n_estimators': 135, 'max_depth': 32, 'min_samples_split': 8, 'min_samples_leaf': 1, 'max_features': 'sqrt', 'bootstrap': False, 'n_bins': 256}",-0.2832168866771667,0.5423720603366806,2.1832626664444197,0.20347679160776558,0.0671614040344928,0.9580493878892129,0.907652776548413,0.2591551736595139,0.9586884330228196,0.29416745183385595,0.7524300901899401,0.6729355543726607
regressor,2d,rf,4822,butina,5,42,0.44707984240537635,0.5538419893991824,0.7895541881078618,0.6577088758462203,0.8716748676044453,0.19005920071906557,0.568214711941686,0.5702789472942367,"{'n_estimators': 215, 'max_depth': 47, 'min_samples_split': 3, 'min_samples_leaf': 1, 'max_features': 'sqrt', 'bootstrap': False, 'n_bins': 128}",-0.3524228209227934,0.5538419893991824,0.7598170748132274,0.15102510043717857,0.04056968142971995,0.9871936097885783,0.9720862747803994,0.20141916847638894,0.9869317923258581,0.306740949221644,0.8889860327367951,0.8775745629354607
regressor,2d,rf,4822,butina,3,42,0.41090400487499723,0.5440443368156681,0.7369362335084968,1.0651316878721078,1.3044096807442482,0.28918369259525767,0.8192470173482748,0.7897137787430342,"{'n_estimators': 442, 'max_depth': 50, 'min_samples_split': 2, 'min_samples_leaf': 1, 'max_features': 'sqrt', 'bootstrap': False, 'n_bins': 128}",-0.356809182915182,0.5440443368156681,1.7014846152193115,0.13872119683532586,0.035057002856138726,0.9857955366745561,0.9690579027785861,0.18723515390048612,0.9848103176802698,0.2959842404212001,0.8601635695081682,0.8520317184554967
regressor,2d,rf,4822,butina,2,42,0.5077441699421382,0.6618934361111349,0.7307535734414818,0.6947006576601815,0.7960416692192764,0.29487814814098423,0.7448536098936209,0.688091701081491,"{'n_estimators': 481, 'max_depth': 46, 'min_samples_split': 11, 'min_samples_leaf': 1, 'max_features': 'sqrt', 'bootstrap': False, 'n_bins': 256}",-0.3498722105223844,0.6618934361111349,0.6336823391334119,0.24196340220534124,0.09735724521790598,0.9701387811059292,0.9352625980051776,0.31202122558875056,0.9689890695504618,0.43810292076700513,0.8584009660147397,0.8210543343075735
regressor,2d,rf,4822,butina,4,42,0.4508899041860672,0.598107439450496,0.7968070180641286,0.8083750500045254,0.9967365820021831,0.14185745407217687,0.44089172646697833,0.4015798155665894,"{'n_estimators': 323, 'max_depth': 50, 'min_samples_split': 2, 'min_samples_leaf': 1, 'max_features': 'sqrt', 'bootstrap': False, 'n_bins': 64}",-0.4118422529096619,0.598107439450496,0.9934838139013946,0.14031483521476115,0.03469471971709173,0.9883904637694169,0.9748003686011949,0.18626518654083413,0.9878274365124847,0.35773250912602883,0.8948437229793559,0.8631308350837842
regressor,2d,rf,4822,butina,1,42,0.4151319298441117,0.5424114590660293,0.7509763953347824,0.6195828587302381,0.765511285791459,0.40004363639151097,0.7116677664868865,0.6954379353807053,"{'n_estimators': 454, 'max_depth': 28, 'min_samples_split': 15, 'min_samples_leaf': 1, 'max_features': 'sqrt', 'bootstrap': False, 'n_bins': 128}",-0.189950051810728,0.5424114590660293,0.5860075286740928,0.27539928113660067,0.12422904360438734,0.9603281868908321,0.913406928595234,0.3524614072553013,0.9536570710559437,0.2942101909261387,0.8727770006036213,0.8370271712603147
regressor,2d,rf,4822,diverse_25,5,42,0.6962796124928686,0.8445458851819554,0.5912634652167961,0.6633581930372717,0.85413687341758,0.5300387543358576,0.7460470826975436,0.6551344722290916,"{'n_estimators': 424, 'max_depth': 33, 'min_samples_split': 3, 'min_samples_leaf': 1, 'max_features': 'sqrt', 'bootstrap': False, 'n_bins': 128, 'use_gpu': False}",-0.7517939895350149,0.8445458851819554,0.7295497985315592,0.06950949059065056,0.00860291414610095,0.9979666243115426,0.993839772697716,0.09275189564694056,0.9971987675051095,0.7132577521777725,0.795392130095035,0.7086391869000566
regressor,2d,rf,4822,diverse_25,3,42,0.6954489564198074,0.8503547041819722,0.5597430593448844,0.5452369101647679,0.7331217781577604,0.6201362765323875,0.8115841454874542,0.7759189324258724,"{'n_estimators': 366, 'max_depth': 40, 'min_samples_split': 3, 'min_samples_leaf': 1, 'max_features': 'sqrt', 'bootstrap': False, 'n_bins': 256, 'use_gpu': False}",-0.7644542157840086,0.8503547041819722,0.5374675416091964,0.06498596751593355,0.007378893907008683,0.9984036262988771,0.9948872127226006,0.08590048839796362,0.9975900981137549,0.7231031229244095,0.7935756769192025,0.5821569734613213
regressor,2d,rf,4822,diverse_25,2,42,0.6003195541707712,0.7113444749909182,0.6005264539114085,0.745701881264417,0.8755391772163447,0.5109289988148984,0.7735538707131022,0.6921854441448793,"{'n_estimators': 447, 'max_depth': 50, 'min_samples_split': 2, 'min_samples_leaf': 1, 'max_features': 'log2', 'bootstrap': False, 'n_bins': 128, 'use_gpu': False}",-0.7073337740491319,0.7113444749909182,0.7665688508406737,0.0024051367139830172,1.608572204444595e-05,0.9999951965583923,0.9999888797603332,0.0040107009417863545,0.9999552967216356,0.5060109621001051,0.8668301795545175,0.7958204214550334
regressor,2d,rf,4822,diverse_25,4,42,0.7126886279262123,0.8948280103003144,0.48567530039848383,0.6663254852013899,0.8495326940583517,0.4817897531732668,0.7116480392721,0.7267755844446124,"{'n_estimators': 468, 'max_depth': 50, 'min_samples_split': 10, 'min_samples_leaf': 1, 'max_features': 'sqrt', 'bootstrap': False, 'n_bins': 128, 'use_gpu': False}",-0.5598651662535435,0.8948280103003144,0.721705798274041,0.2597831191781881,0.11220010689190137,0.9765684387446687,0.9207890914906314,0.3349628440467709,0.967963126468055,0.8007171680180196,0.7442903852005306,0.7165443252399775
regressor,2d,rf,4822,diverse_25,1,42,0.8593315023681041,0.9839895720818366,0.38470259060257517,0.7108557278664135,0.8614997942424282,0.4418217862066951,0.6794507602634154,0.5666387552946142,"{'n_estimators': 499, 'max_depth': 50, 'min_samples_split': 9, 'min_samples_leaf': 1, 'max_features': 'sqrt', 'bootstrap': True, 'n_bins': 128, 'use_gpu': False}",-0.48029580408818395,0.9839895720818366,0.742181895479746,0.39440544810784856,0.25370741191564355,0.9424995935845388,0.8257130762039057,0.5036937679936526,0.9255627204190408,0.9682354779657959,0.6993929868318107,0.7244494635798985
regressor,2d,rf,220,scaffold,5,42,0.4358929798661629,0.5700504354338154,0.7390011532281121,0.5380327115197125,0.6933046097054634,0.5408711264470852,0.7607898368279563,0.7481469092008523,"{'n_estimators': 193, 'max_depth': 50, 'min_samples_split': 3, 'min_samples_leaf': 1, 'max_features': 'sqrt', 'bootstrap': False, 'n_bins': 256}",-0.26676307503986885,0.5700504354338154,0.48067128183884483,0.21606095730604588,0.09198322297472761,0.9688418008390114,0.9333223224489106,0.30328736039394655,0.9583476377440108,0.3249574989382825,0.8646362581669002,0.8138766835285475
regressor,2d,rf,220,scaffold,3,42,0.5125061184858273,0.6894820900670803,0.5896462032236103,0.8182447772552882,1.2388393256402093,0.24900648492083532,0.5182805382695241,0.6284490723939636,"{'n_estimators': 88, 'max_depth': 50, 'min_samples_split': 7, 'min_samples_leaf': 1, 'max_features': 'sqrt', 'bootstrap': True, 'n_bins': 128}",-0.2877768993839812,0.6894820900670803,1.5347228747526882,0.30864557208553683,0.16136706022174496,0.9370398820899295,0.8556285527924504,0.40170519068309907,0.9291751974967705,0.4753855525232694,0.7683665845020751,0.7469533088660989
regressor,2d,rf,220,scaffold,2,42,0.4357737359092717,0.5654189041575551,0.7548717380272133,0.6024999315292584,0.7989512466385992,0.51393372950033,0.7259590763538317,0.7442500193413214,"{'n_estimators': 377, 'max_depth': 50, 'min_samples_split': 2, 'min_samples_leaf': 1, 'max_features': 'sqrt', 'bootstrap': False, 'n_bins': 128}",-0.2693341585262337,0.5654189041575551,0.6383230945053717,0.2101187455935311,0.0876661765955643,0.9686094604311912,0.9327877589904301,0.2960847456313214,0.9588742304296815,0.3196985371787305,0.8721263779712778,0.8047746968921257
regressor,2d,rf,220,scaffold,4,42,0.4943815529815656,0.7035695767514896,0.6439777588117823,0.5401748510324428,0.6923968122824867,0.5349127062080059,0.7362393302706354,0.6911999968321969,"{'n_estimators': 51, 'max_depth': 47, 'min_samples_split': 7, 'min_samples_leaf': 2, 'max_features': 'sqrt', 'bootstrap': False, 'n_bins': 128}",-0.2547286987094904,0.7035695767514896,0.4794133456589492,0.33850851086482736,0.20145813380151278,0.9331721164144713,0.8536249222665082,0.4488408780419992,0.9141886487409429,0.49501014933027015,0.8108686914426376,0.8179233043049624
regressor,2d,rf,220,scaffold,1,42,0.4851401575915504,0.6199456293217868,0.6709954937427678,0.5808316174192927,0.7588485939325517,0.4615404043700676,0.6865442016720642,0.6654826846682519,"{'n_estimators': 154, 'max_depth': 50, 'min_samples_split': 3, 'min_samples_leaf': 1, 'max_features': 'sqrt', 'bootstrap': False, 'n_bins': 256}",-0.33809610137727475,0.6199456293217868,0.5758511885134107,0.20188708283530601,0.07943915640254427,0.9732525301117576,0.9428088631332076,0.281849527944512,0.964350057298761,0.3843325833151862,0.8252230097914489,0.8184571823811297
regressor,2d,rf,220,random,5,42,0.399557068290837,0.5111134266070655,0.78677820200039,0.48412877309561475,0.6437550772816428,0.7112518759102595,0.8478367073253039,0.7765207639653255,"{'n_estimators': 159, 'max_depth': 48, 'min_samples_split': 3, 'min_samples_leaf': 1, 'max_features': 'sqrt', 'bootstrap': False, 'n_bins': 64}",-0.20512265686361375,0.5111134266070655,0.4144205995258939,0.22160729457370598,0.0936303511681901,0.9660390649848445,0.9268236481991976,0.30599076974345174,0.9569545161834314,0.2612369348580161,0.900443870822641,0.8797779664998409
regressor,2d,rf,220,random,3,42,0.5066192409217445,0.6633828942069417,0.6339620989338282,0.4504404771585045,0.6384969425368173,0.6609853701415425,0.8158150811875307,0.7938420712972231,"{'n_estimators': 353, 'max_depth': 49, 'min_samples_split': 5, 'min_samples_leaf': 1, 'max_features': 'sqrt', 'bootstrap': False, 'n_bins': 256}",-0.35109510987120185,0.6633828942069417,0.4076783456288638,0.22997901160203657,0.09752366024532558,0.9670339454667353,0.9277003699680733,0.3122877843357399,0.9570433833896409,0.44007686432637844,0.7968300555494525,0.7282189856587031
regressor,2d,rf,220,random,2,42,0.5508786522652098,0.7328623819099434,0.5748814555840498,0.4562822631886465,0.6286685960499949,0.6909819413704914,0.8352006443427213,0.8005824072961552,"{'n_estimators': 232, 'max_depth': 50, 'min_samples_split': 6, 'min_samples_leaf': 1, 'max_features': 'sqrt', 'bootstrap': False, 'n_bins': 64}",-0.3980258788018234,0.7328623819099434,0.3952242036594717,0.24848216158878778,0.11211548381367402,0.9611464838003754,0.9151845645899186,0.33483650310811996,0.951332063352874,0.5370872708187157,0.7625905131318905,0.6935757845019396
regressor,2d,rf,220,random,4,42,0.4611571687259993,0.6175230358887062,0.6695599086984436,0.49956857629107004,0.6657633706353179,0.6696816696017469,0.8203984024611324,0.7719932622650842,"{'n_estimators': 189, 'max_depth': 50, 'min_samples_split': 2, 'min_samples_leaf': 1, 'max_features': 'sqrt', 'bootstrap': False, 'n_bins': 128}",-0.34263667895596006,0.6175230358887062,0.4432408656796996,0.20025737887397424,0.07556250922775709,0.9736185280983252,0.9424853613259065,0.2748863569327461,0.9637599875948639,0.3813346998532043,0.8227480615739435,0.7934873931794867
regressor,2d,rf,220,random,1,42,0.42839484163436964,0.5785478687684585,0.7097402793706852,0.4771809007793591,0.6272476515844563,0.6905975140790042,0.838442557362806,0.8147160902447521,"{'n_estimators': 381, 'max_depth': 47, 'min_samples_split': 4, 'min_samples_leaf': 1, 'max_features': 'sqrt', 'bootstrap': False, 'n_bins': 128}",-0.269251537916366,0.5785478687684585,0.3934396164182155,0.22726181700142972,0.09566422027856707,0.9670401671290596,0.9279842950322995,0.3092963308520925,0.9587394340774542,0.3347176364565255,0.8489474150492493,0.8248348925680972
regressor,2d,rf,220,umap,5,42,0.4040550913991292,0.5499318595815778,0.677591558718006,0.9245234365362708,1.2836823644895294,-0.17305069655886585,0.13878559660054668,0.2619123542780886,"{'n_estimators': 50, 'max_depth': 50, 'min_samples_split': 6, 'min_samples_leaf': 1, 'max_features': 'sqrt', 'bootstrap': False, 'n_bins': 256}",-0.24323773626934708,0.5499318595815778,1.6478404129014292,0.22769374110986332,0.09406128527425776,0.9660826527718477,0.9274823317134633,0.30669412331223067,0.956286692003037,0.30242505018285215,0.8255557640224682,0.7866597973261725
regressor,2d,rf,220,umap,3,42,0.5111018672093146,0.6733405156948168,0.704173629371172,0.763598620497851,0.9489610707925441,-0.042652325202231944,0.1442261579803823,0.09798022068653117,"{'n_estimators': 61, 'max_depth': 50, 'min_samples_split': 5, 'min_samples_leaf': 1, 'max_features': 'sqrt', 'bootstrap': False, 'n_bins': 64}",-0.356842150823363,0.6733405156948168,0.9005271138797319,0.23612125611502818,0.10017121496630389,0.9650521449479476,0.9251798218100197,0.3164983648714538,0.9553774285056245,0.45338745007616177,0.8417140883841316,0.8082931074398045
regressor,2d,rf,220,umap,2,42,0.47185315684659224,0.6138086231681041,0.6385887158304353,0.7742054511343758,0.9538129570547952,0.13489786176717156,0.4419856093425789,0.39243046189557224,"{'n_estimators': 79, 'max_depth': 46, 'min_samples_split': 5, 'min_samples_leaf': 2, 'max_features': 'sqrt', 'bootstrap': False, 'n_bins': 256}",-0.15352030232511954,0.6138086231681041,0.9097591570456126,0.3441954816634272,0.21186533830445434,0.9318742521217478,0.8494708000723219,0.4602883208429846,0.9111232728761549,0.3767610258755236,0.8037252905761648,0.7952487217411155
regressor,2d,rf,220,umap,4,42,0.4582448079954956,0.6658903680859757,0.7211419153764373,0.7402979629759687,0.9244510870707348,0.07963445276351844,0.3066584389408009,0.22381481765946082,"{'n_estimators': 489, 'max_depth': 36, 'min_samples_split': 3, 'min_samples_leaf': 1, 'max_features': 'sqrt', 'bootstrap': False, 'n_bins': 256}",-0.3402774640234934,0.6658903680859757,0.8546098123862632,0.23879091065177546,0.10602376329200329,0.9635901377451097,0.9226083147619848,0.3256129040624823,0.9530734904455189,0.4434099823096762,0.8527962501821154,0.7996746381890202
regressor,2d,rf,220,umap,1,42,0.42097796889011385,0.5883642710879793,0.6961756583548868,1.0772442210650328,1.5039082337586334,-0.2524412497183157,0.2955620446546154,0.28651814735542075,"{'n_estimators': 162, 'max_depth': 48, 'min_samples_split': 4, 'min_samples_leaf': 1, 'max_features': 'sqrt', 'bootstrap': False, 'n_bins': 256}",-0.2763094133339442,0.5883642710879793,2.261739975567012,0.22359652339620495,0.09737823424789106,0.9599518423866185,0.9139288818249777,0.3120548577540351,0.951852017506352,0.3461725154928892,0.8385323128611708,0.8198415686419926
regressor,2d,rf,220,time,5,42,0.4324566311087819,0.605615825195799,0.7028418015218567,0.6351895398687533,0.8014355210234851,0.22761402898250216,0.49306638558351396,0.19326719699304248,"{'n_estimators': 237, 'max_depth': 48, 'min_samples_split': 3, 'min_samples_leaf': 1, 'max_features': 'sqrt', 'bootstrap': False, 'n_bins': 128}",-0.3013752202853481,0.605615825195799,0.6422988943581851,0.21679659380637945,0.09256234567627712,0.9681850961304809,0.9323303493080206,0.30424060491045096,0.9588126952623668,0.36677052772758856,0.8419038782984771,0.8362380860431137
regressor,2d,rf,220,time,3,42,0.5462964987615431,0.7945034579265893,0.5818399737314643,0.8465247358715943,1.152514275059015,0.023283073690539835,0.21646081990693566,0.17406818480805666,"{'n_estimators': 50, 'max_depth': 16, 'min_samples_split': 2, 'min_samples_leaf': 1, 'max_features': 'sqrt', 'bootstrap': False, 'n_bins': 256}",-0.30831202246322387,0.7945034579265893,1.328289154214807,0.3829458633107263,0.23638211191792782,0.9119591490969446,0.806815509559096,0.4861914354633654,0.9103199904020096,0.6312357446573076,0.7705748232186964,0.7979309353804973
regressor,2d,rf,220,time,2,42,0.5491630718271856,0.6923938668495461,0.5026047476163338,0.9331511255208286,1.201403448727234,-0.1530079093068657,0.1483241823961985,0.19016659648285142,"{'n_estimators': 82, 'max_depth': 50, 'min_samples_split': 15, 'min_samples_leaf': 1, 'max_features': 'sqrt', 'bootstrap': True, 'n_bins': 128}",-0.1772781680373383,0.6923938668495461,1.4433702466136915,0.40441548559177104,0.2653441831627891,0.9116679913371091,0.8036164360877149,0.5151156988122078,0.9067351916088917,0.4794092668508669,0.7118885696800517,0.6854318586938909
regressor,2d,rf,220,time,4,42,0.5092175791936874,0.6504805877753653,0.627280301108639,0.8238325611223177,1.1238842998961678,0.12499275240467267,0.35548336797140884,0.3746725862180784,"{'n_estimators': 318, 'max_depth': 50, 'min_samples_split': 5, 'min_samples_leaf': 1, 'max_features': 'sqrt', 'bootstrap': False, 'n_bins': 64}",-0.3175979848272197,0.6504805877753653,1.2631159195530992,0.2395271708514368,0.1108108273455328,0.959160508558222,0.9127780619114809,0.33288260294814564,0.9501843397526483,0.4231249950725848,0.7925992381678579,0.7845795637707313
regressor,2d,rf,220,time,1,42,0.5206369935287579,0.6761787469192825,0.5413385125912106,1.0130275644669968,1.2514030763340753,-0.22148016389321956,0.1628108499992219,0.12472851566484613,"{'n_estimators': 174, 'max_depth': 25, 'min_samples_split': 8, 'min_samples_leaf': 1, 'max_features': 'sqrt', 'bootstrap': False, 'n_bins': 256}",-0.3075118203034999,0.6761787469192825,1.5660096594583877,0.2839830741155056,0.13591530278032685,0.9523152717086592,0.8931318661563211,0.3686669266157826,0.9486832993910798,0.45721769778533106,0.7390954906132974,0.6841759684832566
regressor,2d,rf,220,butina,5,42,0.4467305197412198,0.5978881593552469,0.780749200053638,0.633894621377559,0.8131184246421577,0.1040384252237454,0.3340878798292964,0.3537861117165496,"{'n_estimators': 252, 'max_depth': 49, 'min_samples_split': 3, 'min_samples_leaf': 1, 'max_features': 'sqrt', 'bootstrap': False, 'n_bins': 256}",-0.3033254260087289,0.5978881593552469,0.6611615724925443,0.20895413527957132,0.08676720387657184,0.9714582548032326,0.938730371449984,0.29456273334651795,0.9635005909238552,0.35747025109720504,0.8858143317891419,0.8394008318421083
regressor,2d,rf,220,butina,3,42,0.4027654539665291,0.5176681425330573,0.7636445952356492,0.7008372178593616,0.9801505712691652,0.3263100737670578,0.5929163330393237,0.49150106929710385,"{'n_estimators': 51, 'max_depth': 35, 'min_samples_split': 3, 'min_samples_leaf': 1, 'max_features': 'sqrt', 'bootstrap': False, 'n_bins': 256}",-0.17232379830149974,0.5176681425330573,0.9606951423592708,0.2571322187934075,0.11926271609272449,0.9567656992773383,0.906683757118272,0.3453443442315575,0.9477997114883555,0.2679803057936257,0.8775901425071695,0.8577414123210115
regressor,2d,rf,220,butina,2,42,0.43436302512960745,0.5787012498079951,0.6665257751500131,0.9465679093265197,1.3579776395350958,-0.07543822373295583,0.2449709325722746,0.3473729655430021,"{'n_estimators': 325, 'max_depth': 50, 'min_samples_split': 2, 'min_samples_leaf': 1, 'max_features': 'sqrt', 'bootstrap': False, 'n_bins': 256}",-0.29385897387798143,0.5787012498079951,1.8441032694773105,0.1988273667783109,0.08113512215699005,0.9683081162846517,0.9325254549904964,0.28484227593001366,0.9607490129094556,0.33489513652933556,0.8249685156402611,0.808907077105277
regressor,2d,rf,220,butina,4,42,0.4897148828674102,0.671330295316224,0.710355204253643,0.6832864936908227,0.8569182757791965,0.3278255517828119,0.5803553880893841,0.4425686122427002,"{'n_estimators': 51, 'max_depth': 50, 'min_samples_split': 3, 'min_samples_leaf': 1, 'max_features': 'sqrt', 'bootstrap': True, 'n_bins': 64}",-0.29906735460096295,0.671330295316224,0.7343089313643912,0.2891314986242083,0.13857969702997397,0.9528745756236889,0.8951880298847039,0.37226294071526106,0.9374419894455464,0.45068436540936857,0.8447742766228636,0.7920352850213599
regressor,2d,rf,220,butina,1,42,0.42257002905049834,0.5445937510683778,0.6798198387459944,0.8114837961886265,1.0389776093674055,0.13051752091732682,0.46612340142867004,0.4416897048885964,"{'n_estimators': 180, 'max_depth': 50, 'min_samples_split': 5, 'min_samples_leaf': 2, 'max_features': 'sqrt', 'bootstrap': False, 'n_bins': 128}",-0.09612145063624417,0.5445937510683778,1.079474472766809,0.33056048696726925,0.20112740425488995,0.9298939369958588,0.8473351797513902,0.44847230043213365,0.9108002851732196,0.2965823537027263,0.8426742322623358,0.7553300458572373
regressor,2d,rf,220,diverse_25,5,42,0.6671058389258036,0.8745191015225956,0.1226696790216174,0.8660207872745792,1.137302106688498,0.0652624023436148,0.30596204482750033,0.29575069102144586,"{'n_estimators': 462, 'max_depth': 50, 'min_samples_split': 11, 'min_samples_leaf': 1, 'max_features': 'sqrt', 'bootstrap': False, 'n_bins': 128, 'use_gpu': False}",-0.5343798265599332,0.8745191015225956,1.2934560818780958,0.2571104472906343,0.11569472637212566,0.9765324469711876,0.89804092011224,0.3401392749626624,0.9697602808399213,0.7647836589278879,0.3537264729612782,0.4352941176470588
regressor,2d,rf,220,diverse_25,3,42,0.7116498469670037,0.8647428944780124,0.1701369975053617,0.6972746394170508,0.8895734506680292,0.15368664434743406,0.431379541682569,0.4921363138148576,"{'n_estimators': 96, 'max_depth': 31, 'min_samples_split': 6, 'min_samples_leaf': 3, 'max_features': 'sqrt', 'bootstrap': True, 'n_bins': 128, 'use_gpu': False}",-0.0261350960435216,0.8647428944780124,0.7913409241334245,0.649643512893805,0.7032630395951436,0.8290339982714829,0.4438221694425427,0.8386077984344908,0.8452609780749307,0.747780273550211,0.4581862196518778,0.4338597825793717
regressor,2d,rf,220,diverse_25,2,42,0.7015053022798996,0.794878087818706,0.17280429344948967,0.8388118597983028,0.9966274344257846,0.06004215916774858,0.29651503608452334,0.28922361356419823,"{'n_estimators': 371, 'max_depth': 50, 'min_samples_split': 6, 'min_samples_leaf': 1, 'max_features': 'log2', 'bootstrap': False, 'n_bins': 256, 'use_gpu': False}",-0.4042564077430795,0.794878087818706,0.9932662430501216,0.3012427298541664,0.15258529694510506,0.9821220404449154,0.8767570859797561,0.3906216800756264,0.9764004303446607,0.6318311744943225,0.4455736147097782,0.44184491978609625
regressor,2d,rf,220,diverse_25,4,42,0.6917895875325406,0.8214068738020782,0.28791815015877764,0.7448554501049071,1.0722210826058456,0.1619702907749414,0.46769206975237454,0.5520344750933657,"{'n_estimators': 456, 'max_depth': 50, 'min_samples_split': 6, 'min_samples_leaf': 1, 'max_features': 'sqrt', 'bootstrap': True, 'n_bins': 64, 'use_gpu': False}",-0.3246920452200159,0.8214068738020782,1.1496580499844515,0.3858688956734464,0.24672562093330758,0.9640012763134644,0.782592639976339,0.49671482858206234,0.9593467809663724,0.6747092523293033,0.5690562707841902,0.36834628690482873
regressor,2d,rf,220,diverse_25,1,42,0.9350372102019736,1.1742969836986363,0.12821840954295416,0.7233548090255355,0.9070432619895603,0.2061107216235356,0.5047863883576061,0.4876683148931046,"{'n_estimators': 432, 'max_depth': 22, 'min_samples_split': 18, 'min_samples_leaf': 1, 'max_features': 'sqrt', 'bootstrap': False, 'n_bins': 256, 'use_gpu': False}",-0.6128783770365617,1.1742969836986363,0.8227274791206622,0.46783908658927004,0.31519085190638535,0.9312026324562304,0.7294217162306398,0.5614186066620747,0.9088206959480223,1.3789734059237155,0.38300280022693634,0.30013368983957217
regressor,2d,rf,260,scaffold,5,42,0.5003463576956408,0.6476754562721565,0.7089569522879104,0.6854878304184061,0.8915137266886667,0.38453345425275,0.6346377414195615,0.6239243925083784,"{'n_estimators': 68, 'max_depth': 37, 'min_samples_split': 2, 'min_samples_leaf': 1, 'max_features': 'sqrt', 'bootstrap': True, 'n_bins': 64}",-0.3140357549570192,0.6476754562721565,0.7947967248743147,0.2623585502981115,0.11131545029365403,0.9603977694108248,0.9070090405077068,0.3336397013151373,0.9613704958114134,0.4194834966573461,0.8573521643415825,0.8613348010632185
regressor,2d,rf,260,scaffold,3,42,0.41621155398847137,0.5567728263739181,0.7246946617319072,0.6212842225451328,0.7840574082198444,0.6241068056782592,0.8125782312812532,0.8220679545622662,"{'n_estimators': 133, 'max_depth': 31, 'min_samples_split': 2, 'min_samples_leaf': 1, 'max_features': 'sqrt', 'bootstrap': False, 'n_bins': 128}",-0.3216483123739787,0.5567728263739181,0.6147460193844196,0.18521447508089708,0.05528353708370772,0.9792965659777982,0.9514308288238611,0.23512451399993944,0.978455332965607,0.30999598018840113,0.8560860771071578,0.8527597428215095
regressor,2d,rf,260,scaffold,2,42,0.476365825032877,0.6109108963273816,0.6849482464112323,0.4760279103662941,0.5817534415036318,0.6907435520293774,0.8448537119979169,0.8465759113863348,"{'n_estimators': 113, 'max_depth': 50, 'min_samples_split': 7, 'min_samples_leaf': 1, 'max_features': 'sqrt', 'bootstrap': False, 'n_bins': 128}",-0.3378333975773949,0.6109108963273816,0.33843706670131957,0.2160303508079738,0.074571320323549,0.9750818438742574,0.9414724861012711,0.2730774987499867,0.9748568932367256,0.3732121232515248,0.8339533672515813,0.8146059256303504
regressor,2d,rf,260,scaffold,4,42,0.4416398840562705,0.5678131235308448,0.7649143319445482,0.5745682591045785,0.7355695167159245,0.5268752628321853,0.7348433754800321,0.7145152197785952,"{'n_estimators': 177, 'max_depth': 50, 'min_samples_split': 2, 'min_samples_leaf': 1, 'max_features': 'sqrt', 'bootstrap': False, 'n_bins': 128}",-0.3731160823203659,0.5678131235308448,0.5410625139216988,0.1454489963535315,0.03790693785611491,0.9862574749776617,0.9695961703510412,0.19469704121047887,0.9860418305222822,0.3224117432538544,0.8793584462402837,0.8829445936905836
regressor,2d,rf,260,scaffold,1,42,0.4079785071894471,0.5488966741159893,0.7445656368143547,0.4966027731855166,0.6497627067855014,0.5709209126784326,0.7602120011956495,0.7372602399937633,"{'n_estimators': 129, 'max_depth': 45, 'min_samples_split': 2, 'min_samples_leaf': 1, 'max_features': 'sqrt', 'bootstrap': False, 'n_bins': 256}",-0.35283655487955645,0.5488966741159893,0.42219157512922145,0.1515626765569876,0.03843957035500427,0.9869227175420566,0.9705397918147164,0.19606011923643285,0.9868547091954356,0.30128755885559455,0.8635145249391416,0.8400820277308216
regressor,2d,rf,260,random,5,42,0.5260994148679818,0.6810910860870908,0.646849904104345,0.46780013446903973,0.6004627539561542,0.6873727863819622,0.8303398583895492,0.8245918828513125,"{'n_estimators': 211, 'max_depth': 34, 'min_samples_split': 2, 'min_samples_leaf': 1, 'max_features': 'sqrt', 'bootstrap': False, 'n_bins': 64}",-0.4749307921452559,0.6810910860870908,0.36055551888860904,0.15962323055639482,0.04250206679818377,0.9852753752388355,0.9660235423847774,0.2061602939418349,0.9849744949192757,0.463885067547293,0.8146419093739394,0.8018225299567052
regressor,2d,rf,260,random,3,42,0.48505952736177876,0.6196462058597144,0.656436642982718,0.4875906759527997,0.6411298014586243,0.6595558920739614,0.8229022403597777,0.826433190590986,"{'n_estimators': 362, 'max_depth': 19, 'min_samples_split': 4, 'min_samples_leaf': 1, 'max_features': 'sqrt', 'bootstrap': False, 'n_bins': 256}",-0.26020418563250997,0.6196462058597144,0.41104742231837504,0.29058772882219547,0.12919856590501405,0.960178342002129,0.8971556187921914,0.35944202022720445,0.9633357106571719,0.3839614204363395,0.8156906645064124,0.7669149299726543
regressor,2d,rf,260,random,2,42,0.4950887311462654,0.6599955004560072,0.6601163611024197,0.43123930084295736,0.5647372283588108,0.7390753309996323,0.8641851011574104,0.8535075576301787,"{'n_estimators': 418, 'max_depth': 41, 'min_samples_split': 3, 'min_samples_leaf': 1, 'max_features': 'sqrt', 'bootstrap': False, 'n_bins': 128}",-0.44481089057194656,0.6599955004560072,0.31892813709439155,0.16718978794646683,0.04630441633095537,0.9836123453632999,0.962458339757654,0.21518460988406063,0.9836239556729686,0.4355940606221754,0.8151525400617241,0.7906693152366658
regressor,2d,rf,260,random,4,42,0.48288424889064285,0.6337668253790366,0.7139044003567607,0.4553908974171233,0.5998199990025185,0.7094436276540821,0.8522368819056536,0.8564894574227938,"{'n_estimators': 366, 'max_depth': 50, 'min_samples_split': 2, 'min_samples_leaf': 1, 'max_features': 'sqrt', 'bootstrap': False, 'n_bins': 128}",-0.44302018439921864,0.6337668253790366,0.3597840312033813,0.14643078181469021,0.03638428104508359,0.9869056308527717,0.9700830833663815,0.190746640979818,0.986325950350897,0.40166038895102224,0.8516390442293164,0.8427493503828216
regressor,2d,rf,260,random,1,42,0.4557930143233683,0.5962288638476273,0.6888687912318859,0.47357874346653805,0.6106269646228313,0.7254807921454223,0.8572571329182621,0.8508583374800778,"{'n_estimators': 296, 'max_depth': 43, 'min_samples_split': 3, 'min_samples_leaf': 1, 'max_features': 'sqrt', 'bootstrap': False, 'n_bins': 256}",-0.39316457863994786,0.5962288638476273,0.3728652899244924,0.15945166912217387,0.04123510392690578,0.9853945413762062,0.965869395586925,0.20306428520767944,0.9853845770297577,0.35548885808503256,0.83604867083516,0.8499478394832253
regressor,2d,rf,260,umap,5,42,0.47599438022980833,0.6504424216871991,0.6913434476899185,0.8819232476042109,1.0526938240041388,-0.285160940424374,-0.1430806654188208,-0.1272038269156703,"{'n_estimators': 402, 'max_depth': 45, 'min_samples_split': 2, 'min_samples_leaf': 1, 'max_features': 'sqrt', 'bootstrap': False, 'n_bins': 64}",-0.44816762557560685,0.6504424216871991,1.1081642870964568,0.15410470878314447,0.040915093141986214,0.9853101254180645,0.9671076283550754,0.20227479611159224,0.9849111327478232,0.42307534393030816,0.8445110795942264,0.8478309578577513
regressor,2d,rf,260,umap,3,42,0.39853291524130563,0.5122264756908004,0.7744480653483303,0.9163457389086815,1.138302509239402,0.1329131992037269,0.4106288020054266,0.26342134358319386,"{'n_estimators': 165, 'max_depth': 50, 'min_samples_split': 2, 'min_samples_leaf': 1, 'max_features': 'sqrt', 'bootstrap': False, 'n_bins': 256}",-0.32503163553455533,0.5122264756908004,1.2957326025407185,0.14356723305155983,0.03504190818112213,0.9865626421960579,0.9702206382148336,0.18719484015624505,0.9864352954377392,0.2623759623986181,0.8833571738629691,0.8843837848250693
regressor,2d,rf,260,umap,2,42,0.4691431559052993,0.5916486053876745,0.7053981481229997,1.1570260672013177,1.2817427055220316,-0.657005783595491,0.18989686518121632,0.16564157715689057,"{'n_estimators': 251, 'max_depth': 50, 'min_samples_split': 4, 'min_samples_leaf': 1, 'max_features': 'sqrt', 'bootstrap': True, 'n_bins': 64}",-0.2503840154809892,0.5916486053876745,1.6428643631589377,0.2697181314484198,0.1164615203241781,0.9587444531295948,0.8988635404480366,0.3412645899066853,0.9579032840454436,0.3500480722571802,0.8529294983814038,0.8443142297651748
regressor,2d,rf,260,umap,4,42,0.4056747284813948,0.5201397930383579,0.7835908449981293,0.7531643471091503,0.8978661586983155,0.02824569481231376,0.2530483123548054,0.2317794814374491,"{'n_estimators': 65, 'max_depth': 50, 'min_samples_split': 3, 'min_samples_leaf': 1, 'max_features': 'sqrt', 'bootstrap': False, 'n_bins': 128}",-0.29570195607927874,0.5201397930383579,0.8061636389356688,0.17345411844217498,0.05037234265887021,0.9829975076444362,0.9617825773146782,0.22443783695907918,0.9822505798472951,0.27054540430198576,0.8933661878761414,0.8927480890758662
regressor,2d,rf,260,umap,1,42,0.43770584534923557,0.5749598452666153,0.7162529094864101,0.9610675171672391,1.149079571554805,-0.04013692096864352,0.2126108730852331,0.05542278183248051,"{'n_estimators': 203, 'max_depth': 50, 'min_samples_split': 3, 'min_samples_leaf': 1, 'max_features': 'sqrt', 'bootstrap': False, 'n_bins': 256}",-0.36052280014959176,0.5749598452666153,1.3203838617645742,0.16451843032466942,0.045983246318520375,0.9835225023828045,0.9625889764681117,0.2144370451170235,0.9835739898677682,0.3305788236690102,0.8476792605683787,0.8369911781891612
regressor,2d,rf,260,time,5,42,0.46413579789592757,0.6121927577073396,0.6920246323184902,0.7613498557855717,1.0324317815866173,0.04842783435946407,0.3016678818941172,0.2887345780292176,"{'n_estimators': 186, 'max_depth': 48, 'min_samples_split': 4, 'min_samples_leaf': 1, 'max_features': 'sqrt', 'bootstrap': False, 'n_bins': 64}",-0.38405602082112156,0.6121927577073396,1.0659153836301165,0.17902845397706407,0.05204637071709147,0.9816920852846006,0.9589306899929748,0.22813673688621802,0.9813951730075956,0.37477997258931744,0.8348148788881902,0.8301165753399595
regressor,2d,rf,260,time,3,42,0.39985137199232895,0.5656604134232539,0.7350020590920662,0.826570504703246,1.0548661213325419,0.027675408853971684,0.24347055079944444,0.24489743828640345,"{'n_estimators': 248, 'max_depth': 48, 'min_samples_split': 3, 'min_samples_leaf': 1, 'max_features': 'sqrt', 'bootstrap': False, 'n_bins': 128}",-0.3479593309830046,0.5656604134232539,1.112742533935161,0.1725314299051557,0.04739376129565623,0.9823343120995416,0.960577587478919,0.21770108244024933,0.98198148207486,0.31997170331416647,0.8697331102038997,0.8709629910615242
regressor,2d,rf,260,time,2,42,0.3982122941446699,0.5145721523277241,0.7843906803650178,0.8491051853535314,1.043204245115609,0.06990165396149117,0.33068257095662235,0.3154015487137839,"{'n_estimators': 360, 'max_depth': 42, 'min_samples_split': 3, 'min_samples_leaf': 1, 'max_features': 'sqrt', 'bootstrap': False, 'n_bins': 256}",-0.3034584133257865,0.5145721523277241,1.0882750970272275,0.16900195437226123,0.04456901079537825,0.9847100220664879,0.9666724161586375,0.21111373900193764,0.9843956936335176,0.26478449995118647,0.8913731578527053,0.8783647623179295
regressor,2d,rf,260,time,4,42,0.4255430679452307,0.5721970691356256,0.7721140376070923,0.7656401942698419,0.9959894013656202,0.11849554862213474,0.35009817392215603,0.38419780914495627,"{'n_estimators': 336, 'max_depth': 50, 'min_samples_split': 2, 'min_samples_leaf': 1, 'max_features': 'sqrt', 'bootstrap': False, 'n_bins': 128}",-0.3648711482595946,0.5721970691356256,0.9919948876326464,0.15909514217154844,0.042984037467094276,0.984169589572448,0.9648359906573895,0.20732592087603102,0.9838492012651272,0.3274094859274,0.8827667001970974,0.8862043859790216
regressor,2d,rf,260,time,1,42,0.3917194769103978,0.4832079765001554,0.7543782809090319,0.8978855450116742,1.0954889706608786,-0.051017229231970385,0.1639632246188062,0.10241062260955416,"{'n_estimators': 367, 'max_depth': 50, 'min_samples_split': 4, 'min_samples_leaf': 1, 'max_features': 'sqrt', 'bootstrap': True, 'n_bins': 256}",-0.1574503905254645,0.4832079765001554,1.2000960848396314,0.26210763884024996,0.10611800482005813,0.9669700403554949,0.9283843881380125,0.3257575859746909,0.967916144111821,0.2334899485533747,0.8697170390847752,0.8794320096093847
regressor,2d,rf,260,butina,5,42,0.4425805759016827,0.5744714042350377,0.7047884150824919,0.906557320922083,1.0838829043902212,0.3546727570272735,0.6749257364832534,0.6958187912519401,"{'n_estimators': 145, 'max_depth': 48, 'min_samples_split': 2, 'min_samples_leaf': 1, 'max_features': 'sqrt', 'bootstrap': False, 'n_bins': 256}",-0.3784252548322022,0.5744714042350377,1.1748021504293815,0.1513807018229352,0.03843409269567891,0.9837762884509963,0.962885269709367,0.19604614940283555,0.9830842104319744,0.3300173942837762,0.8436257131691571,0.84152461462179
regressor,2d,rf,260,butina,3,42,0.5003061192932458,0.6348053578875168,0.728171275651373,0.7056316028710109,0.8880236964225946,0.2061137883378894,0.4621933725980436,0.4269620552741366,"{'n_estimators': 500, 'max_depth': 50, 'min_samples_split': 4, 'min_samples_leaf': 1, 'max_features': 'sqrt', 'bootstrap': False, 'n_bins': 64}",-0.413171835260025,0.6348053578875168,0.7885860854080484,0.17302434825254384,0.049121418352270914,0.9828118238746408,0.9613022898717585,0.22163352262749178,0.9830729439115231,0.4029778424026983,0.8667665168873326,0.8638560274676348
regressor,2d,rf,260,butina,2,42,0.41930186041015927,0.5267798464417132,0.7521419466255267,0.7707803499424613,0.8938518975612953,0.28001524364467045,0.6439070348903764,0.6398977760854145,"{'n_estimators': 191, 'max_depth': 43, 'min_samples_split': 6, 'min_samples_leaf': 1, 'max_features': 'sqrt', 'bootstrap': True, 'n_bins': 64}",-0.16885493730767626,0.5267798464417132,0.7989712147739284,0.2817837819277693,0.1281102405786086,0.9571902346498316,0.8993259164206548,0.3579249091340369,0.9571975308496717,0.27749700661715493,0.8747135515106068,0.8579764685023376
regressor,2d,rf,260,butina,4,42,0.42930706513545613,0.5932773797846088,0.7679409667179443,0.853725460499978,1.0208038639394574,-0.10894175328285405,0.19501412846357852,0.07726681125680317,"{'n_estimators': 60, 'max_depth': 50, 'min_samples_split': 2, 'min_samples_leaf': 1, 'max_features': 'sqrt', 'bootstrap': False, 'n_bins': 256}",-0.402006558061394,0.5932773797846088,1.0420405286337262,0.14672975580065087,0.03658452724267382,0.9874596384482991,0.9715832509591338,0.1912708217232148,0.9871590365624328,0.35197804936409094,0.8822008197202291,0.8748148185914757
regressor,2d,rf,260,butina,1,42,0.4794854498827991,0.641458016816589,0.6542515387019062,0.5895511741450662,0.7613693400828616,0.3531146732256569,0.6646970501012708,0.4835537011788863,"{'n_estimators': 281, 'max_depth': 50, 'min_samples_split': 8, 'min_samples_leaf': 1, 'max_features': 'sqrt', 'bootstrap': False, 'n_bins': 256}",-0.3460449589348444,0.641458016816589,0.5796832720182122,0.23679083528335604,0.087268874767043,0.9706727728886729,0.9302657891087244,0.2954130578817446,0.969924014261089,0.4114683873382714,0.8133084856985269,0.8061734865465707
regressor,2d,rf,260,diverse_25,5,42,0.627826241066091,0.8348751194433012,0.35781444881211977,0.7765495170480707,0.9598245115553131,0.30671516538819743,0.5790672643338697,0.5716566233550355,"{'n_estimators': 232, 'max_depth': 50, 'min_samples_split': 3, 'min_samples_leaf': 1, 'max_features': 'sqrt', 'bootstrap': False, 'n_bins': 64, 'use_gpu': False}",-0.7469955715901768,0.8348751194433012,0.9212630929823955,0.06777246253831977,0.0077228149308695825,0.9980387174422349,0.993782568097835,0.0878795478531244,0.9977030098011141,0.6970164650654664,0.6088979706595974,0.6151732631586968
regressor,2d,rf,260,diverse_25,3,42,0.6849256446663837,0.8190666904036978,0.4208267120021032,0.6983146824861385,0.8433396779750308,0.4034148808578035,0.642110506613909,0.6164529822967516,"{'n_estimators': 485, 'max_depth': 44, 'min_samples_split': 9, 'min_samples_leaf': 1, 'max_features': 'sqrt', 'bootstrap': False, 'n_bins': 64, 'use_gpu': False}",-0.5282181494638162,0.8190666904036978,0.7112218124470286,0.2334592239811392,0.08459287376685802,0.9817946886491207,0.9338420365645281,0.29084854093988166,0.981655135918918,0.670870243328867,0.6908653986717253,0.6387786557323545
regressor,2d,rf,260,diverse_25,2,42,0.7537653153397131,0.9430587375006743,0.2299834451198759,0.7455537869013963,0.9068105265932151,0.3710182521001705,0.6581778183089035,0.5915328978413908,"{'n_estimators': 145, 'max_depth': 39, 'min_samples_split': 14, 'min_samples_leaf': 1, 'max_features': 'sqrt', 'bootstrap': True, 'n_bins': 64, 'use_gpu': False}",-0.35224191601615873,0.9430587375006743,0.8223053311402642,0.4841474575944363,0.3490645165490659,0.9229539904114534,0.719705920885451,0.5908168214845155,0.9242936910241871,0.8893597823763657,0.5470470992990147,0.558974358974359
regressor,2d,rf,260,diverse_25,4,42,0.6543129974718292,0.8486257100935996,0.34235680413882286,0.7451634773859533,0.9025582635012619,0.29648626213116736,0.5635214001800976,0.5530535077156367,"{'n_estimators': 75, 'max_depth': 50, 'min_samples_split': 10, 'min_samples_leaf': 2, 'max_features': 'sqrt', 'bootstrap': False, 'n_bins': 64, 'use_gpu': False}",-0.33244639496727746,0.8486257100935996,0.8146114190144133,0.4156360827538387,0.26644108536427896,0.9390870657844148,0.7940327076417515,0.5161793151263221,0.9423345718400195,0.720165595831866,0.6091282390372723,0.5866910866910867
regressor,2d,rf,260,diverse_25,1,42,0.728812794997931,0.945759997283206,0.2844141785776586,0.7266798475262527,0.9004824448878687,0.3501361745776078,0.6139107341953627,0.5858337154978523,"{'n_estimators': 341, 'max_depth': 22, 'min_samples_split': 7, 'min_samples_leaf': 1, 'max_features': 'sqrt', 'bootstrap': False, 'n_bins': 256, 'use_gpu': False}",-0.6107361260669646,0.945759997283206,0.8108686335512334,0.27873883599381394,0.1122409942847167,0.9757097465319169,0.9089645641901926,0.3350238712162414,0.9756194353461511,0.8944619724611298,0.6330035324449742,0.5152136752136752
regressor,2d,rf,262,scaffold,5,42,0.48628885466806426,0.6282288733150118,0.7173932124051057,0.543130324582762,0.6779731463897612,0.5267493933203538,0.7388158001825769,0.7318528964351889,"{'n_estimators': 350, 'max_depth': 47, 'min_samples_split': 3, 'min_samples_leaf': 1, 'max_features': 'sqrt', 'bootstrap': False, 'n_bins': 256}",-0.38523141676135086,0.6282288733150118,0.4596475872256326,0.17998687980143277,0.05904776389154831,0.9786177934212379,0.9507322587054282,0.2429974565536609,0.9802626672759822,0.3946715172666491,0.8564891356151637,0.8487054167957677
regressor,2d,rf,262,scaffold,3,42,0.6332744317692891,0.8257409003334535,0.46131001514541314,0.6140081280684653,0.7685836481251745,0.5542448339882724,0.7594502579312354,0.7226518891497905,"{'n_estimators': 484, 'max_depth': 47, 'min_samples_split': 4, 'min_samples_leaf': 1, 'max_features': 'sqrt', 'bootstrap': False, 'n_bins': 128}",-0.5785382983473115,0.8257409003334535,0.5907208241654022,0.1877094490294422,0.06110912642871892,0.9759497768300083,0.9452890663973894,0.24720260198614197,0.9773665273442613,0.6818480344835023,0.6849038444434723,0.6815643122396998
regressor,2d,rf,262,scaffold,2,42,0.4749699219442016,0.6122574057737795,0.6922771915209502,0.6452517246229035,0.8383175914936694,0.3977970385657551,0.6425533290214409,0.6387963743277962,"{'n_estimators': 148, 'max_depth': 50, 'min_samples_split': 5, 'min_samples_leaf': 1, 'max_features': 'sqrt', 'bootstrap': False, 'n_bins': 64}",-0.3402668937478173,0.6122574057737795,0.7027763842077467,0.20925580233765886,0.07397883863214509,0.9725008103290209,0.9370774446405014,0.2719905120259622,0.974125431575701,0.37485913092483847,0.8529169832449919,0.841106489166447
regressor,2d,rf,262,scaffold,4,42,0.467362354682328,0.6667665206090272,0.5375733046496549,0.5601980883470076,0.7295769705776077,0.5611008390310412,0.7599428720083171,0.7611969406930017,"{'n_estimators': 132, 'max_depth': 50, 'min_samples_split': 8, 'min_samples_leaf': 1, 'max_features': 'sqrt', 'bootstrap': False, 'n_bins': 128}",-0.3670870699291607,0.6667665206090272,0.5322825559971995,0.23205134864236732,0.08980777315978654,0.9679343917376533,0.9235819006714322,0.2996794506798665,0.9683465008302481,0.4445775930050683,0.7407132169609322,0.750328192488602
regressor,2d,rf,262,scaffold,1,42,0.45685673821734457,0.6098148628813229,0.6995001111631534,0.6639491015539033,0.8703592524837668,0.3204220212025205,0.584668945297244,0.5977507292176797,"{'n_estimators': 439, 'max_depth': 47, 'min_samples_split': 2, 'min_samples_leaf': 1, 'max_features': 'sqrt', 'bootstrap': False, 'n_bins': 256}",-0.3968882208351656,0.6098148628813229,0.7575252283841013,0.15983463663377953,0.04533775489305241,0.9830375084539528,0.9617274639514207,0.21292664204615733,0.9837329487220674,0.3718741669909667,0.844482635934385,0.8162334811720564
regressor,2d,rf,262,random,5,42,0.5126625837660448,0.6759977948279372,0.6872901374533088,0.5171568997910073,0.6767881442302747,0.5758797277620342,0.7619433556970604,0.7575025276480652,"{'n_estimators': 69, 'max_depth': 44, 'min_samples_split': 5, 'min_samples_leaf': 1, 'max_features': 'sqrt', 'bootstrap': False, 'n_bins': 128}",-0.4221067225517856,0.6759977948279372,0.45804219217065906,0.1984311920232845,0.06446067658153404,0.976499714305617,0.9449083037013979,0.2538910722761516,0.977495430462119,0.4569730186122339,0.8356560255283807,0.8396734519147108
regressor,2d,rf,262,random,3,42,0.47932341395296624,0.5945519877007104,0.6508313400481109,0.4998999845246743,0.6653782212673064,0.6440698430834814,0.805577478665956,0.7902047289209163,"{'n_estimators': 105, 'max_depth': 46, 'min_samples_split': 2, 'min_samples_leaf': 1, 'max_features': 'sqrt', 'bootstrap': False, 'n_bins': 128}",-0.3821124389811478,0.5945519877007104,0.4427281773368446,0.1587221066821751,0.045130561860171406,0.9830240006729591,0.9615151851134391,0.21243954871956258,0.9833572530789889,0.3534920660788657,0.8128040789675468,0.8195456998430759
regressor,2d,rf,262,random,2,42,0.4905460341011033,0.6387870636184796,0.5779842029307248,0.5519119806719576,0.7567626663266164,0.5385746746077984,0.7381120776005035,0.7285187544844616,"{'n_estimators': 203, 'max_depth': 50, 'min_samples_split': 2, 'min_samples_leaf': 1, 'max_features': 'sqrt', 'bootstrap': True, 'n_bins': 64}",-0.28899533262276894,0.6387870636184796,0.5726897331457697,0.27647133852824984,0.1223542550729756,0.9590599622593801,0.8965224981600936,0.34979173099571065,0.9600000823382007,0.4080489126463195,0.7605955710729974,0.7439050127731641
regressor,2d,rf,262,random,4,42,0.42460038127875277,0.5913768219664958,0.6933266696035841,0.4919983181245369,0.63571490066436,0.6450003732568124,0.8071084662214223,0.7963564662604747,"{'n_estimators': 136, 'max_depth': 50, 'min_samples_split': 3, 'min_samples_leaf': 1, 'max_features': 'sqrt', 'bootstrap': False, 'n_bins': 128}",-0.35006990890862044,0.5913768219664958,0.4041334349266971,0.17675036825935064,0.05822902628952102,0.9784808296358478,0.9511716080035088,0.24130691305787536,0.9801804501298264,0.34972654555919247,0.8366253088168591,0.8032234463273136
regressor,2d,rf,262,random,1,42,0.4848255327034696,0.6342019731090662,0.597360214307785,0.5380309585895274,0.7000334560338964,0.5828756604317347,0.7635111854601648,0.7447446277196416,"{'n_estimators': 328, 'max_depth': 50, 'min_samples_split': 4, 'min_samples_leaf': 1, 'max_features': 'sqrt', 'bootstrap': False, 'n_bins': 64}",-0.3826088285648295,0.6342019731090662,0.49004683956676126,0.18701439611501824,0.0632991103816572,0.9768599243625119,0.9471571907178641,0.25159314454423676,0.9773722375529764,0.4022121426954328,0.7754288305563046,0.7139876698555649
regressor,2d,rf,262,umap,5,42,0.5059646477198708,0.635864100831558,0.6142939820435951,1.2074051387659788,1.4418515268798646,-0.936191393023937,0.2134254795748772,0.17398791373838163,"{'n_estimators': 104, 'max_depth': 39, 'min_samples_split': 9, 'min_samples_leaf': 1, 'max_features': 'sqrt', 'bootstrap': False, 'n_bins': 128}",-0.319398751932897,0.635864100831558,2.078935825565797,0.24655310562853258,0.10015031705355122,0.9601994834068406,0.905741939349383,0.31646534889866096,0.9609634646739313,0.40432315472632574,0.8057341658960452,0.7019620023687515
regressor,2d,rf,262,umap,3,42,0.48138807793285693,0.6583332599082956,0.6556057752890154,0.7314365245260765,0.8933520077133781,-0.18537283898026669,0.1961615361875266,0.15250927612372886,"{'n_estimators': 183, 'max_depth': 38, 'min_samples_split': 4, 'min_samples_leaf': 1, 'max_features': 'sqrt', 'bootstrap': False, 'n_bins': 64}",-0.4089131660466543,0.6583332599082956,0.7980778096855236,0.1919551685267621,0.06221038322194999,0.9789058103134648,0.9508981273778789,0.24942009386164135,0.9803549807872873,0.43340268110148356,0.8106710842503897,0.8095545198209407
regressor,2d,rf,262,umap,2,42,0.4584415838749278,0.600367937622051,0.6250204546191218,0.9276454888820392,1.1204354986641334,-0.22656208478452933,0.1511493104113899,0.14291362485804224,"{'n_estimators': 54, 'max_depth': 31, 'min_samples_split': 6, 'min_samples_leaf': 1, 'max_features': 'sqrt', 'bootstrap': False, 'n_bins': 128}",-0.2864697633883955,0.600367937622051,1.255375706666745,0.24722599185102753,0.09853206378722232,0.960504560605945,0.9093248228534463,0.31389817423365546,0.960049097416147,0.36044166052455484,0.8002841560725679,0.8083839880220485
regressor,2d,rf,262,umap,4,42,0.49965464941726345,0.6586882500765147,0.602700208318476,1.0018239825530126,1.2026640115413259,-0.23297084150197445,0.06762448559530576,0.08206498997444266,"{'n_estimators': 267, 'max_depth': 50, 'min_samples_split': 2, 'min_samples_leaf': 1, 'max_features': 'sqrt', 'bootstrap': False, 'n_bins': 256}",-0.44062905462668445,0.6586882500765147,1.4464007246566744,0.15750542700580744,0.04754981272022726,0.9814387826493934,0.9586173190278429,0.2180591954498302,0.981390374142051,0.4338702107888611,0.7911448524177048,0.8015150446215531
regressor,2d,rf,262,umap,1,42,0.5943761377661467,0.7925077122868436,0.5136124115822749,0.720923959667286,0.9476621122443046,-0.03636783368210117,0.20476577902749557,0.17334387931354872,"{'n_estimators': 452, 'max_depth': 50, 'min_samples_split': 6, 'min_samples_leaf': 1, 'max_features': 'sqrt', 'bootstrap': False, 'n_bins': 256}",-0.5061163857370476,0.7925077122868436,0.898063478983337,0.21815697358481642,0.08201999192295187,0.9704688676390029,0.9326731657781697,0.286391326549796,0.9727713943969182,0.6280684740341265,0.7187524470717399,0.6721293692309361
regressor,2d,rf,262,time,5,42,0.4984077435320273,0.6311426394823252,0.6191011070061868,0.7082280077183281,0.8896299526405281,-0.16256512494022712,0.31439898982968045,0.2527760137664648,"{'n_estimators': 74, 'max_depth': 45, 'min_samples_split': 6, 'min_samples_leaf': 1, 'max_features': 'sqrt', 'bootstrap': False, 'n_bins': 128}",-0.3486615098922086,0.6311426394823252,0.7914414526351884,0.21721656227314018,0.07979558857450823,0.972361062086124,0.9369170956299993,0.28248112959011656,0.973787869557458,0.39834103137271626,0.7953147718806921,0.7840850493872534
regressor,2d,rf,262,time,3,42,0.5299744157179103,0.6453696535163332,0.5860919389656568,0.7887289522716894,0.9790117416422994,0.2358189253042564,0.5068909401634263,0.41881402371403653,"{'n_estimators': 392, 'max_depth': 48, 'min_samples_split': 4, 'min_samples_leaf': 1, 'max_features': 'sqrt', 'bootstrap': False, 'n_bins': 256}",-0.375726825819628,0.6453696535163332,0.9584639902734885,0.20472611592009546,0.07270725452827505,0.9716347900473901,0.9348821194428527,0.2696428276967052,0.9733804432163576,0.4165019896797921,0.776552985717508,0.7924613681070769
regressor,2d,rf,262,time,2,42,0.5442703472990562,0.6906423053141657,0.3885187273541145,0.8948645427951587,1.0884029567360867,0.06203613091265703,0.2596506047061301,0.17076439367213544,"{'n_estimators': 58, 'max_depth': 46, 'min_samples_split': 6, 'min_samples_leaf': 1, 'max_features': 'sqrt', 'bootstrap': True, 'n_bins': 64}",-0.2596874822579102,0.6906423053141657,1.184620996231856,0.3463101800773131,0.18572205951544846,0.932345845909599,0.824165306176095,0.4309548230562555,0.9336483850984347,0.47698679388966525,0.7317099178066198,0.7169494450787212
regressor,2d,rf,262,time,4,42,0.5434919722219599,0.7120241999182859,0.5896072321740631,0.80985441320119,0.9970368429099548,0.255857229220937,0.616518447594806,0.5598913870355017,"{'n_estimators': 345, 'max_depth': 50, 'min_samples_split': 2, 'min_samples_leaf': 1, 'max_features': 'sqrt', 'bootstrap': False, 'n_bins': 128}",-0.4887074366783306,0.7120241999182859,0.9940824661198499,0.16179433871430546,0.04987037674397025,0.9791427378292906,0.9526264635122917,0.22331676323995528,0.979348419764254,0.5069784612692753,0.7763987721291161,0.7662435803071499
regressor,2d,rf,262,time,1,42,0.5348759047817038,0.6606272647290674,0.6460637918514139,0.876233759075037,1.0660983292370203,0.07357955101780123,0.27736770915889164,0.202652328294136,"{'n_estimators': 462, 'max_depth': 50, 'min_samples_split': 3, 'min_samples_leaf': 1, 'max_features': 'sqrt', 'bootstrap': False, 'n_bins': 256}",-0.41854671721911957,0.6606272647290674,1.1365656476019663,0.18233263645867057,0.05860299148271612,0.9749822113904247,0.9426949058470262,0.24208054750994784,0.9738262124110988,0.4364283829034093,0.8535715388959711,0.813664596273292
regressor,2d,rf,262,butina,5,42,0.42410949643658985,0.5381505946080338,0.7143790354999783,0.6709431340330789,0.8299651663312563,0.39574630034326674,0.6755899077077407,0.6526910291670365,"{'n_estimators': 51, 'max_depth': 35, 'min_samples_split': 19, 'min_samples_leaf': 1, 'max_features': 'sqrt', 'bootstrap': False, 'n_bins': 64}",-0.10921421240939316,0.5381505946080338,0.6888421773232699,0.3478134879042423,0.18398641997365833,0.9373573200215072,0.8451553102065007,0.42893638219864066,0.9373362525380828,0.2896060624769804,0.8486255271511356,0.8506628227067028
regressor,2d,rf,262,butina,3,42,0.4251686925888702,0.5677424710552116,0.735739054627961,0.9156192518221451,1.1352007211127528,-0.21098735869963892,0.2940619950120676,0.23984416628907657,"{'n_estimators': 62, 'max_depth': 39, 'min_samples_split': 10, 'min_samples_leaf': 1, 'max_features': 'sqrt', 'bootstrap': False, 'n_bins': 64}",-0.22605792809116432,0.5677424710552116,1.2886806772149142,0.2666269497933249,0.11674832690054987,0.9573947058386743,0.9018971039953361,0.34168454296404727,0.9580362846847453,0.32233151343987776,0.8694513188685047,0.8408542162229664
regressor,2d,rf,262,butina,2,42,0.515340438139859,0.7094828314367729,0.5159776012646751,0.808706176395516,0.9875945668737158,0.17270747634667105,0.5443291540484898,0.562850578252069,"{'n_estimators': 421, 'max_depth': 38, 'min_samples_split': 3, 'min_samples_leaf': 1, 'max_features': 'sqrt', 'bootstrap': False, 'n_bins': 256}",-0.46480328757388,0.7094828314367729,0.9753430285184824,0.1841543864848998,0.059868079184953356,0.9776326177368981,0.9486554322075372,0.24467954386289295,0.9775413487428845,0.5033658881035403,0.7227470480975303,0.664912445387687
regressor,2d,rf,262,butina,4,42,0.5223203731513785,0.6525749804016053,0.6732076809041879,0.6696854582770139,0.8405449565207852,0.11150652638762537,0.35129520998005775,0.25404535368259773,"{'n_estimators': 461, 'max_depth': 49, 'min_samples_split': 3, 'min_samples_leaf': 1, 'max_features': 'sqrt', 'bootstrap': False, 'n_bins': 256}",-0.41791744345637055,0.6525749804016053,0.7065158239325288,0.175994397016212,0.055064159645204225,0.980493881929948,0.9559930874106163,0.23465753694523478,0.9823458391118804,0.4258541050461556,0.8278680578899609,0.7918446762477208
regressor,2d,rf,262,butina,1,42,0.5018862920065796,0.6524702960088037,0.5836330861187348,0.8202794241988459,1.0255432344412232,0.29305515765654855,0.5990547031036201,0.5973253350795544,"{'n_estimators': 283, 'max_depth': 50, 'min_samples_split': 4, 'min_samples_leaf': 1, 'max_features': 'sqrt', 'bootstrap': False, 'n_bins': 256}",-0.41284186577096665,0.6524702960088037,1.0517389257081657,0.18162121372134932,0.057421784578249924,0.9774918288962766,0.9482405944312189,0.23962843023783703,0.9778168893928905,0.42571748717381597,0.7642306674765147,0.785622609747221
regressor,2d,rf,262,diverse_25,5,42,0.8191763473395757,0.9575557365646103,0.4013489451940253,0.7193138496535535,0.9368433402781734,0.09702418681591474,0.44369463422286193,0.47139049753725876,"{'n_estimators': 283, 'max_depth': 50, 'min_samples_split': 6, 'min_samples_leaf': 1, 'max_features': 'sqrt', 'bootstrap': False, 'n_bins': 256, 'use_gpu': False}",-0.7682073024026363,0.9575557365646103,0.8776754442235654,0.15173473832608111,0.035852829519591393,0.9930707365617699,0.9724846390652852,0.18934843416197397,0.9928802997109801,0.9169129886277935,0.6940719150005659,0.5957127160655097
regressor,2d,rf,262,diverse_25,3,42,0.9846270301300282,1.1957925343457567,0.11219393505832853,0.8923212141889607,1.0557688770675022,0.27622915596732445,0.6113939846953846,0.6068187274909964,"{'n_estimators': 86, 'max_depth': 30, 'min_samples_split': 3, 'min_samples_leaf': 4, 'max_features': 'sqrt', 'bootstrap': False, 'n_bins': 128, 'use_gpu': False}",-0.456715220379595,1.1957925343457567,1.1146479217843748,0.6074176884719947,0.5462352760194363,0.835929074126611,0.5241661665636335,0.7390773139661617,0.869914312017462,1.4299197851970475,0.363266766740291,0.5377962020035851
regressor,2d,rf,262,diverse_25,2,42,0.7893602890262952,0.9149922134898655,0.19719803793349888,0.6795694377286315,0.7881510006112742,0.36343413885124665,0.6604682005585143,0.6794727128825055,"{'n_estimators': 142, 'max_depth': 29, 'min_samples_split': 18, 'min_samples_leaf': 1, 'max_features': 'sqrt', 'bootstrap': True, 'n_bins': 256, 'use_gpu': False}",-0.2603427906834954,0.9149922134898655,0.6211819997645528,0.5441609994362474,0.42856586678071346,0.9282359893945248,0.6885305724960348,0.6546494228063701,0.9362229033132281,0.8372107507470835,0.4578629466083622,0.5218045112781955
regressor,2d,rf,262,diverse_25,4,42,0.7526894150105858,0.9518738003409782,0.2510443601664931,0.7375044795438527,0.8908137884338392,0.29678641826302365,0.557471492343159,0.5064950669850721,"{'n_estimators': 255, 'max_depth': 50, 'min_samples_split': 8, 'min_samples_leaf': 1, 'max_features': 'sqrt', 'bootstrap': False, 'n_bins': 256, 'use_gpu': False}",-0.7014248345527605,0.9518738003409782,0.7935492056638488,0.2049692051432462,0.06272468446438784,0.9874891365038503,0.9522015689590064,0.2504489657882177,0.9871706299693714,0.9060637317755764,0.5131991929072262,0.4565626498128338
regressor,2d,rf,262,diverse_25,1,42,0.6682436067133475,0.7927794686919216,0.1699576878124266,0.9561796362520524,1.144407213031024,0.16891819083558257,0.5176916459527809,0.47785060879580876,"{'n_estimators': 290, 'max_depth': 50, 'min_samples_split': 19, 'min_samples_leaf': 3, 'max_features': 'sqrt', 'bootstrap': False, 'n_bins': 256, 'use_gpu': False}",-0.10004071007127946,0.7927794686919216,1.309667869237436,0.5666837869752215,0.47988698769526833,0.8792572684457974,0.6049328060865407,0.6927387586206422,0.8936562491055763,0.6284992859794455,0.43822518715802095,0.38195488721804516
regressor,2d,rf,230,scaffold,5,42,0.32957018344084876,0.46013970783432945,0.6934947562213036,0.5262566987191845,0.6799740003987729,0.32624109948728675,0.5873644787228858,0.5772094653276105,"{'n_estimators': 228, 'max_depth': 47, 'min_samples_split': 7, 'min_samples_leaf': 1, 'max_features': 'sqrt', 'bootstrap': False, 'n_bins': 64}",-0.17832536025209555,0.46013970783432945,0.4623646412183104,0.21359223999983898,0.07941932650320015,0.9554455537761333,0.8968178756923163,0.2818143475822339,0.9518035573681977,0.21172855072586208,0.8342765191882033,0.8129366791242973
regressor,2d,rf,230,scaffold,3,42,0.4100061414661784,0.5746667393812479,0.5933174743352201,0.5626870111516175,0.6746485321831256,0.09365650921736357,0.3371764538290205,0.31723227020809075,"{'n_estimators': 68, 'max_depth': 47, 'min_samples_split': 10, 'min_samples_leaf': 1, 'max_features': 'sqrt', 'bootstrap': False, 'n_bins': 256}",-0.2742558432408248,0.5746667393812479,0.4551506419768458,0.2320226520835114,0.09024670651989207,0.9518907451028308,0.8872872514435605,0.3004108961404231,0.9463647404723915,0.3302418613510751,0.7728274433231648,0.7982199281577107
regressor,2d,rf,230,scaffold,2,42,0.46070867514750197,0.5943803504434753,0.4710828063755407,0.6903440316021167,0.8938612075859992,0.144728740330477,0.4522059718311397,0.44386330843987454,"{'n_estimators': 498, 'max_depth': 50, 'min_samples_split': 6, 'min_samples_leaf': 1, 'max_features': 'sqrt', 'bootstrap': True, 'n_bins': 64}",-0.2518584735987714,0.5943803504434753,0.7989878584271006,0.2592400972163042,0.1173212361172185,0.931835067567892,0.8322015343164901,0.34252187684470387,0.9286876169992895,0.3532880009933085,0.7117702707864517,0.6771660596402655
regressor,2d,rf,230,scaffold,4,42,0.3457385729337573,0.46487587550257276,0.6848228252008519,0.5584115886231936,0.7511571434522172,0.2464008471200756,0.5316048971893598,0.5442910741834488,"{'n_estimators': 409, 'max_depth': 50, 'min_samples_split': 3, 'min_samples_leaf': 1, 'max_features': 'sqrt', 'bootstrap': False, 'n_bins': 128}",-0.23794130925474014,0.46487587550257276,0.5642370541592948,0.16414628052433272,0.05149929735809194,0.9700421338158609,0.9314511705575748,0.22693456624783262,0.9669110270814474,0.2161095796242835,0.8299376192491186,0.8073096766212058
regressor,2d,rf,230,scaffold,1,42,0.307564099468234,0.42011113644405973,0.6426837750177956,0.624083326835932,0.7771618585297575,0.25843399483474205,0.5391557793369024,0.3557470454539876,"{'n_estimators': 246, 'max_depth': 48, 'min_samples_split': 3, 'min_samples_leaf': 1, 'max_features': 'sqrt', 'bootstrap': False, 'n_bins': 256}",-0.17103996457406245,0.42011113644405973,0.6039805543534268,0.18097193946267576,0.06203644865669373,0.963464865464641,0.9168234933315036,0.24907117186999728,0.9609897342808346,0.1764933669643194,0.8105808065965486,0.7597014317226332
regressor,2d,rf,230,random,5,42,0.45321988438527433,0.665418390085199,0.5453580451287439,0.38161320901549567,0.48690598860306405,0.6515640439815065,0.8118208323518659,0.7796907406561775,"{'n_estimators': 254, 'max_depth': 46, 'min_samples_split': 2, 'min_samples_leaf': 1, 'max_features': 'sqrt', 'bootstrap': False, 'n_bins': 64}",-0.44915594711767104,0.665418390085199,0.23707744173752712,0.15484757528943205,0.04676944423828326,0.9729968298856978,0.9368063363017033,0.21626244296752792,0.9713224225961917,0.4427816338635781,0.7450509649912076,0.7724681818655063
regressor,2d,rf,230,random,3,42,0.3870318005350114,0.4985362454855049,0.6789083603610582,0.4248027575124807,0.6167359623194342,0.5271190983962641,0.7283919236013048,0.7247031772135573,"{'n_estimators': 242, 'max_depth': 50, 'min_samples_split': 2, 'min_samples_leaf': 1, 'max_features': 'sqrt', 'bootstrap': False, 'n_bins': 256}",-0.2911077349267248,0.4985362454855049,0.38036324721807857,0.15091139990263658,0.043026586992633946,0.9742754300365479,0.9409325256458022,0.2074285105587801,0.9726905460913383,0.24853838806278358,0.8309726253731669,0.7716956652260291
regressor,2d,rf,230,random,2,42,0.4660326494105868,0.611093523190802,0.45828634595010875,0.49453617055901583,0.6294679738635467,0.4874966752053128,0.7106427856310029,0.7116367620818874,"{'n_estimators': 391, 'max_depth': 45, 'min_samples_split': 5, 'min_samples_leaf': 2, 'max_features': 'sqrt', 'bootstrap': True, 'n_bins': 128}",-0.1957834582405132,0.611093523190802,0.39622993011987867,0.31014927070316956,0.17248245004901314,0.9019073977294183,0.7681878896318306,0.4153100649502888,0.8997179223593003,0.37343529408574727,0.6888500650034464,0.6303907495988273
regressor,2d,rf,230,random,4,42,0.39610554441751555,0.5216147573363309,0.6053433013912077,0.4229931437984077,0.5772477486206357,0.5560461403787633,0.7464430121451768,0.7147320762105145,"{'n_estimators': 410, 'max_depth': 50, 'min_samples_split': 2, 'min_samples_leaf': 1, 'max_features': 'sqrt', 'bootstrap': False, 'n_bins': 64}",-0.3124815276641808,0.5216147573363309,0.33321496328759254,0.15088143089653827,0.04373670775310428,0.9752685993873784,0.9417689517669054,0.2091332296721501,0.9727112453205705,0.2720819550710393,0.7961672516059187,0.7503058791762236
regressor,2d,rf,230,random,1,42,0.46072873967005984,0.6111095189692007,0.48993116283680505,0.46286468933056,0.6027527315032682,0.4909208618174864,0.7154221348220946,0.6380914718902261,"{'n_estimators': 50, 'max_depth': 50, 'min_samples_split': 17, 'min_samples_leaf': 1, 'max_features': 'sqrt', 'bootstrap': False, 'n_bins': 256}",-0.25230511082309176,0.6111095189692007,0.363310855334651,0.28021074736829993,0.12874060330507955,0.926137877887931,0.8284440928531365,0.358804408146109,0.9192956435501152,0.37345484417476793,0.7224237318945173,0.6975921815890523
regressor,2d,rf,230,umap,5,42,0.4036063168590759,0.534652383842402,0.41057299393099733,0.7177802246553631,0.8544159463744222,-0.20105322625650013,0.12000567480276797,0.10888346543087002,"{'n_estimators': 273, 'max_depth': 50, 'min_samples_split': 5, 'min_samples_leaf': 2, 'max_features': 'sqrt', 'bootstrap': True, 'n_bins': 128}",-0.11678672073911289,0.534652383842402,0.7300266094188995,0.3210813421358409,0.1746117124007515,0.9007312208909918,0.7765818601174029,0.4178656631032891,0.8983639624476778,0.28585317154836315,0.7081193922411064,0.7057053076447477
regressor,2d,rf,230,umap,3,42,0.47726389038987976,0.6845764496874065,0.519469402825748,0.7118379981110986,0.8276104726309337,-0.014916658544849692,0.09325539110858336,0.04082818102179291,"{'n_estimators': 173, 'max_depth': 48, 'min_samples_split': 7, 'min_samples_leaf': 1, 'max_features': 'sqrt', 'bootstrap': False, 'n_bins': 64}",-0.4052521993597778,0.6845764496874065,0.6849390944083974,0.210236933143236,0.07802203682109177,0.9537942687144553,0.893813518247245,0.2793242503276287,0.9495335272537904,0.46864491546661424,0.7296564977023563,0.7116916015444441
regressor,2d,rf,230,umap,2,42,0.40679360701270467,0.5352258563936737,0.667744208509643,0.6989150626217213,0.8933592475439703,0.005919275355793396,0.2670489029384497,0.23269984275683644,"{'n_estimators': 469, 'max_depth': 50, 'min_samples_split': 2, 'min_samples_leaf': 1, 'max_features': 'sqrt', 'bootstrap': False, 'n_bins': 256}",-0.33195055118295336,0.5352258563936737,0.7980907451723288,0.1448286106788049,0.041320849708511506,0.9745382459380741,0.9415670982402866,0.20327530521072035,0.9712651049294125,0.2864667173523414,0.8315376244829258,0.7917126271927095
regressor,2d,rf,230,umap,4,42,0.4154664362836261,0.5491002221379717,0.5907196317610566,0.8081426634816681,1.0327479759742437,-0.20358736417377354,0.0028972907679716657,0.0390962259908446,"{'n_estimators': 51, 'max_depth': 50, 'min_samples_split': 2, 'min_samples_leaf': 1, 'max_features': 'sqrt', 'bootstrap': False, 'n_bins': 128}",-0.3225841845337307,0.5491002221379717,1.066568381878897,0.1632874993959427,0.05130951529192591,0.9670250621663707,0.9256919827116561,0.22651603760424097,0.9609684043728277,0.3015110539519699,0.7797101226294193,0.7790780578448753
regressor,2d,rf,230,umap,1,42,0.3705513343666345,0.4996697145690572,0.6538171875378651,0.6802502715174572,0.8291550566599495,-0.1623597059250823,-0.047855651073180065,-0.14202511366652074,"{'n_estimators': 135, 'max_depth': 50, 'min_samples_split': 3, 'min_samples_leaf': 1, 'max_features': 'sqrt', 'bootstrap': False, 'n_bins': 256}",-0.26438971164770336,0.4996697145690572,0.6874981079847641,0.167396093656875,0.055356679774672256,0.9687994861479645,0.9294698705978944,0.23528000292135381,0.9664241720409181,0.24966982365752308,0.8125449472039803,0.7146960783224807
regressor,2d,rf,230,time,5,42,0.3972281756042623,0.5252869724092825,0.6730421024878341,0.790941416031599,0.8955838702391125,-0.38591192827229515,-0.3068532506718059,-0.2321463629142499,"{'n_estimators': 243, 'max_depth': 44, 'min_samples_split': 2, 'min_samples_leaf': 1, 'max_features': 'sqrt', 'bootstrap': False, 'n_bins': 128}",-0.29127835639459343,0.5252869724092825,0.8020704686324673,0.17289490793631607,0.05476003236911016,0.9688575902761121,0.9279188804061711,0.234008616014689,0.9655992664528286,0.27592640338291025,0.8275491302603329,0.768295155471606
regressor,2d,rf,230,time,3,42,0.5349805149875667,0.695037109001026,0.5281181625809117,0.635726314434491,0.7776164978846004,-0.10238737970429823,0.025957733064548832,-0.035884267023550215,"{'n_estimators': 395, 'max_depth': 50, 'min_samples_split': 10, 'min_samples_leaf': 1, 'max_features': 'sqrt', 'bootstrap': False, 'n_bins': 64}",-0.36655225818424064,0.695037109001026,0.6046874177823108,0.2518122280572133,0.10790229721612572,0.9535163716416624,0.8923439907248178,0.32848485081678536,0.953411956417762,0.48307658288850414,0.7294776548137311,0.6020408163265306
regressor,2d,rf,230,time,2,42,0.627044565532574,0.7584524987127654,0.5780641767724797,0.6702631015418578,0.8058509617044243,-0.15083504202032527,0.04772783928980019,0.04912996209362473,"{'n_estimators': 465, 'max_depth': 43, 'min_samples_split': 2, 'min_samples_leaf': 1, 'max_features': 'sqrt', 'bootstrap': False, 'n_bins': 256}",-0.5376162017988109,0.7584524987127654,0.6493957724799454,0.16603254500633913,0.0487686700346683,0.9790739034806126,0.9513992116938836,0.22083629691395457,0.979707371060491,0.5752501928036374,0.789491932908255,0.7848410849582007
regressor,2d,rf,230,time,4,42,0.5242174177248086,0.6536205625964235,0.41899926588428416,0.6583156946440545,0.8071161765606161,-0.3441619191646259,0.08854286330946654,0.010104998642184757,"{'n_estimators': 55, 'max_depth': 50, 'min_samples_split': 19, 'min_samples_leaf': 8, 'max_features': 'sqrt', 'bootstrap': False, 'n_bins': 128}",-0.01998226472204656,0.6536205625964235,0.6514365224658276,0.4899353830070422,0.4014974925331377,0.7856712439711446,0.5671199302955561,0.633638297874377,0.7622677394597795,0.42721983984886525,0.6515072551095777,0.6012106375975134
regressor,2d,rf,230,time,1,42,0.43184261034601445,0.5476825242901353,0.7328655836984913,0.7221484158094913,0.8534854786914664,-0.2629056641221179,-0.007209354251988561,0.0030936656897184063,"{'n_estimators': 283, 'max_depth': 50, 'min_samples_split': 5, 'min_samples_leaf': 1, 'max_features': 'sqrt', 'bootstrap': False, 'n_bins': 64}",-0.294659176991778,0.5476825242901353,0.7284374623372015,0.19858382120246693,0.06402081427806512,0.9750513869056079,0.9406481024096949,0.2530233472983573,0.974735256061901,0.2999561474128146,0.8583370795476768,0.8584615384615384
regressor,2d,rf,230,butina,5,42,0.38432004581751344,0.5228353991223591,0.5955753577155762,0.4728079283127902,0.6074332183039103,0.4105399924846106,0.6437711158448989,0.5722978473340318,"{'n_estimators': 320, 'max_depth': 46, 'min_samples_split': 6, 'min_samples_leaf': 1, 'max_features': 'sqrt', 'bootstrap': False, 'n_bins': 128}",-0.24148129073200586,0.5228353991223591,0.36897511469904587,0.20609236948984677,0.07916013430813065,0.9569100448084563,0.8994343869290464,0.28135410839035324,0.9525683953752793,0.2733568545754365,0.7849764221680173,0.7723647600476575
regressor,2d,rf,230,butina,3,42,0.4036798914426586,0.5128563104960737,0.6292436050370493,0.5606403773823652,0.681676173038998,0.1416313731225336,0.39397211070502025,0.298233659562632,"{'n_estimators': 65, 'max_depth': 38, 'min_samples_split': 3, 'min_samples_leaf': 1, 'max_features': 'sqrt', 'bootstrap': False, 'n_bins': 64}",-0.2504691446704496,0.5128563104960737,0.4646824048890939,0.19603341984044922,0.06884702479000357,0.9633554683850016,0.9139814402317957,0.2623871658256241,0.9600098557959896,0.2630215952156452,0.7966137220834217,0.742000463068184
regressor,2d,rf,230,butina,2,42,0.3651961823036217,0.4971025987984926,0.6313426271782937,0.7607499136298245,0.9800875529576805,-0.03322008439141633,0.19570207252010238,0.21541784146855442,"{'n_estimators': 240, 'max_depth': 50, 'min_samples_split': 2, 'min_samples_leaf': 1, 'max_features': 'sqrt', 'bootstrap': False, 'n_bins': 128}",-0.2835522604315798,0.4971025987984926,0.9605716114625742,0.15169621287245352,0.04560374701662298,0.9705209679388767,0.9348036295584262,0.21355033836691287,0.9668248892813487,0.24711099373221512,0.8156282046523944,0.8008072159032278
regressor,2d,rf,230,butina,4,42,0.4314425984600593,0.5953524247622092,0.4705127777089442,0.6462620522066128,0.7725320072271284,0.3858572092995296,0.6521456352618857,0.5755751750791491,"{'n_estimators': 194, 'max_depth': 50, 'min_samples_split': 7, 'min_samples_leaf': 1, 'max_features': 'sqrt', 'bootstrap': True, 'n_bins': 128}",-0.243889475684604,0.5953524247622092,0.5968057021903761,0.27113837384549844,0.12352620457432727,0.9291776885476651,0.8217739475368819,0.35146294907760517,0.9263455441810758,0.3544445096702419,0.6908813421751249,0.6908043715327699
regressor,2d,rf,230,butina,1,42,0.423119489698873,0.5559414428993921,0.623586518135649,0.5187376400419037,0.6274130931993379,0.3720214477346494,0.6436988331946404,0.5369535666792055,"{'n_estimators': 365, 'max_depth': 45, 'min_samples_split': 2, 'min_samples_leaf': 1, 'max_features': 'sqrt', 'bootstrap': False, 'n_bins': 128}",-0.3254207908942965,0.5559414428993921,0.393647189517961,0.16543152598046176,0.05313977100085438,0.9697593990898916,0.9311175853183751,0.23052065200509558,0.9660936977513799,0.30907088793305804,0.8032834632175724,0.7793412186032428
regressor,2d,rf,230,diverse_25,5,42,0.5951377324531781,0.7143425140593578,0.21109260245304307,0.6999098213412108,0.952949876700391,-0.022609937979468864,0.2952208255881693,0.33827601202330565,"{'n_estimators': 452, 'max_depth': 35, 'min_samples_split': 19, 'min_samples_leaf': 3, 'max_features': 'sqrt', 'bootstrap': False, 'n_bins': 256, 'use_gpu': False}",-0.1118724502121975,0.7143425140593578,0.9081134675032904,0.47183880031065595,0.36297017783200136,0.8402315069996062,0.49629538130317896,0.6024700638471603,0.837959602357175,0.5102852273926437,0.545421938643361,0.5184087136270126
regressor,2d,rf,230,diverse_25,3,42,0.6536262656714378,0.7605268976977052,-0.23459135260479158,0.7018826928480365,0.85300303974561,0.09116165663679476,0.3515539855436259,0.2840531562805763,"{'n_estimators': 126, 'max_depth': 19, 'min_samples_split': 10, 'min_samples_leaf': 2, 'max_features': 'sqrt', 'bootstrap': False, 'n_bins': 256, 'use_gpu': False}",-0.24017569269622785,0.7605268976977052,0.7276141858152506,0.4036325421112014,0.2707653765464895,0.9095641020671218,0.6438000825372097,0.5203512050014774,0.9165295781791438,0.5784011621216957,0.2533111842544935,0.2866320818910079
regressor,2d,rf,230,diverse_25,2,42,0.46925751670856103,0.5427453363156978,0.3846356915455874,0.7799800074647919,0.9314290299356719,-0.042914520260692646,0.09032860589950843,0.14521960139636894,"{'n_estimators': 182, 'max_depth': 50, 'min_samples_split': 3, 'min_samples_leaf': 1, 'max_features': 'log2', 'bootstrap': False, 'n_bins': 128, 'use_gpu': False}",-0.3558384268430984,0.5427453363156978,0.8675600378069068,0.13896737271230342,0.03493419280859846,0.992317577512952,0.9541208632576206,0.1869069094725994,0.9923650080023596,0.29457250009243985,0.6479712048323553,0.5783490573126168
regressor,2d,rf,230,diverse_25,4,42,0.7542405735886304,1.0502083883988123,-0.009983086073560354,0.6360675181222115,0.7751680136677632,-0.08805793346135937,0.2705160663231977,0.3046869009063711,"{'n_estimators': 176, 'max_depth': 50, 'min_samples_split': 12, 'min_samples_leaf': 9, 'max_features': 'log2', 'bootstrap': True, 'n_bins': 64, 'use_gpu': False}",-0.18120030238450657,1.0502083883988123,0.6008854494136255,0.7196678881746528,0.755175053558247,0.41542182218782536,0.015387234815040673,0.8690080860143057,0.41197988899344523,1.1029376590632307,0.06609097495761715,0.26679841897233203
regressor,2d,rf,230,diverse_25,1,42,0.6604446946915054,0.8644647481863987,0.2361835581981594,0.5857656806805503,0.7766530491379764,0.003511794435928972,0.25296001134639945,0.2757824601545828,"{'n_estimators': 53, 'max_depth': 48, 'min_samples_split': 5, 'min_samples_leaf': 1, 'max_features': 'sqrt', 'bootstrap': False, 'n_bins': 256, 'use_gpu': False}",-0.6657507959777084,0.8644647481863987,0.603189958735316,0.127308777755756,0.03948723480239768,0.982692514439258,0.9489791559559482,0.19871395220869037,0.9898113885429234,0.7472993008569737,0.6949988687658557,0.6600790513833992
regressor,2d,rf,2409,scaffold,5,42,0.5571770805666587,0.6892395748770999,0.6671530382465138,0.7091483199179743,0.8873218302366064,0.41343439031296636,0.6632795182094398,0.6452768352076813,"{'n_estimators': 427, 'max_depth': 39, 'min_samples_split': 2, 'min_samples_leaf': 1, 'max_features': 'sqrt', 'bootstrap': False, 'n_bins': 256}",-0.40357813744557797,0.6892395748770999,0.787340030414441,0.22011980426753813,0.08160245683544329,0.9750895843186382,0.9344554513410263,0.2856614374315219,0.9758594851368072,0.4750511915767654,0.8411358614559901,0.8330368413164041
regressor,2d,rf,2409,scaffold,3,42,0.6449979762246193,0.7867967938710029,0.5517917115482278,0.7249891950999533,0.8978006235043319,0.3281690838231247,0.5929892921167832,0.5841463740757429,"{'n_estimators': 69, 'max_depth': 44, 'min_samples_split': 8, 'min_samples_leaf': 1, 'max_features': 'sqrt', 'bootstrap': False, 'n_bins': 256}",-0.4148047039919087,0.7867967938710029,0.8060459595647671,0.29350743991658657,0.13837811493261606,0.959622922151314,0.8927502095846402,0.37199208987909416,0.9628476691498409,0.6190491948456893,0.7507198182628154,0.7592417854822036
regressor,2d,rf,2409,scaffold,2,42,0.5240676205644773,0.6878632411371307,0.5871130207696726,0.6410278285533848,0.8155858314606408,0.39004286267329813,0.6510005360821836,0.6667452631903849,"{'n_estimators': 466, 'max_depth': 43, 'min_samples_split': 7, 'min_samples_leaf': 1, 'max_features': 'sqrt', 'bootstrap': False, 'n_bins': 256}",-0.3359465347143162,0.6878632411371307,0.6651802484793448,0.2771139361139306,0.12384536825948143,0.9653343649831513,0.9081564234705617,0.35191670642281453,0.9681826392056297,0.4731558385076784,0.7746946117466452,0.756485175935032
regressor,2d,rf,2409,scaffold,4,42,0.6330328841847249,0.8222890006454749,0.4511837232044954,0.735284591116387,0.9277989545984395,0.36442307497313386,0.6078604545566894,0.619494913970322,"{'n_estimators': 79, 'max_depth': 50, 'min_samples_split': 6, 'min_samples_leaf': 1, 'max_features': 'sqrt', 'bootstrap': True, 'n_bins': 128}",-0.3575846267377145,0.8222890006454749,0.8608109001539572,0.37154987363178366,0.21595015512900362,0.937281133952653,0.8290865585277172,0.4647043739077604,0.9399305015630567,0.6761592005825339,0.6860560860833793,0.6544396144585432
regressor,2d,rf,2409,scaffold,1,42,0.6380195766896652,0.8044306753252118,0.4820891606332973,0.6833258671293224,0.8345152960868346,0.5031787505307561,0.7564233845133383,0.7473575973668465,"{'n_estimators': 196, 'max_depth': 50, 'min_samples_split': 3, 'min_samples_leaf': 1, 'max_features': 'sqrt', 'bootstrap': True, 'n_bins': 256}",-0.36074777586790313,0.8044306753252118,0.6964157794028972,0.3526988617410212,0.19685451527084433,0.9459625365339897,0.8421274747625263,0.4436828994573087,0.9491703111257421,0.6471087114041764,0.7070535707185245,0.7342311387783315
regressor,2d,rf,2409,random,5,42,0.5856453092600697,0.7585603822733038,0.5414821891259067,0.6014569757880854,0.7673381948772433,0.580384683448071,0.7880356354106604,0.8095457461370336,"{'n_estimators': 476, 'max_depth': 43, 'min_samples_split': 2, 'min_samples_leaf': 1, 'max_features': 'sqrt', 'bootstrap': False, 'n_bins': 128}",-0.47146131224062904,0.7585603822733038,0.5888079053174663,0.2174887607906177,0.08242587601362668,0.9736988817881347,0.9336443271377464,0.28709907003267476,0.9743978104501319,0.5754138535546207,0.7436155478817749,0.7831101772648468
regressor,2d,rf,2409,random,3,42,0.5633499064719673,0.7117337112380961,0.612820381683605,0.5679014464142043,0.7367511387068983,0.5376015081586178,0.7377621287998395,0.7297625704839681,"{'n_estimators': 333, 'max_depth': 48, 'min_samples_split': 3, 'min_samples_leaf': 1, 'max_features': 'sqrt', 'bootstrap': False, 'n_bins': 256}",-0.42044547116239084,0.7117337112380961,0.5428022403859113,0.22515007692764105,0.08484883880640175,0.9747903033416063,0.935112066705235,0.2912882400757053,0.9740354187707385,0.5065648757127537,0.7960637459594685,0.7621798449976597
regressor,2d,rf,2409,random,2,42,0.5888161196508068,0.7444378135473927,0.5123248725870126,0.6208929664271756,0.8042508497332941,0.4690257812422306,0.6902653148813696,0.675985116253248,"{'n_estimators': 384, 'max_depth': 50, 'min_samples_split': 10, 'min_samples_leaf': 1, 'max_features': 'sqrt', 'bootstrap': False, 'n_bins': 128}",-0.3545862857861691,0.7444378135473927,0.6468194292967255,0.3124674429393117,0.1519842136977601,0.9566350468211413,0.8841293999366173,0.3898515277612236,0.9591447354233822,0.5541876582392226,0.7253521898669977,0.6964755430444318
regressor,2d,rf,2409,random,4,42,0.5533301671681036,0.7278065341171222,0.5745974156948304,0.5627085157054158,0.7052902308661759,0.5992214019668535,0.7828814105944885,0.78117256672171,"{'n_estimators': 482, 'max_depth': 50, 'min_samples_split': 4, 'min_samples_leaf': 1, 'max_features': 'sqrt', 'bootstrap': False, 'n_bins': 256}",-0.42785552404694005,0.7278065341171222,0.4974343097552637,0.23313791448780052,0.08997060844212247,0.9741852060158185,0.930601325774534,0.2999510100701821,0.9752178370321054,0.5297023511035777,0.7689524849621998,0.7746752321873244
regressor,2d,rf,2409,random,1,42,0.6899140041931011,0.8809007497710967,0.4847217464489323,0.6282317839483191,0.8030536239433487,0.5175755817807165,0.7332875090335141,0.7548567788866791,"{'n_estimators': 164, 'max_depth': 43, 'min_samples_split': 3, 'min_samples_leaf': 1, 'max_features': 'sqrt', 'bootstrap': False, 'n_bins': 256}",-0.5860429138666001,0.8809007497710967,0.6448951229285452,0.22543574576477396,0.08694114339428297,0.9724270460268079,0.9299742611460912,0.2948578359044965,0.9725998496701072,0.7759861309472802,0.7133779957074924,0.7414333665129855
regressor,2d,rf,2409,umap,5,42,0.5798341579801015,0.7270323858163019,0.6318008769430248,0.8035067468311254,0.9512042931661383,0.11905029423867974,0.38163273782904195,0.3488220840564958,"{'n_estimators': 185, 'max_depth': 49, 'min_samples_split': 10, 'min_samples_leaf': 1, 'max_features': 'sqrt', 'bootstrap': False, 'n_bins': 64}",-0.3437392028224023,0.7270323858163019,0.9047896073376929,0.3070426710967253,0.14691366412959506,0.9579200403919244,0.8882290528500314,0.38329318299389964,0.9592574816134057,0.528576090025744,0.8163192596168728,0.8170206641932647
regressor,2d,rf,2409,umap,3,42,0.5197623771467146,0.6621178319398245,0.6068202637395805,0.9250316560752653,1.1185749916666756,0.07255231912199667,0.46741878220962074,0.4248020685719151,"{'n_estimators': 143, 'max_depth': 50, 'min_samples_split': 2, 'min_samples_leaf': 1, 'max_features': 'sqrt', 'bootstrap': False, 'n_bins': 64}",-0.37762104157140947,0.6621178319398245,1.2512100119821032,0.21097116237584448,0.08093842372992992,0.9744198620538034,0.9368014758852253,0.2844967903684151,0.973836928156824,0.4384000233726937,0.7883657688695755,0.8060622264354229
regressor,2d,rf,2409,umap,2,42,0.5126345163057591,0.6858473408404216,0.6309476771389968,0.8779502251643508,1.0845502412529302,-0.03586413662427512,0.17272975774918167,0.11821626703668135,"{'n_estimators': 221, 'max_depth': 46, 'min_samples_split': 2, 'min_samples_leaf': 1, 'max_features': 'sqrt', 'bootstrap': False, 'n_bins': 256}",-0.3771291888949844,0.6858473408404216,1.176249225801789,0.23744447929290047,0.09530689734060606,0.9716495459421969,0.9261172423025863,0.3087181519454372,0.971516716723677,0.4703865749378775,0.8103254403498596,0.8240362964313308
regressor,2d,rf,2409,umap,4,42,0.5767890828968537,0.7543759332716806,0.5624510755559482,0.8699830571106145,1.0360023048536915,0.22259455119543536,0.4899767619231822,0.48352816251156777,"{'n_estimators': 153, 'max_depth': 44, 'min_samples_split': 6, 'min_samples_leaf': 1, 'max_features': 'sqrt', 'bootstrap': False, 'n_bins': 128}",-0.4474224861506201,0.7543759332716806,1.0733007756621613,0.24160326505593582,0.09422041869950172,0.9703696346520638,0.9237915416440087,0.30695344712106054,0.971559029065039,0.5690830486995191,0.7704693411858619,0.7786348961337359
regressor,2d,rf,2409,umap,1,42,0.6463494704976924,0.8269705392928406,0.5300915514675034,0.8343474690772746,0.981971315310279,0.2871258206067222,0.6254643123198446,0.6270034013571659,"{'n_estimators': 210, 'max_depth': 49, 'min_samples_split': 7, 'min_samples_leaf': 1, 'max_features': 'sqrt', 'bootstrap': False, 'n_bins': 256}",-0.47228729376814016,0.8269705392928406,0.9642676640921994,0.2803775792119065,0.12580020465593492,0.96288881987733,0.8990052318708829,0.35468324552470043,0.9641388348074694,0.6838802728582916,0.7368546810081527,0.7556068128675965
regressor,2d,rf,2409,time,5,42,0.5911941302021355,0.7125823275515856,0.6372352887718309,0.8675384575752397,1.0674625342474553,0.11169359284841096,0.3410263842948591,0.257738194438028,"{'n_estimators': 113, 'max_depth': 43, 'min_samples_split': 3, 'min_samples_leaf': 1, 'max_features': 'sqrt', 'bootstrap': False, 'n_bins': 128}",-0.41213532062339137,0.7125823275515856,1.1394762620219998,0.22996237772338274,0.09026840397211038,0.9723101282459451,0.9285383188644805,0.3004470069281942,0.9723189621897655,0.5077735735388352,0.8423429879344886,0.8297549041920914
regressor,2d,rf,2409,time,3,42,0.5538592956072728,0.7065074052268178,0.5100584953481888,0.8590696862934991,1.0485277084778641,0.17454309877670193,0.4443803861283126,0.443725889982808,"{'n_estimators': 337, 'max_depth': 50, 'min_samples_split': 3, 'min_samples_leaf': 1, 'max_features': 'sqrt', 'bootstrap': False, 'n_bins': 128}",-0.41249804745819335,0.7065074052268178,1.099410355445841,0.2278363665304467,0.08644150245551897,0.9744238440171324,0.9308701283528703,0.2940093577686244,0.9727716185794253,0.4991527136403308,0.7186972686187069,0.7200977728397063
regressor,2d,rf,2409,time,2,42,0.8414588425629203,0.9870993775297823,0.5105761273308456,0.9174336355372432,1.0869120632522178,0.15814031925713834,0.4131420632269778,0.39572788336771064,"{'n_estimators': 241, 'max_depth': 48, 'min_samples_split': 5, 'min_samples_leaf': 1, 'max_features': 'sqrt', 'bootstrap': False, 'n_bins': 256}",-0.6680942213902737,0.9870993775297823,1.181377833243193,0.2528645384167831,0.1017642896435922,0.9658763456840391,0.9004910919733191,0.31900515613950853,0.958067725987924,0.9743651811196837,0.7748068559166705,0.7538620623399128
regressor,2d,rf,2409,time,4,42,0.7206323903234686,0.9161911101477628,0.4516354064073864,1.0225718332286575,1.198001974584991,0.07113647371855258,0.4304990375634814,0.45260264476642487,"{'n_estimators': 51, 'max_depth': 38, 'min_samples_split': 5, 'min_samples_leaf': 1, 'max_features': 'sqrt', 'bootstrap': False, 'n_bins': 256}",-0.5855268176260336,0.9161911101477628,1.4352087311095376,0.25772437428205874,0.10933887434889565,0.9635353318046727,0.9028759951098677,0.33066429252172913,0.9632728680252295,0.83940615031379,0.6877624319633322,0.7035786210805499
regressor,2d,rf,2409,time,1,42,0.6565171552290617,0.8334660134223193,0.49015331326208367,0.9527070033976465,1.12976362655609,0.037751929510112636,0.35554851391722475,0.3280548643390412,"{'n_estimators': 283, 'max_depth': 31, 'min_samples_split': 9, 'min_samples_leaf': 1, 'max_features': 'sqrt', 'bootstrap': False, 'n_bins': 256}",-0.4327097050497002,0.8334660134223193,1.2763658518891683,0.32434242694392323,0.1606056187004498,0.9489603544988322,0.8587967945220004,0.4007563083726191,0.9426654924442976,0.6946655955300938,0.8089563695038965,0.7868451603346703
regressor,2d,rf,2409,butina,5,42,0.528536058081793,0.685898950011884,0.5754386080270771,0.7916700288107049,0.956019672045886,0.19150984511644975,0.4621775091682266,0.43457544524436964,"{'n_estimators': 158, 'max_depth': 47, 'min_samples_split': 2, 'min_samples_leaf': 1, 'max_features': 'sqrt', 'bootstrap': False, 'n_bins': 128}",-0.3988510081823495,0.685898950011884,0.9139736133387234,0.21757157219196954,0.08239652090857182,0.9752232832933521,0.9384533573182018,0.28704794182953447,0.9750674439496686,0.4704573696274048,0.7688411482246504,0.7510456808682184
regressor,2d,rf,2409,butina,3,42,0.5260073325691428,0.6682911521723416,0.6659640689015912,0.9178024113207988,1.1363798183312197,-0.15077139933931893,0.11327925673109646,0.16945510201196012,"{'n_estimators': 429, 'max_depth': 50, 'min_samples_split': 2, 'min_samples_leaf': 1, 'max_features': 'sqrt', 'bootstrap': False, 'n_bins': 64}",-0.392170080267777,0.6682911521723416,1.2913590915104958,0.21030835931625397,0.07624284634972574,0.9772089270203828,0.9418633722092354,0.2761210719045646,0.977231775743487,0.4466130640718359,0.8263413115782807,0.8297069934462664
regressor,2d,rf,2409,butina,2,42,0.56067307979089,0.7125124087110755,0.49930282243169455,0.7685542015962669,0.9443641211286539,0.4062196539664169,0.653243677383079,0.6670961437317476,"{'n_estimators': 172, 'max_depth': 50, 'min_samples_split': 2, 'min_samples_leaf': 1, 'max_features': 'sqrt', 'bootstrap': False, 'n_bins': 64}",-0.43612100642124946,0.7125124087110755,0.8918235932750948,0.20963691321505643,0.07639220725973643,0.9754765510271555,0.9385889594635611,0.276391402289826,0.9747995052045049,0.5076739325672586,0.711176348551696,0.6942536083060973
regressor,2d,rf,2409,butina,4,42,0.5537729873324868,0.7164394940774913,0.5815525481681681,0.8008615781624694,0.9747434707562631,0.3312973616381497,0.5984576773441922,0.5853441407350676,"{'n_estimators': 118, 'max_depth': 46, 'min_samples_split': 8, 'min_samples_leaf': 1, 'max_features': 'sqrt', 'bootstrap': False, 'n_bins': 256}",-0.34054625694336815,0.7164394940774913,0.950124833781966,0.29334658768492966,0.14129572572317015,0.9566284969006598,0.8854262469195725,0.37589323713412315,0.9581102157168302,0.5132855486740118,0.7891373764980163,0.7566023558822358
regressor,2d,rf,2409,butina,1,42,0.586966751639607,0.7636399219208816,0.5307684051217472,0.7828189116153471,0.9495017533490285,0.19278431117554584,0.45854853016103103,0.4352053079941434,"{'n_estimators': 91, 'max_depth': 33, 'min_samples_split': 5, 'min_samples_leaf': 1, 'max_features': 'sqrt', 'bootstrap': False, 'n_bins': 256}",-0.4348696506311371,0.7636399219208816,0.9015535796128795,0.2622172814966116,0.10808989128393219,0.9687510447449998,0.9179920050814063,0.3287702712897445,0.9689449984875342,0.5831459303513301,0.7540917947130195,0.7253838333074298
regressor,2d,rf,2409,diverse_25,5,42,1.0682736262089565,1.222941192495533,0.21135483038166192,0.8869804281649708,1.0315747265152682,0.2653919622009522,0.5386923872294471,0.5295922211903898,"{'n_estimators': 148, 'max_depth': 18, 'min_samples_split': 8, 'min_samples_leaf': 2, 'max_features': 'sqrt', 'bootstrap': False, 'n_bins': 64, 'use_gpu': False}",-0.5947252052825089,1.222941192495533,1.0641464163850503,0.512708382412574,0.3946553265900343,0.9069912139100035,0.7110026369956914,0.628215987213024,0.9069397256098581,1.4955851603023962,0.4828073928188392,0.5075016427865225
regressor,2d,rf,2409,diverse_25,3,42,0.5208490830579925,0.6865194246471032,0.3805964283852953,0.8220996805921115,0.9965610107252493,0.2295451983743403,0.5103100458262955,0.4938771401062337,"{'n_estimators': 229, 'max_depth': 44, 'min_samples_split': 2, 'min_samples_leaf': 1, 'max_features': 'log2', 'bootstrap': False, 'n_bins': 128, 'use_gpu': False}",-0.6310588029631791,0.6865194246471032,0.9931338480977304,0.04273412038628876,0.003075880557567359,0.9995656122458895,0.9980000984758906,0.05546062168392416,0.9993929529989044,0.4713089204177896,0.6489298310444445,0.6684061910564568
regressor,2d,rf,2409,diverse_25,2,42,1.0428743658161819,1.1819649399914205,0.17699938794011405,0.6858341776157176,0.8435891540862575,0.39611838616751627,0.6770540490717275,0.6656882975092506,"{'n_estimators': 436, 'max_depth': 50, 'min_samples_split': 2, 'min_samples_leaf': 1, 'max_features': 'sqrt', 'bootstrap': False, 'n_bins': 64, 'use_gpu': False}",-1.1799625874954578,1.1819649399914205,0.7116426608919674,0.0008011611504353504,4.009415518087822e-06,0.999998698200092,0.999997259892969,0.002002352495962642,0.9999649761406806,1.3970411193689223,0.43606885939942,0.34181344578423883
regressor,2d,rf,2409,diverse_25,4,42,0.9471019176459543,1.0885612849684339,0.31487910889449233,0.9054871965385553,1.0924017554695753,0.268466829981552,0.5600861044788573,0.535119656402969,"{'n_estimators': 75, 'max_depth': 50, 'min_samples_split': 5, 'min_samples_leaf': 1, 'max_features': 'sqrt', 'bootstrap': True, 'n_bins': 256, 'use_gpu': False}",-0.6054005761093089,1.0885612849684339,1.1933415953530095,0.40582809695698496,0.23344427058525208,0.9556834617089142,0.8258664318525232,0.48316070885912493,0.9544598973749328,1.184965671132128,0.6122585180810491,0.6175255636305587
regressor,2d,rf,2409,diverse_25,1,42,0.7844618416801511,0.8983416064589018,0.4149954044801981,0.895211717377599,1.0351210198429683,0.2874405028675755,0.5559651378540852,0.4815402451539148,"{'n_estimators': 67, 'max_depth': 35, 'min_samples_split': 5, 'min_samples_leaf': 1, 'max_features': 'sqrt', 'bootstrap': False, 'n_bins': 128, 'use_gpu': False}",-0.68434451341307,0.8983416064589018,1.0714755257207467,0.17076627303003136,0.04579475583206639,0.9912676837165728,0.9674331928572223,0.21399709304583178,0.9915045617295918,0.8070176418951603,0.6777855780341434,0.6101326519532914
regressor,2d,rf,284,scaffold,5,42,0.4161501494177787,0.551917449494616,0.6018375495998205,0.5682787560075161,0.7769283001090148,0.4515238673064249,0.6738334859454266,0.7053173638899201,"{'n_estimators': 276, 'max_depth': 47, 'min_samples_split': 6, 'min_samples_leaf': 1, 'max_features': 'sqrt', 'bootstrap': False, 'n_bins': 128}",-0.28864085759976355,0.551917449494616,0.6036175835102834,0.20055619185309947,0.06931456383976868,0.9690949590603053,0.9250995164449021,0.2632765918948524,0.9693511151907125,0.304612871056642,0.7901514826126137,0.7938936840133771
regressor,2d,rf,284,scaffold,3,42,0.42111497443865065,0.5912622639157432,0.5953745896726983,0.5110654300815217,0.6884051262679748,0.4731058579617866,0.7045297950680294,0.6409212655678057,"{'n_estimators': 244, 'max_depth': 50, 'min_samples_split': 5, 'min_samples_leaf': 1, 'max_features': 'sqrt', 'bootstrap': False, 'n_bins': 64}",-0.33747561026633005,0.5912622639157432,0.47390161787202634,0.19059273237068164,0.0644076655705672,0.972401415010556,0.9338388583066833,0.25378665364941316,0.9730008235872849,0.34959106473077,0.7830456792427902,0.8026861784576931
regressor,2d,rf,284,scaffold,2,42,0.4605612789534276,0.6198947095381093,0.4987018444418132,0.50095879322653,0.6670764781082406,0.5275990333708649,0.7324963560460038,0.7022114169061744,"{'n_estimators': 394, 'max_depth': 50, 'min_samples_split': 8, 'min_samples_leaf': 1, 'max_features': 'sqrt', 'bootstrap': True, 'n_bins': 256}",-0.221900142470979,0.6198947095381093,0.44499102764529397,0.3002483554099649,0.1583996754149525,0.9351948320362862,0.8367728717518088,0.3979945670671303,0.9427624881550781,0.38426945091333686,0.723561514927943,0.7492211442441983
regressor,2d,rf,284,scaffold,4,42,0.5030076343110073,0.681100248997363,0.5946781071547471,0.5536221741101188,0.7382238375385505,0.44371850834576687,0.6732494837034144,0.7023195301938214,"{'n_estimators': 345, 'max_depth': 50, 'min_samples_split': 2, 'min_samples_leaf': 1, 'max_features': 'sqrt', 'bootstrap': False, 'n_bins': 128}",-0.4791063061356783,0.681100248997363,0.5449744343101441,0.15116680721054,0.04080155295280954,0.9812591505729964,0.955731039763549,0.20199394286168468,0.98099423285995,0.46389754918426984,0.7785583196396748,0.7529300166266473
regressor,2d,rf,284,scaffold,1,42,0.45920290178066586,0.6294994444834198,0.6201794754695537,0.5849035115776002,0.7570904740183177,0.2893780520358856,0.5484247595337282,0.5304333849513257,"{'n_estimators': 383, 'max_depth': 33, 'min_samples_split': 6, 'min_samples_leaf': 1, 'max_features': 'sqrt', 'bootstrap': False, 'n_bins': 256}",-0.35247616490109196,0.6294994444834198,0.573185985849281,0.21306140419827455,0.07674189743054854,0.9674998122649812,0.9216304890137565,0.2770232795823278,0.9677352017645908,0.3962695506049341,0.8025331328421064,0.7947374840215546
regressor,2d,rf,284,random,5,42,0.4636838674438083,0.6131194433881768,0.5964338408188212,0.48268601690515656,0.6329285625819395,0.5541036162021169,0.7504352857032128,0.7424828535869737,"{'n_estimators': 50, 'max_depth': 44, 'min_samples_split': 3, 'min_samples_leaf': 2, 'max_features': 'sqrt', 'bootstrap': False, 'n_bins': 128}",-0.18690192808124717,0.6131194433881768,0.4005985653320402,0.31257505616978537,0.1816613703544128,0.9172781845446958,0.812521506877869,0.42621751530692964,0.9271532483463686,0.3759154518606277,0.7895794941555444,0.7938335379779055
regressor,2d,rf,284,random,3,42,0.5107379451578636,0.7124419420145189,0.44299150053666503,0.436810384051275,0.6115897429550831,0.5922439955307939,0.7750935447336184,0.7684149577357362,"{'n_estimators': 250, 'max_depth': 50, 'min_samples_split': 3, 'min_samples_leaf': 1, 'max_features': 'sqrt', 'bootstrap': True, 'n_bins': 128}",-0.3637243674766781,0.7124419420145189,0.37404201368786455,0.26852432254781256,0.1216039467915546,0.9508924537649228,0.8740683650520904,0.34871757453784086,0.9552275240484752,0.5075735207414191,0.6685683672584002,0.6866822867386629
regressor,2d,rf,284,random,2,42,0.4446937017769041,0.6049262674371184,0.5448886523912625,0.5227039393405081,0.7059330721487066,0.5091178365792903,0.7194169295006387,0.7218647721009248,"{'n_estimators': 257, 'max_depth': 43, 'min_samples_split': 5, 'min_samples_leaf': 2, 'max_features': 'sqrt', 'bootstrap': False, 'n_bins': 256}",-0.1791443796646474,0.6049262674371184,0.498341502353311,0.3144057803883562,0.18129021595508907,0.9162621086250367,0.8094011425957996,0.425781887772471,0.9239640959373577,0.3659357890354041,0.7432615526008146,0.7404483410198865
regressor,2d,rf,284,random,4,42,0.38300757228732984,0.5388753764304881,0.6692298734629095,0.42241162957547246,0.5969856170339601,0.6103212476551868,0.7848049561925146,0.7726000162096236,"{'n_estimators': 173, 'max_depth': 45, 'min_samples_split': 3, 'min_samples_leaf': 1, 'max_features': 'sqrt', 'bootstrap': False, 'n_bins': 256}",-0.3072152528990547,0.5388753764304881,0.3563918269454181,0.17480948185515047,0.05366641283459899,0.9771059844356389,0.9446839268567789,0.23166012353143342,0.9777882114664714,0.2903866713231002,0.8239605900944525,0.8356767602595943
regressor,2d,rf,284,random,1,42,0.46282419533924557,0.5937641900791323,0.6025121495888908,0.5050801556259471,0.6719156838321502,0.551894354236327,0.7516894380170387,0.7588503563513647,"{'n_estimators': 252, 'max_depth': 39, 'min_samples_split': 3, 'min_samples_leaf': 1, 'max_features': 'sqrt', 'bootstrap': False, 'n_bins': 128}",-0.363824381408087,0.5937641900791323,0.45147068617962594,0.1746077250096917,0.05287231561167692,0.9768225681169146,0.9438767475990661,0.2299398086710453,0.9768049063956747,0.352555913420328,0.7827651000411958,0.7835667710643673
regressor,2d,rf,284,umap,5,42,0.43245444777848707,0.6545649973620126,0.5808543720514506,0.770046695968566,0.9650302248916495,0.09406789385826875,0.3229375558333335,0.3259891142343754,"{'n_estimators': 453, 'max_depth': 45, 'min_samples_split': 3, 'min_samples_leaf': 1, 'max_features': 'sqrt', 'bootstrap': False, 'n_bins': 128}",-0.434467896403822,0.6545649973620126,0.9312833349544275,0.1641959732739335,0.04844273385019994,0.9766270185209357,0.9461038429645521,0.2200971009581906,0.9768207467043781,0.4284553357715315,0.7633227368931933,0.7731409040140836
regressor,2d,rf,284,umap,3,42,0.3913407419696216,0.5459080357842523,0.6476043289899798,0.9374011124297923,1.0997851880884082,-0.3557723481606958,0.08779794734063545,0.11167946252844135,"{'n_estimators': 364, 'max_depth': 49, 'min_samples_split': 4, 'min_samples_leaf': 1, 'max_features': 'sqrt', 'bootstrap': False, 'n_bins': 64}",-0.30083559646739483,0.5459080357842523,1.2095274599386556,0.18258314437708806,0.060060500512714776,0.9731391094618246,0.935824667621485,0.24507243931685746,0.9709164206118513,0.2980155835338205,0.8088327840315067,0.8024383544152031
regressor,2d,rf,284,umap,2,42,0.4360307500841493,0.6154570456654987,0.4872171781877829,0.8137382393974374,1.008897554114618,-0.04759185952768985,0.22213682753768293,0.20031244699032788,"{'n_estimators': 58, 'max_depth': 50, 'min_samples_split': 11, 'min_samples_leaf': 1, 'max_features': 'sqrt', 'bootstrap': True, 'n_bins': 64}",-0.19850145165037225,0.6154570456654987,1.0178742746984584,0.3106497469199863,0.17385196738050698,0.9253909040913855,0.8197600032228178,0.4169555940151265,0.9337466137195194,0.37878737505930377,0.6982273028035196,0.7140794955827948
regressor,2d,rf,284,umap,4,42,0.44406328505456494,0.6384896399458433,0.639070002723417,0.9011307029750402,1.0739464838489126,-0.3567168654297792,-0.07639657194200869,-0.06108369732507713,"{'n_estimators': 403, 'max_depth': 50, 'min_samples_split': 2, 'min_samples_leaf': 1, 'max_features': 'sqrt', 'bootstrap': False, 'n_bins': 128}",-0.4333125010990663,0.6384896399458433,1.1533610501714424,0.1545393448694794,0.042097658305349596,0.9812451411010501,0.9552413929377355,0.20517713884677696,0.980093359233215,0.40766902031817254,0.7997253415624002,0.797985601896626
regressor,2d,rf,284,umap,1,42,0.4914127148044355,0.6971408785940248,0.4834924437868052,0.6970337340376734,0.8918587124936938,-0.05720071963287743,0.21494768033381934,0.1585843276162029,"{'n_estimators': 183, 'max_depth': 50, 'min_samples_split': 5, 'min_samples_leaf': 1, 'max_features': 'sqrt', 'bootstrap': False, 'n_bins': 256}",-0.44277171340819904,0.6971408785940248,0.795411963050909,0.19145263503999282,0.06470367219733393,0.9727498352109509,0.9355417387200992,0.2543691651858258,0.9745421504704223,0.48600540460684893,0.6978696931894595,0.6908339741174376
regressor,2d,rf,284,time,5,42,0.460635321127926,0.6533512483682246,0.5690446274281789,0.8847085580796005,1.0874981643196597,0.09922193786533717,0.4608645772058345,0.46617998017040346,"{'n_estimators': 53, 'max_depth': 50, 'min_samples_split': 7, 'min_samples_leaf': 1, 'max_features': 'sqrt', 'bootstrap': False, 'n_bins': 64}",-0.38207257556176777,0.6533512483682246,1.1826522573986296,0.2058082200575511,0.07359211831963264,0.9652411155609757,0.9169602799275917,0.2712786728064568,0.9668463682193759,0.4268678537443174,0.765134345610099,0.8035577470557926
regressor,2d,rf,284,time,3,42,0.5159480056277039,0.6782212239386824,0.478433257571911,0.8301761505828663,1.019577623707211,0.15528222523177837,0.501225675773854,0.5070213082738109,"{'n_estimators': 247, 'max_depth': 46, 'min_samples_split': 2, 'min_samples_leaf': 1, 'max_features': 'sqrt', 'bootstrap': False, 'n_bins': 256}",-0.48916240564870794,0.6782212239386824,1.0395385307644431,0.14296752104943883,0.035743236773201605,0.9787747262428121,0.9485199561108455,0.18905881828997453,0.978192750770395,0.4599840286008845,0.70190501054329,0.701231096672493
regressor,2d,rf,284,time,2,42,0.3712172230257332,0.5033177571894553,0.5943857831573482,0.7795205354128938,0.9790021084968332,0.11890655369463976,0.3871476424421028,0.4271868947685066,"{'n_estimators': 363, 'max_depth': 50, 'min_samples_split': 5, 'min_samples_leaf': 1, 'max_features': 'sqrt', 'bootstrap': False, 'n_bins': 128}",-0.29364176166912914,0.5033177571894553,0.9584451284412453,0.1613806255098537,0.043964023097439825,0.9754400853834266,0.9399181775176605,0.20967599552032615,0.974130075893734,0.25332876470222343,0.773651311271367,0.8066327260785935
regressor,2d,rf,284,time,4,42,0.4065346904770511,0.5706060341683814,0.5843747240902208,0.8733888922556234,1.0577575583944978,0.23268649884443515,0.5101701540717939,0.4795381875798269,"{'n_estimators': 51, 'max_depth': 39, 'min_samples_split': 2, 'min_samples_leaf': 1, 'max_features': 'sqrt', 'bootstrap': False, 'n_bins': 128}",-0.34908722750322074,0.5706060341683814,1.1188510523406896,0.1684797158589393,0.04907058170635682,0.974721628976323,0.9395855201310809,0.22151880666516066,0.9758951192725612,0.325591246229368,0.7759978004306975,0.8303622679766185
regressor,2d,rf,284,time,1,42,0.48886480033724145,0.6648789359740125,0.5284805159324608,0.7366527620692609,0.9229406512880205,0.10611486476914966,0.4059205875589175,0.41474570344324435,"{'n_estimators': 493, 'max_depth': 50, 'min_samples_split': 2, 'min_samples_leaf': 1, 'max_features': 'sqrt', 'bootstrap': False, 'n_bins': 256}",-0.49192604206637647,0.6648789359740125,0.8518194457999555,0.1358959528460032,0.02991270351102601,0.9848873619557331,0.9644046325078885,0.17295289390763605,0.9840291369643083,0.442063999501935,0.7445966173439804,0.667990277720102
regressor,2d,rf,284,butina,5,42,0.4024858800721025,0.5442428848727854,0.631272270318745,0.667767212093475,0.8814402393086913,0.17315385917168624,0.44148022968120393,0.33184624766011467,"{'n_estimators': 151, 'max_depth': 35, 'min_samples_split': 2, 'min_samples_leaf': 1, 'max_features': 'sqrt', 'bootstrap': False, 'n_bins': 128}",-0.30861698622800626,0.5442428848727854,0.7769368954725631,0.1783851118082843,0.05551956411215972,0.976238580187472,0.9428789195144206,0.23562589864477912,0.9779487144066733,0.29620031773465194,0.7950288609825358,0.8102316354998309
regressor,2d,rf,284,butina,3,42,0.43720695207330096,0.5907463164145492,0.6485629238487985,0.8097657736390852,1.0288457887408193,-0.02922938795096708,0.29693737878178217,0.27624742463216007,"{'n_estimators': 183, 'max_depth': 38, 'min_samples_split': 4, 'min_samples_leaf': 1, 'max_features': 'sqrt', 'bootstrap': False, 'n_bins': 64}",-0.33016984784947806,0.5907463164145492,1.0585236570097187,0.19764855202539366,0.06790009596984352,0.9691889028804024,0.926393258558846,0.26057646856507116,0.9686067531399069,0.34898121035735874,0.807844992848554,0.8022632565753243
regressor,2d,rf,284,butina,2,42,0.5678710585323234,0.7700028632457401,0.5107915819987638,0.5593101073235133,0.7195224646978076,-0.06250066272448151,0.15868932427680818,0.09986028177103885,"{'n_estimators': 344, 'max_depth': 50, 'min_samples_split': 8, 'min_samples_leaf': 1, 'max_features': 'sqrt', 'bootstrap': True, 'n_bins': 256}",-0.3754854498087921,0.7700028632457401,0.5177125772048078,0.29884815958073074,0.1556439895049797,0.9382716234514927,0.849225678184362,0.39451741343694796,0.9441403776988134,0.5929044094066379,0.7187852032146813,0.7395901122728177
regressor,2d,rf,284,butina,4,42,0.4769839671268224,0.6668359187757505,0.5412290800378126,0.7778239419828493,0.9832663814967517,0.20663595518914923,0.5557056122962742,0.6148863866862693,"{'n_estimators': 345, 'max_depth': 50, 'min_samples_split': 2, 'min_samples_leaf': 1, 'max_features': 'sqrt', 'bootstrap': False, 'n_bins': 128}",-0.45921303523711965,0.6668359187757505,0.9668127769817157,0.15466764490785456,0.043107261768895906,0.9794656061359428,0.9508142990887408,0.20762288353863093,0.9794070938093609,0.4446701425694993,0.7388761983714337,0.7520890360618083
regressor,2d,rf,284,butina,1,42,0.38600153180480895,0.5150448508490952,0.6735302408069325,0.6835731237998005,0.8684140330531874,0.25508005563151837,0.5108098795787559,0.4685390871697681,"{'n_estimators': 166, 'max_depth': 50, 'min_samples_split': 3, 'min_samples_leaf': 1, 'max_features': 'sqrt', 'bootstrap': False, 'n_bins': 128}",-0.30824752638685016,0.5150448508490952,0.7541429328037026,0.15407025100319938,0.042765133404743055,0.9804902457635172,0.9548425243704327,0.20679732446224505,0.9784808427228222,0.26527119838616675,0.8327958488887448,0.8369649458797245
regressor,2d,rf,284,diverse_25,5,42,0.7661382589809604,0.9318560311973296,0.21308221471338118,0.7093400297575384,0.898306772848481,0.26762195138403677,0.5499999294559941,0.46952378971907255,"{'n_estimators': 288, 'max_depth': 22, 'min_samples_split': 11, 'min_samples_leaf': 1, 'max_features': 'sqrt', 'bootstrap': False, 'n_bins': 256, 'use_gpu': False}",-0.46715002561793084,0.9318560311973296,0.8069550581454525,0.38802700119839445,0.21595167162156023,0.9386749892282207,0.79814793176082,0.4647060055793988,0.9514691617896983,0.8683556628788385,0.5294179326291081,0.5097435897435897
regressor,2d,rf,284,diverse_25,3,42,0.8154614993039204,1.0485065805205025,-0.12234592171317304,0.8049708070983711,0.9482923780401167,0.1112571049294816,0.40401637304866317,0.37444809820839725,"{'n_estimators': 487, 'max_depth': 26, 'min_samples_split': 20, 'min_samples_leaf': 1, 'max_features': 'log2', 'bootstrap': True, 'n_bins': 128, 'use_gpu': False}",-0.3495047563976288,1.0485065805205025,0.8992584342489796,0.5675407987588862,0.4886035501271048,0.9022512058893944,0.5508766443375142,0.6990018241228737,0.9091873663858456,1.0993660493947972,0.2945125471768134,0.1658119658119658
regressor,2d,rf,284,diverse_25,2,42,0.6490745155074934,0.8100889820839824,0.1658253561488251,0.726220847490596,0.9069993639290408,0.2074258156665869,0.47554484274217734,0.3524340348129289,"{'n_estimators': 221, 'max_depth': 46, 'min_samples_split': 5, 'min_samples_leaf': 1, 'max_features': 'sqrt', 'bootstrap': False, 'n_bins': 128, 'use_gpu': False}",-0.6344321498431678,0.8100889820839824,0.8226478461676846,0.13674065777712124,0.03085532271287768,0.9926083133845898,0.9723023523396668,0.1756568322408146,0.9912662940892583,0.6562441588938627,0.5409961984214089,0.5118823805365209
regressor,2d,rf,284,diverse_25,4,42,0.6565971469222559,0.8436183982856813,0.38528634527632244,0.6869824295835816,0.8614908210556543,0.26608432357870715,0.5332670738719821,0.44043170612254934,"{'n_estimators': 426, 'max_depth': 50, 'min_samples_split': 3, 'min_samples_leaf': 1, 'max_features': 'sqrt', 'bootstrap': False, 'n_bins': 128, 'use_gpu': False}",-0.759218199987585,0.8436183982856813,0.7421664347631455,0.06427861294471467,0.00712339347275798,0.998293593022058,0.9934689151929771,0.08440019829809631,0.9978481926852282,0.7116920019260985,0.743611115417188,0.588134732480171
regressor,2d,rf,284,diverse_25,1,42,0.8088518718480514,0.9394143416082085,0.28518419382875515,0.7640727008119191,1.0707680481326731,0.02039839597088644,0.28894602513968753,0.29193499568436715,"{'n_estimators': 135, 'max_depth': 25, 'min_samples_split': 3, 'min_samples_leaf': 1, 'max_features': 'sqrt', 'bootstrap': True, 'n_bins': 256, 'use_gpu': False}",-0.5176138572181943,0.9394143416082085,1.1465442129018548,0.34539637190360034,0.1779156486316506,0.9624856179266619,0.8257420925124654,0.42180048439001416,0.9675727353465416,0.8824993052191838,0.5663546662144427,0.5010260210926015
regressor,2d,rf,4005,scaffold,5,42,0.4508326132472397,0.6192729088072433,0.6471427929381448,0.5604605225212568,0.7714861169446332,0.4961202084105478,0.7075748225726193,0.6078455303314843,"{'n_estimators': 167, 'max_depth': 45, 'min_samples_split': 4, 'min_samples_leaf': 1, 'max_features': 'sqrt', 'bootstrap': False, 'n_bins': 64}",-0.40406675351122934,0.6192729088072433,0.5951908286383083,0.1695845782895299,0.046313689277292076,0.9828607792298806,0.9614937967427131,0.21520615529601395,0.9833682666929915,0.38349893558258424,0.806046031527958,0.8057334397489675
regressor,2d,rf,4005,scaffold,3,42,0.4746160606092128,0.6482747327172713,0.666429685205805,0.5413033334664122,0.6931137943654743,0.6089933439707355,0.787589814264118,0.7493805021562302,"{'n_estimators': 129, 'max_depth': 32, 'min_samples_split': 3, 'min_samples_leaf': 1, 'max_features': 'sqrt', 'bootstrap': False, 'n_bins': 256}",-0.418244225290409,0.6482747327172713,0.48040673193970496,0.178706419209976,0.05291403434705976,0.9798678486947034,0.9543395239787903,0.23003050742686232,0.9798389446196071,0.42026012907964955,0.8179615649432368,0.8371633853942393
regressor,2d,rf,4005,scaffold,2,42,0.4530354182683809,0.5793287921498981,0.7280079846793018,0.4956927044634081,0.616584679433548,0.6601462488192278,0.8198303526195891,0.8117759352941684,"{'n_estimators': 169, 'max_depth': 50, 'min_samples_split': 4, 'min_samples_leaf': 1, 'max_features': 'sqrt', 'bootstrap': False, 'n_bins': 128}",-0.3594210177777134,0.5793287921498981,0.3801766669121711,0.17211345539034412,0.04835942922932769,0.9822118902283518,0.9595767960856137,0.2199077743721847,0.982616877286013,0.33562184941385986,0.8558965039296458,0.828873267207098
regressor,2d,rf,4005,scaffold,4,42,0.4537513701113283,0.5861652082658285,0.6823786317027248,0.5824489662876032,0.7601354185533641,0.5332586097984245,0.7447575233008146,0.746945686887763,"{'n_estimators': 345, 'max_depth': 50, 'min_samples_split': 2, 'min_samples_leaf': 1, 'max_features': 'sqrt', 'bootstrap': False, 'n_bins': 128}",-0.4035904849492351,0.5861652082658285,0.577805854539298,0.13587511873025282,0.033333529594130634,0.9872689002320464,0.9719280861963547,0.1825747233165934,0.9875936102292205,0.34358965138132214,0.8270072749809532,0.804959943897592
regressor,2d,rf,4005,scaffold,1,42,0.4025452907552185,0.5348949998764536,0.774920149306007,0.5319934272936565,0.6729392499861527,0.5992812495366648,0.7902196017807335,0.7927838238060935,"{'n_estimators': 292, 'max_depth': 47, 'min_samples_split': 3, 'min_samples_leaf': 1, 'max_features': 'sqrt', 'bootstrap': False, 'n_bins': 128}",-0.32919224144786735,0.5348949998764536,0.45284723417192574,0.1570632169815856,0.04231362482512932,0.9842652637182436,0.964644929264226,0.20570275842858626,0.9850050266182887,0.2861126608928313,0.8828312999629644,0.871123859790919
regressor,2d,rf,4005,random,5,42,0.4660776879787525,0.5955604262607173,0.7056717966793846,0.4763594157022057,0.6231310739374007,0.6647432351074003,0.8181472458787773,0.8172380779550344,"{'n_estimators': 63, 'max_depth': 50, 'min_samples_split': 5, 'min_samples_leaf': 1, 'max_features': 'sqrt', 'bootstrap': False, 'n_bins': 256}",-0.35912498935953585,0.5955604262607173,0.38829233530637836,0.18421281966888647,0.055901715822652534,0.9791992322808571,0.9530507310178892,0.2364354369011814,0.9795488660517842,0.3546922213278472,0.8471913956368649,0.8186946153777488
regressor,2d,rf,4005,random,3,42,0.4206434298507323,0.6004629822941049,0.6990814629353441,0.4774923366196689,0.6231008532540923,0.6641668862085457,0.815656925471246,0.7922843970348712,"{'n_estimators': 116, 'max_depth': 50, 'min_samples_split': 2, 'min_samples_leaf': 1, 'max_features': 'sqrt', 'bootstrap': False, 'n_bins': 128}",-0.4265720954290312,0.6004629822941049,0.3882546733259778,0.13060794867770698,0.030238040534721847,0.9885868088950772,0.9747577015271159,0.17389088686507367,0.9891409169199938,0.36055579310553054,0.8384464218867237,0.8600658147448429
regressor,2d,rf,4005,random,2,42,0.5197178869349017,0.6754409014751668,0.6404158658486281,0.4674363117215835,0.60996499612083,0.6898964285891748,0.8353016260411117,0.8159822910789529,"{'n_estimators': 298, 'max_depth': 50, 'min_samples_split': 4, 'min_samples_leaf': 1, 'max_features': 'sqrt', 'bootstrap': True, 'n_bins': 64}",-0.34496752781225487,0.6754409014751668,0.3720572964926841,0.2581317265762752,0.1092126507001466,0.9614282096227331,0.9073051691552145,0.3304733736629119,0.9639355939986718,0.456220411385586,0.8103843586503001,0.8272480972021917
regressor,2d,rf,4005,random,4,42,0.43718711469242144,0.6026974651415542,0.663649939790848,0.42830847571742764,0.5661233776110154,0.745688975117545,0.8689897631919845,0.8588947705699072,"{'n_estimators': 74, 'max_depth': 50, 'min_samples_split': 3, 'min_samples_leaf': 1, 'max_features': 'sqrt', 'bootstrap': False, 'n_bins': 128}",-0.405422168619261,0.6026974651415542,0.3204956786777043,0.1515527761145439,0.038917542617958704,0.9854400188923313,0.9670560647997086,0.1972752965222932,0.9857266058885973,0.36324423448805493,0.8165178279750616,0.7828578755348061
regressor,2d,rf,4005,random,1,42,0.46511412555096043,0.6233310142930951,0.685797421940548,0.4823005036874195,0.6361926228995154,0.6490048844682585,0.8084636904816578,0.806124120224419,"{'n_estimators': 463, 'max_depth': 32, 'min_samples_split': 5, 'min_samples_leaf': 1, 'max_features': 'sqrt', 'bootstrap': False, 'n_bins': 256}",-0.36544034115692503,0.6233310142930951,0.40474105343176503,0.20451661982673688,0.06650759929062693,0.9757184338989496,0.9442140827916988,0.2578906731361701,0.9765932945401844,0.38854155337965873,0.8313326035322829,0.7779861450888158
regressor,2d,rf,4005,umap,5,42,0.41153025527005865,0.5627068832877613,0.7480905751636506,0.7639099812803338,0.8658672470546457,0.15291087949641835,0.4450375127746392,0.4827259253401172,"{'n_estimators': 288, 'max_depth': 32, 'min_samples_split': 3, 'min_samples_leaf': 1, 'max_features': 'sqrt', 'bootstrap': False, 'n_bins': 128}",-0.32479352658502,0.5627068832877613,0.7497260895219908,0.18560667714123116,0.05660276529756583,0.9795952103841461,0.9536795415137213,0.23791335670274133,0.9800422832763475,0.3166390364994262,0.8655433528987935,0.8441829008251754
regressor,2d,rf,4005,umap,3,42,0.43894483560966013,0.6018376363598797,0.676409599222766,0.7860900923052918,0.9714106239624454,0.2444937655498971,0.5046998657372197,0.3891177097243603,"{'n_estimators': 399, 'max_depth': 41, 'min_samples_split': 4, 'min_samples_leaf': 1, 'max_features': 'sqrt', 'bootstrap': False, 'n_bins': 64}",-0.38896162231655973,0.6018376363598797,0.9436386003471074,0.1668558853836906,0.04531619735497177,0.9824890225361346,0.9611668592074741,0.21287601404332,0.9826657276871016,0.36220854053924684,0.8257754062644662,0.8183736053557548
regressor,2d,rf,4005,umap,2,42,0.46622185956938067,0.5925702088044085,0.6869706283911942,0.7629048427951697,0.9057759724404044,0.35124554859907575,0.6688755226532436,0.5522265702227671,"{'n_estimators': 397, 'max_depth': 44, 'min_samples_split': 9, 'min_samples_leaf': 1, 'max_features': 'sqrt', 'bootstrap': True, 'n_bins': 64}",-0.2167431551795857,0.5925702088044085,0.8204301122503602,0.29357222652771814,0.1412459742363154,0.9486449015496344,0.8795490982095632,0.37582705362482277,0.9502689553299148,0.35113945236250027,0.8371840748650716,0.8245150396802735
regressor,2d,rf,4005,umap,4,42,0.46351844466786923,0.6216541000408768,0.7153465522222704,0.7105947699686793,0.8999831502060931,0.12525770908798795,0.39747065974887796,0.344199498186342,"{'n_estimators': 345, 'max_depth': 50, 'min_samples_split': 2, 'min_samples_leaf': 1, 'max_features': 'sqrt', 'bootstrap': False, 'n_bins': 128}",-0.4335506109321545,0.6216541000408768,0.8099696706548831,0.1409879221266948,0.035382922614875224,0.9868690541829879,0.9709722487222011,0.18810348910872235,0.9866998198990568,0.3864538200976325,0.8514238501979465,0.8545900756295174
regressor,2d,rf,4005,umap,1,42,0.417917362438193,0.5473623505506895,0.7328430015362232,0.8913553842334461,1.0859556401282975,0.12081667251285255,0.5106328410954855,0.4639828642685173,"{'n_estimators': 158, 'max_depth': 44, 'min_samples_split': 3, 'min_samples_leaf': 1, 'max_features': 'sqrt', 'bootstrap': True, 'n_bins': 128}",-0.2261512621743928,0.5473623505506895,1.1792996523264603,0.25306609030789873,0.1031765632958851,0.9612286651392639,0.9102212063429349,0.3212110883762967,0.9610352195654722,0.2996055428003759,0.8634529435834573,0.8394266907933079
regressor,2d,rf,4005,time,5,42,0.5092068524001081,0.6520856043300016,0.6838486833270507,0.7594320137591897,0.940598796442447,0.3435348780906563,0.6635774522125136,0.6094822953994659,"{'n_estimators': 471, 'max_depth': 50, 'min_samples_split': 3, 'min_samples_leaf': 1, 'max_features': 'sqrt', 'bootstrap': True, 'n_bins': 256}",-0.32840300830713004,0.6520856043300016,0.88472609586898,0.2569576290673931,0.10477042296810549,0.9615039641427621,0.9059959425115189,0.3236825960228716,0.9622373095671237,0.42521563537442336,0.8429366475320561,0.8406851152483634
regressor,2d,rf,4005,time,3,42,0.4520672349150349,0.6575182448401165,0.6348181646965716,0.7552200231635405,0.9162327181187352,0.379036913213178,0.6369168401132621,0.6101704553600663,"{'n_estimators': 162, 'max_depth': 50, 'min_samples_split': 6, 'min_samples_leaf': 1, 'max_features': 'sqrt', 'bootstrap': False, 'n_bins': 64}",-0.39340495428285444,0.6575182448401165,0.8394823937512456,0.20661696014357814,0.0697558302489847,0.9702459890534754,0.9315485012937504,0.264113290557262,0.9709485493504016,0.43233024229762734,0.798358778795498,0.7834867067368039
regressor,2d,rf,4005,time,2,42,0.417506991537441,0.5529644747933093,0.5972750549739481,0.8340261049853733,1.0183401689078242,0.2047360609098935,0.543791268661691,0.5348298538199258,"{'n_estimators': 60, 'max_depth': 45, 'min_samples_split': 14, 'min_samples_leaf': 1, 'max_features': 'sqrt', 'bootstrap': False, 'n_bins': 256}",-0.16910115038369383,0.5529644747933093,1.0370166996112158,0.3055357003935911,0.14735105182680172,0.9346609779977377,0.8521315197570251,0.3838633244096155,0.9321869336498776,0.3057697103834404,0.77960898537647,0.773619218197439
regressor,2d,rf,4005,time,4,42,0.46034589497511047,0.6050823841460584,0.6157574633018716,0.7882022523560691,0.9619967667953458,0.33140340700448156,0.6211667090131623,0.5628840219308655,"{'n_estimators': 416, 'max_depth': 47, 'min_samples_split': 4, 'min_samples_leaf': 1, 'max_features': 'sqrt', 'bootstrap': False, 'n_bins': 128}",-0.37346340055181493,0.6050823841460584,0.9254377793246991,0.17848333502902436,0.05364735356123045,0.9784509131552482,0.9505730559323763,0.23161898359424352,0.9796735403375805,0.36612469160387817,0.7853208240178122,0.7542580748730249
regressor,2d,rf,4005,time,1,42,0.4174394006020038,0.5265635928891824,0.6811824451726962,0.8973386173890092,1.1409968866748001,-0.04666811897412759,0.2009388430266005,0.18138125377173794,"{'n_estimators': 274, 'max_depth': 41, 'min_samples_split': 4, 'min_samples_leaf': 1, 'max_features': 'sqrt', 'bootstrap': False, 'n_bins': 128}",-0.27363198553909185,0.5265635928891824,1.3018738954015865,0.19804849152391893,0.06397439799670038,0.9733703046638251,0.9380063677197831,0.25293160735009057,0.974711012148944,0.2772692173563647,0.8467619211725392,0.8479986659505901
regressor,2d,rf,4005,butina,5,42,0.4908457976055924,0.6083242820377474,0.7120260623202157,0.6947060618239437,0.8561405674255693,0.2677583283706416,0.571976903911412,0.4606822944874847,"{'n_estimators': 293, 'max_depth': 46, 'min_samples_split': 2, 'min_samples_leaf': 1, 'max_features': 'sqrt', 'bootstrap': False, 'n_bins': 128}",-0.42454655293004495,0.6083242820377474,0.7329766711917759,0.1390065297097551,0.03377425371598404,0.9875077605797964,0.9724962143133749,0.18377772910770238,0.9879051993137966,0.3700584321167408,0.8440425762669037,0.8085255087594433
regressor,2d,rf,4005,butina,3,42,0.438892744975408,0.591319680982113,0.7405008758057475,0.7013293834670261,0.9020126703482845,0.21796736947722084,0.5260853043714446,0.5347949811824723,"{'n_estimators': 109, 'max_depth': 50, 'min_samples_split': 3, 'min_samples_leaf': 1, 'max_features': 'sqrt', 'bootstrap': False, 'n_bins': 256}",-0.39156573491729807,0.591319680982113,0.813626857468843,0.15315995809729283,0.03990163896846497,0.9850764302762538,0.9670486116101756,0.1997539460648149,0.9852638391074209,0.34965896511678785,0.8673051662558418,0.8571120719993572
regressor,2d,rf,4005,butina,2,42,0.4400954973361844,0.5670500487797868,0.7045934967314592,0.6444026993310845,0.8033536564105894,0.3089080536229012,0.5708226536861993,0.4911072323457431,"{'n_estimators': 274, 'max_depth': 50, 'min_samples_split': 9, 'min_samples_leaf': 1, 'max_features': 'sqrt', 'bootstrap': False, 'n_bins': 64}",-0.27576060789869383,0.5670500487797868,0.6453770972682634,0.23113287702499002,0.08484953836881978,0.9700572826919325,0.9314509547398319,0.291289440881093,0.9706493629483302,0.3215457578211586,0.8443727254760439,0.8322231828922273
regressor,2d,rf,4005,butina,4,42,0.4528461808747582,0.6209383274337691,0.6807418878889597,0.6001254962200961,0.7407754665028817,0.10421569842793155,0.4894581063382728,0.48899945447637555,"{'n_estimators': 199, 'max_depth': 50, 'min_samples_split': 2, 'min_samples_leaf': 1, 'max_features': 'sqrt', 'bootstrap': False, 'n_bins': 256}",-0.43169019959954164,0.6209383274337691,0.548748291772562,0.14375897952242608,0.0358148538887601,0.9873988484778462,0.9722327194204522,0.18924812783422745,0.9873992870463777,0.3855644064762466,0.8288322319351776,0.8446646055490366
regressor,2d,rf,4005,butina,1,42,0.48124901172176565,0.6331105162561266,0.5145378425059877,1.214813660387833,1.427970480741881,-0.16800594540236014,0.37139845370131974,0.3962148312917427,"{'n_estimators': 198, 'max_depth': 50, 'min_samples_split': 4, 'min_samples_leaf': 1, 'max_features': 'sqrt', 'bootstrap': False, 'n_bins': 128}",-0.42334484429478847,0.6331105162561266,2.039099693870199,0.16250063412103427,0.04400163713339172,0.979776958379126,0.9535158614354823,0.20976567196133813,0.9812299654330873,0.4008289257940991,0.7203264890347881,0.711112578360174
regressor,2d,rf,4005,diverse_25,5,42,0.9259753497762913,1.073456922237125,0.21634934829348806,0.7917593102647213,0.9719225968578187,0.20807168137367138,0.4655315681017904,0.38890622385971446,"{'n_estimators': 135, 'max_depth': 50, 'min_samples_split': 5, 'min_samples_leaf': 3, 'max_features': 'sqrt', 'bootstrap': False, 'n_bins': 256, 'use_gpu': False}",-0.48668505073723234,1.073456922237125,0.944633534282846,0.4703522564409826,0.34430122918348666,0.9014554907424203,0.6710847999225955,0.5867718714998927,0.905995840020632,1.1523097638988014,0.5145314312649278,0.49538461538461537
regressor,2d,rf,4005,diverse_25,3,42,0.879938078131089,1.0912155011271518,0.05976775766237419,0.7137791538434319,0.8853748509139373,0.1364626877039249,0.4432002138938432,0.40352856643038604,"{'n_estimators': 180, 'max_depth': 7, 'min_samples_split': 5, 'min_samples_leaf': 2, 'max_features': 'sqrt', 'bootstrap': True, 'n_bins': 128, 'use_gpu': False}",-0.2992438193638888,1.0912155011271518,0.7838886266308768,0.6752070678996728,0.6272191447149312,0.7952096488311085,0.4505348395657448,0.791971681763263,0.8342146112822749,1.190751269900181,0.2562762514746652,0.033474415713684015
regressor,2d,rf,4005,diverse_25,2,42,0.6758725566834285,0.8234588798468511,0.36194585565583914,0.7154666284379946,0.9457162672917895,0.1941849739655186,0.4867109137809695,0.49894987068218577,"{'n_estimators': 167, 'max_depth': 50, 'min_samples_split': 4, 'min_samples_leaf': 2, 'max_features': 'sqrt', 'bootstrap': True, 'n_bins': 64, 'use_gpu': False}",-0.20034951363702047,0.8234588798468511,0.8943792582203155,0.5093387391023336,0.3882652822584167,0.9062322662962596,0.6496696113583558,0.6231093662098306,0.9123752590941134,0.6780845267986306,0.6272750357142136,0.6231967801373905
regressor,2d,rf,4005,diverse_25,4,42,0.5605646111565452,0.6822639906813968,0.4240337459766361,0.761044385622457,0.9256746278911615,0.3648607900166424,0.6742903305330532,0.6503768429557291,"{'n_estimators': 65, 'max_depth': 50, 'min_samples_split': 12, 'min_samples_leaf': 1, 'max_features': 'sqrt', 'bootstrap': False, 'n_bins': 128, 'use_gpu': False}",-0.3538835357803197,0.6822639906813968,0.8568735167214403,0.2570140916700101,0.10783372316103827,0.976048957008969,0.898783075178637,0.32838045490107703,0.9740180732047353,0.46548415298050505,0.6943894063296403,0.7300000000000001
regressor,2d,rf,4005,diverse_25,1,42,0.729439070569933,0.9915405547670821,0.333920010302155,0.7395568681142829,0.8800140831089895,0.17260456875273678,0.42907365908845774,0.30737842673793425,"{'n_estimators': 335, 'max_depth': 34, 'min_samples_split': 12, 'min_samples_leaf': 2, 'max_features': 'sqrt', 'bootstrap': False, 'n_bins': 128, 'use_gpu': False}",-0.4792826217748267,0.9915405547670821,0.7744247864701556,0.41818392189956416,0.262408189913498,0.9329551822755042,0.7630735539300204,0.5122579329922554,0.940985797368594,0.9831526717478131,0.6470637235931302,0.7476923076923078
regressor,2d,mlp,279,scaffold,5,42,0.5132613182067871,0.6634347529091653,0.6150346398353577,0.6354133486747742,0.8176676300674011,0.40521055459976196,0.6611449122428894,0.6496320486755335,"{'hidden_dims': [1024], 'dropout': 0.39903900958911925, 'use_layer_norm': True, 'activation': 'gelu', 'optimizer': 'adamw', 'lr': 5.486555103377168e-05, 'weight_decay': 0.0002961583491768638, 'batch_size': 64, 'use_scheduler': True, 'loss_strategy': 'mse'}",-0.47773676700498224,,0.6685803532600403,0.13306815922260284,0.03448374196887016,0.9869990944862366,0.972262442111969,0.18569798590418304,0.9863892081414507,0.44014567136764526,0.786007821559906,0.7946877331998448
regressor,2d,mlp,279,scaffold,3,42,0.5134167075157166,0.6535130830796281,0.6730005741119385,0.5587265491485596,0.6969018409247079,0.5379847288131714,0.7504034638404846,0.7299647386818264,"{'hidden_dims': [512], 'dropout': 0.4598367685289918, 'use_layer_norm': True, 'activation': 'gelu', 'optimizer': 'adam', 'lr': 3.0996910488760774e-05, 'weight_decay': 0.0002471831051262889, 'batch_size': 32, 'use_scheduler': True, 'loss_strategy': 'mae'}",-0.37196697737718476,,0.4856721758842468,0.1925489604473114,0.0792682096362114,0.9692888855934143,0.9365839958190918,0.2815461057024433,0.9704595356300406,0.42707934975624084,0.8229295611381531,0.8342002052214752
regressor,2d,mlp,279,scaffold,2,42,0.48346251249313354,0.6391962680858697,0.7071075439453125,0.6583171486854553,0.82741818764079,0.39487379789352417,0.6398793458938599,0.650995355285478,"{'hidden_dims': [1024], 'dropout': 0.2866004013543153, 'use_layer_norm': True, 'activation': 'leaky_relu', 'optimizer': 'adam', 'lr': 0.00010614070857089147, 'weight_decay': 5.810289440596022e-06, 'batch_size': 256, 'use_scheduler': False, 'loss_strategy': 'smooth_l1'}",-0.48140272893129543,,0.6846208572387695,0.11098512262105942,0.024898800998926163,0.9901973009109497,0.9795519113540649,0.15779353915457428,0.9897799021356891,0.40857186913490295,0.8436667919158936,0.83104566808122
regressor,2d,mlp,279,scaffold,4,42,0.5173451900482178,0.672074421407505,0.6199469566345215,0.6585286259651184,0.8110438282667768,0.5219975709915161,0.735122561454773,0.7305347253627404,"{'hidden_dims': [1024], 'dropout': 0.22550956057345306, 'use_layer_norm': True, 'activation': 'leaky_relu', 'optimizer': 'adamw', 'lr': 4.13786016285659e-05, 'weight_decay': 3.284338325017561e-05, 'batch_size': 256, 'use_scheduler': True, 'loss_strategy': 'mae'}",-0.44202581654531287,,0.6577920913696289,0.1377507746219635,0.052922360599040985,0.9776706099510193,0.9548279047012329,0.23004860486219209,0.9790988227413545,0.45168402791023254,0.7905132174491882,0.7913264161305834
regressor,2d,mlp,279,scaffold,1,42,0.47131094336509705,0.6153424364889314,0.6628708839416504,0.7311020493507385,0.936622590513349,0.32714951038360596,0.6229113340377808,0.6268509152214058,"{'hidden_dims': [512, 1024, 64, 1024], 'dropout': 0.20523897144828407, 'use_layer_norm': True, 'activation': 'leaky_relu', 'optimizer': 'adamw', 'lr': 0.0017702633652748028, 'weight_decay': 6.599026453153089e-06, 'batch_size': 32, 'use_scheduler': False, 'loss_strategy': 'huber', 'huber_delta': 1.9661791270242979}",-0.45998141760672895,,0.8772618770599365,0.11673403531312943,0.024137046188116074,0.9901363849639893,0.9794806241989136,0.15536101888220247,0.9905407695099736,0.3786463141441345,0.8159050941467285,0.8007725857547351
regressor,2d,mlp,279,random,5,42,0.5228999257087708,0.6898466073448994,0.6317191123962402,0.47885608673095703,0.6275756692286258,0.6421053409576416,0.8038392663002014,0.7903178291360138,"{'hidden_dims': [768], 'dropout': 0.29904998817609, 'use_layer_norm': True, 'activation': 'silu', 'optimizer': 'adam', 'lr': 1.0949992582578727e-05, 'weight_decay': 5.2560132119560645e-05, 'batch_size': 32, 'use_scheduler': True, 'loss_strategy': 'mae'}",-0.4237739399712477,,0.39385122060775757,0.1618673950433731,0.07079466432332993,0.9721553325653076,0.9427174925804138,0.26607266737365176,0.9732125472482313,0.47588834166526794,0.7949140071868896,0.7853676728388812
regressor,2d,mlp,279,random,3,42,0.4535138010978699,0.622325323944504,0.6997199058532715,0.5083091855049133,0.6750765086012177,0.5938898324966431,0.7805238962173462,0.7768175878015761,"{'hidden_dims': [1024, 768], 'dropout': 0.32304639391457984, 'use_layer_norm': True, 'activation': 'silu', 'optimizer': 'adamw', 'lr': 0.0014432564419099574, 'weight_decay': 4.703563597495019e-06, 'batch_size': 32, 'use_scheduler': False, 'loss_strategy': 'mae'}",-0.26781619665092166,,0.45572829246520996,0.2501174509525299,0.1256767213344574,0.9476968050003052,0.8979711532592773,0.35450912729358236,0.9476783225669624,0.38728880882263184,0.8403253555297852,0.8288111344269377
regressor,2d,mlp,279,random,2,42,0.5493320822715759,0.735002655296979,0.5479527711868286,0.5263947248458862,0.7222696455848242,0.5841943621635437,0.7653325796127319,0.7627749883779837,"{'hidden_dims': [768, 64, 128], 'dropout': 0.4358063328398108, 'use_layer_norm': True, 'activation': 'gelu', 'optimizer': 'sgd', 'lr': 0.004958845823562196, 'weight_decay': 3.999519930968752e-05, 'batch_size': 32, 'use_scheduler': True, 'loss_strategy': 'smooth_l1'}",-0.4609534987542898,,0.5216734409332275,0.21071159839630127,0.07510294020175934,0.9716312289237976,0.9376019239425659,0.27404915654268913,0.973624043552682,0.5402289032936096,0.741904616355896,0.7384077985558317
regressor,2d,mlp,279,random,4,42,0.46998220682144165,0.6155523053929626,0.6779597997665405,0.546559751033783,0.7300986101880004,0.5954599380493164,0.7742664217948914,0.7645559806208957,"{'hidden_dims': [512, 128, 256, 768], 'dropout': 0.033652167846904446, 'use_layer_norm': False, 'activation': 'relu', 'optimizer': 'sgd', 'lr': 0.0007140642552710736, 'weight_decay': 0.00123781064626743, 'batch_size': 128, 'use_scheduler': False, 'loss_strategy': 'mae'}",-0.3738852092991907,,0.5330439805984497,0.14390310645103455,0.05840298533439636,0.9762446880340576,0.9507346153259277,0.24166709609377185,0.9763183253949588,0.37890464067459106,0.8239444494247437,0.8334152132252646
regressor,2d,mlp,279,random,1,42,0.46268463134765625,0.6058480582050367,0.6608532667160034,0.5131964683532715,0.6907351410324133,0.622728705406189,0.7896422743797302,0.7854369686364193,"{'hidden_dims': [256], 'dropout': 0.16798966219362324, 'use_layer_norm': True, 'activation': 'relu', 'optimizer': 'adamw', 'lr': 0.00011645433548237814, 'weight_decay': 0.0072403096393176165, 'batch_size': 64, 'use_scheduler': True, 'loss_strategy': 'mae'}",-0.4201253988901207,,0.47711503505706787,0.1266624480485916,0.03449290618300438,0.9862313866615295,0.9716305732727051,0.18572265931491608,0.9878904807361104,0.3670518696308136,0.8154961466789246,0.8081066481479444
regressor,2d,mlp,279,umap,5,42,0.5073613524436951,0.6541862963709751,0.6014302968978882,0.8061779737472534,1.0128219069220887,0.017556965351104736,0.3144962787628174,0.2656090389972748,"{'hidden_dims': [512, 256, 1024], 'dropout': 0.020214143725862943, 'use_layer_norm': True, 'activation': 'silu', 'optimizer': 'adamw', 'lr': 0.007132099673649259, 'weight_decay': 1.5483495779431967e-05, 'batch_size': 64, 'use_scheduler': True, 'loss_strategy': 'smooth_l1'}",-0.34324746266749245,,1.0258082151412964,0.23743927478790283,0.09668295830488205,0.9704530239105225,0.9189322590827942,0.3109388337034827,0.9696347183239208,0.42795971035957336,0.780139148235321,0.7583924001205157
regressor,2d,mlp,279,umap,3,42,0.45623236894607544,0.6737843153712957,0.5919955968856812,0.9498025178909302,1.1796687042557912,-0.301784873008728,0.08500457555055618,0.04564155184289165,"{'hidden_dims': [256, 768, 1024, 768], 'dropout': 0.20888556589416674, 'use_layer_norm': True, 'activation': 'gelu', 'optimizer': 'adamw', 'lr': 0.0011198171975268921, 'weight_decay': 2.4523340596511517e-05, 'batch_size': 32, 'use_scheduler': False, 'loss_strategy': 'huber', 'huber_delta': 1.311139699505995}",-0.5542853701559552,,1.391618251800537,0.09626094251871109,0.014279997907578945,0.9966377019882202,0.9884194135665894,0.11949894521534048,0.9969018828275151,0.4539853036403656,0.772991955280304,0.743044282876307
regressor,2d,mlp,279,umap,2,42,0.49060767889022827,0.6506206804364816,0.6518628597259521,0.9354372620582581,1.1360983712358521,-0.3288954496383667,0.4006013870239258,0.35581193354168683,"{'hidden_dims': [256], 'dropout': 0.07212206939505802, 'use_layer_norm': True, 'activation': 'relu', 'optimizer': 'adamw', 'lr': 0.0001271863287078546, 'weight_decay': 0.0005164666355396255, 'batch_size': 256, 'use_scheduler': False, 'loss_strategy': 'mae'}",-0.3244621000416056,,1.2907195091247559,0.20761926472187042,0.1063794195652008,0.9589229226112366,0.9124643802642822,0.326158580394876,0.9691332645837446,0.42330726981163025,0.8077297210693359,0.8126852988986605
regressor,2d,mlp,279,umap,4,42,0.47728171944618225,0.6262653178780111,0.6871566772460938,1.190945029258728,1.4828150533125573,-0.8545060157775879,0.00561246182769537,0.003206726603147341,"{'hidden_dims': [128, 512, 768], 'dropout': 0.14332835913143716, 'use_layer_norm': True, 'activation': 'relu', 'optimizer': 'adamw', 'lr': 0.00023192717120088264, 'weight_decay': 6.639082559199999e-05, 'batch_size': 32, 'use_scheduler': False, 'loss_strategy': 'mae'}",-0.39090265977739,,2.1987404823303223,0.16721279919147491,0.05539558082818985,0.9773643016815186,0.9533431529998779,0.23536265810062107,0.9773570594147917,0.3922082483768463,0.8301423192024231,0.8296277470852927
regressor,2d,mlp,279,umap,1,42,0.44118306040763855,0.6042434106514057,0.7315461039543152,0.8880639672279358,1.1145171683569155,-0.0728909969329834,0.22460202872753143,0.23192309403025615,"{'hidden_dims': [768], 'dropout': 0.1773788117504945, 'use_layer_norm': True, 'activation': 'relu', 'optimizer': 'adam', 'lr': 0.0012711074094318695, 'weight_decay': 6.724596006072916e-05, 'batch_size': 32, 'use_scheduler': True, 'loss_strategy': 'mae'}",-0.4478611502774497,,1.242148518562317,0.11300887167453766,0.024455411359667778,0.9909807443618774,0.9798229932785034,0.15638226037395603,0.9911650817086026,0.3651100993156433,0.8583362102508545,0.8449389818310682
regressor,2d,mlp,279,time,5,42,0.44451895356178284,0.5577564499848431,0.6932944059371948,0.9624707102775574,1.2237075332271314,-0.5378404855728149,0.05750985071063042,0.05221289607464652,"{'hidden_dims': [512, 512], 'dropout': 0.47744381297333854, 'use_layer_norm': False, 'activation': 'leaky_relu', 'optimizer': 'sgd', 'lr': 0.002939882492894241, 'weight_decay': 0.0002290487476137694, 'batch_size': 128, 'use_scheduler': False, 'loss_strategy': 'mae'}",-0.2124687947418487,,1.497460126876831,0.2320755571126938,0.11922356486320496,0.953161358833313,0.904367983341217,0.3452876552429944,0.9556700380928596,0.3110922574996948,0.8336945176124573,0.8097218165612929
regressor,2d,mlp,279,time,3,42,0.482644259929657,0.6124463077289054,0.7312484979629517,1.0107877254486084,1.2825554500735739,-0.22904610633850098,0.16697730123996735,0.1849467162378176,"{'hidden_dims': [256, 256, 256], 'dropout': 0.3269393413452977, 'use_layer_norm': True, 'activation': 'gelu', 'optimizer': 'adam', 'lr': 0.0020170958382791, 'weight_decay': 0.0002336623052390714, 'batch_size': 32, 'use_scheduler': False, 'loss_strategy': 'huber', 'huber_delta': 0.8307477892931459}",-0.3126542574565448,,1.6449484825134277,0.23815320432186127,0.08987527340650558,0.9671780467033386,0.9118438363075256,0.2997920502723606,0.9642198871674821,0.37509047985076904,0.8575460314750671,0.853653601266009
regressor,2d,mlp,279,time,2,42,0.3686438798904419,0.5006061694238639,0.7925675511360168,0.987116813659668,1.255998191458621,-0.18352913856506348,0.1398264467716217,0.14161363859621123,"{'hidden_dims': [512], 'dropout': 0.20330293229905932, 'use_layer_norm': True, 'activation': 'leaky_relu', 'optimizer': 'adam', 'lr': 5.59569998018473e-05, 'weight_decay': 0.0019119348191482233, 'batch_size': 32, 'use_scheduler': True, 'loss_strategy': 'smooth_l1'}",-0.32757315920803953,,1.5775314569473267,0.12820471823215485,0.029940422624349594,0.9857348799705505,0.9701003432273865,0.1730330102158244,0.9855482590533254,0.2506065368652344,0.8941430449485779,0.8884229416853041
regressor,2d,mlp,279,time,4,42,0.42336130142211914,0.5460961654238567,0.7319256663322449,0.9796677231788635,1.2570416001391067,-0.2840452194213867,0.07174726575613022,0.11387914665689534,"{'hidden_dims': [1024], 'dropout': 0.18418327459794281, 'use_layer_norm': True, 'activation': 'leaky_relu', 'optimizer': 'adamw', 'lr': 0.0002696313698771499, 'weight_decay': 0.0007928881068358793, 'batch_size': 64, 'use_scheduler': False, 'loss_strategy': 'huber', 'huber_delta': 1.6836696269615001}",-0.3968198882456606,,1.5801535844802856,0.11720692366361618,0.022283406928181648,0.9913134574890137,0.9810288548469543,0.14927627717819617,0.9915608301025647,0.29822102189064026,0.860101580619812,0.8377600900860174
regressor,2d,mlp,279,time,1,42,0.3528556227684021,0.47550587695006813,0.6125432848930359,1.0601545572280884,1.3395077030947173,-0.3140784502029419,0.08456229418516159,0.0910487409337764,"{'hidden_dims': [768], 'dropout': 0.09316569699851979, 'use_layer_norm': True, 'activation': 'relu', 'optimizer': 'adam', 'lr': 0.00011510493147991813, 'weight_decay': 0.001985015810934824, 'batch_size': 32, 'use_scheduler': True, 'loss_strategy': 'huber', 'huber_delta': 1.6158849842852732}",-0.34912168305851327,,1.7942808866500854,0.09652039408683777,0.015972964465618134,0.9922373294830322,0.9808135032653809,0.12638419389155486,0.9927446484836926,0.22610583901405334,0.7833291888237,0.7615558142206054
regressor,2d,mlp,279,butina,5,42,0.5481074452400208,0.7191326532538497,0.5819029211997986,0.7982390522956848,0.9975612227694187,0.20726364850997925,0.5116886496543884,0.47120192990479765,"{'hidden_dims': [512], 'dropout': 0.04165444042193947, 'use_layer_norm': True, 'activation': 'relu', 'optimizer': 'adam', 'lr': 5.9639717983578586e-05, 'weight_decay': 5.365570984640136e-06, 'batch_size': 64, 'use_scheduler': False, 'loss_strategy': 'mse'}",-0.5192868394953897,,0.9951283931732178,0.1339476853609085,0.03993834927678108,0.9838458895683289,0.9665343165397644,0.19984581375846,0.9847144843726011,0.5171517729759216,0.7634012699127197,0.7612509304632374
regressor,2d,mlp,279,butina,3,42,0.4778529703617096,0.6387271682182264,0.6825125217437744,0.8215948939323425,1.0678256024725374,-0.14629018306732178,0.3566429018974304,0.2791333913058602,"{'hidden_dims': [1024, 768, 128], 'dropout': 0.12910640937543771, 'use_layer_norm': False, 'activation': 'relu', 'optimizer': 'sgd', 'lr': 0.00585315406056827, 'weight_decay': 0.0026388262257400013, 'batch_size': 32, 'use_scheduler': False, 'loss_strategy': 'smooth_l1'}",-0.2735344920756723,,1.1402515172958374,0.2705705165863037,0.1333656907081604,0.9475385546684265,0.8944816589355469,0.3651926761425541,0.9475737487088512,0.40797239542007446,0.8263073563575745,0.8242900634666649
regressor,2d,mlp,279,butina,2,42,0.499695748090744,0.6721724361929077,0.6228748559951782,0.8569032549858093,1.1523205770975122,0.1634318232536316,0.5054004788398743,0.3999347035379071,"{'hidden_dims': [768], 'dropout': 0.3052264595566753, 'use_layer_norm': True, 'activation': 'leaky_relu', 'optimizer': 'sgd', 'lr': 0.0026946874545428156, 'weight_decay': 0.00030510455726765617, 'batch_size': 64, 'use_scheduler': True, 'loss_strategy': 'mse'}",-0.4337039409299389,,1.3278427124023438,0.17310474812984467,0.05686722323298454,0.975363552570343,0.9488425254821777,0.23846849526296873,0.9746771835501217,0.45181578397750854,0.7914029955863953,0.7952845464269304
regressor,2d,mlp,279,butina,4,42,0.46826937794685364,0.6288155673973767,0.6776715517044067,0.7002710700035095,0.8896622724744956,0.1505885124206543,0.49193790555000305,0.46486955542505454,"{'hidden_dims': [1024], 'dropout': 0.04601719759185551, 'use_layer_norm': True, 'activation': 'silu', 'optimizer': 'adamw', 'lr': 0.00048033355612706486, 'weight_decay': 0.0001584240678818438, 'batch_size': 64, 'use_scheduler': False, 'loss_strategy': 'mae'}",-0.40465770929738343,,0.7914989590644836,0.15737707912921906,0.050246745347976685,0.9813911318778992,0.9610839486122131,0.2241578580999932,0.9815990176452799,0.3954090178012848,0.8288565874099731,0.8255966682137018
regressor,2d,mlp,279,butina,1,42,0.43713346123695374,0.5778536288538363,0.7391791343688965,0.9613954424858093,1.1431672492961304,-0.051133155822753906,0.3001686632633209,0.31719469159983904,"{'hidden_dims': [1024], 'dropout': 0.031046707487291825, 'use_layer_norm': True, 'activation': 'gelu', 'optimizer': 'adamw', 'lr': 5.8909957658238444e-05, 'weight_decay': 1.0867709650780081e-05, 'batch_size': 128, 'use_scheduler': True, 'loss_strategy': 'mae'}",-0.45472371003188217,,1.3068313598632812,0.07867728173732758,0.01516097690910101,0.9938346147537231,0.9872710704803467,0.1231299188219541,0.9930432051402124,0.3339148163795471,0.860434353351593,0.8652853229213637
regressor,2d,mlp,279,diverse_25,5,42,0.7746878266334534,0.9281209361183257,0.15160763263702393,0.8508007526397705,1.03813187075,0.22486990690231323,0.48728883266448975,0.5003857182894731,"{'hidden_dims': [128, 1024], 'dropout': 0.24405847365918248, 'use_layer_norm': True, 'activation': 'gelu', 'optimizer': 'adamw', 'lr': 0.003612283072047458, 'weight_decay': 6.601180254722251e-05, 'batch_size': 32, 'use_scheduler': True, 'loss_strategy': 'mae'}",-0.26921689128298754,,1.0777177810668945,0.49946463108062744,0.43415454030036926,0.7942158579826355,0.6303524971008301,0.6589040448353382,0.8049035208571617,0.8614084720611572,0.41158756613731384,0.40985701855096157
regressor,2d,mlp,279,diverse_25,3,42,0.8147343397140503,0.9859263895560441,0.25159913301467896,0.7316676378250122,0.8839695867295189,0.19253605604171753,0.46310603618621826,0.45497900989377094,"{'hidden_dims': [768], 'dropout': 0.2653488626571685, 'use_layer_norm': True, 'activation': 'relu', 'optimizer': 'adam', 'lr': 0.00015041893699939247, 'weight_decay': 0.00015796622496325673, 'batch_size': 128, 'use_scheduler': True, 'loss_strategy': 'smooth_l1'}",-0.6045683394966238,,0.7814022302627563,0.2688806354999542,0.1454339623451233,0.9545584917068481,0.8821702003479004,0.38135805005942025,0.9674799874033427,0.9720508456230164,0.5055891871452332,0.4785570664482802
regressor,2d,mlp,279,diverse_25,2,42,0.7518822550773621,0.9305319597248154,0.16902130842208862,0.7772016525268555,0.9516956994048016,0.08277022838592529,0.42950448393821716,0.3722964763825377,"{'hidden_dims': [64, 256, 512, 1024], 'dropout': 0.49601210994923395, 'use_layer_norm': False, 'activation': 'gelu', 'optimizer': 'adamw', 'lr': 0.004651494556482666, 'weight_decay': 4.709551792759222e-06, 'batch_size': 32, 'use_scheduler': True, 'loss_strategy': 'smooth_l1'}",-0.04968892632898725,,0.9057247042655945,0.699242115020752,0.7758844494819641,0.7341001033782959,0.39585328102111816,0.8808430333958281,0.80623998869192,0.8658897280693054,0.42214128375053406,0.44869860222163616
regressor,2d,mlp,279,diverse_25,4,42,0.8072850704193115,1.0103059426167738,0.19090449810028076,0.859566330909729,1.0730800072242037,0.10716015100479126,0.4366818964481354,0.4179206894200369,"{'hidden_dims': [1024, 64, 768], 'dropout': 0.07299402479759726, 'use_layer_norm': True, 'activation': 'silu', 'optimizer': 'adamw', 'lr': 0.009873987941193332, 'weight_decay': 0.004661400648616645, 'batch_size': 64, 'use_scheduler': True, 'loss_strategy': 'mae'}",-0.6150213481876046,,1.1515007019042969,0.33088386058807373,0.15624991059303284,0.9633549451828003,0.8621622323989868,0.39528459442916924,0.9683390130728989,1.0207180976867676,0.4527931213378906,0.47538731709871673
regressor,2d,mlp,279,diverse_25,1,42,0.7202718257904053,0.8844348887192774,0.2337748408317566,0.9188356995582581,1.1284285858064194,0.013228774070739746,0.258918434381485,0.2600188338465141,"{'hidden_dims': [1024, 64, 512], 'dropout': 0.20002178855781072, 'use_layer_norm': False, 'activation': 'relu', 'optimizer': 'sgd', 'lr': 0.00024735030346771333, 'weight_decay': 0.0002724401859847606, 'batch_size': 64, 'use_scheduler': False, 'loss_strategy': 'smooth_l1'}",-0.08177592018213975,,1.2733510732650757,0.6529471278190613,0.6442614197731018,0.7329472303390503,0.46348243951797485,0.8026589685371377,0.7486338256566716,0.7822250723838806,0.48981258273124695,0.47768456221235517
regressor,2d,mlp,1865,scaffold,5,42,0.45036953687667847,0.5820715205450945,0.6605682373046875,0.5615922212600708,0.7178230112823273,0.4433007836341858,0.6727293729782104,0.6919017444898364,"{'hidden_dims': [1024, 512], 'dropout': 0.3126135132008627, 'use_layer_norm': False, 'activation': 'leaky_relu', 'optimizer': 'sgd', 'lr': 0.0011358723468194044, 'weight_decay': 1.3577859982855665e-05, 'batch_size': 32, 'use_scheduler': True, 'loss_strategy': 'mse'}",-0.27686838456404733,,0.5152698755264282,0.228001207113266,0.09314895421266556,0.9529846906661987,0.905035674571991,0.30520313598104715,0.9532267654323416,0.33880725502967834,0.8153736591339111,0.8055247177510901
regressor,2d,mlp,1865,scaffold,3,42,0.41825416684150696,0.5308563513034604,0.6998898386955261,0.6203713417053223,0.8624179372586134,0.21928858757019043,0.5522448420524597,0.5471268287957124,"{'hidden_dims': [1024, 512], 'dropout': 0.36946432693355924, 'use_layer_norm': True, 'activation': 'gelu', 'optimizer': 'adamw', 'lr': 0.0013693774620555622, 'weight_decay': 0.00014253573355673912, 'batch_size': 32, 'use_scheduler': False, 'loss_strategy': 'mae'}",-0.1850331811662116,,0.7437646985054016,0.25956234335899353,0.11959366500377655,0.9446723461151123,0.8780279159545898,0.34582317013724884,0.9443988685267661,0.281808465719223,0.8401477932929993,0.8313687718289169
regressor,2d,mlp,1865,scaffold,2,42,0.463778018951416,0.6271534062096363,0.5657349824905396,0.644435703754425,0.8398592570447916,0.2614821791648865,0.5214444994926453,0.4947406625236389,"{'hidden_dims': [1024], 'dropout': 0.0689155573093579, 'use_layer_norm': True, 'activation': 'silu', 'optimizer': 'adam', 'lr': 2.3986887138430957e-05, 'weight_decay': 0.0003496014680234579, 'batch_size': 256, 'use_scheduler': True, 'loss_strategy': 'mae'}",-0.40265356460724355,,0.7053635716438293,0.11549743264913559,0.050400178879499435,0.9742917418479919,0.9486807584762573,0.22449984160239275,0.9755211531025092,0.3933213949203491,0.753909170627594,0.744088596768573
regressor,2d,mlp,1865,scaffold,4,42,0.397106409072876,0.5130070201995757,0.7463027238845825,0.547767162322998,0.7590718374545695,0.44788533449172974,0.6864745616912842,0.6894522021415771,"{'hidden_dims': [256, 512], 'dropout': 0.19081530997010382, 'use_layer_norm': True, 'activation': 'relu', 'optimizer': 'adam', 'lr': 0.0005381846026016507, 'weight_decay': 4.9125878095706215e-05, 'batch_size': 64, 'use_scheduler': True, 'loss_strategy': 'mae'}",-0.3756139280119337,,0.5761900544166565,0.1024671122431755,0.01887686178088188,0.9908848404884338,0.9800004959106445,0.13739309218764195,0.990603688070448,0.26317620277404785,0.865421712398529,0.8727211388703419
regressor,2d,mlp,1865,scaffold,1,42,0.4508357048034668,0.5723467303924067,0.6719803214073181,0.6199840307235718,0.7935450296755517,0.32280123233795166,0.6201280355453491,0.6480240070848089,"{'hidden_dims': [64], 'dropout': 0.4364537585423134, 'use_layer_norm': True, 'activation': 'leaky_relu', 'optimizer': 'adam', 'lr': 0.007054432522028765, 'weight_decay': 3.613349236602512e-06, 'batch_size': 32, 'use_scheduler': True, 'loss_strategy': 'mae'}",-0.13721782516593306,,0.6297137141227722,0.3304910659790039,0.18933716416358948,0.915312647819519,0.8043180704116821,0.43512890522647363,0.9082211435433677,0.3275807797908783,0.8384684324264526,0.8406467539229342
regressor,2d,mlp,1865,random,5,42,0.42747682332992554,0.5514893005038733,0.6506219506263733,0.5035995841026306,0.7158328025321488,0.4567033648490906,0.6893895268440247,0.7367503822444096,"{'hidden_dims': [256, 1024, 768], 'dropout': 0.4341795860087225, 'use_layer_norm': True, 'activation': 'gelu', 'optimizer': 'adamw', 'lr': 0.0017554552108424667, 'weight_decay': 1.7569118467949555e-06, 'batch_size': 32, 'use_scheduler': True, 'loss_strategy': 'huber', 'huber_delta': 0.7287947074348862}",-0.3926963677520976,,0.5124166011810303,0.10926440358161926,0.02521519549190998,0.9890154600143433,0.9746488332748413,0.15879293275177578,0.9895273962286533,0.30414044857025146,0.8081849217414856,0.8296128604416101
regressor,2d,mlp,1865,random,3,42,0.3878762125968933,0.49183633174884983,0.7536891102790833,0.5040124654769897,0.6647872784273576,0.5634135603904724,0.7597927451133728,0.7453378711924593,"{'hidden_dims': [128, 64, 768, 256], 'dropout': 0.25312797799708003, 'use_layer_norm': True, 'activation': 'silu', 'optimizer': 'adamw', 'lr': 0.0008629110452680848, 'weight_decay': 0.0002492227656390805, 'batch_size': 64, 'use_scheduler': True, 'loss_strategy': 'smooth_l1'}",-0.20087073734778005,,0.44194212555885315,0.20423735678195953,0.08466097712516785,0.9551149010658264,0.9119315147399902,0.2909655944010698,0.9561891388445579,0.24190297722816467,0.8686942458152771,0.8673443851619255
regressor,2d,mlp,1865,random,2,42,0.35949283838272095,0.46223680378969173,0.7440252304077148,0.45900776982307434,0.6329266480526677,0.5677217245101929,0.7676418423652649,0.7527363770526072,"{'hidden_dims': [128, 768, 128, 256], 'dropout': 0.23297133036011408, 'use_layer_norm': True, 'activation': 'gelu', 'optimizer': 'adam', 'lr': 0.0005223976423945358, 'weight_decay': 2.9885705693407718e-05, 'batch_size': 32, 'use_scheduler': True, 'loss_strategy': 'huber', 'huber_delta': 1.171461870809933}",-0.26733850412712173,,0.40059614181518555,0.1347869634628296,0.03798534721136093,0.9808142781257629,0.9619697332382202,0.19489829966257,0.9820925467943107,0.21366286277770996,0.8651944994926453,0.8477780561222286
regressor,2d,mlp,1865,random,4,42,0.5412282943725586,0.6948544354278758,0.6417495608329773,0.4901237189769745,0.6545696999263065,0.5668550729751587,0.781766951084137,0.7910570237953385,"{'hidden_dims': [64, 768, 768], 'dropout': 0.22916717256195063, 'use_layer_norm': True, 'activation': 'leaky_relu', 'optimizer': 'sgd', 'lr': 0.003082251945577083, 'weight_decay': 7.983068358204973e-05, 'batch_size': 128, 'use_scheduler': False, 'loss_strategy': 'mae'}",-0.3645037285542587,,0.428461492061615,0.2504501938819885,0.1091315895318985,0.9549001455307007,0.8825312256813049,0.3303507068736171,0.9610299378973345,0.4828226864337921,0.810189962387085,0.8221535321308633
regressor,2d,mlp,1865,random,1,42,0.37130457162857056,0.5021765838652004,0.6648850440979004,0.49280449748039246,0.6706703386863508,0.544514536857605,0.7427272796630859,0.7451217694302998,"{'hidden_dims': [512, 1024, 64], 'dropout': 0.17736742589830617, 'use_layer_norm': True, 'activation': 'leaky_relu', 'optimizer': 'adamw', 'lr': 0.0009046471342340756, 'weight_decay': 0.00020352861521332033, 'batch_size': 32, 'use_scheduler': False, 'loss_strategy': 'huber', 'huber_delta': 1.3087357788252616}",-0.23981151407266788,,0.44979870319366455,0.19482532143592834,0.06883542984724045,0.9699040055274963,0.9307895302772522,0.2623650697925325,0.970264414528945,0.2521813213825226,0.8178542256355286,0.816389393261258
regressor,2d,mlp,1865,umap,5,42,0.448504239320755,0.6135842613456008,0.552656888961792,0.9485990405082703,1.1958326816003244,-0.5647884607315063,0.36212149262428284,0.35448487136964607,"{'hidden_dims': [256], 'dropout': 0.19485109863244776, 'use_layer_norm': False, 'activation': 'leaky_relu', 'optimizer': 'sgd', 'lr': 0.00951138851266865, 'weight_decay': 0.0023759623762354804, 'batch_size': 128, 'use_scheduler': False, 'loss_strategy': 'huber', 'huber_delta': 1.55875987707118}",-0.19845349467873685,,1.4300158023834229,0.3119392693042755,0.17233355343341827,0.9110667109489441,0.8284904360771179,0.415130766666864,0.9126454602217063,0.3764856457710266,0.7571402192115784,0.7919113855037915
regressor,2d,mlp,1865,umap,3,42,0.36370849609375,0.4877018657300568,0.7567020654678345,0.8389939665794373,1.0339035803887369,0.04675537347793579,0.3497808873653412,0.3137802282736146,"{'hidden_dims': [64], 'dropout': 0.09344697250588581, 'use_layer_norm': True, 'activation': 'silu', 'optimizer': 'adamw', 'lr': 0.0003598303724556427, 'weight_decay': 6.517864771851799e-06, 'batch_size': 64, 'use_scheduler': False, 'loss_strategy': 'huber', 'huber_delta': 0.8984359014308143}",-0.32126036552692505,,1.0689566135406494,0.11075793206691742,0.027702772989869118,0.9866418242454529,0.9699408411979675,0.16644150020313178,0.9879778739374129,0.23785310983657837,0.8723037242889404,0.8681271540007982
regressor,2d,mlp,1865,umap,2,42,0.4028817117214203,0.5359646337107651,0.660082221031189,0.8852325081825256,1.0966720784603574,-0.170304536819458,0.2484111785888672,0.2747734799992872,"{'hidden_dims': [512, 64], 'dropout': 0.1812520306006516, 'use_layer_norm': True, 'activation': 'relu', 'optimizer': 'adamw', 'lr': 0.009907038287547727, 'weight_decay': 4.6355285765417825e-05, 'batch_size': 128, 'use_scheduler': True, 'loss_strategy': 'mae'}",-0.24652264001579527,,1.2026896476745605,0.21088245511054993,0.08377666771411896,0.9553114771842957,0.9119474291801453,0.2894419936949698,0.9584827846743688,0.2872580885887146,0.8144051432609558,0.8041278835123024
regressor,2d,mlp,1865,umap,4,42,0.41900691390037537,0.5687425508116117,0.6855121850967407,0.7815231680870056,0.9580499637830513,-0.2786475419998169,-0.01017359271645546,0.023936056913530408,"{'hidden_dims': [512, 768, 768], 'dropout': 0.07087720614347809, 'use_layer_norm': False, 'activation': 'relu', 'optimizer': 'sgd', 'lr': 0.0042383847061044306, 'weight_decay': 5.847195961873448e-06, 'batch_size': 128, 'use_scheduler': False, 'loss_strategy': 'mae'}",-0.28001717796204034,,0.9178597331047058,0.19293075799942017,0.08336234092712402,0.9578650593757629,0.9173255562782288,0.2887253728495714,0.9592967636166756,0.32346808910369873,0.8303123712539673,0.8157579422929481
regressor,2d,mlp,1865,umap,1,42,0.4514807462692261,0.6004170498216912,0.6573766469955444,0.6006888151168823,0.7816177265677412,0.31137579679489136,0.6094858050346375,0.6615144806377303,"{'hidden_dims': [1024, 768], 'dropout': 0.324828268885615, 'use_layer_norm': False, 'activation': 'leaky_relu', 'optimizer': 'sgd', 'lr': 0.00021323968301088913, 'weight_decay': 1.0043907563497153e-05, 'batch_size': 32, 'use_scheduler': False, 'loss_strategy': 'mse'}",-0.38850532537484866,,0.6109262704849243,0.15233922004699707,0.044906578958034515,0.9782090783119202,0.9542638659477234,0.21191172444684253,0.978433674241214,0.36050063371658325,0.8160322308540344,0.8297686205063898
regressor,2d,mlp,1865,time,5,42,0.3692682981491089,0.5117652231327303,0.73857581615448,0.7322388887405396,0.927811051261904,0.07121330499649048,0.4083244502544403,0.35225495648172445,"{'hidden_dims': [512, 512], 'dropout': 0.47744381297333854, 'use_layer_norm': False, 'activation': 'leaky_relu', 'optimizer': 'sgd', 'lr': 0.002939882492894241, 'weight_decay': 0.0002290487476137694, 'batch_size': 128, 'use_scheduler': False, 'loss_strategy': 'mae'}",-0.20210125412646363,,0.8608333468437195,0.22970642149448395,0.09589177370071411,0.9543142318725586,0.9013935327529907,0.3096639690062667,0.9560625138343899,0.26190364360809326,0.8597621917724609,0.8459884086836719
regressor,2d,mlp,1865,time,3,42,0.5117790699005127,0.6360956431215208,0.6412747502326965,0.9596860408782959,1.1859211213158196,-0.3360849618911743,0.20761826634407043,0.16436944638171622,"{'hidden_dims': [768], 'dropout': 0.233559185066917, 'use_layer_norm': False, 'activation': 'leaky_relu', 'optimizer': 'sgd', 'lr': 0.005728279387858154, 'weight_decay': 0.0005050566051562809, 'batch_size': 32, 'use_scheduler': False, 'loss_strategy': 'huber', 'huber_delta': 1.3153508115506944}",-0.49263969162447674,,1.4064089059829712,0.10756541043519974,0.020579610019922256,0.9882130026817322,0.9749477505683899,0.14345595149704404,0.9877853027604603,0.40461766719818115,0.804390549659729,0.813367046500577
regressor,2d,mlp,1865,time,2,42,0.41537681221961975,0.5831249892468876,0.6199957728385925,0.9158764481544495,1.1036671762291475,-0.1647411584854126,0.2973615527153015,0.2938019574395941,"{'hidden_dims': [512], 'dropout': 0.40456679821392066, 'use_layer_norm': True, 'activation': 'silu', 'optimizer': 'adamw', 'lr': 4.4842630789325296e-05, 'weight_decay': 4.424187348748806e-05, 'batch_size': 32, 'use_scheduler': True, 'loss_strategy': 'huber', 'huber_delta': 1.0486784926290742}",-0.4171618807391719,,1.2180812358856201,0.11346472799777985,0.027543753385543823,0.9856975078582764,0.9676008224487305,0.16596310850771573,0.9879524615674793,0.34003475308418274,0.7890598177909851,0.7948212812913076
regressor,2d,mlp,1865,time,4,42,0.42696577310562134,0.5816111232431123,0.6639300584793091,0.8003283739089966,1.000289755803685,0.04358941316604614,0.36408400535583496,0.33134165034880464,"{'hidden_dims': [768, 1024], 'dropout': 0.2865166936256349, 'use_layer_norm': True, 'activation': 'gelu', 'optimizer': 'sgd', 'lr': 0.0045180882886746675, 'weight_decay': 5.2853907738597624e-05, 'batch_size': 32, 'use_scheduler': True, 'loss_strategy': 'smooth_l1'}",-0.4072863825596744,,1.000579595565796,0.13195070624351501,0.03038911521434784,0.9830164313316345,0.9648925065994263,0.1743247406834378,0.9824054655994068,0.33827149868011475,0.8162931799888611,0.791194798262778
regressor,2d,mlp,1865,time,1,42,0.2622918486595154,0.34858572933146603,0.7291219234466553,0.8857959508895874,1.1212893856960429,-0.20748484134674072,0.29014816880226135,0.3058900833685701,"{'hidden_dims': [64, 512, 128, 1024], 'dropout': 0.0035856523932344397, 'use_layer_norm': False, 'activation': 'relu', 'optimizer': 'adam', 'lr': 0.000501825579158667, 'weight_decay': 0.0023246803425824776, 'batch_size': 64, 'use_scheduler': False, 'loss_strategy': 'mae'}",-0.18026301238537346,,1.2572898864746094,0.12433131039142609,0.028332537040114403,0.9864245653152466,0.9633821845054626,0.16832271694609258,0.9840246103490847,0.12151201069355011,0.8624128103256226,0.8904864378460116
regressor,2d,mlp,1865,butina,5,42,0.41844964027404785,0.5550147689538238,0.6696392297744751,0.7167245745658875,0.9610262263824814,0.18273437023162842,0.5816957950592041,0.6222275150502877,"{'hidden_dims': [1024], 'dropout': 0.2886639468106632, 'use_layer_norm': False, 'activation': 'gelu', 'optimizer': 'adam', 'lr': 0.00025743027326645504, 'weight_decay': 0.005605676133229136, 'batch_size': 32, 'use_scheduler': False, 'loss_strategy': 'mae'}",-0.15869265514416758,,0.9235714077949524,0.2696109414100647,0.15707121789455414,0.9122647643089294,0.8318371772766113,0.39632211380965626,0.9146876604976599,0.30804139375686646,0.8194909691810608,0.8167787722850322
regressor,2d,mlp,1865,butina,3,42,0.38849180936813354,0.4910912187725281,0.680823564529419,0.6076246500015259,0.7906118233528843,0.2128070592880249,0.49691715836524963,0.4700586329970366,"{'hidden_dims': [768, 768, 64, 64], 'dropout': 0.34836604373168545, 'use_layer_norm': True, 'activation': 'gelu', 'optimizer': 'sgd', 'lr': 0.0014860537443818194, 'weight_decay': 6.056758934514612e-06, 'batch_size': 32, 'use_scheduler': False, 'loss_strategy': 'huber', 'huber_delta': 0.7605842222154842}",-0.2487082329052043,,0.6250670552253723,0.1918524205684662,0.05874951183795929,0.9840389490127563,0.9439675211906433,0.2423829858673238,0.9862346986938891,0.24117058515548706,0.8316923975944519,0.7996147068848204
regressor,2d,mlp,1865,butina,2,42,0.45086878538131714,0.5788288213967917,0.7085236310958862,0.68227219581604,0.8530621753518449,0.018963932991027832,0.4488658010959625,0.43365797004101475,"{'hidden_dims': [1024, 512], 'dropout': 0.10816161092647142, 'use_layer_norm': True, 'activation': 'relu', 'optimizer': 'adamw', 'lr': 0.00045231327084336464, 'weight_decay': 0.00023534647814738507, 'batch_size': 32, 'use_scheduler': True, 'loss_strategy': 'mae'}",-0.27547134771938664,,0.7277150750160217,0.22584682703018188,0.0920257568359375,0.9587419629096985,0.9096137881278992,0.30335747367740507,0.9592089782400635,0.335042804479599,0.8446685671806335,0.8566173269481931
regressor,2d,mlp,1865,butina,4,42,0.42560243606567383,0.605736851554616,0.6462836265563965,0.5640272498130798,0.7661861387465229,0.34673887491226196,0.5980647802352905,0.57134676535297,"{'hidden_dims': [1024], 'dropout': 0.0029079274359243568, 'use_layer_norm': True, 'activation': 'relu', 'optimizer': 'adam', 'lr': 0.006311919496691931, 'weight_decay': 0.0019672613524562145, 'batch_size': 64, 'use_scheduler': False, 'loss_strategy': 'mae'}",-0.26442874896770746,,0.5870411992073059,0.2601161599159241,0.11649122089147568,0.9580455422401428,0.8792228698730469,0.3413081025869085,0.9600917857591948,0.36691713333129883,0.8053542375564575,0.8263803481154247
regressor,2d,mlp,1865,butina,1,42,0.46240857243537903,0.6114288588335065,0.554331362247467,0.7505648732185364,0.9827749781882884,0.16888922452926636,0.4468618333339691,0.3828471172730717,"{'hidden_dims': [768], 'dropout': 0.4855955464069309, 'use_layer_norm': True, 'activation': 'leaky_relu', 'optimizer': 'sgd', 'lr': 0.000990615294008018, 'weight_decay': 0.0015807235149534003, 'batch_size': 32, 'use_scheduler': True, 'loss_strategy': 'smooth_l1'}",-0.4192227363371721,,0.9658466577529907,0.14458759129047394,0.03694319352507591,0.9815397262573242,0.95926433801651,0.19220612249633443,0.9814552148997155,0.37384524941444397,0.7474393248558044,0.7149924091448173
regressor,2d,mlp,1865,diverse_25,5,42,0.7985875010490417,0.9265055981511696,0.43534934520721436,0.8124768733978271,1.049580508404108,-0.14235329627990723,0.141432985663414,0.10344125435349615,"{'hidden_dims': [1024, 256, 512], 'dropout': 0.3847729049804373, 'use_layer_norm': True, 'activation': 'gelu', 'optimizer': 'sgd', 'lr': 0.0023628709822995446, 'weight_decay': 0.0005184056112255195, 'batch_size': 32, 'use_scheduler': False, 'loss_strategy': 'mse'}",-0.5209388200762851,,1.1016192436218262,0.32607927918434143,0.1644844114780426,0.9591284990310669,0.8574979901313782,0.4055667780748845,0.964904828777724,0.8584126234054565,0.6818102598190308,0.6738522680364307
regressor,2d,mlp,1865,diverse_25,3,42,0.5336432456970215,0.6490332612755834,0.5361156463623047,0.7874144911766052,0.9805531864359773,0.28790366649627686,0.5522421598434448,0.5529135543992224,"{'hidden_dims': [256, 256], 'dropout': 0.2416343813285656, 'use_layer_norm': False, 'activation': 'leaky_relu', 'optimizer': 'sgd', 'lr': 0.002541283855942428, 'weight_decay': 4.0399575458641065e-06, 'batch_size': 64, 'use_scheduler': False, 'loss_strategy': 'mae'}",-0.17455564505628068,,0.9614845514297485,0.35561394691467285,0.22512900829315186,0.9090095162391663,0.8131445646286011,0.4744776162193027,0.9205423102801342,0.42124417424201965,0.7495846152305603,0.7335710234178754
regressor,2d,mlp,1865,diverse_25,2,42,0.8072746992111206,0.9514341834734129,0.20210182666778564,0.7434840798377991,0.87281635833991,0.25156301259994507,0.6642026901245117,0.7627748139287605,"{'hidden_dims': [512, 1024, 128], 'dropout': 0.29469247041685886, 'use_layer_norm': False, 'activation': 'gelu', 'optimizer': 'sgd', 'lr': 0.0029431315007839597, 'weight_decay': 3.73531408918777e-05, 'batch_size': 32, 'use_scheduler': False, 'loss_strategy': 'smooth_l1'}",-0.07910849024931732,,0.7618083953857422,0.6948237419128418,0.7609521150588989,0.7328014969825745,0.3872051239013672,0.8723256932240956,0.7529680468289963,0.90522700548172,0.4639815092086792,0.4766419516898039
regressor,2d,mlp,1865,diverse_25,4,42,0.7141773700714111,0.8624789967951219,0.44873690605163574,0.8565850257873535,1.014701834513663,0.14376890659332275,0.4373359680175781,0.4579845246555097,"{'hidden_dims': [64, 256, 256, 768], 'dropout': 0.2719542423414937, 'use_layer_norm': False, 'activation': 'silu', 'optimizer': 'adamw', 'lr': 0.00026476472566794063, 'weight_decay': 0.005622221130660646, 'batch_size': 32, 'use_scheduler': True, 'loss_strategy': 'huber', 'huber_delta': 1.5545337523262375}",-0.6121440791184114,,1.029619812965393,0.18246188759803772,0.06266757100820541,0.9801784157752991,0.9449228644371033,0.25033491767671046,0.9846643550703382,0.7438700199127197,0.6725972890853882,0.7278988736731221
regressor,2d,mlp,1865,diverse_25,1,42,0.6814085841178894,0.8149757080904478,0.47516947984695435,0.9582943320274353,1.1770486179510113,-0.10096895694732666,0.40673714876174927,0.3757870697319256,"{'hidden_dims': [768, 1024, 1024], 'dropout': 0.3712320804492253, 'use_layer_norm': True, 'activation': 'relu', 'optimizer': 'sgd', 'lr': 0.00034212702163946324, 'weight_decay': 0.004628525999458504, 'batch_size': 32, 'use_scheduler': True, 'loss_strategy': 'mse'}",-0.2651349481534724,,1.3854434490203857,0.4356163740158081,0.3023248612880707,0.8872001767158508,0.7257739305496216,0.5498407599369755,0.8864032865732075,0.6641854047775269,0.7129906415939331,0.6495948157472203
regressor,2d,mlp,4822,scaffold,5,42,0.35592496395111084,0.4365569236251771,0.8514230847358704,0.5319536328315735,0.7629321874654037,0.677968442440033,0.8337399959564209,0.8322402112752835,"{'hidden_dims': [64, 256, 768, 1024], 'dropout': 0.3456938445399932, 'use_layer_norm': True, 'activation': 'silu', 'optimizer': 'adam', 'lr': 0.004548812043671223, 'weight_decay': 0.0012226502544245843, 'batch_size': 256, 'use_scheduler': True, 'loss_strategy': 'mae'}",-0.10353581029095488,,0.5820655226707458,0.24932536482810974,0.1109030619263649,0.9553818702697754,0.9124522805213928,0.33302111333422224,0.9571238722834762,0.19058194756507874,0.9228220582008362,0.906751563481005
regressor,2d,mlp,4822,scaffold,3,42,0.34957513213157654,0.46415865123592265,0.8472565412521362,0.5208511352539062,0.6780487123111323,0.6207699775695801,0.8044862747192383,0.7821330494080247,"{'hidden_dims': [512, 512, 128], 'dropout': 0.4992365809938045, 'use_layer_norm': False, 'activation': 'gelu', 'optimizer': 'adam', 'lr': 0.00024346004285925768, 'weight_decay': 8.77975617235979e-05, 'batch_size': 32, 'use_scheduler': False, 'loss_strategy': 'huber', 'huber_delta': 1.2040841506442488}",-0.16018462583970938,,0.45975005626678467,0.2260664999485016,0.0924002081155777,0.9691274166107178,0.9357491731643677,0.30397402539621327,0.9673697296500872,0.21544325351715088,0.9205902218818665,0.9217378010145137
regressor,2d,mlp,4822,scaffold,2,42,0.40922480821609497,0.5541982239029479,0.783462405204773,0.5042727589607239,0.646869970845746,0.7222539186477661,0.8578192591667175,0.8485850861403045,"{'hidden_dims': [768, 512, 128], 'dropout': 0.2799655962372172, 'use_layer_norm': True, 'activation': 'gelu', 'optimizer': 'sgd', 'lr': 0.00535702326875213, 'weight_decay': 8.918025949818756e-06, 'batch_size': 32, 'use_scheduler': True, 'loss_strategy': 'smooth_l1'}",-0.37278064953408296,,0.4184407591819763,0.1398598998785019,0.03291233628988266,0.990465521812439,0.9755732417106628,0.181417574368865,0.9905477433804354,0.307135671377182,0.8868036866188049,0.8890932044893457
regressor,2d,mlp,4822,scaffold,4,42,0.373701274394989,0.4843012845951981,0.7963346242904663,0.5178688168525696,0.6895890358595921,0.6184051036834717,0.786446213722229,0.7410932355321752,"{'hidden_dims': [256, 64], 'dropout': 0.06581375232277564, 'use_layer_norm': True, 'activation': 'leaky_relu', 'optimizer': 'adam', 'lr': 0.0014516857256507724, 'weight_decay': 0.006038033416947002, 'batch_size': 32, 'use_scheduler': True, 'loss_strategy': 'smooth_l1'}",-0.2652765859967874,,0.47553303837776184,0.17335623502731323,0.04797181859612465,0.9871070384979248,0.9661003351211548,0.2190246985984107,0.9886055822853484,0.23454773426055908,0.8932066559791565,0.8817698558327185
regressor,2d,mlp,4822,scaffold,1,42,0.38966426253318787,0.5153465096914085,0.8240243196487427,0.49464550614356995,0.6346830108874495,0.5848467946052551,0.767417311668396,0.7517826058975791,"{'hidden_dims': [512, 1024, 128], 'dropout': 0.17496255812718325, 'use_layer_norm': True, 'activation': 'gelu', 'optimizer': 'sgd', 'lr': 0.0027011062538783233, 'weight_decay': 0.0007312097107945302, 'batch_size': 32, 'use_scheduler': True, 'loss_strategy': 'mae'}",-0.1727019375432569,,0.4028225243091583,0.26489076018333435,0.11740530282258987,0.9624764919281006,0.9215272665023804,0.3426445721481516,0.9590595617956539,0.26558202505111694,0.9084309935569763,0.8761715061974863
regressor,2d,mlp,4822,random,5,42,0.38552093505859375,0.555249319180033,0.7673539519309998,0.4986100196838379,0.637256535620415,0.717204213142395,0.8496854901313782,0.8414536392975,"{'hidden_dims': [1024, 512], 'dropout': 0.3297872285151107, 'use_layer_norm': True, 'activation': 'relu', 'optimizer': 'adamw', 'lr': 0.0036084190165429483, 'weight_decay': 0.0009922921346463473, 'batch_size': 64, 'use_scheduler': False, 'loss_strategy': 'huber', 'huber_delta': 0.7623227444090064}",-0.4020302510728905,,0.4060958921909332,0.11545798182487488,0.02347608283162117,0.991827666759491,0.9830664992332458,0.1532190681071425,0.9912806224840204,0.30830180644989014,0.881794273853302,0.8731197822656833
regressor,2d,mlp,4822,random,3,42,0.33707863092422485,0.462085103472159,0.8537145853042603,0.47742700576782227,0.6160809218028689,0.719897985458374,0.8600122332572937,0.8468051848554751,"{'hidden_dims': [128, 512, 64], 'dropout': 0.3266207657147605, 'use_layer_norm': True, 'activation': 'gelu', 'optimizer': 'adam', 'lr': 0.0003539082594798223, 'weight_decay': 0.00048705584305186466, 'batch_size': 32, 'use_scheduler': False, 'loss_strategy': 'smooth_l1'}",-0.1409264744394716,,0.37955570220947266,0.25304651260375977,0.1031428650021553,0.976706862449646,0.9259858131408691,0.3211586290326874,0.9778184168804512,0.21352264285087585,0.9260631799697876,0.9082590285302331
regressor,2d,mlp,4822,random,2,42,0.46855467557907104,0.598935173803201,0.7788796424865723,0.443059504032135,0.5796015158990817,0.7475998401641846,0.8726748824119568,0.8362942218343036,"{'hidden_dims': [256, 512, 128, 64], 'dropout': 0.19608259264383643, 'use_layer_norm': True, 'activation': 'relu', 'optimizer': 'sgd', 'lr': 0.0011931728591059946, 'weight_decay': 4.667672543520317e-05, 'batch_size': 32, 'use_scheduler': True, 'loss_strategy': 'mae'}",-0.24943369253319647,,0.3359379172325134,0.26887503266334534,0.12215128540992737,0.9565150737762451,0.911443829536438,0.3495014812700046,0.9542499731172162,0.35872334241867065,0.8833853602409363,0.88131192805353
regressor,2d,mlp,4822,random,4,42,0.3435075879096985,0.45027087191931897,0.8713197112083435,0.4719039797782898,0.6092041705398298,0.7331144213676453,0.8638818860054016,0.8514327231221153,"{'hidden_dims': [768, 512, 768], 'dropout': 0.22874137344799825, 'use_layer_norm': False, 'activation': 'relu', 'optimizer': 'sgd', 'lr': 0.005022541335096157, 'weight_decay': 0.0006313600225123118, 'batch_size': 32, 'use_scheduler': True, 'loss_strategy': 'mse'}",-0.23631094119365934,,0.37112972140312195,0.16978903114795685,0.045778851956129074,0.9882564544677734,0.9666653275489807,0.21395993072565964,0.9883393222963647,0.20274385809898376,0.9335464239120483,0.9106757525758846
regressor,2d,mlp,4822,random,1,42,0.40203702449798584,0.5296651818628948,0.7916374206542969,0.43099886178970337,0.5524994313767904,0.7891231775283813,0.8916492462158203,0.881582684443548,"{'hidden_dims': [768, 256, 1024, 512], 'dropout': 0.4710001664941577, 'use_layer_norm': True, 'activation': 'relu', 'optimizer': 'adam', 'lr': 0.009118371188435453, 'weight_decay': 7.830130810910977e-06, 'batch_size': 32, 'use_scheduler': False, 'loss_strategy': 'mae'}",-0.15007424208825992,,0.30525562167167664,0.29805779457092285,0.14408928155899048,0.9565722346305847,0.8956807851791382,0.3795909397746349,0.9557031202883031,0.2805452048778534,0.8944158554077148,0.8875788544818575
regressor,2d,mlp,4822,umap,5,42,0.34820133447647095,0.49262584361362505,0.8407996892929077,0.546297550201416,0.6845457804551984,0.5070610046386719,0.7837642431259155,0.7871215052553047,"{'hidden_dims': [512, 256], 'dropout': 0.4981657248601176, 'use_layer_norm': True, 'activation': 'leaky_relu', 'optimizer': 'adamw', 'lr': 0.001057783357283113, 'weight_decay': 5.771505435002619e-06, 'batch_size': 32, 'use_scheduler': False, 'loss_strategy': 'smooth_l1'}",-0.2700500597842466,,0.4686029255390167,0.17063087224960327,0.04953997954726219,0.9837026000022888,0.9661080241203308,0.22257578382937843,0.9842876955682225,0.24268022179603577,0.9170817136764526,0.8994379102190719
regressor,2d,mlp,4822,umap,3,42,0.4060305058956146,0.5050159625561587,0.8214736580848694,1.1166139841079712,1.4347881777533407,-0.08312380313873291,0.5431274175643921,0.5671786632531584,"{'hidden_dims': [128, 512], 'dropout': 0.4935399090920469, 'use_layer_norm': True, 'activation': 'gelu', 'optimizer': 'adamw', 'lr': 0.0014806987652321003, 'weight_decay': 0.0008235387779285119, 'batch_size': 32, 'use_scheduler': False, 'loss_strategy': 'huber', 'huber_delta': 0.5030235293672629}",-0.28400015260612044,,2.058617115020752,0.16771093010902405,0.0488479882478714,0.9851886034011841,0.956904411315918,0.2210158099500382,0.985361260707668,0.25504112243652344,0.9105381965637207,0.8888997472817066
regressor,2d,mlp,4822,umap,2,42,0.35303908586502075,0.4633198289424057,0.8042197823524475,0.5989125370979309,0.7275912067749156,0.5515978336334229,0.7865044474601746,0.7626373595870085,"{'hidden_dims': [1024], 'dropout': 0.165140019803414, 'use_layer_norm': True, 'activation': 'leaky_relu', 'optimizer': 'adam', 'lr': 0.00027517904327184565, 'weight_decay': 9.526270694163928e-06, 'batch_size': 32, 'use_scheduler': True, 'loss_strategy': 'smooth_l1'}",-0.1199385568027897,,0.529388964176178,0.2511828541755676,0.11791069805622101,0.958499550819397,0.9180126786231995,0.343381272139616,0.9552664569029984,0.2146652638912201,0.8987429141998291,0.8821838195596197
regressor,2d,mlp,4822,umap,4,42,0.3666773736476898,0.4776601033403166,0.8430744409561157,0.778716504573822,0.957760809146085,-0.3846461772918701,0.07371664047241211,0.028610139045004316,"{'hidden_dims': [512, 512, 128], 'dropout': 0.05841077254564248, 'use_layer_norm': False, 'activation': 'relu', 'optimizer': 'sgd', 'lr': 0.0029916701747819746, 'weight_decay': 4.788090327911929e-06, 'batch_size': 128, 'use_scheduler': False, 'loss_strategy': 'mae'}",-0.22213671510306549,,0.9173057675361633,0.1894589364528656,0.06529220193624496,0.9832533597946167,0.9501141309738159,0.2555233882372511,0.9817559703694815,0.22815917432308197,0.9192547798156738,0.9144266135667831
regressor,2d,mlp,4822,umap,1,42,0.364914208650589,0.48427260762518226,0.8419359922409058,1.090138554573059,1.346562569264773,-1.0420897006988525,0.2184411585330963,0.17148908208887456,"{'hidden_dims': [512, 1024, 128], 'dropout': 0.17496255812718325, 'use_layer_norm': True, 'activation': 'gelu', 'optimizer': 'sgd', 'lr': 0.0027011062538783233, 'weight_decay': 0.0007312097107945302, 'batch_size': 32, 'use_scheduler': True, 'loss_strategy': 'mae'}",-0.3055802755598523,,1.8132307529449463,0.12650638818740845,0.03193094953894615,0.9908791780471802,0.9787958264350891,0.17869233206532997,0.9901771423111547,0.23451995849609375,0.9183830618858337,0.8894523038063035
regressor,2d,mlp,4822,time,5,42,0.413808137178421,0.5394240562788896,0.8012397289276123,0.60849529504776,0.8081397288456085,0.6515381336212158,0.8799983859062195,0.7680111036640984,"{'hidden_dims': [768, 64, 128, 64], 'dropout': 0.024556316046459272, 'use_layer_norm': True, 'activation': 'leaky_relu', 'optimizer': 'sgd', 'lr': 0.0045420664382789045, 'weight_decay': 0.0012199023126393627, 'batch_size': 128, 'use_scheduler': False, 'loss_strategy': 'mae'}",-0.20465655642942748,,0.6530898213386536,0.2437252402305603,0.1120692789554596,0.9590043425559998,0.9118780493736267,0.3347674998494621,0.9566833162032303,0.2909783124923706,0.8957327604293823,0.89116204430206
regressor,2d,mlp,4822,time,3,42,0.48417985439300537,0.682692647755126,0.6595566272735596,0.6520793437957764,0.8486070003468922,0.6174535751342773,0.8070676326751709,0.7765722426175623,"{'hidden_dims': [256, 768], 'dropout': 0.18306673428267045, 'use_layer_norm': True, 'activation': 'leaky_relu', 'optimizer': 'adam', 'lr': 0.007385427137267573, 'weight_decay': 0.0001873208502384595, 'batch_size': 32, 'use_scheduler': False, 'loss_strategy': 'huber', 'huber_delta': 0.9746793064385678}",-0.39928021268618363,,0.7201338410377502,0.22495430707931519,0.08032260835170746,0.969904899597168,0.9245255589485168,0.2834124350689423,0.9693758541332669,0.4660692512989044,0.812783420085907,0.8102745869633654
regressor,2d,mlp,4822,time,2,42,0.36861443519592285,0.5237150168286684,0.6554883122444153,1.1349036693572998,1.458340544909857,-0.2579512596130371,0.5657391548156738,0.611303215678016,"{'hidden_dims': [512, 256, 128], 'dropout': 0.4532996357808981, 'use_layer_norm': False, 'activation': 'gelu', 'optimizer': 'sgd', 'lr': 0.004872641056353651, 'weight_decay': 3.1951506949100096e-05, 'batch_size': 32, 'use_scheduler': False, 'loss_strategy': 'smooth_l1'}",-0.0822289692244581,,2.1267571449279785,0.339631587266922,0.194909930229187,0.8907854557037354,0.7862679958343506,0.4414860476042103,0.8923352669591244,0.2742774188518524,0.814550518989563,0.7822712020914088
regressor,2d,mlp,4822,time,4,42,0.43269240856170654,0.5502382672665228,0.7148648500442505,0.7362697720527649,0.9323492334305924,0.5266066193580627,0.8031424880027771,0.7384359593809074,"{'hidden_dims': [1024], 'dropout': 0.20743240460750106, 'use_layer_norm': True, 'activation': 'leaky_relu', 'optimizer': 'adamw', 'lr': 0.0001454555719187387, 'weight_decay': 0.00024240134974470387, 'batch_size': 64, 'use_scheduler': True, 'loss_strategy': 'mse'}",-0.43208611841445643,,0.8692750930786133,0.08612892031669617,0.013959930278360844,0.9948480129241943,0.9888502359390259,0.11815214885206635,0.9938885631947226,0.30276215076446533,0.8465516567230225,0.823846923229591
regressor,2d,mlp,4822,time,1,42,0.4031882584095001,0.5020093478172174,0.624936580657959,1.101971983909607,1.361431758225282,-0.184340238571167,0.3880695104598999,0.3754406111706089,"{'hidden_dims': [512, 1024, 64], 'dropout': 0.17736742589830617, 'use_layer_norm': True, 'activation': 'leaky_relu', 'optimizer': 'adamw', 'lr': 0.0009046471342340756, 'weight_decay': 0.00020352861521332033, 'batch_size': 32, 'use_scheduler': False, 'loss_strategy': 'huber', 'huber_delta': 1.3087357788252616}",-0.11961227188108836,,1.8534964323043823,0.29674485325813293,0.14622752368450165,0.9055036902427673,0.7989364862442017,0.38239707593612904,0.9184273724473733,0.2520133852958679,0.796235203742981,0.6914002494621545
regressor,2d,mlp,4822,butina,5,42,0.4436253607273102,0.5612302329781619,0.7839020490646362,0.7248952388763428,0.9367840258178652,0.06454432010650635,0.5524284839630127,0.5033840021674594,"{'hidden_dims': [768, 64], 'dropout': 0.25251764995692594, 'use_layer_norm': True, 'activation': 'silu', 'optimizer': 'sgd', 'lr': 0.00017174900099005936, 'weight_decay': 0.00010948767086429198, 'batch_size': 64, 'use_scheduler': False, 'loss_strategy': 'mse'}",-0.2380822972238945,,0.8775643110275269,0.2511780858039856,0.10442458838224411,0.9656026363372803,0.9281513094902039,0.32314793575426737,0.9620057985367676,0.3149793744087219,0.8859628438949585,0.8877387304409892
regressor,2d,mlp,4822,butina,3,42,0.37627920508384705,0.49627704688385077,0.7811025381088257,1.0857006311416626,1.3521235629985093,0.23623067140579224,0.6727929711341858,0.6688041982799512,"{'hidden_dims': [768], 'dropout': 0.3183277474795434, 'use_layer_norm': True, 'activation': 'relu', 'optimizer': 'sgd', 'lr': 0.00021663235622853243, 'weight_decay': 3.1948772516601142e-06, 'batch_size': 64, 'use_scheduler': False, 'loss_strategy': 'mae'}",-0.2179750187615206,,1.8282381296157837,0.20059864223003387,0.07745201885700226,0.9674881100654602,0.9316390752792358,0.2783020281223302,0.9677549967020561,0.2462909072637558,0.8852097392082214,0.8836385778511052
regressor,2d,mlp,4822,butina,2,42,0.4399716556072235,0.6309089286876197,0.7553714513778687,0.641512930393219,0.7996027764969176,0.28855520486831665,0.708256721496582,0.6348647601283769,"{'hidden_dims': [256, 512, 768, 512], 'dropout': 0.15228530604344465, 'use_layer_norm': True, 'activation': 'relu', 'optimizer': 'adamw', 'lr': 0.00010983481467728168, 'weight_decay': 4.524878917250409e-06, 'batch_size': 128, 'use_scheduler': True, 'loss_strategy': 'mae'}",-0.42477234090804256,,0.6393646001815796,0.15208712220191956,0.04249229282140732,0.9887985587120056,0.9717448949813843,0.20613658777957716,0.98998217581196,0.39804607629776,0.875056266784668,0.8334908112390271
regressor,2d,mlp,4822,butina,4,42,0.4375482201576233,0.555281549341483,0.8248634338378906,0.7483044266700745,0.998021373684265,0.13964378833770752,0.6907048225402832,0.6969195005664136,"{'hidden_dims': [512, 1024], 'dropout': 0.05220948193614344, 'use_layer_norm': False, 'activation': 'relu', 'optimizer': 'adamw', 'lr': 0.0005959777132724247, 'weight_decay': 0.006748251455775816, 'batch_size': 32, 'use_scheduler': True, 'loss_strategy': 'mae'}",-0.23035048621490412,,0.9960466623306274,0.2427758425474167,0.10558019578456879,0.9635744690895081,0.9233145117759705,0.3249310631265789,0.9617961928162716,0.30833759903907776,0.9097230434417725,0.8849400091010893
regressor,2d,mlp,4822,butina,1,42,0.3859865367412567,0.5138639373850503,0.7764992117881775,0.7337217330932617,0.8982863921096089,0.17387449741363525,0.5868057012557983,0.5837553019573183,"{'hidden_dims': [512, 256, 128], 'dropout': 0.49533782363627055, 'use_layer_norm': True, 'activation': 'leaky_relu', 'optimizer': 'adam', 'lr': 0.0001502981769005422, 'weight_decay': 1.46518168723254e-05, 'batch_size': 64, 'use_scheduler': True, 'loss_strategy': 'smooth_l1'}",-0.20279809739140647,,0.8069184422492981,0.23189005255699158,0.09676195681095123,0.9740511775016785,0.932552695274353,0.31106583999364384,0.975470695606805,0.26405614614486694,0.8815237283706665,0.8593136177176047
regressor,2d,mlp,4822,diverse_25,5,42,0.6473329067230225,0.7952950466316884,0.4989153742790222,0.683752179145813,0.8561128255853216,0.5278618335723877,0.74386066198349,0.6075867170309669,"{'hidden_dims': [512, 256, 512, 512], 'dropout': 0.43956789403142404, 'use_layer_norm': False, 'activation': 'relu', 'optimizer': 'sgd', 'lr': 0.0006749937877299177, 'weight_decay': 0.0001687326090968751, 'batch_size': 128, 'use_scheduler': True, 'loss_strategy': 'mse'}",-0.3466882259765123,,0.7329291701316833,0.36341243982315063,0.20124807953834534,0.946124792098999,0.8638670444488525,0.4486068206551761,0.9271777040044064,0.6324942111968994,0.7146891355514526,0.6707292985107047
regressor,2d,mlp,4822,diverse_25,3,42,0.6454164981842041,0.78477643443705,0.6391381025314331,0.5682557225227356,0.7247175768244446,0.6287955641746521,0.7993104457855225,0.7937592919698229,"{'hidden_dims': [1024, 64, 1024], 'dropout': 0.27720335040150973, 'use_layer_norm': True, 'activation': 'gelu', 'optimizer': 'adam', 'lr': 0.006716705355885678, 'weight_decay': 0.0001814561176393056, 'batch_size': 32, 'use_scheduler': False, 'loss_strategy': 'huber', 'huber_delta': 0.5284939585859728}",-0.38337603909714013,,0.5252155661582947,0.3110962212085724,0.16112227737903595,0.9433803558349609,0.8851687908172607,0.4014003953399099,0.9097438702997177,0.6158740520477295,0.8057295680046082,0.7126951725065126
regressor,2d,mlp,4822,diverse_25,2,42,0.5332739353179932,0.6717989235323395,0.4820326566696167,0.7411564588546753,0.851880880210996,0.5370026230812073,0.745101273059845,0.6961157915539872,"{'hidden_dims': [1024, 768], 'dropout': 0.048308151736695275, 'use_layer_norm': False, 'activation': 'silu', 'optimizer': 'adamw', 'lr': 0.009514515284148374, 'weight_decay': 6.878848008591447e-05, 'batch_size': 64, 'use_scheduler': True, 'loss_strategy': 'huber', 'huber_delta': 0.9150447268216204}",-0.2139645702651916,,0.7257010340690613,0.3648940622806549,0.20961229503154755,0.9503946304321289,0.8632580041885376,0.4578343532671479,0.948935319347936,0.4513137936592102,0.699665904045105,0.5771321304987894
regressor,2d,mlp,4822,diverse_25,4,42,0.5840432643890381,0.7118156375532831,0.5515700578689575,0.5905651450157166,0.7572946647224391,0.5882101655006409,0.7709946632385254,0.7826235577790037,"{'hidden_dims': [512, 1024, 128, 256], 'dropout': 0.046534878199793406, 'use_layer_norm': False, 'activation': 'relu', 'optimizer': 'sgd', 'lr': 0.002990837019734133, 'weight_decay': 0.001491184400575511, 'batch_size': 32, 'use_scheduler': True, 'loss_strategy': 'mae'}",-0.12612103152573073,,0.5734952092170715,0.4336193799972534,0.3430381715297699,0.8874853849411011,0.7805598378181458,0.5856946060275524,0.8354102987337856,0.506681501865387,0.7434244751930237,0.7548997006631601
regressor,2d,mlp,4822,diverse_25,1,42,0.619610071182251,0.7912337767638808,0.5902897119522095,0.675815999507904,0.8990046162513287,0.39216405153274536,0.6805448532104492,0.5509168283125572,"{'hidden_dims': [128, 1024, 768], 'dropout': 0.38970667493930566, 'use_layer_norm': True, 'activation': 'leaky_relu', 'optimizer': 'sgd', 'lr': 0.006190796274529313, 'weight_decay': 0.0046196040646327855, 'batch_size': 128, 'use_scheduler': True, 'loss_strategy': 'smooth_l1'}",-0.4877555022557529,,0.8082093000411987,0.24642786383628845,0.09209906309843063,0.9800540208816528,0.9377137422561646,0.3034782745081279,0.9796220177746464,0.6260508894920349,0.7788105010986328,0.6766808347435007
regressor,2d,mlp,220,scaffold,5,42,0.4107305407524109,0.5447084289136731,0.761691153049469,0.5971342325210571,0.7789372352857369,0.4204493761062622,0.6568560004234314,0.6795335731070465,"{'hidden_dims': [512], 'dropout': 0.3356877293918169, 'use_layer_norm': True, 'activation': 'gelu', 'optimizer': 'adamw', 'lr': 1.5774016278641495e-05, 'weight_decay': 1.0347460115127811e-05, 'batch_size': 64, 'use_scheduler': True, 'loss_strategy': 'mse'}",-0.2374225476562543,,0.6067432165145874,0.20719854533672333,0.09442461282014847,0.969097375869751,0.9315525889396667,0.3072858812574188,0.964650171658118,0.29670727252960205,0.8729441165924072,0.8342934635030214
regressor,2d,mlp,220,scaffold,3,42,0.5005789995193481,0.6944727166036856,0.5836842656135559,0.7901449799537659,1.3114570833805703,0.15838319063186646,0.46484696865081787,0.6015717770225407,"{'hidden_dims': [512], 'dropout': 0.31883708277772627, 'use_layer_norm': True, 'activation': 'silu', 'optimizer': 'adamw', 'lr': 9.395449714261221e-05, 'weight_decay': 0.00995072752819182, 'batch_size': 32, 'use_scheduler': False, 'loss_strategy': 'smooth_l1'}",-0.4217573249890702,,1.7199196815490723,0.19215363264083862,0.07437368482351303,0.9683777093887329,0.9334595799446106,0.2727153916146154,0.9674420787590552,0.4822923541069031,0.7740392684936523,0.7539697830695413
regressor,2d,mlp,220,scaffold,2,42,0.4248933494091034,0.5564258629615619,0.7626073360443115,0.5943230390548706,0.8339349879487375,0.47043490409851074,0.7059998512268066,0.742064406511374,"{'hidden_dims': [512, 64], 'dropout': 0.2786288921167738, 'use_layer_norm': True, 'activation': 'silu', 'optimizer': 'sgd', 'lr': 0.0011882782170922204, 'weight_decay': 0.009832997145632832, 'batch_size': 128, 'use_scheduler': False, 'loss_strategy': 'mae'}",-0.2383825509331285,,0.695447564125061,0.2238708883523941,0.10115154832601547,0.9691578149795532,0.9224487543106079,0.31804331202843344,0.9611442496783829,0.3096097409725189,0.8780481219291687,0.8104254133527711
regressor,2d,mlp,220,scaffold,4,42,0.4094523787498474,0.6072787640631181,0.7347598671913147,0.5438298583030701,0.7461468343174613,0.45990151166915894,0.7091827392578125,0.6796411580345711,"{'hidden_dims': [1024, 768, 1024], 'dropout': 0.4714522415337921, 'use_layer_norm': True, 'activation': 'silu', 'optimizer': 'adam', 'lr': 0.009191602265170481, 'weight_decay': 9.897385108173928e-05, 'batch_size': 256, 'use_scheduler': False, 'loss_strategy': 'mae'}",-0.29522016208692964,,0.556735098361969,0.23141591250896454,0.09738057106733322,0.9654421210289001,0.9292454123497009,0.31205860197618845,0.953569109650972,0.3687874972820282,0.8578343391418457,0.8628022905408512
regressor,2d,mlp,220,scaffold,1,42,0.4342465102672577,0.5607433705730972,0.7308323383331299,0.5752339363098145,0.7945951122923818,0.4096159338951111,0.6565988063812256,0.6519382089725293,"{'hidden_dims': [768, 64, 256], 'dropout': 0.029612332654586595, 'use_layer_norm': True, 'activation': 'relu', 'optimizer': 'sgd', 'lr': 0.0012784061980032743, 'weight_decay': 7.777984014677092e-06, 'batch_size': 32, 'use_scheduler': True, 'loss_strategy': 'mae'}",-0.3667160839918787,,0.6313813924789429,0.1371430903673172,0.0376465879380703,0.9909210205078125,0.9728968739509583,0.1940272865812185,0.9890326245720221,0.31443312764167786,0.855650007724762,0.8412210650209829
regressor,2d,mlp,220,random,5,42,0.3535643219947815,0.45847816960375765,0.8284327387809753,0.4941653907299042,0.6745390086095623,0.6829761266708374,0.8318734765052795,0.7708772544055535,"{'hidden_dims': [768, 512, 512], 'dropout': 0.09463281465044537, 'use_layer_norm': True, 'activation': 'gelu', 'optimizer': 'sgd', 'lr': 0.0016091813105673365, 'weight_decay': 0.0010085695632734214, 'batch_size': 128, 'use_scheduler': False, 'loss_strategy': 'mae'}",-0.23671554895743666,,0.45500287413597107,0.14273427426815033,0.04917865991592407,0.9839115738868713,0.9615646600723267,0.221762620646321,0.9817603268230575,0.21020223200321198,0.9106329083442688,0.8883654249938893
regressor,2d,mlp,220,random,3,42,0.5198776125907898,0.6831066248831464,0.6118723750114441,0.4719879627227783,0.678494513605435,0.6171810030937195,0.7946085929870605,0.7736888417195356,"{'hidden_dims': [512, 64, 64], 'dropout': 0.18189145075585858, 'use_layer_norm': True, 'activation': 'gelu', 'optimizer': 'sgd', 'lr': 0.0031301960910946466, 'weight_decay': 0.0027488321611011425, 'batch_size': 32, 'use_scheduler': False, 'loss_strategy': 'huber', 'huber_delta': 1.0496961412982715}",-0.4092807103486009,,0.4603548049926758,0.2012529969215393,0.07498063147068024,0.9718468189239502,0.9444127678871155,0.2738259145345455,0.9658533906039521,0.4666346609592438,0.7839367389678955,0.7364231433425162
regressor,2d,mlp,220,random,2,42,0.5016907453536987,0.6792499844126723,0.6348053216934204,0.4658789336681366,0.6688627762936702,0.6502043604850769,0.8073083758354187,0.7782631299139054,"{'hidden_dims': [128, 256], 'dropout': 0.05018453808001709, 'use_layer_norm': True, 'activation': 'leaky_relu', 'optimizer': 'adam', 'lr': 0.004023694292162792, 'weight_decay': 0.004239021918605508, 'batch_size': 64, 'use_scheduler': True, 'loss_strategy': 'mae'}",-0.326949014060597,,0.44737741351127625,0.2555370032787323,0.1241159737110138,0.9565253853797913,0.906106173992157,0.35230097035207525,0.9447528298815745,0.4613805413246155,0.7971785664558411,0.7258438009748998
regressor,2d,mlp,220,random,4,42,0.4248797595500946,0.5628030013871973,0.725527286529541,0.5177651643753052,0.6880178451954486,0.6472294330596924,0.8056104183197021,0.7570221826798893,"{'hidden_dims': [1024, 1024], 'dropout': 0.41196530507000795, 'use_layer_norm': True, 'activation': 'leaky_relu', 'optimizer': 'adam', 'lr': 0.0037956556618236326, 'weight_decay': 0.0011699025581192368, 'batch_size': 64, 'use_scheduler': False, 'loss_strategy': 'huber', 'huber_delta': 1.01380909557771}",-0.16029184692861925,,0.4733685553073883,0.31535735726356506,0.16201522946357727,0.9391297101974487,0.8766816258430481,0.40251115445857805,0.9148621534154332,0.3167472183704376,0.8546081185340881,0.8266040379584202
regressor,2d,mlp,220,random,1,42,0.4047451913356781,0.5493004012425317,0.7383456230163574,0.5008774995803833,0.6558755078583677,0.6617104411125183,0.8169535398483276,0.7994895112445106,"{'hidden_dims': [256], 'dropout': 0.34915931980177334, 'use_layer_norm': True, 'activation': 'leaky_relu', 'optimizer': 'adamw', 'lr': 7.044067787133019e-05, 'weight_decay': 0.0027632414733574444, 'batch_size': 64, 'use_scheduler': True, 'loss_strategy': 'mse'}",-0.26196351908651383,,0.4301726818084717,0.19327838718891144,0.08256248384714127,0.9714099168777466,0.9378472566604614,0.2873368821560178,0.9715345478892835,0.3017309308052063,0.8616061806678772,0.8405481470144688
regressor,2d,mlp,220,umap,5,42,0.37461403012275696,0.5021859604931196,0.8178086280822754,0.6532937288284302,0.8445264987300221,0.1440274715423584,0.4065285623073578,0.4275330917492016,"{'hidden_dims': [1024, 1024], 'dropout': 0.11279068294399197, 'use_layer_norm': True, 'activation': 'gelu', 'optimizer': 'adamw', 'lr': 0.0007854864360628167, 'weight_decay': 1.549073010570419e-06, 'batch_size': 32, 'use_scheduler': False, 'loss_strategy': 'smooth_l1'}",-0.18982712425455084,,0.7132250070571899,0.21190513670444489,0.09756804257631302,0.9652938842773438,0.9280706644058228,0.31235883623856875,0.9611390465575264,0.2521907389163971,0.905585527420044,0.8555306600374498
regressor,2d,mlp,220,umap,3,42,0.4219506084918976,0.6023565971300762,0.7200178503990173,0.9827637076377869,1.2705441234422548,-0.143768310546875,0.443406343460083,0.4644314052608512,"{'hidden_dims': [64, 256], 'dropout': 0.26220981402397775, 'use_layer_norm': True, 'activation': 'gelu', 'optimizer': 'adam', 'lr': 0.009582076100300698, 'weight_decay': 0.00021885336261417355, 'batch_size': 32, 'use_scheduler': False, 'loss_strategy': 'huber', 'huber_delta': 1.556579621410917}",-0.24626902146948015,,1.6142823696136475,0.26048749685287476,0.1267983615398407,0.9482258558273315,0.8985823392868042,0.356087575660596,0.9315761618672398,0.3628334701061249,0.8510322570800781,0.8101628295340056
regressor,2d,mlp,220,umap,2,42,0.4313341975212097,0.5863175494760698,0.7558372020721436,0.6602516770362854,0.8247900334401704,0.20454484224319458,0.4894666373729706,0.5054614559058207,"{'hidden_dims': [768], 'dropout': 0.09764782491225685, 'use_layer_norm': True, 'activation': 'relu', 'optimizer': 'adamw', 'lr': 0.00016530102123257824, 'weight_decay': 5.005352542154446e-05, 'batch_size': 128, 'use_scheduler': False, 'loss_strategy': 'mae'}",-0.40979151060637514,,0.6802785992622375,0.11399823427200317,0.031161442399024963,0.9889954924583435,0.9777518510818481,0.1765260388696947,0.9853281878249489,0.34376826882362366,0.8722835183143616,0.7987181463754792
regressor,2d,mlp,220,umap,4,42,0.4664976894855499,0.6063872722672722,0.7480390071868896,0.7644049525260925,1.0618280080868225,-0.08314824104309082,0.3238586485385895,0.3344816359370407,"{'hidden_dims': [512, 768], 'dropout': 0.4947156832793519, 'use_layer_norm': True, 'activation': 'relu', 'optimizer': 'sgd', 'lr': 0.00046939839001106093, 'weight_decay': 0.00027505128534391403, 'batch_size': 32, 'use_scheduler': False, 'loss_strategy': 'mae'}",-0.2259855446467493,,1.1274787187576294,0.2833248972892761,0.14470547437667847,0.9533888101577759,0.8938100934028625,0.3804017276205229,0.9419688943881372,0.3677055239677429,0.8702975511550903,0.8086705119580929
regressor,2d,mlp,220,umap,1,42,0.38901618123054504,0.5220873771758486,0.7831991314888,1.0780918598175049,1.4995793706501148,-0.3011043071746826,-0.00622069975361228,0.006928168111095547,"{'hidden_dims': [1024, 128, 256, 1024], 'dropout': 0.29143302661195164, 'use_layer_norm': True, 'activation': 'leaky_relu', 'optimizer': 'adamw', 'lr': 0.0008169693665007343, 'weight_decay': 1.7282845311616807e-06, 'batch_size': 64, 'use_scheduler': False, 'loss_strategy': 'huber', 'huber_delta': 1.539719758908677}",-0.2544513001130942,,2.2487382888793945,0.19226235151290894,0.07162906974554062,0.9696384072303772,0.9338998198509216,0.26763607706275444,0.9684397903631847,0.2725752294063568,0.8887112736701965,0.8609834606677714
regressor,2d,mlp,220,time,5,42,0.41669854521751404,0.5861928764769425,0.7215967178344727,0.6217093467712402,0.8671136085715544,0.09583181142807007,0.4703395664691925,0.24085758847015964,"{'hidden_dims': [768], 'dropout': 0.23536784026398241, 'use_layer_norm': True, 'activation': 'relu', 'optimizer': 'adamw', 'lr': 0.0003586975187275392, 'weight_decay': 0.005285415149690412, 'batch_size': 256, 'use_scheduler': True, 'loss_strategy': 'huber', 'huber_delta': 0.7932499075787086}",-0.32217825470381806,,0.7518860101699829,0.1791476011276245,0.06970372051000595,0.974327564239502,0.9490416049957275,0.26401462177312446,0.9678203120340035,0.343622088432312,0.8510209321975708,0.8407183329546761
regressor,2d,mlp,220,time,3,42,0.5226894617080688,0.7377867480658914,0.6394108533859253,0.8964884281158447,1.2408836767685478,-0.13223934173583984,0.1901036947965622,0.1764274304393111,"{'hidden_dims': [1024, 768, 1024], 'dropout': 0.3152487070959996, 'use_layer_norm': True, 'activation': 'gelu', 'optimizer': 'adam', 'lr': 0.0046917816827254395, 'weight_decay': 8.053722649977701e-05, 'batch_size': 32, 'use_scheduler': False, 'loss_strategy': 'huber', 'huber_delta': 1.9613652497261693}",-0.34009813740961053,,1.5397922992706299,0.30157458782196045,0.15815623104572296,0.9399054050445557,0.8707460165023804,0.39768861065628086,0.9372268621536499,0.5443292856216431,0.7997442483901978,0.7992848980226974
regressor,2d,mlp,220,time,2,42,0.5350419878959656,0.6619910750579806,0.5453266501426697,0.9012343287467957,1.1926197313384852,-0.13620972633361816,0.07421672344207764,0.170528063130459,"{'hidden_dims': [1024, 1024, 64], 'dropout': 0.4204714237885121, 'use_layer_norm': False, 'activation': 'gelu', 'optimizer': 'adamw', 'lr': 0.005186346100189617, 'weight_decay': 0.0036615235359466064, 'batch_size': 128, 'use_scheduler': False, 'loss_strategy': 'mse'}",0.08429662009992012,,1.4223418235778809,0.5760877728462219,0.5569453239440918,0.7873724699020386,0.5877999067306519,0.7462876951579007,0.7872913453872616,0.4382321834564209,0.751973032951355,0.7443850267379679
regressor,2d,mlp,220,time,4,42,0.5121605396270752,0.651179800002507,0.6264785528182983,0.8406450152397156,1.1558400535709004,0.07452660799026489,0.34626153111457825,0.3618824245046483,"{'hidden_dims': [512], 'dropout': 0.32519950535765535, 'use_layer_norm': True, 'activation': 'relu', 'optimizer': 'adam', 'lr': 4.215233793946853e-05, 'weight_decay': 0.003804382493463007, 'batch_size': 32, 'use_scheduler': True, 'loss_strategy': 'mae'}",-0.22207356751892243,,1.3359662294387817,0.2692543864250183,0.1841321587562561,0.9309592843055725,0.8550649881362915,0.42910623248358454,0.9503030728407315,0.42403513193130493,0.7915334701538086,0.7872948208745998
regressor,2d,mlp,220,time,1,42,0.45255014300346375,0.6107425749472233,0.6258156299591064,1.0184286832809448,1.2632727250546996,-0.24476170539855957,0.20561060309410095,0.21878387413385897,"{'hidden_dims': [512, 1024, 128], 'dropout': 0.13411943386649186, 'use_layer_norm': True, 'activation': 'gelu', 'optimizer': 'sgd', 'lr': 0.0031627246525683305, 'weight_decay': 0.0008971874419018039, 'batch_size': 32, 'use_scheduler': True, 'loss_strategy': 'mae'}",-0.21820476254930932,,1.5958579778671265,0.29600512981414795,0.1540859341621399,0.950267493724823,0.8788445591926575,0.39253781239791397,0.9478771922562111,0.3730064928531647,0.7957178354263306,0.7657036550667542
regressor,2d,mlp,220,butina,5,42,0.4283442199230194,0.5703607826174784,0.8004735112190247,0.6370944976806641,0.8440622528990999,0.03454780578613281,0.36693722009658813,0.41414889400005883,"{'hidden_dims': [256, 64, 128, 128], 'dropout': 0.2936535094794301, 'use_layer_norm': True, 'activation': 'gelu', 'optimizer': 'adamw', 'lr': 0.00045956079425598945, 'weight_decay': 0.00981633607493037, 'batch_size': 64, 'use_scheduler': True, 'loss_strategy': 'mse'}",-0.2979641282988308,,0.712441086769104,0.19478528201580048,0.07419993728399277,0.9761477112770081,0.9476045966148376,0.27239665431864757,0.9700650037244747,0.32531142234802246,0.8952066898345947,0.8533578872405668
regressor,2d,mlp,220,butina,3,42,0.39453914761543274,0.5058954586871832,0.7742726802825928,0.7900791168212891,1.0959338592912622,0.1577458381652832,0.41621342301368713,0.360875520639954,"{'hidden_dims': [1024, 512, 128], 'dropout': 0.01304769204845907, 'use_layer_norm': True, 'activation': 'gelu', 'optimizer': 'sgd', 'lr': 0.0003653511023097509, 'weight_decay': 1.8462214677011967e-05, 'batch_size': 32, 'use_scheduler': False, 'loss_strategy': 'huber', 'huber_delta': 1.1037918690327984}",-0.25434717949864577,,1.20107102394104,0.16610263288021088,0.06327653676271439,0.9751249551773071,0.9504897594451904,0.25154827918853745,0.9707539232963363,0.25593021512031555,0.8824331760406494,0.8508883388028768
regressor,2d,mlp,220,butina,2,42,0.4446089565753937,0.5813316903083809,0.6634873151779175,0.982798159122467,1.402205564018248,-0.14663076400756836,0.2865787744522095,0.3426630989428422,"{'hidden_dims': [64, 64, 128, 128], 'dropout': 0.4665102918300712, 'use_layer_norm': True, 'activation': 'gelu', 'optimizer': 'adam', 'lr': 0.00042853636366003956, 'weight_decay': 0.0005893713414881143, 'batch_size': 64, 'use_scheduler': True, 'loss_strategy': 'smooth_l1'}",-0.152797829565677,,1.966180443763733,0.3123253583908081,0.18364126980304718,0.9252244234085083,0.8472780585289001,0.42853386074270394,0.9311862768776344,0.3379465341567993,0.8221399188041687,0.8212060721873954
regressor,2d,mlp,220,butina,4,42,0.46194541454315186,0.6422399309199818,0.7349133491516113,0.7810953259468079,0.9986901944030592,0.08701252937316895,0.4630367159843445,0.4042378102482727,"{'hidden_dims': [1024, 512, 768], 'dropout': 0.34575768753540875, 'use_layer_norm': True, 'activation': 'silu', 'optimizer': 'adam', 'lr': 0.0035630092527355692, 'weight_decay': 0.008365980967143529, 'batch_size': 64, 'use_scheduler': True, 'loss_strategy': 'smooth_l1'}",-0.32065201167552104,,0.9973821043968201,0.25050848722457886,0.10341878980398178,0.9660707712173462,0.9217813014984131,0.32158791924446073,0.9527920686265408,0.412472128868103,0.8586757183074951,0.818164857364464
regressor,2d,mlp,220,butina,1,42,0.3666639029979706,0.5052166541551525,0.7244474291801453,0.8353341221809387,1.0713499290124107,0.07549095153808594,0.42545944452285767,0.46096173767210086,"{'hidden_dims': [256, 1024, 512], 'dropout': 0.21405944489272774, 'use_layer_norm': False, 'activation': 'relu', 'optimizer': 'sgd', 'lr': 0.009438200341894498, 'weight_decay': 0.00010476240163847709, 'batch_size': 256, 'use_scheduler': False, 'loss_strategy': 'mae'}",-0.22706035503937594,,1.1477906703948975,0.18445676565170288,0.07737092673778534,0.9760808944702148,0.941271960735321,0.27815629911577655,0.9709389300393351,0.25524386763572693,0.8532745838165283,0.7907490598928533
regressor,2d,mlp,220,diverse_25,5,42,0.5769936442375183,0.7600941474849836,0.29198217391967773,0.8396345973014832,1.10693359375,0.11451506614685059,0.3863084316253662,0.3590600289748573,"{'hidden_dims': [64, 128, 64, 256], 'dropout': 0.40317039152476425, 'use_layer_norm': False, 'activation': 'gelu', 'optimizer': 'adam', 'lr': 0.009456937211280263, 'weight_decay': 6.952263511288575e-05, 'batch_size': 128, 'use_scheduler': True, 'loss_strategy': 'huber', 'huber_delta': 1.886783055591633}",-0.4910022359821969,,1.22530198097229,0.19108177721500397,0.0724104568362236,0.9728381633758545,0.9387403726577759,0.2690919115027867,0.9712739955617213,0.5777431130409241,0.5406945943832397,0.5612909998633251
regressor,2d,mlp,220,diverse_25,3,42,0.6736294627189636,0.8862050454772837,0.1809830665588379,0.6403900384902954,0.8437704154476383,0.2385941743850708,0.49696552753448486,0.5320630269084861,"{'hidden_dims': [1024, 768, 256], 'dropout': 0.0069044256373335154, 'use_layer_norm': True, 'activation': 'relu', 'optimizer': 'adam', 'lr': 0.0024294515112982863, 'weight_decay': 0.00021598868411068896, 'batch_size': 128, 'use_scheduler': True, 'loss_strategy': 'mse'}",-0.12290766849761636,,0.7119485139846802,0.5227662324905396,0.5826228857040405,0.7778063416481018,0.55140221118927,0.7632973769796674,0.8794477705555016,0.7853593826293945,0.4371787905693054,0.49638784197468544
regressor,2d,mlp,220,diverse_25,2,42,0.7423235177993774,0.9441659452857022,0.31993037462234497,0.858663022518158,1.0930198957407162,-0.13057351112365723,0.21526460349559784,0.3249478451663033,"{'hidden_dims': [128, 1024, 768], 'dropout': 0.2268799219732825, 'use_layer_norm': False, 'activation': 'silu', 'optimizer': 'adamw', 'lr': 0.003756759296644294, 'weight_decay': 5.84482792868917e-06, 'batch_size': 256, 'use_scheduler': False, 'loss_strategy': 'mse'}",-0.645279608190138,,1.1946924924850464,0.22825276851654053,0.08933304250240326,0.9721140265464783,0.9217701554298401,0.2988863370955642,0.9742244467290545,0.8914493322372437,0.5764813423156738,0.4662881139478435
regressor,2d,mlp,220,diverse_25,4,42,0.7508251070976257,0.9318464839468812,0.19881170988082886,0.81021648645401,1.1009410972222435,0.11647474765777588,0.36896371841430664,0.43129495029819404,"{'hidden_dims': [64, 512], 'dropout': 0.17431311845511951, 'use_layer_norm': True, 'activation': 'gelu', 'optimizer': 'adam', 'lr': 0.00031755946008190457, 'weight_decay': 0.0029902030723860107, 'batch_size': 32, 'use_scheduler': True, 'loss_strategy': 'mae'}",-0.4846273873472098,,1.2120712995529175,0.3588402569293976,0.2000049203634262,0.9399462342262268,0.8208446502685547,0.4472190965996714,0.9558051199304117,0.868337869644165,0.45192646980285645,0.4216593820553128
regressor,2d,mlp,220,diverse_25,1,42,0.7650983333587646,1.0133217738040172,0.24441808462142944,0.680945873260498,0.9236420651716746,0.17678862810134888,0.45864948630332947,0.5180675800789993,"{'hidden_dims': [512, 64, 768, 256], 'dropout': 0.1555249635855276, 'use_layer_norm': True, 'activation': 'gelu', 'optimizer': 'adam', 'lr': 0.002331957634145293, 'weight_decay': 0.008098073862370329, 'batch_size': 64, 'use_scheduler': True, 'loss_strategy': 'smooth_l1'}",-0.5147719418338277,,0.853114664554596,0.3183939456939697,0.24855193495750427,0.8928497433662415,0.7863070964813232,0.4985498319701896,0.9439074255021299,1.0268210172653198,0.5098586678504944,0.5186394113983318
regressor,2d,mlp,260,scaffold,5,42,0.4511093199253082,0.6008231338167873,0.7495415210723877,0.602817714214325,0.7871253908861222,0.5202264785766602,0.7218905091285706,0.7299576715531799,"{'hidden_dims': [1024], 'dropout': 0.2431989833884517, 'use_layer_norm': True, 'activation': 'leaky_relu', 'optimizer': 'adam', 'lr': 0.0001284238543545561, 'weight_decay': 2.2989809782874497e-05, 'batch_size': 64, 'use_scheduler': True, 'loss_strategy': 'huber', 'huber_delta': 1.623416272514778}",-0.4975294805842907,,0.6195663809776306,0.07864575833082199,0.010669578798115253,0.9956049919128418,0.9910868406295776,0.10329365323249659,0.9955508706121392,0.36098843812942505,0.8677445650100708,0.868346779069518
regressor,2d,mlp,260,scaffold,3,42,0.43992334604263306,0.5489182584878579,0.7324074506759644,0.5924219489097595,0.7478723148028041,0.6580018997192383,0.8172970414161682,0.819474827502711,"{'hidden_dims': [512, 64, 512, 1024], 'dropout': 0.25137414087461857, 'use_layer_norm': False, 'activation': 'leaky_relu', 'optimizer': 'sgd', 'lr': 0.0007527184797360567, 'weight_decay': 8.777528883325853e-06, 'batch_size': 256, 'use_scheduler': True, 'loss_strategy': 'mae'}",-0.10971965597975752,,0.5593129992485046,0.3223951458930969,0.19289541244506836,0.9174630641937256,0.8305323719978333,0.4391986025081004,0.9225485851236275,0.3013112545013428,0.8596111536026001,0.85993836035614
regressor,2d,mlp,260,scaffold,2,42,0.4293161630630493,0.5625768185189685,0.732828676700592,0.4575628638267517,0.581601822931366,0.6909047365188599,0.8321042060852051,0.842362389277955,"{'hidden_dims': [256], 'dropout': 0.18867479059493078, 'use_layer_norm': True, 'activation': 'gelu', 'optimizer': 'adamw', 'lr': 0.00016219345914959645, 'weight_decay': 0.005278339810051935, 'batch_size': 128, 'use_scheduler': True, 'loss_strategy': 'mae'}",-0.35678601127324716,,0.338260680437088,0.1515583097934723,0.04234985634684563,0.984042227268219,0.966761589050293,0.20579080724572132,0.987654670614052,0.3164926767349243,0.8568252921104431,0.8412673841837193
regressor,2d,mlp,260,scaffold,4,42,0.4431375563144684,0.5580175669307884,0.7729554772377014,0.7789091467857361,1.0549019489554918,0.02691119909286499,0.5732434988021851,0.615570594916531,"{'hidden_dims': [768], 'dropout': 0.4295151348713441, 'use_layer_norm': False, 'activation': 'leaky_relu', 'optimizer': 'adam', 'lr': 0.00502634458274283, 'weight_decay': 1.0393943605061973e-06, 'batch_size': 32, 'use_scheduler': True, 'loss_strategy': 'smooth_l1'}",-0.26604410904682446,,1.1128181219100952,0.22486251592636108,0.08524850010871887,0.9652555584907532,0.9316251277923584,0.29197345788396395,0.9671839487647773,0.31138360500335693,0.8817170858383179,0.8871316937075995
regressor,2d,mlp,260,scaffold,1,42,0.35948631167411804,0.502088595266456,0.7862732410430908,0.5599059462547302,0.7395017516223108,0.4442157745361328,0.7000545859336853,0.6808225838303172,"{'hidden_dims': [512, 64, 512, 768], 'dropout': 0.09218139731100594, 'use_layer_norm': True, 'activation': 'gelu', 'optimizer': 'sgd', 'lr': 0.0013583489817026169, 'weight_decay': 6.256496010602667e-06, 'batch_size': 32, 'use_scheduler': True, 'loss_strategy': 'mae'}",-0.3013309673505629,,0.5468628406524658,0.14875733852386475,0.04030362516641617,0.9844996333122253,0.9691111445426941,0.20075762791589308,0.985795572973467,0.25209295749664307,0.8875263929367065,0.8740124662906072
regressor,2d,mlp,260,random,5,42,0.4599822759628296,0.6098469349462529,0.7168669104576111,0.481473445892334,0.6237590868637742,0.6626440286636353,0.8203825354576111,0.8172366082711567,"{'hidden_dims': [768], 'dropout': 0.0332379158354368, 'use_layer_norm': True, 'activation': 'leaky_relu', 'optimizer': 'sgd', 'lr': 0.00014692031265722434, 'weight_decay': 2.2939419953328346e-05, 'batch_size': 64, 'use_scheduler': True, 'loss_strategy': 'mse'}",-0.4809212083421929,,0.3890753984451294,0.09249726682901382,0.016621842980384827,0.9935369491577148,0.9867123961448669,0.12892572660406001,0.9934938680424927,0.37191328406333923,0.8480732440948486,0.8389685991003404
regressor,2d,mlp,260,random,3,42,0.46727728843688965,0.6093558039453844,0.6677529811859131,0.46091195940971375,0.6118582721095217,0.6899330019950867,0.8348986506462097,0.8387527585960475,"{'hidden_dims': [768], 'dropout': 0.46735354534225454, 'use_layer_norm': True, 'activation': 'leaky_relu', 'optimizer': 'adam', 'lr': 7.504723733423634e-05, 'weight_decay': 0.009687840298522231, 'batch_size': 64, 'use_scheduler': False, 'loss_strategy': 'huber', 'huber_delta': 1.7335128696228523}",-0.32949978185839346,,0.3743705451488495,0.2163027971982956,0.07831939309835434,0.971304178237915,0.9376563429832458,0.2798560220869909,0.972251686460354,0.37131449580192566,0.819851279258728,0.7908091210266798
regressor,2d,mlp,260,random,2,42,0.5014423727989197,0.6629255772256926,0.6570918560028076,0.44539204239845276,0.6355022206061319,0.6695874929428101,0.8221790194511414,0.8383126438748584,"{'hidden_dims': [512], 'dropout': 0.21728001735592464, 'use_layer_norm': True, 'activation': 'relu', 'optimizer': 'adamw', 'lr': 0.00015489866792895034, 'weight_decay': 0.0003405985441552551, 'batch_size': 128, 'use_scheduler': True, 'loss_strategy': 'mae'}",-0.4699277902204836,,0.4038630723953247,0.1420363336801529,0.037248145788908005,0.9862464666366577,0.9698007702827454,0.19299778700520895,0.9885728560307192,0.4394703209400177,0.8115335702896118,0.7785796286241162
regressor,2d,mlp,260,random,4,42,0.42669805884361267,0.5530230034791415,0.7821595668792725,0.4512702524662018,0.6187218052769228,0.6908428072929382,0.8379626274108887,0.8427308722147053,"{'hidden_dims': [256, 1024, 768], 'dropout': 0.18483290639523953, 'use_layer_norm': True, 'activation': 'relu', 'optimizer': 'adam', 'lr': 9.295501450527116e-05, 'weight_decay': 0.0001145170781518046, 'batch_size': 32, 'use_scheduler': True, 'loss_strategy': 'mae'}",-0.4008110581579827,,0.3828166723251343,0.1188206672668457,0.023168476298451424,0.9941298365592957,0.9809497594833374,0.15221194532115875,0.9945828248050012,0.30583444237709045,0.8848311901092529,0.8756561842434017
regressor,2d,mlp,260,random,1,42,0.4109627306461334,0.5485972668984032,0.7365944981575012,0.48416808247566223,0.6368767010008134,0.7013713121414185,0.8402627110481262,0.8272866939957908,"{'hidden_dims': [768, 128], 'dropout': 0.4324716505490082, 'use_layer_norm': True, 'activation': 'silu', 'optimizer': 'sgd', 'lr': 0.005092059498452586, 'weight_decay': 1.6145109368478199e-06, 'batch_size': 32, 'use_scheduler': True, 'loss_strategy': 'smooth_l1'}",-0.3129397856366244,,0.40561193227767944,0.1786564290523529,0.055534448474645615,0.9772961735725403,0.9540337324142456,0.23565748126177877,0.9780387904753127,0.3009589612483978,0.8584752082824707,0.8758044467944224
regressor,2d,mlp,260,umap,5,42,0.4539887011051178,0.6275081613853396,0.6491798162460327,0.6918461322784424,0.8485614847600151,0.48488742113113403,0.73554527759552,0.625480833453686,"{'hidden_dims': [1024], 'dropout': 0.4202917767215946, 'use_layer_norm': True, 'activation': 'leaky_relu', 'optimizer': 'adam', 'lr': 5.356157498839519e-05, 'weight_decay': 0.00028512843401594796, 'batch_size': 128, 'use_scheduler': False, 'loss_strategy': 'mse'}",-0.4490126548300384,,0.7200565934181213,0.1338530033826828,0.03186064586043358,0.9870902299880981,0.9730890393257141,0.17849550655530122,0.9875288721202697,0.39376649260520935,0.8078303933143616,0.7991080963026638
regressor,2d,mlp,260,umap,3,42,0.4008233845233917,0.5268788301593398,0.727942705154419,0.7587504982948303,0.9564066503031915,0.2745193839073181,0.5810067653656006,0.5715890015328833,"{'hidden_dims': [128, 512, 128], 'dropout': 0.3959944782476141, 'use_layer_norm': True, 'activation': 'gelu', 'optimizer': 'sgd', 'lr': 0.0025928032060493454, 'weight_decay': 0.0007783253557051255, 'batch_size': 32, 'use_scheduler': True, 'loss_strategy': 'smooth_l1'}",-0.19814406787106364,,0.9147136807441711,0.24850481748580933,0.10806654393672943,0.9589825868606567,0.9123266935348511,0.32873476228827614,0.9607649462549527,0.27760130167007446,0.856631875038147,0.8536946037063683
regressor,2d,mlp,260,umap,2,42,0.373333603143692,0.5189370794651772,0.7611905336380005,1.1680338382720947,1.3871894574822907,-1.0304441452026367,0.238496795296669,0.24714725578625413,"{'hidden_dims': [512, 256, 1024, 256], 'dropout': 0.408635582069852, 'use_layer_norm': True, 'activation': 'gelu', 'optimizer': 'adamw', 'lr': 0.007194303189091717, 'weight_decay': 7.63316279457496e-05, 'batch_size': 256, 'use_scheduler': False, 'loss_strategy': 'huber', 'huber_delta': 1.8930337182305232}",-0.3568412632935732,,1.9242945909500122,0.12781493365764618,0.02627505362033844,0.9930857419967651,0.9791815280914307,0.162095816171604,0.9933504980891654,0.26929569244384766,0.8739253878593445,0.8764867341165068
regressor,2d,mlp,260,umap,4,42,0.4316859245300293,0.5557443999824716,0.7510453462600708,0.9020711779594421,1.0969875375775255,0.20198661088943481,0.47797346115112305,0.39156093948520054,"{'hidden_dims': [768, 512], 'dropout': 0.3429868385916326, 'use_layer_norm': True, 'activation': 'relu', 'optimizer': 'adamw', 'lr': 8.310317142206866e-05, 'weight_decay': 0.002641124233329749, 'batch_size': 32, 'use_scheduler': True, 'loss_strategy': 'smooth_l1'}",-0.2974330329841947,,1.2033816576004028,0.2082931250333786,0.0667247623205185,0.9837602972984314,0.942940354347229,0.2583113669982769,0.9850701724503809,0.30885183811187744,0.8668152093887329,0.8799940086065867
regressor,2d,mlp,260,umap,1,42,0.5127268433570862,0.6738554575808426,0.6436996459960938,0.7689383029937744,0.986340815396393,-0.18392682075500488,0.3413112163543701,0.37337983156361626,"{'hidden_dims': [64], 'dropout': 0.16736899128970406, 'use_layer_norm': False, 'activation': 'gelu', 'optimizer': 'sgd', 'lr': 0.0018970689188186334, 'weight_decay': 0.001946185705635736, 'batch_size': 32, 'use_scheduler': False, 'loss_strategy': 'huber', 'huber_delta': 1.9689117295220562}",-0.22064473365712,,0.9728682041168213,0.3525714874267578,0.20539996027946472,0.9221991300582886,0.8473200798034668,0.45321072392372264,0.9248092172825078,0.4540811777114868,0.8023887872695923,0.8154464823075095
regressor,2d,mlp,260,time,5,42,0.41383180022239685,0.5672916726532524,0.7355445623397827,0.657792329788208,0.9064721131261887,0.2664530277252197,0.5528659820556641,0.5825741952996931,"{'hidden_dims': [512, 256, 128], 'dropout': 0.2796592040936123, 'use_layer_norm': True, 'activation': 'leaky_relu', 'optimizer': 'sgd', 'lr': 0.0054346717579758196, 'weight_decay': 0.0005239431297451245, 'batch_size': 32, 'use_scheduler': False, 'loss_strategy': 'mae'}",-0.39721399813682856,,0.8216916918754578,0.13007088005542755,0.028926415368914604,0.9917917251586914,0.9771744608879089,0.17007767451642383,0.9927274845233991,0.32181984186172485,0.8578078150749207,0.8617227939365308
regressor,2d,mlp,260,time,3,42,0.3555990755558014,0.4849581899269369,0.8052221536636353,0.9232088923454285,1.178996003452351,-0.21462225914001465,0.23518922924995422,0.23150555786113666,"{'hidden_dims': [256, 768, 64], 'dropout': 0.3605402369847254, 'use_layer_norm': True, 'activation': 'gelu', 'optimizer': 'adam', 'lr': 0.006852748637200887, 'weight_decay': 2.3230171284242313e-05, 'batch_size': 32, 'use_scheduler': False, 'loss_strategy': 'huber', 'huber_delta': 1.7118578749287985}",-0.24065023335462452,,1.3900315761566162,0.18124650418758392,0.05968637764453888,0.983003556728363,0.9503524899482727,0.24430795657231238,0.9826685004400975,0.235184445977211,0.8980151414871216,0.8926636023009307
regressor,2d,mlp,260,time,2,42,0.3548259437084198,0.43639337705753567,0.8449287414550781,0.7788943648338318,0.9849925147900122,0.17080622911453247,0.44527101516723633,0.49032775142944324,"{'hidden_dims': [64, 128, 768], 'dropout': 0.3886533239227919, 'use_layer_norm': False, 'activation': 'silu', 'optimizer': 'adamw', 'lr': 9.200539478119356e-05, 'weight_decay': 1.9706576528505065e-05, 'batch_size': 32, 'use_scheduler': True, 'loss_strategy': 'smooth_l1'}",-0.08112472442388657,,0.9702102541923523,0.2578570544719696,0.12621581554412842,0.9545810222625732,0.9056189656257629,0.3552686526336491,0.9539699473467158,0.19043917953968048,0.9195022583007812,0.9070089492199968
regressor,2d,mlp,260,time,4,42,0.40356189012527466,0.556006676249592,0.784827709197998,0.7266797423362732,0.9612787462656205,0.17886656522750854,0.4329378604888916,0.46338407615491933,"{'hidden_dims': [1024], 'dropout': 0.3620203065959555, 'use_layer_norm': True, 'activation': 'relu', 'optimizer': 'sgd', 'lr': 0.002470405728933631, 'weight_decay': 0.0043933047851493455, 'batch_size': 128, 'use_scheduler': False, 'loss_strategy': 'smooth_l1'}",-0.4200126299166611,,0.9240568280220032,0.1054520532488823,0.01849438063800335,0.9928555488586426,0.9848702549934387,0.13599404633293088,0.9929706749485406,0.30914342403411865,0.8876827359199524,0.8942756779493465
regressor,2d,mlp,260,time,1,42,0.33443212509155273,0.4208574385710872,0.813676118850708,0.8952587842941284,1.1169789259620775,-0.09265697002410889,0.24953946471214294,0.21558613933705076,"{'hidden_dims': [1024, 64], 'dropout': 0.15353825346553576, 'use_layer_norm': True, 'activation': 'gelu', 'optimizer': 'adam', 'lr': 0.00016218323738621587, 'weight_decay': 0.00045270810888915395, 'batch_size': 32, 'use_scheduler': False, 'loss_strategy': 'smooth_l1'}",-0.22314100467565579,,1.247641921043396,0.14675158262252808,0.03909178823232651,0.9888247847557068,0.97361820936203,0.19771643389543142,0.9906688493794116,0.17712098360061646,0.9021648168563843,0.9112292046076438
regressor,2d,mlp,260,butina,5,42,0.40086767077445984,0.5214518561921737,0.756765604019165,0.7615386843681335,0.9863649266997241,0.46557044982910156,0.7260745763778687,0.7436255239291927,"{'hidden_dims': [512, 768], 'dropout': 0.44163990894708605, 'use_layer_norm': False, 'activation': 'leaky_relu', 'optimizer': 'sgd', 'lr': 0.004849192405347321, 'weight_decay': 1.3326163134084077e-05, 'batch_size': 128, 'use_scheduler': False, 'loss_strategy': 'mae'}",-0.23207998998706575,,0.972915768623352,0.20651119947433472,0.08373607695102692,0.9599418640136719,0.9191384315490723,0.28937186620510796,0.9626637015742622,0.2719120383262634,0.8703404664993286,0.8731449043979671
regressor,2d,mlp,260,butina,3,42,0.4511449635028839,0.5875084987999626,0.7671681046485901,0.8452396392822266,1.0514654605070402,-0.11301016807556152,0.3127087652683258,0.29588640715621645,"{'hidden_dims': [512, 256], 'dropout': 0.1405599834787737, 'use_layer_norm': True, 'activation': 'gelu', 'optimizer': 'adam', 'lr': 0.0008611897424922577, 'weight_decay': 2.7848207852027224e-06, 'batch_size': 64, 'use_scheduler': True, 'loss_strategy': 'huber', 'huber_delta': 0.8762484832894093}",-0.2640454570010143,,1.1055796146392822,0.2437436431646347,0.10462833940982819,0.958172082901001,0.9175741076469421,0.3234630417989483,0.9628834866130689,0.34516623616218567,0.8773109316825867,0.8768747457499928
regressor,2d,mlp,260,butina,2,42,0.37052950263023376,0.46638261297449074,0.8057193756103516,0.7152804732322693,0.8541389127424736,0.3425704836845398,0.6301314234733582,0.606326401505071,"{'hidden_dims': [768], 'dropout': 0.4167563353941925, 'use_layer_norm': True, 'activation': 'leaky_relu', 'optimizer': 'adam', 'lr': 0.0001358314587572601, 'weight_decay': 6.636126401623578e-05, 'batch_size': 64, 'use_scheduler': False, 'loss_strategy': 'smooth_l1'}",-0.31022490225953736,,0.7295532822608948,0.12063372880220413,0.024385230615735054,0.9908912181854248,0.9808371067047119,0.15615771071495335,0.991079399209699,0.21751274168491364,0.898419201374054,0.8826418331521729
regressor,2d,mlp,260,butina,4,42,0.40883928537368774,0.5219111321555953,0.8204125165939331,1.107115626335144,1.3451545826452616,-0.9256108999252319,0.07512715458869934,-0.02736669661062054,"{'hidden_dims': [64], 'dropout': 0.28647010527623057, 'use_layer_norm': False, 'activation': 'silu', 'optimizer': 'adam', 'lr': 0.005596084775351101, 'weight_decay': 0.0011907057353411391, 'batch_size': 32, 'use_scheduler': True, 'loss_strategy': 'mse'}",-0.26479764046833937,,1.8094408512115479,0.20132261514663696,0.06610734760761261,0.9744524955749512,0.9486516118049622,0.2571134916872559,0.9752455735979599,0.2723912298679352,0.906935453414917,0.9025718221576946
regressor,2d,mlp,260,butina,1,42,0.4390028119087219,0.5959220608980234,0.7015973329544067,0.49633675813674927,0.6807472035928113,0.48285984992980957,0.7109928727149963,0.6785115314460815,"{'hidden_dims': [1024], 'dropout': 0.45514378705799796, 'use_layer_norm': True, 'activation': 'relu', 'optimizer': 'adam', 'lr': 4.081385892634635e-05, 'weight_decay': 0.0005624214816127608, 'batch_size': 128, 'use_scheduler': False, 'loss_strategy': 'smooth_l1'}",-0.4525180032152311,,0.4634167551994324,0.10729267448186874,0.020564723759889603,0.9925384521484375,0.9835672974586487,0.14340405768279224,0.9927120226999893,0.3551231026649475,0.8402235507965088,0.8473491165259407
regressor,2d,mlp,260,diverse_25,5,42,0.6573516130447388,0.8275063561140662,0.3837233781814575,0.8487789630889893,1.0870904633675795,0.11067724227905273,0.49555519223213196,0.46827233943984287,"{'hidden_dims': [64, 1024], 'dropout': 0.37624721527218374, 'use_layer_norm': True, 'activation': 'gelu', 'optimizer': 'adamw', 'lr': 0.0055858812017660405, 'weight_decay': 3.473723771919801e-06, 'batch_size': 32, 'use_scheduler': True, 'loss_strategy': 'huber', 'huber_delta': 1.0136169301687026}",-0.3824834155071406,,1.1817656755447388,0.35821688175201416,0.19804541766643524,0.9381841421127319,0.841667890548706,0.4450229406069256,0.948817724732087,0.6847667694091797,0.6316673755645752,0.6412030429602384
regressor,2d,mlp,260,diverse_25,3,42,0.7242454290390015,0.9022467424836497,0.4790613055229187,0.7587112188339233,0.9783856577801435,0.19705182313919067,0.5353683233261108,0.477365927829305,"{'hidden_dims': [256, 768, 256], 'dropout': 0.3101862394624354, 'use_layer_norm': True, 'activation': 'relu', 'optimizer': 'sgd', 'lr': 0.0012846832527238082, 'weight_decay': 0.00041892115708290977, 'batch_size': 64, 'use_scheduler': False, 'loss_strategy': 'smooth_l1'}",-0.6137102729871449,,0.957238495349884,0.22852754592895508,0.08325329422950745,0.9793320894241333,0.9300603866577148,0.2885364694965048,0.9826786217444221,0.8140491843223572,0.6929282546043396,0.689869439900204
regressor,2d,mlp,260,diverse_25,2,42,0.699238657951355,0.8495595983195966,0.49901747703552246,0.763809323310852,0.9659356182454001,0.286323606967926,0.5438085794448853,0.5334694899089746,"{'hidden_dims': [1024], 'dropout': 0.17145778492657732, 'use_layer_norm': False, 'activation': 'silu', 'optimizer': 'sgd', 'lr': 0.0033344062650848124, 'weight_decay': 0.00010292626827740255, 'batch_size': 32, 'use_scheduler': True, 'loss_strategy': 'mse'}",-0.20508127074711957,,0.9330316185951233,0.5181494355201721,0.41535231471061707,0.821899950504303,0.6495236158370972,0.644478327572477,0.8258559438064105,0.7217515110969543,0.7282012104988098,0.6937561947557543
regressor,2d,mlp,260,diverse_25,4,42,0.6675243973731995,0.8096257502552519,0.48534536361694336,0.7095276713371277,0.8713154874076878,0.344348669052124,0.6090360283851624,0.5907671435066078,"{'hidden_dims': [1024, 256, 64, 64], 'dropout': 0.41238988919896175, 'use_layer_norm': False, 'activation': 'silu', 'optimizer': 'adam', 'lr': 0.0012254212489475702, 'weight_decay': 2.3737782728978045e-06, 'batch_size': 64, 'use_scheduler': True, 'loss_strategy': 'huber', 'huber_delta': 1.364660385721172}",-0.17043430784212887,,0.7591906785964966,0.48162493109703064,0.4085657000541687,0.834987998008728,0.6793055534362793,0.639191442413123,0.8336928545928163,0.6554938554763794,0.7033788561820984,0.7289049875853346
regressor,2d,mlp,260,diverse_25,1,42,0.6936975121498108,0.8840739934234157,0.43243926763534546,0.6886900663375854,0.8770757644640855,0.38348156213760376,0.6234489679336548,0.6261833872328557,"{'hidden_dims': [768, 1024], 'dropout': 0.3084417125885932, 'use_layer_norm': True, 'activation': 'relu', 'optimizer': 'sgd', 'lr': 0.002701051581377468, 'weight_decay': 1.0145851132155617e-05, 'batch_size': 32, 'use_scheduler': True, 'loss_strategy': 'mae'}",-0.5822076235490372,,0.76926189661026,0.24008864164352417,0.0911233052611351,0.96464604139328,0.9234632253646851,0.30186636987437854,0.9649807844884895,0.7815868258476257,0.6612964272499084,0.6556864710806194
regressor,2d,mlp,262,scaffold,5,42,0.4207422137260437,0.5712196242689259,0.7663568258285522,0.5941410064697266,0.7568853940494173,0.41017061471939087,0.6535084247589111,0.6329642554604912,"{'hidden_dims': [1024], 'dropout': 0.4592672633254065, 'use_layer_norm': False, 'activation': 'gelu', 'optimizer': 'adam', 'lr': 0.006359899953321943, 'weight_decay': 0.0005809027285558462, 'batch_size': 32, 'use_scheduler': True, 'loss_strategy': 'huber', 'huber_delta': 0.9833248303436963}",-0.3072833678812306,,0.5728754997253418,0.20753347873687744,0.06966234743595123,0.9707496166229248,0.9418757557868958,0.2639362563876953,0.9719723086192065,0.32629185914993286,0.878169059753418,0.8654547164767625
regressor,2d,mlp,262,scaffold,3,42,0.5580723285675049,0.7754621496770926,0.5249136686325073,0.7099589705467224,0.9460757618461166,0.3245924115180969,0.6127825975418091,0.5616378097952455,"{'hidden_dims': [128], 'dropout': 0.05228285521454486, 'use_layer_norm': True, 'activation': 'gelu', 'optimizer': 'adam', 'lr': 0.00280480866027685, 'weight_decay': 1.3533863330920937e-05, 'batch_size': 64, 'use_scheduler': True, 'loss_strategy': 'smooth_l1'}",-0.623689529068032,,0.89505934715271,0.10894686728715897,0.023034928366541862,0.9897964596748352,0.9793768525123596,0.15177262060906066,0.9903460681820226,0.6013415455818176,0.7289705872535706,0.715567512174476
regressor,2d,mlp,262,scaffold,2,42,0.41448870301246643,0.5449820864646959,0.7561874389648438,0.6684155464172363,0.9173475720445025,0.27890318632125854,0.5749832391738892,0.5693986559927541,"{'hidden_dims': [64, 128, 512], 'dropout': 0.4280589238456467, 'use_layer_norm': True, 'activation': 'leaky_relu', 'optimizer': 'adamw', 'lr': 0.0010371738204263846, 'weight_decay': 0.0004481296699127414, 'batch_size': 32, 'use_scheduler': True, 'loss_strategy': 'smooth_l1'}",-0.3469519817945932,,0.8415265679359436,0.14370468258857727,0.039215922355651855,0.9837595224380493,0.9666450023651123,0.19803010467010276,0.9864333205957543,0.29700547456741333,0.8703914880752563,0.8470960572479986
regressor,2d,mlp,262,scaffold,4,42,0.49170953035354614,0.6559329856655424,0.5524780750274658,0.5933416485786438,0.7827124830604216,0.4948422312736511,0.7343356609344482,0.7233957817221829,"{'hidden_dims': [64, 768], 'dropout': 0.20705360508461154, 'use_layer_norm': True, 'activation': 'relu', 'optimizer': 'adam', 'lr': 0.007327675429673756, 'weight_decay': 0.0006528758947936635, 'batch_size': 64, 'use_scheduler': True, 'loss_strategy': 'smooth_l1'}",-0.5208291822179063,,0.6126388311386108,0.10532864183187485,0.018253037706017494,0.9939596652984619,0.9844683408737183,0.13510380344763612,0.9935790888170917,0.43024808168411255,0.7695379257202148,0.7791973378154696
regressor,2d,mlp,262,scaffold,1,42,0.45763230323791504,0.5663980943816127,0.7407660484313965,0.7790063619613647,1.0266308649950624,0.054479777812957764,0.4719448387622833,0.4866139919969932,"{'hidden_dims': [768, 64, 256], 'dropout': 0.04832085390295454, 'use_layer_norm': True, 'activation': 'gelu', 'optimizer': 'adamw', 'lr': 0.0010166284029035609, 'weight_decay': 1.5173999222245558e-06, 'batch_size': 32, 'use_scheduler': True, 'loss_strategy': 'mae'}",-0.31165936031055025,,1.0539709329605103,0.19081225991249084,0.06489182263612747,0.9772754907608032,0.9452205896377563,0.25473873407106246,0.9793459456778384,0.3208068013191223,0.8615610599517822,0.8381281686722991
regressor,2d,mlp,262,random,5,42,0.4443681836128235,0.6220576645839411,0.7352034449577332,0.5051339864730835,0.6608244544495468,0.5956515669822693,0.773948609828949,0.7675183982359983,"{'hidden_dims': [1024], 'dropout': 0.2734424855306758, 'use_layer_norm': True, 'activation': 'leaky_relu', 'optimizer': 'adam', 'lr': 0.00038278551033351163, 'weight_decay': 1.6632979961805286e-05, 'batch_size': 64, 'use_scheduler': True, 'loss_strategy': 'mse'}",-0.50327352402975,,0.43668895959854126,0.08955787867307663,0.014109672047197819,0.9940356016159058,0.9879410862922668,0.11878414055419106,0.9939891297432156,0.38695573806762695,0.8588387966156006,0.8864170478587051
regressor,2d,mlp,262,random,3,42,0.4306008815765381,0.5652447070144317,0.684406042098999,0.5467512607574463,0.7435832501860672,0.5554845929145813,0.7502124309539795,0.7618464738242821,"{'hidden_dims': [512, 768, 128], 'dropout': 0.27040030650138513, 'use_layer_norm': True, 'activation': 'gelu', 'optimizer': 'adamw', 'lr': 0.0012255830442110338, 'weight_decay': 0.0008269933428037942, 'batch_size': 64, 'use_scheduler': False, 'loss_strategy': 'mse'}",-0.14871452356153653,,0.5529160499572754,0.3189871311187744,0.17349739372730255,0.9239676594734192,0.8520511388778687,0.4165301834528952,0.9350350559885282,0.3195015788078308,0.8288413286209106,0.8317705527496909
regressor,2d,mlp,262,random,2,42,0.4480052888393402,0.578113066060381,0.6543456315994263,0.5669056177139282,0.7958952546787394,0.48961973190307617,0.7088807821273804,0.6975659592054807,"{'hidden_dims': [64, 1024, 256], 'dropout': 0.10699923877761533, 'use_layer_norm': False, 'activation': 'leaky_relu', 'optimizer': 'sgd', 'lr': 0.004224295613195349, 'weight_decay': 0.0027113326872252796, 'batch_size': 64, 'use_scheduler': False, 'loss_strategy': 'mse'}",-0.3325528242176562,,0.6334492564201355,0.18369553983211517,0.0602998323738575,0.9759570360183716,0.9490032196044922,0.24556024184272482,0.9793911944733262,0.3342147171497345,0.8155670166015625,0.79804491625055
regressor,2d,mlp,262,random,4,42,0.3876033425331116,0.5633217319539153,0.721733808517456,0.47166115045547485,0.6223536733822167,0.6597660183906555,0.8128207325935364,0.809044857028334,"{'hidden_dims': [768], 'dropout': 0.1493039669028197, 'use_layer_norm': True, 'activation': 'relu', 'optimizer': 'adam', 'lr': 3.265983804723442e-05, 'weight_decay': 0.0014143857823589834, 'batch_size': 32, 'use_scheduler': True, 'loss_strategy': 'mae'}",-0.4140702190986536,,0.38732409477233887,0.09978929907083511,0.02227601408958435,0.9915233850479126,0.9813202619552612,0.1492515128552617,0.9930607680455893,0.31733137369155884,0.8518977761268616,0.811393409728848
regressor,2d,mlp,262,random,1,42,0.47465959191322327,0.608421925294948,0.6294291019439697,0.5606843829154968,0.7331210042156783,0.5425124764442444,0.7433028221130371,0.718306790460147,"{'hidden_dims': [512], 'dropout': 0.20597649169317933, 'use_layer_norm': True, 'activation': 'silu', 'optimizer': 'adamw', 'lr': 0.00021636361921113884, 'weight_decay': 0.00017484478274588944, 'batch_size': 64, 'use_scheduler': True, 'loss_strategy': 'smooth_l1'}",-0.46524413548692845,,0.5374664068222046,0.10049402713775635,0.020499879494309425,0.9915517568588257,0.9828864932060242,0.14317778980801954,0.992621543573414,0.3701772391796112,0.7996522188186646,0.755362291869324
regressor,2d,mlp,262,umap,5,42,0.45210209488868713,0.5903967986693337,0.690612256526947,1.1958330869674683,1.3810253771937007,-1.1348950862884521,0.09970447421073914,0.09324773503717913,"{'hidden_dims': [512], 'dropout': 0.0511693733955777, 'use_layer_norm': True, 'activation': 'leaky_relu', 'optimizer': 'sgd', 'lr': 0.0001804999528666027, 'weight_decay': 4.151949801140821e-06, 'batch_size': 32, 'use_scheduler': False, 'loss_strategy': 'mae'}",-0.43531013575669897,,1.907231092453003,0.10563536733388901,0.02405187301337719,0.9902018904685974,0.9785786867141724,0.15508666291263473,0.9900728648167545,0.3485683798789978,0.8327282667160034,0.8180394385930373
regressor,2d,mlp,262,umap,3,42,0.48213452100753784,0.651069126821598,0.611640214920044,0.9272840023040771,1.114308094491583,-0.49027061462402344,-0.033033404499292374,-0.020168343357104688,"{'hidden_dims': [64, 256, 128], 'dropout': 0.15533787692831738, 'use_layer_norm': True, 'activation': 'gelu', 'optimizer': 'adam', 'lr': 0.0021426832186933276, 'weight_decay': 0.00010841053410163105, 'batch_size': 32, 'use_scheduler': True, 'loss_strategy': 'mae'}",-0.4361567752419726,,1.241682529449463,0.1616380512714386,0.04618731886148453,0.9824690222740173,0.9632853865623474,0.21491235157962543,0.9835008615695068,0.42389100790023804,0.7890450358390808,0.7897752925997702
regressor,2d,mlp,262,umap,2,42,0.527133584022522,0.6980263970119222,0.5398682355880737,1.0335708856582642,1.2394508109325082,-0.06395041942596436,0.16118139028549194,0.16185192971976717,"{'hidden_dims': [256], 'dropout': 0.005148155268795211, 'use_layer_norm': True, 'activation': 'relu', 'optimizer': 'adamw', 'lr': 0.00023454562006288663, 'weight_decay': 1.8741224440157752e-06, 'batch_size': 32, 'use_scheduler': True, 'loss_strategy': 'mae'}",-0.5928838577605178,,1.5362383127212524,0.044068630784749985,0.011054953560233116,0.9945041537284851,0.9885514378547668,0.1051425392514044,0.9969623665387537,0.48724085092544556,0.7400155663490295,0.7180897502564572
regressor,2d,mlp,262,umap,4,42,0.4708755910396576,0.6116578063227827,0.7186127305030823,0.7569894194602966,0.9313971243239938,-0.0483325719833374,0.20128190517425537,0.16737999661249509,"{'hidden_dims': [1024, 1024, 64], 'dropout': 0.08905075050663634, 'use_layer_norm': True, 'activation': 'silu', 'optimizer': 'sgd', 'lr': 9.662488963151654e-05, 'weight_decay': 0.0002741791448618432, 'batch_size': 64, 'use_scheduler': False, 'loss_strategy': 'smooth_l1'}",-0.38323630472399517,,0.8675006031990051,0.16459043323993683,0.05217638239264488,0.9803951382637024,0.9575605392456055,0.2284215015987875,0.9822513619529144,0.37412527203559875,0.8488603830337524,0.8533475083099187
regressor,2d,mlp,262,umap,1,42,0.3936516046524048,0.5272428910620425,0.7695873379707336,0.7394846081733704,0.9529919140563764,-0.02846384048461914,0.1387804001569748,0.1286185261166247,"{'hidden_dims': [512], 'dropout': 0.20597649169317933, 'use_layer_norm': True, 'activation': 'silu', 'optimizer': 'adamw', 'lr': 0.00021636361921113884, 'weight_decay': 0.00017484478274588944, 'batch_size': 64, 'use_scheduler': True, 'loss_strategy': 'smooth_l1'}",-0.348750932526841,,0.9081935882568359,0.12689903378486633,0.0318593792617321,0.987156867980957,0.9740729928016663,0.17849195853520153,0.9889384526128637,0.2779850661754608,0.8774280548095703,0.880434099858649
regressor,2d,mlp,262,time,5,42,0.4736161231994629,0.584409297609815,0.6734204888343811,0.7311062216758728,0.917597659160086,-0.2368103265762329,0.27112090587615967,0.24907232382287509,"{'hidden_dims': [1024], 'dropout': 0.48325273531946816, 'use_layer_norm': True, 'activation': 'gelu', 'optimizer': 'sgd', 'lr': 0.0004077577130892357, 'weight_decay': 0.004319824222671048, 'batch_size': 32, 'use_scheduler': False, 'loss_strategy': 'smooth_l1'}",-0.341427719648982,,0.8419854640960693,0.17922541499137878,0.059040047228336334,0.9776768684387207,0.9533255100250244,0.24298157796083295,0.9791593631728766,0.34153422713279724,0.8286173343658447,0.8176192047994209
regressor,2d,mlp,262,time,3,42,0.4941675066947937,0.5843141320091843,0.6607033610343933,0.7571778297424316,0.9579797832032222,0.2682996988296509,0.524608314037323,0.4756053503779837,"{'hidden_dims': [1024], 'dropout': 0.3437220087346812, 'use_layer_norm': True, 'activation': 'relu', 'optimizer': 'adam', 'lr': 0.00016332248488462814, 'weight_decay': 9.556899561500417e-05, 'batch_size': 128, 'use_scheduler': True, 'loss_strategy': 'smooth_l1'}",-0.37693656503215867,,0.9177252650260925,0.14762897789478302,0.043005455285310745,0.9809958338737488,0.9614835977554321,0.2073775669770256,0.9824892256691619,0.34142300486564636,0.8147054314613342,0.8356750154857248
regressor,2d,mlp,262,time,2,42,0.41395148634910583,0.514848094916063,0.6601908206939697,1.004624843597412,1.2560767286760524,-0.24922025203704834,0.24902960658073425,0.18314853926873678,"{'hidden_dims': [64, 64], 'dropout': 0.3338714420037904, 'use_layer_norm': False, 'activation': 'silu', 'optimizer': 'adam', 'lr': 0.002730998606613392, 'weight_decay': 0.004146191902400675, 'batch_size': 32, 'use_scheduler': True, 'loss_strategy': 'mse'}",-0.06254523386214333,,1.5777287483215332,0.3547396659851074,0.20457787811756134,0.9065471291542053,0.8063132762908936,0.45230286105391965,0.9033717659398315,0.26506856083869934,0.8169805407524109,0.7976463768633224
regressor,2d,mlp,262,time,4,42,0.5134788751602173,0.6851641246730251,0.6199861168861389,0.8507861495018005,1.0559361730851153,0.16534072160720825,0.524539589881897,0.45807468552017133,"{'hidden_dims': [512], 'dropout': 0.3217839049792748, 'use_layer_norm': True, 'activation': 'relu', 'optimizer': 'adamw', 'lr': 0.00024190852880045312, 'weight_decay': 0.002963956862392672, 'batch_size': 32, 'use_scheduler': True, 'loss_strategy': 'mae'}",-0.38892047589013795,,1.1150012016296387,0.22382846474647522,0.08776029944419861,0.9620270729064941,0.9166335463523865,0.29624364878288717,0.9668465435382376,0.46944987773895264,0.7945957183837891,0.7835700636848966
regressor,2d,mlp,262,time,1,42,0.360055148601532,0.4605142460492655,0.8280119895935059,0.9896660447120667,1.2317158993924293,-0.23661565780639648,0.15998457372188568,0.14048179239749262,"{'hidden_dims': [512, 1024, 256, 256], 'dropout': 0.17547438866881276, 'use_layer_norm': True, 'activation': 'silu', 'optimizer': 'adam', 'lr': 0.00823207633958928, 'weight_decay': 0.002193948486668983, 'batch_size': 64, 'use_scheduler': True, 'loss_strategy': 'mae'}",-0.23915286897422317,,1.517124056816101,0.1452072709798813,0.04900085926055908,0.9761376976966858,0.9520843625068665,0.22136137707504233,0.9833025204429826,0.21207337081432343,0.9215936064720154,0.9390175042348957
regressor,2d,mlp,262,butina,5,42,0.43350091576576233,0.5481559465430429,0.7036596536636353,0.7236829996109009,0.89285080498762,0.30070990324020386,0.5833761692047119,0.49747594744591794,"{'hidden_dims': [768, 128, 128, 256], 'dropout': 0.47372610956722017, 'use_layer_norm': False, 'activation': 'leaky_relu', 'optimizer': 'sgd', 'lr': 0.0032465907432488953, 'weight_decay': 1.1614436327614802e-05, 'batch_size': 64, 'use_scheduler': False, 'loss_strategy': 'mse'}",-0.1374184397377224,,0.797182559967041,0.3169195353984833,0.1687052994966507,0.934842586517334,0.8580160140991211,0.4107375068053205,0.9414854478008842,0.30047494173049927,0.8393982648849487,0.835671672047506
regressor,2d,mlp,262,butina,3,42,0.42947515845298767,0.5594076882300139,0.743441104888916,0.9009162187576294,1.1274349564359145,-0.19447553157806396,0.41688746213912964,0.4281016187285284,"{'hidden_dims': [1024, 768], 'dropout': 0.45240678368435744, 'use_layer_norm': True, 'activation': 'relu', 'optimizer': 'adam', 'lr': 0.006026574940987836, 'weight_decay': 6.553976611641703e-05, 'batch_size': 64, 'use_scheduler': False, 'loss_strategy': 'mse'}",-0.2729867962852836,,1.2711095809936523,0.2246306985616684,0.08203692734241486,0.9704772233963013,0.9310648441314697,0.28642089194473025,0.9710562549082221,0.3129369616508484,0.8630945682525635,0.834056119688128
regressor,2d,mlp,262,butina,2,42,0.5127550959587097,0.6849267224984096,0.5489031076431274,0.9716605544090271,1.1758618501430975,-0.17277395725250244,0.4799192547798157,0.5149216708952553,"{'hidden_dims': [256, 512, 256], 'dropout': 0.15801570125983272, 'use_layer_norm': False, 'activation': 'leaky_relu', 'optimizer': 'sgd', 'lr': 0.005502094122418544, 'weight_decay': 2.3507008919256107e-06, 'batch_size': 32, 'use_scheduler': False, 'loss_strategy': 'smooth_l1'}",-0.5194055228881249,,1.3826510906219482,0.1268506944179535,0.027397267520427704,0.9891403317451477,0.976503312587738,0.16552119961028466,0.9900232417025089,0.46912461519241333,0.7440457940101624,0.6851895264312574
regressor,2d,mlp,262,butina,4,42,0.4556981921195984,0.5720885852462441,0.748847484588623,0.8088141679763794,0.9938149508957089,-0.24206233024597168,0.127988800406456,0.06487341537864155,"{'hidden_dims': [256, 512, 512], 'dropout': 0.34278523737699057, 'use_layer_norm': True, 'activation': 'leaky_relu', 'optimizer': 'adam', 'lr': 0.00040566874249359377, 'weight_decay': 0.0003695445657769291, 'batch_size': 32, 'use_scheduler': True, 'loss_strategy': 'smooth_l1'}",-0.28000415788091615,,0.9876681566238403,0.22524988651275635,0.08531331270933151,0.972140371799469,0.9318181276321411,0.2920844273653279,0.9769869655346123,0.3272853493690491,0.8706877827644348,0.8264913238148587
regressor,2d,mlp,262,butina,1,42,0.4366588592529297,0.5959996470395905,0.6525864601135254,0.769521951675415,0.9759176032254823,0.3598173260688782,0.601260244846344,0.5882970608938212,"{'hidden_dims': [128, 64, 256], 'dropout': 0.41633561941202635, 'use_layer_norm': False, 'activation': 'relu', 'optimizer': 'sgd', 'lr': 0.006205098324928875, 'weight_decay': 0.0009492993464801115, 'batch_size': 32, 'use_scheduler': False, 'loss_strategy': 'mae'}",-0.3706232105816178,,0.9524151682853699,0.1648423671722412,0.050794538110494614,0.982308030128479,0.954214334487915,0.22537643645797273,0.9835519609640743,0.35521557927131653,0.8086049556732178,0.8159105444519851
regressor,2d,mlp,262,diverse_25,5,42,0.6838337182998657,0.8231789416435302,0.36989808082580566,0.7570863366127014,0.9818483047207298,0.008184313774108887,0.3419288992881775,0.3167575103663161,"{'hidden_dims': [1024], 'dropout': 0.26241764344234475, 'use_layer_norm': True, 'activation': 'gelu', 'optimizer': 'adam', 'lr': 0.00048694257698328344, 'weight_decay': 7.842560334184051e-05, 'batch_size': 32, 'use_scheduler': True, 'loss_strategy': 'huber', 'huber_delta': 1.478539642649015}",-0.47168321578344413,,0.9640260934829712,0.2704993188381195,0.12354924529790878,0.971603512763977,0.9109768867492676,0.3514957258600861,0.9788645378693367,0.6776235699653625,0.6097489595413208,0.6125052776567965
regressor,2d,mlp,262,diverse_25,3,42,0.7732843160629272,0.9024131715170055,0.3783653974533081,0.8181696534156799,0.9764614510708545,0.38088178634643555,0.617302656173706,0.6295798319327731,"{'hidden_dims': [256, 1024, 64], 'dropout': 0.0033952254645246566, 'use_layer_norm': True, 'activation': 'silu', 'optimizer': 'sgd', 'lr': 0.009175275045331905, 'weight_decay': 0.0032076443485440555, 'batch_size': 32, 'use_scheduler': True, 'loss_strategy': 'smooth_l1'}",-0.28055872329850595,,0.9534769654273987,0.47660818696022034,0.3867029547691345,0.8192483186721802,0.6693666577339172,0.6218544482184996,0.840305937320644,0.8143495321273804,0.6205563545227051,0.627392120075047
regressor,2d,mlp,262,diverse_25,2,42,0.7577521204948425,0.9224323269075904,0.3042789697647095,0.7555927038192749,0.8846028833000323,0.1980980634689331,0.4672464430332184,0.4756164922177068,"{'hidden_dims': [512], 'dropout': 0.09438256058700675, 'use_layer_norm': True, 'activation': 'relu', 'optimizer': 'adamw', 'lr': 0.0006625696353777074, 'weight_decay': 0.00012019947206417672, 'batch_size': 32, 'use_scheduler': True, 'loss_strategy': 'huber', 'huber_delta': 0.9127065837821194}",-0.7826464012389471,,0.7825222611427307,0.11248131096363068,0.019540105015039444,0.9949408769607544,0.9855853319168091,0.1397859256686432,0.9945797475391491,0.8508813977241516,0.5520970821380615,0.528542615150619
regressor,2d,mlp,262,diverse_25,4,42,0.890289306640625,1.0534399495510793,0.38484472036361694,0.8382131457328796,1.0196538391075427,0.07866209745407104,0.42458170652389526,0.4036785373164422,"{'hidden_dims': [128, 512, 512], 'dropout': 0.06541711441584586, 'use_layer_norm': True, 'activation': 'relu', 'optimizer': 'sgd', 'lr': 0.00803709709971674, 'weight_decay': 0.0006673313847514261, 'batch_size': 128, 'use_scheduler': False, 'loss_strategy': 'smooth_l1'}",-0.6772721855733586,,1.0396939516067505,0.2867580056190491,0.14150218665599823,0.9404945373535156,0.8794349431991577,0.3761677639777208,0.9474608663573159,1.1097357273101807,0.6269078850746155,0.5533092552641731
regressor,2d,mlp,262,diverse_25,1,42,0.6298403143882751,0.8274633175305556,0.34595662355422974,1.0321686267852783,1.2738844198440689,-0.02977597713470459,0.4058540463447571,0.3760474442246989,"{'hidden_dims': [512, 128, 64], 'dropout': 0.027024986174049786, 'use_layer_norm': True, 'activation': 'leaky_relu', 'optimizer': 'adamw', 'lr': 0.00046568996770264754, 'weight_decay': 0.0006955681275682071, 'batch_size': 64, 'use_scheduler': False, 'loss_strategy': 'smooth_l1'}",-0.10667129179009782,,1.62278151512146,0.4569632112979889,0.5195411443710327,0.8574293255805969,0.5576177835464478,0.7207920257404578,0.9264002932102916,0.6846955418586731,0.5907844305038452,0.543834139160124
regressor,2d,mlp,230,scaffold,5,42,0.3404913544654846,0.4857445398142586,0.6584342122077942,0.5727543830871582,0.738720717648535,0.20479243993759155,0.5136611461639404,0.5013387321193914,"{'hidden_dims': [768], 'dropout': 0.4104080834840685, 'use_layer_norm': True, 'activation': 'gelu', 'optimizer': 'sgd', 'lr': 0.0005170438003726885, 'weight_decay': 0.006940324872529151, 'batch_size': 64, 'use_scheduler': False, 'loss_strategy': 'smooth_l1'}",-0.23348078240433223,,0.5457082986831665,0.18331994116306305,0.06363700330257416,0.9614425897598267,0.9173223972320557,0.25226375740992635,0.9573333486793657,0.23594775795936584,0.8136586546897888,0.817569710930547
regressor,2d,mlp,230,scaffold,3,42,0.42632725834846497,0.5770920211147216,0.5898775458335876,0.6136304140090942,0.7579907866297991,-0.14410412311553955,0.20481900870800018,0.1546842014886103,"{'hidden_dims': [256, 256, 128], 'dropout': 0.37624275397565066, 'use_layer_norm': True, 'activation': 'gelu', 'optimizer': 'adam', 'lr': 0.00015119942732398138, 'weight_decay': 0.00012310214273259139, 'batch_size': 32, 'use_scheduler': False, 'loss_strategy': 'huber', 'huber_delta': 0.7807195075383249}",-0.21681105293589087,,0.5745500326156616,0.2670854330062866,0.1298023760318756,0.9222836494445801,0.8378846049308777,0.3602809681788307,0.9262684789162361,0.3330352008342743,0.7692708969116211,0.7836943591941051
regressor,2d,mlp,230,scaffold,2,42,0.43839314579963684,0.5675766789312247,0.5177104473114014,0.6290546655654907,0.8196349479300814,0.2808745503425598,0.5547008514404297,0.5418064628561862,"{'hidden_dims': [256, 64], 'dropout': 0.1816458111596808, 'use_layer_norm': True, 'activation': 'leaky_relu', 'optimizer': 'adamw', 'lr': 0.004130234185727256, 'weight_decay': 0.003405366152864978, 'batch_size': 64, 'use_scheduler': True, 'loss_strategy': 'smooth_l1'}",-0.3515317613876985,,0.6718014478683472,0.16117452085018158,0.04667540639638901,0.9674134850502014,0.9332426190376282,0.21604491754352614,0.9672155302137965,0.3221432864665985,0.7249342203140259,0.7224139157082
regressor,2d,mlp,230,scaffold,4,42,0.31234613060951233,0.4136548644864916,0.7504503726959229,0.5740787982940674,0.7975400879330136,0.15045994520187378,0.4470452666282654,0.482485030726478,"{'hidden_dims': [512, 128, 64, 128], 'dropout': 0.3618985766118844, 'use_layer_norm': False, 'activation': 'relu', 'optimizer': 'sgd', 'lr': 0.003170975937650823, 'weight_decay': 0.004181325493929273, 'batch_size': 128, 'use_scheduler': False, 'loss_strategy': 'smooth_l1'}",-0.03732547427937205,,0.636070191860199,0.2837387025356293,0.14162380993366241,0.9049452543258667,0.8114897608757019,0.37632939020711953,0.8914066169754503,0.1711103469133377,0.8673591017723083,0.8425748743459565
regressor,2d,mlp,230,scaffold,1,42,0.30039364099502563,0.41519027648047957,0.6510053873062134,0.7136310935020447,0.9348556099033678,-0.07304012775421143,0.3698839843273163,0.25368183014207213,"{'hidden_dims': [256], 'dropout': 0.3194676510057676, 'use_layer_norm': True, 'activation': 'silu', 'optimizer': 'sgd', 'lr': 0.00016917419104996604, 'weight_decay': 0.0017427640707821657, 'batch_size': 32, 'use_scheduler': False, 'loss_strategy': 'mae'}",-0.08467005552304124,,0.8739550113677979,0.21768879890441895,0.10924361646175385,0.9267221689224243,0.8535296320915222,0.3305202209574383,0.9271672126728512,0.17238296568393707,0.8077248930931091,0.7763756210568183
regressor,2d,mlp,230,random,5,42,0.4407552480697632,0.6631394646996824,0.5484668612480164,0.41352006793022156,0.5355645731221306,0.5784429311752319,0.7704735994338989,0.7290074817182807,"{'hidden_dims': [64, 1024], 'dropout': 0.40261400730026226, 'use_layer_norm': True, 'activation': 'gelu', 'optimizer': 'adam', 'lr': 0.00340313885398774, 'weight_decay': 8.083663790802231e-05, 'batch_size': 32, 'use_scheduler': True, 'loss_strategy': 'huber', 'huber_delta': 1.959112418314966}",-0.42734530696684525,,0.28682941198349,0.1804690808057785,0.05559888482093811,0.9677213430404663,0.9248762130737305,0.2357941577328372,0.9634636246186791,0.4397539496421814,0.7414241433143616,0.7577704185705001
regressor,2d,mlp,230,random,3,42,0.35263293981552124,0.4729206669704064,0.7110570073127747,0.4423346221446991,0.6610159608700098,0.45677828788757324,0.6825066208839417,0.6793688489715846,"{'hidden_dims': [1024], 'dropout': 0.4258715781515801, 'use_layer_norm': True, 'activation': 'relu', 'optimizer': 'adam', 'lr': 0.0002799362330171636, 'weight_decay': 1.3130895455809384e-05, 'batch_size': 128, 'use_scheduler': False, 'loss_strategy': 'huber', 'huber_delta': 1.5521257974334488}",-0.28913785200481357,,0.43694210052490234,0.13387656211853027,0.03377612307667732,0.9773646593093872,0.9536316990852356,0.18378281496559282,0.9746419296394364,0.22365395724773407,0.8439484238624573,0.8096406949871311
regressor,2d,mlp,230,random,2,42,0.4303528070449829,0.5743650133346059,0.5214466452598572,0.46634748578071594,0.628717974800858,0.4887171983718872,0.7095679640769958,0.7020159497799316,"{'hidden_dims': [64, 128, 128, 256], 'dropout': 0.16289421860209224, 'use_layer_norm': True, 'activation': 'gelu', 'optimizer': 'adam', 'lr': 0.0027262399404925195, 'weight_decay': 0.000981596590711981, 'batch_size': 64, 'use_scheduler': True, 'loss_strategy': 'mae'}",-0.19741287659944168,,0.39528629183769226,0.2694832980632782,0.14209291338920593,0.9083895087242126,0.8090306520462036,0.3769521367351642,0.9056006218130421,0.32989516854286194,0.7274445295333862,0.7124946385324468
regressor,2d,mlp,230,random,4,42,0.368461936712265,0.48143092012075045,0.6638076901435852,0.4401226043701172,0.6187625055301667,0.48989295959472656,0.7171666622161865,0.6880286317272497,"{'hidden_dims': [512, 128, 256, 768], 'dropout': 0.033652167846904446, 'use_layer_norm': False, 'activation': 'relu', 'optimizer': 'sgd', 'lr': 0.0007140642552710736, 'weight_decay': 0.00123781064626743, 'batch_size': 128, 'use_scheduler': False, 'loss_strategy': 'mae'}",-0.25669087998930284,,0.3828670382499695,0.10332364588975906,0.05050808563828468,0.9660810232162476,0.9327535629272461,0.2247400401314476,0.9740942635258576,0.23177573084831238,0.8200888633728027,0.7747538051793507
regressor,2d,mlp,230,random,1,42,0.40827515721321106,0.571344591360146,0.5541519522666931,0.43649768829345703,0.5780539597861947,0.5317867994308472,0.730805516242981,0.6859681179551602,"{'hidden_dims': [512], 'dropout': 0.4149064550556929, 'use_layer_norm': True, 'activation': 'gelu', 'optimizer': 'adamw', 'lr': 0.00010637780058316348, 'weight_decay': 0.0001406669560191127, 'batch_size': 128, 'use_scheduler': True, 'loss_strategy': 'smooth_l1'}",-0.236998796460475,,0.3341463804244995,0.23301036655902863,0.1117871105670929,0.9290964007377625,0.8510358333587646,0.33434579489967103,0.9316235483621084,0.3264346420764923,0.7446094155311584,0.7224621949873912
regressor,2d,mlp,230,umap,5,42,0.4170326888561249,0.5598685383612252,0.604234516620636,0.7169808149337769,0.9753054348275062,-0.2995734214782715,-0.027841608971357346,-0.006261103805930174,"{'hidden_dims': [128, 128, 64], 'dropout': 0.3315615463894661, 'use_layer_norm': False, 'activation': 'silu', 'optimizer': 'adamw', 'lr': 0.0020439821437309926, 'weight_decay': 9.302405613827743e-06, 'batch_size': 32, 'use_scheduler': True, 'loss_strategy': 'huber', 'huber_delta': 1.2910736512594456}",-0.1907578468290777,,0.951220691204071,0.27713069319725037,0.13624270260334015,0.9228721857070923,0.8172340989112854,0.3691106915321475,0.9157581364793184,0.3134527802467346,0.7838817834854126,0.7463287022965965
regressor,2d,mlp,230,umap,3,42,0.39864373207092285,0.541854208489049,0.6572517156600952,0.7143695950508118,0.8558398970142074,-0.031502485275268555,0.1767631322145462,0.19748611705102603,"{'hidden_dims': [768, 768], 'dropout': 0.18431726661392164, 'use_layer_norm': True, 'activation': 'relu', 'optimizer': 'sgd', 'lr': 0.0007661327490190952, 'weight_decay': 1.5810297622583594e-05, 'batch_size': 32, 'use_scheduler': True, 'loss_strategy': 'mae'}",-0.32077370046814047,,0.7324619293212891,0.14598248898983002,0.04887659102678299,0.9683205485343933,0.9342468976974487,0.2210805080209085,0.96946348073657,0.2936059832572937,0.8110269904136658,0.7558398749510117
regressor,2d,mlp,230,umap,2,42,0.4183749556541443,0.5278583417716975,0.6325674057006836,0.7053452730178833,0.8464145971389783,-0.539575457572937,-0.10551061481237411,-0.15655025843004794,"{'hidden_dims': [128, 256], 'dropout': 0.02802262693619132, 'use_layer_norm': True, 'activation': 'relu', 'optimizer': 'adam', 'lr': 0.00018193606556422048, 'weight_decay': 2.3517170874926116e-06, 'batch_size': 32, 'use_scheduler': True, 'loss_strategy': 'huber', 'huber_delta': 0.5004772155405057}",-0.3874444874843239,,0.716417670249939,0.09970314800739288,0.0197160504758358,0.9877989888191223,0.9757179617881775,0.14041385428737366,0.9877557540083909,0.2786344289779663,0.8052515387535095,0.7782840596780161
regressor,2d,mlp,230,umap,4,42,0.43568500876426697,0.625497715184272,0.4613209366798401,0.8398918509483337,1.0821096894515283,-0.2262554168701172,0.2548404932022095,0.26292507241442165,"{'hidden_dims': [512, 512, 64], 'dropout': 0.30338300109367033, 'use_layer_norm': True, 'activation': 'relu', 'optimizer': 'adam', 'lr': 0.001198651137264779, 'weight_decay': 0.0004676659127315457, 'batch_size': 128, 'use_scheduler': False, 'loss_strategy': 'mae'}",-0.26139538733918405,,1.1709613800048828,0.26476576924324036,0.13257050514221191,0.903465747833252,0.8024402856826782,0.36410232784508795,0.9100830537839042,0.39124739170074463,0.6942493915557861,0.656720408119618
regressor,2d,mlp,230,umap,1,42,0.3976866602897644,0.5394989955440218,0.5836815237998962,0.7719438672065735,0.9850708152275303,-0.32006967067718506,0.07147212326526642,0.04706095456748183,"{'hidden_dims': [512, 256], 'dropout': 0.029030658400059473, 'use_layer_norm': True, 'activation': 'silu', 'optimizer': 'adamw', 'lr': 5.3715744730842367e-05, 'weight_decay': 6.316497716255981e-06, 'batch_size': 64, 'use_scheduler': True, 'loss_strategy': 'smooth_l1'}",-0.417162463329803,,0.970364511013031,0.0816485732793808,0.014966227114200592,0.9918444752693176,0.9798734188079834,0.1223365322142188,0.9960171036529899,0.2910591661930084,0.7657855749130249,0.7485070989312893
regressor,2d,mlp,230,time,5,42,0.38787606358528137,0.5168679601519705,0.6834387183189392,0.8187083601951599,0.9614035863915391,-0.5971089601516724,-0.16687919199466705,-0.1444949671830454,"{'hidden_dims': [64, 768, 128, 128], 'dropout': 0.20798955717036766, 'use_layer_norm': False, 'activation': 'leaky_relu', 'optimizer': 'sgd', 'lr': 0.004441400244276852, 'weight_decay': 7.663333925816844e-05, 'batch_size': 32, 'use_scheduler': False, 'loss_strategy': 'mse'}",-0.1541411462351701,,0.9242968559265137,0.267098993062973,0.1315707415342331,0.9153414368629456,0.8268122673034668,0.36272681391680034,0.9033580883956039,0.26715248823165894,0.8284974098205566,0.7806075094420857
regressor,2d,mlp,230,time,3,42,0.4629004895687103,0.6170987174000854,0.6280140280723572,0.6571251749992371,0.8281633620103769,-0.2503608465194702,0.08803752064704895,0.049812373208397806,"{'hidden_dims': [128, 768, 768], 'dropout': 0.27754686789724897, 'use_layer_norm': True, 'activation': 'gelu', 'optimizer': 'adamw', 'lr': 0.009671765600363716, 'weight_decay': 0.0008683380960938951, 'batch_size': 32, 'use_scheduler': False, 'loss_strategy': 'huber', 'huber_delta': 0.8409678713542905}",-0.46794917526727653,,0.6858545541763306,0.11934450268745422,0.022245585918426514,0.9905781149864197,0.9778051972389221,0.14914954213280882,0.9921213181117323,0.38081082701683044,0.7929171323776245,0.6785714285714286
regressor,2d,mlp,230,time,2,42,0.4606250822544098,0.6037905662445339,0.7325994968414307,0.7243420481681824,0.891668177243911,-0.4089972972869873,0.00043730600737035275,0.009916727778242204,"{'hidden_dims': [128, 768, 128], 'dropout': 0.29857368996786804, 'use_layer_norm': True, 'activation': 'leaky_relu', 'optimizer': 'adam', 'lr': 0.0008117562470225208, 'weight_decay': 2.604864448501549e-06, 'batch_size': 32, 'use_scheduler': False, 'loss_strategy': 'mse'}",-0.41764635763528474,,0.7950721383094788,0.14300018548965454,0.03464966639876366,0.9829583168029785,0.9654695987701416,0.18614420860924913,0.9847518391917548,0.3645630478858948,0.8638874292373657,0.8401589340148341
regressor,2d,mlp,230,time,4,42,0.49057555198669434,0.6361781909043058,0.4495943784713745,0.739852786064148,0.9201054481011716,-0.7468463182449341,0.08788782358169556,0.05486869850096926,"{'hidden_dims': [512, 128, 256, 768], 'dropout': 0.033652167846904446, 'use_layer_norm': False, 'activation': 'relu', 'optimizer': 'sgd', 'lr': 0.0007140642552710736, 'weight_decay': 0.00123781064626743, 'batch_size': 128, 'use_scheduler': False, 'loss_strategy': 'mae'}",0.009242864586605615,,0.8465940356254578,0.46184584498405457,0.4165683388710022,0.7431318759918213,0.5508711338043213,0.6454210554909114,0.7421803517027397,0.4047226905822754,0.6725257635116577,0.6210469835542238
regressor,2d,mlp,230,time,1,42,0.32725393772125244,0.41760628572292535,0.8446875810623169,0.750098705291748,0.9165342119639831,-0.4563843011856079,-0.02514202892780304,-0.031225150225031924,"{'hidden_dims': [512, 1024, 64, 256], 'dropout': 0.0740535955722629, 'use_layer_norm': True, 'activation': 'leaky_relu', 'optimizer': 'adamw', 'lr': 0.0007573426173734643, 'weight_decay': 0.006619441349209644, 'batch_size': 64, 'use_scheduler': False, 'loss_strategy': 'mse'}",-0.2764110716659158,,0.8400349617004395,0.10144903510808945,0.01993608847260475,0.9916993379592896,0.9815177917480469,0.14119521405700958,0.9939067581621212,0.17439500987529755,0.9222432971000671,0.8830769230769231
regressor,2d,mlp,230,butina,5,42,0.342410147190094,0.442719220046279,0.7100223898887634,0.5241977572441101,0.6908836329255346,0.2374522089958191,0.6108784675598145,0.5386553539903235,"{'hidden_dims': [256, 256, 1024, 256], 'dropout': 0.1332834357836271, 'use_layer_norm': True, 'activation': 'silu', 'optimizer': 'adamw', 'lr': 0.002226736097028219, 'weight_decay': 3.769985449572152e-06, 'batch_size': 128, 'use_scheduler': True, 'loss_strategy': 'huber', 'huber_delta': 0.8627404979193116}",-0.28615295600943025,,0.47732019424438477,0.12331534177064896,0.024512995034456253,0.9903275966644287,0.968858540058136,0.15656626403684878,0.9894465740964732,0.19600030779838562,0.8433282375335693,0.8256925229000599
regressor,2d,mlp,230,butina,3,42,0.37945783138275146,0.48938068971212945,0.6624089479446411,0.5358806848526001,0.6763494230928807,0.15499389171600342,0.47261476516723633,0.3627816786153777,"{'hidden_dims': [512, 64, 128], 'dropout': 0.4467493130431842, 'use_layer_norm': False, 'activation': 'relu', 'optimizer': 'adam', 'lr': 0.0020408503979893263, 'weight_decay': 0.0013994267763678709, 'batch_size': 32, 'use_scheduler': False, 'loss_strategy': 'smooth_l1'}",-0.11863552583577558,,0.4574485421180725,0.29426801204681396,0.13745197653770447,0.9161955118179321,0.8282653093338013,0.37074516387635387,0.9086076920551317,0.2394934594631195,0.8139395117759705,0.7695596063217898
regressor,2d,mlp,230,butina,2,42,0.3373461365699768,0.4332352264315583,0.7199869155883789,0.8684748411178589,1.146825684362855,-0.4146791696548462,-0.008937614038586617,0.012926389168597969,"{'hidden_dims': [512, 128], 'dropout': 0.09876561780943335, 'use_layer_norm': True, 'activation': 'relu', 'optimizer': 'adam', 'lr': 0.00551256562419568, 'weight_decay': 6.650614697509064e-05, 'batch_size': 64, 'use_scheduler': False, 'loss_strategy': 'mae'}",-0.2347969139327411,,1.315209150314331,0.15708047151565552,0.039377763867378235,0.9775627851486206,0.9437044858932495,0.19843831249881722,0.9739358691507514,0.1876927614212036,0.8490265607833862,0.8522989236771825
regressor,2d,mlp,230,butina,4,42,0.42985400557518005,0.5775426044684464,0.5017179250717163,0.6855239272117615,0.8285770621895122,0.29351621866226196,0.5513883829116821,0.4594622094009264,"{'hidden_dims': [512, 128, 128, 1024], 'dropout': 0.45722363744155764, 'use_layer_norm': False, 'activation': 'silu', 'optimizer': 'sgd', 'lr': 0.006080978534736843, 'weight_decay': 7.344925531858307e-06, 'batch_size': 32, 'use_scheduler': False, 'loss_strategy': 'mae'}",-0.14848745703396588,,0.6865399479866028,0.3108704686164856,0.1840883195400238,0.875847578048706,0.7343937158584595,0.42905514743448053,0.8807515116925841,0.3335554599761963,0.7155953049659729,0.709582838621513
regressor,2d,mlp,230,butina,1,42,0.411682665348053,0.5545531365360664,0.6254642009735107,0.5169287919998169,0.6335658310690394,0.35964441299438477,0.6050520539283752,0.5266738445263114,"{'hidden_dims': [768], 'dropout': 0.40102355931433326, 'use_layer_norm': True, 'activation': 'relu', 'optimizer': 'sgd', 'lr': 0.008210985294070479, 'weight_decay': 3.4794264259999706e-05, 'batch_size': 32, 'use_scheduler': True, 'loss_strategy': 'huber', 'huber_delta': 0.8934572338945721}",-0.21220106365030544,,0.4014056622982025,0.26266151666641235,0.1172049418091774,0.9274753928184509,0.8480731248855591,0.34235207288576097,0.9229033284912865,0.30752918124198914,0.790923535823822,0.769515426810286
regressor,2d,mlp,230,diverse_25,5,42,0.550698459148407,0.6841085838594021,0.30367863178253174,0.6978443264961243,0.98146574843657,-0.08472645282745361,0.3033861517906189,0.2789638847787682,"{'hidden_dims': [128, 1024], 'dropout': 0.3385937574022272, 'use_layer_norm': True, 'activation': 'gelu', 'optimizer': 'adamw', 'lr': 0.0073520416576823445, 'weight_decay': 6.172502108873544e-05, 'batch_size': 32, 'use_scheduler': True, 'loss_strategy': 'mae'}",-0.24942100024322061,,0.9632750153541565,0.34525439143180847,0.18895329535007477,0.8644434213638306,0.7365492582321167,0.4346875836161815,0.8498657461323377,0.4680045545101166,0.5538978576660156,0.43959984469976676
regressor,2d,mlp,230,diverse_25,3,42,0.7117482423782349,0.8988580134270384,0.0986638069152832,0.7723102569580078,0.9114140018399646,-0.03756856918334961,-0.037935711443424225,-0.04724990773737981,"{'hidden_dims': [64, 512, 128, 512], 'dropout': 0.09226373977944208, 'use_layer_norm': True, 'activation': 'gelu', 'optimizer': 'sgd', 'lr': 0.00035105115619552213, 'weight_decay': 0.0005509314751366058, 'batch_size': 64, 'use_scheduler': True, 'loss_strategy': 'smooth_l1'}",-0.06670574066005341,,0.830675482749939,0.6683819890022278,0.6924774050712585,0.15060631930828094,0.019737541675567627,0.832152272766985,0.14821428584477397,0.807945728302002,0.4782751500606537,0.5183300601331873
regressor,2d,mlp,230,diverse_25,2,42,0.6168212294578552,0.8121668426011953,0.17838126420974731,0.8064252138137817,0.9665575752416506,-0.12306427955627441,0.1357094794511795,0.16260287995334954,"{'hidden_dims': [128, 256, 512], 'dropout': 0.09694385846977033, 'use_layer_norm': True, 'activation': 'relu', 'optimizer': 'adam', 'lr': 7.328159036887314e-05, 'weight_decay': 2.5121572711285763e-05, 'batch_size': 32, 'use_scheduler': True, 'loss_strategy': 'smooth_l1'}",-0.5475082703062077,,0.934233546257019,0.24512879550457,0.07004415988922119,0.9927707314491272,0.9019553661346436,0.2646585722949876,0.9955879977526927,0.6596149802207947,0.4281049072742462,0.537643116813741
regressor,2d,mlp,230,diverse_25,4,42,0.7882760763168335,1.018710920836389,0.1074899435043335,0.6310245394706726,0.7462670888813118,-0.008437156677246094,0.45411524176597595,0.41909830886990046,"{'hidden_dims': [512, 768], 'dropout': 0.41771880393219774, 'use_layer_norm': True, 'activation': 'relu', 'optimizer': 'adam', 'lr': 0.001223438637908916, 'weight_decay': 7.723911134385144e-06, 'batch_size': 128, 'use_scheduler': False, 'loss_strategy': 'mse'}",-0.8777546112674334,,0.5569145679473877,0.11663150042295456,0.019868681207299232,0.9925612807273865,0.9714668989181519,0.14095630956895555,0.9901451171891518,1.0377719402313232,0.37187620997428894,0.3528187343278416
regressor,2d,mlp,230,diverse_25,1,42,0.574789822101593,0.745362647586758,0.22551101446151733,0.6080419421195984,0.8086812068801368,-0.08037054538726807,0.3276337683200836,0.39039714795009767,"{'hidden_dims': [512, 64, 256, 1024], 'dropout': 0.12577496318004228, 'use_layer_norm': True, 'activation': 'gelu', 'optimizer': 'adam', 'lr': 0.0006428014229685451, 'weight_decay': 1.3016470899374596e-06, 'batch_size': 32, 'use_scheduler': False, 'loss_strategy': 'mae'}",-0.6026080583358704,,0.6539652943611145,0.11175564676523209,0.020378872752189636,0.9898761510848999,0.9750254154205322,0.1427545892508876,0.990602349397095,0.5555654764175415,0.4823833703994751,0.49517091885771153
regressor,2d,mlp,2409,scaffold,5,42,0.5357089042663574,0.668739298262487,0.686658501625061,0.7283416390419006,0.9255825425017526,0.3617591857910156,0.6709367036819458,0.6339496813639094,"{'hidden_dims': [768, 512, 512, 1024], 'dropout': 0.370678625426043, 'use_layer_norm': False, 'activation': 'gelu', 'optimizer': 'adam', 'lr': 0.00516617530037939, 'weight_decay': 3.157890522243555e-06, 'batch_size': 128, 'use_scheduler': False, 'loss_strategy': 'mae'}",-0.1716773346985238,,0.8567030429840088,0.36852067708969116,0.24707059562206268,0.8996158838272095,0.8015484809875488,0.4970619635639632,0.9048300941483497,0.44721224904060364,0.8297662734985352,0.8355427234608044
regressor,2d,mlp,2409,scaffold,3,42,0.5889039635658264,0.75973443994533,0.5820941925048828,0.7504962086677551,0.9688317664310007,0.21765750646591187,0.5089802145957947,0.5244420887948833,"{'hidden_dims': [128, 768, 64], 'dropout': 0.21077693293612804, 'use_layer_norm': True, 'activation': 'gelu', 'optimizer': 'adam', 'lr': 0.00020383752605751404, 'weight_decay': 4.434959809221625e-05, 'batch_size': 32, 'use_scheduler': False, 'loss_strategy': 'smooth_l1'}",-0.4515301434632123,,0.938634991645813,0.24300305545330048,0.09498988837003708,0.9678460359573364,0.9263781905174255,0.30820429648211767,0.9670953828275676,0.5771964192390442,0.7669450044631958,0.7757679710867069
regressor,2d,mlp,2409,scaffold,2,42,0.46600523591041565,0.6168883842245337,0.6679219603538513,0.6050751805305481,0.7680702088123051,0.4590442180633545,0.6821448802947998,0.6905595085043604,"{'hidden_dims': [512], 'dropout': 0.1362327914047003, 'use_layer_norm': True, 'activation': 'relu', 'optimizer': 'sgd', 'lr': 0.0017693560021046733, 'weight_decay': 7.390500936768965e-05, 'batch_size': 128, 'use_scheduler': False, 'loss_strategy': 'huber', 'huber_delta': 0.87491169123315}",-0.32997766278517254,,0.589931845664978,0.18961478769779205,0.0823177620768547,0.9705901741981506,0.9389532208442688,0.2869107214393612,0.9729982268044672,0.380551278591156,0.8174542784690857,0.7937081792988936
regressor,2d,mlp,2409,scaffold,4,42,0.6055682301521301,0.7851932573849055,0.49958401918411255,0.7547813057899475,1.0428320977344563,0.19704878330230713,0.5239924788475037,0.5462028292024094,"{'hidden_dims': [256, 512, 512], 'dropout': 0.3096446288335052, 'use_layer_norm': True, 'activation': 'silu', 'optimizer': 'adam', 'lr': 0.0038260000835688376, 'weight_decay': 4.0279733669395444e-05, 'batch_size': 64, 'use_scheduler': False, 'loss_strategy': 'mae'}",-0.5494772935155607,,1.0874987840652466,0.16609133780002594,0.05556201562285423,0.9780922532081604,0.9560255408287048,0.23571596386934474,0.9779544720873441,0.6165284514427185,0.7201841473579407,0.7048865725902449
regressor,2d,mlp,2409,scaffold,1,42,0.4795385003089905,0.6283347334791346,0.6840198040008545,0.6942870616912842,0.9183531585314211,0.39834028482437134,0.6751253604888916,0.6655963715712737,"{'hidden_dims': [64, 64, 256], 'dropout': 0.3827828479998831, 'use_layer_norm': True, 'activation': 'gelu', 'optimizer': 'adam', 'lr': 0.009115779870863438, 'weight_decay': 0.0002906451111321579, 'batch_size': 64, 'use_scheduler': True, 'loss_strategy': 'mse'}",-0.3489382806203289,,0.8433725237846375,0.20466388761997223,0.07806237787008286,0.9704214930534363,0.9373958706855774,0.2793964528588057,0.9717495979024545,0.39480453729629517,0.8332900404930115,0.8585074170878956
regressor,2d,mlp,2409,random,5,42,0.5293834209442139,0.7406515993902817,0.56287682056427,0.6110818386077881,0.7974404965148638,0.5468162894248962,0.771948516368866,0.7745120927747344,"{'hidden_dims': [128, 1024], 'dropout': 0.3556893497831908, 'use_layer_norm': True, 'activation': 'gelu', 'optimizer': 'adamw', 'lr': 0.0016754731239934366, 'weight_decay': 3.618013601979864e-05, 'batch_size': 32, 'use_scheduler': True, 'loss_strategy': 'huber', 'huber_delta': 0.9547192344590282}",-0.48376719224991277,,0.6359113454818726,0.19214589893817902,0.06598959863185883,0.9791508913040161,0.9468761086463928,0.2568844071403689,0.9771204474328025,0.5485647916793823,0.7595452666282654,0.7883511872199179
regressor,2d,mlp,2409,random,3,42,0.411823034286499,0.5839540352483419,0.7393637895584106,0.6233991384506226,0.8137999186169126,0.43582993745803833,0.6926367282867432,0.708858539358434,"{'hidden_dims': [64, 512], 'dropout': 0.04614215452595187, 'use_layer_norm': True, 'activation': 'silu', 'optimizer': 'adamw', 'lr': 4.691660628335502e-05, 'weight_decay': 9.049735733032359e-05, 'batch_size': 32, 'use_scheduler': False, 'loss_strategy': 'smooth_l1'}",-0.39436782602362774,,0.6622703075408936,0.15276753902435303,0.0359429307281971,0.9932259917259216,0.9725127220153809,0.18958620922471417,0.9926236247810375,0.34100231528282166,0.8681268692016602,0.8599437657872758
regressor,2d,mlp,2409,random,2,42,0.5238966345787048,0.6747970911859885,0.5992993116378784,0.6023044586181641,0.8133434905788527,0.4569518566131592,0.6810740232467651,0.6654959158026146,"{'hidden_dims': [768, 64], 'dropout': 0.2171146460099032, 'use_layer_norm': False, 'activation': 'silu', 'optimizer': 'sgd', 'lr': 0.007293032434566162, 'weight_decay': 0.003975939165883523, 'batch_size': 256, 'use_scheduler': False, 'loss_strategy': 'huber', 'huber_delta': 1.119162838387195}",-0.15862306707304918,,0.6615276336669922,0.3862617015838623,0.2664356231689453,0.8947741985321045,0.7968732714653015,0.5161740241129393,0.8947803490456084,0.4553511142730713,0.7812792062759399,0.7961678905268055
regressor,2d,mlp,2409,random,4,42,0.46569007635116577,0.6246885715874263,0.6866026520729065,0.5070220232009888,0.6782860612995203,0.6293238401412964,0.80112624168396,0.7881243526359769,"{'hidden_dims': [768, 256, 1024], 'dropout': 0.09714479570467482, 'use_layer_norm': True, 'activation': 'relu', 'optimizer': 'adam', 'lr': 0.0002775029735120612, 'weight_decay': 0.0007267434660765872, 'batch_size': 32, 'use_scheduler': False, 'loss_strategy': 'smooth_l1'}",-0.4536572871181933,,0.46007198095321655,0.12471359223127365,0.0292517002671957,0.9895845651626587,0.9774367809295654,0.171031284469233,0.9872344791873111,0.3902358114719391,0.8311838507652283,0.8301831462251413
regressor,2d,mlp,2409,random,1,42,0.591703474521637,0.7665140478634765,0.6098531484603882,0.5704686641693115,0.8014844830415598,0.5194590091705322,0.7423638701438904,0.7487841442651462,"{'hidden_dims': [64, 1024], 'dropout': 0.22474994363411566, 'use_layer_norm': True, 'activation': 'relu', 'optimizer': 'sgd', 'lr': 0.006646385264089265, 'weight_decay': 0.00058324650857019, 'batch_size': 32, 'use_scheduler': False, 'loss_strategy': 'huber', 'huber_delta': 1.4155768914484321}",-0.4470250575239387,,0.6423773765563965,0.23684003949165344,0.10207321494817734,0.964077889919281,0.9177863001823425,0.31948899033953787,0.964131874551779,0.587543785572052,0.7855193018913269,0.7929400842227962
regressor,2d,mlp,2409,umap,5,42,0.5075973868370056,0.6886114110168479,0.6180088520050049,0.8295732736587524,1.062222893426285,0.17685776948928833,0.523363471031189,0.3953516276693095,"{'hidden_dims': [64, 1024, 64, 128], 'dropout': 0.22405079745438297, 'use_layer_norm': True, 'activation': 'gelu', 'optimizer': 'adam', 'lr': 0.003670063683122408, 'weight_decay': 7.1148186063215074e-06, 'batch_size': 32, 'use_scheduler': True, 'loss_strategy': 'huber', 'huber_delta': 1.1755524967618234}",-0.4709527611528189,,1.1283174753189087,0.1660560667514801,0.04737528786063194,0.9837831854820251,0.9624893665313721,0.21765864986402894,0.9845199874021074,0.47418567538261414,0.7875819206237793,0.7995221996768306
regressor,2d,mlp,2409,umap,3,42,0.5259381532669067,0.6786498776420494,0.6171051263809204,0.8326618671417236,1.0710945335290716,-0.17032766342163086,0.4520567059516907,0.3729587430475501,"{'hidden_dims': [1024], 'dropout': 0.23071316614893655, 'use_layer_norm': True, 'activation': 'relu', 'optimizer': 'adam', 'lr': 1.5027571898342702e-05, 'weight_decay': 1.4927312934366703e-06, 'batch_size': 128, 'use_scheduler': True, 'loss_strategy': 'huber', 'huber_delta': 0.9293666428569927}",-0.3943121535549773,,1.1472434997558594,0.1778547316789627,0.08084794133901596,0.9710165858268738,0.9396399259567261,0.28433772408707214,0.9734097661967499,0.4605656564235687,0.7857005000114441,0.8010303360718498
regressor,2d,mlp,2409,umap,2,42,0.5818158984184265,0.7520363501528992,0.5708882212638855,1.1143085956573486,1.4476769155065898,-1.1035254001617432,0.26577460765838623,0.28253179145731727,"{'hidden_dims': [768, 256, 256], 'dropout': 0.22944085101320108, 'use_layer_norm': False, 'activation': 'gelu', 'optimizer': 'adam', 'lr': 0.0015827852730713862, 'weight_decay': 4.786657626578632e-05, 'batch_size': 64, 'use_scheduler': True, 'loss_strategy': 'mse'}",-0.4683867313753603,,2.095768451690674,0.2093849629163742,0.08045710623264313,0.9729166626930237,0.9410645961761475,0.28364961877753886,0.9724003516927014,0.565558671951294,0.7613033652305603,0.7531914070653751
regressor,2d,mlp,2409,umap,4,42,0.4020974934101105,0.5513833724972959,0.6115436553955078,0.8938745856285095,1.1150325986775393,0.15254324674606323,0.45610782504081726,0.4330492945901026,"{'hidden_dims': [512, 256, 256], 'dropout': 0.05334864534134418, 'use_layer_norm': True, 'activation': 'relu', 'optimizer': 'sgd', 'lr': 0.00047115950569695276, 'weight_decay': 0.001649598249205021, 'batch_size': 64, 'use_scheduler': False, 'loss_strategy': 'mae'}",-0.28731436163421276,,1.2432976961135864,0.17941124737262726,0.06973244249820709,0.971936047077179,0.9442741274833679,0.2640690108630831,0.971525866540999,0.3040236234664917,0.804033100605011,0.7926712026459158
regressor,2d,mlp,2409,umap,1,42,0.5376179814338684,0.6855541131053191,0.6630281805992126,0.990130603313446,1.2275961632751589,-0.1490246057510376,0.12228069723557372,0.09243940026390506,"{'hidden_dims': [512], 'dropout': 0.3998810187998663, 'use_layer_norm': True, 'activation': 'leaky_relu', 'optimizer': 'sgd', 'lr': 0.0013982950553384787, 'weight_decay': 0.006291914452728701, 'batch_size': 64, 'use_scheduler': True, 'loss_strategy': 'huber', 'huber_delta': 1.4773897540034184}",-0.34858158576748044,,1.5069923400878906,0.2570132315158844,0.11355048418045044,0.9578974294871216,0.906569242477417,0.33697252733783867,0.9542850347754632,0.4699844419956207,0.8149497331040021,0.8142872499750993
regressor,2d,mlp,2409,time,5,42,0.48423925042152405,0.614553674424043,0.7301797270774841,1.149886965751648,1.3829065495636537,-0.49088168144226074,0.03167758882045746,0.01338297893771957,"{'hidden_dims': [512, 128, 128, 256], 'dropout': 0.3808319928997339, 'use_layer_norm': False, 'activation': 'leaky_relu', 'optimizer': 'adam', 'lr': 0.0042652528748753455, 'weight_decay': 5.443698432013575e-05, 'batch_size': 128, 'use_scheduler': False, 'loss_strategy': 'mae'}",-0.20708105138403154,,1.9124305248260498,0.307644248008728,0.16603393852710724,0.9342553615570068,0.8685579299926758,0.4074726230400114,0.9343295400267965,0.37767621874809265,0.8611842393875122,0.868113287504305
regressor,2d,mlp,2409,time,3,42,0.4778060019016266,0.6094803107792112,0.6353887319564819,1.0201622247695923,1.268947431865823,-0.20898759365081787,0.2422724962234497,0.1974606098450852,"{'hidden_dims': [1024], 'dropout': 0.35536204922285924, 'use_layer_norm': True, 'activation': 'gelu', 'optimizer': 'adam', 'lr': 0.002183407477993141, 'weight_decay': 0.00024156772233130034, 'batch_size': 32, 'use_scheduler': False, 'loss_strategy': 'huber', 'huber_delta': 0.5512097555471713}",-0.32800464540883856,,1.6102275848388672,0.2141788750886917,0.07922855019569397,0.970375657081604,0.9366385340690613,0.2814756653703726,0.9679272949544703,0.3714662492275238,0.8001976609230042,0.7639856900935782
regressor,2d,mlp,2409,time,2,42,0.7214300632476807,0.9487676608285133,0.5478494167327881,0.9244411587715149,1.1612662711096848,0.039019644260406494,0.36647117137908936,0.3557963164751304,"{'hidden_dims': [256, 512, 256, 512], 'dropout': 0.15763624868124587, 'use_layer_norm': True, 'activation': 'gelu', 'optimizer': 'adam', 'lr': 6.561094472296932e-05, 'weight_decay': 0.003301069779646087, 'batch_size': 32, 'use_scheduler': False, 'loss_strategy': 'smooth_l1'}",-0.7299169181169748,,1.3485393524169922,0.18507269024848938,0.047895647585392,0.9931652545928955,0.9531658291816711,0.21885074271153845,0.9905381313208885,0.9001600742340088,0.7476024627685547,0.7649066026447036
regressor,2d,mlp,2409,time,4,42,0.5530407428741455,0.733196896265935,0.648813009262085,1.03376305103302,1.305740251508034,-0.10344433784484863,0.3624908924102783,0.36846386005621923,"{'hidden_dims': [64, 768], 'dropout': 0.435571453608276, 'use_layer_norm': True, 'activation': 'leaky_relu', 'optimizer': 'adam', 'lr': 0.0049195269245620446, 'weight_decay': 0.003635010969682187, 'batch_size': 256, 'use_scheduler': True, 'loss_strategy': 'smooth_l1'}",-0.38922196774009993,,1.7049576044082642,0.24991121888160706,0.11831875145435333,0.9470633864402771,0.894899308681488,0.34397492852583506,0.9434287432199918,0.5375776886940002,0.8092491030693054,0.8064327648218582
regressor,2d,mlp,2409,time,1,42,0.348439484834671,0.4592964896758336,0.8451718091964722,1.1127536296844482,1.4113683589771966,-0.501732587814331,0.3693050444126129,0.3440208116689292,"{'hidden_dims': [256, 768, 768], 'dropout': 0.05221289452959767, 'use_layer_norm': False, 'activation': 'leaky_relu', 'optimizer': 'sgd', 'lr': 0.0028802073308007393, 'weight_decay': 0.00024002466007842928, 'batch_size': 64, 'use_scheduler': False, 'loss_strategy': 'mse'}",-0.2148978985461227,,1.9919606447219849,0.19837750494480133,0.05973067134618759,0.9847619533538818,0.9474852681159973,0.24439859112971088,0.9805478647295731,0.2109532654285431,0.928528368473053,0.918136189868674
regressor,2d,mlp,2409,butina,5,42,0.45228052139282227,0.5897212880314304,0.6861559748649597,0.7652103900909424,0.9862207033183997,0.13962191343307495,0.4864414930343628,0.43501619406460784,"{'hidden_dims': [128], 'dropout': 0.11472779530113819, 'use_layer_norm': True, 'activation': 'gelu', 'optimizer': 'sgd', 'lr': 0.0047542436337068865, 'weight_decay': 0.0012942334220603612, 'batch_size': 32, 'use_scheduler': False, 'loss_strategy': 'mae'}",-0.2696087964372602,,0.9726312756538391,0.23141780495643616,0.10247200727462769,0.9659808278083801,0.9234578609466553,0.3201124915941702,0.9662170949750992,0.34777119755744934,0.8330375552177429,0.8198372850730152
regressor,2d,mlp,2409,butina,3,42,0.42401716113090515,0.5416404888967785,0.7805760502815247,1.088538646697998,1.3901281433591317,-0.7220735549926758,0.22458228468894958,0.1999158277883623,"{'hidden_dims': [512, 64, 768], 'dropout': 0.12905661171644592, 'use_layer_norm': True, 'activation': 'gelu', 'optimizer': 'sgd', 'lr': 0.00699400810819439, 'weight_decay': 0.002675606430110656, 'batch_size': 32, 'use_scheduler': False, 'loss_strategy': 'huber', 'huber_delta': 1.1811067593788855}",-0.09055350302545095,,1.9324562549591064,0.34070298075675964,0.20347946882247925,0.9265598058700562,0.8448430299758911,0.45108698587132756,0.9207732215356486,0.2933744192123413,0.8896478414535522,0.8896093772426829
regressor,2d,mlp,2409,butina,2,42,0.5337550044059753,0.6879700224425163,0.5332016944885254,0.7325341105461121,0.92225357946134,0.4336986541748047,0.6720386147499084,0.6609721954270525,"{'hidden_dims': [1024, 256, 128, 64], 'dropout': 0.4349267372993074, 'use_layer_norm': False, 'activation': 'gelu', 'optimizer': 'adamw', 'lr': 0.004766107806188348, 'weight_decay': 0.00033701825134184926, 'batch_size': 32, 'use_scheduler': True, 'loss_strategy': 'smooth_l1'}",-0.27702503381037646,,0.8505516648292542,0.3127208948135376,0.1688757836818695,0.9378893375396729,0.8642421960830688,0.4109449886321398,0.9410243061356732,0.4733027517795563,0.7309300899505615,0.7302781561035849
regressor,2d,mlp,2409,butina,4,42,0.505318284034729,0.6675962335174026,0.6366629600524902,0.8246980905532837,1.0314582845561622,0.25121742486953735,0.5321977138519287,0.5138468405413394,"{'hidden_dims': [512], 'dropout': 0.25961156484454473, 'use_layer_norm': True, 'activation': 'relu', 'optimizer': 'adam', 'lr': 0.00015927523914556791, 'weight_decay': 0.009408774364847997, 'batch_size': 32, 'use_scheduler': True, 'loss_strategy': 'mae'}",-0.3636538774442234,,1.063906192779541,0.21646744012832642,0.09238095581531525,0.9620769619941711,0.9250901937484741,0.3039423560731792,0.964202300120143,0.4456847310066223,0.8009490966796875,0.771923897893166
regressor,2d,mlp,2409,butina,1,42,0.5508432984352112,0.7204598116894182,0.5823335647583008,0.7314382791519165,0.8959176260450699,0.2813222408294678,0.5750521421432495,0.5631740133011578,"{'hidden_dims': [512], 'dropout': 0.20597649169317933, 'use_layer_norm': True, 'activation': 'silu', 'optimizer': 'adamw', 'lr': 0.00021636361921113884, 'weight_decay': 0.00017484478274588944, 'batch_size': 64, 'use_scheduler': True, 'loss_strategy': 'smooth_l1'}",-0.4257154493231306,,0.8026683926582336,0.20721884071826935,0.08687423914670944,0.9672170877456665,0.9340883493423462,0.2947443623662876,0.9696062228023029,0.519062340259552,0.7645589709281921,0.7336226471501983
regressor,2d,mlp,2409,diverse_25,5,42,0.7789407968521118,0.9288737478256769,0.4121547341346741,0.9013007283210754,1.046470450051998,0.2440236210823059,0.5594569444656372,0.5750780206734354,"{'hidden_dims': [256, 512], 'dropout': 0.24677402315775396, 'use_layer_norm': False, 'activation': 'relu', 'optimizer': 'sgd', 'lr': 0.006866791575615341, 'weight_decay': 8.422603957011784e-05, 'batch_size': 128, 'use_scheduler': False, 'loss_strategy': 'smooth_l1'}",-0.4468313759784386,,1.0951004028320312,0.3632797598838806,0.23236484825611115,0.9191228151321411,0.8346840739250183,0.4820423718472383,0.9220840666801529,0.8628064393997192,0.6442364454269409,0.6441473653299331
regressor,2d,mlp,2409,diverse_25,3,42,0.7762989401817322,1.0118831662937666,0.35333943367004395,0.9188936352729797,1.1225474963940107,0.022427797317504883,0.390653133392334,0.40411014961083624,"{'hidden_dims': [256, 64, 256], 'dropout': 0.23632061757539982, 'use_layer_norm': False, 'activation': 'gelu', 'optimizer': 'adamw', 'lr': 0.002159857227789911, 'weight_decay': 0.0005599136295779242, 'batch_size': 256, 'use_scheduler': True, 'loss_strategy': 'mae'}",-0.16990968314091215,,1.2601128816604614,0.7030569314956665,0.70891934633255,0.7464796304702759,0.5040239691734314,0.8419734831528545,0.76059480760623,1.0239075422286987,0.5957074165344238,0.5903095034574882
regressor,2d,mlp,2409,diverse_25,2,42,0.7667843699455261,0.8780132589142858,0.3051373362541199,0.7204549908638,0.8796249164116686,0.3434242010116577,0.606424868106842,0.549420911445768,"{'hidden_dims': [512, 512, 512], 'dropout': 0.41057900312316, 'use_layer_norm': False, 'activation': 'gelu', 'optimizer': 'sgd', 'lr': 0.001451509698356895, 'weight_decay': 1.0710595046192157e-05, 'batch_size': 64, 'use_scheduler': False, 'loss_strategy': 'smooth_l1'}",0.03742573421852269,,0.7737399935722351,0.7519389390945435,0.8380285501480103,0.7130997180938721,0.4696316123008728,0.9154389931328085,0.7281828404920531,0.7709072828292847,0.555060863494873,0.5115946837043192
regressor,2d,mlp,2409,diverse_25,4,42,0.7626851201057434,0.9022697979897202,0.3466896414756775,0.8676117658615112,1.0733505902374063,0.2937597632408142,0.5566791892051697,0.5618875419390179,"{'hidden_dims': [1024], 'dropout': 0.21120558820015617, 'use_layer_norm': True, 'activation': 'silu', 'optimizer': 'adamw', 'lr': 9.161252403182904e-05, 'weight_decay': 7.2150430084149535e-06, 'batch_size': 64, 'use_scheduler': True, 'loss_strategy': 'smooth_l1'}",-0.09891695632435171,,1.1520814895629883,0.6659234762191772,0.6453757882118225,0.8237218260765076,0.5429503917694092,0.8033528416653685,0.8386414778959435,0.8140907883644104,0.5896241068840027,0.5779886736438268
regressor,2d,mlp,2409,diverse_25,1,42,0.6520293354988098,0.7908320084317213,0.514975368976593,0.9786123037338257,1.134803810724631,0.14359259605407715,0.466202974319458,0.40772640390365983,"{'hidden_dims': [512], 'dropout': 0.20597649169317933, 'use_layer_norm': True, 'activation': 'silu', 'optimizer': 'adamw', 'lr': 0.00021636361921113884, 'weight_decay': 0.00017484478274588944, 'batch_size': 64, 'use_scheduler': True, 'loss_strategy': 'smooth_l1'}",-0.610142018160803,,1.287779688835144,0.12567953765392303,0.03264887258410454,0.9886395931243896,0.9773436784744263,0.18068999027091825,0.9894550220160248,0.6254152655601501,0.72171950340271,0.6905648904716198
regressor,2d,mlp,284,scaffold,5,42,0.35623472929000854,0.499968557561254,0.673263669013977,0.5560205578804016,0.752434118434856,0.485562264919281,0.6974207758903503,0.7244069349001161,"{'hidden_dims': [1024], 'dropout': 0.4986562358689726, 'use_layer_norm': True, 'activation': 'leaky_relu', 'optimizer': 'adam', 'lr': 0.00013131140979124684, 'weight_decay': 0.009781081750200675, 'batch_size': 32, 'use_scheduler': True, 'loss_strategy': 'huber', 'huber_delta': 1.4496020125882754}",-0.23354311618614781,,0.5661571025848389,0.20207005739212036,0.07098251581192017,0.964616060256958,0.9232971668243408,0.2664254413751062,0.9654572994167221,0.24996855854988098,0.8217248320579529,0.8243267763181327
regressor,2d,mlp,284,scaffold,3,42,0.39995941519737244,0.533523547132861,0.6705420017242432,0.5361270904541016,0.721818510545298,0.42071640491485596,0.7056058645248413,0.6777211581762864,"{'hidden_dims': [512, 1024], 'dropout': 0.004856586307867041, 'use_layer_norm': True, 'activation': 'gelu', 'optimizer': 'adam', 'lr': 0.0003107245519647676, 'weight_decay': 1.1452790620802874e-06, 'batch_size': 32, 'use_scheduler': False, 'loss_strategy': 'huber', 'huber_delta': 0.5343399882133449}",-0.3393010581057089,,0.5210219621658325,0.1397479772567749,0.037722375243902206,0.9828977584838867,0.9612506628036499,0.19422248902715208,0.9827861046333406,0.2846473753452301,0.8214670419692993,0.8017012810808487
regressor,2d,mlp,284,scaffold,2,42,0.4341319799423218,0.59901418563718,0.5319044589996338,0.46821945905685425,0.6561973414411117,0.5428818464279175,0.7383321523666382,0.7062195810013714,"{'hidden_dims': [1024, 768], 'dropout': 0.048120199399061384, 'use_layer_norm': True, 'activation': 'leaky_relu', 'optimizer': 'adam', 'lr': 2.9414998695739327e-05, 'weight_decay': 0.004983103341191387, 'batch_size': 64, 'use_scheduler': True, 'loss_strategy': 'mae'}",-0.4092393850750952,,0.43059495091438293,0.14473724365234375,0.03601447492837906,0.9875007271766663,0.9628879427909851,0.1897748005620848,0.9900246310106998,0.358817994594574,0.7306638360023499,0.7168279680810936
regressor,2d,mlp,284,scaffold,4,42,0.46472063660621643,0.6102028383255259,0.6746682524681091,0.650039792060852,0.8647608440741565,0.2366732358932495,0.5563029050827026,0.5355835702088694,"{'hidden_dims': [128, 512, 1024, 512], 'dropout': 0.36991429880030546, 'use_layer_norm': True, 'activation': 'relu', 'optimizer': 'adamw', 'lr': 0.00011228913132676467, 'weight_decay': 1.8662250795550023e-06, 'batch_size': 32, 'use_scheduler': False, 'loss_strategy': 'huber', 'huber_delta': 0.989025381414314}",-0.4191261816786122,,0.7478113174438477,0.1435045599937439,0.03651028871536255,0.9834595322608948,0.9603869915008545,0.1910766566469137,0.9851288126523722,0.37234750390052795,0.8240879774093628,0.8012513154293818
regressor,2d,mlp,284,scaffold,1,42,0.4782361388206482,0.633790026459747,0.6149841547012329,0.6061648726463318,0.7999559196606498,0.2066311240196228,0.5425409078598022,0.5349265021171301,"{'hidden_dims': [1024], 'dropout': 0.04853052737648898, 'use_layer_norm': True, 'activation': 'leaky_relu', 'optimizer': 'sgd', 'lr': 0.0006152129431744362, 'weight_decay': 0.0003694307188020358, 'batch_size': 32, 'use_scheduler': True, 'loss_strategy': 'mae'}",-0.4680877941480737,,0.639929473400116,0.1185847669839859,0.027457229793071747,0.9859983325004578,0.9719604253768921,0.1657022323116733,0.9861310431175584,0.4016897976398468,0.7893911004066467,0.8020724536909293
regressor,2d,mlp,284,random,5,42,0.43698760867118835,0.5713371843464542,0.6495633125305176,0.47741177678108215,0.6494729610494367,0.5304880142211914,0.7390480637550354,0.7233641908206979,"{'hidden_dims': [768, 64, 64], 'dropout': 0.4697627715418109, 'use_layer_norm': True, 'activation': 'silu', 'optimizer': 'sgd', 'lr': 0.002351934310422782, 'weight_decay': 0.002598442102162787, 'batch_size': 64, 'use_scheduler': False, 'loss_strategy': 'mse'}",-0.2990944008728815,,0.4218151271343231,0.20578491687774658,0.07411613315343857,0.963006854057312,0.9235105514526367,0.27224278347357267,0.9648207961957415,0.3264261782169342,0.810047447681427,0.8030656071107276
regressor,2d,mlp,284,random,3,42,0.48596540093421936,0.6904459388902984,0.4768548607826233,0.4605078101158142,0.6179695486263704,0.5836925506591797,0.7675338387489319,0.7480990307864186,"{'hidden_dims': [512], 'dropout': 0.4952879925878399, 'use_layer_norm': True, 'activation': 'leaky_relu', 'optimizer': 'sgd', 'lr': 0.0025700421370575322, 'weight_decay': 6.914541626114243e-05, 'batch_size': 128, 'use_scheduler': False, 'loss_strategy': 'smooth_l1'}",-0.34676503303619854,,0.38188636302948,0.2554517686367035,0.11811656504869461,0.9448069930076599,0.8776798844337463,0.3436809058540998,0.9475853084588215,0.4767155945301056,0.6973707675933838,0.7058149662509554
regressor,2d,mlp,284,random,2,42,0.43617045879364014,0.58967499497845,0.5675476789474487,0.5422598719596863,0.7507982377145944,0.44473958015441895,0.6711785197257996,0.6781007473860764,"{'hidden_dims': [256], 'dropout': 0.10046574414624361, 'use_layer_norm': True, 'activation': 'silu', 'optimizer': 'sgd', 'lr': 0.00028479861299251136, 'weight_decay': 0.00012019947206417672, 'batch_size': 32, 'use_scheduler': True, 'loss_strategy': 'huber', 'huber_delta': 0.9103641690425301}",-0.10019170283298151,,0.5636979937553406,0.34613731503486633,0.23959389328956604,0.8689966201782227,0.7481037378311157,0.4894832921454685,0.8740280385745001,0.3477165997028351,0.7543289661407471,0.7454765534434155
regressor,2d,mlp,284,random,4,42,0.38220444321632385,0.4997129808600646,0.7155598402023315,0.462698370218277,0.661554717503299,0.5214685201644897,0.7344090342521667,0.7325602643985433,"{'hidden_dims': [512, 1024], 'dropout': 0.28278756260943383, 'use_layer_norm': True, 'activation': 'relu', 'optimizer': 'adam', 'lr': 0.0038618973441773194, 'weight_decay': 0.009363430951314033, 'batch_size': 32, 'use_scheduler': True, 'loss_strategy': 'smooth_l1'}",-0.22727039280853062,,0.43765464425086975,0.204212948679924,0.07422496378421783,0.964391827583313,0.9234934449195862,0.272442588051534,0.9709901654255008,0.24971306324005127,0.8469119071960449,0.8262114762337033
regressor,2d,mlp,284,random,1,42,0.42307549715042114,0.5580802905126158,0.6488527655601501,0.5226366519927979,0.7115950844415347,0.49740666151046753,0.7067079544067383,0.7018687338782786,"{'hidden_dims': [1024], 'dropout': 0.4632804834473669, 'use_layer_norm': True, 'activation': 'gelu', 'optimizer': 'adamw', 'lr': 0.00023902411874420363, 'weight_decay': 6.432960990972296e-06, 'batch_size': 32, 'use_scheduler': True, 'loss_strategy': 'smooth_l1'}",-0.34279865203347737,,0.506367564201355,0.16314461827278137,0.046346183866262436,0.9754582643508911,0.9508041739463806,0.2152816384791384,0.97489793328493,0.31145361065864563,0.80576491355896,0.810247053482903
regressor,2d,mlp,284,umap,5,42,0.509577214717865,0.6887810865541957,0.6136581897735596,0.7819206118583679,1.017383871738866,-0.5333302021026611,0.03821989521384239,-0.016668991770736177,"{'hidden_dims': [256, 128, 128, 256], 'dropout': 0.1885656965605651, 'use_layer_norm': True, 'activation': 'relu', 'optimizer': 'adamw', 'lr': 0.0005599890327026749, 'weight_decay': 5.93081271161043e-06, 'batch_size': 128, 'use_scheduler': True, 'loss_strategy': 'mae'}",-0.4086617280844022,,1.0350699424743652,0.20614834129810333,0.07846685498952866,0.9658572673797607,0.9205999970436096,0.28011935846979347,0.970479794723357,0.47441938519477844,0.7859453558921814,0.8226094027452742
regressor,2d,mlp,284,umap,3,42,0.42734766006469727,0.5663019281538738,0.6294711828231812,0.848080575466156,1.096620389943666,-0.04602193832397461,0.30060648918151855,0.32732683750958647,"{'hidden_dims': [768, 1024, 1024, 1024], 'dropout': 0.19714042955136843, 'use_layer_norm': True, 'activation': 'gelu', 'optimizer': 'adamw', 'lr': 0.006931842299846078, 'weight_decay': 1.0028553716671364e-05, 'batch_size': 32, 'use_scheduler': False, 'loss_strategy': 'mae'}",-0.24781665793216617,,1.2025762796401978,0.23344910144805908,0.10143286734819412,0.9426541924476624,0.8818107843399048,0.31848527022170764,0.9465014829393157,0.3206978738307953,0.793977677822113,0.8007932867121645
regressor,2d,mlp,284,umap,2,42,0.4198639690876007,0.5408837057743799,0.6851338744163513,1.1223571300506592,1.3519397275316518,-0.6434425115585327,0.07038809359073639,0.08896139041805808,"{'hidden_dims': [1024, 128, 512, 1024], 'dropout': 0.4297406730593457, 'use_layer_norm': True, 'activation': 'relu', 'optimizer': 'adamw', 'lr': 0.0034523189794655185, 'weight_decay': 1.4684385024107318e-05, 'batch_size': 128, 'use_scheduler': True, 'loss_strategy': 'mae'}",-0.21621413529149724,,1.827741026878357,0.25327786803245544,0.10541032999753952,0.9536762833595276,0.8812264204025269,0.3246695704828827,0.9577175517244255,0.29255518317222595,0.8384483456611633,0.8214859951698467
regressor,2d,mlp,284,umap,4,42,0.47979244589805603,0.6493275290752965,0.5000169277191162,1.1435948610305786,1.3889274093796267,-0.8901948928833008,0.4286268353462219,0.41494659105028353,"{'hidden_dims': [512], 'dropout': 0.08645173093602732, 'use_layer_norm': True, 'activation': 'gelu', 'optimizer': 'adamw', 'lr': 1.735917371463966e-05, 'weight_decay': 5.225880153354441e-06, 'batch_size': 32, 'use_scheduler': True, 'loss_strategy': 'mae'}",-0.3978053899146237,,1.929119348526001,0.13833878934383392,0.06326338648796082,0.9658660888671875,0.9305703639984131,0.25152213916067273,0.9739426856693849,0.4216262400150299,0.7130500674247742,0.6946701580694498
regressor,2d,mlp,284,umap,1,42,0.44341397285461426,0.6027311887428186,0.581985592842102,0.5593883395195007,0.6927124659097107,-0.5305087566375732,0.1296519637107849,0.12287506790706097,"{'hidden_dims': [512], 'dropout': 0.20597649169317933, 'use_layer_norm': True, 'activation': 'silu', 'optimizer': 'adamw', 'lr': 0.00021636361921113884, 'weight_decay': 0.00017484478274588944, 'batch_size': 64, 'use_scheduler': True, 'loss_strategy': 'smooth_l1'}",-0.44117744246506274,,0.47985056042671204,0.12175959348678589,0.026099612936377525,0.9883512854576111,0.9757701754570007,0.1615537462777559,0.9888036220637432,0.3632848858833313,0.7697136402130127,0.7741359572840727
regressor,2d,mlp,284,time,5,42,0.43329912424087524,0.5920886337164724,0.646074116230011,0.8701624274253845,1.0813488512662164,0.10938012599945068,0.4092572033405304,0.4057784688747251,"{'hidden_dims': [512], 'dropout': 0.33935891277430996, 'use_layer_norm': True, 'activation': 'leaky_relu', 'optimizer': 'adam', 'lr': 0.006799397287513221, 'weight_decay': 0.0013485915583317408, 'batch_size': 32, 'use_scheduler': True, 'loss_strategy': 'smooth_l1'}",-0.34887137043543587,,1.1693153381347656,0.18678641319274902,0.05915463715791702,0.967377781867981,0.9332512021064758,0.2432172632810365,0.9705756982941188,0.350568950176239,0.8053197860717773,0.8248307955166267
regressor,2d,mlp,284,time,3,42,0.45457786321640015,0.5967314053112694,0.5962384939193726,0.8067865967750549,1.0114048651337038,0.16877013444900513,0.4340137541294098,0.4702038632736356,"{'hidden_dims': [512], 'dropout': 0.26043586154553, 'use_layer_norm': True, 'activation': 'gelu', 'optimizer': 'adam', 'lr': 0.006734299152861877, 'weight_decay': 0.00013535266016993495, 'batch_size': 32, 'use_scheduler': False, 'loss_strategy': 'smooth_l1'}",-0.30783200385716863,,1.0229398012161255,0.21845483779907227,0.08346286416053772,0.9464457631111145,0.8797906637191772,0.2888994014541008,0.954075427913891,0.3560883700847626,0.7737360000610352,0.7871382488153186
regressor,2d,mlp,284,time,2,42,0.3402056396007538,0.4485993302654908,0.6777849197387695,1.0359491109848022,1.340502740936152,-0.6519243717193604,0.23229460418224335,0.19663214283386724,"{'hidden_dims': [1024], 'dropout': 0.41151838977523975, 'use_layer_norm': True, 'activation': 'relu', 'optimizer': 'adamw', 'lr': 2.9243255622854834e-05, 'weight_decay': 5.808892267792471e-06, 'batch_size': 128, 'use_scheduler': False, 'loss_strategy': 'mae'}",-0.15530805983462503,,1.7969475984573364,0.20093843340873718,0.08601976931095123,0.9434022307395935,0.8824442625045776,0.2932912704308658,0.9470848420438839,0.2012413591146469,0.8323961496353149,0.8816661821772086
regressor,2d,mlp,284,time,4,42,0.375704824924469,0.5277487718268794,0.6444638967514038,0.7925471663475037,1.029453851937394,0.273201048374176,0.53288733959198,0.5290373501861547,"{'hidden_dims': [512, 128, 128], 'dropout': 0.2695791816925658, 'use_layer_norm': True, 'activation': 'relu', 'optimizer': 'sgd', 'lr': 0.006722727800044277, 'weight_decay': 0.00012445582143438515, 'batch_size': 64, 'use_scheduler': False, 'loss_strategy': 'mae'}",-0.3319503402922866,,1.0597752332687378,0.1420595943927765,0.03833702579140663,0.9763339161872864,0.9528003931045532,0.1957984315345928,0.9763209150919938,0.27851876616477966,0.8040409088134766,0.836842537370205
regressor,2d,mlp,284,time,1,42,0.42834439873695374,0.5542673211959356,0.672317624092102,0.7680195569992065,0.9920699883505643,-0.0328061580657959,0.34377121925354004,0.3497048334480422,"{'hidden_dims': [768, 128, 128, 768], 'dropout': 0.2009009629492879, 'use_layer_norm': True, 'activation': 'relu', 'optimizer': 'sgd', 'lr': 0.005642575624478064, 'weight_decay': 0.0013955445816915776, 'batch_size': 32, 'use_scheduler': True, 'loss_strategy': 'mae'}",-0.14921490225898176,,0.9842028617858887,0.30990031361579895,0.16406746208667755,0.9171677231788635,0.8047638535499573,0.4050524189369538,0.9171768886674412,0.3072122633457184,0.8235734701156616,0.8156401971676364
regressor,2d,mlp,284,butina,5,42,0.4298502206802368,0.5592154930768134,0.6107051372528076,0.8359453678131104,1.094727379205622,-0.27541327476501465,0.35959455370903015,0.3284571366494628,"{'hidden_dims': [1024], 'dropout': 0.27984116860635655, 'use_layer_norm': True, 'activation': 'gelu', 'optimizer': 'adamw', 'lr': 5.021268456429994e-05, 'weight_decay': 0.00051228236268946, 'batch_size': 32, 'use_scheduler': False, 'loss_strategy': 'huber', 'huber_delta': 0.7298723300082828}",-0.26763457461974693,,1.1984280347824097,0.19507083296775818,0.08501943200826645,0.9578038454055786,0.9125280976295471,0.29158091845706646,0.9635748640232508,0.31272196769714355,0.7910057306289673,0.7924825640171888
regressor,2d,mlp,284,butina,3,42,0.4314460754394531,0.5673396345245102,0.6758606433868408,0.7715530395507812,1.0186613617699818,-0.00895380973815918,0.32083868980407715,0.31815343739315904,"{'hidden_dims': [768, 256, 256], 'dropout': 0.41249364878215067, 'use_layer_norm': True, 'activation': 'gelu', 'optimizer': 'adam', 'lr': 0.00045365281950585865, 'weight_decay': 0.0001554476607701467, 'batch_size': 32, 'use_scheduler': False, 'loss_strategy': 'huber', 'huber_delta': 1.5814222483170068}",-0.30851697607911416,,1.0376709699630737,0.19832003116607666,0.06698916852474213,0.9696410894393921,0.9273807406425476,0.25882265844539604,0.9702980100524023,0.3218742609024048,0.8233190774917603,0.8125842386178116
regressor,2d,mlp,284,butina,2,42,0.5131027698516846,0.7081760390794103,0.5861988663673401,0.6619627475738525,0.8683157102903999,-0.5473756790161133,0.07167597115039825,0.06522625384415942,"{'hidden_dims': [768, 128], 'dropout': 0.04462157744585796, 'use_layer_norm': True, 'activation': 'relu', 'optimizer': 'sgd', 'lr': 0.0045079071376476695, 'weight_decay': 0.009608793121515965, 'batch_size': 128, 'use_scheduler': False, 'loss_strategy': 'huber', 'huber_delta': 0.8601812937787234}",-0.31877847717644603,,0.7539721727371216,0.2734203636646271,0.1516304612159729,0.9246350526809692,0.8531136512756348,0.38939756190296426,0.9290433156470432,0.5015133023262024,0.7700046896934509,0.7927923280157223
regressor,2d,mlp,284,butina,4,42,0.4666236639022827,0.6176099417957922,0.6064622402191162,0.8223922252655029,1.0472491720145771,0.100025475025177,0.498323529958725,0.5061571988627263,"{'hidden_dims': [1024], 'dropout': 0.33997743798045665, 'use_layer_norm': True, 'activation': 'relu', 'optimizer': 'adam', 'lr': 0.0011552963307005183, 'weight_decay': 0.00017761423565726742, 'batch_size': 64, 'use_scheduler': True, 'loss_strategy': 'mae'}",-0.35868662238246163,,1.0967308282852173,0.19683778285980225,0.06704128533601761,0.9716542959213257,0.923505425453186,0.2589233194133306,0.9735128203350578,0.38144204020500183,0.7830511927604675,0.7924856936398799
regressor,2d,mlp,284,butina,1,42,0.39290153980255127,0.5256498470171554,0.6599475145339966,0.6984173059463501,0.864714938032764,0.2614126205444336,0.5327358245849609,0.5061340991749697,"{'hidden_dims': [768], 'dropout': 0.4069009775995257, 'use_layer_norm': True, 'activation': 'relu', 'optimizer': 'sgd', 'lr': 0.002202066950849638, 'weight_decay': 0.0008667157950672378, 'batch_size': 32, 'use_scheduler': True, 'loss_strategy': 'huber', 'huber_delta': 0.7645168151093718}",-0.2584164641641441,,0.7477319240570068,0.20149563252925873,0.07141368091106415,0.9683438539505005,0.9245913624763489,0.26723338285301135,0.9658867824176416,0.27630776166915894,0.8166748881340027,0.8151260292559498
regressor,2d,mlp,284,diverse_25,5,42,0.793205738067627,0.987620166517123,0.17398685216903687,0.6882785558700562,0.9074888312227859,0.25257349014282227,0.5176118016242981,0.4952684845752012,"{'hidden_dims': [128], 'dropout': 0.2861264583425399, 'use_layer_norm': True, 'activation': 'leaky_relu', 'optimizer': 'adam', 'lr': 0.00032335441845913695, 'weight_decay': 1.0715177925964154e-05, 'batch_size': 64, 'use_scheduler': True, 'loss_strategy': 'mse'}",-0.5989873030675865,,0.8235359787940979,0.24083185195922852,0.15103550255298615,0.939418613910675,0.8558921217918396,0.38863286344953657,0.9807198149751741,0.9753935933113098,0.4192553460597992,0.38519533958654584
regressor,2d,mlp,284,diverse_25,3,42,0.8943946957588196,1.0797897974952821,0.18517881631851196,0.7662039399147034,0.9599075069673226,0.08935225009918213,0.3402065336704254,0.413318720880195,"{'hidden_dims': [64], 'dropout': 0.40628470874128614, 'use_layer_norm': True, 'activation': 'gelu', 'optimizer': 'adamw', 'lr': 0.004041079354844471, 'weight_decay': 9.282164700141295e-05, 'batch_size': 32, 'use_scheduler': False, 'loss_strategy': 'smooth_l1'}",-0.5137078106571552,,0.9214224219322205,0.41323232650756836,0.3204488158226013,0.8753252625465393,0.6830452680587769,0.5660819868381269,0.9145119810138512,1.1659460067749023,0.4313443899154663,0.44353050604717875
regressor,2d,mlp,284,diverse_25,2,42,0.6113425493240356,0.7735098602662659,0.3916465640068054,0.789218008518219,1.012808018209257,0.011719584465026855,0.3403642475605011,0.2776594856984403,"{'hidden_dims': [256, 128, 128], 'dropout': 0.30116066766685334, 'use_layer_norm': False, 'activation': 'relu', 'optimizer': 'sgd', 'lr': 0.0005768549980251649, 'weight_decay': 2.324913611828608e-06, 'batch_size': 32, 'use_scheduler': True, 'loss_strategy': 'smooth_l1'}",0.10820565469146082,,1.0257800817489624,0.6615075469017029,0.7774222493171692,0.5689538717269897,0.3024565577507019,0.8817155149577267,0.611408303179497,0.5983175039291382,0.6260812282562256,0.5986614002207584
regressor,2d,mlp,284,diverse_25,4,42,0.7805019021034241,1.005582901077597,0.041364192962646484,0.8614020943641663,1.0437225018379623,-0.07724618911743164,0.3330630958080292,0.3060977394480492,"{'hidden_dims': [512], 'dropout': 0.24806163926190355, 'use_layer_norm': True, 'activation': 'gelu', 'optimizer': 'adamw', 'lr': 0.003069141983890643, 'weight_decay': 7.874373143253071e-05, 'batch_size': 64, 'use_scheduler': False, 'loss_strategy': 'mse'}",-0.02596068020604836,,1.0893566608428955,0.7757849097251892,0.9596596956253052,0.6395245790481567,0.11553007364273071,0.9796222208715486,0.6532827149002711,1.0111969709396362,0.23087115585803986,0.25869403191724544
regressor,2d,mlp,284,diverse_25,1,42,0.7654533386230469,0.9545343953685107,0.09001147747039795,0.7326149940490723,0.9711783337756141,0.19414544105529785,0.4690166413784027,0.49364882216259665,"{'hidden_dims': [256, 1024, 768], 'dropout': 0.47600497896705085, 'use_layer_norm': False, 'activation': 'gelu', 'optimizer': 'adamw', 'lr': 0.0071565077812256695, 'weight_decay': 0.0005708970815245326, 'batch_size': 32, 'use_scheduler': True, 'loss_strategy': 'huber', 'huber_delta': 1.991998594553633}",-0.2821569081919121,,0.9431873559951782,0.5454394221305847,0.4520914852619171,0.8391650319099426,0.5704519748687744,0.6723774871765986,0.8187375745460863,0.9111359119415283,0.37064456939697266,0.293478480528644
regressor,2d,mlp,4005,scaffold,5,42,0.4309634864330292,0.5957810647975694,0.6734059453010559,0.6356189846992493,0.863477209988748,0.3687920570373535,0.67646723985672,0.6106065966718205,"{'hidden_dims': [512, 128, 768, 512], 'dropout': 0.14627075339235784, 'use_layer_norm': False, 'activation': 'leaky_relu', 'optimizer': 'sgd', 'lr': 0.002338188630485271, 'weight_decay': 0.001457473107800528, 'batch_size': 128, 'use_scheduler': False, 'loss_strategy': 'mae'}",-0.38476298587824065,,0.7455928921699524,0.15375836193561554,0.04452862963080406,0.9813661575317383,0.962977945804596,0.21101807891932875,0.9846370918493881,0.3549550771713257,0.8220759630203247,0.8136195397736898
regressor,2d,mlp,4005,scaffold,3,42,0.43611353635787964,0.5946598610641805,0.7193232178688049,0.5113717317581177,0.6757084581277348,0.628384530544281,0.793170690536499,0.7406833469525029,"{'hidden_dims': [768], 'dropout': 0.13071867327302503, 'use_layer_norm': True, 'activation': 'relu', 'optimizer': 'adam', 'lr': 0.0003071051539258082, 'weight_decay': 2.4142338505262585e-05, 'batch_size': 128, 'use_scheduler': True, 'loss_strategy': 'mae'}",-0.42128965283434106,,0.4565819203853607,0.11350589990615845,0.030057229101657867,0.9873025417327881,0.9740630984306335,0.1733702082298394,0.9885059397454535,0.35362035036087036,0.8487101793289185,0.8612881914047097
regressor,2d,mlp,4005,scaffold,2,42,0.4730665683746338,0.5910899406146998,0.7168523073196411,0.5593550205230713,0.7141669983642354,0.5440616607666016,0.7753467559814453,0.7939435577061068,"{'hidden_dims': [64, 256, 512, 1024], 'dropout': 0.49601210994923395, 'use_layer_norm': False, 'activation': 'gelu', 'optimizer': 'adamw', 'lr': 0.004651494556482666, 'weight_decay': 4.709551792759222e-06, 'batch_size': 32, 'use_scheduler': True, 'loss_strategy': 'smooth_l1'}",-0.1686362100087686,,0.5100345015525818,0.32715973258018494,0.17846715450286865,0.9283443093299866,0.8508209586143494,0.42245373060593117,0.9492019841431527,0.3493873178958893,0.8500862121582031,0.8373943493876412
regressor,2d,mlp,4005,scaffold,4,42,0.43649253249168396,0.5831965104358443,0.6855877637863159,0.6228622198104858,0.811727780391919,0.46775054931640625,0.6842979192733765,0.6919800469653686,"{'hidden_dims': [512], 'dropout': 0.26984840791039727, 'use_layer_norm': True, 'activation': 'relu', 'optimizer': 'adam', 'lr': 0.00019202280881752665, 'weight_decay': 0.0035794960142823055, 'batch_size': 32, 'use_scheduler': True, 'loss_strategy': 'mae'}",-0.30205469380437,,0.6589019894599915,0.20376016199588776,0.07904072105884552,0.9661986231803894,0.9334356784820557,0.2811418166314743,0.969147389445002,0.3401181697845459,0.8289260268211365,0.8070333820489838
regressor,2d,mlp,4005,scaffold,1,42,0.3737773001194,0.523967929648563,0.7840222716331482,0.5714293718338013,0.7212607028239795,0.5396666526794434,0.7688102126121521,0.7611124121053862,"{'hidden_dims': [1024], 'dropout': 0.2824956335964674, 'use_layer_norm': True, 'activation': 'silu', 'optimizer': 'adamw', 'lr': 8.073099866821531e-05, 'weight_decay': 7.621676267919285e-06, 'batch_size': 32, 'use_scheduler': True, 'loss_strategy': 'huber', 'huber_delta': 1.4889414529624796}",-0.3704270821562441,,0.5202170014381409,0.11915860325098038,0.023574791848659515,0.9901975393295288,0.9803021550178528,0.15354084749231886,0.9903346077344546,0.2745423913002014,0.8881363868713379,0.8790122719909658
regressor,2d,mlp,4005,random,5,42,0.4251993000507355,0.5812179977056886,0.719677209854126,0.44973623752593994,0.6167419370472886,0.6715829372406006,0.8227670788764954,0.8233585936999963,"{'hidden_dims': [512, 64, 64], 'dropout': 0.37091405606299876, 'use_layer_norm': False, 'activation': 'leaky_relu', 'optimizer': 'sgd', 'lr': 0.005271372302307124, 'weight_decay': 0.0007535452397386637, 'batch_size': 128, 'use_scheduler': False, 'loss_strategy': 'mae'}",-0.3435503987005386,,0.3803706169128418,0.1774004101753235,0.05648588761687279,0.9780552983283997,0.9525601267814636,0.23766759900515003,0.9808639119881628,0.3378143608570099,0.849456250667572,0.8359518104901453
regressor,2d,mlp,4005,random,3,42,0.38643544912338257,0.5337551180127375,0.7622281312942505,0.4544362425804138,0.6157572870400256,0.6720361709594727,0.8227732181549072,0.7911142073635478,"{'hidden_dims': [256, 256, 256], 'dropout': 0.2639288756541597, 'use_layer_norm': True, 'activation': 'gelu', 'optimizer': 'adam', 'lr': 0.0038366807669027655, 'weight_decay': 0.0006969696377319061, 'batch_size': 32, 'use_scheduler': True, 'loss_strategy': 'smooth_l1'}",-0.3152490455262623,,0.37915703654289246,0.1695161759853363,0.04774490371346474,0.9800663590431213,0.9601432085037231,0.21850607248647516,0.982001176217298,0.28489452600479126,0.8734714984893799,0.8902996596570485
regressor,2d,mlp,4005,random,2,42,0.4328473210334778,0.5812881898126844,0.7336769104003906,0.41603177785873413,0.5686747930918022,0.7304589748382568,0.8555082082748413,0.8372026202545915,"{'hidden_dims': [768], 'dropout': 0.017141618229419866, 'use_layer_norm': True, 'activation': 'relu', 'optimizer': 'adam', 'lr': 0.00037217523888961125, 'weight_decay': 0.0034629129143744835, 'batch_size': 256, 'use_scheduler': False, 'loss_strategy': 'mse'}",-0.5095834171419606,,0.32339102029800415,0.05252029001712799,0.005141574423760176,0.9978684782981873,0.9956360459327698,0.07170477267072378,0.9978034995888106,0.3378959596157074,0.8590446710586548,0.8603180986796634
regressor,2d,mlp,4005,random,4,42,0.38485056161880493,0.5389632534495076,0.7310255765914917,0.4412868022918701,0.583226020910336,0.7300913333892822,0.8582442998886108,0.8557066445112586,"{'hidden_dims': [1024], 'dropout': 0.21816069988614148, 'use_layer_norm': True, 'activation': 'gelu', 'optimizer': 'adam', 'lr': 1.0016730530649062e-05, 'weight_decay': 1.3880241946742164e-05, 'batch_size': 256, 'use_scheduler': False, 'loss_strategy': 'mae'}",-0.2804372652695076,,0.3401525914669037,0.14700941741466522,0.0668356865644455,0.9728212952613831,0.9434231519699097,0.25852598818,0.9758625077766715,0.2904813885688782,0.8564175963401794,0.8267382674215367
regressor,2d,mlp,4005,random,1,42,0.41852104663848877,0.5579684565748193,0.7482371926307678,0.511006236076355,0.7242013857178493,0.5451768636703491,0.7467556595802307,0.7437069070066664,"{'hidden_dims': [128, 1024, 128, 512], 'dropout': 0.2057384268027697, 'use_layer_norm': True, 'activation': 'leaky_relu', 'optimizer': 'adamw', 'lr': 0.0013238545652543806, 'weight_decay': 8.135864193824883e-06, 'batch_size': 32, 'use_scheduler': False, 'loss_strategy': 'huber', 'huber_delta': 1.4676139883933232}",-0.4352078655305934,,0.5244676470756531,0.09401451051235199,0.01507016271352768,0.9937219619750977,0.9873592853546143,0.12276059104422592,0.9938411883029953,0.31132879853248596,0.8669664859771729,0.8199207288866055
regressor,2d,mlp,4005,umap,5,42,0.3743758201599121,0.46740266763332317,0.8530260920524597,0.7242613434791565,0.8972699415595485,0.23009532690048218,0.4934587776660919,0.4297597094110996,"{'hidden_dims': [512, 512], 'dropout': 0.47744381297333854, 'use_layer_norm': False, 'activation': 'leaky_relu', 'optimizer': 'sgd', 'lr': 0.002939882492894241, 'weight_decay': 0.0002290487476137694, 'batch_size': 128, 'use_scheduler': False, 'loss_strategy': 'mae'}",-0.22929763894915894,,0.8050933480262756,0.16757500171661377,0.05669400468468666,0.9766530990600586,0.951830267906189,0.23810502868416422,0.9782409112965803,0.21846525371074677,0.9247757196426392,0.9111047815359341
regressor,2d,mlp,4005,umap,3,42,0.38981392979621887,0.4928683158988213,0.7662836313247681,0.7986908555030823,0.9762249782935918,-0.09489691257476807,0.31607645750045776,0.1049990477209065,"{'hidden_dims': [256, 64], 'dropout': 0.22951774478343503, 'use_layer_norm': True, 'activation': 'leaky_relu', 'optimizer': 'adam', 'lr': 0.0037677020228150345, 'weight_decay': 0.000178527966521701, 'batch_size': 32, 'use_scheduler': False, 'loss_strategy': 'huber', 'huber_delta': 1.472400498300779}",-0.2091372028078745,,0.9530152082443237,0.21575415134429932,0.08050334453582764,0.969086766242981,0.934646487236023,0.2837311130909468,0.9713577972777738,0.2429191768169403,0.875708281993866,0.865253160500196
regressor,2d,mlp,4005,umap,2,42,0.39323118329048157,0.511694638215631,0.7744782567024231,0.7680043578147888,0.9786734691627292,-0.20764708518981934,0.16591495275497437,0.1976126578927076,"{'hidden_dims': [768, 256, 512, 128], 'dropout': 0.11914154629823451, 'use_layer_norm': True, 'activation': 'leaky_relu', 'optimizer': 'sgd', 'lr': 0.0070611895341532735, 'weight_decay': 4.79916567091321e-06, 'batch_size': 32, 'use_scheduler': False, 'loss_strategy': 'smooth_l1'}",-0.3168667195312357,,0.9578017592430115,0.15193325281143188,0.037957917898893356,0.9853794574737549,0.969563364982605,0.19482791868439533,0.987989252996373,0.2618314027786255,0.8835753202438354,0.8701661706601626
regressor,2d,mlp,4005,umap,4,42,0.4099484980106354,0.5378846832368299,0.7205842733383179,0.9722673296928406,1.2097800845500548,-0.9378026723861694,0.31923654675483704,0.30616628322017414,"{'hidden_dims': [1024], 'dropout': 0.422852488428558, 'use_layer_norm': True, 'activation': 'silu', 'optimizer': 'adam', 'lr': 1.6237991771496373e-05, 'weight_decay': 2.017925900903209e-05, 'batch_size': 64, 'use_scheduler': True, 'loss_strategy': 'mae'}",-0.24943536314565895,,1.463567852973938,0.1876862496137619,0.08320301026105881,0.9608351588249207,0.9199779629707336,0.28844932009117097,0.9641517562651877,0.2893199324607849,0.8534068465232849,0.8253039364750947
regressor,2d,mlp,4005,umap,1,42,0.4816083610057831,0.6718039585968456,0.615241289138794,0.7845878005027771,0.9856458664876272,0.17836254835128784,0.46689432859420776,0.4368197819625738,"{'hidden_dims': [768], 'dropout': 0.40102355931433326, 'use_layer_norm': True, 'activation': 'relu', 'optimizer': 'sgd', 'lr': 0.008210985294070479, 'weight_decay': 3.4794264259999706e-05, 'batch_size': 32, 'use_scheduler': True, 'loss_strategy': 'huber', 'huber_delta': 0.8934572338945721}",-0.393555880405465,,0.9714977741241455,0.2154828906059265,0.07742199301719666,0.9688771963119507,0.9350122809410095,0.2782480781913806,0.9691831949507712,0.4513205587863922,0.7847227454185486,0.7402292652726328
regressor,2d,mlp,4005,time,5,42,0.4050830006599426,0.5569412758003253,0.7693759202957153,0.783447265625,1.012120347605817,0.23990631103515625,0.7067963480949402,0.6988189383714083,"{'hidden_dims': [1024], 'dropout': 0.06210138346514223, 'use_layer_norm': True, 'activation': 'leaky_relu', 'optimizer': 'sgd', 'lr': 0.007116546067441982, 'weight_decay': 0.003888594172413854, 'batch_size': 64, 'use_scheduler': False, 'loss_strategy': 'mae'}",-0.3920535614013491,,1.0243875980377197,0.12903057038784027,0.027187958359718323,0.9878801703453064,0.9756059050559998,0.16488771439897615,0.988330736506808,0.310183584690094,0.878319263458252,0.8693315525443537
regressor,2d,mlp,4005,time,3,42,0.44294753670692444,0.6150695580014628,0.6804476380348206,0.8247888684272766,1.0245225119847179,0.22357910871505737,0.6075472831726074,0.5869420709676633,"{'hidden_dims': [128, 512, 256], 'dropout': 0.3277388976254442, 'use_layer_norm': True, 'activation': 'leaky_relu', 'optimizer': 'adam', 'lr': 0.00320843752755184, 'weight_decay': 0.0005459062587210708, 'batch_size': 32, 'use_scheduler': False, 'loss_strategy': 'huber', 'huber_delta': 1.3369474742024496}",-0.32886801108965463,,1.0496463775634766,0.22237083315849304,0.08191132545471191,0.9638625383377075,0.9196202754974365,0.28620154691180816,0.9665924180745306,0.37831056118011475,0.8263581991195679,0.7934835441716375
regressor,2d,mlp,4005,time,2,42,0.3958050310611725,0.5192294857764616,0.6449146270751953,0.8095793128013611,0.9963919698054718,0.23864716291427612,0.5039198994636536,0.4818064679879855,"{'hidden_dims': [128], 'dropout': 0.126552253560584, 'use_layer_norm': True, 'activation': 'leaky_relu', 'optimizer': 'adam', 'lr': 0.00028797601674891227, 'weight_decay': 4.556758245075488e-05, 'batch_size': 32, 'use_scheduler': True, 'loss_strategy': 'mae'}",-0.2958997139217033,,0.9927969574928284,0.16524893045425415,0.04987618699669838,0.9770258069038391,0.9499486684799194,0.22332977185475827,0.9797920964473634,0.2695992588996887,0.809058666229248,0.8142217424194208
regressor,2d,mlp,4005,time,4,42,0.4667010009288788,0.6054470919765502,0.6152940988540649,0.8843978047370911,1.1042929283263176,0.11898058652877808,0.5257094502449036,0.530987911990414,"{'hidden_dims': [512], 'dropout': 0.13350461630014063, 'use_layer_norm': True, 'activation': 'leaky_relu', 'optimizer': 'sgd', 'lr': 0.00015952681181077296, 'weight_decay': 0.009927777499288071, 'batch_size': 64, 'use_scheduler': False, 'loss_strategy': 'mae'}",-0.35531861737386156,,1.2194628715515137,0.16219644248485565,0.06256425380706787,0.9722242951393127,0.9423576593399048,0.25012847460268867,0.9731548837307936,0.36656618118286133,0.785117506980896,0.7678897746987452
regressor,2d,mlp,4005,time,1,42,0.3565325438976288,0.4675369779986684,0.7486537098884583,0.9850661754608154,1.26605688190885,-0.28868424892425537,0.1413726806640625,0.17433619188134392,"{'hidden_dims': [512, 64, 64, 128], 'dropout': 0.10929919920832487, 'use_layer_norm': True, 'activation': 'leaky_relu', 'optimizer': 'adamw', 'lr': 0.0006428014229685451, 'weight_decay': 0.009260712782547923, 'batch_size': 64, 'use_scheduler': False, 'loss_strategy': 'mse'}",-0.1606510834438572,,1.6029000282287598,0.23439575731754303,0.0941789522767067,0.9593411684036255,0.9087370038032532,0.3068858945548112,0.9752034279719493,0.21859082579612732,0.8685429692268372,0.8583604943480944
regressor,2d,mlp,4005,butina,5,42,0.43451377749443054,0.5732559124474913,0.7442710399627686,0.8238337635993958,1.0486995113800532,-0.09866797924041748,0.4639902710914612,0.39825096756690476,"{'hidden_dims': [1024], 'dropout': 0.03892086701712252, 'use_layer_norm': True, 'activation': 'gelu', 'optimizer': 'adamw', 'lr': 0.00012337646928195256, 'weight_decay': 1.2000428594401879e-06, 'batch_size': 32, 'use_scheduler': True, 'loss_strategy': 'smooth_l1'}",-0.47597328289093954,,1.0997706651687622,0.07603293657302856,0.009463910013437271,0.9962999224662781,0.992293119430542,0.09728262955655173,0.9961183564517411,0.32862234115600586,0.8642986416816711,0.8357479623359313
regressor,2d,mlp,4005,butina,3,42,0.42494118213653564,0.566848871329184,0.7615343332290649,0.7066390514373779,0.9299781409125019,0.16872435808181763,0.4859981834888458,0.4670717821707328,"{'hidden_dims': [1024], 'dropout': 0.24349185682142632, 'use_layer_norm': True, 'activation': 'leaky_relu', 'optimizer': 'adam', 'lr': 0.000300551320341498, 'weight_decay': 0.0013580086477937325, 'batch_size': 128, 'use_scheduler': False, 'loss_strategy': 'smooth_l1'}",-0.40562170159825095,,0.8648593425750732,0.12191638350486755,0.025994200259447098,0.9895786046981812,0.9785335659980774,0.16122716973093307,0.9895128064260008,0.3213176429271698,0.8751763701438904,0.8622724154041412
regressor,2d,mlp,4005,butina,2,42,0.4132671654224396,0.514031780913563,0.7572511434555054,0.6560710668563843,0.8559254511541892,0.21549785137176514,0.5151636004447937,0.42869481671291904,"{'hidden_dims': [256, 128, 512], 'dropout': 0.2718407477472295, 'use_layer_norm': True, 'activation': 'gelu', 'optimizer': 'adam', 'lr': 0.0068941912309743916, 'weight_decay': 0.0019649623307757733, 'batch_size': 32, 'use_scheduler': True, 'loss_strategy': 'smooth_l1'}",-0.32219833336830495,,0.7326083779335022,0.14453339576721191,0.036800071597099304,0.9869269132614136,0.9702696204185486,0.19183344754525813,0.9883087160005873,0.2642286717891693,0.8738378286361694,0.8755490752416658
regressor,2d,mlp,4005,butina,4,42,0.41406354308128357,0.5375282180387482,0.7607524394989014,0.7244346141815186,0.8976895743642689,-0.31547510623931885,0.37169432640075684,0.38816889010182853,"{'hidden_dims': [512, 128, 256, 768], 'dropout': 0.033652167846904446, 'use_layer_norm': False, 'activation': 'relu', 'optimizer': 'sgd', 'lr': 0.0007140642552710736, 'weight_decay': 0.00123781064626743, 'batch_size': 128, 'use_scheduler': False, 'loss_strategy': 'mae'}",-0.3763694214536685,,0.8058465719223022,0.10237902402877808,0.0259721577167511,0.9913284182548523,0.9798637628555298,0.1611587965850797,0.9914973506538949,0.288936585187912,0.8722256422042847,0.8806940301915162
regressor,2d,mlp,4005,butina,1,42,0.45719364285469055,0.5944177737323537,0.5720629692077637,1.132700800895691,1.3343479895258936,-0.01987004280090332,0.413504034280777,0.4330767070180165,"{'hidden_dims': [768], 'dropout': 0.3724274753108938, 'use_layer_norm': True, 'activation': 'gelu', 'optimizer': 'sgd', 'lr': 0.003067653610044176, 'weight_decay': 3.359864039897867e-05, 'batch_size': 32, 'use_scheduler': True, 'loss_strategy': 'mae'}",-0.28630679155481203,,1.7804845571517944,0.22675852477550507,0.09493237733840942,0.9503427147865295,0.8997116684913635,0.3081109821775417,0.953867322740756,0.3533324897289276,0.7611291408538818,0.7424607476837656
regressor,2d,mlp,4005,diverse_25,5,42,0.48679283261299133,0.6423152629425023,0.4302803874015808,0.7591332197189331,0.9621027262833923,0.223993182182312,0.5602793097496033,0.5965004922151221,"{'hidden_dims': [256, 64, 1024], 'dropout': 0.3255858834950266, 'use_layer_norm': False, 'activation': 'leaky_relu', 'optimizer': 'sgd', 'lr': 0.004158388709699445, 'weight_decay': 0.0015779232869263728, 'batch_size': 32, 'use_scheduler': True, 'loss_strategy': 'mae'}",-0.19312165747689392,,0.925641655921936,0.3385019600391388,0.20177489519119263,0.9556998014450073,0.824593186378479,0.4491936054656084,0.9648453782293417,0.4125688970088959,0.659196138381958,0.5662503417164002
regressor,2d,mlp,4005,diverse_25,3,42,0.6633507013320923,0.8031369427338494,0.45234429836273193,0.716985285282135,0.874246954441629,0.15803319215774536,0.4567127823829651,0.4149783984562795,"{'hidden_dims': [1024], 'dropout': 0.3168197579084483, 'use_layer_norm': True, 'activation': 'relu', 'optimizer': 'adam', 'lr': 0.00025442856109605206, 'weight_decay': 0.0001778757199624092, 'batch_size': 128, 'use_scheduler': True, 'loss_strategy': 'smooth_l1'}",-0.6194484280511915,,0.7643077373504639,0.13383349776268005,0.03374147042632103,0.9867666959762573,0.9704482555389404,0.1836885146826579,0.9875606820960767,0.6450289487838745,0.6770685315132141,0.6447058823529411
regressor,2d,mlp,4005,diverse_25,2,42,0.6859517693519592,0.8302414677292647,0.27109384536743164,0.7816172242164612,1.0506783474024377,0.005389034748077393,0.34720656275749207,0.3637411045517796,"{'hidden_dims': [64, 128, 512, 1024], 'dropout': 0.3938054882842749, 'use_layer_norm': False, 'activation': 'silu', 'optimizer': 'adamw', 'lr': 0.009876648883442451, 'weight_decay': 2.725015054947948e-05, 'batch_size': 32, 'use_scheduler': True, 'loss_strategy': 'smooth_l1'}",-0.6317316428352496,,1.1039249897003174,0.14450955390930176,0.039406150579452515,0.9856765270233154,0.9653136730194092,0.19850982489401503,0.9914281155577224,0.6893008947372437,0.5224946141242981,0.3831934303010511
regressor,2d,mlp,4005,diverse_25,4,42,0.5077238082885742,0.6522398311967162,0.25752562284469604,0.8574349284172058,1.0223085422857883,0.22533082962036133,0.5495327711105347,0.5297393314154466,"{'hidden_dims': [512], 'dropout': 0.2935419601160681, 'use_layer_norm': True, 'activation': 'relu', 'optimizer': 'adam', 'lr': 0.00013563533981599167, 'weight_decay': 0.005808905335455958, 'batch_size': 32, 'use_scheduler': False, 'loss_strategy': 'mae'}",-0.05850205341177761,,1.0451147556304932,0.41100603342056274,0.3525245487689972,0.8843182325363159,0.6926984190940857,0.5937377777849386,0.925065456916937,0.4254167973995209,0.5089470148086548,0.45224789117013514
regressor,2d,mlp,4005,diverse_25,1,42,0.7728874087333679,0.9651800025313294,0.27893680334091187,0.8597174882888794,1.0590529343304462,-0.1983102560043335,0.327063649892807,0.23282607678884604,"{'hidden_dims': [768], 'dropout': 0.46162114382683944, 'use_layer_norm': True, 'activation': 'relu', 'optimizer': 'adamw', 'lr': 0.004167420722146275, 'weight_decay': 5.917278207252184e-06, 'batch_size': 32, 'use_scheduler': True, 'loss_strategy': 'mae'}",-0.4965984993832576,,1.1215931177139282,0.37989670038223267,0.2195686250925064,0.9156920313835144,0.801095724105835,0.4685815031480718,0.9269320664342093,0.931572437286377,0.5317409634590149,0.496436571090204
regressor,2d,svm,279,scaffold,5,42,0.512556080116978,0.6809957297056839,0.5943850643144166,0.6179668090652197,0.7900590913941615,0.4446985576801087,0.6757625008834985,0.6595778610454036,"{'C': 6.3760783984346, 'kernel': 'rbf', 'gamma': 'scale', 'epsilon': 0.03272701623251211, 'max_iter': 10000}",-0.5561235921188216,0.6809957297056839,0.624193367894568,0.05173030631786231,0.015593050745512283,0.9939259284573851,0.9874574843494857,0.12487213758686236,0.9943328642368426,0.4637551838773769,0.7714297251265763,0.7812497155478203
regressor,2d,svm,279,scaffold,3,42,0.5324892969587552,0.6765429998381823,0.6495474522472763,0.5455148339930913,0.6926171714651363,0.5436483847282589,0.7400751809006678,0.7152752127349816,"{'C': 4.669915597539991, 'kernel': 'rbf', 'gamma': 'scale', 'epsilon': 0.04307336386411062, 'max_iter': 10000}",-0.4839679177902425,0.6765429998381823,0.4797185462083661,0.08304266818040086,0.03708516222577076,0.9855067110491836,0.9703311832998386,0.19257508204793983,0.9871048507121635,0.4577104306300468,0.8092387306586997,0.8188818778643795
regressor,2d,svm,279,scaffold,2,42,0.4996926467322332,0.6717117545922332,0.6765511473203805,0.6571252466818925,0.8157540353764309,0.41181451621937315,0.6473162585517636,0.6510900105800175,"{'C': 3.6937456114570484, 'kernel': 'poly', 'gamma': 'scale', 'epsilon': 0.10526231985959174, 'max_iter': 10000}",-0.48795225384491214,0.6717117545922332,0.6654546462329313,0.12146578465330186,0.03376755411490468,0.9872638023108542,0.9722684992539149,0.18375950074732103,0.9872066943877353,0.4511966812573765,0.8308124254210603,0.8145333929021684
regressor,2d,svm,279,scaffold,4,42,0.5200450740372466,0.6898785475499248,0.5995440300883714,0.639558879297253,0.7898287659296787,0.5466774316986918,0.7489578814119304,0.7518327059542322,"{'C': 4.312152464655335, 'kernel': 'poly', 'gamma': 'scale', 'epsilon': 0.034022234420543536, 'max_iter': 10000}",-0.5256091072860783,0.6898785475499248,0.6238294794899991,0.06294357459137558,0.026984449004597427,0.9886652304487681,0.9769673104093213,0.1642694402638465,0.9882603449816871,0.47593241036959383,0.7777074373248685,0.7817923141580272
regressor,2d,svm,279,scaffold,1,42,0.4853446642009976,0.6440428900549983,0.6306890707507706,0.6584010541452934,0.8295774722032446,0.47215886879791924,0.6908630103785572,0.6822463740851453,"{'C': 3.4719819178969535, 'kernel': 'rbf', 'gamma': 'scale', 'epsilon': 0.014252189510372914, 'max_iter': 10000}",-0.42014700593328236,0.6440428900549983,0.6881987823871252,0.0798470467419693,0.050129366926644846,0.9788595721966675,0.9573840637940765,0.22389588412171593,0.9793779818706059,0.41479124423039454,0.7948092784382756,0.7986112693758681
regressor,2d,svm,279,random,5,42,0.5417314950047148,0.7124539113150566,0.6071853173054791,0.4832953578866019,0.6225098849481293,0.6478598607352977,0.8051135016692519,0.7962497389068827,"{'C': 2.7960215453856407, 'kernel': 'rbf', 'gamma': 'scale', 'epsilon': 0.1921038593470178, 'max_iter': 10000}",-0.42254260623996237,0.7124539113150566,0.3875185568581332,0.2142030916628573,0.08404856481034438,0.9700680462835496,0.9319933159064904,0.28991130507509427,0.9697736022746328,0.5075905757481226,0.7818448914216809,0.7733007232743065
regressor,2d,svm,279,random,3,42,0.4621428090521202,0.673773007588736,0.6480193754086043,0.4687335410003715,0.6202876944546668,0.6571341521208123,0.8121195342888459,0.8083641276651063,"{'C': 4.07297905131993, 'kernel': 'rbf', 'gamma': 'scale', 'epsilon': 0.014006603758777703, 'max_iter': 10000}",-0.4631449871290031,0.673773007588736,0.38475682389188615,0.066248643714288,0.044364163002785686,0.9820759000930227,0.9639835907277804,0.21062802045973297,0.9830944483784588,0.45397006575517096,0.8077224873386816,0.7970838951751331
regressor,2d,svm,279,random,2,42,0.5480578224969678,0.7344949747091574,0.5485769840326574,0.5026287256445328,0.7006440402606313,0.6087210597515204,0.7805458104500366,0.7802463236783671,"{'C': 2.2764341555153984, 'kernel': 'rbf', 'gamma': 'scale', 'epsilon': 0.024455204869166868, 'max_iter': 10000}",-0.4524199214044739,0.7344949747091574,0.49090207115274115,0.12906921372571756,0.07956633569684002,0.9678527020977554,0.9338935802450554,0.28207505330468347,0.9704106436604382,0.5394828678730057,0.7408869310511669,0.7381497611979668
regressor,2d,svm,279,random,4,42,0.4775231799394768,0.635510787775348,0.6567377748131302,0.5360418502256036,0.7104500384246387,0.6169410588119912,0.7884360480690401,0.7829706915900174,"{'C': 3.311071285222327, 'kernel': 'rbf', 'gamma': 'scale', 'epsilon': 0.02030484063406878, 'max_iter': 10000}",-0.4119955136753234,0.635510787775348,0.5047392570975706,0.08407717560928292,0.04995907775600912,0.9791289726073059,0.9578573936782601,0.22351527410002459,0.9792926265273446,0.4038739613788434,0.8111745709246395,0.8225059033749081
regressor,2d,svm,279,random,1,42,0.468241445619902,0.6311813349696445,0.6318977169948832,0.5099798304148283,0.6836159424864005,0.6304655092791649,0.7942137369638067,0.789284247237545,"{'C': 2.246084728244652, 'kernel': 'poly', 'gamma': 'scale', 'epsilon': 0.08880482307161025, 'max_iter': 10000}",-0.3895541796541092,0.6311813349696445,0.4673307568215696,0.13740883280447072,0.05838368218587779,0.9776883049840416,0.951981047231639,0.24162715531553525,0.9802069836344776,0.3983898776140626,0.7959143757987908,0.7849166086088476
regressor,2d,svm,279,umap,5,42,0.5236986488588056,0.6778534414759941,0.5720697219927987,0.8194730057633264,0.9892219592988176,0.06280775864379018,0.32466223628823465,0.28176876525109623,"{'C': 4.039623917820401, 'kernel': 'rbf', 'gamma': 'scale', 'epsilon': 0.16483199609982255, 'max_iter': 10000}",-0.44566921332951304,0.6778534414759941,0.9785600847589916,0.17414562250271354,0.053909515799977166,0.9802154172401782,0.9547973992383207,0.23218422814648107,0.9801726159288782,0.459485288120849,0.7655297887696102,0.7443988347918996
regressor,2d,svm,279,umap,3,42,0.49159212855742945,0.7115486663926516,0.5449780915658391,0.8659511965761143,1.0737828311005837,-0.07857921273755464,0.18446429990100596,0.08263445253937507,"{'C': 18.11492919753339, 'kernel': 'rbf', 'gamma': 'scale', 'epsilon': 0.06652155631157286, 'max_iter': 10000}",-0.6353006868571658,0.7115486663926516,1.1530095683663846,0.06554499360033675,0.0058137543832438585,0.997958745862551,0.9952852352120104,0.07624797953548579,0.9977788099547046,0.506301504645161,0.7501300231280698,0.7337206068944642
regressor,2d,svm,279,umap,2,42,0.5630528647446904,0.7085239365390588,0.5871391908615631,0.8363502352228434,1.019784345928987,-0.07071930958646355,0.46523365529853,0.3596600114059666,"{'C': 2.114156814550507, 'kernel': 'rbf', 'gamma': 'scale', 'epsilon': 0.38108188204180127, 'max_iter': 10000}",-0.30336296759565573,0.7085239365390588,1.039960112201812,0.34144844981853856,0.16415541075515722,0.9448547800653861,0.8649227308076434,0.40516096894340303,0.9426106804142298,0.5020061686488042,0.7705244855681942,0.7704268725807235
regressor,2d,svm,279,umap,4,42,0.4863412843764594,0.6506449267175172,0.6623255164276414,1.112125546011782,1.3726989475715787,-0.589296441698163,0.017512475027025732,-0.00493446883090465,"{'C': 6.506416175963451, 'kernel': 'rbf', 'gamma': 'scale', 'epsilon': 0.040978508776220814, 'max_iter': 10000}",-0.49212455688115286,0.6506449267175172,1.8843024006641196,0.06677880629788202,0.02512870765305773,0.9895691592785698,0.9788353699235918,0.15852036983636433,0.9896336357949078,0.42333882066324335,0.8148206150460474,0.8048692264184415
regressor,2d,svm,279,umap,1,42,0.4323155983757284,0.591872389567482,0.7424259791184908,0.8544022828583986,1.0291233749951878,0.08521933717893693,0.32571064885793516,0.3482405230882263,"{'C': 7.7322205168450715, 'kernel': 'poly', 'gamma': 'scale', 'epsilon': 0.10226028924795409, 'max_iter': 10000}",-0.46384542089692093,0.591872389567482,1.0590949209614857,0.10100949294234961,0.01639090470697282,0.9941434258505196,0.9864766275075013,0.12802696867056104,0.9940606584921703,0.35031292553232124,0.8617070683646564,0.8513951898758915
regressor,2d,svm,279,time,5,42,0.4455923146586493,0.5753257227615101,0.6736676706476069,0.8550868006647019,1.0941246808332692,-0.22938996946616474,0.10857828890904471,0.14313624569320313,"{'C': 2.2417945749693007, 'kernel': 'rbf', 'gamma': 'scale', 'epsilon': 0.06472337110371183, 'max_iter': 10000}",-0.26864294882187173,0.5753257227615101,1.1971088172085034,0.158916442002458,0.09405432383131129,0.9633778242930396,0.9245568316330545,0.30668277393963833,0.9672581558923433,0.33099968727105394,0.8207736400670566,0.7984824534431767
regressor,2d,svm,279,time,3,42,0.46159115296204806,0.6339899230723768,0.7120085423131843,0.9310625912577633,1.1545652556244808,0.004014930157707042,0.2274838873634187,0.23661213206650525,"{'C': 3.805565428492593, 'kernel': 'rbf', 'gamma': 'scale', 'epsilon': 0.018555770788805936, 'max_iter': 10000}",-0.4545679872610993,0.6339899230723768,1.3330209294952224,0.06155295894952966,0.03219223105026617,0.984520904348832,0.9684235266096218,0.17942193581127747,0.9866118945830431,0.4019432225573182,0.8525666079971302,0.8506480925014093
regressor,2d,svm,279,time,2,42,0.3997514908328481,0.5479579582077658,0.7514700838413529,0.9294167675158005,1.1420635234641536,0.021453623508390973,0.2397479696004918,0.24394375339942773,"{'C': 1.963847661512907, 'kernel': 'poly', 'gamma': 'scale', 'epsilon': 0.03986348781610932, 'max_iter': 10000}",-0.323785965093596,0.5479579582077658,1.3043090916273572,0.09808358242898972,0.05025308249677942,0.9757511185968076,0.9498153777737468,0.22417199311416985,0.9767146799481993,0.30025792396322365,0.8692059787839568,0.8679736513652674
regressor,2d,svm,279,time,4,42,0.4676315443853476,0.6225018094315146,0.6516641462141142,0.9302841552251642,1.1578906349670874,-0.08947215451034785,0.15113838882120406,0.16668949920187662,"{'C': 1.1677166347195984, 'kernel': 'poly', 'gamma': 'scale', 'epsilon': 0.08876656479862918, 'max_iter': 10000}",-0.2964284349533665,0.6225018094315146,1.340710722544485,0.18845129815510933,0.10632384554356658,0.9566233219919028,0.9094805284847406,0.32607337447814805,0.9591953821809702,0.38750850274550963,0.8126017196745574,0.7857200012131254
regressor,2d,svm,279,time,1,42,0.3947595566707069,0.5018559950751144,0.5684117138466787,1.0094377591399355,1.2358480470307405,-0.11856440974281912,0.16290375371149898,0.16056518552759005,"{'C': 1.0479693483345742, 'kernel': 'poly', 'gamma': 'scale', 'epsilon': 0.0183188807978654, 'max_iter': 10000}",-0.20850376949131472,0.5018559950751144,1.5273203953496952,0.13972210542712238,0.08605552825496847,0.9502382711799986,0.8966313243997945,0.29335222558379964,0.9572925638667155,0.2518594397928332,0.7681181877373422,0.7191323305323559
regressor,2d,svm,279,butina,5,42,0.549053520755512,0.7368032949074832,0.5611034085667514,0.7628175145395203,0.9341203326597665,0.30488715073153416,0.5625466100244673,0.5606063093752652,"{'C': 7.122926162713256, 'kernel': 'poly', 'gamma': 'scale', 'epsilon': 0.019555854145831095, 'max_iter': 10000}",-0.6288140208868811,0.7368032949074832,0.8725807958883928,0.031399673214281686,0.011661683303496694,0.9951630360387563,0.9902282779778356,0.10798927402060213,0.9953805251061579,0.5428790953865237,0.7510632065207201,0.7531304375249676
regressor,2d,svm,279,butina,3,42,0.4835951868720806,0.6602613254348819,0.6607439921346159,0.7535758870913921,0.9698302289818854,0.05444823610560079,0.4105483407214974,0.3332883307952931,"{'C': 4.000345975172094, 'kernel': 'rbf', 'gamma': 'scale', 'epsilon': 0.13523279609838432, 'max_iter': 10000}",-0.4268013607045732,0.6602613254348819,0.9405706730470563,0.1597648608787266,0.054503555131876984,0.9799760690708269,0.9568770237382503,0.2334599647303087,0.9806531976029024,0.43594501786502704,0.8171802795264281,0.8131723131618409
regressor,2d,svm,279,butina,2,42,0.5124062817371143,0.703701956906489,0.5866655368910414,0.7730664813815925,0.9848913029651886,0.38887331243242385,0.649971282100318,0.5566879161292997,"{'C': 2.5965510624583654, 'kernel': 'poly', 'gamma': 'scale', 'epsilon': 0.015980053545249253, 'max_iter': 10000}",-0.5048425442663127,0.703701956906489,0.9700108786564668,0.06713856201987473,0.03954506599559588,0.9825524541621997,0.9644254664188019,0.19885941264017623,0.9859282535188081,0.4951964441540221,0.7661463456898602,0.7758661865103818
regressor,2d,svm,279,butina,4,42,0.47111613165162913,0.6561617972513755,0.6490267778234153,0.6609732593234922,0.8475906233558378,0.22902536089907932,0.5086035643949186,0.4688750102515282,"{'C': 6.506416175963451, 'kernel': 'rbf', 'gamma': 'scale', 'epsilon': 0.040978508776220814, 'max_iter': 10000}",-0.5021284016055471,0.6561617972513755,0.7184098648007377,0.06496438206835985,0.02372628697418432,0.9910315348706609,0.98162402227024,0.15403339564582844,0.9910726086725734,0.4305483041721552,0.8081799474810946,0.8052119025955089
regressor,2d,svm,279,butina,1,42,0.45819540682985505,0.6258972179661116,0.6940061467151595,0.8662486974862261,1.0285709816381532,0.14904470525045177,0.41922812485015687,0.44530456965055293,"{'C': 12.053902161697067, 'kernel': 'poly', 'gamma': 'scale', 'epsilon': 0.012397950800689363, 'max_iter': 10000}",-0.5557042753258474,0.6258972179661116,1.0579582642680743,0.01917449277518081,0.004927049196499428,0.9979521696610597,0.9958633282819876,0.07019294264026425,0.9975727212311725,0.3917473274577183,0.8350674011347841,0.8345802465701039
regressor,2d,svm,279,diverse_25,5,42,0.7480977509630432,0.9066705652449828,0.19036990255357933,0.8840979202495176,1.0455317885172044,0.21378013085591274,0.4858711580163038,0.516363394458353,"{'C': 2.4776579612968708, 'kernel': 'poly', 'gamma': 'scale', 'epsilon': 0.1537345542746412, 'max_iter': 10000}",-0.7044216243965865,0.9066705652449828,1.0931367207999845,0.1664091435052012,0.0409046340742981,0.9901671787626578,0.9651730122327398,0.20224894084839629,0.9900241721389131,0.8220515138816566,0.45271767069661156,0.4563390154671418
regressor,2d,svm,279,diverse_25,3,42,0.8234258535737913,1.0113788273183393,0.2124593065255318,0.7264284188041834,0.8770462082950602,0.20513496187227742,0.4782498225597183,0.432455857946299,"{'C': 4.415061210017838, 'kernel': 'rbf', 'gamma': 'scale', 'epsilon': 0.1500340305034152, 'max_iter': 10000}",-0.8630609264428684,1.0113788273183393,0.7692100514847422,0.14439796944919558,0.021998199720106006,0.9961300769295403,0.9821771776768271,0.1483179008754709,0.9956479043258305,1.0228871323478193,0.46238146764320215,0.42950369302373603
regressor,2d,svm,279,diverse_25,2,42,0.7931820395128951,0.9549076792953505,0.12491530423607411,0.6902073076591347,0.8402490872285284,0.2850132405163014,0.5520512354640364,0.5442770353485442,"{'C': 1.6147718347217648, 'kernel': 'poly', 'gamma': 'scale', 'epsilon': 0.02549306800628848, 'max_iter': 10000}",-0.6700151936269141,0.9549076792953505,0.7060185285883751,0.11427955438509496,0.08116372839034026,0.9714655410398837,0.9368014155995943,0.28489248566843645,0.9776745346780458,0.911848675977232,0.38066149143709704,0.37683802318411724
regressor,2d,svm,279,diverse_25,4,42,0.8814319533951873,1.0600202572023503,0.10931872994799319,0.7772230839915822,0.957630286615854,0.2889419242617002,0.5441374098779818,0.5536108992296451,"{'C': 7.365422480344215, 'kernel': 'rbf', 'gamma': 'scale', 'epsilon': 0.03181862245482344, 'max_iter': 10000}",-1.0283918624113981,1.0600202572023503,0.9170557658439628,0.03153063569213226,0.0010003553570523342,0.9998082139213931,0.9991175242534236,0.03162839479095223,0.9997389887890886,1.1236429456793366,0.3829443345960599,0.3711472383540193
regressor,2d,svm,279,diverse_25,1,42,0.7351393697293912,0.8779914614269426,0.24489860835540977,0.8984557443969162,1.066316630641554,0.11886859420725615,0.4018717367939212,0.41309045270631195,"{'C': 1.5393755446591924, 'kernel': 'poly', 'gamma': 'scale', 'epsilon': 0.07803549731051156, 'max_iter': 10000}",-0.5988579949199493,0.8779914614269426,1.137031156782756,0.153163734325997,0.07791549212421074,0.9747990804314706,0.935114798991243,0.2791334665069933,0.9822308269306154,0.7708690063386184,0.5290947694592034,0.5249951229209256
regressor,2d,svm,1865,scaffold,5,42,0.4517658556288571,0.594090404358629,0.6464060284942557,0.5237672602595229,0.6794115109903573,0.5012859044227443,0.7092967796795142,0.7276840320186981,"{'C': 291.1252279690908, 'kernel': 'poly', 'gamma': 'scale', 'epsilon': 0.154180968201119, 'max_iter': 10000, 'use_gpu': False}",-0.43936421860195873,0.594090404358629,0.4616000012662005,0.1391972452547998,0.023940192558807638,0.9894621857255852,0.9755932339016951,0.15472618575667027,0.9879932610325952,0.3529434085509993,0.8158160974032298,0.8262260826093871
regressor,2d,svm,1865,scaffold,3,42,0.41535543069801417,0.5618634978048129,0.6638072892741356,0.5865349159038418,0.7700186754329283,0.37761735765686355,0.6623292176358316,0.6683281261939903,"{'C': 4.58608464452542, 'kernel': 'rbf', 'gamma': 'scale', 'epsilon': 0.021779919661569544, 'max_iter': 10000, 'use_gpu': False}",-0.40595858342303887,0.5618634978048129,0.5929287605154815,0.05718496262366949,0.0243063423283883,0.9876726725234859,0.9752102615326886,0.15590491438177406,0.9877271141602981,0.3156905901654591,0.8190052239207282,0.8106674069706197
regressor,2d,svm,1865,scaffold,2,42,0.45343292058933493,0.626734882861702,0.5663144192934525,0.5992937797934363,0.7648655330628067,0.3874829781692982,0.6352839841484378,0.5920727385064605,"{'C': 2.1303070164693874, 'kernel': 'rbf', 'gamma': 'scale', 'epsilon': 0.01981105319134312, 'max_iter': 10000, 'use_gpu': False}",-0.3942133191253994,0.626734882861702,0.5850192836674515,0.10642741939794992,0.054066277602375416,0.9733797449321913,0.9449478013554787,0.23252156373630256,0.977296765720749,0.3927966133956713,0.766409141098483,0.7467987271071288
regressor,2d,svm,1865,scaffold,4,42,0.41698613951417535,0.5633682022979851,0.6940476760746339,0.5153893930214052,0.712267907848394,0.5138723501143803,0.7463866751800969,0.7484658053444276,"{'C': 17.31444419318999, 'kernel': 'rbf', 'gamma': 'scale', 'epsilon': 0.033557183235177604, 'max_iter': 10000, 'use_gpu': False}",-0.48954779092667083,0.5633682022979851,0.5073255725507283,0.04204776698553909,0.005449453135030067,0.997259800946031,0.9942264638709749,0.07382041137131429,0.9969832894587702,0.3173837313604635,0.839538128592243,0.8410483589280512
regressor,2d,svm,1865,scaffold,1,42,0.45231205659711515,0.6214195019078169,0.6133204179810248,0.588887768006051,0.7631228083498726,0.37372965513224343,0.6595224270650776,0.6517121980076549,"{'C': 5.236233731977987, 'kernel': 'rbf', 'gamma': 'scale', 'epsilon': 0.019899198172284183, 'max_iter': 10000, 'use_gpu': False}",-0.4755428329826209,0.6214195019078169,0.5823564206237963,0.051341361582060964,0.021280002536711258,0.9891308420811513,0.9780068929402628,0.14587666892519605,0.9894153016798798,0.3861621973513593,0.7837771894987446,0.7901539619990601
regressor,2d,svm,1865,random,5,42,0.4560834058851847,0.5916649098658922,0.5978639465999499,0.4832231351089243,0.6579565401641009,0.5410046996150107,0.7376486977939791,0.7689797623645228,"{'C': 471.2042001748793, 'kernel': 'rbf', 'gamma': 'scale', 'epsilon': 0.025162836087684895, 'max_iter': 10000, 'use_gpu': False}",-0.4894339560137367,0.5916649098658922,0.43290680874471416,0.03700969462500448,0.010451167925521544,0.9947762035498605,0.9894924864143504,0.10223095385215548,0.9944393942121609,0.35006736556661433,0.7732930665613944,0.8138203507268119
regressor,2d,svm,1865,random,3,42,0.3700042566680909,0.482525844630221,0.7629261892855242,0.4626658298955731,0.6156716800093607,0.6255419366081969,0.7915671559521111,0.7932820156203153,"{'C': 5.393742877543747, 'kernel': 'rbf', 'gamma': 'scale', 'epsilon': 0.028343815157966575, 'max_iter': 10000, 'use_gpu': False}",-0.33319911738841235,0.482525844630221,0.3790516175655486,0.05929005693632345,0.022298471468749536,0.9886154818461974,0.9768040413171724,0.1493267272418087,0.9897324460002922,0.23283119073610822,0.8790974288897965,0.8842909550485738
regressor,2d,svm,1865,random,2,42,0.36678496517629205,0.4966065807148371,0.7045438224546526,0.44143510216348253,0.5807010672099546,0.6361168615388508,0.8034748669876751,0.7900288994754104,"{'C': 2.4263552014582093, 'kernel': 'poly', 'gamma': 'scale', 'epsilon': 0.015125180904840975, 'max_iter': 10000, 'use_gpu': False}",-0.27494969418948434,0.4966065807148371,0.3372137294587802,0.08417664869464846,0.049131775344113116,0.9761034995087411,0.9508101387227791,0.2216568865253528,0.9800176827161532,0.246618096009282,0.8422077660232317,0.8142230544272773
regressor,2d,svm,1865,random,4,42,0.5897898263847903,0.8123702606686464,0.5103260268041363,0.46367615174330246,0.6190026240520782,0.6126474651759891,0.7873635586994503,0.802629714359231,"{'C': 4.894686605451778, 'kernel': 'poly', 'gamma': 'scale', 'epsilon': 0.12069844488391238, 'max_iter': 10000, 'use_gpu': False}",-0.6414187842845998,0.8123702606686464,0.3831642485833584,0.12656179063907458,0.02922440727788523,0.9857515891557852,0.9685429791912257,0.17095147638404656,0.9854616901676168,0.6599454404188445,0.7178111577979092,0.7489578465253977
regressor,2d,svm,1865,random,1,42,0.40159183814873783,0.5345776860638032,0.6202458243292595,0.4518499120327639,0.6118508691942152,0.6209055211389709,0.7980665573326122,0.805285797188102,"{'C': 3.389457499413534, 'kernel': 'poly', 'gamma': 'scale', 'epsilon': 0.023634347620304922, 'max_iter': 10000, 'use_gpu': False}",-0.3572123911731754,0.5345776860638032,0.3743614861337166,0.07058873744767333,0.031458447831639355,0.9845422180297466,0.9683701477877786,0.17736529489062777,0.985344770208483,0.2857733024373301,0.7885049783520702,0.8121554487763616
regressor,2d,svm,1865,umap,5,42,0.45318723143090617,0.6294886070488476,0.5291657087502608,0.7997425565823186,0.9931760627302488,-0.07936246592168894,0.28217054061863756,0.2584959379058692,"{'C': 0.01998461627838053, 'kernel': 'linear', 'gamma': 'auto', 'epsilon': 0.0349349271962884, 'max_iter': 10000, 'use_gpu': False}",-0.13006437924695224,0.6294886070488476,0.9863986915803591,0.33411671453614233,0.24942455931551943,0.8766542820181329,0.7517680281963728,0.4994242278018953,0.8842134925957252,0.39625590640429836,0.7376729874443491,0.76901494287792
regressor,2d,svm,1865,umap,3,42,0.3938763470615996,0.5501013455094635,0.6904612588337006,0.7491385726510165,0.9271054648248331,0.23351689686809807,0.5155550914454007,0.5129630236459718,"{'C': 16.63338176117233, 'kernel': 'rbf', 'gamma': 'scale', 'epsilon': 0.06568802620328533, 'max_iter': 10000, 'use_gpu': False}",-0.4140500604298956,0.5501013455094635,0.8595245429080699,0.0789142594684355,0.018509952171801864,0.990379007151191,0.9799156004839215,0.13605128507956793,0.9909262111638181,0.30261149033132223,0.8427551320976343,0.843588731512359
regressor,2d,svm,1865,umap,2,42,0.38722703072764947,0.547140374334011,0.6457587451352078,0.7900711312450762,0.9435661382995149,0.13365671013604397,0.49157336207398533,0.5264117783285575,"{'C': 3.6338875554097427, 'kernel': 'poly', 'gamma': 'scale', 'epsilon': 0.05231203282480146, 'max_iter': 10000, 'use_gpu': False}",-0.3740797972244728,0.547140374334011,0.8903170573454592,0.08815860375709364,0.029949963349486408,0.9849223550963836,0.9685214099869668,0.17306057710953818,0.9856183383866062,0.29936258922636166,0.8060415930043192,0.7685906516195374
regressor,2d,svm,1865,umap,4,42,0.4648538803730903,0.6363577659996821,0.6062912443272891,0.6507064670464128,0.798898209968175,0.11088600003168692,0.3419211006190282,0.3154516932061064,"{'C': 979.4993522462285, 'kernel': 'rbf', 'gamma': 'scale', 'epsilon': 0.1473720095939523, 'max_iter': 10000, 'use_gpu': False}",-0.49517330239014695,0.6363577659996821,0.6382383498903541,0.13141306654720622,0.019933052764712147,0.9917472049890353,0.9802314280547398,0.14118446360953513,0.989586313334621,0.40495120634810616,0.7810563009539658,0.7766791525565593
regressor,2d,svm,1865,umap,1,42,0.4786785759154041,0.6315846299579362,0.6208823213127568,0.5713910652484837,0.784434978708237,0.30640278284248745,0.6384627154562199,0.6367078435388727,"{'C': 228.31537225169316, 'kernel': 'rbf', 'gamma': 'scale', 'epsilon': 0.019363789701485633, 'max_iter': 10000, 'use_gpu': False}",-0.5321070143561082,0.6315846299579362,0.6153382358209921,0.031153535866225587,0.009895796005825049,0.995004468995295,0.9899213964689312,0.09947761560182798,0.9945471313232264,0.39889914479910316,0.7926947639227431,0.8098839914447999
regressor,2d,svm,1865,time,5,42,0.38827681033974537,0.5329003831098994,0.7165370779589442,0.7965619854070538,0.9752185573640879,-0.026126129594112424,0.3743461968381505,0.3272275356946528,"{'C': 0.09641391194129119, 'kernel': 'linear', 'gamma': 'scale', 'epsilon': 0.20026126318265577, 'max_iter': 10000, 'use_gpu': False}",-0.15699992072673652,0.5329003831098994,0.9510512346272928,0.27417265548440434,0.14130115761987563,0.926910389685534,0.85469861385688,0.3759004623831629,0.9297910001928342,0.2839828183186776,0.8503865968278077,0.8392264796156428
regressor,2d,svm,1865,time,3,42,0.5600907755318586,0.7023989037162937,0.5625940008517543,0.8234095762275168,1.0262182941726408,-0.00046516326150780607,0.27846380545372723,0.22605610618459984,"{'C': 36.56898808636318, 'kernel': 'rbf', 'gamma': 'scale', 'epsilon': 0.062071633437654525, 'max_iter': 10000, 'use_gpu': False}",-0.6392821150891034,0.7023989037162937,1.0531239872946045,0.05964914342031217,0.0039837290066094206,0.9980708710373698,0.9951504737758645,0.06311678862719032,0.9977224231267541,0.49336421994185115,0.7632489923159883,0.7804356318498802
regressor,2d,svm,1865,time,2,42,0.43651290968740664,0.6252519244329047,0.5631068344887786,0.7693576996153382,0.9581709795516986,0.12211190479057155,0.3579969882899872,0.33448027794936513,"{'C': 5.554718164126041, 'kernel': 'poly', 'gamma': 'scale', 'epsilon': 0.127184451116275, 'max_iter': 10000, 'use_gpu': False}",-0.48549622123198555,0.6252519244329047,0.9180916260550616,0.12317568223802038,0.019531656577183386,0.9907220296467953,0.9770252860943345,0.1397557032009191,0.9895745561401164,0.3909399690070507,0.7614950471141047,0.7623604499260109
regressor,2d,svm,1865,time,4,42,0.445880175154876,0.5853582270004264,0.6595857198748344,0.7805723697722435,0.9692176745312118,0.10208467453002845,0.41000429969393715,0.39620247755099924,"{'C': 32.445715395389584, 'kernel': 'poly', 'gamma': 'scale', 'epsilon': 0.11764251413015314, 'max_iter': 10000, 'use_gpu': False}",-0.47156807825519,0.5853582270004264,0.9393829006236899,0.10657931733891363,0.01294819795146303,0.9938581924228626,0.9850413832837888,0.11379014874523642,0.993173347602849,0.3426442539170827,0.8219647982041086,0.8238228943469109
regressor,2d,svm,1865,time,1,42,0.26565598806781554,0.39433721004201255,0.6533508313785628,0.907220313852265,1.1296721291864475,-0.22560666679198849,0.1605671513281627,0.18152870538096463,"{'C': 0.8423055303644663, 'kernel': 'linear', 'gamma': 'scale', 'epsilon': 0.022097118015097183, 'max_iter': 10000, 'use_gpu': False}",-0.2611967414601274,0.39433721004201255,1.2761591194606416,0.05347007306047233,0.017726384374203957,0.9885169422725663,0.9770898860100321,0.1331404685818852,0.9866309058076925,0.15550183522371833,0.8303814838572742,0.8993844575938965
regressor,2d,svm,1865,butina,5,42,0.4536201398318311,0.6183670826066552,0.5899166912132189,0.6226054705857551,0.8205995522998905,0.4041248441533364,0.6377364514284198,0.697827450808041,"{'C': 25.23834922967082, 'kernel': 'poly', 'gamma': 'scale', 'epsilon': 0.29392258623099377, 'max_iter': 10000, 'use_gpu': False}",-0.3617923991217934,0.6183670826066552,0.6733836252347807,0.23461961833637227,0.06583056820535702,0.9704987658285255,0.9295208007095207,0.2565746834848618,0.9641019163046584,0.3823778488514659,0.7740549453510694,0.7846709771483013
regressor,2d,svm,1865,butina,3,42,0.4152195408904644,0.5365694511586493,0.618970746195339,0.5845012300760688,0.7410202927199184,0.3084640184624282,0.5779219295239304,0.5300638150699217,"{'C': 2.730884253831744, 'kernel': 'rbf', 'gamma': 'scale', 'epsilon': 0.1371482209408228, 'max_iter': 10000, 'use_gpu': False}",-0.2960104799819657,0.5365694511586493,0.5491110742227137,0.16175543901415,0.057868618613584465,0.974723914379054,0.9448076972503071,0.24055897117668354,0.9751770306459361,0.2879067759166941,0.7966744942250967,0.7671150878074379
regressor,2d,svm,1865,butina,2,42,0.47360385940604294,0.6126226509330625,0.6734955288858616,0.5435796131981916,0.7104988084037802,0.31946532714356646,0.5873764929960366,0.5542283103068018,"{'C': 2.097935085737813, 'kernel': 'poly', 'gamma': 'scale', 'epsilon': 0.022575753262135075, 'max_iter': 10000, 'use_gpu': False}",-0.38251871037649043,0.6126226509330625,0.5048085567431916,0.10081393155816214,0.05294782345966241,0.9747194293800254,0.9479955015418224,0.230103940556572,0.9772257913536011,0.3753065124362529,0.8325968028741292,0.8511319111885066
regressor,2d,svm,1865,butina,4,42,0.4596129735325595,0.6658804975227689,0.5725554226050332,0.5552843860604395,0.7204288353789516,0.42243557980352553,0.6761600602007027,0.6520552050498878,"{'C': 188.17854349329153, 'kernel': 'rbf', 'gamma': 'scale', 'epsilon': 0.021444022699366214, 'max_iter': 10000, 'use_gpu': False}",-0.5814528808775691,0.6658804975227689,0.5190177068454725,0.03174838768941767,0.007128022452388822,0.9963421185536762,0.9926097251942966,0.08442761664519982,0.9953199798440733,0.4433968369811703,0.7787806226061686,0.8145278029194114
regressor,2d,svm,1865,butina,1,42,0.4703761203570772,0.6136523461678755,0.5510841507074931,0.7405298097584742,0.9794329962349606,0.17453210520957563,0.4687873043443683,0.4276437669023023,"{'C': 2.8139446438752778, 'kernel': 'rbf', 'gamma': 'scale', 'epsilon': 0.09904258310175545, 'max_iter': 10000, 'use_gpu': False}",-0.42892012470520824,0.6136523461678755,0.9592889941137924,0.12443332097431391,0.03412599364653194,0.9832967612614029,0.9623707389489695,0.18473222146266724,0.9838400477345106,0.376569201957338,0.7456166892195418,0.7258548168464282
regressor,2d,svm,1865,diverse_25,5,42,0.8681134739760965,0.9919801800705772,0.3527236471655252,0.7662431318520068,0.9615132856154892,0.04130702597531,0.37860030129104105,0.3717731171340001,"{'C': 0.05667550041137984, 'kernel': 'linear', 'gamma': 'scale', 'epsilon': 0.47448070243235835, 'max_iter': 10000, 'use_gpu': False}",-0.5375231932340498,0.9919801800705772,0.9245077984150933,0.4062750378021815,0.20653115288453566,0.938246420183394,0.8210705095415172,0.4544569868365274,0.9337166901253724,0.9840246776528548,0.6814159414412027,0.6794440667729928
regressor,2d,svm,1865,diverse_25,3,42,0.5560337605325063,0.6692194993199343,0.5068113937740366,0.7713231854334313,0.9592010850561004,0.31857863471156966,0.5956974826542829,0.611739595007787,"{'C': 16.81844930347092, 'kernel': 'rbf', 'gamma': 'scale', 'epsilon': 0.010016143949996972, 'max_iter': 10000, 'use_gpu': False}",-0.6591963649817261,0.6692194993199343,0.9200667215728002,0.010020722545174759,0.0001004632219617682,0.9999828103104249,0.9999166162701288,0.010023134338208194,0.9998986554657722,0.4478547382700236,0.7549976771407177,0.7674418604651163
regressor,2d,svm,1865,diverse_25,2,42,0.81742178651324,0.9788234953708971,0.15550183856820432,0.644805744677234,0.7882069354266233,0.389634366309767,0.7171519300576814,0.7339167562717287,"{'C': 587.4435034058129, 'kernel': 'poly', 'gamma': 'scale', 'epsilon': 0.010153624866078133, 'max_iter': 10000, 'use_gpu': False}",-0.9687394247338166,0.9788234953708971,0.6212701730546292,0.010048224149533252,0.00010168848061362932,0.9999849714045611,0.999918110247447,0.01008407063708051,0.9999231420236488,0.9580954350901006,0.40620081874147035,0.37267533760989596
regressor,2d,svm,1865,diverse_25,4,42,0.7736115968198896,0.9089426359885034,0.38774140022449866,0.876971980880289,1.038588041498201,0.10298297376699583,0.3352794220594836,0.37363681652806485,"{'C': 0.8380749324321498, 'kernel': 'linear', 'gamma': 'scale', 'epsilon': 0.4510132445759198, 'max_iter': 10000, 'use_gpu': False}",-0.5157493121853278,0.9089426359885034,1.0786651199430686,0.36809338472133313,0.15460098988338894,0.9485259654099357,0.864124607469654,0.3931933238031757,0.9394241353618091,0.8261767155177291,0.6425876505835617,0.6504335143019204
regressor,2d,svm,1865,diverse_25,1,42,0.8231887642712626,0.9480815118317555,0.2897337657735306,0.8188553034016939,1.0156015370375988,0.18034148726802046,0.4837196514804458,0.45826129655483605,"{'C': 50.84303334376496, 'kernel': 'rbf', 'gamma': 'scale', 'epsilon': 0.022862447183549444, 'max_iter': 10000, 'use_gpu': False}",-0.9254468028036769,0.9480815118317555,1.0314464820331333,0.02254167750891258,0.0005123300527857843,0.9999107702893093,0.999535287170651,0.022634709028078633,0.999818397666038,0.8988585530771871,0.6494110501496292,0.6333873602645053
regressor,2d,svm,4822,scaffold,5,42,0.3636983707872099,0.49205066660206825,0.8112490228928855,0.48931691208881556,0.6346464969655218,0.7771614662183299,0.8843028093199273,0.8794004592528497,"{'C': 1.6716413451704373, 'kernel': 'poly', 'gamma': 'scale', 'epsilon': 0.016580279220396756, 'max_iter': 10000}",-0.3186130797450076,0.49205066660206825,0.40277617611060806,0.07122712920427333,0.03008059653480047,0.9881890892085823,0.9762541562706447,0.17343758685706068,0.9880334785863629,0.24211385850353973,0.9023744095275938,0.8970474950034292
regressor,2d,svm,4822,scaffold,3,42,0.39084536541806664,0.546023988000556,0.7886252056936973,0.4696247324131891,0.5909345296674118,0.7119554587544661,0.8482916815564515,0.8289885075381248,"{'C': 3.8070997683660166, 'kernel': 'rbf', 'gamma': 'scale', 'epsilon': 0.13624186218272089, 'max_iter': 10000}",-0.3793325776125881,0.546023988000556,0.34920361835324515,0.13311795872456736,0.027786026297129934,0.9910941685380402,0.9806788922427647,0.1666914103879679,0.9898595890179727,0.2981421954720313,0.8963796265304618,0.8979190549535904
regressor,2d,svm,4822,scaffold,2,42,0.4127667347828896,0.5676736008518202,0.772804180642888,0.5126016443634087,0.6414589088848137,0.7268811440604861,0.8583935477554729,0.8526317556736326,"{'C': 7.692824569214454, 'kernel': 'rbf', 'gamma': 'scale', 'epsilon': 0.08208531672794983, 'max_iter': 10000}",-0.47287460251681757,0.5676736008518202,0.4114695317876958,0.07915021392961677,0.00898685008531982,0.9969964470289903,0.9933301750450365,0.09479899833500258,0.9967415226178512,0.3222533171040717,0.8817632361746437,0.8850750888964795
regressor,2d,svm,4822,scaffold,4,42,0.3701548625476616,0.46348058693984195,0.8134698900121703,0.46341847179030676,0.5852513608660384,0.7251430775899842,0.8585144940938224,0.7844618716475342,"{'C': 0.8009965589607638, 'kernel': 'poly', 'gamma': 'scale', 'epsilon': 0.040251425419953406, 'max_iter': 10000}",-0.172449613420329,0.46348058693984195,0.3425191553955499,0.16322806738752382,0.08469902754771545,0.9706094048649727,0.9401467159342837,0.29103097351951296,0.9706608826998838,0.21481425447010039,0.9041713840446068,0.8970662717739034
regressor,2d,svm,4822,scaffold,1,42,0.36752569388500667,0.4957226916065728,0.8371710880264293,0.4767545847719524,0.5823746567696853,0.6504578443614746,0.8223189490194465,0.8083902428773325,"{'C': 2.5662633607315986, 'kernel': 'poly', 'gamma': 'scale', 'epsilon': 0.017883940796599124, 'max_iter': 10000}",-0.3812773600797972,0.4957226916065728,0.33916024084760865,0.04189057227005285,0.013097733908273576,0.9956279879262597,0.9912455833039481,0.11444533152677559,0.995405546042459,0.24574098697366528,0.9170649753903365,0.8987461378348681
regressor,2d,svm,4822,random,5,42,0.4117429028214482,0.5903357220618626,0.7370230278284888,0.45123895361174743,0.5964241288829539,0.7522836465636108,0.8695488642049863,0.863469946739088,"{'C': 1.5603363218995112, 'kernel': 'rbf', 'gamma': 'scale', 'epsilon': 0.014670566050879495, 'max_iter': 10000}",-0.3500112569031139,0.5903357220618626,0.3557217415137904,0.11580729460358413,0.057755848553838605,0.9791805449259048,0.9583402809311907,0.24032446515874867,0.9778582561869358,0.34849626474230067,0.8630695025884147,0.8600188994863869
regressor,2d,svm,4822,random,3,42,0.400677127289426,0.5016720893084898,0.8275762975012507,0.455176271640159,0.5812103274390592,0.7507086040592271,0.8681692841260588,0.8620226484986733,"{'C': 121.01337327817764, 'kernel': 'rbf', 'gamma': 'auto', 'epsilon': 0.011029826664623744, 'max_iter': 10000}",-0.22586569788754834,0.5016720893084898,0.33780544472181845,0.13011125851212613,0.0760691655486416,0.9723294999602061,0.9454136313607682,0.2758063914209415,0.9701186952852191,0.25167488519114545,0.917112668017548,0.9114766659508932
regressor,2d,svm,4822,random,2,42,0.4657036861825866,0.6217977391066747,0.7616762632837868,0.39039668728102506,0.5013707781738793,0.8111362333853154,0.9029265039116412,0.8843431521875738,"{'C': 2.6231838428364407, 'kernel': 'poly', 'gamma': 'scale', 'epsilon': 0.18754267501122782, 'max_iter': 10000}",-0.4275453214247923,0.6217977391066747,0.25137265720668134,0.17024728553924628,0.037734001775256494,0.987966410573691,0.9726439314814683,0.1942524176818824,0.9871610205230891,0.3866324283581723,0.8774572236171296,0.8924461171709516
regressor,2d,svm,4822,random,4,42,0.37206143690725485,0.48341131598389325,0.8516806275128931,0.41557166788887373,0.5526406600960466,0.7803733390656122,0.885417149282385,0.8714127842023777,"{'C': 72.23611719585959, 'kernel': 'poly', 'gamma': 'scale', 'epsilon': 0.061136204640583086, 'max_iter': 10000}",-0.42459571712552646,0.48341131598389325,0.30541169919139416,0.05771878387026164,0.0034592746690683155,0.9989405630194301,0.9974810696237725,0.05881559885836678,0.9987285492177769,0.2336865004212795,0.9253440482587816,0.8964005571049242
regressor,2d,svm,4822,random,1,42,0.42950403700441925,0.5886708886027522,0.7426275833473206,0.407254217850685,0.5378409582891501,0.8001643884210716,0.8954233975714292,0.8940503062116553,"{'C': 9.79512427369247, 'kernel': 'poly', 'gamma': 'scale', 'epsilon': 0.020598969567682826, 'max_iter': 10000}",-0.5506534484739984,0.5886708886027522,0.2892728964133913,0.022834582018307764,0.0014453257539433725,0.9995007729797295,0.9989535983453589,0.0380174401287537,0.9992918822090479,0.34653341508835384,0.8646153821933812,0.856055643964739
regressor,2d,svm,4822,umap,5,42,0.36700828624730497,0.49343888640889305,0.84027374601024,0.6107170792788653,0.7339264438932653,0.4333782663287129,0.8605204837964017,0.8204233035615148,"{'C': 0.9543085122615407, 'kernel': 'poly', 'gamma': 'scale', 'epsilon': 0.017509337281359682, 'max_iter': 10000}",-0.23203671929655095,0.49343888640889305,0.5386480250458143,0.12921018480624308,0.06833109297102884,0.9768735643470802,0.9532523692479569,0.2614021671123421,0.976349692046657,0.24348193462044845,0.9168810654715615,0.8956810105274113
regressor,2d,svm,4822,umap,3,42,0.39206968339287035,0.5297091965935824,0.8035884332642835,0.917979857639815,1.1866083441932873,0.25917209695017707,0.6821933065406226,0.6997334991068432,"{'C': 0.05244736712566447, 'kernel': 'linear', 'gamma': 'scale', 'epsilon': 0.05932108498546138, 'max_iter': 10000}",-0.19435606671522743,0.5297091965935824,1.4080393625091348,0.2056231920783555,0.1124617217192088,0.9494726103131278,0.9007819056246579,0.33535312987835497,0.9491694656987669,0.2805918329558186,0.9013904667172689,0.8855968856127181
regressor,2d,svm,4822,umap,2,42,0.3062316951892294,0.44054396708108384,0.8229949881835277,0.6355580459607654,0.7773421523848933,0.4881800168351922,0.8132980477957894,0.7751734456616861,"{'C': 3.9904733015672895, 'kernel': 'poly', 'gamma': 'scale', 'epsilon': 0.015096179466878318, 'max_iter': 10000}",-0.3378125089701761,0.44054396708108384,0.6042608218743788,0.031188797341922935,0.010553752485593185,0.9963374975487369,0.9926616149005759,0.10273145811090771,0.9958013191326887,0.19407898693153908,0.9081525270781287,0.8871678591858112
regressor,2d,svm,4822,umap,4,42,0.4005934803819439,0.5351021782397737,0.8030621904935906,0.7463841682878699,0.9014249409235401,-0.22654588918871732,0.2143058327031011,0.1878083028924042,"{'C': 17.126578517701347, 'kernel': 'rbf', 'gamma': 'scale', 'epsilon': 0.04066026594941178, 'max_iter': 10000}",-0.4878016746560224,0.5351021782397737,0.8125669241190077,0.04093641222397495,0.0022373376392764645,0.9992384072401477,0.9982905847716517,0.04730050358375125,0.9989328550210901,0.28633434115695056,0.9030500909035235,0.9031812092377693
regressor,2d,svm,4822,umap,1,42,0.36411646656324054,0.4868427712200502,0.8402537376969077,0.9976745770429511,1.2439539981942498,-0.7427309661777854,0.28034615676646396,0.2890162536450597,"{'C': 6.478907389063705, 'kernel': 'poly', 'gamma': 'scale', 'epsilon': 0.041143207890545534, 'max_iter': 10000}",-0.40380933155088633,0.4868427712200502,1.5474215496234596,0.04699797492656056,0.006894552103292677,0.9977609436486664,0.9954215867353924,0.08303343966916388,0.9974802600923431,0.23701588388921813,0.9216206586795092,0.8852129751824906
regressor,2d,svm,4822,time,5,42,0.41119833618165197,0.543699828769517,0.7980762881080006,0.7104382126089369,0.9219544358239293,0.5464750405866827,0.8825947484085646,0.7615702596074092,"{'C': 1.409176502906346, 'kernel': 'rbf', 'gamma': 'scale', 'epsilon': 0.02975682246471127, 'max_iter': 10000}",-0.2683981300134052,0.543699828769517,0.8499999817354198,0.14190882929008122,0.07579102533800092,0.9704240657881529,0.9404042398509874,0.27530169875611177,0.9689463984910026,0.2956095038040021,0.8948462931523065,0.8901188181030201
regressor,2d,svm,4822,time,3,42,0.5107036469687839,0.6882586996682624,0.6539826470331975,0.7125398869379913,0.8999142513058584,0.5697972292412969,0.8077559202895265,0.7893288481572227,"{'C': 45.779525986079626, 'kernel': 'rbf', 'gamma': 'scale', 'epsilon': 0.022002788097533737, 'max_iter': 10000}",-0.6556525874494672,0.6882586996682624,0.8098456597033837,0.022852649999751482,0.0010631585540246656,0.9995435220485184,0.9990010121914756,0.0326061122187952,0.999212073480267,0.47370003766904734,0.8157241551491387,0.827447614374656
regressor,2d,svm,4822,time,2,42,0.38989764366579865,0.5392635537882191,0.6347282771547028,1.2357843159084552,1.5898911872811543,-0.49513597968842027,0.5826569802716102,0.7032112592935622,"{'C': 3.3841386034979006, 'kernel': 'poly', 'gamma': 'scale', 'epsilon': 0.024157033783486603, 'max_iter': 10000}",-0.47481132658866654,0.5392635537882191,2.5277539873942785,0.03387116551963221,0.004154089590982743,0.9978501418223233,0.9954447581130962,0.06445222719955257,0.998035405428946,0.2908051804442994,0.7981248259081306,0.7681576421341701
regressor,2d,svm,4822,time,4,42,0.42432097756627424,0.5411081985488626,0.7242487967454208,0.64482915627302,0.8675722411465094,0.5901015887017778,0.8220629660657255,0.7618394768253861,"{'C': 39.15996690629313, 'kernel': 'poly', 'gamma': 'scale', 'epsilon': 0.02342331828709767, 'max_iter': 10000}",-0.50242818084349,0.5411081985488626,0.7526815936079772,0.024991078843600047,0.0014961437696879446,0.9994314440799545,0.9988050328935955,0.03868001770537269,0.9990375127338204,0.29279808253679535,0.853289405993517,0.8283412291282075
regressor,2d,svm,4822,time,1,42,0.41960360725367923,0.5204739487280814,0.5968385143499131,1.0944352553847703,1.3746834039903881,-0.20750816386869797,0.5276460798125131,0.6051218515670282,"{'C': 127.86734913600273, 'kernel': 'rbf', 'gamma': 'scale', 'epsilon': 0.2522312955598062, 'max_iter': 10000}",-0.3037333481460198,0.5204739487280814,1.8897544612066006,0.20258366652942478,0.04697648794067276,0.9759546771932849,0.9354071242078248,0.2167406005820616,0.9720215167037265,0.27089313130460146,0.7745046457884578,0.7160198429148129
regressor,2d,svm,4822,butina,5,42,0.43963114099247114,0.5440524831074778,0.7969279637335009,0.6929425365662355,0.9453509478425551,0.04735661672714386,0.5403847188553994,0.5922037420228885,"{'C': 119.20892401650902, 'kernel': 'poly', 'gamma': 'scale', 'epsilon': 0.20706854222674925, 'max_iter': 10000}",-0.3634689018031214,0.5440524831074778,0.8936884145868174,0.17062411648400977,0.032610429836707075,0.990429678810705,0.9775625899520112,0.18058358130435634,0.9896086547275865,0.29599310437541243,0.8936444663913772,0.8786727016358066
regressor,2d,svm,4822,butina,3,42,0.37843326709611086,0.4901295336805761,0.7864919809103268,1.0426487268566003,1.272013783991981,0.32405246101536767,0.7392112347862643,0.7663198140628988,"{'C': 461.07682824389514, 'kernel': 'rbf', 'gamma': 'scale', 'epsilon': 0.010305878543790946, 'max_iter': 10000}",-0.45881313294243675,0.4901295336805761,1.618019066665598,0.01132139420400188,0.0009807169551917336,0.9995765169316563,0.9991343972130544,0.03131640073813933,0.9991928177629141,0.240226959785939,0.8875438429088718,0.8801058962865544
regressor,2d,svm,4822,butina,2,42,0.43977368633356373,0.6018855222081058,0.7773608202527944,0.7603490963882258,0.8803416379216222,0.13762718600167134,0.7535828170684329,0.6936134991936151,"{'C': 11.524610475522733, 'kernel': 'poly', 'gamma': 'scale', 'epsilon': 0.02899153907081318, 'max_iter': 10000}",-0.5353293107908037,0.6018855222081058,0.7750013994585245,0.033080020670119406,0.004429729278224616,0.9985534211270611,0.9970544650850504,0.06655621141730211,0.9984887315681179,0.3622661818437241,0.8817562031524292,0.8517411921706058
regressor,2d,svm,4822,butina,4,42,0.4374425474028591,0.5652515946258334,0.818517861752259,0.7653001222270374,0.9690084593230381,0.18893852080268936,0.5176890662579192,0.5947444271467519,"{'C': 0.6637770824664797, 'kernel': 'poly', 'gamma': 'scale', 'epsilon': 0.049574214090539546, 'max_iter': 10000}",-0.2562528529670982,0.5652515946258334,0.9389773942396081,0.1832135107037303,0.09548022234668177,0.965873490097386,0.9306503575001636,0.3089987416587352,0.9649045448988887,0.3195093652270475,0.9063932568214256,0.8610197206590021
regressor,2d,svm,4822,butina,1,42,0.39024934281569523,0.5107848738093604,0.7791696000690512,0.6577239279890996,0.7990744928815734,0.3462811557038219,0.7276236697053415,0.696376453877638,"{'C': 1.1311521505855924, 'kernel': 'poly', 'gamma': 'scale', 'epsilon': 0.08037849521841656, 'max_iter': 10000}",-0.27967471569001134,0.5107848738093604,0.6385200451739437,0.14455761511187334,0.05341190518595055,0.9818983395940883,0.9627695683276736,0.23111015811934912,0.9783594722204761,0.2609011873124442,0.8867527175772544,0.8548188722136134
regressor,2d,svm,4822,diverse_25,5,42,0.6705548242536231,0.8160089362563444,0.47247339337389394,0.6874831221069647,0.8665165981232998,0.5163169410165758,0.729346174781454,0.6344631036945503,"{'C': 1.6645862354001888, 'kernel': 'rbf', 'gamma': 'scale', 'epsilon': 0.05087907560684135, 'max_iter': 10000}",-0.6246764398161946,0.8160089362563444,0.7508510148231764,0.10784812994042858,0.036608124194019945,0.9909584343588169,0.9752366671443604,0.19133249644014982,0.9872965209115765,0.6658705840502107,0.6882204316790262,0.6932604270924414
regressor,2d,svm,4822,diverse_25,3,42,0.682928507514827,0.8619309571552323,0.5646946719315629,0.5912712148650955,0.7682707720794023,0.5828385178777088,0.7872478934439212,0.7774910713895157,"{'C': 993.6976563546883, 'kernel': 'rbf', 'gamma': 'scale', 'epsilon': 0.010119214799706774, 'max_iter': 10000}",-0.8518652229544346,0.8619309571552323,0.5902399792314809,0.010029206241735877,0.00010131900500110954,0.9999805463987265,0.9999277903655993,0.010065734200797751,0.999893607414805,0.7429249749025348,0.7690315214699597,0.7484023996740601
regressor,2d,svm,4822,diverse_25,2,42,0.6002205836158535,0.7326478263237207,0.3839523002473967,0.6819598973011625,0.8316391882216218,0.5587439871918845,0.7964598401563963,0.6944752987223595,"{'C': 1.6147718347217648, 'kernel': 'poly', 'gamma': 'scale', 'epsilon': 0.030182433077871357, 'max_iter': 10000}",-0.5877225407545459,0.7326478263237207,0.691623739385918,0.0678362760547881,0.021003338397306864,0.9938534100816545,0.9862983318888827,0.1449252855691748,0.9891765775283542,0.5367728374168728,0.622309673560474,0.5117106458429336
regressor,2d,svm,4822,diverse_25,4,42,0.6394635007315197,0.7372449531266121,0.518957856848841,0.724529707718132,0.915569336042405,0.3980945443781695,0.6888136626768544,0.7491284452528694,"{'C': 0.798808842242575, 'kernel': 'poly', 'gamma': 'scale', 'epsilon': 0.019777971904558607, 'max_iter': 10000}",-0.4050863024554207,0.7372449531266121,0.8382672091011304,0.1806166730260488,0.11032936921570656,0.9701025044180879,0.9294227434086211,0.3321586506711914,0.9443533605010301,0.5435301209106604,0.7514620697456459,0.7193912846881674
regressor,2d,svm,4822,diverse_25,1,42,0.6911011724580677,0.8749854010280578,0.49896427760060236,0.7153907408464326,0.8538249252483779,0.45172280404021126,0.6774135721199582,0.5613753275658386,"{'C': 0.017238167862260578, 'kernel': 'linear', 'gamma': 'auto', 'epsilon': 0.03807724825873346, 'max_iter': 10000}",-0.3532414762798519,0.8749854010280578,0.7290170029753982,0.31711623859481797,0.2722167230116615,0.9110106567882114,0.8159008976857606,0.5217439247482059,0.9009582286702302,0.765599452012231,0.7118506057833428,0.6161346671717671
regressor,2d,svm,220,scaffold,5,42,0.409261854015477,0.5631250355092895,0.7453042510586836,0.5527146887047647,0.7106907560072667,0.5175550519671579,0.7391497143174266,0.73081345635288,"{'C': 2.380980694331974, 'kernel': 'rbf', 'gamma': 'scale', 'epsilon': 0.014413708300025103, 'max_iter': 10000, 'use_gpu': False}",-0.25870594500897315,0.5631250355092895,0.5050813506741803,0.1299007533308858,0.0926709826610398,0.9669788516163874,0.9328237726360913,0.30441909050031635,0.9654955422288928,0.31710980561733854,0.866738549327887,0.8167773500139968
regressor,2d,svm,220,scaffold,3,42,0.507964659004409,0.7000270090263999,0.5769983412167777,0.7861886205029337,1.2188989599607016,0.2729879092619224,0.5334141585407585,0.6388933902163733,"{'C': 4.730324734060397, 'kernel': 'rbf', 'gamma': 'scale', 'epsilon': 0.1742406433778983, 'max_iter': 10000, 'use_gpu': False}",-0.4591060477634735,0.7000270090263999,1.4857146745932799,0.18227189378392222,0.05804290957585247,0.9767331111563321,0.9480703258515857,0.24092096126292636,0.9736173373962731,0.4900378133664474,0.7615024610681567,0.741607423758714
regressor,2d,svm,220,scaffold,2,42,0.4873619167684714,0.6358128793911988,0.6900359128406481,0.65675896962314,0.9142609180525031,0.36350464523119164,0.6169989618098828,0.6593176573936133,"{'C': 73.10772947195632, 'kernel': 'sigmoid', 'gamma': 'auto', 'epsilon': 0.024436111758858306, 'max_iter': 10000, 'use_gpu': False}",-0.04895449942473851,0.6358128793911988,0.8358730262782058,0.35168132709999766,0.3444027581368582,0.8625437450500102,0.7359519704954671,0.5868583799664603,0.869761303560529,0.40425801759972707,0.8318474990822468,0.7624662682519531
regressor,2d,svm,220,scaffold,4,42,0.43404876627321426,0.6419189132761852,0.7036374179903219,0.5311365410867637,0.6789177645001632,0.5528443730158357,0.7443913131611692,0.7009076994350445,"{'C': 5.951791694925278, 'kernel': 'rbf', 'gamma': 'scale', 'epsilon': 0.03559367107687619, 'max_iter': 10000, 'use_gpu': False}",-0.4565542272542331,0.6419189132761852,0.460929330953899,0.08066442796417146,0.034360066824016884,0.9875985579335075,0.9750347262858657,0.1853646860219521,0.9834477762192123,0.4120598912216786,0.8399511416628246,0.8439283380096293
regressor,2d,svm,220,scaffold,1,42,0.4636986643378229,0.5887182235318291,0.7033054285779551,0.5640855297569499,0.7561207156760587,0.4654047118204302,0.683439258547995,0.6750444070032257,"{'C': 16.140883405999414, 'kernel': 'rbf', 'gamma': 'scale', 'epsilon': 0.07823238217401002, 'max_iter': 10000, 'use_gpu': False}",-0.42904713490490787,0.5887182235318291,0.5717185366744751,0.09452226689346652,0.02549485654330614,0.9911569147573205,0.9816453258569503,0.15967108862692125,0.9884814004413006,0.34658914671847274,0.8409596858843918,0.8236835591217774
regressor,2d,svm,220,random,5,42,0.3656712887682738,0.4766173928029621,0.8145884455005784,0.4807514273410763,0.6560849284161814,0.7000851573852078,0.8370239074478512,0.7761743880408671,"{'C': 8.383812265970798, 'kernel': 'rbf', 'gamma': 'scale', 'epsilon': 0.013476440110849896, 'max_iter': 10000, 'use_gpu': False}",-0.2872396027283979,0.4766173928029621,0.4304474332948659,0.05796772400551891,0.035863947373525724,0.9859555407436429,0.9719707039733694,0.18937779007456423,0.9846088813385756,0.2271641391222931,0.9071668585962364,0.8906911950026939
regressor,2d,svm,220,random,3,42,0.512982178584195,0.7071476247203948,0.5840724453565507,0.45226907181127457,0.6346127783692583,0.6650974752586079,0.8168550613636819,0.7966016814254346,"{'C': 3.042475411948767, 'kernel': 'rbf', 'gamma': 'scale', 'epsilon': 0.019571242680623713, 'max_iter': 10000, 'use_gpu': False}",-0.45534450153264333,0.7071476247203948,0.40273337846954943,0.10341223439176866,0.06340481284710595,0.976706681044171,0.9529945399961642,0.2518031231877515,0.9748830348328827,0.5000577631476963,0.7668602221701408,0.7091426118766618
regressor,2d,svm,220,random,2,42,0.5350309589414997,0.704782397600163,0.6068346029941742,0.4558885872400689,0.6362164734240381,0.6835171748467113,0.827675772304752,0.7939735172765091,"{'C': 16.199391354303824, 'kernel': 'poly', 'gamma': 'scale', 'epsilon': 0.1987268774649942, 'max_iter': 10000, 'use_gpu': False}",-0.46905148508150407,0.704782397600163,0.4047714010561198,0.18808322575930453,0.05556906311687966,0.9808060626692523,0.9579619681129752,0.235730912518659,0.9751506372920341,0.49671822796703435,0.7804346698683534,0.705260167157971
regressor,2d,svm,220,random,4,42,0.47881216276820243,0.666582183934419,0.6149706721156071,0.5167759361771135,0.6996350893358292,0.6352157775920458,0.7982973076154899,0.7593569438294471,"{'C': 0.04747592086017297, 'kernel': 'linear', 'gamma': 'auto', 'epsilon': 0.05287040467607016, 'max_iter': 10000, 'use_gpu': False}",-0.12956660453951696,0.666582183934419,0.48948925822995376,0.3383224188617733,0.2883857325128424,0.8884800256447904,0.7804943036731891,0.5370155793949021,0.8832811241317879,0.44433180793877963,0.784348417365269,0.7831321922271816
regressor,2d,svm,220,random,1,42,0.4274490152713726,0.5671544202338857,0.7210599855039297,0.47743556045626967,0.6251201047526694,0.692692864757537,0.8411512876222074,0.8108272772608619,"{'C': 5.1515648669084575, 'kernel': 'rbf', 'gamma': 'scale', 'epsilon': 0.04781524185480744, 'max_iter': 10000, 'use_gpu': False}",-0.3582833406911474,0.5671544202338857,0.39077514536598834,0.09747426776869784,0.04362712786934891,0.983920791308295,0.9671576441006012,0.20887107954273829,0.9826444664061593,0.3216641363908351,0.8502839211920409,0.8195353578929512
regressor,2d,svm,220,umap,5,42,0.40213470765983406,0.5353980330426553,0.7929132992442827,0.7529718205136737,0.8967632529683185,0.0348631913505808,0.266888157598601,0.21968241125374105,"{'C': 14.987703608883011, 'kernel': 'rbf', 'gamma': 'scale', 'epsilon': 0.04941781968603893, 'max_iter': 10000, 'use_gpu': False}",-0.36519270962472866,0.5353980330426553,0.8041843318743204,0.08077471977842575,0.028969852119801014,0.989428618139906,0.9786427717570226,0.17020532341792666,0.9882506599550196,0.2866510537859442,0.8943990109987384,0.8297105308258118
regressor,2d,svm,220,umap,3,42,0.44677163955407984,0.6297604964679475,0.6939630573566957,0.9701562891584276,1.257982104096426,-0.12126299589760614,0.295934430292692,0.2843103906246301,"{'C': 45.53580458883061, 'kernel': 'rbf', 'gamma': 'scale', 'epsilon': 0.28036781920748394, 'max_iter': 10000, 'use_gpu': False}",-0.35930323882804915,0.6297604964679475,1.5825189742268713,0.2344906810534651,0.07314712821009435,0.9755872941492353,0.9414944371264702,0.27045725763989836,0.9642932598927314,0.39659828291155574,0.8333918104165272,0.8035134043505754
regressor,2d,svm,220,umap,2,42,0.4296067994752267,0.5848704250939756,0.7570409808453626,0.7101189277424645,0.8590817112110578,0.13702567414331757,0.41684532541619185,0.42231382694617237,"{'C': 84.64652000662615, 'kernel': 'poly', 'gamma': 'scale', 'epsilon': 0.02096750142090909, 'max_iter': 10000, 'use_gpu': False}",-0.4409249882869522,0.5848704250939756,0.7380213865373194,0.046932742890975924,0.020720288777564762,0.9926039874024892,0.9852064784715211,0.14394543680702337,0.9920183800247541,0.34207341414960774,0.8711930744256167,0.789673883938663
regressor,2d,svm,220,umap,4,42,0.45462908813777014,0.5881120907028784,0.7629972823801284,0.7339397923540473,1.0110499515251616,0.017969917693894,0.25384279650391234,0.2620841151614049,"{'C': 277.0423156222904, 'kernel': 'poly', 'gamma': 'scale', 'epsilon': 0.110161501221392, 'max_iter': 10000, 'use_gpu': False}",-0.4040667017505508,0.5881120907028784,1.0222220044790318,0.1232537590767633,0.03387270519461353,0.9881353653012441,0.9751430369361721,0.18404538895232755,0.9855345270809938,0.3458758312309107,0.8780487144509885,0.8397214787674075
regressor,2d,svm,220,umap,1,42,0.40857506818367567,0.55200607235663,0.7576392282288796,0.9565372992981768,1.3635211237902178,-0.07571433897477386,0.09061890750168065,0.1324383265072843,"{'C': 2.651617172120755, 'kernel': 'poly', 'gamma': 'scale', 'epsilon': 0.010010094750573085, 'max_iter': 10000, 'use_gpu': False}",-0.3159456633253166,0.55200607235663,1.8591898550221384,0.09063380613645045,0.05572451671203102,0.974410496505506,0.9485767401699678,0.23606040903131345,0.9775196602818615,0.304710703918593,0.8705219170445624,0.8400732771420538
regressor,2d,svm,220,time,5,42,0.4000615516692864,0.5699422134972767,0.7368187555847869,0.5779474763406405,0.7274270053343342,0.3636793130150078,0.6363462852633633,0.4219930635206254,"{'C': 3.515732313974404, 'kernel': 'poly', 'gamma': 'scale', 'epsilon': 0.017511653327062834, 'max_iter': 10000, 'use_gpu': False}",-0.288455578414468,0.5699422134972767,0.5291500480896776,0.10153926210815113,0.0792347257302423,0.9714903597903289,0.9420737863364836,0.2814866350828087,0.9740274493721097,0.32483412672617534,0.8603550615237208,0.8564596449209352
regressor,2d,svm,220,time,3,42,0.5282295263766155,0.8003572522163171,0.5756553804148954,0.8202645826777517,1.1346629449212613,0.053305548293641425,0.25581843926086273,0.27569918748178474,"{'C': 1.0060982071710844, 'kernel': 'poly', 'gamma': 'scale', 'epsilon': 0.121902630866349, 'max_iter': 10000, 'use_gpu': False}",-0.3799374419606578,0.8003572522163171,1.2874599985773891,0.2653391694416242,0.1767528168554046,0.9304048764767289,0.8555478560490175,0.42041981025565933,0.9312535298225948,0.6405717311752535,0.7610627981034539,0.78069748854628
regressor,2d,svm,220,time,2,42,0.5444889977777178,0.7060365838767387,0.4828105931774922,0.893736796662754,1.1565615236737463,-0.06854303585906396,0.2178006375573609,0.22840650096659634,"{'C': 1.9628901692530272, 'kernel': 'poly', 'gamma': 'scale', 'epsilon': 0.1692379574022265, 'max_iter': 10000, 'use_gpu': False}",-0.3322949922013668,0.7060365838767387,1.3376345580425377,0.24139376506257523,0.13968277734804044,0.951375204467635,0.8966195478423389,0.3737415916753719,0.9542315399039181,0.49848765777233506,0.6949899661876391,0.6551936477070167
regressor,2d,svm,220,time,4,42,0.4967505885924485,0.6590391653155273,0.6174077973188323,0.8528095839615647,1.14040859444729,0.09907341035363093,0.33102856044955203,0.31301560196054157,"{'C': 471.84070852799465, 'kernel': 'rbf', 'gamma': 'scale', 'epsilon': 0.041012518312323436, 'max_iter': 10000, 'use_gpu': False}",-0.4763246143643288,0.6590391653155273,1.3005317622892432,0.0742287437132395,0.03338460712929811,0.9868580565170629,0.9737221514729665,0.18271455095119848,0.9852447780080231,0.43433262141978696,0.7872254155357381,0.7801869635412648
regressor,2d,svm,220,time,1,42,0.46211057992905996,0.5880843260128806,0.653064731318095,0.9449231876150572,1.19338068354736,-0.11083611272238758,0.2386284373761884,0.17014739350375638,"{'C': 33.511858686368846, 'kernel': 'poly', 'gamma': 'scale', 'epsilon': 0.01005838476517595, 'max_iter': 10000, 'use_gpu': False}",-0.4275049006993857,0.5880843260128806,1.424157455863964,0.03238655407331598,0.025785751834012303,0.9898511032069977,0.9797250558113315,0.16057942531349495,0.9893421110457272,0.3458431745020241,0.8118206476928858,0.7875902823374916
regressor,2d,svm,220,butina,5,42,0.41581530309748577,0.5595944408976234,0.8079350735959647,0.6301753158582803,0.8202963067679073,0.08815022988305987,0.3452913826134152,0.382111160328903,"{'C': 3.5003943084566287, 'kernel': 'rbf', 'gamma': 'scale', 'epsilon': 0.029797188841334515, 'max_iter': 10000, 'use_gpu': False}",-0.3204791983699704,0.5595944408976234,0.6728860308970687,0.10301757364585365,0.05717609920905835,0.9801928425251459,0.9596257778980501,0.23911524252765307,0.9805910510579686,0.3131459382835238,0.8992616795194764,0.8668521723865386
regressor,2d,svm,220,butina,3,42,0.385137870908864,0.5239791685107472,0.757846526969935,0.7235818463109928,1.0171858689727713,0.2744370548196373,0.5328781185729798,0.4905823637486488,"{'C': 6.247015019899418, 'kernel': 'rbf', 'gamma': 'scale', 'epsilon': 0.07450320659638797, 'max_iter': 10000, 'use_gpu': False}",-0.3081995305484203,0.5239791685107472,1.034667092037892,0.11648631180218114,0.04656085215915287,0.9821168049752136,0.9635688006175738,0.2157796379623269,0.9789544227066154,0.27455416903321406,0.8708429526989196,0.8369944029193134
regressor,2d,svm,220,butina,2,42,0.4540936288430429,0.599296018349926,0.6423681282096817,0.9729534590574086,1.3883547952971933,-0.12409019534158938,0.16973607843485894,0.22986277089307014,"{'C': 282.2649709543982, 'kernel': 'poly', 'gamma': 'scale', 'epsilon': 0.23353886620328765, 'max_iter': 10000, 'use_gpu': False}",-0.35918535382264793,0.599296018349926,1.9275290376247116,0.20573804970192686,0.057653131219731056,0.9795178698971987,0.9520538246075788,0.24011066452727803,0.9750344070570371,0.35915571761007475,0.8209221969183407,0.788733115709425
regressor,2d,svm,220,butina,4,42,0.4468323724624844,0.6374283766699698,0.7388704479217347,0.7147101701568234,0.9002961667090886,0.258051107654542,0.5205145967640789,0.3983093702768756,"{'C': 2.9603910129126056, 'kernel': 'rbf', 'gamma': 'scale', 'epsilon': 0.011631326903889523, 'max_iter': 10000, 'use_gpu': False}",-0.38130414743951263,0.6374283766699698,0.8105331877910791,0.10594769911146464,0.06559962079889575,0.9757355055495945,0.9503850445476045,0.25612422923045713,0.9742513025680811,0.40631493538411284,0.8596914643632975,0.812884800978164
regressor,2d,svm,220,butina,1,42,0.3924645447303661,0.5244886223221946,0.7030240675525665,0.7917564735615228,1.0221659633127027,0.1584279774729721,0.4792105998578496,0.45980518976912216,"{'C': 1.2715200491819725, 'kernel': 'rbf', 'gamma': 'scale', 'epsilon': 0.07834033692172752, 'max_iter': 10000, 'use_gpu': False}",-0.11183654538519755,0.5244886223221946,1.0448232565549855,0.23224108609062036,0.17028173660041737,0.9397355567181013,0.870748440243484,0.41265207693699707,0.9427842612132467,0.27508831494543373,0.8499930473925913,0.7856616768949675
regressor,2d,svm,220,diverse_25,5,42,0.612562307247582,0.7660977482460153,0.28075355024306003,0.8662482590738672,1.1252379599918403,0.08498803369894137,0.3243248645063945,0.2970061456682111,"{'C': 5.415307691189332, 'kernel': 'rbf', 'gamma': 'scale', 'epsilon': 0.08902724730040495, 'max_iter': 10000, 'use_gpu': False}",-0.6752805893388587,0.7660977482460153,1.2661604666065984,0.08690785933637336,0.008247756351967719,0.9986475543999616,0.9930223537101701,0.09081715890715653,0.9987568120931546,0.5869057598676151,0.5355292518783776,0.4953095326935918
regressor,2d,svm,220,diverse_25,3,42,0.7138082136398679,0.9035534892921792,0.14860300469090626,0.6285087705022321,0.7850536705728653,0.3408773047741349,0.6135108560837911,0.5660583854138052,"{'C': 68.07242870192219, 'kernel': 'rbf', 'gamma': 'scale', 'epsilon': 0.15417707753021342, 'max_iter': 10000, 'use_gpu': False}",-0.7581614224437384,0.9035534892921792,0.616309265679929,0.14118416429807473,0.02113885310246146,0.9962297709433109,0.9837238772908534,0.14539206684844072,0.9954561720556869,0.8164089080120721,0.38890150198115003,0.47502982316553116
regressor,2d,svm,220,diverse_25,2,42,0.7690461804242662,1.0325821982176362,0.18659657565542598,0.8694360523540124,1.0883501010591785,-0.12093374352810016,0.1884268909978037,0.16717885078785996,"{'C': 1.0048591016171107, 'kernel': 'linear', 'gamma': 'scale', 'epsilon': 0.539786369699236, 'max_iter': 10000, 'use_gpu': False}",-0.5812471067389481,1.0325821982176362,1.184505942475524,0.4189073460667999,0.20370336480007578,0.928611869658195,0.8216149187407096,0.4513350914786881,0.9100366926027542,1.066225996075966,0.4743443305249258,0.3290547312509546
regressor,2d,svm,220,diverse_25,4,42,0.8448457394553822,1.007207612985063,0.0639827901659632,0.7926178775751367,1.077103646620685,0.1543206557983161,0.4377407773631828,0.4370309571818754,"{'C': 733.9880711185308, 'kernel': 'poly', 'gamma': 'scale', 'epsilon': 0.06617129658396669, 'max_iter': 10000, 'use_gpu': False}",-0.9420667062065451,1.007207612985063,1.1601522655635774,0.064542976412833,0.004243337735927549,0.9992218655638744,0.9961990102636075,0.06514090677851782,0.9992503823942775,1.0144671756550683,0.3315378742070613,0.27223102327788007
regressor,2d,svm,220,diverse_25,1,42,0.836949674861495,1.0832242726759416,0.13657713763072554,0.6710403726436759,0.8857016551893966,0.2430296892098276,0.5157995408307484,0.49541714719539154,"{'C': 53.30094380662875, 'kernel': 'sigmoid', 'gamma': 'auto', 'epsilon': 0.17533370797332112, 'max_iter': 10000, 'use_gpu': False}",-0.36439966986771855,1.0832242726759416,0.7844674220052367,0.4099311694925854,0.5167088096023996,0.7934977027990053,0.555758898800351,0.718824602808223,0.8922234694994889,1.1733748249143228,0.40521859428636137,0.4418866576081625
regressor,2d,svm,260,scaffold,5,42,0.4862789554677312,0.6485829021362842,0.7081408311142449,0.6676358853422173,0.8516847928478053,0.4382977439046043,0.6722123536845321,0.7042392674535898,"{'C': 0.13702088999421333, 'kernel': 'linear', 'gamma': 'scale', 'epsilon': 0.4189438357804424, 'max_iter': 10000, 'use_gpu': False}",-0.2636771679371264,0.6485829021362842,0.725366986368209,0.3300339568533366,0.14815242421939273,0.9388700285827677,0.8762360836440332,0.3849057341991578,0.9399204505466436,0.4206597809435249,0.8427073284122214,0.8477490936760131
regressor,2d,svm,260,scaffold,3,42,0.3960956718288006,0.5457951272148427,0.7354438398825374,0.5594753324356776,0.7248095215878638,0.6787696896841511,0.831800538116969,0.833326322217932,"{'C': 2.0884450826418357, 'kernel': 'rbf', 'gamma': 'scale', 'epsilon': 0.030382008447306864, 'max_iter': 10000, 'use_gpu': False}",-0.30514703521816977,0.5457951272148427,0.525348842584428,0.11307845462792712,0.05791150418163915,0.9755625616748501,0.94912203690211,0.24064809199667292,0.9778413984124829,0.2978923208914663,0.8611612233324891,0.8570611971239457
regressor,2d,svm,260,scaffold,2,42,0.44911012375585696,0.5796771032242598,0.7163397695490992,0.4256201815628222,0.5317106997186243,0.7416600086457434,0.8627547251881005,0.8679139165245401,"{'C': 2.814906757494882, 'kernel': 'rbf', 'gamma': 'scale', 'epsilon': 0.07829734790872542, 'max_iter': 10000, 'use_gpu': False}",-0.3918980148582961,0.5796771032242598,0.28271626819526907,0.11298527067866976,0.0352609860275524,0.9871404151041053,0.9723253143318861,0.1877790883659637,0.9880832691516093,0.3360255440024692,0.847473196836315,0.8237852414481709
regressor,2d,svm,260,scaffold,4,42,0.43818837139576333,0.5595841044083548,0.7716789041315026,0.5390304212690368,0.693034628628421,0.5800108409393645,0.7698776432568314,0.7501108117306177,"{'C': 1.8867522112110868, 'kernel': 'poly', 'gamma': 'scale', 'epsilon': 0.10736564810004755, 'max_iter': 10000, 'use_gpu': False}",-0.38061333399463604,0.5595841044083548,0.4802969964781335,0.12969080289891607,0.03203053666248005,0.9886911847227936,0.9743094263127435,0.1789707704137188,0.9894388627311446,0.3131343699065005,0.8821599292282408,0.8879843568509964
regressor,2d,svm,260,scaffold,1,42,0.4176731266026406,0.552031981901944,0.7416392112618371,0.5079812796949169,0.676279337190542,0.5351851203990521,0.7356792027389084,0.7020303815711322,"{'C': 328.7412737636792, 'kernel': 'poly', 'gamma': 'scale', 'epsilon': 0.07655375983156554, 'max_iter': 10000, 'use_gpu': False}",-0.4786550894711057,0.552031981901944,0.45735374191087885,0.07198428564815126,0.005384168342806825,0.9982804140976373,0.995873556368638,0.07337689243083836,0.9980839418629708,0.3047393090425883,0.8612369074052951,0.8348945719409009
regressor,2d,svm,260,random,5,42,0.5025981823825764,0.6657537954999618,0.6625757915095947,0.49919830243113467,0.6397026712095879,0.6451776558609145,0.8075875755368627,0.8096581879270474,"{'C': 0.13702088999421333, 'kernel': 'linear', 'gamma': 'scale', 'epsilon': 0.4189438357804424, 'max_iter': 10000, 'use_gpu': False}",-0.2796147822661448,0.6657537954999618,0.4092195075526821,0.32878090211673244,0.14910333754118593,0.9413059804790167,0.880805720523859,0.38613901323381705,0.9426174057800932,0.44322811622260505,0.8143509760938435,0.8086963152573292
regressor,2d,svm,260,random,3,42,0.4702847758466725,0.6075105225831018,0.6697621430076647,0.4470312235620226,0.6033787419405956,0.69846765618364,0.8411325521953938,0.845646449014142,"{'C': 1.7399542203480651, 'kernel': 'rbf', 'gamma': 'scale', 'epsilon': 0.2481339098385291, 'max_iter': 10000, 'use_gpu': False}",-0.3030550210222698,0.6075105225831018,0.3640659062258159,0.24743319695049723,0.09269315243065777,0.9685915785228802,0.9262145842165102,0.304455501560832,0.9693702936319823,0.3690690350491934,0.821175600655695,0.7821250878744692
regressor,2d,svm,260,random,2,42,0.4942299985976621,0.6769107153697816,0.6424711535001253,0.4168596479334245,0.5676613968284876,0.7363662372861678,0.8588134617622536,0.8483935066088274,"{'C': 3.6631295235204533, 'kernel': 'rbf', 'gamma': 'scale', 'epsilon': 0.012238014843031783, 'max_iter': 10000, 'use_gpu': False}",-0.548266549643759,0.6769107153697816,0.3222394614492696,0.0421554101717389,0.01654932137534439,0.9934047934918854,0.9865825109234941,0.1286441657260227,0.9945818567851938,0.4582081165824295,0.8020564545138158,0.7686620842871074
regressor,2d,svm,260,random,4,42,0.43926476929435304,0.5880175799112334,0.7537179305052596,0.43209904443801006,0.5774087623656795,0.7307502793452962,0.8592295904646494,0.8615592281188481,"{'C': 3.325766946845458, 'kernel': 'rbf', 'gamma': 'scale', 'epsilon': 0.0618508513192289, 'max_iter': 10000, 'use_gpu': False}",-0.42503929030618604,0.5880175799112334,0.3334008788566658,0.09146226717558428,0.026561922882586672,0.9897632378272375,0.9781595015847008,0.16297828960504732,0.9909099104550607,0.3457646742846637,0.8692829266321308,0.8592885118136169
regressor,2d,svm,260,random,1,42,0.4352415864054538,0.565457648533184,0.7201548732171628,0.46614079043079626,0.600961298559291,0.7341027843263698,0.8581574317394436,0.845105236931257,"{'C': 57.84284663010746, 'kernel': 'rbf', 'gamma': 'scale', 'epsilon': 0.10425094100202316, 'max_iter': 10000, 'use_gpu': False}",-0.4682980168987865,0.565457648533184,0.3611544823660694,0.09380098971382737,0.009439994019331831,0.9968418255589024,0.9921864462350638,0.09715963163439759,0.996446885526248,0.31974235228467784,0.8498253428927844,0.8712314285522061
regressor,2d,svm,260,umap,5,42,0.46180596787196737,0.6318152874278888,0.6443472730693374,0.8411637905760599,0.9941607180965715,0.2929522608526426,0.749074006758484,0.6529250430033227,"{'C': 1.3450463436050624, 'kernel': 'rbf', 'gamma': 'scale', 'epsilon': 0.09797519080022474, 'max_iter': 10000, 'use_gpu': False}",-0.3274683451269749,0.6318152874278888,0.9883555334062907,0.19180131011022908,0.09262706128791583,0.9635493447843516,0.9217629900900639,0.3043469423009139,0.9661997005542073,0.39919055742758586,0.807425965982689,0.7921420136588886
regressor,2d,svm,260,umap,3,42,0.41801246620013477,0.5632991906403955,0.6890309478505233,0.952477680454081,1.1013341165434642,0.037991703303108304,0.5052433281937342,0.4985129014416581,"{'C': 429.78525186356205, 'kernel': 'rbf', 'gamma': 'scale', 'epsilon': 0.048808916748512426, 'max_iter': 10000, 'use_gpu': False}",-0.5158165742867251,0.5632991906403955,1.2129368362625728,0.0467533940795193,0.0022545988557898414,0.9992248059171083,0.9981708670215154,0.047482616353670334,0.9991287498643142,0.31730597817612455,0.8345901866225671,0.8406248593272306
regressor,2d,svm,260,umap,2,42,0.43504235218871634,0.5946122261297467,0.6864622666624889,0.9328231392764511,1.100084093357616,-0.27694233914047595,0.3002630321270653,0.2888724164390435,"{'C': 23.32001005501306, 'kernel': 'sigmoid', 'gamma': 'auto', 'epsilon': 0.11343427303471526, 'max_iter': 10000, 'use_gpu': False}",-0.034794128839976235,0.5946122261297467,1.2101850124584477,0.4139292327111843,0.3133963020531389,0.8740847243001474,0.7516868648327133,0.5598180972897705,0.8730793493344386,0.3535636994629731,0.8299129676387301,0.8191556366381166
regressor,2d,svm,260,umap,4,42,0.48078714230856073,0.6024701706608331,0.707422356726386,0.8155486819409626,1.0306449906748647,0.29559090029755153,0.6092910680671755,0.5012162880419804,"{'C': 107.96752694464595, 'kernel': 'rbf', 'gamma': 'scale', 'epsilon': 0.24773474923473315, 'max_iter': 10000, 'use_gpu': False}",-0.3876165562213827,0.6024701706608331,1.0622290968031918,0.20170686971658042,0.046162075637696,0.9842500192241516,0.9605245035059309,0.21485361443945036,0.9831658160108079,0.3629703065360933,0.8638258802434432,0.8763526149800018
regressor,2d,svm,260,umap,1,42,0.5112695618477147,0.6843134804564741,0.632554478749683,0.7444668462533183,0.8870510645853398,0.04243540113308597,0.21310888615134274,0.20827244878559165,"{'C': 3.8351081540282865, 'kernel': 'poly', 'gamma': 'scale', 'epsilon': 0.04282965764470523, 'max_iter': 10000, 'use_gpu': False}",-0.6041504524349153,0.6843134804564741,0.7868595911819847,0.05100894100970593,0.006426111061585234,0.9977674897992358,0.995223279078714,0.08016302802155888,0.9978642059833078,0.4682849395344531,0.7965147647554476,0.8133873493787184
regressor,2d,svm,260,time,5,42,0.41910332680301166,0.5878209226863247,0.7160579669809084,0.6948119144530989,0.9563823862079199,0.18345121288667154,0.4746314323032394,0.5351573025356234,"{'C': 3.1463483631158304, 'kernel': 'poly', 'gamma': 'scale', 'epsilon': 0.04990370130541081, 'max_iter': 10000, 'use_gpu': False}",-0.46380905902128955,0.5878209226863247,0.9146672686487549,0.06489338742736595,0.015378942329675257,0.9942683243447387,0.987864618773309,0.12401186366503512,0.9946979131332929,0.3455334371478021,0.8472190017121045,0.8527122491611925
regressor,2d,svm,260,time,3,42,0.3617677152175852,0.5337587685264245,0.764049462263906,0.793529880370321,1.0183221875722261,0.09387733520680408,0.3383394337876963,0.3352473033124816,"{'C': 3.232488540783094, 'kernel': 'rbf', 'gamma': 'scale', 'epsilon': 0.062099743013578075, 'max_iter': 10000, 'use_gpu': False}",-0.3840652268620406,0.5337587685264245,1.0369800777018843,0.09039363915755912,0.02240815641602663,0.9912848481375968,0.9813607622201854,0.14969354166438387,0.9924644973836076,0.28489842297884516,0.885309600129382,0.8763463353543091
regressor,2d,svm,260,time,2,42,0.3862078388094205,0.47572951870738917,0.8157128004889179,0.8262267322120141,1.0347328316279862,0.08494617801815996,0.41533583194029783,0.4113905289114197,"{'C': 6.346142313715321, 'kernel': 'poly', 'gamma': 'scale', 'epsilon': 0.012744903138769663, 'max_iter': 10000, 'use_gpu': False}",-0.4570205351103934,0.47572951870738917,1.0706720328488704,0.0137541988114147,0.00035002606723265507,0.9998825186771002,0.9997382593220228,0.018708983596995726,0.9998680739780929,0.22631857496956412,0.909226407717721,0.9041376942083337
regressor,2d,svm,260,time,4,42,0.4011911901748239,0.5550320547552166,0.785581404395534,0.7231187953162644,0.9478806136855579,0.20159663654601767,0.4510611006652654,0.47466619316432107,"{'C': 30.64115625926416, 'kernel': 'poly', 'gamma': 'scale', 'epsilon': 0.04409483152530233, 'max_iter': 10000, 'use_gpu': False}",-0.512000838224017,0.5550320547552166,0.8984776578009097,0.04248046208178281,0.0018516855961549807,0.9993800668391875,0.9984851890739064,0.04303121653119954,0.9992366618653656,0.30806058180579765,0.8884300587572261,0.9008159317204093
regressor,2d,svm,260,time,1,42,0.3630575106613086,0.45566929869817724,0.7815771276245964,0.8458463582193282,1.039807106109119,0.05311032990681064,0.29238917897945965,0.2601954679620548,"{'C': 2.638732282488319, 'kernel': 'rbf', 'gamma': 'scale', 'epsilon': 0.04776830369639843, 'max_iter': 10000, 'use_gpu': False}",-0.32055505958780306,0.45566929869817724,1.0811988179150207,0.08280232485998405,0.01825585761037536,0.9943443936311868,0.9876797117035013,0.13511423911037415,0.9948668378531988,0.2076345097760887,0.8854351596676334,0.8960710897317614
regressor,2d,svm,260,butina,5,42,0.40708631229163317,0.5383058431038314,0.7407882086563597,0.9473669741626687,1.1485503856789236,0.2753715672985545,0.6716550959304969,0.6938207383196167,"{'C': 3.7044783080366606, 'kernel': 'poly', 'gamma': 'scale', 'epsilon': 0.09641543004781525, 'max_iter': 10000, 'use_gpu': False}",-0.4017568226313285,0.5383058431038314,1.3191679884432042,0.097515428932535,0.018645634992000025,0.9919412059549164,0.9819944308480197,0.13654902047250292,0.9924820414207594,0.28977318071972685,0.8620129198695737,0.8624031518451983
regressor,2d,svm,260,butina,3,42,0.47346361026714023,0.6052097512840585,0.7529265875554285,0.7024811703371542,0.8854702217457806,0.21067279690351037,0.49578642982147086,0.48867440847590915,"{'C': 441.1205522824951, 'kernel': 'poly', 'gamma': 'scale', 'epsilon': 0.048282419602914906, 'max_iter': 10000, 'use_gpu': False}",-0.5581527976543212,0.6052097512840585,0.7840575135985219,0.04647418612306651,0.0022143568849112435,0.9992785974068479,0.9982555361036555,0.04705695362973727,0.9991795374380796,0.3662788430493119,0.8754822363638382,0.8722541249179815
regressor,2d,svm,260,butina,2,42,0.4232197427531212,0.5262816203665793,0.7526105710351944,0.6878731072112484,0.8142353043715327,0.4025631221846082,0.692933824444769,0.6727716270093848,"{'C': 2.7448613965922366, 'kernel': 'rbf', 'gamma': 'scale', 'epsilon': 0.12420763440957645, 'max_iter': 10000, 'use_gpu': False}",-0.3161794372697594,0.5262816203665793,0.6629791308850025,0.14813395219011657,0.044142927342049665,0.984150618776004,0.9653107453658742,0.21010218309681997,0.9848947249623535,0.2769723439356723,0.8690225526346826,0.8435526129288147
regressor,2d,svm,260,butina,4,42,0.41641371157321927,0.5699852211303765,0.7858046250605446,0.9125844481354919,1.1139803761690668,-0.320624061765753,0.14384911045551188,-0.06277028170043193,"{'C': 9.622408045916844, 'kernel': 'poly', 'gamma': 'scale', 'epsilon': 0.019296026544778844, 'max_iter': 10000, 'use_gpu': False}",-0.5072970255880666,0.5699852211303765,1.2409522784897755,0.021126447913049122,0.003929809860350888,0.99850063116331,0.9969475505358,0.06268819554230994,0.9985625991146929,0.3248831523070443,0.8893155076207374,0.8958219209987222
regressor,2d,svm,260,butina,1,42,0.45235197145674416,0.6036897562232955,0.6937674190472731,0.5294182356876989,0.7098832481511506,0.4376452242144663,0.7171435938047016,0.6529127436257504,"{'C': 15.55874725044771, 'kernel': 'rbf', 'gamma': 'scale', 'epsilon': 0.14056974833426317, 'max_iter': 10000, 'use_gpu': False}",-0.47286985486326594,0.6036897562232955,0.503934226005628,0.12551242990175807,0.01711384659184785,0.9943387192707436,0.9863247854337232,0.13081990136002952,0.9938618646431021,0.3644413217689419,0.8358702854009147,0.8318344211484756
regressor,2d,svm,260,diverse_25,5,42,0.699987972349821,0.8931821384083477,0.28201879883613123,0.7491770021231993,0.9587703381061844,0.30823719595751,0.5889471466177127,0.6067565954466827,"{'C': 41.48136932413262, 'kernel': 'rbf', 'gamma': 'scale', 'epsilon': 0.16532769322113766, 'max_iter': 10000, 'use_gpu': False}",-0.7344393989669546,0.8931821384083477,0.9192405612322471,0.15630723424105575,0.02519925732535799,0.9949295856776819,0.9798538569673155,0.158742739441393,0.9937408329975557,0.7977743323717088,0.5391980007157342,0.5703394523970684
regressor,2d,svm,260,diverse_25,3,42,0.7729286314732915,0.9515600093808165,0.4205602696461773,0.6850461244748827,0.8514978837332712,0.39181669446991163,0.6357002145500242,0.5462309816266018,"{'C': 0.038927819204871324, 'kernel': 'linear', 'gamma': 'scale', 'epsilon': 0.013572001119420876, 'max_iter': 10000, 'use_gpu': False}",-0.5534812365812272,0.9515600093808165,0.7250486460022394,0.19836108594976434,0.15846670935362703,0.9387608826224942,0.8668749388258834,0.3980787727995893,0.947846527529391,0.9054664514528197,0.6560860900854648,0.6649385334684897
regressor,2d,svm,260,diverse_25,2,42,0.781375100508764,0.9371837975098238,0.3903445010541017,0.7357490175266568,0.9160611578596262,0.35811995411050423,0.599595081042314,0.575614133141971,"{'C': 42.53522160171612, 'kernel': 'sigmoid', 'gamma': 'auto', 'epsilon': 0.08391584594214695, 'max_iter': 10000, 'use_gpu': False}",-0.37806920556886203,0.9371837975098238,0.839168044939119,0.3631471633836455,0.31260912692130827,0.8821449296167263,0.736218834284111,0.5591145919409618,0.9008090551217401,0.8783134703149346,0.635490173821817,0.5967065644344276
regressor,2d,svm,260,diverse_25,4,42,0.7112320051996818,0.8351785867296032,0.45234638259976756,0.735443428179127,0.8668772377729407,0.3510110715274133,0.6181161536621724,0.6302367581068938,"{'C': 6.588905039319152, 'kernel': 'poly', 'gamma': 'scale', 'epsilon': 0.016845939416953146, 'max_iter': 10000, 'use_gpu': False}",-0.6968628418276537,0.8351785867296032,0.7514761453688434,0.025983852060714845,0.01913124528778119,0.9925799200060406,0.9849833611468499,0.13831574490194956,0.9952630142286609,0.6975232717316573,0.6970421135028237,0.7239111821685845
regressor,2d,svm,260,diverse_25,1,42,0.7482058619861738,0.9294647759043592,0.3726628716501179,0.7262838483822331,0.94456731197914,0.2849479009286755,0.5664566812350056,0.57501145254906,"{'C': 0.10475191308927033, 'kernel': 'linear', 'gamma': 'auto', 'epsilon': 0.013134846637772517, 'max_iter': 10000, 'use_gpu': False}",-0.7187313926019621,0.9294647759043592,0.8922074068594981,0.060866577480701886,0.04440855883807505,0.98195128052174,0.9627001198877814,0.21073338330239716,0.986774100873517,0.8639047696469405,0.6343231196598926,0.6095543260633178
regressor,2d,svm,262,scaffold,5,42,0.4416366774623586,0.5865183530248446,0.7536741353485313,0.5487140885690871,0.6915106362436574,0.5076613578888587,0.7126815125113388,0.7024524152862182,"{'C': 3.4477768415658603, 'kernel': 'rbf', 'gamma': 'scale', 'epsilon': 0.032509957271677145, 'max_iter': 10000, 'use_gpu': False}",-0.4063419496266786,0.5865183530248446,0.4781869600381079,0.08047626496663886,0.032463536341498636,0.9874011939393894,0.9729133670003579,0.18017640339816599,0.9906662430453043,0.34400377843497615,0.8732102978397163,0.8622197222766544
regressor,2d,svm,262,scaffold,3,42,0.5943318414536638,0.775018755590277,0.5254568227460268,0.6203104615494891,0.7782299470605554,0.5429854974292867,0.7453395624286809,0.7025629123176854,"{'C': 296.15037264676715, 'kernel': 'rbf', 'gamma': 'scale', 'epsilon': 0.010197995732074827, 'max_iter': 10000, 'use_gpu': False}",-0.7648116092751309,0.775018755590277,0.6056418505018748,0.010180768207071686,0.0001041858358987994,0.999964157320208,0.9999067225358418,0.010207146315146041,0.9999380700989137,0.6006540715167015,0.7309879661525602,0.7138796594372792
regressor,2d,svm,262,scaffold,2,42,0.4428204171371852,0.5953411939191536,0.7090465832445629,0.6535142661736635,0.8391101951355538,0.3966577712870709,0.6337763916862099,0.6433438352173338,"{'C': 3.1208285878997155, 'kernel': 'poly', 'gamma': 'scale', 'epsilon': 0.010044433054063735, 'max_iter': 10000, 'use_gpu': False}",-0.4445003516724282,0.5953411939191536,0.7041059195804273,0.04386147812184968,0.02275295968970151,0.990609437580739,0.9806475149902448,0.15084084224672545,0.9916608550907986,0.35443113717708336,0.8438783325880325,0.8188829645429213
regressor,2d,svm,262,scaffold,4,42,0.46113816652205575,0.647859459666196,0.5634269366079236,0.5923942637608642,0.7610299480111061,0.5224421241387502,0.7456112835308171,0.7466319551564964,"{'C': 25.682685212709792, 'kernel': 'poly', 'gamma': 'scale', 'epsilon': 0.055791470008664266, 'max_iter': 10000, 'use_gpu': False}",-0.5900913426246733,0.647859459666196,0.579166581769787,0.05418496946745726,0.003337155346523057,0.9988734523392286,0.9971603897995363,0.057768117041522626,0.9985806925518201,0.41972187947897543,0.763413515099722,0.7639598676876059
regressor,2d,svm,262,scaffold,1,42,0.4591866376638573,0.6057851812084215,0.7034584207003919,0.6692004175104538,0.8469857652812776,0.356432032913243,0.620580895085165,0.6473833448156288,"{'C': 7.966016161705958, 'kernel': 'poly', 'gamma': 'scale', 'epsilon': 0.20089473775708175, 'max_iter': 10000, 'use_gpu': False}",-0.4198756698661288,0.6057851812084215,0.7173848865891114,0.17443001409861938,0.03456234640753007,0.9885640293907676,0.9708236843238927,0.18590951134229275,0.987619849512541,0.3669756857717201,0.8494174837941881,0.8196677121343535
regressor,2d,svm,262,random,5,42,0.4773688543726308,0.677768585809865,0.6856496910471445,0.519026819892004,0.6735609459819626,0.5799148365531701,0.7633301567887019,0.7569835084443175,"{'C': 5.589953600003771, 'kernel': 'rbf', 'gamma': 'scale', 'epsilon': 0.01008281668113367, 'max_iter': 10000, 'use_gpu': False}",-0.5898247403902561,0.677768585809865,0.45368434795211626,0.025251458590117567,0.007734119947188067,0.9967569734900996,0.993389988906981,0.08794384541960891,0.9964617577184756,0.45937025591070435,0.8281852654891688,0.8490151384662061
regressor,2d,svm,262,random,3,42,0.47136585398908315,0.5989478244872158,0.6456490764535623,0.5013776248424076,0.671323149586312,0.637681199814436,0.7985590005466198,0.7913092296788267,"{'C': 8.949882982128967, 'kernel': 'rbf', 'gamma': 'scale', 'epsilon': 0.11316878345320831, 'max_iter': 10000, 'use_gpu': False}",-0.4881997752411969,0.5989478244872158,0.4506747711704858,0.10540209718397106,0.012265130411798641,0.995813986975994,0.9895409838920227,0.11074804924601896,0.9952808186346261,0.35873849645796874,0.8087391819380112,0.8128062075887101
regressor,2d,svm,262,random,2,42,0.46274309065229796,0.600149878149459,0.6274917225605465,0.5424099988856941,0.7561702282577871,0.5392968532707424,0.7377472704620681,0.7305116200717507,"{'C': 14.986442229947938, 'kernel': 'poly', 'gamma': 'scale', 'epsilon': 0.1375544768528402, 'max_iter': 10000, 'use_gpu': False}",-0.46778066210126346,0.600149878149459,0.5717934141034339,0.12679283710537254,0.01752160935721386,0.994210770397706,0.9851816157646677,0.13236921604819551,0.9938585166754019,0.3601798762428104,0.7935368565869285,0.7770523708667011
regressor,2d,svm,262,random,4,42,0.4439964440889603,0.6078331537683396,0.6760215072050122,0.4953131613465412,0.6478103034563298,0.6313630903230543,0.795788766641565,0.7938003371751249,"{'C': 2.2692403307902014, 'kernel': 'poly', 'gamma': 'scale', 'epsilon': 0.08478520026552107, 'max_iter': 10000, 'use_gpu': False}",-0.40821085366678206,0.6078331537683396,0.4196581892641821,0.12096335725603846,0.039849062697836286,0.9854741143618941,0.9665842659908453,0.19962230010155751,0.9878295893806598,0.36946114281996595,0.8260810568567061,0.8009142888092329
regressor,2d,svm,262,random,1,42,0.4581112962064683,0.582621765443596,0.6601909678656672,0.5626983086176157,0.7175373807611465,0.561754968280378,0.7495140095999183,0.7313318261164319,"{'C': 3.2558607865834537, 'kernel': 'poly', 'gamma': 'scale', 'epsilon': 0.22745790528079535, 'max_iter': 10000, 'use_gpu': False}",-0.340833980629999,0.582621765443596,0.5148598927895665,0.2090656531153402,0.0584613328850663,0.9804193121291255,0.9511958217832992,0.24178778481359703,0.9805911960472024,0.3394481215686126,0.8162150182827996,0.7524320778456867
regressor,2d,svm,262,umap,5,42,0.46739954595364874,0.6057787424150695,0.6742809271706331,1.0349619715285157,1.2554729008898287,-0.7643627422878942,-0.034782070433837825,-0.10000405662611868,"{'C': 2.145112269648747, 'kernel': 'rbf', 'gamma': 'scale', 'epsilon': 0.015508076113436431, 'max_iter': 10000, 'use_gpu': False}",-0.3564311543050545,0.6057787424150695,1.5762122048687217,0.1137437448451366,0.06217421969628167,0.9738217919761185,0.9446258181253275,0.24934758811001495,0.9750978660306157,0.3669678847619831,0.830237021868024,0.8044815557588175
regressor,2d,svm,262,umap,3,42,0.44551193511193626,0.6309771594390339,0.635239936011795,0.7714655656535617,0.9387006512195748,-0.05756913611894032,0.2933224792135397,0.2777097663650284,"{'C': 337.83636438571386, 'kernel': 'rbf', 'gamma': 'scale', 'epsilon': 0.011410754352333753, 'max_iter': 10000, 'use_gpu': False}",-0.6125678138038738,0.6309771594390339,0.8811589126000537,0.01184719040673535,0.000338904006714785,0.9998753720738727,0.9997306028580089,0.018409345635160012,0.9998338853589733,0.3981321757337519,0.8027982981859421,0.8007430819493531
regressor,2d,svm,262,umap,2,42,0.5534863632751129,0.717554827430993,0.5137621123044186,1.0199048064088543,1.1848287397395876,0.027758980471332406,0.1925175168048524,0.23357832999956718,"{'C': 10.66371299478904, 'kernel': 'poly', 'gamma': 'scale', 'epsilon': 0.1496427194223278, 'max_iter': 10000, 'use_gpu': False}",-0.5738798321487758,0.717554827430993,1.4038191425128994,0.13733413798705868,0.020642504269345115,0.9915559092591336,0.9786224858692641,0.14367499528221714,0.9895926845457038,0.5148849303695221,0.7319181756173991,0.7457228254154643
regressor,2d,svm,262,umap,4,42,0.4514585847839071,0.6375599019130257,0.6942760953172028,0.7415526534057856,0.9203244346294329,-0.023554958222674616,0.46288894551774423,0.4205871052690226,"{'C': 2.0964619193374396, 'kernel': 'poly', 'gamma': 'scale', 'epsilon': 0.06630339723177486, 'max_iter': 10000, 'use_gpu': False}",-0.442591191446733,0.6375599019130257,0.8469970649759854,0.10844094760919055,0.038012798060889086,0.9857449455407941,0.969080964450983,0.19496871046629274,0.9866550366395526,0.406482628527347,0.8336357859236605,0.8538537477106933
regressor,2d,svm,262,umap,1,42,0.4068674423869142,0.5525807060349636,0.7469092382112703,0.7528753122831625,0.9997090558036315,-0.13176926898677532,-0.023648818879193664,-0.00021336880244954704,"{'C': 2.651617172120755, 'kernel': 'poly', 'gamma': 'scale', 'epsilon': 0.010010094750573085, 'max_iter': 10000, 'use_gpu': False}",-0.37416867195530157,0.5525807060349636,0.9994181962557882,0.06301693488747026,0.03183085390444247,0.9875595978938435,0.9740961765517183,0.178412034079662,0.9888101261072291,0.30534543668209885,0.865006476879243,0.8669682420263688
regressor,2d,svm,262,time,5,42,0.47890590314555864,0.614122488464482,0.6393676606508678,0.6798285287104958,0.8363927834512065,-0.027588065011509455,0.36981990705189594,0.3205348962291042,"{'C': 5.119521475938898, 'kernel': 'poly', 'gamma': 'scale', 'epsilon': 0.010706879204991863, 'max_iter': 10000, 'use_gpu': False}",-0.5253126073062965,0.614122488464482,0.6995528882092568,0.02562764946218558,0.007887194991331043,0.9969574925814615,0.9937647283982234,0.08880988115818557,0.9970978471533223,0.3771464308378078,0.8063071869914855,0.7920319761154776
regressor,2d,svm,262,time,3,42,0.4863116917278367,0.6156564829371935,0.6233276703187569,0.8043118554111286,0.9846757632338226,0.22695108723869373,0.5152648447613993,0.44540779625559423,"{'C': 60.90066091306013, 'kernel': 'rbf', 'gamma': 'scale', 'epsilon': 0.15225721197967232, 'max_iter': 10000, 'use_gpu': False}",-0.47299451669740905,0.6156564829371935,0.9695863587001109,0.13876120324670121,0.02035243661140141,0.9929712451974928,0.98177200411559,0.1426619662397845,0.9917269031537074,0.37903290498259495,0.795911981267769,0.8267607866547367
regressor,2d,svm,262,time,2,42,0.5249119735103217,0.6370887459613065,0.4796726281983109,0.914067554129429,1.0983578868555646,0.044799745833133287,0.23940733580765122,0.1528609359840289,"{'C': 5.879568777997251, 'kernel': 'rbf', 'gamma': 'scale', 'epsilon': 0.11421035296742323, 'max_iter': 10000, 'use_gpu': False}",-0.48644322247216654,0.6370887459613065,1.2063900476178213,0.12145466025717934,0.022694073747317026,0.9910453890957881,0.9785141004822602,0.15064552348913998,0.988746471049604,0.4058820702305501,0.7671378399995895,0.7909216325479389
regressor,2d,svm,262,time,4,42,0.5476612219336263,0.7161168162908093,0.584875912205162,0.826682473421012,1.011783826133749,0.23368148479276096,0.5959855326281328,0.54050892843878,"{'C': 3.82988000126223, 'kernel': 'rbf', 'gamma': 'scale', 'epsilon': 0.08297619307764366, 'max_iter': 10000, 'use_gpu': False}",-0.5406128159441467,0.7161168162908093,1.0237065108258487,0.10981832041816691,0.030801654137681336,0.9871565794844271,0.9707404799914682,0.17550400034666258,0.9884314536384881,0.5128232945744846,0.7674843511402142,0.7539538653531668
regressor,2d,svm,262,time,1,42,0.48558764264338605,0.576292786318721,0.7306615393797398,1.0323343941782581,1.2538518615491931,-0.2814629828217923,0.16189106776068724,0.1298082006810788,"{'C': 0.6897327166717266, 'kernel': 'linear', 'gamma': 'scale', 'epsilon': 0.15046702099964762, 'max_iter': 10000, 'use_gpu': False}",-0.3972325511901742,0.576292786318721,1.5721444907103772,0.14973796154669328,0.03206256780429049,0.9859322091813268,0.9686475311187337,0.17906023512854685,0.9853218814620903,0.33211337556299514,0.858008260296734,0.8780350084697911
regressor,2d,svm,262,butina,5,42,0.4351639474570069,0.5607956956433002,0.6898357238293967,0.7045537390690287,0.885231755757507,0.3125936223543394,0.6108560720209946,0.5602890633076897,"{'C': 29.489797246254128, 'kernel': 'sigmoid', 'gamma': 'auto', 'epsilon': 0.11292959513387972, 'max_iter': 10000, 'use_gpu': False}",0.0691485048289886,0.5607956956433002,0.7836352614015185,0.44950132479166693,0.39682969570867127,0.827375505701324,0.6660244210325121,0.6299442004722888,0.8334783593565795,0.31449181225205297,0.8331982845832321,0.8357771609888138
regressor,2d,svm,262,butina,3,42,0.4072147276545712,0.5670344158320798,0.7363977852144831,0.980442754358138,1.2228505673672376,-0.40520948239715393,0.28899424731545076,0.3227259897982902,"{'C': 1.4418438324548415, 'kernel': 'poly', 'gamma': 'scale', 'epsilon': 0.013958246779129543, 'max_iter': 10000, 'use_gpu': False}",-0.2983555550446356,0.5670344158320798,1.4953635101103748,0.11866737464889765,0.07218833023403882,0.9712559404126331,0.9393405932083906,0.2686788607874442,0.9733040349175432,0.32152802873802794,0.8650270605621734,0.8420614644007051
regressor,2d,svm,262,butina,2,42,0.5292066545946982,0.7104201778297071,0.5146978060834345,0.8635470964586304,1.0189416343028637,0.11935609934367608,0.5645491310769597,0.6289006793576601,"{'C': 45.27166237161133, 'kernel': 'rbf', 'gamma': 'scale', 'epsilon': 0.020485627594874732, 'max_iter': 10000, 'use_gpu': False}",-0.6775644937505851,0.7104201778297071,1.0382420541157908,0.0222577632989618,0.001079495976307071,0.9995798317370529,0.999074193542005,0.032855684079122004,0.9993625199151042,0.5046968290675927,0.719542015348312,0.6576572354651611
regressor,2d,svm,262,butina,4,42,0.484399657360197,0.6091831608579955,0.7152217726711921,0.6886907529002435,0.8612867672332633,0.06711545463676138,0.2932048857606651,0.23621084602448275,"{'C': 3.2915128906723736, 'kernel': 'poly', 'gamma': 'scale', 'epsilon': 0.08226095970291074, 'max_iter': 10000, 'use_gpu': False}",-0.45942725621462643,0.6091831608579955,0.7418148954111254,0.09967130030530086,0.022426830975553848,0.9920937191179318,0.9820766248544023,0.14975590464336908,0.9930030145869486,0.3711041234729384,0.8503458659512122,0.8081248499523062
regressor,2d,svm,262,butina,1,42,0.44592941308379636,0.6349928069557468,0.605640476728148,0.7774808150073134,0.9703842684087836,0.3670563064432436,0.6133428088170162,0.5918289283285127,"{'C': 102.90909035157011, 'kernel': 'rbf', 'gamma': 'scale', 'epsilon': 0.05155197379238846, 'max_iter': 10000, 'use_gpu': False}",-0.5848374679512913,0.6349928069557468,0.9416456283752501,0.049555495133525404,0.002515558030651855,0.9991184342685346,0.9977325018841433,0.0501553390044555,0.9989374066277373,0.4032158648855383,0.7803511328865913,0.806404540177386
regressor,2d,svm,262,diverse_25,5,42,0.6739717969017234,0.8152978961201622,0.3819054165425835,0.7598727871273021,0.9787842319072184,0.014365041930168299,0.34541765211639014,0.28323768892367074,"{'C': 1.9522880970077028, 'kernel': 'rbf', 'gamma': 'scale', 'epsilon': 0.03358890763510517, 'max_iter': 10000, 'use_gpu': False}",-0.5927142016119524,0.8152978961201622,0.9580185726302036,0.10090536902994196,0.04954350106092405,0.9870301174856111,0.964301558562712,0.22258369450820975,0.9908257959964095,0.6647106594179629,0.6263087841584889,0.5896148981579058
regressor,2d,svm,262,diverse_25,3,42,0.8075356852207657,0.97441359936975,0.2752120391095779,0.8548822160353603,1.0148857619002016,0.33119779995854937,0.648439917375832,0.616998799519808,"{'C': 83.04083840633938, 'kernel': 'rbf', 'gamma': 'scale', 'epsilon': 0.010228712456189639, 'max_iter': 10000, 'use_gpu': False}",-0.9642479940280532,0.97441359936975,1.0299931097077528,0.010135278172329898,0.00010333953196313517,0.999982265706264,0.9999116440870149,0.010165605341696832,0.9998923275914595,0.9494818626367116,0.5712708418904122,0.5667917448405254
regressor,2d,svm,262,diverse_25,2,42,0.7914180669459341,0.9437676369257739,0.2717235620984467,0.7437447995570083,0.8678940883784448,0.22810550844356325,0.5439936909529192,0.5226306830376922,"{'C': 61.36909987366001, 'kernel': 'sigmoid', 'gamma': 'auto', 'epsilon': 0.012413718356917312, 'max_iter': 10000, 'use_gpu': False}",-0.4172719585201553,0.9437676369257739,0.7532401486422519,0.2903138243527043,0.2771976993797926,0.9173635714306511,0.7955122126602756,0.5264956784056186,0.9319919430926158,0.8906973525084594,0.5566184752716138,0.5064965529283266
regressor,2d,svm,262,diverse_25,4,42,0.9643067983289718,1.1211214668531881,0.3032604388015884,0.7567073931140293,0.9305360467751027,0.23267421659901533,0.4824849037461264,0.4566475388225135,"{'C': 0.027386539612233415, 'kernel': 'linear', 'gamma': 'scale', 'epsilon': 0.32252793655782247, 'max_iter': 10000, 'use_gpu': False}",-0.6292519359535258,1.1211214668531881,0.8658973343478361,0.40130347975329406,0.24193563542745394,0.9396032256205642,0.7938619660797716,0.4918695308996624,0.9475048143843905,1.256913343439044,0.5796891507935238,0.5148217636022514
regressor,2d,svm,262,diverse_25,1,42,0.7163565829206039,0.9104499468400487,0.208189499605264,1.00437752862007,1.2162800165530578,0.061250440222027414,0.3809537615096808,0.3741746501594756,"{'C': 0.030170536107135805, 'kernel': 'linear', 'gamma': 'auto', 'epsilon': 0.08045866210856614, 'max_iter': 10000, 'use_gpu': False}",-0.5221023769791052,0.9104499468400487,1.4793370786663067,0.24012323019622234,0.15081383501690035,0.9477681601652341,0.8715840656347863,0.38834756986094343,0.9560344261601307,0.8289191057010473,0.5030258927793405,0.47807120461617936
regressor,2d,svm,230,scaffold,5,42,0.34316241097896866,0.4597642785309897,0.6939947091911691,0.5591011792567413,0.70828241949097,0.26897399727225124,0.5296157993406618,0.491018316341595,"{'C': 4.8482236096553315, 'kernel': 'poly', 'gamma': 'scale', 'epsilon': 0.11465496066141398, 'max_iter': 10000, 'use_gpu': False}",-0.31256596602897385,0.4597642785309897,0.5016639857599824,0.11425116270890329,0.021667343203441124,0.9882791739948557,0.9718496416644301,0.14719831250201587,0.9886595430130025,0.2113831918131215,0.8350075633432654,0.8293126933186903
regressor,2d,svm,230,scaffold,3,42,0.4317610690059174,0.5888318253235727,0.5730215677981807,0.5614047767993227,0.6696024412286662,0.10716395068796047,0.3486654465158107,0.30145804749488764,"{'C': 0.9505724758084183, 'kernel': 'poly', 'gamma': 'scale', 'epsilon': 0.15272746747106494, 'max_iter': 10000, 'use_gpu': False}",-0.2459461735340157,0.5888318253235727,0.44836742929938933,0.22646944349851836,0.11757057020314932,0.9340474645922361,0.8531613769858308,0.342885651789557,0.9414721905616276,0.3467229185138904,0.7622755848364717,0.7773902473429254
regressor,2d,svm,230,scaffold,2,42,0.46342595267530223,0.6100703907221294,0.4427902689363956,0.7278109049487557,0.9166399350815393,0.10058267913532182,0.36730381273779605,0.36734956235432753,"{'C': 160.655930036153, 'kernel': 'rbf', 'gamma': 'auto', 'epsilon': 0.3033582317018218, 'max_iter': 10000, 'use_gpu': False}",-0.24932146824452694,0.6100703907221294,0.8402287705862885,0.2787138793688046,0.13013978506875123,0.906901613675339,0.8138678300567848,0.3607489224776025,0.9116520731870593,0.3721858816358517,0.6685749386156923,0.672600241352784
regressor,2d,svm,230,scaffold,4,42,0.3372861718912159,0.4449619521644279,0.7112470076798281,0.5713410237594119,0.7553963312560028,0.23787090652444698,0.5057158327630746,0.5321522446743089,"{'C': 1.7612357180292435, 'kernel': 'poly', 'gamma': 'scale', 'epsilon': 0.02691495577406522, 'max_iter': 10000, 'use_gpu': False}",-0.22824523037991887,0.4449619521644279,0.5706236172750287,0.09235979835750463,0.046966137501024297,0.970075481216,0.9374850936947523,0.21671672178450904,0.9698851217171082,0.19799113887397862,0.8459526861113014,0.8137479811772583
regressor,2d,svm,230,scaffold,1,42,0.3089858655935561,0.43022421306508163,0.6252738107366502,0.641165958415477,0.8058500104613341,0.20267517159480375,0.5176824040680233,0.3599864944804649,"{'C': 1.6272057618398525, 'kernel': 'poly', 'gamma': 'scale', 'epsilon': 0.02075220668737912, 'max_iter': 10000, 'use_gpu': False}",-0.17600302743126944,0.43022421306508163,0.6493942393605323,0.0999043608058535,0.0646284112250612,0.9576237489339279,0.9133482719653455,0.2542211856338122,0.9648634998832313,0.18509287350746875,0.7917814717471398,0.7301653621145617
regressor,2d,svm,230,random,5,42,0.45485817457441263,0.672913434289494,0.5350585030619286,0.3956700726861484,0.5103223608728441,0.617244069005856,0.7858020208027579,0.7371881838778449,"{'C': 2.6985191192859146, 'kernel': 'poly', 'gamma': 'scale', 'epsilon': 0.0272890241723451, 'max_iter': 10000, 'use_gpu': False}",-0.5114915666797513,0.672913434289494,0.2604289120068334,0.06317037757037901,0.026057019342617324,0.9831442351403531,0.9647924292423062,0.16142186760974278,0.9833060334055356,0.45281249004728114,0.734624647627605,0.7482131420319709
regressor,2d,svm,230,random,3,42,0.38008122138773,0.4954886000423577,0.6828221474918929,0.41979003231617007,0.6321365262281251,0.5032075362307427,0.7112906803141373,0.7069365984757228,"{'C': 11.164505495626637, 'kernel': 'rbf', 'gamma': 'scale', 'epsilon': 0.10714601057967478, 'max_iter': 10000, 'use_gpu': False}",-0.3879996615500312,0.4954886000423577,0.39959658779176105,0.09989188729604474,0.011553871898207144,0.9938816817435744,0.9841386900579432,0.10748893849232648,0.9926847792953004,0.24550895277193546,0.8276537360827588,0.7726357111855057
regressor,2d,svm,230,random,2,42,0.45598187180036165,0.6263669790807278,0.4308691471223387,0.4695182295801302,0.623895203155082,0.49653103775739793,0.7144125621583345,0.7066769349726649,"{'C': 157.15962686181604, 'kernel': 'sigmoid', 'gamma': 'auto', 'epsilon': 0.16568179454472998, 'max_iter': 10000, 'use_gpu': False}",-0.24624471629474942,0.6263669790807278,0.389245224519921,0.2558897018730995,0.1444929346655324,0.9020445837453132,0.8058051001212646,0.3801222627859784,0.9015967734065489,0.39233559248271693,0.6598061108077348,0.6197071722291825
regressor,2d,svm,230,random,4,42,0.37928686693897534,0.503175355793774,0.6327528250138283,0.41672478985818145,0.5803567519044681,0.5512510728490596,0.7453509131099197,0.7199380501549826,"{'C': 4.343054207530357, 'kernel': 'rbf', 'gamma': 'scale', 'epsilon': 0.05598197798454323, 'max_iter': 10000, 'use_gpu': False}",-0.3476388376384272,0.503175355793774,0.3368139594811044,0.07753519244366883,0.024191608479888542,0.985050576555792,0.9677912949419806,0.15553651815534686,0.9878238407175512,0.25318543867819104,0.802221981075089,0.7561698003963817
regressor,2d,svm,230,random,1,42,0.45123738929183693,0.6137525075915433,0.48550962691049904,0.4532236856035775,0.6005092434778335,0.49470346578955215,0.7130864298120069,0.6365690287312581,"{'C': 0.879548251106649, 'kernel': 'rbf', 'gamma': 'scale', 'epsilon': 0.033538811564825875, 'max_iter': 10000, 'use_gpu': False}",-0.23351275505874436,0.6137525075915433,0.36061135150232,0.20891686125376935,0.1445822694062042,0.9064294406518398,0.8073339587623719,0.38023975253279896,0.9158771920576688,0.3766921405749074,0.713678367182049,0.685399461385948
regressor,2d,svm,230,umap,5,42,0.41937262481069226,0.5699986214112871,0.5897832551285123,0.6654261866141934,0.8694143006395506,-0.032697450008323026,0.14455219793887714,0.09938805708750749,"{'C': 2.0126859511870854, 'kernel': 'rbf', 'gamma': 'scale', 'epsilon': 0.04941781968603893, 'max_iter': 10000, 'use_gpu': False}",-0.299892033979571,0.5699986214112871,0.755881226156559,0.1302178387268777,0.0729575685740073,0.9523867965432459,0.902129405407764,0.2701065874317161,0.9569629753214629,0.3248984284107678,0.7689770808547696,0.725412601698369
regressor,2d,svm,230,umap,3,42,0.4078990468712419,0.5614853780284921,0.6319665870235609,0.7219988516216311,0.8511315580490534,-0.02018419160852747,0.13917466708907344,0.1513430115227743,"{'C': 2.0849720631115845, 'kernel': 'rbf', 'gamma': 'scale', 'epsilon': 0.014601723007101757, 'max_iter': 10000, 'use_gpu': False}",-0.3026547613845687,0.5614853780284921,0.7244249291070091,0.1008318089369933,0.06699328811227363,0.9555292743700295,0.9098747152011029,0.2588306166439234,0.9610996870610826,0.31526582973979866,0.7989324878816174,0.7145311830974233
regressor,2d,svm,230,umap,2,42,0.42515030357005296,0.5281347521342142,0.6321825397738923,0.5970520305712967,0.7293854478535063,-0.14327022239253306,-0.0018623196980607733,-0.07959134059070383,"{'C': 2.457829159752782, 'kernel': 'poly', 'gamma': 'scale', 'epsilon': 0.012521423720508636, 'max_iter': 10000, 'use_gpu': False}",-0.34218874350134965,0.5281347521342142,0.5320031315404601,0.05561661688886345,0.03457591812649335,0.9792008395220057,0.9574166984542201,0.1859460086328646,0.9840153153803092,0.2789263164118679,0.7983478514702961,0.7582171466055139
regressor,2d,svm,230,umap,4,42,0.4522500706651848,0.6505336331728041,0.41733603731185964,0.8582621693866432,1.0757963417445688,-0.2119885758186033,0.04301700478367288,0.04523301463469728,"{'C': 1.094258601485261, 'kernel': 'rbf', 'gamma': 'scale', 'epsilon': 0.021452024812621127, 'max_iter': 10000, 'use_gpu': False}",-0.3349467967105816,0.6505336331728041,1.1573377689109974,0.15365989754901477,0.09959505134823358,0.9278911302768202,0.851581083877966,0.3155868364622225,0.940646342894459,0.4231940078890084,0.6465501602615448,0.6158709060732542
regressor,2d,svm,230,umap,1,42,0.40865953757772266,0.550348726797174,0.5667681759943954,0.7205037180931836,0.8663636379826872,-0.02108605577628575,-0.014912416933745912,-0.018065589162934322,"{'C': 1.5127433489449142, 'kernel': 'poly', 'gamma': 'scale', 'epsilon': 0.02075220668737912, 'max_iter': 10000, 'use_gpu': False}",-0.31354266993355207,0.550348726797174,0.7505859532185968,0.10402820302723934,0.05607710856729694,0.9635228640667801,0.9245874229195037,0.2368060568636219,0.9634587763082998,0.3028837210872704,0.7545006286478839,0.7303156072685141
regressor,2d,svm,230,time,5,42,0.3652145925411992,0.5044396610813149,0.6984793765871198,0.767572376259543,0.9009995369781284,-0.40272404598684153,-0.16276548255629725,-0.1301003444520069,"{'C': 2.8382542115690064, 'kernel': 'rbf', 'gamma': 'scale', 'epsilon': 0.09102379508509721, 'max_iter': 10000, 'use_gpu': False}",-0.2870308711118336,0.5044396610813149,0.8118001656348017,0.12764348440909581,0.047266581955994015,0.9708060218923608,0.9377825760986327,0.21740878996948126,0.9725840329956954,0.25445937167183186,0.837892110199772,0.7853500062704029
regressor,2d,svm,230,time,3,42,0.5469915082724373,0.6892450882960668,0.5359501506198612,0.6351214051888872,0.7695495967207412,-0.07963394436554627,0.003317237140077707,-0.06554579401341079,"{'C': 1.2406571368788475, 'kernel': 'poly', 'gamma': 'scale', 'epsilon': 0.35422243103959883, 'max_iter': 10000, 'use_gpu': False}",-0.3117039853119699,0.6892450882960668,0.5922065818130554,0.30407576845935314,0.14253728444244845,0.9407700498999313,0.8577880581609876,0.3775411029840969,0.9475527698952589,0.47505879174025284,0.7397501239739959,0.5876031263569257
regressor,2d,svm,230,time,2,42,0.5750241840430621,0.7216975231479762,0.6179677237053018,0.6667987184542817,0.8025569813472229,-0.1414460096905945,0.03724974833132828,0.017970402068508973,"{'C': 568.9872336707222, 'kernel': 'rbf', 'gamma': 'scale', 'epsilon': 0.04727282530520299, 'max_iter': 10000, 'use_gpu': False}",-0.669333452640613,0.7216975231479762,0.6440977083091666,0.047615942407574156,0.0027419958801001092,0.9988781181716665,0.9972674431923148,0.05236407050736325,0.9985990497517541,0.5208473149179236,0.7953006459734533,0.7741442633174151
regressor,2d,svm,230,time,4,42,0.48902077864278715,0.6469107695242794,0.4308666558795652,0.6597486367597977,0.8060102694601041,-0.34048091302606753,0.1591624289790561,0.1115851132408987,"{'C': 0.3785645139845793, 'kernel': 'poly', 'gamma': 'scale', 'epsilon': 0.013271889262203499, 'max_iter': 10000, 'use_gpu': False}",-0.16303620591936002,0.6469107695242794,0.6496525544751497,0.28542233993642024,0.23413459330385117,0.8808465773700943,0.7475645528191497,0.48387456360491937,0.8869242637342295,0.4184935437264954,0.6650763107087145,0.6316945572503451
regressor,2d,svm,230,time,1,42,0.36279716086784053,0.44599472774150356,0.8228539280676418,0.712896958256992,0.8396066449938403,-0.2221664919724211,-0.017679458577779507,-0.008764187128229196,"{'C': 3.4809438645294497, 'kernel': 'poly', 'gamma': 'scale', 'epsilon': 0.017340103908055682, 'max_iter': 10000, 'use_gpu': False}",-0.37911151572571067,0.44599472774150356,0.7049393183178126,0.029037646249561174,0.004473364049549503,0.9980910653733365,0.9958528699150898,0.06688321201579289,0.9974959496612525,0.19891129717321787,0.9109438931287198,0.8782905982905982
regressor,2d,svm,230,butina,5,42,0.3984738892538657,0.51582649827745,0.606345755852504,0.5290698659232268,0.7068692873367703,0.20175631067331812,0.5891900792053988,0.5313107490857024,"{'C': 0.37214671959522017, 'kernel': 'linear', 'gamma': 'auto', 'epsilon': 0.11805505365393, 'max_iter': 10000, 'use_gpu': False}",-0.19567842643277672,0.51582649827745,0.4996641893799936,0.19832380682040038,0.10249478790586207,0.9330294408419625,0.8697898724854527,0.32014807184467325,0.9298453128587681,0.2660769763251761,0.7855075877980259,0.7690672123167172
regressor,2d,svm,230,butina,3,42,0.4159348145878381,0.5189974113618774,0.620311339837224,0.5406239061513999,0.6755808044291784,0.15691335445169163,0.42576853697243316,0.3560759823440957,"{'C': 6.595443494292361, 'kernel': 'rbf', 'gamma': 'scale', 'epsilon': 0.12142883963808634, 'max_iter': 10000, 'use_gpu': False}",-0.37648802005414317,0.5189974113618774,0.45640942331317585,0.11706240650509947,0.020308926610900915,0.9892857098168277,0.9746257064435774,0.1425093913077342,0.9878978059953486,0.2693583130003298,0.7920399039342179,0.7519005667762335
regressor,2d,svm,230,butina,2,42,0.36396569693064107,0.478575875061762,0.6583098488794565,0.8110404719404142,1.0710724666014266,-0.23395920730805653,0.009103457313835054,-0.004782825657296001,"{'C': 113.24273623344442, 'kernel': 'rbf', 'gamma': 'scale', 'epsilon': 0.12116283577326079, 'max_iter': 10000, 'use_gpu': False}",-0.3656046291078475,0.478575875061762,1.1471962287116644,0.10686942832531572,0.012762502412379846,0.9927126510842376,0.9817543756933899,0.11297124595391451,0.9910520819928752,0.22903486819113125,0.8257604469504183,0.8095284280718388
regressor,2d,svm,230,butina,4,42,0.45143357103659254,0.6001722337120635,0.46190490982943466,0.6961044693036136,0.8547386443266694,0.2481986980288804,0.5253390926565936,0.40375587746343383,"{'C': 0.0476819460233163, 'kernel': 'linear', 'gamma': 'scale', 'epsilon': 0.050943085395653474, 'max_iter': 10000, 'use_gpu': False}",-0.16880528010559487,0.6001722337120635,0.7305781501053925,0.26250842013081144,0.18607744866372528,0.8576668214995238,0.7315237747162452,0.43136695360646865,0.8608538681820588,0.3602067101189278,0.690794254588556,0.6776810804683682
regressor,2d,svm,230,butina,1,42,0.42247422528923556,0.5617439603877438,0.6156880456902374,0.5036371710412217,0.6089441059520622,0.4084485562590513,0.6614130954642402,0.5980394961286898,"{'C': 3.771379414035355, 'kernel': 'rbf', 'gamma': 'scale', 'epsilon': 0.03478909670848265, 'max_iter': 10000, 'use_gpu': False}",-0.38595752752116086,0.5617439603877438,0.3708129241737563,0.07012841347350321,0.030900869979957654,0.9804065760959678,0.9599447551260958,0.17578643286658288,0.982612740403895,0.3155562770321071,0.7893081520603028,0.7573395025839341
regressor,2d,svm,230,diverse_25,5,42,0.5929653032540736,0.7405750787775863,0.18398538747474735,0.7374169851813587,0.9979028976561413,-0.12136361401697826,0.13043686356677836,0.16147788169428257,"{'C': 29.489797246254128, 'kernel': 'sigmoid', 'gamma': 'auto', 'epsilon': 0.11292959513387972, 'max_iter': 10000, 'use_gpu': False}",-0.12075259275774819,0.7405750787775863,0.9958101931505231,0.412927393545224,0.3841799141758125,0.7595397916197172,0.4643517345175616,0.6198224860198381,0.8142149859206942,0.5484514473064283,0.442803156566521,0.38229341927258065
regressor,2d,svm,230,diverse_25,3,42,0.7533549105780806,0.9473818533403358,-0.001277948016423558,0.7633142126527832,0.9054754862572402,-0.024091775330712606,0.156160194296943,0.13833517909830534,"{'C': 0.010215142264508228, 'kernel': 'rbf', 'gamma': 'auto', 'epsilon': 0.9884376487840106, 'max_iter': 10000, 'use_gpu': False}",-0.10709090935754939,0.9473818533403358,0.8198858562127855,0.6799238808951305,0.7060888705394822,0.5053944099407092,0.0004692649289570472,0.8402909439827864,0.4603944427775817,0.8975323760385695,0.05640970582302802,0.07112293328467428
regressor,2d,svm,230,diverse_25,2,42,0.6661638402069452,0.8775452732755002,0.04077852513827518,0.8047343719803601,0.917770680632593,-0.012552462147191523,0.08353850300053739,0.10426890447718101,"{'C': 978.7797418127844, 'kernel': 'linear', 'gamma': 'scale', 'epsilon': 0.9795762088049912, 'max_iter': 10000, 'use_gpu': False}",-0.18912692580880064,0.8775452732755002,0.842303022228813,0.602515653153012,0.4739198211287816,0.7419009481474113,0.3366284337906911,0.6884183474666996,0.6608725818194015,0.7700857066481724,0.2236603867797083,0.3519139609516485
regressor,2d,svm,230,diverse_25,4,42,0.8133381878450763,1.0608255979321315,0.03216992594948276,0.6610879743852339,0.8070187612993298,-0.17930895044892137,0.3327020878467687,0.3191767565532715,"{'C': 0.14890820999415835, 'kernel': 'linear', 'gamma': 'scale', 'epsilon': 0.04321407954011841, 'max_iter': 10000, 'use_gpu': False}",-0.962729096698809,1.0608255979321315,0.6512792810891047,0.051442480172064424,0.009622923554219237,0.993931132815124,0.9861806797798269,0.09809650123332248,0.9974781163882577,1.1253509492280644,0.2756616717421197,0.23446082722048472
regressor,2d,svm,230,diverse_25,1,42,0.6430364948484164,0.7694209685190874,0.1747072468462677,0.5607142915420955,0.7642956729241104,0.03496989636314929,0.22564847612815647,0.33040123921878917,"{'C': 2.583066695965719, 'kernel': 'poly', 'gamma': 'scale', 'epsilon': 0.016709450296384976, 'max_iter': 10000, 'use_gpu': False}",-0.5191069140067152,0.7694209685190874,0.5841478756505187,0.06823436015723792,0.06265712588642283,0.9644697319423383,0.9232128477709849,0.2503140545123722,0.9891154422817723,0.5920086267968504,0.4500229743152268,0.49626975644919674
regressor,2d,svm,2409,scaffold,5,42,0.5335355714751171,0.6870221697438481,0.669291247831247,0.6370509010133278,0.8088677322500268,0.5125733332711359,0.7194058670858355,0.6942772425283192,"{'C': 2.7736544302221, 'kernel': 'rbf', 'gamma': 'scale', 'epsilon': 0.0349451758838961, 'max_iter': 10000, 'use_gpu': False}",-0.3897091362270074,0.6870221697438481,0.6542670082753012,0.13275605486948647,0.08839503989898603,0.9659202680326235,0.928999527482921,0.2973130335168407,0.972869627699792,0.4719994617195448,0.8317998224535641,0.8251812514896829
regressor,2d,svm,2409,scaffold,3,42,0.6128555431810245,0.762735349446499,0.5787863182717616,0.6860414745593213,0.8954531948747801,0.3316776877179005,0.5788079763164267,0.5878270427623412,"{'C': 966.6634250615078, 'kernel': 'rbf', 'gamma': 'scale', 'epsilon': 0.09621418711983998, 'max_iter': 10000, 'use_gpu': False}",-0.6469484387325757,0.762735349446499,0.8018364242114511,0.09532435178160066,0.013406608692674066,0.9956128302380663,0.9896092241669124,0.11578691071392339,0.9946888493343522,0.581765213295273,0.7611439044808971,0.7784330735491616
regressor,2d,svm,2409,scaffold,2,42,0.4775725120995785,0.6508109480859713,0.6303959818328768,0.6063688727997264,0.7653047177314111,0.46293264687222657,0.6814546478958506,0.682375033762339,"{'C': 3.6937456114570484, 'kernel': 'poly', 'gamma': 'scale', 'epsilon': 0.10526231985959174, 'max_iter': 10000, 'use_gpu': False}",-0.43156168713492826,0.6508109480859713,0.5856913109819548,0.13448534451657526,0.04807023842757857,0.983817490398819,0.9643511688498398,0.21924926095104305,0.9846083367264814,0.42355489014856085,0.7962084629456241,0.7673243512893597
regressor,2d,svm,2409,scaffold,4,42,0.615027285721225,0.812182301572599,0.46459174341034015,0.6901965182201867,0.8815418961734743,0.4262188472667887,0.6529176903683872,0.6587967978235219,"{'C': 982.4612600431554, 'kernel': 'rbf', 'gamma': 'scale', 'epsilon': 0.07963065788590666, 'max_iter': 10000, 'use_gpu': False}",-0.7204278441202381,0.812182301572599,0.7771161147091246,0.07844549305906423,0.008418880462377104,0.9972627311304074,0.9933368890968888,0.09175445745236088,0.9966395260358543,0.6596400909877641,0.694707159228616,0.6689322757114955
regressor,2d,svm,2409,scaffold,1,42,0.5499550000315367,0.6758239585932595,0.6344515709674021,0.6539403387153754,0.8589707719871013,0.47363338913405784,0.7117268671991918,0.703411603574504,"{'C': 0.3014270883203282, 'kernel': 'linear', 'gamma': 'auto', 'epsilon': 0.04139556339035874, 'max_iter': 10000, 'use_gpu': False}",-0.2230004692729175,0.6758239585932595,0.7378307871281168,0.22949675156765267,0.2050491124802499,0.9147820267098645,0.8355556074473527,0.452823489320342,0.9186259471847478,0.45673802300866373,0.7991394223344142,0.810945756753825
regressor,2d,svm,2409,random,5,42,0.5403380770395921,0.7422313717124773,0.5610101187532188,0.5448556738650674,0.6855870784853485,0.6650322875873091,0.8254412529967639,0.8372513954185657,"{'C': 5.32845946771797, 'kernel': 'rbf', 'gamma': 'scale', 'epsilon': 0.059160051967600234, 'max_iter': 10000, 'use_gpu': False}",-0.5487731355471702,0.7422313717124773,0.47002964218607546,0.09276920263987563,0.03742608914019173,0.9856546039962599,0.969870707505862,0.19345823616530708,0.9867235318528924,0.5509074091541857,0.7501394624477732,0.776842643462128
regressor,2d,svm,2409,random,3,42,0.47140682627879094,0.626764143812166,0.6997481441397433,0.5159362671926182,0.6996497619159714,0.5829999003399836,0.7661201542394283,0.7683223944552093,"{'C': 6.8476771604020925, 'kernel': 'rbf', 'gamma': 'scale', 'epsilon': 0.013334283444245419, 'max_iter': 10000, 'use_gpu': False}",-0.4678379922806281,0.626764143812166,0.4895097893490755,0.04029049209680429,0.025257521640625363,0.9903860694897285,0.9806843746778026,0.15892615153153794,0.9900078408170504,0.39283329196859756,0.8383233583309178,0.8162869754888019
regressor,2d,svm,2409,random,2,42,0.5313464112202019,0.6718018329126308,0.602848575030377,0.5756857479716055,0.7601872859412635,0.525614308459747,0.7251094189095603,0.7147996721783941,"{'C': 2.5656625063692453, 'kernel': 'rbf', 'gamma': 'scale', 'epsilon': 0.04326816632481329, 'max_iter': 10000, 'use_gpu': False}",-0.3635114099978236,0.6718018329126308,0.5778847097067443,0.1476421235816241,0.09504298486099069,0.9654370000645532,0.9275405818820228,0.30829042291480724,0.9706163473001365,0.4513177027047704,0.778419537613384,0.7656703850577814
regressor,2d,svm,2409,random,4,42,0.5169136888829318,0.6677452795248446,0.6419119101564628,0.48755504147736933,0.6259752541582267,0.6842937967716829,0.8276173965134058,0.8181209501914416,"{'C': 5.569455596265726, 'kernel': 'rbf', 'gamma': 'scale', 'epsilon': 0.013878427703656325, 'max_iter': 10000, 'use_gpu': False}",-0.4929823793353703,0.6677452795248446,0.3918450188184566,0.04957243185399172,0.030542071282636165,0.9884604103283376,0.9764414257965351,0.17476290018947432,0.9902542295886109,0.4458837583277129,0.8033257028105454,0.8040741515105926
regressor,2d,svm,2409,random,1,42,0.6149566784180298,0.8095403669461383,0.5648240625697237,0.5554366918172494,0.7634632331860643,0.5639699270404734,0.7514437880688144,0.7694406144021645,"{'C': 24.760813421568045, 'kernel': 'rbf', 'gamma': 'scale', 'epsilon': 0.11617786359483008, 'max_iter': 10000, 'use_gpu': False}",-0.6593550475478069,0.8095403669461383,0.582876108426919,0.115761535672921,0.022555630162778822,0.9921430076501878,0.981832828442328,0.1501853193983314,0.9908130439306114,0.6553556057152883,0.7554731055466005,0.7782284341353215
regressor,2d,svm,2409,umap,5,42,0.5717527246394116,0.7314045311116782,0.5690566735427169,0.8717909620264458,1.0377340429745627,0.21437426783135272,0.5323884139894881,0.5336685319114813,"{'C': 2.8265437705216976, 'kernel': 'rbf', 'gamma': 'scale', 'epsilon': 0.08777258833575961, 'max_iter': 10000, 'use_gpu': False}",-0.4534106874490535,0.7314045311116782,1.0768919439483315,0.1597318681669764,0.07728057711431985,0.9719161757049501,0.9388110985374385,0.27799384366262475,0.9762271589092085,0.5349525881306939,0.7554352664296222,0.7598368919410667
regressor,2d,svm,2409,umap,3,42,0.5235415962426314,0.6833512826816197,0.6117817000780651,0.7735870887966734,0.9939904487490091,-0.007897518279997184,0.41525316417069197,0.3597025182432282,"{'C': 4.669915597539991, 'kernel': 'rbf', 'gamma': 'scale', 'epsilon': 0.04307336386411062, 'max_iter': 10000, 'use_gpu': False}",-0.4752621429593579,0.6833512826816197,0.9880170122042564,0.08830032596584403,0.04330109007035098,0.9843176320305664,0.9676719264376594,0.20808913972226178,0.9862448963503331,0.46696897554261496,0.794171624928895,0.8030661206479267
regressor,2d,svm,2409,umap,2,42,0.6289690826532512,0.8286272114952747,0.4790319026208256,1.0687871147674204,1.323017988067331,-0.7568552439652021,0.428240860087741,0.4052817879426785,"{'C': 285.7470724804393, 'kernel': 'sigmoid', 'gamma': 'auto', 'epsilon': 0.25504451451873694, 'max_iter': 10000, 'use_gpu': False}",-0.3172666191542929,0.8286272114952747,1.7503765967497285,0.3718521113224428,0.2614896553993198,0.9019035174958119,0.8084569266498481,0.5113605923409819,0.905589948111747,0.6866230556304348,0.7122412075221115,0.6720617926357755
regressor,2d,svm,2409,umap,4,42,0.39254485917020593,0.514824610306998,0.6613480997049004,0.8222782349497879,0.9980931443877422,0.32097686865184893,0.5847391278027081,0.5674021114413664,"{'C': 3.022660141485633, 'kernel': 'rbf', 'gamma': 'scale', 'epsilon': 0.051904804032716516, 'max_iter': 10000, 'use_gpu': False}",-0.21371617892555478,0.514824610306998,0.9961899248738105,0.14521908852432158,0.0906662874489933,0.9653159746052886,0.9275451062461652,0.3011084313814432,0.9702945622129892,0.2650443793777523,0.8154494280082858,0.8070426456802867
regressor,2d,svm,2409,umap,1,42,0.5555458607947728,0.7023377718507335,0.6463267532543294,0.9890039817818377,1.204546306039737,-0.10628031483359157,0.06186825615336906,0.022486411990159556,"{'C': 11.224635363913457, 'kernel': 'rbf', 'gamma': 'scale', 'epsilon': 0.03030338738353442, 'max_iter': 10000, 'use_gpu': False}",-0.5852707582915739,0.7023377718507335,1.4509318033939758,0.04489629113107218,0.01370468566366046,0.9944787017680018,0.9887236129163475,0.1170670135591596,0.9934337724048563,0.493278345768253,0.8068047222758643,0.8130262444491344
regressor,2d,svm,2409,time,5,42,0.5047633407500848,0.6482824131604584,0.699749721587166,0.9503200804870204,1.1448066965282901,-0.02169633306024954,0.2124231865079557,0.16759771441845697,"{'C': 3.2569693142510774, 'kernel': 'rbf', 'gamma': 'scale', 'epsilon': 0.11830598170382643, 'max_iter': 10000, 'use_gpu': False}",-0.3646691175450509,0.6482824131604584,1.3105823724160166,0.17365284578200638,0.08043650144983255,0.9704214913509125,0.9363218206445674,0.28361329561540755,0.9726959212200866,0.42027008721314735,0.8481919460063598,0.8538408438377139
regressor,2d,svm,2409,time,3,42,0.5255617079443508,0.6573991782378983,0.5758015191696197,0.8634375762054995,1.0753277725360646,0.13180695092592154,0.38651390525722135,0.34799885128809815,"{'C': 4.149146539344429, 'kernel': 'rbf', 'gamma': 'scale', 'epsilon': 0.017727647585083446, 'max_iter': 10000, 'use_gpu': False}",-0.4453833800939063,0.6573991782378983,1.1563298183873743,0.07524573113754231,0.04495069866263394,0.9826302009985339,0.9640515731364606,0.21201579814399193,0.984330458780373,0.432173679547864,0.7641879773248856,0.7505956762076947
regressor,2d,svm,2409,time,2,42,0.6884949971405891,0.8790987880933375,0.6118149945297822,0.9284177607840811,1.132098595928511,0.0866875115887511,0.3775196188093993,0.35146709342566906,"{'C': 695.1310841892046, 'kernel': 'poly', 'gamma': 'scale', 'epsilon': 0.018503688911079518, 'max_iter': 10000, 'use_gpu': False}",-0.8025507453686676,0.8790987880933375,1.2816472309033062,0.024264357146700218,0.005859602844977901,0.9971967369861015,0.9942702623620141,0.07654804272466999,0.9952065176577202,0.7728146792271747,0.8240060807233496,0.846477390516688
regressor,2d,svm,2409,time,4,42,0.6417734778053961,0.8320290431394243,0.5477545238364953,0.8788333719723191,1.0755353175884896,0.2513373037932124,0.5093418948446674,0.5106177668888865,"{'C': 13.368991735730974, 'kernel': 'rbf', 'gamma': 'scale', 'epsilon': 0.010422306417090197, 'max_iter': 10000, 'use_gpu': False}",-0.7182823732566039,0.8320290431394243,1.1567762193801732,0.02446726089564435,0.012938304909431313,0.9942548974954907,0.9885071069482222,0.11374666988282037,0.9921577211741419,0.6922723286275059,0.7426636275658295,0.7604654882498443
regressor,2d,svm,2409,time,1,42,0.4309454789409261,0.6138111132206022,0.723475697531057,0.9667668772764085,1.1872159362461947,-0.06260366043766652,0.4023756148500089,0.3727015858573316,"{'C': 6.211587736003282, 'kernel': 'rbf', 'gamma': 'scale', 'epsilon': 0.042813444531863254, 'max_iter': 10000, 'use_gpu': False}",-0.521080922907299,0.6138111132206022,1.4094816792769287,0.05311928126749289,0.00859888819554143,0.9964594495048483,0.9924399246640181,0.09273019031330319,0.9958354485653033,0.376764082713115,0.8811969313287623,0.8712833126624218
regressor,2d,svm,2409,butina,5,42,0.4711199126279826,0.6097817026616892,0.6644409163970195,0.7578342487920673,0.9665441052805633,0.1736111837685903,0.49193082242107505,0.458174301945598,"{'C': 228.4770069265025, 'kernel': 'rbf', 'gamma': 'scale', 'epsilon': 0.03872486727783165, 'max_iter': 10000, 'use_gpu': False}",-0.5053076726629017,0.6097817026616892,0.9342075074526047,0.04798122106909238,0.01091482294418756,0.9960681162678401,0.9918470986362833,0.10447402999878755,0.9952720903736634,0.3718337249009887,0.8189739914635705,0.8060521846660478
regressor,2d,svm,2409,butina,3,42,0.483537278530926,0.5999074173157775,0.730827786740371,0.8777876030671008,1.0953489505290928,-0.06917064951732121,0.2650531073889128,0.2491702628045228,"{'C': 2.730884253831744, 'kernel': 'rbf', 'gamma': 'scale', 'epsilon': 0.1371482209408228, 'max_iter': 10000, 'use_gpu': False}",-0.2958376856414513,0.5999074173157775,1.1997893234251849,0.19966229881171382,0.09245840172049671,0.9681592345857226,0.9294987012644126,0.30406973167432616,0.9709031079545474,0.3598889093504864,0.8585847321954837,0.8651638488259227
regressor,2d,svm,2409,butina,2,42,0.5429299660386308,0.7211388407534974,0.48710548602835824,0.7363202010060288,0.9004710370984454,0.46013352607882585,0.6850180168752609,0.6896599916436892,"{'C': 6.705061296356684, 'kernel': 'poly', 'gamma': 'scale', 'epsilon': 0.15721148795834386, 'max_iter': 10000, 'use_gpu': False}",-0.5099990203204079,0.7211388407534974,0.8108480886531498,0.15924071799031808,0.04458002377251729,0.9846357775868132,0.9641625010558844,0.21113982043308951,0.9827842506098307,0.5200412276432982,0.7004131362026281,0.6921686477521541
regressor,2d,svm,2409,butina,4,42,0.535684850033323,0.7132606096784583,0.5852576621606034,0.7726072436403834,0.9751426025264203,0.3307496172928487,0.6012774729433953,0.5889879388793774,"{'C': 481.03302558996, 'kernel': 'rbf', 'gamma': 'scale', 'epsilon': 0.21553514436561752, 'max_iter': 10000, 'use_gpu': False}",-0.503853013476548,0.7132606096784583,0.950903095262,0.19217434604238925,0.04385154134706232,0.98594020272632,0.96444170094474,0.2094075962019103,0.9825610398379256,0.5087406973188859,0.768559411299968,0.731665797078762
regressor,2d,svm,2409,butina,1,42,0.5536564096523192,0.7230561413529153,0.5793178971563769,0.7658297859112431,0.9129567054893316,0.2537258170983039,0.557271735501343,0.5513934924843539,"{'C': 2.25894502404686, 'kernel': 'poly', 'gamma': 'scale', 'epsilon': 0.030077940065676784, 'max_iter': 10000, 'use_gpu': False}",-0.4746661015610382,0.7230561413529153,0.8334899460979343,0.10954199953916437,0.061697611867810274,0.9779678308671168,0.9531899109117072,0.24839003979187707,0.9816979937441583,0.522810183548167,0.7686198805908814,0.7319130768396478
regressor,2d,svm,2409,diverse_25,5,42,0.7695945800396988,0.9529277193272003,0.3813150665281002,0.8228929964557834,0.9806511366469608,0.33612951441312044,0.5858162162602002,0.5871634918151517,"{'C': 4.307892561385648, 'kernel': 'rbf', 'gamma': 'scale', 'epsilon': 0.017350320962257238, 'max_iter': 10000, 'use_gpu': False}",-0.8808513500657236,0.9529277193272003,0.9616766518069763,0.025860397380146526,0.005195003005916755,0.9983685223518155,0.9963040161449426,0.07207636926147679,0.9990321246162814,0.9080712382621395,0.6306541172968549,0.6255740414246658
regressor,2d,svm,2409,diverse_25,3,42,0.8267045865553715,1.059493207500808,0.2910559685959324,0.7706939466389668,0.9625641841554158,0.2812153756847926,0.549329384010834,0.5207490500482854,"{'C': 335.8479601803884, 'kernel': 'rbf', 'gamma': 'scale', 'epsilon': 0.08020345670438604, 'max_iter': 10000, 'use_gpu': False}",-0.9810290524602611,1.059493207500808,0.9265298086187811,0.07745608803799824,0.006156623626227006,0.9988270885357169,0.9956926867725469,0.07846415504054706,0.998516169419755,1.1225258567403504,0.5555562618579482,0.4748296965484032
regressor,2d,svm,2409,diverse_25,2,42,0.7452501283331264,0.8711178071781598,0.3160086387025971,0.6577629952982972,0.827374903656356,0.4191091720570457,0.6593124833308175,0.6167169081552433,"{'C': 673.1453648017094, 'kernel': 'poly', 'gamma': 'scale', 'epsilon': 0.14109136831111643, 'max_iter': 10000, 'use_gpu': False}",-0.7331248763575704,0.8711178071781598,0.6845492312003644,0.1365128118402061,0.01904204895645596,0.997379415085881,0.9879487402328129,0.13799293082058936,0.9969963179677861,0.7588462339828856,0.5623820105124998,0.5159315290334173
regressor,2d,svm,2409,diverse_25,4,42,0.8433607451950791,0.9766697630061243,0.23450528287439698,0.9682526559611287,1.1273590059720504,0.22089907210677728,0.5338866680118445,0.5378440558201755,"{'C': 144.4004570019908, 'kernel': 'poly', 'gamma': 'scale', 'epsilon': 0.31741673367731105, 'max_iter': 10000, 'use_gpu': False}",-0.6847222853315365,0.9766697630061243,1.2709383283462898,0.2795902874606176,0.085233329720554,0.9860844798485827,0.9396384957180313,0.2919474776745879,0.9867804764297574,0.953883825970439,0.49140410044423877,0.5030358698317874
regressor,2d,svm,2409,diverse_25,1,42,0.7059579489076862,0.8282461363600778,0.4679969294209273,0.8872046951036546,1.0411951996932816,0.27905324451725144,0.5431480582150217,0.4556260716136514,"{'C': 8.137027158921834, 'kernel': 'rbf', 'gamma': 'scale', 'epsilon': 0.010197941051315459, 'max_iter': 10000, 'use_gpu': False}",-0.8180612232956398,0.8282461363600778,1.0840874438643326,0.010159735835441889,0.00010373245413016106,0.9999821181696885,0.9999280161027576,0.01018491306443806,0.9999065329717783,0.6859916623953966,0.6973808022744018,0.6593356203195004
regressor,2d,svm,284,scaffold,5,42,0.3921167259252411,0.5300704595215079,0.632735243583372,0.5555410795649007,0.7588154969947793,0.4767993982688984,0.6911952541082664,0.7221465708436353,"{'C': 2.8382542115690064, 'kernel': 'rbf', 'gamma': 'scale', 'epsilon': 0.09102379508509721, 'max_iter': 10000, 'use_gpu': False}",-0.2929706531253756,0.5300704595215079,0.575800958479434,0.13443852078906607,0.05621631819308342,0.9720137411786779,0.9392533230666686,0.2370998063961323,0.9778441151796926,0.2809746920573425,0.8021987541966542,0.8092424127332513
regressor,2d,svm,284,scaffold,3,42,0.43300646389351805,0.5945780442001241,0.5908236111884257,0.509568772599223,0.6809351781938592,0.48447857288276097,0.7122618742092033,0.6777650260784914,"{'C': 77.23645522683765, 'kernel': 'rbf', 'gamma': 'scale', 'epsilon': 0.08169119087800128, 'max_iter': 10000, 'use_gpu': False}",-0.5162935580411633,0.5945780442001241,0.46367271690190276,0.07675028373710875,0.00612846077317252,0.9975204909263323,0.9937046940300677,0.07828448615896076,0.9968722291345057,0.3535230506448447,0.7711334300125396,0.7571683686362735
regressor,2d,svm,284,scaffold,2,42,0.429151916116752,0.5937857306539119,0.5400403228254063,0.47030843787559057,0.6555359337772055,0.5438028907038548,0.7414055178107799,0.7277176158431052,"{'C': 99.94178486693458, 'kernel': 'rbf', 'gamma': 'scale', 'epsilon': 0.010024049726176702, 'max_iter': 10000, 'use_gpu': False}",-0.5807653272739909,0.5937857306539119,0.42972736047315285,0.010364017273887256,0.00016953090417585838,0.9999251528446259,0.9998253024031428,0.013020403379921008,0.9998932876304547,0.3525814939282001,0.7417884735520114,0.7568878921310972
regressor,2d,svm,284,scaffold,4,42,0.4959811614675103,0.6710491750396792,0.6065526019137438,0.5714026628640724,0.7565585922967593,0.4157434132853398,0.6556700431851701,0.6659586164774141,"{'C': 5.289934707449689, 'kernel': 'poly', 'gamma': 'scale', 'epsilon': 0.035715510754982485, 'max_iter': 10000, 'use_gpu': False}",-0.5538435022902379,0.6710491750396792,0.5723809035780539,0.04985715585688811,0.013737169724649128,0.9928739190529353,0.9850954148484194,0.1172056727494413,0.9944777582605581,0.450306995321434,0.7822699228373943,0.761182270187466
regressor,2d,svm,284,scaffold,1,42,0.4456606434627851,0.6293010617586188,0.6204188337668269,0.5773004161792034,0.7481305165553448,0.3060985523031893,0.5794207566376361,0.5688048925224085,"{'C': 2.887113282662518, 'kernel': 'poly', 'gamma': 'scale', 'epsilon': 0.02068460075708068, 'max_iter': 10000, 'use_gpu': False}",-0.4636905169161458,0.6293010617586188,0.559699269801367,0.05734661055564382,0.02742685256302075,0.9865690558396008,0.9719914532319067,0.16561054484247298,0.9918907629845174,0.39601982633052496,0.7955713325193164,0.8125280252973806
regressor,2d,svm,284,random,5,42,0.44652738963118943,0.6056028705199786,0.606268270940556,0.4759025738046511,0.6409791912198282,0.5426881846199683,0.7419527555885679,0.7285531840344005,"{'C': 1.9668882086520214, 'kernel': 'rbf', 'gamma': 'scale', 'epsilon': 0.08651720267946378, 'max_iter': 10000, 'use_gpu': False}",-0.2905776949404179,0.6056028705199786,0.410854323576825,0.16949833037605563,0.09924086124893305,0.9513360822787605,0.8975812684513281,0.3150251755795607,0.9606353203275861,0.36675483678203796,0.7891426573820742,0.7822895638292277
regressor,2d,svm,284,random,3,42,0.4778863142953744,0.6868947921375342,0.48222233585955065,0.41157077622156996,0.5760784091560359,0.6382211483948546,0.7992084796379302,0.7818805179803363,"{'C': 2.8399253720361513, 'kernel': 'rbf', 'gamma': 'scale', 'epsilon': 0.0965019262310504, 'max_iter': 10000, 'use_gpu': False}",-0.45511736881631504,0.6868947921375342,0.33186633349574907,0.1392033369817157,0.05372077396142364,0.9748901689525705,0.9443673904168133,0.2317774233212192,0.9813084048967733,0.4718244554656664,0.7005958956394892,0.7229415913142484
regressor,2d,svm,284,random,2,42,0.430378842295144,0.6001309485846965,0.5520754917154553,0.4822483473501731,0.659923329307068,0.5710198882125576,0.7591562373474691,0.7750516317464686,"{'C': 717.7216009152028, 'kernel': 'poly', 'gamma': 'scale', 'epsilon': 0.08484166996405043, 'max_iter': 10000, 'use_gpu': False}",-0.5187144358912112,0.6001309485846965,0.4354988005637249,0.07929098099660094,0.006628648539168451,0.9972511758983285,0.9930309927039167,0.0814165126934853,0.9966185535139438,0.36015715544916765,0.7436430106939931,0.7431075915077942
regressor,2d,svm,284,random,4,42,0.3938035726439466,0.5227590662964281,0.6887189031435663,0.45038856854971754,0.6157114383401335,0.5854915067402757,0.7666779184562514,0.7627544189218001,"{'C': 269.69440251166884, 'kernel': 'rbf', 'gamma': 'scale', 'epsilon': 0.2069744353794075, 'max_iter': 10000, 'use_gpu': False}",-0.33785259920033295,0.5227590662964281,0.37910057530287605,0.17569743464001084,0.03419040157395931,0.9866428197015276,0.9647586142921422,0.18490646709609512,0.9845226592978898,0.27327704139511333,0.8347436858091555,0.8471429203172455
regressor,2d,svm,284,random,1,42,0.43417560872256183,0.5615480242205135,0.6444753953419264,0.5030421247659741,0.6788102881594408,0.5426510455472283,0.7375518411947299,0.7428788055809733,"{'C': 6.295326039838692, 'kernel': 'poly', 'gamma': 'scale', 'epsilon': 0.015292821109012715, 'max_iter': 10000, 'use_gpu': False}",-0.4407748923717185,0.5615480242205135,0.46078340731110295,0.028666822965190134,0.014586149376566422,0.9922923298315135,0.9845169984792955,0.120773131848795,0.9929200277380491,0.3153361835059625,0.8054079487149126,0.784836767021729
regressor,2d,svm,284,umap,5,42,0.5029448655606629,0.7447845479068389,0.5482787051641475,0.6869425494370223,0.8695309566035442,-0.1200464567230437,0.088138602887688,0.07448917665959058,"{'C': 389.26229401687766, 'kernel': 'rbf', 'gamma': 'scale', 'epsilon': 0.09986048128913683, 'max_iter': 10000, 'use_gpu': False}",-0.6508191206825769,0.7447845479068389,0.7560840844918746,0.09128447787101113,0.00882950151343809,0.9964786364137603,0.9910654959904607,0.09396542722426207,0.9955845751197614,0.5547040228007944,0.7438890622003803,0.7601810398397637
regressor,2d,svm,284,umap,3,42,0.4372390370978321,0.6333391685779959,0.536554567714262,0.8776978302283215,1.0972172020177489,-0.04716079328533196,0.26099465584901255,0.2880380168078981,"{'C': 12.324350103482061, 'kernel': 'rbf', 'gamma': 'scale', 'epsilon': 0.010335484678139798, 'max_iter': 10000, 'use_gpu': False}",-0.587060142026646,0.6333391685779959,1.2038855884036574,0.013582943454516399,0.0021417482985405427,0.9987721657572058,0.9975044427456541,0.046279026551349835,0.999401579626301,0.40111850245506714,0.7385005802397827,0.7304226789540429
regressor,2d,svm,284,umap,2,42,0.4436719395911238,0.6022619037435796,0.6096188029356294,1.0520534641864565,1.2489504114795615,-0.4025884016558088,0.23307540865098234,0.27885538800027493,"{'C': 126.53536832715642, 'kernel': 'sigmoid', 'gamma': 'auto', 'epsilon': 0.02099770005671751, 'max_iter': 10000, 'use_gpu': False}",-0.19866553668902148,0.6022619037435796,1.559877130334966,0.2283039950277841,0.1628900274996376,0.9062099045245631,0.8164597813757121,0.4035963670545581,0.917216919443635,0.3627194007008407,0.7812710647530144,0.7744179044313615
regressor,2d,svm,284,umap,4,42,0.4824196884314638,0.6658177572973724,0.4742996096275913,0.9446162973024208,1.1811291864698485,-0.3669174335777614,0.2115574196139795,0.20591180387798305,"{'C': 3.0860461136987647, 'kernel': 'poly', 'gamma': 'scale', 'epsilon': 0.019477902102718533, 'max_iter': 10000, 'use_gpu': False}",-0.4622779781156835,0.6658177572973724,1.395066155130926,0.06309524264913059,0.04142844170933067,0.977646028850062,0.9545335711791825,0.20353977918168886,0.9818083143562556,0.4433132859325027,0.7018481747399793,0.7029993087471558
regressor,2d,svm,284,umap,1,42,0.44558747897747963,0.6161042333057123,0.563230553837188,0.4728973407136163,0.5836648797751056,-0.08656806088534119,0.14354872622636308,0.12963341390148791,"{'C': 2.3199353400693776, 'kernel': 'rbf', 'gamma': 'scale', 'epsilon': 0.13876233230142315, 'max_iter': 10000, 'use_gpu': False}",-0.3095909114252084,0.6161042333057123,0.3406646918828885,0.1953205510842146,0.09395041649022137,0.9601003593045341,0.9127803389531383,0.3065133218805039,0.9654575410417794,0.3795844262972195,0.753347998494296,0.7586224003792429
regressor,2d,svm,284,time,5,42,0.4478905380813523,0.6486291275830524,0.5752516078953207,0.871285931647909,1.0998830639049981,0.07858820963547519,0.3902829821220857,0.4737868698104782,"{'C': 22.835518280858487, 'kernel': 'rbf', 'gamma': 'scale', 'epsilon': 0.010855557498968979, 'max_iter': 10000, 'use_gpu': False}",-0.6358737835533326,0.6486291275830524,1.2097427542650463,0.011011193998049762,0.00016269880131650894,0.9999232315615498,0.9998164142679145,0.012755344029719815,0.9998912907325759,0.42071974514915156,0.7627476234153706,0.7777101314638069
regressor,2d,svm,284,time,3,42,0.4912037676649114,0.6475363377945703,0.5245603167858581,0.7961144150519874,0.9901293264481162,0.20337324256610734,0.49885113248877916,0.5301992667957823,"{'C': 3.232488540783094, 'kernel': 'rbf', 'gamma': 'scale', 'epsilon': 0.062099743013578075, 'max_iter': 10000, 'use_gpu': False}",-0.46904216671421545,0.6475363377945703,0.9803560830926003,0.09186534496727229,0.031860169109662995,0.978716445630658,0.9541126363432467,0.17849417108035487,0.9864049193482569,0.4193033087644038,0.7318601218955916,0.733569519667344
regressor,2d,svm,284,time,2,42,0.34300709193394563,0.46113722181049605,0.6595220269490318,0.8231726095467258,1.0433100186730768,-0.0006483239382308881,0.33244025591090465,0.31771531407701376,"{'C': 125.29958286353116, 'kernel': 'poly', 'gamma': 'scale', 'epsilon': 0.1017754498770604, 'max_iter': 10000, 'use_gpu': False}",-0.36538120476813857,0.46113722181049605,1.088495795063616,0.09295455309126263,0.009169214799816257,0.9950600765048864,0.9874692283123406,0.09575601704235748,0.9935419476639787,0.2126475373391026,0.815622342936888,0.8651151369205234
regressor,2d,svm,284,time,4,42,0.38540507878069813,0.5585391889470508,0.6017676551143358,0.8392129793569578,1.019994908856865,0.2864957353472527,0.5686308404492332,0.5751189552786126,"{'C': 1.8243112244183404, 'kernel': 'rbf', 'gamma': 'scale', 'epsilon': 0.09567821997672389, 'max_iter': 10000, 'use_gpu': False}",-0.2607248036727777,0.5585391889470508,1.0403896140939244,0.17061457547621933,0.08869340807629317,0.9489247815903681,0.8908028816777427,0.29781438527427306,0.9576128884848827,0.3119660255896293,0.7802516860575806,0.8169550090480029
regressor,2d,svm,284,time,1,42,0.4634647439923356,0.6316064976850242,0.5744920554459766,0.8484070116980755,1.0645234686921783,-0.18917192091492074,0.29601762525169245,0.2760330908866431,"{'C': 14.75594330006073, 'kernel': 'poly', 'gamma': 'scale', 'epsilon': 0.05775870098879962, 'max_iter': 10000, 'use_gpu': False}",-0.5746348312672424,0.6316064976850242,1.1332102153964272,0.055064387456813586,0.003245770774419017,0.9983964281399408,0.9961376141254497,0.05697166641778189,0.9980844981708777,0.3989267679179425,0.7663708038573808,0.7183144269939322
regressor,2d,svm,284,butina,5,42,0.4082226926464774,0.5684941243819094,0.5976794278853967,0.7014417611135513,0.9087355426969299,0.12115155810394929,0.42782620163529445,0.40035543630794374,"{'C': 1.5623073736094952, 'kernel': 'poly', 'gamma': 'scale', 'epsilon': 0.03342060887738625, 'max_iter': 10000, 'use_gpu': False}",-0.26754829100643374,0.5684941243819094,0.8258002865606837,0.12748772673459424,0.09056839462605956,0.9552118861284984,0.9068190710497346,0.30094583337547565,0.9673653683483437,0.32318556945675386,0.7760748975052186,0.7880401124223801
regressor,2d,svm,284,butina,3,42,0.4522331072512006,0.6009236912972951,0.6363495032437134,0.688166111254039,0.9253689266759302,0.1673903619049013,0.5084762066581863,0.5522688210298988,"{'C': 16.81844930347092, 'kernel': 'rbf', 'gamma': 'scale', 'epsilon': 0.010016143949996972, 'max_iter': 10000, 'use_gpu': False}",-0.5747031809059416,0.6009236912972951,0.856307650457363,0.01117633876110305,0.000687515165183072,0.9996457035575267,0.9992547028059728,0.026220510391353407,0.9998239677093786,0.3611092827623668,0.7978426360391846,0.7842080177737254
regressor,2d,svm,284,butina,2,42,0.5277408346341497,0.7386283108758583,0.5498459718605849,0.5652233268899663,0.742351298136412,-0.13099175384008532,0.14480294121640766,0.10344856021582687,"{'C': 3.894701085263911, 'kernel': 'rbf', 'gamma': 'scale', 'epsilon': 0.23280427352535693, 'max_iter': 10000, 'use_gpu': False}",-0.4826281853536824,0.7386283108758583,0.5510854498448161,0.2144660934674273,0.06553606426736983,0.9732893721351995,0.9365143769714114,0.25600012552217594,0.9735211973616844,0.5455717816273237,0.7417974437283985,0.7606055836380847
regressor,2d,svm,284,butina,4,42,0.49995289822715683,0.6829938503782554,0.5187269992732504,0.7912493116069129,0.981227933474397,0.20992205349522053,0.6115736095865317,0.6494056205359954,"{'C': 414.3178371572349, 'kernel': 'rbf', 'gamma': 'scale', 'epsilon': 0.12473479454572266, 'max_iter': 10000, 'use_gpu': False}",-0.5669066325677227,0.6829938503782554,0.9628082574304355,0.11227313624747272,0.013476242138990081,0.9938977100003601,0.9846235091709225,0.11608721781053279,0.9923812140583532,0.46648059965451477,0.7206320766768053,0.7311364773641866
regressor,2d,svm,284,butina,1,42,0.3758185834849786,0.501726737272578,0.6901957649036305,0.71315627701141,0.8633676703195844,0.2637123759642894,0.5432901239373182,0.5378987815029513,"{'C': 70.5940581014342, 'kernel': 'poly', 'gamma': 'scale', 'epsilon': 0.27773450536758526, 'max_iter': 10000, 'use_gpu': False}",-0.2660293321275109,0.501726737272578,0.7454037341530665,0.2191420268191087,0.05555326679211792,0.9770775630692133,0.9413390046614544,0.23569740514506712,0.9705260534937608,0.25172971889418655,0.8356268291168271,0.8259340380764032
regressor,2d,svm,284,diverse_25,5,42,0.7939904990224254,0.983810079423418,0.18034789799994388,0.6903843315783427,0.9107180118297467,0.24724469893922885,0.5100204036321296,0.5285311548392316,"{'C': 1.9648483833181951, 'kernel': 'rbf', 'gamma': 'scale', 'epsilon': 0.09986048128913683, 'max_iter': 10000, 'use_gpu': False}",-0.7006205403825969,0.983810079423418,0.8294072970711266,0.16523045274576006,0.0801963150221527,0.97268060310587,0.9234820920619949,0.28318953904082106,0.9875887601770114,0.9678822723751122,0.4270903350837816,0.40374148321327924
regressor,2d,svm,284,diverse_25,3,42,0.9091336719739338,1.0990592587016184,0.15583739006827213,0.774157434479506,0.9429262383170216,0.12128697559542545,0.355403618748464,0.3563697097906869,"{'C': 1.2723803641465234, 'kernel': 'poly', 'gamma': 'scale', 'epsilon': 0.09384780883043138, 'max_iter': 10000, 'use_gpu': False}",-0.7475715021618137,1.0990592587016184,0.8891098909066886,0.1841469952750215,0.12354364299738498,0.9473266348516647,0.8778034630074708,0.35148775653980463,0.9687059122993084,1.2079312541377507,0.4122250944628922,0.3167211022727809
regressor,2d,svm,284,diverse_25,2,42,0.6873262483198442,0.8610482951907673,0.24615989650895231,0.7420821982419658,0.9166000254206164,0.19055808908146166,0.4652730289564658,0.30859635945267594,"{'C': 19.743986351348102, 'kernel': 'poly', 'gamma': 'scale', 'epsilon': 0.08349539063527553, 'max_iter': 10000, 'use_gpu': False}",-0.729934550833484,0.8610482951907673,0.8401556066010745,0.08849974601177861,0.017190813959387024,0.9942175855780291,0.9845755117893532,0.13111374435728324,0.9965774251480458,0.7414041666509267,0.5207104370528683,0.5376985744439678
regressor,2d,svm,284,diverse_25,4,42,0.8035863021036584,1.0409413646535244,-0.027236458627012405,0.7876240308546189,0.9456322124536422,0.1157208789993609,0.4664531968396281,0.4083042819248717,"{'C': 0.1577217618221107, 'kernel': 'poly', 'gamma': 'scale', 'epsilon': 0.07816812487960494, 'max_iter': 10000, 'use_gpu': False}",-0.1768109965287703,1.0409413646535244,0.8942202812299702,0.648348038970986,0.746721293115423,0.7735696730867988,0.31178463177006566,0.8641303681247541,0.8416566755658295,1.0835589246467416,0.32929811900411055,0.3354232623939471
regressor,2d,svm,284,diverse_25,1,42,0.7416021051346734,0.9557206942761107,0.08774818772609105,0.7870667231809368,1.0836769878839954,-0.0033636960685663464,0.403738115381283,0.4432151468266345,"{'C': 318.84545419919493, 'kernel': 'poly', 'gamma': 'scale', 'epsilon': 0.03882369139763941, 'max_iter': 10000, 'use_gpu': False}",-0.9174621476800289,0.9557206942761107,1.174355814069329,0.03792176666246296,0.0014637163876445678,0.9996944359392916,0.9986092716497749,0.03825854659608187,0.9995254089802312,0.9134020454676112,0.3404924479786381,0.3142425164500964
regressor,2d,svm,4005,scaffold,5,42,0.42862716451679483,0.5889774694441965,0.680822555757548,0.5584559132014983,0.7781080562787642,0.48743312717096665,0.7087422492451809,0.6225964635147421,"{'C': 3.0674745637636187, 'kernel': 'poly', 'gamma': 'scale', 'epsilon': 0.01363811988621363, 'max_iter': 10000, 'use_gpu': False}",-0.47598678564388497,0.5889774694441965,0.6054521472459166,0.03996695988566878,0.012766894625661973,0.9948700037569871,0.9893853275977057,0.11299068380031149,0.9954332176448129,0.34689445951288944,0.8256663653107377,0.8217968547180845
regressor,2d,svm,4005,scaffold,3,42,0.4462828745384595,0.6358408907936203,0.6791026630875996,0.5020778020112326,0.6551494169479064,0.6506539931019919,0.8087548332595206,0.7701316685103553,"{'C': 4.376278817492795, 'kernel': 'rbf', 'gamma': 'scale', 'epsilon': 0.013533381784768338, 'max_iter': 10000, 'use_gpu': False}",-0.5183187987803964,0.6358408907936203,0.42922075852718167,0.03560073371193672,0.013811442111164656,0.9941544239605984,0.9880818571269987,0.11752209201322386,0.9944912877060718,0.4042936384052245,0.8241428495068854,0.8362431248076496
regressor,2d,svm,4005,scaffold,2,42,0.448551151073216,0.5946759798397344,0.7134062452090912,0.4659944486124582,0.5885146923149759,0.6903855452563064,0.8315116975341328,0.8250394330609537,"{'C': 12.9745970507863, 'kernel': 'poly', 'gamma': 'scale', 'epsilon': 0.035771205772595495, 'max_iter': 10000, 'use_gpu': False}",-0.5545033555080507,0.5946759798397344,0.34634954307059074,0.03617525828464524,0.001613839745694584,0.9994353880703641,0.9986510061395474,0.040172624331683685,0.9993368976979007,0.35363952099834817,0.8463147652809975,0.8217203587851208
regressor,2d,svm,4005,scaffold,4,42,0.43540729401420303,0.5677635981488788,0.7020079165625912,0.5665134384579589,0.7456117724588641,0.5509239537121593,0.7457116962286718,0.7413994799944503,"{'C': 47.50246767944058, 'kernel': 'rbf', 'gamma': 'scale', 'epsilon': 0.011225174401693691, 'max_iter': 10000, 'use_gpu': False}",-0.5565591924922522,0.5677635981488788,0.555936915229249,0.01116343633679747,0.00012553870611824552,0.999956955173312,0.9998942772703616,0.011204405656626571,0.999937865817505,0.3223555033829615,0.8388398115863895,0.8165385816643523
regressor,2d,svm,4005,scaffold,1,42,0.3924279677296751,0.5327253875255148,0.7767423598069765,0.5593481670715026,0.6944456320720942,0.5732589257614569,0.7685314945271384,0.7723500573660607,"{'C': 1.500763539864327, 'kernel': 'poly', 'gamma': 'scale', 'epsilon': 0.02709945834150524, 'max_iter': 10000, 'use_gpu': False}",-0.2867535343144877,0.5327253875255148,0.4822547359040104,0.1088524631833332,0.06050215257206708,0.9757624101106744,0.94944753864288,0.24597185321102713,0.9774736068784883,0.28379633851420993,0.8835735808264366,0.867934831918771
regressor,2d,svm,4005,random,5,42,0.43880874798098984,0.580864125351575,0.7200185070312857,0.4533886200506336,0.6109390963685735,0.6777339407378249,0.8241102911785736,0.8209263598334461,"{'C': 4.007330260485738, 'kernel': 'poly', 'gamma': 'scale', 'epsilon': 0.010326231406921108, 'max_iter': 10000, 'use_gpu': False}",-0.4760110631999283,0.580864125351575,0.3732465794716491,0.03043500681376017,0.010994164642577074,0.9955217298808448,0.9907665089444571,0.10485306215164665,0.9960799659883887,0.33740313212045014,0.8499786293947373,0.8305818699253024
regressor,2d,svm,4005,random,3,42,0.38569738902078504,0.5641307076324282,0.7343951842443384,0.45842583353647187,0.6037909340243557,0.6846593200087214,0.8274882000896471,0.8022683158326925,"{'C': 12.185089520339583, 'kernel': 'rbf', 'gamma': 'scale', 'epsilon': 0.07607720856993655, 'max_iter': 10000, 'use_gpu': False}",-0.4859345529380919,0.5641307076324282,0.3645634920100038,0.07303605637063214,0.00611463860898058,0.9978673627696092,0.9948955841684095,0.07819615469433634,0.9976832232351942,0.31824345529386416,0.8602390674369026,0.8750283937430043
regressor,2d,svm,4005,random,2,42,0.45640584763796577,0.6180140873180195,0.6989611412653048,0.4153986674659016,0.5611286591938754,0.7375649467338492,0.8592066012783093,0.8415791070498115,"{'C': 5.335699781042076, 'kernel': 'rbf', 'gamma': 'scale', 'epsilon': 0.011595501582576774, 'max_iter': 10000, 'use_gpu': False}",-0.5085079899446011,0.6180140873180195,0.31486537216871646,0.0298023284921087,0.011991585361956592,0.9949864626049855,0.9898220767506206,0.1095060973734184,0.9952573280465713,0.3819414121235247,0.8397146986710498,0.8513290109980715
regressor,2d,svm,4005,random,4,42,0.41191516021743463,0.5735020858369638,0.6954470689667359,0.41604377864190223,0.5524746320644932,0.7578035949307852,0.8762388859265762,0.870283238276057,"{'C': 9.622408045916844, 'kernel': 'poly', 'gamma': 'scale', 'epsilon': 0.20257223663255508, 'max_iter': 10000, 'use_gpu': False}",-0.3905432050008005,0.5735020858369638,0.30522821907479714,0.17467854878142788,0.033473952076821425,0.9891307322811068,0.9716640971157416,0.18295888083616335,0.9883945208431995,0.32890464245934825,0.8357344352516747,0.8035400193614294
regressor,2d,svm,4005,random,1,42,0.451622092482867,0.609891745851743,0.6992000335412325,0.4420955475593978,0.6038803871396139,0.6837535458773556,0.8278701414809815,0.8283186691477297,"{'C': 3.126093033469822, 'kernel': 'rbf', 'gamma': 'scale', 'epsilon': 0.026992995418287976, 'max_iter': 10000, 'use_gpu': False}",-0.443222247774208,0.609891745851743,0.3646715219718899,0.06698974640300487,0.02777872158941744,0.9887309013956713,0.9766994827768789,0.166669498077535,0.9886071727336856,0.37196794165808705,0.836711120152974,0.7848572238593466
regressor,2d,svm,4005,umap,5,42,0.38852646127452717,0.482906967441056,0.8431137824942321,0.7506987947970628,0.9221271320013367,0.186846940861625,0.44708788381725717,0.387402169274655,"{'C': 4.089586006512936, 'kernel': 'rbf', 'gamma': 'scale', 'epsilon': 0.05881736948855854, 'max_iter': 10000, 'use_gpu': False}",-0.3640756450302087,0.482906967441056,0.8503184475730106,0.07320477314087928,0.014120883185910732,0.9944630604787758,0.9880022720022271,0.11883132241084726,0.9946135860912921,0.2331991392031171,0.9207435150559256,0.9064585717526301
regressor,2d,svm,4005,umap,3,42,0.4009570957672669,0.501947602875065,0.7575936041025265,0.7870163393549638,0.9091486583065336,0.050394591669081445,0.2734579046724042,0.10695605794306558,"{'C': 8.598536869709424, 'kernel': 'rbf', 'gamma': 'scale', 'epsilon': 0.15046186388702446, 'max_iter': 10000, 'use_gpu': False}",-0.3575389265825418,0.501947602875065,0.8265512829005701,0.1346181274866743,0.020853865788558756,0.9931637472882504,0.9830706062022724,0.1444086762925232,0.9926068157333722,0.25195139603202393,0.8722324963836177,0.8681040124508252
regressor,2d,svm,4005,umap,2,42,0.42373717319452286,0.5573031246642199,0.7324841312489774,0.7233919615653297,0.8779399832084264,0.028161684593737135,0.1842884327226544,0.09597577109165782,"{'C': 9.902263426202072, 'kernel': 'poly', 'gamma': 'scale', 'epsilon': 0.35178475558684025, 'max_iter': 10000, 'use_gpu': False}",-0.2689973198226904,0.5573031246642199,0.7707786141160119,0.26602130368562804,0.08312023710532213,0.9735230772315668,0.9333498380303437,0.28830580484152957,0.9728465941531264,0.3105867727605031,0.8581393141242308,0.8535710756025451
regressor,2d,svm,4005,umap,4,42,0.4462994361324597,0.5798186282823583,0.6753189978657652,0.976805645709923,1.2137547427754147,-0.9505567259818921,0.20411314434599467,0.2040995853086441,"{'C': 87.312191371594, 'kernel': 'poly', 'gamma': 'scale', 'epsilon': 0.1502878111280644, 'max_iter': 10000, 'use_gpu': False}",-0.4428359528241408,0.5798186282823583,1.4732005756098134,0.1312888926232648,0.018764253375691344,0.9931692202342487,0.9819531338303908,0.13698267545821752,0.9922541821667087,0.33618964170323556,0.83250104940892,0.7984657815881381
regressor,2d,svm,4005,umap,1,42,0.47979620822617913,0.6432853864581952,0.6472144683410141,0.7021033639071026,0.9067759171340067,0.30459408515987463,0.6064598188742637,0.5387086155351949,"{'C': 899.3231874574167, 'kernel': 'poly', 'gamma': 'scale', 'epsilon': 0.08963751984222226, 'max_iter': 10000, 'use_gpu': False}",-0.5563067357170286,0.6432853864581952,0.8222425638942191,0.08358871214393515,0.007565285684753838,0.9973841025914943,0.9936497269633306,0.08697865074116659,0.9971764345627003,0.41381608843066964,0.8076775613618192,0.762963105951358
regressor,2d,svm,4005,time,5,42,0.42002377718446104,0.5813124295551428,0.7487506263938519,0.7003873603826583,0.8859565246420427,0.4175915851181977,0.7216224446386637,0.718214517553701,"{'C': 7.938534651012161, 'kernel': 'poly', 'gamma': 'scale', 'epsilon': 0.013932171667928884, 'max_iter': 10000, 'use_gpu': False}",-0.5546725020412612,0.5813124295551428,0.7849189635558064,0.015420300966354999,0.0007096857379448713,0.999708406659689,0.9993632426307104,0.026639927513881702,0.9997382420708238,0.3379241407553029,0.8692413551972071,0.862615224629102
regressor,2d,svm,4005,time,3,42,0.4358868753383024,0.6454634637786646,0.6480857288681489,0.7520622357300187,0.9156780377703017,0.37978853832992976,0.6464332162424146,0.6345387300423192,"{'C': 3.7636831895983835, 'kernel': 'rbf', 'gamma': 'scale', 'epsilon': 0.10490457078080657, 'max_iter': 10000, 'use_gpu': False}",-0.47674528668227,0.6454634637786646,0.83846626885487,0.11693487587682733,0.02846582328273036,0.9877582883324288,0.972066445791626,0.16871817709639456,0.9870411530483174,0.41662308307315143,0.8057612396898683,0.7975871842297635
regressor,2d,svm,4005,time,2,42,0.43402101063797893,0.551800790576735,0.5989682977215455,0.9435400199545824,1.1941045894638989,-0.09347856695857737,0.38021837526453084,0.3591165246298525,"{'C': 160.655930036153, 'kernel': 'rbf', 'gamma': 'auto', 'epsilon': 0.11460165816781469, 'max_iter': 10000, 'use_gpu': False}",-0.27455230919009505,0.551800790576735,1.4258857705787462,0.17649490539463014,0.07686672043119806,0.9629351826731797,0.9228633593685994,0.27724848138664,0.9629102845803992,0.30448411248110974,0.7762933220452695,0.7755733503792456
regressor,2d,svm,4005,time,4,42,0.4585590870745052,0.6108308871424482,0.6084218947052475,0.7798292141743203,0.9626438769733754,0.3305036094306,0.6574485816973675,0.6357962793540559,"{'C': 30.301134434631606, 'kernel': 'poly', 'gamma': 'scale', 'epsilon': 0.013190206516977478, 'max_iter': 10000, 'use_gpu': False}",-0.597690002736039,0.6108308871424482,0.9266832338743312,0.013101468461734706,0.00017268284298260585,0.9999385888639014,0.9998409020267552,0.013140884406409101,0.9999016629496084,0.3731143726872303,0.7809211991934728,0.7627497932590828
regressor,2d,svm,4005,time,1,42,0.38425706644335667,0.5089913580636067,0.702106252764382,0.8947221294926125,1.1438366395669592,-0.05188457067245533,0.24572500119438603,0.2698005180343472,"{'C': 953.8257573540069, 'kernel': 'rbf', 'gamma': 'scale', 'epsilon': 0.012363780135412766, 'max_iter': 10000, 'use_gpu': False}",-0.4966391287335031,0.5089913580636067,1.3083622580158336,0.012319093839894204,0.00015257756942347323,0.9999443870630504,0.9998521465143988,0.012352229330103664,0.9998885767251305,0.2590722025834348,0.8462780310618432,0.8118993928238012
regressor,2d,svm,4005,butina,5,42,0.4239710060697112,0.5517076474243464,0.7631350023719004,0.7490664294898929,0.9379835923570864,0.1210690218236069,0.5371072476931198,0.47148439244364254,"{'C': 633.1947712261812, 'kernel': 'poly', 'gamma': 'scale', 'epsilon': 0.010084910989230204, 'max_iter': 10000, 'use_gpu': False}",-0.5276030502824341,0.5517076474243464,0.8798132195311049,0.011517668953243273,0.0005810316033738847,0.9997704268260407,0.999526841693358,0.024104597141912258,0.999738645640777,0.304381328226507,0.8741372482054552,0.853412853584859
regressor,2d,svm,4005,butina,3,42,0.45431955730371826,0.6112026694222514,0.7227562826802969,0.6937752159741828,0.9149845394876189,0.1953127684733812,0.5180343027696069,0.5059243160005674,"{'C': 26.933437765115748, 'kernel': 'rbf', 'gamma': 'scale', 'epsilon': 0.0993840874905603, 'max_iter': 10000, 'use_gpu': False}",-0.517522492585134,0.6112026694222514,0.8371967075013701,0.09051322640524694,0.008775975532233592,0.9971274180598515,0.9927526641577111,0.09368017683711742,0.9967558974037118,0.37356870310888596,0.857237804598699,0.8490745168090614
regressor,2d,svm,4005,butina,2,42,0.4235420343426827,0.5390624632232858,0.7330343097293257,0.6271578316931815,0.7883583187254463,0.3344670040999119,0.5808882890712959,0.5248601068247317,"{'C': 946.8351643130707, 'kernel': 'rbf', 'gamma': 'scale', 'epsilon': 0.013662569274869286, 'max_iter': 10000, 'use_gpu': False}",-0.5161578277797169,0.5390624632232858,0.6215088387036124,0.014829584032202555,0.000524622324802793,0.9998027616795265,0.999576163168607,0.022904635443568907,0.9997478924424392,0.2905883392563563,0.8640448639779723,0.8720325969983457
regressor,2d,svm,4005,butina,4,42,0.40799224393820815,0.5481986666532687,0.7511595626582053,0.6048569481659923,0.7362499658650096,0.11512720879751526,0.4879889557864171,0.5226777593982588,"{'C': 251.18333559611187, 'kernel': 'rbf', 'gamma': 'scale', 'epsilon': 0.010013287037618364, 'max_iter': 10000, 'use_gpu': False}",-0.527755403054433,0.5481986666532687,0.5420640122362277,0.01108604691845268,0.0004179270265714792,0.9998444943209777,0.9996759808920447,0.02044326359883566,0.9997957345431313,0.30052177812042163,0.8710316501715872,0.8815152634399142
regressor,2d,svm,4005,butina,1,42,0.44902765662036453,0.5815416388621697,0.5904018759869976,1.083782311638048,1.2761753404911367,0.06711675934045569,0.5027773480362521,0.5385703851897902,"{'C': 2.066448120498597, 'kernel': 'rbf', 'gamma': 'scale', 'epsilon': 0.029254579143063345, 'max_iter': 10000, 'use_gpu': False}",-0.3355144667648923,0.5815416388621697,1.6286234996776687,0.1069061244071844,0.06052936941018334,0.9692408894780925,0.9360556611483296,0.24602717209727737,0.9734495540308774,0.3381906777304982,0.7695677884960029,0.7543003223536441
regressor,2d,svm,4005,diverse_25,5,42,0.5917204834562569,0.704756796239111,0.3141278231174751,0.7501020788507252,0.9103291647757827,0.30526460159047053,0.5553175126377822,0.5093728249553083,"{'C': 374.0031868582115, 'kernel': 'poly', 'gamma': 'scale', 'epsilon': 0.010047125351199724, 'max_iter': 10000, 'use_gpu': False}",-0.6947185973181271,0.704756796239111,0.8286991882413741,0.010026111448535147,0.00010076543757724132,0.9999825417881781,0.9999124026718927,0.01003819892098385,0.9999408883927596,0.49668214184521586,0.6233155325144223,0.4879627135561371
regressor,2d,svm,4005,diverse_25,3,42,0.7033612125946369,0.8560426620088024,0.3778154444206149,0.7081817763986251,0.8710219993970169,0.16423343623668052,0.4412949050742001,0.4038886240412632,"{'C': 3.8043818855608516, 'kernel': 'rbf', 'gamma': 'scale', 'epsilon': 0.21380639144312338, 'max_iter': 10000, 'use_gpu': False}",-0.6489727398224993,0.8560426620088024,0.7586793234335769,0.19455370807161704,0.04287795267424164,0.9916736799440449,0.9624462944978782,0.20706992218630316,0.9918344579307864,0.7328090391791168,0.6348885899455172,0.5910407239819004
regressor,2d,svm,4005,diverse_25,2,42,0.7479013156690868,0.8583361800594062,0.2209280163188564,0.7363092176780845,0.9606616273301533,0.1685147878224793,0.43010705385788645,0.45019982558883326,"{'C': 3.31062990408797, 'kernel': 'poly', 'gamma': 'scale', 'epsilon': 0.023633340671974656, 'max_iter': 10000, 'use_gpu': False}",-0.7398867088810321,0.8583361800594062,0.9228707622246182,0.04185184322701038,0.01403027722243646,0.9945889424945156,0.9876501757651384,0.11844947117837404,0.9973887562664275,0.7367409979989733,0.4861597540255135,0.3786682362729329
regressor,2d,svm,4005,diverse_25,4,42,0.5416115163511392,0.6660441763404582,0.22576482499190242,0.7943520491336064,0.9308190815252814,0.3577815776051242,0.6653619250328789,0.6361432487767821,"{'C': 32.305532901777184, 'kernel': 'poly', 'gamma': 'scale', 'epsilon': 0.043010039400287775, 'max_iter': 10000, 'use_gpu': False}",-0.6235935389269815,0.6660441763404582,0.8664241625315684,0.042197165739685544,0.0018020566168104623,0.9996715985666164,0.9984291170726516,0.042450637413476634,0.9994521104395725,0.44361484483703933,0.5301828730675673,0.46021223265962324
regressor,2d,svm,4005,diverse_25,1,42,0.8209948186363478,1.0467563760896959,0.15189836463100004,0.7077009492014673,0.850239821588976,0.2276453653071422,0.47955187110537434,0.4077576693287543,"{'C': 52.1712128248901, 'kernel': 'rbf', 'gamma': 'scale', 'epsilon': 0.12346513256971231, 'max_iter': 10000, 'use_gpu': False}",-0.9258323809741076,1.0467563760896959,0.7229077542156538,0.11975852677631414,0.014622612594714802,0.9962739268217454,0.986753572234179,0.12092399511558821,0.9951180661715875,1.0956989108844328,0.48235008052012385,0.458879160279442
