split,metric,test,left,right,n_folds,mean_diff,sd_diff,right_wins,p_raw,p_holm
random,mae,t,knn,lgbm,50,-0.012558782236854124,0.0356466748950804,0.36,0.01616551008095361,0.22631713015706653
random,mae,t,knn,chemeleon,50,-0.03725216889292227,0.038911756457812044,0.12,1.5098500772043785e-08,3.925610200731384e-07
random,mae,t,knn,monroe35,50,-0.06027496624177711,0.03830748233376819,0.0,5.181873212172736e-15,1.6581993103281117e-13
random,mae,t,knn,median,50,0.3789369428178499,0.0884479388120429,1.0,2.1626163319752166e-33,1.0813081659876082e-31
random,mae,t,knn,pub_knn,50,6.986327405478222e-11,1.2621409511212709e-09,0.54,1.0,1.0
random,mae,t,knn,pub_svm,50,-0.029609269327230736,0.03320501955190698,0.18,7.904324680118767e-08,1.8179946542464231e-06
random,mae,t,knn,pub_rf,50,-0.012742677596031418,0.022361599222670156,0.3,0.00019438450517964074,0.003110151692269389
random,mae,t,knn,pub_xgboost,50,-0.010711879039602001,0.03428988473207218,0.34,0.03188530957801424,0.38262371002717627
random,mae,t,knn,pub_mlp,50,-0.007816123041759122,0.03397357869924791,0.5,0.11019347532323291,0.9917412409207625
random,mae,t,knn,pub_gnn,50,0.09480035575901452,0.05245390496723143,0.98,3.2188841396411645e-17,1.1909871316672309e-15
random,mae,t,lgbm,chemeleon,50,-0.024693386656068145,0.02605406804411397,0.1,1.9225282208403257e-08,4.614067730016782e-07
random,mae,t,lgbm,monroe35,50,-0.04771618400492298,0.02312612681267813,0.02,1.8397245668416157e-19,6.99095335399814e-18
random,mae,t,lgbm,median,50,0.39149572505470404,0.09142988273371302,1.0,2.219074923963205e-33,1.0813081659876082e-31
random,mae,t,lgbm,pub_knn,50,0.012558782306717397,0.03564667481476323,0.64,0.016165509296933323,0.22631713015706653
random,mae,t,lgbm,pub_svm,50,-0.017050487090376612,0.020480330740137834,0.18,3.494404914553029e-07,6.988809829106058e-06
random,mae,t,lgbm,pub_rf,50,-0.00018389535917729405,0.025948477851296243,0.42,0.9602366590422694,1.0
random,mae,t,lgbm,pub_xgboost,50,0.00184690319725212,0.02419083494332188,0.46,0.5917411903453641,1.0
random,mae,t,lgbm,pub_mlp,50,0.004742659195095003,0.031193141417626295,0.56,0.28759659658000974,1.0
random,mae,t,lgbm,pub_gnn,50,0.10735913799586864,0.04467871345531693,0.98,3.532066521442749e-22,1.4481472737915273e-20
random,mae,t,chemeleon,monroe35,50,-0.02302279734885484,0.02189003319596283,0.12,1.3998725696900498e-09,4.059630452101144e-08
random,mae,t,chemeleon,median,50,0.4161891117107721,0.0916156269143754,1.0,1.4026453077576396e-34,7.293755600339726e-33
random,mae,t,chemeleon,pub_knn,50,0.03725216896278554,0.03891175656899852,0.88,1.509850113022898e-08,3.925610200731384e-07
random,mae,t,chemeleon,pub_svm,50,0.007642899565691534,0.025857362318270075,0.56,0.04182405231115493,0.4182405231115493
random,mae,t,chemeleon,pub_rf,50,0.02450949129689085,0.031581425868747924,0.74,1.4255184313038123e-06,2.5659331763468622e-05
random,mae,t,chemeleon,pub_xgboost,50,0.026540289853320263,0.026945319293278012,0.86,7.521662041820218e-09,2.106065371709661e-07
random,mae,t,chemeleon,pub_mlp,50,0.02943604585116314,0.03542381964325593,0.78,3.6337212838793145e-07,6.988809829106058e-06
random,mae,t,chemeleon,pub_gnn,50,0.13205252465193676,0.04428812746884628,1.0,3.1644073221971075e-26,1.3923392217667272e-24
random,mae,t,monroe35,median,50,0.439211909059627,0.08783096510778207,1.0,1.5358854954021194e-36,8.447370224711656e-35
random,mae,t,monroe35,pub_knn,50,0.06027496631164038,0.038307482301387044,1.0,5.181872844775349e-15,1.6581993103281117e-13
random,mae,t,monroe35,pub_svm,50,0.03066569691454637,0.021367371598368396,0.92,1.2327333251024305e-13,3.698199975307292e-12
random,mae,t,monroe35,pub_rf,50,0.047532288645745685,0.02712047096855152,1.0,1.0231168497742445e-16,3.580908974209856e-15
random,mae,t,monroe35,pub_xgboost,50,0.0495630872021751,0.028607436210533153,0.98,1.5730956928174394e-16,5.348525355579294e-15
random,mae,t,monroe35,pub_mlp,50,0.052458843200017986,0.031786933148908174,0.98,9.379055875217867e-16,3.095088438821896e-14
random,mae,t,monroe35,pub_gnn,50,0.1550753220007916,0.039736401245050006,1.0,1.632234955307675e-31,7.508280794415305e-30
random,mae,t,median,pub_knn,50,-0.3789369427479866,0.08844793892036701,0.0,2.162616473873688e-33,1.0813081659876082e-31
random,mae,t,median,pub_svm,50,-0.4085462121450805,0.08939181738760325,0.0,1.05714656809486e-34,5.602876810902758e-33
random,mae,t,median,pub_rf,50,-0.39167962041388116,0.0854599215675221,0.0,9.262697932858529e-35,5.0018568837436054e-33
random,mae,t,median,pub_xgboost,50,-0.3896488218574518,0.09420194647394013,0.0,1.10805778021285e-32,5.207871567000395e-31
random,mae,t,median,pub_mlp,50,-0.3867530658596089,0.0862803864829525,0.0,2.6201659459649057e-34,1.3362846324421018e-32
random,mae,t,median,pub_gnn,50,-0.2841365870588353,0.08648529981727562,0.0,4.172658316186973e-28,1.877696242284138e-26
random,mae,t,pub_knn,pub_svm,50,-0.02960926939709401,0.03320501961221459,0.18,7.9043245836801e-08,1.8179946542464231e-06
random,mae,t,pub_knn,pub_rf,50,-0.012742677665894693,0.022361599126758155,0.3,0.00019438448076683682,0.003110151692269389
random,mae,t,pub_knn,pub_xgboost,50,-0.01071187910946528,0.03428988486986187,0.34,0.031885309168931356,0.38262371002717627
random,mae,t,pub_knn,pub_mlp,50,-0.007816123111622395,0.03397357860017811,0.5,0.11019347121341806,0.9917412409207625
random,mae,t,pub_knn,pub_gnn,50,0.09480035568915124,0.05245390499037271,0.98,3.218884283408502e-17,1.1909871316672309e-15
random,mae,t,pub_svm,pub_rf,50,0.016866591731199313,0.02379606125341399,0.78,7.425175085966119e-06,0.00012622797646142403
random,mae,t,pub_svm,pub_xgboost,50,0.01889739028762873,0.019255251367602415,0.86,8.22698522569351e-09,2.2212860109372478e-07
random,mae,t,pub_svm,pub_mlp,50,0.021793146285471618,0.02478221188920216,0.82,1.0779475146808177e-07,2.2636897808297173e-06
random,mae,t,pub_svm,pub_gnn,50,0.12440962508624526,0.042639232369666914,1.0,8.237976525100526e-26,3.542329905793226e-24
random,mae,t,pub_rf,pub_xgboost,50,0.002030798556429414,0.023377453476314307,0.5,0.5418830043139413,1.0
random,mae,t,pub_rf,pub_mlp,50,0.004926554554272298,0.02624221431374674,0.66,0.19050194420071256,1.0
random,mae,t,pub_rf,pub_gnn,50,0.10754303335504595,0.04344673528021039,1.0,1.0096413733377499e-22,4.24049376801855e-21
random,mae,t,pub_xgboost,pub_mlp,50,0.0028957559978428837,0.030856447169927345,0.5,0.510061818414798,1.0
random,mae,t,pub_xgboost,pub_gnn,50,0.10551223479861653,0.04734708507171507,0.98,8.09736144664678e-21,3.238944578658712e-19
random,mae,t,pub_mlp,pub_gnn,50,0.10261647880077363,0.047169644268543656,1.0,2.1685498272461103e-20,8.45734432625983e-19
random,mae,wilcoxon,knn,lgbm,50,-0.012558782236854124,0.0356466748950804,0.36,0.016637745581261854,0.19965294697514224
random,mae,wilcoxon,knn,chemeleon,50,-0.03725216889292227,0.038911756457812044,0.12,3.8819791825517314e-10,1.1257739629400021e-08
random,mae,wilcoxon,knn,monroe35,50,-0.06027496624177711,0.03830748233376819,0.0,1.7763568394002505e-15,9.769962616701378e-14
random,mae,wilcoxon,knn,median,50,0.3789369428178499,0.0884479388120429,1.0,1.7763568394002505e-15,9.769962616701378e-14
random,mae,wilcoxon,knn,pub_knn,50,6.986327405478222e-11,1.2621409511212709e-09,0.54,1.0,1.0
random,mae,wilcoxon,knn,pub_svm,50,-0.029609269327230736,0.03320501955190698,0.18,1.370373858833318e-08,3.1518598753166316e-07
random,mae,wilcoxon,knn,pub_rf,50,-0.012742677596031418,0.022361599222670156,0.3,0.00017022784864551,0.00272364557832816
random,mae,wilcoxon,knn,pub_xgboost,50,-0.010711879039602001,0.03428988473207218,0.34,0.010879562807692977,0.15231387930770168
random,mae,wilcoxon,knn,pub_mlp,50,-0.007816123041759122,0.03397357869924791,0.5,0.2571237847552261,1.0
random,mae,wilcoxon,knn,pub_gnn,50,0.09480035575901452,0.05245390496723143,0.98,2.4868995751603507e-14,7.958078640513122e-13
random,mae,wilcoxon,lgbm,chemeleon,50,-0.024693386656068145,0.02605406804411397,0.1,2.81308842886574e-09,7.595338757937498e-08
random,mae,wilcoxon,lgbm,monroe35,50,-0.04771618400492298,0.02312612681267813,0.02,3.552713678800501e-15,1.3145040611561853e-13
random,mae,wilcoxon,lgbm,median,50,0.39149572505470404,0.09142988273371302,1.0,1.7763568394002505e-15,9.769962616701378e-14
random,mae,wilcoxon,lgbm,pub_knn,50,0.012558782306717397,0.03564667481476323,0.64,0.016637745581261854,0.19965294697514224
random,mae,wilcoxon,lgbm,pub_svm,50,-0.017050487090376612,0.020480330740137834,0.18,5.951474850718341e-07,1.1307802216364848e-05
random,mae,wilcoxon,lgbm,pub_rf,50,-0.00018389535917729405,0.025948477851296243,0.42,0.5786292137562761,1.0
random,mae,wilcoxon,lgbm,pub_xgboost,50,0.00184690319725212,0.02419083494332188,0.46,0.9389922173111831,1.0
random,mae,wilcoxon,lgbm,pub_mlp,50,0.004742659195095003,0.031193141417626295,0.56,0.34720687274462314,1.0
random,mae,wilcoxon,lgbm,pub_gnn,50,0.10735913799586864,0.04467871345531693,0.98,3.552713678800501e-15,1.3145040611561853e-13
random,mae,wilcoxon,chemeleon,monroe35,50,-0.02302279734885484,0.02189003319596283,0.12,8.970399534291573e-09,2.1528958882299776e-07
random,mae,wilcoxon,chemeleon,median,50,0.4161891117107721,0.0916156269143754,1.0,1.7763568394002505e-15,9.769962616701378e-14
random,mae,wilcoxon,chemeleon,pub_knn,50,0.03725216896278554,0.03891175656899852,0.88,3.8819791825517314e-10,1.1257739629400021e-08
random,mae,wilcoxon,chemeleon,pub_svm,50,0.007642899565691534,0.025857362318270075,0.56,0.09130577606126522,0.9130577606126522
random,mae,wilcoxon,chemeleon,pub_rf,50,0.02450949129689085,0.031581425868747924,0.74,9.979758868183808e-07,1.7963565962730854e-05
random,mae,wilcoxon,chemeleon,pub_xgboost,50,0.026540289853320263,0.026945319293278012,0.86,4.057499225496031e-09,1.054949798628968e-07
random,mae,wilcoxon,chemeleon,pub_mlp,50,0.02943604585116314,0.03542381964325593,0.78,2.649707155910619e-07,5.299414311821238e-06
random,mae,wilcoxon,chemeleon,pub_gnn,50,0.13205252465193676,0.04428812746884628,1.0,1.7763568394002505e-15,9.769962616701378e-14
random,mae,wilcoxon,monroe35,median,50,0.439211909059627,0.08783096510778207,1.0,1.7763568394002505e-15,9.769962616701378e-14
random,mae,wilcoxon,monroe35,pub_knn,50,0.06027496631164038,0.038307482301387044,1.0,1.7763568394002505e-15,9.769962616701378e-14
random,mae,wilcoxon,monroe35,pub_svm,50,0.03066569691454637,0.021367371598368396,0.92,3.0890845437170356e-12,9.267253631151107e-11
random,mae,wilcoxon,monroe35,pub_rf,50,0.047532288645745685,0.02712047096855152,1.0,1.7763568394002505e-15,9.769962616701378e-14
random,mae,wilcoxon,monroe35,pub_xgboost,50,0.0495630872021751,0.028607436210533153,0.98,5.329070518200751e-15,1.865174681370263e-13
random,mae,wilcoxon,monroe35,pub_mlp,50,0.052458843200017986,0.031786933148908174,0.98,5.329070518200751e-15,1.865174681370263e-13
random,mae,wilcoxon,monroe35,pub_gnn,50,0.1550753220007916,0.039736401245050006,1.0,1.7763568394002505e-15,9.769962616701378e-14
random,mae,wilcoxon,median,pub_knn,50,-0.3789369427479866,0.08844793892036701,0.0,1.7763568394002505e-15,9.769962616701378e-14
random,mae,wilcoxon,median,pub_svm,50,-0.4085462121450805,0.08939181738760325,0.0,1.7763568394002505e-15,9.769962616701378e-14
random,mae,wilcoxon,median,pub_rf,50,-0.39167962041388116,0.0854599215675221,0.0,1.7763568394002505e-15,9.769962616701378e-14
random,mae,wilcoxon,median,pub_xgboost,50,-0.3896488218574518,0.09420194647394013,0.0,1.7763568394002505e-15,9.769962616701378e-14
random,mae,wilcoxon,median,pub_mlp,50,-0.3867530658596089,0.0862803864829525,0.0,1.7763568394002505e-15,9.769962616701378e-14
random,mae,wilcoxon,median,pub_gnn,50,-0.2841365870588353,0.08648529981727562,0.0,1.7763568394002505e-15,9.769962616701378e-14
random,mae,wilcoxon,pub_knn,pub_svm,50,-0.02960926939709401,0.03320501961221459,0.18,1.370373858833318e-08,3.1518598753166316e-07
random,mae,wilcoxon,pub_knn,pub_rf,50,-0.012742677665894693,0.022361599126758155,0.3,0.00017022784864551,0.00272364557832816
random,mae,wilcoxon,pub_knn,pub_xgboost,50,-0.01071187910946528,0.03428988486986187,0.34,0.010879562807692977,0.15231387930770168
random,mae,wilcoxon,pub_knn,pub_mlp,50,-0.007816123111622395,0.03397357860017811,0.5,0.2571237847552261,1.0
random,mae,wilcoxon,pub_knn,pub_gnn,50,0.09480035568915124,0.05245390499037271,0.98,2.4868995751603507e-14,7.958078640513122e-13
random,mae,wilcoxon,pub_svm,pub_rf,50,0.016866591731199313,0.02379606125341399,0.78,4.788532343980023e-06,8.14050498476604e-05
random,mae,wilcoxon,pub_svm,pub_xgboost,50,0.01889739028762873,0.019255251367602415,0.86,6.3368066349767105e-09,1.5842016587441776e-07
random,mae,wilcoxon,pub_svm,pub_mlp,50,0.021793146285471618,0.02478221188920216,0.82,3.094002387626915e-08,6.497405014016522e-07
random,mae,wilcoxon,pub_svm,pub_gnn,50,0.12440962508624526,0.042639232369666914,1.0,1.7763568394002505e-15,9.769962616701378e-14
random,mae,wilcoxon,pub_rf,pub_xgboost,50,0.002030798556429414,0.023377453476314307,0.5,0.81837027658068,1.0
random,mae,wilcoxon,pub_rf,pub_mlp,50,0.004926554554272298,0.02624221431374674,0.66,0.16888071753563239,1.0
random,mae,wilcoxon,pub_rf,pub_gnn,50,0.10754303335504595,0.04344673528021039,1.0,1.7763568394002505e-15,9.769962616701378e-14
random,mae,wilcoxon,pub_xgboost,pub_mlp,50,0.0028957559978428837,0.030856447169927345,0.5,0.5462652589115535,1.0
random,mae,wilcoxon,pub_xgboost,pub_gnn,50,0.10551223479861653,0.04734708507171507,0.98,8.881784197001252e-15,2.9309887850104133e-13
random,mae,wilcoxon,pub_mlp,pub_gnn,50,0.10261647880077363,0.047169644268543656,1.0,1.7763568394002505e-15,9.769962616701378e-14
random,mae,t_target,knn,lgbm,10,-0.012558782236854115,0.02740787578934674,0.3,0.18126460113249498,1.0
random,mae,t_target,knn,chemeleon,10,-0.037252168892922266,0.03392394865686866,0.1,0.007020786192036613,0.15445729380117032
random,mae,t_target,knn,monroe35,10,-0.060274966241777105,0.033716547103341425,0.0,0.0003123285660609924,0.008745199684252929
random,mae,t_target,knn,median,10,0.37893694281784984,0.08610122969041242,1.0,2.1584126723473268e-07,9.928698292797704e-06
random,mae,t_target,knn,pub_knn,10,6.986326517299801e-11,7.889682176193178e-10,0.7,1.0,1.0
random,mae,t_target,knn,pub_svm,10,-0.029609269327230753,0.02842347997408287,0.2,0.00931564872677771,0.17761230146152457
random,mae,t_target,knn,pub_rf,10,-0.012742677596031404,0.01303529400433595,0.1,0.01290255564313389,0.21934343862814656
random,mae,t_target,knn,pub_xgboost,10,-0.010711879039602006,0.027789803839052794,0.2,0.25385301814403394,1.0
random,mae,t_target,knn,pub_mlp,10,-0.007816123041759104,0.0211834365957232,0.4,0.2732774438550716,1.0
random,mae,t_target,knn,pub_gnn,10,0.09480035575901452,0.03574947536106646,1.0,1.5165466342618342e-05,0.0005611222546768786
random,mae,t_target,lgbm,chemeleon,10,-0.02469338665606815,0.010290253719784336,0.0,3.366752920270594e-05,0.001178363522094708
random,mae,t_target,lgbm,monroe35,10,-0.04771618400492299,0.014875192171109887,0.0,3.1767438259165744e-06,0.0001238930092107464
random,mae,t_target,lgbm,median,10,0.39149572505470404,0.08772909259522645,1.0,1.9145381587190676e-07,8.998329345979617e-06
random,mae,t_target,lgbm,pub_knn,10,0.012558782306717382,0.0274078758395518,0.7,0.18126459966193909,1.0
random,mae,t_target,lgbm,pub_svm,10,-0.017050487090376636,0.008656533507487718,0.0,0.00015350575470752728,0.004727861739003275
random,mae,t_target,lgbm,pub_rf,10,-0.0001838953591772885,0.017717081884308827,0.2,0.9745321235246567,1.0
random,mae,t_target,lgbm,pub_xgboost,10,0.0018469031972521087,0.012142156139548776,0.6,0.641991849351939,1.0
random,mae,t_target,lgbm,pub_mlp,10,0.004742659195095011,0.01481726952065123,0.8,0.33789297084588704,1.0
random,mae,t_target,lgbm,pub_gnn,10,0.10735913799586863,0.028313597992122578,1.0,7.750992956633845e-07,3.255417041786215e-05
random,mae,t_target,chemeleon,monroe35,10,-0.02302279734885484,0.0100968161658035,0.0,5.0250780151435236e-05,0.001708526525148798
random,mae,t_target,chemeleon,median,10,0.41618911171077216,0.08952884431641464,1.0,1.344022829488558e-07,6.590901030777185e-06
random,mae,t_target,chemeleon,pub_knn,10,0.037252168962785534,0.03392394862323307,0.9,0.007020786081871378,0.15445729380117032
random,mae,t_target,chemeleon,pub_svm,10,0.0076428995656915135,0.012288707889838268,0.7,0.08076155287068289,1.0
random,mae,t_target,chemeleon,pub_rf,10,0.02450949129689086,0.023315580874298348,1.0,0.008880615073076229,0.17761230146152457
random,mae,t_target,chemeleon,pub_xgboost,10,0.02654028985332026,0.017816813638100726,0.9,0.0011035907943441228,0.02758976985860307
random,mae,t_target,chemeleon,pub_mlp,10,0.029436045851163162,0.021001962396974473,1.0,0.0016419131834513627,0.037764003219381344
random,mae,t_target,chemeleon,pub_gnn,10,0.1320525246519368,0.025984629385410046,1.0,6.190493745166116e-08,3.2809616849380415e-06
random,mae,t_target,monroe35,median,10,0.43921190905962704,0.0854399734025882,1.0,5.6006483778675334e-08,3.024350124048468e-06
random,mae,t_target,monroe35,pub_knn,10,0.06027496631164035,0.03371654705377059,1.0,0.0003123285601518903,0.008745199684252929
random,mae,t_target,monroe35,pub_svm,10,0.030665696914546355,0.01596388422708751,1.0,0.00018487318030324516,0.0053613222287941095
random,mae,t_target,monroe35,pub_rf,10,0.0475322886457457,0.024111126807980846,1.0,0.00015251166900010564,0.004727861739003275
random,mae,t_target,monroe35,pub_xgboost,10,0.0495630872021751,0.02258282633199476,1.0,6.756755515505798e-05,0.0021621617649618553
random,mae,t_target,monroe35,pub_mlp,10,0.052458843200018,0.023363706795890126,1.0,5.665026585340622e-05,0.0018694587731624052
random,mae,t_target,monroe35,pub_gnn,10,0.15507532200079163,0.022787271334866487,1.0,4.753550622395104e-09,2.6144528423173074e-07
random,mae,t_target,median,pub_knn,10,-0.3789369427479866,0.08610122976486918,0.0,2.1584126919041492e-07,9.928698292797704e-06
random,mae,t_target,median,pub_svm,10,-0.40854621214508063,0.08741153165241847,0.0,1.2825303141287749e-07,6.540904602056752e-06
random,mae,t_target,median,pub_rf,10,-0.3916796204138813,0.08406807183441518,0.0,1.318180206155437e-07,6.590901030777185e-06
random,mae,t_target,median,pub_xgboost,10,-0.3896488218574519,0.09277320341409401,0.0,3.229787136742872e-07,1.4211063401668637e-05
random,mae,t_target,median,pub_mlp,10,-0.386753065859609,0.08442033040477569,0.0,1.5253549865208145e-07,7.321703935299909e-06
random,mae,t_target,median,pub_gnn,10,-0.2841365870588354,0.07763882284166147,0.0,1.0477044755619553e-06,4.190817902247821e-05
random,mae,t_target,pub_knn,pub_svm,10,-0.029609269397094018,0.028423480087807138,0.2,0.009315648807153243,0.17761230146152457
random,mae,t_target,pub_knn,pub_rf,10,-0.01274267766589467,0.013035293988811848,0.1,0.012902555213420387,0.21934343862814656
random,mae,t_target,pub_knn,pub_xgboost,10,-0.010711879109465272,0.02778980406276591,0.2,0.2538530188174008,1.0
random,mae,t_target,pub_knn,pub_mlp,10,-0.007816123111622369,0.02118343654114154,0.4,0.27327743869950666,1.0
random,mae,t_target,pub_knn,pub_gnn,10,0.09480035568915125,0.03574947537655638,1.0,1.5165466485839919e-05,0.0005611222546768786
random,mae,t_target,pub_svm,pub_rf,10,0.016866591731199348,0.019418698962869314,0.8,0.02259942562003905,0.3389913843005858
random,mae,t_target,pub_svm,pub_xgboost,10,0.018897390287628747,0.012815532516604116,0.9,0.0011802129450491586,0.028325110681179808
random,mae,t_target,pub_svm,pub_mlp,10,0.02179314628547165,0.013863748412674713,1.0,0.0007689047342840443,0.019991523091385154
random,mae,t_target,pub_svm,pub_gnn,10,0.12440962508624528,0.02449604496556319,1.0,6.224432442161231e-08,3.2809616849380415e-06
random,mae,t_target,pub_rf,pub_xgboost,10,0.0020307985564293972,0.01855324728039424,0.4,0.7371945202227114,1.0
random,mae,t_target,pub_rf,pub_mlp,10,0.0049265545542723,0.014840491312873481,0.7,0.32119328292461297,1.0
random,mae,t_target,pub_rf,pub_gnn,10,0.10754303335504592,0.02890665822376987,1.0,9.112483918901508e-07,3.736118406749618e-05
random,mae,t_target,pub_xgboost,pub_mlp,10,0.0028957559978429028,0.018621913642563763,0.6,0.6346717519760043,1.0
random,mae,t_target,pub_xgboost,pub_gnn,10,0.10551223479861653,0.03326494635695975,1.0,3.489095516373666e-06,0.0001325856296221993
random,mae,t_target,pub_mlp,pub_gnn,10,0.10261647880077363,0.02501341885361635,1.0,3.952628372372238e-07,1.6996302001200622e-05
scaffold,mae,t,knn,lgbm,50,-0.0273595425080208,0.049638272346862355,0.36,0.0002953026881419286,0.005020145101841078
scaffold,mae,t,knn,chemeleon,50,-0.05289125082613952,0.045610786255791784,0.14,9.47189347298515e-11,2.936286389845307e-09
scaffold,mae,t,knn,monroe35,50,-0.07639025283496319,0.05053706657491949,0.02,2.108478402739676e-14,8.433912811263463e-13
scaffold,mae,t,knn,median,50,0.2620395018785528,0.12733489412445062,0.98,2.0439963986209847e-19,9.40238332894099e-18
scaffold,mae,t,knn,pub_knn,50,3.020890926297426e-10,1.261309445616892e-09,0.6,1.0,1.0
scaffold,mae,t,knn,pub_svm,50,-0.041993602603541715,0.04354853360053526,0.16,1.2671584648718236e-08,3.6747586372651295e-07
scaffold,mae,t,knn,pub_rf,50,-0.03300903418582136,0.042712224967587,0.2,1.5448805801181237e-06,3.707712569547321e-05
scaffold,mae,t,knn,pub_xgboost,50,-0.022226606909567997,0.05078949929174224,0.36,0.0032545314919141576,0.04556343643393351
scaffold,mae,t,knn,pub_mlp,50,-0.007864267351926467,0.054711511713371366,0.46,0.3144315827978787,1.0
scaffold,mae,t,knn,pub_gnn,50,0.07269718634813914,0.05675399715085477,0.9,4.8415058002507274e-12,1.742942088090262e-10
scaffold,mae,t,lgbm,chemeleon,50,-0.025531708318118712,0.03856624038125099,0.24,2.286606038576953e-05,0.0004573212077153906
scaffold,mae,t,lgbm,monroe35,50,-0.04903071032694238,0.04068709714064199,0.12,3.0842208439867393e-11,1.017792878515624e-09
scaffold,mae,t,lgbm,median,50,0.28939904438657355,0.13338390570142897,1.0,2.418029518985415e-20,1.2090147594927074e-18
scaffold,mae,t,lgbm,pub_knn,50,0.027359542810109893,0.049638272413779404,0.64,0.0002953026530494752,0.005020145101841078
scaffold,mae,t,lgbm,pub_svm,50,-0.014634060095520915,0.03751177952147493,0.32,0.008138894937886746,0.08952784431675422
scaffold,mae,t,lgbm,pub_rf,50,-0.005649491677800562,0.045355168470270955,0.44,0.3827365682136245,1.0
scaffold,mae,t,lgbm,pub_xgboost,50,0.0051329355984528055,0.04182758788336781,0.54,0.3897683843499755,1.0
scaffold,mae,t,lgbm,pub_mlp,50,0.019495275156094328,0.05340659540136796,0.62,0.012890196398934285,0.12890196398934284
scaffold,mae,t,lgbm,pub_gnn,50,0.10005672885615996,0.05552900568639366,0.98,3.6072268157509073e-17,1.5511075307728901e-15
scaffold,mae,t,chemeleon,monroe35,50,-0.02349900200882367,0.040610693877752665,0.28,0.000159313252493973,0.0028676385448915143
scaffold,mae,t,chemeleon,median,50,0.3149307527046923,0.1382367263534124,1.0,3.2607289353245856e-21,1.6629717570155386e-19
scaffold,mae,t,chemeleon,pub_knn,50,0.052891251128228595,0.04561078619913723,0.86,9.471891580146152e-11,2.936286389845307e-09
scaffold,mae,t,chemeleon,pub_svm,50,0.0108976482225978,0.039944820459517125,0.58,0.05951916352754813,0.3571149811652888
scaffold,mae,t,chemeleon,pub_rf,50,0.01988221664031815,0.04588966137525387,0.64,0.0035486408534038034,0.04556343643393351
scaffold,mae,t,chemeleon,pub_xgboost,50,0.03066464391657152,0.04600112982996822,0.7,2.0499754932116757e-05,0.0004304948535744519
scaffold,mae,t,chemeleon,pub_mlp,50,0.04502698347421305,0.05756791636333449,0.82,1.2261303203623498e-06,3.0653258009058745e-05
scaffold,mae,t,chemeleon,pub_gnn,50,0.12558843717427864,0.060280906607923485,0.98,1.247768074832865e-19,5.864509951714466e-18
scaffold,mae,t,monroe35,median,50,0.33842975471351594,0.13165616654405518,1.0,2.0213850698376378e-23,1.1117617884107008e-21
scaffold,mae,t,monroe35,pub_knn,50,0.07639025313705228,0.0505370666361803,0.98,2.108478202815866e-14,8.433912811263463e-13
scaffold,mae,t,monroe35,pub_svm,50,0.03439665023142147,0.04013861344759234,0.84,1.8947451619078995e-07,4.926337420960538e-06
scaffold,mae,t,monroe35,pub_rf,50,0.04338121864914182,0.04770595402143844,0.88,5.0684443880025805e-08,1.3684799847606967e-06
scaffold,mae,t,monroe35,pub_xgboost,50,0.05416364592539519,0.04239059823478099,0.9,5.230558514524626e-12,1.778389894938373e-10
scaffold,mae,t,monroe35,pub_mlp,50,0.06852598548303672,0.057410121809651715,0.94,4.088009766738407e-11,1.3081631253562902e-09
scaffold,mae,t,monroe35,pub_gnn,50,0.14908743918310233,0.06098854867124564,1.0,1.7138538302189008e-22,9.083425300160174e-21
scaffold,mae,t,median,pub_knn,50,-0.26203950157646366,0.1273348939421745,0.02,2.0439963758567368e-19,9.40238332894099e-18
scaffold,mae,t,median,pub_svm,50,-0.3040331044820945,0.12637249407971538,0.0,3.3554554919189454e-22,1.7448368557978515e-20
scaffold,mae,t,median,pub_rf,50,-0.2950485360643741,0.11662607178409498,0.0,3.9957118158488433e-23,2.1576843805583754e-21
scaffold,mae,t,median,pub_xgboost,50,-0.28426610878812075,0.1327761991269888,0.0,4.155821079338554e-20,2.0363523288758916e-18
scaffold,mae,t,median,pub_mlp,50,-0.2699037692304792,0.12781590384841704,0.02,7.253070213672351e-20,3.481473702562729e-18
scaffold,mae,t,median,pub_gnn,50,-0.18934231553041359,0.13342777921744328,0.04,1.7967226372092777e-13,6.827546021395255e-12
scaffold,mae,t,pub_knn,pub_svm,50,-0.0419936029056308,0.04354853347018506,0.16,1.2671581507810792e-08,3.6747586372651295e-07
scaffold,mae,t,pub_knn,pub_rf,50,-0.033009034487910455,0.04271222486277426,0.2,1.544880237311384e-06,3.707712569547321e-05
scaffold,mae,t,pub_knn,pub_xgboost,50,-0.022226607211657083,0.05078949941187002,0.36,0.003254531173852394,0.04556343643393351
scaffold,mae,t,pub_knn,pub_mlp,50,-0.00786426765401556,0.05471151177324466,0.46,0.3144315649253089,1.0
scaffold,mae,t,pub_knn,pub_gnn,50,0.07269718604605005,0.05675399738458626,0.9,4.841507043184444e-12,1.742942088090262e-10
scaffold,mae,t,pub_svm,pub_rf,50,0.008984568417720351,0.0269481106638146,0.64,0.022435745613803078,0.2019217105242277
scaffold,mae,t,pub_svm,pub_xgboost,50,0.019766995693973718,0.03080378746460292,0.72,3.6999581536272556e-05,0.0007029920491891786
scaffold,mae,t,pub_svm,pub_mlp,50,0.03412933525161524,0.04936902849324293,0.88,1.133495390112409e-05,0.00024936898582473
scaffold,mae,t,pub_svm,pub_gnn,50,0.11469078895168085,0.05741089491945936,0.96,6.64766365527636e-19,2.9249720083215983e-17
scaffold,mae,t,pub_rf,pub_xgboost,50,0.010782427276253368,0.035784916720171714,0.58,0.038166663505352035,0.3053333080428163
scaffold,mae,t,pub_rf,pub_mlp,50,0.025144766833894893,0.04805486560356107,0.7,0.0005457833535811056,0.008186750303716583
scaffold,mae,t,pub_rf,pub_gnn,50,0.1057062205339605,0.05961681141468668,0.98,6.622399355944335e-17,2.7814077294966207e-15
scaffold,mae,t,pub_xgboost,pub_mlp,50,0.014362339557641523,0.04900421997988066,0.64,0.04350937426395846,0.3053333080428163
scaffold,mae,t,pub_xgboost,pub_gnn,50,0.09492379325770715,0.058130732933760455,0.96,1.3760750183134444e-15,5.641907575085122e-14
scaffold,mae,t,pub_mlp,pub_gnn,50,0.08056145370006561,0.06159777355305287,0.9,2.5254235098694642e-12,9.344066986517018e-11
scaffold,mae,wilcoxon,knn,lgbm,50,-0.0273595425080208,0.049638272346862355,0.36,0.0003378810943459598,0.005743978603881317
scaffold,mae,wilcoxon,knn,chemeleon,50,-0.05289125082613952,0.045610786255791784,0.14,5.610267805877811e-11,1.7952856978808995e-09
scaffold,mae,wilcoxon,knn,monroe35,50,-0.07639025283496319,0.05053706657491949,0.02,3.552713678800501e-15,1.7053025658242404e-13
scaffold,mae,wilcoxon,knn,median,50,0.2620395018785528,0.12733489412445062,0.98,8.881784197001252e-15,3.907985046680551e-13
scaffold,mae,wilcoxon,knn,pub_knn,50,3.020890926297426e-10,1.261309445616892e-09,0.6,1.0,1.0
scaffold,mae,wilcoxon,knn,pub_svm,50,-0.041993602603541715,0.04354853360053526,0.16,3.348859145546612e-08,9.376805607530514e-07
scaffold,mae,wilcoxon,knn,pub_rf,50,-0.03300903418582136,0.042712224967587,0.2,1.4543591948523726e-06,3.345026148160457e-05
scaffold,mae,wilcoxon,knn,pub_xgboost,50,-0.022226606909567997,0.05078949929174224,0.36,0.0069413795797625966,0.08329655495715116
scaffold,mae,wilcoxon,knn,pub_mlp,50,-0.007864267351926467,0.054711511713371366,0.46,0.27372721377670217,1.0
scaffold,mae,wilcoxon,knn,pub_gnn,50,0.07269718634813914,0.05675399715085477,0.9,3.40367733997482e-11,1.191287068991187e-09
scaffold,mae,wilcoxon,lgbm,chemeleon,50,-0.025531708318118712,0.03856624038125099,0.24,1.1033688904760197e-05,0.00023170746699996414
scaffold,mae,wilcoxon,lgbm,monroe35,50,-0.04903071032694238,0.04068709714064199,0.12,5.610267805877811e-11,1.7952856978808995e-09
scaffold,mae,wilcoxon,lgbm,median,50,0.28939904438657355,0.13338390570142897,1.0,1.7763568394002505e-15,9.769962616701378e-14
scaffold,mae,wilcoxon,lgbm,pub_knn,50,0.027359542810109893,0.049638272413779404,0.64,0.0003378810943459598,0.005743978603881317
scaffold,mae,wilcoxon,lgbm,pub_svm,50,-0.014634060095520915,0.03751177952147493,0.32,0.0021981232450851707,0.03077372543119239
scaffold,mae,wilcoxon,lgbm,pub_rf,50,-0.005649491677800562,0.045355168470270955,0.44,0.4963885938865378,1.0
scaffold,mae,wilcoxon,lgbm,pub_xgboost,50,0.0051329355984528055,0.04182758788336781,0.54,0.22231487615329293,1.0
scaffold,mae,wilcoxon,lgbm,pub_mlp,50,0.019495275156094328,0.05340659540136796,0.62,0.02122367163684835,0.2122367163684835
scaffold,mae,wilcoxon,lgbm,pub_gnn,50,0.10005672885615996,0.05552900568639366,0.98,1.2434497875801753e-14,5.098144129078719e-13
scaffold,mae,wilcoxon,chemeleon,monroe35,50,-0.02349900200882367,0.040610693877752665,0.28,0.000202796732962085,0.00365034119331753
scaffold,mae,wilcoxon,chemeleon,median,50,0.3149307527046923,0.1382367263534124,1.0,1.7763568394002505e-15,9.769962616701378e-14
scaffold,mae,wilcoxon,chemeleon,pub_knn,50,0.052891251128228595,0.04561078619913723,0.86,5.610267805877811e-11,1.7952856978808995e-09
scaffold,mae,wilcoxon,chemeleon,pub_svm,50,0.0108976482225978,0.039944820459517125,0.58,0.054216182330456775,0.3795132763131974
scaffold,mae,wilcoxon,chemeleon,pub_rf,50,0.01988221664031815,0.04588966137525387,0.64,0.0036632546526647047,0.04762231048464116
scaffold,mae,wilcoxon,chemeleon,pub_xgboost,50,0.03066464391657152,0.04600112982996822,0.7,2.5552926345540072e-05,0.0005110585269108014
scaffold,mae,wilcoxon,chemeleon,pub_mlp,50,0.04502698347421305,0.05756791636333449,0.82,3.0412363649645613e-07,7.298967275914947e-06
scaffold,mae,wilcoxon,chemeleon,pub_gnn,50,0.12558843717427864,0.060280906607923485,0.98,5.329070518200751e-15,2.398081733190338e-13
scaffold,mae,wilcoxon,monroe35,median,50,0.33842975471351594,0.13165616654405518,1.0,1.7763568394002505e-15,9.769962616701378e-14
scaffold,mae,wilcoxon,monroe35,pub_knn,50,0.07639025313705228,0.0505370666361803,0.98,3.552713678800501e-15,1.7053025658242404e-13
scaffold,mae,wilcoxon,monroe35,pub_svm,50,0.03439665023142147,0.04013861344759234,0.84,7.798730550234723e-08,2.027669943061028e-06
scaffold,mae,wilcoxon,monroe35,pub_rf,50,0.04338121864914182,0.04770595402143844,0.88,2.434094703573919e-08,7.058874640364365e-07
scaffold,mae,wilcoxon,monroe35,pub_xgboost,50,0.05416364592539519,0.04239059823478099,0.9,1.7687185049908294e-11,6.367386617966986e-10
scaffold,mae,wilcoxon,monroe35,pub_mlp,50,0.06852598548303672,0.057410121809651715,0.94,5.707434524993005e-12,2.1117507742474118e-10
scaffold,mae,wilcoxon,monroe35,pub_gnn,50,0.14908743918310233,0.06098854867124564,1.0,1.7763568394002505e-15,9.769962616701378e-14
scaffold,mae,wilcoxon,median,pub_knn,50,-0.26203950157646366,0.1273348939421745,0.02,8.881784197001252e-15,3.907985046680551e-13
scaffold,mae,wilcoxon,median,pub_svm,50,-0.3040331044820945,0.12637249407971538,0.0,1.7763568394002505e-15,9.769962616701378e-14
scaffold,mae,wilcoxon,median,pub_rf,50,-0.2950485360643741,0.11662607178409498,0.0,1.7763568394002505e-15,9.769962616701378e-14
scaffold,mae,wilcoxon,median,pub_xgboost,50,-0.28426610878812075,0.1327761991269888,0.0,1.7763568394002505e-15,9.769962616701378e-14
scaffold,mae,wilcoxon,median,pub_mlp,50,-0.2699037692304792,0.12781590384841704,0.02,3.552713678800501e-15,1.7053025658242404e-13
scaffold,mae,wilcoxon,median,pub_gnn,50,-0.18934231553041359,0.13342777921744328,0.04,2.4868995751603507e-14,9.698908343125368e-13
scaffold,mae,wilcoxon,pub_knn,pub_svm,50,-0.0419936029056308,0.04354853347018506,0.16,3.348859145546612e-08,9.376805607530514e-07
scaffold,mae,wilcoxon,pub_knn,pub_rf,50,-0.033009034487910455,0.04271222486277426,0.2,1.4543591948523726e-06,3.345026148160457e-05
scaffold,mae,wilcoxon,pub_knn,pub_xgboost,50,-0.022226607211657083,0.05078949941187002,0.36,0.0069413795797625966,0.08329655495715116
scaffold,mae,wilcoxon,pub_knn,pub_mlp,50,-0.00786426765401556,0.05471151177324466,0.46,0.27372721377670217,1.0
scaffold,mae,wilcoxon,pub_knn,pub_gnn,50,0.07269718604605005,0.05675399738458626,0.9,3.40367733997482e-11,1.191287068991187e-09
scaffold,mae,wilcoxon,pub_svm,pub_rf,50,0.008984568417720351,0.0269481106638146,0.64,0.028256978552906986,0.2543128069761629
scaffold,mae,wilcoxon,pub_svm,pub_xgboost,50,0.019766995693973718,0.03080378746460292,0.72,6.206318512269604e-05,0.0011792005173312248
scaffold,mae,wilcoxon,pub_svm,pub_mlp,50,0.03412933525161524,0.04936902849324293,0.88,2.305757291765076e-07,5.76439322941269e-06
scaffold,mae,wilcoxon,pub_svm,pub_gnn,50,0.11469078895168085,0.05741089491945936,0.96,8.881784197001252e-15,3.907985046680551e-13
scaffold,mae,wilcoxon,pub_rf,pub_xgboost,50,0.010782427276253368,0.035784916720171714,0.58,0.03205348601661129,0.2564278881328903
scaffold,mae,wilcoxon,pub_rf,pub_mlp,50,0.025144766833894893,0.04805486560356107,0.7,0.0004506016805585489,0.006759025208378233
scaffold,mae,wilcoxon,pub_rf,pub_gnn,50,0.1057062205339605,0.05961681141468668,0.98,1.2434497875801753e-14,5.098144129078719e-13
scaffold,mae,wilcoxon,pub_xgboost,pub_mlp,50,0.014362339557641523,0.04900421997988066,0.64,0.05935623218713815,0.3795132763131974
scaffold,mae,wilcoxon,pub_xgboost,pub_gnn,50,0.09492379325770715,0.058130732933760455,0.96,3.375077994860476e-14,1.2825296380469808e-12
scaffold,mae,wilcoxon,pub_mlp,pub_gnn,50,0.08056145370006561,0.06159777355305287,0.9,4.3806736016449577e-11,1.445622288542836e-09
scaffold,mae,t_target,knn,lgbm,10,-0.027359542508020786,0.02873821459018998,0.1,0.014702210581137586,0.20583093400122232
scaffold,mae,t_target,knn,chemeleon,10,-0.052891250826139526,0.02021469828714608,0.0,1.6896182077656303e-05,0.0006927434646512126
scaffold,mae,t_target,knn,monroe35,10,-0.07639025283496317,0.033481384015038855,0.0,5.001614591112826e-05,0.0016505328150672326
scaffold,mae,t_target,knn,median,10,0.26203950187855274,0.11126713286279093,1.0,3.90317513437637e-05,0.001366111283073877
scaffold,mae,t_target,knn,pub_knn,10,3.020890870786275e-10,6.448624953276452e-10,0.7,1.0,1.0
scaffold,mae,t_target,knn,pub_svm,10,-0.041993602603541694,0.01940190434038057,0.0,7.519979287834113e-05,0.002331193223286381
scaffold,mae,t_target,knn,pub_rf,10,-0.033009034185821365,0.018728953505554615,0.0,0.00034587327295104714,0.008992702683373878
scaffold,mae,t_target,knn,pub_xgboost,10,-0.022226606909567976,0.02258878920157395,0.1,0.012487109746775124,0.19979374120246762
scaffold,mae,t_target,knn,pub_mlp,10,-0.007864267351926458,0.013483309203283876,0.3,0.09821764686255866,0.7857410142136567
scaffold,mae,t_target,knn,pub_gnn,10,0.07269718634813914,0.02509703884632011,1.0,7.390217710920754e-06,0.0003621206678351169
scaffold,mae,t_target,lgbm,chemeleon,10,-0.02553170831811874,0.017702219651387407,0.1,0.0013644796470254658,0.030018552234560247
scaffold,mae,t_target,lgbm,monroe35,10,-0.04903071032694238,0.019886899425015304,0.0,2.7177459707367954e-05,0.0010327434688799822
scaffold,mae,t_target,lgbm,median,10,0.2893990443865735,0.11757860354986287,1.0,2.7543827213101986e-05,0.0010327434688799822
scaffold,mae,t_target,lgbm,pub_knn,10,0.027359542810109872,0.028738214503045867,0.9,0.01470220957151588,0.20583093400122232
scaffold,mae,t_target,lgbm,pub_svm,10,-0.014634060095520906,0.02011645411416617,0.3,0.04696454817736173,0.5635745781283408
scaffold,mae,t_target,lgbm,pub_rf,10,-0.005649491677800583,0.029585783797117113,0.4,0.5608557519828595,1.0
scaffold,mae,t_target,lgbm,pub_xgboost,10,0.005132935598452809,0.02155587685496598,0.6,0.47068196342539476,1.0
scaffold,mae,t_target,lgbm,pub_mlp,10,0.019495275156094328,0.028366511529996294,0.8,0.057800197791009984,0.59825248562231
scaffold,mae,t_target,lgbm,pub_gnn,10,0.10005672885615993,0.03563805351130516,1.0,9.542182076222522e-06,0.00044848255758245855
scaffold,mae,t_target,chemeleon,monroe35,10,-0.023499002008823645,0.022365666928878716,0.2,0.008904509572222106,0.1513766627277758
scaffold,mae,t_target,chemeleon,median,10,0.3149307527046923,0.11829279123959198,1.0,1.468919324592717e-05,0.0006316353095748683
scaffold,mae,t_target,chemeleon,pub_knn,10,0.05289125112822861,0.02021469840067106,1.0,1.6896182064663722e-05,0.0006927434646512126
scaffold,mae,t_target,chemeleon,pub_svm,10,0.010897648222597834,0.02049042995953463,0.7,0.12689773952513278,0.7857410142136567
scaffold,mae,t_target,chemeleon,pub_rf,10,0.019882216640318157,0.02844085958872309,0.8,0.05438658960202818,0.59825248562231
scaffold,mae,t_target,chemeleon,pub_xgboost,10,0.03066464391657155,0.023515317378327287,1.0,0.0025836424466184078,0.04908920648574975
scaffold,mae,t_target,chemeleon,pub_mlp,10,0.045026983474213064,0.02282370189094364,1.0,0.0001516874957975675,0.0042472498823318905
scaffold,mae,t_target,chemeleon,pub_gnn,10,0.12558843717427867,0.03330302436261928,1.0,8.120934891342228e-07,4.2228861434979585e-05
scaffold,mae,t_target,monroe35,median,10,0.3384297547135159,0.12055342603250241,1.0,9.549956315019525e-06,0.00044848255758245855
scaffold,mae,t_target,monroe35,pub_knn,10,0.07639025313705225,0.03348138415362862,1.0,5.0016145983125616e-05,0.0016505328150672326
scaffold,mae,t_target,monroe35,pub_svm,10,0.03439665023142148,0.025121979045933787,0.9,0.0019058134003479637,0.04002208140730724
scaffold,mae,t_target,monroe35,pub_rf,10,0.0433812186491418,0.03691985623889433,1.0,0.004802379846679581,0.08644283724023247
scaffold,mae,t_target,monroe35,pub_xgboost,10,0.0541636459253952,0.020012937761823252,1.0,1.285978329291145e-05,0.0005658304648881038
scaffold,mae,t_target,monroe35,pub_mlp,10,0.0685259854830367,0.03412758989431568,1.0,0.0001329308729939934,0.003854995316825809
scaffold,mae,t_target,monroe35,pub_gnn,10,0.14908743918310233,0.034811133383054506,1.0,2.7304274159086007e-07,1.5017350787497303e-05
scaffold,mae,t_target,median,pub_knn,10,-0.2620395015764637,0.11126713258979375,0.0,3.903175094496791e-05,0.001366111283073877
scaffold,mae,t_target,median,pub_svm,10,-0.3040331044820944,0.11445654596627676,0.0,1.4958337859457679e-05,0.0006316353095748683
scaffold,mae,t_target,median,pub_rf,10,-0.2950485360643741,0.10614236674540217,0.0,1.0349742703584026e-05,0.0004657384216612812
scaffold,mae,t_target,median,pub_xgboost,10,-0.28426610878812075,0.11824149431394976,0.0,3.3181166561063254e-05,0.0011945219961982771
scaffold,mae,t_target,median,pub_mlp,10,-0.2699037692304792,0.10710204742409839,0.0,2.2828785899732908e-05,0.0008903226500895834
scaffold,mae,t_target,median,pub_gnn,10,-0.1893423155304136,0.10998887651165092,0.0,0.0004089747553885842,0.00981539412932602
scaffold,mae,t_target,pub_knn,pub_svm,10,-0.04199360290563078,0.01940190409412587,0.0,7.519978139633488e-05,0.002331193223286381
scaffold,mae,t_target,pub_knn,pub_rf,10,-0.033009034487910455,0.01872895297448739,0.0,0.0003458731801297646,0.008992702683373878
scaffold,mae,t_target,pub_knn,pub_xgboost,10,-0.022226607211657062,0.02258878917634205,0.1,0.012487108825154226,0.19979374120246762
scaffold,mae,t_target,pub_knn,pub_mlp,10,-0.007864267654015544,0.013483308781156568,0.3,0.09821762677670709,0.7857410142136567
scaffold,mae,t_target,pub_knn,pub_gnn,10,0.07269718604605005,0.02509703884463793,1.0,7.3902179588669265e-06,0.0003621206678351169
scaffold,mae,t_target,pub_svm,pub_rf,10,0.008984568417720324,0.019320358073733602,0.6,0.17548623151689294,0.8774311575844647
scaffold,mae,t_target,pub_svm,pub_xgboost,10,0.019766995693973714,0.012890765822151361,1.0,0.0009094574713710606,0.020917521841534392
scaffold,mae,t_target,pub_svm,pub_mlp,10,0.03412933525161523,0.019204952533446347,1.0,0.00032594901895205723,0.008800623511705545
scaffold,mae,t_target,pub_svm,pub_gnn,10,0.11469078895168083,0.028317952939287412,1.0,4.4130181795928174e-07,2.3830298169801214e-05
scaffold,mae,t_target,pub_rf,pub_xgboost,10,0.010782427276253392,0.024780286354692073,0.7,0.20209827499544722,0.8774311575844647
scaffold,mae,t_target,pub_rf,pub_mlp,10,0.02514476683389491,0.018436816319585735,1.0,0.0019535928347622395,0.04002208140730724
scaffold,mae,t_target,pub_rf,pub_gnn,10,0.1057062205339605,0.03224421030555452,1.0,2.648934744850137e-06,0.00013244673724250686
scaffold,mae,t_target,pub_xgboost,pub_mlp,10,0.014362339557641518,0.023320252830710018,0.7,0.0832917778928811,0.7496260010359299
scaffold,mae,t_target,pub_xgboost,pub_gnn,10,0.09492379325770713,0.02442803392653327,1.0,6.289136228511399e-07,3.3332422011110416e-05
scaffold,mae,t_target,pub_mlp,pub_gnn,10,0.0805614537000656,0.023818541015066873,1.0,2.0386499564357813e-06,0.00010397114777822485
butina,mae,t,knn,lgbm,50,-0.047113081414444355,0.10830912946268903,0.32,0.0034293819155136055,0.06402014099251742
butina,mae,t,knn,chemeleon,50,-0.07520884272164077,0.14197798382263105,0.34,0.0004739843705594198,0.013870278671101806
butina,mae,t,knn,monroe35,50,-0.0951155563701401,0.12711891385141488,0.16,2.832716489817852e-06,0.00010764321808035628
butina,mae,t,knn,median,50,0.10978045083873762,0.13335496869898747,0.84,4.4105453122034384e-07,1.852429031125444e-05
butina,mae,t,knn,pub_knn,50,2.0403559175541375e-10,1.0505284204484348e-09,0.52,1.0,1.0
butina,mae,t,knn,pub_svm,50,-0.05356907638988169,0.09725025083786569,0.26,0.0002975504568322085,0.009521613887177798
butina,mae,t,knn,pub_rf,50,-0.05136429681573333,0.09675694726215103,0.24,0.0004623426557272954,0.013870278671101806
butina,mae,t,knn,pub_xgboost,50,-0.05172114703853426,0.10430762742004009,0.3,0.0009828880060118335,0.02457219862653269
butina,mae,t,knn,pub_mlp,50,-0.013386228269875289,0.10315177508759597,0.46,0.3633085590718082,1.0
butina,mae,t,knn,pub_gnn,50,0.07070325117653585,0.16125532887105998,0.62,0.0032010070496258708,0.06402014099251742
butina,mae,t,lgbm,chemeleon,50,-0.028095761307196404,0.07598143447239991,0.38,0.011834153007478055,0.17751229511217081
butina,mae,t,lgbm,monroe35,50,-0.04800247495569576,0.059234058825001795,0.22,6.07615820021817e-07,2.3697016980850865e-05
butina,mae,t,lgbm,median,50,0.15689353225318198,0.14577413060865874,0.94,7.564661484119224e-10,3.782330742059612e-08
butina,mae,t,lgbm,pub_knn,50,0.047113081618479956,0.10830912913811266,0.68,0.0034293816987700197,0.06402014099251742
butina,mae,t,lgbm,pub_svm,50,-0.0064559949754373226,0.06089425265265938,0.4,0.45703601263852317,1.0
butina,mae,t,lgbm,pub_rf,50,-0.004251215401288969,0.07254292831080437,0.36,0.6804013692867191,1.0
butina,mae,t,lgbm,pub_xgboost,50,-0.004608065624089897,0.0578653712237037,0.42,0.5759350552613477,1.0
butina,mae,t,lgbm,pub_mlp,50,0.03372685314456907,0.0844323476970495,0.64,0.006828747877557078,0.10925996604091325
butina,mae,t,lgbm,pub_gnn,50,0.11781633259098019,0.12662040744172243,0.82,2.975198121908817e-08,1.3090871736398794e-06
butina,mae,t,chemeleon,monroe35,50,-0.019906713648499358,0.05729300218763861,0.28,0.017603571097571203,0.24644999536599685
butina,mae,t,chemeleon,median,50,0.1849892935603784,0.1755375162651984,0.88,1.3280541145774265e-09,6.50746516142939e-08
butina,mae,t,chemeleon,pub_knn,50,0.07520884292567635,0.14197798357925537,0.66,0.0004739843462625353,0.013870278671101806
butina,mae,t,chemeleon,pub_svm,50,0.02163976633175908,0.10359485325857497,0.56,0.14605714525151692,1.0
butina,mae,t,chemeleon,pub_rf,50,0.023844545905907427,0.11145828690794844,0.5,0.13677156850697578,1.0
butina,mae,t,chemeleon,pub_xgboost,50,0.023487695683106505,0.08951690771089944,0.56,0.06957031709643058,0.9044141222535975
butina,mae,t,chemeleon,pub_mlp,50,0.06182261445176547,0.09814352426550159,0.7,4.880521238798385e-05,0.0017569876459674187
butina,mae,t,chemeleon,pub_gnn,50,0.1459120938981766,0.14218250639124433,0.9,2.659188583588289e-09,1.2555063322730256e-07
butina,mae,t,monroe35,median,50,0.20489600720887777,0.16364295948354485,0.94,9.753402899178325e-12,5.169303536564513e-10
butina,mae,t,monroe35,pub_knn,50,0.09511555657417572,0.12711891357623822,0.84,2.8327162652725337e-06,0.00010764321808035628
butina,mae,t,monroe35,pub_svm,50,0.04154647998025844,0.08696992093367707,0.68,0.0014387997120172441,0.03309239337639661
butina,mae,t,monroe35,pub_rf,50,0.043751259554406785,0.0927346606742268,0.62,0.0016268740164018223,0.03579122836084009
butina,mae,t,monroe35,pub_xgboost,50,0.043394409331605856,0.07466550303995949,0.72,0.00015037035470199782,0.005112592059867926
butina,mae,t,monroe35,pub_mlp,50,0.08172932810026483,0.08817759103092263,0.84,3.257796967894856e-08,1.400852696194788e-06
butina,mae,t,monroe35,pub_gnn,50,0.16581880754667597,0.13526163576908978,0.92,1.8491117530181935e-11,9.615381115694607e-10
butina,mae,t,median,pub_knn,50,-0.10978045063470203,0.1333549685917605,0.16,4.410545407887165e-07,1.852429031125444e-05
butina,mae,t,median,pub_svm,50,-0.1633495272286193,0.11698808539609558,0.06,3.0689772829213833e-13,1.657247732777547e-11
butina,mae,t,median,pub_rf,50,-0.16114474765447095,0.10846490980187504,0.06,3.81951639787808e-14,2.100734018832944e-12
butina,mae,t,median,pub_xgboost,50,-0.16150159787727192,0.14249073343978771,0.12,1.8156423613685166e-10,9.259776042979434e-09
butina,mae,t,median,pub_mlp,50,-0.12316667910861293,0.1501746693455369,0.24,4.7614032699400507e-07,1.9045613079760202e-05
butina,mae,t,median,pub_gnn,50,-0.03907719966220178,0.15663960452446452,0.38,0.08395995052935175,1.0
butina,mae,t,pub_knn,pub_svm,50,-0.053569076593917284,0.09725025059834819,0.26,0.0002975504339743062,0.009521613887177798
butina,mae,t,pub_knn,pub_rf,50,-0.051364297019768926,0.09675694704547684,0.24,0.0004623426223700602,0.013870278671101806
butina,mae,t,pub_knn,pub_xgboost,50,-0.05172114724256985,0.10430762721608791,0.3,0.0009828879450613076,0.02457219862653269
butina,mae,t,pub_knn,pub_mlp,50,-0.013386228473910881,0.10315177479916675,0.46,0.36330855048968513,1.0
butina,mae,t,pub_knn,pub_gnn,50,0.07070325097250024,0.16125532863435524,0.62,0.0032010070892532394,0.06402014099251742
butina,mae,t,pub_svm,pub_rf,50,0.0022047795741483535,0.0445824040803267,0.54,0.7280678067026274,1.0
butina,mae,t,pub_svm,pub_xgboost,50,0.0018479293513474259,0.05527035125289386,0.56,0.814094855229154,1.0
butina,mae,t,pub_svm,pub_mlp,50,0.040182848120006394,0.07054796447805717,0.76,0.00019554734695568257,0.006453062449537525
butina,mae,t,pub_svm,pub_gnn,50,0.12427232756641754,0.12101849512424903,0.92,2.61563819223547e-09,1.2555063322730256e-07
butina,mae,t,pub_rf,pub_xgboost,50,-0.00035685022280092737,0.053576722822784834,0.44,0.9626272158990572,1.0
butina,mae,t,pub_rf,pub_mlp,50,0.03797806854585804,0.08055819226466941,0.68,0.0016388020236289117,0.03579122836084009
butina,mae,t,pub_rf,pub_gnn,50,0.12206754799226918,0.12958783606199312,0.86,2.225936640194364e-08,1.0239308544894075e-06
butina,mae,t,pub_xgboost,pub_mlp,50,0.038334918768658965,0.07546272914541786,0.7,0.000758655187543755,0.01972503487613763
butina,mae,t,pub_xgboost,pub_gnn,50,0.12242439821507013,0.1310766244247892,0.84,2.7222090553121626e-08,1.2249940748904733e-06
butina,mae,t,pub_mlp,pub_gnn,50,0.08408947944641114,0.13925759246502142,0.78,8.949278469269053e-05,0.0031322474642441686
butina,mae,wilcoxon,knn,lgbm,50,-0.047113081414444355,0.10830912946268903,0.32,0.00043263448054275955,0.011248496494111748
butina,mae,wilcoxon,knn,chemeleon,50,-0.07520884272164077,0.14197798382263105,0.34,0.0002624791416003802,0.007349415964810646
butina,mae,wilcoxon,knn,monroe35,50,-0.0951155563701401,0.12711891385141488,0.16,2.0039570713947796e-07,8.416619699858074e-06
butina,mae,wilcoxon,knn,median,50,0.10978045083873762,0.13335496869898747,0.84,2.0039570713947796e-07,8.416619699858074e-06
butina,mae,wilcoxon,knn,pub_knn,50,2.0403559175541375e-10,1.0505284204484348e-09,0.52,1.0,1.0
butina,mae,wilcoxon,knn,pub_svm,50,-0.05356907638988169,0.09725025083786569,0.26,0.0001858580190070569,0.005575740570211707
butina,mae,wilcoxon,knn,pub_rf,50,-0.05136429681573333,0.09675694726215103,0.24,0.00011374680137699045,0.0037536444454406848
butina,mae,wilcoxon,knn,pub_xgboost,50,-0.05172114703853426,0.10430762742004009,0.3,0.0006207713421488847,0.014277740869424349
butina,mae,wilcoxon,knn,pub_mlp,50,-0.013386228269875289,0.10315177508759597,0.46,0.3988547028530327,1.0
butina,mae,wilcoxon,knn,pub_gnn,50,0.07070325117653585,0.16125532887105998,0.62,0.003913313547160513,0.07435295739604975
butina,mae,wilcoxon,lgbm,chemeleon,50,-0.028095761307196404,0.07598143447239991,0.38,0.016185270214664982,0.22659378300530975
butina,mae,wilcoxon,lgbm,monroe35,50,-0.04800247495569576,0.059234058825001795,0.22,7.723469384046666e-07,2.8576836720972665e-05
butina,mae,wilcoxon,lgbm,median,50,0.15689353225318198,0.14577413060865874,0.94,6.337863567296154e-11,3.1055531479751153e-09
butina,mae,wilcoxon,lgbm,pub_knn,50,0.047113081618479956,0.10830912913811266,0.68,0.00043263448054275955,0.011248496494111748
butina,mae,wilcoxon,lgbm,pub_svm,50,-0.0064559949754373226,0.06089425265265938,0.4,0.056738698656332076,0.6808643838759849
butina,mae,wilcoxon,lgbm,pub_rf,50,-0.004251215401288969,0.07254292831080437,0.36,0.06930163067169381,0.762317937388632
butina,mae,wilcoxon,lgbm,pub_xgboost,50,-0.004608065624089897,0.0578653712237037,0.42,0.22974800885474522,1.0
butina,mae,wilcoxon,lgbm,pub_mlp,50,0.03372685314456907,0.0844323476970495,0.64,0.00784436585604098,0.12550985369665568
butina,mae,wilcoxon,lgbm,pub_gnn,50,0.11781633259098019,0.12662040744172243,0.82,1.7568968502246207e-09,7.906035826010793e-08
butina,mae,wilcoxon,chemeleon,monroe35,50,-0.019906713648499358,0.05729300218763861,0.28,0.012213348101271393,0.1832002215190709
butina,mae,wilcoxon,chemeleon,median,50,0.1849892935603784,0.1755375162651984,0.88,1.2871659293978155e-10,6.178396461109514e-09
butina,mae,wilcoxon,chemeleon,pub_knn,50,0.07520884292567635,0.14197798357925537,0.66,0.0002624791416003802,0.007349415964810646
butina,mae,wilcoxon,chemeleon,pub_svm,50,0.02163976633175908,0.10359485325857497,0.56,0.2866420365460076,1.0
butina,mae,wilcoxon,chemeleon,pub_rf,50,0.023844545905907427,0.11145828690794844,0.5,0.2999546071877397,1.0
butina,mae,wilcoxon,chemeleon,pub_xgboost,50,0.023487695683106505,0.08951690771089944,0.56,0.10316599771973678,1.0
butina,mae,wilcoxon,chemeleon,pub_mlp,50,0.06182261445176547,0.09814352426550159,0.7,2.8338981969966426e-06,0.00010202033509187913
butina,mae,wilcoxon,chemeleon,pub_gnn,50,0.1459120938981766,0.14218250639124433,0.9,7.237197507947712e-10,3.401482828735425e-08
butina,mae,wilcoxon,monroe35,median,50,0.20489600720887777,0.16364295948354485,0.94,4.4941828036826337e-13,2.4268587139886222e-11
butina,mae,wilcoxon,monroe35,pub_knn,50,0.09511555657417572,0.12711891357623822,0.84,2.0039570713947796e-07,8.416619699858074e-06
butina,mae,wilcoxon,monroe35,pub_svm,50,0.04154647998025844,0.08696992093367707,0.68,0.0004506016805585489,0.011248496494111748
butina,mae,wilcoxon,monroe35,pub_rf,50,0.043751259554406785,0.0927346606742268,0.62,0.0054056035788701,0.09189526084079169
butina,mae,wilcoxon,monroe35,pub_xgboost,50,0.043394409331605856,0.07466550303995949,0.72,0.00015581408102782746,0.004830236511862651
butina,mae,wilcoxon,monroe35,pub_mlp,50,0.08172932810026483,0.08817759103092263,0.84,4.057499225496031e-09,1.7447246669632932e-07
butina,mae,wilcoxon,monroe35,pub_gnn,50,0.16581880754667597,0.13526163576908978,0.92,1.8989254613188677e-12,9.874412398858112e-11
butina,mae,wilcoxon,median,pub_knn,50,-0.10978045063470203,0.1333549685917605,0.16,2.0039570713947796e-07,8.416619699858074e-06
butina,mae,wilcoxon,median,pub_svm,50,-0.1633495272286193,0.11698808539609558,0.06,1.6058265828178264e-12,8.51088088893448e-11
butina,mae,wilcoxon,median,pub_rf,50,-0.16114474765447095,0.10846490980187504,0.06,7.638334409421077e-14,4.201083925181592e-12
butina,mae,wilcoxon,median,pub_xgboost,50,-0.16150159787727192,0.14249073343978771,0.12,3.863753761379485e-11,1.9318768806897424e-09
butina,mae,wilcoxon,median,pub_mlp,50,-0.12316667910861293,0.1501746693455369,0.24,5.215646012857178e-07,1.9819454848857276e-05
butina,mae,wilcoxon,median,pub_gnn,50,-0.03907719966220178,0.15663960452446452,0.38,0.04944640680060175,0.6428032884078227
butina,mae,wilcoxon,pub_knn,pub_svm,50,-0.053569076593917284,0.09725025059834819,0.26,0.0001858580190070569,0.005575740570211707
butina,mae,wilcoxon,pub_knn,pub_rf,50,-0.051364297019768926,0.09675694704547684,0.24,0.00011374680137699045,0.0037536444454406848
butina,mae,wilcoxon,pub_knn,pub_xgboost,50,-0.05172114724256985,0.10430762721608791,0.3,0.0006207713421488847,0.014277740869424349
butina,mae,wilcoxon,pub_knn,pub_mlp,50,-0.013386228473910881,0.10315177479916675,0.46,0.3988547028530327,1.0
butina,mae,wilcoxon,pub_knn,pub_gnn,50,0.07070325097250024,0.16125532863435524,0.62,0.003913313547160513,0.07435295739604975
butina,mae,wilcoxon,pub_svm,pub_rf,50,0.0022047795741483535,0.0445824040803267,0.54,0.9771032283055696,1.0
butina,mae,wilcoxon,pub_svm,pub_xgboost,50,0.0018479293513474259,0.05527035125289386,0.56,0.4843032319103049,1.0
butina,mae,wilcoxon,pub_svm,pub_mlp,50,0.040182848120006394,0.07054796447805717,0.76,2.0810681753857807e-05,0.0007075631796311654
butina,mae,wilcoxon,pub_svm,pub_gnn,50,0.12427232756641754,0.12101849512424903,0.92,2.022026990289305e-11,1.0312337650475456e-09
butina,mae,wilcoxon,pub_rf,pub_xgboost,50,-0.00035685022280092737,0.053576722822784834,0.44,0.8707939059443142,1.0
butina,mae,wilcoxon,pub_rf,pub_mlp,50,0.03797806854585804,0.08055819226466941,0.68,0.002799360749817126,0.055987214996342516
butina,mae,wilcoxon,pub_rf,pub_gnn,50,0.12206754799226918,0.12958783606199312,0.86,2.81308842886574e-09,1.2377589087009255e-07
butina,mae,wilcoxon,pub_xgboost,pub_mlp,50,0.038334918768658965,0.07546272914541786,0.7,0.0011051033525024678,0.023207170402551824
butina,mae,wilcoxon,pub_xgboost,pub_gnn,50,0.12242439821507013,0.1310766244247892,0.84,1.192391962945294e-09,5.485003029548352e-08
butina,mae,wilcoxon,pub_mlp,pub_gnn,50,0.08408947944641114,0.13925759246502142,0.78,1.4422642710343325e-05,0.0005047924948620164
butina,mae,t_target,knn,lgbm,10,-0.047113081414444334,0.03339556471393843,0.1,0.001574502430492065,0.050384074435921446
butina,mae,t_target,knn,chemeleon,10,-0.07520884272164075,0.05644276365742077,0.0,0.002260499513946266,0.06103348424672974
butina,mae,t_target,knn,monroe35,10,-0.09511555637014012,0.05812966379582229,0.0,0.0005837700709117754,0.021599491880154562
butina,mae,t_target,knn,median,10,0.10978045083873766,0.06459931713951007,0.9,0.00044800975709140414,0.018816409797838975
butina,mae,t_target,knn,pub_knn,10,2.0403558842474467e-10,4.36040580753706e-10,0.8,1.0,1.0
butina,mae,t_target,knn,pub_svm,10,-0.05356907638988164,0.043431050027390845,0.2,0.0036169765368395616,0.08319045766274401
butina,mae,t_target,knn,pub_rf,10,-0.051364296815733304,0.03922422690174067,0.1,0.0025178244273001225,0.06294560844056825
butina,mae,t_target,knn,pub_xgboost,10,-0.051721147038534254,0.03713805065036867,0.1,0.0017103739940361742,0.051311218309514614
butina,mae,t_target,knn,pub_mlp,10,-0.013386228269875266,0.03772699629937807,0.4,0.290889725910356,1.0
butina,mae,t_target,knn,pub_gnn,10,0.07070325117653586,0.08273424415554716,0.9,0.024296907672987905,0.4130474304407944
butina,mae,t_target,lgbm,chemeleon,10,-0.02809576130719641,0.0323990987496058,0.1,0.02276342048347857,0.40974156870261425
butina,mae,t_target,lgbm,monroe35,10,-0.04800247495569578,0.035060635919011034,0.0,0.0019063262970294187,0.053377136316823726
butina,mae,t_target,lgbm,median,10,0.156893532253182,0.07236194250669063,1.0,7.42010685757121e-05,0.003635371099861252
butina,mae,t_target,lgbm,pub_knn,10,0.04711308161847992,0.03339556451471917,0.9,0.0015745023261225452,0.050384074435921446
butina,mae,t_target,lgbm,pub_svm,10,-0.006455994975437307,0.029029343950668272,0.5,0.49967082662666357,1.0
butina,mae,t_target,lgbm,pub_rf,10,-0.004251215401288966,0.03322144436121638,0.3,0.6951731366650284,1.0
butina,mae,t_target,lgbm,pub_xgboost,10,-0.004608065624089918,0.017555573571280077,0.4,0.42797895983998113,1.0
butina,mae,t_target,lgbm,pub_mlp,10,0.033726853144569066,0.02344656087020125,1.0,0.0013883234516725393,0.045814673905193795
butina,mae,t_target,lgbm,pub_gnn,10,0.11781633259098019,0.07557725484859049,0.9,0.0008137534903131809,0.02848137216096133
butina,mae,t_target,chemeleon,monroe35,10,-0.019906713648499375,0.01988522889645044,0.2,0.011444931421074292,0.21745369700041156
butina,mae,t_target,chemeleon,median,10,0.1849892935603784,0.09183936163196524,1.0,0.00012982447998781272,0.006101750559427198
butina,mae,t_target,chemeleon,pub_knn,10,0.07520884292567634,0.056442763420223335,1.0,0.002260499416545546,0.06103348424672974
butina,mae,t_target,chemeleon,pub_svm,10,0.021639766331759104,0.04871305562502704,0.7,0.19364874851573546,1.0
butina,mae,t_target,chemeleon,pub_rf,10,0.023844545905907445,0.04854205958172413,0.6,0.15475682002952557,1.0
butina,mae,t_target,chemeleon,pub_xgboost,10,0.02348769568310649,0.03933678209731277,0.8,0.09160329747099775,1.0
butina,mae,t_target,chemeleon,pub_mlp,10,0.06182261445176548,0.036634584639986374,1.0,0.0004706405700697298,0.018825622802789193
butina,mae,t_target,chemeleon,pub_gnn,10,0.1459120938981766,0.08185844240812623,1.0,0.00031894564744926657,0.013714662840318463
butina,mae,t_target,monroe35,median,10,0.20489600720887777,0.09346928671926374,1.0,6.81885268008521e-05,0.0034094263400426053
butina,mae,t_target,monroe35,pub_knn,10,0.09511555657417571,0.05812966363186708,1.0,0.0005837700508149881,0.021599491880154562
butina,mae,t_target,monroe35,pub_svm,10,0.041546479980258476,0.049388959110394835,0.9,0.026039855233212884,0.4130474304407944
butina,mae,t_target,monroe35,pub_rf,10,0.04375125955440682,0.052592273397728435,0.8,0.027328006986602656,0.4130474304407944
butina,mae,t_target,monroe35,pub_xgboost,10,0.04339440933160586,0.039729786908213445,0.9,0.007229359819301016,0.14458719638602033
butina,mae,t_target,monroe35,pub_mlp,10,0.08172932810026486,0.03769429464048948,1.0,7.419124693594392e-05,0.003635371099861252
butina,mae,t_target,monroe35,pub_gnn,10,0.165818807546676,0.06880696358387635,1.0,3.255584645589491e-05,0.0017254598621624301
butina,mae,t_target,median,pub_knn,10,-0.10978045063470207,0.06459931706229319,0.1,0.00044800975918578,0.018816409797838975
butina,mae,t_target,median,pub_svm,10,-0.1633495272286193,0.05455987512206824,0.0,5.6307735378484945e-06,0.0003040617710438187
butina,mae,t_target,median,pub_rf,10,-0.16114474765447098,0.05249859607279632,0.0,4.5820828314813085e-06,0.00025201455573147197
butina,mae,t_target,median,pub_xgboost,10,-0.16150159787727195,0.07257071754312695,0.0,6.0690718627899365e-05,0.0030952266500228675
butina,mae,t_target,median,pub_mlp,10,-0.12316667910861294,0.06348030993325049,0.0,0.0001716892278705597,0.007726015254175187
butina,mae,t_target,median,pub_gnn,10,-0.039077199662201814,0.09414673116313665,0.2,0.2218157127019991,1.0
butina,mae,t_target,pub_knn,pub_svm,10,-0.05356907659391723,0.04343104995676316,0.2,0.0036169764201193044,0.08319045766274401
butina,mae,t_target,pub_knn,pub_rf,10,-0.05136429701976889,0.03922422683097755,0.1,0.00251782433762273,0.06294560844056825
butina,mae,t_target,pub_knn,pub_xgboost,10,-0.05172114724256984,0.03713805062571542,0.1,0.001710373943650487,0.051311218309514614
butina,mae,t_target,pub_knn,pub_mlp,10,-0.013386228473910855,0.037726996199503315,0.4,0.2908897178156534,1.0
butina,mae,t_target,pub_knn,pub_gnn,10,0.07070325097250027,0.0827342441868765,0.9,0.024296908024004762,0.4130474304407944
butina,mae,t_target,pub_svm,pub_rf,10,0.0022047795741483413,0.01974191281919475,0.6,0.732096493752745,1.0
butina,mae,t_target,pub_svm,pub_xgboost,10,0.0018479293513473881,0.025377831148030782,0.7,0.823033338278135,1.0
butina,mae,t_target,pub_svm,pub_mlp,10,0.04018284812000637,0.021798667288038,1.0,0.0002501597377350984,0.011007028460344329
butina,mae,t_target,pub_svm,pub_gnn,10,0.12427232756641751,0.07437128944564043,1.0,0.0005043722707234897,0.0196705185582161
butina,mae,t_target,pub_rf,pub_xgboost,10,-0.0003568502228009529,0.027923667036747746,0.5,0.9686467192164453,1.0
butina,mae,t_target,pub_rf,pub_mlp,10,0.037978068545858036,0.0162099907560073,1.0,4.0651714287051965e-05,0.002113889142926702
butina,mae,t_target,pub_rf,pub_gnn,10,0.12206754799226918,0.07980531972296577,1.0,0.0009249779478425827,0.03144925022664782
butina,mae,t_target,pub_xgboost,pub_mlp,10,0.038334918768658986,0.01937089986693598,1.0,0.0001481888914798101,0.006816689008071265
butina,mae,t_target,pub_xgboost,pub_gnn,10,0.12242439821507012,0.07440489855539056,1.0,0.00056168674468128,0.02134409629788864
butina,mae,t_target,pub_mlp,pub_gnn,10,0.08408947944641113,0.07268790562333093,0.9,0.005249353693556314,0.11023642756468259
diverse_25,mae,t,knn,lgbm,50,-0.04007408164452851,0.08956601113152063,0.38,0.0026748358394565195,0.06419606014695647
diverse_25,mae,t,knn,chemeleon,50,-0.039357533410145314,0.10669916627228225,0.36,0.012030026123489971,0.21654047022281947
diverse_25,mae,t,knn,monroe35,50,-0.07496022311112176,0.09740120153650662,0.24,1.6729916435271672e-06,5.6881715879923686e-05
diverse_25,mae,t,knn,median,50,0.11354122598068773,0.11856158891243063,0.82,1.4982322212719435e-08,5.393635996578997e-07
diverse_25,mae,t,knn,pub_knn,50,-0.00025332580287590556,0.07437031371246643,0.62,0.9808818265797571,1.0
diverse_25,mae,t,knn,pub_svm,50,-0.034374716097994265,0.08858472870772904,0.42,0.008460107592102311,0.16920215184204623
diverse_25,mae,t,knn,pub_rf,50,-0.04015668745345511,0.073618498173264,0.26,0.00033518544621317686,0.009385192493968953
diverse_25,mae,t,knn,pub_xgboost,50,-0.01849038138082205,0.08138483789396306,0.44,0.11458463029630786,1.0
diverse_25,mae,t,knn,pub_mlp,50,-0.011871163031727784,0.09579001284796562,0.54,0.38513714986878256,1.0
diverse_25,mae,t,knn,pub_gnn,50,0.10003346643719009,0.10066020833429497,0.82,6.0239167913195185e-09,2.289088380701417e-07
diverse_25,mae,t,lgbm,chemeleon,50,0.0007165482343832031,0.08967279459913396,0.44,0.9551710662548627,1.0
diverse_25,mae,t,lgbm,monroe35,50,-0.034886141466593246,0.061443477626532114,0.3,0.00020366913094966294,0.006110073928489888
diverse_25,mae,t,lgbm,median,50,0.15361530762521622,0.11254137895924336,0.94,6.442086028230495e-13,2.963359572986028e-11
diverse_25,mae,t,lgbm,pub_knn,50,0.03982075584165261,0.07028563844499239,0.7,0.0002093403402175934,0.006110073928489888
diverse_25,mae,t,lgbm,pub_svm,50,0.005699365546534247,0.056946748983650416,0.54,0.4824909337650031,1.0
diverse_25,mae,t,lgbm,pub_rf,50,-8.260580892659464e-05,0.05252916357670822,0.46,0.9911730554276841,1.0
diverse_25,mae,t,lgbm,pub_xgboost,50,0.021583700263706464,0.059425585775933897,0.62,0.013320607168319964,0.22645032186143937
diverse_25,mae,t,lgbm,pub_mlp,50,0.028202918612800727,0.07211694297418221,0.7,0.00799522553370827,0.16789973620787368
diverse_25,mae,t,lgbm,pub_gnn,50,0.1401075480817186,0.0918356687729064,0.96,1.5294049504981827e-14,7.799965247540732e-13
diverse_25,mae,t,chemeleon,monroe35,50,-0.03560268970097645,0.08113224180280756,0.34,0.0031776520557921612,0.07308599728321971
diverse_25,mae,t,chemeleon,median,50,0.15289875939083303,0.1322409481465873,0.88,1.0306905714215965e-10,4.431969457112865e-09
diverse_25,mae,t,chemeleon,pub_knn,50,0.0391042076072694,0.09473166761516376,0.74,0.0052932570296608345,0.11645165465253836
diverse_25,mae,t,chemeleon,pub_svm,50,0.004982817312151044,0.08596964710404083,0.62,0.6837093026932289,1.0
diverse_25,mae,t,chemeleon,pub_rf,50,-0.0007991540433097976,0.0816719024522007,0.52,0.9451200382917356,1.0
diverse_25,mae,t,chemeleon,pub_xgboost,50,0.02086715202932326,0.08418707916631661,0.64,0.08591208820860176,1.0
diverse_25,mae,t,chemeleon,pub_mlp,50,0.027486370378417523,0.07991351895410413,0.66,0.0187111504647387,0.2993784074358192
diverse_25,mae,t,chemeleon,pub_gnn,50,0.13939099984733538,0.10006619310877589,0.94,3.3177479503144433e-13,1.5593415366477884e-11
diverse_25,mae,t,monroe35,median,50,0.18850144909180946,0.1261644291565417,0.98,3.1476549316391944e-14,1.5738274658195973e-12
diverse_25,mae,t,monroe35,pub_knn,50,0.07470689730824585,0.07230654535616433,0.8,2.2316355490817515e-09,8.926542196327007e-08
diverse_25,mae,t,monroe35,pub_svm,50,0.04058550701312749,0.05390761938206501,0.74,2.527767015920895e-06,8.341631152538954e-05
diverse_25,mae,t,monroe35,pub_rf,50,0.034803535657666654,0.05802835926541037,0.72,9.82992867578331e-05,0.003047277889492826
diverse_25,mae,t,monroe35,pub_xgboost,50,0.0564698417302997,0.05506737721054649,0.8,2.7107401235405975e-09,1.057188648180833e-07
diverse_25,mae,t,monroe35,pub_mlp,50,0.06308906007939397,0.06053561308365521,0.84,1.7803301588174356e-09,7.299353651151485e-08
diverse_25,mae,t,monroe35,pub_gnn,50,0.17499368954831185,0.0936365722436351,0.98,8.957691696516747e-18,4.926730433084211e-16
diverse_25,mae,t,median,pub_knn,50,-0.11379455178356364,0.12367879062370223,0.16,3.866435659920173e-08,1.3532524809720605e-06
diverse_25,mae,t,median,pub_svm,50,-0.147915942078682,0.10373861727182652,0.06,1.5325211634729991e-13,7.356101584670396e-12
diverse_25,mae,t,median,pub_rf,50,-0.15369791343414285,0.09830878502844938,0.02,6.494850257303896e-15,3.377322133798026e-13
diverse_25,mae,t,median,pub_xgboost,50,-0.13203160736150976,0.10584114984336136,0.08,1.0921949126108822e-11,4.805657615487882e-10
diverse_25,mae,t,median,pub_mlp,50,-0.12541238901241553,0.11464583891857556,0.14,4.864856531236681e-10,2.043239743119406e-08
diverse_25,mae,t,median,pub_gnn,50,-0.013507759543497639,0.08548234757734939,0.5,0.26929055908747984,1.0
diverse_25,mae,t,pub_knn,pub_svm,50,-0.03412139029511836,0.06651571463930203,0.28,0.0006815909938897986,0.01840295683502456
diverse_25,mae,t,pub_knn,pub_rf,50,-0.03990336165057921,0.06445153744032527,0.26,6.280306998519558e-05,0.0020096982395262585
diverse_25,mae,t,pub_knn,pub_xgboost,50,-0.018237055577946148,0.06660329953951506,0.4,0.05862588792301223,0.8207624309221713
diverse_25,mae,t,pub_knn,pub_mlp,50,-0.011617837228851879,0.08475117857479116,0.42,0.3371489156171455,1.0
diverse_25,mae,t,pub_knn,pub_gnn,50,0.10028679224006598,0.10156810464907319,0.88,7.0769849809481086e-09,2.6184844429508e-07
diverse_25,mae,t,pub_svm,pub_rf,50,-0.005781971355460842,0.03996144311919541,0.46,0.31128336416754776,1.0
diverse_25,mae,t,pub_svm,pub_xgboost,50,0.015884334717172214,0.04654103578097642,0.6,0.019591703888535848,0.2993784074358192
diverse_25,mae,t,pub_svm,pub_mlp,50,0.022503553066266474,0.05889347339084547,0.64,0.009444501380938353,0.1794455262378287
diverse_25,mae,t,pub_svm,pub_gnn,50,0.13440818253518436,0.08152308960173761,0.94,9.717991316885973e-16,5.150535397949566e-14
diverse_25,mae,t,pub_rf,pub_xgboost,50,0.02166630607263306,0.04611096361028612,0.66,0.0016925878547387337,0.042314696368468345
diverse_25,mae,t,pub_rf,pub_mlp,50,0.028285524421727323,0.05712134723227017,0.66,0.0009969188390941005,0.025919889816446613
diverse_25,mae,t,pub_rf,pub_gnn,50,0.14019015389064518,0.07764687361933462,0.96,3.344486048357478e-17,1.8060224661130382e-15
diverse_25,mae,t,pub_xgboost,pub_mlp,50,0.006619218349094267,0.06306278072932654,0.56,0.4615116865113723,1.0
diverse_25,mae,t,pub_xgboost,pub_gnn,50,0.11852384781801213,0.08831303471501095,0.92,1.1111983055984527e-12,5.000392375193037e-11
diverse_25,mae,t,pub_mlp,pub_gnn,50,0.11190462946891788,0.0777608735134534,0.92,1.124924171115939e-13,5.512128438468101e-12
diverse_25,mae,wilcoxon,knn,lgbm,50,-0.04007408164452851,0.08956601113152063,0.38,0.012213348101271393,0.24921202094017048
diverse_25,mae,wilcoxon,knn,chemeleon,50,-0.039357533410145314,0.10669916627228225,0.36,0.01574343835962111,0.28338189047317996
diverse_25,mae,wilcoxon,knn,monroe35,50,-0.07496022311112176,0.09740120153650662,0.24,3.348859145546612e-08,1.1386121094858481e-06
diverse_25,mae,wilcoxon,knn,median,50,0.11354122598068773,0.11856158891243063,0.82,3.7055123414120317e-09,1.4451498131506924e-07
diverse_25,mae,wilcoxon,knn,pub_knn,50,-0.00025332580287590556,0.07437031371246643,0.62,0.38817752503383396,1.0
diverse_25,mae,wilcoxon,knn,pub_svm,50,-0.034374716097994265,0.08858472870772904,0.42,0.031261656763490464,0.46892485145235696
diverse_25,mae,wilcoxon,knn,pub_rf,50,-0.04015668745345511,0.073618498173264,0.26,0.00017022784864551,0.00493660761071979
diverse_25,mae,wilcoxon,knn,pub_xgboost,50,-0.01849038138082205,0.08138483789396306,0.44,0.2866420365460076,1.0
diverse_25,mae,wilcoxon,knn,pub_mlp,50,-0.011871163031727784,0.09579001284796562,0.54,0.7813934753886187,1.0
diverse_25,mae,wilcoxon,knn,pub_gnn,50,0.10003346643719009,0.10066020833429497,0.82,6.917133532624575e-09,2.559339407071093e-07
diverse_25,mae,wilcoxon,lgbm,chemeleon,50,0.0007165482343832031,0.08967279459913396,0.44,0.49032624846387485,1.0
diverse_25,mae,wilcoxon,lgbm,monroe35,50,-0.034886141466593246,0.061443477626532114,0.3,0.0002857006608838475,0.00799961850474773
diverse_25,mae,wilcoxon,lgbm,median,50,0.15361530762521622,0.11254137895924336,0.94,3.6148861681795097e-12,1.6628476373625745e-10
diverse_25,mae,wilcoxon,lgbm,pub_knn,50,0.03982075584165261,0.07028563844499239,0.7,0.0001628744437223162,0.004886233311669486
diverse_25,mae,wilcoxon,lgbm,pub_svm,50,0.005699365546534247,0.056946748983650416,0.54,0.559104623193516,1.0
diverse_25,mae,wilcoxon,lgbm,pub_rf,50,-8.260580892659464e-05,0.05252916357670822,0.46,0.8632650227005474,1.0
diverse_25,mae,wilcoxon,lgbm,pub_xgboost,50,0.021583700263706464,0.059425585775933897,0.62,0.01958777690517799,0.3329922073880258
diverse_25,mae,wilcoxon,lgbm,pub_mlp,50,0.028202918612800727,0.07211694297418221,0.7,0.007380741603101981,0.1623763152682436
diverse_25,mae,wilcoxon,lgbm,pub_gnn,50,0.1401075480817186,0.0918356687729064,0.96,3.0890845437170356e-12,1.4518697355470067e-10
diverse_25,mae,wilcoxon,chemeleon,monroe35,50,-0.03560268970097645,0.08113224180280756,0.34,0.006325487527247375,0.14548621312668963
diverse_25,mae,wilcoxon,chemeleon,median,50,0.15289875939083303,0.1322409481465873,0.88,1.8094681308866711e-10,7.599766149724019e-09
diverse_25,mae,wilcoxon,chemeleon,pub_knn,50,0.0391042076072694,0.09473166761516376,0.74,0.0050721514649119115,0.12173163515788588
diverse_25,mae,wilcoxon,chemeleon,pub_svm,50,0.004982817312151044,0.08596964710404083,0.62,0.16888071753563239,1.0
diverse_25,mae,wilcoxon,chemeleon,pub_rf,50,-0.0007991540433097976,0.0816719024522007,0.52,0.6185935400423848,1.0
diverse_25,mae,wilcoxon,chemeleon,pub_xgboost,50,0.02086715202932326,0.08418707916631661,0.64,0.02420949942225903,0.38735199075614446
diverse_25,mae,wilcoxon,chemeleon,pub_mlp,50,0.027486370378417523,0.07991351895410413,0.66,0.01186723909238907,0.24921202094017048
diverse_25,mae,wilcoxon,chemeleon,pub_gnn,50,0.13939099984733538,0.10006619310877589,0.94,2.630606843467831e-11,1.1574670111258456e-09
diverse_25,mae,wilcoxon,monroe35,median,50,0.18850144909180946,0.1261644291565417,0.98,3.552713678800501e-15,1.9539925233402755e-13
diverse_25,mae,wilcoxon,monroe35,pub_knn,50,0.07470689730824585,0.07230654535616433,0.8,3.0854181432005134e-09,1.2341672572802054e-07
diverse_25,mae,wilcoxon,monroe35,pub_svm,50,0.04058550701312749,0.05390761938206501,0.74,1.6455253124547653e-06,5.4302335311007255e-05
diverse_25,mae,wilcoxon,monroe35,pub_rf,50,0.034803535657666654,0.05802835926541037,0.72,0.0001302957841744501,0.004039169309407953
diverse_25,mae,wilcoxon,monroe35,pub_xgboost,50,0.0564698417302997,0.05506737721054649,0.8,9.772863407420118e-09,3.5182308266712425e-07
diverse_25,mae,wilcoxon,monroe35,pub_mlp,50,0.06308906007939397,0.06053561308365521,0.84,1.4492140820721033e-09,5.941777736495624e-08
diverse_25,mae,wilcoxon,monroe35,pub_gnn,50,0.17499368954831185,0.0936365722436351,0.98,8.881784197001252e-15,4.796163466380676e-13
diverse_25,mae,wilcoxon,median,pub_knn,50,-0.11379455178356364,0.12367879062370223,0.16,2.070065541204258e-08,7.245229394214903e-07
diverse_25,mae,wilcoxon,median,pub_svm,50,-0.147915942078682,0.10373861727182652,0.06,1.2434497875801753e-13,6.217248937900877e-12
diverse_25,mae,wilcoxon,median,pub_rf,50,-0.15369791343414285,0.09830878502844938,0.02,1.2434497875801753e-14,6.590283874174929e-13
diverse_25,mae,wilcoxon,median,pub_xgboost,50,-0.13203160736150976,0.10584114984336136,0.08,1.1368683772161603e-12,5.4569682106375694e-11
diverse_25,mae,wilcoxon,median,pub_mlp,50,-0.12541238901241553,0.11464583891857556,0.14,3.40367733997482e-11,1.4635812561891726e-09
diverse_25,mae,wilcoxon,median,pub_gnn,50,-0.013507759543497639,0.08548234757734939,0.5,0.2653376709882824,1.0
diverse_25,mae,wilcoxon,pub_knn,pub_svm,50,-0.03412139029511836,0.06651571463930203,0.28,0.00197803909377825,0.05340705553201275
diverse_25,mae,wilcoxon,pub_knn,pub_rf,50,-0.03990336165057921,0.06445153744032527,0.26,7.861200783665367e-05,0.0025155842507729176
diverse_25,mae,wilcoxon,pub_knn,pub_xgboost,50,-0.018237055577946148,0.06660329953951506,0.4,0.0857934137886982,1.0
diverse_25,mae,wilcoxon,pub_knn,pub_mlp,50,-0.011617837228851879,0.08475117857479116,0.42,0.3044806608698192,1.0
diverse_25,mae,wilcoxon,pub_knn,pub_gnn,50,0.10028679224006598,0.10156810464907319,0.88,4.440531498062228e-09,1.6874019692636466e-07
diverse_25,mae,wilcoxon,pub_svm,pub_rf,50,-0.005781971355460842,0.03996144311919541,0.46,0.3776732059941086,1.0
diverse_25,mae,wilcoxon,pub_svm,pub_xgboost,50,0.015884334717172214,0.04654103578097642,0.6,0.031261656763490464,0.46892485145235696
diverse_25,mae,wilcoxon,pub_svm,pub_mlp,50,0.022503553066266474,0.05889347339084547,0.64,0.01186723909238907,0.24921202094017048
diverse_25,mae,wilcoxon,pub_svm,pub_gnn,50,0.13440818253518436,0.08152308960173761,0.94,7.638334409421077e-14,3.895550548804749e-12
diverse_25,mae,wilcoxon,pub_rf,pub_xgboost,50,0.02166630607263306,0.04611096361028612,0.66,0.004459422606641894,0.11148556516604735
diverse_25,mae,wilcoxon,pub_rf,pub_mlp,50,0.028285524421727323,0.05712134723227017,0.66,0.00197803909377825,0.05340705553201275
diverse_25,mae,wilcoxon,pub_rf,pub_gnn,50,0.14019015389064518,0.07764687361933462,0.96,1.7763568394002505e-14,9.237055564881302e-13
diverse_25,mae,wilcoxon,pub_xgboost,pub_mlp,50,0.006619218349094267,0.06306278072932654,0.56,0.47831983611594175,1.0
diverse_25,mae,wilcoxon,pub_xgboost,pub_gnn,50,0.11852384781801213,0.08831303471501095,0.92,8.842704346534447e-12,3.979216955940501e-10
diverse_25,mae,wilcoxon,pub_mlp,pub_gnn,50,0.11190462946891788,0.0777608735134534,0.92,4.4941828036826337e-13,2.2021495738044905e-11
diverse_25,mae,t_target,knn,lgbm,10,-0.04007408164452854,0.04386152076121544,0.3,0.01790714582473942,0.4118643539690066
diverse_25,mae,t_target,knn,chemeleon,10,-0.03935753341014532,0.05335821765163986,0.2,0.04456238870271718,0.7129982192434748
diverse_25,mae,t_target,knn,monroe35,10,-0.07496022311112176,0.05823984938858979,0.0,0.0027990079013791307,0.09236726074551131
diverse_25,mae,t_target,knn,median,10,0.11354122598068775,0.07874550347010019,1.0,0.0013670271693373775,0.050580005265482966
diverse_25,mae,t_target,knn,pub_knn,10,-0.00025332580287590334,0.028084462349883654,0.4,0.977866572272956,1.0
diverse_25,mae,t_target,knn,pub_svm,10,-0.03437471609799425,0.033896676232382426,0.2,0.010712488591783486,0.2892371919781541
diverse_25,mae,t_target,knn,pub_rf,10,-0.04015668745345511,0.02688585063897495,0.0,0.001084240088363821,0.0412011233578252
diverse_25,mae,t_target,knn,pub_xgboost,10,-0.01849038138082205,0.036220046753728856,0.3,0.1409094638201462,1.0
diverse_25,mae,t_target,knn,pub_mlp,10,-0.01187116303172776,0.03590371235388172,0.6,0.3230267965734596,1.0
diverse_25,mae,t_target,knn,pub_gnn,10,0.10003346643719006,0.03870635621026587,1.0,1.865589815866667e-05,0.0010074185005680002
diverse_25,mae,t_target,lgbm,chemeleon,10,0.0007165482343832186,0.05569837977067513,0.4,0.9684375592774721,1.0
diverse_25,mae,t_target,lgbm,monroe35,10,-0.034886141466593225,0.04220506287398621,0.2,0.02809068571664573,0.5899044000495604
diverse_25,mae,t_target,lgbm,median,10,0.15361530762521625,0.09473568415245119,1.0,0.0006215154423891385,0.025482133137954676
diverse_25,mae,t_target,lgbm,pub_knn,10,0.039820755841652636,0.03136803182428271,1.0,0.0030435599543189988,0.09472260080576463
diverse_25,mae,t_target,lgbm,pub_svm,10,0.005699365546534285,0.024656213669004348,0.4,0.48339180326624226,1.0
diverse_25,mae,t_target,lgbm,pub_rf,10,-8.260580892657243e-05,0.0237227999034099,0.4,0.9914545352956808,1.0
diverse_25,mae,t_target,lgbm,pub_xgboost,10,0.021583700263706485,0.02642060694010751,0.7,0.02953391863884336,0.5899044000495604
diverse_25,mae,t_target,lgbm,pub_mlp,10,0.028202918612800776,0.04238712696462511,0.7,0.06468961232047726,0.9056545724866817
diverse_25,mae,t_target,lgbm,pub_gnn,10,0.1401075480817186,0.06656475650187861,1.0,9.309073127901039e-05,0.004654536563950519
diverse_25,mae,t_target,chemeleon,monroe35,10,-0.03560268970097644,0.03624966526672574,0.2,0.012603183419333574,0.3276827689026729
diverse_25,mae,t_target,chemeleon,median,10,0.15289875939083306,0.1097303010135476,0.9,0.001704634536732685,0.059662208785643975
diverse_25,mae,t_target,chemeleon,pub_knn,10,0.03910420760726942,0.04038668035205822,0.9,0.013530867551562718,0.33827168878906794
diverse_25,mae,t_target,chemeleon,pub_svm,10,0.004982817312151067,0.04081368262667688,0.7,0.7084108378902069,1.0
diverse_25,mae,t_target,chemeleon,pub_rf,10,-0.000799154043309791,0.04837772748744994,0.7,0.9594802802918734,1.0
diverse_25,mae,t_target,chemeleon,pub_xgboost,10,0.020867152029323266,0.0474592658257023,0.6,0.1978252842825232,1.0
diverse_25,mae,t_target,chemeleon,pub_mlp,10,0.027486370378417557,0.034942530364022194,0.8,0.03456350822485096,0.6122355075112405
diverse_25,mae,t_target,chemeleon,pub_gnn,10,0.1393909998473354,0.06702845265464463,0.9,0.00010203455615886288,0.004999693251784281
diverse_25,mae,t_target,monroe35,median,10,0.18850144909180946,0.12087888799316,1.0,0.0008118522962906621,0.03166223955533582
diverse_25,mae,t_target,monroe35,pub_knn,10,0.07470689730824585,0.04010217200900962,1.0,0.00023162778269646294,0.010886505786733757
diverse_25,mae,t_target,monroe35,pub_svm,10,0.040585507013127506,0.036484386449332,0.9,0.0065385965710586065,0.1896193005606996
diverse_25,mae,t_target,monroe35,pub_rf,10,0.034803535657666654,0.0425127872058932,0.9,0.029269518505461577,0.5899044000495604
diverse_25,mae,t_target,monroe35,pub_xgboost,10,0.05646984173029971,0.040046944596289394,1.0,0.001579306424727533,0.05685503129019119
diverse_25,mae,t_target,monroe35,pub_mlp,10,0.063089060079394,0.03772645670766831,1.0,0.0005016250956393612,0.021068254016853173
diverse_25,mae,t_target,monroe35,pub_gnn,10,0.17499368954831182,0.07433106453805455,1.0,3.9136253326637e-05,0.002074221426311761
diverse_25,mae,t_target,median,pub_knn,10,-0.11379455178356364,0.09601530372855793,0.1,0.004569879210899459,0.13709637632698377
diverse_25,mae,t_target,median,pub_svm,10,-0.14791594207868197,0.09181351501861112,0.0,0.000649893860204714,0.025995754408188562
diverse_25,mae,t_target,median,pub_rf,10,-0.15369791343414285,0.08784783660574795,0.0,0.00036446337616084486,0.016036388551077176
diverse_25,mae,t_target,median,pub_xgboost,10,-0.1320316073615098,0.09477623545271549,0.0,0.0017071190825952995,0.059662208785643975
diverse_25,mae,t_target,median,pub_mlp,10,-0.1254123890124155,0.09833863624441934,0.0,0.0029600812751801446,0.09472260080576463
diverse_25,mae,t_target,median,pub_gnn,10,-0.013507759543497666,0.0676092953501545,0.6,0.5432328352849012,1.0
diverse_25,mae,t_target,pub_knn,pub_svm,10,-0.03412139029511835,0.019261289854514023,0.0,0.00033342771724771344,0.015004247276147105
diverse_25,mae,t_target,pub_knn,pub_rf,10,-0.03990336165057921,0.021610652139897643,0.1,0.00024711244200736876,0.011367172332338964
diverse_25,mae,t_target,pub_knn,pub_xgboost,10,-0.018237055577946148,0.020276182970133467,0.2,0.019268928600247006,0.42391642920543415
diverse_25,mae,t_target,pub_knn,pub_mlp,10,-0.011617837228851857,0.025194897077550977,0.4,0.17878452895518634,1.0
diverse_25,mae,t_target,pub_knn,pub_gnn,10,0.10028679224006595,0.05809416794362371,0.9,0.00040095951039148986,0.017241258946834065
diverse_25,mae,t_target,pub_svm,pub_rf,10,-0.005781971355460857,0.016121704125393634,0.4,0.2860417195295341,1.0
diverse_25,mae,t_target,pub_svm,pub_xgboost,10,0.0158843347171722,0.023256573243014295,0.6,0.059082028232816323,0.8862304234922449
diverse_25,mae,t_target,pub_svm,pub_mlp,10,0.02250355306626649,0.028495954943071583,0.8,0.03401308375062447,0.6122355075112405
diverse_25,mae,t_target,pub_svm,pub_gnn,10,0.1344081825351843,0.05821996225665382,1.0,4.562083988746627e-05,0.002372283674148246
diverse_25,mae,t_target,pub_rf,pub_xgboost,10,0.021666306072633056,0.022717949365181733,0.9,0.014576013962028634,0.3498243350886872
diverse_25,mae,t_target,pub_rf,pub_mlp,10,0.028285524421727347,0.026089540443269162,0.8,0.007526666730453446,0.2107466684526965
diverse_25,mae,t_target,pub_rf,pub_gnn,10,0.14019015389064515,0.05104529728036185,1.0,1.1417862401102404e-05,0.0006279824320606322
diverse_25,mae,t_target,pub_xgboost,pub_mlp,10,0.006619218349094291,0.032034505351517244,0.6,0.5298266813281971,1.0
diverse_25,mae,t_target,pub_xgboost,pub_gnn,10,0.11852384781801213,0.06131382170213788,1.0,0.00017646249002296562,0.00847019952110235
diverse_25,mae,t_target,pub_mlp,pub_gnn,10,0.11190462946891784,0.050134990708381476,1.0,5.930918075992839e-05,0.003024768218756348
umap,mae,t,knn,lgbm,50,-0.0592582394905636,0.08761999099379705,0.3,1.6255533922974476e-05,0.0007477545604568259
umap,mae,t,knn,chemeleon,50,-0.08521332865515908,0.13726323823290673,0.26,6.039256929048631e-05,0.0026572730487813977
umap,mae,t,knn,monroe35,50,-0.11624783905674439,0.09217265976750266,0.04,7.814185164648146e-12,4.2978018405564805e-10
umap,mae,t,knn,median,50,0.005220830512589305,0.15246329807067815,0.36,0.8096853973409497,1.0
umap,mae,t,knn,pub_knn,50,-7.594413986566906e-11,7.906167943229721e-10,0.5,1.0,1.0
umap,mae,t,knn,pub_svm,50,-0.07800810286506382,0.09721910980418808,0.14,7.415023091889926e-07,3.781661776863862e-05
umap,mae,t,knn,pub_rf,50,-0.059924836463723936,0.1439786033220731,0.28,0.004955108808604326,0.15360837306673408
umap,mae,t,knn,pub_xgboost,50,-0.04913192849546551,0.0878106717123461,0.3,0.0002451434748157751,0.009805738992631003
umap,mae,t,knn,pub_mlp,50,-0.03403929288866905,0.12462971773074916,0.38,0.05924432725565926,1.0
umap,mae,t,knn,pub_gnn,50,0.03032549445149514,0.17671711308079374,0.54,0.23078285951478014,1.0
umap,mae,t,lgbm,chemeleon,50,-0.025955089164595494,0.12398813670486733,0.34,0.14521498707826433,1.0
umap,mae,t,lgbm,monroe35,50,-0.05698959956618081,0.0781972628986106,0.26,4.562659840589108e-06,0.00022357033218886631
umap,mae,t,lgbm,median,50,0.0644790700031529,0.1557388562792113,0.62,0.005169021551337086,0.15360837306673408
umap,mae,t,lgbm,pub_knn,50,0.05925823941461946,0.08761999107957112,0.7,1.625553451838027e-05,0.0007477545604568259
umap,mae,t,lgbm,pub_svm,50,-0.01874986337450022,0.06993464806217559,0.36,0.06389309499722375,1.0
umap,mae,t,lgbm,pub_rf,50,-0.0006665969731603439,0.15560961923948144,0.42,0.9759581124153621,1.0
umap,mae,t,lgbm,pub_xgboost,50,0.010126310995098087,0.0668157927737776,0.52,0.28912268992475304,1.0
umap,mae,t,lgbm,pub_mlp,50,0.025218946601894558,0.10035963258687959,0.58,0.08179939760648669,1.0
umap,mae,t,lgbm,pub_gnn,50,0.08958373394205874,0.18240279692726022,0.72,0.0010860728489485983,0.039098622562149535
umap,mae,t,chemeleon,monroe35,50,-0.031034510401585315,0.12198707857814099,0.42,0.07818887760977114,1.0
umap,mae,t,chemeleon,median,50,0.09043415916774838,0.20674493619426257,0.68,0.0032677061892018833,0.10783430424366215
umap,mae,t,chemeleon,pub_knn,50,0.08521332857921493,0.1372632382932875,0.74,6.039257045345652e-05,0.0026572730487813977
umap,mae,t,chemeleon,pub_svm,50,0.007205225790095272,0.10601659414525685,0.5,0.6329592462815085,1.0
umap,mae,t,chemeleon,pub_rf,50,0.02528849219143515,0.1749608918961876,0.54,0.3117825970084287,1.0
umap,mae,t,chemeleon,pub_xgboost,50,0.03608140015969357,0.12745033844607354,0.54,0.05085514030816451,1.0
umap,mae,t,chemeleon,pub_mlp,50,0.051174035766490045,0.1117932196214826,0.7,0.0021699648793997556,0.07594877077899145
umap,mae,t,chemeleon,pub_gnn,50,0.11553882310665424,0.2059185603744998,0.82,0.00023667979664693736,0.009703871662524432
umap,mae,t,monroe35,median,50,0.12146866956933369,0.14535073550954047,0.84,3.2283436369434804e-07,1.7110221275800445e-05
umap,mae,t,monroe35,pub_knn,50,0.11624783898080025,0.09217265981467988,0.96,7.814185443957453e-12,4.2978018405564805e-10
umap,mae,t,monroe35,pub_svm,50,0.038239736191680584,0.08518456628340837,0.6,0.002596297938574513,0.08827412991153344
umap,mae,t,monroe35,pub_rf,50,0.05632300259302046,0.15978818475342343,0.58,0.01611645414410438,0.4190278077467139
umap,mae,t,monroe35,pub_xgboost,50,0.0671159105612789,0.09543920611288924,0.76,8.497844639715757e-06,0.00040789654270635635
umap,mae,t,monroe35,pub_mlp,50,0.08220854616807535,0.11841077132471065,0.72,1.0555063048473199e-05,0.0004960879632782404
umap,mae,t,monroe35,pub_gnn,50,0.14657333350823953,0.182412536534588,0.84,7.208937722591476e-07,3.748647615747568e-05
umap,mae,t,median,pub_knn,50,-0.005220830588533445,0.15246329800104608,0.64,0.8096853945420914,1.0
umap,mae,t,median,pub_svm,50,-0.08322893337765314,0.14175061834317956,0.2,0.00013126182857930348,0.005512996800330746
umap,mae,t,median,pub_rf,50,-0.06514566697631324,0.19572206016959842,0.4,0.02264883649163431,0.5662209122908578
umap,mae,t,median,pub_xgboost,50,-0.054352759008054814,0.16562980557733362,0.38,0.024524167723019512,0.5885800253524682
umap,mae,t,median,pub_mlp,50,-0.03926012340125835,0.18248068103622203,0.4,0.13460781458702428,1.0
umap,mae,t,median,pub_gnn,50,0.025104663938905834,0.21546323483971902,0.56,0.41399757597135556,1.0
umap,mae,t,pub_knn,pub_svm,50,-0.07800810278911968,0.0972191098858183,0.14,7.41502336050515e-07,3.781661776863862e-05
umap,mae,t,pub_knn,pub_rf,50,-0.0599248363877798,0.14397860327991555,0.28,0.004955108847516195,0.15360837306673408
umap,mae,t,pub_knn,pub_xgboost,50,-0.04913192841952137,0.08781067191879263,0.3,0.00024514348677991864,0.009805738992631003
umap,mae,t,pub_knn,pub_mlp,50,-0.03403929281272491,0.1246297178249966,0.38,0.05924432798737248,1.0
umap,mae,t,pub_knn,pub_gnn,50,0.03032549452743928,0.17671711299530465,0.54,0.23078285814175192,1.0
umap,mae,t,pub_svm,pub_rf,50,0.01808326640133988,0.15711817156529465,0.5,0.4196778002941917,1.0
umap,mae,t,pub_svm,pub_xgboost,50,0.0288761743695983,0.07561020892772473,0.62,0.009479014680731727,0.25593339637975665
umap,mae,t,pub_svm,pub_mlp,50,0.04396880997639477,0.08369734967574224,0.72,0.0005216375795997129,0.019300590445189378
umap,mae,t,pub_svm,pub_gnn,50,0.10833359731655896,0.19795687073809679,0.74,0.00032216151222507947,0.01224213746455302
umap,mae,t,pub_rf,pub_xgboost,50,0.010792907968258431,0.1531176298585202,0.6,0.6204157701510736,1.0
umap,mae,t,pub_rf,pub_mlp,50,0.025885543575054903,0.1813623352493656,0.64,0.3178166639249766,1.0
umap,mae,t,pub_rf,pub_gnn,50,0.09025033091521908,0.2098883817497076,0.68,0.0037852915759868976,0.12112933043158072
umap,mae,t,pub_xgboost,pub_mlp,50,0.015092635606796473,0.09118870670491151,0.5,0.24752813146876193,1.0
umap,mae,t,pub_xgboost,pub_gnn,50,0.07945742294696066,0.1952644208638764,0.7,0.0059243353562636915,0.16588138997538338
umap,mae,t,pub_mlp,pub_gnn,50,0.06436478734016418,0.22001107788238422,0.7,0.043875686040962446,1.0
umap,mae,wilcoxon,knn,lgbm,50,-0.0592582394905636,0.08761999099379705,0.3,2.191284211150446e-05,0.0009203393686831873
umap,mae,wilcoxon,knn,chemeleon,50,-0.08521332865515908,0.13726323823290673,0.26,7.946967700789287e-06,0.0003735074819370965
umap,mae,wilcoxon,knn,monroe35,50,-0.11624783905674439,0.09217265976750266,0.04,7.65609797781508e-12,4.2108538877982937e-10
umap,mae,wilcoxon,knn,median,50,0.005220830512589305,0.15246329807067815,0.36,0.16888071753563239,1.0
umap,mae,wilcoxon,knn,pub_knn,50,-7.594413986566906e-11,7.906167943229721e-10,0.5,1.0,1.0
umap,mae,wilcoxon,knn,pub_svm,50,-0.07800810286506382,0.09721910980418808,0.14,2.305757291765076e-07,1.1759362188001887e-05
umap,mae,wilcoxon,knn,pub_rf,50,-0.059924836463723936,0.1439786033220731,0.28,0.0011471783973160399,0.039004065508745356
umap,mae,wilcoxon,knn,pub_xgboost,50,-0.04913192849546551,0.0878106717123461,0.3,0.0004885945525092694,0.01807799844284297
umap,mae,wilcoxon,knn,pub_mlp,50,-0.03403929288866905,0.12462971773074916,0.38,0.052989788310034314,1.0
umap,mae,wilcoxon,knn,pub_gnn,50,0.03032549445149514,0.17671711308079374,0.54,0.3776732059941086,1.0
umap,mae,wilcoxon,lgbm,chemeleon,50,-0.025955089164595494,0.12398813670486733,0.34,0.037166605079788084,0.9201773402882871
umap,mae,wilcoxon,lgbm,monroe35,50,-0.05698959956618081,0.0781972628986106,0.26,7.518488965629899e-06,0.00036088747035023516
umap,mae,wilcoxon,lgbm,median,50,0.0644790700031529,0.1557388562792113,0.62,0.011200519477185367,0.31361454536119027
umap,mae,wilcoxon,lgbm,pub_knn,50,0.05925823941461946,0.08761999107957112,0.7,2.191284211150446e-05,0.0009203393686831873
umap,mae,wilcoxon,lgbm,pub_svm,50,-0.01874986337450022,0.06993464806217559,0.36,0.0362699414949752,0.9201773402882871
umap,mae,wilcoxon,lgbm,pub_rf,50,-0.0006665969731603439,0.15560961923948144,0.42,0.5984627102635613,1.0
umap,mae,wilcoxon,lgbm,pub_xgboost,50,0.010126310995098087,0.0668157927737776,0.52,0.30905100446984335,1.0
umap,mae,wilcoxon,lgbm,pub_mlp,50,0.025218946601894558,0.10035963258687959,0.58,0.06633200503891068,1.0
umap,mae,wilcoxon,lgbm,pub_gnn,50,0.08958373394205874,0.18240279692726022,0.72,0.0002857006608838475,0.010856625113586205
umap,mae,wilcoxon,chemeleon,monroe35,50,-0.031034510401585315,0.12198707857814099,0.42,0.06346609527860991,1.0
umap,mae,wilcoxon,chemeleon,median,50,0.09043415916774838,0.20674493619426257,0.68,0.001190697289374043,0.039004065508745356
umap,mae,wilcoxon,chemeleon,pub_knn,50,0.08521332857921493,0.1372632382932875,0.74,7.946967700789287e-06,0.0003735074819370965
umap,mae,wilcoxon,chemeleon,pub_svm,50,0.007205225790095272,0.10601659414525685,0.5,0.9542249738357711,1.0
umap,mae,wilcoxon,chemeleon,pub_rf,50,0.02528849219143515,0.1749608918961876,0.54,0.32777522027848605,1.0
umap,mae,wilcoxon,chemeleon,pub_xgboost,50,0.03608140015969357,0.12745033844607354,0.54,0.08226751834101265,1.0
umap,mae,wilcoxon,chemeleon,pub_mlp,50,0.051174035766490045,0.1117932196214826,0.7,0.0005734773907004609,0.02007170867451613
umap,mae,wilcoxon,chemeleon,pub_gnn,50,0.11553882310665424,0.2059185603744998,0.82,4.028586058524297e-06,0.00019740071686769056
umap,mae,wilcoxon,monroe35,median,50,0.12146866956933369,0.14535073550954047,0.84,6.917133532624575e-09,3.596909436964779e-07
umap,mae,wilcoxon,monroe35,pub_knn,50,0.11624783898080025,0.09217265981467988,0.96,7.65609797781508e-12,4.2108538877982937e-10
umap,mae,wilcoxon,monroe35,pub_svm,50,0.038239736191680584,0.08518456628340837,0.6,0.009116960633276605,0.26439185836502155
umap,mae,wilcoxon,monroe35,pub_rf,50,0.05632300259302046,0.15978818475342343,0.58,0.04830953815983641,1.0
umap,mae,wilcoxon,monroe35,pub_xgboost,50,0.0671159105612789,0.09543920611288924,0.76,1.1033688904760197e-05,0.0004965160007142089
umap,mae,wilcoxon,monroe35,pub_mlp,50,0.08220854616807535,0.11841077132471065,0.72,1.2965142769161275e-05,0.0005704662818430961
umap,mae,wilcoxon,monroe35,pub_gnn,50,0.14657333350823953,0.182412536534588,0.84,4.8571529021046445e-09,2.5742910381154616e-07
umap,mae,wilcoxon,median,pub_knn,50,-0.005220830588533445,0.15246329800104608,0.64,0.16888071753563239,1.0
umap,mae,wilcoxon,median,pub_svm,50,-0.08322893337765314,0.14175061834317956,0.2,2.0810681753857807e-05,0.0008948593154158857
umap,mae,wilcoxon,median,pub_rf,50,-0.06514566697631324,0.19572206016959842,0.4,0.06207125225267518,1.0
umap,mae,wilcoxon,median,pub_xgboost,50,-0.054352759008054814,0.16562980557733362,0.38,0.05178623002471738,1.0
umap,mae,wilcoxon,median,pub_mlp,50,-0.03926012340125835,0.18248068103622203,0.4,0.1976349682926415,1.0
umap,mae,wilcoxon,median,pub_gnn,50,0.025104663938905834,0.21546323483971902,0.56,0.2695104487517437,1.0
umap,mae,wilcoxon,pub_knn,pub_svm,50,-0.07800810278911968,0.0972191098858183,0.14,2.305757291765076e-07,1.1759362188001887e-05
umap,mae,wilcoxon,pub_knn,pub_rf,50,-0.0599248363877798,0.14397860327991555,0.28,0.0011471783973160399,0.039004065508745356
umap,mae,wilcoxon,pub_knn,pub_xgboost,50,-0.04913192841952137,0.08781067191879263,0.3,0.0004885945525092694,0.01807799844284297
umap,mae,wilcoxon,pub_knn,pub_mlp,50,-0.03403929281272491,0.1246297178249966,0.38,0.052989788310034314,1.0
umap,mae,wilcoxon,pub_knn,pub_gnn,50,0.03032549452743928,0.17671711299530465,0.54,0.3776732059941086,1.0
umap,mae,wilcoxon,pub_svm,pub_rf,50,0.01808326640133988,0.15711817156529465,0.5,0.6321732707310517,1.0
umap,mae,wilcoxon,pub_svm,pub_xgboost,50,0.0288761743695983,0.07561020892772473,0.62,0.01330480151673541,0.35922964095185606
umap,mae,wilcoxon,pub_svm,pub_mlp,50,0.04396880997639477,0.08369734967574224,0.72,0.0002409992117797799,0.009398969259411416
umap,mae,wilcoxon,pub_svm,pub_gnn,50,0.10833359731655896,0.19795687073809679,0.74,0.00012454807471407037,0.004981922988562815
umap,mae,wilcoxon,pub_rf,pub_xgboost,50,0.010792907968258431,0.1531176298585202,0.6,0.17191424676435396,1.0
umap,mae,wilcoxon,pub_rf,pub_mlp,50,0.025885543575054903,0.1813623352493656,0.64,0.16888071753563239,1.0
umap,mae,wilcoxon,pub_rf,pub_gnn,50,0.09025033091521908,0.2098883817497076,0.68,0.003099259960384515,0.09607705877191997
umap,mae,wilcoxon,pub_xgboost,pub_mlp,50,0.015092635606796473,0.09118870670491151,0.5,0.4375680954084249,1.0
umap,mae,wilcoxon,pub_xgboost,pub_gnn,50,0.07945742294696066,0.1952644208638764,0.7,0.0032054206503495664,0.09616261951048699
umap,mae,wilcoxon,pub_mlp,pub_gnn,50,0.06436478734016418,0.22001107788238422,0.7,0.03539143616493412,0.9201773402882871
umap,mae,t_target,knn,lgbm,10,-0.059258239490563594,0.04567501724824087,0.2,0.0026659164813278616,0.09863890980913088
umap,mae,t_target,knn,chemeleon,10,-0.0852133286551591,0.05712256435773326,0.0,0.0010931249861470531,0.04917572237753284
umap,mae,t_target,knn,monroe35,10,-0.11624783905674438,0.051494682371120606,0.0,5.432410679830538e-05,0.0029335017618082604
umap,mae,t_target,knn,median,10,0.0052208305125893365,0.09375130088557707,0.4,0.8641132041064862,1.0
umap,mae,t_target,knn,pub_knn,10,-7.594410655897831e-11,4.1740707421878334e-10,0.4,1.0,1.0
umap,mae,t_target,knn,pub_svm,10,-0.0780081028650638,0.04292702552098375,0.0,0.0002774920994088577,0.014152097069851745
umap,mae,t_target,knn,pub_rf,10,-0.05992483646372393,0.044546231306289825,0.0,0.002129932065598281,0.08519728218819886
umap,mae,t_target,knn,pub_xgboost,10,-0.049131928495465514,0.046318646210364134,0.1,0.008464856857564644,0.26241056258450396
umap,mae,t_target,knn,pub_mlp,10,-0.03403929288866905,0.04537937855209777,0.2,0.04176909313548167,1.0
umap,mae,t_target,knn,pub_gnn,10,0.03032549445149515,0.0656491108767249,0.7,0.17809355666385912,1.0
umap,mae,t_target,lgbm,chemeleon,10,-0.0259550891645955,0.05353067079728841,0.3,0.1595746900315378,1.0
umap,mae,t_target,lgbm,monroe35,10,-0.056989599566180806,0.03802584289565178,0.1,0.0010599312704118605,0.048756838438945585
umap,mae,t_target,lgbm,median,10,0.06447907000315292,0.10868571914106452,0.7,0.0933918895864451,1.0
umap,mae,t_target,lgbm,pub_knn,10,0.05925823941461948,0.04567501721137655,0.8,0.0026659164890831095,0.09863890980913088
umap,mae,t_target,lgbm,pub_svm,10,-0.018749863374500197,0.04045792394354258,0.3,0.17682023794195767,1.0
umap,mae,t_target,lgbm,pub_rf,10,-0.0006665969731603383,0.03165032128370244,0.5,0.9483548634192797,1.0
umap,mae,t_target,lgbm,pub_xgboost,10,0.010126310995098076,0.03954629741229562,0.6,0.4389733375924432,1.0
umap,mae,t_target,lgbm,pub_mlp,10,0.025218946601894544,0.050681563427537456,0.6,0.15004577688146858,1.0
umap,mae,t_target,lgbm,pub_gnn,10,0.08958373394205874,0.05374915724471366,1.0,0.0005134821063192157,0.024647141103322355
umap,mae,t_target,chemeleon,monroe35,10,-0.0310345104015853,0.06620486870143306,0.3,0.1723884570989467,1.0
umap,mae,t_target,chemeleon,median,10,0.09043415916774843,0.1361262172142334,0.7,0.06503072247742755,1.0
umap,mae,t_target,chemeleon,pub_knn,10,0.08521332857921499,0.05712256446432248,1.0,0.00109312500613568,0.04917572237753284
umap,mae,t_target,chemeleon,pub_svm,10,0.007205225790095304,0.06075806003814579,0.6,0.7163371829264603,1.0
umap,mae,t_target,chemeleon,pub_rf,10,0.025288492191435162,0.07018053003300176,0.7,0.2839216309635335,1.0
umap,mae,t_target,chemeleon,pub_xgboost,10,0.03608140015969358,0.05842984546630433,0.6,0.08259987766271033,1.0
umap,mae,t_target,chemeleon,pub_mlp,10,0.051174035766490045,0.05280929596165117,0.8,0.013476366518620159,0.3908146290399846
umap,mae,t_target,chemeleon,pub_gnn,10,0.11553882310665424,0.06276810233828804,0.9,0.000252780555521991,0.013144588887143533
umap,mae,t_target,monroe35,median,10,0.12146866956933373,0.10570660896583697,0.9,0.005453179934756249,0.1799549378469562
umap,mae,t_target,monroe35,pub_knn,10,0.1162478389808003,0.05149468232550368,1.0,5.432410670015297e-05,0.0029335017618082604
umap,mae,t_target,monroe35,pub_svm,10,0.038239736191680605,0.052245565794745416,0.7,0.04589388173464958,1.0
umap,mae,t_target,monroe35,pub_rf,10,0.05632300259302046,0.050701146791671675,0.9,0.0065883384136890075,0.21082682923804824
umap,mae,t_target,monroe35,pub_xgboost,10,0.06711591056127889,0.0546564323206278,0.9,0.0037135221175779855,0.1262597519976515
umap,mae,t_target,monroe35,pub_mlp,10,0.08220854616807535,0.051878411160770924,1.0,0.0007278950001848629,0.034211065008688556
umap,mae,t_target,monroe35,pub_gnn,10,0.14657333350823956,0.04412534020271437,1.0,2.372378103093843e-06,0.00013048079567016136
umap,mae,t_target,median,pub_knn,10,-0.0052208305885334426,0.09375130097826556,0.6,0.8641132022851935,1.0
umap,mae,t_target,median,pub_svm,10,-0.08322893337765312,0.08859046041445254,0.2,0.015679612046531857,0.439029137302892
umap,mae,t_target,median,pub_rf,10,-0.06514566697631327,0.09897944748226756,0.3,0.06712054304853089,1.0
umap,mae,t_target,median,pub_xgboost,10,-0.05435275900805485,0.10373964760646934,0.3,0.13193468530668764,1.0
umap,mae,t_target,median,pub_mlp,10,-0.03926012340125838,0.10422482941385311,0.5,0.2640455589707324,1.0
umap,mae,t_target,median,pub_gnn,10,0.025104663938905813,0.1291475571825623,0.5,0.5539692378839572,1.0
umap,mae,t_target,pub_knn,pub_svm,10,-0.07800810278911968,0.04292702568051519,0.0,0.0002774921088330416,0.014152097069851745
umap,mae,t_target,pub_knn,pub_rf,10,-0.059924836387779824,0.044546231213475854,0.0,0.0021299320547049716,0.08519728218819886
umap,mae,t_target,pub_knn,pub_xgboost,10,-0.04913192841952141,0.04631864629356098,0.1,0.008464857008369001,0.26241056258450396
umap,mae,t_target,pub_knn,pub_mlp,10,-0.03403929281272494,0.04537937863422223,0.2,0.04176909379161185,1.0
umap,mae,t_target,pub_knn,pub_gnn,10,0.030325494527439257,0.06564911082577768,0.7,0.17809355538037164,1.0
umap,mae,t_target,pub_svm,pub_rf,10,0.018083266401339858,0.03420637167739571,0.7,0.12890780158869172,1.0
umap,mae,t_target,pub_svm,pub_xgboost,10,0.028876174369598273,0.01997602016069163,0.9,0.0013445815798782536,0.05647242635488665
umap,mae,t_target,pub_svm,pub_mlp,10,0.04396880997639474,0.03279815146447314,1.0,0.0021764993568347377,0.08519728218819886
umap,mae,t_target,pub_svm,pub_gnn,10,0.10833359731655894,0.06240973755878563,1.0,0.00038552832738671935,0.018890888041949248
umap,mae,t_target,pub_rf,pub_xgboost,10,0.010792907968258414,0.03414542761851297,0.6,0.3436411888769111,1.0
umap,mae,t_target,pub_rf,pub_mlp,10,0.025885543575054883,0.046717343333029515,0.8,0.1136528346184299,1.0
umap,mae,t_target,pub_rf,pub_gnn,10,0.09025033091521908,0.060496343697717045,1.0,0.001092793830611841,0.04917572237753284
umap,mae,t_target,pub_xgboost,pub_mlp,10,0.015092635606796467,0.03540197466629479,0.6,0.21055855247249583,1.0
umap,mae,t_target,pub_xgboost,pub_gnn,10,0.07945742294696066,0.05660685123242228,0.9,0.0016263172437822218,0.0666790069950711
umap,mae,t_target,pub_mlp,pub_gnn,10,0.0643647873401642,0.05089088510338661,0.9,0.0031126616605401465,0.10894315811890513
time,mae,t,knn,lgbm,50,-0.07880221094518201,0.10738398495544439,0.26,4.033257668429962e-06,0.00013309749737569046
time,mae,t,knn,chemeleon,50,-0.09829341177928726,0.11156957010545752,0.18,1.0349183658508462e-07,4.243165187865426e-06
time,mae,t,knn,monroe35,50,-0.1311940885258839,0.1089404426833054,0.1,3.145060933102664e-11,1.6668822287737911e-09
time,mae,t,knn,median,50,0.010211695563861901,0.1818787260880402,0.42,0.6930844143012479,1.0
time,mae,t,knn,pub_knn,50,1.6301806127216877e-10,6.776092603269336e-10,0.5,1.0,1.0
time,mae,t,knn,pub_svm,50,-0.0967214372279107,0.1083137653025063,0.18,7.65667254920493e-08,3.292369067754462e-06
time,mae,t,knn,pub_rf,50,-0.10084906858797059,0.09050538602259262,0.08,2.9242918820852475e-10,1.4913887754962945e-08
time,mae,t,knn,pub_xgboost,50,-0.0749405327235647,0.09323262012406074,0.18,7.15973411424584e-07,2.5775041558598864e-05
time,mae,t,knn,pub_mlp,50,-0.05724347595448468,0.1175996974461399,0.28,0.0011906266484314517,0.023812532355900404
time,mae,t,knn,pub_gnn,50,0.06644122000460649,0.18226650872138725,0.6,0.013008215352897845,0.20813144564636551
time,mae,t,lgbm,chemeleon,50,-0.019491200834105236,0.07171243818065239,0.46,0.06044444577042932,0.6228684141530436
time,mae,t,lgbm,monroe35,50,-0.05239187758070189,0.05304470770395633,0.16,7.022202511856583e-09,3.300435180572594e-07
time,mae,t,lgbm,median,50,0.08901390650904392,0.16011734888703746,0.76,0.00026563906429657357,0.007172254736007486
time,mae,t,lgbm,pub_knn,50,0.07880221110820007,0.10738398492233021,0.74,4.033257496233044e-06,0.00013309749737569046
time,mae,t,lgbm,pub_svm,50,-0.01791922628272868,0.06490083380492762,0.32,0.05662440128664033,0.6228684141530436
time,mae,t,lgbm,pub_rf,50,-0.022046857642788586,0.049300860369387696,0.36,0.002687514479213415,0.048375260625841465
time,mae,t,lgbm,pub_xgboost,50,0.0038616782216173264,0.04579720647659568,0.6,0.5537586130875556,1.0
time,mae,t,lgbm,pub_mlp,50,0.021558734990697322,0.0806854384466585,0.58,0.06476921022438643,0.6228684141530436
time,mae,t,lgbm,pub_gnn,50,0.1452434309497885,0.1575238169543511,0.9,3.6799734243886316e-08,1.619188306730998e-06
time,mae,t,chemeleon,monroe35,50,-0.032900676746596656,0.06482386279149296,0.26,0.0007661479215665191,0.01762140219602994
time,mae,t,chemeleon,median,50,0.10850510734314917,0.1802458716982057,0.76,9.340860937098814e-05,0.002802258281129644
time,mae,t,chemeleon,pub_knn,50,0.09829341194230531,0.11156957015751409,0.82,1.0349183385037624e-07,4.243165187865426e-06
time,mae,t,chemeleon,pub_svm,50,0.0015719745513765582,0.06731850036298422,0.52,0.8695299427386876,1.0
time,mae,t,chemeleon,pub_rf,50,-0.00255565680868334,0.07573835043487112,0.44,0.8124103060196046,1.0
time,mae,t,chemeleon,pub_xgboost,50,0.023352879055722565,0.07091945141510682,0.7,0.024060335842728573,0.33684470179820003
time,mae,t,chemeleon,pub_mlp,50,0.04104993582480256,0.0691197443454723,0.66,0.00011249234981490422,0.0032622781446322224
time,mae,t,chemeleon,pub_gnn,50,0.16473463178389372,0.15304165768174727,0.88,7.540894436870155e-10,3.6196293296976745e-08
time,mae,t,monroe35,median,50,0.14140578408974583,0.16578765262291026,0.86,2.0955659973991311e-07,7.963150790116699e-06
time,mae,t,monroe35,pub_knn,50,0.13119408868890198,0.10894044267354654,0.9,3.145060809007153e-11,1.6668822287737911e-09
time,mae,t,monroe35,pub_svm,50,0.03447265129797322,0.0630927574503886,0.64,0.0003284936601925364,0.008540835165005946
time,mae,t,monroe35,pub_rf,50,0.03034501993791332,0.05401392299349897,0.72,0.00023294235588629115,0.006522385964816152
time,mae,t,monroe35,pub_xgboost,50,0.05625355580231922,0.05781109032355917,0.86,1.0157730008020887e-08,4.672555803689608e-07
time,mae,t,monroe35,pub_mlp,50,0.07395061257139922,0.08621089450739376,0.84,1.8551720025209555e-07,7.235170809831726e-06
time,mae,t,monroe35,pub_gnn,50,0.1976353085304904,0.15243229071705322,0.98,3.3178206769700862e-12,1.8248013723335475e-10
time,mae,t,median,pub_knn,50,-0.01021169540084384,0.1818787260715251,0.58,0.6930844189177972,1.0
time,mae,t,median,pub_svm,50,-0.10693313279177259,0.15331836347883668,0.22,9.771846497948716e-06,0.0003029272414364102
time,mae,t,median,pub_rf,50,-0.1110607641518325,0.1391823202190115,0.1,8.282041332802094e-07,2.8158940531527122e-05
time,mae,t,median,pub_xgboost,50,-0.08515222828742658,0.16335236678380394,0.32,0.0005696638992367362,0.013671933581681669
time,mae,t,median,pub_mlp,50,-0.0674551715183466,0.17420126940097627,0.36,0.008589851994737425,0.14602748391053622
time,mae,t,median,pub_gnn,50,0.056229524440744576,0.1805607102973176,0.64,0.03239923151498222,0.3887907781797866
time,mae,t,pub_knn,pub_svm,50,-0.09672143739092876,0.10831376529724182,0.18,7.656672250591773e-08,3.292369067754462e-06
time,mae,t,pub_knn,pub_rf,50,-0.10084906875098865,0.09050538598470713,0.08,2.9242917166594006e-10,1.4913887754962945e-08
time,mae,t,pub_knn,pub_xgboost,50,-0.07494053288658276,0.0932326201005307,0.18,7.159733766277463e-07,2.5775041558598864e-05
time,mae,t,pub_knn,pub_mlp,50,-0.05724347611750276,0.11759969748510427,0.28,0.0011906266177950202,0.023812532355900404
time,mae,t,pub_knn,pub_gnn,50,0.06644121984158842,0.18226650864912583,0.6,0.013008215528138677,0.20813144564636551
time,mae,t,pub_svm,pub_rf,50,-0.004127631360059898,0.05903205087166443,0.6,0.6232174565074432,1.0
time,mae,t,pub_svm,pub_xgboost,50,0.021780904504346003,0.06840568977851329,0.64,0.028872665703136076,0.375344654140769
time,mae,t,pub_svm,pub_mlp,50,0.039477961273425996,0.078873306132909,0.7,0.0008900252794268907,0.019580556147391594
time,mae,t,pub_svm,pub_gnn,50,0.1631626572325172,0.13267742874774957,0.92,1.6824257360658232e-11,9.085098974755445e-10
time,mae,t,pub_rf,pub_xgboost,50,0.025908535864405904,0.05180009124602361,0.68,0.0008968689611000143,0.019580556147391594
time,mae,t,pub_rf,pub_mlp,50,0.0436055926334859,0.08228994414757478,0.7,0.00047212329689773065,0.011803082422443266
time,mae,t,pub_rf,pub_gnn,50,0.16729028859257705,0.1514741210199671,0.9,3.741578842539056e-10,1.8333736328441375e-08
time,mae,t,pub_xgboost,pub_mlp,50,0.017697056769079997,0.08530713557316234,0.56,0.14879232955726765,1.0
time,mae,t,pub_xgboost,pub_gnn,50,0.14138175272817116,0.1530686038715433,0.86,3.533658387607773e-08,1.5901462744234978e-06
time,mae,t,pub_mlp,pub_gnn,50,0.12368469595909116,0.15022457668959968,0.8,4.398199447036729e-07,1.62733379540359e-05
time,mae,wilcoxon,knn,lgbm,50,-0.07880221094518201,0.10738398495544439,0.26,1.4543591948523726e-06,4.6539494235275924e-05
time,mae,wilcoxon,knn,chemeleon,50,-0.09829341177928726,0.11156957010545752,0.18,3.348859145546612e-08,1.3395436582186449e-06
time,mae,wilcoxon,knn,monroe35,50,-0.1311940885258839,0.1089404426833054,0.1,2.022026990289305e-11,1.0716743048533317e-09
time,mae,wilcoxon,knn,median,50,0.010211695563861901,0.1818787260880402,0.42,0.5335711137818162,1.0
time,mae,wilcoxon,knn,pub_knn,50,1.6301806127216877e-10,6.776092603269336e-10,0.5,1.0,1.0
time,mae,wilcoxon,knn,pub_svm,50,-0.0967214372279107,0.1083137653025063,0.18,3.348859145546612e-08,1.3395436582186449e-06
time,mae,wilcoxon,knn,pub_rf,50,-0.10084906858797059,0.09050538602259262,0.08,2.630606843467831e-11,1.3416094901685938e-09
time,mae,wilcoxon,knn,pub_xgboost,50,-0.0749405327235647,0.09323262012406074,0.18,2.0039570713947796e-07,7.013849749881729e-06
time,mae,wilcoxon,knn,pub_mlp,50,-0.05724347595448468,0.1175996974461399,0.28,0.0014846473444478647,0.03117759423340516
time,mae,wilcoxon,knn,pub_gnn,50,0.06644122000460649,0.18226650872138725,0.6,0.02898427633581413,0.4057798687013978
time,mae,wilcoxon,lgbm,chemeleon,50,-0.019491200834105236,0.07171243818065239,0.46,0.13807290852462017,1.0
time,mae,wilcoxon,lgbm,monroe35,50,-0.05239187758070189,0.05304470770395633,0.16,8.22989321136447e-09,3.456555148773077e-07
time,mae,wilcoxon,lgbm,median,50,0.08901390650904392,0.16011734888703746,0.76,6.508990648690371e-05,0.0018876072881202077
time,mae,wilcoxon,lgbm,pub_knn,50,0.07880221110820007,0.10738398492233021,0.74,1.4543591948523726e-06,4.6539494235275924e-05
time,mae,wilcoxon,lgbm,pub_svm,50,-0.01791922628272868,0.06490083380492762,0.32,0.04944640680060175,0.593356881607221
time,mae,wilcoxon,lgbm,pub_rf,50,-0.022046857642788586,0.049300860369387696,0.36,0.0022762251098509267,0.04097205197731668
time,mae,wilcoxon,lgbm,pub_xgboost,50,0.0038616782216173264,0.04579720647659568,0.6,0.46061015880625966,1.0
time,mae,wilcoxon,lgbm,pub_mlp,50,0.021558734990697322,0.0806854384466585,0.58,0.0894381024777875,0.894381024777875
time,mae,wilcoxon,lgbm,pub_gnn,50,0.1452434309497885,0.1575238169543511,0.9,3.8819791825517314e-10,1.7857104239737964e-08
time,mae,wilcoxon,chemeleon,monroe35,50,-0.032900676746596656,0.06482386279149296,0.26,0.0004153236253312542,0.011213737883943864
time,mae,wilcoxon,chemeleon,median,50,0.10850510734314917,0.1802458716982057,0.76,3.288899332076767e-05,0.00098666979962303
time,mae,wilcoxon,chemeleon,pub_knn,50,0.09829341194230531,0.11156957015751409,0.82,3.348859145546612e-08,1.3395436582186449e-06
time,mae,wilcoxon,chemeleon,pub_svm,50,0.0015719745513765582,0.06731850036298422,0.52,0.9389922173111831,1.0
time,mae,wilcoxon,chemeleon,pub_rf,50,-0.00255565680868334,0.07573835043487112,0.44,0.6185935400423848,1.0
time,mae,wilcoxon,chemeleon,pub_xgboost,50,0.023352879055722565,0.07091945141510682,0.7,0.01806109651468013,0.2889775442348821
time,mae,wilcoxon,chemeleon,pub_mlp,50,0.04104993582480256,0.0691197443454723,0.66,0.0002409992117797799,0.006747977929833837
time,mae,wilcoxon,chemeleon,pub_gnn,50,0.16473463178389372,0.15304165768174727,0.88,3.489741828843762e-10,1.640178659556568e-08
time,mae,wilcoxon,monroe35,median,50,0.14140578408974583,0.16578765262291026,0.86,2.0232171493717033e-10,9.711442316984176e-09
time,mae,wilcoxon,monroe35,pub_knn,50,0.13119408868890198,0.10894044267354654,0.9,2.022026990289305e-11,1.0716743048533317e-09
time,mae,wilcoxon,monroe35,pub_svm,50,0.03447265129797322,0.0630927574503886,0.64,0.0015962870115284744,0.03117759423340516
time,mae,wilcoxon,monroe35,pub_rf,50,0.03034501993791332,0.05401392299349897,0.72,0.0005086665780176247,0.012716664450440618
time,mae,wilcoxon,monroe35,pub_xgboost,50,0.05625355580231922,0.05781109032355917,0.86,1.0642100534141719e-08,4.3632612189981046e-07
time,mae,wilcoxon,monroe35,pub_mlp,50,0.07395061257139922,0.08621089450739376,0.84,6.3368066349767105e-09,2.7248268530399855e-07
time,mae,wilcoxon,monroe35,pub_gnn,50,0.1976353085304904,0.15243229071705322,0.98,3.6148861681795097e-12,1.9881873924987303e-10
time,mae,wilcoxon,median,pub_knn,50,-0.01021169540084384,0.1818787260715251,0.58,0.5335711137818162,1.0
time,mae,wilcoxon,median,pub_svm,50,-0.10693313279177259,0.15331836347883668,0.22,1.0633089786438177e-06,3.5089196295245983e-05
time,mae,wilcoxon,median,pub_rf,50,-0.1110607641518325,0.1391823202190115,0.1,3.8819791825517314e-10,1.7857104239737964e-08
time,mae,wilcoxon,median,pub_xgboost,50,-0.08515222828742658,0.16335236678380394,0.32,0.0005294876867694143,0.012716664450440618
time,mae,wilcoxon,median,pub_mlp,50,-0.0674551715183466,0.17420126940097627,0.36,0.01531204751384152,0.26030480773530584
time,mae,wilcoxon,median,pub_gnn,50,0.056229524440744576,0.1805607102973176,0.64,0.05178623002471738,0.593356881607221
time,mae,wilcoxon,pub_knn,pub_svm,50,-0.09672143739092876,0.10831376529724182,0.18,3.348859145546612e-08,1.3395436582186449e-06
time,mae,wilcoxon,pub_knn,pub_rf,50,-0.10084906875098865,0.09050538598470713,0.08,2.630606843467831e-11,1.3416094901685938e-09
time,mae,wilcoxon,pub_knn,pub_xgboost,50,-0.07494053288658276,0.0932326201005307,0.18,2.0039570713947796e-07,7.013849749881729e-06
time,mae,wilcoxon,pub_knn,pub_mlp,50,-0.05724347611750276,0.11759969748510427,0.28,0.0014846473444478647,0.03117759423340516
time,mae,wilcoxon,pub_knn,pub_gnn,50,0.06644121984158842,0.18226650864912583,0.6,0.02898427633581413,0.4057798687013978
time,mae,wilcoxon,pub_svm,pub_rf,50,-0.004127631360059898,0.05903205087166443,0.6,0.645875956795086,1.0
time,mae,wilcoxon,pub_svm,pub_xgboost,50,0.021780904504346003,0.06840568977851329,0.64,0.01958777690517799,0.29381665357766984
time,mae,wilcoxon,pub_svm,pub_mlp,50,0.039477961273425996,0.078873306132909,0.7,0.0009504084140701252,0.02185939352361288
time,mae,wilcoxon,pub_svm,pub_gnn,50,0.1631626572325172,0.13267742874774957,0.92,8.842704346534447e-12,4.775060347128601e-10
time,mae,wilcoxon,pub_rf,pub_xgboost,50,0.025908535864405904,0.05180009124602361,0.68,0.0010251160635235124,0.022552553397517272
time,mae,wilcoxon,pub_rf,pub_mlp,50,0.0436055926334859,0.08228994414757478,0.7,0.00043263448054275955,0.011248496494111748
time,mae,wilcoxon,pub_rf,pub_gnn,50,0.16729028859257705,0.1514741210199671,0.9,8.060396794462577e-11,3.9495944292866625e-09
time,mae,wilcoxon,pub_xgboost,pub_mlp,50,0.017697056769079997,0.08530713557316234,0.56,0.26120880915335754,1.0
time,mae,wilcoxon,pub_xgboost,pub_gnn,50,0.14138175272817116,0.1530686038715433,0.86,2.81308842886574e-09,1.2377589087009255e-07
time,mae,wilcoxon,pub_mlp,pub_gnn,50,0.12368469595909116,0.15022457668959968,0.8,1.0490046520317264e-07,3.776416747314215e-06
time,mae,t_target,knn,lgbm,10,-0.07880221094518197,0.07583594787710929,0.1,0.009438903317767883,0.30204490090188907
time,mae,t_target,knn,chemeleon,10,-0.09829341177928723,0.08270352670744456,0.0,0.004496235731789208,0.18166067664572036
time,mae,t_target,knn,monroe35,10,-0.13119408852588385,0.08438364136820312,0.0,0.0008285903689434064,0.039772337301996884
time,mae,t_target,knn,median,10,0.010211695563861912,0.1453109252030674,0.4,0.8290970651731279,1.0
time,mae,t_target,knn,pub_knn,10,1.6301809901975162e-10,4.5124099926462935e-10,0.4,1.0,1.0
time,mae,t_target,knn,pub_svm,10,-0.0967214372279107,0.08117515906055821,0.1,0.0044307482627584495,0.18166067664572036
time,mae,t_target,knn,pub_rf,10,-0.10084906858797056,0.06623733205036697,0.0,0.0009539893295938347,0.04388350834540016
time,mae,t_target,knn,pub_xgboost,10,-0.07494053272356468,0.06771514077701321,0.0,0.006726674592202418,0.23495184910720884
time,mae,t_target,knn,pub_mlp,10,-0.05724347595448469,0.07095647520135323,0.1,0.03113655282289884,0.7784138104226688
time,mae,t_target,knn,pub_gnn,10,0.06644122000460649,0.1173091075325173,0.7,0.10689471086920341,1.0
time,mae,t_target,lgbm,chemeleon,10,-0.01949120083410526,0.0483746614074676,0.5,0.23452609209954353,1.0
time,mae,t_target,lgbm,monroe35,10,-0.052391877580701886,0.04009543449482855,0.0,0.002551554216411653,0.10716527708928943
time,mae,t_target,lgbm,median,10,0.08901390650904388,0.10429946725176997,0.8,0.024440422465744703,0.6354509841093623
time,mae,t_target,lgbm,pub_knn,10,0.07880221110820007,0.07583594778190629,0.9,0.009438903153184033,0.30204490090188907
time,mae,t_target,lgbm,pub_svm,10,-0.01791922628272873,0.03532829560709816,0.2,0.1431836686502192,1.0
time,mae,t_target,lgbm,pub_rf,10,-0.022046857642788596,0.029382507526457612,0.2,0.04171832115495221,0.8343664230990443
time,mae,t_target,lgbm,pub_xgboost,10,0.003861678221617293,0.02114207472358516,0.5,0.5776951910309088,1.0
time,mae,t_target,lgbm,pub_mlp,10,0.02155873499069728,0.04746904404366476,0.7,0.18478083031050857,1.0
time,mae,t_target,lgbm,pub_gnn,10,0.14524343094978848,0.07006812835945192,1.0,0.0001045586706109264,0.00522793353054632
time,mae,t_target,chemeleon,monroe35,10,-0.03290067674659662,0.04085898128209933,0.2,0.031382357922942035,0.7784138104226688
time,mae,t_target,chemeleon,median,10,0.10850510734314915,0.141126213877862,0.8,0.037900283594168735,0.8338062390717121
time,mae,t_target,chemeleon,pub_knn,10,0.09829341194230533,0.08270352669268229,1.0,0.004496235683951311,0.18166067664572036
time,mae,t_target,chemeleon,pub_svm,10,0.0015719745513765315,0.04815756783740153,0.5,0.920048651165622,1.0
time,mae,t_target,chemeleon,pub_rf,10,-0.0025556568086833376,0.05836321704834491,0.4,0.892915859001315,1.0
time,mae,t_target,chemeleon,pub_xgboost,10,0.02335287905572255,0.04779499454185237,0.7,0.15672038737823799,1.0
time,mae,t_target,chemeleon,pub_mlp,10,0.04104993582480254,0.04381896768497966,0.8,0.015896254455617577,0.4744310625810507
time,mae,t_target,chemeleon,pub_gnn,10,0.16473463178389375,0.07108513791268846,1.0,4.428366368996664e-05,0.002347034175568232
time,mae,t_target,monroe35,median,10,0.14140578408974575,0.12056038159881814,0.9,0.0048521178624148795,0.18166067664572036
time,mae,t_target,monroe35,pub_knn,10,0.13119408868890198,0.08438364134541082,1.0,0.0008285903604582684,0.039772337301996884
time,mae,t_target,monroe35,pub_svm,10,0.03447265129797315,0.03905617371424605,0.8,0.021013913247508682,0.5673756576827345
time,mae,t_target,monroe35,pub_rf,10,0.030345019937913286,0.04732433017190214,0.7,0.07320636418959496,1.0
time,mae,t_target,monroe35,pub_xgboost,10,0.05625355580231918,0.04115834170379453,1.0,0.0019273189711509625,0.08480203473064235
time,mae,t_target,monroe35,pub_mlp,10,0.07395061257139916,0.05539511736273057,1.0,0.002234379028176258,0.0960782982115791
time,mae,t_target,monroe35,pub_gnn,10,0.19763530853049033,0.06824703867555434,1.0,7.4062090282473485e-06,0.00040734149655360414
time,mae,t_target,median,pub_knn,10,-0.010211695400843813,0.14531092518222458,0.6,0.8290970678279513,1.0
time,mae,t_target,median,pub_svm,10,-0.1069331327917726,0.09658723342246547,0.1,0.006712909974491681,0.23495184910720884
time,mae,t_target,median,pub_rf,10,-0.11106076415183248,0.09591152245378634,0.1,0.005221225082268074,0.18796410296165067
time,mae,t_target,median,pub_xgboost,10,-0.08515222828742659,0.11184519622901308,0.2,0.03940581279756851,0.8338062390717121
time,mae,t_target,median,pub_mlp,10,-0.0674551715183466,0.12388912088288954,0.4,0.11920912645534125,1.0
time,mae,t_target,median,pub_gnn,10,0.05622952444074458,0.10913904751750855,0.6,0.13770261853225504,1.0
time,mae,t_target,pub_knn,pub_svm,10,-0.0967214373909288,0.0811751590335273,0.1,0.0044307482108712284,0.18166067664572036
time,mae,t_target,pub_knn,pub_rf,10,-0.10084906875098867,0.06623733197364444,0.0,0.0009539893118565252,0.04388350834540016
time,mae,t_target,pub_knn,pub_xgboost,10,-0.07494053288658278,0.067715140661812,0.0,0.006726674448650187,0.23495184910720884
time,mae,t_target,pub_knn,pub_mlp,10,-0.05724347611750279,0.07095647518237654,0.1,0.03113655241690675,0.7784138104226688
time,mae,t_target,pub_knn,pub_gnn,10,0.06644121984158839,0.11730910745835377,0.7,0.1068947114205476,1.0
time,mae,t_target,pub_svm,pub_rf,10,-0.004127631360059869,0.027484045662144758,0.4,0.6461571531750732,1.0
time,mae,t_target,pub_svm,pub_xgboost,10,0.02178090450434602,0.04162404852656537,0.7,0.1323615348077248,1.0
time,mae,t_target,pub_svm,pub_mlp,10,0.03947796127342601,0.042095768281810005,0.9,0.01581436875270169,0.4744310625810507
time,mae,t_target,pub_svm,pub_gnn,10,0.1631626572325172,0.057776606712484024,1.0,9.097849589466007e-06,0.0004912838778311643
time,mae,t_target,pub_rf,pub_xgboost,10,0.02590853586440589,0.03679159730210568,0.8,0.0529670361963004,1.0
time,mae,t_target,pub_rf,pub_mlp,10,0.04360559263348588,0.04734934335888651,0.8,0.017248051033283158,0.48294542893192843
time,mae,t_target,pub_rf,pub_gnn,10,0.16729028859257705,0.0772268221642502,1.0,7.471762870051229e-05,0.003885316692426639
time,mae,t_target,pub_xgboost,pub_mlp,10,0.01769705676907999,0.051679820097179675,0.6,0.3070195329653654,1.0
time,mae,t_target,pub_xgboost,pub_gnn,10,0.1413817527281712,0.06562792429810836,1.0,7.795140045257984e-05,0.003975521423081572
time,mae,t_target,pub_mlp,pub_gnn,10,0.12368469595909119,0.07662348389634667,1.0,0.0006412360323356158,0.03142056558444518
random,r2,t,knn,lgbm,50,0.042528952888602485,0.06718171937975427,0.82,4.535980492368306e-05,0.0007711165880033663
random,r2,t,knn,chemeleon,50,0.06557784004980256,0.06317356141359186,0.9,1.9747803412689165e-09,5.343105727644815e-08
random,r2,t,knn,monroe35,50,0.09614172403795745,0.06902161003584019,0.98,3.3229090271220694e-13,1.1962471001431912e-11
random,r2,t,knn,median,50,-0.5891801283684458,0.1050588950145015,0.0,6.724011254935434e-39,3.2275254023690085e-37
random,r2,t,knn,pub_knn,50,-1.9203923062871553e-10,1.8083790721254614e-09,0.5,1.0,1.0
random,r2,t,knn,pub_svm,50,0.06552215763514789,0.06057153503038976,0.9,6.598640712320757e-10,1.9795918545122937e-08
random,r2,t,knn,pub_rf,50,0.051893776187602034,0.05243825091703795,0.92,6.689613069069947e-09,1.6724028591079053e-07
random,r2,t,knn,pub_xgboost,50,0.035736085563880464,0.07091128059392308,0.82,0.0008272247405115693,0.010753920615285788
random,r2,t,knn,pub_mlp,50,0.024571323945050776,0.06048361943711032,0.7,0.006001216478731348,0.05401094444275292
random,r2,t,knn,pub_gnn,50,-0.12812079374598928,0.09848166649896431,0.06,2.9824665834018495e-12,1.0140385980321539e-10
random,r2,t,lgbm,chemeleon,50,0.02304888716120008,0.04419777284576328,0.68,0.0005670135116863827,0.007938189163609359
random,r2,t,lgbm,monroe35,50,0.053612771149354976,0.036275717533749446,0.98,4.568094711761767e-14,1.6901950433518539e-12
random,r2,t,lgbm,median,50,-0.6317090812570484,0.08896312576584947,0.0,8.410293683181135e-44,4.289249778422379e-42
random,r2,t,lgbm,pub_knn,50,-0.04252895308064171,0.06718171912174724,0.18,4.535979929431567e-05,0.0007711165880033663
random,r2,t,lgbm,pub_svm,50,0.022993204746545405,0.025021742284150685,0.86,3.980456248456332e-08,8.757003746603931e-07
random,r2,t,lgbm,pub_rf,50,0.009364823298999554,0.03521237495503872,0.56,0.06598083887809351,0.3299041943904676
random,r2,t,lgbm,pub_xgboost,50,-0.006792867324722015,0.0283524291671899,0.44,0.09658777652542694,0.38635110610170775
random,r2,t,lgbm,pub_mlp,50,-0.017957628943551712,0.04848277920455635,0.36,0.011701821165198438,0.08191274815638906
random,r2,t,lgbm,pub_gnn,50,-0.17064974663459176,0.07970066538846168,0.0,4.140778775477352e-20,1.6977192979457142e-18
random,r2,t,chemeleon,monroe35,50,0.030563883988154895,0.03747868657920215,0.84,5.348360942650435e-07,1.069672188530087e-05
random,r2,t,chemeleon,median,50,-0.6547579684182484,0.08913669606161337,0.0,1.6470652439749164e-44,8.564739268669565e-43
random,r2,t,chemeleon,pub_knn,50,-0.0655778402418418,0.06317356153412952,0.1,1.9747802886666638e-09,5.343105727644815e-08
random,r2,t,chemeleon,pub_svm,50,-5.568241465467083e-05,0.042918461555013825,0.52,0.9927175564447117,1.0
random,r2,t,chemeleon,pub_rf,50,-0.013684063862200524,0.04825258104859207,0.4,0.050470431397289274,0.30282258838373566
random,r2,t,chemeleon,pub_xgboost,50,-0.029841754485922096,0.054458406979718564,0.28,0.00031709446248096154,0.004756416937214423
random,r2,t,chemeleon,pub_mlp,50,-0.04100651610475179,0.0524002352622423,0.22,1.2137447924379552e-06,2.306115105632115e-05
random,r2,t,chemeleon,pub_gnn,50,-0.19369863379579183,0.0783923766664558,0.0,1.0886545585970672e-22,4.7900800578270954e-21
random,r2,t,monroe35,median,50,-0.6853218524064033,0.07777742650716245,0.0,2.5223591591011024e-48,1.3872975375056063e-46
random,r2,t,monroe35,pub_knn,50,-0.09614172422999669,0.06902160991109291,0.02,3.322908611508865e-13,1.1962471001431912e-11
random,r2,t,monroe35,pub_svm,50,-0.030619566402809564,0.032247801269177485,0.16,1.8402201921223424e-08,4.2325064418813876e-07
random,r2,t,monroe35,pub_rf,50,-0.04424794785035543,0.03670165127341008,0.04,3.0432288228976416e-11,9.736747420629678e-10
random,r2,t,monroe35,pub_xgboost,50,-0.06040563847407699,0.05010344240935278,0.06,3.0427335689467744e-11,9.736747420629678e-10
random,r2,t,monroe35,pub_mlp,50,-0.07157040009290669,0.04652771952959149,0.04,1.1483505524338158e-14,4.3637320992485e-13
random,r2,t,monroe35,pub_gnn,50,-0.2242625177839468,0.0742253695508205,0.0,1.7614489632797045e-26,7.92652033475867e-25
random,r2,t,median,pub_knn,50,0.5891801281764066,0.10505889503156299,1.0,6.72401141106596e-39,3.2275254023690085e-37
random,r2,t,median,pub_svm,50,0.6547022860035938,0.08200328154962927,1.0,2.9654170422672256e-46,1.6013252028243018e-44
random,r2,t,median,pub_rf,50,0.6410739045560478,0.08150462971397576,1.0,6.097483265594585e-46,3.23166613076513e-44
random,r2,t,median,pub_xgboost,50,0.6249162139323263,0.09485122410273222,1.0,3.066223288065439e-42,1.502449411152065e-40
random,r2,t,median,pub_mlp,50,0.6137514523134966,0.09138074863192294,1.0,1.2181912867919838e-42,6.090956433959919e-41
random,r2,t,median,pub_gnn,50,0.4610593346224566,0.11577099354997536,1.0,6.405105348625366e-32,2.9463484603676684e-30
random,r2,t,pub_knn,pub_svm,50,0.06552215782718712,0.060571534802251165,0.9,6.598639515040979e-10,1.9795918545122937e-08
random,r2,t,pub_knn,pub_rf,50,0.05189377637964127,0.05243825059827415,0.92,6.689611436431621e-09,1.6724028591079053e-07
random,r2,t,pub_knn,pub_xgboost,50,0.035736085755919696,0.07091128035548026,0.82,0.0008272246627142914,0.010753920615285788
random,r2,t,pub_knn,pub_mlp,50,0.024571324137090008,0.06048361935202994,0.7,0.006001216049194769,0.05401094444275292
random,r2,t,pub_knn,pub_gnn,50,-0.12812079355395004,0.0984816662265381,0.06,2.9824664648004526e-12,1.0140385980321539e-10
random,r2,t,pub_svm,pub_rf,50,-0.013628381447545855,0.028449948329766894,0.32,0.0013998079167878985,0.015397887084666884
random,r2,t,pub_svm,pub_xgboost,50,-0.029786072071267426,0.03368460722735094,0.16,9.53443904789917e-08,2.0022322000588256e-06
random,r2,t,pub_svm,pub_mlp,50,-0.040950833690097124,0.03939773212280339,0.1,1.9082520455874337e-09,5.343105727644815e-08
random,r2,t,pub_svm,pub_gnn,50,-0.19364295138113716,0.07973090476005618,0.0,2.253529509537938e-22,9.690176891013133e-21
random,r2,t,pub_rf,pub_xgboost,50,-0.01615769062372157,0.03857563874780996,0.38,0.004706793353125152,0.04706793353125152
random,r2,t,pub_rf,pub_mlp,50,-0.027322452242551264,0.0376201180809782,0.3,4.852381338830051e-06,8.734286409894091e-05
random,r2,t,pub_rf,pub_gnn,50,-0.1800145699335913,0.08032160889233826,0.0,6.4114678804340335e-21,2.692816509782294e-19
random,r2,t,pub_xgboost,pub_mlp,50,-0.011164761618829693,0.053287257478285714,0.46,0.14486738531517632,0.434602155945529
random,r2,t,pub_xgboost,pub_gnn,50,-0.16385687930986972,0.09004105843023247,0.02,2.478008265685443e-17,9.912033062741772e-16
random,r2,t,pub_mlp,pub_gnn,50,-0.15269211769104005,0.08397153596830989,0.0,2.5527808251580823e-17,9.95584521811652e-16
random,r2,wilcoxon,knn,lgbm,50,0.042528952888602485,0.06718171937975427,0.82,1.4422642710343325e-05,0.0002461653676419928
random,r2,wilcoxon,knn,chemeleon,50,0.06557784004980256,0.06317356141359186,0.9,1.616786704516926e-10,4.2036454317440075e-09
random,r2,wilcoxon,knn,monroe35,50,0.09614172403795745,0.06902161003584019,0.98,8.881784197001252e-15,3.375077994860476e-13
random,r2,wilcoxon,knn,median,50,-0.5891801283684458,0.1050588950145015,0.0,1.7763568394002505e-15,9.769962616701378e-14
random,r2,wilcoxon,knn,pub_knn,50,-1.9203923062871553e-10,1.8083790721254614e-09,0.5,1.0,1.0
random,r2,wilcoxon,knn,pub_svm,50,0.06552215763514789,0.06057153503038976,0.9,2.3080204414327454e-11,6.462457236011687e-10
random,r2,wilcoxon,knn,pub_rf,50,0.051893776187602034,0.05243825091703795,0.92,1.7687185049908294e-11,5.306155514972488e-10
random,r2,wilcoxon,knn,pub_xgboost,50,0.035736085563880464,0.07091128059392308,0.82,7.861200783665367e-05,0.0011791801175498051
random,r2,wilcoxon,knn,pub_mlp,50,0.024571323945050776,0.06048361943711032,0.7,0.0054056035788701,0.054056035788700996
random,r2,wilcoxon,knn,pub_gnn,50,-0.12812079374598928,0.09848166649896431,0.06,5.707434524993005e-12,1.8263790479977615e-10
random,r2,wilcoxon,lgbm,chemeleon,50,0.02304888716120008,0.04419777284576328,0.68,0.0005734773907004609,0.006881728688405531
random,r2,wilcoxon,lgbm,monroe35,50,0.053612771149354976,0.036275717533749446,0.98,3.0020430585864233e-13,9.906742093335197e-12
random,r2,wilcoxon,lgbm,median,50,-0.6317090812570484,0.08896312576584947,0.0,1.7763568394002505e-15,9.769962616701378e-14
random,r2,wilcoxon,lgbm,pub_knn,50,-0.04252895308064171,0.06718171912174724,0.18,1.4422642710343325e-05,0.0002461653676419928
random,r2,wilcoxon,lgbm,pub_svm,50,0.022993204746545405,0.025021742284150685,0.86,4.945666454148068e-08,1.0385899553710942e-06
random,r2,wilcoxon,lgbm,pub_rf,50,0.009364823298999554,0.03521237495503872,0.56,0.038081706053025854,0.22849023631815513
random,r2,wilcoxon,lgbm,pub_xgboost,50,-0.006792867324722015,0.0283524291671899,0.44,0.14333259515310637,0.47394134562744483
random,r2,wilcoxon,lgbm,pub_mlp,50,-0.017957628943551712,0.04848277920455635,0.36,0.011200519477185367,0.08453318707996971
random,r2,wilcoxon,lgbm,pub_gnn,50,-0.17064974663459176,0.07970066538846168,0.0,1.7763568394002505e-15,9.769962616701378e-14
random,r2,wilcoxon,chemeleon,monroe35,50,0.030563883988154895,0.03747868657920215,0.84,3.9920236538648624e-07,7.984047307729725e-06
random,r2,wilcoxon,chemeleon,median,50,-0.6547579684182484,0.08913669606161337,0.0,1.7763568394002505e-15,9.769962616701378e-14
random,r2,wilcoxon,chemeleon,pub_knn,50,-0.0655778402418418,0.06317356153412952,0.1,1.616786704516926e-10,4.2036454317440075e-09
random,r2,wilcoxon,chemeleon,pub_svm,50,-5.568241465467083e-05,0.042918461555013825,0.52,0.9847343420165711,1.0
random,r2,wilcoxon,chemeleon,pub_rf,50,-0.013684063862200524,0.04825258104859207,0.4,0.055465717070337206,0.27732858535168603
random,r2,wilcoxon,chemeleon,pub_xgboost,50,-0.029841754485922096,0.054458406979718564,0.28,0.000202796732962085,0.002636357528507105
random,r2,wilcoxon,chemeleon,pub_mlp,50,-0.04100651610475179,0.0524002352622423,0.22,3.9920236538648624e-07,7.984047307729725e-06
random,r2,wilcoxon,chemeleon,pub_gnn,50,-0.19369863379579183,0.0783923766664558,0.0,1.7763568394002505e-15,9.769962616701378e-14
random,r2,wilcoxon,monroe35,median,50,-0.6853218524064033,0.07777742650716245,0.0,1.7763568394002505e-15,9.769962616701378e-14
random,r2,wilcoxon,monroe35,pub_knn,50,-0.09614172422999669,0.06902160991109291,0.02,8.881784197001252e-15,3.375077994860476e-13
random,r2,wilcoxon,monroe35,pub_svm,50,-0.030619566402809564,0.032247801269177485,0.16,2.8573925447972215e-08,6.572002853033609e-07
random,r2,wilcoxon,monroe35,pub_rf,50,-0.04424794785035543,0.03670165127341008,0.04,1.5631940186722204e-13,5.4711790653527714e-12
random,r2,wilcoxon,monroe35,pub_xgboost,50,-0.06040563847407699,0.05010344240935278,0.06,1.9539925233402755e-13,6.643574579356937e-12
random,r2,wilcoxon,monroe35,pub_mlp,50,-0.07157040009290669,0.04652771952959149,0.04,5.861977570020827e-14,2.1103119252074976e-12
random,r2,wilcoxon,monroe35,pub_gnn,50,-0.2242625177839468,0.0742253695508205,0.0,1.7763568394002505e-15,9.769962616701378e-14
random,r2,wilcoxon,median,pub_knn,50,0.5891801281764066,0.10505889503156299,1.0,1.7763568394002505e-15,9.769962616701378e-14
random,r2,wilcoxon,median,pub_svm,50,0.6547022860035938,0.08200328154962927,1.0,1.7763568394002505e-15,9.769962616701378e-14
random,r2,wilcoxon,median,pub_rf,50,0.6410739045560478,0.08150462971397576,1.0,1.7763568394002505e-15,9.769962616701378e-14
random,r2,wilcoxon,median,pub_xgboost,50,0.6249162139323263,0.09485122410273222,1.0,1.7763568394002505e-15,9.769962616701378e-14
random,r2,wilcoxon,median,pub_mlp,50,0.6137514523134966,0.09138074863192294,1.0,1.7763568394002505e-15,9.769962616701378e-14
random,r2,wilcoxon,median,pub_gnn,50,0.4610593346224566,0.11577099354997536,1.0,1.7763568394002505e-15,9.769962616701378e-14
random,r2,wilcoxon,pub_knn,pub_svm,50,0.06552215782718712,0.060571534802251165,0.9,2.3080204414327454e-11,6.462457236011687e-10
random,r2,wilcoxon,pub_knn,pub_rf,50,0.05189377637964127,0.05243825059827415,0.92,1.7687185049908294e-11,5.306155514972488e-10
random,r2,wilcoxon,pub_knn,pub_xgboost,50,0.035736085755919696,0.07091128035548026,0.82,7.861200783665367e-05,0.0011791801175498051
random,r2,wilcoxon,pub_knn,pub_mlp,50,0.024571324137090008,0.06048361935202994,0.7,0.0054056035788701,0.054056035788700996
random,r2,wilcoxon,pub_knn,pub_gnn,50,-0.12812079355395004,0.0984816662265381,0.06,5.707434524993005e-12,1.8263790479977615e-10
random,r2,wilcoxon,pub_svm,pub_rf,50,-0.013628381447545855,0.028449948329766894,0.32,0.002614123910062105,0.028755363010683155
random,r2,wilcoxon,pub_svm,pub_xgboost,50,-0.029786072071267426,0.03368460722735094,0.16,3.918623114884667e-08,8.620970852746268e-07
random,r2,wilcoxon,pub_svm,pub_mlp,50,-0.040950833690097124,0.03939773212280339,0.1,8.008242957657785e-10,1.9219783098378684e-08
random,r2,wilcoxon,pub_svm,pub_gnn,50,-0.19364295138113716,0.07973090476005618,0.0,1.7763568394002505e-15,9.769962616701378e-14
random,r2,wilcoxon,pub_rf,pub_xgboost,50,-0.01615769062372157,0.03857563874780996,0.38,0.010566648384996213,0.08453318707996971
random,r2,wilcoxon,pub_rf,pub_mlp,50,-0.027322452242551264,0.0376201180809782,0.3,1.367585375788849e-05,0.0002461653676419928
random,r2,wilcoxon,pub_rf,pub_gnn,50,-0.1800145699335913,0.08032160889233826,0.0,1.7763568394002505e-15,9.769962616701378e-14
random,r2,wilcoxon,pub_xgboost,pub_mlp,50,-0.011164761618829693,0.053287257478285714,0.46,0.11848533640686121,0.47394134562744483
random,r2,wilcoxon,pub_xgboost,pub_gnn,50,-0.16385687930986972,0.09004105843023247,0.02,5.329070518200751e-15,2.078337502098293e-13
random,r2,wilcoxon,pub_mlp,pub_gnn,50,-0.15269211769104005,0.08397153596830989,0.0,1.7763568394002505e-15,9.769962616701378e-14
random,r2,t_target,knn,lgbm,10,0.042528952888602485,0.050462492653587536,0.9,0.02582837268038717,0.41325394837142826
random,r2,t_target,knn,chemeleon,10,0.06557784004980258,0.05125060476764346,1.0,0.00290100385692235,0.05802007399478993
random,r2,t_target,knn,monroe35,10,0.09614172403795744,0.050946080603422456,1.0,0.0002107170705329165,0.00686975976894751
random,r2,t_target,knn,median,10,-0.5891801283684458,0.09113517104389382,0.0,7.480912162298596e-09,3.590837806566115e-07
random,r2,t_target,knn,pub_knn,10,-1.92039228963381e-10,7.280378009165462e-10,0.5,1.0,1.0
random,r2,t_target,knn,pub_svm,10,0.06552215763514788,0.04568389676748193,1.0,0.0014150053445334744,0.03552994160797951
random,r2,t_target,knn,pub_rf,10,0.05189377618760205,0.030722087378883278,1.0,0.00046753962419792,0.013558647942574026
random,r2,t_target,knn,pub_xgboost,10,0.03573608556388048,0.05274359048617967,0.8,0.060765614537011896,0.6684217450907995
random,r2,t_target,knn,pub_mlp,10,0.024571323945050776,0.0304236364125289,0.7,0.030991729212615098,0.43388417462991297
random,r2,t_target,knn,pub_gnn,10,-0.12812079374598925,0.060968191482116844,0.0,9.424150253279471e-05,0.003486935453977363
random,r2,t_target,lgbm,chemeleon,10,0.023048887161200092,0.021581649141485273,0.9,0.008162299908370004,0.13875909844229006
random,r2,t_target,lgbm,monroe35,10,0.05361277114935496,0.027353363205609094,1.0,0.00015923152545653464,0.005413871865522178
random,r2,t_target,lgbm,median,10,-0.6317090812570483,0.08041722557652006,0.0,1.3323873030543608e-09,6.79517524557724e-08
random,r2,t_target,lgbm,pub_knn,10,-0.04252895308064171,0.050462492475622886,0.1,0.025828371773214266,0.41325394837142826
random,r2,t_target,lgbm,pub_svm,10,0.022993204746545405,0.012164120499923521,1.0,0.00020817453845295485,0.00686975976894751
random,r2,t_target,lgbm,pub_rf,10,0.009364823298999559,0.026838082023116952,0.8,0.2984652001468718,1.0
random,r2,t_target,lgbm,pub_xgboost,10,-0.006792867324722007,0.017957694710573735,0.4,0.26218163192194843,1.0
random,r2,t_target,lgbm,pub_mlp,10,-0.017957628943551705,0.028089483958074365,0.2,0.07392519327264206,0.6684217450907995
random,r2,t_target,lgbm,pub_gnn,10,-0.17064974663459173,0.052334470898442065,0.0,2.770559296110267e-06,0.00011082237184441068
random,r2,t_target,chemeleon,monroe35,10,0.03056388398815487,0.01487206593238129,0.9,0.00011159853683856881,0.003905948789349908
random,r2,t_target,chemeleon,median,10,-0.6547579684182484,0.0790959515850185,0.0,8.362719827001544e-10,4.3486143100408026e-08
random,r2,t_target,chemeleon,pub_knn,10,-0.0655778402418418,0.05125060446089829,0.0,0.0029010036997394965,0.05802007399478993
random,r2,t_target,chemeleon,pub_svm,10,-5.568241465468971e-05,0.01944603306499899,0.4,0.9929728173863315,1.0
random,r2,t_target,chemeleon,pub_rf,10,-0.013684063862200535,0.03082004265024341,0.3,0.1938587170718834,1.0
random,r2,t_target,chemeleon,pub_xgboost,10,-0.0298417544859221,0.038624575196164926,0.2,0.0371684670816989,0.4460216049803868
random,r2,t_target,chemeleon,pub_mlp,10,-0.0410065161047518,0.030248714506961982,0.1,0.0020292098821869022,0.04439725337764804
random,r2,t_target,chemeleon,pub_gnn,10,-0.19369863379579183,0.03883431912250806,0.0,7.286519148483856e-08,3.2789336168177354e-06
random,r2,t_target,monroe35,median,10,-0.6853218524064033,0.0707678908957821,0.0,2.067168229029566e-10,1.1369425259662614e-08
random,r2,t_target,monroe35,pub_knn,10,-0.09614172422999669,0.05094608031557611,0.0,0.0002107170586983926,0.00686975976894751
random,r2,t_target,monroe35,pub_svm,10,-0.03061956640280956,0.02256695218368312,0.0,0.0020180569717112747,0.04439725337764804
random,r2,t_target,monroe35,pub_rf,10,-0.04424794785035541,0.03082086339402297,0.0,0.0014060719955421687,0.03552994160797951
random,r2,t_target,monroe35,pub_xgboost,10,-0.06040563847407697,0.041891481451498486,0.0,0.0013665362156915196,0.03552994160797951
random,r2,t_target,monroe35,pub_mlp,10,-0.07157040009290667,0.03387643178750103,0.0,9.048448301505419e-05,0.0034384103545720595
random,r2,t_target,monroe35,pub_gnn,10,-0.2242625177839467,0.041457587982366165,0.0,3.586452256223968e-08,1.6497680378630254e-06
random,r2,t_target,median,pub_knn,10,0.5891801281764066,0.09113517092409118,1.0,7.48091209701274e-09,3.590837806566115e-07
random,r2,t_target,median,pub_svm,10,0.6547022860035937,0.07446168354493207,1.0,4.889968378596893e-10,2.6405829244423225e-08
random,r2,t_target,median,pub_rf,10,0.6410739045560478,0.07477716191721902,1.0,6.123413039857981e-10,3.24540891112473e-08
random,r2,t_target,median,pub_xgboost,10,0.6249162139323264,0.08763431260408389,1.0,3.1431750286328027e-09,1.5401557640300734e-07
random,r2,t_target,median,pub_mlp,10,0.6137514523134967,0.0824679426445163,1.0,2.1521090278589252e-09,1.0760545139294626e-07
random,r2,t_target,median,pub_gnn,10,0.4610593346224565,0.097298434639432,1.0,1.1380787729802763e-07,5.007546601113216e-06
random,r2,t_target,pub_knn,pub_svm,10,0.06552215782718712,0.04568389659769078,1.0,0.0014150052834267697,0.03552994160797951
random,r2,t_target,pub_knn,pub_rf,10,0.05189377637964128,0.03072208711896532,1.0,0.00046753958422669057,0.013558647942574026
random,r2,t_target,pub_knn,pub_xgboost,10,0.0357360857559197,0.05274359043413242,0.8,0.06076561319007268,0.6684217450907995
random,r2,t_target,pub_knn,pub_mlp,10,0.024571324137090005,0.030423636075543666,0.7,0.030991726759279498,0.43388417462991297
random,r2,t_target,pub_knn,pub_gnn,10,-0.12812079355395004,0.06096819106972107,0.0,9.424149875614495e-05,0.003486935453977363
random,r2,t_target,pub_svm,pub_rf,10,-0.013628381447545846,0.022400898232639927,0.3,0.08651647868044243,0.6921318294435395
random,r2,t_target,pub_svm,pub_xgboost,10,-0.029786072071267412,0.02446161048995338,0.1,0.003902744656073938,0.07024940380933088
random,r2,t_target,pub_svm,pub_mlp,10,-0.04095083369009711,0.022792005492890906,0.0,0.0003012063766902097,0.009036191300706292
random,r2,t_target,pub_svm,pub_gnn,10,-0.19364295138113713,0.046557819265707207,0.0,3.512756126706052e-07,1.5104851344836025e-05
random,r2,t_target,pub_rf,pub_xgboost,10,-0.016157690623721566,0.03207600785482758,0.2,0.14563805306233277,1.0
random,r2,t_target,pub_rf,pub_mlp,10,-0.027322452242551264,0.017600517974190696,0.1,0.0008371789672129649,0.022603832114750054
random,r2,t_target,pub_rf,pub_gnn,10,-0.1800145699335913,0.051197569828204524,0.0,1.4704022996350682e-06,6.028649428503779e-05
random,r2,t_target,pub_xgboost,pub_mlp,10,-0.0111647616188297,0.0346128590475271,0.2,0.33435023460816365,1.0
random,r2,t_target,pub_xgboost,pub_gnn,10,-0.16385687930986975,0.06402615392359674,0.0,2.0180867303994946e-05,0.0007870538248558029
random,r2,t_target,pub_mlp,pub_gnn,10,-0.15269211769104002,0.04155883294808079,0.0,1.0133728301866181e-06,4.256165886783796e-05
scaffold,r2,t,knn,lgbm,50,0.08469400282234293,0.12178773812539437,0.78,1.0264239636641861e-05,0.0002258132445261698
scaffold,r2,t,knn,chemeleon,50,0.11330564199447647,0.10647851191252906,0.92,1.0261774232115301e-09,3.694238238541031e-08
scaffold,r2,t,knn,monroe35,50,0.1573836111231174,0.12523623651996776,0.96,8.719105083569041e-12,3.662023749303956e-10
scaffold,r2,t,knn,median,50,-0.3851466082880037,0.216097301891232,0.02,5.451888250772564e-17,2.616906360370831e-15
scaffold,r2,t,knn,pub_knn,50,-5.745901774777823e-10,1.7109949630235284e-09,0.32,1.0,1.0
scaffold,r2,t,knn,pub_svm,50,0.12227291810622452,0.1213300730117258,0.96,4.233051052162901e-09,1.4392371874652716e-07
scaffold,r2,t,knn,pub_rf,50,0.11483826935201001,0.1161438808330673,0.9,6.835963856824329e-09,2.1875081879760775e-07
scaffold,r2,t,knn,pub_xgboost,50,0.08119061209331674,0.10914007106592825,0.88,3.1505417873682868e-06,7.876353812688675e-05
scaffold,r2,t,knn,pub_mlp,50,0.03189971564302039,0.13373734976335683,0.6,0.09803268375909521,0.6862287433501417
scaffold,r2,t,knn,pub_gnn,50,-0.1081102609824221,0.16832609851277563,0.18,3.651427760261687e-05,0.0007302855520523373
scaffold,r2,t,lgbm,chemeleon,50,0.028611639172133538,0.07197598123850382,0.64,0.0070834694906118986,0.07083469490611899
scaffold,r2,t,lgbm,monroe35,50,0.07268960830077448,0.08702716568815741,0.88,3.264235712599467e-07,9.466283566538454e-06
scaffold,r2,t,lgbm,median,50,-0.46984061111034664,0.20014604825781954,0.02,9.38764831345748e-22,4.6938241567287404e-20
scaffold,r2,t,lgbm,pub_knn,50,-0.0846940033969331,0.12178773806907885,0.22,1.0264238387553172e-05,0.0002258132445261698
scaffold,r2,t,lgbm,pub_svm,50,0.03757891528388159,0.08195319398594926,0.68,0.0021355310774430983,0.027761904006760277
scaffold,r2,t,lgbm,pub_rf,50,0.030144266529667115,0.08726537103607146,0.56,0.018235536276527294,0.14588429021221835
scaffold,r2,t,lgbm,pub_xgboost,50,-0.0035033907290261835,0.07650444158041896,0.48,0.7474618498291165,1.0
scaffold,r2,t,lgbm,pub_mlp,50,-0.05279428717932253,0.11562347855990049,0.34,0.0022213974456785058,0.027761904006760277
scaffold,r2,t,lgbm,pub_gnn,50,-0.192804263804765,0.1680904539582046,0.04,1.2945733381926092e-10,5.1782933527704365e-09
scaffold,r2,t,chemeleon,monroe35,50,0.04407796912864094,0.07882450638974825,0.76,0.000246960611389816,0.003951369782237056
scaffold,r2,t,chemeleon,median,50,-0.4984522502824801,0.19381962737403877,0.02,1.9822341236187662e-23,1.0307617442817584e-21
scaffold,r2,t,chemeleon,pub_knn,50,-0.11330564256906664,0.10647851192890366,0.08,1.0261772884836197e-09,3.694238238541031e-08
scaffold,r2,t,chemeleon,pub_svm,50,0.008967276111748055,0.08400727016163034,0.6,0.453984968488511,1.0
scaffold,r2,t,chemeleon,pub_rf,50,0.0015326273575335776,0.08656070356606209,0.44,0.9008782784787915,1.0
scaffold,r2,t,chemeleon,pub_xgboost,50,-0.03211502990115972,0.08425748239980195,0.36,0.009611911412446744,0.0865072027120207
scaffold,r2,t,chemeleon,pub_mlp,50,-0.08140592635145608,0.1101511219526974,0.16,3.550656138211724e-06,8.166509117886966e-05
scaffold,r2,t,chemeleon,pub_gnn,50,-0.2214159029768986,0.16030221890290064,0.04,4.3794660876216007e-13,1.9707597394297202e-11
scaffold,r2,t,monroe35,median,50,-0.5425302194111211,0.16895304723274432,0.0,1.164915848636956e-27,6.290545582639562e-26
scaffold,r2,t,monroe35,pub_knn,50,-0.1573836116977076,0.1252362365459808,0.04,8.71910416500942e-12,3.662023749303956e-10
scaffold,r2,t,monroe35,pub_svm,50,-0.035110693016892895,0.06751579191148219,0.28,0.0005852257823774895,0.008193160953284854
scaffold,r2,t,monroe35,pub_rf,50,-0.042545341771107366,0.07414180279956135,0.26,0.00017762894429529461,0.0030196920530200086
scaffold,r2,t,monroe35,pub_xgboost,50,-0.07619299902980067,0.08080386622932903,0.2,2.1721198010489994e-08,6.516359403146998e-07
scaffold,r2,t,monroe35,pub_mlp,50,-0.125483895480097,0.111673471689102,0.06,2.3145245843322113e-10,8.563740962029182e-09
scaffold,r2,t,monroe35,pub_gnn,50,-0.26549387210553954,0.17502667098134916,0.02,1.867578482682308e-14,8.590861020338616e-13
scaffold,r2,t,median,pub_knn,50,0.38514660771341347,0.21609730201847516,0.98,5.4518886781035326e-17,2.616906360370831e-15
scaffold,r2,t,median,pub_svm,50,0.5074195263942282,0.16315590748573344,1.0,4.868810493801669e-27,2.5804695617148847e-25
scaffold,r2,t,median,pub_rf,50,0.49998487764001376,0.15504088048474118,1.0,9.620679287949893e-28,5.291373608372442e-26
scaffold,r2,t,median,pub_xgboost,50,0.4663372203813204,0.18724889641571205,0.98,7.790049158966117e-23,3.97292507107272e-21
scaffold,r2,t,median,pub_mlp,50,0.4170463239310241,0.20335190455105617,0.96,2.3427757921668774e-19,1.14796013816177e-17
scaffold,r2,t,median,pub_gnn,50,0.2770363473055816,0.24204122227092922,0.94,1.3755692419707746e-10,5.364720043686021e-09
scaffold,r2,t,pub_knn,pub_svm,50,0.12227291868081469,0.1213300730166175,0.96,4.2330505513684456e-09,1.4392371874652716e-07
scaffold,r2,t,pub_knn,pub_rf,50,0.1148382699266002,0.11614388088994099,0.9,6.835963087425242e-09,2.1875081879760775e-07
scaffold,r2,t,pub_knn,pub_xgboost,50,0.08119061266790693,0.10914007134079837,0.88,3.15054152507547e-06,7.876353812688675e-05
scaffold,r2,t,pub_knn,pub_mlp,50,0.03189971621761057,0.13373734965912384,0.6,0.09803267762144882,0.6862287433501417
scaffold,r2,t,pub_knn,pub_gnn,50,-0.10811026040783195,0.16832609870574922,0.18,3.651428117504646e-05,0.0007302855520523373
scaffold,r2,t,pub_svm,pub_rf,50,-0.007434648754214477,0.0426753717726386,0.36,0.22387324764830188,1.0
scaffold,r2,t,pub_svm,pub_xgboost,50,-0.04108230601290778,0.06485147063231855,0.24,4.489443211945469e-05,0.0008080997781501843
scaffold,r2,t,pub_svm,pub_mlp,50,-0.09037320246320413,0.11069752019241205,0.08,5.229902463293714e-07,1.4643726897222398e-05
scaffold,r2,t,pub_svm,pub_gnn,50,-0.23038317908864658,0.1724825599170842,0.04,1.294885102829717e-12,5.6974944524507545e-11
scaffold,r2,t,pub_rf,pub_xgboost,50,-0.0336476572586933,0.0637538799690524,0.34,0.0004945808638154885,0.007418712957232328
scaffold,r2,t,pub_rf,pub_mlp,50,-0.08293855370898964,0.11066981066782094,0.26,2.751537617112163e-06,7.33524671954081e-05
scaffold,r2,t,pub_rf,pub_gnn,50,-0.22294853033443215,0.1701851722545051,0.04,2.3967632964158642e-12,1.0306082174588217e-10
scaffold,r2,t,pub_xgboost,pub_mlp,50,-0.04929089645029634,0.10824935904858402,0.34,0.0022789960434199136,0.027761904006760277
scaffold,r2,t,pub_xgboost,pub_gnn,50,-0.18930087307573884,0.16545855047367602,0.04,1.3922375705142412e-10,5.364720043686021e-09
scaffold,r2,t,pub_mlp,pub_gnn,50,-0.1400099766254425,0.18669471505939775,0.18,2.716758044274374e-06,7.33524671954081e-05
scaffold,r2,wilcoxon,knn,lgbm,50,0.08469400282234293,0.12178773812539437,0.78,1.3667570399888973e-06,2.7335140799777946e-05
scaffold,r2,wilcoxon,knn,chemeleon,50,0.11330564199447647,0.10647851191252906,0.92,1.7687185049908294e-11,6.721130318965152e-10
scaffold,r2,wilcoxon,knn,monroe35,50,0.1573836111231174,0.12523623651996776,0.96,1.5631940186722204e-13,6.87805368215777e-12
scaffold,r2,wilcoxon,knn,median,50,-0.3851466082880037,0.216097301891232,0.02,2.022026990289305e-11,7.279297165041498e-10
scaffold,r2,wilcoxon,knn,pub_knn,50,-5.745901774777823e-10,1.7109949630235284e-09,0.32,1.0,1.0
scaffold,r2,wilcoxon,knn,pub_svm,50,0.12227291810622452,0.1213300730117258,0.96,6.337863567296154e-11,2.0914949772077307e-09
scaffold,r2,wilcoxon,knn,pub_rf,50,0.11483826935201001,0.1161438808330673,0.9,1.6058265828178264e-12,6.423306331271306e-11
scaffold,r2,wilcoxon,knn,pub_xgboost,50,0.08119061209331674,0.10914007106592825,0.88,1.2141019567479816e-07,3.2780752832195503e-06
scaffold,r2,wilcoxon,knn,pub_mlp,50,0.03189971564302039,0.13373734976335683,0.6,0.08760075247442067,0.6132052673209447
scaffold,r2,wilcoxon,knn,pub_gnn,50,-0.1081102609824221,0.16832609851277563,0.18,5.215646012857178e-07,1.2517550430857227e-05
scaffold,r2,wilcoxon,lgbm,chemeleon,50,0.028611639172133538,0.07197598123850382,0.64,0.004178445711550793,0.03760601140395714
scaffold,r2,wilcoxon,lgbm,monroe35,50,0.07268960830077448,0.08702716568815741,0.88,1.7394549622906652e-07,4.348637405726663e-06
scaffold,r2,wilcoxon,lgbm,median,50,-0.46984061111034664,0.20014604825781954,0.02,3.552713678800501e-15,1.8474111129762605e-13
scaffold,r2,wilcoxon,lgbm,pub_knn,50,-0.0846940033969331,0.12178773806907885,0.22,1.3667570399888973e-06,2.7335140799777946e-05
scaffold,r2,wilcoxon,lgbm,pub_svm,50,0.03757891528388159,0.08195319398594926,0.68,0.00035222154756553437,0.0052833232134830155
scaffold,r2,wilcoxon,lgbm,pub_rf,50,0.030144266529667115,0.08726537103607146,0.56,0.05178623002471738,0.41428984019773907
scaffold,r2,wilcoxon,lgbm,pub_xgboost,50,-0.0035033907290261835,0.07650444158041896,0.48,0.3325668996889135,1.0
scaffold,r2,wilcoxon,lgbm,pub_mlp,50,-0.05279428717932253,0.11562347855990049,0.34,0.0018425334424101436,0.02026786786651158
scaffold,r2,wilcoxon,lgbm,pub_gnn,50,-0.192804263804765,0.1680904539582046,0.04,4.4941828036826337e-13,1.887556777546706e-11
scaffold,r2,wilcoxon,chemeleon,monroe35,50,0.04407796912864094,0.07882450638974825,0.76,0.00010867611974241242,0.0017388179158785988
scaffold,r2,wilcoxon,chemeleon,median,50,-0.4984522502824801,0.19381962737403877,0.02,5.329070518200751e-15,2.611244553918368e-13
scaffold,r2,wilcoxon,chemeleon,pub_knn,50,-0.11330564256906664,0.10647851192890366,0.08,1.7687185049908294e-11,6.721130318965152e-10
scaffold,r2,wilcoxon,chemeleon,pub_svm,50,0.008967276111748055,0.08400727016163034,0.6,0.2954728324166016,1.0
scaffold,r2,wilcoxon,chemeleon,pub_rf,50,0.0015326273575335776,0.08656070356606209,0.44,0.7961309923635564,1.0
scaffold,r2,wilcoxon,chemeleon,pub_xgboost,50,-0.03211502990115972,0.08425748239980195,0.36,0.0005966978973450665,0.007757072665485865
scaffold,r2,wilcoxon,chemeleon,pub_mlp,50,-0.08140592635145608,0.1101511219526974,0.16,5.215646012857178e-07,1.2517550430857227e-05
scaffold,r2,wilcoxon,chemeleon,pub_gnn,50,-0.2214159029768986,0.16030221890290064,0.04,7.638334409421077e-14,3.5136338283336954e-12
scaffold,r2,wilcoxon,monroe35,median,50,-0.5425302194111211,0.16895304723274432,0.0,1.7763568394002505e-15,9.769962616701378e-14
scaffold,r2,wilcoxon,monroe35,pub_knn,50,-0.1573836116977076,0.1252362365459808,0.04,1.5631940186722204e-13,6.87805368215777e-12
scaffold,r2,wilcoxon,monroe35,pub_svm,50,-0.035110693016892895,0.06751579191148219,0.28,0.00035222154756553437,0.0052833232134830155
scaffold,r2,wilcoxon,monroe35,pub_rf,50,-0.042545341771107366,0.07414180279956135,0.26,5.9166993136017254e-05,0.0010058388833122933
scaffold,r2,wilcoxon,monroe35,pub_xgboost,50,-0.07619299902980067,0.08080386622932903,0.2,3.623269506647375e-08,1.014515461861265e-06
scaffold,r2,wilcoxon,monroe35,pub_mlp,50,-0.125483895480097,0.111673471689102,0.06,2.022026990289305e-11,7.279297165041498e-10
scaffold,r2,wilcoxon,monroe35,pub_gnn,50,-0.26549387210553954,0.17502667098134916,0.02,3.552713678800501e-15,1.8474111129762605e-13
scaffold,r2,wilcoxon,median,pub_knn,50,0.38514660771341347,0.21609730201847516,0.98,2.022026990289305e-11,7.279297165041498e-10
scaffold,r2,wilcoxon,median,pub_svm,50,0.5074195263942282,0.16315590748573344,1.0,1.7763568394002505e-15,9.769962616701378e-14
scaffold,r2,wilcoxon,median,pub_rf,50,0.49998487764001376,0.15504088048474118,1.0,1.7763568394002505e-15,9.769962616701378e-14
scaffold,r2,wilcoxon,median,pub_xgboost,50,0.4663372203813204,0.18724889641571205,0.98,3.552713678800501e-15,1.8474111129762605e-13
scaffold,r2,wilcoxon,median,pub_mlp,50,0.4170463239310241,0.20335190455105617,0.96,1.7763568394002505e-14,8.526512829121202e-13
scaffold,r2,wilcoxon,median,pub_gnn,50,0.2770363473055816,0.24204122227092922,0.94,5.318447904301138e-10,1.6487188503333527e-08
scaffold,r2,wilcoxon,pub_knn,pub_svm,50,0.12227291868081469,0.1213300730166175,0.96,6.337863567296154e-11,2.0914949772077307e-09
scaffold,r2,wilcoxon,pub_knn,pub_rf,50,0.1148382699266002,0.11614388088994099,0.9,1.6058265828178264e-12,6.423306331271306e-11
scaffold,r2,wilcoxon,pub_knn,pub_xgboost,50,0.08119061266790693,0.10914007134079837,0.88,1.2141019567479816e-07,3.2780752832195503e-06
scaffold,r2,wilcoxon,pub_knn,pub_mlp,50,0.03189971621761057,0.13373734965912384,0.6,0.08760075247442067,0.6132052673209447
scaffold,r2,wilcoxon,pub_knn,pub_gnn,50,-0.10811026040783195,0.16832609870574922,0.18,5.215646012857178e-07,1.2517550430857227e-05
scaffold,r2,wilcoxon,pub_svm,pub_rf,50,-0.007434648754214477,0.0426753717726386,0.36,0.09908592454842413,0.6132052673209447
scaffold,r2,wilcoxon,pub_svm,pub_xgboost,50,-0.04108230601290778,0.06485147063231855,0.24,6.358623311442102e-06,0.00011445521960595784
scaffold,r2,wilcoxon,pub_svm,pub_mlp,50,-0.09037320246320413,0.11069752019241205,0.08,1.260182003193222e-08,3.654527809260344e-07
scaffold,r2,wilcoxon,pub_svm,pub_gnn,50,-0.23038317908864658,0.1724825599170842,0.04,3.375077994860476e-14,1.5862866575844237e-12
scaffold,r2,wilcoxon,pub_rf,pub_xgboost,50,-0.0336476572586933,0.0637538799690524,0.34,0.0006983914307809869,0.008380697169371842
scaffold,r2,wilcoxon,pub_rf,pub_mlp,50,-0.08293855370898964,0.11066981066782094,0.26,9.364108866094512e-07,1.9664628618798474e-05
scaffold,r2,wilcoxon,pub_rf,pub_gnn,50,-0.22294853033443215,0.1701851722545051,0.04,9.769962616701378e-14,4.39648317751562e-12
scaffold,r2,wilcoxon,pub_xgboost,pub_mlp,50,-0.04929089645029634,0.10824935904858402,0.34,0.001909205638362721,0.02026786786651158
scaffold,r2,wilcoxon,pub_xgboost,pub_gnn,50,-0.18930087307573884,0.16545855047367602,0.04,5.453415496958769e-13,2.2359003537530953e-11
scaffold,r2,wilcoxon,pub_mlp,pub_gnn,50,-0.1400099766254425,0.18669471505939775,0.18,4.8571529021046445e-09,1.4571458706313933e-07
scaffold,r2,t_target,knn,lgbm,10,0.08469400282234293,0.05036593065023929,1.0,0.0004825088135843333,0.012545227825644076
scaffold,r2,t_target,knn,chemeleon,10,0.11330564199447646,0.0273383036938102,1.0,3.6206671058759347e-07,1.9913667271204813e-05
scaffold,r2,t_target,knn,monroe35,10,0.15738361112311738,0.0614346607540658,1.0,2.0018197319759365e-05,0.000800727886347272
scaffold,r2,t_target,knn,median,10,-0.3851466082880037,0.17481336555335678,0.0,6.559139792215966e-05,0.002295698927275588
scaffold,r2,t_target,knn,pub_knn,10,-5.745901832132118e-10,8.217739208527149e-10,0.2,1.0,1.0
scaffold,r2,t_target,knn,pub_svm,10,0.12227291810622454,0.047371028039456795,1.0,1.8844934426629384e-05,0.000791487229672307
scaffold,r2,t_target,knn,pub_rf,10,0.11483826935201007,0.05324310203143971,1.0,7.724080947610915e-05,0.0025489466212639824
scaffold,r2,t_target,knn,pub_xgboost,10,0.08119061209331672,0.04120268745662033,1.0,0.00015301247390284845,0.004284349200122765
scaffold,r2,t_target,knn,pub_mlp,10,0.031899715643020396,0.04070064598179051,0.8,0.03507878370790789,0.39367226173136427
scaffold,r2,t_target,knn,pub_gnn,10,-0.10811026098242212,0.08635940640780639,0.1,0.0033105720376264236,0.06290086871490205
scaffold,r2,t_target,lgbm,chemeleon,10,0.028611639172133507,0.038311383137943356,0.8,0.0424865853374302,0.39367226173136427
scaffold,r2,t_target,lgbm,monroe35,10,0.07268960830077446,0.05349984196473617,0.9,0.00200075135927861,0.040015027185572205
scaffold,r2,t_target,lgbm,median,10,-0.46984061111034664,0.17657492617202777,0.0,1.4753600927280131e-05,0.0006491584408003258
scaffold,r2,t_target,lgbm,pub_knn,10,-0.08469400339693312,0.05036593023234069,0.0,0.0004825087625247722,0.012545227825644076
scaffold,r2,t_target,lgbm,pub_svm,10,0.03757891528388159,0.054154178004269395,0.7,0.055849832370266646,0.39367226173136427
scaffold,r2,t_target,lgbm,pub_rf,10,0.030144266529667108,0.06421281551777329,0.7,0.17183078244077016,1.0
scaffold,r2,t_target,lgbm,pub_xgboost,10,-0.003503390729026207,0.0415156788502787,0.4,0.7955940713468013,1.0
scaffold,r2,t_target,lgbm,pub_mlp,10,-0.05279428717932253,0.066268345044038,0.2,0.03280602181094702,0.39367226173136427
scaffold,r2,t_target,lgbm,pub_gnn,10,-0.19280426380476504,0.09522958408603652,0.0,0.00012491575803882864,0.003747472741164859
scaffold,r2,t_target,chemeleon,monroe35,10,0.04407796912864096,0.044942461789168074,0.9,0.012692733497274275,0.2030837359563884
scaffold,r2,t_target,chemeleon,median,10,-0.49845225028248014,0.16392161000084685,0.0,4.952820027444237e-06,0.0002426881813447676
scaffold,r2,t_target,chemeleon,pub_knn,10,-0.11330564256906661,0.027338303543077317,0.0,3.6206667765826935e-07,1.9913667271204813e-05
scaffold,r2,t_target,chemeleon,pub_svm,10,0.008967276111748083,0.0432290282358882,0.7,0.5282539699264425,1.0
scaffold,r2,t_target,chemeleon,pub_rf,10,0.0015326273575336016,0.05213328779882344,0.5,0.9279676109282445,1.0
scaffold,r2,t_target,chemeleon,pub_xgboost,10,-0.03211502990115971,0.03364177524638183,0.1,0.014508295051475634,0.2176244257721345
scaffold,r2,t_target,chemeleon,pub_mlp,10,-0.08140592635145603,0.0488163585902809,0.1,0.0005115588023042345,0.012545227825644076
scaffold,r2,t_target,chemeleon,pub_gnn,10,-0.22141590297689856,0.08401773606352535,0.0,1.5945966083204737e-05,0.0006856765415778037
scaffold,r2,t_target,monroe35,median,10,-0.5425302194111211,0.1478417701226631,0.0,1.0238537213445368e-06,5.3240393509915915e-05
scaffold,r2,t_target,monroe35,pub_knn,10,-0.1573836116977076,0.061434660916653304,0.0,2.00181971586818e-05,0.000800727886347272
scaffold,r2,t_target,monroe35,pub_svm,10,-0.035110693016892874,0.037501298777006385,0.2,0.015941612780369624,0.22318257892517473
scaffold,r2,t_target,monroe35,pub_rf,10,-0.04254534177110736,0.04867242636924834,0.1,0.02196090022423144,0.28549170291500875
scaffold,r2,t_target,monroe35,pub_xgboost,10,-0.07619299902980067,0.030148604595165752,0.0,2.231556644591389e-05,0.0008479915249447277
scaffold,r2,t_target,monroe35,pub_mlp,10,-0.12548389548009697,0.06220991219804757,0.0,0.00012846040186255273,0.003747472741164859
scaffold,r2,t_target,monroe35,pub_gnn,10,-0.2654938721055395,0.07386186350156572,0.0,1.2203000541388316e-06,6.223530276108041e-05
scaffold,r2,t_target,median,pub_knn,10,0.38514660771341347,0.17481336563722014,1.0,6.55913989201407e-05,0.002295698927275588
scaffold,r2,t_target,median,pub_svm,10,0.5074195263942283,0.14627812753281583,1.0,1.6480364758493384e-06,8.240182379246691e-05
scaffold,r2,t_target,median,pub_rf,10,0.4999848776400137,0.13327931777349403,1.0,8.490633628978104e-07,4.500035823358395e-05
scaffold,r2,t_target,median,pub_xgboost,10,0.46633722038132036,0.15975411863474262,1.0,6.936238251700491e-06,0.0003329394360816236
scaffold,r2,t_target,median,pub_mlp,10,0.4170463239310241,0.15324503807701134,1.0,1.2296134680922778e-05,0.0005656221953224478
scaffold,r2,t_target,median,pub_gnn,10,0.2770363473055816,0.1772611745929665,1.0,0.0007997839275253733,0.01679546247803284
scaffold,r2,t_target,pub_knn,pub_svm,10,0.12227291868081469,0.04737102814089357,1.0,1.8844934039816833e-05,0.000791487229672307
scaffold,r2,t_target,pub_knn,pub_rf,10,0.11483826992660022,0.053243102048804614,1.0,7.724080670496917e-05,0.0025489466212639824
scaffold,r2,t_target,pub_knn,pub_xgboost,10,0.0811906126679069,0.04120268765900994,1.0,0.0001530124714329559,0.004284349200122765
scaffold,r2,t_target,pub_knn,pub_mlp,10,0.03189971621761058,0.0407006460562917,0.8,0.035078781399626946,0.39367226173136427
scaffold,r2,t_target,pub_knn,pub_gnn,10,-0.10811026040783193,0.08635940669715986,0.1,0.0033105722096033437,0.06290086871490205
scaffold,r2,t_target,pub_svm,pub_rf,10,-0.007434648754214482,0.025385152206987952,0.4,0.37853435401163443,1.0
scaffold,r2,t_target,pub_svm,pub_xgboost,10,-0.0410823060129078,0.025242998292218155,0.0,0.0006059601086548857,0.01393708249906237
scaffold,r2,t_target,pub_svm,pub_mlp,10,-0.09037320246320413,0.03385591186995099,0.0,1.4378732592946747e-05,0.0006470429666826037
scaffold,r2,t_target,pub_svm,pub_gnn,10,-0.23038317908864664,0.08154225183909408,0.0,9.063801015024439e-06,0.0004259986477061486
scaffold,r2,t_target,pub_rf,pub_xgboost,10,-0.033647657258693314,0.0431421731886126,0.3,0.0357845455253926,0.39367226173136427
scaffold,r2,t_target,pub_rf,pub_mlp,10,-0.08293855370898964,0.04074603672457406,0.0,0.00011997799698248743,0.0037193179064571105
scaffold,r2,t_target,pub_rf,pub_gnn,10,-0.22294853033443215,0.09054127518804143,0.0,2.7448709880293253e-05,0.000988153555690557
scaffold,r2,t_target,pub_xgboost,pub_mlp,10,-0.04929089645029633,0.04549261328554182,0.2,0.007552255643959232,0.12838834594730694
scaffold,r2,t_target,pub_xgboost,pub_gnn,10,-0.18930087307573878,0.07601383114866767,0.0,2.5092689232559446e-05,0.0009284295016046995
scaffold,r2,t_target,pub_mlp,pub_gnn,10,-0.1400099766254425,0.08832803119894381,0.0,0.0007264064312527634,0.015980941487560796
butina,r2,t,knn,lgbm,50,0.17002718492879962,0.29508806002783217,0.76,0.00016841174644005791,0.004378705180058097
butina,r2,t,knn,chemeleon,50,0.191844347066792,0.3253850886229588,0.68,0.00012414205776316572,0.003724261584692682
butina,r2,t,knn,monroe35,50,0.2630013857937061,0.3160181811122758,0.82,3.520288466580039e-07,1.4785210811153808e-05
butina,r2,t,knn,median,50,-0.0813550788172883,0.36414145469951126,0.36,0.12058926981598891,1.0
butina,r2,t,knn,pub_knn,50,-3.377283921621177e-10,2.095948220849653e-09,0.38,1.0,1.0
butina,r2,t,knn,pub_svm,50,0.20342791758935078,0.3167765091792019,0.82,3.658802401282743e-05,0.0012439927606340067
butina,r2,t,knn,pub_rf,50,0.2207133290249069,0.31063119022214536,0.88,7.119062975053727e-06,0.00027052437990049595
butina,r2,t,knn,pub_xgboost,50,0.1715381625554525,0.2935864115159394,0.8,0.00014012466135372573,0.003923490339068888
butina,r2,t,knn,pub_mlp,50,0.08037721280981858,0.30743530839663896,0.6,0.0705409443580681,0.9593944470549709
butina,r2,t,knn,pub_gnn,50,-0.11695943112443126,0.4440325623516241,0.38,0.06852817478964078,0.9593944470549709
butina,r2,t,lgbm,chemeleon,50,0.021817162137992386,0.15228567548220753,0.62,0.3160200116104648,1.0
butina,r2,t,lgbm,monroe35,50,0.09297420086490649,0.1222793338077011,0.78,2.1027788542483443e-06,8.411115416993377e-05
butina,r2,t,lgbm,median,50,-0.2513822637460879,0.2568283937856415,0.16,8.78912717783489e-09,4.218781045360748e-07
butina,r2,t,lgbm,pub_knn,50,-0.170027185266528,0.29508805944008626,0.24,0.00016841173769454218,0.004378705180058097
butina,r2,t,lgbm,pub_svm,50,0.03340073266055118,0.10887252191903866,0.62,0.034938304302707814,0.5939511731460329
butina,r2,t,lgbm,pub_rf,50,0.0506861440961073,0.1330816999874022,0.74,0.00966316133776133,0.1739369040797039
butina,r2,t,lgbm,pub_xgboost,50,0.0015109776266529478,0.12537657108790354,0.52,0.9324360551685209,1.0
butina,r2,t,lgbm,pub_mlp,50,-0.089649972118981,0.19800552866458865,0.34,0.002401465029287375,0.05043076561503487
butina,r2,t,lgbm,pub_gnn,50,-0.28698661605323084,0.323322555792618,0.16,8.762578082735387e-08,3.85553435640357e-06
butina,r2,t,chemeleon,monroe35,50,0.07115703872691409,0.11782597755912323,0.72,8.933779680797706e-05,0.002769471701047289
butina,r2,t,chemeleon,median,50,-0.2731994258840803,0.29335632617618373,0.16,2.9142858441803365e-08,1.3697143467647582e-06
butina,r2,t,chemeleon,pub_knn,50,-0.19184434740452036,0.3253850882351597,0.32,0.0001241420528230894,0.003724261584692682
butina,r2,t,chemeleon,pub_svm,50,0.0115835705225588,0.1672955241897745,0.48,0.6266004045746946,1.0
butina,r2,t,chemeleon,pub_rf,50,0.028868981958114916,0.18079507389773147,0.58,0.264355929427799,1.0
butina,r2,t,chemeleon,pub_xgboost,50,-0.020306184511339444,0.14919088182012702,0.4,0.3405572134782421,1.0
butina,r2,t,chemeleon,pub_mlp,50,-0.11146713425697338,0.18083448477356964,0.28,6.690182288619857e-05,0.002140858332358354
butina,r2,t,chemeleon,pub_gnn,50,-0.30880377819122323,0.3453463013015155,0.1,7.426597979427283e-08,3.3419690907422772e-06
butina,r2,t,monroe35,median,50,-0.3443564646109944,0.27827332227149454,0.14,1.393401304769755e-11,7.524367045756677e-10
butina,r2,t,monroe35,pub_knn,50,-0.2630013861314345,0.3160181807499504,0.18,3.5202882883699544e-07,1.4785210811153808e-05
butina,r2,t,monroe35,pub_svm,50,-0.05957346820435528,0.13247113728246301,0.34,0.002554504900827068,0.05109009801654136
butina,r2,t,monroe35,pub_rf,50,-0.04228805676879917,0.14629278061760193,0.48,0.046348039356820504,0.7415686297091281
butina,r2,t,monroe35,pub_xgboost,50,-0.09146322323825352,0.13370237850017092,0.3,1.3489864678854951e-05,0.0004721452637599233
butina,r2,t,monroe35,pub_mlp,50,-0.18262417298388747,0.1792958712390032,0.16,3.2254270361511925e-09,1.6449677884371081e-07
butina,r2,t,monroe35,pub_gnn,50,-0.37996081691813727,0.34713882805601126,0.12,4.78777222316602e-10,2.4896415560463305e-08
butina,r2,t,median,pub_knn,50,0.08135507847955992,0.36414145448661156,0.64,0.12058927110780683,1.0
butina,r2,t,median,pub_svm,50,0.28478299640663907,0.2321667111441781,0.94,1.8167919355894443e-11,9.628997258624054e-10
butina,r2,t,median,pub_rf,50,0.3020684078421952,0.20693896233531306,0.92,6.96481321240834e-14,3.830647266824587e-12
butina,r2,t,median,pub_xgboost,50,0.2528932413727409,0.2770775677509778,0.82,4.6555480596315724e-08,2.141552107430523e-06
butina,r2,t,median,pub_mlp,50,0.1617322916271069,0.3201224011909766,0.76,0.000805153343607342,0.018518526902968867
butina,r2,t,median,pub_gnn,50,-0.03560435230714296,0.36931588979407354,0.52,0.49864140594272593,1.0
butina,r2,t,pub_knn,pub_svm,50,0.2034279179270792,0.3167765087665104,0.82,3.658802237158843e-05,0.0012439927606340067
butina,r2,t,pub_knn,pub_rf,50,0.2207133293626353,0.310631189822283,0.88,7.11906262896042e-06,0.00027052437990049595
butina,r2,t,pub_knn,pub_xgboost,50,0.17153816289318094,0.2935864110886191,0.8,0.000140124654966746,0.003923490339068888
butina,r2,t,pub_knn,pub_mlp,50,0.08037721314754698,0.3074353079542631,0.6,0.07054094282385787,0.9593944470549709
butina,r2,t,pub_knn,pub_gnn,50,-0.11695943078670287,0.4440325618132059,0.38,0.06852817523752654,0.9593944470549709
butina,r2,t,pub_svm,pub_rf,50,0.017285411435556116,0.09508509477293815,0.54,0.2046804269332128,1.0
butina,r2,t,pub_svm,pub_xgboost,50,-0.031889755033898244,0.11895651088086148,0.36,0.06391834083453968,0.9587751125180952
butina,r2,t,pub_svm,pub_mlp,50,-0.12305070477953219,0.17506713163224785,0.16,8.571181816605863e-06,0.0003085625453978111
butina,r2,t,pub_svm,pub_gnn,50,-0.32038734871378205,0.3203179672001146,0.1,5.120791959430969e-09,2.509188060121175e-07
butina,r2,t,pub_rf,pub_xgboost,50,-0.04917516646945435,0.12041039327328751,0.32,0.005759501471219027,0.10943052795316151
butina,r2,t,pub_rf,pub_mlp,50,-0.14033611621508832,0.19470011648581406,0.24,5.547957583403894e-06,0.00021637034575275186
butina,r2,t,pub_rf,pub_gnn,50,-0.3376727601493382,0.33183324069734527,0.12,3.3048053417265057e-09,1.652402670863253e-07
butina,r2,t,pub_xgboost,pub_mlp,50,-0.09116094974563393,0.18905965780454864,0.34,0.0013107021891400937,0.028835448161082064
butina,r2,t,pub_xgboost,pub_gnn,50,-0.28849759367988387,0.34065913359120925,0.18,2.439159626397907e-07,1.0488386393511e-05
butina,r2,t,pub_mlp,pub_gnn,50,-0.19733664393424988,0.3679243402123078,0.26,0.00040987986815277676,0.009837116835666642
butina,r2,wilcoxon,knn,lgbm,50,0.17002718492879962,0.29508806002783217,0.76,2.5156639491541455e-06,8.804823822039509e-05
butina,r2,wilcoxon,knn,chemeleon,50,0.191844347066792,0.3253850886229588,0.68,7.861200783665367e-05,0.0020439122037529955
butina,r2,wilcoxon,knn,monroe35,50,0.2630013857937061,0.3160181811122758,0.82,2.1246773229677274e-09,1.0198451150245091e-07
butina,r2,wilcoxon,knn,median,50,-0.0813550788172883,0.36414145469951126,0.36,0.020665866669398625,0.3513197333797766
butina,r2,wilcoxon,knn,pub_knn,50,-3.377283921621177e-10,2.095948220849653e-09,0.38,1.0,1.0
butina,r2,wilcoxon,knn,pub_svm,50,0.20342791758935078,0.3167765091792019,0.82,5.572207957271758e-07,2.117439023763268e-05
butina,r2,wilcoxon,knn,pub_rf,50,0.2207133290249069,0.31063119022214536,0.88,7.546860913976161e-09,3.2451501930097493e-07
butina,r2,wilcoxon,knn,pub_xgboost,50,0.1715381625554525,0.2935864115159394,0.8,1.6896629077223224e-05,0.0005068988723166967
butina,r2,wilcoxon,knn,pub_mlp,50,0.08037721280981858,0.30743530839663896,0.6,0.0894381024777875,1.0
butina,r2,wilcoxon,knn,pub_gnn,50,-0.11695943112443126,0.4440325623516241,0.38,0.07719592312590784,1.0
butina,r2,wilcoxon,lgbm,chemeleon,50,0.021817162137992386,0.15228567548220753,0.62,0.18768390417341507,1.0
butina,r2,wilcoxon,lgbm,monroe35,50,0.09297420086490649,0.1222793338077011,0.78,3.006746544187422e-06,9.62158894139975e-05
butina,r2,wilcoxon,lgbm,median,50,-0.2513822637460879,0.2568283937856415,0.16,7.546860913976161e-09,3.2451501930097493e-07
butina,r2,wilcoxon,lgbm,pub_knn,50,-0.170027185266528,0.29508805944008626,0.24,2.5156639491541455e-06,8.804823822039509e-05
butina,r2,wilcoxon,lgbm,pub_svm,50,0.03340073266055118,0.10887252191903866,0.62,0.033687793845592395,0.5053169076838859
butina,r2,wilcoxon,lgbm,pub_rf,50,0.0506861440961073,0.1330816999874022,0.74,0.0014846473444478647,0.031493263431112695
butina,r2,wilcoxon,lgbm,pub_xgboost,50,0.0015109776266529478,0.12537657108790354,0.52,0.6051405400941228,1.0
butina,r2,wilcoxon,lgbm,pub_mlp,50,-0.089649972118981,0.19800552866458865,0.34,0.004043947968749961,0.07683501140624927
butina,r2,wilcoxon,lgbm,pub_gnn,50,-0.28698661605323084,0.323322555792618,0.16,1.080529443697742e-09,5.2945942741189356e-08
butina,r2,wilcoxon,chemeleon,monroe35,50,0.07115703872691409,0.11782597755912323,0.72,0.00014253035612021847,0.003278198190765025
butina,r2,wilcoxon,chemeleon,median,50,-0.2731994258840803,0.29335632617618373,0.16,5.7649630846867694e-08,2.24833560302784e-06
butina,r2,wilcoxon,chemeleon,pub_knn,50,-0.19184434740452036,0.3253850882351597,0.32,7.861200783665367e-05,0.0020439122037529955
butina,r2,wilcoxon,chemeleon,pub_svm,50,0.0115835705225588,0.1672955241897745,0.48,0.8035269768960163,1.0
butina,r2,wilcoxon,chemeleon,pub_rf,50,0.028868981958114916,0.18079507389773147,0.58,0.2866420365460076,1.0
butina,r2,wilcoxon,chemeleon,pub_xgboost,50,-0.020306184511339444,0.14919088182012702,0.4,0.2866420365460076,1.0
butina,r2,wilcoxon,chemeleon,pub_mlp,50,-0.11146713425697338,0.18083448477356964,0.28,4.4254613142058474e-05,0.0011948745548355788
butina,r2,wilcoxon,chemeleon,pub_gnn,50,-0.30880377819122323,0.3453463013015155,0.1,6.3368066349767105e-09,2.8515629857395197e-07
butina,r2,wilcoxon,monroe35,median,50,-0.3443564646109944,0.27827332227149454,0.14,9.07522945681194e-11,4.628367022974089e-09
butina,r2,wilcoxon,monroe35,pub_knn,50,-0.2630013861314345,0.3160181807499504,0.18,2.1246773229677274e-09,1.0198451150245091e-07
butina,r2,wilcoxon,monroe35,pub_svm,50,-0.05957346820435528,0.13247113728246301,0.34,0.002049094724295486,0.04098189448590972
butina,r2,wilcoxon,monroe35,pub_rf,50,-0.04228805676879917,0.14629278061760193,0.48,0.11619549807268115,1.0
butina,r2,wilcoxon,monroe35,pub_xgboost,50,-0.09146322323825352,0.13370237850017092,0.3,1.4422642710343325e-05,0.0004471019240206431
butina,r2,wilcoxon,monroe35,pub_mlp,50,-0.18262417298388747,0.1792958712390032,0.16,2.5633326572460646e-09,1.1791330223331897e-07
butina,r2,wilcoxon,monroe35,pub_gnn,50,-0.37996081691813727,0.34713882805601126,0.12,2.022026990289305e-11,1.0918945747562248e-09
butina,r2,wilcoxon,median,pub_knn,50,0.08135507847955992,0.36414145448661156,0.64,0.020665866669398625,0.3513197333797766
butina,r2,wilcoxon,median,pub_svm,50,0.28478299640663907,0.2321667111441781,0.94,2.8132163265581767e-10,1.4066081632790883e-08
butina,r2,wilcoxon,median,pub_rf,50,0.3020684078421952,0.20693896233531306,0.92,2.433608869978343e-13,1.3384848784880887e-11
butina,r2,wilcoxon,median,pub_xgboost,50,0.2528932413727409,0.2770775677509778,0.82,2.434094703573919e-08,9.736378814295676e-07
butina,r2,wilcoxon,median,pub_mlp,50,0.1617322916271069,0.3201224011909766,0.76,0.00011374680137699045,0.0027299232330477707
butina,r2,wilcoxon,median,pub_gnn,50,-0.03560435230714296,0.36931588979407354,0.52,0.81837027658068,1.0
butina,r2,wilcoxon,pub_knn,pub_svm,50,0.2034279179270792,0.3167765087665104,0.82,5.572207957271758e-07,2.117439023763268e-05
butina,r2,wilcoxon,pub_knn,pub_rf,50,0.2207133293626353,0.310631189822283,0.88,7.546860913976161e-09,3.2451501930097493e-07
butina,r2,wilcoxon,pub_knn,pub_xgboost,50,0.17153816289318094,0.2935864110886191,0.8,1.6896629077223224e-05,0.0005068988723166967
butina,r2,wilcoxon,pub_knn,pub_mlp,50,0.08037721314754698,0.3074353079542631,0.6,0.0894381024777875,1.0
butina,r2,wilcoxon,pub_knn,pub_gnn,50,-0.11695943078670287,0.4440325618132059,0.38,0.07719592312590784,1.0
butina,r2,wilcoxon,pub_svm,pub_rf,50,0.017285411435556116,0.09508509477293815,0.54,0.2695104487517437,1.0
butina,r2,wilcoxon,pub_svm,pub_xgboost,50,-0.031889755033898244,0.11895651088086148,0.36,0.055465717070337206,0.7765200389847209
butina,r2,wilcoxon,pub_svm,pub_mlp,50,-0.12305070477953219,0.17506713163224785,0.16,6.78354924232849e-07,2.4420777272382566e-05
butina,r2,wilcoxon,pub_svm,pub_gnn,50,-0.32038734871378205,0.3203179672001146,0.1,3.863753761379485e-11,2.047789493531127e-09
butina,r2,wilcoxon,pub_rf,pub_xgboost,50,-0.04917516646945435,0.12041039327328751,0.32,0.009674503529771172,0.1741410635358811
butina,r2,wilcoxon,pub_rf,pub_mlp,50,-0.14033611621508832,0.19470011648581406,0.24,2.670359481982132e-06,8.812186290541035e-05
butina,r2,wilcoxon,pub_rf,pub_gnn,50,-0.3376727601493382,0.33183324069734527,0.12,6.337863567296154e-11,3.295689054994e-09
butina,r2,wilcoxon,pub_xgboost,pub_mlp,50,-0.09116094974563393,0.18905965780454864,0.34,0.0014315119741414861,0.031493263431112695
butina,r2,wilcoxon,pub_xgboost,pub_gnn,50,-0.28849759367988387,0.34065913359120925,0.18,6.917133532624575e-09,3.043538754354813e-07
butina,r2,wilcoxon,pub_mlp,pub_gnn,50,-0.19733664393424988,0.3679243402123078,0.26,4.011462634423424e-05,0.0011232095376385587
butina,r2,t_target,knn,lgbm,10,0.1700271849287996,0.11225185913560945,1.0,0.0009875568749140463,0.03224019634704155
butina,r2,t_target,knn,chemeleon,10,0.191844347066792,0.1264516418432178,1.0,0.0009769756752416561,0.03224019634704155
butina,r2,t_target,knn,monroe35,10,0.2630013857937061,0.11879457750075874,1.0,6.317610428469341e-05,0.0030956290569836243
butina,r2,t_target,knn,median,10,-0.08135507881728829,0.16177373663543093,0.3,0.1462325407351949,1.0
butina,r2,t_target,knn,pub_knn,10,-3.3772838484158465e-10,1.075169283381363e-09,0.3,1.0,1.0
butina,r2,t_target,knn,pub_svm,10,0.2034279175893508,0.14193207641889244,1.0,0.001421263113756609,0.03837410397362188
butina,r2,t_target,knn,pub_rf,10,0.2207133290249069,0.11918151784602429,1.0,0.00024186801306859274,0.010642192555508544
butina,r2,t_target,knn,pub_xgboost,10,0.17153816255545257,0.12304342058842072,0.9,0.0016989972365124939,0.042474930679313676
butina,r2,t_target,knn,pub_mlp,10,0.08037721280981859,0.11919473388929525,0.7,0.061776438803314175,1.0
butina,r2,t_target,knn,pub_gnn,10,-0.11695943112443127,0.22048149662395164,0.2,0.12775657638455756,1.0
butina,r2,t_target,lgbm,chemeleon,10,0.02181716213799239,0.051932063762154396,0.5,0.21671078302321647,1.0
butina,r2,t_target,lgbm,monroe35,10,0.09297420086490647,0.05409006732430223,1.0,0.00041336108580808595,0.015707721260707266
butina,r2,t_target,lgbm,median,10,-0.2513822637460879,0.12673792638790154,0.0,0.00014570388387955043,0.00684808254233887
butina,r2,t_target,lgbm,pub_knn,10,-0.170027185266528,0.11225185909335553,0.0,0.0009875568593193205,0.03224019634704155
butina,r2,t_target,lgbm,pub_svm,10,0.03340073266055119,0.06123849056066234,0.8,0.11865449711671758,1.0
butina,r2,t_target,lgbm,pub_rf,10,0.05068614409610731,0.062433433634116416,0.8,0.03032315528971779,0.5458167952149202
butina,r2,t_target,lgbm,pub_xgboost,10,0.0015109776266529471,0.035777004164787955,0.4,0.8966945806778382,1.0
butina,r2,t_target,lgbm,pub_mlp,10,-0.089649972118981,0.06783652041400988,0.1,0.002379134012488792,0.05234094827475342
butina,r2,t_target,lgbm,pub_gnn,10,-0.2869866160532309,0.1825978186054734,0.0,0.0007697872813136212,0.027622411466132646
butina,r2,t_target,chemeleon,monroe35,10,0.07115703872691409,0.04786583777727794,0.9,0.0011185607403837873,0.03243826147112983
butina,r2,t_target,chemeleon,median,10,-0.2731994258840803,0.15408346123228894,0.1,0.0003313290063395122,0.013253160253580488
butina,r2,t_target,chemeleon,pub_knn,10,-0.1918443474045204,0.12645164151701707,0.0,0.0009769756468800469,0.03224019634704155
butina,r2,t_target,chemeleon,pub_svm,10,0.0115835705225588,0.08832658303083044,0.4,0.6880604145768915,1.0
butina,r2,t_target,chemeleon,pub_rf,10,0.028868981958114916,0.08296716213531641,0.5,0.2997441004746497,1.0
butina,r2,t_target,chemeleon,pub_xgboost,10,-0.02030618451133944,0.06647604555822892,0.4,0.3592974426471872,1.0
butina,r2,t_target,chemeleon,pub_mlp,10,-0.11146713425697338,0.07226782575002647,0.0,0.0008743366432891321,0.02972744587183049
butina,r2,t_target,chemeleon,pub_gnn,10,-0.3088037781912233,0.19638536921951566,0.0,0.0007672892073925735,0.027622411466132646
butina,r2,t_target,monroe35,median,10,-0.34435646461099434,0.14439889995503918,0.0,3.5365795026255554e-05,0.0017682897513127778
butina,r2,t_target,monroe35,pub_knn,10,-0.2630013861314345,0.11879457739027906,0.0,6.317610320374743e-05,0.0030956290569836243
butina,r2,t_target,monroe35,pub_svm,10,-0.059573468204355294,0.07198192127610713,0.1,0.027940983717995235,0.5308786906419095
butina,r2,t_target,monroe35,pub_rf,10,-0.042288056768799175,0.06779498218551337,0.2,0.080017799271466,1.0
butina,r2,t_target,monroe35,pub_xgboost,10,-0.09146322323825354,0.052899073534064214,0.0,0.00039648168459493636,0.015462785699202519
butina,r2,t_target,monroe35,pub_mlp,10,-0.1826241729838875,0.056758090859460826,0.0,3.096763220023239e-06,0.0001672252138812549
butina,r2,t_target,monroe35,pub_gnn,10,-0.3799608169181374,0.15864814074562836,0.0,3.419192623234147e-05,0.0017437882378494149
butina,r2,t_target,median,pub_knn,10,0.08135507847955992,0.16177373678312895,0.7,0.1462325425471381,1.0
butina,r2,t_target,median,pub_svm,10,0.28478299640663907,0.09283086058728497,1.0,4.603706583171165e-06,0.0002393927423249006
butina,r2,t_target,median,pub_rf,10,0.30206840784219524,0.09435677523568259,1.0,3.2303193962770665e-06,0.00017120692800268452
butina,r2,t_target,median,pub_xgboost,10,0.25289324137274083,0.13662134561624212,1.0,0.00024268569642498615,0.010642192555508544
butina,r2,t_target,median,pub_mlp,10,0.1617322916271069,0.1191848073979181,0.9,0.0020166026948894747,0.04638186198245792
butina,r2,t_target,median,pub_gnn,10,-0.03560435230714295,0.2146748192770286,0.4,0.6126217552243972,1.0
butina,r2,t_target,pub_knn,pub_svm,10,0.20342791792707918,0.14193207659882032,1.0,0.0014212631101341436,0.03837410397362188
butina,r2,t_target,pub_knn,pub_rf,10,0.22071332936263527,0.11918151799843538,1.0,0.0002418680126251942,0.010642192555508544
butina,r2,t_target,pub_knn,pub_xgboost,10,0.17153816289318094,0.12304342072491135,0.9,0.001698997227172547,0.042474930679313676
butina,r2,t_target,pub_knn,pub_mlp,10,0.08037721314754698,0.11919473388141077,0.7,0.06177643788931257,1.0
butina,r2,t_target,pub_knn,pub_gnn,10,-0.11695943078670287,0.2204814968291724,0.2,0.12775657766001283,1.0
butina,r2,t_target,pub_svm,pub_rf,10,0.017285411435556116,0.043374283460170054,0.6,0.23928243069748525,1.0
butina,r2,t_target,pub_svm,pub_xgboost,10,-0.03188975503389825,0.05537470299846828,0.3,0.10192119714219249,1.0
butina,r2,t_target,pub_svm,pub_mlp,10,-0.1230507047795322,0.06334525492762548,0.0,0.00017018320306812424,0.007828427341133716
butina,r2,t_target,pub_svm,pub_gnn,10,-0.3203873487137821,0.17476362191685835,0.0,0.0002603603605521333,0.010674774782637465
butina,r2,t_target,pub_rf,pub_xgboost,10,-0.04917516646945436,0.0586636327432143,0.2,0.02644152370643906,0.5288304741287813
butina,r2,t_target,pub_rf,pub_mlp,10,-0.14033611621508832,0.0332283859092156,0.0,3.079228654854656e-07,1.693575760170061e-05
butina,r2,t_target,pub_rf,pub_gnn,10,-0.3376727601493382,0.1803447987589085,0.0,0.00022320183423017126,0.010044082540357708
butina,r2,t_target,pub_xgboost,pub_mlp,10,-0.09116094974563396,0.06246605213794849,0.0,0.0012634234878950627,0.03537585766106176
butina,r2,t_target,pub_xgboost,pub_gnn,10,-0.2884975936798838,0.17189929079084668,0.0,0.0004891596269377953,0.018098906196698426
butina,r2,t_target,pub_mlp,pub_gnn,10,-0.19733664393424985,0.18634289001273138,0.2,0.008539223036825453,0.17932368377333452
diverse_25,r2,t,knn,lgbm,50,0.10257040893444495,0.21183684899315108,0.68,0.0012565880118691392,0.030158112284859342
diverse_25,r2,t,knn,chemeleon,50,0.10092703668322202,0.21600699199310575,0.68,0.0017870001768033052,0.03574000353606611
diverse_25,r2,t,knn,monroe35,50,0.19096802246624606,0.21962094578749944,0.9,1.381042325314171e-07,5.386065068725267e-06
diverse_25,r2,t,knn,median,50,-0.1344362254485866,0.25233326112734644,0.24,0.0004433706117551784,0.011527635905634638
diverse_25,r2,t,knn,pub_knn,50,0.00016380786821394656,0.2482215072297303,0.5,0.9962957254229337,1.0
diverse_25,r2,t,knn,pub_svm,50,0.1285645646348437,0.20702457043987676,0.76,6.009930085100988e-05,0.0018029790255302963
diverse_25,r2,t,knn,pub_rf,50,0.1444279096629862,0.1947340970491488,0.8,3.328976603300779e-06,0.00011651418111552727
diverse_25,r2,t,knn,pub_xgboost,50,0.07914913699270486,0.20333129655252288,0.62,0.008270143699126726,0.13232229918602761
diverse_25,r2,t,knn,pub_mlp,50,0.06378521317780629,0.21588471133446788,0.54,0.04190352453423586,0.5866493434793021
diverse_25,r2,t,knn,pub_gnn,50,-0.133689718300694,0.2631326708893303,0.2,0.0007574915893309886,0.018937289733274715
diverse_25,r2,t,lgbm,chemeleon,50,-0.0016433722512229354,0.14988476503375248,0.56,0.9385185452195847,1.0
diverse_25,r2,t,lgbm,monroe35,50,0.08839761353180106,0.11045061226692741,0.74,7.804935313669585e-07,2.8097767129210506e-05
diverse_25,r2,t,lgbm,median,50,-0.2370066343830316,0.20209182338335935,0.1,6.840713107451618e-11,3.351949422651293e-09
diverse_25,r2,t,lgbm,pub_knn,50,-0.10240660106623102,0.2131848007144075,0.28,0.001361363651166049,0.03131136397681913
diverse_25,r2,t,lgbm,pub_svm,50,0.02599415570039874,0.11514606191030215,0.62,0.11685424850071455,1.0
diverse_25,r2,t,lgbm,pub_rf,50,0.04185750072854121,0.10222025104693186,0.66,0.005640691928951343,0.10153245472112417
diverse_25,r2,t,lgbm,pub_xgboost,50,-0.0234212719417401,0.13087894560627025,0.44,0.21171448205044652,1.0
diverse_25,r2,t,lgbm,pub_mlp,50,-0.038785195756638656,0.1529555150715699,0.38,0.07914271246172154,0.9497125495406584
diverse_25,r2,t,lgbm,pub_gnn,50,-0.23626012723513898,0.20673333861029508,0.08,1.4369727065830003e-10,6.897468991598401e-09
diverse_25,r2,t,chemeleon,monroe35,50,0.09004098578302398,0.1371931369587063,0.74,2.619302995217291e-05,0.0008643699884217061
diverse_25,r2,t,chemeleon,median,50,-0.23536326213180866,0.22205327944436254,0.12,1.1395852983408553e-09,5.014175312699763e-08
diverse_25,r2,t,chemeleon,pub_knn,50,-0.10076322881500807,0.2513588968703997,0.28,0.006647523859593068,0.11300790561308216
diverse_25,r2,t,chemeleon,pub_svm,50,0.02763752795162168,0.1583412002537552,0.46,0.22301009727106552,1.0
diverse_25,r2,t,chemeleon,pub_rf,50,0.043500872979764134,0.14888164137080004,0.56,0.044131157628158474,0.5866493434793021
diverse_25,r2,t,chemeleon,pub_xgboost,50,-0.021777899690517164,0.16209200103151894,0.34,0.34675721825872835,1.0
diverse_25,r2,t,chemeleon,pub_mlp,50,-0.037141823505415714,0.15703174368407896,0.4,0.10080408251572695,1.0
diverse_25,r2,t,chemeleon,pub_gnn,50,-0.23461675498391607,0.22480965092228178,0.08,1.7169011140878876e-09,7.382674790577917e-08
diverse_25,r2,t,monroe35,median,50,-0.3254042479148327,0.1890996673145509,0.0,2.0236001774074787e-16,1.0927440958000385e-14
diverse_25,r2,t,monroe35,pub_knn,50,-0.1908042145980321,0.2276230890642584,0.08,3.028420272286123e-07,1.1507997034687267e-05
diverse_25,r2,t,monroe35,pub_svm,50,-0.06240345783140233,0.0778365193845732,0.24,7.53976765164221e-07,2.7897140311076177e-05
diverse_25,r2,t,monroe35,pub_rf,50,-0.04654011280325985,0.08370070000823436,0.22,0.00026504096138683713,0.00742114691883144
diverse_25,r2,t,monroe35,pub_xgboost,50,-0.11181888547354119,0.10010101287779181,0.14,2.728910041269436e-10,1.2552986189839405e-08
diverse_25,r2,t,monroe35,pub_mlp,50,-0.1271828092884397,0.11226776033272691,0.14,1.8413833524122815e-10,8.654501756337723e-09
diverse_25,r2,t,monroe35,pub_gnn,50,-0.32465774076694004,0.19539086688785284,0.04,7.326207799759167e-16,3.882890133872358e-14
diverse_25,r2,t,median,pub_knn,50,0.1346000333168006,0.31284803709738895,0.78,0.0037667666569530392,0.07156856648210774
diverse_25,r2,t,median,pub_svm,50,0.26300079008343036,0.17485880760398592,0.94,2.5031577632222994e-14,1.2766104592433728e-12
diverse_25,r2,t,median,pub_rf,50,0.2788641351115728,0.15594382404304002,0.98,4.8080263753415736e-17,2.6444145064378653e-15
diverse_25,r2,t,median,pub_xgboost,50,0.21358536244129148,0.19711525761372647,0.84,6.304032544138175e-10,2.8368146448621786e-08
diverse_25,r2,t,median,pub_mlp,50,0.19822143862639294,0.20336277704642866,0.84,9.741059737464322e-09,3.896423894985729e-07
diverse_25,r2,t,median,pub_gnn,50,0.0007465071478926078,0.17379224758804632,0.52,0.9758929056634411,1.0
diverse_25,r2,t,pub_knn,pub_svm,50,0.12840075676662976,0.21202487488377564,0.78,8.594657062809396e-05,0.002492450548214725
diverse_25,r2,t,pub_knn,pub_rf,50,0.14426410179477223,0.22085779877663508,0.86,2.8198060372026063e-05,0.000902337931904834
diverse_25,r2,t,pub_knn,pub_xgboost,50,0.07898532912449091,0.2457026636772393,0.6,0.027439732245590022,0.4115959836838503
diverse_25,r2,t,pub_knn,pub_mlp,50,0.06362140530959236,0.26172756144873816,0.56,0.09195377798227469,1.0
diverse_25,r2,t,pub_knn,pub_gnn,50,-0.13385352616890797,0.2796332397628988,0.22,0.0014101947602879587,0.03131136397681913
diverse_25,r2,t,pub_svm,pub_rf,50,0.01586334502814247,0.0700648180115968,0.58,0.11581465837556273,1.0
diverse_25,r2,t,pub_svm,pub_xgboost,50,-0.04941542764213884,0.1046939267178836,0.32,0.001619846885708436,0.034016784599877156
diverse_25,r2,t,pub_svm,pub_mlp,50,-0.06477935145703739,0.11949175858103747,0.26,0.0003609272756797224,0.009745036443352504
diverse_25,r2,t,pub_svm,pub_gnn,50,-0.2622542829355377,0.17771462563279855,0.04,4.808365932492498e-14,2.404182966246249e-12
diverse_25,r2,t,pub_rf,pub_xgboost,50,-0.06527877267028132,0.1045981427122596,0.24,5.59329317241907e-05,0.0017339208834499117
diverse_25,r2,t,pub_rf,pub_mlp,50,-0.08064269648517985,0.12025092884761376,0.28,1.8626291055791516e-05,0.0006332938958969115
diverse_25,r2,t,pub_rf,pub_gnn,50,-0.27811762796368017,0.16891789356322476,0.04,1.0210495490416653e-15,5.3094576550166597e-14
diverse_25,r2,t,pub_xgboost,pub_mlp,50,-0.01536392381489855,0.13015755659284609,0.46,0.4079514323869996,1.0
diverse_25,r2,t,pub_xgboost,pub_gnn,50,-0.21283885529339888,0.21699106238243848,0.12,8.34197438673218e-09,3.420209498560194e-07
diverse_25,r2,t,pub_mlp,pub_gnn,50,-0.19747493147850037,0.19109468370581575,0.16,2.2209380505973367e-09,9.327939812508814e-08
diverse_25,r2,wilcoxon,knn,lgbm,50,0.10257040893444495,0.21183684899315108,0.68,0.002799360749817126,0.05318785424652539
diverse_25,r2,wilcoxon,knn,chemeleon,50,0.10092703668322202,0.21600699199310575,0.68,0.004043947968749961,0.0727910634374993
diverse_25,r2,wilcoxon,knn,monroe35,50,0.19096802246624606,0.21962094578749944,0.9,4.9116266609416925e-12,2.3575807972520124e-10
diverse_25,r2,wilcoxon,knn,median,50,-0.1344362254485866,0.25233326112734644,0.24,0.00035222154756553437,0.008453317141572825
diverse_25,r2,wilcoxon,knn,pub_knn,50,0.00016380786821394656,0.2482215072297303,0.5,0.8482444441392172,1.0
diverse_25,r2,wilcoxon,knn,pub_svm,50,0.1285645646348437,0.20702457043987676,0.76,3.586156610779767e-06,0.00011475701154495255
diverse_25,r2,wilcoxon,knn,pub_rf,50,0.1444279096629862,0.1947340970491488,0.8,6.3368066349767105e-09,2.40798652129115e-07
diverse_25,r2,wilcoxon,knn,pub_xgboost,50,0.07914913699270486,0.20333129655252288,0.62,0.014479791748943427,0.23167666798309483
diverse_25,r2,wilcoxon,knn,pub_mlp,50,0.06378521317780629,0.21588471133446788,0.54,0.174987615360088,1.0
diverse_25,r2,wilcoxon,knn,pub_gnn,50,-0.133689718300694,0.2631326708893303,0.2,0.0005966978973450665,0.013127353741591463
diverse_25,r2,wilcoxon,lgbm,chemeleon,50,-0.0016433722512229354,0.14988476503375248,0.56,0.5272794190915597,1.0
diverse_25,r2,wilcoxon,lgbm,monroe35,50,0.08839761353180106,0.11045061226692741,0.74,1.6455253124547653e-06,5.4302335311007255e-05
diverse_25,r2,wilcoxon,lgbm,median,50,-0.2370066343830316,0.20209182338335935,0.1,7.237197507947712e-10,3.1119949284175163e-08
diverse_25,r2,wilcoxon,lgbm,pub_knn,50,-0.10240660106623102,0.2131848007144075,0.28,7.500770700019643e-05,0.0019502003820051073
diverse_25,r2,wilcoxon,lgbm,pub_svm,50,0.02599415570039874,0.11514606191030215,0.62,0.16001685587048975,1.0
diverse_25,r2,wilcoxon,lgbm,pub_rf,50,0.04185750072854121,0.10222025104693186,0.66,0.006131180232502587,0.10423006395254397
diverse_25,r2,wilcoxon,lgbm,pub_xgboost,50,-0.0234212719417401,0.13087894560627025,0.44,0.1976349682926415,1.0
diverse_25,r2,wilcoxon,lgbm,pub_mlp,50,-0.038785195756638656,0.1529555150715699,0.38,0.04294367729928261,0.6012114821899566
diverse_25,r2,wilcoxon,lgbm,pub_gnn,50,-0.23626012723513898,0.20673333861029508,0.08,3.8819791825517314e-10,1.7857104239737964e-08
diverse_25,r2,wilcoxon,chemeleon,monroe35,50,0.09004098578302398,0.1371931369587063,0.74,1.367585375788849e-05,0.0004239514664945432
diverse_25,r2,wilcoxon,chemeleon,median,50,-0.23536326213180866,0.22205327944436254,0.12,1.5961560961841315e-09,6.544239994354939e-08
diverse_25,r2,wilcoxon,chemeleon,pub_knn,50,-0.10076322881500807,0.2513588968703997,0.28,0.0022762251098509267,0.04780072730686946
diverse_25,r2,wilcoxon,chemeleon,pub_svm,50,0.02763752795162168,0.1583412002537552,0.46,0.5526669770606443,1.0
diverse_25,r2,wilcoxon,chemeleon,pub_rf,50,0.043500872979764134,0.14888164137080004,0.56,0.20103473802823935,1.0
diverse_25,r2,wilcoxon,chemeleon,pub_xgboost,50,-0.021777899690517164,0.16209200103151894,0.34,0.07082612042920822,0.9207395655797068
diverse_25,r2,wilcoxon,chemeleon,pub_mlp,50,-0.037141823505415714,0.15703174368407896,0.4,0.09130577606126522,1.0
diverse_25,r2,wilcoxon,chemeleon,pub_gnn,50,-0.23461675498391607,0.22480965092228178,0.08,7.237197507947712e-10,3.1119949284175163e-08
diverse_25,r2,wilcoxon,monroe35,median,50,-0.3254042479148327,0.1890996673145509,0.0,1.7763568394002505e-15,9.769962616701378e-14
diverse_25,r2,wilcoxon,monroe35,pub_knn,50,-0.1908042145980321,0.2276230890642584,0.08,1.1368683772161603e-12,5.6843418860808015e-11
diverse_25,r2,wilcoxon,monroe35,pub_svm,50,-0.06240345783140233,0.0778365193845732,0.24,1.3667570399888973e-06,4.646973935962251e-05
diverse_25,r2,wilcoxon,monroe35,pub_rf,50,-0.04654011280325985,0.08370070000823436,0.22,0.00035222154756553437,0.008453317141572825
diverse_25,r2,wilcoxon,monroe35,pub_xgboost,50,-0.11181888547354119,0.10010101287779181,0.14,5.318447904301138e-10,2.3401170778925007e-08
diverse_25,r2,wilcoxon,monroe35,pub_mlp,50,-0.1271828092884397,0.11226776033272691,0.14,2.2601653881793027e-10,1.0622777324442723e-08
diverse_25,r2,wilcoxon,monroe35,pub_gnn,50,-0.32465774076694004,0.19539086688785284,0.04,1.2434497875801753e-14,6.714628852932947e-13
diverse_25,r2,wilcoxon,median,pub_knn,50,0.1346000333168006,0.31284803709738895,0.78,5.121092026350027e-05,0.0014339057673780076
diverse_25,r2,wilcoxon,median,pub_svm,50,0.26300079008343036,0.17485880760398592,0.94,1.6058265828178264e-12,7.86855025580735e-11
diverse_25,r2,wilcoxon,median,pub_rf,50,0.2788641351115728,0.15594382404304002,0.98,1.2434497875801753e-14,6.714628852932947e-13
diverse_25,r2,wilcoxon,median,pub_xgboost,50,0.21358536244129148,0.19711525761372647,0.84,1.9326371614170057e-09,7.730548645668023e-08
diverse_25,r2,wilcoxon,median,pub_mlp,50,0.19822143862639294,0.20336277704642866,0.84,2.5633326572460646e-09,9.996997363259652e-08
diverse_25,r2,wilcoxon,median,pub_gnn,50,0.0007465071478926078,0.17379224758804632,0.52,0.7448958960780061,1.0
diverse_25,r2,wilcoxon,pub_knn,pub_svm,50,0.12840075676662976,0.21202487488377564,0.78,6.354784893858323e-07,2.224174712850413e-05
diverse_25,r2,wilcoxon,pub_knn,pub_rf,50,0.14426410179477223,0.22085779877663508,0.86,1.0642100534141719e-08,3.8311561922910187e-07
diverse_25,r2,wilcoxon,pub_knn,pub_xgboost,50,0.07898532912449091,0.2457026636772393,0.6,0.02898427633581413,0.43476414503721195
diverse_25,r2,wilcoxon,pub_knn,pub_mlp,50,0.06362140530959236,0.26172756144873816,0.56,0.08401577354329604,1.0
diverse_25,r2,wilcoxon,pub_knn,pub_gnn,50,-0.13385352616890797,0.2796332397628988,0.22,6.508990648690371e-05,0.0017574274751464003
diverse_25,r2,wilcoxon,pub_svm,pub_rf,50,0.01586334502814247,0.0700648180115968,0.58,0.1515030570827971,1.0
diverse_25,r2,wilcoxon,pub_svm,pub_xgboost,50,-0.04941542764213884,0.1046939267178836,0.32,0.0024399375469918994,0.04879875093983799
diverse_25,r2,wilcoxon,pub_svm,pub_mlp,50,-0.06477935145703739,0.11949175858103747,0.26,0.000251529064962952,0.0062882266240738005
diverse_25,r2,wilcoxon,pub_svm,pub_gnn,50,-0.2622542829355377,0.17771462563279855,0.04,5.861977570020827e-14,2.9896085607106215e-12
diverse_25,r2,wilcoxon,pub_rf,pub_xgboost,50,-0.06527877267028132,0.1045981427122596,0.24,3.288899332076767e-05,0.00098666979962303
diverse_25,r2,wilcoxon,pub_rf,pub_mlp,50,-0.08064269648517985,0.12025092884761376,0.28,3.288899332076767e-05,0.00098666979962303
diverse_25,r2,wilcoxon,pub_rf,pub_gnn,50,-0.27811762796368017,0.16891789356322476,0.04,3.375077994860476e-14,1.7550405573274475e-12
diverse_25,r2,wilcoxon,pub_xgboost,pub_mlp,50,-0.01536392381489855,0.13015755659284609,0.46,0.46061015880625966,1.0
diverse_25,r2,wilcoxon,pub_xgboost,pub_gnn,50,-0.21283885529339888,0.21699106238243848,0.12,8.970399534291573e-09,3.319047827687882e-07
diverse_25,r2,wilcoxon,pub_mlp,pub_gnn,50,-0.19747493147850037,0.19109468370581575,0.16,4.3148595807451784e-10,1.9416868113353303e-08
diverse_25,r2,t_target,knn,lgbm,10,0.10257040893444498,0.08927262536577292,0.8,0.005457326526555343,0.13643316316388357
diverse_25,r2,t_target,knn,chemeleon,10,0.100927036683222,0.09881003622408219,0.8,0.010322164732480677,0.20644329464961353
diverse_25,r2,t_target,knn,monroe35,10,0.19096802246624606,0.08439582684517094,1.0,5.334424931212665e-05,0.0026138682162942057
diverse_25,r2,t_target,knn,median,10,-0.13443622544858663,0.1371351184395088,0.1,0.012721586934798733,0.24171015176117594
diverse_25,r2,t_target,knn,pub_knn,10,0.00016380786821394155,0.09194628167182324,0.7,0.9956278119951909,1.0
diverse_25,r2,t_target,knn,pub_svm,10,0.12856456463484373,0.06435000259669695,1.0,0.0001380209862824141,0.0063489653689910485
diverse_25,r2,t_target,knn,pub_rf,10,0.1444279096629862,0.05195684709708521,1.0,1.0349036202398684e-05,0.0005691969911319276
diverse_25,r2,t_target,knn,pub_xgboost,10,0.07914913699270484,0.07592882673453866,0.8,0.009283108934719246,0.19494528762910418
diverse_25,r2,t_target,knn,pub_mlp,10,0.0637852131778063,0.06833129546983693,0.8,0.01617115547240051,0.29108079850320917
diverse_25,r2,t_target,knn,pub_gnn,10,-0.13368971830069404,0.09692010950896927,0.1,0.0018181984495073398,0.058182350384234874
diverse_25,r2,t_target,lgbm,chemeleon,10,-0.001643372251222948,0.09782623983254801,0.6,0.9587945662790546,1.0
diverse_25,r2,t_target,lgbm,monroe35,10,0.08839761353180106,0.06572090532646169,0.8,0.002131742368932411,0.06608401343690475
diverse_25,r2,t_target,lgbm,median,10,-0.23700663438303163,0.16434539001690734,0.1,0.001365486635472686,0.04745156121898729
diverse_25,r2,t_target,lgbm,pub_knn,10,-0.10240660106623103,0.0668040397818693,0.0,0.0009113846210536705,0.03372123097898581
diverse_25,r2,t_target,lgbm,pub_svm,10,0.025994155700398737,0.044072505419051874,0.9,0.0950342133459701,1.0
diverse_25,r2,t_target,lgbm,pub_rf,10,0.041857500728541205,0.04747139363487023,0.7,0.021112011904544103,0.35890420237724974
diverse_25,r2,t_target,lgbm,pub_xgboost,10,-0.023421271941740117,0.046844800845973866,0.5,0.148322064573125,1.0
diverse_25,r2,t_target,lgbm,pub_mlp,10,-0.038785195756638656,0.0760642821674672,0.3,0.14132363421183575,1.0
diverse_25,r2,t_target,lgbm,pub_gnn,10,-0.23626012723513895,0.15256517019717708,0.1,0.0008510974020941605,0.0323417012795781
diverse_25,r2,t_target,chemeleon,monroe35,10,0.09004098578302401,0.06300217502967527,0.9,0.0014479552191009244,0.047782522230330506
diverse_25,r2,t_target,chemeleon,median,10,-0.23536326213180864,0.18597367687912153,0.1,0.0031006222388496422,0.08681742268778998
diverse_25,r2,t_target,chemeleon,pub_knn,10,-0.10076322881500807,0.0945095014843666,0.1,0.008236995341181136,0.18945089284716612
diverse_25,r2,t_target,chemeleon,pub_svm,10,0.027637527951621676,0.08123731097355978,0.6,0.30999613295333195,1.0
diverse_25,r2,t_target,chemeleon,pub_rf,10,0.04350087297976415,0.09586672900976803,0.5,0.18513101586130623,1.0
diverse_25,r2,t_target,chemeleon,pub_xgboost,10,-0.021777899690517168,0.08694043396081455,0.4,0.4486615758763592,1.0
diverse_25,r2,t_target,chemeleon,pub_mlp,10,-0.03714182350541571,0.07699006169933625,0.2,0.16146119800267378,1.0
diverse_25,r2,t_target,chemeleon,pub_gnn,10,-0.23461675498391604,0.15050963904118264,0.1,0.0008140034458370825,0.031746134387646216
diverse_25,r2,t_target,monroe35,median,10,-0.32540424791483263,0.17425621052938464,0.0,0.00022759868022918504,0.010241940610313327
diverse_25,r2,t_target,monroe35,pub_knn,10,-0.1908042145980321,0.08188719302370681,0.0,4.2434800864943305e-05,0.0021217400432471654
diverse_25,r2,t_target,monroe35,pub_svm,10,-0.06240345783140233,0.04743216377428611,0.1,0.0024462363376685043,0.07338709013005514
diverse_25,r2,t_target,monroe35,pub_rf,10,-0.04654011280325986,0.059600877200959815,0.1,0.035610838104650815,0.569773409674413
diverse_25,r2,t_target,monroe35,pub_xgboost,10,-0.11181888547354117,0.042455393963694216,0.0,1.6021766096546872e-05,0.0008651753692135311
diverse_25,r2,t_target,monroe35,pub_mlp,10,-0.1271828092884397,0.04887476543941806,0.0,1.7655235498475165e-05,0.0009357274814191837
diverse_25,r2,t_target,monroe35,pub_gnn,10,-0.32465774076694004,0.13748351758096453,0.0,3.8210523533705e-05,0.0019487367002189553
diverse_25,r2,t_target,median,pub_knn,10,0.13460003331680057,0.2062342632436639,0.9,0.0690450801212339,0.8975860415760408
diverse_25,r2,t_target,median,pub_svm,10,0.2630007900834303,0.14783715661441518,1.0,0.00032348557585589073,0.01358639418594741
diverse_25,r2,t_target,median,pub_rf,10,0.2788641351115728,0.1378598766750249,1.0,0.0001257622936184805,0.005974615672331615
diverse_25,r2,t_target,median,pub_xgboost,10,0.21358536244129148,0.16579263513691997,0.9,0.0027834907017687325,0.08072123035129325
diverse_25,r2,t_target,median,pub_mlp,10,0.19822143862639297,0.16078151711707434,0.9,0.0036268450991521345,0.09792481767710763
diverse_25,r2,t_target,median,pub_gnn,10,0.0007465071478926083,0.10382942379860051,0.4,0.9823569872140508,1.0
diverse_25,r2,t_target,pub_knn,pub_svm,10,0.12840075676662976,0.0710075665714099,1.0,0.0002875914615119105,0.012366432845012152
diverse_25,r2,t_target,pub_knn,pub_rf,10,0.14426410179477223,0.08126328348452468,1.0,0.00032838579531078364,0.01358639418594741
diverse_25,r2,t_target,pub_knn,pub_xgboost,10,0.07898532912449092,0.07426402112558421,1.0,0.008345056537764123,0.18945089284716612
diverse_25,r2,t_target,pub_knn,pub_mlp,10,0.06362140530959237,0.0930084973561994,0.6,0.058768195601908914,0.8227547384267248
diverse_25,r2,t_target,pub_knn,pub_gnn,10,-0.13385352616890794,0.1755644950721125,0.2,0.03918617125679951,0.5877925688519927
diverse_25,r2,t_target,pub_svm,pub_rf,10,0.01586334502814247,0.032428342469282494,0.6,0.15628470752841336,1.0
diverse_25,r2,t_target,pub_svm,pub_xgboost,10,-0.04941542764213885,0.042036526887489,0.1,0.004790067097017855,0.12454174452246423
diverse_25,r2,t_target,pub_svm,pub_mlp,10,-0.06477935145703739,0.057096572520847606,0.1,0.0058590136298088,0.14061632711541122
diverse_25,r2,t_target,pub_svm,pub_gnn,10,-0.2622542829355377,0.1294708556620234,0.0,0.00012447115984024198,0.005974615672331615
diverse_25,r2,t_target,pub_rf,pub_xgboost,10,-0.0652787726702813,0.04521604673622201,0.1,0.0013557588919710655,0.04745156121898729
diverse_25,r2,t_target,pub_rf,pub_mlp,10,-0.08064269648517985,0.05148909899887636,0.1,0.0007882803396483246,0.031531213585932985
diverse_25,r2,t_target,pub_rf,pub_gnn,10,-0.2781176279636802,0.1128420615761722,0.0,2.724892770827849e-05,0.0014169442408304815
diverse_25,r2,t_target,pub_xgboost,pub_mlp,10,-0.015363923814898543,0.06729722533046173,0.4,0.4886590867098491,1.0
diverse_25,r2,t_target,pub_xgboost,pub_gnn,10,-0.21283885529339885,0.14395814113297037,0.1,0.0011597838532298001,0.041752218716272806
diverse_25,r2,t_target,pub_mlp,pub_gnn,10,-0.19747493147850032,0.10862804359945794,0.0,0.0002767476665700377,0.012176897329081659
umap,r2,t,knn,lgbm,50,0.17190516575080095,0.26729247750339447,0.74,3.5774241802883814e-05,0.001538292397524004
umap,r2,t,knn,chemeleon,50,0.20416512026948538,0.3626515156246982,0.74,0.00022686316332221336,0.00884766336956632
umap,r2,t,knn,monroe35,50,0.32152955947498557,0.25109009799500354,0.9,4.886618655948053e-12,2.687640260771429e-10
umap,r2,t,knn,median,50,0.08211302299012951,0.45445802971355304,0.74,0.20740196813813375,1.0
umap,r2,t,knn,pub_knn,50,4.122647354054543e-10,2.106514954661728e-09,0.5,1.0,1.0
umap,r2,t,knn,pub_svm,50,0.24425277920269547,0.2818794334456947,0.88,1.4899401491228105e-07,7.598694760526334e-06
umap,r2,t,knn,pub_rf,50,0.268280778379582,0.3032750329507686,0.8,9.451155769393062e-08,5.009112557778323e-06
umap,r2,t,knn,pub_xgboost,50,0.1338974586194817,0.2763818788640797,0.7,0.001249496168398321,0.04248286972554292
umap,r2,t,knn,pub_mlp,50,0.07576961449406763,0.340956106644011,0.62,0.12252972293735861,1.0
umap,r2,t,knn,pub_gnn,50,-0.13312824794031958,0.6117721377587124,0.44,0.1303008498404558,1.0
umap,r2,t,lgbm,chemeleon,50,0.032259954518684436,0.3079870662873266,0.62,0.46243689841021945,1.0
umap,r2,t,lgbm,monroe35,50,0.1496243937241846,0.1852718826265387,0.8,6.514274403899124e-07,3.061708969832588e-05
umap,r2,t,lgbm,median,50,-0.08979214276067146,0.4386762017755848,0.38,0.1541615685296686,1.0
umap,r2,t,lgbm,pub_knn,50,-0.17190516533853623,0.2672924781577445,0.26,3.577424443279692e-05,0.001538292397524004
umap,r2,t,lgbm,pub_svm,50,0.07234761345189454,0.19262703520402372,0.68,0.010646466060186521,0.28282636215010143
umap,r2,t,lgbm,pub_rf,50,0.096375612628781,0.28970357424183013,0.58,0.02271764394073761,0.4997881666962274
umap,r2,t,lgbm,pub_xgboost,50,-0.03800770713131926,0.22267438804824155,0.42,0.23324886445838539,1.0
umap,r2,t,lgbm,pub_mlp,50,-0.09613555125673337,0.26409323516821626,0.3,0.013127097401892744,0.31505033764542584
umap,r2,t,lgbm,pub_gnn,50,-0.3050334136911206,0.6194926863653526,0.28,0.0010575435486147445,0.038071567750130805
umap,r2,t,chemeleon,monroe35,50,0.11736443920550016,0.32756358657771645,0.66,0.01454135156339259,0.3344510859580296
umap,r2,t,chemeleon,median,50,-0.12205209727935591,0.5310513026212225,0.38,0.1105460551846778,1.0
umap,r2,t,chemeleon,pub_knn,50,-0.20416511985722066,0.3626515161440633,0.26,0.0002268631732147797,0.00884766336956632
umap,r2,t,chemeleon,pub_svm,50,0.040087658933210084,0.25859535795412775,0.58,0.278365956816551,1.0
umap,r2,t,chemeleon,pub_rf,50,0.06411565811009655,0.40228793446481187,0.5,0.2652442030363303,1.0
umap,r2,t,chemeleon,pub_xgboost,50,-0.07026766165000368,0.3448452959700703,0.38,0.15598944760348868,1.0
umap,r2,t,chemeleon,pub_mlp,50,-0.12839550577541778,0.2679460006064835,0.3,0.0013953172992430428,0.04465015357577737
umap,r2,t,chemeleon,pub_gnn,50,-0.33729336820980493,0.670916697252918,0.18,0.0008490490937842441,0.03141481647001703
umap,r2,t,monroe35,median,50,-0.23941653648485606,0.3637949346757339,0.24,2.5096670968999364e-05,0.001104253522635972
umap,r2,t,monroe35,pub_knn,50,-0.32152955906272085,0.25109009854416675,0.1,4.886619181870747e-12,2.687640260771429e-10
umap,r2,t,monroe35,pub_svm,50,-0.07727678027229005,0.20526600416904206,0.42,0.010475050450003756,0.28282636215010143
umap,r2,t,monroe35,pub_rf,50,-0.053248781095403624,0.32493130450751834,0.4,0.2521598601524969,1.0
umap,r2,t,monroe35,pub_xgboost,50,-0.18763210085550383,0.2657037063354648,0.2,7.91378977152628e-06,0.00035612053971868264
umap,r2,t,monroe35,pub_mlp,50,-0.2457599449809179,0.29786850739423004,0.2,4.2120816686822864e-07,2.0217992009674973e-05
umap,r2,t,monroe35,pub_gnn,50,-0.45465780741530515,0.608984202241429,0.16,2.9504389959487695e-06,0.0001357201938136434
umap,r2,t,median,pub_knn,50,-0.0821130225778648,0.4544580298833333,0.26,0.2074019705495214,1.0
umap,r2,t,median,pub_svm,50,0.162139756212566,0.38941097296602944,0.72,0.00493927601118933,0.14323900432449058
umap,r2,t,median,pub_rf,50,0.1861677553894525,0.5019669798625889,0.64,0.011599417183827987,0.2899854295956997
umap,r2,t,median,pub_xgboost,50,0.051784435629352206,0.4874019624115578,0.54,0.45608238763034586,1.0
umap,r2,t,median,pub_mlp,50,-0.00634340849606188,0.4936620166114741,0.48,0.9279733852712923,1.0
umap,r2,t,median,pub_gnn,50,-0.21524127093044906,0.6686477711165201,0.36,0.027239755237055182,0.5720348599781588
umap,r2,t,pub_knn,pub_svm,50,0.2442527787904308,0.28187943405750426,0.88,1.4899402743102522e-07,7.598694760526334e-06
umap,r2,t,pub_knn,pub_rf,50,0.26828077796731725,0.30327503298213554,0.8,9.451156114555278e-08,5.009112557778323e-06
umap,r2,t,pub_knn,pub_xgboost,50,0.133897458207217,0.27638187973496336,0.7,0.001249496247434227,0.04248286972554292
umap,r2,t,pub_knn,pub_mlp,50,0.0757696140818029,0.3409561070929198,0.62,0.1225297254034535,1.0
umap,r2,t,pub_knn,pub_gnn,50,-0.1331282483525843,0.6117721380065664,0.44,0.13030084882993412,1.0
umap,r2,t,pub_svm,pub_rf,50,0.02402799917688645,0.31580795182588706,0.48,0.593014770011348,1.0
umap,r2,t,pub_svm,pub_xgboost,50,-0.11035532058321378,0.2598988671951906,0.28,0.004207425382123294,0.1304301868458221
umap,r2,t,pub_svm,pub_mlp,50,-0.16848316470862787,0.20120975002312433,0.22,3.0971030056441317e-07,1.5175804727656246e-05
umap,r2,t,pub_svm,pub_gnn,50,-0.37738102714301514,0.6594789986021925,0.26,0.0001841556151787059,0.007366224607148236
umap,r2,t,pub_rf,pub_xgboost,50,-0.13438331976010023,0.3461509318562446,0.38,0.008432050484589445,0.23609741356850444
umap,r2,t,pub_rf,pub_mlp,50,-0.1925111638855143,0.3957195177753598,0.32,0.001197690290979095,0.04191916018426832
umap,r2,t,pub_rf,pub_gnn,50,-0.4014090263199016,0.645000118994454,0.24,5.826657841542764e-05,0.0023889297150325333
umap,r2,t,pub_xgboost,pub_mlp,50,-0.058127844125414094,0.26513490053934125,0.5,0.1275164140546073,1.0
umap,r2,t,pub_xgboost,pub_gnn,50,-0.2670257065598013,0.6292991093826579,0.34,0.004231064978669847,0.1304301868458221
umap,r2,t,pub_mlp,pub_gnn,50,-0.2088978624343872,0.702692745678797,0.34,0.040707096423131535,0.8141419284626307
umap,r2,wilcoxon,knn,lgbm,50,0.17190516575080095,0.26729247750339447,0.74,4.213757459226031e-05,0.0016012278345058917
umap,r2,wilcoxon,knn,chemeleon,50,0.20416512026948538,0.3626515156246982,0.74,5.070202146129077e-06,0.0002180186922835503
umap,r2,wilcoxon,knn,monroe35,50,0.32152955947498557,0.25109009799500354,0.9,4.9604764740251994e-11,2.7282620607138597e-09
umap,r2,wilcoxon,knn,median,50,0.08211302299012951,0.45445802971355304,0.74,0.0037864469724659955,0.09844762128411588
umap,r2,wilcoxon,knn,pub_knn,50,4.122647354054543e-10,2.106514954661728e-09,0.5,1.0,1.0
umap,r2,wilcoxon,knn,pub_svm,50,0.24425277920269547,0.2818794334456947,0.88,2.6378053519238165e-08,1.3716587830003846e-06
umap,r2,wilcoxon,knn,pub_rf,50,0.268280778379582,0.3032750329507686,0.8,1.7394549622906652e-07,8.52332931522426e-06
umap,r2,wilcoxon,knn,pub_xgboost,50,0.1338974586194817,0.2763818788640797,0.7,0.0010251160635235124,0.032803714032752396
umap,r2,wilcoxon,knn,pub_mlp,50,0.07576961449406763,0.340956106644011,0.62,0.11619549807268115,1.0
umap,r2,wilcoxon,knn,pub_gnn,50,-0.13312824794031958,0.6117721377587124,0.44,0.34720687274462314,1.0
umap,r2,wilcoxon,lgbm,chemeleon,50,0.032259954518684436,0.3079870662873266,0.62,0.12799334338745183,1.0
umap,r2,wilcoxon,lgbm,monroe35,50,0.1496243937241846,0.1852718826265387,0.8,3.0412363649645613e-07,1.4293810915333438e-05
umap,r2,wilcoxon,lgbm,median,50,-0.08979214276067146,0.4386762017755848,0.38,0.2653376709882824,1.0
umap,r2,wilcoxon,lgbm,pub_knn,50,-0.17190516533853623,0.2672924781577445,0.26,4.213757459226031e-05,0.0016012278345058917
umap,r2,wilcoxon,lgbm,pub_svm,50,0.07234761345189454,0.19262703520402372,0.68,0.0022762251098509267,0.06373430307582595
umap,r2,wilcoxon,lgbm,pub_rf,50,0.096375612628781,0.28970357424183013,0.58,0.02898427633581413,0.5651395710581397
umap,r2,wilcoxon,lgbm,pub_xgboost,50,-0.03800770713131926,0.22267438804824155,0.42,0.2653376709882824,1.0
umap,r2,wilcoxon,lgbm,pub_mlp,50,-0.09613555125673337,0.26409323516821626,0.3,0.004459422606641894,0.10702614255940546
umap,r2,wilcoxon,lgbm,pub_gnn,50,-0.3050334136911206,0.6194926863653526,0.28,0.0002738644978439453,0.00985912192238203
umap,r2,wilcoxon,chemeleon,monroe35,50,0.11736443920550016,0.32756358657771645,0.66,0.002614123910062105,0.07058134557167683
umap,r2,wilcoxon,chemeleon,median,50,-0.12205209727935591,0.5310513026212225,0.38,0.054216182330456775,0.9216750996177652
umap,r2,wilcoxon,chemeleon,pub_knn,50,-0.20416511985722066,0.3626515161440633,0.26,5.070202146129077e-06,0.0002180186922835503
umap,r2,wilcoxon,chemeleon,pub_svm,50,0.040087658933210084,0.25859535795412775,0.58,0.2866420365460076,1.0
umap,r2,wilcoxon,chemeleon,pub_rf,50,0.06411565811009655,0.40228793446481187,0.5,0.652772195247282,1.0
umap,r2,wilcoxon,chemeleon,pub_xgboost,50,-0.07026766165000368,0.3448452959700703,0.38,0.08401577354329604,1.0
umap,r2,wilcoxon,chemeleon,pub_mlp,50,-0.12839550577541778,0.2679460006064835,0.3,0.0004506016805585489,0.01577105881954921
umap,r2,wilcoxon,chemeleon,pub_gnn,50,-0.33729336820980493,0.670916697252918,0.18,1.0451820186219152e-05,0.00041807280744876607
umap,r2,wilcoxon,monroe35,median,50,-0.23941653648485606,0.3637949346757339,0.24,2.1002898957789284e-06,9.241275541427285e-05
umap,r2,wilcoxon,monroe35,pub_knn,50,-0.32152955906272085,0.25109009854416675,0.1,4.9604764740251994e-11,2.7282620607138597e-09
umap,r2,wilcoxon,monroe35,pub_svm,50,-0.07727678027229005,0.20526600416904206,0.42,0.03048635454688231,0.5651395710581397
umap,r2,wilcoxon,monroe35,pub_rf,50,-0.053248781095403624,0.32493130450751834,0.4,0.11171837302823029,1.0
umap,r2,wilcoxon,monroe35,pub_xgboost,50,-0.18763210085550383,0.2657037063354648,0.2,6.354784893858323e-07,2.8596532022362453e-05
umap,r2,wilcoxon,monroe35,pub_mlp,50,-0.2457599449809179,0.29786850739423004,0.2,3.094002387626915e-08,1.5470011938134576e-06
umap,r2,wilcoxon,monroe35,pub_gnn,50,-0.45465780741530515,0.608984202241429,0.16,6.917133532624575e-09,3.666080772291025e-07
umap,r2,wilcoxon,median,pub_knn,50,-0.0821130225778648,0.4544580298833333,0.26,0.0037864469724659955,0.09844762128411588
umap,r2,wilcoxon,median,pub_svm,50,0.162139756212566,0.38941097296602944,0.72,0.0004506016805585489,0.01577105881954921
umap,r2,wilcoxon,median,pub_rf,50,0.1861677553894525,0.5019669798625889,0.64,0.006131180232502587,0.1348859651150569
umap,r2,wilcoxon,median,pub_xgboost,50,0.051784435629352206,0.4874019624115578,0.54,0.44326672141018975,1.0
umap,r2,wilcoxon,median,pub_mlp,50,-0.00634340849606188,0.4936620166114741,0.48,0.8557483168795788,1.0
umap,r2,wilcoxon,median,pub_gnn,50,-0.21524127093044906,0.6686477711165201,0.36,0.004757046552823496,0.10941207071494041
umap,r2,wilcoxon,pub_knn,pub_svm,50,0.2442527787904308,0.28187943405750426,0.88,2.6378053519238165e-08,1.3716587830003846e-06
umap,r2,wilcoxon,pub_knn,pub_rf,50,0.26828077796731725,0.30327503298213554,0.8,1.7394549622906652e-07,8.52332931522426e-06
umap,r2,wilcoxon,pub_knn,pub_xgboost,50,0.133897458207217,0.27638187973496336,0.7,0.0010251160635235124,0.032803714032752396
umap,r2,wilcoxon,pub_knn,pub_mlp,50,0.0757696140818029,0.3409561070929198,0.62,0.11619549807268115,1.0
umap,r2,wilcoxon,pub_knn,pub_gnn,50,-0.1331282483525843,0.6117721380065664,0.44,0.34720687274462314,1.0
umap,r2,wilcoxon,pub_svm,pub_rf,50,0.02402799917688645,0.31580795182588706,0.48,0.916185835362695,1.0
umap,r2,wilcoxon,pub_svm,pub_xgboost,50,-0.11035532058321378,0.2598988671951906,0.28,0.0009871220775430345,0.03257502855892014
umap,r2,wilcoxon,pub_svm,pub_mlp,50,-0.16848316470862787,0.20120975002312433,0.22,4.56562391448756e-07,2.1001870006642775e-05
umap,r2,wilcoxon,pub_svm,pub_gnn,50,-0.37738102714301514,0.6594789986021925,0.26,1.4422642710343325e-05,0.0005624830657033897
umap,r2,wilcoxon,pub_rf,pub_xgboost,50,-0.13438331976010023,0.3461509318562446,0.38,0.010879562807692977,0.22847081896155252
umap,r2,wilcoxon,pub_rf,pub_mlp,50,-0.1925111638855143,0.3957195177753598,0.32,0.0011051033525024678,0.033153100575074035
umap,r2,wilcoxon,pub_rf,pub_gnn,50,-0.4014090263199016,0.645000118994454,0.24,5.367254770405339e-06,0.00022005744558661888
umap,r2,wilcoxon,pub_xgboost,pub_mlp,50,-0.058127844125414094,0.26513490053934125,0.5,0.2999546071877397,1.0
umap,r2,wilcoxon,pub_xgboost,pub_gnn,50,-0.2670257065598013,0.6292991093826579,0.34,0.001909205638362721,0.05536696351251891
umap,r2,wilcoxon,pub_mlp,pub_gnn,50,-0.2088978624343872,0.702692745678797,0.34,0.028256978552906986,0.5651395710581397
umap,r2,t_target,knn,lgbm,10,0.171905165750801,0.1442143645740368,0.8,0.0044200569759428,0.1635421081098836
umap,r2,t_target,knn,chemeleon,10,0.2041651202694854,0.15146330044056547,0.9,0.002103097745663149,0.08224149371149131
umap,r2,t_target,knn,monroe35,10,0.3215295594749856,0.11315509950035091,1.0,8.65066416178076e-06,0.0004757865288979418
umap,r2,t_target,knn,median,10,0.08211302299012953,0.24001500639678178,0.8,0.3074458513811837,1.0
umap,r2,t_target,knn,pub_knn,10,4.12264733462564e-10,8.222525863858673e-10,0.7,1.0,1.0
umap,r2,t_target,knn,pub_svm,10,0.24425277920269553,0.12849823897234333,1.0,0.00019980235434663546,0.010189920071678408
umap,r2,t_target,knn,pub_rf,10,0.268280778379582,0.15280134128316383,1.0,0.00035543756914060634,0.017061003318749105
umap,r2,t_target,knn,pub_xgboost,10,0.1338974586194817,0.15015494194231904,0.9,0.020050494993860444,0.5814643548219529
umap,r2,t_target,knn,pub_mlp,10,0.07576961449406763,0.11892283685775565,0.8,0.07474800896395666,1.0
umap,r2,t_target,knn,pub_gnn,10,-0.13312824794031958,0.23368182399375909,0.3,0.10513313617825028,1.0
umap,r2,t_target,lgbm,chemeleon,10,0.03225995451868444,0.13948013891055303,0.8,0.483145797518052,1.0
umap,r2,t_target,lgbm,monroe35,10,0.1496243937241846,0.0946738200359861,1.0,0.000741264601517798,0.03317854522005095
umap,r2,t_target,lgbm,median,10,-0.08979214276067146,0.27291273392443394,0.3,0.32528055401252015,1.0
umap,r2,t_target,lgbm,pub_knn,10,-0.17190516533853623,0.1442143648674049,0.2,0.004420057089643931,0.1635421081098836
umap,r2,t_target,lgbm,pub_svm,10,0.07234761345189455,0.12703856331509983,0.7,0.10524131204473436,1.0
umap,r2,t_target,lgbm,pub_rf,10,0.09637561262878099,0.11193934947761769,0.9,0.02350742193515899,0.6347003922492928
umap,r2,t_target,lgbm,pub_xgboost,10,-0.03800770713131925,0.12444501915334051,0.4,0.3593701722051801,1.0
umap,r2,t_target,lgbm,pub_mlp,10,-0.09613555125673334,0.14969549419177633,0.4,0.0728357411528538,1.0
umap,r2,t_target,lgbm,pub_gnn,10,-0.3050334136911205,0.21201220815442734,0.0,0.0013864552454275463,0.05823112030795695
umap,r2,t_target,chemeleon,monroe35,10,0.11736443920550015,0.161673475840996,0.7,0.04733834085769089,1.0
umap,r2,t_target,chemeleon,median,10,-0.12205209727935588,0.3115772310889753,0.4,0.2467759236420431,1.0
umap,r2,t_target,chemeleon,pub_knn,10,-0.2041651198572207,0.1514633009460353,0.1,0.0021030978163345667,0.08224149371149131
umap,r2,t_target,chemeleon,pub_svm,10,0.040087658933210105,0.13561934569827644,0.5,0.37432380893890455,1.0
umap,r2,t_target,chemeleon,pub_rf,10,0.06411565811009654,0.18988955763096688,0.7,0.3134422970438745,1.0
umap,r2,t_target,chemeleon,pub_xgboost,10,-0.0702676616500037,0.15578565077638754,0.4,0.18751882647137202,1.0
umap,r2,t_target,chemeleon,pub_mlp,10,-0.12839550577541778,0.13262726512897316,0.2,0.01354140891798357,0.4197836764574907
umap,r2,t_target,chemeleon,pub_gnn,10,-0.337293368209805,0.24694374646222508,0.1,0.0019352577238131914,0.07934556667634085
umap,r2,t_target,monroe35,median,10,-0.23941653648485609,0.22226447225190096,0.1,0.007795035218615169,0.2494411269956854
umap,r2,t_target,monroe35,pub_knn,10,-0.3215295590627208,0.11315509974796167,0.0,8.650664407304141e-06,0.0004757865288979418
umap,r2,t_target,monroe35,pub_svm,10,-0.07727678027229005,0.10763055068891379,0.3,0.049326126860242354,1.0
umap,r2,t_target,monroe35,pub_rf,10,-0.05324878109540362,0.16610231031789588,0.3,0.33717527720063944,1.0
umap,r2,t_target,monroe35,pub_xgboost,10,-0.18763210085550383,0.13869728765586684,0.2,0.0020560373427872826,0.08224149371149131
umap,r2,t_target,monroe35,pub_mlp,10,-0.24575994498091794,0.12960026643670083,0.0,0.00020334516787993355,0.010189920071678408
umap,r2,t_target,monroe35,pub_gnn,10,-0.4546578074153052,0.20131797341408145,0.0,5.414984320267387e-05,0.002869941689741715
umap,r2,t_target,median,pub_knn,10,-0.08211302257786479,0.24001500643835919,0.2,0.3074458537475676,1.0
umap,r2,t_target,median,pub_svm,10,0.162139756212566,0.20897552931629815,0.8,0.0365435648055184,0.9501326849434785
umap,r2,t_target,median,pub_rf,10,0.18616775538945246,0.2961376420453915,0.7,0.07805083012093023,1.0
umap,r2,t_target,median,pub_xgboost,10,0.05178443562935222,0.28126222793361133,0.5,0.574711114519693,1.0
umap,r2,t_target,median,pub_mlp,10,-0.006343408496061892,0.26012685550948617,0.4,0.9402193922861839,1.0
umap,r2,t_target,median,pub_gnn,10,-0.21524127093044906,0.37133656909160195,0.3,0.10002104980415244,1.0
umap,r2,t_target,pub_knn,pub_svm,10,0.2442527787904308,0.12849823943477698,1.0,0.0001998023621241327,0.010189920071678408
umap,r2,t_target,pub_knn,pub_rf,10,0.2682807779673172,0.15280134147430643,1.0,0.00035543757621917503,0.017061003318749105
umap,r2,t_target,pub_knn,pub_xgboost,10,0.133897458207217,0.15015494226663434,0.9,0.020050495477477122,0.5814643548219529
umap,r2,t_target,pub_knn,pub_mlp,10,0.0757696140818029,0.11892283724033646,0.8,0.07474801106847198,1.0
umap,r2,t_target,pub_knn,pub_gnn,10,-0.13312824835258436,0.2336818242065254,0.3,0.10513313552276245,1.0
umap,r2,t_target,pub_svm,pub_rf,10,0.024027999176886444,0.16174680584273998,0.5,0.6496956780060787,1.0
umap,r2,t_target,pub_svm,pub_xgboost,10,-0.11035532058321378,0.09865468446959592,0.1,0.006340602924669878,0.21558049943877586
umap,r2,t_target,pub_svm,pub_mlp,10,-0.1684831647086279,0.08399403664474153,0.0,0.00013394870561280058,0.00696533269186563
umap,r2,t_target,pub_svm,pub_gnn,10,-0.37738102714301514,0.23262275146909372,0.0,0.0006194734645023899,0.02849577936710994
umap,r2,t_target,pub_rf,pub_xgboost,10,-0.13438331976010023,0.14279251985549155,0.3,0.015549006564148588,0.4664701969244576
umap,r2,t_target,pub_rf,pub_mlp,10,-0.1925111638855143,0.17424583606277744,0.2,0.006789811846101545,0.224063790921351
umap,r2,t_target,pub_rf,pub_gnn,10,-0.4014090263199016,0.2537893700425933,0.0,0.0007373010048900212,0.03317854522005095
umap,r2,t_target,pub_xgboost,pub_mlp,10,-0.058127844125414094,0.09054788238081285,0.3,0.07292899205846852,1.0
umap,r2,t_target,pub_xgboost,pub_gnn,10,-0.26702570655980135,0.17837913617521503,0.0,0.001068198640786092,0.045932541553801956
umap,r2,t_target,pub_mlp,pub_gnn,10,-0.2088978624343872,0.18004402874792713,0.1,0.005162338303415874,0.18068184061955558
time,r2,t,knn,lgbm,50,0.19857528612267103,0.29743547144640703,0.84,2.0007593800841448e-05,0.000560212617247332
time,r2,t,knn,chemeleon,50,0.23179580799125346,0.27999058334820964,0.78,3.9264784015342695e-07,1.6491209111708247e-05
time,r2,t,knn,monroe35,50,0.3435372546330473,0.2970221468323224,0.9,1.0207356679715005e-10,5.614046062755914e-09
time,r2,t,knn,median,50,0.14947235830916947,0.3739024295820889,0.68,0.006788941738139819,0.12220094980060871
time,r2,t,knn,pub_knn,50,-2.630958595602195e-10,1.3528214070018332e-09,0.48,1.0,1.0
time,r2,t,knn,pub_svm,50,0.2846295144184503,0.32210802538915545,0.9,9.683776675404852e-08,4.260861658363562e-06
time,r2,t,knn,pub_rf,50,0.30545237801241937,0.2849041882568038,0.96,8.395002758534793e-10,4.365401325116264e-08
time,r2,t,knn,pub_xgboost,50,0.18790423448763838,0.25118974752659606,0.8,2.84554646070293e-06,9.674857707544523e-05
time,r2,t,knn,pub_mlp,50,0.15037996807012236,0.31912524636267864,0.74,0.001645962888649709,0.03785714596870708
time,r2,t,knn,pub_gnn,50,-0.16650260052767119,0.5408914546961311,0.38,0.03435166266032368,0.48092327724453154
time,r2,t,lgbm,chemeleon,50,0.033220521868582445,0.17819568009488923,0.58,0.1935527382356609,1.0
time,r2,t,lgbm,monroe35,50,0.14496196851037627,0.14677409099979663,0.88,7.0291427710612844e-09,3.303697102398804e-07
time,r2,t,lgbm,median,50,-0.04910292781350158,0.30801344043232837,0.4,0.26512401777692135,1.0
time,r2,t,lgbm,pub_knn,50,-0.19857528638576688,0.297435471534723,0.16,2.0007593473119e-05,0.000560212617247332
time,r2,t,lgbm,pub_svm,50,0.08605422829577929,0.2006908103281614,0.68,0.003875952104524001,0.07364308998595602
time,r2,t,lgbm,pub_rf,50,0.10687709188974835,0.15935033107625826,0.76,1.8588481898417593e-05,0.0005576544569525278
time,r2,t,lgbm,pub_xgboost,50,-0.010671051635032664,0.1436450389861041,0.34,0.6017485522070428,1.0
time,r2,t,lgbm,pub_mlp,50,-0.04819531805254867,0.22157277127248237,0.38,0.13046692905126517,1.0
time,r2,t,lgbm,pub_gnn,50,-0.36507788665034235,0.4892472518797374,0.12,2.9781613884452046e-06,9.674857707544523e-05
time,r2,t,chemeleon,monroe35,50,0.11174144664179378,0.1668300539468163,0.78,1.8998511049317055e-05,0.0005576544569525278
time,r2,t,chemeleon,median,50,-0.08232344968208404,0.3188617391202993,0.4,0.0740076434318511,0.8202524136500615
time,r2,t,chemeleon,pub_knn,50,-0.23179580825434937,0.2799905835227195,0.22,3.926478359930535e-07,1.6491209111708247e-05
time,r2,t,chemeleon,pub_svm,50,0.05283370642719686,0.20045096252497083,0.62,0.0683543678041718,0.8202524136500615
time,r2,t,chemeleon,pub_rf,50,0.07365657002116589,0.19701192223946742,0.68,0.01098507461012436,0.17576119376198976
time,r2,t,chemeleon,pub_xgboost,50,-0.04389157350361511,0.17370044346576274,0.38,0.08016402370809475,0.8202524136500615
time,r2,t,chemeleon,pub_mlp,50,-0.08141583992113112,0.17790492411686443,0.34,0.0021752465185906926,0.045680176890404545
time,r2,t,chemeleon,pub_gnn,50,-0.39829840851892473,0.44407431979809847,0.14,6.932593332784884e-08,3.119666999753198e-06
time,r2,t,monroe35,median,50,-0.19406489632387783,0.2478799696548062,0.18,1.2037016220361446e-06,4.694436325940964e-05
time,r2,t,monroe35,pub_knn,50,-0.34353725489614306,0.2970221468548496,0.1,1.0207356477738025e-10,5.614046062755914e-09
time,r2,t,monroe35,pub_svm,50,-0.05890774021459691,0.13291874627122252,0.4,0.002912444513988844,0.05824889027977688
time,r2,t,monroe35,pub_rf,50,-0.03808487662062788,0.10473347904365944,0.38,0.013218135823714504,0.19827203735571755
time,r2,t,monroe35,pub_xgboost,50,-0.15563302014540892,0.15181644822928755,0.16,2.7332661413377642e-09,1.3393004092555043e-07
time,r2,t,monroe35,pub_mlp,50,-0.1931572865629249,0.19768131524918703,0.12,9.169657007836215e-09,4.218042223604659e-07
time,r2,t,monroe35,pub_gnn,50,-0.5100398551607185,0.45493630278637337,0.04,2.4660187076452216e-10,1.3069899150519675e-08
time,r2,t,median,pub_knn,50,-0.14947235857226532,0.373902429639557,0.32,0.0067889416555893724,0.12220094980060871
time,r2,t,median,pub_svm,50,0.13515715610928092,0.2445885420522061,0.68,0.0002861706831860535,0.007154267079651337
time,r2,t,median,pub_rf,50,0.1559800197032499,0.2077499685642577,0.82,2.659522604679793e-06,9.574281376847255e-05
time,r2,t,median,pub_xgboost,50,0.03843187617846892,0.2868703875756723,0.6,0.34813079334964897,1.0
time,r2,t,median,pub_mlp,50,0.0009076097609529055,0.3023105547311825,0.5,0.9831491430629666,1.0
time,r2,t,median,pub_gnn,50,-0.3159749588368406,0.5131701572243235,0.28,6.795615019854225e-05,0.0017668599051620987
time,r2,t,pub_knn,pub_svm,50,0.28462951468154624,0.3221080254190057,0.9,9.683776496280823e-08,4.260861658363562e-06
time,r2,t,pub_knn,pub_rf,50,0.30545237827551525,0.284904188236757,0.96,8.395002548300508e-10,4.365401325116264e-08
time,r2,t,pub_knn,pub_xgboost,50,0.18790423475073417,0.2511897475128003,0.8,2.8455463845719186e-06,9.674857707544523e-05
time,r2,t,pub_knn,pub_mlp,50,0.1503799683332182,0.31912524651403873,0.74,0.0016459628682046557,0.03785714596870708
time,r2,t,pub_knn,pub_gnn,50,-0.16650260026457533,0.5408914545877354,0.38,0.03435166289756244,0.48092327724453154
time,r2,t,pub_svm,pub_rf,50,0.020822863593969038,0.12251261590185455,0.54,0.23520407692072967,1.0
time,r2,t,pub_svm,pub_xgboost,50,-0.09672527993081197,0.19687976590880094,0.24,0.001082418086499618,0.02597803407599083
time,r2,t,pub_svm,pub_mlp,50,-0.13424954634832797,0.19068014393204236,0.26,8.32987143965078e-06,0.0002582260146291742
time,r2,t,pub_svm,pub_gnn,50,-0.45113211494612154,0.4316073925803887,0.06,1.6486768795894702e-09,8.24338439794735e-08
time,r2,t,pub_rf,pub_xgboost,50,-0.11754814352478098,0.150697551159791,0.18,1.2925194945330545e-06,4.911574079225607e-05
time,r2,t,pub_rf,pub_mlp,50,-0.15507240994229704,0.19745397851327534,0.24,1.1324160267006454e-06,4.5296641068025814e-05
time,r2,t,pub_rf,pub_gnn,50,-0.47195497854009055,0.47108608162388177,0.08,4.914930299661991e-09,2.3591665438377554e-07
time,r2,t,pub_xgboost,pub_mlp,50,-0.037524266417516,0.21809604238455785,0.4,0.22958254654833002,1.0
time,r2,t,pub_xgboost,pub_gnn,50,-0.3544068350153096,0.47264453258106515,0.2,2.7236317545667326e-06,9.574281376847255e-05
time,r2,t,pub_mlp,pub_gnn,50,-0.31688256859779357,0.4177243419454156,0.2,2.1955083674040592e-06,8.123380959395019e-05
time,r2,wilcoxon,knn,lgbm,50,0.19857528612267103,0.29743547144640703,0.84,1.6455253124547653e-06,4.7720234061188194e-05
time,r2,wilcoxon,knn,chemeleon,50,0.23179580799125346,0.27999058334820964,0.78,5.7649630846867694e-08,2.3636348647215755e-06
time,r2,wilcoxon,knn,monroe35,50,0.3435372546330473,0.2970221468323224,0.9,4.9116266609416925e-12,2.55404586368968e-10
time,r2,wilcoxon,knn,median,50,0.14947235830916947,0.3739024295820889,0.68,0.011200519477185367,0.2016093505893366
time,r2,wilcoxon,knn,pub_knn,50,-2.630958595602195e-10,1.3528214070018332e-09,0.48,1.0,1.0
time,r2,wilcoxon,knn,pub_svm,50,0.2846295144184503,0.32210802538915545,0.9,1.3149694666481082e-09,5.917362599916487e-08
time,r2,wilcoxon,knn,pub_rf,50,0.30545237801241937,0.2849041882568038,0.96,3.0890845437170356e-12,1.6989964990443696e-10
time,r2,wilcoxon,knn,pub_xgboost,50,0.18790423448763838,0.25118974752659606,0.8,1.6198182883897516e-07,6.155309495881056e-06
time,r2,wilcoxon,knn,pub_mlp,50,0.15037996807012236,0.31912524636267864,0.74,0.0009149367393188612,0.021043545004333808
time,r2,wilcoxon,knn,pub_gnn,50,-0.16650260052767119,0.5408914546961311,0.38,0.04610038786489312,0.615655208505963
time,r2,wilcoxon,lgbm,chemeleon,50,0.033220521868582445,0.17819568009488923,0.58,0.3325668996889135,1.0
time,r2,wilcoxon,lgbm,monroe35,50,0.14496196851037627,0.14677409099979663,0.88,1.8094681308866711e-10,8.685447028256021e-09
time,r2,wilcoxon,lgbm,median,50,-0.04910292781350158,0.30801344043232837,0.4,0.07082612042920822,0.698127048064709
time,r2,wilcoxon,lgbm,pub_knn,50,-0.19857528638576688,0.297435471534723,0.16,1.6455253124547653e-06,4.7720234061188194e-05
time,r2,wilcoxon,lgbm,pub_svm,50,0.08605422829577929,0.2006908103281614,0.68,0.004316904154682888,0.08633808309365776
time,r2,wilcoxon,lgbm,pub_rf,50,0.10687709188974835,0.15935033107625826,0.76,3.0412363649645613e-07,1.0340203640879508e-05
time,r2,wilcoxon,lgbm,pub_xgboost,50,-0.010671051635032664,0.1436450389861041,0.34,0.22231487615329293,1.0
time,r2,wilcoxon,lgbm,pub_mlp,50,-0.04819531805254867,0.22157277127248237,0.38,0.06930163067169381,0.698127048064709
time,r2,wilcoxon,lgbm,pub_gnn,50,-0.36507788665034235,0.4892472518797374,0.12,9.772863407420118e-09,4.1046026311164496e-07
time,r2,wilcoxon,chemeleon,monroe35,50,0.11174144664179378,0.1668300539468163,0.78,8.784112139892386e-07,2.7230747633666397e-05
time,r2,wilcoxon,chemeleon,median,50,-0.08232344968208404,0.3188617391202993,0.4,0.043975372036140215,0.615655208505963
time,r2,wilcoxon,chemeleon,pub_knn,50,-0.23179580825434937,0.2799905835227195,0.22,5.7649630846867694e-08,2.3636348647215755e-06
time,r2,wilcoxon,chemeleon,pub_svm,50,0.05283370642719686,0.20045096252497083,0.62,0.09513333936720869,0.7610667149376695
time,r2,wilcoxon,chemeleon,pub_rf,50,0.07365657002116589,0.19701192223946742,0.68,0.008587735636506721,0.1631669770936277
time,r2,wilcoxon,chemeleon,pub_xgboost,50,-0.04389157350361511,0.17370044346576274,0.38,0.06346609527860991,0.698127048064709
time,r2,wilcoxon,chemeleon,pub_mlp,50,-0.08141583992113112,0.17790492411686443,0.34,0.001282241835095732,0.026927078537010374
time,r2,wilcoxon,chemeleon,pub_gnn,50,-0.39829840851892473,0.44407431979809847,0.14,4.8571529021046445e-09,2.088575747904997e-07
time,r2,wilcoxon,monroe35,median,50,-0.19406489632387783,0.2478799696548062,0.18,8.237842195057965e-07,2.6361095024185488e-05
time,r2,wilcoxon,monroe35,pub_knn,50,-0.34353725489614306,0.2970221468548496,0.1,4.9116266609416925e-12,2.55404586368968e-10
time,r2,wilcoxon,monroe35,pub_svm,50,-0.05890774021459691,0.13291874627122252,0.4,0.01531204751384152,0.24499276022146432
time,r2,wilcoxon,monroe35,pub_rf,50,-0.03808487662062788,0.10473347904365944,0.38,0.02122367163684835,0.31835507455272527
time,r2,wilcoxon,monroe35,pub_xgboost,50,-0.15563302014540892,0.15181644822928755,0.16,1.8094681308866711e-10,8.685447028256021e-09
time,r2,wilcoxon,monroe35,pub_mlp,50,-0.1931572865629249,0.19768131524918703,0.12,5.897913268881894e-10,2.713040103685671e-08
time,r2,wilcoxon,monroe35,pub_gnn,50,-0.5100398551607185,0.45493630278637337,0.04,4.9116266609416925e-12,2.55404586368968e-10
time,r2,wilcoxon,median,pub_knn,50,-0.14947235857226532,0.373902429639557,0.32,0.011200519477185367,0.2016093505893366
time,r2,wilcoxon,median,pub_svm,50,0.13515715610928092,0.2445885420522061,0.68,0.0004506016805585489,0.011265042013963722
time,r2,wilcoxon,median,pub_rf,50,0.1559800197032499,0.2077499685642577,0.82,1.206143563692308e-06,3.618430691076924e-05
time,r2,wilcoxon,median,pub_xgboost,50,0.03843187617846892,0.2868703875756723,0.6,0.3622430237473182,1.0
time,r2,wilcoxon,median,pub_mlp,50,0.0009076097609529055,0.3023105547311825,0.5,0.8858855663449852,1.0
time,r2,wilcoxon,median,pub_gnn,50,-0.3159749588368406,0.5131701572243235,0.28,0.0003107899432901462,0.008080538525543801
time,r2,wilcoxon,pub_knn,pub_svm,50,0.28462951468154624,0.3221080254190057,0.9,1.3149694666481082e-09,5.917362599916487e-08
time,r2,wilcoxon,pub_knn,pub_rf,50,0.30545237827551525,0.284904188236757,0.96,3.0890845437170356e-12,1.6989964990443696e-10
time,r2,wilcoxon,pub_knn,pub_xgboost,50,0.18790423475073417,0.2511897475128003,0.8,1.6198182883897516e-07,6.155309495881056e-06
time,r2,wilcoxon,pub_knn,pub_mlp,50,0.1503799683332182,0.31912524651403873,0.74,0.0009149367393188612,0.021043545004333808
time,r2,wilcoxon,pub_knn,pub_gnn,50,-0.16650260026457533,0.5408914545877354,0.38,0.04610038786489312,0.615655208505963
time,r2,wilcoxon,pub_svm,pub_rf,50,0.020822863593969038,0.12251261590185455,0.54,0.6253677971440439,1.0
time,r2,wilcoxon,pub_svm,pub_xgboost,50,-0.09672527993081197,0.19687976590880094,0.24,0.0006983914307809869,0.016761394338743685
time,r2,wilcoxon,pub_svm,pub_mlp,50,-0.13424954634832797,0.19068014393204236,0.26,1.5207189122179443e-05,0.00041059410629884496
time,r2,wilcoxon,pub_svm,pub_gnn,50,-0.45113211494612154,0.4316073925803887,0.06,4.218847493575595e-12,2.2359891715950653e-10
time,r2,wilcoxon,pub_rf,pub_xgboost,50,-0.11754814352478098,0.150697551159791,0.18,1.6198182883897516e-07,6.155309495881056e-06
time,r2,wilcoxon,pub_rf,pub_mlp,50,-0.15507240994229704,0.19745397851327534,0.24,4.880519277605799e-07,1.6105713616099138e-05
time,r2,wilcoxon,pub_rf,pub_gnn,50,-0.47195497854009055,0.47108608162388177,0.08,2.3080204414327454e-11,1.1309300163020453e-09
time,r2,wilcoxon,pub_xgboost,pub_mlp,50,-0.037524266417516,0.21809604238455785,0.4,0.24908489906916564,1.0
time,r2,wilcoxon,pub_xgboost,pub_gnn,50,-0.3544068350153096,0.47264453258106515,0.2,8.403119267086367e-08,3.2772165141636833e-06
time,r2,wilcoxon,pub_mlp,pub_gnn,50,-0.31688256859779357,0.4177243419454156,0.2,2.1499046276574063e-07,7.524666196800922e-06
time,r2,t_target,knn,lgbm,10,0.198575286122671,0.18347080617612996,0.9,0.007596425427918547,0.23117203588348975
time,r2,t_target,knn,chemeleon,10,0.23179580799125343,0.19000292913377395,1.0,0.0038597278241100813,0.15438911173036232
time,r2,t_target,knn,monroe35,10,0.34353725463304724,0.20671691529586916,1.0,0.0005239916409325951,0.02672357349493577
time,r2,t_target,knn,median,10,0.14947235830916944,0.29828304134268474,0.6,0.14750751466808523,1.0
time,r2,t_target,knn,pub_knn,10,-2.6309587564110616e-10,8.80027697298273e-10,0.4,1.0,1.0
time,r2,t_target,knn,pub_svm,10,0.28462951441845036,0.2434200296338953,0.9,0.004938644924806632,0.17285257121356887
time,r2,t_target,knn,pub_rf,10,0.30545237801241937,0.21334627294025532,1.0,0.0014313168713810504,0.0629779417300372
time,r2,t_target,knn,pub_xgboost,10,0.18790423448763838,0.1720130232189189,0.9,0.00722412621051863,0.23117203588348975
time,r2,t_target,knn,pub_mlp,10,0.15037996807012236,0.20591490573745067,0.7,0.04628070380536687,1.0
time,r2,t_target,knn,pub_gnn,10,-0.1665026005276712,0.3107293620528136,0.2,0.12441463604102487,1.0
time,r2,t_target,lgbm,chemeleon,10,0.03322052186858245,0.10562197180209276,0.4,0.3459137615738089,1.0
time,r2,t_target,lgbm,monroe35,10,0.14496196851037624,0.1015651350683683,1.0,0.0014604401957185723,0.0629779417300372
time,r2,t_target,lgbm,median,10,-0.04910292781350158,0.20480781633759565,0.3,0.4677426577746099,1.0
time,r2,t_target,lgbm,pub_knn,10,-0.19857528638576694,0.1834708060891843,0.1,0.007596425353940033,0.23117203588348975
time,r2,t_target,lgbm,pub_svm,10,0.0860542282957793,0.135195832169781,0.8,0.07498382580169428,1.0
time,r2,t_target,lgbm,pub_rf,10,0.10687709188974834,0.11577432844688429,1.0,0.017052417063805458,0.4433628436589419
time,r2,t_target,lgbm,pub_xgboost,10,-0.010671051635032658,0.056829272966367396,0.4,0.5672731686208563,1.0
time,r2,t_target,lgbm,pub_mlp,10,-0.048195318052548675,0.1393504356964412,0.5,0.30249547928783793,1.0
time,r2,t_target,lgbm,pub_gnn,10,-0.36507788665034224,0.2374550006673521,0.0,0.0008935039456363996,0.04110118149927438
time,r2,t_target,chemeleon,monroe35,10,0.11174144664179378,0.12399825673619715,0.8,0.019098618003536606,0.4774654500884152
time,r2,t_target,chemeleon,median,10,-0.08232344968208402,0.26242264495673456,0.2,0.34710599644267637,1.0
time,r2,t_target,chemeleon,pub_knn,10,-0.23179580825434937,0.19000292909179203,0.0,0.003859727793259058,0.15438911173036232
time,r2,t_target,chemeleon,pub_svm,10,0.052833706427196855,0.1658249857778772,0.5,0.3399953768700387,1.0
time,r2,t_target,chemeleon,pub_rf,10,0.0736565700211659,0.17264211669572668,0.7,0.21024446337495387,1.0
time,r2,t_target,chemeleon,pub_xgboost,10,-0.04389157350361511,0.11001420514661335,0.4,0.23879795340285434,1.0
time,r2,t_target,chemeleon,pub_mlp,10,-0.08141583992113113,0.11564121066669664,0.2,0.05301047633387798,1.0
time,r2,t_target,chemeleon,pub_gnn,10,-0.3982984085189246,0.1659151432642175,0.0,3.356491806500648e-05,0.0018460704935753566
time,r2,t_target,monroe35,median,10,-0.1940648963238778,0.16484848761650187,0.1,0.004750504279702028,0.171018154069273
time,r2,t_target,monroe35,pub_knn,10,-0.3435372548961432,0.2067169152407317,0.0,0.0005239916371556034,0.02672357349493577
time,r2,t_target,monroe35,pub_svm,10,-0.058907740214596924,0.07591464126307589,0.2,0.03652570706256414,0.8766169695015393
time,r2,t_target,monroe35,pub_rf,10,-0.038084876620627886,0.08787927456624706,0.4,0.20375160536923045,1.0
time,r2,t_target,monroe35,pub_xgboost,10,-0.1556330201454089,0.10138535597533299,0.1,0.0009029374514874586,0.04110118149927438
time,r2,t_target,monroe35,pub_mlp,10,-0.19315728656292488,0.11909884021962035,0.0,0.0006206991363764687,0.029172859409694028
time,r2,t_target,monroe35,pub_gnn,10,-0.5100398551607185,0.21398701262324402,0.0,3.55121686918407e-05,0.001917657109359398
time,r2,t_target,median,pub_knn,10,-0.14947235857226532,0.2982830413275289,0.4,0.14750751401739665,1.0
time,r2,t_target,median,pub_svm,10,0.13515715610928086,0.11694163893369999,0.8,0.005277564939884351,0.17415964301618359
time,r2,t_target,median,pub_rf,10,0.15598001970324993,0.11703353677432994,0.9,0.0022573230986440186,0.09255024704440476
time,r2,t_target,median,pub_xgboost,10,0.03843187617846891,0.19589710783333805,0.6,0.550386456236956,1.0
time,r2,t_target,median,pub_mlp,10,0.0009076097609528988,0.1985278051431523,0.5,0.9887808022895537,1.0
time,r2,t_target,median,pub_gnn,10,-0.3159749588368407,0.3038903589174989,0.3,0.00940788427181094,0.2634207596107063
time,r2,t_target,pub_knn,pub_svm,10,0.28462951468154624,0.24342002957497566,0.9,0.0049386448918162535,0.17285257121356887
time,r2,t_target,pub_knn,pub_rf,10,0.30545237827551525,0.21334627280523744,1.0,0.0014313168575008457,0.0629779417300372
time,r2,t_target,pub_knn,pub_xgboost,10,0.18790423475073423,0.17201302307036043,0.9,0.007224126121359055,0.23117203588348975
time,r2,t_target,pub_knn,pub_mlp,10,0.15037996833321823,0.20591490569946064,0.7,0.04628070346704259,1.0
time,r2,t_target,pub_knn,pub_gnn,10,-0.16650260026457536,0.3107293619918775,0.2,0.12441463649685779,1.0
time,r2,t_target,pub_svm,pub_rf,10,0.02082286359396904,0.056895271353513674,0.7,0.2769218933594054,1.0
time,r2,t_target,pub_svm,pub_xgboost,10,-0.09672527993081197,0.1358632398599815,0.2,0.050893036950899424,1.0
time,r2,t_target,pub_svm,pub_mlp,10,-0.13424954634832797,0.11222872248141157,0.1,0.004330590547443124,0.16078317611233037
time,r2,t_target,pub_svm,pub_gnn,10,-0.4511321149461215,0.22312196020813235,0.0,0.00012618404526110297,0.006687754398838458
time,r2,t_target,pub_rf,pub_xgboost,10,-0.11754814352478102,0.11575656931759634,0.1,0.010638081563874018,0.2872282022245985
time,r2,t_target,pub_rf,pub_mlp,10,-0.15507240994229704,0.12912002704587003,0.2,0.004231136213482378,0.16078317611233037
time,r2,t_target,pub_rf,pub_gnn,10,-0.4719549785400906,0.25393110055390006,0.0,0.0002355897352726536,0.012250666234177988
time,r2,t_target,pub_xgboost,pub_mlp,10,-0.037524266417516015,0.14134925784364238,0.5,0.42292923647808156,1.0
time,r2,t_target,pub_xgboost,pub_gnn,10,-0.3544068350153096,0.2150283399503487,0.0,0.0005550723928224881,0.02672357349493577
time,r2,t_target,pub_mlp,pub_gnn,10,-0.3168825685977935,0.19140215911123706,0.0,0.0005380309057204899,0.02672357349493577
random,spearman,t,knn,lgbm,50,0.019267832590479483,0.041128702782918004,0.72,0.001742053152126987,0.019158632008208477
random,spearman,t,knn,chemeleon,50,0.040300152400331725,0.03898522896212159,0.92,2.2019745250878852e-09,5.9420998806433274e-08
random,spearman,t,knn,monroe35,50,0.05513034423545415,0.04115199341034104,0.96,1.1771266735376397e-12,4.3042665040906015e-11
random,spearman,t,knn,pub_knn,50,6.635169902768912e-06,4.932853133581068e-05,0.18,0.34620764165529483,1.0
random,spearman,t,knn,pub_svm,50,0.03881708089582348,0.036323414691486734,0.88,9.158497096215466e-10,2.7305967075441928e-08
random,spearman,t,knn,pub_rf,50,0.03197071396762003,0.031294460602279354,0.9,2.987280367523917e-09,7.086536841151749e-08
random,spearman,t,knn,pub_xgboost,50,0.015534815308291644,0.04583090813696181,0.72,0.02039813716613046,0.16318509732904368
random,spearman,t,knn,pub_mlp,50,0.01677854204581954,0.03503658822362342,0.7,0.0014040089080218678,0.01825211580428428
random,spearman,t,knn,pub_gnn,50,-0.07206077789266681,0.06695335888560759,0.1,7.563723877185973e-10,2.410817935390934e-08
random,spearman,t,lgbm,chemeleon,50,0.021032319809852238,0.02878145176052229,0.78,4.348498714991764e-06,7.827297686985175e-05
random,spearman,t,lgbm,monroe35,50,0.03586251164497467,0.028699283865030244,0.96,1.0365187029574613e-11,3.6278154603511145e-10
random,spearman,t,lgbm,pub_knn,50,-0.019261197420576713,0.04111366104751681,0.28,0.0017416938189280435,0.019158632008208477
random,spearman,t,lgbm,pub_svm,50,0.019549248305344002,0.018370541016018354,0.9,1.02500758353401e-09,2.8700212338952278e-08
random,spearman,t,lgbm,pub_rf,50,0.012702881377140545,0.023412167805628485,0.72,0.0003573415800242164,0.005002782120339029
random,spearman,t,lgbm,pub_xgboost,50,-0.003733017282187838,0.018877998388476345,0.48,0.1683309818893588,0.841654909446794
random,spearman,t,lgbm,pub_mlp,50,-0.0024892905446599434,0.032994523290316546,0.44,0.5961125962215607,1.0
random,spearman,t,lgbm,pub_gnn,50,-0.09132861048314629,0.05725011324521939,0.0,3.1787608510008833e-15,1.303291948910362e-13
random,spearman,t,chemeleon,monroe35,50,0.01483019183512243,0.025498206255326495,0.72,0.00014889761468493535,0.0022334642202740305
random,spearman,t,chemeleon,pub_knn,50,-0.04029351723042896,0.03897799540935077,0.08,2.200777733571603e-09,5.9420998806433274e-08
random,spearman,t,chemeleon,pub_svm,50,-0.0014830715045082354,0.026478127231751195,0.48,0.6937809448701326,1.0
random,spearman,t,chemeleon,pub_rf,50,-0.008329438432711693,0.02880598899186748,0.38,0.046281354959286536,0.2776881297557192
random,spearman,t,chemeleon,pub_xgboost,50,-0.024765337092040075,0.03324621338932713,0.2,3.0745062126202154e-06,6.14901242524043e-05
random,spearman,t,chemeleon,pub_mlp,50,-0.023521610354512185,0.03139278444039505,0.24,2.762073059222519e-06,5.8003534243672894e-05
random,spearman,t,chemeleon,pub_gnn,50,-0.11236093029299851,0.057227935471781885,0.0,1.3158066078738947e-18,5.789549074645136e-17
random,spearman,t,monroe35,pub_knn,50,-0.055123709065551384,0.04113188169929851,0.04,1.1633152713758382e-12,4.3042665040906015e-11
random,spearman,t,monroe35,pub_svm,50,-0.016313263339630665,0.02225619779860386,0.24,4.1189989181284114e-06,7.826097944443982e-05
random,spearman,t,monroe35,pub_rf,50,-0.023159630267834123,0.020423252294037127,0.1,1.7902889211232227e-10,6.086982331818957e-09
random,spearman,t,monroe35,pub_xgboost,50,-0.039595528927162504,0.035159912467106154,0.06,2.1754516394402563e-10,7.178990410152846e-09
random,spearman,t,monroe35,pub_mlp,50,-0.03835180218963461,0.02748463826473048,0.06,3.1349236705420544e-13,1.2226202315114013e-11
random,spearman,t,monroe35,pub_gnn,50,-0.12719112212812095,0.05510308945615256,0.0,1.894444683940299e-21,8.525001077731346e-20
random,spearman,t,pub_knn,pub_svm,50,0.03881044572592071,0.03630882096783022,0.88,9.10198902514731e-10,2.7305967075441928e-08
random,spearman,t,pub_knn,pub_rf,50,0.03196407879771726,0.031273818470929984,0.9,2.952723683813229e-09,7.086536841151749e-08
random,spearman,t,pub_knn,pub_xgboost,50,0.015528180138388876,0.04581700906106995,0.72,0.020412889904782794,0.16318509732904368
random,spearman,t,pub_knn,pub_mlp,50,0.016771906875916773,0.035026501768822445,0.7,0.0014055172542500043,0.01825211580428428
random,spearman,t,pub_knn,pub_gnn,50,-0.07206741306256959,0.06694968581263178,0.1,7.533806048096669e-10,2.410817935390934e-08
random,spearman,t,pub_svm,pub_rf,50,-0.006846366928203458,0.01748839642836402,0.38,0.007934356087428512,0.07140920478685661
random,spearman,t,pub_svm,pub_xgboost,50,-0.02328226558753184,0.022677158625960172,0.1,2.6290709397526957e-09,6.572677349381739e-08
random,spearman,t,pub_svm,pub_mlp,50,-0.022038538850003942,0.024728664951929838,0.1,8.003756212274498e-08,1.7608263667003896e-06
random,spearman,t,pub_svm,pub_gnn,50,-0.1108778587884903,0.05727821963323504,0.0,2.2910913666415825e-18,9.851692876558805e-17
random,spearman,t,pub_rf,pub_xgboost,50,-0.016435898659328384,0.027892832872443263,0.2,0.00012511071815549387,0.002001771490487902
random,spearman,t,pub_rf,pub_mlp,50,-0.015192171921800487,0.0221547314442357,0.26,1.2965246769989587e-05,0.00022040919508982298
random,spearman,t,pub_rf,pub_gnn,50,-0.10403149186028685,0.05837260551631865,0.0,5.4618212993869256e-17,2.293964945742509e-15
random,spearman,t,pub_xgboost,pub_mlp,50,0.0012437267375278948,0.03618079211881268,0.56,0.8089656192533358,1.0
random,spearman,t,pub_xgboost,pub_gnn,50,-0.08759559320095844,0.06304428718693773,0.06,3.6085297232286955e-13,1.3712412948269043e-11
random,spearman,t,pub_mlp,pub_gnn,50,-0.08883931993848634,0.058549911049164946,0.0,1.848497620386155e-14,7.39399048154462e-13
random,spearman,wilcoxon,knn,lgbm,50,0.019267832590479483,0.041128702782918004,0.72,0.0003107899432901462,0.004040269262771901
random,spearman,wilcoxon,knn,chemeleon,50,0.040300152400331725,0.03898522896212159,0.92,7.151434999741468e-11,1.9308874499301965e-09
random,spearman,wilcoxon,knn,monroe35,50,0.05513034423545415,0.04115199341034104,0.96,1.7763568394002505e-14,6.927791673660977e-13
random,spearman,wilcoxon,knn,pub_knn,50,6.635169902768912e-06,4.932853133581068e-05,0.18,0.38235208985751545,1.0
random,spearman,wilcoxon,knn,pub_svm,50,0.03881708089582348,0.036323414691486734,0.88,4.792291008470784e-10,1.1501498420329881e-08
random,spearman,wilcoxon,knn,pub_rf,50,0.03197071396762003,0.031294460602279354,0.9,5.610267805877811e-11,1.6269776637045652e-09
random,spearman,wilcoxon,knn,pub_xgboost,50,0.015534815308291644,0.04583090813696181,0.72,0.001909205638362721,0.01755915712681322
random,spearman,wilcoxon,knn,pub_mlp,50,0.01677854204581954,0.03503658822362342,0.7,0.0015962870115284744,0.01755915712681322
random,spearman,wilcoxon,knn,pub_gnn,50,-0.07206077789266681,0.06695335888560759,0.1,4.9604764740251994e-11,1.5377477069478118e-09
random,spearman,wilcoxon,lgbm,chemeleon,50,0.021032319809852238,0.02878145176052229,0.78,1.206143563692308e-06,2.291672771015385e-05
random,spearman,wilcoxon,lgbm,monroe35,50,0.03586251164497467,0.028699283865030244,0.96,3.375077994860476e-14,1.2150280781497713e-12
random,spearman,wilcoxon,lgbm,pub_knn,50,-0.019261197420576713,0.04111366104751681,0.28,0.0003107899432901462,0.004040269262771901
random,spearman,wilcoxon,lgbm,pub_svm,50,0.019549248305344002,0.018370541016018354,0.9,2.2601653881793027e-10,5.650413470448257e-09
random,spearman,wilcoxon,lgbm,pub_rf,50,0.012702881377140545,0.023412167805628485,0.72,0.0001628744437223162,0.0022802422121124266
random,spearman,wilcoxon,lgbm,pub_xgboost,50,-0.003733017282187838,0.018877998388476345,0.48,0.25308251223662737,1.0
random,spearman,wilcoxon,lgbm,pub_mlp,50,-0.0024892905446599434,0.032994523290316546,0.44,0.42072286282100535,1.0
random,spearman,wilcoxon,lgbm,pub_gnn,50,-0.09132861048314629,0.05725011324521939,0.0,1.7763568394002505e-15,7.993605777301127e-14
random,spearman,wilcoxon,chemeleon,monroe35,50,0.01483019183512243,0.025498206255326495,0.72,6.825250486741652e-05,0.0010237875730112478
random,spearman,wilcoxon,chemeleon,pub_knn,50,-0.04029351723042896,0.03897799540935077,0.08,7.151434999741468e-11,1.9308874499301965e-09
random,spearman,wilcoxon,chemeleon,pub_svm,50,-0.0014830715045082354,0.026478127231751195,0.48,0.7448958960780061,1.0
random,spearman,wilcoxon,chemeleon,pub_rf,50,-0.008329438432711693,0.02880598899186748,0.38,0.024847675451864504,0.14908605271118702
random,spearman,wilcoxon,chemeleon,pub_xgboost,50,-0.024765337092040075,0.03324621338932713,0.2,3.9920236538648624e-07,8.383249673116211e-06
random,spearman,wilcoxon,chemeleon,pub_mlp,50,-0.023521610354512185,0.03139278444039505,0.24,1.7496796758109667e-06,3.14942341645974e-05
random,spearman,wilcoxon,chemeleon,pub_gnn,50,-0.11236093029299851,0.057227935471781885,0.0,1.7763568394002505e-15,7.993605777301127e-14
random,spearman,wilcoxon,monroe35,pub_knn,50,-0.055123709065551384,0.04113188169929851,0.04,1.7763568394002505e-14,6.927791673660977e-13
random,spearman,wilcoxon,monroe35,pub_svm,50,-0.016313263339630665,0.02225619779860386,0.24,5.367254770405339e-06,9.124333109689076e-05
random,spearman,wilcoxon,monroe35,pub_rf,50,-0.023159630267834123,0.020423252294037127,0.1,2.6343371928305714e-12,8.693312736340886e-11
random,spearman,wilcoxon,monroe35,pub_xgboost,50,-0.039595528927162504,0.035159912467106154,0.06,2.4868995751603507e-14,9.201528428093297e-13
random,spearman,wilcoxon,monroe35,pub_mlp,50,-0.03835180218963461,0.02748463826473048,0.06,4.4941828036826337e-13,1.5280221532520954e-11
random,spearman,wilcoxon,monroe35,pub_gnn,50,-0.12719112212812095,0.05510308945615256,0.0,1.7763568394002505e-15,7.993605777301127e-14
random,spearman,wilcoxon,pub_knn,pub_svm,50,0.03881044572592071,0.03630882096783022,0.88,4.792291008470784e-10,1.1501498420329881e-08
random,spearman,wilcoxon,pub_knn,pub_rf,50,0.03196407879771726,0.031273818470929984,0.9,5.610267805877811e-11,1.6269776637045652e-09
random,spearman,wilcoxon,pub_knn,pub_xgboost,50,0.015528180138388876,0.04581700906106995,0.72,0.001909205638362721,0.01755915712681322
random,spearman,wilcoxon,pub_knn,pub_mlp,50,0.016771906875916773,0.035026501768822445,0.7,0.001654895925714328,0.01755915712681322
random,spearman,wilcoxon,pub_knn,pub_gnn,50,-0.07206741306256959,0.06694968581263178,0.1,4.9604764740251994e-11,1.5377477069478118e-09
random,spearman,wilcoxon,pub_svm,pub_rf,50,-0.006846366928203458,0.01748839642836402,0.38,0.008333363871146915,0.058333547098028404
random,spearman,wilcoxon,pub_svm,pub_xgboost,50,-0.02328226558753184,0.022677158625960172,0.1,8.842704346534447e-12,2.829665390891023e-10
random,spearman,wilcoxon,pub_svm,pub_mlp,50,-0.022038538850003942,0.024728664951929838,0.1,4.057499225496031e-09,8.926498296091268e-08
random,spearman,wilcoxon,pub_svm,pub_gnn,50,-0.1108778587884903,0.05727821963323504,0.0,1.7763568394002505e-15,7.993605777301127e-14
random,spearman,wilcoxon,pub_rf,pub_xgboost,50,-0.016435898659328384,0.027892832872443263,0.2,9.364108866094512e-07,1.8728217732189023e-05
random,spearman,wilcoxon,pub_rf,pub_mlp,50,-0.015192171921800487,0.0221547314442357,0.26,7.946967700789287e-06,0.0001271514832126286
random,spearman,wilcoxon,pub_rf,pub_gnn,50,-0.10403149186028685,0.05837260551631865,0.0,1.7763568394002505e-15,7.993605777301127e-14
random,spearman,wilcoxon,pub_xgboost,pub_mlp,50,0.0012437267375278948,0.03618079211881268,0.56,0.893447016970665,1.0
random,spearman,wilcoxon,pub_xgboost,pub_gnn,50,-0.08759559320095844,0.06304428718693773,0.06,7.638334409421077e-14,2.673417043297377e-12
random,spearman,wilcoxon,pub_mlp,pub_gnn,50,-0.08883931993848634,0.058549911049164946,0.0,1.7763568394002505e-15,7.993605777301127e-14
random,spearman,t_target,knn,lgbm,10,0.019267832590479504,0.03422797059358591,0.9,0.10875388231315852,1.0
random,spearman,t_target,knn,chemeleon,10,0.040300152400331725,0.03316975102083526,1.0,0.003954026747046232,0.07507860152486245
random,spearman,t_target,knn,monroe35,10,0.055130344235454175,0.032146759020023265,1.0,0.00042009514342324626,0.015109392395316052
random,spearman,t_target,knn,pub_knn,10,6.635169902768912e-06,2.171589533345353e-05,0.3,0.3591802745823593,1.0
random,spearman,t_target,knn,pub_svm,10,0.038817080895823496,0.03039499959658306,0.9,0.002935184071868407,0.0616037044173129
random,spearman,t_target,knn,pub_rf,10,0.031970713967620044,0.021355151372891464,1.0,0.001067534327892323,0.03030188072585702
random,spearman,t_target,knn,pub_xgboost,10,0.01553481530829164,0.037895567748208264,0.8,0.22711172511749037,1.0
random,spearman,t_target,knn,pub_mlp,10,0.016778542045819543,0.019898998139829763,0.9,0.025774646197403907,0.38661969296105864
random,spearman,t_target,knn,pub_gnn,10,-0.07206077789266678,0.04346304088521392,0.0,0.0005326402377127684,0.018082789943613994
random,spearman,t_target,lgbm,chemeleon,10,0.021032319809852217,0.013943671734500653,1.0,0.0010154965791634523,0.03030188072585702
random,spearman,t_target,lgbm,monroe35,10,0.03586251164497467,0.021657162555463003,1.0,0.0005372748383871992,0.018082789943613994
random,spearman,t_target,lgbm,pub_knn,10,-0.019261197420576737,0.034217950771150446,0.1,0.10876967117458004,1.0
random,spearman,t_target,lgbm,pub_svm,10,0.01954924830534399,0.010966691557382247,1.0,0.00031880516104711344,0.011795790958743196
random,spearman,t_target,lgbm,pub_rf,10,0.01270288137714054,0.016658872579703932,0.9,0.03916351991736029,0.5091257589256838
random,spearman,t_target,lgbm,pub_xgboost,10,-0.003733017282187867,0.01140507017880027,0.3,0.32765435994281494,1.0
random,spearman,t_target,lgbm,pub_mlp,10,-0.002489290544659961,0.018734206947703853,0.3,0.6842045067687843,1.0
random,spearman,t_target,lgbm,pub_gnn,10,-0.09132861048314629,0.03401060761279821,0.0,1.3702515791964856e-05,0.0005481006316785942
random,spearman,t_target,chemeleon,monroe35,10,0.014830191835122453,0.010887706776838717,0.9,0.001969314740909226,0.04726355378182143
random,spearman,t_target,chemeleon,pub_knn,10,-0.040293517230428955,0.033160691513759555,0.0,0.003951505343413813,0.07507860152486245
random,spearman,t_target,chemeleon,pub_svm,10,-0.0014830715045082265,0.011759295913830625,0.4,0.6993203277478282,1.0
random,spearman,t_target,chemeleon,pub_rf,10,-0.008329438432711677,0.016194214952823353,0.3,0.13828567789485913,1.0
random,spearman,t_target,chemeleon,pub_xgboost,10,-0.024765337092040086,0.02338918068586694,0.1,0.008546100688782723,0.1452837117093063
random,spearman,t_target,chemeleon,pub_mlp,10,-0.02352161035451218,0.01775013809764038,0.0,0.002339400840085999,0.05146681848189198
random,spearman,t_target,chemeleon,pub_gnn,10,-0.11236093029299851,0.02731153835796448,0.0,3.8580496256687455e-07,1.7361223315509356e-05
random,spearman,t_target,monroe35,pub_knn,10,-0.055123709065551404,0.03213867317782843,0.0,0.0004197053443143348,0.015109392395316052
random,spearman,t_target,monroe35,pub_svm,10,-0.01631326333963068,0.015641522336114027,0.1,0.009258145863782862,0.1481303338205258
random,spearman,t_target,monroe35,pub_rf,10,-0.02315963026783413,0.016222135417928142,0.0,0.0014579545306088154,0.0379068177958292
random,spearman,t_target,monroe35,pub_xgboost,10,-0.03959552892716254,0.0288443831648633,0.0,0.001874858597914651,0.04687146494786627
random,spearman,t_target,monroe35,pub_mlp,10,-0.03835180218963463,0.020215005108915697,0.0,0.0002026343021026579,0.007700103479901
random,spearman,t_target,monroe35,pub_gnn,10,-0.12719112212812095,0.03094574690809035,0.0,3.8897060821217276e-07,1.7361223315509356e-05
random,spearman,t_target,pub_knn,pub_svm,10,0.038810445725920725,0.03038694811601234,0.9,0.002933509734157757,0.0616037044173129
random,spearman,t_target,pub_knn,pub_rf,10,0.031964078797717274,0.021344395518537552,1.0,0.0010654351200882854,0.03030188072585702
random,spearman,t_target,pub_knn,pub_xgboost,10,0.015528180138388869,0.0378885325466828,0.8,0.22721497752111652,1.0
random,spearman,t_target,pub_knn,pub_mlp,10,0.016771906875916776,0.019894918457461913,0.9,0.02579610630019225,0.38661969296105864
random,spearman,t_target,pub_knn,pub_gnn,10,-0.07206741306256956,0.04345775184092143,0.0,0.0005318467630474705,0.018082789943613994
random,spearman,t_target,pub_svm,pub_rf,10,-0.006846366928203451,0.012722503103713556,0.4,0.12301675447838915,1.0
random,spearman,t_target,pub_svm,pub_xgboost,10,-0.02328226558753186,0.015347378898553208,0.0,0.0009774800234147426,0.03030188072585702
random,spearman,t_target,pub_svm,pub_mlp,10,-0.022038538850003953,0.014527767315976913,0.0,0.000977586939097704,0.03030188072585702
random,spearman,t_target,pub_svm,pub_gnn,10,-0.1108778587884903,0.03212481317818597,0.0,1.7193667639936008e-06,7.393277085172484e-05
random,spearman,t_target,pub_rf,pub_xgboost,10,-0.01643589865932841,0.022062680189845838,0.1,0.0428967744530962,0.5147612934371544
random,spearman,t_target,pub_rf,pub_mlp,10,-0.015192171921800501,0.011316260857211513,0.1,0.0021570990043623985,0.04961327710033517
random,spearman,t_target,pub_rf,pub_gnn,10,-0.10403149186028685,0.03538032524662834,0.0,6.534049384687774e-06,0.0002678960247721987
random,spearman,t_target,pub_xgboost,pub_mlp,10,0.001243726737527906,0.023383198153972665,0.4,0.8701465541532893,1.0
random,spearman,t_target,pub_xgboost,pub_gnn,10,-0.08759559320095842,0.04087511612723494,0.0,8.115284064716285e-05,0.0031649607852393515
random,spearman,t_target,pub_mlp,pub_gnn,10,-0.08883931993848633,0.03001230868870649,0.0,6.184234068841643e-06,0.000259737830891349
scaffold,spearman,t,knn,lgbm,50,0.033780334069383314,0.07352785947304462,0.8,0.0020975003919653456,0.029329497508347176
scaffold,spearman,t,knn,chemeleon,50,0.06480555305803391,0.06038657519242368,0.9,8.17588369422906e-10,2.861559292980171e-08
scaffold,spearman,t,knn,monroe35,50,0.08494088489361296,0.0690139875527087,0.94,1.641413884487475e-11,6.401514149501153e-10
scaffold,spearman,t,knn,pub_knn,50,-1.5010439007540067e-05,7.983039644479156e-05,0.06,0.1898179129501677,1.0
scaffold,spearman,t,knn,pub_svm,50,0.060757966945559926,0.05336132633494204,0.92,1.595530707751972e-10,5.9034636186822965e-09
scaffold,spearman,t,knn,pub_rf,50,0.05856235822357946,0.04741197343121841,0.94,1.4738087047961302e-11,6.042615689664133e-10
scaffold,spearman,t,knn,pub_xgboost,50,0.029249660817045955,0.061108296129798935,0.76,0.0014108542493775987,0.022560044397538174
scaffold,spearman,t,knn,pub_mlp,50,0.021242840178077083,0.05729835147013144,0.64,0.011627996890239047,0.10442482482983506
scaffold,spearman,t,knn,pub_gnn,50,-0.049851573910897784,0.07608473941326066,0.24,2.6883990453215852e-05,0.0006720997613303963
scaffold,spearman,t,lgbm,chemeleon,50,0.03102521898865061,0.05695510450552288,0.76,0.0003407132489349392,0.006814264978698784
scaffold,spearman,t,lgbm,monroe35,50,0.05116055082422968,0.0715121692086791,0.8,6.323016101285948e-06,0.00017704445083600656
scaffold,spearman,t,lgbm,pub_knn,50,-0.03379534450839085,0.0735510393489418,0.2,0.002094964107739084,0.029329497508347176
scaffold,spearman,t,lgbm,pub_svm,50,0.02697763287617662,0.05047586942894052,0.72,0.00042720706681009606,0.008116934269391826
scaffold,spearman,t,lgbm,pub_rf,50,0.024782024154196156,0.0589474721815083,0.66,0.004566917922749778,0.054803015072997334
scaffold,spearman,t,lgbm,pub_xgboost,50,-0.004530673252337353,0.0653231849499012,0.38,0.6260160168141679,1.0
scaffold,spearman,t,lgbm,pub_mlp,50,-0.012537493891306222,0.07583597319480323,0.42,0.2480528517645458,1.0
scaffold,spearman,t,lgbm,pub_gnn,50,-0.08363190798028111,0.08344508484360133,0.16,4.866311726982031e-09,1.6058828699040702e-07
scaffold,spearman,t,chemeleon,monroe35,50,0.020135331835579064,0.05107240395095515,0.72,0.007532757936085283,0.07532757936085283
scaffold,spearman,t,chemeleon,pub_knn,50,-0.06482056349704146,0.06041071176424289,0.1,8.212921655782764e-10,2.861559292980171e-08
scaffold,spearman,t,chemeleon,pub_svm,50,-0.004047586112473986,0.04831615902054052,0.46,0.556330631065803,1.0
scaffold,spearman,t,chemeleon,pub_rf,50,-0.006243194834454455,0.049672470531666874,0.32,0.37848356210978795,1.0
scaffold,spearman,t,chemeleon,pub_xgboost,50,-0.03555589224098796,0.0678026576367308,0.22,0.0005322859701020038,0.009581147461836068
scaffold,spearman,t,chemeleon,pub_mlp,50,-0.043562712879956826,0.05653584758766786,0.22,1.6349660601431354e-06,4.741401574415093e-05
scaffold,spearman,t,chemeleon,pub_gnn,50,-0.11465712696893171,0.0720426268832608,0.04,3.4558233682335653e-15,1.5205622820227687e-13
scaffold,spearman,t,monroe35,pub_knn,50,-0.08495589533262052,0.06903017945224547,0.06,1.6442784251929347e-11,6.401514149501153e-10
scaffold,spearman,t,monroe35,pub_svm,50,-0.02418291794805304,0.058886768772746435,0.32,0.00551381507136818,0.06065196578504998
scaffold,spearman,t,monroe35,pub_rf,50,-0.026378526670033514,0.05396129824075271,0.2,0.0011397664025255435,0.01937602884293424
scaffold,spearman,t,monroe35,pub_xgboost,50,-0.055691224076567014,0.07934239400039132,0.16,8.774271742000935e-06,0.00023690533703402526
scaffold,spearman,t,monroe35,pub_mlp,50,-0.06369804471553589,0.06848440039788621,0.12,3.002227192607997e-08,9.006681577823991e-07
scaffold,spearman,t,monroe35,pub_gnn,50,-0.13479245880451077,0.07710256731135423,0.02,1.1241393762076535e-16,5.058627192934441e-15
scaffold,spearman,t,pub_knn,pub_svm,50,0.06077297738456748,0.053382615928736485,0.92,1.6024044768592193e-10,5.9034636186822965e-09
scaffold,spearman,t,pub_knn,pub_rf,50,0.058577368662587004,0.04744033226495479,0.94,1.4890944922558746e-11,6.042615689664133e-10
scaffold,spearman,t,pub_knn,pub_xgboost,50,0.029264671256053497,0.061135954683395666,0.76,0.0014100027748461359,0.022560044397538174
scaffold,spearman,t,pub_knn,pub_mlp,50,0.021257850617084628,0.05732032244680986,0.64,0.011602758314426118,0.10442482482983506
scaffold,spearman,t,pub_knn,pub_gnn,50,-0.04983656347189024,0.07610724467061299,0.24,2.7134536280889553e-05,0.0006720997613303963
scaffold,spearman,t,pub_svm,pub_rf,50,-0.0021956087219804697,0.03405927039873025,0.4,0.6505247277147835,1.0
scaffold,spearman,t,pub_svm,pub_xgboost,50,-0.03150830612851398,0.05045061186843252,0.2,5.535280849674084e-05,0.0012731145954250392
scaffold,spearman,t,pub_svm,pub_mlp,50,-0.03951512676748285,0.05776870760247734,0.14,1.3508591671407517e-05,0.0003512233834565954
scaffold,spearman,t,pub_svm,pub_gnn,50,-0.11060954085645774,0.07325452213447252,0.08,2.1888026488017213e-14,9.4118513898474e-13
scaffold,spearman,t,pub_rf,pub_xgboost,50,-0.029312697406533507,0.05291490112280934,0.32,0.0002775724724996758,0.005829021922493191
scaffold,spearman,t,pub_rf,pub_mlp,50,-0.03731951804550237,0.060898816601288354,0.26,7.272167473743607e-05,0.0015998768442235937
scaffold,spearman,t,pub_rf,pub_gnn,50,-0.10841393213447724,0.07829867099507958,0.04,4.042902833761402e-13,1.6980191901797887e-11
scaffold,spearman,t,pub_xgboost,pub_mlp,50,-0.00800682063896887,0.06851004912964942,0.5,0.4125826855512535,1.0
scaffold,spearman,t,pub_xgboost,pub_gnn,50,-0.07910123472794374,0.0832685129505499,0.14,1.819667388917763e-08,5.822935644536842e-07
scaffold,spearman,t,pub_mlp,pub_gnn,50,-0.07109441408897488,0.07599853466043127,0.16,2.6224468006289995e-08,8.129585081949899e-07
scaffold,spearman,wilcoxon,knn,lgbm,50,0.033780334069383314,0.07352785947304462,0.8,0.0002409992117797799,0.0038559873884764784
scaffold,spearman,wilcoxon,knn,chemeleon,50,0.06480555305803391,0.06038657519242368,0.9,5.802245794939154e-09,1.9147411123299207e-07
scaffold,spearman,wilcoxon,knn,monroe35,50,0.08494088489361296,0.0690139875527087,0.94,1.0192735544478637e-11,3.9751668623466685e-10
scaffold,spearman,wilcoxon,knn,pub_knn,50,-1.5010439007540067e-05,7.983039644479156e-05,0.06,0.4838398513935682,1.0
scaffold,spearman,wilcoxon,knn,pub_svm,50,0.060757966945559926,0.05336132633494204,0.92,1.7568968502246207e-09,6.500518345831097e-08
scaffold,spearman,wilcoxon,knn,pub_rf,50,0.05856235822357946,0.04741197343121841,0.94,8.842704346534447e-12,3.625508782079123e-10
scaffold,spearman,wilcoxon,knn,pub_xgboost,50,0.029249660817045955,0.061108296129798935,0.76,0.0005510827602233093,0.00771515864312633
scaffold,spearman,wilcoxon,knn,pub_mlp,50,0.021242840178077083,0.05729835147013144,0.64,0.012568191503659065,0.11311372353293159
scaffold,spearman,wilcoxon,knn,pub_gnn,50,-0.049851573910897784,0.07608473941326066,0.24,1.1033688904760197e-05,0.00025377484480948453
scaffold,spearman,wilcoxon,lgbm,chemeleon,50,0.03102521898865061,0.05695510450552288,0.76,6.825250486741652e-05,0.0013650500973483304
scaffold,spearman,wilcoxon,lgbm,monroe35,50,0.05116055082422968,0.0715121692086791,0.8,3.486415511844143e-07,9.413321881979186e-06
scaffold,spearman,wilcoxon,lgbm,pub_knn,50,-0.03379534450839085,0.0735510393489418,0.2,0.0002409992117797799,0.0038559873884764784
scaffold,spearman,wilcoxon,lgbm,pub_svm,50,0.02697763287617662,0.05047586942894052,0.72,0.00021178724761483636,0.003600383209452218
scaffold,spearman,wilcoxon,lgbm,pub_rf,50,0.024782024154196156,0.0589474721815083,0.66,0.007609452352863144,0.07609452352863144
scaffold,spearman,wilcoxon,lgbm,pub_xgboost,50,-0.004530673252337353,0.0653231849499012,0.38,0.14333259515310637,0.7166629757655318
scaffold,spearman,wilcoxon,lgbm,pub_mlp,50,-0.012537493891306222,0.07583597319480323,0.42,0.08760075247442067,0.6132052673209447
scaffold,spearman,wilcoxon,lgbm,pub_gnn,50,-0.08363190798028111,0.08344508484360133,0.16,3.0854181432005134e-09,1.0798963501201797e-07
scaffold,spearman,wilcoxon,chemeleon,monroe35,50,0.020135331835579064,0.05107240395095515,0.72,0.0033148150460355907,0.0364629655063915
scaffold,spearman,wilcoxon,chemeleon,pub_knn,50,-0.06482056349704146,0.06041071176424289,0.1,5.802245794939154e-09,1.9147411123299207e-07
scaffold,spearman,wilcoxon,chemeleon,pub_svm,50,-0.004047586112473986,0.04831615902054052,0.46,0.6118509675549912,1.0
scaffold,spearman,wilcoxon,chemeleon,pub_rf,50,-0.006243194834454455,0.049672470531666874,0.32,0.0894381024777875,0.6132052673209447
scaffold,spearman,wilcoxon,chemeleon,pub_xgboost,50,-0.03555589224098796,0.0678026576367308,0.22,6.358623311442102e-06,0.00015896558278605255
scaffold,spearman,wilcoxon,chemeleon,pub_mlp,50,-0.043562712879956826,0.05653584758766786,0.22,2.5156639491541455e-06,6.540726267800778e-05
scaffold,spearman,wilcoxon,chemeleon,pub_gnn,50,-0.11465712696893171,0.0720426268832608,0.04,2.4868995751603507e-14,1.0942358130705543e-12
scaffold,spearman,wilcoxon,monroe35,pub_knn,50,-0.08495589533262052,0.06903017945224547,0.06,1.0192735544478637e-11,3.9751668623466685e-10
scaffold,spearman,wilcoxon,monroe35,pub_svm,50,-0.02418291794805304,0.058886768772746435,0.32,0.0009871220775430345,0.011845464930516414
scaffold,spearman,wilcoxon,monroe35,pub_rf,50,-0.026378526670033514,0.05396129824075271,0.2,8.237559280566131e-05,0.001565136263307565
scaffold,spearman,wilcoxon,monroe35,pub_xgboost,50,-0.055691224076567014,0.07934239400039132,0.16,4.945666454148068e-08,1.4342432717029396e-06
scaffold,spearman,wilcoxon,monroe35,pub_mlp,50,-0.06369804471553589,0.06848440039788621,0.12,5.802245794939154e-09,1.9147411123299207e-07
scaffold,spearman,wilcoxon,monroe35,pub_gnn,50,-0.13479245880451077,0.07710256731135423,0.02,5.329070518200751e-15,2.398081733190338e-13
scaffold,spearman,wilcoxon,pub_knn,pub_svm,50,0.06077297738456748,0.053382615928736485,0.92,1.7568968502246207e-09,6.500518345831097e-08
scaffold,spearman,wilcoxon,pub_knn,pub_rf,50,0.058577368662587004,0.04744033226495479,0.94,8.842704346534447e-12,3.625508782079123e-10
scaffold,spearman,wilcoxon,pub_knn,pub_xgboost,50,0.029264671256053497,0.061135954683395666,0.76,0.0005510827602233093,0.00771515864312633
scaffold,spearman,wilcoxon,pub_knn,pub_mlp,50,0.021257850617084628,0.05732032244680986,0.64,0.012568191503659065,0.11311372353293159
scaffold,spearman,wilcoxon,pub_knn,pub_gnn,50,-0.04983656347189024,0.07610724467061299,0.24,1.1033688904760197e-05,0.00025377484480948453
scaffold,spearman,wilcoxon,pub_svm,pub_rf,50,-0.0021956087219804697,0.03405927039873025,0.4,0.3622430237473182,1.0
scaffold,spearman,wilcoxon,pub_svm,pub_xgboost,50,-0.03150830612851398,0.05045061186843252,0.2,9.372738659862989e-06,0.00022494572783671174
scaffold,spearman,wilcoxon,pub_svm,pub_mlp,50,-0.03951512676748285,0.05776870760247734,0.14,1.8673260271384606e-07,5.22851287598769e-06
scaffold,spearman,wilcoxon,pub_svm,pub_gnn,50,-0.11060954085645774,0.07325452213447252,0.08,9.769962616701378e-14,4.201083925181592e-12
scaffold,spearman,wilcoxon,pub_rf,pub_xgboost,50,-0.029312697406533507,0.05291490112280934,0.32,0.00017022784864551,0.00306410127561918
scaffold,spearman,wilcoxon,pub_rf,pub_mlp,50,-0.03731951804550237,0.060898816601288354,0.26,5.9166993136017254e-05,0.0012425068558563623
scaffold,spearman,wilcoxon,pub_rf,pub_gnn,50,-0.10841393213447724,0.07829867099507958,0.04,9.769962616701378e-14,4.201083925181592e-12
scaffold,spearman,wilcoxon,pub_xgboost,pub_mlp,50,-0.00800682063896887,0.06851004912964942,0.5,0.35217499509373695,1.0
scaffold,spearman,wilcoxon,pub_xgboost,pub_gnn,50,-0.07910123472794374,0.0832685129505499,0.14,3.0854181432005134e-09,1.0798963501201797e-07
scaffold,spearman,wilcoxon,pub_mlp,pub_gnn,50,-0.07109441408897488,0.07599853466043127,0.16,1.0642100534141719e-08,3.1926301602425156e-07
scaffold,spearman,t_target,knn,lgbm,10,0.0337803340693833,0.05256508701998472,0.9,0.07267556731199294,0.772669844028991
scaffold,spearman,t_target,knn,chemeleon,10,0.0648055530580339,0.03234683484414082,1.0,0.0001351745598404157,0.004322448269689641
scaffold,spearman,t_target,knn,monroe35,10,0.08494088489361298,0.037236683003502746,1.0,5.0095842748374274e-05,0.001853546181689848
scaffold,spearman,t_target,knn,pub_knn,10,-1.5010439007545618e-05,3.357331128036453e-05,0.1,0.19105440845046112,1.0
scaffold,spearman,t_target,knn,pub_svm,10,0.060757966945559946,0.029999194313338202,1.0,0.00012459397937640115,0.004236195298797639
scaffold,spearman,t_target,knn,pub_rf,10,0.058562358223579455,0.024533884803079324,1.0,3.5105007297815364e-05,0.0013690952846147993
scaffold,spearman,t_target,knn,pub_xgboost,10,0.029249660817045962,0.03307382732246182,0.8,0.02082668895359486,0.33314010713263964
scaffold,spearman,t_target,knn,pub_mlp,10,0.021242840178077094,0.021174341956070812,0.8,0.01132025978503647,0.20910027187033234
scaffold,spearman,t_target,knn,pub_gnn,10,-0.04985157391089778,0.04038198381360729,0.0,0.0035983574305106457,0.0863605783322555
scaffold,spearman,t_target,lgbm,chemeleon,10,0.03102521898865061,0.03518845911647266,0.9,0.02111792827503312,0.33314010713263964
scaffold,spearman,t_target,lgbm,monroe35,10,0.05116055082422968,0.04485065311864437,1.0,0.005684361687663266,0.1193715954409286
scaffold,spearman,t_target,lgbm,pub_knn,10,-0.03379534450839085,0.0525815289403659,0.1,0.07264418462705945,0.772669844028991
scaffold,spearman,t_target,lgbm,pub_svm,10,0.026977632876176643,0.035402690803231926,0.8,0.039266694222824985,0.4712003306738998
scaffold,spearman,t_target,lgbm,pub_rf,10,0.02478202415419616,0.04487413079350785,0.7,0.11469357234659297,0.9175485787727438
scaffold,spearman,t_target,lgbm,pub_xgboost,10,-0.004530673252337336,0.035990197603519014,0.4,0.6998437339746606,1.0
scaffold,spearman,t_target,lgbm,pub_mlp,10,-0.012537493891306206,0.04893764008208457,0.4,0.4387470324297609,1.0
scaffold,spearman,t_target,lgbm,pub_gnn,10,-0.08363190798028108,0.049290520932037445,0.0,0.00045304203332940837,0.013337275467251176
scaffold,spearman,t_target,chemeleon,monroe35,10,0.020135331835579067,0.031010993987245196,0.7,0.07024271309354463,0.772669844028991
scaffold,spearman,t_target,chemeleon,pub_knn,10,-0.06482056349704145,0.03235119576479743,0.0,0.00013507650842780128,0.004322448269689641
scaffold,spearman,t_target,chemeleon,pub_svm,10,-0.0040475861124739665,0.023686678467780477,0.5,0.6020551614873765,1.0
scaffold,spearman,t_target,chemeleon,pub_rf,10,-0.006243194834454452,0.030006672062303577,0.3,0.5270427749292209,1.0
scaffold,spearman,t_target,chemeleon,pub_xgboost,10,-0.035555892240987944,0.025180094289611852,0.1,0.0015651563769757187,0.03912890942439297
scaffold,spearman,t_target,chemeleon,pub_mlp,10,-0.04356271287995682,0.025619804499763477,0.1,0.0004462532737378362,0.013337275467251176
scaffold,spearman,t_target,chemeleon,pub_gnn,10,-0.11465712696893168,0.036719425675708225,0.0,3.9752315003032725e-06,0.00017888541751364726
scaffold,spearman,t_target,monroe35,pub_knn,10,-0.08495589533262052,0.0372478527725839,0.0,5.0143956355989455e-05,0.001853546181689848
scaffold,spearman,t_target,monroe35,pub_svm,10,-0.024182917948053034,0.027603148678599136,0.1,0.0217375630591775,0.33314010713263964
scaffold,spearman,t_target,monroe35,pub_rf,10,-0.02637852667003352,0.026011288269201176,0.1,0.01071164252140227,0.20910027187033234
scaffold,spearman,t_target,monroe35,pub_xgboost,10,-0.055691224076567014,0.02162082907669748,0.0,1.9161942596031757e-05,0.0008048015890333338
scaffold,spearman,t_target,monroe35,pub_mlp,10,-0.06369804471553589,0.03744165416820864,0.0,0.00044457584890837253,0.013337275467251176
scaffold,spearman,t_target,monroe35,pub_gnn,10,-0.13479245880451077,0.04376213152436661,0.0,4.452891692177346e-06,0.00019592723445580322
scaffold,spearman,t_target,pub_knn,pub_svm,10,0.060772977384567495,0.030015898912502004,1.0,0.00012488457472287708,0.004236195298797639
scaffold,spearman,t_target,pub_knn,pub_rf,10,0.058577368662587004,0.024553552155078005,1.0,3.525612358443065e-05,0.0013690952846147993
scaffold,spearman,t_target,pub_knn,pub_xgboost,10,0.02926467125605351,0.033088911163432363,0.8,0.020821256695789978,0.33314010713263964
scaffold,spearman,t_target,pub_knn,pub_mlp,10,0.02125785061708464,0.02116968944475878,0.8,0.011266907084559548,0.20910027187033234
scaffold,spearman,t_target,pub_knn,pub_gnn,10,-0.049836563471890236,0.04038981311470745,0.0,0.003608953185497426,0.0863605783322555
scaffold,spearman,t_target,pub_svm,pub_rf,10,-0.0021956087219804853,0.01853916891698483,0.4,0.7166960492108134,1.0
scaffold,spearman,t_target,pub_svm,pub_xgboost,10,-0.03150830612851398,0.018687427876497135,0.0,0.0004735471461311701,0.013337275467251176
scaffold,spearman,t_target,pub_svm,pub_mlp,10,-0.03951512676748285,0.025051733836187483,0.0,0.0007511886393657326,0.019530904623509048
scaffold,spearman,t_target,pub_svm,pub_gnn,10,-0.11060954085645773,0.03950593211224216,0.0,9.760098819710927e-06,0.0004196842492475698
scaffold,spearman,t_target,pub_rf,pub_xgboost,10,-0.029312697406533493,0.02876893383845562,0.3,0.010455013593516617,0.20910027187033234
scaffold,spearman,t_target,pub_rf,pub_mlp,10,-0.03731951804550236,0.030691402826900787,0.1,0.00393507712356646,0.08657169671846213
scaffold,spearman,t_target,pub_rf,pub_gnn,10,-0.10841393213447725,0.04826238831681631,0.0,5.6448909393895e-05,0.001975711828786325
scaffold,spearman,t_target,pub_xgboost,pub_mlp,10,-0.00800682063896887,0.029325056982837147,0.5,0.41032636338613643,1.0
scaffold,spearman,t_target,pub_xgboost,pub_gnn,10,-0.07910123472794375,0.03165135052817103,0.0,2.4397968162555853e-05,0.00100031669466479
scaffold,spearman,t_target,pub_mlp,pub_gnn,10,-0.07109441408897488,0.02937939629298991,0.0,3.151167216778466e-05,0.0012604668867113864
butina,spearman,t,knn,lgbm,50,0.06899042490958877,0.11926924895700006,0.76,0.0001600308670229031,0.005120987744732899
butina,spearman,t,knn,chemeleon,50,0.10525556210278675,0.1468792164199149,0.74,6.140672400049546e-06,0.00023334555120188273
butina,spearman,t,knn,monroe35,50,0.1256433149732753,0.15556779490832567,0.86,6.506187385503881e-07,2.8627224496217076e-05
butina,spearman,t,knn,pub_knn,50,3.942413561545843e-05,0.0002581735440484001,0.16,0.28552633197310107,1.0
butina,spearman,t,knn,pub_svm,50,0.10032495793084913,0.13372173103254023,0.78,2.6960608072231607e-06,0.00010784243228892643
butina,spearman,t,knn,pub_rf,50,0.0805376472814453,0.12099545221275984,0.76,2.0984998677987446e-05,0.0007134899550515732
butina,spearman,t,knn,pub_xgboost,50,0.0685896253569295,0.12587863613884584,0.7,0.0003395404450467922,0.009822014970128851
butina,spearman,t,knn,pub_mlp,50,0.04916500091884281,0.1375020337473289,0.58,0.014733048042391185,0.2651948647630413
butina,spearman,t,knn,pub_gnn,50,-0.014006268420887001,0.1911980342421366,0.46,0.6067940988900412,1.0
butina,spearman,t,lgbm,chemeleon,50,0.036265137193197974,0.11156589211456969,0.66,0.025839745032358058,0.4010317094953381
butina,spearman,t,lgbm,monroe35,50,0.056652890063686547,0.10996642959358419,0.72,0.0006499992055865391,0.016899979345250015
butina,spearman,t,lgbm,pub_knn,50,-0.0689510007739733,0.11933489034629333,0.24,0.00016240275948285014,0.005120987744732899
butina,spearman,t,lgbm,pub_svm,50,0.031334533021260366,0.0868710532746951,0.6,0.013930906878277199,0.2646872306872668
butina,spearman,t,lgbm,pub_rf,50,0.011547222371856528,0.07380244275030298,0.6,0.2739780527298985,1.0
butina,spearman,t,lgbm,pub_xgboost,50,-0.00040079955265928115,0.09365959244807787,0.6,0.9759831099298621,1.0
butina,spearman,t,lgbm,pub_mlp,50,-0.01982542399074596,0.1032617508807994,0.4,0.1808141541245343,1.0
butina,spearman,t,lgbm,pub_gnn,50,-0.08299669333047577,0.1860424699608435,0.32,0.0027461426949698187,0.06316128198430583
butina,spearman,t,chemeleon,monroe35,50,0.02038775287048857,0.10079981984126896,0.7,0.15900766088030208,1.0
butina,spearman,t,chemeleon,pub_knn,50,-0.1052161379671713,0.1469085993391752,0.26,6.202501768100213e-06,0.00023334555120188273
butina,spearman,t,chemeleon,pub_svm,50,-0.0049306041719376125,0.10091133042578072,0.5,0.7311991026073617,1.0
butina,spearman,t,chemeleon,pub_rf,50,-0.024717914821341457,0.11801761648026964,0.38,0.14501328294193838,1.0
butina,spearman,t,chemeleon,pub_xgboost,50,-0.03666593674585726,0.11217407926622495,0.42,0.025064481843458632,0.4010317094953381
butina,spearman,t,chemeleon,pub_mlp,50,-0.056090561183943934,0.0987899854312161,0.3,0.00020367084329062183,0.006110125298718655
butina,spearman,t,chemeleon,pub_gnn,50,-0.11926183052367374,0.15516968962500385,0.18,1.7154072208345535e-06,7.204710327505124e-05
butina,spearman,t,monroe35,pub_knn,50,-0.12560389083765983,0.15557886955360284,0.14,6.556796053994703e-07,2.8627224496217076e-05
butina,spearman,t,monroe35,pub_svm,50,-0.025318357042426177,0.09890237043496972,0.38,0.07640759373919162,0.993298718609491
butina,spearman,t,monroe35,pub_rf,50,-0.04510566769183002,0.10853487179165315,0.38,0.005014891222272928,0.11032760689000441
butina,spearman,t,monroe35,pub_xgboost,50,-0.05705368961634583,0.11701639697140079,0.26,0.0011706656279585597,0.029266640698963994
butina,spearman,t,monroe35,pub_mlp,50,-0.07647831405443252,0.09993520496814547,0.24,1.861607033270461e-06,7.63258883640889e-05
butina,spearman,t,monroe35,pub_gnn,50,-0.1396495833941623,0.16037299476105518,0.18,1.3384765563260885e-07,6.023144503467398e-06
butina,spearman,t,pub_knn,pub_svm,50,0.10028553379523367,0.13374905705610365,0.78,2.72593271137202e-06,0.00010784243228892643
butina,spearman,t,pub_knn,pub_rf,50,0.08049822314582984,0.12103332697599792,0.76,2.125388999048755e-05,0.0007134899550515732
butina,spearman,t,pub_knn,pub_xgboost,50,0.06855020122131403,0.12590109442660102,0.7,0.0003426375976687438,0.009822014970128851
butina,spearman,t,pub_knn,pub_mlp,50,0.04912557678322736,0.1375163001858447,0.58,0.014818013778228764,0.2651948647630413
butina,spearman,t,pub_knn,pub_gnn,50,-0.014045692556502459,0.1911924461725884,0.46,0.6057742693194383,1.0
butina,spearman,t,pub_svm,pub_rf,50,-0.01978731064940384,0.08540542521325944,0.34,0.10777115004236723,1.0
butina,spearman,t,pub_svm,pub_xgboost,50,-0.031735332573919646,0.08704233223279667,0.32,0.012992175391672738,0.2598435078334548
butina,spearman,t,pub_svm,pub_mlp,50,-0.05115995701200632,0.07530719700280084,0.28,1.511273561743254e-05,0.0005289457466101389
butina,spearman,t,pub_svm,pub_gnn,50,-0.11433122635173612,0.1652048551759697,0.24,1.113271304245664e-05,0.00040077766952843904
butina,spearman,t,pub_rf,pub_xgboost,50,-0.011948021924515813,0.08636908098958261,0.42,0.332785892694864,1.0
butina,spearman,t,pub_rf,pub_mlp,50,-0.03137264636260249,0.09741079869228048,0.28,0.027167027412846965,0.4010317094953381
butina,spearman,t,pub_rf,pub_gnn,50,-0.09454391570233231,0.17347500287370016,0.28,0.0003386901713837535,0.009822014970128851
butina,spearman,t,pub_xgboost,pub_mlp,50,-0.01942462443808668,0.10471501155065747,0.36,0.19573998548739516,1.0
butina,spearman,t,pub_xgboost,pub_gnn,50,-0.0825958937778165,0.1748016057773319,0.32,0.0016027348839948619,0.03846563721587669
butina,spearman,t,pub_mlp,pub_gnn,50,-0.0631712693397298,0.1688796943105128,0.36,0.01094665228452297,0.2298796979749824
butina,spearman,wilcoxon,knn,lgbm,50,0.06899042490958877,0.11926924895700006,0.76,0.00017022784864551,0.00544729115665632
butina,spearman,wilcoxon,knn,chemeleon,50,0.10525556210278675,0.1468792164199149,0.74,3.801371960321376e-06,0.00014445213449221228
butina,spearman,wilcoxon,knn,monroe35,50,0.1256433149732753,0.15556779490832567,0.86,2.649707155910619e-07,1.1658711486006723e-05
butina,spearman,wilcoxon,knn,pub_knn,50,3.942413561545843e-05,0.0002581735440484001,0.16,0.7368753708069717,1.0
butina,spearman,wilcoxon,knn,pub_svm,50,0.10032495793084913,0.13372173103254023,0.78,8.237842195057965e-07,3.459893721924345e-05
butina,spearman,wilcoxon,knn,pub_rf,50,0.0805376472814453,0.12099545221275984,0.76,2.0810681753857807e-05,0.0007283738613850232
butina,spearman,wilcoxon,knn,pub_xgboost,50,0.0685896253569295,0.12587863613884584,0.7,0.0003378810943459598,0.009122789547340915
butina,spearman,wilcoxon,knn,pub_mlp,50,0.04916500091884281,0.1375020337473289,0.58,0.019067043399514816,0.30507269439223705
butina,spearman,wilcoxon,knn,pub_gnn,50,-0.014006268420887001,0.1911980342421366,0.46,0.5852066143769612,1.0
butina,spearman,wilcoxon,lgbm,chemeleon,50,0.036265137193197974,0.11156589211456969,0.66,0.055465717070337206,0.5546571707033721
butina,spearman,wilcoxon,lgbm,monroe35,50,0.056652890063686547,0.10996642959358419,0.72,0.0004153236253312542,0.010383090633281356
butina,spearman,wilcoxon,lgbm,pub_knn,50,-0.0689510007739733,0.11933489034629333,0.24,0.00017022784864551,0.00544729115665632
butina,spearman,wilcoxon,lgbm,pub_svm,50,0.031334533021260366,0.0868710532746951,0.6,0.00784436585604098,0.1568873171208196
butina,spearman,wilcoxon,lgbm,pub_rf,50,0.011547222371856528,0.07380244275030298,0.6,0.10737600575610173,0.8590080460488139
butina,spearman,wilcoxon,lgbm,pub_xgboost,50,-0.00040079955265928115,0.09365959244807787,0.6,0.3422827758111566,1.0
butina,spearman,wilcoxon,lgbm,pub_mlp,50,-0.01982542399074596,0.1032617508807994,0.4,0.1329605561585705,0.9307238931099935
butina,spearman,wilcoxon,lgbm,pub_gnn,50,-0.08299669333047577,0.1860424699608435,0.32,0.0021224348550905603,0.04881600166708289
butina,spearman,wilcoxon,chemeleon,monroe35,50,0.02038775287048857,0.10079981984126896,0.7,0.020120643634562896,0.30507269439223705
butina,spearman,wilcoxon,chemeleon,pub_knn,50,-0.1052161379671713,0.1469085993391752,0.26,3.801371960321376e-06,0.00014445213449221228
butina,spearman,wilcoxon,chemeleon,pub_svm,50,-0.0049306041719376125,0.10091133042578072,0.5,0.6736344940466168,1.0
butina,spearman,wilcoxon,chemeleon,pub_rf,50,-0.024717914821341457,0.11801761648026964,0.38,0.07082612042920822,0.637435083862874
butina,spearman,wilcoxon,chemeleon,pub_xgboost,50,-0.03666593674585726,0.11217407926622495,0.42,0.040940454006349825,0.45698047263631025
butina,spearman,wilcoxon,chemeleon,pub_mlp,50,-0.056090561183943934,0.0987899854312161,0.3,0.0002738644978439453,0.007942070437474413
butina,spearman,wilcoxon,chemeleon,pub_gnn,50,-0.11926183052367374,0.15516968962500385,0.18,8.784112139892386e-07,3.5136448559569544e-05
butina,spearman,wilcoxon,monroe35,pub_knn,50,-0.12560389083765983,0.15557886955360284,0.14,2.649707155910619e-07,1.1658711486006723e-05
butina,spearman,wilcoxon,monroe35,pub_svm,50,-0.025318357042426177,0.09890237043496972,0.38,0.012568191503659065,0.22622744706586317
butina,spearman,wilcoxon,monroe35,pub_rf,50,-0.04510566769183002,0.10853487179165315,0.38,0.008587735636506721,0.1631669770936277
butina,spearman,wilcoxon,monroe35,pub_xgboost,50,-0.05705368961634583,0.11701639697140079,0.26,0.0002409992117797799,0.007229976353393397
butina,spearman,wilcoxon,monroe35,pub_mlp,50,-0.07647831405443252,0.09993520496814547,0.24,2.2310435863204248e-06,8.701069986649657e-05
butina,spearman,wilcoxon,monroe35,pub_gnn,50,-0.1396495833941623,0.16037299476105518,0.18,3.623269506647375e-08,1.6304712779913189e-06
butina,spearman,wilcoxon,pub_knn,pub_svm,50,0.10028553379523367,0.13374905705610365,0.78,8.237842195057965e-07,3.459893721924345e-05
butina,spearman,wilcoxon,pub_knn,pub_rf,50,0.08049822314582984,0.12103332697599792,0.76,2.0810681753857807e-05,0.0007283738613850232
butina,spearman,wilcoxon,pub_knn,pub_xgboost,50,0.06855020122131403,0.12590109442660102,0.7,0.0003378810943459598,0.009122789547340915
butina,spearman,wilcoxon,pub_knn,pub_mlp,50,0.04912557678322736,0.1375163001858447,0.58,0.019067043399514816,0.30507269439223705
butina,spearman,wilcoxon,pub_knn,pub_gnn,50,-0.014045692556502459,0.1911924461725884,0.46,0.5852066143769612,1.0
butina,spearman,wilcoxon,pub_svm,pub_rf,50,-0.01978731064940384,0.08540542521325944,0.34,0.038081706053025854,0.45698047263631025
butina,spearman,wilcoxon,pub_svm,pub_xgboost,50,-0.031735332573919646,0.08704233223279667,0.32,0.0013800985654270903,0.03312236557025017
butina,spearman,wilcoxon,pub_svm,pub_mlp,50,-0.05115995701200632,0.07530719700280084,0.28,2.5552926345540072e-05,0.0008432465694028224
butina,spearman,wilcoxon,pub_svm,pub_gnn,50,-0.11433122635173612,0.1652048551759697,0.24,1.1033688904760197e-05,0.0003972128005713671
butina,spearman,wilcoxon,pub_rf,pub_xgboost,50,-0.011948021924515813,0.08636908098958261,0.42,0.2695104487517437,1.0
butina,spearman,wilcoxon,pub_rf,pub_mlp,50,-0.03137264636260249,0.09741079869228048,0.28,0.0037864469724659955,0.0795153864217859
butina,spearman,wilcoxon,pub_rf,pub_gnn,50,-0.09454391570233231,0.17347500287370016,0.28,0.00029800364072762875,0.008344101940373605
butina,spearman,wilcoxon,pub_xgboost,pub_mlp,50,-0.01942462443808668,0.10471501155065747,0.36,0.025500083179634814,0.3315010813352526
butina,spearman,wilcoxon,pub_xgboost,pub_gnn,50,-0.0825958937778165,0.1748016057773319,0.32,0.002525686043762576,0.055565092962776674
butina,spearman,wilcoxon,pub_mlp,pub_gnn,50,-0.0631712693397298,0.1688796943105128,0.36,0.014479791748943427,0.24615645973203826
butina,spearman,t_target,knn,lgbm,10,0.06899042490958877,0.07155707355967825,0.8,0.013818559230079354,0.38749542998210884
butina,spearman,t_target,knn,chemeleon,10,0.10525556210278672,0.08374479459328732,0.9,0.0032323539928927635,0.12650802570096129
butina,spearman,t_target,knn,monroe35,10,0.12564331497327533,0.07841297170917014,1.0,0.0006746015918903954,0.029007868451287
butina,spearman,t_target,knn,pub_knn,10,3.942413561546232e-05,0.00011467397193317182,0.5,0.3052187993066961,1.0
butina,spearman,t_target,knn,pub_svm,10,0.10032495793084913,0.0843460774388399,0.9,0.004475667132648263,0.1566483496426892
butina,spearman,t_target,knn,pub_rf,10,0.08053764728144529,0.06384683694643672,0.9,0.003162700642524032,0.12650802570096129
butina,spearman,t_target,knn,pub_xgboost,10,0.06858962535692947,0.07065972281149556,0.9,0.013361911378693409,0.38749542998210884
butina,spearman,t_target,knn,pub_mlp,10,0.04916500091884281,0.07306856373147645,0.7,0.06224629649688023,1.0
butina,spearman,t_target,knn,pub_gnn,10,-0.014006268420887003,0.10609490850761519,0.4,0.6861157133678116,1.0
butina,spearman,t_target,lgbm,chemeleon,10,0.03626513719319797,0.05951100994317892,0.7,0.08607919449134598,1.0
butina,spearman,t_target,lgbm,monroe35,10,0.056652890063686547,0.05949658449467786,0.9,0.014688837992570451,0.38749542998210884
butina,spearman,t_target,lgbm,pub_knn,10,-0.06895100077397331,0.07163297398770463,0.2,0.013930149475242248,0.38749542998210884
butina,spearman,t_target,lgbm,pub_svm,10,0.03133453302126036,0.04798199265902714,0.8,0.0689067088861466,1.0
butina,spearman,t_target,lgbm,pub_rf,10,0.011547222371856524,0.0488059653259371,0.6,0.4734497462753254,1.0
butina,spearman,t_target,lgbm,pub_xgboost,10,-0.0004007995526593033,0.03126526041863392,0.6,0.9685490456502845,1.0
butina,spearman,t_target,lgbm,pub_mlp,10,-0.019825423990745966,0.04694035750381095,0.4,0.21447131159616065,1.0
butina,spearman,t_target,lgbm,pub_gnn,10,-0.08299669333047577,0.12371955879134443,0.3,0.06289443614688162,1.0
butina,spearman,t_target,chemeleon,monroe35,10,0.020387752870488572,0.037464487806721736,0.8,0.11938149262014386,1.0
butina,spearman,t_target,chemeleon,pub_knn,10,-0.10521613796717126,0.08381761992312338,0.1,0.0032565992786168277,0.12650802570096129
butina,spearman,t_target,chemeleon,pub_svm,10,-0.004930604171937608,0.06617632452231872,0.5,0.8190076899192968,1.0
butina,spearman,t_target,chemeleon,pub_rf,10,-0.02471791482134144,0.0654230840460969,0.4,0.26271505020475205,1.0
butina,spearman,t_target,chemeleon,pub_xgboost,10,-0.03666593674585727,0.06771190631763245,0.3,0.12098309056823389,1.0
butina,spearman,t_target,chemeleon,pub_mlp,10,-0.056090561183943934,0.05067336941846435,0.1,0.00671994042089336,0.22175803388948087
butina,spearman,t_target,chemeleon,pub_gnn,10,-0.11926183052367376,0.09648524794532698,0.1,0.003571408205967656,0.12857069541483562
butina,spearman,t_target,monroe35,pub_knn,10,-0.12560389083765985,0.07846588324546386,0.0,0.0006791947281675272,0.029007868451287
butina,spearman,t_target,monroe35,pub_svm,10,-0.02531835704242618,0.05387435385822864,0.3,0.17141356227554203,1.0
butina,spearman,t_target,monroe35,pub_rf,10,-0.04510566769183001,0.0518116658371948,0.2,0.022367395034906486,0.5368174808377557
butina,spearman,t_target,monroe35,pub_xgboost,10,-0.05705368961634585,0.05284413998057173,0.1,0.007698460965208786,0.23865228992147236
butina,spearman,t_target,monroe35,pub_mlp,10,-0.0764783140544325,0.03970137872143587,0.0,0.00018107745626195487,0.008148485531787968
butina,spearman,t_target,monroe35,pub_gnn,10,-0.13964958339416234,0.08435266219390376,0.0,0.0005381230038547585,0.023677412169609374
butina,spearman,t_target,pub_knn,pub_svm,10,0.10028553379523368,0.08440624384263705,0.9,0.00450443709942605,0.1566483496426892
butina,spearman,t_target,pub_knn,pub_rf,10,0.08049822314582984,0.0638733178567753,0.9,0.0031799717348165325,0.12650802570096129
butina,spearman,t_target,pub_knn,pub_xgboost,10,0.06855020122131401,0.07073018486177064,0.9,0.01346643163160776,0.38749542998210884
butina,spearman,t_target,pub_knn,pub_mlp,10,0.04912557678322735,0.07310879817946997,0.7,0.0625379376909159,1.0
butina,spearman,t_target,pub_knn,pub_gnn,10,-0.014045692556502464,0.10610934584625661,0.4,0.6853275249660171,1.0
butina,spearman,t_target,pub_svm,pub_rf,10,-0.01978731064940383,0.0414712150187027,0.2,0.16561860679442017,1.0
butina,spearman,t_target,pub_svm,pub_xgboost,10,-0.03173533257391966,0.03853044233780362,0.2,0.028522787003526708,0.6275013140775876
butina,spearman,t_target,pub_svm,pub_mlp,10,-0.05115995701200633,0.03798669436634709,0.2,0.0021145321631777752,0.08669581869028878
butina,spearman,t_target,pub_svm,pub_gnn,10,-0.11433122635173616,0.10610907692105039,0.0,0.00778262840093061,0.23865228992147236
butina,spearman,t_target,pub_rf,pub_xgboost,10,-0.011948021924515828,0.044958678913668365,0.5,0.4224519147128685,1.0
butina,spearman,t_target,pub_rf,pub_mlp,10,-0.031372646362602494,0.028588602204447557,0.1,0.0070462137746666815,0.2254788407893338
butina,spearman,t_target,pub_rf,pub_gnn,10,-0.09454391570233231,0.11010776480140562,0.2,0.02379069167831471,0.5471859086012383
butina,spearman,t_target,pub_xgboost,pub_mlp,10,-0.019424624438086662,0.04586962866872747,0.5,0.21335968899814328,1.0
butina,spearman,t_target,pub_xgboost,pub_gnn,10,-0.08259589377781648,0.11277927305805194,0.3,0.04578838622690348,0.9615561107649732
butina,spearman,t_target,pub_mlp,pub_gnn,10,-0.0631712693397298,0.0937384540245802,0.3,0.06191167974971038,1.0
diverse_25,spearman,t,knn,lgbm,50,0.03959409933968468,0.12207894471293396,0.58,0.026155610712678322,0.44464538211553145
diverse_25,spearman,t,knn,chemeleon,50,0.052479182084835756,0.11825818865705837,0.64,0.002878698789919393,0.06333137337822665
diverse_25,spearman,t,knn,monroe35,50,0.10024540823149121,0.10591243252625313,0.86,1.9857104524972876e-08,6.751415538490778e-07
diverse_25,spearman,t,knn,pub_knn,50,0.003898499636278754,0.0789675820112029,0.56,0.7285197149730565,1.0
diverse_25,spearman,t,knn,pub_svm,50,0.05194698346084067,0.10836304788724033,0.68,0.0013896605738736635,0.033351853772967927
diverse_25,spearman,t,knn,pub_rf,50,0.06319959413770922,0.09253200575663767,0.76,1.3843981583463473e-05,0.00042916342908736767
diverse_25,spearman,t,knn,pub_xgboost,50,0.006069575988133415,0.09979680123286798,0.56,0.6690391855154437,1.0
diverse_25,spearman,t,knn,pub_mlp,50,0.027508224363195933,0.12553377291540826,0.5,0.12770080664460037,1.0
diverse_25,spearman,t,knn,pub_gnn,50,-0.2238625078045382,0.1842501383935408,0.08,2.4168402892558927e-11,9.42567712809798e-10
diverse_25,spearman,t,lgbm,chemeleon,50,0.012885082745151105,0.11163662274465189,0.62,0.4183691267591911,1.0
diverse_25,spearman,t,lgbm,monroe35,50,0.060651308891806546,0.08252718044830192,0.78,3.9271140833041615e-06,0.00012959476474903734
diverse_25,spearman,t,lgbm,pub_knn,50,-0.03569559970340592,0.10719916077355861,0.36,0.02259638552917588,0.42933132505434174
diverse_25,spearman,t,lgbm,pub_svm,50,0.012352884121155998,0.10925918034600228,0.54,0.42788368997262144,1.0
diverse_25,spearman,t,lgbm,pub_rf,50,0.02360549479802455,0.08212157181731328,0.58,0.04753601232921162,0.7130401849381742
diverse_25,spearman,t,lgbm,pub_xgboost,50,-0.033524523351551254,0.10347343288808857,0.28,0.02630530382301556,0.44464538211553145
diverse_25,spearman,t,lgbm,pub_mlp,50,-0.012085874976488737,0.13196541083455937,0.42,0.5202702015010884,1.0
diverse_25,spearman,t,lgbm,pub_gnn,50,-0.2634566071442229,0.2157954506081161,0.06,2.092676516655362e-11,8.370706066621448e-10
diverse_25,spearman,t,chemeleon,monroe35,50,0.04776622614665544,0.0897652954483576,0.68,0.0004497196293595876,0.012592149622068453
diverse_25,spearman,t,chemeleon,pub_knn,50,-0.04858068244855701,0.10229577443517833,0.34,0.0015252217546870045,0.035080100357801104
diverse_25,spearman,t,chemeleon,pub_svm,50,-0.000532198623995106,0.11370294826785655,0.5,0.9737317856695787,1.0
diverse_25,spearman,t,chemeleon,pub_rf,50,0.010720412052873447,0.10386004963240081,0.5,0.46894219842315554,1.0
diverse_25,spearman,t,chemeleon,pub_xgboost,50,-0.04640960609670235,0.10994857964419238,0.3,0.004418586637194346,0.08837173274388693
diverse_25,spearman,t,chemeleon,pub_mlp,50,-0.024970957721639837,0.12235430751785742,0.36,0.15535088531293287,1.0
diverse_25,spearman,t,chemeleon,pub_gnn,50,-0.276341689889374,0.20544374731860215,0.08,1.0341460121674279e-12,4.44682785231994e-11
diverse_25,spearman,t,monroe35,pub_knn,50,-0.09634690859521249,0.08210090072531108,0.16,6.714808817012531e-11,2.4844792622946363e-09
diverse_25,spearman,t,monroe35,pub_svm,50,-0.04829842477065054,0.09312708045872167,0.38,0.0006033446872259565,0.015083617180648913
diverse_25,spearman,t,monroe35,pub_rf,50,-0.03704581409378199,0.08606595986939976,0.32,0.003752371983392482,0.07879981165124213
diverse_25,spearman,t,monroe35,pub_xgboost,50,-0.09417583224335781,0.08713990189840767,0.2,6.764120168758982e-10,2.4350832607532337e-08
diverse_25,spearman,t,monroe35,pub_mlp,50,-0.0727371838682953,0.11724039488080684,0.28,6.094623018856516e-05,0.0017674406754683897
diverse_25,spearman,t,monroe35,pub_gnn,50,-0.3241079160360295,0.1969589970951333,0.04,1.0416189913947662e-15,4.687285461276448e-14
diverse_25,spearman,t,pub_knn,pub_svm,50,0.04804848382456192,0.09158072497485582,0.7,0.0005293457721967972,0.0142197600263807
diverse_25,spearman,t,pub_knn,pub_rf,50,0.059301094501430465,0.0834950492026963,0.8,7.170576960215109e-06,0.0002294584627268835
diverse_25,spearman,t,pub_knn,pub_xgboost,50,0.002171076351854662,0.09228826050481223,0.52,0.8685687999463024,1.0
diverse_25,spearman,t,pub_knn,pub_mlp,50,0.02360972472691717,0.12197543976801019,0.62,0.17734020326961508,1.0
diverse_25,spearman,t,pub_knn,pub_gnn,50,-0.22776100744081698,0.21574515329032626,0.16,1.2677692951400257e-09,4.43719253299009e-08
diverse_25,spearman,t,pub_svm,pub_rf,50,0.011252610676868552,0.07665935400943101,0.5,0.30439197968973336,1.0
diverse_25,spearman,t,pub_svm,pub_xgboost,50,-0.04587740747270726,0.08740367475478539,0.26,0.0005266577787548407,0.0142197600263807
diverse_25,spearman,t,pub_svm,pub_mlp,50,-0.024438759097644737,0.08608994232881331,0.44,0.0502502161346297,0.7130401849381742
diverse_25,spearman,t,pub_svm,pub_gnn,50,-0.2758094912653789,0.21101265592688737,0.1,2.573776239373454e-12,1.0809860205368507e-10
diverse_25,spearman,t,pub_rf,pub_xgboost,50,-0.057130018149575815,0.08605845149386089,0.24,2.1891380189337407e-05,0.0006567414056801223
diverse_25,spearman,t,pub_rf,pub_mlp,50,-0.03569136977451329,0.10736890976169965,0.46,0.0228151732948823,0.42933132505434174
diverse_25,spearman,t,pub_rf,pub_gnn,50,-0.2870621019422474,0.20438304424592074,0.04,2.5276627751704524e-13,1.112171621074999e-11
diverse_25,spearman,t,pub_xgboost,pub_mlp,50,0.021438648375062517,0.09518178366052296,0.54,0.11766321875158843,1.0
diverse_25,spearman,t,pub_xgboost,pub_gnn,50,-0.22993208379267166,0.19562741184303503,0.06,6.416367793424417e-11,2.4382197615012787e-09
diverse_25,spearman,t,pub_mlp,pub_gnn,50,-0.25137073216773415,0.19448060950791643,0.12,3.656249661163888e-12,1.4990623610771942e-10
diverse_25,spearman,wilcoxon,knn,lgbm,50,0.03959409933968468,0.12207894471293396,0.58,0.01407853473248366,0.23933509045222223
diverse_25,spearman,wilcoxon,knn,chemeleon,50,0.052479182084835756,0.11825818865705837,0.64,0.0069413795797625966,0.13882759159525193
diverse_25,spearman,wilcoxon,knn,monroe35,50,0.10024540823149121,0.10591243252625313,0.86,1.260182003193222e-08,4.284618810856955e-07
diverse_25,spearman,wilcoxon,knn,pub_knn,50,0.003898499636278754,0.0789675820112029,0.56,0.8482444441392172,1.0
diverse_25,spearman,wilcoxon,knn,pub_svm,50,0.05194698346084067,0.10836304788724033,0.68,0.002614123910062105,0.060124849931428415
diverse_25,spearman,wilcoxon,knn,pub_rf,50,0.06319959413770922,0.09253200575663767,0.76,1.9760169596594324e-05,0.000612565257494424
diverse_25,spearman,wilcoxon,knn,pub_xgboost,50,0.006069575988133415,0.09979680123286798,0.56,0.5984627102635613,1.0
diverse_25,spearman,wilcoxon,knn,pub_mlp,50,0.027508224363195933,0.12553377291540826,0.5,0.21148488261323095,1.0
diverse_25,spearman,wilcoxon,knn,pub_gnn,50,-0.2238625078045382,0.1842501383935408,0.08,2.994404724177002e-11,1.1678178424290309e-09
diverse_25,spearman,wilcoxon,lgbm,chemeleon,50,0.012885082745151105,0.11163662274465189,0.62,0.24122024636948858,1.0
diverse_25,spearman,wilcoxon,lgbm,monroe35,50,0.060651308891806546,0.08252718044830192,0.78,5.070202146129077e-06,0.00016731667082225954
diverse_25,spearman,wilcoxon,lgbm,pub_knn,50,-0.03569559970340592,0.10719916077355861,0.36,0.012568191503659065,0.22622744706586317
diverse_25,spearman,wilcoxon,lgbm,pub_svm,50,0.012352884121155998,0.10925918034600228,0.54,0.4843032319103049,1.0
diverse_25,spearman,wilcoxon,lgbm,pub_rf,50,0.02360549479802455,0.08212157181731328,0.58,0.13549845162767582,1.0
diverse_25,spearman,wilcoxon,lgbm,pub_xgboost,50,-0.033524523351551254,0.10347343288808857,0.28,0.007380741603101981,0.14023409045893764
diverse_25,spearman,wilcoxon,lgbm,pub_mlp,50,-0.012085874976488737,0.13196541083455937,0.42,0.2954728324166016,1.0
diverse_25,spearman,wilcoxon,lgbm,pub_gnn,50,-0.2634566071442229,0.2157954506081161,0.06,4.9604764740251994e-11,1.8849810601295758e-09
diverse_25,spearman,wilcoxon,chemeleon,monroe35,50,0.04776622614665544,0.0897652954483576,0.68,0.0011230364884825734,0.029198948700546908
diverse_25,spearman,wilcoxon,chemeleon,pub_knn,50,-0.04858068244855701,0.10229577443517833,0.34,0.001715436079566146,0.04288590198915365
diverse_25,spearman,wilcoxon,chemeleon,pub_svm,50,-0.000532198623995106,0.11370294826785655,0.5,0.9313837099567692,1.0
diverse_25,spearman,wilcoxon,chemeleon,pub_rf,50,0.010720412052873447,0.10386004963240081,0.5,0.7521534307154649,1.0
diverse_25,spearman,wilcoxon,chemeleon,pub_xgboost,50,-0.04640960609670235,0.10994857964419238,0.3,0.002896310240339872,0.06371882528747719
diverse_25,spearman,wilcoxon,chemeleon,pub_mlp,50,-0.024970957721639837,0.12235430751785742,0.36,0.06930163067169381,1.0
diverse_25,spearman,wilcoxon,chemeleon,pub_gnn,50,-0.276341689889374,0.20544374731860215,0.08,2.6343371928305714e-12,1.10642162098884e-10
diverse_25,spearman,wilcoxon,monroe35,pub_knn,50,-0.09634690859521249,0.08210090072531108,0.16,2.5226754019058717e-10,9.081631446861138e-09
diverse_25,spearman,wilcoxon,monroe35,pub_svm,50,-0.04829842477065054,0.09312708045872167,0.38,0.0017779629774352657,0.04288590198915365
diverse_25,spearman,wilcoxon,monroe35,pub_rf,50,-0.03704581409378199,0.08606595986939976,0.32,0.004757046552823496,0.09989797760929342
diverse_25,spearman,wilcoxon,monroe35,pub_xgboost,50,-0.09417583224335781,0.08713990189840767,0.2,6.917133532624575e-09,2.4209967364186014e-07
diverse_25,spearman,wilcoxon,monroe35,pub_mlp,50,-0.0727371838682953,0.11724039488080684,0.28,9.468707561843814e-05,0.002745925192934706
diverse_25,spearman,wilcoxon,monroe35,pub_gnn,50,-0.3241079160360295,0.1969589970951333,0.04,2.4868995751603507e-14,1.1191048088221578e-12
diverse_25,spearman,wilcoxon,pub_knn,pub_svm,50,0.04804848382456192,0.09158072497485582,0.7,0.0007549339759211904,0.02038321734987214
diverse_25,spearman,wilcoxon,pub_knn,pub_rf,50,0.059301094501430465,0.0834950492026963,0.8,5.367254770405339e-06,0.00017175215265297084
diverse_25,spearman,wilcoxon,pub_knn,pub_xgboost,50,0.002171076351854662,0.09228826050481223,0.52,0.7018365959451138,1.0
diverse_25,spearman,wilcoxon,pub_knn,pub_mlp,50,0.02360972472691717,0.12197543976801019,0.62,0.16888071753563239,1.0
diverse_25,spearman,wilcoxon,pub_knn,pub_gnn,50,-0.22776100744081698,0.21574515329032626,0.16,1.8094681308866711e-10,6.695032084280683e-09
diverse_25,spearman,wilcoxon,pub_svm,pub_rf,50,0.011252610676868552,0.07665935400943101,0.5,0.43191110415215306,1.0
diverse_25,spearman,wilcoxon,pub_svm,pub_xgboost,50,-0.04587740747270726,0.08740367475478539,0.26,0.00017022784864551,0.00476637976207428
diverse_25,spearman,wilcoxon,pub_svm,pub_mlp,50,-0.024438759097644737,0.08608994232881331,0.44,0.10525460779046192,1.0
diverse_25,spearman,wilcoxon,pub_svm,pub_gnn,50,-0.2758094912653789,0.21101265592688737,0.1,7.94031507211912e-13,3.4143354810112214e-11
diverse_25,spearman,wilcoxon,pub_rf,pub_xgboost,50,-0.057130018149575815,0.08605845149386089,0.24,2.5552926345540072e-05,0.0007665877903662022
diverse_25,spearman,wilcoxon,pub_rf,pub_mlp,50,-0.03569136977451329,0.10736890976169965,0.46,0.02122367163684835,0.3395787461895736
diverse_25,spearman,wilcoxon,pub_rf,pub_gnn,50,-0.2870621019422474,0.20438304424592074,0.04,1.2434497875801753e-13,5.4711790653527714e-12
diverse_25,spearman,wilcoxon,pub_xgboost,pub_mlp,50,0.021438648375062517,0.09518178366052296,0.54,0.15714035289247086,1.0
diverse_25,spearman,wilcoxon,pub_xgboost,pub_gnn,50,-0.22993208379267166,0.19562741184303503,0.06,2.3080204414327454e-11,9.232081765730982e-10
diverse_25,spearman,wilcoxon,pub_mlp,pub_gnn,50,-0.25137073216773415,0.19448060950791643,0.12,6.616929226765933e-12,2.7129409829740325e-10
diverse_25,spearman,t_target,knn,lgbm,10,0.03959409933968468,0.06762607820599129,0.8,0.09712377627879856,1.0
diverse_25,spearman,t_target,knn,chemeleon,10,0.0524791820848358,0.06845258315197993,0.9,0.03833549393269323,0.7168621775872644
diverse_25,spearman,t_target,knn,monroe35,10,0.10024540823149124,0.044178216440800736,1.0,5.219464976953209e-05,0.002192175290320348
diverse_25,spearman,t_target,knn,pub_knn,10,0.0038984996362787573,0.03414513176600628,0.6,0.7263910775798756,1.0
diverse_25,spearman,t_target,knn,pub_svm,10,0.05194698346084066,0.06579957865028961,0.9,0.034055032462386836,0.6811006492477367
diverse_25,spearman,t_target,knn,pub_rf,10,0.06319959413770922,0.06460172957555292,0.9,0.01285366404113456,0.33419526506949854
diverse_25,spearman,t_target,knn,pub_xgboost,10,0.006069575988133402,0.04779237263447173,0.6,0.6973435234373585,1.0
diverse_25,spearman,t_target,knn,pub_mlp,10,0.027508224363195923,0.05897590905555862,0.7,0.1743186684080769,1.0
diverse_25,spearman,t_target,knn,pub_gnn,10,-0.22386250780453826,0.12010217631275892,0.0,0.00023070294525171084,0.008766711919565011
diverse_25,spearman,t_target,lgbm,chemeleon,10,0.012885082745151127,0.06385542482796462,0.7,0.5393025520011675,1.0
diverse_25,spearman,t_target,lgbm,monroe35,10,0.06065130889180655,0.04697432281304202,0.8,0.0027456405290753397,0.08511485640133554
diverse_25,spearman,t_target,lgbm,pub_knn,10,-0.03569559970340592,0.048673305662785084,0.2,0.04555113760706767,0.7743693393201504
diverse_25,spearman,t_target,lgbm,pub_svm,10,0.012352884121155988,0.03641678214078312,0.7,0.3113370052465956,1.0
diverse_25,spearman,t_target,lgbm,pub_rf,10,0.02360549479802454,0.025942122924046716,0.8,0.018253746486947577,0.4015824227128467
diverse_25,spearman,t_target,lgbm,pub_xgboost,10,-0.033524523351551275,0.03572854301325878,0.2,0.015773894905301067,0.39434737263252667
diverse_25,spearman,t_target,lgbm,pub_mlp,10,-0.012085874976488753,0.04238822332632635,0.4,0.39073903600460197,1.0
diverse_25,spearman,t_target,lgbm,pub_gnn,10,-0.2634566071442229,0.1488874454736854,0.0,0.00033613714436997043,0.012100937197318935
diverse_25,spearman,t_target,chemeleon,monroe35,10,0.04776622614665542,0.04801801070212204,0.8,0.011819140553865237,0.3191167949543614
diverse_25,spearman,t_target,chemeleon,pub_knn,10,-0.048580682448557046,0.05254192599525631,0.2,0.01692500516863177,0.39434737263252667
diverse_25,spearman,t_target,chemeleon,pub_svm,10,-0.0005321986239951393,0.05992331829001354,0.3,0.9782070885581906,1.0
diverse_25,spearman,t_target,chemeleon,pub_rf,10,0.010720412052873413,0.07346453016387393,0.3,0.65541887077736,1.0
diverse_25,spearman,t_target,chemeleon,pub_xgboost,10,-0.0464096060967024,0.06029399727167339,0.3,0.03772958829406655,0.7168621775872644
diverse_25,spearman,t_target,chemeleon,pub_mlp,10,-0.024970957721639882,0.04804478446478534,0.2,0.13467755981932503,1.0
diverse_25,spearman,t_target,chemeleon,pub_gnn,10,-0.276341689889374,0.1432574897889226,0.0,0.00017924685504182606,0.006990627346631216
diverse_25,spearman,t_target,monroe35,pub_knn,10,-0.09634690859521247,0.03301394386129706,0.0,6.950379090301328e-06,0.00030581667997325846
diverse_25,spearman,t_target,monroe35,pub_svm,10,-0.048298424770650564,0.04674130094440905,0.1,0.009719543888267077,0.28186677275974525
diverse_25,spearman,t_target,monroe35,pub_rf,10,-0.037045814093782006,0.055695486756830365,0.2,0.06476133477780666,1.0
diverse_25,spearman,t_target,monroe35,pub_xgboost,10,-0.09417583224335782,0.030025989188009784,0.0,3.830585620314402e-06,0.0001723763529141481
diverse_25,spearman,t_target,monroe35,pub_mlp,10,-0.07273718386829531,0.044218719961238155,0.0,0.0005627315372118497,0.01913287226520289
diverse_25,spearman,t_target,monroe35,pub_gnn,10,-0.3241079160360295,0.1317665400385388,0.0,2.7687346484912733e-05,0.0011905558988512476
diverse_25,spearman,t_target,pub_knn,pub_svm,10,0.04804848382456191,0.05148513437802988,0.9,0.01618947418307276,0.39434737263252667
diverse_25,spearman,t_target,pub_knn,pub_rf,10,0.059301094501430465,0.04967368210816284,0.9,0.004381462441777949,0.13144387325333848
diverse_25,spearman,t_target,pub_knn,pub_xgboost,10,0.002171076351854645,0.03009303810483089,0.4,0.824633337108733,1.0
diverse_25,spearman,t_target,pub_knn,pub_mlp,10,0.023609724726917164,0.0477253538944965,0.6,0.15216763857798682,1.0
diverse_25,spearman,t_target,pub_knn,pub_gnn,10,-0.227761007440817,0.14018116495593635,0.0,0.0006129858881507869,0.020228534308975966
diverse_25,spearman,t_target,pub_svm,pub_rf,10,0.011252610676868552,0.042734640969376896,0.4,0.4265734520807752,1.0
diverse_25,spearman,t_target,pub_svm,pub_xgboost,10,-0.04587740747270726,0.04466812278318188,0.1,0.010031195773410037,0.28186677275974525
diverse_25,spearman,t_target,pub_svm,pub_mlp,10,-0.02443875909764474,0.0417638390011697,0.3,0.09728037020248631,1.0
diverse_25,spearman,t_target,pub_svm,pub_gnn,10,-0.2758094912653789,0.1510685598500438,0.0,0.0002682654366135768,0.00992582115470234
diverse_25,spearman,t_target,pub_rf,pub_xgboost,10,-0.057130018149575815,0.039555018331774994,0.1,0.0013520314959267795,0.043265007869656945
diverse_25,spearman,t_target,pub_rf,pub_mlp,10,-0.035691369774513294,0.039393429387286835,0.3,0.01862494842805049,0.4015824227128467
diverse_25,spearman,t_target,pub_rf,pub_gnn,10,-0.2870621019422474,0.13815109947374074,0.0,0.0001026674633862105,0.004209365998834631
diverse_25,spearman,t_target,pub_xgboost,pub_mlp,10,0.02143864837506252,0.03958757387559184,0.8,0.12095263709269968,1.0
diverse_25,spearman,t_target,pub_xgboost,pub_gnn,10,-0.22993208379267163,0.1382993995020661,0.0,0.0005224654173356907,0.018286289606749176
diverse_25,spearman,t_target,pub_mlp,pub_gnn,10,-0.2513707321677342,0.1261638058088777,0.0,0.00014088840822845235,0.005635536329138094
umap,spearman,t,knn,lgbm,50,0.06912345258624814,0.16407045439249826,0.68,0.004488000893499809,0.1481040294854937
umap,spearman,t,knn,chemeleon,50,0.12666248923364737,0.1728374038482189,0.68,4.132558064143087e-06,0.00017769999675815274
umap,spearman,t,knn,monroe35,50,0.1377746011388888,0.1961817984183226,0.74,8.695986902501963e-06,0.0003565354630025805
umap,spearman,t,knn,pub_knn,50,5.8636202482460765e-06,0.0001004445768842154,0.2,0.6815645249424608,1.0
umap,spearman,t,knn,pub_svm,50,0.10902291442376859,0.13852208939423036,0.74,1.086072740417595e-06,4.887327331879177e-05
umap,spearman,t,knn,pub_rf,50,0.08266619923711,0.24282905273345973,0.68,0.019887611845337355,0.5567972731712705
umap,spearman,t,knn,pub_xgboost,50,0.050679841750561366,0.17163206389733407,0.66,0.042021826050193875,1.0
umap,spearman,t,knn,pub_mlp,50,0.0864563717382215,0.14406909605164972,0.74,9.754249970814697e-05,0.0038041574886177316
umap,spearman,t,knn,pub_gnn,50,0.0441514032327572,0.2439241279332432,0.62,0.20660829361013683,1.0
umap,spearman,t,lgbm,chemeleon,50,0.05753903664739924,0.13785194473201437,0.72,0.004842086351549144,0.15010467689802345
umap,spearman,t,lgbm,monroe35,50,0.0686511485526407,0.13961545981729148,0.78,0.001072755963046817,0.03861921466968542
umap,spearman,t,lgbm,pub_knn,50,-0.06911758896599988,0.1640736342484008,0.32,0.0044918426916028,0.1481040294854937
umap,spearman,t,lgbm,pub_svm,50,0.039899461837520446,0.12308044807590587,0.62,0.0262250499525027,0.6818512987650701
umap,spearman,t,lgbm,pub_rf,50,0.01354274665086186,0.2603905389320459,0.52,0.7146347305506663,1.0
umap,spearman,t,lgbm,pub_xgboost,50,-0.018443610835686762,0.12901500385924275,0.44,0.31704952979907186,1.0
umap,spearman,t,lgbm,pub_mlp,50,0.017332919151973377,0.1594382275148173,0.52,0.44575306623560307,1.0
umap,spearman,t,lgbm,pub_gnn,50,-0.024972049353490934,0.2274639349040782,0.42,0.441306157156867,1.0
umap,spearman,t,chemeleon,monroe35,50,0.011112111905241471,0.14612217398198857,0.6,0.5931964246480981,1.0
umap,spearman,t,chemeleon,pub_knn,50,-0.12665662561339913,0.17284925554293457,0.32,4.14107768982957e-06,0.00017769999675815274
umap,spearman,t,chemeleon,pub_svm,50,-0.017639574809878784,0.12973534542460916,0.46,0.3410597486840453,1.0
umap,spearman,t,chemeleon,pub_rf,50,-0.043996289996537374,0.2791988612052566,0.44,0.27060245361339236,1.0
umap,spearman,t,chemeleon,pub_xgboost,50,-0.075982647483086,0.15775368359147335,0.26,0.00132522487894532,0.0463828707630862
umap,spearman,t,chemeleon,pub_mlp,50,-0.04020611749542586,0.15572871291986856,0.36,0.07400616677433518,1.0
umap,spearman,t,chemeleon,pub_gnn,50,-0.08251108600089019,0.20940787576219208,0.34,0.007565342169282953,0.21939492290920565
umap,spearman,t,monroe35,pub_knn,50,-0.1377687375186406,0.19619044364033367,0.26,8.708804179189665e-06,0.0003565354630025805
umap,spearman,t,monroe35,pub_svm,50,-0.028751686715120253,0.14135643878879842,0.38,0.15672135017577912,1.0
umap,spearman,t,monroe35,pub_rf,50,-0.05510840190177883,0.29689246992267604,0.38,0.19546186311610209,1.0
umap,spearman,t,monroe35,pub_xgboost,50,-0.08709475938832748,0.16784525692491845,0.24,0.000599828838708157,0.02219366703220181
umap,spearman,t,monroe35,pub_mlp,50,-0.051318229400667326,0.185461582990111,0.28,0.056105526525162173,1.0
umap,spearman,t,monroe35,pub_gnn,50,-0.09362319790613163,0.22678619631250208,0.28,0.00528952025292049,0.15868560758761469
umap,spearman,t,pub_knn,pub_svm,50,0.10901705080352034,0.13852817613982554,0.74,1.0881479938682045e-06,4.887327331879177e-05
umap,spearman,t,pub_knn,pub_rf,50,0.08266033561686176,0.24280768358256438,0.68,0.019885616898973946,0.5567972731712705
umap,spearman,t,pub_knn,pub_xgboost,50,0.05067397813031312,0.17161968019060514,0.66,0.042030397704496424,1.0
umap,spearman,t,pub_knn,pub_mlp,50,0.08645050811797328,0.14407281814916745,0.74,9.766875928178447e-05,0.0038041574886177316
umap,spearman,t,pub_knn,pub_gnn,50,0.04414553961250896,0.24391225493865495,0.62,0.20664586623219897,1.0
umap,spearman,t,pub_svm,pub_rf,50,-0.02635671518665858,0.27855101890018763,0.4,0.5065911144481454,1.0
umap,spearman,t,pub_svm,pub_xgboost,50,-0.05834307267320721,0.12115846230568637,0.34,0.0013282798348214888,0.0463828707630862
umap,spearman,t,pub_svm,pub_mlp,50,-0.022566542685547076,0.13239775708223364,0.42,0.23390346975358922,1.0
umap,spearman,t,pub_svm,pub_gnn,50,-0.06487151119101138,0.2301366853117558,0.46,0.05182184223912497,1.0
umap,spearman,t,pub_rf,pub_xgboost,50,-0.03198635748654863,0.2685794162038936,0.44,0.4038090241349473,1.0
umap,spearman,t,pub_rf,pub_mlp,50,0.0037901725011115174,0.29415766841931856,0.5,0.9277770034194969,1.0
umap,spearman,t,pub_rf,pub_gnn,50,-0.03851479600435279,0.288866554206592,0.48,0.35041327645815606,1.0
umap,spearman,t,pub_xgboost,pub_mlp,50,0.03577652998766014,0.16407360070058535,0.54,0.1295419999407125,1.0
umap,spearman,t,pub_xgboost,pub_gnn,50,-0.006528438517804167,0.23237705269869982,0.58,0.8433540323984602,1.0
umap,spearman,t,pub_mlp,pub_gnn,50,-0.04230496850546433,0.24284484708180568,0.42,0.22389494796130371,1.0
umap,spearman,wilcoxon,knn,lgbm,50,0.06912345258624814,0.16407045439249826,0.68,0.0037864469724659955,0.11737985614644586
umap,spearman,wilcoxon,knn,chemeleon,50,0.12666248923364737,0.1728374038482189,0.68,1.1033688904760197e-05,0.0004744486229046885
umap,spearman,wilcoxon,knn,monroe35,50,0.1377746011388888,0.1961817984183226,0.74,1.8759072675678112e-05,0.0007691219797028026
umap,spearman,wilcoxon,knn,pub_knn,50,5.8636202482460765e-06,0.0001004445768842154,0.2,0.32587002429697964,1.0
umap,spearman,wilcoxon,knn,pub_svm,50,0.10902291442376859,0.13852208939423036,0.74,3.38235121510877e-06,0.00015220580467989464
umap,spearman,wilcoxon,knn,pub_rf,50,0.08266619923711,0.24282905273345973,0.68,0.02237794255729675,0.626582391604309
umap,spearman,wilcoxon,knn,pub_xgboost,50,0.050679841750561366,0.17163206389733407,0.66,0.031261656763490464,0.7815414190872616
umap,spearman,wilcoxon,knn,pub_mlp,50,0.0864563717382215,0.14406909605164972,0.74,0.00017022784864551,0.00663888609717489
umap,spearman,wilcoxon,knn,pub_gnn,50,0.0441514032327572,0.2439241279332432,0.62,0.10110987171644048,1.0
umap,spearman,wilcoxon,lgbm,chemeleon,50,0.05753903664739924,0.13785194473201437,0.72,0.004459422606641894,0.13378267819925682
umap,spearman,wilcoxon,lgbm,monroe35,50,0.0686511485526407,0.13961545981729148,0.78,0.0005510827602233093,0.020390062128262443
umap,spearman,wilcoxon,lgbm,pub_knn,50,-0.06911758896599988,0.1640736342484008,0.32,0.0036632546526647047,0.11722414888527055
umap,spearman,wilcoxon,lgbm,pub_svm,50,0.039899461837520446,0.12308044807590587,0.62,0.038081706053025854,0.8758792392195947
umap,spearman,wilcoxon,lgbm,pub_rf,50,0.01354274665086186,0.2603905389320459,0.52,0.7376605378038441,1.0
umap,spearman,wilcoxon,lgbm,pub_xgboost,50,-0.018443610835686762,0.12901500385924275,0.44,0.44326672141018975,1.0
umap,spearman,wilcoxon,lgbm,pub_mlp,50,0.017332919151973377,0.1594382275148173,0.52,0.559104623193516,1.0
umap,spearman,wilcoxon,lgbm,pub_gnn,50,-0.024972049353490934,0.2274639349040782,0.42,0.4843032319103049,1.0
umap,spearman,wilcoxon,chemeleon,monroe35,50,0.011112111905241471,0.14612217398198857,0.6,0.44326672141018975,1.0
umap,spearman,wilcoxon,chemeleon,pub_knn,50,-0.12665662561339913,0.17284925554293457,0.32,1.1645574410579229e-05,0.0004891141252443276
umap,spearman,wilcoxon,chemeleon,pub_svm,50,-0.017639574809878784,0.12973534542460916,0.46,0.3988547028530327,1.0
umap,spearman,wilcoxon,chemeleon,pub_rf,50,-0.043996289996537374,0.2791988612052566,0.44,0.2695104487517437,1.0
umap,spearman,wilcoxon,chemeleon,pub_xgboost,50,-0.075982647483086,0.15775368359147335,0.26,0.0006983914307809869,0.02444370007733454
umap,spearman,wilcoxon,chemeleon,pub_mlp,50,-0.04020611749542586,0.15572871291986856,0.36,0.07885790741956278,1.0
umap,spearman,wilcoxon,chemeleon,pub_gnn,50,-0.08251108600089019,0.20940787576219208,0.34,0.007158095833210254,0.20758477916309737
umap,spearman,wilcoxon,monroe35,pub_knn,50,-0.1377687375186406,0.19619044364033367,0.26,1.8759072675678112e-05,0.0007691219797028026
umap,spearman,wilcoxon,monroe35,pub_svm,50,-0.028751686715120253,0.14135643878879842,0.38,0.10525460779046192,1.0
umap,spearman,wilcoxon,monroe35,pub_rf,50,-0.05510840190177883,0.29689246992267604,0.38,0.20447619481721802,1.0
umap,spearman,wilcoxon,monroe35,pub_xgboost,50,-0.08709475938832748,0.16784525692491845,0.24,0.0005510827602233093,0.020390062128262443
umap,spearman,wilcoxon,monroe35,pub_mlp,50,-0.051318229400667326,0.185461582990111,0.28,0.02898427633581413,0.7535911847311674
umap,spearman,wilcoxon,monroe35,pub_gnn,50,-0.09362319790613163,0.22678619631250208,0.28,0.0027053239960554976,0.08927569186983142
umap,spearman,wilcoxon,pub_knn,pub_svm,50,0.10901705080352034,0.13852817613982554,0.74,3.38235121510877e-06,0.00015220580467989464
umap,spearman,wilcoxon,pub_knn,pub_rf,50,0.08266033561686176,0.24280768358256438,0.68,0.02237794255729675,0.626582391604309
umap,spearman,wilcoxon,pub_knn,pub_xgboost,50,0.05067397813031312,0.17161968019060514,0.66,0.031261656763490464,0.7815414190872616
umap,spearman,wilcoxon,pub_knn,pub_mlp,50,0.08645050811797328,0.14407281814916745,0.74,0.00017022784864551,0.00663888609717489
umap,spearman,wilcoxon,pub_knn,pub_gnn,50,0.04414553961250896,0.24391225493865495,0.62,0.10110987171644048,1.0
umap,spearman,wilcoxon,pub_svm,pub_rf,50,-0.02635671518665858,0.27855101890018763,0.4,0.4262959591146398,1.0
umap,spearman,wilcoxon,pub_svm,pub_xgboost,50,-0.05834307267320721,0.12115846230568637,0.34,0.001654895925714328,0.056266461474287155
umap,spearman,wilcoxon,pub_svm,pub_mlp,50,-0.022566542685547076,0.13239775708223364,0.42,0.2571237847552261,1.0
umap,spearman,wilcoxon,pub_svm,pub_gnn,50,-0.06487151119101138,0.2301366853117558,0.46,0.11393994202132163,1.0
umap,spearman,wilcoxon,pub_rf,pub_xgboost,50,-0.03198635748654863,0.2685794162038936,0.44,0.24513084584396871,1.0
umap,spearman,wilcoxon,pub_rf,pub_mlp,50,0.0037901725011115174,0.29415766841931856,0.5,0.8632650227005474,1.0
umap,spearman,wilcoxon,pub_rf,pub_gnn,50,-0.03851479600435279,0.288866554206592,0.48,0.43191110415215306,1.0
umap,spearman,wilcoxon,pub_xgboost,pub_mlp,50,0.03577652998766014,0.16407360070058535,0.54,0.14601836144972324,1.0
umap,spearman,wilcoxon,pub_xgboost,pub_gnn,50,-0.006528438517804167,0.23237705269869982,0.58,0.9923668279164506,1.0
umap,spearman,wilcoxon,pub_mlp,pub_gnn,50,-0.04230496850546433,0.24284484708180568,0.42,0.3622430237473182,1.0
umap,spearman,t_target,knn,lgbm,10,0.06912345258624815,0.11336390635112122,0.8,0.08592096024698545,1.0
umap,spearman,t_target,knn,chemeleon,10,0.12666248923364737,0.11701716935145746,0.9,0.007592619176459584,0.34149885954211257
umap,spearman,t_target,knn,monroe35,10,0.13777460113888884,0.1342787717799966,0.9,0.010084055189978212,0.403261378489391
umap,spearman,t_target,knn,pub_knn,10,5.863620248251766e-06,4.00896456092522e-05,0.4,0.6546847158714634,1.0
umap,spearman,t_target,knn,pub_svm,10,0.10902291442376862,0.107880253918964,0.9,0.010905045524889582,0.4139586834416552
umap,spearman,t_target,knn,pub_rf,10,0.08266619923711001,0.1314685349323645,0.7,0.07799599766017569,1.0
umap,spearman,t_target,knn,pub_xgboost,10,0.05067984175056137,0.11524740310032112,0.6,0.19776711983455283,1.0
umap,spearman,t_target,knn,pub_mlp,10,0.08645637173822152,0.08074485043875831,0.9,0.008050474691805443,0.3459145953281433
umap,spearman,t_target,knn,pub_gnn,10,0.044151403232757194,0.17023270485818942,0.5,0.4333056532455159,1.0
umap,spearman,t_target,lgbm,chemeleon,10,0.05753903664739922,0.0660169266151458,0.8,0.022250809418833128,0.8010291390779926
umap,spearman,t_target,lgbm,monroe35,10,0.06865114855264069,0.0850797148501907,0.8,0.03111020861219871,1.0
umap,spearman,t_target,lgbm,pub_knn,10,-0.0691175889659999,0.11334077671964131,0.2,0.08588930270488038,1.0
umap,spearman,t_target,lgbm,pub_svm,10,0.03989946183752043,0.06605503185885864,0.7,0.08844431616980808,1.0
umap,spearman,t_target,lgbm,pub_rf,10,0.013542746650861864,0.10841117001913822,0.6,0.7020179686563668,1.0
umap,spearman,t_target,lgbm,pub_xgboost,10,-0.01844361083568678,0.05992554893417225,0.3,0.3558490859489541,1.0
umap,spearman,t_target,lgbm,pub_mlp,10,0.01733291915197337,0.0722106240040524,0.5,0.4672357828276159,1.0
umap,spearman,t_target,lgbm,pub_gnn,10,-0.024972049353490948,0.1350009715471087,0.4,0.5729534159854814,1.0
umap,spearman,t_target,chemeleon,monroe35,10,0.011112111905241468,0.0750425160237993,0.6,0.6507301438117067,1.0
umap,spearman,t_target,chemeleon,pub_knn,10,-0.12665662561339913,0.11700106041160811,0.1,0.0075888635453802795,0.34149885954211257
umap,spearman,t_target,chemeleon,pub_svm,10,-0.01763957480987879,0.08232399382741533,0.4,0.5150759596231346,1.0
umap,spearman,t_target,chemeleon,pub_rf,10,-0.04399628999653736,0.15082949005764848,0.5,0.38037200837138624,1.0
umap,spearman,t_target,chemeleon,pub_xgboost,10,-0.075982647483086,0.09997426584266784,0.2,0.039676036380631545,1.0
umap,spearman,t_target,chemeleon,pub_mlp,10,-0.04020611749542586,0.05910840008015337,0.1,0.059937821372512565,1.0
umap,spearman,t_target,chemeleon,pub_gnn,10,-0.08251108600089019,0.11757759828468917,0.2,0.053637929897062404,1.0
umap,spearman,t_target,monroe35,pub_knn,10,-0.13776873751864058,0.13426659290224183,0.1,0.010081534462234774,0.403261378489391
umap,spearman,t_target,monroe35,pub_svm,10,-0.02875168671512026,0.08681134965568939,0.4,0.3222549136423121,1.0
umap,spearman,t_target,monroe35,pub_rf,10,-0.05510840190177883,0.17276536891952662,0.4,0.33946779906052776,1.0
umap,spearman,t_target,monroe35,pub_xgboost,10,-0.08709475938832748,0.11475297752810501,0.3,0.03989180698804553,1.0
umap,spearman,t_target,monroe35,pub_mlp,10,-0.051318229400667326,0.08862072781649082,0.3,0.1003039031209018,1.0
umap,spearman,t_target,monroe35,pub_gnn,10,-0.09362319790613165,0.13689845489844646,0.2,0.058813817624165675,1.0
umap,spearman,t_target,pub_knn,pub_svm,10,0.10901705080352034,0.10785246816704731,0.9,0.010893649564254084,0.4139586834416552
umap,spearman,t_target,pub_knn,pub_rf,10,0.08266033561686176,0.13145801897255466,0.7,0.07799373480745919,1.0
umap,spearman,t_target,pub_knn,pub_xgboost,10,0.050673978130313116,0.11522289990639006,0.6,0.19772759145152677,1.0
umap,spearman,t_target,pub_knn,pub_mlp,10,0.08645050811797327,0.08072825970650796,0.9,0.008044525472747519,0.3459145953281433
umap,spearman,t_target,pub_knn,pub_gnn,10,0.044145539612508944,0.17023331000053168,0.5,0.43336618660348764,1.0
umap,spearman,t_target,pub_svm,pub_rf,10,-0.026356715186658573,0.1357784902225906,0.4,0.55451265535477,1.0
umap,spearman,t_target,pub_svm,pub_xgboost,10,-0.05834307267320721,0.05608385170821351,0.1,0.009383386289790113,0.3847188378813946
umap,spearman,t_target,pub_svm,pub_mlp,10,-0.02256654268554707,0.06334338845009904,0.4,0.28905922239207804,1.0
umap,spearman,t_target,pub_svm,pub_gnn,10,-0.0648715111910114,0.15948082318001197,0.3,0.23043794692701905,1.0
umap,spearman,t_target,pub_rf,pub_xgboost,10,-0.03198635748654864,0.10606760369784078,0.2,0.3651777651345356,1.0
umap,spearman,t_target,pub_rf,pub_mlp,10,0.0037901725011115052,0.1441867552787739,0.5,0.9355713411636475,1.0
umap,spearman,t_target,pub_rf,pub_gnn,10,-0.038514796004352814,0.1582846705301742,0.3,0.4613338830918941,1.0
umap,spearman,t_target,pub_xgboost,pub_mlp,10,0.03577652998766014,0.07638439278830053,0.6,0.17270970548985268,1.0
umap,spearman,t_target,pub_xgboost,pub_gnn,10,-0.0065284385178041695,0.1673272827045066,0.7,0.9045180925515345,1.0
umap,spearman,t_target,pub_mlp,pub_gnn,10,-0.04230496850546432,0.14781331726525812,0.4,0.3890185552163979,1.0
time,spearman,t,knn,lgbm,50,0.055731777612754226,0.0999353442397814,0.74,0.0002554597528687521,0.008146507903190905
time,spearman,t,knn,chemeleon,50,0.09943155779384641,0.13062196464367212,0.8,2.057958600895876e-06,8.228430726117862e-05
time,spearman,t,knn,monroe35,50,0.11490047254638178,0.14093481462098095,0.72,5.378684693125154e-07,2.3898494457848442e-05
time,spearman,t,knn,pub_knn,50,-7.976844386988605e-05,0.0005862823456021577,0.14,0.3407353714502648,1.0
time,spearman,t,knn,pub_svm,50,0.08678025271901132,0.1106398198724624,0.8,1.1611663821950156e-06,4.993015443438567e-05
time,spearman,t,knn,pub_rf,50,0.06313149825522026,0.09689936420809617,0.74,2.9345249123876287e-05,0.0010564289684595464
time,spearman,t,knn,pub_xgboost,50,0.04026595293631356,0.10948214904923462,0.62,0.012266908233922923,0.2553328883417317
time,spearman,t,knn,pub_mlp,50,0.048444482178854366,0.11408633992621543,0.68,0.004205672019381648,0.0964767387201628
time,spearman,t,knn,pub_gnn,50,0.011890114267628355,0.17241043387858154,0.54,0.6279731850958945,1.0
time,spearman,t,lgbm,chemeleon,50,0.04369978018109217,0.097945193369744,0.7,0.0027434549971700173,0.06584291993208041
time,spearman,t,lgbm,monroe35,50,0.059168694933627544,0.09055022233822911,0.74,2.804068876764341e-05,0.0010375054844028063
time,spearman,t,lgbm,pub_knn,50,-0.055811546056624105,0.10005064369079167,0.26,0.0002545783719747158,0.008146507903190905
time,spearman,t,lgbm,pub_svm,50,0.031048475106257096,0.08732476760231721,0.64,0.015266820635538194,0.2748027714396875
time,spearman,t,lgbm,pub_rf,50,0.007399720642466043,0.07610518244564733,0.52,0.4949959409763329,1.0
time,spearman,t,lgbm,pub_xgboost,50,-0.01546582467644066,0.06380306228350723,0.44,0.09284460042086458,1.0
time,spearman,t,lgbm,pub_mlp,50,-0.007287295433899862,0.09302114911860791,0.44,0.5821331510924991,1.0
time,spearman,t,lgbm,pub_gnn,50,-0.04384166334512587,0.1423679656122985,0.32,0.034286835597160004,0.5485893695545601
time,spearman,t,chemeleon,monroe35,50,0.015468914752535383,0.07597812053456668,0.62,0.15632548924501793,1.0
time,spearman,t,chemeleon,pub_knn,50,-0.09951132623771627,0.13072387637142702,0.2,2.0571076815294655e-06,8.228430726117862e-05
time,spearman,t,chemeleon,pub_svm,50,-0.01265130507483506,0.08375632179666197,0.38,0.29071948362407896,1.0
time,spearman,t,chemeleon,pub_rf,50,-0.03630005953862612,0.09920755029289438,0.42,0.012691094773969316,0.2553328883417317
time,spearman,t,chemeleon,pub_xgboost,50,-0.05916560485753282,0.09641510277594141,0.22,7.13130416101648e-05,0.0023533303731354386
time,spearman,t,chemeleon,pub_mlp,50,-0.050987075614992036,0.1006662770003278,0.28,0.0007834672323376305,0.021937082505453655
time,spearman,t,chemeleon,pub_gnn,50,-0.08754144352621805,0.1420015001175102,0.22,6.678011245794203e-05,0.002270523823570029
time,spearman,t,monroe35,pub_knn,50,-0.11498024099025166,0.1409446492014149,0.28,5.310776546188543e-07,2.3898494457848442e-05
time,spearman,t,monroe35,pub_svm,50,-0.028120219827370438,0.09520157417834399,0.4,0.04195943015389441,0.6293914523084162
time,spearman,t,monroe35,pub_rf,50,-0.05176897429116149,0.1098045588898407,0.34,0.0016378450025723958,0.04258397006688229
time,spearman,t,monroe35,pub_xgboost,50,-0.0746345196100682,0.09552995185375039,0.24,1.2533566394948691e-06,5.1387622219289636e-05
time,spearman,t,monroe35,pub_mlp,50,-0.0664559903675274,0.11952441223785414,0.3,0.00026519875767238817,0.008146507903190905
time,spearman,t,monroe35,pub_gnn,50,-0.1030103582787534,0.13594634829136765,0.22,2.2427937911327745e-06,8.522616406304543e-05
time,spearman,t,pub_knn,pub_svm,50,0.0868600211628812,0.11075038228109625,0.8,1.1629756416350204e-06,4.993015443438567e-05
time,spearman,t,pub_knn,pub_rf,50,0.06321126669909016,0.09703302773586094,0.74,2.9397697086741723e-05,0.0010564289684595464
time,spearman,t,pub_knn,pub_xgboost,50,0.04034572138018346,0.10955295055366439,0.62,0.012158708968653889,0.2553328883417317
time,spearman,t,pub_knn,pub_mlp,50,0.048524250622724245,0.1142380985323997,0.68,0.004194640813920122,0.0964767387201628
time,spearman,t,pub_knn,pub_gnn,50,0.011969882711498243,0.17232235397173062,0.54,0.6254978863363522,1.0
time,spearman,t,pub_svm,pub_rf,50,-0.02364875446379106,0.08802443514520016,0.38,0.06336337793064631,0.823723913098402
time,spearman,t,pub_svm,pub_xgboost,50,-0.046514299782697756,0.09890481249124299,0.3,0.0016779614170252272,0.04258397006688229
time,spearman,t,pub_svm,pub_mlp,50,-0.038335770540156966,0.07589673328718292,0.28,0.000807149815154074,0.021937082505453655
time,spearman,t,pub_svm,pub_gnn,50,-0.07489013845138298,0.14644225169868935,0.34,0.0007052501687116934,0.020452254892639108
time,spearman,t,pub_rf,pub_xgboost,50,-0.0228655453189067,0.08007006721859719,0.34,0.04894603653557215,0.68524451149801
time,spearman,t,pub_rf,pub_mlp,50,-0.014687016076365904,0.09655707114906324,0.4,0.28739179009566646,1.0
time,spearman,t,pub_rf,pub_gnn,50,-0.05124138398759191,0.147889627808672,0.4,0.017904353645656842,0.3043740119761663
time,spearman,t,pub_xgboost,pub_mlp,50,0.008178529242540797,0.09731519701944429,0.62,0.5550694344078935,1.0
time,spearman,t,pub_xgboost,pub_gnn,50,-0.028375838668685205,0.1598929934803789,0.44,0.2154725141418136,1.0
time,spearman,t,pub_mlp,pub_gnn,50,-0.03655436791122601,0.17834628443646006,0.44,0.15362227900134545,1.0
time,spearman,wilcoxon,knn,lgbm,50,0.055731777612754226,0.0999353442397814,0.74,0.0004506016805585489,0.013968652097315015
time,spearman,wilcoxon,knn,chemeleon,50,0.09943155779384641,0.13062196464367212,0.8,7.723469384046666e-07,3.166622447459133e-05
time,spearman,wilcoxon,knn,monroe35,50,0.11490047254638178,0.14093481462098095,0.72,4.56562391448756e-07,2.054530761519402e-05
time,spearman,wilcoxon,knn,pub_knn,50,-7.976844386988605e-05,0.0005862823456021577,0.14,0.7563688628810696,1.0
time,spearman,wilcoxon,knn,pub_svm,50,0.08678025271901132,0.1106398198724624,0.8,4.880519277605799e-07,2.0986232893704937e-05
time,spearman,wilcoxon,knn,pub_rf,50,0.06313149825522026,0.09689936420809617,0.74,1.6896629077223224e-05,0.0006082786467800361
time,spearman,wilcoxon,knn,pub_xgboost,50,0.04026595293631356,0.10948214904923462,0.62,0.02616696817119646,0.47100542708153625
time,spearman,wilcoxon,knn,pub_mlp,50,0.048444482178854366,0.11408633992621543,0.68,0.0022762251098509267,0.05462940263642224
time,spearman,wilcoxon,knn,pub_gnn,50,0.011890114267628355,0.17241043387858154,0.54,0.9923668279164506,1.0
time,spearman,wilcoxon,lgbm,chemeleon,50,0.04369978018109217,0.097945193369744,0.7,0.0015962870115284744,0.03990717528821186
time,spearman,wilcoxon,lgbm,monroe35,50,0.059168694933627544,0.09055022233822911,0.74,2.191284211150446e-05,0.0007450366317911516
time,spearman,wilcoxon,lgbm,pub_knn,50,-0.055811546056624105,0.10005064369079167,0.26,0.0004506016805585489,0.013968652097315015
time,spearman,wilcoxon,lgbm,pub_svm,50,0.031048475106257096,0.08732476760231721,0.64,0.021794286702137455,0.45768002074488656
time,spearman,wilcoxon,lgbm,pub_rf,50,0.007399720642466043,0.07610518244564733,0.52,0.4963885938865378,1.0
time,spearman,wilcoxon,lgbm,pub_xgboost,50,-0.01546582467644066,0.06380306228350723,0.44,0.07885790741956278,0.9462948890347533
time,spearman,wilcoxon,lgbm,pub_mlp,50,-0.007287295433899862,0.09302114911860791,0.44,0.5786292137562761,1.0
time,spearman,wilcoxon,lgbm,pub_gnn,50,-0.04384166334512587,0.1423679656122985,0.32,0.023585311964122724,0.45768002074488656
time,spearman,wilcoxon,chemeleon,monroe35,50,0.015468914752535383,0.07597812053456668,0.62,0.1781010477908609,1.0
time,spearman,wilcoxon,chemeleon,pub_knn,50,-0.09951132623771627,0.13072387637142702,0.2,7.723469384046666e-07,3.166622447459133e-05
time,spearman,wilcoxon,chemeleon,pub_svm,50,-0.01265130507483506,0.08375632179666197,0.38,0.19427670053532076,1.0
time,spearman,wilcoxon,chemeleon,pub_rf,50,-0.03630005953862612,0.09920755029289438,0.42,0.02237794255729675,0.45768002074488656
time,spearman,wilcoxon,chemeleon,pub_xgboost,50,-0.05916560485753282,0.09641510277594141,0.22,0.00012454807471407037,0.004110086465564322
time,spearman,wilcoxon,chemeleon,pub_mlp,50,-0.050987075614992036,0.1006662770003278,0.28,0.0006715891126169993,0.01947608426589298
time,spearman,wilcoxon,chemeleon,pub_gnn,50,-0.08754144352621805,0.1420015001175102,0.22,1.1033688904760197e-05,0.0004082464894761273
time,spearman,wilcoxon,monroe35,pub_knn,50,-0.11498024099025166,0.1409446492014149,0.28,4.56562391448756e-07,2.054530761519402e-05
time,spearman,wilcoxon,monroe35,pub_svm,50,-0.028120219827370438,0.09520157417834399,0.4,0.06346609527860991,0.8250592386219289
time,spearman,wilcoxon,monroe35,pub_rf,50,-0.05176897429116149,0.1098045588898407,0.34,0.002896310240339872,0.06371882528747719
time,spearman,wilcoxon,monroe35,pub_xgboost,50,-0.0746345196100682,0.09552995185375039,0.24,4.268415494834699e-06,0.00016219978880371855
time,spearman,wilcoxon,monroe35,pub_mlp,50,-0.0664559903675274,0.11952441223785414,0.3,0.0002409992117797799,0.007711974776952957
time,spearman,wilcoxon,monroe35,pub_gnn,50,-0.1030103582787534,0.13594634829136765,0.22,1.5471859846627467e-06,6.034025340184712e-05
time,spearman,wilcoxon,pub_knn,pub_svm,50,0.0868600211628812,0.11075038228109625,0.8,4.880519277605799e-07,2.0986232893704937e-05
time,spearman,wilcoxon,pub_knn,pub_rf,50,0.06321126669909016,0.09703302773586094,0.74,1.6896629077223224e-05,0.0006082786467800361
time,spearman,wilcoxon,pub_knn,pub_xgboost,50,0.04034572138018346,0.10955295055366439,0.62,0.02616696817119646,0.47100542708153625
time,spearman,wilcoxon,pub_knn,pub_mlp,50,0.048524250622724245,0.1142380985323997,0.68,0.0022762251098509267,0.05462940263642224
time,spearman,wilcoxon,pub_knn,pub_gnn,50,0.011969882711498243,0.17232235397173062,0.54,1.0,1.0
time,spearman,wilcoxon,pub_svm,pub_rf,50,-0.02364875446379106,0.08802443514520016,0.38,0.05803543429142444,0.8124960800799421
time,spearman,wilcoxon,pub_svm,pub_xgboost,50,-0.046514299782697756,0.09890481249124299,0.3,0.0010644297047850415,0.02767517232441108
time,spearman,wilcoxon,pub_svm,pub_mlp,50,-0.038335770540156966,0.07589673328718292,0.28,0.0008475708983652908,0.02373198515422814
time,spearman,wilcoxon,pub_svm,pub_gnn,50,-0.07489013845138298,0.14644225169868935,0.34,0.0009149367393188612,0.024703291961609253
time,spearman,wilcoxon,pub_rf,pub_xgboost,50,-0.0228655453189067,0.08007006721859719,0.34,0.04193213473556767,0.6289820210335151
time,spearman,wilcoxon,pub_rf,pub_mlp,50,-0.014687016076365904,0.09655707114906324,0.4,0.20103473802823935,1.0
time,spearman,wilcoxon,pub_rf,pub_gnn,50,-0.05124138398759191,0.147889627808672,0.4,0.03286210881230289,0.5257937409968463
time,spearman,wilcoxon,pub_xgboost,pub_mlp,50,0.008178529242540797,0.09731519701944429,0.62,0.19427670053532076,1.0
time,spearman,wilcoxon,pub_xgboost,pub_gnn,50,-0.028375838668685205,0.1598929934803789,0.44,0.20103473802823935,1.0
time,spearman,wilcoxon,pub_mlp,pub_gnn,50,-0.03655436791122601,0.17834628443646006,0.44,0.13549845162767582,1.0
time,spearman,t_target,knn,lgbm,10,0.05573177761275423,0.07392058328969868,0.8,0.04094674443919194,1.0
time,spearman,t_target,knn,chemeleon,10,0.09943155779384638,0.09129526306775361,0.8,0.0073427816324908935,0.2992326345694012
time,spearman,t_target,knn,monroe35,10,0.11490047254638176,0.1118707939501824,0.8,0.010030724287524714,0.3790595226853812
time,spearman,t_target,knn,pub_knn,10,-7.97684438698966e-05,0.00025189614481563793,0.3,0.34279315611450806,1.0
time,spearman,t_target,knn,pub_svm,10,0.08678025271901132,0.06428135368874176,0.9,0.002083080746819867,0.0932369673645877
time,spearman,t_target,knn,pub_rf,10,0.06313149825522026,0.06724315229458931,0.7,0.015730066314703726,0.5487935186742093
time,spearman,t_target,knn,pub_xgboost,10,0.04026595293631356,0.07981005734225755,0.6,0.14507834753566953,1.0
time,spearman,t_target,knn,pub_mlp,10,0.04844448217885435,0.06332196058510724,0.9,0.03865489628942804,1.0
time,spearman,t_target,knn,pub_gnn,10,0.011890114267628338,0.1350573069995799,0.5,0.786996479171661,1.0
time,spearman,t_target,lgbm,chemeleon,10,0.04369978018109218,0.05857824347495582,0.7,0.04266554554855143,1.0
time,spearman,t_target,lgbm,monroe35,10,0.05916869493362755,0.06668104784227194,0.7,0.020510204253312292,0.67186605094788
time,spearman,t_target,lgbm,pub_knn,10,-0.05581154605662412,0.07392895717508327,0.2,0.04073639059731371,1.0
time,spearman,t_target,lgbm,pub_svm,10,0.0310484751062571,0.04697523320888958,0.7,0.06617040236272151,1.0
time,spearman,t_target,lgbm,pub_rf,10,0.007399720642466037,0.05257968540827713,0.6,0.666802984804513,1.0
time,spearman,t_target,lgbm,pub_xgboost,10,-0.015465824676440651,0.03611037328264203,0.2,0.20863751240591366,1.0
time,spearman,t_target,lgbm,pub_mlp,10,-0.007287295433899865,0.058499706529376666,0.5,0.7028073491231418,1.0
time,spearman,t_target,lgbm,pub_gnn,10,-0.04384166334512587,0.1036909822588029,0.3,0.21401733604376152,1.0
time,spearman,t_target,chemeleon,monroe35,10,0.015468914752535373,0.03241011287748208,0.7,0.16549700671777626,1.0
time,spearman,t_target,chemeleon,pub_knn,10,-0.09951132623771629,0.09126667157611149,0.2,0.007298356940717102,0.2992326345694012
time,spearman,t_target,chemeleon,pub_svm,10,-0.01265130507483507,0.04090574817024486,0.4,0.35361640437180636,1.0
time,spearman,t_target,chemeleon,pub_rf,10,-0.03630005953862614,0.07729208644105438,0.3,0.17166284559466266,1.0
time,spearman,t_target,chemeleon,pub_xgboost,10,-0.05916560485753282,0.06657049672295261,0.2,0.02035957730145091,0.67186605094788
time,spearman,t_target,chemeleon,pub_mlp,10,-0.050987075614992036,0.06210769474841588,0.2,0.02892454800820599,0.8966609882543857
time,spearman,t_target,chemeleon,pub_gnn,10,-0.08754144352621804,0.09227850421007214,0.2,0.014957720474815741,0.5384779370933667
time,spearman,t_target,monroe35,pub_knn,10,-0.11498024099025166,0.11182911712230188,0.2,0.009975250596983716,0.3790595226853812
time,spearman,t_target,monroe35,pub_svm,10,-0.028120219827370445,0.06701528362783976,0.3,0.21721311016249908,1.0
time,spearman,t_target,monroe35,pub_rf,10,-0.05176897429116152,0.09203010534303042,0.3,0.10897368703891559,1.0
time,spearman,t_target,monroe35,pub_xgboost,10,-0.0746345196100682,0.06948026987380275,0.1,0.00791253926257886,0.3085890312405755
time,spearman,t_target,monroe35,pub_mlp,10,-0.06645599036752739,0.08701888172456712,0.3,0.03892728408368703,1.0
time,spearman,t_target,monroe35,pub_gnn,10,-0.10301035827875342,0.08636174788177224,0.2,0.004403600751207585,0.18935483230192618
time,spearman,t_target,pub_knn,pub_svm,10,0.08686002116288123,0.0642854919073212,0.9,0.002071932608101949,0.0932369673645877
time,spearman,t_target,pub_knn,pub_rf,10,0.06321126669909015,0.06728345548349328,0.7,0.015679814819263123,0.5487935186742093
time,spearman,t_target,pub_knn,pub_xgboost,10,0.040345721380183455,0.07975072377724234,0.6,0.14410952550965522,1.0
time,spearman,t_target,pub_knn,pub_mlp,10,0.048524250622724245,0.0633420671158258,0.9,0.03845165968514337,1.0
time,spearman,t_target,pub_knn,pub_gnn,10,0.011969882711498242,0.13500128884052312,0.5,0.7855218106757818,1.0
time,spearman,t_target,pub_svm,pub_rf,10,-0.023648754463791066,0.04949307346219353,0.4,0.16507430846496193,1.0
time,spearman,t_target,pub_svm,pub_xgboost,10,-0.046514299782697756,0.06006533977604873,0.2,0.036826000250072,1.0
time,spearman,t_target,pub_svm,pub_mlp,10,-0.038335770540156966,0.03329080821844609,0.1,0.005388328128289684,0.22630978138816674
time,spearman,t_target,pub_svm,pub_gnn,10,-0.07489013845138298,0.10853233393489964,0.1,0.05698344974887479,1.0
time,spearman,t_target,pub_rf,pub_xgboost,10,-0.022865545318906687,0.05716038173156007,0.3,0.23764618143405705,1.0
time,spearman,t_target,pub_rf,pub_mlp,10,-0.0146870160763659,0.06778923889278,0.3,0.5105206779175367,1.0
time,spearman,t_target,pub_rf,pub_gnn,10,-0.05124138398759191,0.11009105218392168,0.4,0.17514007049190314,1.0
time,spearman,t_target,pub_xgboost,pub_mlp,10,0.008178529242540786,0.07078728430467898,0.6,0.7232823790741565,1.0
time,spearman,t_target,pub_xgboost,pub_gnn,10,-0.028375838668685222,0.10400347733937035,0.3,0.4106583890523129,1.0
time,spearman,t_target,pub_mlp,pub_gnn,10,-0.036554367911226,0.13159775572853719,0.3,0.4025697119498886,1.0
