endpoint,method,repeat,fold,n,r2,spearman,mae
LOG_Caco_AB,fus_GRMS_early_lgbm,0,0,1616,0.09864217188330004,0.47756280823124825,0.3275610603523651
LOG_Caco_AB,fus_GRMS_early_lgbm,0,1,1616,0.15353638346431675,0.4413532969740843,0.311137217065479
LOG_Caco_AB,fus_GRMS_early_lgbm,0,2,1616,0.1487544842872761,0.47165608106966395,0.3184450971958492
LOG_Caco_AB,fus_GRMS_early_lgbm,0,3,1616,-0.09373306406239768,0.3585369081985726,0.34169190397851695
LOG_Caco_AB,fus_GRMS_early_lgbm,0,4,1616,0.060331230742448505,0.44511567734740487,0.3353591815763031
LOG_Caco_AB,fus_GRMS_early_lgbm,1,0,1616,0.1064731823048034,0.3986561572583559,0.3215772855484296
LOG_Caco_AB,fus_GRMS_early_lgbm,1,1,1616,0.11003637324329774,0.4848997741830135,0.3164892616872431
LOG_Caco_AB,fus_GRMS_early_lgbm,1,2,1616,0.10782786812491829,0.4418333656847934,0.3253688688635149
LOG_Caco_AB,fus_GRMS_early_lgbm,1,3,1616,0.1418587655826795,0.442840384517052,0.32025385778578946
LOG_Caco_AB,fus_GRMS_early_lgbm,1,4,1616,0.10780038161495098,0.4881195110610602,0.3244967589138185
LOG_Caco_AB,fus_GRMS_early_lgbm,2,0,1616,0.1322812812686195,0.4462707829595865,0.3183900495952586
LOG_Caco_AB,fus_GRMS_early_lgbm,2,1,1616,-0.14865132219669275,0.3299461350421002,0.3587836851224527
LOG_Caco_AB,fus_GRMS_early_lgbm,2,2,1616,0.006920931502620298,0.3996818710144263,0.3436958343352704
LOG_Caco_AB,fus_GRMS_early_lgbm,2,3,1616,-0.2644358496978778,0.3433426484725644,0.37445618905585526
LOG_Caco_AB,fus_GRMS_early_lgbm,2,4,1616,0.06282130780168815,0.4309706036824608,0.3276924920951726
LOG_Caco_AB,fus_GRMS_early_lgbm,3,0,1616,0.13863578892276673,0.42662375336796016,0.32049795981415985
LOG_Caco_AB,fus_GRMS_early_lgbm,3,1,1616,0.02016911045711811,0.42694401530155107,0.33960585608393706
LOG_Caco_AB,fus_GRMS_early_lgbm,3,2,1616,0.09184193453587441,0.48101299504457584,0.32109501776352367
LOG_Caco_AB,fus_GRMS_early_lgbm,3,3,1616,-0.011085838209793142,0.4035478330201785,0.34405579462761315
LOG_Caco_AB,fus_GRMS_early_lgbm,3,4,1616,0.11738903359334352,0.4273108144454454,0.32184400102284705
LOG_Caco_AB,fus_GRMS_early_lgbm,4,0,1616,0.16323262340525346,0.45218747089546674,0.3145837838911998
LOG_Caco_AB,fus_GRMS_early_lgbm,4,1,1616,0.003832081232915341,0.36619174832399687,0.34098200497656606
LOG_Caco_AB,fus_GRMS_early_lgbm,4,2,1616,-0.1997209276961005,0.34048217431220995,0.3650927660880997
LOG_Caco_AB,fus_GRMS_early_lgbm,4,3,1616,0.01836403397620845,0.42303617623668277,0.3326924587481941
LOG_Caco_AB,fus_GRMS_early_lgbm,4,4,1616,0.15895218475868267,0.4373251357179688,0.316632711347302
LOG_Caco_AB,fus_GRMS_late_lgbm,0,0,1616,0.1396513418803591,0.44353373168717836,0.31609766442726617
LOG_Caco_AB,fus_GRMS_late_lgbm,0,1,1616,0.19190665991617206,0.5037984074912012,0.3059210028098125
LOG_Caco_AB,fus_GRMS_late_lgbm,0,2,1616,0.24030927390533907,0.5207964390339125,0.29614948537618696
LOG_Caco_AB,fus_GRMS_late_lgbm,0,3,1616,0.2257889430187222,0.5471931550367707,0.29613620715431965
LOG_Caco_AB,fus_GRMS_late_lgbm,0,4,1616,0.02483350687791852,0.44892442027385815,0.3354023195352286
LOG_Caco_AB,fus_GRMS_late_lgbm,1,0,1616,0.23451904018294722,0.5262055139071244,0.29455590554872546
LOG_Caco_AB,fus_GRMS_late_lgbm,1,1,1616,0.10699160363716065,0.4484418308269964,0.3213057289221789
LOG_Caco_AB,fus_GRMS_late_lgbm,1,2,1616,0.13539662705653532,0.48370047840864483,0.31723252281642905
LOG_Caco_AB,fus_GRMS_late_lgbm,1,3,1616,0.2470520827485304,0.5437620835315103,0.29677315539058785
LOG_Caco_AB,fus_GRMS_late_lgbm,1,4,1616,0.14139910192832383,0.5165030726992461,0.31494317417788653
LOG_Caco_AB,fus_GRMS_late_lgbm,2,0,1616,0.10319579600327244,0.5017181107830465,0.31868733898620366
LOG_Caco_AB,fus_GRMS_late_lgbm,2,1,1616,0.22082830278939536,0.5249379881192008,0.30063122462297337
LOG_Caco_AB,fus_GRMS_late_lgbm,2,2,1616,0.061417303706599924,0.48259651521789515,0.32988655913886117
LOG_Caco_AB,fus_GRMS_late_lgbm,2,3,1616,0.24875417356550567,0.5292951895348081,0.29141077151873934
LOG_Caco_AB,fus_GRMS_late_lgbm,2,4,1616,0.15944725639578206,0.497010640965122,0.31166718337660787
LOG_Caco_AB,fus_GRMS_late_lgbm,3,0,1616,0.1952806040184798,0.5086805197583236,0.304294160733459
LOG_Caco_AB,fus_GRMS_late_lgbm,3,1,1616,0.15671189580257927,0.5100963757320172,0.3135406496792494
LOG_Caco_AB,fus_GRMS_late_lgbm,3,2,1616,0.1795442606454971,0.5128958090479553,0.3082047740486155
LOG_Caco_AB,fus_GRMS_late_lgbm,3,3,1616,0.1817757561282446,0.5263994272334255,0.3036436661318719
LOG_Caco_AB,fus_GRMS_late_lgbm,3,4,1616,0.19553491768539666,0.5002335342350929,0.30793707628978456
LOG_Caco_AB,fus_GRMS_late_lgbm,4,0,1616,0.14749645575911174,0.5039713422216858,0.3133657823187675
LOG_Caco_AB,fus_GRMS_late_lgbm,4,1,1616,0.17149991502108752,0.503015948980658,0.3093411444952997
LOG_Caco_AB,fus_GRMS_late_lgbm,4,2,1616,0.03721415443271836,0.49666183087004484,0.335075592409071
LOG_Caco_AB,fus_GRMS_late_lgbm,4,3,1616,0.15122902851470987,0.497967714523615,0.3114322436117048
LOG_Caco_AB,fus_GRMS_late_lgbm,4,4,1616,0.24121026265432277,0.5437972901943732,0.2960204105813107
LOG_Caco_AB,fus_GRM_early_lgbm,0,0,1616,0.17014971607714002,0.5136538068362061,0.3147233141443629
LOG_Caco_AB,fus_GRM_early_lgbm,0,1,1616,0.19641203023542264,0.5199966487249302,0.30848069858100674
LOG_Caco_AB,fus_GRM_early_lgbm,0,2,1616,0.0880364572062966,0.44117039144598036,0.32635027538775574
LOG_Caco_AB,fus_GRM_early_lgbm,0,3,1616,0.10843805483055724,0.5161364565238185,0.3234731766653675
LOG_Caco_AB,fus_GRM_early_lgbm,0,4,1616,0.12140537886465319,0.4919948132655322,0.32282315973503894
LOG_Caco_AB,fus_GRM_early_lgbm,1,0,1616,0.2393731096362225,0.5356320552480721,0.30262926242777
LOG_Caco_AB,fus_GRM_early_lgbm,1,1,1616,0.19809575098472088,0.5244081380718592,0.31153752433296794
LOG_Caco_AB,fus_GRM_early_lgbm,1,2,1616,0.09840550534313597,0.45648383865589154,0.3276066823024801
LOG_Caco_AB,fus_GRM_early_lgbm,1,3,1616,0.155902996742041,0.4980694592635249,0.3179627365054627
LOG_Caco_AB,fus_GRM_early_lgbm,1,4,1616,0.1930407252367048,0.5467370189896853,0.30915346516263065
LOG_Caco_AB,fus_GRM_early_lgbm,2,0,1616,0.07336600122928993,0.48554883884508576,0.32832004278275134
LOG_Caco_AB,fus_GRM_early_lgbm,2,1,1616,0.12994016806881692,0.4846789754914457,0.3219347517102557
LOG_Caco_AB,fus_GRM_early_lgbm,2,2,1616,0.024240347083385405,0.4392925180671801,0.33810086230073366
LOG_Caco_AB,fus_GRM_early_lgbm,2,3,1616,0.21935276733467102,0.5218333893938684,0.30339486183908254
LOG_Caco_AB,fus_GRM_early_lgbm,2,4,1616,0.15603940704145614,0.49461310488653065,0.3162219340886509
LOG_Caco_AB,fus_GRM_early_lgbm,3,0,1616,0.19603211682501032,0.5220402734887192,0.3088299450496778
LOG_Caco_AB,fus_GRM_early_lgbm,3,1,1616,0.13790039365406737,0.5207455836605155,0.3199344597942278
LOG_Caco_AB,fus_GRM_early_lgbm,3,2,1616,0.16804575059778537,0.5086460555902967,0.31592168350994404
LOG_Caco_AB,fus_GRM_early_lgbm,3,3,1616,0.17496991967655273,0.49806283631873477,0.31349326234920666
LOG_Caco_AB,fus_GRM_early_lgbm,3,4,1616,0.17699927207188482,0.48351750829228074,0.3141003642939342
LOG_Caco_AB,fus_GRM_early_lgbm,4,0,1616,0.15213140580005002,0.5021117165791895,0.3178619990621881
LOG_Caco_AB,fus_GRM_early_lgbm,4,1,1616,0.20775331969458533,0.522827915488975,0.308950194038521
LOG_Caco_AB,fus_GRM_early_lgbm,4,2,1616,0.14087317421981882,0.5056088788960579,0.3196278887638527
LOG_Caco_AB,fus_GRM_early_lgbm,4,3,1616,0.10843060908926305,0.450688976886132,0.3252099836695526
LOG_Caco_AB,fus_GRM_early_lgbm,4,4,1616,0.21708193008300813,0.5394542323458107,0.30800047456414087
LOG_Caco_AB,fus_GRM_late_lgbm,0,0,1616,0.03641692149509068,0.38763106635242833,0.3338968796788098
LOG_Caco_AB,fus_GRM_late_lgbm,0,1,1616,0.2674207785660282,0.5306947036946936,0.2882787932472991
LOG_Caco_AB,fus_GRM_late_lgbm,0,2,1616,0.20772161766203168,0.5020491776623223,0.3010217892554345
LOG_Caco_AB,fus_GRM_late_lgbm,0,3,1616,0.16603927044179745,0.5205667601789385,0.30470289066155776
LOG_Caco_AB,fus_GRM_late_lgbm,0,4,1616,0.09603903936013702,0.4522889346960173,0.32148697054766107
LOG_Caco_AB,fus_GRM_late_lgbm,1,0,1616,0.2933145572768662,0.5547423617862776,0.2842396350573713
LOG_Caco_AB,fus_GRM_late_lgbm,1,1,1616,0.06872984836632934,0.4235926438738805,0.32658743737568946
LOG_Caco_AB,fus_GRM_late_lgbm,1,2,1616,0.042009954240170955,0.44480418250401893,0.33286686310921865
LOG_Caco_AB,fus_GRM_late_lgbm,1,3,1616,0.2839534098941672,0.5381237262304049,0.2893585619998951
LOG_Caco_AB,fus_GRM_late_lgbm,1,4,1616,0.10733923694008429,0.49639783986808406,0.3215408186390464
LOG_Caco_AB,fus_GRM_late_lgbm,2,0,1616,0.06759834873416981,0.4786496577155423,0.3252924169437654
LOG_Caco_AB,fus_GRM_late_lgbm,2,1,1616,0.2001588786157671,0.5118307033527815,0.30395772873479543
LOG_Caco_AB,fus_GRM_late_lgbm,2,2,1616,0.12112679232860524,0.4910327770211896,0.32059967661192534
LOG_Caco_AB,fus_GRM_late_lgbm,2,3,1616,0.2276581261024051,0.526790528027143,0.2945151330988854
LOG_Caco_AB,fus_GRM_late_lgbm,2,4,1616,0.09864085690921476,0.4525012488087363,0.3220005667427096
LOG_Caco_AB,fus_GRM_late_lgbm,3,0,1616,0.14423882964771761,0.4688473895802358,0.3136808324275001
LOG_Caco_AB,fus_GRM_late_lgbm,3,1,1616,0.2453697805061671,0.5495669528204867,0.29739797025507836
LOG_Caco_AB,fus_GRM_late_lgbm,3,2,1616,0.08311752834222552,0.47817689643916217,0.32480872202658634
LOG_Caco_AB,fus_GRM_late_lgbm,3,3,1616,0.1230106568242092,0.5015536319194994,0.31382183126261054
LOG_Caco_AB,fus_GRM_late_lgbm,3,4,1616,0.2680814310571902,0.5442478525411634,0.2941498274330123
LOG_Caco_AB,fus_GRM_late_lgbm,4,0,1616,0.24729271972643863,0.5322039296960843,0.2969240098499257
LOG_Caco_AB,fus_GRM_late_lgbm,4,1,1616,0.10427621818092259,0.4756598953083322,0.3209894088668613
LOG_Caco_AB,fus_GRM_late_lgbm,4,2,1616,-0.0959694453480473,0.446304273076488,0.3565816512706622
LOG_Caco_AB,fus_GRM_late_lgbm,4,3,1616,0.20808262310165693,0.5128091608150144,0.3002804175392594
LOG_Caco_AB,fus_GRM_late_lgbm,4,4,1616,0.2186121177887107,0.5226222111125679,0.30075689786652215
LOG_Caco_AB,fus_GRS_early_lgbm,0,0,1616,0.12314460571767827,0.4592954679692047,0.3230789864440638
LOG_Caco_AB,fus_GRS_early_lgbm,0,1,1616,0.15769356359708397,0.4459964281238887,0.30968278012338374
LOG_Caco_AB,fus_GRS_early_lgbm,0,2,1616,0.14944411875742802,0.4525796905828808,0.31967554737784815
LOG_Caco_AB,fus_GRS_early_lgbm,0,3,1616,-0.11031682952981225,0.3504844036513103,0.34312127466250186
LOG_Caco_AB,fus_GRS_early_lgbm,0,4,1616,0.07081857096482946,0.42060573607934176,0.3296784505133525
LOG_Caco_AB,fus_GRS_early_lgbm,1,0,1616,0.08405282931598668,0.39168600307783563,0.32358585222087766
LOG_Caco_AB,fus_GRS_early_lgbm,1,1,1616,0.09776661487880045,0.4704911969118385,0.3197589116638537
LOG_Caco_AB,fus_GRS_early_lgbm,1,2,1616,0.09547573141778998,0.3813594125167341,0.32607526969883577
LOG_Caco_AB,fus_GRS_early_lgbm,1,3,1616,0.12215934496877423,0.4136159412806677,0.32327544253522134
LOG_Caco_AB,fus_GRS_early_lgbm,1,4,1616,0.10728575697254739,0.43135208422642196,0.32355864584129834
LOG_Caco_AB,fus_GRS_early_lgbm,2,0,1616,0.09977821896918959,0.4273788447943427,0.32363071107740193
LOG_Caco_AB,fus_GRS_early_lgbm,2,1,1616,-0.1783398524948343,0.3172826343830911,0.36311665537947485
LOG_Caco_AB,fus_GRS_early_lgbm,2,2,1616,-0.022106212122110946,0.38342340425407406,0.34736070731441576
LOG_Caco_AB,fus_GRS_early_lgbm,2,3,1616,-0.3078399787366324,0.33734752720525846,0.37959078367932103
LOG_Caco_AB,fus_GRS_early_lgbm,2,4,1616,0.09280584262733083,0.4353971503131749,0.322697826692839
LOG_Caco_AB,fus_GRS_early_lgbm,3,0,1616,0.12063458707230879,0.4087568918261373,0.3228031068368269
LOG_Caco_AB,fus_GRS_early_lgbm,3,1,1616,0.031851401811457625,0.43396324318698104,0.33614422515151765
LOG_Caco_AB,fus_GRS_early_lgbm,3,2,1616,0.09071464741371082,0.48207670273992276,0.3201465349002432
LOG_Caco_AB,fus_GRS_early_lgbm,3,3,1616,-0.05357022592048599,0.3881968260361377,0.3507677192438108
LOG_Caco_AB,fus_GRS_early_lgbm,3,4,1616,0.08231337361872015,0.401562594871178,0.3279695140799182
LOG_Caco_AB,fus_GRS_early_lgbm,4,0,1616,0.12695767066077823,0.4217060834715232,0.32048033583998514
LOG_Caco_AB,fus_GRS_early_lgbm,4,1,1616,-0.04510732333809897,0.3506091052350185,0.34845820866024324
LOG_Caco_AB,fus_GRS_early_lgbm,4,2,1616,-0.19649298434261953,0.3447168129772022,0.36471242887107225
LOG_Caco_AB,fus_GRS_early_lgbm,4,3,1616,0.022036010548977414,0.40958074812780493,0.3311012488880822
LOG_Caco_AB,fus_GRS_early_lgbm,4,4,1616,0.13919199241284974,0.4377375369456395,0.32060690262441394
LOG_Caco_AB,fus_GRS_late_lgbm,0,0,1616,0.22527196327969168,0.5110126179689903,0.2957524525899999
LOG_Caco_AB,fus_GRS_late_lgbm,0,1,1616,0.17776558597622938,0.4919589880199229,0.29868040303980564
LOG_Caco_AB,fus_GRS_late_lgbm,0,2,1616,0.24399595018471887,0.5182744495950571,0.2951716448420203
LOG_Caco_AB,fus_GRS_late_lgbm,0,3,1616,0.26276527167734764,0.5365619582710558,0.2904926717082474
LOG_Caco_AB,fus_GRS_late_lgbm,0,4,1616,0.07156433367739323,0.4205134548157379,0.3217034874444325
LOG_Caco_AB,fus_GRS_late_lgbm,1,0,1616,0.2477696430588171,0.5278809338850251,0.2901723026019306
LOG_Caco_AB,fus_GRS_late_lgbm,1,1,1616,0.1260970072553087,0.4680614943783423,0.3111749010650276
LOG_Caco_AB,fus_GRS_late_lgbm,1,2,1616,0.16441611938159617,0.47356890531749835,0.3041576545103819
LOG_Caco_AB,fus_GRS_late_lgbm,1,3,1616,0.17199926785662245,0.4615117452339498,0.30463389430239746
LOG_Caco_AB,fus_GRS_late_lgbm,1,4,1616,0.14917352025290442,0.49676046380564753,0.30669732717892245
LOG_Caco_AB,fus_GRS_late_lgbm,2,0,1616,0.2365756160483985,0.5209602722602853,0.2963914733660716
LOG_Caco_AB,fus_GRS_late_lgbm,2,1,1616,0.19098746461746374,0.47774917857835675,0.3000127068357657
LOG_Caco_AB,fus_GRS_late_lgbm,2,2,1616,0.14359624058134257,0.4757228420212944,0.3095683256734831
LOG_Caco_AB,fus_GRS_late_lgbm,2,3,1616,0.10739174088581593,0.43931785894681274,0.3107699364510571
LOG_Caco_AB,fus_GRS_late_lgbm,2,4,1616,0.2421219429444229,0.5594900930315477,0.29178859554963016
LOG_Caco_AB,fus_GRS_late_lgbm,3,0,1616,0.19018824855970273,0.5154982285203211,0.29555039254848764
LOG_Caco_AB,fus_GRS_late_lgbm,3,1,1616,0.2608968161757319,0.5513611588095402,0.29088726974342494
LOG_Caco_AB,fus_GRS_late_lgbm,3,2,1616,0.22338403501993087,0.520875109479898,0.2939079286540104
LOG_Caco_AB,fus_GRS_late_lgbm,3,3,1616,0.28935370072964606,0.5555239490547814,0.2835274995893674
LOG_Caco_AB,fus_GRS_late_lgbm,3,4,1616,0.2445219519457974,0.543001818784691,0.29406670541459723
LOG_Caco_AB,fus_GRS_late_lgbm,4,0,1616,0.22258907682275686,0.5062354321987754,0.2989521689512291
LOG_Caco_AB,fus_GRS_late_lgbm,4,1,1616,0.2029516761731277,0.4818337904114861,0.2993709614483162
LOG_Caco_AB,fus_GRS_late_lgbm,4,2,1616,0.17938974687191844,0.47898600164455263,0.30535649831480727
LOG_Caco_AB,fus_GRS_late_lgbm,4,3,1616,0.15157813518452334,0.4817266084071502,0.305021880435493
LOG_Caco_AB,fus_GRS_late_lgbm,4,4,1616,0.21253005917547385,0.5242185244614429,0.29795715709149556
LOG_Caco_AB,fus_GR_early_lgbm,0,0,1616,0.17366899986888196,0.47897778088843534,0.31604698901409783
LOG_Caco_AB,fus_GR_early_lgbm,0,1,1616,0.1899569814816009,0.48114686795251416,0.310590958064871
LOG_Caco_AB,fus_GR_early_lgbm,0,2,1616,0.11871165616491941,0.42887510249180216,0.32258102913846975
LOG_Caco_AB,fus_GR_early_lgbm,0,3,1616,0.11334326330897293,0.4982158320139209,0.3208765111542464
LOG_Caco_AB,fus_GR_early_lgbm,0,4,1616,0.11724643734074047,0.4153653916984798,0.3225644268113656
LOG_Caco_AB,fus_GR_early_lgbm,1,0,1616,0.21971072514347845,0.4854307435568022,0.30568892040563883
LOG_Caco_AB,fus_GR_early_lgbm,1,1,1616,0.19074306534193752,0.4852062771543275,0.31266757407354084
LOG_Caco_AB,fus_GR_early_lgbm,1,2,1616,0.06855176667903273,0.40133687984016114,0.33114924576455784
LOG_Caco_AB,fus_GR_early_lgbm,1,3,1616,0.11498096088480358,0.46500011976416233,0.3235086078813076
LOG_Caco_AB,fus_GR_early_lgbm,1,4,1616,0.1722006778720433,0.5104159540370142,0.31347290058261595
LOG_Caco_AB,fus_GR_early_lgbm,2,0,1616,0.14200548126506018,0.48402017904416295,0.31811655886331586
LOG_Caco_AB,fus_GR_early_lgbm,2,1,1616,0.17917607893986398,0.46736170065209154,0.3128632679439203
LOG_Caco_AB,fus_GR_early_lgbm,2,2,1616,0.09050086044630468,0.42753465056057416,0.32753453630782364
LOG_Caco_AB,fus_GR_early_lgbm,2,3,1616,0.17542439473250437,0.45816323593149066,0.3097072501268612
LOG_Caco_AB,fus_GR_early_lgbm,2,4,1616,0.1599707809835509,0.4737558976971455,0.31716414731340337
LOG_Caco_AB,fus_GR_early_lgbm,3,0,1616,0.16633860013752289,0.4456256974798202,0.3155399159480538
LOG_Caco_AB,fus_GR_early_lgbm,3,1,1616,0.1657043416234959,0.5007184923993456,0.3145390310740054
LOG_Caco_AB,fus_GR_early_lgbm,3,2,1616,0.15391905152884466,0.4511161218450844,0.3150660047492275
LOG_Caco_AB,fus_GR_early_lgbm,3,3,1616,0.18611596730649638,0.46763728817258066,0.3112312282508424
LOG_Caco_AB,fus_GR_early_lgbm,3,4,1616,0.15836036740385961,0.4395696464446056,0.31655359210280026
LOG_Caco_AB,fus_GR_early_lgbm,4,0,1616,0.13593826378054474,0.4586160740989829,0.32000697474694034
LOG_Caco_AB,fus_GR_early_lgbm,4,1,1616,0.18987258793007844,0.4616946393201208,0.31205631970678005
LOG_Caco_AB,fus_GR_early_lgbm,4,2,1616,0.12851658560842638,0.4398938535897694,0.3201515108747861
LOG_Caco_AB,fus_GR_early_lgbm,4,3,1616,0.09137756528595953,0.4083937293232657,0.32694062518927275
LOG_Caco_AB,fus_GR_early_lgbm,4,4,1616,0.21619907482567624,0.497264259662156,0.3070084331253327
LOG_Caco_AB,fus_GR_late_lgbm,0,0,1616,0.19688520638414464,0.482129200749104,0.3000664119492194
LOG_Caco_AB,fus_GR_late_lgbm,0,1,1616,0.1792509027635606,0.4910466910605636,0.2983210213897417
LOG_Caco_AB,fus_GR_late_lgbm,0,2,1616,0.23927781460378073,0.5118338575959188,0.2953365535427211
LOG_Caco_AB,fus_GR_late_lgbm,0,3,1616,0.2588073491840185,0.5408145913300677,0.2914493594477965
LOG_Caco_AB,fus_GR_late_lgbm,0,4,1616,0.06925274734208842,0.41559227100580165,0.3217430667243327
LOG_Caco_AB,fus_GR_late_lgbm,1,0,1616,0.23315134357542389,0.5125682385685508,0.2933168757308522
LOG_Caco_AB,fus_GR_late_lgbm,1,1,1616,0.08336779007724793,0.44382743320218926,0.31808050372863517
LOG_Caco_AB,fus_GR_late_lgbm,1,2,1616,0.14551194918353982,0.45836487550992666,0.30689262133497247
LOG_Caco_AB,fus_GR_late_lgbm,1,3,1616,0.1731320486558876,0.4620938616864903,0.3043834282992298
LOG_Caco_AB,fus_GR_late_lgbm,1,4,1616,0.11802706920261397,0.47667689636446076,0.31111171233905166
LOG_Caco_AB,fus_GR_late_lgbm,2,0,1616,0.18750832295083952,0.48688924410689083,0.3046655123205952
LOG_Caco_AB,fus_GR_late_lgbm,2,1,1616,0.17933280620952086,0.48110174726453825,0.3004610450736605
LOG_Caco_AB,fus_GR_late_lgbm,2,2,1616,0.1341245211998835,0.4671488613320674,0.31176888554032095
LOG_Caco_AB,fus_GR_late_lgbm,2,3,1616,0.09357312818318042,0.4341105216623914,0.311061358840234
LOG_Caco_AB,fus_GR_late_lgbm,2,4,1616,0.22139687643322326,0.5441392236946031,0.2958359330333225
LOG_Caco_AB,fus_GR_late_lgbm,3,0,1616,0.15022352383357052,0.4819509568862252,0.30276623846378176
LOG_Caco_AB,fus_GR_late_lgbm,3,1,1616,0.259352398413625,0.5492288541467841,0.2922182743096463
LOG_Caco_AB,fus_GR_late_lgbm,3,2,1616,0.16048585300196283,0.4704055200365048,0.3059410702049993
LOG_Caco_AB,fus_GR_late_lgbm,3,3,1616,0.28941720866409204,0.5548266212196729,0.2836736459837331
LOG_Caco_AB,fus_GR_late_lgbm,3,4,1616,0.23201719524604192,0.5314671071351684,0.29687346411283033
LOG_Caco_AB,fus_GR_late_lgbm,4,0,1616,0.22834635804930836,0.5109397336538185,0.2973981319365459
LOG_Caco_AB,fus_GR_late_lgbm,4,1,1616,0.18652515117220703,0.4695121568606213,0.3026589944152257
LOG_Caco_AB,fus_GR_late_lgbm,4,2,1616,0.19928429152038774,0.500969451470613,0.3009850679605858
LOG_Caco_AB,fus_GR_late_lgbm,4,3,1616,0.14009342979694162,0.47525870862214686,0.3077413316270462
LOG_Caco_AB,fus_GR_late_lgbm,4,4,1616,0.2146489648469616,0.5226130565983814,0.2981861413140563
LOG_Caco_AB,uni_G_lgbm,0,0,1616,-0.5820895959298664,0.15970175560086733,0.41980473129002654
LOG_Caco_AB,uni_G_lgbm,0,1,1616,-0.38227401297063546,0.24814961700081803,0.3941872310958593
LOG_Caco_AB,uni_G_lgbm,0,2,1616,-0.5160646666524282,0.189766951522086,0.41100799871005766
LOG_Caco_AB,uni_G_lgbm,0,3,1616,-0.3465645953402332,0.2925468010362331,0.3903482130315841
LOG_Caco_AB,uni_G_lgbm,0,4,1616,-0.5402415023231293,0.13214385551303331,0.4153055285359068
LOG_Caco_AB,uni_G_lgbm,1,0,1616,-0.3614371313838731,0.17480592938209383,0.3891360355263763
LOG_Caco_AB,uni_G_lgbm,1,1,1616,-0.49892863120771547,0.24079719633151458,0.41023604459969215
LOG_Caco_AB,uni_G_lgbm,1,2,1616,-0.4673407478722833,0.17918786945788334,0.4043496541195782
LOG_Caco_AB,uni_G_lgbm,1,3,1616,-0.7610122421377021,0.0966622233929261,0.4439558515425928
LOG_Caco_AB,uni_G_lgbm,1,4,1616,-0.5255800648215021,0.19472211112692367,0.41351561383111385
LOG_Caco_AB,uni_G_lgbm,2,0,1616,-0.5381811025677894,0.16893857269592513,0.41528714360905794
LOG_Caco_AB,uni_G_lgbm,2,1,1616,-0.46437045189158677,0.2193577448856067,0.40519462896944053
LOG_Caco_AB,uni_G_lgbm,2,2,1616,-0.574206797291319,0.15084404091728418,0.41690531620993776
LOG_Caco_AB,uni_G_lgbm,2,3,1616,-0.5068192538774798,0.16720306853372524,0.4101814283269218
LOG_Caco_AB,uni_G_lgbm,2,4,1616,-0.4634980317780244,0.1789133703410117,0.4039576664677248
LOG_Caco_AB,uni_G_lgbm,3,0,1616,-0.599862320070123,0.14135017302088393,0.4241189699317273
LOG_Caco_AB,uni_G_lgbm,3,1,1616,-0.5212913979961771,0.16143002331060866,0.4115029706102554
LOG_Caco_AB,uni_G_lgbm,3,2,1616,-0.5644765177891364,0.19463627213946097,0.4163959060281918
LOG_Caco_AB,uni_G_lgbm,3,3,1616,-0.514615534010455,0.19726115877962588,0.41082028528630193
LOG_Caco_AB,uni_G_lgbm,3,4,1616,-0.311680347123674,0.21098761704477972,0.38377068064893877
LOG_Caco_AB,uni_G_lgbm,4,0,1616,-0.3680476474200496,0.15535056411537368,0.39136042103869384
LOG_Caco_AB,uni_G_lgbm,4,1,1616,-0.437742641706816,0.19380680606949585,0.4027308845955487
LOG_Caco_AB,uni_G_lgbm,4,2,1616,-0.6717776158676743,0.24220689913591714,0.43577240209148754
LOG_Caco_AB,uni_G_lgbm,4,3,1616,-0.5070213229662037,0.15964976864835087,0.4116629651157388
LOG_Caco_AB,uni_G_lgbm,4,4,1616,-0.519177828832337,0.1868688664325088,0.41056885353232575
LOG_Caco_Efflux,fus_GRMS_early_lgbm,0,0,1616,-0.26492975316335476,0.347587614821478,0.457763242820605
LOG_Caco_Efflux,fus_GRMS_early_lgbm,0,1,1616,-0.0379874315822053,0.4514032691554321,0.41006348824420746
LOG_Caco_Efflux,fus_GRMS_early_lgbm,0,2,1616,0.06958471612889205,0.6034655247617189,0.38944793718381104
LOG_Caco_Efflux,fus_GRMS_early_lgbm,0,3,1616,0.08409257911007839,0.5551961461397468,0.38903202320079966
LOG_Caco_Efflux,fus_GRMS_early_lgbm,0,4,1616,-0.08222503566173178,0.502752111473847,0.4172447515781412
LOG_Caco_Efflux,fus_GRMS_early_lgbm,1,0,1616,0.005574240185355572,0.5008239306106135,0.40278176081586753
LOG_Caco_Efflux,fus_GRMS_early_lgbm,1,1,1616,-0.06515222734328763,0.3903288920353036,0.4296961354852026
LOG_Caco_Efflux,fus_GRMS_early_lgbm,1,2,1616,-0.023448783008149565,0.5839572455074683,0.4082377574704674
LOG_Caco_Efflux,fus_GRMS_early_lgbm,1,3,1616,0.06381630586126452,0.6305400704045993,0.39286197837546605
LOG_Caco_Efflux,fus_GRMS_early_lgbm,1,4,1616,0.05074563315709435,0.6186984538001026,0.39574557628945767
LOG_Caco_Efflux,fus_GRMS_early_lgbm,2,0,1616,-0.042186629684992205,0.43544403658019304,0.42356652537411876
LOG_Caco_Efflux,fus_GRMS_early_lgbm,2,1,1616,0.1409678407489552,0.5471139374062145,0.37837257487588866
LOG_Caco_Efflux,fus_GRMS_early_lgbm,2,2,1616,-0.09399424330173578,0.4541648169855985,0.42854689359267023
LOG_Caco_Efflux,fus_GRMS_early_lgbm,2,3,1616,-0.0629640614651974,0.44726159245920993,0.41878934806002976
LOG_Caco_Efflux,fus_GRMS_early_lgbm,2,4,1616,0.0737928489945332,0.6394764847661476,0.3870242369750896
LOG_Caco_Efflux,fus_GRMS_early_lgbm,3,0,1616,0.10437245048902499,0.535639018988342,0.3852323807093183
LOG_Caco_Efflux,fus_GRMS_early_lgbm,3,1,1616,0.055456238101057265,0.544235886290526,0.3971659022165675
LOG_Caco_Efflux,fus_GRMS_early_lgbm,3,2,1616,-0.08476970474756462,0.4334476015392322,0.42432937913078045
LOG_Caco_Efflux,fus_GRMS_early_lgbm,3,3,1616,0.0960210534873317,0.6076988268549908,0.38581397695612496
LOG_Caco_Efflux,fus_GRMS_early_lgbm,3,4,1616,0.019248545157402708,0.526446877804914,0.40119463206236483
LOG_Caco_Efflux,fus_GRMS_early_lgbm,4,0,1616,0.042296292053482065,0.6031054528786965,0.3946063853354079
LOG_Caco_Efflux,fus_GRMS_early_lgbm,4,1,1616,0.08418640910737396,0.5758358996471588,0.39110821177686694
LOG_Caco_Efflux,fus_GRMS_early_lgbm,4,2,1616,-0.16412925565721315,0.42692945383517994,0.43869584395018324
LOG_Caco_Efflux,fus_GRMS_early_lgbm,4,3,1616,-0.22276278832840268,0.43127059176570515,0.4518568619201634
LOG_Caco_Efflux,fus_GRMS_early_lgbm,4,4,1616,0.10528907563870082,0.5003818549784927,0.3843723167489872
LOG_Caco_Efflux,fus_GRMS_late_lgbm,0,0,1616,0.12763151405760864,0.5659650683539993,0.381669864939411
LOG_Caco_Efflux,fus_GRMS_late_lgbm,0,1,1616,0.11682764861142891,0.5789751765879817,0.3822121807432637
LOG_Caco_Efflux,fus_GRMS_late_lgbm,0,2,1616,0.1518665907868748,0.6213607836205544,0.37127769293581653
LOG_Caco_Efflux,fus_GRMS_late_lgbm,0,3,1616,0.17913380223856878,0.6206514365148333,0.3682442356726751
LOG_Caco_Efflux,fus_GRMS_late_lgbm,0,4,1616,0.12206970218932223,0.5824720209314571,0.38538393099266655
LOG_Caco_Efflux,fus_GRMS_late_lgbm,1,0,1616,0.23522846642741058,0.6296210591467667,0.3601265642057179
LOG_Caco_Efflux,fus_GRMS_late_lgbm,1,1,1616,0.1522009746801578,0.5728038270789907,0.37782351077270443
LOG_Caco_Efflux,fus_GRMS_late_lgbm,1,2,1616,0.06406163268363718,0.553821951379679,0.3917420730736583
LOG_Caco_Efflux,fus_GRMS_late_lgbm,1,3,1616,0.15525478563474915,0.6316844420268112,0.37483280444621
LOG_Caco_Efflux,fus_GRMS_late_lgbm,1,4,1616,0.25769200047081864,0.6345537538019459,0.35530329023081964
LOG_Caco_Efflux,fus_GRMS_late_lgbm,2,0,1616,0.13091908134052832,0.5841473115980949,0.3814288631856765
LOG_Caco_Efflux,fus_GRMS_late_lgbm,2,1,1616,0.13418808465009835,0.5758873247863605,0.3771000563324505
LOG_Caco_Efflux,fus_GRMS_late_lgbm,2,2,1616,0.0855646570426507,0.5612771229211829,0.39711766430278744
LOG_Caco_Efflux,fus_GRMS_late_lgbm,2,3,1616,0.22467880491159742,0.6056382867663468,0.3632894172206197
LOG_Caco_Efflux,fus_GRMS_late_lgbm,2,4,1616,0.15061489613410983,0.6214470712785035,0.3779776891317294
LOG_Caco_Efflux,fus_GRMS_late_lgbm,3,0,1616,0.16849666642879946,0.609636555097965,0.3746022495293291
LOG_Caco_Efflux,fus_GRMS_late_lgbm,3,1,1616,0.10867843228594176,0.5926627559963018,0.38270432414871763
LOG_Caco_Efflux,fus_GRMS_late_lgbm,3,2,1616,0.08518243688804339,0.5773912531166634,0.391533402708348
LOG_Caco_Efflux,fus_GRMS_late_lgbm,3,3,1616,0.11815637269727852,0.5770612906591306,0.381960028406922
LOG_Caco_Efflux,fus_GRMS_late_lgbm,3,4,1616,0.25695560731009226,0.6310486895995853,0.3598787983816559
LOG_Caco_Efflux,fus_GRMS_late_lgbm,4,0,1616,0.17994577412014434,0.6016059891422822,0.36604943442568194
LOG_Caco_Efflux,fus_GRMS_late_lgbm,4,1,1616,0.1763203292352984,0.5988175375946283,0.370130636698301
LOG_Caco_Efflux,fus_GRMS_late_lgbm,4,2,1616,-0.06756535959859811,0.5388297945052576,0.41901613686232314
LOG_Caco_Efflux,fus_GRMS_late_lgbm,4,3,1616,0.06458336649580321,0.5498415702920849,0.39353038044019345
LOG_Caco_Efflux,fus_GRMS_late_lgbm,4,4,1616,0.21937035874269473,0.6248021074419824,0.36777879690040877
LOG_Caco_Efflux,fus_GRM_early_lgbm,0,0,1616,0.03468343250477768,0.612814530868729,0.3931133726507067
LOG_Caco_Efflux,fus_GRM_early_lgbm,0,1,1616,0.0005829921738171873,0.5969035496146494,0.40565913563103484
LOG_Caco_Efflux,fus_GRM_early_lgbm,0,2,1616,0.04036819175699924,0.6095732810064197,0.3936409355626628
LOG_Caco_Efflux,fus_GRM_early_lgbm,0,3,1616,0.13266162598431364,0.651055317893213,0.3745653372366704
LOG_Caco_Efflux,fus_GRM_early_lgbm,0,4,1616,0.04697995747190431,0.6223291366657389,0.39438154302098366
LOG_Caco_Efflux,fus_GRM_early_lgbm,1,0,1616,0.12527578419356455,0.6343482537541061,0.3782118984640075
LOG_Caco_Efflux,fus_GRM_early_lgbm,1,1,1616,0.025270365026815345,0.6102925579181804,0.3962908378546706
LOG_Caco_Efflux,fus_GRM_early_lgbm,1,2,1616,-0.07377748931728179,0.5650561641645687,0.41637878969857145
LOG_Caco_Efflux,fus_GRM_early_lgbm,1,3,1616,0.030962659332132825,0.6226750617009378,0.39850883852727875
LOG_Caco_Efflux,fus_GRM_early_lgbm,1,4,1616,-0.05037143854309711,0.594183625000199,0.4121511185850364
LOG_Caco_Efflux,fus_GRM_early_lgbm,2,0,1616,0.048156725397302313,0.6289835345692811,0.3897429375538517
LOG_Caco_Efflux,fus_GRM_early_lgbm,2,1,1616,0.012029673070169111,0.6023413285027938,0.3964917220205416
LOG_Caco_Efflux,fus_GRM_early_lgbm,2,2,1616,-0.011196494111122446,0.6061754875658695,0.4077469102627114
LOG_Caco_Efflux,fus_GRM_early_lgbm,2,3,1616,0.01527580215076163,0.5979820241296736,0.4004017266932228
LOG_Caco_Efflux,fus_GRM_early_lgbm,2,4,1616,0.0504279601883737,0.6238685511528128,0.3906323758091721
LOG_Caco_Efflux,fus_GRM_early_lgbm,3,0,1616,-0.006760468980404832,0.6041082936833824,0.4017739558869534
LOG_Caco_Efflux,fus_GRM_early_lgbm,3,1,1616,-0.03520520999470311,0.5875335060462086,0.4081854388903083
LOG_Caco_Efflux,fus_GRM_early_lgbm,3,2,1616,0.09046706759755285,0.6238039147473515,0.38303111068908186
LOG_Caco_Efflux,fus_GRM_early_lgbm,3,3,1616,0.017679983166400737,0.6215394987916211,0.3980934518374628
LOG_Caco_Efflux,fus_GRM_early_lgbm,3,4,1616,0.12097064383590739,0.6205025956179554,0.37726707820542604
LOG_Caco_Efflux,fus_GRM_early_lgbm,4,0,1616,0.08606712215723955,0.6079787864911311,0.3851082746870374
LOG_Caco_Efflux,fus_GRM_early_lgbm,4,1,1616,0.05598352442005994,0.6095175931441711,0.3909330513404493
LOG_Caco_Efflux,fus_GRM_early_lgbm,4,2,1616,-0.06805573414568156,0.5893966580165789,0.412796946120481
LOG_Caco_Efflux,fus_GRM_early_lgbm,4,3,1616,-0.029563159667631567,0.5755729409962431,0.4099836082631125
LOG_Caco_Efflux,fus_GRM_early_lgbm,4,4,1616,0.013761048938121134,0.6046653283902871,0.4004771794416468
LOG_Caco_Efflux,fus_GRM_late_lgbm,0,0,1616,0.12183225249384178,0.564112176305843,0.38309078418435694
LOG_Caco_Efflux,fus_GRM_late_lgbm,0,1,1616,0.1674881665792246,0.6281463718927907,0.36785212180534443
LOG_Caco_Efflux,fus_GRM_late_lgbm,0,2,1616,0.15211941335168067,0.6175704453034041,0.37126519260692803
LOG_Caco_Efflux,fus_GRM_late_lgbm,0,3,1616,0.17723399658675343,0.6220594905267862,0.36860611774662816
LOG_Caco_Efflux,fus_GRM_late_lgbm,0,4,1616,0.08318911393784134,0.6077263837457769,0.38901464311354544
LOG_Caco_Efflux,fus_GRM_late_lgbm,1,0,1616,0.22002686826031248,0.6540017015537919,0.35990023892392725
LOG_Caco_Efflux,fus_GRM_late_lgbm,1,1,1616,0.15019565990383787,0.5727512514120758,0.377851102484678
LOG_Caco_Efflux,fus_GRM_late_lgbm,1,2,1616,0.06392937059085813,0.5555709739068402,0.39119780530991616
LOG_Caco_Efflux,fus_GRM_late_lgbm,1,3,1616,0.14937312912209433,0.6556653771512768,0.37435299009698225
LOG_Caco_Efflux,fus_GRM_late_lgbm,1,4,1616,0.2635682348975885,0.6323841580289629,0.35439297910119827
LOG_Caco_Efflux,fus_GRM_late_lgbm,2,0,1616,0.11564127908693944,0.5791863582363738,0.38420334607935147
LOG_Caco_Efflux,fus_GRM_late_lgbm,2,1,1616,0.13606390888395847,0.5763439408342709,0.37700890754897043
LOG_Caco_Efflux,fus_GRM_late_lgbm,2,2,1616,0.04476500515156534,0.5758600760612972,0.40301082512108355
LOG_Caco_Efflux,fus_GRM_late_lgbm,2,3,1616,0.22379498848035206,0.6069888597003973,0.3640455284803373
LOG_Caco_Efflux,fus_GRM_late_lgbm,2,4,1616,0.1577659549841981,0.619339580900266,0.37707436803703936
LOG_Caco_Efflux,fus_GRM_late_lgbm,3,0,1616,0.1772041812363937,0.6132218396118623,0.3731866890400055
LOG_Caco_Efflux,fus_GRM_late_lgbm,3,1,1616,0.1059396471713131,0.6251577097708586,0.38096689708430753
LOG_Caco_Efflux,fus_GRM_late_lgbm,3,2,1616,0.08913407287177133,0.5808341948027556,0.39031420843301906
LOG_Caco_Efflux,fus_GRM_late_lgbm,3,3,1616,0.11124771663882715,0.5713517471494967,0.38323589257704116
LOG_Caco_Efflux,fus_GRM_late_lgbm,3,4,1616,0.24419868012162238,0.6459496001306705,0.3577215714192286
LOG_Caco_Efflux,fus_GRM_late_lgbm,4,0,1616,0.19346137188935908,0.637423280159372,0.360980793242262
LOG_Caco_Efflux,fus_GRM_late_lgbm,4,1,1616,0.1824597241842214,0.6015599873543335,0.3688203030085496
LOG_Caco_Efflux,fus_GRM_late_lgbm,4,2,1616,-0.07249994019347672,0.5340953010501086,0.42001800757529506
LOG_Caco_Efflux,fus_GRM_late_lgbm,4,3,1616,0.08277267583944703,0.6011866826685904,0.3872428336595949
LOG_Caco_Efflux,fus_GRM_late_lgbm,4,4,1616,0.21240801874131532,0.6200687319665469,0.36970745003957356
LOG_Caco_Efflux,fus_GRS_early_lgbm,0,0,1616,-0.25290951168633935,0.3440356918119611,0.45658329820793764
LOG_Caco_Efflux,fus_GRS_early_lgbm,0,1,1616,-0.02860267766458291,0.44598288160233485,0.4103979312217485
LOG_Caco_Efflux,fus_GRS_early_lgbm,0,2,1616,-0.0212625882708255,0.5509734687578884,0.40623144173053916
LOG_Caco_Efflux,fus_GRS_early_lgbm,0,3,1616,0.01001101137059468,0.5222267689820196,0.40372567312249924
LOG_Caco_Efflux,fus_GRS_early_lgbm,0,4,1616,-0.13997856261575214,0.42443181142044173,0.42987049727626064
LOG_Caco_Efflux,fus_GRS_early_lgbm,1,0,1616,-0.017100500951439113,0.48395131983684725,0.4077037016469179
LOG_Caco_Efflux,fus_GRS_early_lgbm,1,1,1616,-0.04365335618274768,0.3880123082085546,0.42649020019341105
LOG_Caco_Efflux,fus_GRS_early_lgbm,1,2,1616,-0.051631254698674356,0.5454311001506059,0.4131789842456355
LOG_Caco_Efflux,fus_GRS_early_lgbm,1,3,1616,-0.015166813189466888,0.5852857152110189,0.40871066334883077
LOG_Caco_Efflux,fus_GRS_early_lgbm,1,4,1616,-0.033468232920144336,0.5314659215844689,0.41256961778107143
LOG_Caco_Efflux,fus_GRS_early_lgbm,2,0,1616,-0.03312207644273846,0.4461486621671345,0.42226353807531297
LOG_Caco_Efflux,fus_GRS_early_lgbm,2,1,1616,0.10164587583520002,0.5095143331617754,0.38893202785869485
LOG_Caco_Efflux,fus_GRS_early_lgbm,2,2,1616,-0.17492961018196973,0.39399944501281137,0.44286041984850466
LOG_Caco_Efflux,fus_GRS_early_lgbm,2,3,1616,-0.11177179966561845,0.3848925302725928,0.4240412497800002
LOG_Caco_Efflux,fus_GRS_early_lgbm,2,4,1616,-0.0002844685128300384,0.5463645163241222,0.4036540582539162
LOG_Caco_Efflux,fus_GRS_early_lgbm,3,0,1616,0.0434653985310689,0.4965482394742305,0.3950199923754747
LOG_Caco_Efflux,fus_GRS_early_lgbm,3,1,1616,0.05205340311200879,0.5134111819099928,0.39978670383033155
LOG_Caco_Efflux,fus_GRS_early_lgbm,3,2,1616,-0.0823672134049569,0.42326433844748623,0.4254982341455795
LOG_Caco_Efflux,fus_GRS_early_lgbm,3,3,1616,0.010341752899532985,0.5702431093170762,0.40047303638349274
LOG_Caco_Efflux,fus_GRS_early_lgbm,3,4,1616,-0.10981886114878914,0.44343901440688205,0.42358936663264807
LOG_Caco_Efflux,fus_GRS_early_lgbm,4,0,1616,0.09034100454379357,0.6054649701449735,0.38312356038924894
LOG_Caco_Efflux,fus_GRS_early_lgbm,4,1,1616,-0.06561011970096842,0.4543568634654057,0.4243680127018082
LOG_Caco_Efflux,fus_GRS_early_lgbm,4,2,1616,-0.21819779798658878,0.35182933903546587,0.4506233142828519
LOG_Caco_Efflux,fus_GRS_early_lgbm,4,3,1616,-0.267478382960572,0.39983323883294897,0.46216804397379924
LOG_Caco_Efflux,fus_GRS_early_lgbm,4,4,1616,0.08912515585833436,0.49193313131949207,0.389264948264127
LOG_Caco_Efflux,fus_GRS_late_lgbm,0,0,1616,0.04289444737390202,0.5555446433374197,0.3885309700055026
LOG_Caco_Efflux,fus_GRS_late_lgbm,0,1,1616,0.13943072364868847,0.6200363351397357,0.3701654594025243
LOG_Caco_Efflux,fus_GRS_late_lgbm,0,2,1616,0.08103269760468734,0.5777979030147885,0.38427067728457853
LOG_Caco_Efflux,fus_GRS_late_lgbm,0,3,1616,0.11965668171810384,0.6028554714467311,0.37928059494187366
LOG_Caco_Efflux,fus_GRS_late_lgbm,0,4,1616,-0.09950868868993479,0.48838412053063923,0.4229064365732924
LOG_Caco_Efflux,fus_GRS_late_lgbm,1,0,1616,0.1306703347891216,0.6137937641305914,0.37189245201658844
LOG_Caco_Efflux,fus_GRS_late_lgbm,1,1,1616,0.005757114862075419,0.5159852267054436,0.4039935464636791
LOG_Caco_Efflux,fus_GRS_late_lgbm,1,2,1616,0.06148653397661008,0.6072532184568784,0.387395608283794
LOG_Caco_Efflux,fus_GRS_late_lgbm,1,3,1616,0.04096185080315218,0.5630537548327688,0.39598640265799884
LOG_Caco_Efflux,fus_GRS_late_lgbm,1,4,1616,0.03191658154111032,0.5588833336844272,0.39447565007011987
LOG_Caco_Efflux,fus_GRS_late_lgbm,2,0,1616,0.15913446022302924,0.6128460537473907,0.37008450065912013
LOG_Caco_Efflux,fus_GRS_late_lgbm,2,1,1616,0.026874917930323705,0.5490340425187986,0.3965425095370111
LOG_Caco_Efflux,fus_GRS_late_lgbm,2,2,1616,-0.2575879274650583,0.41436124536579433,0.45742145660545824
LOG_Caco_Efflux,fus_GRS_late_lgbm,2,3,1616,0.1284144965980133,0.5795512187118054,0.37057193982700437
LOG_Caco_Efflux,fus_GRS_late_lgbm,2,4,1616,0.01621174258912661,0.5865658695269663,0.3988167153855466
LOG_Caco_Efflux,fus_GRS_late_lgbm,3,0,1616,0.04586901102884722,0.5589646681701101,0.39304962852776976
LOG_Caco_Efflux,fus_GRS_late_lgbm,3,1,1616,0.003060531115858689,0.5587418736526628,0.4007202002071476
LOG_Caco_Efflux,fus_GRS_late_lgbm,3,2,1616,0.10928446545170989,0.5969246507679717,0.379209230365536
LOG_Caco_Efflux,fus_GRS_late_lgbm,3,3,1616,0.10846893604017971,0.6032407571409556,0.3779559529554467
LOG_Caco_Efflux,fus_GRS_late_lgbm,3,4,1616,0.16087006079847244,0.5823399255596742,0.3670554463746182
LOG_Caco_Efflux,fus_GRS_late_lgbm,4,0,1616,0.1166747926108136,0.6370615352582858,0.37465701193386464
LOG_Caco_Efflux,fus_GRS_late_lgbm,4,1,1616,0.17960531607398,0.5693872879414851,0.37258989825163774
LOG_Caco_Efflux,fus_GRS_late_lgbm,4,2,1616,0.03468634578978469,0.5752384381270206,0.39044910001296707
LOG_Caco_Efflux,fus_GRS_late_lgbm,4,3,1616,-0.012628176391040746,0.5379583812323476,0.4082234190017615
LOG_Caco_Efflux,fus_GRS_late_lgbm,4,4,1616,0.18280267465467137,0.6282025245929385,0.36632249937629185
LOG_Caco_Efflux,fus_GR_early_lgbm,0,0,1616,-0.1550356826953292,0.5799477699010219,0.4301022303310887
LOG_Caco_Efflux,fus_GR_early_lgbm,0,1,1616,-0.13091169918421253,0.5917216686842258,0.42803501183762843
LOG_Caco_Efflux,fus_GR_early_lgbm,0,2,1616,-0.10428425532918895,0.5751734053116652,0.42028294958898227
LOG_Caco_Efflux,fus_GR_early_lgbm,0,3,1616,-0.08385181797197583,0.6078822935585387,0.4170875421891211
LOG_Caco_Efflux,fus_GR_early_lgbm,0,4,1616,-0.25558694657694736,0.5643773858664927,0.4503686448940646
LOG_Caco_Efflux,fus_GR_early_lgbm,1,0,1616,-0.08284038840055818,0.5989093524333289,0.4168235010962018
LOG_Caco_Efflux,fus_GR_early_lgbm,1,1,1616,-0.10268178271474704,0.5966968332963394,0.42091724843998357
LOG_Caco_Efflux,fus_GR_early_lgbm,1,2,1616,-0.18402680379666858,0.5817063081075068,0.4350761048013017
LOG_Caco_Efflux,fus_GR_early_lgbm,1,3,1616,-0.20714672702842218,0.5995378634884324,0.4406524681705306
LOG_Caco_Efflux,fus_GR_early_lgbm,1,4,1616,-0.11911957048802568,0.5811390562207045,0.42362251517590915
LOG_Caco_Efflux,fus_GR_early_lgbm,2,0,1616,-0.08745987712532721,0.5851023288812245,0.4158170754574286
LOG_Caco_Efflux,fus_GR_early_lgbm,2,1,1616,-0.13958690709892618,0.5666074466212868,0.4280875971589977
LOG_Caco_Efflux,fus_GR_early_lgbm,2,2,1616,-0.2270629916560032,0.5606081456049788,0.44987031053121246
LOG_Caco_Efflux,fus_GR_early_lgbm,2,3,1616,-0.08167026490614315,0.5913529143277595,0.4191932375930729
LOG_Caco_Efflux,fus_GR_early_lgbm,2,4,1616,-0.14427272987757345,0.5737698633597605,0.42844680215110553
LOG_Caco_Efflux,fus_GR_early_lgbm,3,0,1616,-0.21141649352913294,0.5844204819391335,0.43999622880552663
LOG_Caco_Efflux,fus_GR_early_lgbm,3,1,1616,-0.1567553341108252,0.5700086570137112,0.4300793816294626
LOG_Caco_Efflux,fus_GR_early_lgbm,3,2,1616,-0.0325244025292073,0.603439735705468,0.40623912913321925
LOG_Caco_Efflux,fus_GR_early_lgbm,3,3,1616,-0.14092113720943167,0.5807742225791351,0.4292480211199734
LOG_Caco_Efflux,fus_GR_early_lgbm,3,4,1616,-0.10692510619483153,0.5598731666582446,0.4247822922325922
LOG_Caco_Efflux,fus_GR_early_lgbm,4,0,1616,-0.08528090348759476,0.5826351338569318,0.41685648950237636
LOG_Caco_Efflux,fus_GR_early_lgbm,4,1,1616,-0.15471035704528213,0.5829007442243914,0.4333471651928925
LOG_Caco_Efflux,fus_GR_early_lgbm,4,2,1616,-0.14580029547867546,0.584841728337716,0.4261649564978467
LOG_Caco_Efflux,fus_GR_early_lgbm,4,3,1616,-0.23427084861444558,0.549582129652944,0.4468843452875849
LOG_Caco_Efflux,fus_GR_early_lgbm,4,4,1616,-0.09537077980612696,0.5930417841379776,0.41971666507876915
LOG_Caco_Efflux,fus_GR_late_lgbm,0,0,1616,0.03761596745004059,0.5431740562710863,0.3891070029006193
LOG_Caco_Efflux,fus_GR_late_lgbm,0,1,1616,0.17190303811405383,0.6111181380625607,0.3636514503198445
LOG_Caco_Efflux,fus_GR_late_lgbm,0,2,1616,0.06878698681293038,0.5549456619215561,0.38938674196634493
LOG_Caco_Efflux,fus_GR_late_lgbm,0,3,1616,0.12280619332744291,0.5902287381026114,0.3795863384652792
LOG_Caco_Efflux,fus_GR_late_lgbm,0,4,1616,-0.11267074423872758,0.4528086353378048,0.4263162798052721
LOG_Caco_Efflux,fus_GR_late_lgbm,1,0,1616,0.1125100668735326,0.5843977672386701,0.37525158385608026
LOG_Caco_Efflux,fus_GR_late_lgbm,1,1,1616,0.09199835092984665,0.5374967739646539,0.381414762223748
LOG_Caco_Efflux,fus_GR_late_lgbm,1,2,1616,0.04438399059490117,0.5771988392362923,0.3913940012155748
LOG_Caco_Efflux,fus_GR_late_lgbm,1,3,1616,0.060921850049681425,0.5464895878938067,0.39303040811860274
LOG_Caco_Efflux,fus_GR_late_lgbm,1,4,1616,0.030270718368238247,0.5418648414560735,0.3960955485912542
LOG_Caco_Efflux,fus_GR_late_lgbm,2,0,1616,0.19109244682999393,0.5960408592678658,0.3597095420821573
LOG_Caco_Efflux,fus_GR_late_lgbm,2,1,1616,0.0022488665036726196,0.5289384068134694,0.40050191573473837
LOG_Caco_Efflux,fus_GR_late_lgbm,2,2,1616,-0.2937910827992605,0.3617904176330989,0.46767485409054627
LOG_Caco_Efflux,fus_GR_late_lgbm,2,3,1616,0.1020194832261655,0.5338082952878448,0.3756538293928932
LOG_Caco_Efflux,fus_GR_late_lgbm,2,4,1616,-0.004940929629658308,0.5576126765283995,0.4049957970282849
LOG_Caco_Efflux,fus_GR_late_lgbm,3,0,1616,0.018706678215775874,0.5390887593670124,0.39959796935461456
LOG_Caco_Efflux,fus_GR_late_lgbm,3,1,1616,0.013912453270378822,0.5502351783426623,0.3985920322626755
LOG_Caco_Efflux,fus_GR_late_lgbm,3,2,1616,0.1371884067335133,0.5864674350974626,0.3696300740313924
LOG_Caco_Efflux,fus_GR_late_lgbm,3,3,1616,0.12798101282207652,0.5912289631415081,0.3745998300478896
LOG_Caco_Efflux,fus_GR_late_lgbm,3,4,1616,0.1583019324198267,0.5692235368827238,0.3685637261618493
LOG_Caco_Efflux,fus_GR_late_lgbm,4,0,1616,0.13058048108290177,0.621785056916783,0.3737157747557052
LOG_Caco_Efflux,fus_GR_late_lgbm,4,1,1616,0.1697346148854455,0.5617435794574138,0.3746542673057036
LOG_Caco_Efflux,fus_GR_late_lgbm,4,2,1616,0.008941989703701747,0.5479287197531139,0.39437814689924866
LOG_Caco_Efflux,fus_GR_late_lgbm,4,3,1616,-0.0023194408932325494,0.5225123370329066,0.4061947695092211
LOG_Caco_Efflux,fus_GR_late_lgbm,4,4,1616,0.1782957350258515,0.6161689383078853,0.36616448595571394
LOG_Caco_Efflux,uni_G_lgbm,0,0,1616,-0.47045497503137357,0.3175606138475649,0.48276391987516326
LOG_Caco_Efflux,uni_G_lgbm,0,1,1616,-0.44021472832914,0.32675803496738015,0.477789743659905
LOG_Caco_Efflux,uni_G_lgbm,0,2,1616,-0.4708165418523642,0.30234041768536135,0.48353828030666246
LOG_Caco_Efflux,uni_G_lgbm,0,3,1616,-0.46819456241634727,0.35103403306089453,0.4814345309219182
LOG_Caco_Efflux,uni_G_lgbm,0,4,1616,-0.4664698239839553,0.3237475628988972,0.48207154103120314
LOG_Caco_Efflux,uni_G_lgbm,1,0,1616,-0.45274249613999706,0.30127505802444604,0.47999338065543984
LOG_Caco_Efflux,uni_G_lgbm,1,1,1616,-0.4658217174625645,0.3137590950384453,0.48226133396742565
LOG_Caco_Efflux,uni_G_lgbm,1,2,1616,-0.4846743915574532,0.32040098793369765,0.4858822844009192
LOG_Caco_Efflux,uni_G_lgbm,1,3,1616,-0.6203403685584992,0.2693141108724032,0.5064768109787268
LOG_Caco_Efflux,uni_G_lgbm,1,4,1616,-0.4181269802381278,0.3348764027283121,0.4732807505599587
LOG_Caco_Efflux,uni_G_lgbm,2,0,1616,-0.48178672998919225,0.2420696766417291,0.4841903675979935
LOG_Caco_Efflux,uni_G_lgbm,2,1,1616,-0.42908100810187944,0.364665056811623,0.4756563630514499
LOG_Caco_Efflux,uni_G_lgbm,2,2,1616,-0.4770358126357459,0.3655221174917486,0.4840914890386021
LOG_Caco_Efflux,uni_G_lgbm,2,3,1616,-0.4039902187073394,0.3564068675017695,0.4701825532998777
LOG_Caco_Efflux,uni_G_lgbm,2,4,1616,-0.45919897203684457,0.3254417194859842,0.48028200128714965
LOG_Caco_Efflux,uni_G_lgbm,3,0,1616,-0.4873434795736098,0.3421118770292251,0.4858125358669689
LOG_Caco_Efflux,uni_G_lgbm,3,1,1616,-0.48542080293068945,0.3056737878817498,0.485673818397153
LOG_Caco_Efflux,uni_G_lgbm,3,2,1616,-0.49366833272241895,0.311353260735284,0.48771665363318106
LOG_Caco_Efflux,uni_G_lgbm,3,3,1616,-0.48171921045631194,0.28416931091144854,0.48489237967909515
LOG_Caco_Efflux,uni_G_lgbm,3,4,1616,-0.38057266136572543,0.35089120303904137,0.4667236941844185
LOG_Caco_Efflux,uni_G_lgbm,4,0,1616,-0.4485599782321883,0.27873281801641975,0.4785386722089813
LOG_Caco_Efflux,uni_G_lgbm,4,1,1616,-0.43741979886009363,0.3350040581702872,0.47666036266186335
LOG_Caco_Efflux,uni_G_lgbm,4,2,1616,-0.4972162552821944,0.3521584781413009,0.4888339196766323
LOG_Caco_Efflux,uni_G_lgbm,4,3,1616,-0.5004161622252536,0.30701605704235474,0.4879447744677599
LOG_Caco_Efflux,uni_G_lgbm,4,4,1616,-0.4486004313299956,0.3053393624273799,0.47835594067094145
LOG_HLM,fus_GRMS_early_lgbm,0,0,782,0.09107999356395824,0.49879109680852013,0.3491114841074203
LOG_HLM,fus_GRMS_early_lgbm,0,1,782,-0.1738960156453162,0.4073030546785006,0.4026387754686346
LOG_HLM,fus_GRMS_early_lgbm,0,2,782,-0.34739752325888373,0.4099950453811212,0.42124966034332273
LOG_HLM,fus_GRMS_early_lgbm,0,3,782,-0.35770826396698663,0.3814482211684078,0.43041262736808605
LOG_HLM,fus_GRMS_early_lgbm,0,4,782,0.016596843602592504,0.4655142562129727,0.36508857008909446
LOG_HLM,fus_GRMS_early_lgbm,1,0,782,-0.23720733851811238,0.4110755968662482,0.40186960274536637
LOG_HLM,fus_GRMS_early_lgbm,1,1,782,0.027644520895655722,0.5061213938036488,0.36017598508903265
LOG_HLM,fus_GRMS_early_lgbm,1,2,782,-0.04239511514238736,0.4367198797805802,0.37732074944373445
LOG_HLM,fus_GRMS_early_lgbm,1,3,782,-0.055760069429865666,0.4134790833353136,0.3734206900945964
LOG_HLM,fus_GRMS_early_lgbm,1,4,782,-0.37799489421506216,0.42829915624156273,0.4322324083774614
LOG_HLM,fus_GRMS_early_lgbm,2,0,782,-0.2953194002556594,0.40632818462729203,0.41754581356885423
LOG_HLM,fus_GRMS_early_lgbm,2,1,782,-0.1929579732323543,0.4048014983495861,0.39369314527605653
LOG_HLM,fus_GRMS_early_lgbm,2,2,782,-0.0353764534218195,0.41261155273105793,0.37428020369985676
LOG_HLM,fus_GRMS_early_lgbm,2,3,782,-0.27091103665534844,0.4090196446158945,0.40928862660080667
LOG_HLM,fus_GRMS_early_lgbm,2,4,782,-0.05819506661639151,0.4936292898863746,0.3747160936438511
LOG_HLM,fus_GRMS_early_lgbm,3,0,782,-0.07811994871728811,0.4806284890907863,0.37225756787758524
LOG_HLM,fus_GRMS_early_lgbm,3,1,782,-0.14986706583613807,0.49355864482407313,0.3891059737750962
LOG_HLM,fus_GRMS_early_lgbm,3,2,782,-0.5854096087078418,0.3718852235503851,0.4671707847798563
LOG_HLM,fus_GRMS_early_lgbm,3,3,782,-0.22750165436290182,0.43995569628233594,0.4093245204208177
LOG_HLM,fus_GRMS_early_lgbm,3,4,782,-0.10791553653635289,0.40811598168631685,0.38406539737246415
LOG_HLM,fus_GRMS_early_lgbm,4,0,782,-0.11387702075493489,0.4025095729112478,0.38232167445007975
LOG_HLM,fus_GRMS_early_lgbm,4,1,782,-0.1744744200453896,0.3711850134839136,0.386647689951476
LOG_HLM,fus_GRMS_early_lgbm,4,2,782,-0.1931214661917915,0.358047796267893,0.39927263478420816
LOG_HLM,fus_GRMS_early_lgbm,4,3,782,0.037481672652089126,0.5206613322825164,0.3593169157192303
LOG_HLM,fus_GRMS_early_lgbm,4,4,782,-0.3814044261783547,0.43798158125313563,0.4303754710614145
LOG_HLM,fus_GRMS_late_lgbm,0,0,782,0.1168168345603875,0.4925057135775262,0.3405753531253324
LOG_HLM,fus_GRMS_late_lgbm,0,1,782,0.1172871079774851,0.5037243918526482,0.33386718905301516
LOG_HLM,fus_GRMS_late_lgbm,0,2,782,0.1758659503722907,0.5175831043095742,0.3178352700419858
LOG_HLM,fus_GRMS_late_lgbm,0,3,782,0.15401905108454095,0.4818190812133816,0.3314241672220729
LOG_HLM,fus_GRMS_late_lgbm,0,4,782,0.03123263061454029,0.4723911660999992,0.3541269713346761
LOG_HLM,fus_GRMS_late_lgbm,1,0,782,0.26988505187321077,0.563499565593278,0.3010551640034172
LOG_HLM,fus_GRMS_late_lgbm,1,1,782,0.03747143503911887,0.439578155076135,0.3575080396853705
LOG_HLM,fus_GRMS_late_lgbm,1,2,782,0.19118868906971265,0.5322904089603361,0.319326967825221
LOG_HLM,fus_GRMS_late_lgbm,1,3,782,0.10594890293806425,0.4778874843908496,0.32934941670893536
LOG_HLM,fus_GRMS_late_lgbm,1,4,782,0.16356704256750376,0.5087518056419871,0.31990433726472955
LOG_HLM,fus_GRMS_late_lgbm,2,0,782,0.09662795314616057,0.4700592174630502,0.338077042193967
LOG_HLM,fus_GRMS_late_lgbm,2,1,782,0.022976331176953413,0.42825387153954336,0.3530034685608982
LOG_HLM,fus_GRMS_late_lgbm,2,2,782,0.0790014371147919,0.46590529577504225,0.33811265957035136
LOG_HLM,fus_GRMS_late_lgbm,2,3,782,0.16160392152842318,0.5152364310373351,0.32297619027621016
LOG_HLM,fus_GRMS_late_lgbm,2,4,782,0.15355888493539382,0.48832158292520145,0.32348966284967007
LOG_HLM,fus_GRMS_late_lgbm,3,0,782,0.16014235230933704,0.4978525944426381,0.32602765294755376
LOG_HLM,fus_GRMS_late_lgbm,3,1,782,0.08467465438201227,0.4808191011382878,0.339048982578274
LOG_HLM,fus_GRMS_late_lgbm,3,2,782,0.07879248714987919,0.4569425979940078,0.34880309372561563
LOG_HLM,fus_GRMS_late_lgbm,3,3,782,0.084488166097751,0.4927357902582875,0.3407161972138112
LOG_HLM,fus_GRMS_late_lgbm,3,4,782,0.21196659506606952,0.5283768399577333,0.3186453691535797
LOG_HLM,fus_GRMS_late_lgbm,4,0,782,0.1503021408752807,0.5088006071605022,0.32325919121573005
LOG_HLM,fus_GRMS_late_lgbm,4,1,782,0.09942203496144808,0.47677780195378916,0.33908916471297657
LOG_HLM,fus_GRMS_late_lgbm,4,2,782,-0.0935060200157205,0.42554333937448646,0.37225476404418767
LOG_HLM,fus_GRMS_late_lgbm,4,3,782,0.017976453828468242,0.43897849129685507,0.35162224205701115
LOG_HLM,fus_GRMS_late_lgbm,4,4,782,0.1642526020794337,0.49298767891057665,0.3247035645776785
LOG_HLM,fus_GRM_early_lgbm,0,0,782,0.08559467741868276,0.4595685072375667,0.3522466943059969
LOG_HLM,fus_GRM_early_lgbm,0,1,782,0.1921517712378471,0.4959749627759376,0.3292492152130396
LOG_HLM,fus_GRM_early_lgbm,0,2,782,0.1604203514398076,0.46620341642459706,0.3358556126737728
LOG_HLM,fus_GRM_early_lgbm,0,3,782,0.08900090386808879,0.44522359697832675,0.3530135447432269
LOG_HLM,fus_GRM_early_lgbm,0,4,782,0.1773336545750519,0.47780196711793144,0.33180027985004074
LOG_HLM,fus_GRM_early_lgbm,1,0,782,0.12551583816965073,0.44105703727365175,0.3433873945028395
LOG_HLM,fus_GRM_early_lgbm,1,1,782,0.05860150608772774,0.41214256866086185,0.3624288329861281
LOG_HLM,fus_GRM_early_lgbm,1,2,782,0.15243760797317207,0.47633692481135087,0.3421314303631645
LOG_HLM,fus_GRM_early_lgbm,1,3,782,0.14724479255185552,0.4546753865638839,0.3365050895221319
LOG_HLM,fus_GRM_early_lgbm,1,4,782,0.17976138451394907,0.4878225085625571,0.33122856895041375
LOG_HLM,fus_GRM_early_lgbm,2,0,782,0.1490538011886684,0.47265692994534925,0.33796084591826514
LOG_HLM,fus_GRM_early_lgbm,2,1,782,0.09201405335616186,0.4213066305173571,0.3517782578547164
LOG_HLM,fus_GRM_early_lgbm,2,2,782,0.15199238396986403,0.4479119084071306,0.33873061045916275
LOG_HLM,fus_GRM_early_lgbm,2,3,782,0.11565721920147032,0.4776016276233212,0.34332290796873755
LOG_HLM,fus_GRM_early_lgbm,2,4,782,0.14469656899376926,0.4579277342084897,0.34086714129593326
LOG_HLM,fus_GRM_early_lgbm,3,0,782,0.15844690852395138,0.4703283083583231,0.33750591062222746
LOG_HLM,fus_GRM_early_lgbm,3,1,782,0.12126654562321593,0.46433311706058505,0.34598917862626455
LOG_HLM,fus_GRM_early_lgbm,3,2,782,0.0582681006419099,0.42711250044897964,0.3544991259560855
LOG_HLM,fus_GRM_early_lgbm,3,3,782,0.1663620429785525,0.4837367196404602,0.34012774549194585
LOG_HLM,fus_GRM_early_lgbm,3,4,782,0.17729467633659557,0.514403096220874,0.33292441469157097
LOG_HLM,fus_GRM_early_lgbm,4,0,782,0.16721108499278203,0.46530873981611465,0.33318598674268535
LOG_HLM,fus_GRM_early_lgbm,4,1,782,0.15534250626782986,0.4606678136722937,0.33604613029974445
LOG_HLM,fus_GRM_early_lgbm,4,2,782,0.1002839827237676,0.42281109150311585,0.35553862701547345
LOG_HLM,fus_GRM_early_lgbm,4,3,782,0.14236376367945824,0.4841431758311098,0.34052127518402664
LOG_HLM,fus_GRM_early_lgbm,4,4,782,0.17865606892200836,0.49174448291712025,0.33512324898784673
LOG_HLM,fus_GRM_late_lgbm,0,0,782,0.05070966755174755,0.4856918604245214,0.3544282288666851
LOG_HLM,fus_GRM_late_lgbm,0,1,782,0.22684189723388404,0.5402846484812074,0.3175364941068065
LOG_HLM,fus_GRM_late_lgbm,0,2,782,0.16858562167583002,0.5141634535766698,0.3193136883661098
LOG_HLM,fus_GRM_late_lgbm,0,3,782,0.10234021525608927,0.4614090572590344,0.33923351242951916
LOG_HLM,fus_GRM_late_lgbm,0,4,782,0.15248418444243228,0.5100679070380153,0.33575543774477384
LOG_HLM,fus_GRM_late_lgbm,1,0,782,0.3196483000371304,0.599499689245163,0.29161891958516745
LOG_HLM,fus_GRM_late_lgbm,1,1,782,0.01012048416309208,0.43274348898163123,0.3596660213734737
LOG_HLM,fus_GRM_late_lgbm,1,2,782,0.1542787254685266,0.522304481865031,0.32447513449488846
LOG_HLM,fus_GRM_late_lgbm,1,3,782,0.25083688394416925,0.5487745996497441,0.3047638695224704
LOG_HLM,fus_GRM_late_lgbm,1,4,782,0.08293756899325266,0.4681405114299411,0.3337131794872915
LOG_HLM,fus_GRM_late_lgbm,2,0,782,0.05571890003469937,0.4583319615432838,0.34455090369403363
LOG_HLM,fus_GRM_late_lgbm,2,1,782,-0.008657947051855963,0.4177937230954297,0.3578583027963278
LOG_HLM,fus_GRM_late_lgbm,2,2,782,0.14637109896897782,0.4844392356201637,0.329442558598398
LOG_HLM,fus_GRM_late_lgbm,2,3,782,0.11178573645146728,0.4964673684738618,0.32881378319861587
LOG_HLM,fus_GRM_late_lgbm,2,4,782,0.17168876334964644,0.5057932006465947,0.3219996295096005
LOG_HLM,fus_GRM_late_lgbm,3,0,782,0.1621701679976384,0.49931372896505644,0.3256903231644719
LOG_HLM,fus_GRM_late_lgbm,3,1,782,0.18545197554185444,0.5097436640506712,0.32520982154292044
LOG_HLM,fus_GRM_late_lgbm,3,2,782,-0.025576384806236918,0.42136198967907584,0.3676107826300999
LOG_HLM,fus_GRM_late_lgbm,3,3,782,0.057477135623113185,0.4851164627848964,0.34580042412417344
LOG_HLM,fus_GRM_late_lgbm,3,4,782,0.2852184061167202,0.5722629255767482,0.30376919593772617
LOG_HLM,fus_GRM_late_lgbm,4,0,782,0.26533344438713724,0.56111703095289,0.30192326673709685
LOG_HLM,fus_GRM_late_lgbm,4,1,782,0.06371469142934905,0.46443005379027824,0.345582945732114
LOG_HLM,fus_GRM_late_lgbm,4,2,782,-0.1164689558651184,0.4231120119993235,0.37294468086595306
LOG_HLM,fus_GRM_late_lgbm,4,3,782,0.14649443106215554,0.479983775623943,0.33669378933419425
LOG_HLM,fus_GRM_late_lgbm,4,4,782,0.10529043857452303,0.46404056779893804,0.3350926752518612
LOG_HLM,fus_GRS_early_lgbm,0,0,782,0.03141407454161371,0.5015004015181538,0.3618948206793769
LOG_HLM,fus_GRS_early_lgbm,0,1,782,-0.16346895936088046,0.43518153928921316,0.39781973607845716
LOG_HLM,fus_GRS_early_lgbm,0,2,782,-0.3993887861433032,0.4138675230350635,0.4278410501463716
LOG_HLM,fus_GRS_early_lgbm,0,3,782,-0.4209698906201569,0.38230380876509656,0.43662569124699585
LOG_HLM,fus_GRS_early_lgbm,0,4,782,-0.036859858147199054,0.46417619203706184,0.37537553218750536
LOG_HLM,fus_GRS_early_lgbm,1,0,782,-0.26567081828957195,0.40633274660403196,0.40813994656231983
LOG_HLM,fus_GRS_early_lgbm,1,1,782,-0.07380374613505336,0.486648276152496,0.3789796248006412
LOG_HLM,fus_GRS_early_lgbm,1,2,782,-0.09679712226753923,0.43396954667352766,0.38222922607902926
LOG_HLM,fus_GRS_early_lgbm,1,3,782,-0.0498378509305577,0.41896539150484063,0.37197073693236876
LOG_HLM,fus_GRS_early_lgbm,1,4,782,-0.38889740008740215,0.4349831695242431,0.43495709461961546
LOG_HLM,fus_GRS_early_lgbm,2,0,782,-0.2962448412540841,0.41544968392772696,0.4157183425253783
LOG_HLM,fus_GRS_early_lgbm,2,1,782,-0.24944932752519322,0.395308609200402,0.40040659850770016
LOG_HLM,fus_GRS_early_lgbm,2,2,782,0.030045174636449068,0.4342319724764206,0.36331912663871796
LOG_HLM,fus_GRS_early_lgbm,2,3,782,-0.3373150560805256,0.4108872238799405,0.4207020302703204
LOG_HLM,fus_GRS_early_lgbm,2,4,782,-0.14036310047805456,0.4619657016961764,0.384097983016872
LOG_HLM,fus_GRS_early_lgbm,3,0,782,-0.08371502923567897,0.48323985427478816,0.37346756370930634
LOG_HLM,fus_GRS_early_lgbm,3,1,782,-0.30076069466977584,0.4628743874303194,0.4107645885226353
LOG_HLM,fus_GRS_early_lgbm,3,2,782,-0.5330404445791874,0.3803877690393091,0.4587993899630217
LOG_HLM,fus_GRS_early_lgbm,3,3,782,-0.2500005729464063,0.43721585860193574,0.41226864678959163
LOG_HLM,fus_GRS_early_lgbm,3,4,782,-0.14684916636934098,0.3992301970384772,0.3867070278312402
LOG_HLM,fus_GRS_early_lgbm,4,0,782,-0.17218428640022343,0.3882655362096848,0.390300423641279
LOG_HLM,fus_GRS_early_lgbm,4,1,782,-0.2712940372385324,0.3562781253790878,0.399750051494073
LOG_HLM,fus_GRS_early_lgbm,4,2,782,-0.19716966873930764,0.34814864942970253,0.40061715286659405
LOG_HLM,fus_GRS_early_lgbm,4,3,782,0.01207776654663395,0.5192612781592357,0.3665017404188651
LOG_HLM,fus_GRS_early_lgbm,4,4,782,-0.42912640676582514,0.43884053383882377,0.4383402192973954
LOG_HLM,fus_GRS_late_lgbm,0,0,782,0.23661880365350263,0.5408013622834971,0.32038278108993745
LOG_HLM,fus_GRS_late_lgbm,0,1,782,0.30313016385396807,0.5732606003990851,0.3020757729368638
LOG_HLM,fus_GRS_late_lgbm,0,2,782,0.3139467079969118,0.5733933265965511,0.2944439084664593
LOG_HLM,fus_GRS_late_lgbm,0,3,782,0.2394445128921303,0.5387388697424673,0.3171483327239299
LOG_HLM,fus_GRS_late_lgbm,0,4,782,0.18888133815645802,0.5017623091137137,0.33182830356760334
LOG_HLM,fus_GRS_late_lgbm,1,0,782,0.29538722212163737,0.5806127349813437,0.30051186875889746
LOG_HLM,fus_GRS_late_lgbm,1,1,782,0.11563723658255842,0.4731060585202526,0.34839403344533865
LOG_HLM,fus_GRS_late_lgbm,1,2,782,0.2587517085082176,0.5583911332050194,0.3101008450702237
LOG_HLM,fus_GRS_late_lgbm,1,3,782,0.2974345428059074,0.5756257700034876,0.30204871131101885
LOG_HLM,fus_GRS_late_lgbm,1,4,782,0.27140882881814066,0.5794696541403105,0.30669578101548867
LOG_HLM,fus_GRS_late_lgbm,2,0,782,0.2499816562875068,0.5486615541317091,0.31562766479561427
LOG_HLM,fus_GRS_late_lgbm,2,1,782,0.21871058208248995,0.5263328511237451,0.320624000590355
LOG_HLM,fus_GRS_late_lgbm,2,2,782,0.1571790972117051,0.5026226217711162,0.3307784256849088
LOG_HLM,fus_GRS_late_lgbm,2,3,782,0.255226998319215,0.5634103302914998,0.31530385308480413
LOG_HLM,fus_GRS_late_lgbm,2,4,782,0.36487804325442286,0.6034953218149576,0.28554612247897376
LOG_HLM,fus_GRS_late_lgbm,3,0,782,0.32924639647660103,0.5989210809832334,0.2959865347510681
LOG_HLM,fus_GRS_late_lgbm,3,1,782,0.2099953759780281,0.5158728238693877,0.3239850549604068
LOG_HLM,fus_GRS_late_lgbm,3,2,782,0.18298210879823573,0.49977179643778125,0.32405187943405267
LOG_HLM,fus_GRS_late_lgbm,3,3,782,0.19424192446921573,0.5426798839514418,0.32817506492621756
LOG_HLM,fus_GRS_late_lgbm,3,4,782,0.27997796824334065,0.5685317667986423,0.3027079748571196
LOG_HLM,fus_GRS_late_lgbm,4,0,782,0.26684712497610097,0.558098838288851,0.30132130741000734
LOG_HLM,fus_GRS_late_lgbm,4,1,782,0.20065732408338188,0.5109615581661905,0.3186997070424744
LOG_HLM,fus_GRS_late_lgbm,4,2,782,-0.016287668047697323,0.4285820016963047,0.37532876581332064
LOG_HLM,fus_GRS_late_lgbm,4,3,782,0.11292463094408245,0.4740119999401937,0.34227927041691747
LOG_HLM,fus_GRS_late_lgbm,4,4,782,0.2710421131820556,0.5745822604686676,0.3096225383691785
LOG_HLM,fus_GR_early_lgbm,0,0,782,0.1433189667896888,0.5007522920601064,0.34387378029227766
LOG_HLM,fus_GR_early_lgbm,0,1,782,0.21847229526674616,0.5491270651333231,0.32651716928192215
LOG_HLM,fus_GR_early_lgbm,0,2,782,0.2250521970053082,0.5021304293231448,0.3244138174957449
LOG_HLM,fus_GR_early_lgbm,0,3,782,0.09669272237351212,0.4690759739725579,0.3517929431917615
LOG_HLM,fus_GR_early_lgbm,0,4,782,0.19399330715541097,0.49436827759129054,0.3352255729610981
LOG_HLM,fus_GR_early_lgbm,1,0,782,0.24102231177498779,0.5335053987023118,0.31667896688656993
LOG_HLM,fus_GR_early_lgbm,1,1,782,0.14935533846930127,0.48798976632146474,0.34508706082071455
LOG_HLM,fus_GR_early_lgbm,1,2,782,0.18066822536849414,0.4922647194267125,0.3378280225862083
LOG_HLM,fus_GR_early_lgbm,1,3,782,0.20166548533868134,0.5055745285846454,0.3260411090724443
LOG_HLM,fus_GR_early_lgbm,1,4,782,0.1819776621150203,0.5191233914482907,0.3325516466140239
LOG_HLM,fus_GR_early_lgbm,2,0,782,0.13862044161635956,0.4949663874939022,0.3438701230124296
LOG_HLM,fus_GR_early_lgbm,2,1,782,0.10178854039675145,0.44099226851341616,0.3527239940515077
LOG_HLM,fus_GR_early_lgbm,2,2,782,0.18689652995331374,0.48545738423145995,0.32859733756011184
LOG_HLM,fus_GR_early_lgbm,2,3,782,0.1524864162770595,0.5048380064655085,0.3405286787388512
LOG_HLM,fus_GR_early_lgbm,2,4,782,0.21624828896503356,0.5245175641802983,0.3272662888113859
LOG_HLM,fus_GR_early_lgbm,3,0,782,0.19173326187761341,0.4938452768102368,0.33245624088359105
LOG_HLM,fus_GR_early_lgbm,3,1,782,0.1581987561580125,0.48285046880972343,0.33823757650281144
LOG_HLM,fus_GR_early_lgbm,3,2,782,0.11565183444614824,0.4675407813990014,0.3470120074884171
LOG_HLM,fus_GR_early_lgbm,3,3,782,0.14952993581248986,0.5044312933230476,0.33829488131373725
LOG_HLM,fus_GR_early_lgbm,3,4,782,0.1616727250006592,0.4987232889634061,0.33898376239162403
LOG_HLM,fus_GR_early_lgbm,4,0,782,0.21576731137513838,0.5311944077154955,0.32692194121434476
LOG_HLM,fus_GR_early_lgbm,4,1,782,0.14391590394008058,0.4897551294778615,0.3409192639766109
LOG_HLM,fus_GR_early_lgbm,4,2,782,0.0031596559238494804,0.3777661691341097,0.3748637396240051
LOG_HLM,fus_GR_early_lgbm,4,3,782,0.16489093180764125,0.5134131725934985,0.33648661362381765
LOG_HLM,fus_GR_early_lgbm,4,4,782,0.2193081181112858,0.5571518698503681,0.3241641684144288
LOG_HLM,fus_GR_late_lgbm,0,0,782,0.2095886891633828,0.5421827818695039,0.3275140019782689
LOG_HLM,fus_GR_late_lgbm,0,1,782,0.24682144627365554,0.5575897751510979,0.31425173814901125
LOG_HLM,fus_GR_late_lgbm,0,2,782,0.26110941057904635,0.5593061069941169,0.30664322482510153
LOG_HLM,fus_GR_late_lgbm,0,3,782,0.19856079203723076,0.5331225133586058,0.3267451397993016
LOG_HLM,fus_GR_late_lgbm,0,4,782,0.11996459011326444,0.48835425657941267,0.34517870373515386
LOG_HLM,fus_GR_late_lgbm,1,0,782,0.26688986934241776,0.5804363856928533,0.30826642405088983
LOG_HLM,fus_GR_late_lgbm,1,1,782,0.01711234025659647,0.4546505989725003,0.3654978871979662
LOG_HLM,fus_GR_late_lgbm,1,2,782,0.2231937323439923,0.5613169987971968,0.31756474516368033
LOG_HLM,fus_GR_late_lgbm,1,3,782,0.2865685100260237,0.5721492020235676,0.30437869670912565
LOG_HLM,fus_GR_late_lgbm,1,4,782,0.17677631380195347,0.5375221058058475,0.3253680222554657
LOG_HLM,fus_GR_late_lgbm,2,0,782,0.19473425892133345,0.5386043194713585,0.3268377442131324
LOG_HLM,fus_GR_late_lgbm,2,1,782,0.12153657345731894,0.5043925406866474,0.33973450883412687
LOG_HLM,fus_GR_late_lgbm,2,2,782,0.09369009622876778,0.4781722314818235,0.3462821138509607
LOG_HLM,fus_GR_late_lgbm,2,3,782,0.21576376988665424,0.5635387311291231,0.32329599928197544
LOG_HLM,fus_GR_late_lgbm,2,4,782,0.35200623025464817,0.5988637575423132,0.28917237214614183
LOG_HLM,fus_GR_late_lgbm,3,0,782,0.2955996620767031,0.5975169722280227,0.30265590966646183
LOG_HLM,fus_GR_late_lgbm,3,1,782,0.1327974322914317,0.48040936689525526,0.340649480887166
LOG_HLM,fus_GR_late_lgbm,3,2,782,0.13337802279315825,0.49975367143455196,0.3342843350620896
LOG_HLM,fus_GR_late_lgbm,3,3,782,0.13740171252611932,0.54781837541266,0.3392868357732512
LOG_HLM,fus_GR_late_lgbm,3,4,782,0.2537368071499414,0.5673044215373676,0.3083071021194101
LOG_HLM,fus_GR_late_lgbm,4,0,782,0.23368555118425505,0.559108618610001,0.3089823437765358
LOG_HLM,fus_GR_late_lgbm,4,1,782,0.08418158359460914,0.47171780548698466,0.3414685993694471
LOG_HLM,fus_GR_late_lgbm,4,2,782,-0.15033381203376273,0.4025943192959158,0.39958454462604137
LOG_HLM,fus_GR_late_lgbm,4,3,782,0.04562423661823689,0.4620541126872118,0.3548323507873108
LOG_HLM,fus_GR_late_lgbm,4,4,782,0.13966547817150787,0.48738338800108316,0.33982514780777445
LOG_HLM,uni_G_lgbm,0,0,782,0.016011435862041123,0.36940401020243313,0.3634108601653374
LOG_HLM,uni_G_lgbm,0,1,782,0.06676851941777484,0.38556256204883177,0.3528411372935661
LOG_HLM,uni_G_lgbm,0,2,782,0.07107433608681157,0.3676422540886268,0.34930747559333913
LOG_HLM,uni_G_lgbm,0,3,782,-0.0766407963009561,0.35858129147289675,0.38210250279862173
LOG_HLM,uni_G_lgbm,0,4,782,0.08945100049760091,0.3769887927757954,0.34743568213897574
LOG_HLM,uni_G_lgbm,1,0,782,0.09401578025319468,0.42694897603319587,0.3471804308119704
LOG_HLM,uni_G_lgbm,1,1,782,0.03476719389861116,0.3502834919353352,0.3626416472532461
LOG_HLM,uni_G_lgbm,1,2,782,0.08851949740953924,0.39521564337392623,0.3472538584883367
LOG_HLM,uni_G_lgbm,1,3,782,0.04441460871846881,0.3911143551076595,0.35774135371496674
LOG_HLM,uni_G_lgbm,1,4,782,0.0693487350470865,0.41287938181582007,0.35216997162194424
LOG_HLM,uni_G_lgbm,2,0,782,0.011338190001842663,0.3748421509902689,0.36333391996952086
LOG_HLM,uni_G_lgbm,2,1,782,0.03399828501413393,0.36330545933613434,0.359753677728613
LOG_HLM,uni_G_lgbm,2,2,782,0.12289037259161861,0.40683802583159884,0.3423088844983976
LOG_HLM,uni_G_lgbm,2,3,782,0.053862465420097316,0.4009957131106667,0.3548054379184314
LOG_HLM,uni_G_lgbm,2,4,782,0.04932358564189032,0.3934066723845386,0.35307865974341773
LOG_HLM,uni_G_lgbm,3,0,782,0.02393242181015398,0.3435761413029244,0.36109459487310325
LOG_HLM,uni_G_lgbm,3,1,782,0.07141035676068819,0.3943031132288213,0.3535665538961248
LOG_HLM,uni_G_lgbm,3,2,782,-0.0076558847141035,0.3308750585144486,0.3686748629232698
LOG_HLM,uni_G_lgbm,3,3,782,0.054011058975498516,0.3649726853024557,0.3573592554944712
LOG_HLM,uni_G_lgbm,3,4,782,0.05991015093275098,0.41380673136332025,0.3529299078731091
LOG_HLM,uni_G_lgbm,4,0,782,0.08300825712241344,0.40421917264493745,0.34739200845979956
LOG_HLM,uni_G_lgbm,4,1,782,0.06883952720234898,0.4031395569307006,0.3527261880588418
LOG_HLM,uni_G_lgbm,4,2,782,-0.029327419997495552,0.34269923915309936,0.37951616804507526
LOG_HLM,uni_G_lgbm,4,3,782,0.0733461150984055,0.3729926456119039,0.34905951016101877
LOG_HLM,uni_G_lgbm,4,4,782,0.019848731960811827,0.37824355092937123,0.3620020940025401
LOG_MBPB,fus_GRMS_early_lgbm,0,0,451,0.3194327893390444,0.6700790890330357,0.2635391316652191
LOG_MBPB,fus_GRMS_early_lgbm,0,1,451,0.4070659565126038,0.7078959775159868,0.23326302333189805
LOG_MBPB,fus_GRMS_early_lgbm,0,2,451,-0.006064042570220751,0.5408682428007151,0.3213734476856788
LOG_MBPB,fus_GRMS_early_lgbm,0,3,451,0.47228625349775355,0.7455790568945773,0.22382889416387364
LOG_MBPB,fus_GRMS_early_lgbm,0,4,451,0.29925215418567275,0.6522730390005956,0.26063408703756025
LOG_MBPB,fus_GRMS_early_lgbm,1,0,451,0.3110799733468451,0.6580880829612922,0.24694069796886403
LOG_MBPB,fus_GRMS_early_lgbm,1,1,451,0.3976460143794668,0.6908052398224512,0.24275748153573887
LOG_MBPB,fus_GRMS_early_lgbm,1,2,451,0.29164726886378756,0.6678594532512621,0.26947061911098447
LOG_MBPB,fus_GRMS_early_lgbm,1,3,451,0.19176934346586783,0.531591462170316,0.29445571729285713
LOG_MBPB,fus_GRMS_early_lgbm,1,4,451,0.41067123048127707,0.679437839850504,0.23439866156287167
LOG_MBPB,fus_GRMS_early_lgbm,2,0,451,0.21514292912851563,0.6123004746824355,0.27792984225234885
LOG_MBPB,fus_GRMS_early_lgbm,2,1,451,0.15111147295669713,0.5535746125010553,0.2884123584963031
LOG_MBPB,fus_GRMS_early_lgbm,2,2,451,0.07424145756668976,0.5337664595084348,0.3071396658200436
LOG_MBPB,fus_GRMS_early_lgbm,2,3,451,0.5109504160554947,0.7556980508669139,0.2134082377189172
LOG_MBPB,fus_GRMS_early_lgbm,2,4,451,0.40673097589967977,0.703369779617746,0.24647373851663346
LOG_MBPB,fus_GRMS_early_lgbm,3,0,451,0.3874374440487862,0.6900626420697126,0.2353932275666717
LOG_MBPB,fus_GRMS_early_lgbm,3,1,451,0.38993222942660466,0.7008527850432824,0.2448884121288927
LOG_MBPB,fus_GRMS_early_lgbm,3,2,451,0.4173806546837907,0.7121462135144297,0.23784542895853264
LOG_MBPB,fus_GRMS_early_lgbm,3,3,451,0.4115061711427579,0.6964535324377512,0.2340378248515444
LOG_MBPB,fus_GRMS_early_lgbm,3,4,451,0.348276057727516,0.6768510395045165,0.2549720842086887
LOG_MBPB,fus_GRMS_early_lgbm,4,0,451,0.3928235668336878,0.7070682500115953,0.24196127078606458
LOG_MBPB,fus_GRMS_early_lgbm,4,1,451,0.38260995241710083,0.698513298765027,0.24409850742062963
LOG_MBPB,fus_GRMS_early_lgbm,4,2,451,0.4733714302556974,0.7346621931256848,0.2265973376750534
LOG_MBPB,fus_GRMS_early_lgbm,4,3,451,0.2645253918460405,0.617299173530999,0.2625077747382249
LOG_MBPB,fus_GRMS_early_lgbm,4,4,451,0.32901372081965885,0.6703853142129313,0.25883291933261027
LOG_MBPB,fus_GRMS_late_lgbm,0,0,451,0.37684602198793127,0.6557344871008597,0.24591781250973735
LOG_MBPB,fus_GRMS_late_lgbm,0,1,451,0.4292320376202031,0.6908922979071357,0.23366872407538267
LOG_MBPB,fus_GRMS_late_lgbm,0,2,451,0.3136804731815275,0.6391117719878301,0.26285187799132037
LOG_MBPB,fus_GRMS_late_lgbm,0,3,451,0.5126594093420337,0.7229557945337552,0.21191558012961123
LOG_MBPB,fus_GRMS_late_lgbm,0,4,451,0.4126217727237729,0.6645676521688993,0.23748477118409034
LOG_MBPB,fus_GRMS_late_lgbm,1,0,451,0.39322418466349707,0.6882307150376172,0.245444625158081
LOG_MBPB,fus_GRMS_late_lgbm,1,1,451,0.537789500360503,0.7415491700063381,0.20513652628929638
LOG_MBPB,fus_GRMS_late_lgbm,1,2,451,0.4647128760904975,0.7020056494176473,0.22491936782250038
LOG_MBPB,fus_GRMS_late_lgbm,1,3,451,0.3393237546481159,0.62728798379563,0.26550113933010433
LOG_MBPB,fus_GRMS_late_lgbm,1,4,451,0.4039324717752849,0.6593206562484728,0.24601615550954717
LOG_MBPB,fus_GRMS_late_lgbm,2,0,451,0.38923042295008337,0.6696635147187949,0.24275781798348064
LOG_MBPB,fus_GRMS_late_lgbm,2,1,451,0.3497982149215011,0.6461281446530307,0.25586593944686764
LOG_MBPB,fus_GRMS_late_lgbm,2,2,451,0.395254363509962,0.6709070675117637,0.24231299988593463
LOG_MBPB,fus_GRMS_late_lgbm,2,3,451,0.3896147707817912,0.6845002164186357,0.23945250481655625
LOG_MBPB,fus_GRMS_late_lgbm,2,4,451,0.3758001525970125,0.6687001100732829,0.24768879772736302
LOG_MBPB,fus_GRMS_late_lgbm,3,0,451,0.36455922577432653,0.6872188083135,0.2509052312295457
LOG_MBPB,fus_GRMS_late_lgbm,3,1,451,0.2597397516227171,0.62442736423392,0.2706533103744707
LOG_MBPB,fus_GRMS_late_lgbm,3,2,451,0.42223835911989493,0.6890816199604268,0.23414178467093344
LOG_MBPB,fus_GRMS_late_lgbm,3,3,451,0.4551651775673129,0.7091215184642959,0.2251974281621167
LOG_MBPB,fus_GRMS_late_lgbm,3,4,451,0.26072627356337785,0.6047926986237812,0.2750119151030924
LOG_MBPB,fus_GRMS_late_lgbm,4,0,451,0.28089002377458405,0.631186153199308,0.27078679656329774
LOG_MBPB,fus_GRMS_late_lgbm,4,1,451,0.30402949128052004,0.6429577647907604,0.2637349523415133
LOG_MBPB,fus_GRMS_late_lgbm,4,2,451,0.4012999744714866,0.6600615560013217,0.2384292378582685
LOG_MBPB,fus_GRMS_late_lgbm,4,3,451,0.3181101239791727,0.6569906116517347,0.25917379449061245
LOG_MBPB,fus_GRMS_late_lgbm,4,4,451,0.44529605037172204,0.694036972320729,0.22713101074167147
LOG_MBPB,fus_GRM_early_lgbm,0,0,451,0.40587784237679725,0.719621579939157,0.24302244572360632
LOG_MBPB,fus_GRM_early_lgbm,0,1,451,0.4837750500275392,0.7546597584432894,0.22326421197356786
LOG_MBPB,fus_GRM_early_lgbm,0,2,451,0.5414060887363398,0.7578473145340854,0.21396304680253994
LOG_MBPB,fus_GRM_early_lgbm,0,3,451,0.5004856895224188,0.7597613669523637,0.22182150651944854
LOG_MBPB,fus_GRM_early_lgbm,0,4,451,0.47834641308630854,0.7501174877435435,0.22636513877344036
LOG_MBPB,fus_GRM_early_lgbm,1,0,451,0.39780453629352885,0.7308957170345055,0.24315507951925724
LOG_MBPB,fus_GRM_early_lgbm,1,1,451,0.39908894418191854,0.7309312331608383,0.24368602973963263
LOG_MBPB,fus_GRM_early_lgbm,1,2,451,0.5376568668549186,0.7765882673836296,0.20739864604498223
LOG_MBPB,fus_GRM_early_lgbm,1,3,451,0.4369384702608716,0.716136028723001,0.2382731115559935
LOG_MBPB,fus_GRM_early_lgbm,1,4,451,0.4722316169760544,0.7452677543031048,0.22658317395642089
LOG_MBPB,fus_GRM_early_lgbm,2,0,451,0.4549813032046568,0.7425983133647434,0.23311748127797718
LOG_MBPB,fus_GRM_early_lgbm,2,1,451,0.3994081339389539,0.7265077183814186,0.24074992438440668
LOG_MBPB,fus_GRM_early_lgbm,2,2,451,0.5183416090816795,0.7524847471169337,0.2152913608654976
LOG_MBPB,fus_GRM_early_lgbm,2,3,451,0.4444098598398334,0.7255687469602778,0.23393636387310837
LOG_MBPB,fus_GRM_early_lgbm,2,4,451,0.3437209344505495,0.7127710463394392,0.26113319527525325
LOG_MBPB,fus_GRM_early_lgbm,3,0,451,0.5320386939538464,0.7685554999499388,0.21220956816769088
LOG_MBPB,fus_GRM_early_lgbm,3,1,451,0.5168600988278713,0.7608510919424439,0.21218515272963265
LOG_MBPB,fus_GRM_early_lgbm,3,2,451,0.4615129096481725,0.7269926713500657,0.22863389869267933
LOG_MBPB,fus_GRM_early_lgbm,3,3,451,0.4422781189439826,0.7373287557008419,0.23141616851039637
LOG_MBPB,fus_GRM_early_lgbm,3,4,451,0.413199956797193,0.7282322453726959,0.24447289746009315
LOG_MBPB,fus_GRM_early_lgbm,4,0,451,0.41789186587749694,0.7466213403276691,0.24511892665078075
LOG_MBPB,fus_GRM_early_lgbm,4,1,451,0.31323027102681045,0.6917968442266746,0.2600312015679626
LOG_MBPB,fus_GRM_early_lgbm,4,2,451,0.4785794587580978,0.7386705437470554,0.2263627776656652
LOG_MBPB,fus_GRM_early_lgbm,4,3,451,0.505371893177424,0.7524214329175044,0.21636638658978577
LOG_MBPB,fus_GRM_early_lgbm,4,4,451,0.403315047674377,0.7104188715048604,0.24152065640109693
LOG_MBPB,fus_GRM_late_lgbm,0,0,451,0.3871582176658479,0.6604628069691322,0.24398869917451343
LOG_MBPB,fus_GRM_late_lgbm,0,1,451,0.532881408007593,0.7745941938595566,0.21149468061958593
LOG_MBPB,fus_GRM_late_lgbm,0,2,451,0.3231787330271425,0.6364207524925524,0.26092353328715007
LOG_MBPB,fus_GRM_late_lgbm,0,3,451,0.5105331665954675,0.7201749475374105,0.21280254946768087
LOG_MBPB,fus_GRM_late_lgbm,0,4,451,0.49919456506534765,0.7454348750749124,0.21980161697849665
LOG_MBPB,fus_GRM_late_lgbm,1,0,451,0.4409795102104256,0.7436936809658707,0.237279705016074
LOG_MBPB,fus_GRM_late_lgbm,1,1,451,0.5437566392406421,0.7454086808362931,0.2047142341684788
LOG_MBPB,fus_GRM_late_lgbm,1,2,451,0.46347440831423825,0.6994818073438663,0.22496642864696006
LOG_MBPB,fus_GRM_late_lgbm,1,3,451,0.4522309309135679,0.7307888303176876,0.24188469779742433
LOG_MBPB,fus_GRM_late_lgbm,1,4,451,0.40738623777948213,0.6615452424290948,0.24479689294149692
LOG_MBPB,fus_GRM_late_lgbm,2,0,451,0.38941434254596774,0.6706104723634764,0.24370733368996414
LOG_MBPB,fus_GRM_late_lgbm,2,1,451,0.3419575487722655,0.639307718785063,0.25741500754921975
LOG_MBPB,fus_GRM_late_lgbm,2,2,451,0.5207893524025335,0.7455163429079582,0.2097716393112607
LOG_MBPB,fus_GRM_late_lgbm,2,3,451,0.3971301448005783,0.6878016501084846,0.23849781865759606
LOG_MBPB,fus_GRM_late_lgbm,2,4,451,0.38347951090035537,0.6708171628001077,0.24584270785425757
LOG_MBPB,fus_GRM_late_lgbm,3,0,451,0.36590611121493744,0.6873672243437449,0.2509606813776201
LOG_MBPB,fus_GRM_late_lgbm,3,1,451,0.4554188353439712,0.7304831263364613,0.23009792664071363
LOG_MBPB,fus_GRM_late_lgbm,3,2,451,0.42518662831682863,0.6904411467360642,0.2335214548578105
LOG_MBPB,fus_GRM_late_lgbm,3,3,451,0.45099790803883855,0.7068630285216648,0.22642950734389958
LOG_MBPB,fus_GRM_late_lgbm,3,4,451,0.40903349979107606,0.7268084166784086,0.24604235148399525
LOG_MBPB,fus_GRM_late_lgbm,4,0,451,0.41251089593518886,0.75392950244393,0.24237294723507255
LOG_MBPB,fus_GRM_late_lgbm,4,1,451,0.31063184655690834,0.6466134332675475,0.26267700015352846
LOG_MBPB,fus_GRM_late_lgbm,4,2,451,0.39928313212701305,0.6568559285996711,0.23893896992240116
LOG_MBPB,fus_GRM_late_lgbm,4,3,451,0.49811295752815643,0.752995875209375,0.21829541802651328
LOG_MBPB,fus_GRM_late_lgbm,4,4,451,0.44827965091470023,0.6967299611072284,0.2267969377683261
LOG_MBPB,fus_GRS_early_lgbm,0,0,451,0.39705542437582575,0.7063265464067388,0.24694127430827262
LOG_MBPB,fus_GRS_early_lgbm,0,1,451,0.4411489395723672,0.7159677432893538,0.22671750447480826
LOG_MBPB,fus_GRS_early_lgbm,0,2,451,0.06991307574605754,0.5595651667034608,0.30950675876271894
LOG_MBPB,fus_GRS_early_lgbm,0,3,451,0.4580322268681234,0.7372069428807625,0.22476662211770976
LOG_MBPB,fus_GRS_early_lgbm,0,4,451,0.3156031543805228,0.6513597689014293,0.2571984076448037
LOG_MBPB,fus_GRS_early_lgbm,1,0,451,0.3225399673143702,0.6618013781320445,0.2460502431845058
LOG_MBPB,fus_GRS_early_lgbm,1,1,451,0.3857539751362573,0.6874255973319043,0.24403989660167416
LOG_MBPB,fus_GRS_early_lgbm,1,2,451,0.2745774416593626,0.6668095377007941,0.275664689647778
LOG_MBPB,fus_GRS_early_lgbm,1,3,451,0.13247372615072905,0.5167343903371524,0.3052886839129932
LOG_MBPB,fus_GRS_early_lgbm,1,4,451,0.4324492331287906,0.6934785533565808,0.22929875092405408
LOG_MBPB,fus_GRS_early_lgbm,2,0,451,0.171004921365432,0.5875460932373742,0.2871802834415746
LOG_MBPB,fus_GRS_early_lgbm,2,1,451,0.1471941042527074,0.5498230949206082,0.28993060494820216
LOG_MBPB,fus_GRS_early_lgbm,2,2,451,0.14384346987868468,0.5732487871741679,0.2906270255487002
LOG_MBPB,fus_GRS_early_lgbm,2,3,451,0.5217776404301832,0.7675456973643688,0.20875420865310232
LOG_MBPB,fus_GRS_early_lgbm,2,4,451,0.4386878281549168,0.7105683553738897,0.24113904970713682
LOG_MBPB,fus_GRS_early_lgbm,3,0,451,0.4029292139970422,0.6918442122030469,0.2346580013572256
LOG_MBPB,fus_GRS_early_lgbm,3,1,451,0.38303084452948244,0.7058671554011606,0.24949445524825836
LOG_MBPB,fus_GRS_early_lgbm,3,2,451,0.437711476601753,0.711960158415774,0.2319051584940276
LOG_MBPB,fus_GRS_early_lgbm,3,3,451,0.42511440880989837,0.7123857811145001,0.23056637763168142
LOG_MBPB,fus_GRS_early_lgbm,3,4,451,0.3767566069154089,0.6909882942162854,0.24995833306546983
LOG_MBPB,fus_GRS_early_lgbm,4,0,451,0.40898934682463317,0.707212869201742,0.23968672548233536
LOG_MBPB,fus_GRS_early_lgbm,4,1,451,0.4094110447796393,0.7151026496668887,0.2408962246137344
LOG_MBPB,fus_GRS_early_lgbm,4,2,451,0.4721071319358445,0.7355282098465119,0.22708188415686673
LOG_MBPB,fus_GRS_early_lgbm,4,3,451,0.2638496451293061,0.6074951576647498,0.2619415320230053
LOG_MBPB,fus_GRS_early_lgbm,4,4,451,0.3887808201012547,0.684328997615902,0.24460834360567135
LOG_MBPB,fus_GRS_late_lgbm,0,0,451,0.4220283817214424,0.7536573841943078,0.24065384566231474
LOG_MBPB,fus_GRS_late_lgbm,0,1,451,0.5279250272151705,0.7829290980006195,0.21544174875323074
LOG_MBPB,fus_GRS_late_lgbm,0,2,451,0.4912925097449944,0.7862639512775762,0.22709747666133934
LOG_MBPB,fus_GRS_late_lgbm,0,3,451,0.5592366792099711,0.7805194816836799,0.2102638376156236
LOG_MBPB,fus_GRS_late_lgbm,0,4,451,0.4543752566155287,0.7427062182451525,0.2318377382782166
LOG_MBPB,fus_GRS_late_lgbm,1,0,451,0.4177927656104481,0.7188697979893584,0.23430387949123022
LOG_MBPB,fus_GRS_late_lgbm,1,1,451,0.511002182904848,0.7871478863251731,0.22243923791720016
LOG_MBPB,fus_GRS_late_lgbm,1,2,451,0.4868685667325816,0.781188262213936,0.22334326766024543
LOG_MBPB,fus_GRS_late_lgbm,1,3,451,0.4172936036180883,0.7030636754871574,0.250018724836141
LOG_MBPB,fus_GRS_late_lgbm,1,4,451,0.5150264367101955,0.7533667865219333,0.21950659497673958
LOG_MBPB,fus_GRS_late_lgbm,2,0,451,0.39363892771362907,0.7510942303336163,0.24895264773806378
LOG_MBPB,fus_GRS_late_lgbm,2,1,451,0.3719925915481478,0.7103591767094469,0.25453251648030123
LOG_MBPB,fus_GRS_late_lgbm,2,2,451,0.5448061859535552,0.7641728012967668,0.2039770502074881
LOG_MBPB,fus_GRS_late_lgbm,2,3,451,0.5884502759366692,0.7960173472749296,0.20121910907555807
LOG_MBPB,fus_GRS_late_lgbm,2,4,451,0.4427807409285852,0.7751997933858991,0.23658733217156674
LOG_MBPB,fus_GRS_late_lgbm,3,0,451,0.5473967765970132,0.7820049123886048,0.21350954532275712
LOG_MBPB,fus_GRS_late_lgbm,3,1,451,0.5015279083335445,0.7604718712716865,0.22128026382749125
LOG_MBPB,fus_GRS_late_lgbm,3,2,451,0.6196615179751375,0.8108274156992217,0.1871050226003434
LOG_MBPB,fus_GRS_late_lgbm,3,3,451,0.5641438379258985,0.7896880454271887,0.2047449326276218
LOG_MBPB,fus_GRS_late_lgbm,3,4,451,0.4293934441288084,0.7697344890131577,0.24106694063601686
LOG_MBPB,fus_GRS_late_lgbm,4,0,451,0.44829866727526,0.787952760504466,0.2340349024205725
LOG_MBPB,fus_GRS_late_lgbm,4,1,451,0.4679962912740564,0.7619256150268087,0.23142020524542647
LOG_MBPB,fus_GRS_late_lgbm,4,2,451,0.514266113342777,0.7643553055502053,0.22372138616616852
LOG_MBPB,fus_GRS_late_lgbm,4,3,451,0.5465308648485071,0.7787596431977024,0.2118907885747741
LOG_MBPB,fus_GRS_late_lgbm,4,4,451,0.3951266622462719,0.7433864535070057,0.249780300037862
LOG_MBPB,fus_GR_early_lgbm,0,0,451,0.3214472400439524,0.6782255772370757,0.2578899858648578
LOG_MBPB,fus_GR_early_lgbm,0,1,451,0.4548944993999565,0.7506414085884472,0.23691137598118994
LOG_MBPB,fus_GR_early_lgbm,0,2,451,0.46092956948872255,0.740544819238742,0.23468352336116896
LOG_MBPB,fus_GR_early_lgbm,0,3,451,0.42386251484014204,0.7350019298423776,0.24260608022282087
LOG_MBPB,fus_GR_early_lgbm,0,4,451,0.46145632213565924,0.7312600606588995,0.2352493880876683
LOG_MBPB,fus_GR_early_lgbm,1,0,451,0.41275555122934826,0.7439814274757315,0.24608964830045968
LOG_MBPB,fus_GR_early_lgbm,1,1,451,0.3621924963466826,0.714497554471032,0.2559843989498855
LOG_MBPB,fus_GR_early_lgbm,1,2,451,0.458011736158055,0.7427041898877628,0.2331591848070875
LOG_MBPB,fus_GR_early_lgbm,1,3,451,0.44750598561032695,0.7192761138489937,0.24396541086977785
LOG_MBPB,fus_GR_early_lgbm,1,4,451,0.49514607152424484,0.7519108102780127,0.22446624789990827
LOG_MBPB,fus_GR_early_lgbm,2,0,451,0.3159497916374474,0.7008918351539217,0.2660218651134017
LOG_MBPB,fus_GR_early_lgbm,2,1,451,0.4670424616037524,0.7328606129484384,0.22968677126986015
LOG_MBPB,fus_GR_early_lgbm,2,2,451,0.510087663905636,0.7603224774711159,0.21838339976007726
LOG_MBPB,fus_GR_early_lgbm,2,3,451,0.48636057362581653,0.742809749653361,0.22515117760577266
LOG_MBPB,fus_GR_early_lgbm,2,4,451,0.3660894049359109,0.7155904721268396,0.25615371232716294
LOG_MBPB,fus_GR_early_lgbm,3,0,451,0.32873652121567165,0.6997965572501974,0.2605261493585296
LOG_MBPB,fus_GR_early_lgbm,3,1,451,0.3846877847412752,0.7141229295072603,0.25075192822723275
LOG_MBPB,fus_GR_early_lgbm,3,2,451,0.44839891586528,0.7463083291839134,0.24110056392525303
LOG_MBPB,fus_GR_early_lgbm,3,3,451,0.29191090248604823,0.6660222744399007,0.26678865327324097
LOG_MBPB,fus_GR_early_lgbm,3,4,451,0.41557573199993825,0.7342545683788725,0.24448461611131753
LOG_MBPB,fus_GR_early_lgbm,4,0,451,0.3322223240811878,0.7272652767913469,0.26381523655605277
LOG_MBPB,fus_GR_early_lgbm,4,1,451,0.3649756302823103,0.7062933840598958,0.2563436159570648
LOG_MBPB,fus_GR_early_lgbm,4,2,451,0.5022355317058786,0.7392805330960579,0.22380639405861505
LOG_MBPB,fus_GR_early_lgbm,4,3,451,0.47391935745564473,0.7526329707461171,0.22770172596840133
LOG_MBPB,fus_GR_early_lgbm,4,4,451,0.47912980965566676,0.7549675687796602,0.2295534764269113
LOG_MBPB,fus_GR_late_lgbm,0,0,451,0.4106335150649112,0.7574472841983,0.23722562949566678
LOG_MBPB,fus_GR_late_lgbm,0,1,451,0.5094890721990271,0.7839801112123711,0.21139160177468538
LOG_MBPB,fus_GR_late_lgbm,0,2,451,0.5225899058188352,0.7833891590387593,0.21300449558659612
LOG_MBPB,fus_GR_late_lgbm,0,3,451,0.5053927576223569,0.8021666062886054,0.2187429758157666
LOG_MBPB,fus_GR_late_lgbm,0,4,451,0.4926512276327599,0.7689159090216077,0.21357397825742344
LOG_MBPB,fus_GR_late_lgbm,1,0,451,0.49840629743154685,0.7845513089307222,0.22235892108169322
LOG_MBPB,fus_GR_late_lgbm,1,1,451,0.5153133514591841,0.7807566674311088,0.21221968854743226
LOG_MBPB,fus_GR_late_lgbm,1,2,451,0.5020096216420202,0.7848803889540931,0.215817131488235
LOG_MBPB,fus_GR_late_lgbm,1,3,451,0.5190129491530934,0.7699402206672559,0.22043221261151133
LOG_MBPB,fus_GR_late_lgbm,1,4,451,0.5497144628272763,0.7952127946499191,0.2013904855989497
LOG_MBPB,fus_GR_late_lgbm,2,0,451,0.43620619328732213,0.7812552251192936,0.23249725784686467
LOG_MBPB,fus_GR_late_lgbm,2,1,451,0.5088896487750647,0.7950616006027899,0.21803240830424211
LOG_MBPB,fus_GR_late_lgbm,2,2,451,0.542861709068623,0.7775768254171285,0.1974928049002059
LOG_MBPB,fus_GR_late_lgbm,2,3,451,0.5599354243473051,0.7897992979687727,0.2001897178060395
LOG_MBPB,fus_GR_late_lgbm,2,4,451,0.5290171389075715,0.7990969769127027,0.21255041879796882
LOG_MBPB,fus_GR_late_lgbm,3,0,451,0.5089282997391933,0.7989210542604864,0.2172547098274763
LOG_MBPB,fus_GR_late_lgbm,3,1,451,0.5384352402571699,0.7799515600179211,0.20702083257050832
LOG_MBPB,fus_GR_late_lgbm,3,2,451,0.6089556427913296,0.8011925600385355,0.18141884249079854
LOG_MBPB,fus_GR_late_lgbm,3,3,451,0.4783915748570772,0.7540923320694595,0.21644935297051396
LOG_MBPB,fus_GR_late_lgbm,3,4,451,0.4314719712246632,0.777930642527518,0.2378160111065207
LOG_MBPB,fus_GR_late_lgbm,4,0,451,0.46454487348906925,0.7846662802778077,0.22547965555556082
LOG_MBPB,fus_GR_late_lgbm,4,1,451,0.5134521521071325,0.7854532861097505,0.21672957707538434
LOG_MBPB,fus_GR_late_lgbm,4,2,451,0.5262951393166695,0.7612079629559932,0.20657416671934462
LOG_MBPB,fus_GR_late_lgbm,4,3,451,0.5134393938922333,0.78482102149639,0.21246695786301129
LOG_MBPB,fus_GR_late_lgbm,4,4,451,0.48412265671947563,0.775356233102734,0.22249503319642927
LOG_MBPB,uni_G_lgbm,0,0,451,0.32677338441886106,0.610534835226589,0.2721279769719285
LOG_MBPB,uni_G_lgbm,0,1,451,0.37977926124601635,0.6472884123302691,0.26299967658101286
LOG_MBPB,uni_G_lgbm,0,2,451,0.25646414737348666,0.53065332257341,0.2892028855927698
LOG_MBPB,uni_G_lgbm,0,3,451,0.3670653413697549,0.6400012873136381,0.26414532271651375
LOG_MBPB,uni_G_lgbm,0,4,451,0.20307163150056018,0.4858983051070171,0.29575787516321567
LOG_MBPB,uni_G_lgbm,1,0,451,0.30186232360921716,0.613251480790588,0.27614592699043383
LOG_MBPB,uni_G_lgbm,1,1,451,0.30272529702021567,0.5923478720042233,0.27650457779645654
LOG_MBPB,uni_G_lgbm,1,2,451,0.342440001236745,0.6363440911998763,0.2687430282606168
LOG_MBPB,uni_G_lgbm,1,3,451,0.22240607211689378,0.4778497223582848,0.2914529900966814
LOG_MBPB,uni_G_lgbm,1,4,451,0.3233495085153669,0.5899605200234815,0.2724419719456668
LOG_MBPB,uni_G_lgbm,2,0,451,0.30779614744304407,0.5912127399856267,0.274498626421372
LOG_MBPB,uni_G_lgbm,2,1,451,0.31453638191992117,0.5868357658012676,0.2754868814994996
LOG_MBPB,uni_G_lgbm,2,2,451,0.17385290643787266,0.497917440145607,0.30253587298953377
LOG_MBPB,uni_G_lgbm,2,3,451,0.3250791774740196,0.6028668856766927,0.27306201741202374
LOG_MBPB,uni_G_lgbm,2,4,451,0.3131268949768088,0.616781695541212,0.2757614323429549
LOG_MBPB,uni_G_lgbm,3,0,451,0.3104402904929695,0.56940286661978,0.2768319068384368
LOG_MBPB,uni_G_lgbm,3,1,451,0.36394042430354556,0.6314436964096733,0.26482178254839195
LOG_MBPB,uni_G_lgbm,3,2,451,0.2858786100501536,0.6221636667330526,0.28241682824103753
LOG_MBPB,uni_G_lgbm,3,3,451,0.3683209001886599,0.6230952372671643,0.26279528192711615
LOG_MBPB,uni_G_lgbm,3,4,451,0.3402378210769962,0.6228368824447106,0.26892223036557006
LOG_MBPB,uni_G_lgbm,4,0,451,0.23753075878368501,0.5657724921556917,0.2906500377486083
LOG_MBPB,uni_G_lgbm,4,1,451,0.3126214579640425,0.5814995828707115,0.2744797360830489
LOG_MBPB,uni_G_lgbm,4,2,451,0.4054302627811289,0.654549820062287,0.2552726459784194
LOG_MBPB,uni_G_lgbm,4,3,451,0.2859237181854458,0.5356332888273874,0.2784608552926595
LOG_MBPB,uni_G_lgbm,4,4,451,0.3530449092238358,0.6486868870785036,0.2663721244898422
LOG_MGMB,fus_GRMS_early_lgbm,0,0,209,0.6162540617243897,0.7672174634608079,0.1961629414699737
LOG_MGMB,fus_GRMS_early_lgbm,0,1,209,0.4888969203304403,0.6933699334275852,0.23212049675180588
LOG_MGMB,fus_GRMS_early_lgbm,0,2,209,0.4181244219658865,0.6538466721220404,0.25774329520347344
LOG_MGMB,fus_GRMS_early_lgbm,0,3,209,0.2654336784105422,0.5034643581212278,0.29112895884238793
LOG_MGMB,fus_GRMS_early_lgbm,0,4,209,0.5805636017092904,0.7476201822384131,0.19883016673824502
LOG_MGMB,fus_GRMS_early_lgbm,1,0,209,0.49611343166325883,0.7196120128877298,0.23554535246910915
LOG_MGMB,fus_GRMS_early_lgbm,1,1,209,0.4560569687089123,0.6562458717286791,0.2419040361210838
LOG_MGMB,fus_GRMS_early_lgbm,1,2,209,0.3134697773916528,0.5815459734588024,0.2796563843581031
LOG_MGMB,fus_GRMS_early_lgbm,1,3,209,0.4846969259492342,0.7188406388494492,0.24348696991282254
LOG_MGMB,fus_GRMS_early_lgbm,1,4,209,0.34627098838604875,0.6370204671368022,0.27126872423430487
LOG_MGMB,fus_GRMS_early_lgbm,2,0,209,0.5518661603796517,0.7278802046358382,0.212557622868854
LOG_MGMB,fus_GRMS_early_lgbm,2,1,209,0.4898309920680449,0.6777048341797002,0.23383776543176105
LOG_MGMB,fus_GRMS_early_lgbm,2,2,209,0.4316739344519409,0.6730011246302126,0.25554544787669087
LOG_MGMB,fus_GRMS_early_lgbm,2,3,209,0.41624000579149756,0.6456635986930561,0.25983097917793146
LOG_MGMB,fus_GRMS_early_lgbm,2,4,209,0.41376972896038877,0.6075228641071967,0.2641411281323649
LOG_MGMB,fus_GRMS_early_lgbm,3,0,209,0.3213623555390053,0.6126898424421617,0.28417098315834705
LOG_MGMB,fus_GRMS_early_lgbm,3,1,209,0.47070470581717394,0.7209366599218695,0.24870228297568966
LOG_MGMB,fus_GRMS_early_lgbm,3,2,209,0.30981893435173413,0.5797612675343119,0.27889465710164596
LOG_MGMB,fus_GRMS_early_lgbm,3,3,209,0.49942323210590756,0.682872678427513,0.22241552081807367
LOG_MGMB,fus_GRMS_early_lgbm,3,4,209,0.47820947940062364,0.699306469838695,0.2386385550646357
LOG_MGMB,fus_GRMS_early_lgbm,4,0,209,0.5294881870046656,0.7208661356117415,0.22346386636854024
LOG_MGMB,fus_GRMS_early_lgbm,4,1,209,0.42555612305011803,0.6940170957851296,0.25410498689905564
LOG_MGMB,fus_GRMS_early_lgbm,4,2,209,0.5397985079657359,0.7051738966535032,0.21712846304092556
LOG_MGMB,fus_GRMS_early_lgbm,4,3,209,0.5130559911493375,0.713000980039967,0.2275676195233449
LOG_MGMB,fus_GRMS_early_lgbm,4,4,209,0.22424172986573465,0.5202948416569646,0.2978564140574602
LOG_MGMB,fus_GRMS_late_lgbm,0,0,209,0.466761690326433,0.7144942986658467,0.24077344375554396
LOG_MGMB,fus_GRMS_late_lgbm,0,1,209,0.4965714550154713,0.7078694074788647,0.2268086248130687
LOG_MGMB,fus_GRMS_late_lgbm,0,2,209,0.33098557531393025,0.6385262920982133,0.28239904425024576
LOG_MGMB,fus_GRMS_late_lgbm,0,3,209,0.5190800939329621,0.7292562312832024,0.21962576748453078
LOG_MGMB,fus_GRMS_late_lgbm,0,4,209,0.5797932473228502,0.7237105652496565,0.1978998852274113
LOG_MGMB,fus_GRMS_late_lgbm,1,0,209,0.523530081702316,0.7353368875635912,0.2284464265579487
LOG_MGMB,fus_GRMS_late_lgbm,1,1,209,0.5754777020639086,0.7441407250226765,0.19084219068701683
LOG_MGMB,fus_GRMS_late_lgbm,1,2,209,0.5031724868529168,0.7189813117310883,0.23115724195160212
LOG_MGMB,fus_GRMS_late_lgbm,1,3,209,0.4204876401759158,0.6763730704242296,0.2613347121831622
LOG_MGMB,fus_GRMS_late_lgbm,1,4,209,0.5122376259223244,0.7334336300575243,0.22826325516233206
LOG_MGMB,fus_GRMS_late_lgbm,2,0,209,0.524899805910672,0.7216259861790714,0.2234205284781572
LOG_MGMB,fus_GRMS_late_lgbm,2,1,209,0.5223284254007211,0.7169466471528042,0.214219956828242
LOG_MGMB,fus_GRMS_late_lgbm,2,2,209,0.5869258374585546,0.7370118960114719,0.19150978152172987
LOG_MGMB,fus_GRMS_late_lgbm,2,3,209,0.5225429926981016,0.731060204029364,0.21400062930547956
LOG_MGMB,fus_GRMS_late_lgbm,2,4,209,0.4667752444026284,0.6751787649270423,0.24243590554448574
LOG_MGMB,fus_GRMS_late_lgbm,3,0,209,0.47574176964451753,0.6905571676912663,0.23223638206675512
LOG_MGMB,fus_GRMS_late_lgbm,3,1,209,0.5130611053297323,0.7324570643040554,0.23396759026368885
LOG_MGMB,fus_GRMS_late_lgbm,3,2,209,0.5143707104680975,0.7341887296532986,0.2258832279643966
LOG_MGMB,fus_GRMS_late_lgbm,3,3,209,0.474927073646636,0.7055182123091612,0.22332845192473869
LOG_MGMB,fus_GRMS_late_lgbm,3,4,209,0.5545508661925,0.74498227221906,0.20763804134365732
LOG_MGMB,fus_GRMS_late_lgbm,4,0,209,0.5210067637200417,0.7244057847771948,0.2215497711317278
LOG_MGMB,fus_GRMS_late_lgbm,4,1,209,0.5093254343065838,0.710962840470482,0.22979074586463274
LOG_MGMB,fus_GRMS_late_lgbm,4,2,209,0.5151363948240859,0.6872951359799564,0.22174417469727004
LOG_MGMB,fus_GRMS_late_lgbm,4,3,209,0.3882196206216295,0.6613366275139108,0.2601252478263772
LOG_MGMB,fus_GRMS_late_lgbm,4,4,209,0.5097822763714669,0.7073109093552981,0.23005329864804203
LOG_MGMB,fus_GRM_early_lgbm,0,0,209,0.5493732689877282,0.7461470310258688,0.2195461774734735
LOG_MGMB,fus_GRM_early_lgbm,0,1,209,0.4984782612266243,0.7205011012800459,0.23470141539572445
LOG_MGMB,fus_GRM_early_lgbm,0,2,209,0.3213405894115775,0.6720551381440999,0.284341961193633
LOG_MGMB,fus_GRM_early_lgbm,0,3,209,0.5498197586295821,0.7506426271166282,0.21537008981929648
LOG_MGMB,fus_GRM_early_lgbm,0,4,209,0.5961579124614582,0.7538414672005063,0.19843619237090573
LOG_MGMB,fus_GRM_early_lgbm,1,0,209,0.48415492217241496,0.7277269175697838,0.24031854353191795
LOG_MGMB,fus_GRM_early_lgbm,1,1,209,0.5888511893569025,0.7502035835217996,0.2000148440355085
LOG_MGMB,fus_GRM_early_lgbm,1,2,209,0.3961523947008059,0.6814262213403055,0.2710009645739216
LOG_MGMB,fus_GRM_early_lgbm,1,3,209,0.38424572785260724,0.6771980202782775,0.27656351827311276
LOG_MGMB,fus_GRM_early_lgbm,1,4,209,0.4862752985553477,0.7265195476840055,0.23626202144875005
LOG_MGMB,fus_GRM_early_lgbm,2,0,209,0.5424223076071023,0.7415765083335968,0.22085204187709712
LOG_MGMB,fus_GRM_early_lgbm,2,1,209,0.5186840630582742,0.7254686035101567,0.2286791669409295
LOG_MGMB,fus_GRM_early_lgbm,2,2,209,0.45792882359370823,0.6651586045504831,0.23913973338273867
LOG_MGMB,fus_GRM_early_lgbm,2,3,209,0.5107235475495571,0.6930122400373677,0.21858600455009222
LOG_MGMB,fus_GRM_early_lgbm,2,4,209,0.524705537582497,0.7339195354597158,0.22549738676677844
LOG_MGMB,fus_GRM_early_lgbm,3,0,209,0.3770007030332303,0.696128923759938,0.2723027539259088
LOG_MGMB,fus_GRM_early_lgbm,3,1,209,0.4788088748746451,0.7222868519494309,0.2386354329320441
LOG_MGMB,fus_GRM_early_lgbm,3,2,209,0.5260038196792678,0.740203511223422,0.2261576861214283
LOG_MGMB,fus_GRM_early_lgbm,3,3,209,0.45035054424058774,0.6798126704042216,0.23490401878453385
LOG_MGMB,fus_GRM_early_lgbm,3,4,209,0.5651258924933553,0.7504783143940127,0.2055932069143009
LOG_MGMB,fus_GRM_early_lgbm,4,0,209,0.5289301531828339,0.7322297434203383,0.21954035826591922
LOG_MGMB,fus_GRM_early_lgbm,4,1,209,0.5102164196611821,0.7309947689971604,0.23043311794905647
LOG_MGMB,fus_GRM_early_lgbm,4,2,209,0.5055253232384898,0.6818521199173249,0.22940869438025352
LOG_MGMB,fus_GRM_early_lgbm,4,3,209,0.4451350204746378,0.7009037531856678,0.24540077571534338
LOG_MGMB,fus_GRM_early_lgbm,4,4,209,0.5335118528351529,0.736493987197655,0.22195727327888407
LOG_MGMB,fus_GRM_late_lgbm,0,0,209,0.3924140955148103,0.6709109689500194,0.25721448447863793
LOG_MGMB,fus_GRM_late_lgbm,0,1,209,0.5156131252209823,0.7319193476045353,0.22911891294185371
LOG_MGMB,fus_GRM_late_lgbm,0,2,209,0.22962563553344284,0.5698694604946882,0.29952182855837894
LOG_MGMB,fus_GRM_late_lgbm,0,3,209,0.4926140199879503,0.7005760360891294,0.22046177625278274
LOG_MGMB,fus_GRM_late_lgbm,0,4,209,0.5746095465729101,0.7403696378045026,0.20678316981406172
LOG_MGMB,fus_GRM_late_lgbm,1,0,209,0.48165096338719293,0.7530245321192833,0.24242521850064977
LOG_MGMB,fus_GRM_late_lgbm,1,1,209,0.5280459520560173,0.7220087042788779,0.20420468481971316
LOG_MGMB,fus_GRM_late_lgbm,1,2,209,0.47653014140389094,0.6759053439272082,0.23408254147304033
LOG_MGMB,fus_GRM_late_lgbm,1,3,209,0.4616230572814035,0.6980187193315898,0.2500756323583436
LOG_MGMB,fus_GRM_late_lgbm,1,4,209,0.48144128837786637,0.7020503827878021,0.23218081814342728
LOG_MGMB,fus_GRM_late_lgbm,2,0,209,0.4705858097678548,0.6907830048800819,0.23481827919835932
LOG_MGMB,fus_GRM_late_lgbm,2,1,209,0.4963866064950083,0.6938150732758983,0.21872076951978212
LOG_MGMB,fus_GRM_late_lgbm,2,2,209,0.5968088832896246,0.7349211573416577,0.19552455509391062
LOG_MGMB,fus_GRM_late_lgbm,2,3,209,0.47676551270242673,0.69865419892569,0.22171918652914638
LOG_MGMB,fus_GRM_late_lgbm,2,4,209,0.43792529799781577,0.6410902631842723,0.24723395989443567
LOG_MGMB,fus_GRM_late_lgbm,3,0,209,0.4468958539955509,0.6572097406410917,0.23363683524223866
LOG_MGMB,fus_GRM_late_lgbm,3,1,209,0.5141059993666008,0.7452572058816422,0.23492291618037106
LOG_MGMB,fus_GRM_late_lgbm,3,2,209,0.4353460129422988,0.6904656820943659,0.2432994127089372
LOG_MGMB,fus_GRM_late_lgbm,3,3,209,0.4309311507117688,0.680763421857304,0.2349605431802162
LOG_MGMB,fus_GRM_late_lgbm,3,4,209,0.5580306625811013,0.77921088614563,0.2204146565081725
LOG_MGMB,fus_GRM_late_lgbm,4,0,209,0.5519209573134097,0.7701007849289585,0.22198761904697698
LOG_MGMB,fus_GRM_late_lgbm,4,1,209,0.47369251107950916,0.6724559381575405,0.2362846999377111
LOG_MGMB,fus_GRM_late_lgbm,4,2,209,0.48466957825817014,0.6584320769681143,0.22567039329602445
LOG_MGMB,fus_GRM_late_lgbm,4,3,209,0.4096254285319376,0.7414144064222611,0.2669758946572821
LOG_MGMB,fus_GRM_late_lgbm,4,4,209,0.4858835928623866,0.688748676072916,0.23519000050333247
LOG_MGMB,fus_GRS_early_lgbm,0,0,209,0.5733838520469985,0.755972499505664,0.2123875874466534
LOG_MGMB,fus_GRS_early_lgbm,0,1,209,0.5455731304200926,0.7300755935325512,0.22097575661828925
LOG_MGMB,fus_GRS_early_lgbm,0,2,209,0.4678605079018221,0.661992094694627,0.24899129345294777
LOG_MGMB,fus_GRS_early_lgbm,0,3,209,0.20715535679819597,0.464151530019699,0.30196860834570555
LOG_MGMB,fus_GRS_early_lgbm,0,4,209,0.5034000680535938,0.7114621259500077,0.23398311375795441
LOG_MGMB,fus_GRS_early_lgbm,1,0,209,0.593492064365377,0.7864924915306238,0.22181693636744568
LOG_MGMB,fus_GRS_early_lgbm,1,1,209,0.5037685957414167,0.6939987933776706,0.23906905617491933
LOG_MGMB,fus_GRS_early_lgbm,1,2,209,0.31086613829751586,0.5804095907770219,0.2810402343723768
LOG_MGMB,fus_GRS_early_lgbm,1,3,209,0.49868710496362356,0.7097454870898906,0.22525675804296302
LOG_MGMB,fus_GRS_early_lgbm,1,4,209,0.5797046643983403,0.7452172848123993,0.21236865481441639
LOG_MGMB,fus_GRS_early_lgbm,2,0,209,0.5241864780334689,0.7048681412512763,0.22538412996428978
LOG_MGMB,fus_GRS_early_lgbm,2,1,209,0.4886066632365984,0.6795652826292008,0.23073130327820546
LOG_MGMB,fus_GRS_early_lgbm,2,2,209,0.5329644075877595,0.7455943004434044,0.2313833526674065
LOG_MGMB,fus_GRS_early_lgbm,2,3,209,0.4371819727393923,0.6637951460985324,0.24890542122765633
LOG_MGMB,fus_GRS_early_lgbm,2,4,209,0.3649257441642274,0.5664310432281008,0.26929097503653043
LOG_MGMB,fus_GRS_early_lgbm,3,0,209,0.4335853642134939,0.6572761097910161,0.2543240184090746
LOG_MGMB,fus_GRS_early_lgbm,3,1,209,0.5945888425187443,0.7679740335002246,0.2109084958915026
LOG_MGMB,fus_GRS_early_lgbm,3,2,209,0.30402112093372347,0.5797560095427392,0.26120970722821574
LOG_MGMB,fus_GRS_early_lgbm,3,3,209,0.47779054793217135,0.6919351336048135,0.2403433582171698
LOG_MGMB,fus_GRS_early_lgbm,3,4,209,0.5330967395866495,0.7400730006884575,0.2298277319844502
LOG_MGMB,fus_GRS_early_lgbm,4,0,209,0.5162769170464938,0.7349642079843052,0.2409793301908891
LOG_MGMB,fus_GRS_early_lgbm,4,1,209,0.5706760880372282,0.7586560451908633,0.21596040034461156
LOG_MGMB,fus_GRS_early_lgbm,4,2,209,0.536491169221258,0.7249266182694244,0.22546623581620132
LOG_MGMB,fus_GRS_early_lgbm,4,3,209,0.5269059430351424,0.7569580527843102,0.23942786106413919
LOG_MGMB,fus_GRS_early_lgbm,4,4,209,0.19654373646525192,0.5049027437511803,0.30208908964494824
LOG_MGMB,fus_GRS_late_lgbm,0,0,209,0.5683754840440864,0.757477155059847,0.21306655360841784
LOG_MGMB,fus_GRS_late_lgbm,0,1,209,0.4996990754658326,0.7508443389902835,0.24328312669866872
LOG_MGMB,fus_GRS_late_lgbm,0,2,209,0.42027983079672127,0.7171838809137173,0.2703667263287438
LOG_MGMB,fus_GRS_late_lgbm,0,3,209,0.42187842091174754,0.7380338681429991,0.26056111445681834
LOG_MGMB,fus_GRS_late_lgbm,0,4,209,0.5134510933658549,0.7530875636683888,0.23312343397345464
LOG_MGMB,fus_GRS_late_lgbm,1,0,209,0.34906235443859135,0.7103901184772307,0.27659716358271585
LOG_MGMB,fus_GRS_late_lgbm,1,1,209,0.5486942268355686,0.7550185719055276,0.21339667322055633
LOG_MGMB,fus_GRS_late_lgbm,1,2,209,0.39182610410564644,0.7071383902695647,0.2631179338402585
LOG_MGMB,fus_GRS_late_lgbm,1,3,209,0.4601448608533567,0.7018528440336445,0.24145994253931735
LOG_MGMB,fus_GRS_late_lgbm,1,4,209,0.5092633115493533,0.7598636523099328,0.24360018585577256
LOG_MGMB,fus_GRS_late_lgbm,2,0,209,0.5457294812858543,0.757149946370402,0.21498603711908998
LOG_MGMB,fus_GRS_late_lgbm,2,1,209,0.4707285506195855,0.7517610693939459,0.25183645492546697
LOG_MGMB,fus_GRS_late_lgbm,2,2,209,0.508954911292239,0.7421905958175388,0.23381556447703528
LOG_MGMB,fus_GRS_late_lgbm,2,3,209,0.4854758215385787,0.7572368808021893,0.2393397932358068
LOG_MGMB,fus_GRS_late_lgbm,2,4,209,0.4509038617830258,0.7203883986365764,0.25403962818446607
LOG_MGMB,fus_GRS_late_lgbm,3,0,209,0.4031142772684857,0.7197535846877098,0.2686638996009609
LOG_MGMB,fus_GRS_late_lgbm,3,1,209,0.4769781351223986,0.7452149423118679,0.24173824945460518
LOG_MGMB,fus_GRS_late_lgbm,3,2,209,0.5585363333463366,0.7542044662795832,0.2191274917999539
LOG_MGMB,fus_GRS_late_lgbm,3,3,209,0.453441866684939,0.7122280556436239,0.2304175309761902
LOG_MGMB,fus_GRS_late_lgbm,3,4,209,0.4652855173071565,0.7583060412662377,0.25041498708518023
LOG_MGMB,fus_GRS_late_lgbm,4,0,209,0.5340662528343865,0.7654609059970519,0.23556740040085258
LOG_MGMB,fus_GRS_late_lgbm,4,1,209,0.4582217419994695,0.7380499484778003,0.24767989446216784
LOG_MGMB,fus_GRS_late_lgbm,4,2,209,0.5019914014539468,0.7189753388404154,0.24020322567211563
LOG_MGMB,fus_GRS_late_lgbm,4,3,209,0.3572349144528464,0.7308030358697416,0.2792707587765161
LOG_MGMB,fus_GRS_late_lgbm,4,4,209,0.48161179364126916,0.7259111298858241,0.24106880390413143
LOG_MGMB,fus_GR_early_lgbm,0,0,209,0.5732912525774234,0.7711981487158238,0.21924909597117637
LOG_MGMB,fus_GR_early_lgbm,0,1,209,0.5151191778984237,0.7546459422904316,0.23718832799032533
LOG_MGMB,fus_GR_early_lgbm,0,2,209,0.32609783489813915,0.7395962832914723,0.2934172570033592
LOG_MGMB,fus_GR_early_lgbm,0,3,209,0.5092586762059215,0.7709050148186778,0.23759097483817665
LOG_MGMB,fus_GR_early_lgbm,0,4,209,0.47842688096881936,0.7132115316539329,0.24530809329060016
LOG_MGMB,fus_GR_early_lgbm,1,0,209,0.47503620095653265,0.7545361813917245,0.24780524209663
LOG_MGMB,fus_GR_early_lgbm,1,1,209,0.47409430060358226,0.7135690761383442,0.24376890247501465
LOG_MGMB,fus_GR_early_lgbm,1,2,209,0.5167814378532158,0.7307844487122126,0.22764772769371922
LOG_MGMB,fus_GR_early_lgbm,1,3,209,0.4639099386481198,0.6954915188776067,0.24692593238853908
LOG_MGMB,fus_GR_early_lgbm,1,4,209,0.402956803895273,0.7371144320382511,0.2684785026190174
LOG_MGMB,fus_GR_early_lgbm,2,0,209,0.48965751194585216,0.7438413949021285,0.24506237686407636
LOG_MGMB,fus_GR_early_lgbm,2,1,209,0.5372723728669366,0.7470882143010102,0.22511532918690655
LOG_MGMB,fus_GR_early_lgbm,2,2,209,0.511057621898551,0.7344151026311241,0.2347727842238406
LOG_MGMB,fus_GR_early_lgbm,2,3,209,0.43500389408290396,0.7227002627595314,0.2588271957285361
LOG_MGMB,fus_GR_early_lgbm,2,4,209,0.505535230211577,0.7403566506808996,0.24145810985604663
LOG_MGMB,fus_GR_early_lgbm,3,0,209,0.457646734571043,0.7296401749119185,0.2529279895832713
LOG_MGMB,fus_GR_early_lgbm,3,1,209,0.45258854952024274,0.753243368890186,0.2572501315971484
LOG_MGMB,fus_GR_early_lgbm,3,2,209,0.5582247044189887,0.7478900603873737,0.2196235964476497
LOG_MGMB,fus_GR_early_lgbm,3,3,209,0.46381691532613556,0.6867335222807852,0.23915753941812923
LOG_MGMB,fus_GR_early_lgbm,3,4,209,0.4756903314494514,0.7516442774736921,0.24816678264039121
LOG_MGMB,fus_GR_early_lgbm,4,0,209,0.3914564465401992,0.703708998279635,0.272743911826171
LOG_MGMB,fus_GR_early_lgbm,4,1,209,0.574336326544116,0.7803313070896822,0.21656385708265655
LOG_MGMB,fus_GR_early_lgbm,4,2,209,0.3835415775712461,0.6382356363244928,0.2698354277022129
LOG_MGMB,fus_GR_early_lgbm,4,3,209,0.3650507387003904,0.7274120943932526,0.27783837574571113
LOG_MGMB,fus_GR_early_lgbm,4,4,209,0.5081234064025999,0.7726552739399779,0.24061046146817475
LOG_MGMB,fus_GR_late_lgbm,0,0,209,0.5421485590823778,0.7546100859692101,0.2216597829111411
LOG_MGMB,fus_GR_late_lgbm,0,1,209,0.4903893629826508,0.7538714040359156,0.24505404266958192
LOG_MGMB,fus_GR_late_lgbm,0,2,209,0.45091757121918874,0.7329986519700509,0.2627860605045082
LOG_MGMB,fus_GR_late_lgbm,0,3,209,0.41592654179569266,0.7363660235561533,0.2623730986679765
LOG_MGMB,fus_GR_late_lgbm,0,4,209,0.5061273434664282,0.7502040265420292,0.2349185440344808
LOG_MGMB,fus_GR_late_lgbm,1,0,209,0.3315414985363552,0.7119673873459933,0.2811171738573508
LOG_MGMB,fus_GR_late_lgbm,1,1,209,0.5391398074922795,0.7461727363780595,0.21938064893079423
LOG_MGMB,fus_GR_late_lgbm,1,2,209,0.3910303007437782,0.7094144942200628,0.26395024250580806
LOG_MGMB,fus_GR_late_lgbm,1,3,209,0.4520367065235109,0.6903589820390892,0.24688612235759652
LOG_MGMB,fus_GR_late_lgbm,1,4,209,0.5049206099253567,0.7639115603055799,0.24494509612979037
LOG_MGMB,fus_GR_late_lgbm,2,0,209,0.550964952120627,0.7533386103928126,0.20998007234933785
LOG_MGMB,fus_GR_late_lgbm,2,1,209,0.45682475420736646,0.7529431767310469,0.2537826026906895
LOG_MGMB,fus_GR_late_lgbm,2,2,209,0.5083100200344006,0.7356920807132163,0.23575603200712555
LOG_MGMB,fus_GR_late_lgbm,2,3,209,0.46393421986824157,0.7531566505039625,0.2446679185585079
LOG_MGMB,fus_GR_late_lgbm,2,4,209,0.4329284904578873,0.7300399913495474,0.26007332960503887
LOG_MGMB,fus_GR_late_lgbm,3,0,209,0.3914559030341975,0.7261206471145197,0.27298474999166705
LOG_MGMB,fus_GR_late_lgbm,3,1,209,0.4636449681830779,0.7478394896956092,0.2450440877534463
LOG_MGMB,fus_GR_late_lgbm,3,2,209,0.5640385329193935,0.7570930245737717,0.21765158009384228
LOG_MGMB,fus_GR_late_lgbm,3,3,209,0.44194263613563145,0.7015176686179305,0.2350137913836325
LOG_MGMB,fus_GR_late_lgbm,3,4,209,0.4571881578143079,0.7527032536887159,0.25229933506762464
LOG_MGMB,fus_GR_late_lgbm,4,0,209,0.5280028628153948,0.7672915091864856,0.23568382015229053
LOG_MGMB,fus_GR_late_lgbm,4,1,209,0.4419162838446983,0.7312445796071904,0.25357864388797324
LOG_MGMB,fus_GR_late_lgbm,4,2,209,0.4972602612413827,0.7199209279307971,0.24117292919898553
LOG_MGMB,fus_GR_late_lgbm,4,3,209,0.32162656261555433,0.722012891491833,0.2859712655746941
LOG_MGMB,fus_GR_late_lgbm,4,4,209,0.4749047090784877,0.7248742796929776,0.24289679629129932
LOG_MGMB,uni_G_lgbm,0,0,209,0.1812838642582577,0.3996213340282983,0.3102385918560956
LOG_MGMB,uni_G_lgbm,0,1,209,0.3405667248980301,0.5571968169458262,0.2834296350977855
LOG_MGMB,uni_G_lgbm,0,2,209,0.07645086354605146,0.5118445374571591,0.3475126864357323
LOG_MGMB,uni_G_lgbm,0,3,209,0.3586984217200119,0.5241086867262146,0.26802992351647575
LOG_MGMB,uni_G_lgbm,0,4,209,0.20936781140809813,0.46264299479732107,0.3043395231258058
LOG_MGMB,uni_G_lgbm,1,0,209,0.3701978462068217,0.6140105957233858,0.2799943397260913
LOG_MGMB,uni_G_lgbm,1,1,209,0.17105889581785716,0.47028214546309244,0.3229206354348269
LOG_MGMB,uni_G_lgbm,1,2,209,0.1795167919859213,0.4769677886738523,0.3044779847478723
LOG_MGMB,uni_G_lgbm,1,3,209,0.010648473715408335,0.21890400484672382,0.3619353719241384
LOG_MGMB,uni_G_lgbm,1,4,209,0.14719591259133857,0.4283516115789383,0.32475482584508625
LOG_MGMB,uni_G_lgbm,2,0,209,0.19087262970807872,0.4307097462885446,0.31545174889569716
LOG_MGMB,uni_G_lgbm,2,1,209,0.33688691408774896,0.5483720327812219,0.2867465156850444
LOG_MGMB,uni_G_lgbm,2,2,209,0.20647382561745276,0.45994522118721276,0.2881569440277431
LOG_MGMB,uni_G_lgbm,2,3,209,0.22462868090534605,0.5195028561887653,0.3126965435818796
LOG_MGMB,uni_G_lgbm,2,4,209,0.2642103278742244,0.4830949173689774,0.29566745513569853
LOG_MGMB,uni_G_lgbm,3,0,209,0.3439794910856422,0.5777038038124648,0.2805799240509292
LOG_MGMB,uni_G_lgbm,3,1,209,0.07331471346999041,0.3683276298777584,0.34564491573896733
LOG_MGMB,uni_G_lgbm,3,2,209,0.2695437085898672,0.4684872374722622,0.29831483116461177
LOG_MGMB,uni_G_lgbm,3,3,209,0.010781787279072197,0.39299347551263314,0.3482028904652414
LOG_MGMB,uni_G_lgbm,3,4,209,0.17471025739074064,0.41901673622377505,0.31658162602152023
LOG_MGMB,uni_G_lgbm,4,0,209,0.2784996469771611,0.5058812942129042,0.2967405687440998
LOG_MGMB,uni_G_lgbm,4,1,209,0.20556780127112695,0.41032732260630855,0.3117321012135793
LOG_MGMB,uni_G_lgbm,4,2,209,0.33305144076242155,0.553228609311298,0.28167008123806203
LOG_MGMB,uni_G_lgbm,4,3,209,0.21186291393191137,0.5105396975840921,0.3048365338854001
LOG_MGMB,uni_G_lgbm,4,4,209,0.30246476756613494,0.4892348521868879,0.2897138075789545
LOG_MLM,fus_GRMS_early_lgbm,0,0,1170,-0.4219224437268698,0.32295597125502656,0.4974597346053356
LOG_MLM,fus_GRMS_early_lgbm,0,1,1170,-0.36543205153464764,0.3365710491310057,0.4925029383842513
LOG_MLM,fus_GRMS_early_lgbm,0,2,1170,-0.07772485074378488,0.3545761949031142,0.43722425637506224
LOG_MLM,fus_GRMS_early_lgbm,0,3,1170,-0.3390624727681031,0.303161449741912,0.4916225700650384
LOG_MLM,fus_GRMS_early_lgbm,0,4,1170,-0.2603543820008083,0.27931701066595327,0.4803827231200169
LOG_MLM,fus_GRMS_early_lgbm,1,0,1170,-0.6194591156414051,0.2905411229778306,0.5317844284692381
LOG_MLM,fus_GRMS_early_lgbm,1,1,1170,-0.3888232841509831,0.33314630226324365,0.4973975576599183
LOG_MLM,fus_GRMS_early_lgbm,1,2,1170,-0.4434721422996242,0.30631381747696085,0.5063583890579986
LOG_MLM,fus_GRMS_early_lgbm,1,3,1170,-0.3040179910443799,0.2726673587886088,0.48531121097288543
LOG_MLM,fus_GRMS_early_lgbm,1,4,1170,-0.8307673499056207,0.2749391767554345,0.5776900924851435
LOG_MLM,fus_GRMS_early_lgbm,2,0,1170,-0.41961729650018675,0.321690616406088,0.5026869695135964
LOG_MLM,fus_GRMS_early_lgbm,2,1,1170,-0.1081478750366156,0.3374765968671642,0.4498631171348904
LOG_MLM,fus_GRMS_early_lgbm,2,2,1170,-0.62497724506074,0.31961773643417224,0.5472312172229158
LOG_MLM,fus_GRMS_early_lgbm,2,3,1170,-0.4124950268090408,0.3317541189400505,0.5042172731375734
LOG_MLM,fus_GRMS_early_lgbm,2,4,1170,-0.5817220245174552,0.3629541461730614,0.527185932037257
LOG_MLM,fus_GRMS_early_lgbm,3,0,1170,-0.5761731799818608,0.35484627983790684,0.5323071945913515
LOG_MLM,fus_GRMS_early_lgbm,3,1,1170,-0.47904640685379496,0.3627872275520233,0.49838931913614587
LOG_MLM,fus_GRMS_early_lgbm,3,2,1170,-0.2895240758738977,0.36322664632459783,0.492246957326341
LOG_MLM,fus_GRMS_early_lgbm,3,3,1170,-0.2407589323935968,0.38278721789105835,0.4713260010099999
LOG_MLM,fus_GRMS_early_lgbm,3,4,1170,-0.6467888931136028,0.36400487056873493,0.5330846046003148
LOG_MLM,fus_GRMS_early_lgbm,4,0,1170,-0.4057161561601761,0.30735739401783796,0.49585297700904796
LOG_MLM,fus_GRMS_early_lgbm,4,1,1170,-0.5849185367977436,0.2300634655825058,0.5364466344552193
LOG_MLM,fus_GRMS_early_lgbm,4,2,1170,-0.6916788900577013,0.29142702364766354,0.555077707326654
LOG_MLM,fus_GRMS_early_lgbm,4,3,1170,-0.5228890570420586,0.34534907823121685,0.5290533091766845
LOG_MLM,fus_GRMS_early_lgbm,4,4,1170,-0.12935649917519365,0.4144552887015227,0.4387475497110719
LOG_MLM,fus_GRMS_late_lgbm,0,0,1170,0.0716871826434915,0.3401647677396152,0.4224694007430558
LOG_MLM,fus_GRMS_late_lgbm,0,1,1170,0.0061446953862613896,0.33706238579096104,0.42740129664168325
LOG_MLM,fus_GRMS_late_lgbm,0,2,1170,0.011857440700264621,0.3322831473262384,0.4270061287602573
LOG_MLM,fus_GRMS_late_lgbm,0,3,1170,0.09216989561605338,0.3668413159859683,0.4144542282713396
LOG_MLM,fus_GRMS_late_lgbm,0,4,1170,0.03195070038955594,0.34489399037885304,0.4258910268842128
LOG_MLM,fus_GRMS_late_lgbm,1,0,1170,0.05134871662789242,0.3541800121397426,0.4207007345908627
LOG_MLM,fus_GRMS_late_lgbm,1,1,1170,0.014018558415514693,0.3383762537924956,0.43002828306133795
LOG_MLM,fus_GRMS_late_lgbm,1,2,1170,-0.11008269365954115,0.24831980918687338,0.45410870171773826
LOG_MLM,fus_GRMS_late_lgbm,1,3,1170,-0.09424124150224467,0.2803491067016873,0.4463548988762599
LOG_MLM,fus_GRMS_late_lgbm,1,4,1170,-0.07374250094878443,0.2955443036037299,0.44409008927708776
LOG_MLM,fus_GRMS_late_lgbm,2,0,1170,0.05664038019423545,0.331404017883485,0.4162886391902568
LOG_MLM,fus_GRMS_late_lgbm,2,1,1170,-0.15119658243854128,0.21281878142871638,0.462883850882528
LOG_MLM,fus_GRMS_late_lgbm,2,2,1170,-0.07463981029662725,0.30215076271634894,0.4453713426820774
LOG_MLM,fus_GRMS_late_lgbm,2,3,1170,-0.002024887028451605,0.3421175458604026,0.42615082954458283
LOG_MLM,fus_GRMS_late_lgbm,2,4,1170,0.10997422586591343,0.36637163071255796,0.4051322242982788
LOG_MLM,fus_GRMS_late_lgbm,3,0,1170,0.10233943600264706,0.37496878782369863,0.4041301678373897
LOG_MLM,fus_GRMS_late_lgbm,3,1,1170,-0.00787927222978646,0.33965108839148866,0.42822224653566615
LOG_MLM,fus_GRMS_late_lgbm,3,2,1170,0.0839244898649748,0.35118872517410304,0.4092027652210484
LOG_MLM,fus_GRMS_late_lgbm,3,3,1170,0.10136431464548135,0.37318151340054573,0.40674192110665486
LOG_MLM,fus_GRMS_late_lgbm,3,4,1170,0.09691508979140939,0.36801616159117595,0.4076357489095893
LOG_MLM,fus_GRMS_late_lgbm,4,0,1170,0.1363434075509654,0.3804322153627802,0.40064162243403284
LOG_MLM,fus_GRMS_late_lgbm,4,1,1170,0.08564835201235521,0.35370410192091195,0.40379263644738106
LOG_MLM,fus_GRMS_late_lgbm,4,2,1170,-0.019612026326129683,0.33812825601032015,0.4284604620763949
LOG_MLM,fus_GRMS_late_lgbm,4,3,1170,0.033151095291339305,0.33102379753183414,0.43033326083808937
LOG_MLM,fus_GRMS_late_lgbm,4,4,1170,-0.0060365745777886115,0.2970324628285846,0.44107032319084305
LOG_MLM,fus_GRM_early_lgbm,0,0,1170,0.07897255586462715,0.34104389041157324,0.41155893167548174
LOG_MLM,fus_GRM_early_lgbm,0,1,1170,0.026690911755563262,0.3178565358208404,0.42427626451310485
LOG_MLM,fus_GRM_early_lgbm,0,2,1170,0.049818645696059205,0.3509648115672802,0.4179134577053669
LOG_MLM,fus_GRM_early_lgbm,0,3,1170,0.08926206971877715,0.32788239863989327,0.41250359957574306
LOG_MLM,fus_GRM_early_lgbm,0,4,1170,-0.10466613177220485,0.3017249355226267,0.444548315659984
LOG_MLM,fus_GRM_early_lgbm,1,0,1170,0.002094822329553936,0.3253256177993403,0.4285509192672176
LOG_MLM,fus_GRM_early_lgbm,1,1,1170,0.008158747745990014,0.31366532759076726,0.4256179134567751
LOG_MLM,fus_GRM_early_lgbm,1,2,1170,0.05749272086388302,0.31622808984561135,0.41242976975324147
LOG_MLM,fus_GRM_early_lgbm,1,3,1170,-0.05113401255844274,0.2702641688778046,0.43325488860786676
LOG_MLM,fus_GRM_early_lgbm,1,4,1170,0.005341030797726409,0.3170164095106387,0.4248761472377726
LOG_MLM,fus_GRM_early_lgbm,2,0,1170,0.05895673395985268,0.321227691256186,0.41393201647347366
LOG_MLM,fus_GRM_early_lgbm,2,1,1170,0.08071999048310208,0.3522324181013127,0.4134452360933795
LOG_MLM,fus_GRM_early_lgbm,2,2,1170,-0.022849692791522935,0.32325838800067663,0.4346678061406626
LOG_MLM,fus_GRM_early_lgbm,2,3,1170,0.04341117853498322,0.32133479541668786,0.4159711487450207
LOG_MLM,fus_GRM_early_lgbm,2,4,1170,0.09278672840017044,0.3494685931638283,0.40551530620007054
LOG_MLM,fus_GRM_early_lgbm,3,0,1170,0.04104681118209841,0.34174362796704877,0.4170318363910272
LOG_MLM,fus_GRM_early_lgbm,3,1,1170,0.025136510771716303,0.34043494459484325,0.4239090109929897
LOG_MLM,fus_GRM_early_lgbm,3,2,1170,-0.04502049672705888,0.28397004860502856,0.43031978304261864
LOG_MLM,fus_GRM_early_lgbm,3,3,1170,-0.03273088523374934,0.3287601333113755,0.43362688690060597
LOG_MLM,fus_GRM_early_lgbm,3,4,1170,0.028055379309339323,0.3371492231102613,0.42060567218256656
LOG_MLM,fus_GRM_early_lgbm,4,0,1170,0.0190010982016664,0.3120337834694949,0.41874419897890364
LOG_MLM,fus_GRM_early_lgbm,4,1,1170,0.1482194178742412,0.35620500256544646,0.39104688271834875
LOG_MLM,fus_GRM_early_lgbm,4,2,1170,-0.005683288920126817,0.34752906839283604,0.4298124004256814
LOG_MLM,fus_GRM_early_lgbm,4,3,1170,0.004485771783431791,0.33234928756722787,0.42602600900086224
LOG_MLM,fus_GRM_early_lgbm,4,4,1170,0.115422689345972,0.37893090806148266,0.40074279805472385
LOG_MLM,fus_GRM_late_lgbm,0,0,1170,0.0740991660007867,0.3392806882480123,0.4216993490107334
LOG_MLM,fus_GRM_late_lgbm,0,1,1170,0.0816552617327323,0.39409987063331636,0.4079680622278166
LOG_MLM,fus_GRM_late_lgbm,0,2,1170,0.028863055170991303,0.3334827010646681,0.42351011819217077
LOG_MLM,fus_GRM_late_lgbm,0,3,1170,0.07934990208747739,0.35137797973408824,0.41829826089441025
LOG_MLM,fus_GRM_late_lgbm,0,4,1170,0.009272660339908811,0.3736537454477514,0.4293706146618434
LOG_MLM,fus_GRM_late_lgbm,1,0,1170,0.16051365053288402,0.4407310056139817,0.3966544538961133
LOG_MLM,fus_GRM_late_lgbm,1,1,1170,0.0178556470890322,0.3300465552061943,0.43051438717579893
LOG_MLM,fus_GRM_late_lgbm,1,2,1170,-0.12407455383571597,0.23444254856114316,0.4568325090217947
LOG_MLM,fus_GRM_late_lgbm,1,3,1170,-0.0324340962038725,0.31995930640154807,0.4333742040241931
LOG_MLM,fus_GRM_late_lgbm,1,4,1170,-0.0729360529713392,0.2943421398311572,0.4435946395751987
LOG_MLM,fus_GRM_late_lgbm,2,0,1170,0.07385537865184288,0.3366265735015135,0.41321059098368135
LOG_MLM,fus_GRM_late_lgbm,2,1,1170,-0.13368906859834917,0.21557866789309724,0.45960281675040043
LOG_MLM,fus_GRM_late_lgbm,2,2,1170,-0.012352158772811261,0.3333565356301623,0.4314873358097176
LOG_MLM,fus_GRM_late_lgbm,2,3,1170,0.008426697794586047,0.34301735438557146,0.4250786565757557
LOG_MLM,fus_GRM_late_lgbm,2,4,1170,0.11784884728615419,0.37112369822887936,0.40280211802911775
LOG_MLM,fus_GRM_late_lgbm,3,0,1170,0.10681712162489787,0.3752814368867105,0.4041820271871473
LOG_MLM,fus_GRM_late_lgbm,3,1,1170,-0.02634179953717286,0.36036189371786365,0.42896846424035495
LOG_MLM,fus_GRM_late_lgbm,3,2,1170,0.07317301912403573,0.34510144353316813,0.4118291369697597
LOG_MLM,fus_GRM_late_lgbm,3,3,1170,0.09883891454407179,0.37415343339733836,0.40709521101708235
LOG_MLM,fus_GRM_late_lgbm,3,4,1170,0.12026745096794711,0.41323479532334384,0.40398976605824705
LOG_MLM,fus_GRM_late_lgbm,4,0,1170,0.2102527792341401,0.4851065822074591,0.38270268670387053
LOG_MLM,fus_GRM_late_lgbm,4,1,1170,0.09860200826720855,0.3616922835188575,0.40206846871353485
LOG_MLM,fus_GRM_late_lgbm,4,2,1170,-0.01305828204271764,0.33482770246525245,0.42772848767880434
LOG_MLM,fus_GRM_late_lgbm,4,3,1170,0.0730906976007899,0.3670420696344895,0.41597969662327083
LOG_MLM,fus_GRM_late_lgbm,4,4,1170,0.01963654624694866,0.30522190988076403,0.43462062215480973
LOG_MLM,fus_GRS_early_lgbm,0,0,1170,-0.3111297478893502,0.33797465968466944,0.4818656413957937
LOG_MLM,fus_GRS_early_lgbm,0,1,1170,-0.36405390824727424,0.32589405716515213,0.4943996190198812
LOG_MLM,fus_GRS_early_lgbm,0,2,1170,-0.23721710023824683,0.3312569838124533,0.4678016354882981
LOG_MLM,fus_GRS_early_lgbm,0,3,1170,-0.3227857838186212,0.32782470503157485,0.48475311925529446
LOG_MLM,fus_GRS_early_lgbm,0,4,1170,-0.25842488703503785,0.29399131245170307,0.48029581644991937
LOG_MLM,fus_GRS_early_lgbm,1,0,1170,-0.6585000121291456,0.29164032990173694,0.5347908012709665
LOG_MLM,fus_GRS_early_lgbm,1,1,1170,-0.5583086763942209,0.3546971974776248,0.5188521612582743
LOG_MLM,fus_GRS_early_lgbm,1,2,1170,-0.5145499031050618,0.28682006309738556,0.5136959269576046
LOG_MLM,fus_GRS_early_lgbm,1,3,1170,-0.3815629849719897,0.2534190129434588,0.5000839643789242
LOG_MLM,fus_GRS_early_lgbm,1,4,1170,-0.9097997403616482,0.2695452227944538,0.5916816982464211
LOG_MLM,fus_GRS_early_lgbm,2,0,1170,-0.4832289696838379,0.3055928848458828,0.5138085681917459
LOG_MLM,fus_GRS_early_lgbm,2,1,1170,-0.2113018220212235,0.3306394099386601,0.46855532256361054
LOG_MLM,fus_GRS_early_lgbm,2,2,1170,-0.7302322228260685,0.3029765954000162,0.5610430023516365
LOG_MLM,fus_GRS_early_lgbm,2,3,1170,-0.40172510229923253,0.3428230255829131,0.5014369647936238
LOG_MLM,fus_GRS_early_lgbm,2,4,1170,-0.6039751883603393,0.3473795796273758,0.5330883001101724
LOG_MLM,fus_GRS_early_lgbm,3,0,1170,-0.5505476638833853,0.35303123987404916,0.5263401379859256
LOG_MLM,fus_GRS_early_lgbm,3,1,1170,-0.493917216636901,0.3554957472302656,0.5003483144875986
LOG_MLM,fus_GRS_early_lgbm,3,2,1170,-0.2844367544183224,0.36880001042505484,0.4890448359592524
LOG_MLM,fus_GRS_early_lgbm,3,3,1170,-0.3001948147102791,0.3754744888341436,0.48406995469594394
LOG_MLM,fus_GRS_early_lgbm,3,4,1170,-0.5316410058762049,0.3713634646042277,0.5145472759525873
LOG_MLM,fus_GRS_early_lgbm,4,0,1170,-0.4146366303764679,0.3125064717263291,0.49296348077766183
LOG_MLM,fus_GRS_early_lgbm,4,1,1170,-0.5544067084027118,0.24702375427255452,0.5309224722631295
LOG_MLM,fus_GRS_early_lgbm,4,2,1170,-0.7705348116844757,0.29019943203287835,0.5651405626505708
LOG_MLM,fus_GRS_early_lgbm,4,3,1170,-0.49977881521854006,0.36791403336716544,0.5225034253322475
LOG_MLM,fus_GRS_early_lgbm,4,4,1170,-0.11861652243436582,0.42647680986656367,0.43810149077943833
LOG_MLM,fus_GRS_late_lgbm,0,0,1170,-0.07214202439619966,0.3768910558364198,0.44305120086128247
LOG_MLM,fus_GRS_late_lgbm,0,1,1170,-0.015839894855932846,0.41502558778893217,0.42857404041653213
LOG_MLM,fus_GRS_late_lgbm,0,2,1170,-0.13560919238808067,0.400694342997085,0.4444793550052968
LOG_MLM,fus_GRS_late_lgbm,0,3,1170,0.061914002326741824,0.48842583224420105,0.41796557333873974
LOG_MLM,fus_GRS_late_lgbm,0,4,1170,-0.25532017429749443,0.3621559478963882,0.4697878028363539
LOG_MLM,fus_GRS_late_lgbm,1,0,1170,0.04747621453604001,0.46949114135904413,0.4182665602961075
LOG_MLM,fus_GRS_late_lgbm,1,1,1170,-0.1843409110240295,0.44043270821566965,0.465862780085021
LOG_MLM,fus_GRS_late_lgbm,1,2,1170,-0.048430106489739,0.42806165104484606,0.44288458211687803
LOG_MLM,fus_GRS_late_lgbm,1,3,1170,-0.2554114510126635,0.2831106079451369,0.4808447247771017
LOG_MLM,fus_GRS_late_lgbm,1,4,1170,0.045527478960645906,0.4455196598725274,0.42094982730861785
LOG_MLM,fus_GRS_late_lgbm,2,0,1170,-0.19226849566796322,0.34571120836368957,0.4677975833105082
LOG_MLM,fus_GRS_late_lgbm,2,1,1170,-0.015790085584522995,0.4229602981920936,0.4283145288516995
LOG_MLM,fus_GRS_late_lgbm,2,2,1170,-0.23545522114799722,0.33965636181582376,0.47087897546351254
LOG_MLM,fus_GRS_late_lgbm,2,3,1170,-0.02987927758611897,0.4154710312653561,0.43084788605629426
LOG_MLM,fus_GRS_late_lgbm,2,4,1170,-0.008873783843649008,0.4105368603204484,0.4257501342926911
LOG_MLM,fus_GRS_late_lgbm,3,0,1170,-0.1727254522536641,0.3859907988256184,0.46534300908004744
LOG_MLM,fus_GRS_late_lgbm,3,1,1170,-0.25897969788756003,0.34160494973854244,0.47261463768798995
LOG_MLM,fus_GRS_late_lgbm,3,2,1170,-0.08758050286466079,0.3897356469875254,0.4426162127351705
LOG_MLM,fus_GRS_late_lgbm,3,3,1170,0.0017957123085150517,0.4119032735629271,0.42652653753320574
LOG_MLM,fus_GRS_late_lgbm,3,4,1170,-0.16915183308178805,0.3957331343516505,0.45995713430843643
LOG_MLM,fus_GRS_late_lgbm,4,0,1170,0.06252373147105772,0.4946565595278093,0.41263533951568016
LOG_MLM,fus_GRS_late_lgbm,4,1,1170,-0.06497773533759466,0.3480864348101664,0.4397281667288641
LOG_MLM,fus_GRS_late_lgbm,4,2,1170,-0.23253855123070477,0.3894169922272682,0.4742664595243265
LOG_MLM,fus_GRS_late_lgbm,4,3,1170,-0.16051840990785693,0.3215161887138679,0.46367274885342136
LOG_MLM,fus_GRS_late_lgbm,4,4,1170,-0.10771918365417399,0.42387782413393904,0.44500877552385304
LOG_MLM,fus_GR_early_lgbm,0,0,1170,0.08057879757254582,0.34592463564651155,0.407528606389374
LOG_MLM,fus_GR_early_lgbm,0,1,1170,0.09396563784563716,0.4303653546948924,0.4098884349462983
LOG_MLM,fus_GR_early_lgbm,0,2,1170,0.11890484882699326,0.4375068399142893,0.40327588230151823
LOG_MLM,fus_GR_early_lgbm,0,3,1170,0.12339569402192552,0.3912954920639488,0.4015842865699195
LOG_MLM,fus_GR_early_lgbm,0,4,1170,-0.07253485795419623,0.35938118974052347,0.4480196097031467
LOG_MLM,fus_GR_early_lgbm,1,0,1170,0.039050987573190254,0.4195233497890515,0.4203382020563721
LOG_MLM,fus_GR_early_lgbm,1,1,1170,0.018597340340922974,0.3738928255750496,0.4280392185442835
LOG_MLM,fus_GR_early_lgbm,1,2,1170,0.06688939265686789,0.41743294974590506,0.41514153936399273
LOG_MLM,fus_GR_early_lgbm,1,3,1170,0.14479871063967575,0.40400906377325807,0.3931952433746628
LOG_MLM,fus_GR_early_lgbm,1,4,1170,0.039468994116912515,0.3618683603297871,0.4176197177136555
LOG_MLM,fus_GR_early_lgbm,2,0,1170,0.09288442959465859,0.39246487838471245,0.406725622065155
LOG_MLM,fus_GR_early_lgbm,2,1,1170,0.04114757338225672,0.3753044322941501,0.4185183582184508
LOG_MLM,fus_GR_early_lgbm,2,2,1170,0.08345559684510184,0.4000142079539947,0.41052939791522114
LOG_MLM,fus_GR_early_lgbm,2,3,1170,0.05724181133610329,0.42337874110134094,0.4155656214555939
LOG_MLM,fus_GR_early_lgbm,2,4,1170,0.13769634390911145,0.43649322502945753,0.4004185236769006
LOG_MLM,fus_GR_early_lgbm,3,0,1170,0.05456839985789186,0.40131927556307156,0.41828959060758064
LOG_MLM,fus_GR_early_lgbm,3,1,1170,0.000674451619526284,0.35912997423240023,0.4272837332417748
LOG_MLM,fus_GR_early_lgbm,3,2,1170,0.09775568482424968,0.4162522066586041,0.40575953737414083
LOG_MLM,fus_GR_early_lgbm,3,3,1170,-0.07565591478760259,0.3283475783555838,0.4456831955763891
LOG_MLM,fus_GR_early_lgbm,3,4,1170,0.03852833919993026,0.3751553465769199,0.42262606474900705
LOG_MLM,fus_GR_early_lgbm,4,0,1170,0.12730399567631423,0.42151563034013423,0.396496849222302
LOG_MLM,fus_GR_early_lgbm,4,1,1170,0.20177449333341402,0.4042322181004097,0.3814668980767713
LOG_MLM,fus_GR_early_lgbm,4,2,1170,-0.08513319897828531,0.3348714973990179,0.44681311307073834
LOG_MLM,fus_GR_early_lgbm,4,3,1170,0.05436719944052215,0.3546881162667162,0.41777170371916644
LOG_MLM,fus_GR_early_lgbm,4,4,1170,0.1611793358551804,0.4515672137176889,0.39252512968195136
LOG_MLM,fus_GR_late_lgbm,0,0,1170,-0.049306489270194875,0.3802124053537548,0.438932920222513
LOG_MLM,fus_GR_late_lgbm,0,1,1170,-0.037260997781144445,0.4059020831161859,0.4333616575084531
LOG_MLM,fus_GR_late_lgbm,0,2,1170,-0.06305453114375914,0.4182882487126006,0.4318133056226255
LOG_MLM,fus_GR_late_lgbm,0,3,1170,0.07441344451339227,0.49475114895512423,0.41554348106606526
LOG_MLM,fus_GR_late_lgbm,0,4,1170,-0.2365032753516383,0.36063342727251907,0.4683001636347839
LOG_MLM,fus_GR_late_lgbm,1,0,1170,0.08878874630785161,0.46581962772213825,0.4123789303573176
LOG_MLM,fus_GR_late_lgbm,1,1,1170,-0.16351517181100372,0.4361388745640301,0.4612550865461849
LOG_MLM,fus_GR_late_lgbm,1,2,1170,-0.033861531602840556,0.42410226486229324,0.43960698859325925
LOG_MLM,fus_GR_late_lgbm,1,3,1170,-0.27688204012828543,0.2713649376018616,0.4820155358573393
LOG_MLM,fus_GR_late_lgbm,1,4,1170,0.091661642431068,0.46608681525225143,0.4102393136769806
LOG_MLM,fus_GR_late_lgbm,2,0,1170,-0.20580261136046918,0.34188037875120403,0.4680611636834505
LOG_MLM,fus_GR_late_lgbm,2,1,1170,-0.009016472055952685,0.41928108078768417,0.4272628131601944
LOG_MLM,fus_GR_late_lgbm,2,2,1170,-0.1981658226178986,0.34000481221701473,0.4643791069497231
LOG_MLM,fus_GR_late_lgbm,2,3,1170,0.00536793981830197,0.4168152123251655,0.42481277798385186
LOG_MLM,fus_GR_late_lgbm,2,4,1170,-0.01097021195097403,0.4106582095602432,0.42676724778742253
LOG_MLM,fus_GR_late_lgbm,3,0,1170,-0.18044834141595611,0.38207188565866995,0.4651022111337804
LOG_MLM,fus_GR_late_lgbm,3,1,1170,-0.23149634206786174,0.3411736724499918,0.46662913962070485
LOG_MLM,fus_GR_late_lgbm,3,2,1170,-0.10268556794766792,0.39039389509666056,0.4453067594074287
LOG_MLM,fus_GR_late_lgbm,3,3,1170,0.035179853310104536,0.4145496500673879,0.41996735109287253
LOG_MLM,fus_GR_late_lgbm,3,4,1170,-0.11046495498889031,0.4058809817418446,0.4493476198413403
LOG_MLM,fus_GR_late_lgbm,4,0,1170,0.11802210194035412,0.501126484896493,0.40098875935661993
LOG_MLM,fus_GR_late_lgbm,4,1,1170,-0.04026198402586223,0.3548074933070739,0.4318146651456047
LOG_MLM,fus_GR_late_lgbm,4,2,1170,-0.22593087555403435,0.3939837417976024,0.47386583351759887
LOG_MLM,fus_GR_late_lgbm,4,3,1170,-0.08638701251686531,0.3537210625593374,0.44650663132356655
LOG_MLM,fus_GR_late_lgbm,4,4,1170,-0.027132517338738005,0.4350648094300617,0.4325012767351695
LOG_MLM,uni_G_lgbm,0,0,1170,0.09968112705084442,0.32226026044945366,0.4055015022405448
LOG_MLM,uni_G_lgbm,0,1,1170,0.03395989603882266,0.2816529467846364,0.4214525455427508
LOG_MLM,uni_G_lgbm,0,2,1170,0.11490110792599295,0.3434898941136631,0.40074706167564744
LOG_MLM,uni_G_lgbm,0,3,1170,0.09625942354988137,0.30390827358144656,0.4077096894924053
LOG_MLM,uni_G_lgbm,0,4,1170,0.05239086563219786,0.2770348471710341,0.4162640970126631
LOG_MLM,uni_G_lgbm,1,0,1170,0.10437980920957013,0.32091449936076294,0.40473490692478165
LOG_MLM,uni_G_lgbm,1,1,1170,0.032065030770421,0.2636257614793156,0.42291627618762734
LOG_MLM,uni_G_lgbm,1,2,1170,0.11381956939493387,0.3344683378135143,0.4011536544384066
LOG_MLM,uni_G_lgbm,1,3,1170,0.03957177131986189,0.2906224152695668,0.4147061648203285
LOG_MLM,uni_G_lgbm,1,4,1170,0.024678494949829544,0.2609362710170651,0.4256319543249297
LOG_MLM,uni_G_lgbm,2,0,1170,0.1018462582704921,0.3363877635970639,0.4034446845176295
LOG_MLM,uni_G_lgbm,2,1,1170,0.10565170121343725,0.330028015311376,0.4044685836129203
LOG_MLM,uni_G_lgbm,2,2,1170,0.049761456924262926,0.2992695495635471,0.4187991502244115
LOG_MLM,uni_G_lgbm,2,3,1170,0.0697749111171565,0.3110305119430893,0.41244748599917475
LOG_MLM,uni_G_lgbm,2,4,1170,0.11774974484562584,0.30068775593685587,0.40236221596039556
LOG_MLM,uni_G_lgbm,3,0,1170,0.11296187921134593,0.317317365947299,0.40161504374934337
LOG_MLM,uni_G_lgbm,3,1,1170,0.08334216629500601,0.29875045580398973,0.4109590289828276
LOG_MLM,uni_G_lgbm,3,2,1170,0.0137759033512731,0.2640137419448088,0.421133160100427
LOG_MLM,uni_G_lgbm,3,3,1170,0.08141372133338487,0.29464210814696623,0.41209590951249514
LOG_MLM,uni_G_lgbm,3,4,1170,0.06900881266086267,0.3277978979617838,0.41173723653541333
LOG_MLM,uni_G_lgbm,4,0,1170,0.014956327477932851,0.24725812462503843,0.4280611323051861
LOG_MLM,uni_G_lgbm,4,1,1170,0.05819915802197506,0.3039478806244982,0.4143613147744428
LOG_MLM,uni_G_lgbm,4,2,1170,0.1094575659145195,0.330602024054694,0.4036828299271857
LOG_MLM,uni_G_lgbm,4,3,1170,0.0798073545841198,0.3121920213758309,0.4083350313219925
LOG_MLM,uni_G_lgbm,4,4,1170,0.09419943666227482,0.2973931966295043,0.407901258987204
LOG_MPPB,fus_GRMS_early_lgbm,0,0,454,0.25202114054812674,0.5682214946418848,0.27324775477878105
LOG_MPPB,fus_GRMS_early_lgbm,0,1,454,0.01654751323156789,0.4741678181624049,0.31685845279917196
LOG_MPPB,fus_GRMS_early_lgbm,0,2,454,-0.5515376794057727,0.28775361953487755,0.3920500992241732
LOG_MPPB,fus_GRMS_early_lgbm,0,3,454,0.21798475351708324,0.6104359071292746,0.2736017656177577
LOG_MPPB,fus_GRMS_early_lgbm,0,4,454,-0.029591563084617523,0.4987903777418376,0.3081793067647433
LOG_MPPB,fus_GRMS_early_lgbm,1,0,454,-0.15257158799582404,0.49533662287831176,0.33444030805878056
LOG_MPPB,fus_GRMS_early_lgbm,1,1,454,0.0643953668514694,0.511799843095655,0.29687680606789707
LOG_MPPB,fus_GRMS_early_lgbm,1,2,454,0.12952636571562104,0.5744711165527996,0.28889718577282575
LOG_MPPB,fus_GRMS_early_lgbm,1,3,454,0.02333972576567811,0.4374908629667817,0.3126951769095814
LOG_MPPB,fus_GRMS_early_lgbm,1,4,454,0.15030323700700765,0.5296476996402562,0.28203603325000987
LOG_MPPB,fus_GRMS_early_lgbm,2,0,454,-0.0941446939347943,0.4241560392186112,0.3329656966585398
LOG_MPPB,fus_GRMS_early_lgbm,2,1,454,-0.19598038296527243,0.4252788158991389,0.3498495915503466
LOG_MPPB,fus_GRMS_early_lgbm,2,2,454,-0.0502098587315305,0.4211729779916154,0.3256001040035379
LOG_MPPB,fus_GRMS_early_lgbm,2,3,454,0.19226999035170256,0.5605724870990558,0.28017894719351194
LOG_MPPB,fus_GRMS_early_lgbm,2,4,454,-0.052741714418556684,0.3666541964609975,0.3286347299416829
LOG_MPPB,fus_GRMS_early_lgbm,3,0,454,-0.03652927801166861,0.46635628778316085,0.3244171596636403
LOG_MPPB,fus_GRMS_early_lgbm,3,1,454,-0.30250524387900657,0.3920415248826308,0.3513583444298597
LOG_MPPB,fus_GRMS_early_lgbm,3,2,454,0.2595939681636228,0.6057705869237274,0.26534670694395257
LOG_MPPB,fus_GRMS_early_lgbm,3,3,454,-0.15710716137599112,0.40084388231448265,0.34135622712964286
LOG_MPPB,fus_GRMS_early_lgbm,3,4,454,0.05521112027342345,0.48225030673978814,0.30693082670756483
LOG_MPPB,fus_GRMS_early_lgbm,4,0,454,0.01823729611686542,0.47640714050751004,0.31165371557073507
LOG_MPPB,fus_GRMS_early_lgbm,4,1,454,0.16560516231569133,0.5175827703805078,0.2827897847225367
LOG_MPPB,fus_GRMS_early_lgbm,4,2,454,-0.09754691530490245,0.42138855080952375,0.33466080576172674
LOG_MPPB,fus_GRMS_early_lgbm,4,3,454,-0.27838965822870687,0.3599525756786694,0.35055167738568305
LOG_MPPB,fus_GRMS_early_lgbm,4,4,454,0.007094658914377883,0.48445138641502916,0.3100498693451253
LOG_MPPB,fus_GRMS_late_lgbm,0,0,454,-0.06388917990839493,0.5012803967506206,0.32432141769861933
LOG_MPPB,fus_GRMS_late_lgbm,0,1,454,0.10676112932701898,0.5171448025105739,0.3083065446777185
LOG_MPPB,fus_GRMS_late_lgbm,0,2,454,-0.07678749843320398,0.4563700995936017,0.33547696408340555
LOG_MPPB,fus_GRMS_late_lgbm,0,3,454,-0.03168949445758806,0.525305954085303,0.3185557628206977
LOG_MPPB,fus_GRMS_late_lgbm,0,4,454,0.07828642769570504,0.5345735858076681,0.3004807754859059
LOG_MPPB,fus_GRMS_late_lgbm,1,0,454,0.02978777372064001,0.5344822180846479,0.30975612635953337
LOG_MPPB,fus_GRMS_late_lgbm,1,1,454,0.20840317121898078,0.5786886628811854,0.2864734120096396
LOG_MPPB,fus_GRMS_late_lgbm,1,2,454,0.16952579189094397,0.5903541527778715,0.2857330574979619
LOG_MPPB,fus_GRMS_late_lgbm,1,3,454,-0.11930529397073619,0.494406989699004,0.3378758508175665
LOG_MPPB,fus_GRMS_late_lgbm,1,4,454,0.13223287339508683,0.5594946346173935,0.2970505301594636
LOG_MPPB,fus_GRMS_late_lgbm,2,0,454,0.03470839750651877,0.5296973400231042,0.31383113965665443
LOG_MPPB,fus_GRMS_late_lgbm,2,1,454,0.07022966765626615,0.488418099182133,0.30539710270826287
LOG_MPPB,fus_GRMS_late_lgbm,2,2,454,0.15406550833695498,0.5509782853100673,0.2905654247045987
LOG_MPPB,fus_GRMS_late_lgbm,2,3,454,-0.08978621920843621,0.47261295023188304,0.3280477704508124
LOG_MPPB,fus_GRMS_late_lgbm,2,4,454,0.0589009194625294,0.5527320989257263,0.31192418759306634
LOG_MPPB,fus_GRMS_late_lgbm,3,0,454,-0.13934599850295015,0.456660932668283,0.3436766116881182
LOG_MPPB,fus_GRMS_late_lgbm,3,1,454,0.159184538234023,0.5575868661354335,0.288296361999524
LOG_MPPB,fus_GRMS_late_lgbm,3,2,454,0.09554944814675315,0.5590242825246056,0.2975520767888385
LOG_MPPB,fus_GRMS_late_lgbm,3,3,454,0.05413983786001175,0.5448465684400182,0.3052863765364808
LOG_MPPB,fus_GRMS_late_lgbm,3,4,454,-0.03551761493775385,0.5048019932408487,0.33130700689959175
LOG_MPPB,fus_GRMS_late_lgbm,4,0,454,0.17485510976140295,0.5425931041906861,0.28635487608702703
LOG_MPPB,fus_GRMS_late_lgbm,4,1,454,-0.054633501720852795,0.507083642139444,0.3252468605842869
LOG_MPPB,fus_GRMS_late_lgbm,4,2,454,-0.038334928152116365,0.5075234747944833,0.32206966623501504
LOG_MPPB,fus_GRMS_late_lgbm,4,3,454,-0.06966027140993458,0.49255491777259436,0.32981937158505387
LOG_MPPB,fus_GRMS_late_lgbm,4,4,454,0.01144475835499148,0.5175049059583288,0.3137633592283209
LOG_MPPB,fus_GRM_early_lgbm,0,0,454,0.04720304614865811,0.5624215171936039,0.3028491007468189
LOG_MPPB,fus_GRM_early_lgbm,0,1,454,-0.02174436666857993,0.5225046729637048,0.32139021792693023
LOG_MPPB,fus_GRM_early_lgbm,0,2,454,0.12674190622149595,0.547911163095729,0.2937786798234994
LOG_MPPB,fus_GRM_early_lgbm,0,3,454,-0.015951462997535693,0.5339721181229626,0.31522814604679117
LOG_MPPB,fus_GRM_early_lgbm,0,4,454,-0.06440588584458284,0.48788420704450886,0.32912964492235225
LOG_MPPB,fus_GRM_early_lgbm,1,0,454,-0.24039960630455703,0.4704480577301691,0.34661340599654544
LOG_MPPB,fus_GRM_early_lgbm,1,1,454,0.06090025431675983,0.550787778278641,0.30677554811646807
LOG_MPPB,fus_GRM_early_lgbm,1,2,454,-0.006027506688072393,0.5228719857780506,0.31005079981724065
LOG_MPPB,fus_GRM_early_lgbm,1,3,454,0.09029535765029506,0.554021267573116,0.30493575849462007
LOG_MPPB,fus_GRM_early_lgbm,1,4,454,0.242667380489212,0.610942397233126,0.2776647774081685
LOG_MPPB,fus_GRM_early_lgbm,2,0,454,0.11472280585554473,0.5635852309210556,0.30116224633633437
LOG_MPPB,fus_GRM_early_lgbm,2,1,454,0.030293053518918645,0.5299078083357426,0.3123683982487894
LOG_MPPB,fus_GRM_early_lgbm,2,2,454,0.12694303020515685,0.5583290445698365,0.29402309846545704
LOG_MPPB,fus_GRM_early_lgbm,2,3,454,7.135975679706252e-05,0.5079657385669354,0.3112864320197641
LOG_MPPB,fus_GRM_early_lgbm,2,4,454,0.047258634906919506,0.5701480861420746,0.31250696033953995
LOG_MPPB,fus_GRM_early_lgbm,3,0,454,-0.02590062619993283,0.4767194096880737,0.3240887603010227
LOG_MPPB,fus_GRM_early_lgbm,3,1,454,0.14553762053520658,0.5635075174912428,0.2915492953880404
LOG_MPPB,fus_GRM_early_lgbm,3,2,454,0.13920030937076489,0.5602157574227512,0.28475608978060696
LOG_MPPB,fus_GRM_early_lgbm,3,3,454,-0.020545655018846976,0.5259068491002181,0.3155986666741277
LOG_MPPB,fus_GRM_early_lgbm,3,4,454,0.02278026443455128,0.5713954947372282,0.31199293760787083
LOG_MPPB,fus_GRM_early_lgbm,4,0,454,0.10790748682197149,0.5742490083130217,0.30222133860549805
LOG_MPPB,fus_GRM_early_lgbm,4,1,454,-0.10678338974394475,0.5081813262638115,0.33550123987658537
LOG_MPPB,fus_GRM_early_lgbm,4,2,454,0.02694932836945496,0.5123178351615671,0.3078801660959586
LOG_MPPB,fus_GRM_early_lgbm,4,3,454,0.12652652338194514,0.5487494037458462,0.29117153618996755
LOG_MPPB,fus_GRM_early_lgbm,4,4,454,-0.029910900206553404,0.49473004206710597,0.3218781198673535
LOG_MPPB,fus_GRM_late_lgbm,0,0,454,-0.13573603058741246,0.4731033716203272,0.3357948582011057
LOG_MPPB,fus_GRM_late_lgbm,0,1,454,0.1285018393036229,0.5512534874598228,0.30108715574547323
LOG_MPPB,fus_GRM_late_lgbm,0,2,454,-0.1174691009248825,0.4245729501201411,0.3410555294661458
LOG_MPPB,fus_GRM_late_lgbm,0,3,454,-0.043081777615396444,0.5139642536610649,0.32144958569256693
LOG_MPPB,fus_GRM_late_lgbm,0,4,454,-0.004197918921963861,0.5258909278560832,0.3160512300770574
LOG_MPPB,fus_GRM_late_lgbm,1,0,454,-0.07085496582246686,0.5078627366928424,0.32408169618393223
LOG_MPPB,fus_GRM_late_lgbm,1,1,454,0.1403259750987138,0.5435618116871206,0.2985202741742405
LOG_MPPB,fus_GRM_late_lgbm,1,2,454,0.0842942231148428,0.5466012156238986,0.30237770165558653
LOG_MPPB,fus_GRM_late_lgbm,1,3,454,0.011685665895592612,0.5469532095141859,0.31692481580165954
LOG_MPPB,fus_GRM_late_lgbm,1,4,454,0.03788964099867187,0.5383158896616353,0.3103396001567834
LOG_MPPB,fus_GRM_late_lgbm,2,0,454,-0.032563708203386055,0.49616112752885366,0.32330652302017115
LOG_MPPB,fus_GRM_late_lgbm,2,1,454,0.06686092217400308,0.4925851197951465,0.3053748254931639
LOG_MPPB,fus_GRM_late_lgbm,2,2,454,0.1676426849689393,0.5594448163033208,0.29027996584152704
LOG_MPPB,fus_GRM_late_lgbm,2,3,454,-0.26847021405789406,0.4019313576740842,0.3531787237101221
LOG_MPPB,fus_GRM_late_lgbm,2,4,454,-0.09494754344387513,0.5041273278173295,0.33573919119575096
LOG_MPPB,fus_GRM_late_lgbm,3,0,454,-0.20868790765332035,0.4230328810365777,0.3528344466759663
LOG_MPPB,fus_GRM_late_lgbm,3,1,454,0.2107982762793833,0.6110873991376427,0.2813454623236682
LOG_MPPB,fus_GRM_late_lgbm,3,2,454,0.09320057552961869,0.5502301991419347,0.3008843710011168
LOG_MPPB,fus_GRM_late_lgbm,3,3,454,0.029701437834796618,0.5328691185722614,0.3098582730049508
LOG_MPPB,fus_GRM_late_lgbm,3,4,454,-0.01576989657538652,0.5423605263306157,0.32133966590757235
LOG_MPPB,fus_GRM_late_lgbm,4,0,454,0.1115496979016456,0.5503197416528308,0.2949324268474175
LOG_MPPB,fus_GRM_late_lgbm,4,1,454,-0.09855539328810825,0.489188239471399,0.3336197283217874
LOG_MPPB,fus_GRM_late_lgbm,4,2,454,-0.03582163463818877,0.5045008514250897,0.3233709132494928
LOG_MPPB,fus_GRM_late_lgbm,4,3,454,0.043755768384245886,0.5540384529946103,0.3131149416067211
LOG_MPPB,fus_GRM_late_lgbm,4,4,454,-0.0027337645027076807,0.5076595068116299,0.31650771276918566
LOG_MPPB,fus_GRS_early_lgbm,0,0,454,0.25697684809312493,0.5686236686081118,0.26756068721903675
LOG_MPPB,fus_GRS_early_lgbm,0,1,454,0.1331872774011872,0.5294534653488019,0.2957621906052771
LOG_MPPB,fus_GRS_early_lgbm,0,2,454,-0.4162578269252586,0.32817253543986796,0.3757098250109106
LOG_MPPB,fus_GRS_early_lgbm,0,3,454,0.2449263086606216,0.6210817927211485,0.27066770687087055
LOG_MPPB,fus_GRS_early_lgbm,0,4,454,-0.06933018159533066,0.4962058483335253,0.31198751493967425
LOG_MPPB,fus_GRS_early_lgbm,1,0,454,-0.05429724826234916,0.5164103874300086,0.3174798597113618
LOG_MPPB,fus_GRS_early_lgbm,1,1,454,0.05609283398147458,0.5032072140181421,0.29779261562433096
LOG_MPPB,fus_GRS_early_lgbm,1,2,454,0.17392954664998594,0.5986614841042982,0.2839822917438011
LOG_MPPB,fus_GRS_early_lgbm,1,3,454,0.08703474430514335,0.4985703982743669,0.3023262543152375
LOG_MPPB,fus_GRS_early_lgbm,1,4,454,0.15432966409954574,0.5343172812298882,0.283357098023495
LOG_MPPB,fus_GRS_early_lgbm,2,0,454,-0.11652508083139113,0.42173114351823016,0.3403004674848923
LOG_MPPB,fus_GRS_early_lgbm,2,1,454,-0.24188870067701718,0.41240177314909354,0.3536943809441069
LOG_MPPB,fus_GRS_early_lgbm,2,2,454,-0.02736874099086828,0.4071009415447699,0.319287661906379
LOG_MPPB,fus_GRS_early_lgbm,2,3,454,0.13017507953549878,0.5509230238305843,0.29275223841784964
LOG_MPPB,fus_GRS_early_lgbm,2,4,454,0.033858558619589973,0.4135512940587378,0.31172251439749765
LOG_MPPB,fus_GRS_early_lgbm,3,0,454,-0.006516334800870993,0.4843665362320252,0.31439523063420666
LOG_MPPB,fus_GRS_early_lgbm,3,1,454,-0.18983005779443962,0.4285359290916412,0.33769101027460485
LOG_MPPB,fus_GRS_early_lgbm,3,2,454,0.2683291428165856,0.612411806749494,0.26536529504660444
LOG_MPPB,fus_GRS_early_lgbm,3,3,454,-0.14075393678883708,0.3979774206076963,0.33968091477931894
LOG_MPPB,fus_GRS_early_lgbm,3,4,454,0.07555108819855139,0.49618520147560424,0.302801363062807
LOG_MPPB,fus_GRS_early_lgbm,4,0,454,0.04439324721745286,0.48764434921786914,0.30411297055461806
LOG_MPPB,fus_GRS_early_lgbm,4,1,454,0.1792676033823568,0.5347422508592742,0.2802000578012105
LOG_MPPB,fus_GRS_early_lgbm,4,2,454,-0.04979215759682898,0.43157249696234457,0.32595881488813017
LOG_MPPB,fus_GRS_early_lgbm,4,3,454,-0.3333131864166994,0.3345096345257492,0.361419051600588
LOG_MPPB,fus_GRS_early_lgbm,4,4,454,-0.03163160638764051,0.45866567757102855,0.31982089384591916
LOG_MPPB,fus_GRS_late_lgbm,0,0,454,0.1456902194743971,0.5885943459262105,0.2876930865151554
LOG_MPPB,fus_GRS_late_lgbm,0,1,454,0.20732553730459546,0.5905758530024107,0.28665134310218865
LOG_MPPB,fus_GRS_late_lgbm,0,2,454,0.030238557013386735,0.535410633605938,0.3142937676979984
LOG_MPPB,fus_GRS_late_lgbm,0,3,454,0.10589088469547525,0.582972802155908,0.29172909486345106
LOG_MPPB,fus_GRS_late_lgbm,0,4,454,0.07127711217380717,0.5525193520778081,0.29450825826218013
LOG_MPPB,fus_GRS_late_lgbm,1,0,454,0.08921665998022843,0.5471008390829852,0.29697083684560505
LOG_MPPB,fus_GRS_late_lgbm,1,1,454,0.15343645737518552,0.6103522889425554,0.2976351672193556
LOG_MPPB,fus_GRS_late_lgbm,1,2,454,0.10945888949959826,0.5609536991013895,0.2973888535586419
LOG_MPPB,fus_GRS_late_lgbm,1,3,454,0.1205171590289178,0.5756677174362521,0.30085888320225707
LOG_MPPB,fus_GRS_late_lgbm,1,4,454,0.23922276917447638,0.5889254481339614,0.2748571322632295
LOG_MPPB,fus_GRS_late_lgbm,2,0,454,0.029148427261252108,0.5494679113380216,0.3156001061735359
LOG_MPPB,fus_GRS_late_lgbm,2,1,454,0.12366610890716367,0.551455533772802,0.29643439224136037
LOG_MPPB,fus_GRS_late_lgbm,2,2,454,0.08694784233217911,0.5320700727170633,0.3027481659038922
LOG_MPPB,fus_GRS_late_lgbm,2,3,454,0.18807773525267912,0.592910535521264,0.2793810416583938
LOG_MPPB,fus_GRS_late_lgbm,2,4,454,0.20930226341504954,0.6139769476072773,0.288268438217852
LOG_MPPB,fus_GRS_late_lgbm,3,0,454,0.11510287034954825,0.567968573517239,0.3016313840189889
LOG_MPPB,fus_GRS_late_lgbm,3,1,454,0.11675723921706915,0.5182118250921057,0.29161174596560124
LOG_MPPB,fus_GRS_late_lgbm,3,2,454,0.0773158584502266,0.5546564280534605,0.2865708406921483
LOG_MPPB,fus_GRS_late_lgbm,3,3,454,0.04972292316500504,0.5322732166130586,0.30236664949360204
LOG_MPPB,fus_GRS_late_lgbm,3,4,454,0.14798843097079584,0.5862066812072789,0.2955609078715943
LOG_MPPB,fus_GRS_late_lgbm,4,0,454,0.2758352930457372,0.5899087765519796,0.26639617093830104
LOG_MPPB,fus_GRS_late_lgbm,4,1,454,0.09345247795925571,0.5561317462493643,0.2989501369470673
LOG_MPPB,fus_GRS_late_lgbm,4,2,454,0.00659407958276137,0.5295112985284985,0.31071245795120717
LOG_MPPB,fus_GRS_late_lgbm,4,3,454,0.1217232702563874,0.5494011113136277,0.29542723322686304
LOG_MPPB,fus_GRS_late_lgbm,4,4,454,0.10870279003020056,0.5681463411083654,0.2962796067268403
LOG_MPPB,fus_GR_early_lgbm,0,0,454,0.15808503212032188,0.5850418131922085,0.2904308162838065
LOG_MPPB,fus_GR_early_lgbm,0,1,454,0.21979408398785383,0.6161122713599477,0.2797550255294511
LOG_MPPB,fus_GR_early_lgbm,0,2,454,0.17252896191185185,0.5750411650993266,0.28554746144099397
LOG_MPPB,fus_GR_early_lgbm,0,3,454,0.023459345359824302,0.5525675248253386,0.3107598663055594
LOG_MPPB,fus_GR_early_lgbm,0,4,454,-0.1410762398995058,0.5022492652414303,0.3343253991458856
LOG_MPPB,fus_GR_early_lgbm,1,0,454,0.036372830294691405,0.5325450827494492,0.30689180543344624
LOG_MPPB,fus_GR_early_lgbm,1,1,454,-0.12032022287825006,0.5252886209817608,0.3345719613183735
LOG_MPPB,fus_GR_early_lgbm,1,2,454,0.070056457163723,0.5565800546784406,0.29957980644268845
LOG_MPPB,fus_GR_early_lgbm,1,3,454,0.13657249845315012,0.593678057436264,0.3016673360790662
LOG_MPPB,fus_GR_early_lgbm,1,4,454,0.2764267132310585,0.6167538758098148,0.2716701567853275
LOG_MPPB,fus_GR_early_lgbm,2,0,454,-0.03106097252933715,0.5253268718048867,0.32591573658677553
LOG_MPPB,fus_GR_early_lgbm,2,1,454,0.19811672811990688,0.5900153500720076,0.2838465267461463
LOG_MPPB,fus_GR_early_lgbm,2,2,454,0.059475520138911664,0.5333913683993626,0.3044706131053426
LOG_MPPB,fus_GR_early_lgbm,2,3,454,0.11356760554769929,0.5813883628043851,0.2996896876717645
LOG_MPPB,fus_GR_early_lgbm,2,4,454,0.18402032595139917,0.6208122991051944,0.2878337237055963
LOG_MPPB,fus_GR_early_lgbm,3,0,454,0.07573600390503421,0.5408685663988622,0.31024075652155625
LOG_MPPB,fus_GR_early_lgbm,3,1,454,0.22238131953461637,0.5970136626589793,0.27835926016364954
LOG_MPPB,fus_GR_early_lgbm,3,2,454,0.17162911368531486,0.5666606223516455,0.2778930468906989
LOG_MPPB,fus_GR_early_lgbm,3,3,454,0.06888595442096279,0.5630648691724474,0.30444195639301114
LOG_MPPB,fus_GR_early_lgbm,3,4,454,-0.024591649311800357,0.5565769267212979,0.32059597688162894
LOG_MPPB,fus_GR_early_lgbm,4,0,454,0.17774133171593054,0.5800069801673544,0.28668202560523304
LOG_MPPB,fus_GR_early_lgbm,4,1,454,-0.1476214894577519,0.5225436914210859,0.3316446577673298
LOG_MPPB,fus_GR_early_lgbm,4,2,454,-0.029020184477265065,0.5118487661223077,0.31984184588630077
LOG_MPPB,fus_GR_early_lgbm,4,3,454,0.2977512288355124,0.6450865606160906,0.269743576331363
LOG_MPPB,fus_GR_early_lgbm,4,4,454,0.12440028138471881,0.5576804887130307,0.29785633281991475
LOG_MPPB,fus_GR_late_lgbm,0,0,454,0.15038035556176377,0.5810289068119134,0.28149095883918224
LOG_MPPB,fus_GR_late_lgbm,0,1,454,0.11881608022507528,0.5525965443546578,0.2978563275009158
LOG_MPPB,fus_GR_late_lgbm,0,2,454,0.14613063521373293,0.5599152741529883,0.2909025724255494
LOG_MPPB,fus_GR_late_lgbm,0,3,454,-0.007779201580953465,0.5504061181663017,0.3077432994138264
LOG_MPPB,fus_GR_late_lgbm,0,4,454,-0.15833266118864642,0.48550427636376603,0.3307805540621151
LOG_MPPB,fus_GR_late_lgbm,1,0,454,-0.10959003254540622,0.48749096291273153,0.32310740569114754
LOG_MPPB,fus_GR_late_lgbm,1,1,454,-0.017902669799802817,0.5457862570303812,0.31515160478106385
LOG_MPPB,fus_GR_late_lgbm,1,2,454,-0.21888659417084577,0.43817424036181324,0.341695502440925
LOG_MPPB,fus_GR_late_lgbm,1,3,454,0.09922672264668286,0.5699802010936854,0.30351161833577833
LOG_MPPB,fus_GR_late_lgbm,1,4,454,0.1195718591160626,0.5708364537445528,0.29120310457753923
LOG_MPPB,fus_GR_late_lgbm,2,0,454,-0.14603183594238867,0.502286382814207,0.3306773202745196
LOG_MPPB,fus_GR_late_lgbm,2,1,454,0.1354243950978582,0.5660803423444634,0.28481953670432664
LOG_MPPB,fus_GR_late_lgbm,2,2,454,-0.02860491456311065,0.49643509917107737,0.3191748573620842
LOG_MPPB,fus_GR_late_lgbm,2,3,454,0.01933803335123374,0.527785534632532,0.2991677583119794
LOG_MPPB,fus_GR_late_lgbm,2,4,454,0.09181167800135048,0.612280934503449,0.3019719890250102
LOG_MPPB,fus_GR_late_lgbm,3,0,454,0.0004788189194947501,0.5331686193273267,0.3176687230579069
LOG_MPPB,fus_GR_late_lgbm,3,1,454,0.13456204463945054,0.5728808527455156,0.28377521784210896
LOG_MPPB,fus_GR_late_lgbm,3,2,454,-0.07477691330819303,0.5169894711589175,0.3062506629496889
LOG_MPPB,fus_GR_late_lgbm,3,3,454,-0.027531586795080054,0.5116875992795377,0.3091023072821763
LOG_MPPB,fus_GR_late_lgbm,3,4,454,-0.049413296914273985,0.5459533264229269,0.32076625876776216
LOG_MPPB,fus_GR_late_lgbm,4,0,454,0.1926761669583673,0.5848159480705294,0.2794115607976656
LOG_MPPB,fus_GR_late_lgbm,4,1,454,-0.05765208844890002,0.5200511604558152,0.31577039474386975
LOG_MPPB,fus_GR_late_lgbm,4,2,454,-0.06151067865672277,0.5173437605049258,0.31874246762476166
LOG_MPPB,fus_GR_late_lgbm,4,3,454,0.09819080428239801,0.56484654730559,0.2964061626643522
LOG_MPPB,fus_GR_late_lgbm,4,4,454,0.05437992355116661,0.5641832519479446,0.2979710035115437
LOG_MPPB,uni_G_lgbm,0,0,454,0.05995979354160108,0.38373943661622933,0.3213459936015805
LOG_MPPB,uni_G_lgbm,0,1,454,0.06692651065495037,0.38406413638802506,0.3190725770837143
LOG_MPPB,uni_G_lgbm,0,2,454,0.041961377210832596,0.3573191543084828,0.32046650994466563
LOG_MPPB,uni_G_lgbm,0,3,454,0.05208799721521051,0.39457680582840615,0.3211838800076839
LOG_MPPB,uni_G_lgbm,0,4,454,0.07242223536283032,0.4022869103202189,0.3192544836451489
LOG_MPPB,uni_G_lgbm,1,0,454,0.06118640292650457,0.3777810144616573,0.3177952272784184
LOG_MPPB,uni_G_lgbm,1,1,454,-0.025158193183462796,0.3328868973176532,0.33376472341237384
LOG_MPPB,uni_G_lgbm,1,2,454,0.020110553384259267,0.35213054055685056,0.3246267807189755
LOG_MPPB,uni_G_lgbm,1,3,454,0.09067266088722048,0.3874780412278872,0.3115847855421737
LOG_MPPB,uni_G_lgbm,1,4,454,0.044635885942197695,0.3697935988303756,0.32246077662393313
LOG_MPPB,uni_G_lgbm,2,0,454,0.05120082523549652,0.3781410536498231,0.32208272492169926
LOG_MPPB,uni_G_lgbm,2,1,454,0.04832112760765661,0.3509301853074427,0.319641980044214
LOG_MPPB,uni_G_lgbm,2,2,454,-0.05107270560867372,0.33040463381059854,0.33948635133064464
LOG_MPPB,uni_G_lgbm,2,3,454,0.09210867488254493,0.3891448605596906,0.31292407123785665
LOG_MPPB,uni_G_lgbm,2,4,454,0.10612203487863081,0.40842867882035455,0.31090510893223694
LOG_MPPB,uni_G_lgbm,3,0,454,0.030404545449086884,0.37814590180731567,0.32671197836451504
LOG_MPPB,uni_G_lgbm,3,1,454,0.04530831355593323,0.3606873191061246,0.32181164104736604
LOG_MPPB,uni_G_lgbm,3,2,454,0.11855679574035594,0.40263415725571683,0.30739612032359115
LOG_MPPB,uni_G_lgbm,3,3,454,0.02013619626629093,0.36764816635403813,0.3282146051162387
LOG_MPPB,uni_G_lgbm,3,4,454,0.08846202461233277,0.40002895058933985,0.30973328338463496
LOG_MPPB,uni_G_lgbm,4,0,454,0.057577052889770775,0.3735840872100828,0.32023920187025245
LOG_MPPB,uni_G_lgbm,4,1,454,0.07448195008157021,0.4100513148296442,0.3170257865424221
LOG_MPPB,uni_G_lgbm,4,2,454,-0.014370017241208455,0.3501969535947193,0.3315836943549215
LOG_MPPB,uni_G_lgbm,4,3,454,0.015825429256940526,0.35398809191187514,0.329111893464083
LOG_MPPB,uni_G_lgbm,4,4,454,0.04287515178350765,0.3889456583435811,0.3249642073192687
LogD,fus_GRMS_early_lgbm,0,0,2270,0.432575416117572,0.6925903868319045,0.566550456197815
LogD,fus_GRMS_early_lgbm,0,1,2270,0.4735139839099918,0.7255599228203005,0.5640164936426822
LogD,fus_GRMS_early_lgbm,0,2,2270,0.4216126576675979,0.6983279568656987,0.5772792191008744
LogD,fus_GRMS_early_lgbm,0,3,2270,0.3470254090472551,0.6992972203465638,0.6057691370088163
LogD,fus_GRMS_early_lgbm,0,4,2270,0.42808407721311004,0.7232703174345355,0.5561149941059214
LogD,fus_GRMS_early_lgbm,1,0,2270,0.4143456612440626,0.7033332693716773,0.5776404159178452
LogD,fus_GRMS_early_lgbm,1,1,2270,0.46387279510949375,0.7201626765867479,0.5700819553568055
LogD,fus_GRMS_early_lgbm,1,2,2270,0.4316309006492922,0.7214746150902024,0.5746433586154903
LogD,fus_GRMS_early_lgbm,1,3,2270,0.343318994070996,0.6606314050710484,0.6260068462895354
LogD,fus_GRMS_early_lgbm,1,4,2270,0.42097931414622414,0.6942294670615223,0.5724874995469814
LogD,fus_GRMS_early_lgbm,2,0,2270,0.3913263513597154,0.6916039260638541,0.5957389118131554
LogD,fus_GRMS_early_lgbm,2,1,2270,0.4219198386474011,0.7188336699163783,0.5702868430778478
LogD,fus_GRMS_early_lgbm,2,2,2270,0.415766438378263,0.6944895674571765,0.5891299289927737
LogD,fus_GRMS_early_lgbm,2,3,2270,0.43374556034851175,0.7154553653092078,0.5644440227054901
LogD,fus_GRMS_early_lgbm,2,4,2270,0.4174874767996991,0.6864901475507247,0.5872218113410043
LogD,fus_GRMS_early_lgbm,3,0,2270,0.3497435043389222,0.6959613084473667,0.6222429938676708
LogD,fus_GRMS_early_lgbm,3,1,2270,0.4588424087911226,0.7041412565883758,0.5600412051071071
LogD,fus_GRMS_early_lgbm,3,2,2270,0.4556757696465821,0.7182739642674804,0.5589674767569265
LogD,fus_GRMS_early_lgbm,3,3,2270,0.39321521181006136,0.699073448669716,0.5919325715438264
LogD,fus_GRMS_early_lgbm,3,4,2270,0.43098386459478366,0.6851819378919002,0.5698710403336068
LogD,fus_GRMS_early_lgbm,4,0,2270,0.43050386258876006,0.7035028355185374,0.5755854443532854
LogD,fus_GRMS_early_lgbm,4,1,2270,0.3943062365219744,0.6942916022102427,0.5913153183987228
LogD,fus_GRMS_early_lgbm,4,2,2270,0.40441359337229066,0.7007093802722892,0.5927662207672366
LogD,fus_GRMS_early_lgbm,4,3,2270,0.41423783439455486,0.7066693234273974,0.5757863608010028
LogD,fus_GRMS_early_lgbm,4,4,2270,0.4643090443384842,0.7170827490362274,0.5552168601958878
LogD,fus_GRMS_late_lgbm,0,0,2270,0.5035775038787809,0.7144506192711354,0.5362415080091634
LogD,fus_GRMS_late_lgbm,0,1,2270,0.5006236513451291,0.7160056180401111,0.5424597137338304
LogD,fus_GRMS_late_lgbm,0,2,2270,0.4833060046440725,0.6952269603638778,0.5533177846593047
LogD,fus_GRMS_late_lgbm,0,3,2270,0.47239399133397586,0.6854546606748605,0.5693564797703357
LogD,fus_GRMS_late_lgbm,0,4,2270,0.430094849500566,0.6732884588801704,0.5805850488887622
LogD,fus_GRMS_late_lgbm,1,0,2270,0.4316557403665461,0.6794678609245678,0.5742414253639617
LogD,fus_GRMS_late_lgbm,1,1,2270,0.45108542510256233,0.6811152069203702,0.5770268292235958
LogD,fus_GRMS_late_lgbm,1,2,2270,0.4306595830469273,0.6633663124823962,0.581971073397911
LogD,fus_GRMS_late_lgbm,1,3,2270,0.46506045872472934,0.6897213933561416,0.5731782584751007
LogD,fus_GRMS_late_lgbm,1,4,2270,0.45348979034032744,0.6777771646646374,0.571784423113744
LogD,fus_GRMS_late_lgbm,2,0,2270,0.500045317537573,0.7170582786724632,0.5485205078942551
LogD,fus_GRMS_late_lgbm,2,1,2270,0.4543978071517669,0.6770049177614653,0.5624490216981481
LogD,fus_GRMS_late_lgbm,2,2,2270,0.4774322530557793,0.6974362003003763,0.552893571386374
LogD,fus_GRMS_late_lgbm,2,3,2270,0.45375658358612214,0.6871508957120209,0.5668273807982955
LogD,fus_GRMS_late_lgbm,2,4,2270,0.49698763595797746,0.7089181118995581,0.5453032715929986
LogD,fus_GRMS_late_lgbm,3,0,2270,0.4059669817408619,0.6507101464617431,0.6017805090766313
LogD,fus_GRMS_late_lgbm,3,1,2270,0.49598554847386456,0.7040340599700323,0.5507963867993984
LogD,fus_GRMS_late_lgbm,3,2,2270,0.5105982374555473,0.7044852588637245,0.5509253538396353
LogD,fus_GRMS_late_lgbm,3,3,2270,0.4572406346623905,0.6957692217573308,0.5687549423178154
LogD,fus_GRMS_late_lgbm,3,4,2270,0.44081721751674996,0.6696040451007274,0.5767769439866614
LogD,fus_GRMS_late_lgbm,4,0,2270,0.5057174754874836,0.7147542233369639,0.5390407182238547
LogD,fus_GRMS_late_lgbm,4,1,2270,0.4375975157105537,0.6738821230449843,0.5804752758209965
LogD,fus_GRMS_late_lgbm,4,2,2270,0.45779691203907613,0.6867671817010431,0.5725322204261747
LogD,fus_GRMS_late_lgbm,4,3,2270,0.49824636901750496,0.7162520018076854,0.5488615029236273
LogD,fus_GRMS_late_lgbm,4,4,2270,0.4487637383071258,0.6703543225073993,0.5788990954735329
LogD,fus_GRM_early_lgbm,0,0,2270,0.4524246998637521,0.6691993318390724,0.5799048910205944
LogD,fus_GRM_early_lgbm,0,1,2270,0.43739076623758133,0.6584774559591046,0.5814307844943405
LogD,fus_GRM_early_lgbm,0,2,2270,0.45779774323262523,0.6698344302177087,0.5763523141149943
LogD,fus_GRM_early_lgbm,0,3,2270,0.451356884548626,0.6599413494319826,0.5823556398113082
LogD,fus_GRM_early_lgbm,0,4,2270,0.43845540705036823,0.660394966268174,0.594004563437799
LogD,fus_GRM_early_lgbm,1,0,2270,0.4205188632285273,0.6560396085997955,0.5902997543659904
LogD,fus_GRM_early_lgbm,1,1,2270,0.43830732450866683,0.65881375022342,0.5862679646840797
LogD,fus_GRM_early_lgbm,1,2,2270,0.4405935016495033,0.6552168591803388,0.5844458842816028
LogD,fus_GRM_early_lgbm,1,3,2270,0.459802671714147,0.6662624760776839,0.5763201485156779
LogD,fus_GRM_early_lgbm,1,4,2270,0.4442505265720289,0.6538124527970645,0.5839516900379654
LogD,fus_GRM_early_lgbm,2,0,2270,0.44517240271926395,0.6745004165380939,0.590114719759866
LogD,fus_GRM_early_lgbm,2,1,2270,0.43291505089158344,0.6454973670302835,0.5910395178851552
LogD,fus_GRM_early_lgbm,2,2,2270,0.4136055993371883,0.6390700655901153,0.605738704846074
LogD,fus_GRM_early_lgbm,2,3,2270,0.44561600904512466,0.659868382290798,0.5804778284409031
LogD,fus_GRM_early_lgbm,2,4,2270,0.42969420667100466,0.6581625882642164,0.5922489626775542
LogD,fus_GRM_early_lgbm,3,0,2270,0.4515066932621844,0.6622949815211131,0.5782111912732932
LogD,fus_GRM_early_lgbm,3,1,2270,0.4662825381264545,0.6751374480011726,0.5728452885161978
LogD,fus_GRM_early_lgbm,3,2,2270,0.4486283735139438,0.6686632632151546,0.5829907419870256
LogD,fus_GRM_early_lgbm,3,3,2270,0.45170642571527897,0.672585195472917,0.5837722782444286
LogD,fus_GRM_early_lgbm,3,4,2270,0.44213136071270076,0.6574222713350849,0.5891551454358056
LogD,fus_GRM_early_lgbm,4,0,2270,0.417989914778195,0.6460264264279042,0.5927415818247249
LogD,fus_GRM_early_lgbm,4,1,2270,0.45837752664658593,0.6720098081635232,0.58173467116572
LogD,fus_GRM_early_lgbm,4,2,2270,0.4296845360768735,0.6530796421893432,0.5917730755700271
LogD,fus_GRM_early_lgbm,4,3,2270,0.44827004450758823,0.6653452620041429,0.5874743687843172
LogD,fus_GRM_early_lgbm,4,4,2270,0.479482954091483,0.680290908919826,0.565895342334379
LogD,fus_GRM_late_lgbm,0,0,2270,0.39809844374374714,0.6674304027919875,0.5984506078357683
LogD,fus_GRM_late_lgbm,0,1,2270,0.4588719246739853,0.6899657068033246,0.5654034098188315
LogD,fus_GRM_late_lgbm,0,2,2270,0.44736097287007337,0.6704827915139677,0.5773748838690679
LogD,fus_GRM_late_lgbm,0,3,2270,0.44557829625013745,0.6724238573249105,0.58245956944268
LogD,fus_GRM_late_lgbm,0,4,2270,0.414707172547195,0.6632260195726284,0.5922419489729326
LogD,fus_GRM_late_lgbm,1,0,2270,0.40254000553131386,0.6645286769393604,0.5892810933503033
LogD,fus_GRM_late_lgbm,1,1,2270,0.44674439747063377,0.6800288933527907,0.580135852801406
LogD,fus_GRM_late_lgbm,1,2,2270,0.3954032256979553,0.6446833484281046,0.6016460555157787
LogD,fus_GRM_late_lgbm,1,3,2270,0.4554072666464447,0.6850891538859489,0.5786811009174596
LogD,fus_GRM_late_lgbm,1,4,2270,0.4050326352252167,0.6524447513330678,0.6031489464408343
LogD,fus_GRM_late_lgbm,2,0,2270,0.45469632499294954,0.6910865976779008,0.579028337614011
LogD,fus_GRM_late_lgbm,2,1,2270,0.4129767914966652,0.6454968211078668,0.5881448454889935
LogD,fus_GRM_late_lgbm,2,2,2270,0.41280664377747667,0.664654344439384,0.5945406715589104
LogD,fus_GRM_late_lgbm,2,3,2270,0.4473166685692843,0.6850275648970013,0.5723146914935852
LogD,fus_GRM_late_lgbm,2,4,2270,0.47786625023611906,0.6973873869538676,0.5584217221910687
LogD,fus_GRM_late_lgbm,3,0,2270,0.3865517185532017,0.641502443274808,0.6127698481671732
LogD,fus_GRM_late_lgbm,3,1,2270,0.42539476404694365,0.6583311779675348,0.5892576592170201
LogD,fus_GRM_late_lgbm,3,2,2270,0.4987124218251415,0.6944897467764523,0.5589397537606979
LogD,fus_GRM_late_lgbm,3,3,2270,0.42354880666655703,0.675950409144387,0.5926224531326693
LogD,fus_GRM_late_lgbm,3,4,2270,0.4466334422996807,0.6715038756024202,0.5729169812308305
LogD,fus_GRM_late_lgbm,4,0,2270,0.3931171055730839,0.640813907782192,0.6008528048051587
LogD,fus_GRM_late_lgbm,4,1,2270,0.43326330287985204,0.6740884616644336,0.5810661771381385
LogD,fus_GRM_late_lgbm,4,2,2270,0.41107352785464113,0.6556395621503776,0.5996563771992182
LogD,fus_GRM_late_lgbm,4,3,2270,0.4878455651462795,0.7125949509594763,0.5550807710103431
LogD,fus_GRM_late_lgbm,4,4,2270,0.43676774467907986,0.6619528122826527,0.5858712631414551
LogD,fus_GRS_early_lgbm,0,0,2270,0.43255891358187104,0.6944143844214504,0.563941271977281
LogD,fus_GRS_early_lgbm,0,1,2270,0.4608049262398649,0.7218716878698229,0.57034777631659
LogD,fus_GRS_early_lgbm,0,2,2270,0.43488070953409286,0.7004476600249848,0.571160040648863
LogD,fus_GRS_early_lgbm,0,3,2270,0.3498602782063579,0.7000187329174264,0.6075681891228415
LogD,fus_GRS_early_lgbm,0,4,2270,0.42774780166455284,0.7198894489843494,0.5564890672855998
LogD,fus_GRS_early_lgbm,1,0,2270,0.4125591098770979,0.7059584660613659,0.5807398703117596
LogD,fus_GRS_early_lgbm,1,1,2270,0.46845102966114494,0.7205864963588081,0.5710411825906777
LogD,fus_GRS_early_lgbm,1,2,2270,0.4357293872051885,0.7271256539289858,0.5739947463071685
LogD,fus_GRS_early_lgbm,1,3,2270,0.3236111403355407,0.660971965503556,0.6279686563768634
LogD,fus_GRS_early_lgbm,1,4,2270,0.41644275056973645,0.6909573764012962,0.5745648193667562
LogD,fus_GRS_early_lgbm,2,0,2270,0.3953794976451902,0.6927558224621359,0.5903976670219142
LogD,fus_GRS_early_lgbm,2,1,2270,0.42485441777424005,0.7202279164122967,0.568284430186438
LogD,fus_GRS_early_lgbm,2,2,2270,0.42754866892736154,0.6975245541085592,0.5845119109594716
LogD,fus_GRS_early_lgbm,2,3,2270,0.466409395318087,0.7236224004581082,0.5491697428671904
LogD,fus_GRS_early_lgbm,2,4,2270,0.4192785922612152,0.6866638488606158,0.5867121962250292
LogD,fus_GRS_early_lgbm,3,0,2270,0.3753207433734502,0.7014739965574307,0.6052634514587955
LogD,fus_GRS_early_lgbm,3,1,2270,0.4651202790400246,0.7044689385248534,0.5582418317225166
LogD,fus_GRS_early_lgbm,3,2,2270,0.46847904076124336,0.7224154382269401,0.5549348639194625
LogD,fus_GRS_early_lgbm,3,3,2270,0.38678921537583355,0.6968335480818325,0.5958364095440696
LogD,fus_GRS_early_lgbm,3,4,2270,0.4250543373961535,0.6899053417143217,0.5736282021402535
LogD,fus_GRS_early_lgbm,4,0,2270,0.4344896439848619,0.7071785685577171,0.5720397692240597
LogD,fus_GRS_early_lgbm,4,1,2270,0.38874192449477063,0.699056128206523,0.5892113382245221
LogD,fus_GRS_early_lgbm,4,2,2270,0.4130424336029356,0.7019733884471405,0.5885208619320907
LogD,fus_GRS_early_lgbm,4,3,2270,0.4141070413176644,0.7111719867175161,0.5750258628856786
LogD,fus_GRS_early_lgbm,4,4,2270,0.4623604630099416,0.7141723631513676,0.5565565613265937
LogD,fus_GRS_late_lgbm,0,0,2270,0.5007048561800309,0.7122670529286126,0.5384362992392853
LogD,fus_GRS_late_lgbm,0,1,2270,0.49576143452366417,0.7117909122850115,0.5467174322560734
LogD,fus_GRS_late_lgbm,0,2,2270,0.474981814423434,0.6886008329969512,0.5583686722763317
LogD,fus_GRS_late_lgbm,0,3,2270,0.4630752028079177,0.6766462050893767,0.5739495923790133
LogD,fus_GRS_late_lgbm,0,4,2270,0.4254121288733369,0.668451277596631,0.5839264637500482
LogD,fus_GRS_late_lgbm,1,0,2270,0.42236613325865724,0.6714596862381997,0.5796241728008064
LogD,fus_GRS_late_lgbm,1,1,2270,0.444464255932161,0.6778888402017337,0.5814157910273804
LogD,fus_GRS_late_lgbm,1,2,2270,0.4266452954591352,0.6615366124480236,0.5845383541529033
LogD,fus_GRS_late_lgbm,1,3,2270,0.4605439385384077,0.685465103376687,0.5767161076610405
LogD,fus_GRS_late_lgbm,1,4,2270,0.4465570691920635,0.675037002331788,0.5770344763724038
LogD,fus_GRS_late_lgbm,2,0,2270,0.4978377208188872,0.7126600381942811,0.5499678998048164
LogD,fus_GRS_late_lgbm,2,1,2270,0.44952800972824425,0.6715681217507785,0.5652736770465867
LogD,fus_GRS_late_lgbm,2,2,2270,0.47573750013102234,0.6968375029362412,0.5548673253987516
LogD,fus_GRS_late_lgbm,2,3,2270,0.4438565050739727,0.6794011080157343,0.5728877968010155
LogD,fus_GRS_late_lgbm,2,4,2270,0.48595608674243695,0.7017020689849788,0.551129097741353
LogD,fus_GRS_late_lgbm,3,0,2270,0.40471959830675996,0.6496382079983847,0.6027025087279758
LogD,fus_GRS_late_lgbm,3,1,2270,0.48824799252197426,0.6991213915130304,0.5553634166614262
LogD,fus_GRS_late_lgbm,3,2,2270,0.5020687134096737,0.6973341782385151,0.5554914990171376
LogD,fus_GRS_late_lgbm,3,3,2270,0.4537606495088461,0.6924418907540015,0.5726122046139982
LogD,fus_GRS_late_lgbm,3,4,2270,0.4411413384287497,0.6722680003042792,0.5766009847048971
LogD,fus_GRS_late_lgbm,4,0,2270,0.5002171024182139,0.7115817510194865,0.5425317970950347
LogD,fus_GRS_late_lgbm,4,1,2270,0.43607149732183226,0.6715339047485488,0.5806527996313213
LogD,fus_GRS_late_lgbm,4,2,2270,0.44816960353730806,0.6798268829272094,0.5782061538701304
LogD,fus_GRS_late_lgbm,4,3,2270,0.4843531951245803,0.7088663368526504,0.5557942440636666
LogD,fus_GRS_late_lgbm,4,4,2270,0.44055386828891185,0.662944685949988,0.5827169649268541
LogD,fus_GR_early_lgbm,0,0,2270,0.4704786972325504,0.6954243116759443,0.571242041883898
LogD,fus_GR_early_lgbm,0,1,2270,0.450300172165085,0.6794403068548803,0.5823180450163902
LogD,fus_GR_early_lgbm,0,2,2270,0.47256808330538247,0.6831833947453774,0.5682367863388477
LogD,fus_GR_early_lgbm,0,3,2270,0.48714787126964276,0.6976495008650395,0.5602541868196356
LogD,fus_GR_early_lgbm,0,4,2270,0.4248818677947591,0.6671864481963433,0.5957343112960971
LogD,fus_GR_early_lgbm,1,0,2270,0.4548990343830164,0.6909338040576787,0.5716130498567669
LogD,fus_GR_early_lgbm,1,1,2270,0.446879592697628,0.6757341820550726,0.5815731567521362
LogD,fus_GR_early_lgbm,1,2,2270,0.46795858238334476,0.6883094227313374,0.5727450426325222
LogD,fus_GR_early_lgbm,1,3,2270,0.4746872683709582,0.6896689485992202,0.5728523219046697
LogD,fus_GR_early_lgbm,1,4,2270,0.43253420508148455,0.6652812038530929,0.5759630790149478
LogD,fus_GR_early_lgbm,2,0,2270,0.4800958963131139,0.6969090827864741,0.567332514754402
LogD,fus_GR_early_lgbm,2,1,2270,0.4228181117981288,0.6522249112510599,0.591133845215495
LogD,fus_GR_early_lgbm,2,2,2270,0.4353365274145702,0.6670988286391601,0.5936806288904279
LogD,fus_GR_early_lgbm,2,3,2270,0.45358653408999927,0.6752359796376822,0.5794360506252917
LogD,fus_GR_early_lgbm,2,4,2270,0.4673982995090672,0.6949364559980417,0.5723403602061151
LogD,fus_GR_early_lgbm,3,0,2270,0.43343378230520335,0.6674633429127078,0.5888347632400605
LogD,fus_GR_early_lgbm,3,1,2270,0.4876841050480192,0.6978546265108034,0.5570662969832338
LogD,fus_GR_early_lgbm,3,2,2270,0.5161619633181473,0.7062630297711088,0.5466941761115272
LogD,fus_GR_early_lgbm,3,3,2270,0.40507949449542846,0.6569425927151316,0.6069076234313906
LogD,fus_GR_early_lgbm,3,4,2270,0.45469986107154314,0.6795006204308924,0.5791134877617268
LogD,fus_GR_early_lgbm,4,0,2270,0.45264713052269023,0.677597276609103,0.5761717824187882
LogD,fus_GR_early_lgbm,4,1,2270,0.4710510421013965,0.6899454710175699,0.5658337272386158
LogD,fus_GR_early_lgbm,4,2,2270,0.4675266659938325,0.694203655631232,0.5709771519632407
LogD,fus_GR_early_lgbm,4,3,2270,0.47517606397284795,0.6891428170369408,0.5667745902680523
LogD,fus_GR_early_lgbm,4,4,2270,0.45971382641109404,0.6766386472301483,0.5714677508204696
LogD,fus_GR_late_lgbm,0,0,2270,0.4065247605423786,0.6759038411637281,0.5930911420041163
LogD,fus_GR_late_lgbm,0,1,2270,0.4542316451594939,0.6864045255321016,0.5685041830218741
LogD,fus_GR_late_lgbm,0,2,2270,0.4441493319977198,0.6659366105176924,0.5787753412908179
LogD,fus_GR_late_lgbm,0,3,2270,0.4496214124922452,0.6703274410644324,0.5806756758943646
LogD,fus_GR_late_lgbm,0,4,2270,0.4089066886029702,0.6573432348972842,0.593487157523081
LogD,fus_GR_late_lgbm,1,0,2270,0.4024413551309701,0.6603510993198511,0.5895213311369584
LogD,fus_GR_late_lgbm,1,1,2270,0.44613259794767435,0.6782473415167364,0.5794351754035414
LogD,fus_GR_late_lgbm,1,2,2270,0.39345441325301644,0.6432558697725552,0.6017245074426106
LogD,fus_GR_late_lgbm,1,3,2270,0.4469693524798892,0.6763273576652318,0.5843934991528281
LogD,fus_GR_late_lgbm,1,4,2270,0.4035009876294934,0.6504458745232589,0.6043730149692181
LogD,fus_GR_late_lgbm,2,0,2270,0.458587114454976,0.6897318581055927,0.5769500757199434
LogD,fus_GR_late_lgbm,2,1,2270,0.4119285597509932,0.6417162558137796,0.5888627952075023
LogD,fus_GR_late_lgbm,2,2,2270,0.4064184428966836,0.6615912295686976,0.5987264694428887
LogD,fus_GR_late_lgbm,2,3,2270,0.44221463111364867,0.6793740423676927,0.5752159222576122
LogD,fus_GR_late_lgbm,2,4,2270,0.47181240629717647,0.6910403142394612,0.5619548764972372
LogD,fus_GR_late_lgbm,3,0,2270,0.38907006330262406,0.6411497822969988,0.61164828995951
LogD,fus_GR_late_lgbm,3,1,2270,0.41862163723826074,0.6518169918790546,0.5925571501672008
LogD,fus_GR_late_lgbm,3,2,2270,0.4961525113088995,0.6917079912183177,0.5599245966498541
LogD,fus_GR_late_lgbm,3,3,2270,0.4122392009375323,0.6669869496656733,0.5990729678438834
LogD,fus_GR_late_lgbm,3,4,2270,0.44720099417018355,0.6748371573296688,0.5722697778599508
LogD,fus_GR_late_lgbm,4,0,2270,0.3908872431597842,0.638954101581166,0.6021215267613661
LogD,fus_GR_late_lgbm,4,1,2270,0.4339420145084073,0.6726920962890695,0.581671691373066
LogD,fus_GR_late_lgbm,4,2,2270,0.40703526065570816,0.6520111256143775,0.6018994327424882
LogD,fus_GR_late_lgbm,4,3,2270,0.4846342305485063,0.7110170392653932,0.5569513116307209
LogD,fus_GR_late_lgbm,4,4,2270,0.43618966835788664,0.6591936612835535,0.5857410027726085
LogD,uni_G_lgbm,0,0,2270,0.2655670694770754,0.529358580514012,0.6785385995554811
LogD,uni_G_lgbm,0,1,2270,0.27711350938401824,0.542727132246739,0.6791385864726298
LogD,uni_G_lgbm,0,2,2270,0.24900345467523943,0.5085811464134228,0.6955149273123707
LogD,uni_G_lgbm,0,3,2270,0.24621959333868337,0.49853868903409737,0.6974185814569197
LogD,uni_G_lgbm,0,4,2270,0.2653869584053572,0.5270123705807419,0.6875278419480815
LogD,uni_G_lgbm,1,0,2270,0.24937121264823936,0.5103091758365169,0.689001753309691
LogD,uni_G_lgbm,1,1,2270,0.25512642121043694,0.5299254162396178,0.6889190743231179
LogD,uni_G_lgbm,1,2,2270,0.2592771967341845,0.5137693528709901,0.6843638945632757
LogD,uni_G_lgbm,1,3,2270,0.2696504574716996,0.535431631011775,0.6839823116857167
LogD,uni_G_lgbm,1,4,2270,0.26551819409793787,0.5305445686683052,0.6827299336233451
LogD,uni_G_lgbm,2,0,2270,0.2682366202133253,0.5201866359717063,0.6851627288715468
LogD,uni_G_lgbm,2,1,2270,0.2362501191505305,0.5070527207006293,0.6957516015671562
LogD,uni_G_lgbm,2,2,2270,0.25928220690944626,0.5298810793399862,0.677997992565235
LogD,uni_G_lgbm,2,3,2270,0.2727758312728774,0.5395789298533377,0.681831631116988
LogD,uni_G_lgbm,2,4,2270,0.2621622461562124,0.5204167982014256,0.6850453414252654
LogD,uni_G_lgbm,3,0,2270,0.2598254166150181,0.5128727267854394,0.6904324462087377
LogD,uni_G_lgbm,3,1,2270,0.2576676304841663,0.5191238323927975,0.6888069556509465
LogD,uni_G_lgbm,3,2,2270,0.2579713640319803,0.5127100733151974,0.691053513771511
LogD,uni_G_lgbm,3,3,2270,0.25033184088781146,0.5256027315490455,0.6925388396286395
LogD,uni_G_lgbm,3,4,2270,0.2774859425544589,0.5400100065541185,0.6759799973413139
LogD,uni_G_lgbm,4,0,2270,0.264865216288254,0.5209137454928673,0.6803766741964351
LogD,uni_G_lgbm,4,1,2270,0.2865775735343771,0.5472923150954497,0.673488380663809
LogD,uni_G_lgbm,4,2,2270,0.23705683507875597,0.5194618160076241,0.6947995231033725
LogD,uni_G_lgbm,4,3,2270,0.2572881567584284,0.5278900184292614,0.6845477093627214
LogD,uni_G_lgbm,4,4,2270,0.2573491164504703,0.5156329118114693,0.6902629584473918
LogS,fus_GRMS_early_lgbm,0,0,2170,0.13770922593744728,0.44542417528598444,0.46202172374506856
LogS,fus_GRMS_early_lgbm,0,1,2170,0.15196210568180768,0.40450873927208764,0.48558064801071776
LogS,fus_GRMS_early_lgbm,0,2,2170,0.008215623083988599,0.39267342739941563,0.4994673027565463
LogS,fus_GRMS_early_lgbm,0,3,2170,0.09730475703593588,0.4110800308071787,0.5034697624027404
LogS,fus_GRMS_early_lgbm,0,4,2170,0.032315293222062835,0.37983349168623654,0.51101584988568
LogS,fus_GRMS_early_lgbm,1,0,2170,-0.025841834843889577,0.3657287685796736,0.5290829101955556
LogS,fus_GRMS_early_lgbm,1,1,2170,0.069287237574433,0.3999006564063461,0.48825897822266867
LogS,fus_GRMS_early_lgbm,1,2,2170,0.10907572076928518,0.45809019754437297,0.4900046174773897
LogS,fus_GRMS_early_lgbm,1,3,2170,0.05663245509001125,0.3545392956885514,0.5049438920780143
LogS,fus_GRMS_early_lgbm,1,4,2170,0.11869705003048758,0.4232080768023498,0.47585489852370066
LogS,fus_GRMS_early_lgbm,2,0,2170,-0.00998812818630146,0.3941791510166888,0.4973128745911312
LogS,fus_GRMS_early_lgbm,2,1,2170,0.13844552362020857,0.3952053788201897,0.44640742766898683
LogS,fus_GRMS_early_lgbm,2,2,2170,-0.12630043259086188,0.35493758387123003,0.567896652042338
LogS,fus_GRMS_early_lgbm,2,3,2170,-0.31774353858443183,0.3312914147032207,0.5927291112186883
LogS,fus_GRMS_early_lgbm,2,4,2170,0.19715504820879592,0.45255991001110507,0.4382990280301563
LogS,fus_GRMS_early_lgbm,3,0,2170,0.04263551687678213,0.41202325512548327,0.5023966246405506
LogS,fus_GRMS_early_lgbm,3,1,2170,-0.009809529510160786,0.3823358247856388,0.5298706792232463
LogS,fus_GRMS_early_lgbm,3,2,2170,0.13358714356150259,0.42293739544004566,0.4922323391498373
LogS,fus_GRMS_early_lgbm,3,3,2170,0.1791106781751618,0.4345675321519352,0.4636783164487169
LogS,fus_GRMS_early_lgbm,3,4,2170,0.014022444986458216,0.3823315197693151,0.5169125585257043
LogS,fus_GRMS_early_lgbm,4,0,2170,0.1422106499701612,0.4145409435673967,0.4801026361554796
LogS,fus_GRMS_early_lgbm,4,1,2170,0.13702977609689582,0.4270553634077237,0.49389738374501335
LogS,fus_GRMS_early_lgbm,4,2,2170,0.048924138420961216,0.3834237338720761,0.519560507901854
LogS,fus_GRMS_early_lgbm,4,3,2170,0.029422205768013687,0.37507300234734114,0.5049435283075687
LogS,fus_GRMS_early_lgbm,4,4,2170,0.20757439525447952,0.4428651036845167,0.4558279495477877
LogS,fus_GRMS_late_lgbm,0,0,2170,0.1137209156293727,0.4313554508982554,0.5049775594040025
LogS,fus_GRMS_late_lgbm,0,1,2170,0.1760528145415956,0.4528806262818316,0.500537114372853
LogS,fus_GRMS_late_lgbm,0,2,2170,0.19248153267010204,0.43962971749534246,0.5023930261016221
LogS,fus_GRMS_late_lgbm,0,3,2170,0.03127273359887406,0.42024616855313385,0.5391893422522086
LogS,fus_GRMS_late_lgbm,0,4,2170,0.07500922405067134,0.41542140244769193,0.525447963056099
LogS,fus_GRMS_late_lgbm,1,0,2170,0.07052789973468476,0.4282837939737885,0.5213980796431132
LogS,fus_GRMS_late_lgbm,1,1,2170,0.08483327969664245,0.4187118344581711,0.5183689483803765
LogS,fus_GRMS_late_lgbm,1,2,2170,-0.002569693929775907,0.4074357124709128,0.5371234252414967
LogS,fus_GRMS_late_lgbm,1,3,2170,0.05076048418819168,0.3898606547543534,0.535292448454015
LogS,fus_GRMS_late_lgbm,1,4,2170,0.17683941155786376,0.4252452842592463,0.5021957207405441
LogS,fus_GRMS_late_lgbm,2,0,2170,0.15734412417743615,0.43599881453018186,0.5156630432426327
LogS,fus_GRMS_late_lgbm,2,1,2170,0.028791647455081004,0.4217446332904823,0.5406861811450746
LogS,fus_GRMS_late_lgbm,2,2,2170,0.188804795452316,0.4214738004524477,0.49659181626524596
LogS,fus_GRMS_late_lgbm,2,3,2170,0.1748396074200137,0.4226139506370597,0.49902646878888923
LogS,fus_GRMS_late_lgbm,2,4,2170,0.08172520449518195,0.4724274302838362,0.530845284033979
LogS,fus_GRMS_late_lgbm,3,0,2170,0.07122930475251743,0.3763793495260357,0.5368044983380714
LogS,fus_GRMS_late_lgbm,3,1,2170,0.0750835845666612,0.40936733415106263,0.5341693739894737
LogS,fus_GRMS_late_lgbm,3,2,2170,0.16614236396910287,0.42500941922909924,0.5017025713528559
LogS,fus_GRMS_late_lgbm,3,3,2170,-0.006941634755526449,0.4159965294191025,0.5417032206458224
LogS,fus_GRMS_late_lgbm,3,4,2170,-0.0011600355464032042,0.39034977956121053,0.5363844410387419
LogS,fus_GRMS_late_lgbm,4,0,2170,0.11785954486750339,0.423099683953663,0.513399571512223
LogS,fus_GRMS_late_lgbm,4,1,2170,0.0005500475436562846,0.42603815609854073,0.5449119289777875
LogS,fus_GRMS_late_lgbm,4,2,2170,0.04859619594829456,0.4070913679744883,0.5309213913857187
LogS,fus_GRMS_late_lgbm,4,3,2170,0.07873119626919911,0.39692262449030685,0.5208554346878441
LogS,fus_GRMS_late_lgbm,4,4,2170,0.08446864143779576,0.42798413138883934,0.5124503276761713
LogS,fus_GRM_early_lgbm,0,0,2170,0.1508429492908152,0.42684360175628594,0.5448165209780499
LogS,fus_GRM_early_lgbm,0,1,2170,0.1380213293987601,0.4160796522115796,0.5500860373695182
LogS,fus_GRM_early_lgbm,0,2,2170,0.12664727157457267,0.4163454936258262,0.5532439144963952
LogS,fus_GRM_early_lgbm,0,3,2170,0.08978043262207136,0.4235033289838503,0.5682060392360612
LogS,fus_GRM_early_lgbm,0,4,2170,0.12109391719097651,0.42345678834369405,0.5624813101015489
LogS,fus_GRM_early_lgbm,1,0,2170,0.10511616095397658,0.4093087775001073,0.5602510557222902
LogS,fus_GRM_early_lgbm,1,1,2170,0.10680673734524337,0.40971742139696327,0.5618192663738555
LogS,fus_GRM_early_lgbm,1,2,2170,0.12425753577557053,0.42541011957716074,0.5577648014712391
LogS,fus_GRM_early_lgbm,1,3,2170,0.15282944447371427,0.42218377778935745,0.5416122386771475
LogS,fus_GRM_early_lgbm,1,4,2170,0.14965798249798035,0.4189537463581242,0.5473393905982616
LogS,fus_GRM_early_lgbm,2,0,2170,0.13014117350302856,0.410585407506567,0.5520268669882727
LogS,fus_GRM_early_lgbm,2,1,2170,0.10127383367763565,0.4093955057943761,0.5581030836846032
LogS,fus_GRM_early_lgbm,2,2,2170,0.11396430847233097,0.4112821525028222,0.565102535826333
LogS,fus_GRM_early_lgbm,2,3,2170,0.14188772580567455,0.4219458214931675,0.5519602065620883
LogS,fus_GRM_early_lgbm,2,4,2170,0.12718613711996096,0.441184436500778,0.5578672422886896
LogS,fus_GRM_early_lgbm,3,0,2170,0.12966588277237467,0.42317154406690644,0.5565107570941806
LogS,fus_GRM_early_lgbm,3,1,2170,0.12858907131137476,0.413779050316206,0.5512500375016166
LogS,fus_GRM_early_lgbm,3,2,2170,0.09734194061332568,0.41344709270715985,0.5685270931162405
LogS,fus_GRM_early_lgbm,3,3,2170,0.11452483081854903,0.42237410554855886,0.5561920472720379
LogS,fus_GRM_early_lgbm,3,4,2170,0.12576180361608413,0.4171449677209238,0.5542731641099209
LogS,fus_GRM_early_lgbm,4,0,2170,0.1322780534558612,0.4184239710714304,0.5499461448711328
LogS,fus_GRM_early_lgbm,4,1,2170,0.13204821894574448,0.4329238223827119,0.5550019802496536
LogS,fus_GRM_early_lgbm,4,2,2170,0.09043285031191595,0.4145200062756139,0.5748063302440677
LogS,fus_GRM_early_lgbm,4,3,2170,0.09831158854482025,0.4003081786642412,0.5615949302086334
LogS,fus_GRM_early_lgbm,4,4,2170,0.12370767285915263,0.41361892772964315,0.5535888271617772
LogS,fus_GRM_late_lgbm,0,0,2170,0.13865348313778414,0.42978315040638077,0.4924867787424392
LogS,fus_GRM_late_lgbm,0,1,2170,0.17081128156627456,0.4462531805460022,0.5057964175904911
LogS,fus_GRM_late_lgbm,0,2,2170,0.1908714525952785,0.4353385394582836,0.5022351196660243
LogS,fus_GRM_late_lgbm,0,3,2170,0.08133061700410149,0.4271070900211903,0.5294154887923996
LogS,fus_GRM_late_lgbm,0,4,2170,0.07469366806383437,0.41239842397420606,0.5309117070540743
LogS,fus_GRM_late_lgbm,1,0,2170,0.10486391573406706,0.4246274005984768,0.5127911685999119
LogS,fus_GRM_late_lgbm,1,1,2170,0.1175153050531742,0.42568535457123935,0.5115870987984656
LogS,fus_GRM_late_lgbm,1,2,2170,0.09379758924492276,0.43283489356669064,0.5089358283703969
LogS,fus_GRM_late_lgbm,1,3,2170,0.14184227922551718,0.41083529858392825,0.5145011821098392
LogS,fus_GRM_late_lgbm,1,4,2170,0.1718615815817628,0.4189711114016625,0.502642383390067
LogS,fus_GRM_late_lgbm,2,0,2170,0.16616296274476672,0.42473024481830296,0.5126066806191643
LogS,fus_GRM_late_lgbm,2,1,2170,0.02527417751668437,0.41693630612166205,0.5454981237224205
LogS,fus_GRM_late_lgbm,2,2,2170,0.19569767177753516,0.4203657774852342,0.4907626355003868
LogS,fus_GRM_late_lgbm,2,3,2170,0.17153271426922834,0.4212346115546668,0.5007096659948811
LogS,fus_GRM_late_lgbm,2,4,2170,0.15709194274902716,0.48257871706642247,0.5075594934676323
LogS,fus_GRM_late_lgbm,3,0,2170,0.09204287534974465,0.3950516908985854,0.5321919811744275
LogS,fus_GRM_late_lgbm,3,1,2170,0.08437565793209423,0.40515490209620153,0.5304210354420289
LogS,fus_GRM_late_lgbm,3,2,2170,0.17650713288664344,0.4244030485645378,0.4959515543402328
LogS,fus_GRM_late_lgbm,3,3,2170,0.07740639737871124,0.42660774421057834,0.5253045414536955
LogS,fus_GRM_late_lgbm,3,4,2170,0.06620991883986327,0.3987681274919478,0.5185737617491997
LogS,fus_GRM_late_lgbm,4,0,2170,0.1477255574213302,0.4364699815338707,0.5077282397931419
LogS,fus_GRM_late_lgbm,4,1,2170,0.035367098526600804,0.4245843523118201,0.534234627348719
LogS,fus_GRM_late_lgbm,4,2,2170,0.07868658772151071,0.41223628745168006,0.5244112738579957
LogS,fus_GRM_late_lgbm,4,3,2170,0.11052197195932334,0.40973199110645014,0.5121817187699812
LogS,fus_GRM_late_lgbm,4,4,2170,0.20111216172411794,0.44944432959971375,0.4883337820243225
LogS,fus_GRS_early_lgbm,0,0,2170,0.12601618489093447,0.4450648343612086,0.46490508480622433
LogS,fus_GRS_early_lgbm,0,1,2170,0.1552657461009438,0.4134170640616526,0.48339013800127906
LogS,fus_GRS_early_lgbm,0,2,2170,0.008951150660996943,0.38560474529340927,0.4966943809650062
LogS,fus_GRS_early_lgbm,0,3,2170,0.10204409163739159,0.4051487853391319,0.49821330067508074
LogS,fus_GRS_early_lgbm,0,4,2170,0.028009093393934092,0.3861274660097737,0.5086447877041507
LogS,fus_GRS_early_lgbm,1,0,2170,-0.0019157958138726894,0.36198156517276386,0.5249181474192742
LogS,fus_GRS_early_lgbm,1,1,2170,0.06005979659399485,0.399148083767046,0.48584381139061833
LogS,fus_GRS_early_lgbm,1,2,2170,0.11655008923351973,0.46102996318838135,0.4867343319210991
LogS,fus_GRS_early_lgbm,1,3,2170,0.0785817232840742,0.36367168890355905,0.49584586572878114
LogS,fus_GRS_early_lgbm,1,4,2170,0.09410052095013288,0.40222267254109767,0.4834194856389382
LogS,fus_GRS_early_lgbm,2,0,2170,-0.019558784819443842,0.3906161346620397,0.4998740801090329
LogS,fus_GRS_early_lgbm,2,1,2170,0.15491430442814436,0.39708065451418384,0.4395186794212185
LogS,fus_GRS_early_lgbm,2,2,2170,-0.13570191973762813,0.35334686767918566,0.5670956480589999
LogS,fus_GRS_early_lgbm,2,3,2170,-0.27568175467216194,0.33603860621777903,0.5813599870720388
LogS,fus_GRS_early_lgbm,2,4,2170,0.19880061597764132,0.45474911153083364,0.4381029620179246
LogS,fus_GRS_early_lgbm,3,0,2170,0.06587647976143562,0.4128209919180883,0.4939137717988081
LogS,fus_GRS_early_lgbm,3,1,2170,-0.007912656303133536,0.3813740893250082,0.5227109227532815
LogS,fus_GRS_early_lgbm,3,2,2170,0.12979567106660317,0.4265775391273724,0.49270384357277386
LogS,fus_GRS_early_lgbm,3,3,2170,0.18641528456774226,0.43445576750173487,0.46001129195755147
LogS,fus_GRS_early_lgbm,3,4,2170,0.04541798151999543,0.3865399514930238,0.504457769466738
LogS,fus_GRS_early_lgbm,4,0,2170,0.13359094040239106,0.39780026295637066,0.48185380612151524
LogS,fus_GRS_early_lgbm,4,1,2170,0.13448383639265382,0.43152015712750497,0.4888711604129324
LogS,fus_GRS_early_lgbm,4,2,2170,0.035456747224240304,0.3792838581788972,0.5187415463469129
LogS,fus_GRS_early_lgbm,4,3,2170,0.06125260124608911,0.3728593015570005,0.4924472452205085
LogS,fus_GRS_early_lgbm,4,4,2170,0.20660953019006834,0.4345801603413941,0.45347815996385216
LogS,fus_GRS_late_lgbm,0,0,2170,0.0616142652438737,0.4216077299884771,0.5080357132947135
LogS,fus_GRS_late_lgbm,0,1,2170,0.130103551449554,0.44513908317672585,0.49788777562371556
LogS,fus_GRS_late_lgbm,0,2,2170,0.17652964332179777,0.43616867312401225,0.49853057482785657
LogS,fus_GRS_late_lgbm,0,3,2170,-0.04409291911966151,0.4177238264204109,0.5443082757987894
LogS,fus_GRS_late_lgbm,0,4,2170,0.10981481032151474,0.4299677973606834,0.49850623084914525
LogS,fus_GRS_late_lgbm,1,0,2170,0.031508922076014856,0.4297212233447511,0.5265831081576012
LogS,fus_GRS_late_lgbm,1,1,2170,0.07195508990790589,0.4209077798260765,0.5165608562518469
LogS,fus_GRS_late_lgbm,1,2,2170,0.04645994952201593,0.4244536487232631,0.5151304869364148
LogS,fus_GRS_late_lgbm,1,3,2170,0.04760679305746396,0.4060751998129595,0.5204583695591741
LogS,fus_GRS_late_lgbm,1,4,2170,0.13513136931637548,0.4254664868276738,0.49869370297617005
LogS,fus_GRS_late_lgbm,2,0,2170,0.13903021773231328,0.4330633885115415,0.5115012669931006
LogS,fus_GRS_late_lgbm,2,1,2170,0.07543807948743109,0.4342621535263248,0.5205901409400228
LogS,fus_GRS_late_lgbm,2,2,2170,0.17341741156768364,0.42781724344280625,0.48868004077030763
LogS,fus_GRS_late_lgbm,2,3,2170,0.1545438742455988,0.42844623802011544,0.4942092964417448
LogS,fus_GRS_late_lgbm,2,4,2170,0.08709342497893602,0.47809037473353094,0.51381131740344
LogS,fus_GRS_late_lgbm,3,0,2170,0.08413745454194643,0.3786998574720167,0.5232371140334794
LogS,fus_GRS_late_lgbm,3,1,2170,0.05002693530389346,0.4189994755327268,0.5278384255114587
LogS,fus_GRS_late_lgbm,3,2,2170,0.17925498316764465,0.4370686499379859,0.47864576217050764
LogS,fus_GRS_late_lgbm,3,3,2170,-0.022056625255801876,0.4172460335868925,0.5353788305062721
LogS,fus_GRS_late_lgbm,3,4,2170,-0.04173099566994676,0.3918212923101108,0.5328007146228725
LogS,fus_GRS_late_lgbm,4,0,2170,0.10738968467000032,0.42050099707380045,0.5078396823994413
LogS,fus_GRS_late_lgbm,4,1,2170,-0.05050711865325175,0.4236802926142398,0.5435712269354473
LogS,fus_GRS_late_lgbm,4,2,2170,-0.013752326828285977,0.4086256527331827,0.5314595265115696
LogS,fus_GRS_late_lgbm,4,3,2170,0.06280374864690297,0.4144673671305658,0.5136305185401826
LogS,fus_GRS_late_lgbm,4,4,2170,0.14293153118303026,0.4419176294189624,0.49475671618035183
LogS,fus_GR_early_lgbm,0,0,2170,0.17611886685349776,0.45279474078487714,0.5178716287872746
LogS,fus_GR_early_lgbm,0,1,2170,0.17878430849725357,0.44475468576567895,0.5176466090296524
LogS,fus_GR_early_lgbm,0,2,2170,0.22022454049574558,0.4758317903465413,0.5106484048409892
LogS,fus_GR_early_lgbm,0,3,2170,0.15454144796728697,0.462989895209032,0.5301999465721677
LogS,fus_GR_early_lgbm,0,4,2170,0.17069533686769156,0.45654234518024417,0.5218566708748281
LogS,fus_GR_early_lgbm,1,0,2170,0.08814746161407405,0.4440235366607073,0.5396611318413771
LogS,fus_GR_early_lgbm,1,1,2170,0.1868533975573019,0.4684768130660389,0.521827874372697
LogS,fus_GR_early_lgbm,1,2,2170,0.21296478856886603,0.4633166531945229,0.5135229912688615
LogS,fus_GR_early_lgbm,1,3,2170,0.17577633686972494,0.45150395765248424,0.5253042768755604
LogS,fus_GR_early_lgbm,1,4,2170,0.17257680280974586,0.44518878624124597,0.5182034210101055
LogS,fus_GR_early_lgbm,2,0,2170,0.15839894788730802,0.44232047396919727,0.5232220385700971
LogS,fus_GR_early_lgbm,2,1,2170,0.20346939597173141,0.47240398847350745,0.5128270194021906
LogS,fus_GR_early_lgbm,2,2,2170,0.17370058743631556,0.4457402954515909,0.5241250540352537
LogS,fus_GR_early_lgbm,2,3,2170,0.15970612166844333,0.44376331414782677,0.5243812721498646
LogS,fus_GR_early_lgbm,2,4,2170,0.15346242451043013,0.45084565781532837,0.520915701312669
LogS,fus_GR_early_lgbm,3,0,2170,0.1605020113532829,0.4488407560794316,0.52983372920678
LogS,fus_GR_early_lgbm,3,1,2170,0.19012629524275693,0.46112892674724243,0.5136146465783342
LogS,fus_GR_early_lgbm,3,2,2170,0.16975842447271416,0.4556144333531103,0.5270382235413319
LogS,fus_GR_early_lgbm,3,3,2170,0.18788862286482577,0.45655172034225483,0.5078845605329407
LogS,fus_GR_early_lgbm,3,4,2170,0.14279217234150543,0.4516944741743074,0.5350420266295688
LogS,fus_GR_early_lgbm,4,0,2170,0.1249333970363179,0.4315718919996423,0.5365522334883523
LogS,fus_GR_early_lgbm,4,1,2170,0.17840851716437545,0.4638493830014472,0.5246130519705017
LogS,fus_GR_early_lgbm,4,2,2170,0.14859948653609512,0.45143304353833175,0.5326362314325861
LogS,fus_GR_early_lgbm,4,3,2170,0.12009722600143835,0.4423718883382546,0.5265445881858725
LogS,fus_GR_early_lgbm,4,4,2170,0.2098857428282469,0.45317705477897835,0.5085917105414764
LogS,fus_GR_late_lgbm,0,0,2170,0.08947527397312138,0.41678078373273625,0.5039348619739994
LogS,fus_GR_late_lgbm,0,1,2170,0.1508778033538105,0.4409704346051787,0.49444651950798496
LogS,fus_GR_late_lgbm,0,2,2170,0.20000112117205737,0.4388239844887021,0.4941643840758004
LogS,fus_GR_late_lgbm,0,3,2170,-0.007177011985907145,0.4180571415327678,0.5373654809533317
LogS,fus_GR_late_lgbm,0,4,2170,0.08459918798742139,0.42657689235313945,0.5139741858119352
LogS,fus_GR_late_lgbm,1,0,2170,0.05484889568858975,0.4237310369128544,0.5209193091625415
LogS,fus_GR_late_lgbm,1,1,2170,0.10923065480728911,0.4248353758854155,0.5100226690336033
LogS,fus_GR_late_lgbm,1,2,2170,0.11617493910934495,0.43661134461752055,0.49606062816045776
LogS,fus_GR_late_lgbm,1,3,2170,0.051201158319941875,0.3963427557228314,0.5229344450117065
LogS,fus_GR_late_lgbm,1,4,2170,0.15117439752472317,0.4271938727177278,0.49753694358509404
LogS,fus_GR_late_lgbm,2,0,2170,0.17253766671157622,0.43280166945581866,0.5020754052487556
LogS,fus_GR_late_lgbm,2,1,2170,0.06290774449286252,0.43430945816373184,0.5256139306661841
LogS,fus_GR_late_lgbm,2,2,2170,0.19736321577058258,0.43373634709210573,0.48370943467922706
LogS,fus_GR_late_lgbm,2,3,2170,0.18190118563185265,0.43666307794886017,0.48722185301492443
LogS,fus_GR_late_lgbm,2,4,2170,0.14430939702500056,0.489603718039741,0.5011952111679713
LogS,fus_GR_late_lgbm,3,0,2170,0.11270499911554654,0.39537335401731555,0.5183753410115203
LogS,fus_GR_late_lgbm,3,1,2170,0.0553216386582982,0.4198110142482848,0.5283646121865821
LogS,fus_GR_late_lgbm,3,2,2170,0.1921919702014535,0.4315352702943363,0.47757868618382165
LogS,fus_GR_late_lgbm,3,3,2170,-0.009601412457496128,0.42033701233122855,0.5329860287056098
LogS,fus_GR_late_lgbm,3,4,2170,0.02712556109483444,0.39480464349059446,0.5170251333246947
LogS,fus_GR_late_lgbm,4,0,2170,0.11915115908617069,0.4250838545288412,0.509129419957471
LogS,fus_GR_late_lgbm,4,1,2170,-0.030479733600342174,0.4151751459461386,0.5381571535182872
LogS,fus_GR_late_lgbm,4,2,2170,-0.008472803689194341,0.41246536797359,0.5311199500654731
LogS,fus_GR_late_lgbm,4,3,2170,0.09190493323177995,0.41946780682959783,0.5071453963635382
LogS,fus_GR_late_lgbm,4,4,2170,0.17499237644624155,0.43979086472346274,0.4877163598951412
LogS,uni_G_lgbm,0,0,2170,0.0927250179391903,0.32071181640185337,0.5578529071376851
LogS,uni_G_lgbm,0,1,2170,0.1293935376768629,0.357471898819865,0.54908670217187
LogS,uni_G_lgbm,0,2,2170,0.14748127297025382,0.3650346146432691,0.540608531136229
LogS,uni_G_lgbm,0,3,2170,0.09782002901829934,0.33020797497454313,0.5661734341396462
LogS,uni_G_lgbm,0,4,2170,0.06524217135194477,0.31659761266966774,0.5803529044669683
LogS,uni_G_lgbm,1,0,2170,0.1174171696515397,0.336536169712859,0.549929577270519
LogS,uni_G_lgbm,1,1,2170,0.08752159044181695,0.3210660482079932,0.566246100766689
LogS,uni_G_lgbm,1,2,2170,0.08501924193133914,0.3273491596736232,0.5719430184976909
LogS,uni_G_lgbm,1,3,2170,0.12151308608150202,0.3651757015215531,0.5515108135680817
LogS,uni_G_lgbm,1,4,2170,0.1355571302529358,0.33895717778046286,0.5437313549847487
LogS,uni_G_lgbm,2,0,2170,0.10494591214115823,0.31855048085224325,0.5567770558600559
LogS,uni_G_lgbm,2,1,2170,0.11439247866567326,0.3649553982855356,0.549204201757606
LogS,uni_G_lgbm,2,2,2170,0.09027860732838178,0.33398558425215047,0.5742904183349457
LogS,uni_G_lgbm,2,3,2170,0.13524693664031606,0.3481448375112291,0.5469312824063451
LogS,uni_G_lgbm,2,4,2170,0.11037420175185786,0.33412939368804506,0.5561867889828572
LogS,uni_G_lgbm,3,0,2170,0.12396789290938215,0.36327390641930773,0.5587057620238424
LogS,uni_G_lgbm,3,1,2170,0.12559874947269156,0.35825096942806733,0.5535434853241533
LogS,uni_G_lgbm,3,2,2170,0.09550840916863201,0.3176356824097492,0.5631784849158844
LogS,uni_G_lgbm,3,3,2170,0.09013583198665998,0.327661702382897,0.5598373003182401
LogS,uni_G_lgbm,3,4,2170,0.09942205012207539,0.3254373591945493,0.5556810987112716
LogS,uni_G_lgbm,4,0,2170,0.115031069826667,0.3222974693802984,0.5499935349201912
LogS,uni_G_lgbm,4,1,2170,0.1056055458855868,0.3420984319805578,0.5572626802833656
LogS,uni_G_lgbm,4,2,2170,0.10278184720504469,0.34161280726583804,0.5681920367257954
LogS,uni_G_lgbm,4,3,2170,0.08623642600815207,0.33850582794038525,0.5660488687831701
LogS,uni_G_lgbm,4,4,2170,0.12365038565033348,0.3288697520399028,0.5558621910554596
