endpoint,method,repeat,n_folds,n,sigma,err_unc_corr,ece,miscalibration_area
LOG_Caco_AB,chemeleon,0,5,1616,0.1110778092820251,0.002934982468846248,0.17782713422092777,0.1800706348805212
LOG_Caco_AB,chemeleon,1,5,1616,0.1028226726345596,-0.027837939504029248,0.18314183996039846,0.1856157807469384
LOG_Caco_AB,chemeleon,2,5,1616,0.11118794927190095,-4.273547208008444e-05,0.18589856215299916,0.1880389951085205
LOG_Caco_AB,chemeleon,3,5,1616,0.12129126086097082,-0.044664360396249915,0.18651336331744883,0.17291078377544844
LOG_Caco_AB,chemeleon,4,5,1616,0.12002589236180057,-0.03832929698167507,0.16067881287321673,0.16500767503432726
LOG_Caco_AB,chemprop,0,5,1616,0.09409980258206802,0.14010261734061305,0.25097424457925516,0.25443410060297017
LOG_Caco_AB,chemprop,1,5,1616,0.08959981279240448,0.14706868725927197,0.23626561813608354,0.23898182040530386
LOG_Caco_AB,chemprop,2,5,1616,0.09177006521665777,0.05057607353745836,0.22906854444097868,0.23159227643392294
LOG_Caco_AB,chemprop,3,5,1616,0.104332557432805,0.15858821185777786,0.22587596961006634,0.22859978323666622
LOG_Caco_AB,chemprop,4,5,1616,0.10338173504954166,0.06945371474159938,0.2310178201142536,0.23503503628321978
LOG_Caco_AB,chemprop_st,0,5,1616,0.10440319679773989,0.2930085895443169,0.2655623783945924,0.2694299883025667
LOG_Caco_AB,chemprop_st,1,5,1616,0.09190663695810294,0.24435787270299356,0.2747329775458599,0.2768213003166859
LOG_Caco_AB,chemprop_st,2,5,1616,0.10115367805073867,0.3274143747484388,0.2676886257013843,0.26971454286758206
LOG_Caco_AB,chemprop_st,3,5,1616,0.08489299808788522,0.16438923887386125,0.2807416240231192,0.2827759512540356
LOG_Caco_AB,chemprop_st,4,5,1616,0.1375643017696882,0.38956727065813995,0.23553125893651242,0.24613167876054426
LOG_Caco_AB,fus_GRMS_early_attfp,0,5,1616,0.19819954282468394,0.23367380192146736,0.15726846549300375,0.13142136532568502
LOG_Caco_AB,fus_GRMS_early_attfp,1,5,1616,0.1826654078956175,0.035947250658221075,0.16407390786811182,0.12136741275209137
LOG_Caco_AB,fus_GRMS_early_attfp,2,5,1616,0.20054031226889946,0.13440659309115874,0.1316693765546441,0.12653379655990277
LOG_Caco_AB,fus_GRMS_early_attfp,3,5,1616,0.1798641791136266,0.07728992125607569,0.15738333543012412,0.13268474630036478
LOG_Caco_AB,fus_GRMS_early_attfp,4,5,1616,0.17893493869128912,0.22236985822345126,0.14215966912247746,0.13857665417274373
LOG_Caco_AB,fus_GRMS_early_lgbm,0,5,1616,0.10524383048160277,0.15870382544627887,0.15156985557180822,0.15341897776571808
LOG_Caco_AB,fus_GRMS_early_lgbm,1,5,1616,0.09640276736215744,0.09401066271859852,0.15938656617317032,0.16099368754949459
LOG_Caco_AB,fus_GRMS_early_lgbm,2,5,1616,0.13563779432741072,0.1583899757713551,0.14253343192582552,0.14461390448400485
LOG_Caco_AB,fus_GRMS_early_lgbm,3,5,1616,0.11995858550714057,0.2202276147639827,0.15976159591576117,0.16098756504416564
LOG_Caco_AB,fus_GRMS_early_lgbm,4,5,1616,0.12407681569493817,0.19193845175284696,0.1772158210474585,0.17954903885344511
LOG_Caco_AB,fus_GRMS_early_rf,0,5,1616,0.10644444625060041,0.14806965746985612,0.15506294673532267,0.15717445082170728
LOG_Caco_AB,fus_GRMS_early_rf,1,5,1616,0.09215111412646954,0.11362757647218355,0.1675242007587411,0.1693922448478675
LOG_Caco_AB,fus_GRMS_early_rf,2,5,1616,0.14334774330154215,0.15115407497803332,0.13830679036337712,0.1412436466786458
LOG_Caco_AB,fus_GRMS_early_rf,3,5,1616,0.12726934666022632,0.23488163061506545,0.1605341059551286,0.16098992558546482
LOG_Caco_AB,fus_GRMS_early_rf,4,5,1616,0.13310433378872955,0.21380777444964555,0.17347330171417175,0.17593279138005535
LOG_Caco_AB,fus_GRMS_late_attfp,0,5,1616,0.08973282900756989,-0.03373752882761684,0.17712330498430864,0.17948003987989725
LOG_Caco_AB,fus_GRMS_late_attfp,1,5,1616,0.07840148246994934,-0.05178838302789876,0.187436711923256,0.18933010469353945
LOG_Caco_AB,fus_GRMS_late_attfp,2,5,1616,0.08328761233188697,0.0014233041552856845,0.1913745594755322,0.1931314578566462
LOG_Caco_AB,fus_GRMS_late_attfp,3,5,1616,0.07886347246728152,0.07473783969513116,0.20385471677091196,0.20532945850178574
LOG_Caco_AB,fus_GRMS_late_attfp,4,5,1616,0.08745419691731,0.13721118963793352,0.2005258019945294,0.20351910997101574
LOG_Caco_AB,fus_GRMS_late_lgbm,0,5,1616,0.10081327351050429,0.1670062899550122,0.2004072885585926,0.2029624897750416
LOG_Caco_AB,fus_GRMS_late_lgbm,1,5,1616,0.10200366987259274,0.07959231422614535,0.19794867332372706,0.20070238819143243
LOG_Caco_AB,fus_GRMS_late_lgbm,2,5,1616,0.09560909073419568,0.10334934405791242,0.20591010052743502,0.20880704433971353
LOG_Caco_AB,fus_GRMS_late_lgbm,3,5,1616,0.09774064616749632,0.08472763458900968,0.20025617583620153,0.20318129540491695
LOG_Caco_AB,fus_GRMS_late_lgbm,4,5,1616,0.0942204587841132,0.1390239889229766,0.20996654936009435,0.21279947477052755
LOG_Caco_AB,fus_GRMS_late_rf,0,5,1616,0.09746807086729586,0.15118380197330425,0.19731045030141198,0.2003365188023781
LOG_Caco_AB,fus_GRMS_late_rf,1,5,1616,0.09895403196271706,0.08434250539317072,0.19613340143289518,0.19863136181218607
LOG_Caco_AB,fus_GRMS_late_rf,2,5,1616,0.09178504373810226,0.09839329986570775,0.20360967459344242,0.20638405910301946
LOG_Caco_AB,fus_GRMS_late_rf,3,5,1616,0.09701184654789194,0.09056851963315729,0.19945965468085408,0.20243362832870418
LOG_Caco_AB,fus_GRMS_late_rf,4,5,1616,0.09169750301662193,0.13986883657331498,0.20755289893112816,0.21014397132181664
LOG_Caco_AB,fus_GRM_early_attfp,0,5,1616,0.12006891229771441,0.07635044296127365,0.1913351791125481,0.19565700193242005
LOG_Caco_AB,fus_GRM_early_attfp,1,5,1616,0.10723691017142518,0.09224494181072396,0.17770460359470103,0.18159647502874696
LOG_Caco_AB,fus_GRM_early_attfp,2,5,1616,0.1244762509331331,0.1956299848703714,0.18604510597206367,0.19218879328064015
LOG_Caco_AB,fus_GRM_early_attfp,3,5,1616,0.10006140595507583,-0.050241027006536494,0.1965110369405484,0.19927964467946152
LOG_Caco_AB,fus_GRM_early_attfp,4,5,1616,0.12612717821401534,0.031978307542912074,0.19382998184356792,0.19810090431468397
LOG_Caco_AB,fus_GRM_early_lgbm,0,5,1616,0.09598773122157912,0.16466338500820424,0.1576603864089821,0.15815397481373628
LOG_Caco_AB,fus_GRM_early_lgbm,1,5,1616,0.08893010847730098,0.11409419626832183,0.16619645462649754,0.16716090369937261
LOG_Caco_AB,fus_GRM_early_lgbm,2,5,1616,0.09174042222061965,0.12026298080595309,0.16502606537545958,0.16667363304826707
LOG_Caco_AB,fus_GRM_early_lgbm,3,5,1616,0.1044815879988302,0.17114979601933167,0.1643720738844177,0.16681856735902909
LOG_Caco_AB,fus_GRM_early_lgbm,4,5,1616,0.09039060140968463,0.13799700275500384,0.1908703041003439,0.19252525668070866
LOG_Caco_AB,fus_GRM_early_rf,0,5,1616,0.08913246546412558,0.14066936266536298,0.16449581003930902,0.1654545056232923
LOG_Caco_AB,fus_GRM_early_rf,1,5,1616,0.08708129212981769,0.1150542395052411,0.1695870819846401,0.1706162109652421
LOG_Caco_AB,fus_GRM_early_rf,2,5,1616,0.09223374865362556,0.1327773825315982,0.1671204379374488,0.1693192382222134
LOG_Caco_AB,fus_GRM_early_rf,3,5,1616,0.1024889374673413,0.1848508367671816,0.16854147481119638,0.17064885631973145
LOG_Caco_AB,fus_GRM_early_rf,4,5,1616,0.09405807082120894,0.1367815737513924,0.19244113716864095,0.194242318513477
LOG_Caco_AB,fus_GRM_late_attfp,0,5,1616,0.07272592321892044,0.041597291906323074,0.19200859331566006,0.1937756997559275
LOG_Caco_AB,fus_GRM_late_attfp,1,5,1616,0.07742477786361845,-0.0779952423501899,0.1880481857460612,0.1897991982959304
LOG_Caco_AB,fus_GRM_late_attfp,2,5,1616,0.07617894869381352,-0.028387239964147538,0.19430371698007534,0.19591850360425367
LOG_Caco_AB,fus_GRM_late_attfp,3,5,1616,0.08601765493675324,0.049782400417957576,0.19220691226573172,0.19480713072200045
LOG_Caco_AB,fus_GRM_late_attfp,4,5,1616,0.0896366591041741,0.06262539164675886,0.19715355228686005,0.20025548123459758
LOG_Caco_AB,fus_GRM_late_lgbm,0,5,1616,0.11352668339873018,0.16160661175318872,0.18499335322233518,0.1891154226059313
LOG_Caco_AB,fus_GRM_late_lgbm,1,5,1616,0.11588268718310772,0.13720801779146952,0.1829712635703854,0.18732251030466973
LOG_Caco_AB,fus_GRM_late_lgbm,2,5,1616,0.09822880368940955,0.12821881411636438,0.20590009331845704,0.20918938269147844
LOG_Caco_AB,fus_GRM_late_lgbm,3,5,1616,0.1102335977247483,0.09220598061706844,0.18599622791425208,0.18978130037367832
LOG_Caco_AB,fus_GRM_late_lgbm,4,5,1616,0.1107643630730353,0.1368584634868448,0.19214815785405956,0.19619975771486547
LOG_Caco_AB,fus_GRM_late_rf,0,5,1616,0.10328776805411041,0.15620868741038277,0.1980187260625287,0.2007433811473694
LOG_Caco_AB,fus_GRM_late_rf,1,5,1616,0.10338281349853803,0.08385944479423289,0.19740351541062287,0.2000731876622051
LOG_Caco_AB,fus_GRM_late_rf,2,5,1616,0.09569313862890459,0.09506030695170885,0.20563727760614026,0.20870437469214695
LOG_Caco_AB,fus_GRM_late_rf,3,5,1616,0.10185289868666537,0.0812843634339412,0.20031757326679558,0.20333587616962737
LOG_Caco_AB,fus_GRM_late_rf,4,5,1616,0.09817088869238653,0.11567638669997289,0.2055729700335234,0.20871998683903037
LOG_Caco_AB,fus_GRS_early_attfp,0,5,1616,0.1962924992542288,0.24770000992611238,0.16287030178845333,0.1371022653744137
LOG_Caco_AB,fus_GRS_early_attfp,1,5,1616,0.18063179725303505,0.03283981965105128,0.17431958459757452,0.12748915681140424
LOG_Caco_AB,fus_GRS_early_attfp,2,5,1616,0.20878728651424028,0.23186113609074896,0.14832972080451506,0.14340023045676595
LOG_Caco_AB,fus_GRS_early_attfp,3,5,1616,0.16184578092027485,0.3259851500625875,0.15999993702289309,0.16599647450417973
LOG_Caco_AB,fus_GRS_early_attfp,4,5,1616,0.1668766739324621,0.2773140196539196,0.1516102152526838,0.15733402192849955
LOG_Caco_AB,fus_GRS_early_lgbm,0,5,1616,0.10722626514998226,0.15119492490337003,0.15058334590450123,0.15274744911099153
LOG_Caco_AB,fus_GRS_early_lgbm,1,5,1616,0.09772301648705456,0.09662989551325708,0.15861153004579018,0.16036592272869576
LOG_Caco_AB,fus_GRS_early_lgbm,2,5,1616,0.13668909203328522,0.17039114211798229,0.14197625588371537,0.1440895316005974
LOG_Caco_AB,fus_GRS_early_lgbm,3,5,1616,0.11985028189420271,0.2301528221594603,0.16091201553750561,0.16184034034804506
LOG_Caco_AB,fus_GRS_early_lgbm,4,5,1616,0.12494516378106861,0.19456112344803225,0.17628205637719288,0.17889169118510162
LOG_Caco_AB,fus_GRS_early_rf,0,5,1616,0.10745923672383093,0.14220276379712196,0.15212467504955512,0.15417691103492592
LOG_Caco_AB,fus_GRS_early_rf,1,5,1616,0.09288241900973104,0.10969789555168429,0.16538403567473423,0.16759313116010238
LOG_Caco_AB,fus_GRS_early_rf,2,5,1616,0.14470616988874166,0.15235747365249158,0.13613256050658767,0.1392300422020342
LOG_Caco_AB,fus_GRS_early_rf,3,5,1616,0.12797400622359054,0.23947071357321068,0.15854562776718897,0.15909332995852557
LOG_Caco_AB,fus_GRS_early_rf,4,5,1616,0.13403045770890631,0.21487450416670117,0.1726590334672054,0.17515749371816042
LOG_Caco_AB,fus_GRS_late_attfp,0,5,1616,0.09574932571169475,-0.04338853340008636,0.16395202536331216,0.16686833553496805
LOG_Caco_AB,fus_GRS_late_attfp,1,5,1616,0.07981863182155048,0.003132578878971708,0.18175161157919087,0.1832146242510587
LOG_Caco_AB,fus_GRS_late_attfp,2,5,1616,0.10522270930309613,0.0790256998319333,0.1673410205949548,0.16900018774939088
LOG_Caco_AB,fus_GRS_late_attfp,3,5,1616,0.09181349429766493,-0.019509746798744742,0.17546611066561266,0.1778607336137608
LOG_Caco_AB,fus_GRS_late_attfp,4,5,1616,0.09670658038863672,-0.012701809814723568,0.1789864304841377,0.18132720094957974
LOG_Caco_AB,fus_GRS_late_lgbm,0,5,1616,0.12603596511380535,0.10950553349878056,0.1570272582607701,0.16238996684052323
LOG_Caco_AB,fus_GRS_late_lgbm,1,5,1616,0.13271149224646336,0.11126956608320518,0.15226999923229662,0.15846304518875348
LOG_Caco_AB,fus_GRS_late_lgbm,2,5,1616,0.1260364715023653,0.1466411511310963,0.15892245072505426,0.16413880363996372
LOG_Caco_AB,fus_GRS_late_lgbm,3,5,1616,0.11891126594147539,0.06034647759694971,0.15702917410201067,0.16122306950034296
LOG_Caco_AB,fus_GRS_late_lgbm,4,5,1616,0.11839069717763989,0.10929109193306927,0.16809388248627244,0.1743949090555929
LOG_Caco_AB,fus_GRS_late_rf,0,5,1616,0.12204007603200619,0.09030639041645222,0.15897134328161142,0.16377565223200835
LOG_Caco_AB,fus_GRS_late_rf,1,5,1616,0.12940300536016097,0.11090126268292673,0.15551316441136087,0.16168053499819696
LOG_Caco_AB,fus_GRS_late_rf,2,5,1616,0.12371531712348312,0.1297537857010435,0.16131793966537755,0.1655473781824335
LOG_Caco_AB,fus_GRS_late_rf,3,5,1616,0.11736029296196938,0.05535443063341906,0.161446512583304,0.1653213732744489
LOG_Caco_AB,fus_GRS_late_rf,4,5,1616,0.11785498038326933,0.1003717257507722,0.16665772291441708,0.1724439513916926
LOG_Caco_AB,fus_GR_early_attfp,0,5,1616,0.07680349670337637,0.027780827216116175,0.22235865326624593,0.22463625623634895
LOG_Caco_AB,fus_GR_early_attfp,1,5,1616,0.10430081230352166,0.14264015657734735,0.2004994034647019,0.20484739978433153
LOG_Caco_AB,fus_GR_early_attfp,2,5,1616,0.09695855571998976,0.11528896614053397,0.21088098951882206,0.21331743060977626
LOG_Caco_AB,fus_GR_early_attfp,3,5,1616,0.10720994540441504,0.1304200136145119,0.19756128625995933,0.20153674639782515
LOG_Caco_AB,fus_GR_early_attfp,4,5,1616,0.08304813962816862,0.06690976633181854,0.21371054602735093,0.2155161509323824
LOG_Caco_AB,fus_GR_early_lgbm,0,5,1616,0.09530061733200643,0.19865480948170314,0.15826797794481298,0.15934190686492594
LOG_Caco_AB,fus_GR_early_lgbm,1,5,1616,0.09147252519184287,0.1276079021168193,0.16475259500650544,0.16575958469357774
LOG_Caco_AB,fus_GR_early_lgbm,2,5,1616,0.09102201256851439,0.1259421227800459,0.16748902859389891,0.169275076149703
LOG_Caco_AB,fus_GR_early_lgbm,3,5,1616,0.10528324113195844,0.1509959907174576,0.1640018720549581,0.16553547326211565
LOG_Caco_AB,fus_GR_early_lgbm,4,5,1616,0.09141072881301911,0.12239374010337864,0.18545032072691428,0.18733975260175947
LOG_Caco_AB,fus_GR_early_rf,0,5,1616,0.0949392420561626,0.16514006017783495,0.16125252002332152,0.16226598170824677
LOG_Caco_AB,fus_GR_early_rf,1,5,1616,0.08965297213951927,0.1263882887144378,0.1669309992664004,0.16821423463806648
LOG_Caco_AB,fus_GR_early_rf,2,5,1616,0.09790907045101303,0.1191106278477495,0.16324772130678616,0.16535934431659438
LOG_Caco_AB,fus_GR_early_rf,3,5,1616,0.11006294571012554,0.14924498277031686,0.16393025996634308,0.16608178839874185
LOG_Caco_AB,fus_GR_early_rf,4,5,1616,0.09750178078065125,0.1658904633460834,0.1942697805002203,0.19637585229624469
LOG_Caco_AB,fus_GR_late_attfp,0,5,1616,0.07686318588449001,0.012321188440690226,0.184599709140017,0.18664192495993678
LOG_Caco_AB,fus_GR_late_attfp,1,5,1616,0.08133107785271963,0.0010889583441322942,0.18054184687797084,0.18218941206087455
LOG_Caco_AB,fus_GR_late_attfp,2,5,1616,0.09461800799740148,-0.00011911723583422191,0.1666713667791949,0.16904874504437012
LOG_Caco_AB,fus_GR_late_attfp,3,5,1616,0.08995042438670167,-0.0033279263650180415,0.17259954548892092,0.17546376669264407
LOG_Caco_AB,fus_GR_late_attfp,4,5,1616,0.09801553533713138,0.0020108021141219045,0.17305733390542297,0.17656121165842129
LOG_Caco_AB,fus_GR_late_lgbm,0,5,1616,0.12566952421057237,0.11203278802038202,0.15899794383831936,0.16431852300728159
LOG_Caco_AB,fus_GR_late_lgbm,1,5,1616,0.1340901044829903,0.1218700078762246,0.15402099356611462,0.16061332265550238
LOG_Caco_AB,fus_GR_late_lgbm,2,5,1616,0.1269190068013591,0.14361583734663594,0.16075224382141387,0.16557827753238566
LOG_Caco_AB,fus_GR_late_lgbm,3,5,1616,0.12074364846770452,0.06518151347175015,0.1598277880735464,0.16379711654387508
LOG_Caco_AB,fus_GR_late_lgbm,4,5,1616,0.11909087216846394,0.1072961182512812,0.16711557062194643,0.17295530614115814
LOG_Caco_AB,fus_GR_late_rf,0,5,1616,0.1235441022921933,0.1043214986621099,0.1593855744863924,0.16413128468568952
LOG_Caco_AB,fus_GR_late_rf,1,5,1616,0.13116730809808283,0.11129600671023006,0.15532384033562202,0.1613075839468829
LOG_Caco_AB,fus_GR_late_rf,2,5,1616,0.12466722981726697,0.1292001762427158,0.16194451355465325,0.16628806137303115
LOG_Caco_AB,fus_GR_late_rf,3,5,1616,0.11823397950679013,0.052883375829383565,0.1619094099119593,0.1655990903438305
LOG_Caco_AB,fus_GR_late_rf,4,5,1616,0.11798423915421445,0.10735940895057261,0.16736685229383425,0.17322030465632926
LOG_Caco_AB,lgbm,0,5,1616,0.08693417108280828,0.04904777089320526,0.24161332989562134,0.24275107840989218
LOG_Caco_AB,lgbm,1,5,1616,0.10755404567185599,0.10407500716839323,0.22608102970320013,0.22884768717839502
LOG_Caco_AB,lgbm,2,5,1616,0.08647202292635474,0.010100685123101413,0.2433318739100659,0.24454806142829927
LOG_Caco_AB,lgbm,3,5,1616,0.09152489806662596,0.034557339553927424,0.2434818126077993,0.24489656256302128
LOG_Caco_AB,lgbm,4,5,1616,0.09058069063493596,0.057859929726384596,0.2363957311380046,0.23803712855061065
LOG_Caco_AB,uni_G_attfp,0,5,1616,0.10783751691480438,0.2280903874312378,0.1713223867952218,0.17427874417862693
LOG_Caco_AB,uni_G_attfp,1,5,1616,0.10043384990246795,0.17442814611026372,0.17108291263777475,0.1760089496920365
LOG_Caco_AB,uni_G_attfp,2,5,1616,0.12197925024207228,0.14173314583925803,0.14893300487085354,0.15502611533259777
LOG_Caco_AB,uni_G_attfp,3,5,1616,0.13225536994947618,0.11080515783016913,0.14788254161579717,0.15343842551996237
LOG_Caco_AB,uni_G_attfp,4,5,1616,0.10848775809610682,0.2281173318614666,0.20250474579159602,0.20588759779025684
LOG_Caco_AB,uni_G_lgbm,0,5,1616,0.08954345826794192,0.17564160697086967,0.17396045516742223,0.1745274438004074
LOG_Caco_AB,uni_G_lgbm,1,5,1616,0.08816776839630987,0.13032964704232403,0.17451263753178098,0.17484595767960606
LOG_Caco_AB,uni_G_lgbm,2,5,1616,0.09957660431310048,0.09571308223418774,0.16766101219083343,0.1699931196073587
LOG_Caco_AB,uni_G_lgbm,3,5,1616,0.11333321999720342,0.19220640456997312,0.16865267395576075,0.17071134936583843
LOG_Caco_AB,uni_G_lgbm,4,5,1616,0.10388256719544518,0.16034505528339243,0.1946555178059074,0.1972818488114666
LOG_Caco_AB,uni_G_rf,0,5,1616,0.09172580203911203,0.15731250866780766,0.16649395745002812,0.16719578274842956
LOG_Caco_AB,uni_G_rf,1,5,1616,0.0886630353148918,0.12221486755946076,0.17031359135689658,0.171506229090952
LOG_Caco_AB,uni_G_rf,2,5,1616,0.09784687296261374,0.11927532947224885,0.16319928863822342,0.1652674253930014
LOG_Caco_AB,uni_G_rf,3,5,1616,0.10867655729959448,0.1650282728125976,0.1665042191359755,0.16842812624076842
LOG_Caco_AB,uni_G_rf,4,5,1616,0.10682412094931831,0.18605966681846062,0.18281674968029898,0.18551239470486325
LOG_Caco_AB,uni_M_lgbm,0,5,1616,0.09381065355918808,0.1549797769835584,0.21779165623875776,0.2195425388474968
LOG_Caco_AB,uni_M_lgbm,1,5,1616,0.09233976981031747,0.0895283602922104,0.21533355277044558,0.2170007814695071
LOG_Caco_AB,uni_M_lgbm,2,5,1616,0.09295263691310071,0.11458223892408032,0.21683022439012703,0.21954166818486198
LOG_Caco_AB,uni_M_lgbm,3,5,1616,0.09759739396658745,0.1295004465060878,0.21520914392044252,0.21728732018323327
LOG_Caco_AB,uni_M_lgbm,4,5,1616,0.09605584113891838,0.10679923345862662,0.22054576474164134,0.2232738184950918
LOG_Caco_AB,uni_M_rf,0,5,1616,0.037433062058196034,0.16216798032716878,0.30308523113748037,0.3032183654423535
LOG_Caco_AB,uni_M_rf,1,5,1616,0.04044016867769974,-0.009664347213318951,0.30049104005195304,0.3006647355451998
LOG_Caco_AB,uni_M_rf,2,5,1616,0.04119935197010701,0.04536796191780212,0.2984850981978769,0.2985426705986096
LOG_Caco_AB,uni_M_rf,3,5,1616,0.039771602325679625,0.04137205631366931,0.2990723754325571,0.2993495061834623
LOG_Caco_AB,uni_M_rf,4,5,1616,0.03609727916391972,0.005721950621424959,0.302747211782505,0.30279269916199425
LOG_Caco_AB,uni_R_lgbm,0,5,1616,0.10353294255633734,0.09188214069189012,0.17654465000705838,0.17951780056897088
LOG_Caco_AB,uni_R_lgbm,1,5,1616,0.10823846106770062,0.0939713060956214,0.17468291124508792,0.17793514832605856
LOG_Caco_AB,uni_R_lgbm,2,5,1616,0.10478361447264094,0.11521928480525678,0.17922931981632023,0.18185643487794026
LOG_Caco_AB,uni_R_lgbm,3,5,1616,0.10036498808335853,0.045180870057083815,0.17871934421492558,0.181391870679165
LOG_Caco_AB,uni_R_lgbm,4,5,1616,0.10173596767904264,0.09919942779556061,0.18347179202568054,0.18724629818978208
LOG_Caco_AB,uni_R_rf,0,5,1616,0.04431058750530505,0.008247657089365954,0.27348969645581656,0.27444903530866205
LOG_Caco_AB,uni_R_rf,1,5,1616,0.050872387640098826,0.05676655992774455,0.2641020354348901,0.2652964522991388
LOG_Caco_AB,uni_R_rf,2,5,1616,0.045856523496253646,0.05565778769865248,0.2736839939445219,0.2747151375728955
LOG_Caco_AB,uni_R_rf,3,5,1616,0.0429063936800944,0.06709686898375294,0.2771371948202788,0.27805969987645923
LOG_Caco_AB,uni_R_rf,4,5,1616,0.04264943820022679,0.004744948251780427,0.2746609590273092,0.2753920009688635
LOG_Caco_AB,uni_S_lgbm,0,5,1616,0.12884170167511222,0.14468840435765426,0.20521323213557807,0.20754082680890834
LOG_Caco_AB,uni_S_lgbm,1,5,1616,0.11709750019748459,0.05752589336467659,0.21727065671185247,0.22017506712858098
LOG_Caco_AB,uni_S_lgbm,2,5,1616,0.13859155949134563,0.08502665113539944,0.20785969835965007,0.20936447292044102
LOG_Caco_AB,uni_S_lgbm,3,5,1616,0.12025221468075836,0.14211464494852236,0.22198847490177576,0.22287663553224896
LOG_Caco_AB,uni_S_lgbm,4,5,1616,0.12900842445632135,0.190811698381814,0.214201556337844,0.21574460229663625
LOG_Caco_AB,uni_S_rf,0,5,1616,0.1345414694275032,0.1390297284725431,0.19790080395609436,0.20008617471357829
LOG_Caco_AB,uni_S_rf,1,5,1616,0.12123010954230681,-0.03281098783098241,0.21183293995067187,0.21441976896824216
LOG_Caco_AB,uni_S_rf,2,5,1616,0.14491368618315806,0.06900463138098319,0.20399482075610526,0.20588772454503734
LOG_Caco_AB,uni_S_rf,3,5,1616,0.1229289476273965,0.09008821575820644,0.21930627053688834,0.2214657740811091
LOG_Caco_AB,uni_S_rf,4,5,1616,0.13015443268253285,0.12188702635086766,0.21253661812258293,0.21375100910864547
LOG_Caco_Efflux,chemeleon,0,5,1616,0.09259779620251163,0.14780223273861567,0.26583705745345876,0.2668222414420238
LOG_Caco_Efflux,chemeleon,1,5,1616,0.09829926272770245,0.19712955139433563,0.2669280197157947,0.2679077395080401
LOG_Caco_Efflux,chemeleon,2,5,1616,0.09588971959458614,0.18928137582394625,0.2752985823786487,0.2762062767174298
LOG_Caco_Efflux,chemeleon,3,5,1616,0.09254504598299931,0.23326287458241451,0.27421529508046477,0.27479947506834096
LOG_Caco_Efflux,chemeleon,4,5,1616,0.0925469886126448,0.1367008196959556,0.2695046247364123,0.27060052394782674
LOG_Caco_Efflux,chemprop,0,5,1616,0.06871244671482925,0.3227196818854171,0.35054092407273846,0.3519579390289995
LOG_Caco_Efflux,chemprop,1,5,1616,0.06494218167669116,0.3292423052577262,0.34563509117678404,0.347106792715087
LOG_Caco_Efflux,chemprop,2,5,1616,0.06135904059593055,0.2984194125580604,0.3406712680060766,0.3418139887605712
LOG_Caco_Efflux,chemprop,3,5,1616,0.07616214314211832,0.3311943531836529,0.33560299108940583,0.3377698274688132
LOG_Caco_Efflux,chemprop,4,5,1616,0.07341964863527521,0.2712068932384915,0.3398702744853462,0.3420700068211829
LOG_Caco_Efflux,chemprop_st,0,5,1616,0.06219868481132984,0.3428803000595193,0.3610531950200654,0.3614169619764512
LOG_Caco_Efflux,chemprop_st,1,5,1616,0.06467611478671142,0.3442233014873469,0.3495231540311611,0.3511670012583139
LOG_Caco_Efflux,chemprop_st,2,5,1616,0.06556634291788155,0.39425186292408265,0.349563394667488,0.35074908944805
LOG_Caco_Efflux,chemprop_st,3,5,1616,0.07642316507095252,0.33772410713298656,0.34581721160209034,0.34708331120702896
LOG_Caco_Efflux,chemprop_st,4,5,1616,0.06276135909066863,0.24933142708255573,0.3545091222253232,0.35576085030208554
LOG_Caco_Efflux,fus_GRMS_early_attfp,0,5,1616,0.15669229274001154,0.2991853727838321,0.2645876489800744,0.269019537006493
LOG_Caco_Efflux,fus_GRMS_early_attfp,1,5,1616,0.14818461512776718,0.2832358103092991,0.2571960972546775,0.26298044304168217
LOG_Caco_Efflux,fus_GRMS_early_attfp,2,5,1616,0.15510407806139878,0.4064362093548168,0.27371920975788083,0.27701223995415547
LOG_Caco_Efflux,fus_GRMS_early_attfp,3,5,1616,0.16733721673183,0.31096203051878624,0.21753753245529817,0.22194632632857247
LOG_Caco_Efflux,fus_GRMS_early_attfp,4,5,1616,0.14771521354025502,0.31573443214553704,0.2629410969476831,0.26628900344336903
LOG_Caco_Efflux,fus_GRMS_early_lgbm,0,5,1616,0.10594989402880045,0.33578234557905023,0.26643144681428577,0.2688841420625344
LOG_Caco_Efflux,fus_GRMS_early_lgbm,1,5,1616,0.13320089318060227,0.28182557302026817,0.23902808827033228,0.2431547344621004
LOG_Caco_Efflux,fus_GRMS_early_lgbm,2,5,1616,0.10791308449455647,0.34835402048240577,0.2542893227309802,0.2579031907330899
LOG_Caco_Efflux,fus_GRMS_early_lgbm,3,5,1616,0.124147374193612,0.35101115737496646,0.24478888446003164,0.24755677384122682
LOG_Caco_Efflux,fus_GRMS_early_lgbm,4,5,1616,0.13276522991039622,0.3169618671859564,0.22329583434695452,0.22500470627951624
LOG_Caco_Efflux,fus_GRMS_early_rf,0,5,1616,0.09584799777561868,0.36696525858282597,0.2831455209879017,0.2845815228482489
LOG_Caco_Efflux,fus_GRMS_early_rf,1,5,1616,0.11095791205936212,0.25773995798130656,0.2690400812836079,0.27095657357699127
LOG_Caco_Efflux,fus_GRMS_early_rf,2,5,1616,0.09713907703886508,0.3508413323324627,0.2710450020560277,0.2733377364566332
LOG_Caco_Efflux,fus_GRMS_early_rf,3,5,1616,0.10970634583475435,0.3688838647928246,0.2716188806315808,0.2739092357972114
LOG_Caco_Efflux,fus_GRMS_early_rf,4,5,1616,0.11220541153318968,0.3410657156011139,0.2532539467516831,0.2542251966998996
LOG_Caco_Efflux,fus_GRMS_late_attfp,0,5,1616,0.059538004958909964,0.41633302701026326,0.31526303867249217,0.3168589470288558
LOG_Caco_Efflux,fus_GRMS_late_attfp,1,5,1616,0.055517725893357114,0.306008140308697,0.3154927798242691,0.31723345053966073
LOG_Caco_Efflux,fus_GRMS_late_attfp,2,5,1616,0.057845017644675846,0.4160428551925742,0.3170418140223641,0.31839015906707446
LOG_Caco_Efflux,fus_GRMS_late_attfp,3,5,1616,0.06253350845914524,0.38300646038468084,0.31380239915425157,0.3157563589046378
LOG_Caco_Efflux,fus_GRMS_late_attfp,4,5,1616,0.06897913710862605,0.44899326303791764,0.29897786096850637,0.2997962172983839
LOG_Caco_Efflux,fus_GRMS_late_lgbm,0,5,1616,0.0890979447838597,0.221646351935978,0.27931535751782777,0.2823464618522048
LOG_Caco_Efflux,fus_GRMS_late_lgbm,1,5,1616,0.09253208504018705,0.3165410525474435,0.27070666412585315,0.2731642444971032
LOG_Caco_Efflux,fus_GRMS_late_lgbm,2,5,1616,0.08912499195390847,0.32116125357395187,0.28251991978270496,0.285296794110513
LOG_Caco_Efflux,fus_GRMS_late_lgbm,3,5,1616,0.0939882101262558,0.29185935925035444,0.2756400119267344,0.27821422385030603
LOG_Caco_Efflux,fus_GRMS_late_lgbm,4,5,1616,0.09815738682902704,0.2765266359135225,0.27470183374230406,0.2774940949673636
LOG_Caco_Efflux,fus_GRMS_late_rf,0,5,1616,0.0856957317142539,0.22999649814032402,0.283149687065318,0.2858866698352537
LOG_Caco_Efflux,fus_GRMS_late_rf,1,5,1616,0.08933784264982277,0.31058416433172586,0.2737421263868145,0.27609416372210166
LOG_Caco_Efflux,fus_GRMS_late_rf,2,5,1616,0.08655633842123207,0.32252110852850496,0.28441600835478753,0.28717815421333986
LOG_Caco_Efflux,fus_GRMS_late_rf,3,5,1616,0.09126376965640738,0.29821773655927947,0.2792197628701745,0.2818747315087774
LOG_Caco_Efflux,fus_GRMS_late_rf,4,5,1616,0.09543929921871612,0.2804278864747539,0.27679563924037515,0.27930258759898363
LOG_Caco_Efflux,fus_GRM_early_attfp,0,5,1616,0.08032607374682006,0.2567293582671243,0.330599884103916,0.3336950154074471
LOG_Caco_Efflux,fus_GRM_early_attfp,1,5,1616,0.07795598327017363,0.10679371327693023,0.311032191332605,0.31345635786171044
LOG_Caco_Efflux,fus_GRM_early_attfp,2,5,1616,0.09395720910529648,0.17645414759412698,0.2938218516333179,0.2973782174449918
LOG_Caco_Efflux,fus_GRM_early_attfp,3,5,1616,0.07036776458977312,0.19073863203331148,0.32296677649012945,0.3253162576451903
LOG_Caco_Efflux,fus_GRM_early_attfp,4,5,1616,0.0815582362550437,0.1158448657655091,0.3282727717617304,0.3314888067711515
LOG_Caco_Efflux,fus_GRM_early_lgbm,0,5,1616,0.10638354213822732,0.3161790436671847,0.261248845257274,0.26298354009166813
LOG_Caco_Efflux,fus_GRM_early_lgbm,1,5,1616,0.10514158159987774,0.34808975752639093,0.2621558076493735,0.2645987310173894
LOG_Caco_Efflux,fus_GRM_early_lgbm,2,5,1616,0.10283650981894564,0.29214109885787426,0.2580751060583528,0.260946989926692
LOG_Caco_Efflux,fus_GRM_early_lgbm,3,5,1616,0.10724111433438777,0.31672288202816684,0.2655313266446231,0.26893541899074497
LOG_Caco_Efflux,fus_GRM_early_lgbm,4,5,1616,0.11216212750936062,0.3045336768011663,0.2411045694234707,0.24291653633633953
LOG_Caco_Efflux,fus_GRM_early_rf,0,5,1616,0.09118183786387202,0.3372752700272757,0.2863321699622537,0.28816553066296935
LOG_Caco_Efflux,fus_GRM_early_rf,1,5,1616,0.0858609396062266,0.34239982225763826,0.2947917053726516,0.2969454949851021
LOG_Caco_Efflux,fus_GRM_early_rf,2,5,1616,0.0897133909605035,0.3212349424748079,0.2829581133643787,0.2849504883396903
LOG_Caco_Efflux,fus_GRM_early_rf,3,5,1616,0.09482374967007477,0.3356153875602564,0.2884353923035171,0.29147290942477533
LOG_Caco_Efflux,fus_GRM_early_rf,4,5,1616,0.09707699745185035,0.3611618332007057,0.26642615872524594,0.2680099774206301
LOG_Caco_Efflux,fus_GRM_late_attfp,0,5,1616,0.05948829931230476,0.38700755286927924,0.3096141501275609,0.31116132280038056
LOG_Caco_Efflux,fus_GRM_late_attfp,1,5,1616,0.05025211951991102,0.31549889631702477,0.3193079508757107,0.32107684145047916
LOG_Caco_Efflux,fus_GRM_late_attfp,2,5,1616,0.05393525897129579,0.4024235023110086,0.31837601466211485,0.31993960297215907
LOG_Caco_Efflux,fus_GRM_late_attfp,3,5,1616,0.06254445874608895,0.36412615910572016,0.3086096973095879,0.3108601091226951
LOG_Caco_Efflux,fus_GRM_late_attfp,4,5,1616,0.05948330141453626,0.4065183559736398,0.30649362656246415,0.307982268271269
LOG_Caco_Efflux,fus_GRM_late_lgbm,0,5,1616,0.08265629639320805,0.24282365874137304,0.28567272480471084,0.2885795394339652
LOG_Caco_Efflux,fus_GRM_late_lgbm,1,5,1616,0.08871216646598663,0.30792935382321157,0.2745614982927901,0.2770939144178034
LOG_Caco_Efflux,fus_GRM_late_lgbm,2,5,1616,0.08733376071758402,0.31156348464853667,0.2861753445470863,0.2889146441006801
LOG_Caco_Efflux,fus_GRM_late_lgbm,3,5,1616,0.0899331822196943,0.27528272151990146,0.27954538481556856,0.28129475521592806
LOG_Caco_Efflux,fus_GRM_late_lgbm,4,5,1616,0.0934599895418602,0.30773823755033314,0.27856081679514644,0.28128732971520926
LOG_Caco_Efflux,fus_GRM_late_rf,0,5,1616,0.08615724936329482,0.22641082974662244,0.2827303451075672,0.2854262079523678
LOG_Caco_Efflux,fus_GRM_late_rf,1,5,1616,0.0898753429826373,0.30727807381931566,0.2733078431498156,0.27590274126486714
LOG_Caco_Efflux,fus_GRM_late_rf,2,5,1616,0.08661962407967162,0.3264424009875222,0.284481289121938,0.2870998728162455
LOG_Caco_Efflux,fus_GRM_late_rf,3,5,1616,0.09142162291524986,0.30320831134333753,0.27903887722369775,0.28144678545175666
LOG_Caco_Efflux,fus_GRM_late_rf,4,5,1616,0.09589398446057958,0.27881259556824467,0.2767416766047882,0.2792092635464517
LOG_Caco_Efflux,fus_GRS_early_attfp,0,5,1616,0.14413023236183675,0.33829684911947866,0.2637028424003362,0.2663098824991305
LOG_Caco_Efflux,fus_GRS_early_attfp,1,5,1616,0.17269008332977545,0.2932919384726782,0.2290316375577002,0.2348740791890136
LOG_Caco_Efflux,fus_GRS_early_attfp,2,5,1616,0.15939835550928944,0.2608141826500241,0.2570136119170818,0.26134493447992213
LOG_Caco_Efflux,fus_GRS_early_attfp,3,5,1616,0.15645248269995296,0.3931792633232667,0.24967129223091483,0.25144883121710454
LOG_Caco_Efflux,fus_GRS_early_attfp,4,5,1616,0.14675934702699867,0.3938070471707647,0.27300077615025875,0.2769914184588282
LOG_Caco_Efflux,fus_GRS_early_lgbm,0,5,1616,0.10858124015541644,0.3350500279309963,0.2683711162758584,0.27060788205290837
LOG_Caco_Efflux,fus_GRS_early_lgbm,1,5,1616,0.1316300114272991,0.26117076764238295,0.24715875361524012,0.24972417957616494
LOG_Caco_Efflux,fus_GRS_early_lgbm,2,5,1616,0.10953387856261713,0.31346327626797515,0.25621158827569046,0.2604162973762058
LOG_Caco_Efflux,fus_GRS_early_lgbm,3,5,1616,0.12702476718245062,0.343303572359651,0.2450734444027765,0.24762322972467676
LOG_Caco_Efflux,fus_GRS_early_lgbm,4,5,1616,0.1382922300789902,0.3152975790287462,0.22427781972683475,0.22620319609429387
LOG_Caco_Efflux,fus_GRS_early_rf,0,5,1616,0.09477731596465912,0.36750702166367966,0.2876080281190218,0.2891633173834703
LOG_Caco_Efflux,fus_GRS_early_rf,1,5,1616,0.11052638149693353,0.2630672321985357,0.27148613498503354,0.27374587128210603
LOG_Caco_Efflux,fus_GRS_early_rf,2,5,1616,0.09433583370429391,0.3594986964681256,0.2771241679127053,0.2799014704844936
LOG_Caco_Efflux,fus_GRS_early_rf,3,5,1616,0.1073897774752475,0.37118187118791185,0.27691923461071166,0.2790034642923725
LOG_Caco_Efflux,fus_GRS_early_rf,4,5,1616,0.11158880228807216,0.3534808018431722,0.2543982548638497,0.25543849300794
LOG_Caco_Efflux,fus_GRS_late_attfp,0,5,1616,0.07405329129103658,0.4469524657211957,0.30950241128235095,0.3114963913320771
LOG_Caco_Efflux,fus_GRS_late_attfp,1,5,1616,0.07410151397899942,0.2982030402814643,0.3085835131772195,0.31067806814512394
LOG_Caco_Efflux,fus_GRS_late_attfp,2,5,1616,0.06869823343987294,0.37508030490247773,0.31287652596664284,0.3149875761596391
LOG_Caco_Efflux,fus_GRS_late_attfp,3,5,1616,0.0704646619395413,0.4254395703123864,0.31102898468578843,0.31305915658290345
LOG_Caco_Efflux,fus_GRS_late_attfp,4,5,1616,0.08111516326397845,0.4131430151340658,0.2907693714183472,0.29231588239689665
LOG_Caco_Efflux,fus_GRS_late_lgbm,0,5,1616,0.08584964909461582,0.3811558621255648,0.29617399030523867,0.29881239676887045
LOG_Caco_Efflux,fus_GRS_late_lgbm,1,5,1616,0.0880512097995766,0.3138271022998504,0.2951995446727731,0.2971783262556337
LOG_Caco_Efflux,fus_GRS_late_lgbm,2,5,1616,0.09479114324020156,0.3995373186591376,0.2957590583961369,0.29802173362017226
LOG_Caco_Efflux,fus_GRS_late_lgbm,3,5,1616,0.08368399277649859,0.32530379639019147,0.29277499857389977,0.29477050581713443
LOG_Caco_Efflux,fus_GRS_late_lgbm,4,5,1616,0.09429224786576047,0.35820410714139644,0.2790570754975408,0.2807555761097629
LOG_Caco_Efflux,fus_GRS_late_rf,0,5,1616,0.09141172449075219,0.3520568344091907,0.28764196481704746,0.29063734197164953
LOG_Caco_Efflux,fus_GRS_late_rf,1,5,1616,0.09858344356709764,0.29764095040263955,0.2819042112597694,0.28432500557526486
LOG_Caco_Efflux,fus_GRS_late_rf,2,5,1616,0.10629540338235834,0.4139116894872508,0.2820564169720268,0.28469035508145046
LOG_Caco_Efflux,fus_GRS_late_rf,3,5,1616,0.09086326972567962,0.3100043967961176,0.2834288768800308,0.28567644141735016
LOG_Caco_Efflux,fus_GRS_late_rf,4,5,1616,0.10656520715703027,0.3284130241304727,0.2638854389416987,0.26600827565562873
LOG_Caco_Efflux,fus_GR_early_attfp,0,5,1616,0.11467544192528335,0.25494823048710613,0.2632924712575495,0.26777389371104016
LOG_Caco_Efflux,fus_GR_early_attfp,1,5,1616,0.07813535738881372,0.2244646096368053,0.31213220010318654,0.3140479153029114
LOG_Caco_Efflux,fus_GR_early_attfp,2,5,1616,0.08321982099453354,0.2335818763462301,0.3072398023005035,0.30806761444594977
LOG_Caco_Efflux,fus_GR_early_attfp,3,5,1616,0.08488111166125732,0.16200703227171995,0.2963559294761414,0.29812654498674707
LOG_Caco_Efflux,fus_GR_early_attfp,4,5,1616,0.09481176861391646,0.24639460222935167,0.2796473352272419,0.28319378441330634
LOG_Caco_Efflux,fus_GR_early_lgbm,0,5,1616,0.0943764269232973,0.3542820667102281,0.29610140174145805,0.29754148806352393
LOG_Caco_Efflux,fus_GR_early_lgbm,1,5,1616,0.09084865307294783,0.34968360823139844,0.29847192442263903,0.3001707639010262
LOG_Caco_Efflux,fus_GR_early_lgbm,2,5,1616,0.0885898849335258,0.33126076438603075,0.29197784137791905,0.29366533426420505
LOG_Caco_Efflux,fus_GR_early_lgbm,3,5,1616,0.09692739973783865,0.37323513977427897,0.29477785393386596,0.29713889594353476
LOG_Caco_Efflux,fus_GR_early_lgbm,4,5,1616,0.10274780470134019,0.3486519358239429,0.2681135381969503,0.2695262778465923
LOG_Caco_Efflux,fus_GR_early_rf,0,5,1616,0.0951039400520928,0.3248515834893182,0.2847076229755635,0.28659266376135
LOG_Caco_Efflux,fus_GR_early_rf,1,5,1616,0.08846708546303367,0.32088741578505386,0.2937241881089495,0.2958358334624905
LOG_Caco_Efflux,fus_GR_early_rf,2,5,1616,0.09142452962233943,0.2988093131722836,0.2832756611281393,0.2850926632828696
LOG_Caco_Efflux,fus_GR_early_rf,3,5,1616,0.09903647562133,0.34609801499498566,0.28572497797691254,0.28844463074405663
LOG_Caco_Efflux,fus_GR_early_rf,4,5,1616,0.09970940364608002,0.35267538242777374,0.26332065430796975,0.2646348481076302
LOG_Caco_Efflux,fus_GR_late_attfp,0,5,1616,0.06997190043416096,0.3845178235308956,0.3077605564771229,0.30980701136952465
LOG_Caco_Efflux,fus_GR_late_attfp,1,5,1616,0.0629948064661478,0.32146622435257477,0.31521225380772444,0.31769022107819356
LOG_Caco_Efflux,fus_GR_late_attfp,2,5,1616,0.06486682150657828,0.37736126014543897,0.3192479369019742,0.321099568887012
LOG_Caco_Efflux,fus_GR_late_attfp,3,5,1616,0.06482890627645192,0.3667823395350847,0.3158859097291987,0.31805199095737197
LOG_Caco_Efflux,fus_GR_late_attfp,4,5,1616,0.07123104926619672,0.3739259592957518,0.2940819476894077,0.29610486405620307
LOG_Caco_Efflux,fus_GR_late_lgbm,0,5,1616,0.09754991179107392,0.3325615620439951,0.28213080481543673,0.2853427466632072
LOG_Caco_Efflux,fus_GR_late_lgbm,1,5,1616,0.09426107649437748,0.37228799999812523,0.2839845439156645,0.2869014415312283
LOG_Caco_Efflux,fus_GR_late_lgbm,2,5,1616,0.11051153477920603,0.39641961268334747,0.2802706490042367,0.28320330765243856
LOG_Caco_Efflux,fus_GR_late_lgbm,3,5,1616,0.0960531235558262,0.2762309460779101,0.2761986394355766,0.2791945459195787
LOG_Caco_Efflux,fus_GR_late_lgbm,4,5,1616,0.09543542243411927,0.29791838966425327,0.2781575869462966,0.2810646979269965
LOG_Caco_Efflux,fus_GR_late_rf,0,5,1616,0.09301491544664514,0.3404626512256528,0.28567461532004096,0.2886907643753718
LOG_Caco_Efflux,fus_GR_late_rf,1,5,1616,0.08795580671963765,0.3467806238582595,0.2887960035386742,0.29154763888261787
LOG_Caco_Efflux,fus_GR_late_rf,2,5,1616,0.10465802947700041,0.39136989642662595,0.2849714252111688,0.28731927387285594
LOG_Caco_Efflux,fus_GR_late_rf,3,5,1616,0.09156457085581153,0.2820744148009602,0.2810924103896309,0.28385026281196063
LOG_Caco_Efflux,fus_GR_late_rf,4,5,1616,0.09095576934376566,0.28134907627555555,0.28295084406451726,0.2857198816556789
LOG_Caco_Efflux,lgbm,0,5,1616,0.06963700219965602,0.3167333932674308,0.3585941419561552,0.3599582963930451
LOG_Caco_Efflux,lgbm,1,5,1616,0.06651927302554754,0.2444606136542698,0.35968824569654173,0.36142114195974107
LOG_Caco_Efflux,lgbm,2,5,1616,0.06084491857534444,0.1895654455599977,0.37031575624623525,0.37154869796148343
LOG_Caco_Efflux,lgbm,3,5,1616,0.05897333641487394,0.19225956802493577,0.36305889296663535,0.364207359158642
LOG_Caco_Efflux,lgbm,4,5,1616,0.07263741499490402,0.3658178017854884,0.35607587253126516,0.35750236170714816
LOG_Caco_Efflux,uni_G_attfp,0,5,1616,0.10222527972893214,0.31622609679461483,0.28386014467345283,0.28632568003922515
LOG_Caco_Efflux,uni_G_attfp,1,5,1616,0.09465150065324371,0.26686196032717013,0.2993423048265363,0.30249027533724687
LOG_Caco_Efflux,uni_G_attfp,2,5,1616,0.09834240976404898,0.2404808406364523,0.2887137458665057,0.29144826123308665
LOG_Caco_Efflux,uni_G_attfp,3,5,1616,0.10876712802818213,0.29454802595945706,0.2874191597945222,0.29061356547792133
LOG_Caco_Efflux,uni_G_attfp,4,5,1616,0.10367204068283635,0.314417395376508,0.2712477116210441,0.27300419388967223
LOG_Caco_Efflux,uni_G_lgbm,0,5,1616,0.09568841111023153,0.3472570408264362,0.2946616999673181,0.2959884252504301
LOG_Caco_Efflux,uni_G_lgbm,1,5,1616,0.09142534247394837,0.3498097717435348,0.29784763634727396,0.2999669550660332
LOG_Caco_Efflux,uni_G_lgbm,2,5,1616,0.0903434947076958,0.32393569799895616,0.2893365671504986,0.291096307797725
LOG_Caco_Efflux,uni_G_lgbm,3,5,1616,0.09988039937708514,0.37205055502862255,0.2932004923029791,0.29580162395230714
LOG_Caco_Efflux,uni_G_lgbm,4,5,1616,0.10335023437493962,0.34660998365194473,0.26650287454140104,0.2679260285225892
LOG_Caco_Efflux,uni_G_rf,0,5,1616,0.09620256453770366,0.32655599948781916,0.2863070947388877,0.2880969424402529
LOG_Caco_Efflux,uni_G_rf,1,5,1616,0.08952154550038113,0.3258274203179586,0.29682427450146,0.2988335170587055
LOG_Caco_Efflux,uni_G_rf,2,5,1616,0.09240969154957127,0.28427861041215546,0.28348138137623513,0.2853683987382745
LOG_Caco_Efflux,uni_G_rf,3,5,1616,0.10087367651885554,0.32730189479056865,0.2879590389795076,0.29075204170340346
LOG_Caco_Efflux,uni_G_rf,4,5,1616,0.10073527991071818,0.3519855243809662,0.2630922249591292,0.26436611338125027
LOG_Caco_Efflux,uni_M_lgbm,0,5,1616,0.07891550574254098,0.2403355480727267,0.29151956513945504,0.29394611525897474
LOG_Caco_Efflux,uni_M_lgbm,1,5,1616,0.08230538468155525,0.3110997092562272,0.28291247197654806,0.2853555794754446
LOG_Caco_Efflux,uni_M_lgbm,2,5,1616,0.08025551015350663,0.33925139357773504,0.2921159852695967,0.29400199359018747
LOG_Caco_Efflux,uni_M_lgbm,3,5,1616,0.08419145751202602,0.31467672514415274,0.28782600644527795,0.2897729057925241
LOG_Caco_Efflux,uni_M_lgbm,4,5,1616,0.08903224761239632,0.3034427917830233,0.2840856558266403,0.2858795970456052
LOG_Caco_Efflux,uni_M_rf,0,5,1616,0.04267142826416475,0.23631285353900677,0.34488734346757605,0.34595525400829363
LOG_Caco_Efflux,uni_M_rf,1,5,1616,0.040698843934677376,0.19048618959174124,0.3482097077373689,0.3491936169929003
LOG_Caco_Efflux,uni_M_rf,2,5,1616,0.04339794519619609,0.26226302408372376,0.34668340367445444,0.34717854105185686
LOG_Caco_Efflux,uni_M_rf,3,5,1616,0.04179955040859477,0.2601164289700267,0.3467018550403812,0.34766310853616467
LOG_Caco_Efflux,uni_M_rf,4,5,1616,0.04143735752906588,0.2348837814959407,0.34672465361761756,0.3477525190619901
LOG_Caco_Efflux,uni_R_lgbm,0,5,1616,0.07768504237560489,0.36782142716508814,0.30531346665550074,0.30756826340583815
LOG_Caco_Efflux,uni_R_lgbm,1,5,1616,0.07341790209491221,0.34012401033817774,0.3074889773215358,0.30967392411694517
LOG_Caco_Efflux,uni_R_lgbm,2,5,1616,0.08633467450569655,0.40155668368070496,0.3042422352604979,0.30599883692418184
LOG_Caco_Efflux,uni_R_lgbm,3,5,1616,0.07561279880588032,0.3019750050363708,0.30330754041328667,0.3054478310235911
LOG_Caco_Efflux,uni_R_lgbm,4,5,1616,0.07546840236417424,0.3166096880126153,0.30192805014869956,0.30424878127225996
LOG_Caco_Efflux,uni_R_rf,0,5,1616,0.042034377432976264,0.2681073113142459,0.3410508925465312,0.34165769210417674
LOG_Caco_Efflux,uni_R_rf,1,5,1616,0.052427114622232235,0.19746218457491185,0.330928605351906,0.33168991343677745
LOG_Caco_Efflux,uni_R_rf,2,5,1616,0.048617600746445194,0.24798637012154018,0.3336902818407579,0.3342750174217715
LOG_Caco_Efflux,uni_R_rf,3,5,1616,0.044270833257074836,0.2329994669633904,0.3379452391504017,0.3383348976800512
LOG_Caco_Efflux,uni_R_rf,4,5,1616,0.051784083258035796,0.26093917091829794,0.3311969220949937,0.33193270208934555
LOG_Caco_Efflux,uni_S_lgbm,0,5,1616,0.12170424325377731,0.2416665111652607,0.3099446667809381,0.3113277136529674
LOG_Caco_Efflux,uni_S_lgbm,1,5,1616,0.13163425341299642,0.2453067727755801,0.29247446027603713,0.29427991138903786
LOG_Caco_Efflux,uni_S_lgbm,2,5,1616,0.13439110949863234,0.3100272086087042,0.28479060038655624,0.28524783434344786
LOG_Caco_Efflux,uni_S_lgbm,3,5,1616,0.125838922409997,0.3737673480980332,0.2877473696493328,0.28894141524868816
LOG_Caco_Efflux,uni_S_lgbm,4,5,1616,0.13713651567298243,0.3599237560236817,0.2841047965219428,0.28483039374919505
LOG_Caco_Efflux,uni_S_rf,0,5,1616,0.11431183926526556,0.21060837948658975,0.31165077899070864,0.3131568104261327
LOG_Caco_Efflux,uni_S_rf,1,5,1616,0.12902661950045435,0.2575696497964387,0.2883091636804142,0.2906262602054382
LOG_Caco_Efflux,uni_S_rf,2,5,1616,0.13253111099824397,0.32114697822168653,0.28031142885612603,0.2816020005257233
LOG_Caco_Efflux,uni_S_rf,3,5,1616,0.12283975911857883,0.39108770172669055,0.2832053613368386,0.2839280701213847
LOG_Caco_Efflux,uni_S_rf,4,5,1616,0.12839426412180674,0.33965251131121144,0.2898868270729046,0.2906461038035322
LOG_HLM,chemeleon,0,5,782,0.12363650350836868,0.14605272592371954,0.16849082534162638,0.1735151369071781
LOG_HLM,chemeleon,1,5,782,0.14222479492659257,0.19889258850272634,0.15227485451717654,0.1610833855575332
LOG_HLM,chemeleon,2,5,782,0.1160798233142929,0.007098254114109494,0.18051343415366436,0.18703399009038327
LOG_HLM,chemeleon,3,5,782,0.12938516067339245,0.14908221365695193,0.16439207709921186,0.17221818920193568
LOG_HLM,chemeleon,4,5,782,0.13669005535133394,0.161415392627528,0.15603554656563923,0.16416098974905827
LOG_HLM,chemprop,0,5,782,0.1258954612328754,0.10785945947417279,0.19107907506174202,0.1971010879348158
LOG_HLM,chemprop,1,5,782,0.13412895153683152,-0.0035337983034835325,0.1874927143271065,0.1944453780597894
LOG_HLM,chemprop,2,5,782,0.12046370276836865,0.09279649085995742,0.19140971422190992,0.19498548894130963
LOG_HLM,chemprop,3,5,782,0.12839399616332017,0.13294696050429608,0.18584225145773342,0.18923842603780103
LOG_HLM,chemprop,4,5,782,0.1574688637496635,0.14716547330418067,0.16774594401521287,0.17677852363405228
LOG_HLM,chemprop_st,0,5,782,0.11608115671183108,-0.06278636906119836,0.20858075578415547,0.2134708208588485
LOG_HLM,chemprop_st,1,5,782,0.12589211269275397,-0.026697622784454752,0.2102415552109186,0.21448803038419323
LOG_HLM,chemprop_st,2,5,782,0.16769372562631965,0.06805049782823701,0.16449864735997535,0.1740164545412513
LOG_HLM,chemprop_st,3,5,782,0.13049482323215397,0.034022657455087126,0.18540970112994318,0.19131344966959232
LOG_HLM,chemprop_st,4,5,782,0.1409343054850038,0.00875542342125081,0.18228033054560092,0.18765646520739818
LOG_HLM,fus_GRMS_early_attfp,0,5,782,0.22828541613993888,0.043104973248123776,0.1179102503500768,0.13237079909975885
LOG_HLM,fus_GRMS_early_attfp,1,5,782,0.25181167735726834,0.12510307576331797,0.11704508885338076,0.1226545919110829
LOG_HLM,fus_GRMS_early_attfp,2,5,782,0.26019449331880706,0.4732759753663783,0.09364896604034646,0.11703513236589577
LOG_HLM,fus_GRMS_early_attfp,3,5,782,0.25729149735542506,0.1349100812993147,0.13824622827599037,0.10843797408399017
LOG_HLM,fus_GRMS_early_attfp,4,5,782,0.26493538046451026,0.17272307624260752,0.08624456644539731,0.1027184058925086
LOG_HLM,fus_GRMS_early_lgbm,0,5,782,0.15066727237682306,0.08165289230020475,0.14606191498319682,0.15717225157324033
LOG_HLM,fus_GRMS_early_lgbm,1,5,782,0.17792206344351097,0.03417688737594096,0.1303775940050852,0.1506300194749182
LOG_HLM,fus_GRMS_early_lgbm,2,5,782,0.16450423351180798,0.16316800243611895,0.13761721239444927,0.15296753677793667
LOG_HLM,fus_GRMS_early_lgbm,3,5,782,0.15485099759846427,0.11372372306759629,0.15685922980979228,0.17085633477202072
LOG_HLM,fus_GRMS_early_lgbm,4,5,782,0.1874176522470256,0.0650390517300615,0.11570595717711346,0.13539774176677763
LOG_HLM,fus_GRMS_early_rf,0,5,782,0.14103558279764758,0.02479976097620272,0.1572680638988014,0.16553235286139778
LOG_HLM,fus_GRMS_early_rf,1,5,782,0.156471958355732,0.01967966588116422,0.1510496552738556,0.16432750204386656
LOG_HLM,fus_GRMS_early_rf,2,5,782,0.15067540899733867,0.1754859303088844,0.15528412819715876,0.1645596351512899
LOG_HLM,fus_GRMS_early_rf,3,5,782,0.14671500151151753,0.0736125050522275,0.16356246919343534,0.17536730429754252
LOG_HLM,fus_GRMS_early_rf,4,5,782,0.15377526116297774,0.024942608780360063,0.1475604810498576,0.15892735470501707
LOG_HLM,fus_GRMS_late_attfp,0,5,782,0.08564353975925881,-0.006739945220340204,0.205328149446676,0.20846650418356058
LOG_HLM,fus_GRMS_late_attfp,1,5,782,0.09069479135527951,0.07018031192981325,0.20576203426121956,0.20889620993958657
LOG_HLM,fus_GRMS_late_attfp,2,5,782,0.0953797551034214,0.09569154310182756,0.19644024053935566,0.20128125470418884
LOG_HLM,fus_GRMS_late_attfp,3,5,782,0.09027174640725372,0.07426000591515981,0.21136696199578997,0.2142209554999154
LOG_HLM,fus_GRMS_late_attfp,4,5,782,0.10741983988985515,0.06919218066419898,0.19034919558277483,0.19602248241784606
LOG_HLM,fus_GRMS_late_lgbm,0,5,782,0.11981121078272182,0.08525779312196637,0.19821153581693665,0.2032170833194647
LOG_HLM,fus_GRMS_late_lgbm,1,5,782,0.12026440789988124,0.15212656621115153,0.18903646487331396,0.19452546776834115
LOG_HLM,fus_GRMS_late_lgbm,2,5,782,0.1218634355771973,0.13115339100592432,0.19610281413212416,0.20076668122907732
LOG_HLM,fus_GRMS_late_lgbm,3,5,782,0.11789490702128409,0.13151788467401174,0.20103674550530665,0.2064952288822527
LOG_HLM,fus_GRMS_late_lgbm,4,5,782,0.12910702871130164,0.1447626040351592,0.1932416961302102,0.20254430120334763
LOG_HLM,fus_GRMS_late_rf,0,5,782,0.13114763241867167,0.1293825083220985,0.19442678629368473,0.20176933695186547
LOG_HLM,fus_GRMS_late_rf,1,5,782,0.1349458062520429,0.1920836300338132,0.1819768028995318,0.19111376226064447
LOG_HLM,fus_GRMS_late_rf,2,5,782,0.12960158411974376,0.14628996455363988,0.1971119353154357,0.20417211087262097
LOG_HLM,fus_GRMS_late_rf,3,5,782,0.1289700033570783,0.13067926343394257,0.2007261816020602,0.2079570544324874
LOG_HLM,fus_GRMS_late_rf,4,5,782,0.1416083199258859,0.16342838714020333,0.1892540141682413,0.20006491679691063
LOG_HLM,fus_GRM_early_attfp,0,5,782,0.14455420684956133,0.1580732528580007,0.17644459681681535,0.18304630785585294
LOG_HLM,fus_GRM_early_attfp,1,5,782,0.10375290625269445,0.15685568740205805,0.23344769698655216,0.23835983722082293
LOG_HLM,fus_GRM_early_attfp,2,5,782,0.155625123703963,0.10287442043214301,0.16472851970193575,0.1780476530817674
LOG_HLM,fus_GRM_early_attfp,3,5,782,0.141004118124636,0.03971803881586038,0.1696527299092706,0.17759779682050322
LOG_HLM,fus_GRM_early_attfp,4,5,782,0.14680557615443945,0.10404523432128954,0.17181292478212007,0.18495942402109936
LOG_HLM,fus_GRM_early_lgbm,0,5,782,0.15421453652359546,0.051982689165207326,0.14581478793873998,0.15507030598298904
LOG_HLM,fus_GRM_early_lgbm,1,5,782,0.16683535739566488,0.016601162913511637,0.14610038585678223,0.1510165219330109
LOG_HLM,fus_GRM_early_lgbm,2,5,782,0.15664001037093137,0.141795640978838,0.15309070427318192,0.16498181598406203
LOG_HLM,fus_GRM_early_lgbm,3,5,782,0.155384679358774,0.07427383500983942,0.15134480496318042,0.1656548025470848
LOG_HLM,fus_GRM_early_lgbm,4,5,782,0.14435758753400632,0.023435629584317805,0.16196338462823187,0.16973301237095148
LOG_HLM,fus_GRM_early_rf,0,5,782,0.14812134017839199,0.047551307394899954,0.15287815529439566,0.16143915925674046
LOG_HLM,fus_GRM_early_rf,1,5,782,0.158592250049984,0.039904286167106215,0.14922355882383495,0.15823755220465274
LOG_HLM,fus_GRM_early_rf,2,5,782,0.15268644596801645,0.1595027950997866,0.1586347066385173,0.1681264565203515
LOG_HLM,fus_GRM_early_rf,3,5,782,0.15211792210011185,0.07409054465932598,0.15628017763306823,0.16817814448270169
LOG_HLM,fus_GRM_early_rf,4,5,782,0.14102142159824596,0.03210506353119672,0.16766583455529482,0.17254480509648315
LOG_HLM,fus_GRM_late_attfp,0,5,782,0.08293320902395292,0.013181179734347457,0.2081104123833939,0.210505374784151
LOG_HLM,fus_GRM_late_attfp,1,5,782,0.08886555157816281,0.10897131644432943,0.20645771939264326,0.2092509706818742
LOG_HLM,fus_GRM_late_attfp,2,5,782,0.08588354359730435,0.13115397426451703,0.2081995717037277,0.2115831140775466
LOG_HLM,fus_GRM_late_attfp,3,5,782,0.09233903375504707,-0.0038816405406745785,0.20652248813730975,0.20988880733594656
LOG_HLM,fus_GRM_late_attfp,4,5,782,0.09005261221906687,0.07183041161705048,0.20854277866404392,0.21216759390944878
LOG_HLM,fus_GRM_late_lgbm,0,5,782,0.12289044747035563,0.055936779824707364,0.19256524570040456,0.19770283185856932
LOG_HLM,fus_GRM_late_lgbm,1,5,782,0.1264213561743421,0.21059849451065252,0.17912600238030052,0.183369350944139
LOG_HLM,fus_GRM_late_lgbm,2,5,782,0.12362828142043189,0.13487648399045746,0.195341261999807,0.20163264242609277
LOG_HLM,fus_GRM_late_lgbm,3,5,782,0.1253404530380979,0.12378974623213307,0.19001015015359737,0.19698231484712977
LOG_HLM,fus_GRM_late_lgbm,4,5,782,0.13758965370364643,0.1450643971553298,0.1787882066473927,0.18886037057654861
LOG_HLM,fus_GRM_late_rf,0,5,782,0.12985393016756416,0.12609067669362178,0.19468590876070085,0.2021848969909643
LOG_HLM,fus_GRM_late_rf,1,5,782,0.13524798703615848,0.2067465673828069,0.18019025914569353,0.18833889083737063
LOG_HLM,fus_GRM_late_rf,2,5,782,0.1263080671992398,0.16585556162545534,0.19772135750426661,0.20484912316261927
LOG_HLM,fus_GRM_late_rf,3,5,782,0.12740742577914493,0.12041595794378698,0.20118025772353287,0.20864391105859542
LOG_HLM,fus_GRM_late_rf,4,5,782,0.13826731590066396,0.15768217996838452,0.19176618955956223,0.20237219322448963
LOG_HLM,fus_GRS_early_attfp,0,5,782,0.23325355073838627,0.023884304248442085,0.1423450152008514,0.1281827834847453
LOG_HLM,fus_GRS_early_attfp,1,5,782,0.2489659620369796,0.13654552249248922,0.10253646147114476,0.12793055865510186
LOG_HLM,fus_GRS_early_attfp,2,5,782,0.26254215533074476,0.227051544889978,0.10380292016887502,0.11549524882057996
LOG_HLM,fus_GRS_early_attfp,3,5,782,0.24291162610111897,0.0894672695335988,0.13727833393597774,0.13286942160952148
LOG_HLM,fus_GRS_early_attfp,4,5,782,0.25731302283981683,0.137405950557572,0.10505411119810956,0.11806329304926719
LOG_HLM,fus_GRS_early_lgbm,0,5,782,0.14733069578764313,0.049461437344381076,0.14992386252774853,0.15949151313766308
LOG_HLM,fus_GRS_early_lgbm,1,5,782,0.17646968705530638,0.04100604828800127,0.13358717479402435,0.15307560949182236
LOG_HLM,fus_GRS_early_lgbm,2,5,782,0.16466092213632208,0.17952208982690857,0.13819285876177553,0.15188424363272038
LOG_HLM,fus_GRS_early_lgbm,3,5,782,0.1558348072745443,0.11570542141043334,0.15624093180720983,0.17210373939878415
LOG_HLM,fus_GRS_early_lgbm,4,5,782,0.19069438426523963,0.051829817892444445,0.11483783075164511,0.1338179894476535
LOG_HLM,fus_GRS_early_rf,0,5,782,0.1408297632255049,0.034081231483645655,0.15537216967789266,0.1641117562049309
LOG_HLM,fus_GRS_early_rf,1,5,782,0.15885405572564185,0.05733903964008275,0.14570729900127977,0.16088300110781317
LOG_HLM,fus_GRS_early_rf,2,5,782,0.15305550034609197,0.2030566601435828,0.14800060755391783,0.1566693380426536
LOG_HLM,fus_GRS_early_rf,3,5,782,0.14662182520423517,0.10411955223409368,0.16308829023949786,0.17609865728270852
LOG_HLM,fus_GRS_early_rf,4,5,782,0.15496772091300864,0.06236375084779837,0.14347631255487028,0.15500913749245931
LOG_HLM,fus_GRS_late_attfp,0,5,782,0.09971436901098225,0.009007654487637837,0.18717080667725075,0.19119507978866923
LOG_HLM,fus_GRS_late_attfp,1,5,782,0.10540853201628331,0.009684767608659021,0.18769288445238277,0.19412700815722414
LOG_HLM,fus_GRS_late_attfp,2,5,782,0.1066678228948346,0.05958542021446035,0.18568387374034453,0.1904523736716171
LOG_HLM,fus_GRS_late_attfp,3,5,782,0.10092892979080499,0.09481280312953211,0.19854617638706076,0.2019975967990718
LOG_HLM,fus_GRS_late_attfp,4,5,782,0.12561543269437156,0.06910355414336374,0.17076887980317054,0.17752221725492742
LOG_HLM,fus_GRS_late_lgbm,0,5,782,0.11504238419350592,-0.012783251956395106,0.18277838924779335,0.1872701756623426
LOG_HLM,fus_GRS_late_lgbm,1,5,782,0.11309699455410155,0.004575892680103497,0.18555489632502578,0.19018537179963543
LOG_HLM,fus_GRS_late_lgbm,2,5,782,0.11777305494768787,0.10498767821296943,0.1798158230587426,0.18733479456715652
LOG_HLM,fus_GRS_late_lgbm,3,5,782,0.11163054353543651,0.04941687775024028,0.18896390829258114,0.19475757814245742
LOG_HLM,fus_GRS_late_lgbm,4,5,782,0.13251719502943038,0.08311472107522548,0.17900742702718736,0.1850199652371752
LOG_HLM,fus_GRS_late_rf,0,5,782,0.11898832016600173,-0.028812237668354095,0.17840812056519947,0.18379576157006952
LOG_HLM,fus_GRS_late_rf,1,5,782,0.12017180571964176,0.0051891349289313595,0.18141738355137246,0.18709051196838605
LOG_HLM,fus_GRS_late_rf,2,5,782,0.12330854265958095,0.0884408213371104,0.17428918550554248,0.1819469775905995
LOG_HLM,fus_GRS_late_rf,3,5,782,0.11516428803900926,0.05064311916520891,0.186948975964314,0.19315476602212034
LOG_HLM,fus_GRS_late_rf,4,5,782,0.13653808129442588,0.07453676867839078,0.17421737631544967,0.18105006236918128
LOG_HLM,fus_GR_early_attfp,0,5,782,0.15179211355952707,0.0661716721433728,0.15508604301179552,0.1629523227355758
LOG_HLM,fus_GR_early_attfp,1,5,782,0.13486567292471258,0.06835415517849573,0.17936027743133234,0.18598578595822654
LOG_HLM,fus_GR_early_attfp,2,5,782,0.1628813704538474,0.030844738833281118,0.15057680031604326,0.16137308704272177
LOG_HLM,fus_GR_early_attfp,3,5,782,0.14267609329152534,-0.013681060203983835,0.17048471275477334,0.1797823480598266
LOG_HLM,fus_GR_early_attfp,4,5,782,0.14567316189636223,0.10487707589451839,0.16115062291231358,0.1704109589700471
LOG_HLM,fus_GR_early_lgbm,0,5,782,0.15314919134469696,0.05407729618402226,0.14672914706921136,0.15720230880633454
LOG_HLM,fus_GR_early_lgbm,1,5,782,0.16507723530171226,0.0060558763403633815,0.14965807173852297,0.15206031280453908
LOG_HLM,fus_GR_early_lgbm,2,5,782,0.15897779655620187,0.11134832454467881,0.15144733411017292,0.16256639210160995
LOG_HLM,fus_GR_early_lgbm,3,5,782,0.15540047620161074,0.06329143171059534,0.153086950399785,0.1658750762271058
LOG_HLM,fus_GR_early_lgbm,4,5,782,0.14483880190584333,0.0016064474003351797,0.16356546225979565,0.17222244003045245
LOG_HLM,fus_GR_early_rf,0,5,782,0.14668707227084624,0.03493759006177257,0.1532877197042754,0.16130907831468835
LOG_HLM,fus_GR_early_rf,1,5,782,0.1575858184129355,0.03051506018065976,0.14899537094687343,0.15796957472336984
LOG_HLM,fus_GR_early_rf,2,5,782,0.15160337274267055,0.1644354165467744,0.15878820924233164,0.16840966743889513
LOG_HLM,fus_GR_early_rf,3,5,782,0.1509921551904999,0.06460997955919819,0.15739380037137657,0.1694053963738608
LOG_HLM,fus_GR_early_rf,4,5,782,0.14195894796978006,0.02410884213670489,0.1638012645229531,0.1703550790499219
LOG_HLM,fus_GR_late_attfp,0,5,782,0.09443309077133552,0.028460560912735723,0.19280888279389033,0.19628745021922692
LOG_HLM,fus_GR_late_attfp,1,5,782,0.0974418442653819,0.0017975620929733785,0.19811164179574803,0.20144157378368466
LOG_HLM,fus_GR_late_attfp,2,5,782,0.09651778167340885,0.039666076933724405,0.19524328882535613,0.19934388428876734
LOG_HLM,fus_GR_late_attfp,3,5,782,0.09681790724302942,-0.0039359151463414,0.1988783996489179,0.20208639975911064
LOG_HLM,fus_GR_late_attfp,4,5,782,0.10667994724639036,0.044234752538414635,0.18996888829333317,0.19389117911929415
LOG_HLM,fus_GR_late_lgbm,0,5,782,0.12769317303980904,0.007218425292106158,0.1770387064273419,0.1834592069642715
LOG_HLM,fus_GR_late_lgbm,1,5,782,0.13591238479357023,0.077908452894949,0.1674705863933105,0.17402095489258645
LOG_HLM,fus_GR_late_lgbm,2,5,782,0.13594639600028915,0.0877092628753618,0.16775265324033506,0.17662023062700263
LOG_HLM,fus_GR_late_lgbm,3,5,782,0.1307634353982429,0.044363349250408475,0.1757738739694539,0.1834150593619156
LOG_HLM,fus_GR_late_lgbm,4,5,782,0.16229711194856755,0.07968134055401505,0.15972675603193182,0.17030091159764651
LOG_HLM,fus_GR_late_rf,0,5,782,0.13170421319260292,-0.024040943370648805,0.17098215002719264,0.17762015703936274
LOG_HLM,fus_GR_late_rf,1,5,782,0.12907055074154034,0.047818739145915445,0.1762350168156097,0.18116331370431962
LOG_HLM,fus_GR_late_rf,2,5,782,0.131927997879675,0.08313168638542985,0.17309011960475723,0.1808476114284401
LOG_HLM,fus_GR_late_rf,3,5,782,0.12620911415590033,0.026990858106631856,0.17989479635958847,0.18761463741035567
LOG_HLM,fus_GR_late_rf,4,5,782,0.15261425566389794,0.07615505548708264,0.16783806597849263,0.17760039034806255
LOG_HLM,lgbm,0,5,782,0.09923496686582448,0.10846518340512437,0.22004570907791074,0.22295702435717676
LOG_HLM,lgbm,1,5,782,0.10816867812081005,0.05567147371204179,0.21107282841463765,0.21372823284320472
LOG_HLM,lgbm,2,5,782,0.10289702570457432,0.036038419366658636,0.2150513648310542,0.21895900864707746
LOG_HLM,lgbm,3,5,782,0.09309373053411796,0.03034869187296816,0.22610085007037012,0.22988337212324841
LOG_HLM,lgbm,4,5,782,0.10322561681599074,-0.0018071374676211307,0.21408416455646617,0.2183942593143828
LOG_HLM,uni_G_attfp,0,5,782,0.14328683390419367,-0.02033143997379597,0.15980469418561494,0.16820178631791693
LOG_HLM,uni_G_attfp,1,5,782,0.15749234662326123,-0.01591760579969657,0.15102405391859114,0.16202199748453747
LOG_HLM,uni_G_attfp,2,5,782,0.15373686409661644,0.0652587380139748,0.16059090808053428,0.1708150319922155
LOG_HLM,uni_G_attfp,3,5,782,0.14773527802922515,0.0315393214731686,0.1627583515437597,0.17365619877476463
LOG_HLM,uni_G_attfp,4,5,782,0.145594174438822,-0.0564187046611525,0.17064774355649415,0.18042525924549985
LOG_HLM,uni_G_lgbm,0,5,782,0.1436007508352757,0.048758556724894306,0.15642114920403205,0.16378216823157493
LOG_HLM,uni_G_lgbm,1,5,782,0.15673429249151255,0.03113631710635984,0.1505376888890118,0.16145348875170534
LOG_HLM,uni_G_lgbm,2,5,782,0.15146640562772312,0.16562701609638042,0.15608996968940864,0.16555799027562845
LOG_HLM,uni_G_lgbm,3,5,782,0.14786673923817106,0.060284561548200694,0.15887378158866486,0.17056898905182588
LOG_HLM,uni_G_lgbm,4,5,782,0.14256682844162638,0.024223596284748922,0.1624066971940908,0.17077138439288445
LOG_HLM,uni_G_rf,0,5,782,0.14563402475921103,0.028794696759037383,0.1552298396626357,0.16369153258274638
LOG_HLM,uni_G_rf,1,5,782,0.15620393358697082,0.014118299366394565,0.1545444014467017,0.16382659412359643
LOG_HLM,uni_G_rf,2,5,782,0.15277127200629503,0.17154915017522449,0.1595680945280109,0.16979702142791125
LOG_HLM,uni_G_rf,3,5,782,0.1491479006704286,0.06530955702544454,0.15979959129757973,0.1717968686023615
LOG_HLM,uni_G_rf,4,5,782,0.1435833914182141,0.0070229675158462014,0.1655965419974368,0.17494992235116535
LOG_HLM,uni_M_lgbm,0,5,782,0.11458131136047194,0.08626222285745974,0.20703165816176003,0.21211738690605222
LOG_HLM,uni_M_lgbm,1,5,782,0.11804656917760752,0.15296895905440613,0.1985205417440518,0.2036579415012842
LOG_HLM,uni_M_lgbm,2,5,782,0.11272897746391862,0.12017904202397002,0.20901056239564902,0.2138275992904516
LOG_HLM,uni_M_lgbm,3,5,782,0.11259555220568054,0.05903070501197853,0.21358854461676324,0.21841644935613858
LOG_HLM,uni_M_lgbm,4,5,782,0.11893733916926108,0.11893864257148389,0.20276399257121433,0.20946486501241793
LOG_HLM,uni_M_rf,0,5,782,0.053247867883659226,0.03576743678104243,0.2687709202398996,0.269472165071395
LOG_HLM,uni_M_rf,1,5,782,0.049956966724481584,0.08985201187953125,0.2718756938514997,0.27208458602385655
LOG_HLM,uni_M_rf,2,5,782,0.050617049897070894,0.04666909601655409,0.2679024034077131,0.26804770822065477
LOG_HLM,uni_M_rf,3,5,782,0.04533110411098798,0.059873400394651326,0.2761887986780747,0.27652637569082616
LOG_HLM,uni_M_rf,4,5,782,0.04569242408115434,-0.01255490491086383,0.2784756754153998,0.27882007241598455
LOG_HLM,uni_R_lgbm,0,5,782,0.11052005086461533,-0.06690214324067965,0.1980068486386612,0.20101149929019377
LOG_HLM,uni_R_lgbm,1,5,782,0.10586092323157036,0.034696031329265645,0.20482125415859,0.20850594272575526
LOG_HLM,uni_R_lgbm,2,5,782,0.11150410947312138,0.0374950874688759,0.19498338683486416,0.1997104055130803
LOG_HLM,uni_R_lgbm,3,5,782,0.1072625140950418,0.03779927235148321,0.20371074316594406,0.20826724377058453
LOG_HLM,uni_R_lgbm,4,5,782,0.12361829507662445,0.05556332119657876,0.1930901217287735,0.197197221268668
LOG_HLM,uni_R_rf,0,5,782,0.05764564124088707,-0.037622112964465916,0.25679755740855725,0.2574627783560925
LOG_HLM,uni_R_rf,1,5,782,0.06441734006056948,0.03994030306886415,0.2456008946393719,0.2469603085211011
LOG_HLM,uni_R_rf,2,5,782,0.061898631662934654,-0.03703405202654111,0.2536939965785452,0.2541692474637735
LOG_HLM,uni_R_rf,3,5,782,0.059716158376930444,0.05095063946739974,0.2527253676992006,0.2534820901863316
LOG_HLM,uni_R_rf,4,5,782,0.06484767120627526,-0.007744691696494712,0.2464128768318553,0.24752242856137055
LOG_HLM,uni_S_lgbm,0,5,782,0.22560013864618772,-0.06909002296154174,0.15549116834868065,0.1496761446854426
LOG_HLM,uni_S_lgbm,1,5,782,0.2422306540934019,0.07089939897647807,0.11513350997032507,0.13655251925396847
LOG_HLM,uni_S_lgbm,2,5,782,0.27100974129100974,0.0934495441509729,0.09400413914647876,0.10935510384962906
LOG_HLM,uni_S_lgbm,3,5,782,0.24727832540528255,0.09216131121240914,0.11714494345123275,0.13081934032187886
LOG_HLM,uni_S_lgbm,4,5,782,0.26934030668794817,0.08572360033696198,0.10352834644738491,0.10672653733841814
LOG_HLM,uni_S_rf,0,5,782,0.21151493928497947,-0.04301250825512949,0.15598855296901307,0.15071053041578295
LOG_HLM,uni_S_rf,1,5,782,0.21454602089377459,0.09372333539917417,0.13686912384839256,0.14358570571673424
LOG_HLM,uni_S_rf,2,5,782,0.2495063806476229,0.054242198433107985,0.11368565581825871,0.11761578365685585
LOG_HLM,uni_S_rf,3,5,782,0.23242742091564178,0.12873740164843636,0.12309696703443088,0.13514540964166033
LOG_HLM,uni_S_rf,4,5,782,0.2367186851219904,0.09336583168786938,0.11330770205732413,0.1183242214616139
LOG_MBPB,chemeleon,0,5,451,0.07239836563408754,0.19876983903477202,0.06937654330635563,0.07616488709447353
LOG_MBPB,chemeleon,1,5,451,0.05980480791155496,0.08537277539626059,0.08173397343377263,0.08580894214583182
LOG_MBPB,chemeleon,2,5,451,0.06928824029289173,0.14412415715045976,0.07676029060634239,0.08338370131279314
LOG_MBPB,chemeleon,3,5,451,0.08716746432341627,0.11079923880044795,0.0602458736325174,0.06575325916887483
LOG_MBPB,chemeleon,4,5,451,0.06990940268792303,0.1684721720141982,0.07807990475111351,0.08304528349254006
LOG_MBPB,chemprop,0,5,451,0.06755343996033344,0.1269591484987626,0.09952171936394327,0.10471443910233785
LOG_MBPB,chemprop,1,5,451,0.06361979290006663,0.3127946653768149,0.10722218425416921,0.11127078751923891
LOG_MBPB,chemprop,2,5,451,0.07589936769447454,0.11142797810213678,0.09401457250245894,0.09807195286537362
LOG_MBPB,chemprop,3,5,451,0.06645773992364552,0.11735626492224967,0.10416549379663184,0.10806849282404453
LOG_MBPB,chemprop,4,5,451,0.058665119036076026,0.18370131572239587,0.1083704264450609,0.11256745562700358
LOG_MBPB,chemprop_st,0,5,451,0.06918041565240786,0.1679717271733782,0.1472524206376731,0.1494132099338002
LOG_MBPB,chemprop_st,1,5,451,0.08257897496307233,0.12054957541188831,0.1447687352859054,0.14707808697478408
LOG_MBPB,chemprop_st,2,5,451,0.07483436782245691,0.20849633761337147,0.15195146616993274,0.15363739570089216
LOG_MBPB,chemprop_st,3,5,451,0.05920132251934527,0.17544344705221937,0.1633524977330361,0.16597558160433926
LOG_MBPB,chemprop_st,4,5,451,0.08091017958009449,0.2802341560576346,0.1417214318571104,0.14421057796318473
LOG_MBPB,fus_GRMS_early_attfp,0,5,451,0.16169651322611275,0.14440642612570653,0.0891681999381859,0.08154288197036544
LOG_MBPB,fus_GRMS_early_attfp,1,5,451,0.16536597224343158,0.19886855051261199,0.0884128183459448,0.0844327280682413
LOG_MBPB,fus_GRMS_early_attfp,2,5,451,0.1515824437499891,0.15367804557991158,0.09493901219675802,0.09879415634925799
LOG_MBPB,fus_GRMS_early_attfp,3,5,451,0.13892150295073388,0.1624297832121219,0.08598994242532532,0.09501412873862275
LOG_MBPB,fus_GRMS_early_attfp,4,5,451,0.12155275749111956,0.1171247103617787,0.09617794061111078,0.10355316096958109
LOG_MBPB,fus_GRMS_early_lgbm,0,5,451,0.08514938440078718,0.3480628866844061,0.10690412832814353,0.10904439639430544
LOG_MBPB,fus_GRMS_early_lgbm,1,5,451,0.08818387147587521,0.16362492924279975,0.10379309379363966,0.10898092175456704
LOG_MBPB,fus_GRMS_early_lgbm,2,5,451,0.08547172139090424,0.22594590065043885,0.11408034753993555,0.11713729087340845
LOG_MBPB,fus_GRMS_early_lgbm,3,5,451,0.09074436976981166,0.373599258998013,0.10799815488124244,0.1127624055202778
LOG_MBPB,fus_GRMS_early_lgbm,4,5,451,0.08334921445560944,0.24897820588365718,0.11636613874575974,0.11857706153934905
LOG_MBPB,fus_GRMS_early_rf,0,5,451,0.0675408141490157,0.3196794084116204,0.13795438741792138,0.13856758127371294
LOG_MBPB,fus_GRMS_early_rf,1,5,451,0.07444113065085974,0.2533994710333199,0.12032116060008452,0.12235795416896897
LOG_MBPB,fus_GRMS_early_rf,2,5,451,0.07632190140369134,0.21867868530244147,0.12010468550240773,0.12215465436744742
LOG_MBPB,fus_GRMS_early_rf,3,5,451,0.08335340352159651,0.3846915070446627,0.12154098997868723,0.12514102672506291
LOG_MBPB,fus_GRMS_early_rf,4,5,451,0.07915624938426259,0.18978524987674078,0.124745066067038,0.1264309565314146
LOG_MBPB,fus_GRMS_late_attfp,0,5,451,0.067984547950054,0.2794690243343977,0.14412000861797966,0.145299946787653
LOG_MBPB,fus_GRMS_late_attfp,1,5,451,0.060960838345067034,0.12366617188897289,0.1559809878608102,0.1570319941677446
LOG_MBPB,fus_GRMS_late_attfp,2,5,451,0.05776561639215786,0.2469679516822049,0.15528592032170058,0.15519711428858252
LOG_MBPB,fus_GRMS_late_attfp,3,5,451,0.06523742003681217,0.11082784554562494,0.14814359666418217,0.1490209026643898
LOG_MBPB,fus_GRMS_late_attfp,4,5,451,0.05917713253042607,0.13552643598514016,0.15520386517606258,0.15619389749171947
LOG_MBPB,fus_GRMS_late_lgbm,0,5,451,0.1048645604499604,0.1571560604055326,0.11670259090328489,0.12386439994724259
LOG_MBPB,fus_GRMS_late_lgbm,1,5,451,0.10402898273107104,0.05920186988619518,0.1172657833561185,0.12342083643598878
LOG_MBPB,fus_GRMS_late_lgbm,2,5,451,0.09243996136882673,0.12710645502519574,0.14177810748433822,0.14507922940960769
LOG_MBPB,fus_GRMS_late_lgbm,3,5,451,0.10274924686803753,0.0831983203191126,0.13421102464535706,0.13831439093227924
LOG_MBPB,fus_GRMS_late_lgbm,4,5,451,0.09681720689916494,0.1397784712674532,0.1427460540339186,0.14599942599294533
LOG_MBPB,fus_GRMS_late_rf,0,5,451,0.10094392435919154,0.13949365007456518,0.11958250085062667,0.12566845456986794
LOG_MBPB,fus_GRMS_late_rf,1,5,451,0.1002751883112425,0.0611102256714268,0.12059220163644482,0.12567641030450166
LOG_MBPB,fus_GRMS_late_rf,2,5,451,0.08929740636053392,0.12806731793777007,0.14242586940946558,0.14547549908347954
LOG_MBPB,fus_GRMS_late_rf,3,5,451,0.09793360935088748,0.07505909403608371,0.1384655346996439,0.1424726937911926
LOG_MBPB,fus_GRMS_late_rf,4,5,451,0.09287161157823959,0.1390625320702694,0.14543993341067166,0.14832413775607883
LOG_MBPB,fus_GRM_early_attfp,0,5,451,0.07939589367598379,0.22650267341110303,0.17113578230551701,0.1720469229288684
LOG_MBPB,fus_GRM_early_attfp,1,5,451,0.08623575286774735,0.10202876814835364,0.18253083890286437,0.18542036910470341
LOG_MBPB,fus_GRM_early_attfp,2,5,451,0.0816173604130664,0.0961602067996247,0.1633783643190365,0.16457073975357062
LOG_MBPB,fus_GRM_early_attfp,3,5,451,0.07001703247213617,-0.08413389683061888,0.18667571389726878,0.1880330013492045
LOG_MBPB,fus_GRM_early_attfp,4,5,451,0.08674978106182953,0.10089062403503232,0.1588193899890848,0.16338152351470878
LOG_MBPB,fus_GRM_early_lgbm,0,5,451,0.07609121544068598,0.33807895957156403,0.12101124800440853,0.12183021741243286
LOG_MBPB,fus_GRM_early_lgbm,1,5,451,0.08438697019240567,0.19238510864248176,0.10221007129269694,0.1085202491210906
LOG_MBPB,fus_GRM_early_lgbm,2,5,451,0.0825163109895859,0.29112923820374964,0.10673695225515019,0.11015337096287295
LOG_MBPB,fus_GRM_early_lgbm,3,5,451,0.09006200255837535,0.43593761693394173,0.10883595789960473,0.11599211082101875
LOG_MBPB,fus_GRM_early_lgbm,4,5,451,0.0857669294121454,0.28298962828940316,0.11878540751460144,0.12155661708874371
LOG_MBPB,fus_GRM_early_rf,0,5,451,0.06873101511235911,0.33334382572509275,0.1366559191960857,0.13741837477793972
LOG_MBPB,fus_GRM_early_rf,1,5,451,0.07332991471134039,0.21856554829971112,0.11980679027805327,0.12296783519135955
LOG_MBPB,fus_GRM_early_rf,2,5,451,0.07802386800212928,0.2730248725572958,0.11363484836396621,0.11578753529835506
LOG_MBPB,fus_GRM_early_rf,3,5,451,0.08523481215521754,0.36707859130086595,0.11805822472603883,0.12242672417714953
LOG_MBPB,fus_GRM_early_rf,4,5,451,0.08193328038304167,0.20063891587205487,0.11955783655375538,0.12102774494342906
LOG_MBPB,fus_GRM_late_attfp,0,5,451,0.0589130805994118,0.2840528197461127,0.15636449589907542,0.15714613513586992
LOG_MBPB,fus_GRM_late_attfp,1,5,451,0.06067547374657854,0.20953963109547408,0.14984913205636446,0.15120522881172274
LOG_MBPB,fus_GRM_late_attfp,2,5,451,0.05327452422563052,0.21564641902739395,0.1575565560811698,0.15777662589638514
LOG_MBPB,fus_GRM_late_attfp,3,5,451,0.062424153909039375,0.22771086176186403,0.15242780412864693,0.15326424346324205
LOG_MBPB,fus_GRM_late_attfp,4,5,451,0.055927426234727955,0.14929970948905769,0.1612809857593815,0.16189061842134567
LOG_MBPB,fus_GRM_late_lgbm,0,5,451,0.0979289138414876,0.19767019745571787,0.11668786440776752,0.12150659455863595
LOG_MBPB,fus_GRM_late_lgbm,1,5,451,0.10020119858399754,0.06196298612079174,0.11418622406834539,0.12080012571754381
LOG_MBPB,fus_GRM_late_lgbm,2,5,451,0.09060044038765525,0.19196960273148148,0.13793543608733366,0.14220593967285686
LOG_MBPB,fus_GRM_late_lgbm,3,5,451,0.09458527548520201,0.1295110115938054,0.1301802748067723,0.1359620201612222
LOG_MBPB,fus_GRM_late_lgbm,4,5,451,0.09118848843481023,0.18170830469414845,0.13575650887397853,0.13801319835755432
LOG_MBPB,fus_GRM_late_rf,0,5,451,0.10091894996817388,0.1399608067543926,0.11967864849004661,0.1257973181265273
LOG_MBPB,fus_GRM_late_rf,1,5,451,0.10042778682823318,0.06197392299532661,0.12066240201759228,0.12577869350948875
LOG_MBPB,fus_GRM_late_rf,2,5,451,0.0892813611992329,0.1275995068610565,0.1424887529342522,0.14557174207238474
LOG_MBPB,fus_GRM_late_rf,3,5,451,0.09781282146698791,0.07700854073972203,0.13864563765666232,0.14260604034191265
LOG_MBPB,fus_GRM_late_rf,4,5,451,0.0928141690923468,0.13773306011311037,0.1454751653466298,0.1483414808621129
LOG_MBPB,fus_GRS_early_attfp,0,5,451,0.14568528393057348,0.15091986230166082,0.08925962826419899,0.09100413712420302
LOG_MBPB,fus_GRS_early_attfp,1,5,451,0.14584486982134234,0.14163159571495917,0.09948642547670228,0.10177043746369427
LOG_MBPB,fus_GRS_early_attfp,2,5,451,0.14753425952615737,0.22990194665962202,0.10468738747178986,0.11456490571340872
LOG_MBPB,fus_GRS_early_attfp,3,5,451,0.1551395049950343,0.09529767806567642,0.09109543500243873,0.08547706958987392
LOG_MBPB,fus_GRS_early_attfp,4,5,451,0.13947632288108233,0.1290497883099835,0.0919333506324196,0.09103421239022153
LOG_MBPB,fus_GRS_early_lgbm,0,5,451,0.0870565509317264,0.3817495633877608,0.10425800680917213,0.10693737646213115
LOG_MBPB,fus_GRS_early_lgbm,1,5,451,0.0859257917578587,0.18737647006459682,0.10161916851291206,0.10826837356192276
LOG_MBPB,fus_GRS_early_lgbm,2,5,451,0.08493649102457806,0.21140008446823347,0.11225199174963359,0.11531213340848626
LOG_MBPB,fus_GRS_early_lgbm,3,5,451,0.08870359032408084,0.367164547815479,0.10191880737404939,0.1057968539873595
LOG_MBPB,fus_GRS_early_lgbm,4,5,451,0.08172417040666602,0.2304639334466275,0.11358856172377081,0.11600376000700509
LOG_MBPB,fus_GRS_early_rf,0,5,451,0.06774411617519562,0.32794266858289267,0.13726852784593987,0.13798014049592291
LOG_MBPB,fus_GRS_early_rf,1,5,451,0.07378159681238582,0.25567878833599683,0.12146805152743151,0.1231417251665011
LOG_MBPB,fus_GRS_early_rf,2,5,451,0.07811754581861673,0.2296609386904981,0.11821367852665031,0.12031353679632306
LOG_MBPB,fus_GRS_early_rf,3,5,451,0.08358754214823264,0.39441307722437075,0.12088204531688959,0.12452155328626717
LOG_MBPB,fus_GRS_early_rf,4,5,451,0.0789920889029334,0.19193047630002583,0.12462783768803262,0.12585716313288894
LOG_MBPB,fus_GRS_late_attfp,0,5,451,0.06584756814322096,0.28823098997974567,0.15334046148029828,0.15440253739820067
LOG_MBPB,fus_GRS_late_attfp,1,5,451,0.06646765496709725,0.11569455893606255,0.14864069390901427,0.1505338723174154
LOG_MBPB,fus_GRS_late_attfp,2,5,451,0.06573250016760494,0.24514744634185556,0.14972151242297854,0.15088063643395477
LOG_MBPB,fus_GRS_late_attfp,3,5,451,0.058329085392764615,0.2073755115237786,0.14670747264259834,0.14805262608280048
LOG_MBPB,fus_GRS_late_attfp,4,5,451,0.05707780159731516,0.09194600035484166,0.15242380013445533,0.1542411090525533
LOG_MBPB,fus_GRS_late_lgbm,0,5,451,0.07875704456155105,0.23264164051899544,0.13871608697420312,0.13868604566408174
LOG_MBPB,fus_GRS_late_lgbm,1,5,451,0.08186499926862797,0.20785856912651784,0.14053676865038292,0.14112111466990776
LOG_MBPB,fus_GRS_late_lgbm,2,5,451,0.08206464766171696,0.24959479575876495,0.13905463779361077,0.13927281249463017
LOG_MBPB,fus_GRS_late_lgbm,3,5,451,0.08144894779673074,0.16796357561417377,0.12367211237232734,0.12382185332713067
LOG_MBPB,fus_GRS_late_lgbm,4,5,451,0.0652329452268226,0.2203226193901639,0.16000711279388874,0.1602298656693288
LOG_MBPB,fus_GRS_late_rf,0,5,451,0.08692821918372612,0.23329470266371144,0.12481725934974039,0.12581607114946025
LOG_MBPB,fus_GRS_late_rf,1,5,451,0.0845163518518965,0.18125885274765546,0.135634961777,0.13660634421629708
LOG_MBPB,fus_GRS_late_rf,2,5,451,0.08281520953083629,0.2412047199595575,0.13694688889317055,0.13778044903130324
LOG_MBPB,fus_GRS_late_rf,3,5,451,0.08350035047356756,0.2028630622193791,0.11648876523417359,0.11727941806099074
LOG_MBPB,fus_GRS_late_rf,4,5,451,0.06565256326087064,0.2469050068363999,0.15333458254943838,0.15396466889013627
LOG_MBPB,fus_GR_early_attfp,0,5,451,0.10403019064750589,0.20578759010065087,0.12230560808615899,0.1255428548663594
LOG_MBPB,fus_GR_early_attfp,1,5,451,0.1132353025217002,0.20184325992289393,0.10657007117661894,0.11034392174061725
LOG_MBPB,fus_GR_early_attfp,2,5,451,0.10009408796263919,0.299345322580426,0.1515022897813741,0.15485612141706445
LOG_MBPB,fus_GR_early_attfp,3,5,451,0.07022111197998604,0.14833532848730266,0.1635245004676669,0.16474717971345101
LOG_MBPB,fus_GR_early_attfp,4,5,451,0.08413591198334663,0.3005936455238068,0.12588935769419982,0.1280598751305565
LOG_MBPB,fus_GR_early_lgbm,0,5,451,0.07740855299455367,0.3411693868219909,0.1192884548403618,0.12156814367436217
LOG_MBPB,fus_GR_early_lgbm,1,5,451,0.07736336443966275,0.2219195228546268,0.10693454196330214,0.11146670014239503
LOG_MBPB,fus_GR_early_lgbm,2,5,451,0.07737226925295694,0.2956700220038269,0.11104246449439624,0.11183872022659298
LOG_MBPB,fus_GR_early_lgbm,3,5,451,0.0933783216224906,0.38547577149396367,0.10579673791418359,0.11077624775341538
LOG_MBPB,fus_GR_early_lgbm,4,5,451,0.08317010702903294,0.2127331389455186,0.12044372610407673,0.12229576396194251
LOG_MBPB,fus_GR_early_rf,0,5,451,0.07246830777787788,0.3424771465517373,0.13142546433489966,0.13247190850971266
LOG_MBPB,fus_GR_early_rf,1,5,451,0.07500266463344493,0.21037381472206657,0.11593269067190287,0.11992099353542245
LOG_MBPB,fus_GR_early_rf,2,5,451,0.07975221148502112,0.2711500403985556,0.1093281846792863,0.11201003271124928
LOG_MBPB,fus_GR_early_rf,3,5,451,0.08991664018372932,0.3974115755316198,0.11073597194451137,0.11685259833237985
LOG_MBPB,fus_GR_early_rf,4,5,451,0.08479349617170592,0.2111023952965951,0.11865352128072466,0.12100852869431164
LOG_MBPB,fus_GR_late_attfp,0,5,451,0.06813177376009348,0.2454083408357953,0.14488674799924203,0.14996873470283784
LOG_MBPB,fus_GR_late_attfp,1,5,451,0.054273995935906705,0.14193144684036935,0.15886640777973454,0.15914198450411393
LOG_MBPB,fus_GR_late_attfp,2,5,451,0.059617821212779025,0.28463503044604294,0.14444479866526383,0.14493211869021003
LOG_MBPB,fus_GR_late_attfp,3,5,451,0.05530501372365714,0.340460088140308,0.15082732472089103,0.15245090299121872
LOG_MBPB,fus_GR_late_attfp,4,5,451,0.04845319493824551,0.1445859864628522,0.16553820834704472,0.16631686754483652
LOG_MBPB,fus_GR_late_lgbm,0,5,451,0.06522927164549634,0.1974342782538999,0.14692164270425048,0.14798132752755888
LOG_MBPB,fus_GR_late_lgbm,1,5,451,0.061047694486138754,0.09617916925681366,0.14692073259075245,0.14828956250415326
LOG_MBPB,fus_GR_late_lgbm,2,5,451,0.07865910728541405,0.19653964359084697,0.12241702783490548,0.12496731931917411
LOG_MBPB,fus_GR_late_lgbm,3,5,451,0.07415159611693695,0.2056404430040264,0.12885096499626847,0.13043580980819988
LOG_MBPB,fus_GR_late_lgbm,4,5,451,0.06100279348549711,0.20767688869477824,0.14963705200941546,0.151264838477974
LOG_MBPB,fus_GR_late_rf,0,5,451,0.0659875649060243,0.27431256276399263,0.14835006453554242,0.1487439719036669
LOG_MBPB,fus_GR_late_rf,1,5,451,0.06267089311703579,0.10607596061245915,0.14939797309999828,0.15013276728433034
LOG_MBPB,fus_GR_late_rf,2,5,451,0.07585540563726414,0.2096331948750376,0.12780081356691195,0.12960322359591941
LOG_MBPB,fus_GR_late_rf,3,5,451,0.07752029568736173,0.24942659480269708,0.1253576486693096,0.127713785819772
LOG_MBPB,fus_GR_late_rf,4,5,451,0.06190030045010061,0.24094902285007272,0.15144908619332156,0.15256151707003032
LOG_MBPB,lgbm,0,5,451,0.09358166512547463,0.31183496286969853,0.11756473706541029,0.12169705662778871
LOG_MBPB,lgbm,1,5,451,0.0839487509149241,0.07545463819255124,0.1272156909038838,0.1333736375175001
LOG_MBPB,lgbm,2,5,451,0.09380696314217038,0.2477781917840559,0.1144353061664666,0.11932888844249377
LOG_MBPB,lgbm,3,5,451,0.08134535438129853,0.1663523118580178,0.13504975526004045,0.14031202566768305
LOG_MBPB,lgbm,4,5,451,0.08856109167162514,0.313131144194922,0.1197797510386193,0.12381474618666041
LOG_MBPB,uni_G_attfp,0,5,451,0.07831964886956312,0.3326770994795311,0.12909969592372555,0.13205074556269192
LOG_MBPB,uni_G_attfp,1,5,451,0.08457955557830327,0.28650457119294914,0.10806240347253566,0.11477872675744312
LOG_MBPB,uni_G_attfp,2,5,451,0.09170000577902566,0.2858218585092932,0.10314118861356641,0.1100912234306076
LOG_MBPB,uni_G_attfp,3,5,451,0.08851692699309108,0.34304443599340123,0.11899479349747197,0.1285200174433835
LOG_MBPB,uni_G_attfp,4,5,451,0.08904097832600733,0.24500710444884616,0.10898000523040074,0.11396527996333274
LOG_MBPB,uni_G_lgbm,0,5,451,0.07099915973867396,0.3205613720648469,0.13589318205434925,0.1365887562171011
LOG_MBPB,uni_G_lgbm,1,5,451,0.0743372358193941,0.19040694840477063,0.11835184302778226,0.12100698595262059
LOG_MBPB,uni_G_lgbm,2,5,451,0.07837385381024735,0.2861950144513528,0.11417120689921023,0.11502987680891597
LOG_MBPB,uni_G_lgbm,3,5,451,0.08674928904363718,0.3691118019182658,0.11782840070578707,0.12103165389201377
LOG_MBPB,uni_G_lgbm,4,5,451,0.08532773775053433,0.2170942988373712,0.12290892015088545,0.12396219535265524
LOG_MBPB,uni_G_rf,0,5,451,0.06968736326735339,0.3374771185784765,0.13591696419111687,0.13689548318495595
LOG_MBPB,uni_G_rf,1,5,451,0.07411177252320941,0.2220584659011303,0.11784810628326821,0.12218064903565411
LOG_MBPB,uni_G_rf,2,5,451,0.0814535730103702,0.30087002553066566,0.10929045668878085,0.11157328211873585
LOG_MBPB,uni_G_rf,3,5,451,0.08761270005049694,0.3845665941294593,0.11471962299346193,0.12000342138850507
LOG_MBPB,uni_G_rf,4,5,451,0.0845508834292011,0.20563948290989717,0.11769833077108313,0.1193887259908443
LOG_MBPB,uni_M_lgbm,0,5,451,0.09751179030934844,0.1231449181191303,0.12326993710548607,0.12961506036754095
LOG_MBPB,uni_M_lgbm,1,5,451,0.09758622848956232,0.0596370431967245,0.12387201396278585,0.12835373159976668
LOG_MBPB,uni_M_lgbm,2,5,451,0.08650835552680165,0.10516347657004788,0.14498501934924773,0.14802682984361662
LOG_MBPB,uni_M_lgbm,3,5,451,0.09552499962165197,0.05889613425358839,0.14087591282284745,0.14519086709263795
LOG_MBPB,uni_M_lgbm,4,5,451,0.09012740968855822,0.1191074919944489,0.14840133935373406,0.15138329426080763
LOG_MBPB,uni_M_rf,0,5,451,0.03682971704076305,0.10197667693563944,0.21292428208398506,0.21268973435070926
LOG_MBPB,uni_M_rf,1,5,451,0.0414084186745031,-0.047537810055483354,0.21284245372703509,0.2125688322559859
LOG_MBPB,uni_M_rf,2,5,451,0.036648591646334445,0.15016817005130093,0.2156489195360105,0.2152819026966082
LOG_MBPB,uni_M_rf,3,5,451,0.04109475170952134,0.08104572213063749,0.21329596527737069,0.21279519384648302
LOG_MBPB,uni_M_rf,4,5,451,0.04357331213152229,0.0853739454364935,0.20667417014628547,0.20648765308116973
LOG_MBPB,uni_R_lgbm,0,5,451,0.07226492817746998,0.34009706907803416,0.15495202817534648,0.1567054258668326
LOG_MBPB,uni_R_lgbm,1,5,451,0.06464261342873039,0.057115500451898525,0.1640909411577605,0.16560747412996663
LOG_MBPB,uni_R_lgbm,2,5,451,0.08472497137572288,0.26333832514482713,0.13834177220325064,0.1408821527586358
LOG_MBPB,uni_R_lgbm,3,5,451,0.07680893802616039,0.1190551075418927,0.13410971490015283,0.13801663402347975
LOG_MBPB,uni_R_lgbm,4,5,451,0.06837615715337857,0.21044175280990957,0.16109631566336832,0.16392944337062257
LOG_MBPB,uni_R_rf,0,5,451,0.04900768269806504,0.06165334202531737,0.16729981419136747,0.16741560662594784
LOG_MBPB,uni_R_rf,1,5,451,0.05767678446011082,0.009773946073001312,0.16250836726258944,0.16294945169285663
LOG_MBPB,uni_R_rf,2,5,451,0.04758486951482607,0.1578714801732858,0.1745720142538751,0.17471761105155428
LOG_MBPB,uni_R_rf,3,5,451,0.04884756928997873,0.05525993144846407,0.1672574901090786,0.16759692443630922
LOG_MBPB,uni_R_rf,4,5,451,0.048723683566059266,-0.008464844006978663,0.1722616370433353,0.17301113718494374
LOG_MBPB,uni_S_lgbm,0,5,451,0.13747100282161023,0.2598845583218469,0.10438879771740206,0.10802854959806898
LOG_MBPB,uni_S_lgbm,1,5,451,0.14485435521173745,0.159957399667872,0.1010228193189153,0.10829332499683587
LOG_MBPB,uni_S_lgbm,2,5,451,0.14128958098780472,0.30020590987850615,0.10963331617766037,0.11220096186622572
LOG_MBPB,uni_S_lgbm,3,5,451,0.12473085549836214,0.18917481698494307,0.10658013146443543,0.11027343169391993
LOG_MBPB,uni_S_lgbm,4,5,451,0.1267807681425007,0.21358519462571782,0.10803900004651175,0.110711458845063
LOG_MBPB,uni_S_rf,0,5,451,0.1335637809818076,0.2755558394972225,0.11037189812073789,0.1135544321622039
LOG_MBPB,uni_S_rf,1,5,451,0.13898159979655092,0.15345744718734836,0.11245263636781672,0.11718628292696925
LOG_MBPB,uni_S_rf,2,5,451,0.1342130791613908,0.30721651705395603,0.12211342102330443,0.12610621656974286
LOG_MBPB,uni_S_rf,3,5,451,0.11920211987379242,0.22732478504827217,0.11753512788065557,0.12080805839444132
LOG_MBPB,uni_S_rf,4,5,451,0.12354788341633205,0.22134625705877475,0.1136608957648351,0.11585993023140792
LOG_MGMB,chemeleon,0,5,209,0.07844683579439038,0.27591373697895394,0.08127380145648169,0.08578212541716865
LOG_MGMB,chemeleon,1,5,209,0.07636748040275451,0.2038801425331278,0.08701741980922476,0.09339089820931885
LOG_MGMB,chemeleon,2,5,209,0.07039976865302376,0.19154839569364157,0.09602205786245238,0.09871959603543344
LOG_MGMB,chemeleon,3,5,209,0.06639252354128711,0.0494652962489163,0.09432129273822942,0.09854101163177917
LOG_MGMB,chemeleon,4,5,209,0.06235030796008297,0.18364649268452454,0.09951842696907114,0.0999856067599458
LOG_MGMB,chemprop,0,5,209,0.06258577982495135,0.13273260797580266,0.11189049428644772,0.11383710056822835
LOG_MGMB,chemprop,1,5,209,0.05268793586210679,0.0034548975334149122,0.12593985164024155,0.12664080752254306
LOG_MGMB,chemprop,2,5,209,0.049236514828316286,-0.015539915775289577,0.12963945216593137,0.12929187398810615
LOG_MGMB,chemprop,3,5,209,0.05450998461679517,0.05009851498210313,0.12481444292598619,0.12709821439504398
LOG_MGMB,chemprop,4,5,209,0.049359457045559954,0.23535798899557092,0.12890991981421318,0.13004853902680646
LOG_MGMB,chemprop_st,0,5,209,0.060709470825518315,0.004556527282855335,0.24690316904947238,0.24799984667896321
LOG_MGMB,chemprop_st,1,5,209,0.054950698759147786,-0.034750382409125535,0.24240252288082104,0.24214696882939873
LOG_MGMB,chemprop_st,2,5,209,0.04896071781142755,-0.027587700719947254,0.2470203436581159,0.2472011047499825
LOG_MGMB,chemprop_st,3,5,209,0.07272730503278307,-0.19079961345360832,0.2311471234095986,0.23429126636065578
LOG_MGMB,chemprop_st,4,5,209,0.056657308977357414,-0.06491919112648471,0.24018004010862437,0.24195245828074172
LOG_MGMB,fus_GRMS_early_attfp,0,5,209,0.19015244709073356,0.06131847080148672,0.12948369507918625,0.10238392145080165
LOG_MGMB,fus_GRMS_early_attfp,1,5,209,0.2224549164617407,0.17004209203063533,0.11587886308691457,0.07473050265635386
LOG_MGMB,fus_GRMS_early_attfp,2,5,209,0.15512558374783145,0.06101403612755292,0.1125510353459838,0.1145299479176334
LOG_MGMB,fus_GRMS_early_attfp,3,5,209,0.17264851860990374,0.20295325618616383,0.09715434839028274,0.11188220008882148
LOG_MGMB,fus_GRMS_early_attfp,4,5,209,0.148580885173733,0.10294383213904194,0.11415212123316558,0.1116789043053716
LOG_MGMB,fus_GRMS_early_lgbm,0,5,209,0.11293585176099621,0.17881183680652457,0.11709227683699765,0.12072180465918791
LOG_MGMB,fus_GRMS_early_lgbm,1,5,209,0.12493004043890615,0.24840715624080875,0.0952562129083183,0.1108807091232577
LOG_MGMB,fus_GRMS_early_lgbm,2,5,209,0.11787679091724347,0.2632976255971375,0.09373342185431531,0.10448996206069965
LOG_MGMB,fus_GRMS_early_lgbm,3,5,209,0.12018725697456228,0.25422538565007247,0.08883673015230475,0.10599142695788781
LOG_MGMB,fus_GRMS_early_lgbm,4,5,209,0.1164208193959107,0.2910698968908233,0.09948935749419427,0.10669390941955888
LOG_MGMB,fus_GRMS_early_rf,0,5,209,0.09780271646781014,0.12788403281662183,0.13177391739183636,0.1326615453009917
LOG_MGMB,fus_GRMS_early_rf,1,5,209,0.11451376034862176,0.15370920013948777,0.10065955362021864,0.11372268003440268
LOG_MGMB,fus_GRMS_early_rf,2,5,209,0.09167107061309707,0.18394092221957595,0.10680313801415241,0.10809761459482814
LOG_MGMB,fus_GRMS_early_rf,3,5,209,0.09809912785531083,0.17195879327427804,0.10554912951916073,0.1118464118931385
LOG_MGMB,fus_GRMS_early_rf,4,5,209,0.11093638367041758,0.2469574804194192,0.09706039377393394,0.10371444253880473
LOG_MGMB,fus_GRMS_late_attfp,0,5,209,0.07663356097549699,0.15013886516535102,0.14636173723126658,0.1485064897778459
LOG_MGMB,fus_GRMS_late_attfp,1,5,209,0.07869808641323456,0.12836691233605213,0.14150272205717265,0.1421005824732702
LOG_MGMB,fus_GRMS_late_attfp,2,5,209,0.07181580578405791,0.16909937489049884,0.13531018803361702,0.1357982078487673
LOG_MGMB,fus_GRMS_late_attfp,3,5,209,0.11371010198782303,-0.028329793066218394,0.12128909271810097,0.12989237145424584
LOG_MGMB,fus_GRMS_late_attfp,4,5,209,0.07094323330873482,-0.03978522923776057,0.14386288994668184,0.1460127198317922
LOG_MGMB,fus_GRMS_late_lgbm,0,5,209,0.08827645050865324,0.2844903806288308,0.13416454206503767,0.1369312708959321
LOG_MGMB,fus_GRMS_late_lgbm,1,5,209,0.09959495144849591,0.06356411293939869,0.10987703320432006,0.11519896847078714
LOG_MGMB,fus_GRMS_late_lgbm,2,5,209,0.08950123462573016,0.2023163820962164,0.11393640351924293,0.1190833596702105
LOG_MGMB,fus_GRMS_late_lgbm,3,5,209,0.09440877273952507,0.20983858310335116,0.11700706647458245,0.11765385583866497
LOG_MGMB,fus_GRMS_late_lgbm,4,5,209,0.0867779975894587,0.12900208394334048,0.134310477885886,0.13694053274274212
LOG_MGMB,fus_GRMS_late_rf,0,5,209,0.09504425358406393,0.22626118615830962,0.12922623508204803,0.13392737014144732
LOG_MGMB,fus_GRMS_late_rf,1,5,209,0.10237881918751918,0.044056022493135914,0.11185847591976202,0.11753817886173626
LOG_MGMB,fus_GRMS_late_rf,2,5,209,0.08944348120729599,0.21847355262716756,0.11501528053453004,0.12198347138043274
LOG_MGMB,fus_GRMS_late_rf,3,5,209,0.09205891209607733,0.10763204543494269,0.12449014747475769,0.12862315044110992
LOG_MGMB,fus_GRMS_late_rf,4,5,209,0.0900376632650704,0.1523903239090527,0.13652416336601503,0.14071133282998569
LOG_MGMB,fus_GRM_early_attfp,0,5,209,0.13260974417990767,-0.04930156077848993,0.12036740268763753,0.12636160484963693
LOG_MGMB,fus_GRM_early_attfp,1,5,209,0.14546881992149147,0.1481050103990388,0.12225125753225556,0.1378331623578213
LOG_MGMB,fus_GRM_early_attfp,2,5,209,0.12875715043161426,0.22142020481769126,0.12648076998451388,0.13303002519267965
LOG_MGMB,fus_GRM_early_attfp,3,5,209,0.17037878854901417,0.12747297966240492,0.10724755132835409,0.12136107345464256
LOG_MGMB,fus_GRM_early_attfp,4,5,209,0.1534100995583037,0.3102925695669492,0.08792214169653739,0.09621006048345374
LOG_MGMB,fus_GRM_early_lgbm,0,5,209,0.09585255561662101,0.20048213112495494,0.14176757292975847,0.14382168919246818
LOG_MGMB,fus_GRM_early_lgbm,1,5,209,0.11541218848031878,0.26072502673544456,0.10648892848792024,0.11775590391558434
LOG_MGMB,fus_GRM_early_lgbm,2,5,209,0.10133433815989894,0.25890298250645294,0.10266155155272634,0.1074903558432031
LOG_MGMB,fus_GRM_early_lgbm,3,5,209,0.10815554050443722,0.2440610780740231,0.10665950121724795,0.11102192483068626
LOG_MGMB,fus_GRM_early_lgbm,4,5,209,0.12221528315110299,0.34510307320301803,0.08965873341219578,0.10130101020402424
LOG_MGMB,fus_GRM_early_rf,0,5,209,0.10744873114899849,0.18733462575868676,0.12842819516836046,0.12911505271836257
LOG_MGMB,fus_GRM_early_rf,1,5,209,0.12401176994651295,0.21944781621113246,0.09622102444450617,0.10945887922325985
LOG_MGMB,fus_GRM_early_rf,2,5,209,0.09683745047131223,0.13645738407371535,0.11100526007156729,0.11289298205914555
LOG_MGMB,fus_GRM_early_rf,3,5,209,0.10925119799412215,0.22951369236588165,0.10271515297185234,0.11238137376052082
LOG_MGMB,fus_GRM_early_rf,4,5,209,0.12644158481995507,0.29209786248986763,0.08574748160094237,0.09691876789219209
LOG_MGMB,fus_GRM_late_attfp,0,5,209,0.07562904950859424,0.02178293575744078,0.1436230727702837,0.1504553121118919
LOG_MGMB,fus_GRM_late_attfp,1,5,209,0.08140438713244649,0.17029851605799456,0.1341463073364764,0.13561540282683276
LOG_MGMB,fus_GRM_late_attfp,2,5,209,0.0771510547068757,0.28931312101693063,0.12689232225660127,0.13097095269093062
LOG_MGMB,fus_GRM_late_attfp,3,5,209,0.12073395343309072,0.20737391629324742,0.1174381849984057,0.12923942876504785
LOG_MGMB,fus_GRM_late_attfp,4,5,209,0.08054302433642002,-0.008836160457340113,0.13149488692824213,0.13816739637520686
LOG_MGMB,fus_GRM_late_lgbm,0,5,209,0.09867255139746878,0.2708774365643026,0.13051582623812638,0.13216416462109778
LOG_MGMB,fus_GRM_late_lgbm,1,5,209,0.11112964887261181,0.10060862361331209,0.09850112710457454,0.1027215834388214
LOG_MGMB,fus_GRM_late_lgbm,2,5,209,0.0963154418121929,0.2191002493563544,0.10993946599673035,0.1174869961187238
LOG_MGMB,fus_GRM_late_lgbm,3,5,209,0.10542012539237587,0.32296047663529803,0.11168093229498402,0.11452925498034233
LOG_MGMB,fus_GRM_late_lgbm,4,5,209,0.10343572561940366,0.17583248856344041,0.11678098580477976,0.12208880237930275
LOG_MGMB,fus_GRM_late_rf,0,5,209,0.09531577854333853,0.2176309407922264,0.1299506338766441,0.13478413044399848
LOG_MGMB,fus_GRM_late_rf,1,5,209,0.10256303516223947,0.04714189490002907,0.11157100009845089,0.11766344162717894
LOG_MGMB,fus_GRM_late_rf,2,5,209,0.08996859428713541,0.21840635857075963,0.11456730880617466,0.12188809939450848
LOG_MGMB,fus_GRM_late_rf,3,5,209,0.09221312288577983,0.1047719836876378,0.1236845545879256,0.127895099833607
LOG_MGMB,fus_GRM_late_rf,4,5,209,0.08933757584387801,0.14521699408961006,0.1379208652620764,0.14131198041354667
LOG_MGMB,fus_GRS_early_attfp,0,5,209,0.16008804184519781,0.021914601277545447,0.14033192295366792,0.10071814697190358
LOG_MGMB,fus_GRS_early_attfp,1,5,209,0.23038954777260395,0.10087498008973284,0.11420399270121831,0.06627066804049264
LOG_MGMB,fus_GRS_early_attfp,2,5,209,0.13905102021132745,0.0763344452738444,0.1391769626686777,0.13238355543310354
LOG_MGMB,fus_GRS_early_attfp,3,5,209,0.1835878041080214,0.04439004402091922,0.12151938223068624,0.09601183279617136
LOG_MGMB,fus_GRS_early_attfp,4,5,209,0.13506053595305187,0.015482595272511553,0.13614039477797152,0.11153670236907347
LOG_MGMB,fus_GRS_early_lgbm,0,5,209,0.11531975978575637,0.16304078911039896,0.1079023878235087,0.11250676758700578
LOG_MGMB,fus_GRS_early_lgbm,1,5,209,0.12173172569591757,0.15194096476487273,0.0838391450210182,0.0995164038115674
LOG_MGMB,fus_GRS_early_lgbm,2,5,209,0.10422500348383605,0.2566029827265933,0.09592774169110636,0.0998530235921535
LOG_MGMB,fus_GRS_early_lgbm,3,5,209,0.11215375921175975,0.3777597709302148,0.08434152364377172,0.09372465601582029
LOG_MGMB,fus_GRS_early_lgbm,4,5,209,0.12917155360395635,0.355596912126109,0.08008699313899668,0.08910401274194336
LOG_MGMB,fus_GRS_early_rf,0,5,209,0.10070500322850211,0.1443145989117111,0.1319233899648476,0.133536488002657
LOG_MGMB,fus_GRS_early_rf,1,5,209,0.11962036094068876,0.24027387713673412,0.0999163273781176,0.10908330097121162
LOG_MGMB,fus_GRS_early_rf,2,5,209,0.09522919409128561,0.17612923271524644,0.10026640762695464,0.10075950031879947
LOG_MGMB,fus_GRS_early_rf,3,5,209,0.10129695033239877,0.25803670583454885,0.10077327242861393,0.10495300310824887
LOG_MGMB,fus_GRS_early_rf,4,5,209,0.11471723377413857,0.24417459833876454,0.09374834076514475,0.101579431038339
LOG_MGMB,fus_GRS_late_attfp,0,5,209,0.09177872251855404,0.014842286460997747,0.13510030325784078,0.13796373407335152
LOG_MGMB,fus_GRS_late_attfp,1,5,209,0.11397023526919647,0.08843049787212713,0.1240977905571555,0.1264932389694753
LOG_MGMB,fus_GRS_late_attfp,2,5,209,0.10549859696879232,0.28112073402577464,0.11094933309095087,0.11552599069660957
LOG_MGMB,fus_GRS_late_attfp,3,5,209,0.161199189155522,0.06262753699619536,0.08603360143958401,0.11236342699096273
LOG_MGMB,fus_GRS_late_attfp,4,5,209,0.08474182856542953,0.05888269225288306,0.1309261724984632,0.13313963328439907
LOG_MGMB,fus_GRS_late_lgbm,0,5,209,0.09797992051368777,0.14443462650346978,0.13177149021049483,0.13468010972075323
LOG_MGMB,fus_GRS_late_lgbm,1,5,209,0.11359911434651739,0.19042622148836727,0.11825731524373961,0.12116802019542644
LOG_MGMB,fus_GRS_late_lgbm,2,5,209,0.11036672454578697,0.21779766720893853,0.110045110281815,0.11537203080562677
LOG_MGMB,fus_GRS_late_lgbm,3,5,209,0.11727481239144485,0.338859078145832,0.10383412315568326,0.1101236718067123
LOG_MGMB,fus_GRS_late_lgbm,4,5,209,0.09310249147867149,0.15079631587253242,0.14333995574865113,0.14756380799672386
LOG_MGMB,fus_GRS_late_rf,0,5,209,0.0860717731845018,0.2376769268736129,0.14456459198419488,0.14371538913693113
LOG_MGMB,fus_GRS_late_rf,1,5,209,0.10095394444350035,0.2202888666142657,0.13476964248486697,0.13578794966094243
LOG_MGMB,fus_GRS_late_rf,2,5,209,0.10392252512325344,0.2876665073637492,0.11932343437407932,0.12343396891736921
LOG_MGMB,fus_GRS_late_rf,3,5,209,0.09962505827322737,0.3342458089059786,0.12587032627195358,0.13117990597832926
LOG_MGMB,fus_GRS_late_rf,4,5,209,0.08828126913650813,0.17711676635715928,0.15045372215934574,0.15353468935938577
LOG_MGMB,fus_GR_early_attfp,0,5,209,0.076190277817491,0.02995112303234637,0.18140048591701402,0.18110909180091925
LOG_MGMB,fus_GR_early_attfp,1,5,209,0.11551836383969089,0.29155086138232333,0.17725013786981506,0.18337976014785348
LOG_MGMB,fus_GR_early_attfp,2,5,209,0.09994234344486787,0.16092684268217577,0.1776747615964218,0.1784288933481222
LOG_MGMB,fus_GR_early_attfp,3,5,209,0.15040927933765075,0.22458824703785907,0.14678407233420662,0.1535922729518488
LOG_MGMB,fus_GR_early_attfp,4,5,209,0.09027688249575128,0.21048842277391286,0.17430549011057472,0.17659484395516908
LOG_MGMB,fus_GR_early_lgbm,0,5,209,0.10265469720266121,0.2663350285480897,0.14413009354546866,0.14924220823457407
LOG_MGMB,fus_GR_early_lgbm,1,5,209,0.11911233807885718,0.25214826604199386,0.09837177549602978,0.1099585521966414
LOG_MGMB,fus_GR_early_lgbm,2,5,209,0.10506584905910285,0.27882702283576216,0.09556192274242681,0.10233119910241124
LOG_MGMB,fus_GR_early_lgbm,3,5,209,0.11365057140600353,0.3703755554491339,0.10527731916209021,0.11048213350008942
LOG_MGMB,fus_GR_early_lgbm,4,5,209,0.1247945973759483,0.39749640564446437,0.0964403337019586,0.10370227039828278
LOG_MGMB,fus_GR_early_rf,0,5,209,0.08955061941877615,0.15138637182547873,0.15162843458893613,0.15146822148579725
LOG_MGMB,fus_GR_early_rf,1,5,209,0.11111319243638922,0.2747569655348989,0.11350217648891144,0.12095179449140556
LOG_MGMB,fus_GR_early_rf,2,5,209,0.09037867525682591,0.19309283108587355,0.11138025470668543,0.11339410683612156
LOG_MGMB,fus_GR_early_rf,3,5,209,0.10222431747836622,0.28884230136309136,0.10757780555152352,0.10969994959452503
LOG_MGMB,fus_GR_early_rf,4,5,209,0.11038185383740759,0.26937929706499497,0.10209228357345218,0.1058541446053721
LOG_MGMB,fus_GR_late_attfp,0,5,209,0.08538944094579669,0.06297624633117156,0.14051596996082086,0.14488482235532232
LOG_MGMB,fus_GR_late_attfp,1,5,209,0.09737296769271707,0.15027199729525173,0.12665208534329364,0.12838579866620117
LOG_MGMB,fus_GR_late_attfp,2,5,209,0.09829109724857749,0.19620244382073612,0.11323093602856839,0.11676723223607613
LOG_MGMB,fus_GR_late_attfp,3,5,209,0.139749826572142,0.1783260086894989,0.09505449843589761,0.11286342952655223
LOG_MGMB,fus_GR_late_attfp,4,5,209,0.08312286189918051,0.14158086019537042,0.13066175415159537,0.136164923662243
LOG_MGMB,fus_GR_late_lgbm,0,5,209,0.09457214455110398,0.131110174206485,0.13666868060105136,0.13876230003986278
LOG_MGMB,fus_GR_late_lgbm,1,5,209,0.11170753115713057,0.1528541700234909,0.1238382075412474,0.1271165981684237
LOG_MGMB,fus_GR_late_lgbm,2,5,209,0.11229500345542724,0.2354636199452054,0.10979948983996839,0.11564987108761045
LOG_MGMB,fus_GR_late_lgbm,3,5,209,0.11727386753788475,0.3138600542531073,0.10667226679066621,0.11294623808970343
LOG_MGMB,fus_GR_late_lgbm,4,5,209,0.0950955715123044,0.15447599700348974,0.1441953416183745,0.14805477826585992
LOG_MGMB,fus_GR_late_rf,0,5,209,0.08414656151128105,0.2344021198920376,0.14744324801297876,0.1466436547521435
LOG_MGMB,fus_GR_late_rf,1,5,209,0.10052105866746966,0.21581630342803765,0.1354410161472213,0.13647657735934343
LOG_MGMB,fus_GR_late_rf,2,5,209,0.1042403380501627,0.26732427285856314,0.12004241677275987,0.12383738516697111
LOG_MGMB,fus_GR_late_rf,3,5,209,0.09963806238433885,0.3294812717192262,0.12673525228931676,0.13248100573437152
LOG_MGMB,fus_GR_late_rf,4,5,209,0.08812727915987206,0.170635154960461,0.15173368235430076,0.15474972975966392
LOG_MGMB,lgbm,0,5,209,0.07818801290565892,0.29690690607124914,0.20634570662340773,0.20876923045463228
LOG_MGMB,lgbm,1,5,209,0.08809962841490108,-0.017154549953867042,0.24129328658804466,0.2421891177169452
LOG_MGMB,lgbm,2,5,209,0.09296387078763894,0.40873726656875764,0.1772291063173547,0.17801380398303956
LOG_MGMB,lgbm,3,5,209,0.0874800430138455,0.2857245851323105,0.2124642252566718,0.21429998555508276
LOG_MGMB,lgbm,4,5,209,0.09258332266485392,0.11824498969751676,0.19120556384837814,0.19322321033590012
LOG_MGMB,uni_G_attfp,0,5,209,0.1349227682503955,-0.05360909582418163,0.10852966742131487,0.12480969454624362
LOG_MGMB,uni_G_attfp,1,5,209,0.19245090028192238,0.24265416773721013,0.07145473686951198,0.0897315068451905
LOG_MGMB,uni_G_attfp,2,5,209,0.13350991638409807,0.2029588798905773,0.09179044837648201,0.11566941954751729
LOG_MGMB,uni_G_attfp,3,5,209,0.18283436182864204,-0.05503412167370309,0.11539861976229225,0.13041926478418953
LOG_MGMB,uni_G_attfp,4,5,209,0.12972256304759505,0.09967526504586412,0.0804968292563736,0.09934914709533176
LOG_MGMB,uni_G_lgbm,0,5,209,0.13452909956057488,0.34521670484539363,0.15447497578488364,0.1584501871276866
LOG_MGMB,uni_G_lgbm,1,5,209,0.13547587263653466,0.20730720482974374,0.08685255550802516,0.09331253991070453
LOG_MGMB,uni_G_lgbm,2,5,209,0.12261698247629584,0.34233642643640116,0.10492972058725651,0.11317212676369247
LOG_MGMB,uni_G_lgbm,3,5,209,0.12290358113759803,0.3081044267009759,0.10558288457707049,0.11092298884787671
LOG_MGMB,uni_G_lgbm,4,5,209,0.1552112838148238,0.3209210726573931,0.0733426427245926,0.08285592211949092
LOG_MGMB,uni_G_rf,0,5,209,0.11091423541478262,0.28045346907148305,0.15041466422710825,0.15160494970061805
LOG_MGMB,uni_G_rf,1,5,209,0.11864033745737723,0.07542934628490527,0.08959538910969932,0.10677322391802282
LOG_MGMB,uni_G_rf,2,5,209,0.11092562690187646,0.25208364164020064,0.09720977518116466,0.10310452809769849
LOG_MGMB,uni_G_rf,3,5,209,0.11772216892158036,0.22842306776307963,0.09753306103629682,0.10402325831690534
LOG_MGMB,uni_G_rf,4,5,209,0.12089499935203524,0.17170693752362548,0.1011694063290537,0.09981420108599631
LOG_MGMB,uni_M_lgbm,0,5,209,0.10647825789062475,0.22219803481662048,0.12508609077310695,0.12994030139086715
LOG_MGMB,uni_M_lgbm,1,5,209,0.10957136613758277,0.0879094003833175,0.10577511864733667,0.1129990927697948
LOG_MGMB,uni_M_lgbm,2,5,209,0.09826857773251468,0.1999563002750179,0.11065589819371899,0.11671337075196851
LOG_MGMB,uni_M_lgbm,3,5,209,0.10335403655273052,0.12710272822514973,0.11684874229527531,0.12173289161523493
LOG_MGMB,uni_M_lgbm,4,5,209,0.098282772121268,0.15218452763243756,0.1306794209108379,0.13611453810082752
LOG_MGMB,uni_M_rf,0,5,209,0.05405589207584203,0.09568594848335697,0.18538325438784403,0.18461286112654882
LOG_MGMB,uni_M_rf,1,5,209,0.06974437942805106,-0.0379082015929117,0.17063843250379024,0.17182832878252768
LOG_MGMB,uni_M_rf,2,5,209,0.06212977248458447,0.10724696169607728,0.1769115585980632,0.17647447365881078
LOG_MGMB,uni_M_rf,3,5,209,0.05548524873887386,-0.03963361576202318,0.1746195714620474,0.17454055394803658
LOG_MGMB,uni_M_rf,4,5,209,0.05763615282006087,0.05531397246376317,0.17347863019972126,0.17284244142560432
LOG_MGMB,uni_R_lgbm,0,5,209,0.0801055753957575,0.24942185456365823,0.14858022344891114,0.14732472204810587
LOG_MGMB,uni_R_lgbm,1,5,209,0.0960411095095581,0.26419519521665386,0.13647928586002128,0.13943910898603734
LOG_MGMB,uni_R_lgbm,2,5,209,0.09652768549222776,0.3205037437953982,0.12729349322206487,0.13063971050737788
LOG_MGMB,uni_R_lgbm,3,5,209,0.0955368567227411,0.3609344495737729,0.1293162289478244,0.13313145409424423
LOG_MGMB,uni_R_lgbm,4,5,209,0.08304818848174815,0.21310920559256963,0.15267360997760368,0.15613958349394025
LOG_MGMB,uni_R_rf,0,5,209,0.06365866620713534,0.24986316307279996,0.1694251247667245,0.16912864774480157
LOG_MGMB,uni_R_rf,1,5,209,0.07273785276899608,0.22141790931378313,0.17125271931885375,0.17030846029035077
LOG_MGMB,uni_R_rf,2,5,209,0.06720353548995851,0.06782249509943733,0.16818864773383024,0.16807494586640415
LOG_MGMB,uni_R_rf,3,5,209,0.07226409702997996,0.3657339417044211,0.15068049016264828,0.14964537953108054
LOG_MGMB,uni_R_rf,4,5,209,0.07070136359336146,0.2306948119930324,0.15497290945448583,0.15422510745390572
LOG_MGMB,uni_S_lgbm,0,5,209,0.14522927902249602,-0.039172589644409846,0.14974723675039905,0.13532027933621388
LOG_MGMB,uni_S_lgbm,1,5,209,0.1604806045655072,0.0963393724835376,0.13274560247314957,0.12472863570094977
LOG_MGMB,uni_S_lgbm,2,5,209,0.17830937895058652,0.13835456487359138,0.09983482811936505,0.10653066589559412
LOG_MGMB,uni_S_lgbm,3,5,209,0.17046010407306203,0.050425979831786226,0.12835735289458278,0.10587898643628774
LOG_MGMB,uni_S_lgbm,4,5,209,0.15244213637121903,0.2320991384040375,0.11253791995655539,0.1193258361511837
LOG_MGMB,uni_S_rf,0,5,209,0.1466741278058222,-0.02268725073048467,0.16375298540930294,0.14382988745305872
LOG_MGMB,uni_S_rf,1,5,209,0.18237702636236724,0.05035791962188915,0.12792758130150575,0.10220766242118749
LOG_MGMB,uni_S_rf,2,5,209,0.16445507650781763,0.05708585756303006,0.11818307403279296,0.11428289384582438
LOG_MGMB,uni_S_rf,3,5,209,0.14099823713141868,0.2767627852248018,0.12873275281867236,0.14111837713658765
LOG_MGMB,uni_S_rf,4,5,209,0.18011876125475126,0.10067606817650226,0.11505721456555845,0.10471575938731106
LOG_MLM,chemeleon,0,5,1170,0.17878657218653238,0.14001518784147723,0.18716591081739822,0.19710611203879294
LOG_MLM,chemeleon,1,5,1170,0.1713247976444548,0.15703614670040353,0.2020193990061268,0.2099409543037951
LOG_MLM,chemeleon,2,5,1170,0.1625311340452844,0.0731133922586941,0.1926174664996595,0.20452303609111827
LOG_MLM,chemeleon,3,5,1170,0.17596396962119856,0.10216119581490536,0.19960118839908067,0.21109090816395276
LOG_MLM,chemeleon,4,5,1170,0.22040533481366256,0.07853250537980284,0.15605243404193736,0.16711342277419608
LOG_MLM,chemprop,0,5,1170,0.14479863750590524,0.10438208183794159,0.2707813247877068,0.2751545251076991
LOG_MLM,chemprop,1,5,1170,0.124324375334237,0.04297262598925921,0.2814611660803519,0.2833595914175505
LOG_MLM,chemprop,2,5,1170,0.12676643216824296,0.05972627263126118,0.2812465422443071,0.2843186069557018
LOG_MLM,chemprop,3,5,1170,0.11478191422365576,0.13110939500733632,0.3000115143128616,0.3021446468208766
LOG_MLM,chemprop,4,5,1170,0.1635628141179431,0.06665810671877336,0.24783561180612498,0.2516827387540891
LOG_MLM,chemprop_st,0,5,1170,0.15765291455115604,0.12069311172931388,0.2578774127714683,0.26541952179449885
LOG_MLM,chemprop_st,1,5,1170,0.1580154986249743,0.1306732799969732,0.25986986518770033,0.2649974976266672
LOG_MLM,chemprop_st,2,5,1170,0.13291884013325056,0.11517804583980963,0.27944484658969365,0.28267539764634975
LOG_MLM,chemprop_st,3,5,1170,0.12978625074652783,0.07804530913871065,0.27964892593738444,0.2835157055022719
LOG_MLM,chemprop_st,4,5,1170,0.1611377495647885,-0.009064262149293375,0.2503240488965862,0.2598720803953009
LOG_MLM,fus_GRMS_early_attfp,0,5,1170,0.28149861395567755,0.21721342735716018,0.13102478955997587,0.15593260175290674
LOG_MLM,fus_GRMS_early_attfp,1,5,1170,0.3181822475203666,0.11318146016549958,0.15172515410352383,0.1392959821506696
LOG_MLM,fus_GRMS_early_attfp,2,5,1170,0.2856854566493115,0.20475959699025575,0.1747460059943823,0.19362047134516203
LOG_MLM,fus_GRMS_early_attfp,3,5,1170,0.2785955167971333,0.1734689887712791,0.1443058885565906,0.16421999096809084
LOG_MLM,fus_GRMS_early_attfp,4,5,1170,0.28243500855284326,0.1833620512432123,0.16768649625154142,0.19358660129833594
LOG_MLM,fus_GRMS_early_lgbm,0,5,1170,0.20849335162811747,0.17475088311407636,0.19505186203266647,0.20427790091644304
LOG_MLM,fus_GRMS_early_lgbm,1,5,1170,0.18491630757792782,0.09989818262605236,0.19702459682768078,0.20947857674676357
LOG_MLM,fus_GRMS_early_lgbm,2,5,1170,0.18040450048776477,0.06112228373203814,0.21797387406219487,0.22791799445466546
LOG_MLM,fus_GRMS_early_lgbm,3,5,1170,0.2065883489648975,0.11962317887142743,0.19328833475060886,0.20897470061305085
LOG_MLM,fus_GRMS_early_lgbm,4,5,1170,0.20381322686560605,0.10028980521866217,0.1846581473401346,0.19616219795593445
LOG_MLM,fus_GRMS_early_rf,0,5,1170,0.16132064207254837,0.07620652477434688,0.23280187167766386,0.23884784582902585
LOG_MLM,fus_GRMS_early_rf,1,5,1170,0.16257918301364047,0.0934766678316939,0.21915370041242124,0.2270016879261242
LOG_MLM,fus_GRMS_early_rf,2,5,1170,0.15028593845007793,0.09455878572479676,0.23610408607901187,0.24341206047170733
LOG_MLM,fus_GRMS_early_rf,3,5,1170,0.17784320478000154,0.0567991209922266,0.21638009662041457,0.22520220217339315
LOG_MLM,fus_GRMS_early_rf,4,5,1170,0.17581956499838408,0.07392769260242847,0.2123515424374762,0.2209484600303477
LOG_MLM,fus_GRMS_late_attfp,0,5,1170,0.11268052687719143,0.14420850863332677,0.2658071157204063,0.2711291531917611
LOG_MLM,fus_GRMS_late_attfp,1,5,1170,0.11471032092639553,0.12123003128766886,0.26421020006433826,0.26943494474792745
LOG_MLM,fus_GRMS_late_attfp,2,5,1170,0.10277237746689054,0.11931480056823413,0.28270288387707343,0.28711328317194973
LOG_MLM,fus_GRMS_late_attfp,3,5,1170,0.10967412128744083,0.043732070788824476,0.27270138798399235,0.27820597095498456
LOG_MLM,fus_GRMS_late_attfp,4,5,1170,0.10206432023086684,0.04231209123682597,0.27541888191604963,0.28035057810563035
LOG_MLM,fus_GRMS_late_lgbm,0,5,1170,0.14541940948736337,0.03119398951528749,0.2592419424572876,0.264082740860362
LOG_MLM,fus_GRMS_late_lgbm,1,5,1170,0.17918267810906868,0.13296946649308175,0.23397965382316388,0.24294705037415026
LOG_MLM,fus_GRMS_late_lgbm,2,5,1170,0.15868475479397057,0.13869217102284814,0.2529018403851964,0.258911250383253
LOG_MLM,fus_GRMS_late_lgbm,3,5,1170,0.1503181981352463,0.08349475829795039,0.24145819782397687,0.24846387842142945
LOG_MLM,fus_GRMS_late_lgbm,4,5,1170,0.16082726346894619,0.056613459465796885,0.2374697946183428,0.24400481814763292
LOG_MLM,fus_GRMS_late_rf,0,5,1170,0.14848291448457476,0.028268032039218054,0.2589233373046462,0.2633278892368964
LOG_MLM,fus_GRMS_late_rf,1,5,1170,0.18057787021817903,0.11555360959622821,0.234145886747719,0.2431217576859177
LOG_MLM,fus_GRMS_late_rf,2,5,1170,0.16170931083215867,0.12383763174714574,0.24953874641066096,0.25667874888149317
LOG_MLM,fus_GRMS_late_rf,3,5,1170,0.15664332151084337,0.05853162154670366,0.23740365790264273,0.24428087783871352
LOG_MLM,fus_GRMS_late_rf,4,5,1170,0.16331958745304215,0.04305958953839136,0.23574847385290043,0.2423594944179853
LOG_MLM,fus_GRM_early_attfp,0,5,1170,0.1653210501118833,0.09581803231448362,0.22245645581342025,0.22973875389810516
LOG_MLM,fus_GRM_early_attfp,1,5,1170,0.18805291497122195,-0.006560116487343776,0.1914208506223389,0.2046620290530497
LOG_MLM,fus_GRM_early_attfp,2,5,1170,0.2158367200097079,0.09228657008208267,0.17834191409772188,0.19747900888784642
LOG_MLM,fus_GRM_early_attfp,3,5,1170,0.17103552992720805,-0.008449807030955834,0.23304435281534047,0.24149255207129328
LOG_MLM,fus_GRM_early_attfp,4,5,1170,0.21016418868822676,0.08017129633528589,0.17207207797707041,0.18816009578888832
LOG_MLM,fus_GRM_early_lgbm,0,5,1170,0.17240150851878797,0.00454801879593041,0.2263485597220347,0.23408638384534414
LOG_MLM,fus_GRM_early_lgbm,1,5,1170,0.17749481197406894,0.05789435145507103,0.20649467709009503,0.2166460839281465
LOG_MLM,fus_GRM_early_lgbm,2,5,1170,0.16856149118181266,0.06962580656959598,0.22626743945289432,0.2360242265260298
LOG_MLM,fus_GRM_early_lgbm,3,5,1170,0.17204810383642136,0.05126772233133844,0.22470491916188795,0.23259117745929397
LOG_MLM,fus_GRM_early_lgbm,4,5,1170,0.18321923980608837,0.012707435331695811,0.20699239593875293,0.21704827855714345
LOG_MLM,fus_GRM_early_rf,0,5,1170,0.16123798545325962,0.010480415638749975,0.23724147511806717,0.24172220644485798
LOG_MLM,fus_GRM_early_rf,1,5,1170,0.1721191331424951,0.06346570865865685,0.2126971100054536,0.22154937936886251
LOG_MLM,fus_GRM_early_rf,2,5,1170,0.1548623372194838,0.07008937218488964,0.23458500635896257,0.2412100733806058
LOG_MLM,fus_GRM_early_rf,3,5,1170,0.1717939985537947,0.04638630031517763,0.22781297699385603,0.23400818489121347
LOG_MLM,fus_GRM_early_rf,4,5,1170,0.16826424435035808,0.026950161735935847,0.22177179475705253,0.23049710853747485
LOG_MLM,fus_GRM_late_attfp,0,5,1170,0.09965667423755288,0.13344784147018432,0.27940283786573605,0.2827746818450236
LOG_MLM,fus_GRM_late_attfp,1,5,1170,0.10977198503106521,0.09592100488090538,0.26667635290264224,0.27149343416214794
LOG_MLM,fus_GRM_late_attfp,2,5,1170,0.08601044849699951,0.10217151764072532,0.2938432710030373,0.298122848164741
LOG_MLM,fus_GRM_late_attfp,3,5,1170,0.10713277734010299,0.017364811155154942,0.27389684278300985,0.27981073079591917
LOG_MLM,fus_GRM_late_attfp,4,5,1170,0.10073532540995432,0.07852476999945389,0.2747819942733249,0.2796683800261427
LOG_MLM,fus_GRM_late_lgbm,0,5,1170,0.14968681353760765,0.006567670870852477,0.24949311551232195,0.25626567323154376
LOG_MLM,fus_GRM_late_lgbm,1,5,1170,0.17084567748274035,0.17428293677477466,0.23774546423806003,0.24327061878934625
LOG_MLM,fus_GRM_late_lgbm,2,5,1170,0.15488447048661874,0.13211277227705318,0.25244087454159114,0.25923841217084104
LOG_MLM,fus_GRM_late_lgbm,3,5,1170,0.15601069589047095,0.06930845439711078,0.23383757310027284,0.24133930146802743
LOG_MLM,fus_GRM_late_lgbm,4,5,1170,0.15681072729420537,0.07226825494149014,0.23445142848231942,0.2412061934520987
LOG_MLM,fus_GRM_late_rf,0,5,1170,0.1439290139220452,0.02287852040631638,0.259060306107321,0.2637390485945203
LOG_MLM,fus_GRM_late_rf,1,5,1170,0.1756239356447764,0.11285544342340179,0.2350336047329399,0.24385755346247415
LOG_MLM,fus_GRM_late_rf,2,5,1170,0.1538336357013822,0.1102788216629019,0.2553211631192516,0.2617293210077855
LOG_MLM,fus_GRM_late_rf,3,5,1170,0.14946840480601675,0.06706093703868055,0.24312420357375703,0.2501304249061045
LOG_MLM,fus_GRM_late_rf,4,5,1170,0.15587952881890424,0.03864375354713671,0.2401036899099985,0.24621314067443154
LOG_MLM,fus_GRS_early_attfp,0,5,1170,0.27376340104802116,0.2677980290313456,0.1519123614947337,0.16723456291560057
LOG_MLM,fus_GRS_early_attfp,1,5,1170,0.3131753969891107,0.13154307036692808,0.14702885949187702,0.14405895861155255
LOG_MLM,fus_GRS_early_attfp,2,5,1170,0.2720902177268511,0.20027105044982293,0.18295403094478804,0.20559897737445065
LOG_MLM,fus_GRS_early_attfp,3,5,1170,0.2940626617560688,0.13786098745810485,0.13668234598580564,0.1634441148533457
LOG_MLM,fus_GRS_early_attfp,4,5,1170,0.2772404733730751,0.1300925964683338,0.18740036084987444,0.20877680339722945
LOG_MLM,fus_GRS_early_lgbm,0,5,1170,0.20220567665425132,0.1495709529258462,0.20351228718105113,0.21560512446577154
LOG_MLM,fus_GRS_early_lgbm,1,5,1170,0.18621523805339787,0.09224250301071882,0.19426944865142304,0.20758029990768
LOG_MLM,fus_GRS_early_lgbm,2,5,1170,0.18022639477331484,0.11261815488273506,0.21728933877925638,0.2298006857266853
LOG_MLM,fus_GRS_early_lgbm,3,5,1170,0.2121114805944889,0.09190968679291812,0.18933322408448233,0.20797371835147158
LOG_MLM,fus_GRS_early_lgbm,4,5,1170,0.20309142935114322,0.08809830872883354,0.187591724840018,0.20164474818033049
LOG_MLM,fus_GRS_early_rf,0,5,1170,0.1700082714117188,0.08241411014356069,0.22318781028098436,0.2297383590482443
LOG_MLM,fus_GRS_early_rf,1,5,1170,0.1626592097392174,0.08201631748333044,0.21860902143834898,0.2261928791445006
LOG_MLM,fus_GRS_early_rf,2,5,1170,0.15255832113945797,0.09483597843921059,0.2340344261179249,0.24063374060188558
LOG_MLM,fus_GRS_early_rf,3,5,1170,0.18798131443349628,0.06591905155586554,0.207306573929657,0.2183048107050685
LOG_MLM,fus_GRS_early_rf,4,5,1170,0.18463429118391425,0.09790306673479679,0.20447267182713247,0.21301768549761094
LOG_MLM,fus_GRS_late_attfp,0,5,1170,0.11905051283128112,0.17969176974913345,0.2603195118305689,0.2657063818737624
LOG_MLM,fus_GRS_late_attfp,1,5,1170,0.12739289637749,0.08433809519677464,0.25186836211512875,0.2571254397628844
LOG_MLM,fus_GRS_late_attfp,2,5,1170,0.10990008091308848,0.13800669464448104,0.2762034817318902,0.2807846530978279
LOG_MLM,fus_GRS_late_attfp,3,5,1170,0.12472134230711852,0.03309240565992534,0.262288029996187,0.26898709267026716
LOG_MLM,fus_GRS_late_attfp,4,5,1170,0.12045000485892562,0.02301917307939911,0.26088280279250936,0.2671991497673415
LOG_MLM,fus_GRS_late_lgbm,0,5,1170,0.19999566235086547,0.11643101690240629,0.2073334309744634,0.22062513054907187
LOG_MLM,fus_GRS_late_lgbm,1,5,1170,0.22010349491425715,0.00295724560998417,0.18661858621138466,0.19595869221187018
LOG_MLM,fus_GRS_late_lgbm,2,5,1170,0.1775147160503304,0.14174499305685245,0.24206804920927322,0.2518917653569297
LOG_MLM,fus_GRS_late_lgbm,3,5,1170,0.1814086630132119,0.18412122203268325,0.2467832649210125,0.25708560759472904
LOG_MLM,fus_GRS_late_lgbm,4,5,1170,0.20210177366012388,0.055440857394927184,0.20732433861566352,0.22097944764953867
LOG_MLM,fus_GRS_late_rf,0,5,1170,0.18858450043079314,0.11451007592650843,0.2156195770913296,0.2295990952081522
LOG_MLM,fus_GRS_late_rf,1,5,1170,0.20306749369735325,0.006451420355360217,0.1946406242492108,0.20962701811876466
LOG_MLM,fus_GRS_late_rf,2,5,1170,0.16666161115090533,0.09507509744331369,0.24872028049959918,0.2572107039318791
LOG_MLM,fus_GRS_late_rf,3,5,1170,0.17095631632522482,0.13630536575660407,0.25115719799527975,0.25985008415014405
LOG_MLM,fus_GRS_late_rf,4,5,1170,0.1857817564189026,0.06354798555783195,0.2190829235989466,0.23027043300781727
LOG_MLM,fus_GR_early_attfp,0,5,1170,0.1820434645918668,0.047205265124270014,0.20095258543296582,0.21434265181454437
LOG_MLM,fus_GR_early_attfp,1,5,1170,0.21233890010627268,0.05559347279581825,0.15730034121624825,0.17668756717185477
LOG_MLM,fus_GR_early_attfp,2,5,1170,0.17291686131427775,-0.03274302001349065,0.2114969962012837,0.22531755308207715
LOG_MLM,fus_GR_early_attfp,3,5,1170,0.1590476599505422,-0.013324896808194589,0.22829386137882438,0.23751273294709518
LOG_MLM,fus_GR_early_attfp,4,5,1170,0.19833660142620996,0.12681333470793646,0.18705157190980942,0.19999767632309304
LOG_MLM,fus_GR_early_lgbm,0,5,1170,0.17659186717036268,0.03537802574644843,0.2277003933000245,0.23649766851781576
LOG_MLM,fus_GR_early_lgbm,1,5,1170,0.18080104425582183,0.053790102834059925,0.20432493019287423,0.21370902779634318
LOG_MLM,fus_GR_early_lgbm,2,5,1170,0.17082899279383126,0.09179326959967404,0.22598632871480262,0.23570027805155114
LOG_MLM,fus_GR_early_lgbm,3,5,1170,0.17400783002949133,0.05641557963767893,0.22419456207301355,0.2325947302077752
LOG_MLM,fus_GR_early_lgbm,4,5,1170,0.17910987810294116,0.011272720973571881,0.2112845457097734,0.2198280321166304
LOG_MLM,fus_GR_early_rf,0,5,1170,0.1621719212537554,-0.01058951518170327,0.2361560849219302,0.24239562275505588
LOG_MLM,fus_GR_early_rf,1,5,1170,0.17297651770174127,0.062474377904263384,0.21097588428546665,0.219852055834097
LOG_MLM,fus_GR_early_rf,2,5,1170,0.15657435217325855,0.06922721140444202,0.23225394859756351,0.23918623984463316
LOG_MLM,fus_GR_early_rf,3,5,1170,0.17164638096228024,0.04062061419266973,0.226563336608705,0.23420473846002707
LOG_MLM,fus_GR_early_rf,4,5,1170,0.1694329408272519,0.015925756259449864,0.21903275295976177,0.22752167584424882
LOG_MLM,fus_GR_late_attfp,0,5,1170,0.11387350932702095,0.11047279338459629,0.2638715547241804,0.269852347039159
LOG_MLM,fus_GR_late_attfp,1,5,1170,0.11173678301025776,0.01898703603591514,0.2613546835676103,0.2660081572740418
LOG_MLM,fus_GR_late_attfp,2,5,1170,0.09313888736439752,0.10803610087197217,0.2864496902623068,0.2915913224293973
LOG_MLM,fus_GR_late_attfp,3,5,1170,0.11518680333109983,0.03320809386686478,0.26891370865260444,0.2749105079211361
LOG_MLM,fus_GR_late_attfp,4,5,1170,0.114498321023831,0.009247733025148749,0.25765168996946874,0.26429106428569055
LOG_MLM,fus_GR_late_lgbm,0,5,1170,0.19068258008097674,0.10373368094107456,0.21586717226497495,0.2283808457698416
LOG_MLM,fus_GR_late_lgbm,1,5,1170,0.21038487361438293,0.016173115474812778,0.19662145026300173,0.20258263287978107
LOG_MLM,fus_GR_late_lgbm,2,5,1170,0.1743162601395113,0.1342351466313041,0.243757732353457,0.2536783017548442
LOG_MLM,fus_GR_late_lgbm,3,5,1170,0.1709214934656139,0.2025914161225502,0.25648277042410383,0.2650436926144293
LOG_MLM,fus_GR_late_lgbm,4,5,1170,0.18283622542577435,0.05540659552722711,0.22355100166566302,0.23434287340009544
LOG_MLM,fus_GR_late_rf,0,5,1170,0.177488798393602,0.1217619759329002,0.22510008769976786,0.23635768574137433
LOG_MLM,fus_GR_late_rf,1,5,1170,0.1885007490827181,0.022067065158368523,0.21043298813739494,0.22043635091155597
LOG_MLM,fus_GR_late_rf,2,5,1170,0.15848536047902487,0.13400359403803508,0.2538314898446611,0.2622719577458672
LOG_MLM,fus_GR_late_rf,3,5,1170,0.1599590739191612,0.18781501048171934,0.26097619213636425,0.26813044171362943
LOG_MLM,fus_GR_late_rf,4,5,1170,0.1748361972893827,0.0697858477530017,0.2300293503636086,0.23969431884415646
LOG_MLM,lgbm,0,5,1170,0.12285156920937142,0.0010844077079287333,0.26797052855140463,0.2717325551539939
LOG_MLM,lgbm,1,5,1170,0.1189489432344224,0.06629077451577303,0.28247258214931875,0.28470168657794054
LOG_MLM,lgbm,2,5,1170,0.1329564712949073,-0.014871994362100552,0.2663738010989448,0.2690497338730772
LOG_MLM,lgbm,3,5,1170,0.130899200328484,0.06312824611104212,0.2584820107750808,0.26147856191186025
LOG_MLM,lgbm,4,5,1170,0.10786378460353471,-0.0385766569121247,0.2866176513388304,0.28907492918230315
LOG_MLM,uni_G_attfp,0,5,1170,0.1708756219287019,-0.04063124655995139,0.232528631242378,0.2427706927203482
LOG_MLM,uni_G_attfp,1,5,1170,0.18255438523503717,0.08767595989712071,0.20413037398627337,0.21672019659055544
LOG_MLM,uni_G_attfp,2,5,1170,0.16487961722112945,0.035732139355731954,0.2343169261666736,0.24482536514059616
LOG_MLM,uni_G_attfp,3,5,1170,0.18414821667216497,-0.033195606395590646,0.21788772737428164,0.23031600671300093
LOG_MLM,uni_G_attfp,4,5,1170,0.17323150064485002,-0.03404247343870282,0.2080735029389167,0.22249656993398603
LOG_MLM,uni_G_lgbm,0,5,1170,0.1701512725568604,-0.002689182032802211,0.2314250922466493,0.239914038239856
LOG_MLM,uni_G_lgbm,1,5,1170,0.18015740320072696,0.03070819072077208,0.20671023824049653,0.2179154776099996
LOG_MLM,uni_G_lgbm,2,5,1170,0.1714838701440049,0.056028914885480945,0.2214826287002769,0.2316387631217377
LOG_MLM,uni_G_lgbm,3,5,1170,0.17772411736782262,0.04998341909874584,0.224281054861105,0.23299345456663503
LOG_MLM,uni_G_lgbm,4,5,1170,0.18428596894474475,0.012983000132687878,0.20567811145916004,0.21560235826137164
LOG_MLM,uni_G_rf,0,5,1170,0.15855964404984063,-0.0026870632972038405,0.24097842022243024,0.2466220891868568
LOG_MLM,uni_G_rf,1,5,1170,0.16943810288568203,0.051048829399996436,0.21588623218756903,0.22500625315326173
LOG_MLM,uni_G_rf,2,5,1170,0.15580370655202327,0.059038757409557906,0.23516317872522396,0.24262913038740241
LOG_MLM,uni_G_rf,3,5,1170,0.1670493388919968,0.016538403017979635,0.23132590743194797,0.23923678452755895
LOG_MLM,uni_G_rf,4,5,1170,0.1676473844595442,0.009706795190245343,0.2200072634817568,0.22835510861000688
LOG_MLM,uni_M_lgbm,0,5,1170,0.1364364292672879,0.027653546014495625,0.26430886798228154,0.26853446933486064
LOG_MLM,uni_M_lgbm,1,5,1170,0.16710566563974075,0.13288809979783964,0.24103430412642485,0.24850862954133293
LOG_MLM,uni_M_lgbm,2,5,1170,0.14775209458288685,0.12497655212569474,0.25710003930948344,0.26228260896726463
LOG_MLM,uni_M_lgbm,3,5,1170,0.14305862571020161,0.06719395170932312,0.24639197658952838,0.25259523164030745
LOG_MLM,uni_M_lgbm,4,5,1170,0.14804605769461773,0.054538885788821455,0.2457155589139363,0.2508858776655906
LOG_MLM,uni_M_rf,0,5,1170,0.0811600627684868,0.1429818620168643,0.29700919652972946,0.29894867164387623
LOG_MLM,uni_M_rf,1,5,1170,0.1042233321076812,0.07134883528463129,0.27454435619692646,0.27614895784364013
LOG_MLM,uni_M_rf,2,5,1170,0.07960329847862654,0.1330008096221957,0.30474174691170236,0.305872999073416
LOG_MLM,uni_M_rf,3,5,1170,0.0859650704442673,0.11687350555334543,0.2957238269748199,0.2975259364979658
LOG_MLM,uni_M_rf,4,5,1170,0.08974587659174929,0.05519719705653732,0.29036962097745794,0.29266029493518686
LOG_MLM,uni_R_lgbm,0,5,1170,0.15043882543774456,0.11446247432139056,0.23960600282000058,0.24873406546729188
LOG_MLM,uni_R_lgbm,1,5,1170,0.16544466411521003,0.0217201373795601,0.22474668998177225,0.23228701792621384
LOG_MLM,uni_R_lgbm,2,5,1170,0.13809275648716854,0.1392481356652153,0.2630249057810354,0.2702726687697982
LOG_MLM,uni_R_lgbm,3,5,1170,0.1376520147888511,0.17838702936631748,0.26808289975686894,0.27427461872851827
LOG_MLM,uni_R_lgbm,4,5,1170,0.1549531460994426,0.06221900223997542,0.2379872176353467,0.24685621538895003
LOG_MLM,uni_R_rf,0,5,1170,0.08470652859296937,0.11110280296820062,0.28111905071745635,0.28308486661337173
LOG_MLM,uni_R_rf,1,5,1170,0.09511595520586401,0.12613578810476075,0.27391586320148037,0.27530296744607974
LOG_MLM,uni_R_rf,2,5,1170,0.07798519553756689,0.10869554126084377,0.2928862225848547,0.29411939704620405
LOG_MLM,uni_R_rf,3,5,1170,0.08344026112872231,0.09451500315851546,0.2835858837247581,0.28532845492571773
LOG_MLM,uni_R_rf,4,5,1170,0.08256114133517028,0.09654588314838308,0.2830953036502497,0.28448594278766404
LOG_MLM,uni_S_lgbm,0,5,1170,0.2704189474597927,0.1937404562921039,0.15579835084737248,0.17784141166241624
LOG_MLM,uni_S_lgbm,1,5,1170,0.3307078220579818,0.17354810583356736,0.1421589032073826,0.15283371290500947
LOG_MLM,uni_S_lgbm,2,5,1170,0.27352840727081,0.17879790825432934,0.18544101261514084,0.20329149776455338
LOG_MLM,uni_S_lgbm,3,5,1170,0.29429308266737275,0.22058239944571106,0.14518101258720534,0.17288201587273372
LOG_MLM,uni_S_lgbm,4,5,1170,0.2902420574166406,0.15024284789310663,0.1726165907439352,0.1922141494242079
LOG_MLM,uni_S_rf,0,5,1170,0.24913461110006277,0.2223762977381136,0.16383497526847887,0.182067191009716
LOG_MLM,uni_S_rf,1,5,1170,0.30026359277699033,0.20400950066741672,0.14619286416304966,0.15931581576258289
LOG_MLM,uni_S_rf,2,5,1170,0.26102373478903934,0.20342001920145214,0.18785698429082573,0.1986036906973928
LOG_MLM,uni_S_rf,3,5,1170,0.2868896887259368,0.2276096967566416,0.15049286883757262,0.16381785919731143
LOG_MLM,uni_S_rf,4,5,1170,0.2737556435006943,0.13694193602935448,0.18511538324132173,0.19643768050031005
LOG_MPPB,chemeleon,0,5,454,0.07078607549131047,0.10581541361087474,0.11170050396188455,0.11393534092774786
LOG_MPPB,chemeleon,1,5,454,0.0694650024242164,0.05164161257228149,0.13889644719091232,0.14077279242290802
LOG_MPPB,chemeleon,2,5,454,0.07371113557746316,0.19705128787173457,0.13542987524165237,0.13780989858903986
LOG_MPPB,chemeleon,3,5,454,0.08153634936824254,0.256844833316293,0.1368060647909747,0.13796645791329565
LOG_MPPB,chemeleon,4,5,454,0.06589833063229204,0.13014124294363832,0.13906994202364148,0.1415723292720032
LOG_MPPB,chemprop,0,5,454,0.06003301826296106,0.13368782609956265,0.16587974783746176,0.16664763613613795
LOG_MPPB,chemprop,1,5,454,0.05831830110006988,0.14472357254280296,0.1688420336346678,0.16928083338251532
LOG_MPPB,chemprop,2,5,454,0.06845525238910488,0.2709967916030807,0.1597435535138876,0.16085314327112854
LOG_MPPB,chemprop,3,5,454,0.06771353437297771,0.17569688420369503,0.16693082119794067,0.16769027119301674
LOG_MPPB,chemprop,4,5,454,0.06308953932401352,0.10793439947827486,0.16249711285366342,0.16344915570954857
LOG_MPPB,chemprop_st,0,5,454,0.09132826089314604,0.2269522738028869,0.21488311929882384,0.21590585955551655
LOG_MPPB,chemprop_st,1,5,454,0.07515962332525171,0.16876239616640398,0.20129039696325293,0.20249213745215777
LOG_MPPB,chemprop_st,2,5,454,0.08879205754132369,0.18547737423312996,0.19394201380824524,0.19584150197503847
LOG_MPPB,chemprop_st,3,5,454,0.07601148588173194,0.08918200087181605,0.21477353817408695,0.21585528884607919
LOG_MPPB,chemprop_st,4,5,454,0.081576096653622,0.07795565465258215,0.19222161532698392,0.19424854047186585
LOG_MPPB,fus_GRMS_early_attfp,0,5,454,0.16979068387268403,0.0509773809712083,0.11917020647374021,0.11572996627836017
LOG_MPPB,fus_GRMS_early_attfp,1,5,454,0.15455257288774968,0.128326928383871,0.10926561066501442,0.12423229139291794
LOG_MPPB,fus_GRMS_early_attfp,2,5,454,0.16709033681882568,0.062210208141757,0.1154714324340956,0.12390555440906148
LOG_MPPB,fus_GRMS_early_attfp,3,5,454,0.17753787644598756,0.18661626026497455,0.09816041602677474,0.10507405431402571
LOG_MPPB,fus_GRMS_early_attfp,4,5,454,0.15922248923091178,0.083510241536046,0.12107550719046221,0.12672606588684363
LOG_MPPB,fus_GRMS_early_lgbm,0,5,454,0.11004330280048824,0.27130073038144353,0.18237525383012465,0.18717496660080712
LOG_MPPB,fus_GRMS_early_lgbm,1,5,454,0.11680301430660113,0.14197138088041658,0.16790110054805277,0.17276509776490473
LOG_MPPB,fus_GRMS_early_lgbm,2,5,454,0.1024269404423046,0.13593642918857207,0.19397631637706186,0.1968698475693439
LOG_MPPB,fus_GRMS_early_lgbm,3,5,454,0.11793092738782575,0.17989302230123408,0.17392453050326379,0.18048519618159345
LOG_MPPB,fus_GRMS_early_lgbm,4,5,454,0.11392116313260513,0.11950864446478607,0.18080290047344214,0.18488588075490514
LOG_MPPB,fus_GRMS_early_rf,0,5,454,0.08989962860163583,0.19985030165135806,0.23520590455482232,0.23566212267205566
LOG_MPPB,fus_GRMS_early_rf,1,5,454,0.09566222849886426,-0.018018906153049102,0.2222709953643351,0.2240461045078927
LOG_MPPB,fus_GRMS_early_rf,2,5,454,0.08860485936522644,0.2045742544999138,0.23440070144933575,0.23482563721345068
LOG_MPPB,fus_GRMS_early_rf,3,5,454,0.10557060390631003,0.19309595262480714,0.20601328538525504,0.20613075162866337
LOG_MPPB,fus_GRMS_early_rf,4,5,454,0.09225438880307732,0.004601337795874571,0.22530503309182498,0.22635721547487903
LOG_MPPB,fus_GRMS_late_attfp,0,5,454,0.08141807542083628,0.25845674235670696,0.22052931737798273,0.22125785477645132
LOG_MPPB,fus_GRMS_late_attfp,1,5,454,0.0764404712993141,0.1351375754447246,0.21563245582262047,0.2165535140902477
LOG_MPPB,fus_GRMS_late_attfp,2,5,454,0.057459085206794464,0.09741440763932542,0.24090668153056527,0.24106422375960657
LOG_MPPB,fus_GRMS_late_attfp,3,5,454,0.07056435371325619,0.06772544523982317,0.2133729553190516,0.2138609991544615
LOG_MPPB,fus_GRMS_late_attfp,4,5,454,0.0650856781636574,0.14231339438202886,0.23595418513256003,0.23642665706338575
LOG_MPPB,fus_GRMS_late_lgbm,0,5,454,0.10164763559668402,0.0818737462271806,0.2062254110405561,0.20815309135323293
LOG_MPPB,fus_GRMS_late_lgbm,1,5,454,0.09529304406523567,0.21697568799059533,0.19979451329400433,0.20175405177198297
LOG_MPPB,fus_GRMS_late_lgbm,2,5,454,0.09518497905612198,0.08224407196721621,0.20517245556994243,0.20793526644372365
LOG_MPPB,fus_GRMS_late_lgbm,3,5,454,0.09983477083021301,0.03181357590207039,0.2028694353371573,0.204391034043835
LOG_MPPB,fus_GRMS_late_lgbm,4,5,454,0.09883548280336371,0.1393562978696667,0.20655923453680047,0.20913136824575898
LOG_MPPB,fus_GRMS_late_rf,0,5,454,0.09333099328634012,0.08982527673236299,0.2141012169214553,0.21537872100927122
LOG_MPPB,fus_GRMS_late_rf,1,5,454,0.08919211569068251,0.18834075352388194,0.20573371898445478,0.20718119451107292
LOG_MPPB,fus_GRMS_late_rf,2,5,454,0.08723264354652964,0.12094986609126915,0.21298818501048947,0.2146824081908068
LOG_MPPB,fus_GRMS_late_rf,3,5,454,0.09534066572731911,0.03649445635609284,0.2044827879345385,0.20663883408508266
LOG_MPPB,fus_GRMS_late_rf,4,5,454,0.09163449770614009,0.11700200501942418,0.21163474048843667,0.21407967576243137
LOG_MPPB,fus_GRM_early_attfp,0,5,454,0.10928686039080603,0.487635201486565,0.2580921650192943,0.2595428797140379
LOG_MPPB,fus_GRM_early_attfp,1,5,454,0.08391194755569413,0.2390969137317182,0.2858882082420605,0.2870686597510365
LOG_MPPB,fus_GRM_early_attfp,2,5,454,0.09951472994541721,0.4035776531356819,0.2282524960145079,0.229028068459057
LOG_MPPB,fus_GRM_early_attfp,3,5,454,0.08231868242581132,0.14419138377680651,0.23928776501686105,0.23991992749435806
LOG_MPPB,fus_GRM_early_attfp,4,5,454,0.08633341283368506,0.25834280066260684,0.25652588603783,0.2567692978017628
LOG_MPPB,fus_GRM_early_lgbm,0,5,454,0.09755655208373784,0.029663260036151676,0.22078857993802614,0.2228556187778052
LOG_MPPB,fus_GRM_early_lgbm,1,5,454,0.09892330159779206,-0.004384791433891105,0.20516592072558856,0.2072702258655122
LOG_MPPB,fus_GRM_early_lgbm,2,5,454,0.10223245641243023,0.18161110566124655,0.2024114150071319,0.20411440522452495
LOG_MPPB,fus_GRM_early_lgbm,3,5,454,0.11285449911342761,0.1900321841265388,0.18295259141866285,0.1885343910761294
LOG_MPPB,fus_GRM_early_lgbm,4,5,454,0.09535021730615477,0.03362975373366767,0.22151737198359592,0.22255567342844262
LOG_MPPB,fus_GRM_early_rf,0,5,454,0.08924429680848975,0.16058671714551537,0.24329767579878678,0.24327158230057785
LOG_MPPB,fus_GRM_early_rf,1,5,454,0.08937005336385322,-0.05729498232250261,0.23601803265599094,0.23713222677559812
LOG_MPPB,fus_GRM_early_rf,2,5,454,0.0876831468576701,0.19393675693280588,0.23456760481183822,0.23432909482552447
LOG_MPPB,fus_GRM_early_rf,3,5,454,0.09886161305079696,0.12709966453437163,0.2114526187082446,0.21183546057153047
LOG_MPPB,fus_GRM_early_rf,4,5,454,0.08367355069618401,-0.018358690387090582,0.24043441469996701,0.24037212073825026
LOG_MPPB,fus_GRM_late_attfp,0,5,454,0.07596550719924614,0.18442540145239955,0.23661361078818188,0.23782981603651843
LOG_MPPB,fus_GRM_late_attfp,1,5,454,0.06727171581801408,0.021017873870864488,0.2385749716692667,0.24027376771659228
LOG_MPPB,fus_GRM_late_attfp,2,5,454,0.06105730440749089,0.2858214424406693,0.2451576389608572,0.24635777156834002
LOG_MPPB,fus_GRM_late_attfp,3,5,454,0.05946556547318217,-0.0272656163702002,0.24333703638833787,0.24372323383356725
LOG_MPPB,fus_GRM_late_attfp,4,5,454,0.06332165781469057,0.13858854039196075,0.24320622547040796,0.2442691177985971
LOG_MPPB,fus_GRM_late_lgbm,0,5,454,0.09895208601201894,0.12066555018749536,0.2162859112937284,0.2176432650021134
LOG_MPPB,fus_GRM_late_lgbm,1,5,454,0.08705222231408419,0.11502112847923784,0.2162147285165791,0.21778942916162106
LOG_MPPB,fus_GRM_late_lgbm,2,5,454,0.10234367087809025,0.1380305941909978,0.20849159161556433,0.2113693558719941
LOG_MPPB,fus_GRM_late_lgbm,3,5,454,0.0960459067216445,0.07876606123074956,0.20825294003700906,0.21164547815305113
LOG_MPPB,fus_GRM_late_lgbm,4,5,454,0.09460485372246467,-0.0038886854563707093,0.21173777621100456,0.2141490024571591
LOG_MPPB,fus_GRM_late_rf,0,5,454,0.09743779541460118,0.11113401835673849,0.21712568452660794,0.21920164851706456
LOG_MPPB,fus_GRM_late_rf,1,5,454,0.08877102004244754,0.05608547540646674,0.21813394557704802,0.2200411093724562
LOG_MPPB,fus_GRM_late_rf,2,5,454,0.09991232566364092,0.13974593615519942,0.20881410744974924,0.211972249279995
LOG_MPPB,fus_GRM_late_rf,3,5,454,0.09621204501033413,0.04527144896298372,0.2102860454126215,0.2133796637166434
LOG_MPPB,fus_GRM_late_rf,4,5,454,0.09175124679802261,0.03352406765501398,0.22345146887886966,0.22583135140784213
LOG_MPPB,fus_GRS_early_attfp,0,5,454,0.18616829743673732,0.12198383988625446,0.10874603653345073,0.10497391113399783
LOG_MPPB,fus_GRS_early_attfp,1,5,454,0.1560029410222366,0.08677922578445986,0.10974586913064117,0.11318199395254708
LOG_MPPB,fus_GRS_early_attfp,2,5,454,0.1454777225068146,-0.040088229796686005,0.12535685272172029,0.1309443302109165
LOG_MPPB,fus_GRS_early_attfp,3,5,454,0.15661577403203272,0.15867943940361587,0.10844206154610112,0.11683505846330716
LOG_MPPB,fus_GRS_early_attfp,4,5,454,0.16487218228912076,0.06665606248258768,0.15038765211966124,0.13894093471610522
LOG_MPPB,fus_GRS_early_lgbm,0,5,454,0.11777307986335848,0.3212811382744983,0.17583186886223176,0.18100675931508758
LOG_MPPB,fus_GRS_early_lgbm,1,5,454,0.12296109833778882,0.1899669369276691,0.15950514281488037,0.1635426922559421
LOG_MPPB,fus_GRS_early_lgbm,2,5,454,0.10396786040435867,0.1167506571287354,0.1943297978893503,0.19803269482803365
LOG_MPPB,fus_GRS_early_lgbm,3,5,454,0.11748226718812962,0.16051605947713649,0.16900965212273877,0.17416814013340057
LOG_MPPB,fus_GRS_early_lgbm,4,5,454,0.10985484024405054,0.0768965057197243,0.18431304500282705,0.18666041105010747
LOG_MPPB,fus_GRS_early_rf,0,5,454,0.08854989455292349,0.14960276041985915,0.23556038761738016,0.23648227919690168
LOG_MPPB,fus_GRS_early_rf,1,5,454,0.09460873426981121,-0.0017186273687925544,0.22231964660081502,0.22332563859082782
LOG_MPPB,fus_GRS_early_rf,2,5,454,0.08677217795467321,0.2000531780589493,0.2374500511390746,0.23824419071708813
LOG_MPPB,fus_GRS_early_rf,3,5,454,0.10461324067189559,0.1840628912216868,0.20510876627632482,0.2057988859513455
LOG_MPPB,fus_GRS_early_rf,4,5,454,0.09106567622936472,-0.005765767649206131,0.225450275964345,0.2269375561142884
LOG_MPPB,fus_GRS_late_attfp,0,5,454,0.08771407728782744,0.27181863724315647,0.21137036909193854,0.2126925163259931
LOG_MPPB,fus_GRS_late_attfp,1,5,454,0.07697830999446062,0.13012048797163467,0.21100678951516544,0.21221801266767082
LOG_MPPB,fus_GRS_late_attfp,2,5,454,0.0672326921927948,0.09020902565523646,0.2249394009780999,0.22573789987017379
LOG_MPPB,fus_GRS_late_attfp,3,5,454,0.07578873880996757,0.12660135564835873,0.2168283026133503,0.2173186802268382
LOG_MPPB,fus_GRS_late_attfp,4,5,454,0.07588830067631659,0.15604288405420322,0.2192228514810222,0.22017636798731757
LOG_MPPB,fus_GRS_late_lgbm,0,5,454,0.09216555757523845,0.10822627776217751,0.19324758611674847,0.19569522222978683
LOG_MPPB,fus_GRS_late_lgbm,1,5,454,0.09435658673830989,0.1334207441678122,0.19045017600561776,0.1919103146696425
LOG_MPPB,fus_GRS_late_lgbm,2,5,454,0.08951262160803417,0.09533803498215651,0.19884051270114284,0.20077136074351856
LOG_MPPB,fus_GRS_late_lgbm,3,5,454,0.09527664602549007,0.05072911771625817,0.1892631828540413,0.19099892882744826
LOG_MPPB,fus_GRS_late_lgbm,4,5,454,0.09199839216854978,0.23027662508663505,0.1927028783900057,0.19367340054331228
LOG_MPPB,fus_GRS_late_rf,0,5,454,0.09639713978258159,0.15800285285929452,0.18580210255462576,0.19012648733917112
LOG_MPPB,fus_GRS_late_rf,1,5,454,0.10111619611125792,0.20096532897931582,0.183863111369639,0.18693003661101437
LOG_MPPB,fus_GRS_late_rf,2,5,454,0.09245263027979711,0.06390381292070169,0.19308896132131975,0.1956947774101456
LOG_MPPB,fus_GRS_late_rf,3,5,454,0.10062561573118314,-0.001698942146566734,0.18264187034870033,0.1862774599652033
LOG_MPPB,fus_GRS_late_rf,4,5,454,0.09688628770065624,0.21281295339251502,0.1867867676371706,0.18783239865469048
LOG_MPPB,fus_GR_early_attfp,0,5,454,0.10179474944247974,0.4091622917244242,0.2596210812033095,0.26070453878496114
LOG_MPPB,fus_GR_early_attfp,1,5,454,0.10919513443896547,0.33977747058071034,0.2296397032001104,0.23223047264402244
LOG_MPPB,fus_GR_early_attfp,2,5,454,0.10401789533402513,0.3068784425616322,0.22955121455228458,0.231182307728182
LOG_MPPB,fus_GR_early_attfp,3,5,454,0.11379674065268537,0.1919567210731415,0.23289162764107324,0.23628088472085712
LOG_MPPB,fus_GR_early_attfp,4,5,454,0.10628731664936819,0.08564351779153087,0.23027215141343882,0.23476060344506783
LOG_MPPB,fus_GR_early_lgbm,0,5,454,0.10704203129843824,0.19513986433157174,0.21415584028030818,0.21744518521671707
LOG_MPPB,fus_GR_early_lgbm,1,5,454,0.10331436891970851,0.04198796317765221,0.200728906206133,0.2042063896441179
LOG_MPPB,fus_GR_early_lgbm,2,5,454,0.10644480446399263,0.17904853201514784,0.20304439869041402,0.20517229256215722
LOG_MPPB,fus_GR_early_lgbm,3,5,454,0.1104892806863441,0.13641858397923842,0.18046537006563695,0.18600669817308224
LOG_MPPB,fus_GR_early_lgbm,4,5,454,0.0944293186897974,0.08027560489014049,0.22823531192654165,0.2287048218599229
LOG_MPPB,fus_GR_early_rf,0,5,454,0.09233743124861714,0.1321296244694943,0.242407406171253,0.24265523988620888
LOG_MPPB,fus_GR_early_rf,1,5,454,0.09253447915413687,-0.06176270076194959,0.23361379928378145,0.23469006260502479
LOG_MPPB,fus_GR_early_rf,2,5,454,0.0894336655320046,0.199678657144747,0.2329313610150875,0.23329875373880665
LOG_MPPB,fus_GR_early_rf,3,5,454,0.1021564434359982,0.1522969308956755,0.20675097764596614,0.20783377275975062
LOG_MPPB,fus_GR_early_rf,4,5,454,0.08401767188648278,-0.01984970455800797,0.24148861600718433,0.2412042001635617
LOG_MPPB,fus_GR_late_attfp,0,5,454,0.0873165657747773,0.2956062627862752,0.21897537565211178,0.22103620649465955
LOG_MPPB,fus_GR_late_attfp,1,5,454,0.07209681678164674,0.17234484727820878,0.2445242919564199,0.24579645286209006
LOG_MPPB,fus_GR_late_attfp,2,5,454,0.07237523575686423,0.23712463979581183,0.22341922860101093,0.22411420619449737
LOG_MPPB,fus_GR_late_attfp,3,5,454,0.06344851050161028,0.13262176979317075,0.24080073380680644,0.24155743990713435
LOG_MPPB,fus_GR_late_attfp,4,5,454,0.0674129436001442,0.15017582607183605,0.24022478710892306,0.24092949544510697
LOG_MPPB,fus_GR_late_lgbm,0,5,454,0.09935372585558538,0.18387868222206943,0.19174038234063295,0.1944210422550179
LOG_MPPB,fus_GR_late_lgbm,1,5,454,0.0923600675971828,0.0577817899951541,0.21213610544093908,0.2141948127435186
LOG_MPPB,fus_GR_late_lgbm,2,5,454,0.11069658271223598,0.10197441359535143,0.182775445334636,0.18836800565949127
LOG_MPPB,fus_GR_late_lgbm,3,5,454,0.09896666782091355,0.10052101115105398,0.1968428857466165,0.19960059595814467
LOG_MPPB,fus_GR_late_lgbm,4,5,454,0.09739991482561222,0.1482340153687551,0.19341131142492263,0.19653890980803157
LOG_MPPB,fus_GR_late_rf,0,5,454,0.09482034644568815,0.23898838774165027,0.1960451168420215,0.19949128649458206
LOG_MPPB,fus_GR_late_rf,1,5,454,0.09189982180435875,0.13001113835546396,0.21314801024648794,0.21512666762931967
LOG_MPPB,fus_GR_late_rf,2,5,454,0.10625485447017596,0.1225009257264899,0.18718064936566994,0.19184028704662076
LOG_MPPB,fus_GR_late_rf,3,5,454,0.0947886216232047,0.08545374869191574,0.20145486073718852,0.20316926400401294
LOG_MPPB,fus_GR_late_rf,4,5,454,0.09595572765046435,0.17404946843018496,0.19619673490198078,0.19923261604186224
LOG_MPPB,lgbm,0,5,454,0.09185276415498585,0.12519035352897662,0.1880288692239933,0.18997406061844335
LOG_MPPB,lgbm,1,5,454,0.0883589571608043,0.07019679902461701,0.19060512758414866,0.19192903885995777
LOG_MPPB,lgbm,2,5,454,0.07988939424228099,0.03522476316303248,0.20298499635401593,0.20540940041811478
LOG_MPPB,lgbm,3,5,454,0.08403252316801543,-0.03766616047714379,0.19348022164469647,0.19546936425874786
LOG_MPPB,lgbm,4,5,454,0.08258378193046863,0.13612905102189385,0.20270046783511142,0.20393845081965808
LOG_MPPB,uni_G_attfp,0,5,454,0.09764771189136155,0.2301922526391009,0.23419965322104752,0.23452216422878108
LOG_MPPB,uni_G_attfp,1,5,454,0.10839517724214441,0.010224571536076383,0.2243310580171812,0.22848743596169235
LOG_MPPB,uni_G_attfp,2,5,454,0.09208753841284123,0.19485087898015313,0.22960164607858446,0.23153492578729773
LOG_MPPB,uni_G_attfp,3,5,454,0.09602072174877035,0.055581741487964784,0.22034253382894115,0.2221298449606508
LOG_MPPB,uni_G_attfp,4,5,454,0.09614198878134586,0.05351338234456296,0.21611465296214158,0.2173465740193304
LOG_MPPB,uni_G_lgbm,0,5,454,0.09263710173168863,0.04197115545365725,0.24179879243901975,0.24276579669735443
LOG_MPPB,uni_G_lgbm,1,5,454,0.08928601294793354,-0.09148503485098408,0.23516921122618567,0.23675750497040376
LOG_MPPB,uni_G_lgbm,2,5,454,0.08904668854821511,0.15214802907028036,0.23444077083043077,0.23472983825819813
LOG_MPPB,uni_G_lgbm,3,5,454,0.10153637982615163,0.10082020358519954,0.2061855133808048,0.20785955545824822
LOG_MPPB,uni_G_lgbm,4,5,454,0.08588238252307828,-0.05737688956925699,0.2422933476222648,0.24327711300991461
LOG_MPPB,uni_G_rf,0,5,454,0.09223541763991931,0.09425155221939323,0.2447032640106134,0.2463131673603998
LOG_MPPB,uni_G_rf,1,5,454,0.09269058716690555,-0.06437655133796294,0.23558340641857176,0.23723579080652654
LOG_MPPB,uni_G_rf,2,5,454,0.08982898468148637,0.17176325163794212,0.23482284738367454,0.2358648369340069
LOG_MPPB,uni_G_rf,3,5,454,0.10294233787779303,0.12852695085465587,0.20783119507848283,0.20960848318356884
LOG_MPPB,uni_G_rf,4,5,454,0.08517429676285054,-0.04626007591009719,0.24093708829195612,0.24105700922890022
LOG_MPPB,uni_M_lgbm,0,5,454,0.09277158975454655,0.12069623843599725,0.23169358578551633,0.23354005084666993
LOG_MPPB,uni_M_lgbm,1,5,454,0.08560342876440366,-0.019246493850475648,0.226453524402462,0.22870090133153603
LOG_MPPB,uni_M_lgbm,2,5,454,0.09193585004352305,0.12421309282106341,0.22600253552672225,0.22655795125090883
LOG_MPPB,uni_M_lgbm,3,5,454,0.09030872545582846,0.06955149435950053,0.22445055176311687,0.22580555006684744
LOG_MPPB,uni_M_lgbm,4,5,454,0.09085083476825542,0.05631139616058555,0.23240540529043896,0.23297021967850867
LOG_MPPB,uni_M_rf,0,5,454,0.04775195375125303,0.03128379231527095,0.2988390584003953,0.29858713224233796
LOG_MPPB,uni_M_rf,1,5,454,0.04506752914909736,-0.02241168810531592,0.30288078634616383,0.30274401603654266
LOG_MPPB,uni_M_rf,2,5,454,0.04235236533859679,-0.05573637003391743,0.3037122233768675,0.3035427226624275
LOG_MPPB,uni_M_rf,3,5,454,0.050656602283347826,0.05256099247259587,0.29578998170015586,0.2960125959511081
LOG_MPPB,uni_M_rf,4,5,454,0.05019552442569131,0.005751862809057288,0.29603851603043296,0.29630969658334744
LOG_MPPB,uni_R_lgbm,0,5,454,0.07538907963968386,0.1753087955361892,0.22112978226554972,0.222019306706902
LOG_MPPB,uni_R_lgbm,1,5,454,0.08357987491095518,0.19169328453300397,0.22403812317195848,0.22528215859833717
LOG_MPPB,uni_R_lgbm,2,5,454,0.09017402057812321,0.19153346698109222,0.2045984630667019,0.20683402506491466
LOG_MPPB,uni_R_lgbm,3,5,454,0.08031669268957489,0.15962156709653036,0.21873903394373306,0.21969708158679932
LOG_MPPB,uni_R_lgbm,4,5,454,0.08386467081628313,0.21989508441804953,0.21027514059921204,0.21228635769181764
LOG_MPPB,uni_R_rf,0,5,454,0.04436817729324099,-0.02880977050902293,0.2470418750891185,0.24709833080760754
LOG_MPPB,uni_R_rf,1,5,454,0.052071624642277076,0.11176646046278566,0.2407434107509255,0.24071311108059756
LOG_MPPB,uni_R_rf,2,5,454,0.04501369867527014,0.07680151270825766,0.24625738318610343,0.24650889460684344
LOG_MPPB,uni_R_rf,3,5,454,0.049878816317150174,0.003653171299636465,0.2401947954011529,0.2401602356621807
LOG_MPPB,uni_R_rf,4,5,454,0.05149233372014748,-0.05922998538698264,0.24242052449887297,0.24264345766576592
LOG_MPPB,uni_S_lgbm,0,5,454,0.1632634668324737,0.1551730800107836,0.11791618213709959,0.12940829588597919
LOG_MPPB,uni_S_lgbm,1,5,454,0.14843354330615605,0.0972167654098307,0.12784535835965913,0.13953043604068585
LOG_MPPB,uni_S_lgbm,2,5,454,0.1500349869690642,-0.016661603223586355,0.1495683899383259,0.1608721223308263
LOG_MPPB,uni_S_lgbm,3,5,454,0.15673247821537048,0.1650961331752337,0.13360479637613462,0.1427968724600791
LOG_MPPB,uni_S_lgbm,4,5,454,0.14835135347675138,0.07834792844917601,0.1468056446348806,0.15626580700210901
LOG_MPPB,uni_S_rf,0,5,454,0.15551426189331305,0.13998845702147872,0.12017590853399399,0.12964003939936852
LOG_MPPB,uni_S_rf,1,5,454,0.138447876861667,0.1217471071279349,0.14430073194935095,0.1513410715119014
LOG_MPPB,uni_S_rf,2,5,454,0.1361250845870636,-0.002718742779206115,0.16910201947377632,0.17892536117381214
LOG_MPPB,uni_S_rf,3,5,454,0.1488806319637112,0.16610265121019155,0.14509220634447986,0.15084568196395184
LOG_MPPB,uni_S_rf,4,5,454,0.1361772724646124,0.0822987541322895,0.1643259193917241,0.17483684782218095
LogD,chemeleon,0,5,2270,0.1412400310957184,0.036080904993879954,0.278861049742709,0.28474261624368397
LogD,chemeleon,1,5,2270,0.13923926428394937,0.13170558353061304,0.2662095695213987,0.2713101210890317
LogD,chemeleon,2,5,2270,0.1355730947168375,0.0939439977883943,0.26423726447139156,0.26847128416310934
LogD,chemeleon,3,5,2270,0.14506922348751375,0.01648946655540514,0.26468359142554176,0.2693118537116675
LogD,chemeleon,4,5,2270,0.13908089271610335,0.11216416423476169,0.2589779464016323,0.2647467136794149
LogD,chemprop,0,5,2270,0.16122574715260252,0.2794538234198192,0.26311565351120814,0.26958832606342137
LogD,chemprop,1,5,2270,0.15865503018998378,0.22557942902177905,0.25854047987719686,0.26774753630182924
LogD,chemprop,2,5,2270,0.16956651138204237,0.2943336526813806,0.25309140166234534,0.26059647964789473
LogD,chemprop,3,5,2270,0.1640721925752308,0.2793582692615098,0.23871952736344762,0.24966893677440888
LogD,chemprop,4,5,2270,0.1561482682513127,0.26704372122075715,0.26146482957474154,0.26901538144961684
LogD,chemprop_st,0,5,2270,0.12828741716942316,0.20932537524794528,0.2639650945158509,0.2696137344478214
LogD,chemprop_st,1,5,2270,0.1632803544854126,0.20740133992571588,0.2248383180129751,0.23329219413961097
LogD,chemprop_st,2,5,2270,0.1607906803878152,0.28659039858561663,0.2269806571650835,0.23884355917620867
LogD,chemprop_st,3,5,2270,0.13996118305780872,0.2924826587566963,0.24084515720709498,0.2476490541407708
LogD,chemprop_st,4,5,2270,0.1421089309250174,0.2484337248843546,0.24052044809961698,0.24667830281038877
LogD,fus_GRMS_early_attfp,0,5,2270,0.32560684643492693,0.2349483228780648,0.18321095981159533,0.20629294143951715
LogD,fus_GRMS_early_attfp,1,5,2270,0.326542859705335,0.30371615740406105,0.19698063386399287,0.22446374172058445
LogD,fus_GRMS_early_attfp,2,5,2270,0.3194046024317919,0.23618637053272099,0.2006688923697767,0.22752226384498017
LogD,fus_GRMS_early_attfp,3,5,2270,0.340163014888484,0.2279421219664055,0.1933535651732792,0.18532699385400048
LogD,fus_GRMS_early_attfp,4,5,2270,0.30402745311392293,0.20041174327768402,0.20092745018875036,0.2203634166149068
LogD,fus_GRMS_early_lgbm,0,5,2270,0.23082912765388522,0.14259791954520493,0.19355816693385042,0.21246077636625238
LogD,fus_GRMS_early_lgbm,1,5,2270,0.22012652465704569,0.2552051997100564,0.22777230428960948,0.24366194220676085
LogD,fus_GRMS_early_lgbm,2,5,2270,0.22664738990430866,0.17955754688960862,0.21991715912532783,0.23663361774202799
LogD,fus_GRMS_early_lgbm,3,5,2270,0.2200040251364646,0.22636370933842753,0.22378147176331167,0.2398054464099336
LogD,fus_GRMS_early_lgbm,4,5,2270,0.21338026379549552,0.17291890801210016,0.22677825520664827,0.2405625594698435
LogD,fus_GRMS_early_rf,0,5,2270,0.21463338328377668,0.20090794012060262,0.21484564021108382,0.2255698609342598
LogD,fus_GRMS_early_rf,1,5,2270,0.1976140487541401,0.23553078255306478,0.25102406431487606,0.25827866179754466
LogD,fus_GRMS_early_rf,2,5,2270,0.20019281301884234,0.23056734608164633,0.24287468331008574,0.25297040022721773
LogD,fus_GRMS_early_rf,3,5,2270,0.19773942077812312,0.3093132455262587,0.2481742062409664,0.2553438897464042
LogD,fus_GRMS_early_rf,4,5,2270,0.18340979007229052,0.24779681165123882,0.26071070919349515,0.2668258584855629
LogD,fus_GRMS_late_attfp,0,5,2270,0.12302642695765285,0.10995550355039987,0.33670731210306204,0.34078890577489473
LogD,fus_GRMS_late_attfp,1,5,2270,0.12838160499260887,0.2622475136671296,0.34429499099938543,0.34757563275613407
LogD,fus_GRMS_late_attfp,2,5,2270,0.12333747619759121,0.17607589695493503,0.34052614145173526,0.344312565756173
LogD,fus_GRMS_late_attfp,3,5,2270,0.1306040031298664,0.1528895927175284,0.33874763881157177,0.3418664610936592
LogD,fus_GRMS_late_attfp,4,5,2270,0.12109698769491915,0.15736272361927017,0.34914939550101254,0.3517464339604454
LogD,fus_GRMS_late_lgbm,0,5,2270,0.2074576973347547,0.1684447317960389,0.3193724667621769,0.3279944872690901
LogD,fus_GRMS_late_lgbm,1,5,2270,0.19595210879354621,0.15345213854858392,0.35564387052329194,0.36269198094644484
LogD,fus_GRMS_late_lgbm,2,5,2270,0.19130034658906656,0.09199212489141793,0.33826605058349435,0.34382377409878345
LogD,fus_GRMS_late_lgbm,3,5,2270,0.20665304269983453,0.16448458186876996,0.3361410397149544,0.3447798243256814
LogD,fus_GRMS_late_lgbm,4,5,2270,0.20324218841188849,0.09694108783548348,0.33211742205538697,0.3389014935196487
LogD,fus_GRMS_late_rf,0,5,2270,0.17468907344891837,0.1243955860672523,0.3306633413659936,0.33848793376926123
LogD,fus_GRMS_late_rf,1,5,2270,0.16872733499697357,0.0991378909837092,0.35478014771225175,0.3606844231665111
LogD,fus_GRMS_late_rf,2,5,2270,0.16865238015657336,0.05321383874285816,0.34423462672498834,0.34975472501991434
LogD,fus_GRMS_late_rf,3,5,2270,0.18102620365715694,0.14912768623526715,0.3415417910824072,0.3488550251799906
LogD,fus_GRMS_late_rf,4,5,2270,0.17729174304158207,0.05868249608651407,0.33997107616756245,0.3450798538912418
LogD,fus_GRM_early_attfp,0,5,2270,0.2214043885530281,0.4011984215927397,0.27009160623724454,0.28210239736919657
LogD,fus_GRM_early_attfp,1,5,2270,0.23276226608285347,0.19584530359598526,0.26572833212874486,0.2799684086181851
LogD,fus_GRM_early_attfp,2,5,2270,0.21585628279001226,0.3193747525564914,0.264449766099505,0.2777529998428981
LogD,fus_GRM_early_attfp,3,5,2270,0.23885280753355106,0.2366652424055072,0.23937513395088975,0.25434614356561264
LogD,fus_GRM_early_attfp,4,5,2270,0.22493030402171954,0.17675791809641228,0.25233005712076984,0.26239563085333445
LogD,fus_GRM_early_lgbm,0,5,2270,0.22588261604256893,0.19826430529735345,0.20672132651955516,0.2167799174286412
LogD,fus_GRM_early_lgbm,1,5,2270,0.21429134180433493,0.19913413109943545,0.23417476849269397,0.24357388949541742
LogD,fus_GRM_early_lgbm,2,5,2270,0.2087901614781366,0.2580768620711653,0.24008100357970846,0.2494128246654327
LogD,fus_GRM_early_lgbm,3,5,2270,0.20505807859940559,0.32319952074358066,0.2366105985625598,0.24367127613681722
LogD,fus_GRM_early_lgbm,4,5,2270,0.19921801194971386,0.2616679047814728,0.2429552665381083,0.24995358973480836
LogD,fus_GRM_early_rf,0,5,2270,0.22357747896950822,0.20630559969834442,0.2109309648799723,0.22046343779960048
LogD,fus_GRM_early_rf,1,5,2270,0.20744159816761817,0.22226362599202903,0.24333798041928248,0.2516066633804456
LogD,fus_GRM_early_rf,2,5,2270,0.20728484059537547,0.22427393340500243,0.24121397942295655,0.2519365673901219
LogD,fus_GRM_early_rf,3,5,2270,0.200835496758715,0.3117303620215349,0.24678338367840127,0.25382727883951484
LogD,fus_GRM_early_rf,4,5,2270,0.1895070196012523,0.2690549485763586,0.26069018298430113,0.26729618221007395
LogD,fus_GRM_late_attfp,0,5,2270,0.13149580873487474,0.14672049621692093,0.34156371213360315,0.34458890176573204
LogD,fus_GRM_late_attfp,1,5,2270,0.14013675139279338,0.19584703948993523,0.32571049512805145,0.32943879872073356
LogD,fus_GRM_late_attfp,2,5,2270,0.15199585942308638,0.17437156741278026,0.31796982587964173,0.3230421154904978
LogD,fus_GRM_late_attfp,3,5,2270,0.16033197262623114,0.13429859599307417,0.3111214000418335,0.3173476010997752
LogD,fus_GRM_late_attfp,4,5,2270,0.15074295539405674,0.154463545715968,0.3244740582485947,0.32925862594808497
LogD,fus_GRM_late_lgbm,0,5,2270,0.2038618783316042,0.1053687856234696,0.3513108528298829,0.3597236078859853
LogD,fus_GRM_late_lgbm,1,5,2270,0.20254169478290407,0.1524801511838115,0.36240626271798415,0.37119188844711154
LogD,fus_GRM_late_lgbm,2,5,2270,0.2023746247465861,0.12742690666811474,0.34919710870044474,0.3553288040355209
LogD,fus_GRM_late_lgbm,3,5,2270,0.21237444578912706,0.17288708010496578,0.3441167694641096,0.3540258241021833
LogD,fus_GRM_late_lgbm,4,5,2270,0.20772848183679565,0.11675388401581763,0.34775720603629695,0.3541066617620868
LogD,fus_GRM_late_rf,0,5,2270,0.18995910091938012,0.10232873241817173,0.35906527839404284,0.3660873735227576
LogD,fus_GRM_late_rf,1,5,2270,0.18776225247252354,0.14535286885450424,0.3694647738147094,0.3766396281586682
LogD,fus_GRM_late_rf,2,5,2270,0.18704056379763256,0.09853241996383377,0.3585520785545613,0.36462102175143357
LogD,fus_GRM_late_rf,3,5,2270,0.19764658691645526,0.15160004651216158,0.34946491255655876,0.357835337542767
LogD,fus_GRM_late_rf,4,5,2270,0.18931724735497404,0.09543739766596274,0.35949462767907836,0.36416579817608685
LogD,fus_GRS_early_attfp,0,5,2270,0.3187579850345185,0.20087321581660328,0.1834847160717801,0.20877019558334423
LogD,fus_GRS_early_attfp,1,5,2270,0.30826090434080533,0.2668739274597776,0.20425152103266303,0.2342995290041068
LogD,fus_GRS_early_attfp,2,5,2270,0.29910370103381556,0.19367160419442303,0.22492112846111134,0.24276511982602303
LogD,fus_GRS_early_attfp,3,5,2270,0.3328482269085142,0.22372422849182225,0.1863876672507318,0.18222961179048228
LogD,fus_GRS_early_attfp,4,5,2270,0.2926940684391073,0.1622145862690287,0.2093149449653635,0.23296071890624193
LogD,fus_GRS_early_lgbm,0,5,2270,0.22540121521360845,0.14899156616224044,0.20148399501520017,0.2191694756235836
LogD,fus_GRS_early_lgbm,1,5,2270,0.2207870550509031,0.24821358560669748,0.2290351831735507,0.2444158090683443
LogD,fus_GRS_early_lgbm,2,5,2270,0.22656826612237116,0.16198803938684841,0.21926061484350862,0.23702538109116073
LogD,fus_GRS_early_lgbm,3,5,2270,0.21957917978578642,0.22857925891531547,0.2228387150419399,0.23810403858867316
LogD,fus_GRS_early_lgbm,4,5,2270,0.21179524389071336,0.15015958810945212,0.22834301378036778,0.24238742012056422
LogD,fus_GRS_early_rf,0,5,2270,0.21247389299557015,0.20064762857729138,0.21608454312777792,0.2261349742683653
LogD,fus_GRS_early_rf,1,5,2270,0.19649477516271946,0.24570022716853687,0.25165242748045236,0.25981596750756725
LogD,fus_GRS_early_rf,2,5,2270,0.20010462864934253,0.23895479485756377,0.24307483537415236,0.25319009181252466
LogD,fus_GRS_early_rf,3,5,2270,0.19719913435582814,0.2966835939966687,0.24891487445474456,0.25623740175293586
LogD,fus_GRS_early_rf,4,5,2270,0.18280976402433502,0.24155235911757436,0.26073729177595867,0.26813184044326616
LogD,fus_GRS_late_attfp,0,5,2270,0.1348623634398624,0.11597327451401347,0.3162981106134386,0.3213995100338365
LogD,fus_GRS_late_attfp,1,5,2270,0.15271582606325088,0.2356940217992285,0.29817225901583727,0.30448197986660286
LogD,fus_GRS_late_attfp,2,5,2270,0.1433474075568452,0.15154395988053476,0.3088304611360403,0.3127586386898296
LogD,fus_GRS_late_attfp,3,5,2270,0.15302103914886975,0.19010985428205898,0.30062334632221693,0.30621414738543246
LogD,fus_GRS_late_attfp,4,5,2270,0.13185831698593942,0.20993131991883526,0.3272166452109569,0.3311357172748779
LogD,fus_GRS_late_lgbm,0,5,2270,0.20583521701006335,0.1650125783676308,0.3252871743858212,0.3342544293056071
LogD,fus_GRS_late_lgbm,1,5,2270,0.19610033468253268,0.1580324648459361,0.35928203174398704,0.3667007155264099
LogD,fus_GRS_late_lgbm,2,5,2270,0.19057484917118814,0.08775454375737639,0.3431306292520697,0.34914424868383265
LogD,fus_GRS_late_lgbm,3,5,2270,0.2080575148987737,0.1634969118854224,0.3372534991015495,0.34695464715519847
LogD,fus_GRS_late_lgbm,4,5,2270,0.205724848642531,0.10765003628131697,0.3332504045442716,0.3401003866835805
LogD,fus_GRS_late_rf,0,5,2270,0.1866412464780672,0.1189196323652149,0.3338063808395979,0.3416272093459207
LogD,fus_GRS_late_rf,1,5,2270,0.18066136536990213,0.10619234730066093,0.358765930524234,0.3655745935851758
LogD,fus_GRS_late_rf,2,5,2270,0.17776061704980908,0.050827945431633145,0.3474993097860759,0.3533903392456424
LogD,fus_GRS_late_rf,3,5,2270,0.19346926431084782,0.14333556047016607,0.34219369337173655,0.34954556765200334
LogD,fus_GRS_late_rf,4,5,2270,0.1904769704573345,0.0637443952480748,0.34010633102813426,0.34597552771964335
LogD,fus_GR_early_attfp,0,5,2270,0.23358427715322855,0.36632462730728776,0.2756323104342404,0.2887622787478659
LogD,fus_GR_early_attfp,1,5,2270,0.23518429022971568,0.41147419302951893,0.2614105453583446,0.2810506700169282
LogD,fus_GR_early_attfp,2,5,2270,0.23789205777961783,0.4061994278834082,0.25298697656850977,0.2678134213128008
LogD,fus_GR_early_attfp,3,5,2270,0.214394842206157,0.3261141687036189,0.2789219854058817,0.28944558776776913
LogD,fus_GR_early_attfp,4,5,2270,0.21835251722154803,0.19704073419326976,0.2723438660867923,0.2849058173349831
LogD,fus_GR_early_lgbm,0,5,2270,0.22734534152980249,0.19817183463962224,0.20384449388686515,0.2142127267345743
LogD,fus_GR_early_lgbm,1,5,2270,0.2182431286966821,0.2187702669799335,0.22965089891128443,0.24230269192621995
LogD,fus_GR_early_lgbm,2,5,2270,0.21393036336524313,0.2535861863581007,0.22788326886953242,0.23746091343689418
LogD,fus_GR_early_lgbm,3,5,2270,0.21019609637890252,0.3270135528491213,0.2308303573590959,0.23889696296832613
LogD,fus_GR_early_lgbm,4,5,2270,0.19972142644888288,0.284598600549923,0.2440357446047553,0.2521108229856887
LogD,fus_GR_early_rf,0,5,2270,0.22547317539883827,0.20915000915668044,0.20935385185172112,0.2193623212711483
LogD,fus_GR_early_rf,1,5,2270,0.2080552685249776,0.22786158624139466,0.243059014861059,0.2521217486059836
LogD,fus_GR_early_rf,2,5,2270,0.2077758050147844,0.2226900702853374,0.2414476201410308,0.25205312148772324
LogD,fus_GR_early_rf,3,5,2270,0.2027571201136597,0.30781329916665595,0.24519297272365104,0.2522855258886686
LogD,fus_GR_early_rf,4,5,2270,0.19177053567519273,0.25843971922464404,0.25742761140429754,0.26494939187125105
LogD,fus_GR_late_attfp,0,5,2270,0.14739692396935347,0.26980134684208806,0.30905053553458917,0.3148918697869463
LogD,fus_GR_late_attfp,1,5,2270,0.15195761596002524,0.23001248950067757,0.31373902812454385,0.3185608103999336
LogD,fus_GR_late_attfp,2,5,2270,0.15877288082444194,0.13989317896496023,0.30096688842768193,0.3062976850392191
LogD,fus_GR_late_attfp,3,5,2270,0.15926752118701967,0.1816132760948857,0.30207036211146676,0.3081311929674841
LogD,fus_GR_late_attfp,4,5,2270,0.13333682066701227,0.19381449603922588,0.3358631048772287,0.34017996611790297
LogD,fus_GR_late_lgbm,0,5,2270,0.19907086281626885,0.11919820616774908,0.3576199978927749,0.3658349779856547
LogD,fus_GR_late_lgbm,1,5,2270,0.19870968453522544,0.15823042921994793,0.36844468139481407,0.3766183211098115
LogD,fus_GR_late_lgbm,2,5,2270,0.19847146367697763,0.12065771445624315,0.35577676544893966,0.3621270041837007
LogD,fus_GR_late_lgbm,3,5,2270,0.21157869554340356,0.1801540162005497,0.34733013200822127,0.35668609432323395
LogD,fus_GR_late_lgbm,4,5,2270,0.20562050841896784,0.11865898941794996,0.3517463446690394,0.35748842838560524
LogD,fus_GR_late_rf,0,5,2270,0.1898234822411593,0.10159414536297347,0.35885009216912955,0.3659636484141506
LogD,fus_GR_late_rf,1,5,2270,0.18750527600903988,0.14488277097707716,0.36980885020722376,0.37688131318527
LogD,fus_GR_late_rf,2,5,2270,0.18702051106470108,0.09826049953795611,0.3586073075241968,0.36462762657750847
LogD,fus_GR_late_rf,3,5,2270,0.1977737284184587,0.1511613179152517,0.34936699001479493,0.3577492099997976
LogD,fus_GR_late_rf,4,5,2270,0.18934083208311947,0.0957020857611265,0.3594241160585615,0.36403337744764985
LogD,lgbm,0,5,2270,0.16839659918791866,0.07150442679715181,0.35985563731862813,0.3654422063760095
LogD,lgbm,1,5,2270,0.16358207660240115,0.06265037372871429,0.3630409264312354,0.3669719620781117
LogD,lgbm,2,5,2270,0.17417567630169503,0.060287298232462865,0.3504044659737904,0.35969835059759775
LogD,lgbm,3,5,2270,0.16889866673264262,0.04788603716794107,0.35297207145785264,0.3582640865996367
LogD,lgbm,4,5,2270,0.1597572316445704,0.09359959005085781,0.36351265082621387,0.3677469078106347
LogD,uni_G_attfp,0,5,2270,0.24815430914251532,0.18901910355243107,0.1891169536901599,0.20773413058746462
LogD,uni_G_attfp,1,5,2270,0.2195114562583639,0.2661312744096127,0.23368311856628116,0.2463827788939316
LogD,uni_G_attfp,2,5,2270,0.22882182553377067,0.20445600797155625,0.22048153178085955,0.23714950552826425
LogD,uni_G_attfp,3,5,2270,0.2119761773021046,0.3080794274647738,0.2361395458802155,0.24630788937785927
LogD,uni_G_attfp,4,5,2270,0.20588393644109323,0.30575710856207594,0.24219045047993287,0.25405028676287905
LogD,uni_G_lgbm,0,5,2270,0.2339697451093845,0.20427793038486913,0.20454911381753638,0.2160885648453188
LogD,uni_G_lgbm,1,5,2270,0.21725085755410323,0.21018743023010833,0.23636522026540605,0.24786148753047785
LogD,uni_G_lgbm,2,5,2270,0.216774768691793,0.21656737629016498,0.2368766195117002,0.2516077544853797
LogD,uni_G_lgbm,3,5,2270,0.2145708315388595,0.29444208349191425,0.23269379793868822,0.24160267484004644
LogD,uni_G_lgbm,4,5,2270,0.2032251149194011,0.27320570650740933,0.24928978640463972,0.25768219500722783
LogD,uni_G_rf,0,5,2270,0.22640479408865435,0.2065792081308483,0.20784057492852534,0.21768402423190494
LogD,uni_G_rf,1,5,2270,0.20843618730826077,0.2259917651951457,0.24242526328746028,0.2515453990202002
LogD,uni_G_rf,2,5,2270,0.20965825964178417,0.22580144621673448,0.24072759233614488,0.25208434989226786
LogD,uni_G_rf,3,5,2270,0.20600842513212567,0.30457646249576903,0.24205214614566514,0.24997902174780956
LogD,uni_G_rf,4,5,2270,0.19478610358216783,0.26266306168868087,0.25412676541997536,0.26099818780071643
LogD,uni_M_lgbm,0,5,2270,0.2359565699444719,0.11678467212157506,0.38870950434647306,0.4018230680277974
LogD,uni_M_lgbm,1,5,2270,0.23133777442132303,0.11601373221489894,0.3887033144142087,0.40094641204398274
LogD,uni_M_lgbm,2,5,2270,0.23452378974806848,0.16543646282297697,0.39297584516673845,0.4029039455237995
LogD,uni_M_lgbm,3,5,2270,0.2279798567218144,0.06572994319717808,0.38454766413077324,0.39585102910485054
LogD,uni_M_lgbm,4,5,2270,0.2343755351224192,0.1615436796708671,0.3874189458980806,0.3985187947080407
LogD,uni_M_rf,0,5,2270,0.1141681160396877,0.09456603176706808,0.5588748313239018,0.5613584059317304
LogD,uni_M_rf,1,5,2270,0.11970915150568494,0.06624665812115306,0.5490709475440794,0.5506570810162382
LogD,uni_M_rf,2,5,2270,0.11638074818645733,0.06759227081473808,0.5571204230300119,0.5599502946954226
LogD,uni_M_rf,3,5,2270,0.11627712297801783,0.04562903777895149,0.5541374986161097,0.5565388122094138
LogD,uni_M_rf,4,5,2270,0.12078987352793143,0.15327520071389983,0.5472879139339347,0.5500233106651292
LogD,uni_R_lgbm,0,5,2270,0.1847273551241527,0.09361833221427551,0.3622232321246545,0.36819272049991625
LogD,uni_R_lgbm,1,5,2270,0.18195590291066954,0.1425645574708991,0.3722110540004653,0.3782685277896709
LogD,uni_R_lgbm,2,5,2270,0.18209720046272745,0.09277163463801397,0.36139637017607534,0.3674999980151259
LogD,uni_R_lgbm,3,5,2270,0.19293722068718305,0.1497819175407126,0.3525935162906054,0.3604392762638756
LogD,uni_R_lgbm,4,5,2270,0.18479488839869898,0.09968786816116017,0.3624038729811781,0.36685300198613846
LogD,uni_R_rf,0,5,2270,0.10762734047965547,0.10226155376147918,0.4811264700930317,0.48259334649750807
LogD,uni_R_rf,1,5,2270,0.10943278518595478,0.04125018770031914,0.48062029998291445,0.48247160079069895
LogD,uni_R_rf,2,5,2270,0.1023032568636347,0.06482872506006493,0.4847605258089057,0.48612029699158166
LogD,uni_R_rf,3,5,2270,0.10886317938203635,0.06951410541834241,0.48089413706436607,0.4826324764876685
LogD,uni_R_rf,4,5,2270,0.10901019647989171,0.0683265959150555,0.47879965300615823,0.48045954243602607
LogD,uni_S_lgbm,0,5,2270,0.3114894707496371,0.20819545799706043,0.19413496015781276,0.22521146143026904
LogD,uni_S_lgbm,1,5,2270,0.31132950367796103,0.2407015926513228,0.2135620986641922,0.24477079933912702
LogD,uni_S_lgbm,2,5,2270,0.2924671108340753,0.13137104259226526,0.22542992722220487,0.24836303862584666
LogD,uni_S_lgbm,3,5,2270,0.3186595780119637,0.15605288509994983,0.1942401069564426,0.2225530046764189
LogD,uni_S_lgbm,4,5,2270,0.29342539111300203,0.130978500055659,0.2206291314315758,0.24271502712528364
LogD,uni_S_rf,0,5,2270,0.28085611800867094,0.17889851420524644,0.21727310739514705,0.23814239944890095
LogD,uni_S_rf,1,5,2270,0.27890924751411184,0.21660730088927552,0.22746479433610844,0.2517616692650758
LogD,uni_S_rf,2,5,2270,0.24921557137829475,0.14463553885482777,0.2569737788419696,0.27371618515662177
LogD,uni_S_rf,3,5,2270,0.28425912606540044,0.1611545782595344,0.21478618597571555,0.23501424025621023
LogD,uni_S_rf,4,5,2270,0.2645436607565433,0.13743624335102833,0.23046385392774446,0.24904850579054919
LogS,chemeleon,0,5,2170,0.09970705426716682,0.3219773888309849,0.23457565945752257,0.2368968944520028
LogS,chemeleon,1,5,2170,0.10885357679145076,0.37784037183241526,0.23595198965628172,0.23855965338727422
LogS,chemeleon,2,5,2170,0.11785525410952165,0.30447880215714895,0.23488183900511472,0.23760399443337418
LogS,chemeleon,3,5,2170,0.12355629075103254,0.3037986479685898,0.21888344253765862,0.22246256742469162
LogS,chemeleon,4,5,2170,0.12360925007901029,0.3770804022529971,0.23212153041962283,0.2357221453362744
LogS,chemprop,0,5,2170,0.09462985953157342,0.4145994090665684,0.30130628541704135,0.3020926737397092
LogS,chemprop,1,5,2170,0.09156254883373832,0.29777223757648236,0.30080680990966213,0.3017353450413383
LogS,chemprop,2,5,2170,0.09330707575747414,0.3777657655526105,0.3043221434105764,0.3048697569953938
LogS,chemprop,3,5,2170,0.09990246446321924,0.32645410426223476,0.29399637458977,0.2947939885909287
LogS,chemprop,4,5,2170,0.09913073209045746,0.3308870968067498,0.2961259589686547,0.29644853862742226
LogS,chemprop_st,0,5,2170,0.1139180529942049,0.3800431757680041,0.2693570065147486,0.2704252452650044
LogS,chemprop_st,1,5,2170,0.1212238794939346,0.3923552674325774,0.25595810486935,0.2574522379136798
LogS,chemprop_st,2,5,2170,0.12266293118310281,0.383230265295907,0.25737776867828516,0.25946853870532605
LogS,chemprop_st,3,5,2170,0.12289281598955695,0.3464652716280966,0.26426347697822006,0.26598795247044604
LogS,chemprop_st,4,5,2170,0.11365233653859444,0.37572612994355703,0.2780215675150899,0.2797014375987997
LogS,fus_GRMS_early_attfp,0,5,2170,0.2856358334628344,0.29374971109158476,0.21466782348696462,0.21039199337542552
LogS,fus_GRMS_early_attfp,1,5,2170,0.2825664317203888,0.3350357880888991,0.18938497808251725,0.1936416981573222
LogS,fus_GRMS_early_attfp,2,5,2170,0.311612255380892,0.3864165426741251,0.16397532246096938,0.17368430504312712
LogS,fus_GRMS_early_attfp,3,5,2170,0.268785680717775,0.42852410217903,0.22821802077380463,0.23834390043295228
LogS,fus_GRMS_early_attfp,4,5,2170,0.23389941592298588,0.37988763597817526,0.2524249993568656,0.2591568877475137
LogS,fus_GRMS_early_lgbm,0,5,2170,0.1922919263581675,0.4872897193903276,0.2602176726285508,0.2613340240630454
LogS,fus_GRMS_early_lgbm,1,5,2170,0.1984651288797938,0.5099914199993065,0.23399564721501898,0.2347764001364383
LogS,fus_GRMS_early_lgbm,2,5,2170,0.24334278626981007,0.5096144837010945,0.2180070249858217,0.2186925402094826
LogS,fus_GRMS_early_lgbm,3,5,2170,0.17253612988435552,0.44165874355049656,0.27697379005632483,0.2777172519515056
LogS,fus_GRMS_early_lgbm,4,5,2170,0.18662980072188587,0.4741222515624013,0.2426755741939986,0.24294963399482655
LogS,fus_GRMS_early_rf,0,5,2170,0.17479707065971326,0.4759374274211424,0.285222829067992,0.28604169061010193
LogS,fus_GRMS_early_rf,1,5,2170,0.18376661114498893,0.5018370060603229,0.2581868970789308,0.2590718028442177
LogS,fus_GRMS_early_rf,2,5,2170,0.22329240274703085,0.5167049119451796,0.2473360762858572,0.24781658516901964
LogS,fus_GRMS_early_rf,3,5,2170,0.1561288938995363,0.41923693831058023,0.2979752808986165,0.29855432609310295
LogS,fus_GRMS_early_rf,4,5,2170,0.17510886886155252,0.49196194028653073,0.26820433137174027,0.2691671956894262
LogS,fus_GRMS_late_attfp,0,5,2170,0.09751987080124498,0.33894684146044274,0.37627406779818656,0.37717329862792154
LogS,fus_GRMS_late_attfp,1,5,2170,0.11471564062680337,0.32223967519099117,0.35801244762028916,0.3590888073340027
LogS,fus_GRMS_late_attfp,2,5,2170,0.12072802340503408,0.337707292350522,0.3536285737211314,0.3547999375285669
LogS,fus_GRMS_late_attfp,3,5,2170,0.1111252936035442,0.34197331818990323,0.3569891693338415,0.35833171689107246
LogS,fus_GRMS_late_attfp,4,5,2170,0.11507416809283255,0.34752544138697805,0.34810633273805014,0.34920141698605534
LogS,fus_GRMS_late_lgbm,0,5,2170,0.1684197816837611,0.34627332170020664,0.3370011375584057,0.33778715302438034
LogS,fus_GRMS_late_lgbm,1,5,2170,0.16419267338176743,0.3953417669643595,0.3497167592623114,0.35086459150494154
LogS,fus_GRMS_late_lgbm,2,5,2170,0.16635158028450808,0.42643253577848445,0.3415791140473577,0.34191027120815987
LogS,fus_GRMS_late_lgbm,3,5,2170,0.16733099684792155,0.3848292217846214,0.35407157375497483,0.3546530956809352
LogS,fus_GRMS_late_lgbm,4,5,2170,0.17008702829922173,0.3447812302730326,0.3435729640257529,0.34376730666441885
LogS,fus_GRMS_late_rf,0,5,2170,0.15752498150051938,0.3635551825371351,0.33774839393506617,0.3389343531973184
LogS,fus_GRMS_late_rf,1,5,2170,0.15071214145178063,0.3809062680347921,0.35124558243155013,0.3518332993859473
LogS,fus_GRMS_late_rf,2,5,2170,0.15629366679384582,0.4119657602748674,0.34059663836193377,0.34157884509776837
LogS,fus_GRMS_late_rf,3,5,2170,0.15380241767574018,0.35708066558885565,0.3572895492697117,0.3580813538494043
LogS,fus_GRMS_late_rf,4,5,2170,0.15454933071507337,0.3432246244243611,0.34693468392791554,0.34736071234586485
LogS,fus_GRM_early_attfp,0,5,2170,0.1597361198522858,0.32538255038675845,0.32924503457852977,0.3325809096584237
LogS,fus_GRM_early_attfp,1,5,2170,0.198128953803036,0.44968959292901517,0.2969289813197116,0.30211056812558085
LogS,fus_GRM_early_attfp,2,5,2170,0.20824658419824588,0.3883153109143681,0.3240170965292453,0.3320569266887149
LogS,fus_GRM_early_attfp,3,5,2170,0.15698680614337968,0.271384997901911,0.35113665528725746,0.35391928776825854
LogS,fus_GRM_early_attfp,4,5,2170,0.18286788448907595,0.28896750874659993,0.3074727293091402,0.31117754377583795
LogS,fus_GRM_early_lgbm,0,5,2170,0.1422348916993967,0.4730370700637102,0.3152019884500008,0.3159620308149577
LogS,fus_GRM_early_lgbm,1,5,2170,0.17821012507795636,0.5124826892989613,0.26372578786554013,0.2641657163837878
LogS,fus_GRM_early_lgbm,2,5,2170,0.12988370360046125,0.43607583222684854,0.33375530427801325,0.3332391958207289
LogS,fus_GRM_early_lgbm,3,5,2170,0.14732915881526373,0.44763016073515444,0.30185528146223695,0.30169584971236335
LogS,fus_GRM_early_lgbm,4,5,2170,0.16544443937317013,0.478577218086503,0.2707104192859063,0.2709648125904592
LogS,fus_GRM_early_rf,0,5,2170,0.1404847240025094,0.4539976153402733,0.31187990800228604,0.31234074747381607
LogS,fus_GRM_early_rf,1,5,2170,0.17491014955706574,0.5080157211605638,0.2620161577293217,0.26260065340682337
LogS,fus_GRM_early_rf,2,5,2170,0.12633625152459688,0.42778574263637803,0.3247277827488543,0.3247598712413542
LogS,fus_GRM_early_rf,3,5,2170,0.14350109342846462,0.44713675482456255,0.30075707365230087,0.30059848422806207
LogS,fus_GRM_early_rf,4,5,2170,0.16658323043566653,0.49848548517064767,0.26625877536597437,0.2667791287254909
LogS,fus_GRM_late_attfp,0,5,2170,0.0907226092484408,0.3133031943872681,0.39795946845784375,0.3988943983135248
LogS,fus_GRM_late_attfp,1,5,2170,0.11100694044713764,0.4521284930813173,0.3635511728827417,0.3646544415516335
LogS,fus_GRM_late_attfp,2,5,2170,0.09244968065275602,0.3554891440961018,0.38780255810409275,0.38857130024709763
LogS,fus_GRM_late_attfp,3,5,2170,0.11281530001639403,0.2921343158321295,0.3660127456550957,0.3685109279137358
LogS,fus_GRM_late_attfp,4,5,2170,0.10033439825199252,0.4129678059272574,0.3763178909520281,0.3772633421223186
LogS,fus_GRM_late_lgbm,0,5,2170,0.16458617656480273,0.36969814409180557,0.3394134783772417,0.3401441715300579
LogS,fus_GRM_late_lgbm,1,5,2170,0.159140457800056,0.38304767874155965,0.3426269010799007,0.34302381386294933
LogS,fus_GRM_late_lgbm,2,5,2170,0.16430925099282687,0.40855633954251114,0.33857264728285286,0.3393526022894615
LogS,fus_GRM_late_lgbm,3,5,2170,0.16067669790866734,0.3369987922687437,0.35194788243452074,0.352588715133953
LogS,fus_GRM_late_lgbm,4,5,2170,0.15656358375656915,0.3455759589469322,0.3479026769687456,0.34813061216340785
LogS,fus_GRM_late_rf,0,5,2170,0.1439350725221693,0.33379570277640314,0.3596361930134691,0.36054354025097746
LogS,fus_GRM_late_rf,1,5,2170,0.13995657101630077,0.3943649035482811,0.3585243258353224,0.3593094838854534
LogS,fus_GRM_late_rf,2,5,2170,0.14947451505454645,0.3913408275524396,0.35183367511716274,0.3527717474114274
LogS,fus_GRM_late_rf,3,5,2170,0.1435877630143173,0.3177512496479223,0.36684517524661564,0.3674638057054224
LogS,fus_GRM_late_rf,4,5,2170,0.14161273536934793,0.3325481445080824,0.3577333226735064,0.3582757015512013
LogS,fus_GRS_early_attfp,0,5,2170,0.25507130299524844,0.330899721942202,0.22109508759068386,0.22906372764525035
LogS,fus_GRS_early_attfp,1,5,2170,0.2756259758824816,0.347766359531473,0.21595889394039086,0.22325702347365275
LogS,fus_GRS_early_attfp,2,5,2170,0.3179307519765293,0.44973115676267555,0.18282833524118236,0.1965635333754264
LogS,fus_GRS_early_attfp,3,5,2170,0.2598040484942396,0.4011777735490873,0.2537968811033289,0.2611129555640708
LogS,fus_GRS_early_attfp,4,5,2170,0.2432766567941497,0.40127283447110834,0.2584193863865801,0.2664384663795877
LogS,fus_GRS_early_lgbm,0,5,2170,0.19252751753631617,0.4923545251036466,0.25959980368378094,0.26070708824878003
LogS,fus_GRS_early_lgbm,1,5,2170,0.20419959094898332,0.5110416525548643,0.22685872348375424,0.2272198154936644
LogS,fus_GRS_early_lgbm,2,5,2170,0.24441891878736424,0.5199517956701354,0.21595679348796237,0.2166792209960966
LogS,fus_GRS_early_lgbm,3,5,2170,0.1746683328376421,0.44762869834933067,0.2712250432801196,0.2715449452171862
LogS,fus_GRS_early_lgbm,4,5,2170,0.18516838141031702,0.47745121530873386,0.24664904741284582,0.24733105096235095
LogS,fus_GRS_early_rf,0,5,2170,0.17732264655967805,0.486524805093971,0.28068542313635936,0.2818326790197186
LogS,fus_GRS_early_rf,1,5,2170,0.1848369981366474,0.49905414858239894,0.2547852398632827,0.25518437344079414
LogS,fus_GRS_early_rf,2,5,2170,0.22582086721302044,0.5189504064065866,0.24322842461484398,0.24375299015556248
LogS,fus_GRS_early_rf,3,5,2170,0.15957908112576294,0.42338543471274065,0.2915715027218946,0.2920533583718409
LogS,fus_GRS_early_rf,4,5,2170,0.17744876077465255,0.5002751471185503,0.26419251344798544,0.2651331567622214
LogS,fus_GRS_late_attfp,0,5,2170,0.11795404737701887,0.3334415688070752,0.34775474790631594,0.3493937944938828
LogS,fus_GRS_late_attfp,1,5,2170,0.11919788977547047,0.3495428793608142,0.3422617786902544,0.3435381685554408
LogS,fus_GRS_late_attfp,2,5,2170,0.13700233265906936,0.334429586535805,0.32216660322393625,0.32376464805030913
LogS,fus_GRS_late_attfp,3,5,2170,0.1272366458230054,0.33688113444076817,0.33644636647094167,0.3387108983086072
LogS,fus_GRS_late_attfp,4,5,2170,0.12203953830314783,0.35851263693493857,0.33154277955605704,0.3332479487380381
LogS,fus_GRS_late_lgbm,0,5,2170,0.19489727670341905,0.3958566240920153,0.3025837690589032,0.3035321784306273
LogS,fus_GRS_late_lgbm,1,5,2170,0.18570014475504398,0.39449018449060497,0.31697883760053297,0.31824103246384583
LogS,fus_GRS_late_lgbm,2,5,2170,0.1911866679873426,0.43511000119377374,0.30254687047121714,0.30424550712874426
LogS,fus_GRS_late_lgbm,3,5,2170,0.1963699564755628,0.4077022057587384,0.3112590093411718,0.31286828171005526
LogS,fus_GRS_late_lgbm,4,5,2170,0.19183692468655386,0.38370144054338157,0.31179655168213144,0.31281166699607565
LogS,fus_GRS_late_rf,0,5,2170,0.18159516418440072,0.37948825969546535,0.31266823121585197,0.31469117914877465
LogS,fus_GRS_late_rf,1,5,2170,0.1719040701615363,0.37338967492941794,0.32581702221779,0.3275404968894604
LogS,fus_GRS_late_rf,2,5,2170,0.1797999808251184,0.424503365620793,0.3100824360777103,0.3116887415711522
LogS,fus_GRS_late_rf,3,5,2170,0.1835047882199697,0.3823851528341681,0.32021588679367685,0.3218922316217861
LogS,fus_GRS_late_rf,4,5,2170,0.18018181436424535,0.3981145487377561,0.3197674863615241,0.32090181966476616
LogS,fus_GR_early_attfp,0,5,2170,0.17410384724200234,0.4994302041809883,0.3245268267207433,0.33034807385875964
LogS,fus_GR_early_attfp,1,5,2170,0.15568322540040072,0.34188976892109746,0.36999521009691094,0.3745861288574716
LogS,fus_GR_early_attfp,2,5,2170,0.17135653546060103,0.4681235682803851,0.3471276873415016,0.3507885832294487
LogS,fus_GR_early_attfp,3,5,2170,0.144785398427612,0.36268786398436026,0.361272915548683,0.3641861891711298
LogS,fus_GR_early_attfp,4,5,2170,0.14725415572358688,0.37313102987496877,0.3424584145907119,0.34571806638090097
LogS,fus_GR_early_lgbm,0,5,2170,0.16112302238682605,0.4655331337071687,0.29758445518318577,0.29789338392388676
LogS,fus_GR_early_lgbm,1,5,2170,0.1993999586075262,0.5205725539555703,0.24715715770731672,0.24794266410708654
LogS,fus_GR_early_lgbm,2,5,2170,0.1476397091570723,0.4439213308220413,0.3204772966983198,0.32066191729702054
LogS,fus_GR_early_lgbm,3,5,2170,0.17090791542945846,0.46488526372518874,0.27915605367381524,0.2791563321641319
LogS,fus_GR_early_lgbm,4,5,2170,0.1811095481687684,0.49175419224268574,0.24648133570584407,0.24646021642813531
LogS,fus_GR_early_rf,0,5,2170,0.14972477199123088,0.46495638407497814,0.3026959116905136,0.3028697224143871
LogS,fus_GR_early_rf,1,5,2170,0.18292121532507827,0.5197501737828222,0.25393613202101806,0.2545017556673395
LogS,fus_GR_early_rf,2,5,2170,0.1336849181841686,0.421471690635559,0.3198997649810879,0.3196720678453574
LogS,fus_GR_early_rf,3,5,2170,0.1501743798521644,0.4434184569867577,0.2923699333318843,0.2922449831569169
LogS,fus_GR_early_rf,4,5,2170,0.17091826936812457,0.5007608880219067,0.25957840301931695,0.2601588305609357
LogS,fus_GR_late_attfp,0,5,2170,0.10157827250817723,0.3419186627600097,0.37356411500473763,0.3757561186758902
LogS,fus_GR_late_attfp,1,5,2170,0.1127618326009478,0.436289317925645,0.362233270093822,0.36349999872257915
LogS,fus_GR_late_attfp,2,5,2170,0.10027483289438646,0.359240814438994,0.37430235071716333,0.3760686342338348
LogS,fus_GR_late_attfp,3,5,2170,0.11546069247124235,0.32719207257439936,0.35920196766006074,0.3622573864997106
LogS,fus_GR_late_attfp,4,5,2170,0.11075949217002434,0.46402359970062623,0.3556005788625005,0.35711788508879705
LogS,fus_GR_late_lgbm,0,5,2170,0.17988165734428174,0.3767974340507762,0.31818618871626286,0.3197478533652604
LogS,fus_GR_late_lgbm,1,5,2170,0.17079974859688388,0.38587090366316873,0.32802739114080515,0.3290231285381861
LogS,fus_GR_late_lgbm,2,5,2170,0.17706015600506267,0.4273670917644548,0.3125195624083333,0.31395939275505497
LogS,fus_GR_late_lgbm,3,5,2170,0.1835280400466233,0.39960963321992443,0.32076025610651604,0.3219700270576695
LogS,fus_GR_late_lgbm,4,5,2170,0.17940991525649438,0.4033143496110739,0.32331312027183384,0.3242178872787467
LogS,fus_GR_late_rf,0,5,2170,0.16910511563247943,0.3859637683721358,0.3234327941368954,0.32501227717687947
LogS,fus_GR_late_rf,1,5,2170,0.16203461413891102,0.3808597024721162,0.3304883947722788,0.3311451959127126
LogS,fus_GR_late_rf,2,5,2170,0.16817181960429825,0.431079384498847,0.3156719028136418,0.31694533945729225
LogS,fus_GR_late_rf,3,5,2170,0.17195652229259814,0.3920019236350981,0.32437277002725057,0.3258946918393151
LogS,fus_GR_late_rf,4,5,2170,0.1701316180708108,0.41642961235913956,0.3241225138317049,0.32488916447988364
LogS,lgbm,0,5,2170,0.11400576516172804,0.29839175199550527,0.33425268872611164,0.33484601899820476
LogS,lgbm,1,5,2170,0.12665305506048252,0.33030738607448085,0.3213382096059396,0.3223454565351812
LogS,lgbm,2,5,2170,0.11355465482669871,0.30200722787162654,0.33462519071596847,0.33565359712623055
LogS,lgbm,3,5,2170,0.119500211353353,0.22981654614987693,0.32350604656348353,0.323990107805426
LogS,lgbm,4,5,2170,0.12278402566102702,0.30218838867855485,0.32630731540683566,0.3275493435120192
LogS,uni_G_attfp,0,5,2170,0.17447222231238732,0.3752043020038833,0.2958566667025676,0.29815373242511345
LogS,uni_G_attfp,1,5,2170,0.18260029897198504,0.4849706195262892,0.24331940403984875,0.2453181954457606
LogS,uni_G_attfp,2,5,2170,0.1364587748642353,0.44909618190170336,0.3235652294006308,0.3245903764459963
LogS,uni_G_attfp,3,5,2170,0.15854475561875953,0.40597706074332957,0.29547448385750075,0.296907891313349
LogS,uni_G_attfp,4,5,2170,0.18129065667729508,0.5123192029079139,0.2515297465465145,0.25278050215390346
LogS,uni_G_lgbm,0,5,2170,0.1444758747277853,0.47684993009259485,0.3123919031531692,0.31309109765980575
LogS,uni_G_lgbm,1,5,2170,0.17907244493958321,0.5142343703473177,0.26240772942615703,0.2628508243767077
LogS,uni_G_lgbm,2,5,2170,0.13162471381316776,0.43432284167586394,0.32980306458397424,0.32931303755988034
LogS,uni_G_lgbm,3,5,2170,0.1484766217937676,0.4542833018679897,0.3005206445956127,0.30024295043754495
LogS,uni_G_lgbm,4,5,2170,0.1667372373485549,0.4840569793242688,0.26914836923030844,0.26931757412138996
LogS,uni_G_rf,0,5,2170,0.14972353353195653,0.46306276166881827,0.3026253628237504,0.3029089849859071
LogS,uni_G_rf,1,5,2170,0.18313252375484465,0.5202902413050329,0.2529794867662772,0.2534176207891681
LogS,uni_G_rf,2,5,2170,0.1338377108144105,0.4197598532549687,0.3184825234638997,0.31839239892039445
LogS,uni_G_rf,3,5,2170,0.15185770373270477,0.44548715090536006,0.29127631988245634,0.2913021094320207
LogS,uni_G_rf,4,5,2170,0.17184396818666467,0.501705393800686,0.25850458403611803,0.25891617654044247
LogS,uni_M_lgbm,0,5,2170,0.13070060216399162,0.25584580413826247,0.3929507521882803,0.39403608341948515
LogS,uni_M_lgbm,1,5,2170,0.13459094785197295,0.36266802276173193,0.3891281269583299,0.3905985526961457
LogS,uni_M_lgbm,2,5,2170,0.13094434098069696,0.3006974287080457,0.3929273167951129,0.39403211748581757
LogS,uni_M_lgbm,3,5,2170,0.13527236824802993,0.29900416596157625,0.3899191369847645,0.3908601783163219
LogS,uni_M_lgbm,4,5,2170,0.13003178293020173,0.33476405416663846,0.3901436853619413,0.3911804236924792
LogS,uni_M_rf,0,5,2170,0.06972327580278678,0.11256146565179906,0.49693452787635234,0.49780194825396235
LogS,uni_M_rf,1,5,2170,0.07115709047593535,0.17349381744131434,0.49363867784170956,0.4946719385735794
LogS,uni_M_rf,2,5,2170,0.07422750252668328,0.11812896212758457,0.4927569378686901,0.49341467297604247
LogS,uni_M_rf,3,5,2170,0.07169111831751573,0.1529647267354262,0.4926085668425557,0.49331435053139655
LogS,uni_M_rf,4,5,2170,0.07116142275454579,0.1722179525336347,0.49169946010372056,0.49243102887261475
LogS,uni_R_lgbm,0,5,2170,0.13338616175342724,0.3556468238262028,0.35838660999205485,0.36062816962852606
LogS,uni_R_lgbm,1,5,2170,0.13191509994567152,0.3226264229047735,0.3598010152072217,0.361290830649417
LogS,uni_R_lgbm,2,5,2170,0.13463873766321013,0.3969421499201816,0.3508557867742199,0.35271764763346986
LogS,uni_R_lgbm,3,5,2170,0.13606397489437916,0.33091686602260806,0.35501731614068455,0.3577378180337921
LogS,uni_R_lgbm,4,5,2170,0.13661904282367007,0.4035649361539669,0.35500616096114235,0.356595963323183
LogS,uni_R_rf,0,5,2170,0.07518885632536795,0.23801128032414143,0.44570475722807285,0.446667997741797
LogS,uni_R_rf,1,5,2170,0.07424802409854377,0.18752967157241668,0.4484691992685361,0.4491316481808218
LogS,uni_R_rf,2,5,2170,0.0770133215972596,0.21780129539794157,0.4489071726432853,0.44957724509178904
LogS,uni_R_rf,3,5,2170,0.07619084516506064,0.09365081026891875,0.4499179031806564,0.45069074548921595
LogS,uni_R_rf,4,5,2170,0.07577680616856676,0.2292255508566056,0.44833281687621,0.44902460347617307
LogS,uni_S_lgbm,0,5,2170,0.24124600224698997,0.445302406222818,0.22015404621566856,0.22146212608621563
LogS,uni_S_lgbm,1,5,2170,0.23705942973224173,0.4514176106660781,0.231647419461732,0.23217062277264033
LogS,uni_S_lgbm,2,5,2170,0.29273213529660075,0.4798232639977766,0.18507845605044168,0.18615296132976722
LogS,uni_S_lgbm,3,5,2170,0.21755264252139456,0.4499607480727476,0.25754170986263153,0.2581597150717641
LogS,uni_S_lgbm,4,5,2170,0.22267520190507706,0.40316469004770367,0.24117608847961938,0.24218973142538894
LogS,uni_S_rf,0,5,2170,0.2244676760088248,0.46202305727599663,0.2433013172822974,0.24377775282997358
LogS,uni_S_rf,1,5,2170,0.21893972243749213,0.4650534439716996,0.25174842203417036,0.2527052795522019
LogS,uni_S_rf,2,5,2170,0.2746823266605254,0.48771814899701604,0.20755645460758526,0.2083470353823348
LogS,uni_S_rf,3,5,2170,0.2045671662998414,0.42505867534231406,0.268737034112372,0.26937055060971077
LogS,uni_S_rf,4,5,2170,0.20691927200641844,0.39367739152331566,0.2577678363076258,0.258658541952933
