bin,n,mean_sigma,mean_abs_error,endpoint,method
0,202,0.01711084417041744,0.2414618187000772,LOG_Caco_AB,chemeleon
1,202,0.026311269423005285,0.2927469975988111,LOG_Caco_AB,chemeleon
2,202,0.032984568662185916,0.28896513945771907,LOG_Caco_AB,chemeleon
3,202,0.038791096213435426,0.2916614890076463,LOG_Caco_AB,chemeleon
4,202,0.04608766220253832,0.3128251036480599,LOG_Caco_AB,chemeleon
5,202,0.05606335709090674,0.2975029069497502,LOG_Caco_AB,chemeleon
6,202,0.07426512150544454,0.3198744338638741,LOG_Caco_AB,chemeleon
7,202,0.10996409957668592,0.25897663297294526,LOG_Caco_AB,chemeleon
0,202,0.018763340589157913,0.3181896988457291,LOG_Caco_AB,chemprop
1,202,0.027735975301168145,0.3037923541799715,LOG_Caco_AB,chemprop
2,202,0.03322529232158496,0.33264831904630815,LOG_Caco_AB,chemprop
3,202,0.03864971428372633,0.3560047133418106,LOG_Caco_AB,chemprop
4,202,0.04398821958190931,0.33533262157279575,LOG_Caco_AB,chemprop
5,202,0.04981577495227672,0.34014109877970206,LOG_Caco_AB,chemprop
6,202,0.05873526287647518,0.3189206507503526,LOG_Caco_AB,chemprop
7,202,0.08217234372936351,0.33603163582327333,LOG_Caco_AB,chemprop
0,202,0.01802239711825321,0.3397327884832745,LOG_Caco_AB,chemprop_st
1,202,0.025579933733132477,0.3752035351845877,LOG_Caco_AB,chemprop_st
2,202,0.031661882303352436,0.33499494509065586,LOG_Caco_AB,chemprop_st
3,202,0.037534963480079744,0.34541035131535025,LOG_Caco_AB,chemprop_st
4,202,0.04312526797378336,0.37851915970776523,LOG_Caco_AB,chemprop_st
5,202,0.04938090694975858,0.3786057130596382,LOG_Caco_AB,chemprop_st
6,202,0.05752960138348215,0.3841919670612096,LOG_Caco_AB,chemprop_st
7,202,0.07827667596253418,0.4083939402699747,LOG_Caco_AB,chemprop_st
0,202,0.029092283401958952,0.23726046139266052,LOG_Caco_AB,fus_GRMS_early_attfp
1,202,0.04299795890596196,0.29133655559918764,LOG_Caco_AB,fus_GRMS_early_attfp
2,202,0.05303299657833722,0.3153495964046683,LOG_Caco_AB,fus_GRMS_early_attfp
3,202,0.06269145398031743,0.3230024683640975,LOG_Caco_AB,fus_GRMS_early_attfp
4,202,0.07296003403828616,0.33277670136718895,LOG_Caco_AB,fus_GRMS_early_attfp
5,202,0.08730788334230345,0.2904838240694199,LOG_Caco_AB,fus_GRMS_early_attfp
6,202,0.108329683385351,0.29298083825716215,LOG_Caco_AB,fus_GRMS_early_attfp
7,202,0.2287984055604753,0.31469249908965186,LOG_Caco_AB,fus_GRMS_early_attfp
0,202,0.018287513139846296,0.20686002416796598,LOG_Caco_AB,fus_GRMS_early_lgbm
1,202,0.029293115506692287,0.23817457938074565,LOG_Caco_AB,fus_GRMS_early_lgbm
2,202,0.03818498654794275,0.2594299121223301,LOG_Caco_AB,fus_GRMS_early_lgbm
3,202,0.04839394160069526,0.26699098109198954,LOG_Caco_AB,fus_GRMS_early_lgbm
4,202,0.059196213826732874,0.28897319992988213,LOG_Caco_AB,fus_GRMS_early_lgbm
5,202,0.07154952859877546,0.29893443749541093,LOG_Caco_AB,fus_GRMS_early_lgbm
6,202,0.08721152858158229,0.31973127541126073,LOG_Caco_AB,fus_GRMS_early_lgbm
7,202,0.11629059690039203,0.292537208402163,LOG_Caco_AB,fus_GRMS_early_lgbm
0,202,0.020099347988383438,0.2094743714136715,LOG_Caco_AB,fus_GRMS_early_rf
1,202,0.03176548165403249,0.24123729493273458,LOG_Caco_AB,fus_GRMS_early_rf
2,202,0.041043513551253574,0.2690257609854024,LOG_Caco_AB,fus_GRMS_early_rf
3,202,0.051232379661396286,0.2657279984500964,LOG_Caco_AB,fus_GRMS_early_rf
4,202,0.06199630957184198,0.3032573506676596,LOG_Caco_AB,fus_GRMS_early_rf
5,202,0.07425995891342821,0.3098024269870329,LOG_Caco_AB,fus_GRMS_early_rf
6,202,0.09046786592989337,0.31433894936721,LOG_Caco_AB,fus_GRMS_early_rf
7,202,0.12147130276966009,0.29733560928245073,LOG_Caco_AB,fus_GRMS_early_rf
0,202,0.014597672317572858,0.2856801071396697,LOG_Caco_AB,fus_GRMS_late_attfp
1,202,0.021155771574325744,0.2602601440686695,LOG_Caco_AB,fus_GRMS_late_attfp
2,202,0.025755364338912245,0.2656707998520331,LOG_Caco_AB,fus_GRMS_late_attfp
3,202,0.030210434662079514,0.2689356058048525,LOG_Caco_AB,fus_GRMS_late_attfp
4,202,0.034727783716474815,0.27963160695388667,LOG_Caco_AB,fus_GRMS_late_attfp
5,202,0.03946143509712363,0.26490222504927524,LOG_Caco_AB,fus_GRMS_late_attfp
6,202,0.0461554136070413,0.2904882871743324,LOG_Caco_AB,fus_GRMS_late_attfp
7,202,0.06912469862688875,0.27434632206529497,LOG_Caco_AB,fus_GRMS_late_attfp
0,202,0.018592318056794725,0.2636659645505132,LOG_Caco_AB,fus_GRMS_late_lgbm
1,202,0.02689245839677327,0.2748711519658678,LOG_Caco_AB,fus_GRMS_late_lgbm
2,202,0.03287620492410606,0.2748552267784884,LOG_Caco_AB,fus_GRMS_late_lgbm
3,202,0.03818403622588201,0.32053986425726855,LOG_Caco_AB,fus_GRMS_late_lgbm
4,202,0.04317522988842851,0.2859259951479552,LOG_Caco_AB,fus_GRMS_late_lgbm
5,202,0.04862676715714639,0.2980267458424661,LOG_Caco_AB,fus_GRMS_late_lgbm
6,202,0.05612296516879896,0.32139633426783254,LOG_Caco_AB,fus_GRMS_late_lgbm
7,202,0.07024896489536477,0.3570560057063276,LOG_Caco_AB,fus_GRMS_late_lgbm
0,202,0.01772736770145774,0.26700985572840463,LOG_Caco_AB,fus_GRMS_late_rf
1,202,0.026495123104287168,0.269841807976002,LOG_Caco_AB,fus_GRMS_late_rf
2,202,0.0318916725644144,0.2852269231753461,LOG_Caco_AB,fus_GRMS_late_rf
3,202,0.03691003933913966,0.2967999323679006,LOG_Caco_AB,fus_GRMS_late_rf
4,202,0.04200179191572597,0.2821639256643586,LOG_Caco_AB,fus_GRMS_late_rf
5,202,0.04770089887888791,0.30059778303750156,LOG_Caco_AB,fus_GRMS_late_rf
6,202,0.054760253816765754,0.3227813316126406,LOG_Caco_AB,fus_GRMS_late_rf
7,202,0.07014018157231189,0.33542755931205953,LOG_Caco_AB,fus_GRMS_late_rf
0,202,0.01897512727059226,0.24491116858123094,LOG_Caco_AB,fus_GRM_early_attfp
1,202,0.027623135755108493,0.2696171721016273,LOG_Caco_AB,fus_GRM_early_attfp
2,202,0.03322274069967938,0.27697328112932146,LOG_Caco_AB,fus_GRM_early_attfp
3,202,0.038983909383140766,0.33207721742241086,LOG_Caco_AB,fus_GRM_early_attfp
4,202,0.045174321714162226,0.32825374646538436,LOG_Caco_AB,fus_GRM_early_attfp
5,202,0.052137880338533026,0.31618758931905416,LOG_Caco_AB,fus_GRM_early_attfp
6,202,0.061232966146974876,0.2878569341979704,LOG_Caco_AB,fus_GRM_early_attfp
7,202,0.12368962503726405,0.356246176654525,LOG_Caco_AB,fus_GRM_early_attfp
0,203,0.016102873531674413,0.19657870537137687,LOG_Caco_AB,fus_GRM_early_lgbm
1,201,0.024782667211839072,0.2302662298607235,LOG_Caco_AB,fus_GRM_early_lgbm
2,202,0.031459423054595995,0.24529240644025582,LOG_Caco_AB,fus_GRM_early_lgbm
3,202,0.037647334664540975,0.2722059391885384,LOG_Caco_AB,fus_GRM_early_lgbm
4,202,0.04407959670973386,0.264476037866022,LOG_Caco_AB,fus_GRM_early_lgbm
5,202,0.052402403438707244,0.2882975443071827,LOG_Caco_AB,fus_GRM_early_lgbm
6,202,0.06280449044203375,0.2833696975228446,LOG_Caco_AB,fus_GRM_early_lgbm
7,202,0.08653223526486313,0.310283162888047,LOG_Caco_AB,fus_GRM_early_lgbm
0,202,0.016408698955120538,0.20289695268356098,LOG_Caco_AB,fus_GRM_early_rf
1,202,0.02519035641274386,0.23083859946851204,LOG_Caco_AB,fus_GRM_early_rf
2,202,0.03155309614479264,0.22138504837121867,LOG_Caco_AB,fus_GRM_early_rf
3,202,0.03700107013853454,0.2999463387667432,LOG_Caco_AB,fus_GRM_early_rf
4,202,0.042737180149651555,0.28679822845604785,LOG_Caco_AB,fus_GRM_early_rf
5,202,0.050513060052609506,0.2677711980744494,LOG_Caco_AB,fus_GRM_early_rf
6,202,0.06079017647104463,0.2881650204297736,LOG_Caco_AB,fus_GRM_early_rf
7,202,0.0846417376909291,0.30979616031014146,LOG_Caco_AB,fus_GRM_early_rf
0,202,0.013542436344547723,0.2786588715315149,LOG_Caco_AB,fus_GRM_late_attfp
1,202,0.020686778349156037,0.26529482216626066,LOG_Caco_AB,fus_GRM_late_attfp
2,202,0.025313787339860023,0.2497904449826528,LOG_Caco_AB,fus_GRM_late_attfp
3,202,0.029150837527062955,0.2687309897371025,LOG_Caco_AB,fus_GRM_late_attfp
4,202,0.03321708746200656,0.2877797138223943,LOG_Caco_AB,fus_GRM_late_attfp
5,202,0.03779163146958054,0.2699097179244022,LOG_Caco_AB,fus_GRM_late_attfp
6,202,0.04316307125989127,0.2714194157675026,LOG_Caco_AB,fus_GRM_late_attfp
7,202,0.05474106217750238,0.27480973632877514,LOG_Caco_AB,fus_GRM_late_attfp
0,203,0.019477689520355838,0.25490137705179683,LOG_Caco_AB,fus_GRM_late_lgbm
1,201,0.02909095161822597,0.2790421631809719,LOG_Caco_AB,fus_GRM_late_lgbm
2,202,0.03600587808559021,0.2849690737143772,LOG_Caco_AB,fus_GRM_late_lgbm
3,202,0.042900996560835104,0.27001955297133173,LOG_Caco_AB,fus_GRM_late_lgbm
4,202,0.048962024462364404,0.2859055925648333,LOG_Caco_AB,fus_GRM_late_lgbm
5,202,0.05583418364350371,0.33802204304628064,LOG_Caco_AB,fus_GRM_late_lgbm
6,202,0.06386363226611735,0.34454643080759073,LOG_Caco_AB,fus_GRM_late_lgbm
7,202,0.07829751035607409,0.33132841126376633,LOG_Caco_AB,fus_GRM_late_lgbm
0,202,0.018838716629506154,0.28634210722041437,LOG_Caco_AB,fus_GRM_late_rf
1,202,0.027683739289577944,0.25460707086077145,LOG_Caco_AB,fus_GRM_late_rf
2,202,0.033135053484799414,0.2865468308887815,LOG_Caco_AB,fus_GRM_late_rf
3,203,0.03850697272079231,0.31612568002241975,LOG_Caco_AB,fus_GRM_late_rf
4,201,0.043948783957933495,0.2736178819088472,LOG_Caco_AB,fus_GRM_late_rf
5,202,0.050010907222247276,0.32103353168443816,LOG_Caco_AB,fus_GRM_late_rf
6,202,0.057923408955422535,0.3329570469887166,LOG_Caco_AB,fus_GRM_late_rf
7,202,0.0742056636137348,0.3328959841291258,LOG_Caco_AB,fus_GRM_late_rf
0,202,0.026921446846983096,0.27658353324811125,LOG_Caco_AB,fus_GRS_early_attfp
1,202,0.039907885181959465,0.2824046844793669,LOG_Caco_AB,fus_GRS_early_attfp
2,202,0.04946029345812792,0.28048691111625745,LOG_Caco_AB,fus_GRS_early_attfp
3,202,0.05916428146227017,0.311505631926366,LOG_Caco_AB,fus_GRS_early_attfp
4,202,0.0693716235034194,0.29336591192514533,LOG_Caco_AB,fus_GRS_early_attfp
5,202,0.08291982688363496,0.34089621568916206,LOG_Caco_AB,fus_GRS_early_attfp
6,202,0.10505734475669969,0.3235501300425041,LOG_Caco_AB,fus_GRS_early_attfp
7,202,0.2309383081564504,0.3710294041699276,LOG_Caco_AB,fus_GRS_early_attfp
0,202,0.01834785105613984,0.20882217072050677,LOG_Caco_AB,fus_GRS_early_lgbm
1,202,0.02974277467565876,0.25404892328031964,LOG_Caco_AB,fus_GRS_early_lgbm
2,202,0.03895403009611132,0.2425855245125729,LOG_Caco_AB,fus_GRS_early_lgbm
3,202,0.04897658490392877,0.27233369962340337,LOG_Caco_AB,fus_GRS_early_lgbm
4,202,0.06058214509007882,0.3062761576446639,LOG_Caco_AB,fus_GRS_early_lgbm
5,202,0.0723280500796968,0.2737549438341447,LOG_Caco_AB,fus_GRS_early_lgbm
6,202,0.0869405187646075,0.30721691743782603,LOG_Caco_AB,fus_GRS_early_lgbm
7,202,0.11696477662411942,0.3098415025076216,LOG_Caco_AB,fus_GRS_early_lgbm
0,202,0.02002968760849071,0.21103660877740352,LOG_Caco_AB,fus_GRS_early_rf
1,202,0.031910679011770506,0.24247193372843473,LOG_Caco_AB,fus_GRS_early_rf
2,202,0.04126986775264199,0.2649833141569458,LOG_Caco_AB,fus_GRS_early_rf
3,202,0.05162883406623163,0.2637381511881199,LOG_Caco_AB,fus_GRS_early_rf
4,202,0.06262719788687421,0.300980696975561,LOG_Caco_AB,fus_GRS_early_rf
5,202,0.07524189940961534,0.3110693563021341,LOG_Caco_AB,fus_GRS_early_rf
6,202,0.09158419104645144,0.31706574403866755,LOG_Caco_AB,fus_GRS_early_rf
7,202,0.12236893032393634,0.2899343080852125,LOG_Caco_AB,fus_GRS_early_rf
0,202,0.015508069976093268,0.3061167256626075,LOG_Caco_AB,fus_GRS_late_attfp
1,202,0.0234936580415076,0.2532287994130676,LOG_Caco_AB,fus_GRS_late_attfp
2,202,0.029329053416685458,0.2425435739943421,LOG_Caco_AB,fus_GRS_late_attfp
3,202,0.03525732039568431,0.2610110706201431,LOG_Caco_AB,fus_GRS_late_attfp
4,202,0.041539173564236816,0.25927380910378894,LOG_Caco_AB,fus_GRS_late_attfp
5,202,0.04858215058945819,0.2723794227747307,LOG_Caco_AB,fus_GRS_late_attfp
6,202,0.058208940191223704,0.2738311263856984,LOG_Caco_AB,fus_GRS_late_attfp
7,202,0.098108567048063,0.24418830277519946,LOG_Caco_AB,fus_GRS_late_attfp
0,202,0.02305191607082941,0.25219539284444475,LOG_Caco_AB,fus_GRS_late_lgbm
1,202,0.03552748558146623,0.26235113335722243,LOG_Caco_AB,fus_GRS_late_lgbm
2,202,0.04323425531327586,0.2829949074104275,LOG_Caco_AB,fus_GRS_late_lgbm
3,202,0.05081335486783107,0.279843207978643,LOG_Caco_AB,fus_GRS_late_lgbm
4,202,0.05957325453115752,0.2776689730289282,LOG_Caco_AB,fus_GRS_late_lgbm
5,202,0.06933968302615075,0.28560643716978545,LOG_Caco_AB,fus_GRS_late_lgbm
6,202,0.08193414796569413,0.28985837486570454,LOG_Caco_AB,fus_GRS_late_lgbm
7,202,0.10671174727621874,0.31624931248405286,LOG_Caco_AB,fus_GRS_late_lgbm
0,202,0.021914191117957373,0.2599203848813628,LOG_Caco_AB,fus_GRS_late_rf
1,202,0.03420857239419762,0.27755112863604386,LOG_Caco_AB,fus_GRS_late_rf
2,202,0.04190222092080682,0.2644599319079232,LOG_Caco_AB,fus_GRS_late_rf
3,202,0.04963663360965163,0.26398469207603265,LOG_Caco_AB,fus_GRS_late_rf
4,202,0.05698430207697959,0.2736876632062652,LOG_Caco_AB,fus_GRS_late_rf
5,202,0.06629030788654135,0.31322617339332465,LOG_Caco_AB,fus_GRS_late_rf
6,202,0.07937371812724295,0.30073306952228285,LOG_Caco_AB,fus_GRS_late_rf
7,202,0.10464085684601439,0.29242478797236576,LOG_Caco_AB,fus_GRS_late_rf
0,202,0.017171767750725552,0.29260421936037745,LOG_Caco_AB,fus_GR_early_attfp
1,202,0.02461599798229241,0.2874667796434798,LOG_Caco_AB,fus_GR_early_attfp
2,202,0.029561497244112046,0.2940647386191914,LOG_Caco_AB,fus_GR_early_attfp
3,202,0.03485257179835731,0.2829938431794031,LOG_Caco_AB,fus_GR_early_attfp
4,202,0.04094063437257487,0.3223123080557499,LOG_Caco_AB,fus_GR_early_attfp
5,202,0.050215491767720076,0.31218096616821456,LOG_Caco_AB,fus_GR_early_attfp
6,202,0.06503443778811614,0.28095799542955296,LOG_Caco_AB,fus_GR_early_attfp
7,202,0.10001069749099684,0.3395517833188216,LOG_Caco_AB,fus_GR_early_attfp
0,202,0.016404318566113258,0.19327754732157792,LOG_Caco_AB,fus_GR_early_lgbm
1,203,0.025616325421317015,0.23695696508973046,LOG_Caco_AB,fus_GR_early_lgbm
2,202,0.031785407936245166,0.25438876724982906,LOG_Caco_AB,fus_GR_early_lgbm
3,201,0.03770056695528505,0.25771083354902596,LOG_Caco_AB,fus_GR_early_lgbm
4,202,0.04418722312639435,0.2672473906473544,LOG_Caco_AB,fus_GR_early_lgbm
5,202,0.051437734061075116,0.2777655439680354,LOG_Caco_AB,fus_GR_early_lgbm
6,202,0.06151385534828349,0.2772621102741699,LOG_Caco_AB,fus_GR_early_lgbm
7,202,0.08485872379916568,0.3226668504905987,LOG_Caco_AB,fus_GR_early_lgbm
0,202,0.017240922417247947,0.20643615249524197,LOG_Caco_AB,fus_GR_early_rf
1,203,0.026116423665722564,0.24680124145761045,LOG_Caco_AB,fus_GR_early_rf
2,201,0.032701772466098615,0.23719422133804485,LOG_Caco_AB,fus_GR_early_rf
3,202,0.039162316309488354,0.2603748861588504,LOG_Caco_AB,fus_GR_early_rf
4,202,0.04574757764366351,0.2738611433752935,LOG_Caco_AB,fus_GR_early_rf
5,202,0.05418060459006219,0.3026027710443295,LOG_Caco_AB,fus_GR_early_rf
6,202,0.06627080047283461,0.28193317113659166,LOG_Caco_AB,fus_GR_early_rf
7,202,0.09020668744062844,0.31689861526117524,LOG_Caco_AB,fus_GR_early_rf
0,202,0.015471365278146614,0.29063527353182983,LOG_Caco_AB,fus_GR_late_attfp
1,202,0.022922362970729967,0.25833707971116987,LOG_Caco_AB,fus_GR_late_attfp
2,202,0.02859168566377221,0.24002711279964156,LOG_Caco_AB,fus_GR_late_attfp
3,202,0.034509610295994954,0.2664772056227638,LOG_Caco_AB,fus_GR_late_attfp
4,202,0.04025701537278229,0.26829411001918796,LOG_Caco_AB,fus_GR_late_attfp
5,202,0.04690051495204473,0.28224905607503725,LOG_Caco_AB,fus_GR_late_attfp
6,202,0.05558608650262803,0.2412017827387499,LOG_Caco_AB,fus_GR_late_attfp
7,202,0.07508788465314833,0.24624734690433658,LOG_Caco_AB,fus_GR_late_attfp
0,202,0.022441929313870058,0.2548731888083968,LOG_Caco_AB,fus_GR_late_lgbm
1,202,0.03474879628980119,0.28122018631952544,LOG_Caco_AB,fus_GR_late_lgbm
2,202,0.04280430492852613,0.2640989479731267,LOG_Caco_AB,fus_GR_late_lgbm
3,202,0.05037457346524621,0.2853618977007162,LOG_Caco_AB,fus_GR_late_lgbm
4,202,0.05863412699643243,0.27988975540534505,LOG_Caco_AB,fus_GR_late_lgbm
5,202,0.0676479060138695,0.3061719487524101,LOG_Caco_AB,fus_GR_late_lgbm
6,202,0.08095758945874552,0.277308697638798,LOG_Caco_AB,fus_GR_late_lgbm
7,202,0.1054072428741539,0.3176338413137143,LOG_Caco_AB,fus_GR_late_lgbm
0,202,0.02212345624133701,0.26524856840219846,LOG_Caco_AB,fus_GR_late_rf
1,203,0.034171283644325354,0.27656789920494884,LOG_Caco_AB,fus_GR_late_rf
2,202,0.042256514280769084,0.26861294926015317,LOG_Caco_AB,fus_GR_late_rf
3,201,0.049763320413202174,0.26070195548139086,LOG_Caco_AB,fus_GR_late_rf
4,202,0.056928105255818845,0.27268969499836937,LOG_Caco_AB,fus_GR_late_rf
5,203,0.06652640229354209,0.3194235312821707,LOG_Caco_AB,fus_GR_late_rf
6,201,0.07952053618279281,0.3056170716619863,LOG_Caco_AB,fus_GR_late_rf
7,202,0.10424946682886443,0.28817574119522615,LOG_Caco_AB,fus_GR_late_rf
0,202,0.015099974098481874,0.2648017950519541,LOG_Caco_AB,lgbm
1,202,0.024609235850864213,0.3319779446216297,LOG_Caco_AB,lgbm
2,203,0.030712278466897988,0.32039328127932376,LOG_Caco_AB,lgbm
3,201,0.03662236018717345,0.3482403631041573,LOG_Caco_AB,lgbm
4,202,0.041550437884624626,0.3801282473767292,LOG_Caco_AB,lgbm
5,202,0.047358774154461145,0.3199388885887331,LOG_Caco_AB,lgbm
6,203,0.05478193784627639,0.3573975796813018,LOG_Caco_AB,lgbm
7,201,0.06795118748987215,0.3194296907021711,LOG_Caco_AB,lgbm
0,202,0.01879688238611158,0.21383147387388585,LOG_Caco_AB,uni_G_attfp
1,202,0.028992802549695804,0.23117795361857638,LOG_Caco_AB,uni_G_attfp
2,202,0.03601942067056468,0.2755392549340742,LOG_Caco_AB,uni_G_attfp
3,202,0.042464510951391456,0.27510781167210213,LOG_Caco_AB,uni_G_attfp
4,202,0.049649679673293146,0.2857842417371619,LOG_Caco_AB,uni_G_attfp
5,202,0.058883886715422225,0.27297872991542455,LOG_Caco_AB,uni_G_attfp
6,202,0.07594360841340651,0.30797839431445717,LOG_Caco_AB,uni_G_attfp
7,202,0.1295868114817868,0.3694253918984329,LOG_Caco_AB,uni_G_attfp
0,202,0.017689867978442856,0.19982311386729043,LOG_Caco_AB,uni_G_lgbm
1,202,0.026098970964167523,0.26575113490517466,LOG_Caco_AB,uni_G_lgbm
2,203,0.03244245430167616,0.2524565041508568,LOG_Caco_AB,uni_G_lgbm
3,201,0.038494288680206816,0.2660494812570864,LOG_Caco_AB,uni_G_lgbm
4,202,0.046059176427981054,0.2687200165113071,LOG_Caco_AB,uni_G_lgbm
5,202,0.05435326697878538,0.31131906105556206,LOG_Caco_AB,uni_G_lgbm
6,202,0.06511639002443781,0.2827909817154902,LOG_Caco_AB,uni_G_lgbm
7,202,0.08750485584780322,0.3314834366815928,LOG_Caco_AB,uni_G_lgbm
0,202,0.01753773877201972,0.20286144917023524,LOG_Caco_AB,uni_G_rf
1,202,0.02686514817885631,0.2260561259602959,LOG_Caco_AB,uni_G_rf
2,203,0.03288269920348972,0.2508960250901614,LOG_Caco_AB,uni_G_rf
3,201,0.03877594010228364,0.2710885012693731,LOG_Caco_AB,uni_G_rf
4,202,0.04514209205565138,0.275088952791985,LOG_Caco_AB,uni_G_rf
5,202,0.05367167514821112,0.30461667807030884,LOG_Caco_AB,uni_G_rf
6,202,0.06436804405545794,0.2872520657426029,LOG_Caco_AB,uni_G_rf
7,202,0.08749222645056386,0.31231808694837215,LOG_Caco_AB,uni_G_rf
0,202,0.01788639347595701,0.2761509837982485,LOG_Caco_AB,uni_M_lgbm
1,202,0.026057804339463597,0.2723936174136522,LOG_Caco_AB,uni_M_lgbm
2,202,0.03172295099077211,0.304530185900411,LOG_Caco_AB,uni_M_lgbm
3,202,0.03689209218964242,0.30897089728486676,LOG_Caco_AB,uni_M_lgbm
4,202,0.042544954113839004,0.3074886184145226,LOG_Caco_AB,uni_M_lgbm
5,203,0.0485047584675423,0.30298967439143837,LOG_Caco_AB,uni_M_lgbm
6,201,0.05570787378178347,0.3251101833037097,LOG_Caco_AB,uni_M_lgbm
7,202,0.07266420348755251,0.3877094491830977,LOG_Caco_AB,uni_M_lgbm
0,202,0.006762976785625897,0.3326811223259651,LOG_Caco_AB,uni_M_rf
1,202,0.010295787137582507,0.325114935259739,LOG_Caco_AB,uni_M_rf
2,202,0.012682741030261128,0.3624924052229272,LOG_Caco_AB,uni_M_rf
3,202,0.014942834029100693,0.35057053245565406,LOG_Caco_AB,uni_M_rf
4,202,0.01702179759943142,0.34701192081806564,LOG_Caco_AB,uni_M_rf
5,202,0.019630271259785857,0.33633595501144237,LOG_Caco_AB,uni_M_rf
6,202,0.023459766420549966,0.3261119670911807,LOG_Caco_AB,uni_M_rf
7,202,0.03419597453085998,0.33703120326028463,LOG_Caco_AB,uni_M_rf
0,202,0.018567910753010824,0.26550361652434484,LOG_Caco_AB,uni_R_lgbm
1,202,0.02899389760767836,0.27712262504903346,LOG_Caco_AB,uni_R_lgbm
2,202,0.03581568292276251,0.2934809009538059,LOG_Caco_AB,uni_R_lgbm
3,203,0.04183711682052527,0.26232570746951445,LOG_Caco_AB,uni_R_lgbm
4,201,0.0481667716467502,0.2781180404754664,LOG_Caco_AB,uni_R_lgbm
5,202,0.05570077887543468,0.28093856544926266,LOG_Caco_AB,uni_R_lgbm
6,203,0.06568753539337337,0.3005919043453597,LOG_Caco_AB,uni_R_lgbm
7,201,0.08443533370905257,0.28903126386326666,LOG_Caco_AB,uni_R_lgbm
0,202,0.008212493296807418,0.2698649339484957,LOG_Caco_AB,uni_R_rf
1,202,0.012505127142623243,0.33910225805232,LOG_Caco_AB,uni_R_rf
2,202,0.015281780578548447,0.3152898476177601,LOG_Caco_AB,uni_R_rf
3,202,0.017531754406135046,0.3686430234595688,LOG_Caco_AB,uni_R_rf
4,202,0.020098115827397164,0.32595789404934344,LOG_Caco_AB,uni_R_rf
5,202,0.02293134153451135,0.2778140623362215,LOG_Caco_AB,uni_R_rf
6,202,0.027298078458726446,0.30364092050210895,LOG_Caco_AB,uni_R_rf
7,202,0.038011723784290255,0.34226123508040285,LOG_Caco_AB,uni_R_rf
0,202,0.0220118240411655,0.24754995208781716,LOG_Caco_AB,uni_S_lgbm
1,202,0.033716219580317536,0.28599416405321254,LOG_Caco_AB,uni_S_lgbm
2,202,0.0414393740663966,0.3626154178806354,LOG_Caco_AB,uni_S_lgbm
3,202,0.049006471752654934,0.33950927691331956,LOG_Caco_AB,uni_S_lgbm
4,202,0.05706027987325145,0.36180979519195805,LOG_Caco_AB,uni_S_lgbm
5,202,0.06666314878265914,0.36454146806076176,LOG_Caco_AB,uni_S_lgbm
6,202,0.0790940384817183,0.3699041001156494,LOG_Caco_AB,uni_S_lgbm
7,202,0.10313246422285688,0.3618534359287334,LOG_Caco_AB,uni_S_lgbm
0,202,0.022477375001645823,0.2868355062653328,LOG_Caco_AB,uni_S_rf
1,202,0.034553807691290336,0.33092855747435723,LOG_Caco_AB,uni_S_rf
2,202,0.042142713150472855,0.3374506930601969,LOG_Caco_AB,uni_S_rf
3,202,0.049644091641748,0.3309098475887161,LOG_Caco_AB,uni_S_rf
4,202,0.05878780054488507,0.3721962704914378,LOG_Caco_AB,uni_S_rf
5,202,0.06848457107169736,0.32476716312931997,LOG_Caco_AB,uni_S_rf
6,202,0.08115839081670091,0.3438102422738088,LOG_Caco_AB,uni_S_rf
7,202,0.10513726584266632,0.3599656525879387,LOG_Caco_AB,uni_S_rf
0,202,0.008598739345844675,0.17706260141112937,LOG_Caco_Efflux,chemeleon
1,202,0.014584616969241041,0.22810621480537552,LOG_Caco_Efflux,chemeleon
2,202,0.02146570343945131,0.27120777562047343,LOG_Caco_Efflux,chemeleon
3,202,0.028913008704302745,0.3424062871922962,LOG_Caco_Efflux,chemeleon
4,202,0.03904918530352648,0.43258087488744723,LOG_Caco_Efflux,chemeleon
5,202,0.054782996862770064,0.4499329411654135,LOG_Caco_Efflux,chemeleon
6,202,0.08474582465018891,0.5765584001512055,LOG_Caco_Efflux,chemeleon
7,202,0.12860164904157625,0.4352336166401346,LOG_Caco_Efflux,chemeleon
0,202,0.01084964302298258,0.17984927542271267,LOG_Caco_Efflux,chemprop
1,202,0.01688953596208568,0.324791415183764,LOG_Caco_Efflux,chemprop
2,202,0.021087601358918132,0.35861325282675727,LOG_Caco_Efflux,chemprop
3,202,0.025383168070226562,0.43861603053975523,LOG_Caco_Efflux,chemprop
4,202,0.029551282476617965,0.4843185739567123,LOG_Caco_Efflux,chemprop
5,202,0.03472915263965875,0.4995046684320086,LOG_Caco_Efflux,chemprop
6,202,0.04169501896164758,0.45832290550467814,LOG_Caco_Efflux,chemprop
7,202,0.07394017564744085,0.5428529555749104,LOG_Caco_Efflux,chemprop
0,202,0.00818021491339464,0.16930134084531462,LOG_Caco_Efflux,chemprop_st
1,202,0.013533404267811255,0.23913722850331534,LOG_Caco_Efflux,chemprop_st
2,202,0.01923977866687183,0.2988635977019278,LOG_Caco_Efflux,chemprop_st
3,202,0.02526667073393342,0.38542424163195804,LOG_Caco_Efflux,chemprop_st
4,202,0.032145267608984465,0.48748263615302867,LOG_Caco_Efflux,chemprop_st
5,202,0.039939854647580715,0.5739224563903058,LOG_Caco_Efflux,chemprop_st
6,202,0.04962248662526638,0.5656107036204336,LOG_Caco_Efflux,chemprop_st
7,202,0.07460238673020723,0.6240499344249977,LOG_Caco_Efflux,chemprop_st
0,202,0.020138841538288817,0.2372079072762628,LOG_Caco_Efflux,fus_GRMS_early_attfp
1,202,0.031199715998064446,0.2794980266051449,LOG_Caco_Efflux,fus_GRMS_early_attfp
2,202,0.03938398196727643,0.3048287370623476,LOG_Caco_Efflux,fus_GRMS_early_attfp
3,202,0.04882771927187924,0.3380903842616671,LOG_Caco_Efflux,fus_GRMS_early_attfp
4,202,0.06070695037093395,0.4165020576736424,LOG_Caco_Efflux,fus_GRMS_early_attfp
5,202,0.07376212631927448,0.47407692855081063,LOG_Caco_Efflux,fus_GRMS_early_attfp
6,202,0.09070705044301855,0.5474560152340219,LOG_Caco_Efflux,fus_GRMS_early_attfp
7,202,0.17654316534157025,0.6508009296631021,LOG_Caco_Efflux,fus_GRMS_early_attfp
0,202,0.012555208232380377,0.14234334748825583,LOG_Caco_Efflux,fus_GRMS_early_lgbm
1,202,0.021857041160644113,0.23501218237355417,LOG_Caco_Efflux,fus_GRMS_early_lgbm
2,202,0.030646305117174723,0.3356500410427799,LOG_Caco_Efflux,fus_GRMS_early_lgbm
3,202,0.038761181854822045,0.3287192321624452,LOG_Caco_Efflux,fus_GRMS_early_lgbm
4,202,0.048434604991417746,0.36709290252926974,LOG_Caco_Efflux,fus_GRMS_early_lgbm
5,202,0.05918469844528679,0.43561509270289167,LOG_Caco_Efflux,fus_GRMS_early_lgbm
6,202,0.07599966022457627,0.502067000560432,LOG_Caco_Efflux,fus_GRMS_early_lgbm
7,202,0.1103926596398007,0.5677126436727155,LOG_Caco_Efflux,fus_GRMS_early_lgbm
0,202,0.009969739182642129,0.15921445916314683,LOG_Caco_Efflux,fus_GRMS_early_rf
1,202,0.016945632519619058,0.2581668230186306,LOG_Caco_Efflux,fus_GRMS_early_rf
2,202,0.023690089950911968,0.26379732135187467,LOG_Caco_Efflux,fus_GRMS_early_rf
3,202,0.03158534071736905,0.36726064759588595,LOG_Caco_Efflux,fus_GRMS_early_rf
4,202,0.039849783916219655,0.41633887223413185,LOG_Caco_Efflux,fus_GRMS_early_rf
5,202,0.050411350261427505,0.3839650413157335,LOG_Caco_Efflux,fus_GRMS_early_rf
6,202,0.06712887294304645,0.540456020092779,LOG_Caco_Efflux,fus_GRMS_early_rf
7,202,0.09986915439712019,0.5984832013531561,LOG_Caco_Efflux,fus_GRMS_early_rf
0,202,0.008708706235851236,0.20284863112231724,LOG_Caco_Efflux,fus_GRMS_late_attfp
1,202,0.013784193981624499,0.2217540991942839,LOG_Caco_Efflux,fus_GRMS_late_attfp
2,202,0.017590178818876225,0.3012181161274911,LOG_Caco_Efflux,fus_GRMS_late_attfp
3,202,0.021055143285439497,0.30122262667771926,LOG_Caco_Efflux,fus_GRMS_late_attfp
4,202,0.025213220186417983,0.376801255755573,LOG_Caco_Efflux,fus_GRMS_late_attfp
5,202,0.030097504621687775,0.42416828936377377,LOG_Caco_Efflux,fus_GRMS_late_attfp
6,202,0.0371085992897573,0.5533665526708035,LOG_Caco_Efflux,fus_GRMS_late_attfp
7,202,0.056299513874779675,0.5979267156900293,LOG_Caco_Efflux,fus_GRMS_late_attfp
0,202,0.015020089534321806,0.188043144129202,LOG_Caco_Efflux,fus_GRMS_late_lgbm
1,202,0.023368462862774227,0.2744972334919653,LOG_Caco_Efflux,fus_GRMS_late_lgbm
2,202,0.029807352129383492,0.28904907673662206,LOG_Caco_Efflux,fus_GRMS_late_lgbm
3,202,0.03803756702886861,0.3608165373400509,LOG_Caco_Efflux,fus_GRMS_late_lgbm
4,202,0.046173248456849725,0.36793444048052015,LOG_Caco_Efflux,fus_GRMS_late_lgbm
5,202,0.05463063637695753,0.438692937112344,LOG_Caco_Efflux,fus_GRMS_late_lgbm
6,202,0.06459146443203513,0.480062096917045,LOG_Caco_Efflux,fus_GRMS_late_lgbm
7,202,0.08297993235350487,0.5436915238212299,LOG_Caco_Efflux,fus_GRMS_late_lgbm
0,202,0.014416934645713543,0.1789840839637333,LOG_Caco_Efflux,fus_GRMS_late_rf
1,202,0.022270887559119112,0.2593648650950582,LOG_Caco_Efflux,fus_GRMS_late_rf
2,202,0.02832085569791272,0.3315779666452969,LOG_Caco_Efflux,fus_GRMS_late_rf
3,202,0.03638975018536445,0.329967141503281,LOG_Caco_Efflux,fus_GRMS_late_rf
4,202,0.044419647835297255,0.3640713911329572,LOG_Caco_Efflux,fus_GRMS_late_rf
5,202,0.05301631712416619,0.4326529782272624,LOG_Caco_Efflux,fus_GRMS_late_rf
6,202,0.06273495161109534,0.47247204326605996,LOG_Caco_Efflux,fus_GRMS_late_rf
7,202,0.07926393686361842,0.5742107934741544,LOG_Caco_Efflux,fus_GRMS_late_rf
0,202,0.01806042467936219,0.24755162808451545,LOG_Caco_Efflux,fus_GRM_early_attfp
1,202,0.024100462645357913,0.3553210486928186,LOG_Caco_Efflux,fus_GRM_early_attfp
2,202,0.02789868483159654,0.4786970645558553,LOG_Caco_Efflux,fus_GRM_early_attfp
3,202,0.031311529356757496,0.41985789397332707,LOG_Caco_Efflux,fus_GRM_early_attfp
4,202,0.03673225635785996,0.4461627128547641,LOG_Caco_Efflux,fus_GRM_early_attfp
5,202,0.04530581991956242,0.4535163726381674,LOG_Caco_Efflux,fus_GRM_early_attfp
6,202,0.05737531254126395,0.3710900159094889,LOG_Caco_Efflux,fus_GRM_early_attfp
7,202,0.0813487270376201,0.4053280110433923,LOG_Caco_Efflux,fus_GRM_early_attfp
0,202,0.010391236058218307,0.1920856595907427,LOG_Caco_Efflux,fus_GRM_early_lgbm
1,202,0.01727762075004296,0.27941300637813116,LOG_Caco_Efflux,fus_GRM_early_lgbm
2,202,0.023343739997308495,0.30088449461253397,LOG_Caco_Efflux,fus_GRM_early_lgbm
3,202,0.03104780813765883,0.3129096057678627,LOG_Caco_Efflux,fus_GRM_early_lgbm
4,202,0.04089487058135055,0.36284592379065933,LOG_Caco_Efflux,fus_GRM_early_lgbm
5,202,0.05218426060976577,0.4161553076406206,LOG_Caco_Efflux,fus_GRM_early_lgbm
6,202,0.06944010254133601,0.4855252419591244,LOG_Caco_Efflux,fus_GRM_early_lgbm
7,202,0.11084322431711434,0.5500565392828505,LOG_Caco_Efflux,fus_GRM_early_lgbm
0,202,0.009330711804427957,0.13568683869651946,LOG_Caco_Efflux,fus_GRM_early_rf
1,202,0.015399904578489823,0.2731081038010019,LOG_Caco_Efflux,fus_GRM_early_rf
2,202,0.020695238269156955,0.3021698553792128,LOG_Caco_Efflux,fus_GRM_early_rf
3,203,0.02715856846123456,0.33195121123471033,LOG_Caco_Efflux,fus_GRM_early_rf
4,201,0.03524605100851606,0.40658947626345454,LOG_Caco_Efflux,fus_GRM_early_rf
5,202,0.044181833086554205,0.4450417267562585,LOG_Caco_Efflux,fus_GRM_early_rf
6,203,0.058268175628083445,0.5157304472614369,LOG_Caco_Efflux,fus_GRM_early_rf
7,201,0.09594763353732957,0.5866705458207991,LOG_Caco_Efflux,fus_GRM_early_rf
0,202,0.008428607188978905,0.2341613565889213,LOG_Caco_Efflux,fus_GRM_late_attfp
1,202,0.012773125209625586,0.22442233002224748,LOG_Caco_Efflux,fus_GRM_late_attfp
2,202,0.016060499312729987,0.29443265671176166,LOG_Caco_Efflux,fus_GRM_late_attfp
3,202,0.019337891748723773,0.3338886658299973,LOG_Caco_Efflux,fus_GRM_late_attfp
4,202,0.023149897772159905,0.3561283097355991,LOG_Caco_Efflux,fus_GRM_late_attfp
5,202,0.02795722796043611,0.4448128638470414,LOG_Caco_Efflux,fus_GRM_late_attfp
6,202,0.03452816458871906,0.4606629976438647,LOG_Caco_Efflux,fus_GRM_late_attfp
7,202,0.04953450116477931,0.6049291094790126,LOG_Caco_Efflux,fus_GRM_late_attfp
0,202,0.013299024359616284,0.18926330507144556,LOG_Caco_Efflux,fus_GRM_late_lgbm
1,202,0.021608568176793803,0.2704183894406085,LOG_Caco_Efflux,fus_GRM_late_lgbm
2,202,0.027851160984783144,0.3216372659422752,LOG_Caco_Efflux,fus_GRM_late_lgbm
3,202,0.03527174948455743,0.3516364827147721,LOG_Caco_Efflux,fus_GRM_late_lgbm
4,202,0.04263647045406625,0.36833292497971454,LOG_Caco_Efflux,fus_GRM_late_lgbm
5,202,0.050784804560825736,0.3930360228407116,LOG_Caco_Efflux,fus_GRM_late_lgbm
6,202,0.06077413651366122,0.49640026031838796,LOG_Caco_Efflux,fus_GRM_late_lgbm
7,202,0.07791621376695115,0.5551634762048026,LOG_Caco_Efflux,fus_GRM_late_lgbm
0,202,0.014463404831618235,0.17577535934519542,LOG_Caco_Efflux,fus_GRM_late_rf
1,202,0.022450743239227595,0.25872488591937276,LOG_Caco_Efflux,fus_GRM_late_rf
2,202,0.028539077298019223,0.34440414635694994,LOG_Caco_Efflux,fus_GRM_late_rf
3,202,0.036297747607638486,0.323328023196638,LOG_Caco_Efflux,fus_GRM_late_rf
4,202,0.04451880103103528,0.36578771228295437,LOG_Caco_Efflux,fus_GRM_late_rf
5,202,0.0531209421956514,0.4209493488062925,LOG_Caco_Efflux,fus_GRM_late_rf
6,203,0.06302596831583625,0.48342243575787097,LOG_Caco_Efflux,fus_GRM_late_rf
7,201,0.07952367751946769,0.5723371690069694,LOG_Caco_Efflux,fus_GRM_late_rf
0,202,0.019601183151289683,0.23003932450965134,LOG_Caco_Efflux,fus_GRS_early_attfp
1,202,0.03037518222935794,0.29651951303709134,LOG_Caco_Efflux,fus_GRS_early_attfp
2,202,0.03832431025867734,0.2849703743895495,LOG_Caco_Efflux,fus_GRS_early_attfp
3,202,0.04819303134149306,0.385027484067198,LOG_Caco_Efflux,fus_GRS_early_attfp
4,202,0.060504715267133156,0.43910646099896333,LOG_Caco_Efflux,fus_GRS_early_attfp
5,202,0.0751725716931851,0.47671561781700983,LOG_Caco_Efflux,fus_GRS_early_attfp
6,202,0.09540672647649483,0.5055589111633895,LOG_Caco_Efflux,fus_GRS_early_attfp
7,202,0.19367080970031875,0.6365630366646415,LOG_Caco_Efflux,fus_GRS_early_attfp
0,202,0.012830805111771508,0.17305674180502742,LOG_Caco_Efflux,fus_GRS_early_lgbm
1,202,0.021808962245028526,0.23640698130756088,LOG_Caco_Efflux,fus_GRS_early_lgbm
2,202,0.03003456106163786,0.31342679106026733,LOG_Caco_Efflux,fus_GRS_early_lgbm
3,202,0.038439825990320795,0.33009175297856913,LOG_Caco_Efflux,fus_GRS_early_lgbm
4,202,0.04812883561758803,0.3913333346008587,LOG_Caco_Efflux,fus_GRS_early_lgbm
5,202,0.060116493276601415,0.42138224023512566,LOG_Caco_Efflux,fus_GRS_early_lgbm
6,202,0.07753110626597941,0.547570503550051,LOG_Caco_Efflux,fus_GRS_early_lgbm
7,202,0.1122883801472104,0.5396104806136228,LOG_Caco_Efflux,fus_GRS_early_lgbm
0,202,0.010470140814190723,0.16303207134095962,LOG_Caco_Efflux,fus_GRS_early_rf
1,202,0.017038932505880726,0.24953687152995252,LOG_Caco_Efflux,fus_GRS_early_rf
2,202,0.02370383891468091,0.27098318801913807,LOG_Caco_Efflux,fus_GRS_early_rf
3,202,0.03142430325185197,0.3371583904411061,LOG_Caco_Efflux,fus_GRS_early_rf
4,202,0.03941670610558185,0.39617116793700125,LOG_Caco_Efflux,fus_GRS_early_rf
5,202,0.0498735256906467,0.4252533215729766,LOG_Caco_Efflux,fus_GRS_early_rf
6,202,0.06590644285018402,0.5880891639280762,LOG_Caco_Efflux,fus_GRS_early_rf
7,202,0.0966534561805385,0.5769575419372303,LOG_Caco_Efflux,fus_GRS_early_rf
0,202,0.009241464425434956,0.15909710831379478,LOG_Caco_Efflux,fus_GRS_late_attfp
1,202,0.014678729590119325,0.22700786350495172,LOG_Caco_Efflux,fus_GRS_late_attfp
2,202,0.01865756372848192,0.33532928725687605,LOG_Caco_Efflux,fus_GRS_late_attfp
3,202,0.023074580450556246,0.33701930850246653,LOG_Caco_Efflux,fus_GRS_late_attfp
4,202,0.02805334939103063,0.36675797234905216,LOG_Caco_Efflux,fus_GRS_late_attfp
5,202,0.0345199726797686,0.4476323930042177,LOG_Caco_Efflux,fus_GRS_late_attfp
6,202,0.04296396622464417,0.5275155190736862,LOG_Caco_Efflux,fus_GRS_late_attfp
7,202,0.06648341750602327,0.6350486817663435,LOG_Caco_Efflux,fus_GRS_late_attfp
0,202,0.011217563069254694,0.20809416910963163,LOG_Caco_Efflux,fus_GRS_late_lgbm
1,202,0.019272831342525203,0.25303331356054554,LOG_Caco_Efflux,fus_GRS_late_lgbm
2,202,0.02570973226079227,0.2788089351127288,LOG_Caco_Efflux,fus_GRS_late_lgbm
3,202,0.03196474588209718,0.31249109519997953,LOG_Caco_Efflux,fus_GRS_late_lgbm
4,202,0.038433217888562306,0.41290639640494803,LOG_Caco_Efflux,fus_GRS_late_lgbm
5,202,0.04534856442790105,0.43506307739205796,LOG_Caco_Efflux,fus_GRS_late_lgbm
6,202,0.055399960363383606,0.4954444622735752,LOG_Caco_Efflux,fus_GRS_late_lgbm
7,202,0.07713619439176223,0.6424716160369013,LOG_Caco_Efflux,fus_GRS_late_lgbm
0,202,0.012440186060535027,0.19843700471808057,LOG_Caco_Efflux,fus_GRS_late_rf
1,202,0.021763016056165006,0.25830779653708874,LOG_Caco_Efflux,fus_GRS_late_rf
2,202,0.028570750816583723,0.29319365786458046,LOG_Caco_Efflux,fus_GRS_late_rf
3,202,0.03589549562638791,0.33559216244392537,LOG_Caco_Efflux,fus_GRS_late_rf
4,202,0.04261384858880921,0.3658131361319338,LOG_Caco_Efflux,fus_GRS_late_rf
5,202,0.05045230825257143,0.44189566562135657,LOG_Caco_Efflux,fus_GRS_late_rf
6,202,0.06225992048318449,0.48253856171560955,LOG_Caco_Efflux,fus_GRS_late_rf
7,202,0.08501819724227687,0.6395094054836197,LOG_Caco_Efflux,fus_GRS_late_rf
0,202,0.013903199743247094,0.31733677672159283,LOG_Caco_Efflux,fus_GR_early_attfp
1,202,0.020620422905178775,0.2947902891193171,LOG_Caco_Efflux,fus_GR_early_attfp
2,202,0.02496886400381608,0.275350701709718,LOG_Caco_Efflux,fus_GR_early_attfp
3,202,0.02949346798399579,0.384195483890473,LOG_Caco_Efflux,fus_GR_early_attfp
4,202,0.03589149797970606,0.3605657094122189,LOG_Caco_Efflux,fus_GR_early_attfp
5,202,0.04431161479508478,0.44951496222189535,LOG_Caco_Efflux,fus_GR_early_attfp
6,202,0.05619047714730833,0.4399530378284695,LOG_Caco_Efflux,fus_GR_early_attfp
7,202,0.1142955674402129,0.5330457654023331,LOG_Caco_Efflux,fus_GR_early_attfp
0,202,0.009015045089084534,0.16352458921624818,LOG_Caco_Efflux,fus_GR_early_lgbm
1,202,0.016184534281203297,0.2497694966044028,LOG_Caco_Efflux,fus_GR_early_lgbm
2,202,0.02150492925851035,0.3306499524060523,LOG_Caco_Efflux,fus_GR_early_lgbm
3,202,0.027886304464107815,0.30875047822347235,LOG_Caco_Efflux,fus_GR_early_lgbm
4,202,0.03631801819504684,0.42256499948096804,LOG_Caco_Efflux,fus_GR_early_lgbm
5,202,0.04691544213334617,0.42358722905520224,LOG_Caco_Efflux,fus_GR_early_lgbm
6,202,0.062396504957612946,0.5633848992310345,LOG_Caco_Efflux,fus_GR_early_lgbm
7,202,0.09776477837468318,0.6055841257299067,LOG_Caco_Efflux,fus_GR_early_lgbm
0,202,0.009624171982372464,0.1450132811773336,LOG_Caco_Efflux,fus_GR_early_rf
1,202,0.015965242839309546,0.2675164309959471,LOG_Caco_Efflux,fus_GR_early_rf
2,202,0.021793483996943547,0.3140766861891303,LOG_Caco_Efflux,fus_GR_early_rf
3,202,0.028605408608123915,0.3257907452879991,LOG_Caco_Efflux,fus_GR_early_rf
4,202,0.03722112140910256,0.41496612548551176,LOG_Caco_Efflux,fus_GR_early_rf
5,202,0.04601258028970986,0.43138520608639447,LOG_Caco_Efflux,fus_GR_early_rf
6,202,0.06032328412547782,0.527458958230851,LOG_Caco_Efflux,fus_GR_early_rf
7,202,0.09824344906179201,0.5788927683112589,LOG_Caco_Efflux,fus_GR_early_rf
0,202,0.009372701479836371,0.19380222860221072,LOG_Caco_Efflux,fus_GR_late_attfp
1,202,0.014207648807521511,0.2548210571494039,LOG_Caco_Efflux,fus_GR_late_attfp
2,202,0.017942244438098852,0.29476912700382535,LOG_Caco_Efflux,fus_GR_late_attfp
3,202,0.02177338167261315,0.3457595843827606,LOG_Caco_Efflux,fus_GR_late_attfp
4,202,0.025923875740439552,0.4149072788095796,LOG_Caco_Efflux,fus_GR_late_attfp
5,202,0.031104922146440426,0.39103331476302833,LOG_Caco_Efflux,fus_GR_late_attfp
6,202,0.038985354431018554,0.5093601443767783,LOG_Caco_Efflux,fus_GR_late_attfp
7,202,0.06452284856009713,0.6079550998692476,LOG_Caco_Efflux,fus_GR_late_attfp
0,202,0.012211673376145326,0.20042506893656953,LOG_Caco_Efflux,fus_GR_late_lgbm
1,202,0.021041550126837266,0.25614374404737866,LOG_Caco_Efflux,fus_GR_late_lgbm
2,202,0.02807746519532427,0.3070448195066876,LOG_Caco_Efflux,fus_GR_late_lgbm
3,202,0.0354369044617115,0.30407853106652905,LOG_Caco_Efflux,fus_GR_late_lgbm
4,202,0.04301626161044849,0.3889426882777342,LOG_Caco_Efflux,fus_GR_late_lgbm
5,202,0.05121581079895028,0.45804200090357144,LOG_Caco_Efflux,fus_GR_late_lgbm
6,202,0.06151083741751974,0.47022834969410954,LOG_Caco_Efflux,fus_GR_late_lgbm
7,202,0.08513956169672739,0.6331043781004578,LOG_Caco_Efflux,fus_GR_late_lgbm
0,202,0.011733623136037914,0.20897789960428126,LOG_Caco_Efflux,fus_GR_late_rf
1,203,0.020464279475044155,0.24801889936882462,LOG_Caco_Efflux,fus_GR_late_rf
2,202,0.027343966785575217,0.3085028499780476,LOG_Caco_Efflux,fus_GR_late_rf
3,201,0.03355294833999038,0.3310108094838909,LOG_Caco_Efflux,fus_GR_late_rf
4,202,0.040926516008607354,0.37367050632800547,LOG_Caco_Efflux,fus_GR_late_rf
5,202,0.048391860078264265,0.41960362156483183,LOG_Caco_Efflux,fus_GR_late_rf
6,202,0.057959410907767094,0.5002599045169277,LOG_Caco_Efflux,fus_GR_late_rf
7,202,0.07843226595926589,0.6252673233194205,LOG_Caco_Efflux,fus_GR_late_rf
0,202,0.010995801176323773,0.22851453499932953,LOG_Caco_Efflux,lgbm
1,202,0.017119612316046622,0.2723574288736267,LOG_Caco_Efflux,lgbm
2,202,0.021982406663919336,0.3540122466434152,LOG_Caco_Efflux,lgbm
3,202,0.025860583143526242,0.3720042041499026,LOG_Caco_Efflux,lgbm
4,202,0.030162474200714773,0.44937005125588214,LOG_Caco_Efflux,lgbm
5,202,0.03504460487044779,0.5879186818481826,LOG_Caco_Efflux,lgbm
6,202,0.041747141042728815,0.5395114868614644,LOG_Caco_Efflux,lgbm
7,202,0.056502362057020174,0.6113378465239014,LOG_Caco_Efflux,lgbm
0,202,0.008988034023705781,0.15857979698679048,LOG_Caco_Efflux,uni_G_attfp
1,202,0.015389532647651383,0.2698327149463879,LOG_Caco_Efflux,uni_G_attfp
2,202,0.019690356656494615,0.3371278493815382,LOG_Caco_Efflux,uni_G_attfp
3,202,0.024645782345256217,0.34268730010642745,LOG_Caco_Efflux,uni_G_attfp
4,202,0.031707865531014595,0.3630275169538983,LOG_Caco_Efflux,uni_G_attfp
5,202,0.041272515416894376,0.46488110051985576,LOG_Caco_Efflux,uni_G_attfp
6,202,0.054264691498755964,0.5695742113667622,LOG_Caco_Efflux,uni_G_attfp
7,202,0.11733835148995903,0.5825361885363296,LOG_Caco_Efflux,uni_G_attfp
0,202,0.009204896467778152,0.16070641723944656,LOG_Caco_Efflux,uni_G_lgbm
1,202,0.016535907678226013,0.24360878413825493,LOG_Caco_Efflux,uni_G_lgbm
2,202,0.022108947506843096,0.3110798451674252,LOG_Caco_Efflux,uni_G_lgbm
3,202,0.028759307829585783,0.3529642790139055,LOG_Caco_Efflux,uni_G_lgbm
4,202,0.0372238887111942,0.4285328631826035,LOG_Caco_Efflux,uni_G_lgbm
5,202,0.04865533951410576,0.39031615529659147,LOG_Caco_Efflux,uni_G_lgbm
6,202,0.06474481443795885,0.553482384952528,LOG_Caco_Efflux,uni_G_lgbm
7,202,0.1029352590950377,0.6252336625816993,LOG_Caco_Efflux,uni_G_lgbm
0,202,0.00949837820315248,0.1500473313839612,LOG_Caco_Efflux,uni_G_rf
1,202,0.016287408743214053,0.23288181628805596,LOG_Caco_Efflux,uni_G_rf
2,202,0.021565584424708347,0.33268019365236623,LOG_Caco_Efflux,uni_G_rf
3,202,0.028067336876953775,0.35201381990321623,LOG_Caco_Efflux,uni_G_rf
4,202,0.036970697872776175,0.416756981381542,LOG_Caco_Efflux,uni_G_rf
5,202,0.04658547618670871,0.43991972160690024,LOG_Caco_Efflux,uni_G_rf
6,203,0.062312044547118424,0.5213811598534069,LOG_Caco_Efflux,uni_G_rf
7,201,0.10485361460984978,0.5793268525568193,LOG_Caco_Efflux,uni_G_rf
0,202,0.012697157330495914,0.17652680722799585,LOG_Caco_Efflux,uni_M_lgbm
1,202,0.02008682809868156,0.2837368163216317,LOG_Caco_Efflux,uni_M_lgbm
2,202,0.025783413524759036,0.3025742827006716,LOG_Caco_Efflux,uni_M_lgbm
3,202,0.03337816873981907,0.3117305489873483,LOG_Caco_Efflux,uni_M_lgbm
4,202,0.040923507718684485,0.38198109718304746,LOG_Caco_Efflux,uni_M_lgbm
5,202,0.04916476584140413,0.44096702433870755,LOG_Caco_Efflux,uni_M_lgbm
6,202,0.05877612422941363,0.47406595137504853,LOG_Caco_Efflux,uni_M_lgbm
7,202,0.07413440087983517,0.5851432002100706,LOG_Caco_Efflux,uni_M_lgbm
0,202,0.005961080045241063,0.22370741255335824,LOG_Caco_Efflux,uni_M_rf
1,202,0.009533634588231726,0.2166061388874034,LOG_Caco_Efflux,uni_M_rf
2,202,0.012701866304228749,0.33508419857681265,LOG_Caco_Efflux,uni_M_rf
3,202,0.016262784973267323,0.40955130442903015,LOG_Caco_Efflux,uni_M_rf
4,202,0.019993120528792756,0.358819567864087,LOG_Caco_Efflux,uni_M_rf
5,202,0.024156864988966666,0.43560426116250905,LOG_Caco_Efflux,uni_M_rf
6,204,0.029947167853811057,0.5591591094951711,LOG_Caco_Efflux,uni_M_rf
7,200,0.043529410612421895,0.5695112294816127,LOG_Caco_Efflux,uni_M_rf
0,202,0.010673254280194595,0.21287504654045483,LOG_Caco_Efflux,uni_R_lgbm
1,202,0.017549311865323974,0.24482288026278182,LOG_Caco_Efflux,uni_R_lgbm
2,202,0.02298091788149785,0.3152010969568456,LOG_Caco_Efflux,uni_R_lgbm
3,202,0.027866207309235107,0.33951971687371535,LOG_Caco_Efflux,uni_R_lgbm
4,202,0.03331911553227363,0.37670183636753163,LOG_Caco_Efflux,uni_R_lgbm
5,202,0.03947838065886986,0.42559706910215755,LOG_Caco_Efflux,uni_R_lgbm
6,202,0.04758909298142522,0.49449334197809414,LOG_Caco_Efflux,uni_R_lgbm
7,202,0.0642976132522313,0.6404276410760666,LOG_Caco_Efflux,uni_R_lgbm
0,202,0.006035742307835837,0.1935024358790849,LOG_Caco_Efflux,uni_R_rf
1,202,0.010095398412981729,0.267553480630752,LOG_Caco_Efflux,uni_R_rf
2,202,0.014057867869159519,0.3537071056718139,LOG_Caco_Efflux,uni_R_rf
3,202,0.018118750776931463,0.4321029001518585,LOG_Caco_Efflux,uni_R_rf
4,202,0.022177805619244362,0.39954662952289927,LOG_Caco_Efflux,uni_R_rf
5,202,0.026557474284670025,0.4535950906587429,LOG_Caco_Efflux,uni_R_rf
6,202,0.032536873117549554,0.48773000105949726,LOG_Caco_Efflux,uni_R_rf
7,202,0.04619759232924112,0.4736340500333818,LOG_Caco_Efflux,uni_R_rf
0,202,0.013102459890978482,0.2284588163254084,LOG_Caco_Efflux,uni_S_lgbm
1,202,0.023828227845620033,0.2986383300669654,LOG_Caco_Efflux,uni_S_lgbm
2,202,0.03370663133507404,0.3076308362777327,LOG_Caco_Efflux,uni_S_lgbm
3,202,0.04465385932091567,0.35890202291404033,LOG_Caco_Efflux,uni_S_lgbm
4,202,0.05792684617189858,0.37826014592830987,LOG_Caco_Efflux,uni_S_lgbm
5,202,0.07468503515634178,0.5646075700543608,LOG_Caco_Efflux,uni_S_lgbm
6,202,0.09488387786652328,0.6016342023293719,LOG_Caco_Efflux,uni_S_lgbm
7,202,0.12731494611314445,0.6151503370073659,LOG_Caco_Efflux,uni_S_lgbm
0,202,0.012807676028841381,0.22933542578829078,LOG_Caco_Efflux,uni_S_rf
1,202,0.02467265528626871,0.26832834223325924,LOG_Caco_Efflux,uni_S_rf
2,202,0.03459607006956009,0.3166892829766859,LOG_Caco_Efflux,uni_S_rf
3,202,0.04427174312943859,0.37483869780723045,LOG_Caco_Efflux,uni_S_rf
4,202,0.0541599124564901,0.38807802994340784,LOG_Caco_Efflux,uni_S_rf
5,202,0.06784069589787237,0.4969584026575067,LOG_Caco_Efflux,uni_S_rf
6,202,0.0874588412892239,0.5905239784713918,LOG_Caco_Efflux,uni_S_rf
7,202,0.11981164160954182,0.6430340018827566,LOG_Caco_Efflux,uni_S_rf
0,98,0.02235809621994611,0.26153279538079965,LOG_HLM,chemeleon
1,98,0.033538858660420764,0.2511550188082956,LOG_HLM,chemeleon
2,97,0.04059481169722045,0.29539836349716186,LOG_HLM,chemeleon
3,98,0.047578484432889,0.2599286594618281,LOG_HLM,chemeleon
4,98,0.05582041696029532,0.2593852921985954,LOG_HLM,chemeleon
5,97,0.06792801405855164,0.2951800052689819,LOG_HLM,chemeleon
6,98,0.0913065852476684,0.35174235800927245,LOG_HLM,chemeleon
7,98,0.11971465449776404,0.360198957927151,LOG_HLM,chemeleon
0,98,0.024528893032192835,0.25890142910294994,LOG_HLM,chemprop
1,98,0.034944130072728605,0.28762683235484177,LOG_HLM,chemprop
2,97,0.041808299732744546,0.26534015452831167,LOG_HLM,chemprop
3,98,0.05005981465961332,0.3050297153429786,LOG_HLM,chemprop
4,98,0.05953388544359513,0.412051967033483,LOG_HLM,chemprop
5,97,0.06755709435784663,0.34322540174878235,LOG_HLM,chemprop
6,98,0.07880912822952649,0.3183349210468797,LOG_HLM,chemprop
7,98,0.10596928780402877,0.3308684823079604,LOG_HLM,chemprop
0,98,0.019663904834614027,0.330638653700477,LOG_HLM,chemprop_st
1,98,0.02994709752612823,0.3342309686434199,LOG_HLM,chemprop_st
2,97,0.03742220856002052,0.2990148651761148,LOG_HLM,chemprop_st
3,98,0.04583680152718947,0.30182520619166114,LOG_HLM,chemprop_st
4,98,0.05360369850867379,0.34818131686053727,LOG_HLM,chemprop_st
5,97,0.061728928217798414,0.29368153342833314,LOG_HLM,chemprop_st
6,98,0.0732952602060329,0.35311619225576885,LOG_HLM,chemprop_st
7,98,0.10082814726795893,0.32708948230414114,LOG_HLM,chemprop_st
0,98,0.04309502990354437,0.2682751824383964,LOG_HLM,fus_GRMS_early_attfp
1,98,0.06436775391638784,0.32027767059329576,LOG_HLM,fus_GRMS_early_attfp
2,97,0.07845244513708498,0.3046430918056182,LOG_HLM,fus_GRMS_early_attfp
3,98,0.09229652052660473,0.29969322149806754,LOG_HLM,fus_GRMS_early_attfp
4,98,0.10906891367102958,0.33355736106905287,LOG_HLM,fus_GRMS_early_attfp
5,97,0.12482882717684879,0.3339628310585911,LOG_HLM,fus_GRMS_early_attfp
6,98,0.14742615725915087,0.30226853149817023,LOG_HLM,fus_GRMS_early_attfp
7,98,0.23065896961642274,0.37057881362755696,LOG_HLM,fus_GRMS_early_attfp
0,98,0.030049328738296365,0.21649748663810714,LOG_HLM,fus_GRMS_early_lgbm
1,98,0.046458020231086125,0.26130626904300985,LOG_HLM,fus_GRMS_early_lgbm
2,97,0.05744181440628703,0.31787116777570973,LOG_HLM,fus_GRMS_early_lgbm
3,98,0.0663042742062316,0.34974971609509536,LOG_HLM,fus_GRMS_early_lgbm
4,98,0.07833759995378516,0.30409478410921,LOG_HLM,fus_GRMS_early_lgbm
5,97,0.09044079720325891,0.3288668588266799,LOG_HLM,fus_GRMS_early_lgbm
6,98,0.10770910124577683,0.2945976214709426,LOG_HLM,fus_GRMS_early_lgbm
7,98,0.14532220198796925,0.3179447012380549,LOG_HLM,fus_GRMS_early_lgbm
0,98,0.027430684447004274,0.23659549829408633,LOG_HLM,fus_GRMS_early_rf
1,98,0.040644879444839646,0.2682979076266732,LOG_HLM,fus_GRMS_early_rf
2,97,0.05010461973456881,0.33577117103315557,LOG_HLM,fus_GRMS_early_rf
3,98,0.05909428467136084,0.3619860707188892,LOG_HLM,fus_GRMS_early_rf
4,98,0.06956431005295576,0.2883031441172876,LOG_HLM,fus_GRMS_early_rf
5,97,0.08194345397608725,0.316849712209209,LOG_HLM,fus_GRMS_early_rf
6,98,0.09903740544651035,0.27442313176973754,LOG_HLM,fus_GRMS_early_rf
7,98,0.13810056498748607,0.320702632491046,LOG_HLM,fus_GRMS_early_rf
0,98,0.016141681532295244,0.25164426360291575,LOG_HLM,fus_GRMS_late_attfp
1,98,0.024787320363351795,0.23435968056396358,LOG_HLM,fus_GRMS_late_attfp
2,97,0.030671378488981483,0.2947566610261852,LOG_HLM,fus_GRMS_late_attfp
3,98,0.03584946422489544,0.28655356867642867,LOG_HLM,fus_GRMS_late_attfp
4,98,0.0411894336536252,0.28247266504164115,LOG_HLM,fus_GRMS_late_attfp
5,97,0.047463521838100604,0.31013599877465103,LOG_HLM,fus_GRMS_late_attfp
6,98,0.05549269938048847,0.296385365623885,LOG_HLM,fus_GRMS_late_attfp
7,98,0.07137960181873773,0.3945489252590294,LOG_HLM,fus_GRMS_late_attfp
0,98,0.02441369728003247,0.27692268788784824,LOG_HLM,fus_GRMS_late_lgbm
1,98,0.035445579654538664,0.3009081046516386,LOG_HLM,fus_GRMS_late_lgbm
2,97,0.04142691293278345,0.29153643996685236,LOG_HLM,fus_GRMS_late_lgbm
3,98,0.0473779540353011,0.2884740802490379,LOG_HLM,fus_GRMS_late_lgbm
4,98,0.05314028790791974,0.3060416961823109,LOG_HLM,fus_GRMS_late_lgbm
5,97,0.05950298808849632,0.3407105188564269,LOG_HLM,fus_GRMS_late_lgbm
6,98,0.06977696066990707,0.3194480173791079,LOG_HLM,fus_GRMS_late_lgbm
7,98,0.0876183456109919,0.38990219235813267,LOG_HLM,fus_GRMS_late_lgbm
0,98,0.025873445071801407,0.2834767967024687,LOG_HLM,fus_GRMS_late_rf
1,98,0.037260264778196724,0.31147837335129397,LOG_HLM,fus_GRMS_late_rf
2,97,0.045637546698595155,0.2831345132775086,LOG_HLM,fus_GRMS_late_rf
3,98,0.05194269249183027,0.2823908308998129,LOG_HLM,fus_GRMS_late_rf
4,98,0.05936777123917521,0.3247588238571067,LOG_HLM,fus_GRMS_late_rf
5,97,0.0672201037409642,0.3654508628004852,LOG_HLM,fus_GRMS_late_rf
6,98,0.07709013754378104,0.3406824716281603,LOG_HLM,fus_GRMS_late_rf
7,98,0.09598777499425076,0.38379598963930867,LOG_HLM,fus_GRMS_late_rf
0,98,0.024735624702545842,0.2392159976941727,LOG_HLM,fus_GRM_early_attfp
1,98,0.03874086749302688,0.3099297214887523,LOG_HLM,fus_GRM_early_attfp
2,97,0.047520602435337116,0.29048666684470204,LOG_HLM,fus_GRM_early_attfp
3,98,0.056144119906126506,0.35564408827939853,LOG_HLM,fus_GRM_early_attfp
4,98,0.06503167048734479,0.27422423953974284,LOG_HLM,fus_GRM_early_attfp
5,97,0.07524549481098591,0.3391331618211951,LOG_HLM,fus_GRM_early_attfp
6,98,0.09010861500950565,0.38815054202818894,LOG_HLM,fus_GRM_early_attfp
7,98,0.13899278829914793,0.34411530931767037,LOG_HLM,fus_GRM_early_attfp
0,98,0.02935058117893887,0.22362024553486876,LOG_HLM,fus_GRM_early_lgbm
1,98,0.041564388736925036,0.29331376115353236,LOG_HLM,fus_GRM_early_lgbm
2,97,0.050796894711120144,0.3302595742630319,LOG_HLM,fus_GRM_early_lgbm
3,98,0.060981765040169805,0.2972283587461963,LOG_HLM,fus_GRM_early_lgbm
4,98,0.07222619059732567,0.3339227994064923,LOG_HLM,fus_GRM_early_lgbm
5,97,0.08741489062024373,0.32358474171276475,LOG_HLM,fus_GRM_early_lgbm
6,98,0.10573314976341742,0.2913794876298851,LOG_HLM,fus_GRM_early_lgbm
7,98,0.15051172534655158,0.314792459071355,LOG_HLM,fus_GRM_early_lgbm
0,98,0.02809919309535041,0.21481638616656948,LOG_HLM,fus_GRM_early_rf
1,98,0.04124115804231318,0.29172722088888053,LOG_HLM,fus_GRM_early_rf
2,97,0.050738771075445104,0.30488191690654537,LOG_HLM,fus_GRM_early_rf
3,98,0.06070883077667349,0.3457605591225165,LOG_HLM,fus_GRM_early_rf
4,98,0.07134695954298864,0.3112231614475456,LOG_HLM,fus_GRM_early_rf
5,97,0.08365924369321301,0.28795143506221116,LOG_HLM,fus_GRM_early_rf
6,98,0.10119240922514396,0.34555689309341314,LOG_HLM,fus_GRM_early_rf
7,98,0.1479972531779584,0.32217105334220575,LOG_HLM,fus_GRM_early_rf
0,98,0.01563738988043795,0.2754247990261708,LOG_HLM,fus_GRM_late_attfp
1,98,0.022591050351614544,0.26791452886654876,LOG_HLM,fus_GRM_late_attfp
2,97,0.027257157538088696,0.28799593471504437,LOG_HLM,fus_GRM_late_attfp
3,98,0.03147934022227725,0.338425220856388,LOG_HLM,fus_GRM_late_attfp
4,98,0.03629070608594944,0.3062720785316455,LOG_HLM,fus_GRM_late_attfp
5,97,0.042870403477446854,0.2682869145559468,LOG_HLM,fus_GRM_late_attfp
6,98,0.052965974746594896,0.3015562085615243,LOG_HLM,fus_GRM_late_attfp
7,98,0.07007252695318675,0.3069715305597068,LOG_HLM,fus_GRM_late_attfp
0,98,0.023895399260740673,0.2748913572554194,LOG_HLM,fus_GRM_late_lgbm
1,98,0.03415869926581105,0.2605110582712696,LOG_HLM,fus_GRM_late_lgbm
2,97,0.041195404936679274,0.2605642346174567,LOG_HLM,fus_GRM_late_lgbm
3,98,0.0482772311702569,0.30029953635886736,LOG_HLM,fus_GRM_late_lgbm
4,98,0.05450448303093292,0.33064786394755613,LOG_HLM,fus_GRM_late_lgbm
5,98,0.06118383908072777,0.3326867746794687,LOG_HLM,fus_GRM_late_lgbm
6,98,0.07071449774436446,0.3491355034919899,LOG_HLM,fus_GRM_late_lgbm
7,97,0.09101600965226614,0.3780564087604203,LOG_HLM,fus_GRM_late_lgbm
0,98,0.02567383195578446,0.2645478830405065,LOG_HLM,fus_GRM_late_rf
1,98,0.0369929872726208,0.30593892946212,LOG_HLM,fus_GRM_late_rf
2,97,0.0448318391246074,0.30615001111770074,LOG_HLM,fus_GRM_late_rf
3,99,0.05083269589108263,0.2944226204221178,LOG_HLM,fus_GRM_late_rf
4,97,0.05898590791135145,0.3172939596951776,LOG_HLM,fus_GRM_late_rf
5,97,0.06659209098981461,0.34350887356308735,LOG_HLM,fus_GRM_late_rf
6,98,0.07537953513906107,0.3459080307418555,LOG_HLM,fus_GRM_late_rf
7,98,0.09526535857172375,0.3885858093394883,LOG_HLM,fus_GRM_late_rf
0,98,0.04203691618011757,0.3059974764194825,LOG_HLM,fus_GRS_early_attfp
1,98,0.06197997739489507,0.3425557229694732,LOG_HLM,fus_GRS_early_attfp
2,97,0.07271150148217155,0.24715553974572682,LOG_HLM,fus_GRS_early_attfp
3,98,0.08456865079018291,0.3372318630492944,LOG_HLM,fus_GRS_early_attfp
4,98,0.1003157544191906,0.3009507766217168,LOG_HLM,fus_GRS_early_attfp
5,97,0.1188876765786597,0.2947190741899574,LOG_HLM,fus_GRS_early_attfp
6,98,0.14822446169377376,0.37387380576993834,LOG_HLM,fus_GRS_early_attfp
7,98,0.23214699156055146,0.3844972376202385,LOG_HLM,fus_GRS_early_attfp
0,98,0.03123884906784748,0.2501939466021755,LOG_HLM,fus_GRS_early_lgbm
1,98,0.04616029907486893,0.2478125860457272,LOG_HLM,fus_GRS_early_lgbm
2,97,0.05603742714751631,0.30912310586802455,LOG_HLM,fus_GRS_early_lgbm
3,98,0.06675903718644675,0.2956065974169325,LOG_HLM,fus_GRS_early_lgbm
4,98,0.07864236947808885,0.3529532667175459,LOG_HLM,fus_GRS_early_lgbm
5,97,0.09030052938105938,0.31283666841901925,LOG_HLM,fus_GRS_early_lgbm
6,98,0.10707803679366575,0.33054728196857325,LOG_HLM,fus_GRS_early_lgbm
7,98,0.14568716945295854,0.2942918402164682,LOG_HLM,fus_GRS_early_lgbm
0,98,0.02717928146052482,0.22730887747581918,LOG_HLM,fus_GRS_early_rf
1,98,0.03977940416166401,0.2865646039184766,LOG_HLM,fus_GRS_early_rf
2,97,0.049706327927890794,0.2666148573144435,LOG_HLM,fus_GRS_early_rf
3,98,0.061368323633230804,0.34619219192209894,LOG_HLM,fus_GRS_early_rf
4,98,0.07112879290187499,0.34068915773084907,LOG_HLM,fus_GRS_early_rf
5,97,0.08323078183648325,0.2609868224469624,LOG_HLM,fus_GRS_early_rf
6,98,0.09934085822230317,0.2992257907796726,LOG_HLM,fus_GRS_early_rf
7,98,0.1369134595185998,0.351865419749334,LOG_HLM,fus_GRS_early_rf
0,98,0.018818871400402275,0.21781975450126617,LOG_HLM,fus_GRS_late_attfp
1,98,0.028225677841068216,0.32084004810679884,LOG_HLM,fus_GRS_late_attfp
2,97,0.03456795774788055,0.2917839036402125,LOG_HLM,fus_GRS_late_attfp
3,98,0.04009188151745706,0.229249287826315,LOG_HLM,fus_GRS_late_attfp
4,98,0.046895430905353,0.291803136367606,LOG_HLM,fus_GRS_late_attfp
5,97,0.05460543945774601,0.32227152290962263,LOG_HLM,fus_GRS_late_attfp
6,98,0.06471184503982015,0.32583676819229973,LOG_HLM,fus_GRS_late_attfp
7,98,0.08195783244898701,0.3289186082404743,LOG_HLM,fus_GRS_late_attfp
0,98,0.022012187854686324,0.22713115774446482,LOG_HLM,fus_GRS_late_lgbm
1,98,0.03287655759560189,0.3347169500241365,LOG_HLM,fus_GRS_late_lgbm
2,97,0.038872345468611756,0.3016218858049079,LOG_HLM,fus_GRS_late_lgbm
3,98,0.046173282764577696,0.2910330031038822,LOG_HLM,fus_GRS_late_lgbm
4,98,0.05391158632986724,0.26546831295729306,LOG_HLM,fus_GRS_late_lgbm
5,97,0.06265909303979589,0.3192130493520625,LOG_HLM,fus_GRS_late_lgbm
6,98,0.0726772897704241,0.3214853962595758,LOG_HLM,fus_GRS_late_lgbm
7,98,0.08993925489176101,0.3302019386683619,LOG_HLM,fus_GRS_late_lgbm
0,98,0.022835557825013914,0.2658923208968061,LOG_HLM,fus_GRS_late_rf
1,98,0.03355634060435232,0.2512289614957913,LOG_HLM,fus_GRS_late_rf
2,97,0.04199616963847884,0.3223880509067152,LOG_HLM,fus_GRS_late_rf
3,98,0.05131265503135516,0.3226479815119245,LOG_HLM,fus_GRS_late_rf
4,98,0.058349275917554885,0.27493706044360405,LOG_HLM,fus_GRS_late_rf
5,97,0.06780918624464458,0.3245388401327753,LOG_HLM,fus_GRS_late_rf
6,98,0.07725339246021726,0.324865261965206,LOG_HLM,fus_GRS_late_rf
7,98,0.0943691237526916,0.30698936648393277,LOG_HLM,fus_GRS_late_rf
0,98,0.029014327980774395,0.34530946569976784,LOG_HLM,fus_GR_early_attfp
1,98,0.04207481429884158,0.29292669872851657,LOG_HLM,fus_GR_early_attfp
2,97,0.051360042479177914,0.24829845331071126,LOG_HLM,fus_GR_early_attfp
3,98,0.06047392102340787,0.29511933549691083,LOG_HLM,fus_GR_early_attfp
4,98,0.07089776023797015,0.3221108491522079,LOG_HLM,fus_GR_early_attfp
5,97,0.08434078187410883,0.2959807527947233,LOG_HLM,fus_GR_early_attfp
6,98,0.10096591217736411,0.3093071431101525,LOG_HLM,fus_GR_early_attfp
7,98,0.14742285671967303,0.34678169583939555,LOG_HLM,fus_GR_early_attfp
0,98,0.028567863956260015,0.2263735095741694,LOG_HLM,fus_GR_early_lgbm
1,98,0.040220493859618706,0.30431342120033034,LOG_HLM,fus_GR_early_lgbm
2,97,0.05044032000943585,0.3324441172677559,LOG_HLM,fus_GR_early_lgbm
3,98,0.05979652531352878,0.2955774100426694,LOG_HLM,fus_GR_early_lgbm
4,98,0.07111175435182472,0.30751819068407843,LOG_HLM,fus_GR_early_lgbm
5,97,0.08614472264516909,0.3553119293467381,LOG_HLM,fus_GR_early_lgbm
6,98,0.10553200032702359,0.2818730156304045,LOG_HLM,fus_GR_early_lgbm
7,98,0.15151615865678833,0.3133045282137925,LOG_HLM,fus_GR_early_lgbm
0,98,0.027934987819996898,0.2402447730235161,LOG_HLM,fus_GR_early_rf
1,98,0.04253669285031346,0.26805295034407867,LOG_HLM,fus_GR_early_rf
2,97,0.05138302789966116,0.2858737761201128,LOG_HLM,fus_GR_early_rf
3,98,0.06098162538834915,0.30756814083538203,LOG_HLM,fus_GR_early_rf
4,98,0.07120354512391294,0.35281146362681837,LOG_HLM,fus_GR_early_rf
5,97,0.08275807976401083,0.29966042087637385,LOG_HLM,fus_GR_early_rf
6,98,0.10068087029657194,0.3285959248414187,LOG_HLM,fus_GR_early_rf
7,98,0.14649776224805897,0.33250778609811565,LOG_HLM,fus_GR_early_rf
0,98,0.016779541405472595,0.2879336225595348,LOG_HLM,fus_GR_late_attfp
1,98,0.02455815241167156,0.2712170520568702,LOG_HLM,fus_GR_late_attfp
2,97,0.03097669273815293,0.24158337638867095,LOG_HLM,fus_GR_late_attfp
3,98,0.037830381446507674,0.33625336152390845,LOG_HLM,fus_GR_late_attfp
4,98,0.04401975485290473,0.2869820932569695,LOG_HLM,fus_GR_late_attfp
5,97,0.05155811862771253,0.34335385149707087,LOG_HLM,fus_GR_late_attfp
6,98,0.06169825444089512,0.30036977877178095,LOG_HLM,fus_GR_late_attfp
7,98,0.08077027816881191,0.26488796929958236,LOG_HLM,fus_GR_late_attfp
0,99,0.025731935757671905,0.27294432149904807,LOG_HLM,fus_GR_late_lgbm
1,97,0.03882730030535611,0.29898889259024725,LOG_HLM,fus_GR_late_lgbm
2,97,0.04767366491356452,0.30809528187265617,LOG_HLM,fus_GR_late_lgbm
3,98,0.056290529393426665,0.3110307721347558,LOG_HLM,fus_GR_late_lgbm
4,99,0.06616024817925278,0.3106696709270248,LOG_HLM,fus_GR_late_lgbm
5,96,0.07602075453571673,0.29696955450413337,LOG_HLM,fus_GR_late_lgbm
6,98,0.0870396783349204,0.31268359084489217,LOG_HLM,fus_GR_late_lgbm
7,98,0.11125319450486741,0.3286302430336546,LOG_HLM,fus_GR_late_lgbm
0,98,0.02361956924813106,0.27569954794444057,LOG_HLM,fus_GR_late_rf
1,98,0.03778590667089893,0.299662686145378,LOG_HLM,fus_GR_late_rf
2,97,0.046501631264936616,0.313803155286202,LOG_HLM,fus_GR_late_rf
3,99,0.0545980661703055,0.3305885165860021,LOG_HLM,fus_GR_late_rf
4,97,0.06326506631995185,0.2687247076292748,LOG_HLM,fus_GR_late_rf
5,97,0.07246454383515635,0.31935112656666986,LOG_HLM,fus_GR_late_rf
6,99,0.0833094178238914,0.30666062503428554,LOG_HLM,fus_GR_late_rf
7,97,0.10493558521443964,0.3256454814272495,LOG_HLM,fus_GR_late_rf
0,98,0.017245387945109894,0.3332150243916253,LOG_HLM,lgbm
1,98,0.026689419093484917,0.297826513380949,LOG_HLM,lgbm
2,97,0.032344864944776404,0.31602790760012844,LOG_HLM,lgbm
3,98,0.03739904492652281,0.35446694069749657,LOG_HLM,lgbm
4,98,0.04337246149609996,0.3214841650153755,LOG_HLM,lgbm
5,97,0.04948354393024427,0.3224606059158732,LOG_HLM,lgbm
6,98,0.057459910420678786,0.30731246142673546,LOG_HLM,lgbm
7,98,0.07439326129055965,0.2861728960372856,LOG_HLM,lgbm
0,98,0.028605568618213353,0.30469708460876066,LOG_HLM,uni_G_attfp
1,98,0.0416142210778883,0.31305559022701795,LOG_HLM,uni_G_attfp
2,97,0.051359964837287976,0.29674814020873685,LOG_HLM,uni_G_attfp
3,98,0.06101356259248157,0.2734845097350489,LOG_HLM,uni_G_attfp
4,98,0.07133835589610335,0.32877408181295714,LOG_HLM,uni_G_attfp
5,97,0.08231500332060808,0.2881801732676025,LOG_HLM,uni_G_attfp
6,98,0.0995702237314805,0.3036598245270293,LOG_HLM,uni_G_attfp
7,98,0.13954332528676336,0.3394193863416155,LOG_HLM,uni_G_attfp
0,98,0.028785460628772522,0.24579443298831274,LOG_HLM,uni_G_lgbm
1,98,0.041984102093063226,0.2860182392110995,LOG_HLM,uni_G_lgbm
2,97,0.05060491790897052,0.3133998558754934,LOG_HLM,uni_G_lgbm
3,98,0.06021832598057086,0.2986174707543206,LOG_HLM,uni_G_lgbm
4,98,0.0700949792173248,0.28711684334209314,LOG_HLM,uni_G_lgbm
5,97,0.08269604434978366,0.3232403706790939,LOG_HLM,uni_G_lgbm
6,98,0.10024036765671972,0.32913148553240157,LOG_HLM,uni_G_lgbm
7,98,0.14582833020704972,0.3246321739833572,LOG_HLM,uni_G_lgbm
0,98,0.02896293570541317,0.2776973273479518,LOG_HLM,uni_G_rf
1,98,0.04146651539138745,0.2601127391314116,LOG_HLM,uni_G_rf
2,97,0.05052555250487104,0.302361827543053,LOG_HLM,uni_G_rf
3,98,0.0597563098912942,0.28257005422879544,LOG_HLM,uni_G_rf
4,99,0.07052669815365291,0.34309204277911637,LOG_HLM,uni_G_rf
5,96,0.08241850186323917,0.30966018378993027,LOG_HLM,uni_G_rf
6,98,0.1001896926459804,0.3287529013406591,LOG_HLM,uni_G_rf
7,98,0.14364847471143097,0.3299754530413926,LOG_HLM,uni_G_rf
0,98,0.02222653929063685,0.27592670024346383,LOG_HLM,uni_M_lgbm
1,98,0.031652700810797185,0.3212120254465371,LOG_HLM,uni_M_lgbm
2,97,0.03797136060387415,0.29877846956526344,LOG_HLM,uni_M_lgbm
3,98,0.04379997442059645,0.3379311177161735,LOG_HLM,uni_M_lgbm
4,98,0.050714402290537156,0.3163698336615732,LOG_HLM,uni_M_lgbm
5,97,0.057175939279026144,0.3053862919096915,LOG_HLM,uni_M_lgbm
6,98,0.06561557840333249,0.3490862197904086,LOG_HLM,uni_M_lgbm
7,98,0.08273791446030052,0.3454599483447728,LOG_HLM,uni_M_lgbm
0,98,0.00957459080372654,0.3360766893654239,LOG_HLM,uni_M_rf
1,98,0.01374386795239739,0.36857236588995995,LOG_HLM,uni_M_rf
2,97,0.01624939072201481,0.2932543113613722,LOG_HLM,uni_M_rf
3,98,0.018797901341187473,0.28699712267885213,LOG_HLM,uni_M_rf
4,98,0.021780483318577133,0.3193792871951103,LOG_HLM,uni_M_rf
5,97,0.024848595831006248,0.3088401726385546,LOG_HLM,uni_M_rf
6,98,0.02865112720949994,0.3015882166030377,LOG_HLM,uni_M_rf
7,98,0.03903278468554074,0.3556660484330534,LOG_HLM,uni_M_rf
0,98,0.021592007987446874,0.2941163989923193,LOG_HLM,uni_R_lgbm
1,98,0.03159233435628769,0.2923313664751352,LOG_HLM,uni_R_lgbm
2,97,0.03773018547644175,0.30555721242436307,LOG_HLM,uni_R_lgbm
3,98,0.043498307437188424,0.29685500127233166,LOG_HLM,uni_R_lgbm
4,100,0.04981381852198946,0.3117999654534034,LOG_HLM,uni_R_lgbm
5,95,0.05802404509061327,0.3593223920377186,LOG_HLM,uni_R_lgbm
6,98,0.06666052524936768,0.3009455801231778,LOG_HLM,uni_R_lgbm
7,98,0.08563382455439232,0.31170197173898573,LOG_HLM,uni_R_lgbm
0,99,0.010959382524627801,0.28811113100435387,LOG_HLM,uni_R_rf
1,97,0.016074514039211944,0.33109644885521033,LOG_HLM,uni_R_rf
2,97,0.019350417177608575,0.2923854429582127,LOG_HLM,uni_R_rf
3,98,0.023172836882080838,0.2944369141710182,LOG_HLM,uni_R_rf
4,98,0.026853960907480448,0.31354815939810543,LOG_HLM,uni_R_rf
5,97,0.030384401548800552,0.3430622900128323,LOG_HLM,uni_R_rf
6,98,0.035597234279125395,0.33846447770997806,LOG_HLM,uni_R_rf
7,98,0.05453979451775633,0.29799272463191756,LOG_HLM,uni_R_rf
0,98,0.04135366382078346,0.29311378418445944,LOG_HLM,uni_S_lgbm
1,98,0.06241089091603349,0.3134426359083381,LOG_HLM,uni_S_lgbm
2,97,0.07705162969121312,0.3099981430475683,LOG_HLM,uni_S_lgbm
3,98,0.0925156339336715,0.32795957028530887,LOG_HLM,uni_S_lgbm
4,98,0.10803356878538982,0.3485355874315132,LOG_HLM,uni_S_lgbm
5,97,0.127472099638316,0.3226562779888349,LOG_HLM,uni_S_lgbm
6,98,0.15236867486889677,0.37207522427362943,LOG_HLM,uni_S_lgbm
7,98,0.20167076245004056,0.34709587712914364,LOG_HLM,uni_S_lgbm
0,98,0.036481150280645816,0.2979374571671093,LOG_HLM,uni_S_rf
1,98,0.0549550112090668,0.31341589610469733,LOG_HLM,uni_S_rf
2,97,0.06754253315838,0.3164006282879964,LOG_HLM,uni_S_rf
3,98,0.08016632967013396,0.311959281919582,LOG_HLM,uni_S_rf
4,98,0.09315308049787566,0.29400962998207314,LOG_HLM,uni_S_rf
5,97,0.11089035676082604,0.37625179242284645,LOG_HLM,uni_S_rf
6,98,0.13289291134988782,0.3699140708772305,LOG_HLM,uni_S_rf
7,98,0.17674319823158532,0.34071220779031086,LOG_HLM,uni_S_rf
0,57,0.014594233957615017,0.11566182276991042,LOG_MBPB,chemeleon
1,56,0.019556717536205106,0.108567302170228,LOG_MBPB,chemeleon
2,56,0.023702903837312585,0.15864889423612288,LOG_MBPB,chemeleon
3,57,0.028456144869556044,0.15289432750470403,LOG_MBPB,chemeleon
4,56,0.03270536938761302,0.1628911672375628,LOG_MBPB,chemeleon
5,56,0.03693923288492069,0.15592962377516648,LOG_MBPB,chemeleon
6,56,0.04298719898539361,0.1554296505370135,LOG_MBPB,chemeleon
7,57,0.05516032885879558,0.13514883812926815,LOG_MBPB,chemeleon
0,57,0.01463845377015532,0.15270816782335542,LOG_MBPB,chemprop
1,56,0.020004333556425346,0.11445442660357943,LOG_MBPB,chemprop
2,56,0.023515601254641583,0.14268594415781358,LOG_MBPB,chemprop
3,57,0.02729477110708564,0.1568852290802801,LOG_MBPB,chemprop
4,56,0.03152888652339186,0.19044296918081471,LOG_MBPB,chemprop
5,56,0.03550970948848415,0.18716084170922892,LOG_MBPB,chemprop
6,56,0.04141148507681115,0.18095394062223905,LOG_MBPB,chemprop
7,57,0.05330149845961214,0.21900182263717213,LOG_MBPB,chemprop
0,57,0.01009483287743569,0.1905701176197303,LOG_MBPB,chemprop_st
1,56,0.01632381683351127,0.19971458648857565,LOG_MBPB,chemprop_st
2,56,0.02124726888279928,0.22549595981947937,LOG_MBPB,chemprop_st
3,57,0.025329456237707236,0.24036504098905048,LOG_MBPB,chemprop_st
4,56,0.029299309406609957,0.18213016683710576,LOG_MBPB,chemprop_st
5,56,0.03479283067424884,0.23879511695796238,LOG_MBPB,chemprop_st
6,56,0.0420967924455458,0.2762652410508277,LOG_MBPB,chemprop_st
7,57,0.058906400127958274,0.2254487560694714,LOG_MBPB,chemprop_st
0,57,0.021141487298817534,0.18145163746697054,LOG_MBPB,fus_GRMS_early_attfp
1,56,0.0334139629448194,0.16343430316027224,LOG_MBPB,fus_GRMS_early_attfp
2,56,0.04284748102565737,0.19849275502928782,LOG_MBPB,fus_GRMS_early_attfp
3,57,0.051168230580344747,0.23440844137410918,LOG_MBPB,fus_GRMS_early_attfp
4,56,0.06003347230274609,0.23310687195000238,LOG_MBPB,fus_GRMS_early_attfp
5,56,0.06983587362137876,0.2603682997199068,LOG_MBPB,fus_GRMS_early_attfp
6,56,0.08243729402711678,0.24742947812678007,LOG_MBPB,fus_GRMS_early_attfp
7,57,0.12061321593148186,0.27096453163793693,LOG_MBPB,fus_GRMS_early_attfp
0,57,0.013425723465589979,0.10717855737963757,LOG_MBPB,fus_GRMS_early_lgbm
1,56,0.02079617736913867,0.1453067444273662,LOG_MBPB,fus_GRMS_early_lgbm
2,56,0.02660594488282247,0.15836821321258845,LOG_MBPB,fus_GRMS_early_lgbm
3,57,0.03227277407724015,0.20329619903667534,LOG_MBPB,fus_GRMS_early_lgbm
4,56,0.03750121212975741,0.1890006346864039,LOG_MBPB,fus_GRMS_early_lgbm
5,56,0.04302063443158533,0.23836681220771627,LOG_MBPB,fus_GRMS_early_lgbm
6,56,0.050147473122264814,0.21578793155086795,LOG_MBPB,fus_GRMS_early_lgbm
7,57,0.06751392940768945,0.29863514797622603,LOG_MBPB,fus_GRMS_early_lgbm
0,57,0.011672699377883686,0.09798524767693459,LOG_MBPB,fus_GRMS_early_rf
1,56,0.019437928141967348,0.15952988863728948,LOG_MBPB,fus_GRMS_early_rf
2,56,0.025532120391438897,0.18627698971125153,LOG_MBPB,fus_GRMS_early_rf
3,57,0.029681080285796788,0.22199100361263174,LOG_MBPB,fus_GRMS_early_rf
4,56,0.03371563486737687,0.20951468926827393,LOG_MBPB,fus_GRMS_early_rf
5,56,0.038762117671649006,0.21295848342433693,LOG_MBPB,fus_GRMS_early_rf
6,56,0.045654450127415765,0.2054463633382791,LOG_MBPB,fus_GRMS_early_rf
7,57,0.06631992813829016,0.3020425137606498,LOG_MBPB,fus_GRMS_early_rf
0,57,0.00954669474843351,0.17941710390734705,LOG_MBPB,fus_GRMS_late_attfp
1,56,0.014989287659359415,0.20143450627931142,LOG_MBPB,fus_GRMS_late_attfp
2,56,0.018172284513888422,0.18174885633636423,LOG_MBPB,fus_GRMS_late_attfp
3,57,0.021423607025989725,0.2210276048253942,LOG_MBPB,fus_GRMS_late_attfp
4,56,0.024272385769533684,0.23874382373429956,LOG_MBPB,fus_GRMS_late_attfp
5,56,0.028117757877898553,0.22984436562521246,LOG_MBPB,fus_GRMS_late_attfp
6,56,0.032310687109204976,0.20633304929584198,LOG_MBPB,fus_GRMS_late_attfp
7,57,0.042208461004535486,0.24887825678439354,LOG_MBPB,fus_GRMS_late_attfp
0,57,0.019309708290504997,0.1818815991505121,LOG_MBPB,fus_GRMS_late_lgbm
1,56,0.028475328527991083,0.23020748256193935,LOG_MBPB,fus_GRMS_late_lgbm
2,56,0.03393094747380163,0.21757850025659622,LOG_MBPB,fus_GRMS_late_lgbm
3,57,0.04076491738444111,0.23824648311062652,LOG_MBPB,fus_GRMS_late_lgbm
4,56,0.046630791566793284,0.2240753207713225,LOG_MBPB,fus_GRMS_late_lgbm
5,56,0.05219366348810296,0.26576672309397775,LOG_MBPB,fus_GRMS_late_lgbm
6,56,0.060109886719382784,0.2337794139454637,LOG_MBPB,fus_GRMS_late_lgbm
7,57,0.07585507969659028,0.2315337028319488,LOG_MBPB,fus_GRMS_late_lgbm
0,57,0.018622079321249957,0.16543704163023748,LOG_MBPB,fus_GRMS_late_rf
1,56,0.026879968540152642,0.2626503939738252,LOG_MBPB,fus_GRMS_late_rf
2,56,0.03313955790972382,0.23496555536015715,LOG_MBPB,fus_GRMS_late_rf
3,57,0.03921026267357738,0.21218681318652452,LOG_MBPB,fus_GRMS_late_rf
4,56,0.04539798338986005,0.24381763210417468,LOG_MBPB,fus_GRMS_late_rf
5,56,0.0505148759899205,0.24054434044022274,LOG_MBPB,fus_GRMS_late_rf
6,56,0.05849167765545059,0.24697284660096214,LOG_MBPB,fus_GRMS_late_rf
7,57,0.07216643756638848,0.20811390552699188,LOG_MBPB,fus_GRMS_late_rf
0,57,0.01859028537546073,0.21724554532950463,LOG_MBPB,fus_GRM_early_attfp
1,56,0.025730295883624892,0.22132155391593702,LOG_MBPB,fus_GRM_early_attfp
2,56,0.030267653004804138,0.23936637207078357,LOG_MBPB,fus_GRM_early_attfp
3,57,0.03440566767591184,0.2587643695912162,LOG_MBPB,fus_GRM_early_attfp
4,56,0.038136134811735625,0.2888420685854865,LOG_MBPB,fus_GRM_early_attfp
5,56,0.043578554153519126,0.26103764971772814,LOG_MBPB,fus_GRM_early_attfp
6,56,0.04998948461900797,0.2582143120340924,LOG_MBPB,fus_GRM_early_attfp
7,57,0.06687028311794017,0.2720758534405936,LOG_MBPB,fus_GRM_early_attfp
0,57,0.012536078942736735,0.07682072572991815,LOG_MBPB,fus_GRM_early_lgbm
1,56,0.021360872557018545,0.14294113465056718,LOG_MBPB,fus_GRM_early_lgbm
2,56,0.028855754029824876,0.14932979425124565,LOG_MBPB,fus_GRM_early_lgbm
3,58,0.03495510001628759,0.20409439374252694,LOG_MBPB,fus_GRM_early_lgbm
4,55,0.040631104595082734,0.19687955792043949,LOG_MBPB,fus_GRM_early_lgbm
5,57,0.04668440185668878,0.1758673105694937,LOG_MBPB,fus_GRM_early_lgbm
6,55,0.05540406410710443,0.2728035961287791,LOG_MBPB,fus_GRM_early_lgbm
7,57,0.07554995071168513,0.32568411873401065,LOG_MBPB,fus_GRM_early_lgbm
0,58,0.012260621396413233,0.10018272450209485,LOG_MBPB,fus_GRM_early_rf
1,55,0.019815926280019422,0.1376274867155088,LOG_MBPB,fus_GRM_early_rf
2,57,0.025849800910440684,0.20641811158125406,LOG_MBPB,fus_GRM_early_rf
3,57,0.03134635088760099,0.17108370046890728,LOG_MBPB,fus_GRM_early_rf
4,55,0.036339993740875424,0.22496151305757608,LOG_MBPB,fus_GRM_early_rf
5,56,0.04243168105822807,0.23073357852339366,LOG_MBPB,fus_GRM_early_rf
6,56,0.050829863438148826,0.2312751070389223,LOG_MBPB,fus_GRM_early_rf
7,57,0.0702095803621259,0.27767026257309535,LOG_MBPB,fus_GRM_early_rf
0,57,0.0105238730536163,0.14749280530546158,LOG_MBPB,fus_GRM_late_attfp
1,56,0.015206019501055355,0.17365718927367782,LOG_MBPB,fus_GRM_late_attfp
2,56,0.019037686609915377,0.1846077656021088,LOG_MBPB,fus_GRM_late_attfp
3,57,0.023070362454973587,0.21280491256330683,LOG_MBPB,fus_GRM_late_attfp
4,56,0.02665819541416342,0.24487495331973402,LOG_MBPB,fus_GRM_late_attfp
5,56,0.03130718581973466,0.2480935460883393,LOG_MBPB,fus_GRM_late_attfp
6,56,0.037607498406829976,0.28649610392122654,LOG_MBPB,fus_GRM_late_attfp
7,57,0.04751502359146635,0.21034666084268183,LOG_MBPB,fus_GRM_late_attfp
0,57,0.017352527827230832,0.1496468333595381,LOG_MBPB,fus_GRM_late_lgbm
1,56,0.026410310698554505,0.2038985390565974,LOG_MBPB,fus_GRM_late_lgbm
2,56,0.032023565510262475,0.22334432020082565,LOG_MBPB,fus_GRM_late_lgbm
3,57,0.037196268419339235,0.2349232092936524,LOG_MBPB,fus_GRM_late_lgbm
4,56,0.04368327200028747,0.25770177485992696,LOG_MBPB,fus_GRM_late_lgbm
5,56,0.04998509949651697,0.2930156128139924,LOG_MBPB,fus_GRM_late_lgbm
6,56,0.05732697379115156,0.21575642208986304,LOG_MBPB,fus_GRM_late_lgbm
7,57,0.07252051022589635,0.17817285504610908,LOG_MBPB,fus_GRM_late_lgbm
0,57,0.018648806474793573,0.1655279986820391,LOG_MBPB,fus_GRM_late_rf
1,56,0.026889468982310174,0.2606879616644255,LOG_MBPB,fus_GRM_late_rf
2,56,0.03317308675681357,0.23499076857929307,LOG_MBPB,fus_GRM_late_rf
3,57,0.03913308690034122,0.21076465440629685,LOG_MBPB,fus_GRM_late_rf
4,56,0.045221584835041365,0.22980818326751645,LOG_MBPB,fus_GRM_late_rf
5,56,0.050467630917231956,0.26503908633526974,LOG_MBPB,fus_GRM_late_rf
6,56,0.0584938584151861,0.23577605527666537,LOG_MBPB,fus_GRM_late_rf
7,57,0.0720853068827549,0.21270679169384307,LOG_MBPB,fus_GRM_late_rf
0,57,0.023036077061298364,0.1798970109842375,LOG_MBPB,fus_GRS_early_attfp
1,56,0.03727475918121349,0.22270671897699965,LOG_MBPB,fus_GRS_early_attfp
2,56,0.046391224096579295,0.18511712677983796,LOG_MBPB,fus_GRS_early_attfp
3,57,0.054947830504510374,0.2808563451974016,LOG_MBPB,fus_GRS_early_attfp
4,56,0.06372250048406623,0.28387503357024774,LOG_MBPB,fus_GRS_early_attfp
5,56,0.07398032722797392,0.19125177961510728,LOG_MBPB,fus_GRS_early_attfp
6,56,0.08701909476778387,0.24182872800878671,LOG_MBPB,fus_GRS_early_attfp
7,57,0.12448592378711816,0.25519921509680654,LOG_MBPB,fus_GRS_early_attfp
0,57,0.013292291961254756,0.10630270735078172,LOG_MBPB,fus_GRS_early_lgbm
1,56,0.0202804533299444,0.16881630463193487,LOG_MBPB,fus_GRS_early_lgbm
2,56,0.02585158078033115,0.11079510776839162,LOG_MBPB,fus_GRS_early_lgbm
3,57,0.030515363894100592,0.17918310231663367,LOG_MBPB,fus_GRS_early_lgbm
4,56,0.036460547324872104,0.20613270464691544,LOG_MBPB,fus_GRS_early_lgbm
5,56,0.04221964872728885,0.2322668000825139,LOG_MBPB,fus_GRS_early_lgbm
6,56,0.049181363593788434,0.23694474324844506,LOG_MBPB,fus_GRS_early_lgbm
7,57,0.0674483313809797,0.2845102260918267,LOG_MBPB,fus_GRS_early_lgbm
0,57,0.011781969507992728,0.10116192148966038,LOG_MBPB,fus_GRS_early_rf
1,56,0.01931925233915288,0.13923556074585622,LOG_MBPB,fus_GRS_early_rf
2,56,0.025007942549780875,0.19929825225141035,LOG_MBPB,fus_GRS_early_rf
3,57,0.029894233447769196,0.2069901911542736,LOG_MBPB,fus_GRS_early_rf
4,56,0.033939892893167796,0.20177764515143412,LOG_MBPB,fus_GRS_early_rf
5,56,0.038698846068630145,0.23021409076026947,LOG_MBPB,fus_GRS_early_rf
6,56,0.04619133801261375,0.2265324635259727,LOG_MBPB,fus_GRS_early_rf
7,57,0.0658440111070136,0.289611277629569,LOG_MBPB,fus_GRS_early_rf
0,57,0.010471002824542735,0.1687816689513412,LOG_MBPB,fus_GRS_late_attfp
1,56,0.01458792523040173,0.1737727722695186,LOG_MBPB,fus_GRS_late_attfp
2,56,0.017380446361545888,0.18697607387006365,LOG_MBPB,fus_GRS_late_attfp
3,57,0.020147597895824904,0.1922626138273681,LOG_MBPB,fus_GRS_late_attfp
4,56,0.023950314924845617,0.23024292605717214,LOG_MBPB,fus_GRS_late_attfp
5,56,0.027704229698042898,0.23837616874301837,LOG_MBPB,fus_GRS_late_attfp
6,56,0.03164728364923682,0.23425617142443786,LOG_MBPB,fus_GRS_late_attfp
7,57,0.03937591595764918,0.2733272127680114,LOG_MBPB,fus_GRS_late_attfp
0,57,0.011192946339124937,0.10321089037483994,LOG_MBPB,fus_GRS_late_lgbm
1,56,0.020573192163707402,0.16120509509966421,LOG_MBPB,fus_GRS_late_lgbm
2,56,0.027088698076127484,0.2201692131581165,LOG_MBPB,fus_GRS_late_lgbm
3,57,0.033442309190455564,0.24827387687968167,LOG_MBPB,fus_GRS_late_lgbm
4,56,0.04103896360741298,0.22967870265347232,LOG_MBPB,fus_GRS_late_lgbm
5,56,0.04728541354540155,0.2654667996226802,LOG_MBPB,fus_GRS_late_lgbm
6,56,0.054350918931316834,0.229544111873138,LOG_MBPB,fus_GRS_late_lgbm
7,57,0.06681719853028202,0.2818505831810662,LOG_MBPB,fus_GRS_late_lgbm
0,57,0.011611215182008245,0.0978076127315159,LOG_MBPB,fus_GRS_late_rf
1,56,0.020366008767175963,0.13904395628555657,LOG_MBPB,fus_GRS_late_rf
2,56,0.027402063772118703,0.21933482656397002,LOG_MBPB,fus_GRS_late_rf
3,57,0.03462784282418021,0.24071563209555516,LOG_MBPB,fus_GRS_late_rf
4,56,0.042666814792310125,0.25335152755261886,LOG_MBPB,fus_GRS_late_rf
5,56,0.04955462652163822,0.23811636668055752,LOG_MBPB,fus_GRS_late_rf
6,56,0.05526511988651225,0.24973018790012688,LOG_MBPB,fus_GRS_late_rf
7,57,0.06989303571565174,0.26842568962832014,LOG_MBPB,fus_GRS_late_rf
0,57,0.01647451995362073,0.16194642285408867,LOG_MBPB,fus_GR_early_attfp
1,56,0.02463935427978361,0.18462667954294312,LOG_MBPB,fus_GR_early_attfp
2,56,0.031197082636633993,0.20313751882269723,LOG_MBPB,fus_GR_early_attfp
3,57,0.03765602669946686,0.18899853605435746,LOG_MBPB,fus_GR_early_attfp
4,56,0.04440009502336738,0.24513253512125527,LOG_MBPB,fus_GR_early_attfp
5,56,0.0520810881196622,0.30197489961138485,LOG_MBPB,fus_GR_early_attfp
6,56,0.06431613880804977,0.27694244267136453,LOG_MBPB,fus_GR_early_attfp
7,57,0.08590310713413964,0.2517224239087236,LOG_MBPB,fus_GR_early_attfp
0,57,0.011239904030012236,0.09866902988697746,LOG_MBPB,fus_GR_early_lgbm
1,56,0.020497917513162482,0.11032572410080208,LOG_MBPB,fus_GR_early_lgbm
2,56,0.027687593249217796,0.1473480974531677,LOG_MBPB,fus_GR_early_lgbm
3,57,0.03305503666968787,0.18767887367808894,LOG_MBPB,fus_GR_early_lgbm
4,56,0.03802534336159201,0.21346686964824915,LOG_MBPB,fus_GR_early_lgbm
5,56,0.044369655817374905,0.2439912711899827,LOG_MBPB,fus_GR_early_lgbm
6,56,0.05381732380121535,0.23271161831195988,LOG_MBPB,fus_GR_early_lgbm
7,57,0.07412933607389091,0.3043505452251169,LOG_MBPB,fus_GR_early_lgbm
0,57,0.013315156068540047,0.0995751969698389,LOG_MBPB,fus_GR_early_rf
1,56,0.02204274765689109,0.16063321010163345,LOG_MBPB,fus_GR_early_rf
2,56,0.028053286122238473,0.1871457080474916,LOG_MBPB,fus_GR_early_rf
3,57,0.0331459614466706,0.17527917374744453,LOG_MBPB,fus_GR_early_rf
4,56,0.03812813837365044,0.2027786159445503,LOG_MBPB,fus_GR_early_rf
5,56,0.04397709928909325,0.21638229978480952,LOG_MBPB,fus_GR_early_rf
6,56,0.0529594903582044,0.23582088328718168,LOG_MBPB,fus_GR_early_rf
7,57,0.07157781015494653,0.287397710477807,LOG_MBPB,fus_GR_early_rf
0,57,0.010517980620609057,0.18251578305255511,LOG_MBPB,fus_GR_late_attfp
1,56,0.016026973355783927,0.1565653098078348,LOG_MBPB,fus_GR_late_attfp
2,56,0.019096473305756218,0.16407979182782842,LOG_MBPB,fus_GR_late_attfp
3,57,0.02231804975293016,0.17139071363598687,LOG_MBPB,fus_GR_late_attfp
4,56,0.025140640426907335,0.26157197153340156,LOG_MBPB,fus_GR_late_attfp
5,56,0.028429682368815875,0.2204372935077095,LOG_MBPB,fus_GR_late_attfp
6,56,0.033456162699964494,0.24279063387449407,LOG_MBPB,fus_GR_late_attfp
7,57,0.04431976114456626,0.2756587543002356,LOG_MBPB,fus_GR_late_attfp
0,57,0.012241460103948613,0.09721952329622954,LOG_MBPB,fus_GR_late_lgbm
1,56,0.019779119163543864,0.15742752750400807,LOG_MBPB,fus_GR_late_lgbm
2,56,0.02548747004959113,0.181153956466061,LOG_MBPB,fus_GR_late_lgbm
3,57,0.030442849237208153,0.22256877590426816,LOG_MBPB,fus_GR_late_lgbm
4,56,0.035319464865277046,0.26274824605149255,LOG_MBPB,fus_GR_late_lgbm
5,56,0.040999993013470314,0.28716501677468603,LOG_MBPB,fus_GR_late_lgbm
6,57,0.04776743299786833,0.20326049269979543,LOG_MBPB,fus_GR_late_lgbm
7,56,0.06520413772230892,0.23939708137108034,LOG_MBPB,fus_GR_late_lgbm
0,57,0.011193311030666526,0.09130525547184984,LOG_MBPB,fus_GR_late_rf
1,56,0.019395559672752062,0.17409076345104793,LOG_MBPB,fus_GR_late_rf
2,56,0.025263618287412352,0.15569693331987705,LOG_MBPB,fus_GR_late_rf
3,57,0.030915872559432542,0.2036741443055127,LOG_MBPB,fus_GR_late_rf
4,56,0.03728985462722523,0.26695342684412904,LOG_MBPB,fus_GR_late_rf
5,56,0.043424222499665696,0.29901466010538896,LOG_MBPB,fus_GR_late_rf
6,56,0.05103499147563622,0.24648803663041421,LOG_MBPB,fus_GR_late_rf
7,57,0.06500743674749893,0.23173143351998995,LOG_MBPB,fus_GR_late_rf
0,57,0.013706606513853468,0.09231175427314078,LOG_MBPB,lgbm
1,56,0.024362632412941034,0.18897613108699435,LOG_MBPB,lgbm
2,56,0.03027956146572009,0.20290728649553585,LOG_MBPB,lgbm
3,57,0.03623565660450368,0.25018984187006793,LOG_MBPB,lgbm
4,56,0.04149970126107965,0.2152938831507214,LOG_MBPB,lgbm
5,57,0.04733518319028577,0.2323124231139026,LOG_MBPB,lgbm
6,56,0.05513705170824207,0.27145742275359863,LOG_MBPB,lgbm
7,56,0.07490359751923892,0.22665261516039212,LOG_MBPB,lgbm
0,57,0.015616249127110248,0.13134643372795754,LOG_MBPB,uni_G_attfp
1,56,0.02280212983179668,0.14813697012410085,LOG_MBPB,uni_G_attfp
2,56,0.028038029558978654,0.15452114434695677,LOG_MBPB,uni_G_attfp
3,57,0.03439591910398303,0.20605159518070593,LOG_MBPB,uni_G_attfp
4,56,0.03954205556966491,0.18627127348463482,LOG_MBPB,uni_G_attfp
5,56,0.04490922378148048,0.24165951058018204,LOG_MBPB,uni_G_attfp
6,56,0.052413504413333624,0.2519554810748298,LOG_MBPB,uni_G_attfp
7,57,0.07250043210436596,0.2648228200247059,LOG_MBPB,uni_G_attfp
0,57,0.011177879286112233,0.11414472178309068,LOG_MBPB,uni_G_lgbm
1,56,0.020892834709390462,0.13952434396699545,LOG_MBPB,uni_G_lgbm
2,56,0.027271084389054616,0.13311177730468932,LOG_MBPB,uni_G_lgbm
3,57,0.03228632659679508,0.20595508839536308,LOG_MBPB,uni_G_lgbm
4,56,0.03765228667017273,0.22852478502223034,LOG_MBPB,uni_G_lgbm
5,56,0.043948448227730176,0.24317558849610393,LOG_MBPB,uni_G_lgbm
6,56,0.051756709628930864,0.2344902008281926,LOG_MBPB,uni_G_lgbm
7,57,0.06942978205931502,0.2938900850878559,LOG_MBPB,uni_G_lgbm
0,57,0.012515799151496232,0.09149918486131127,LOG_MBPB,uni_G_rf
1,56,0.020804581366364903,0.14873215964645375,LOG_MBPB,uni_G_rf
2,56,0.02689689882884955,0.16477858439227017,LOG_MBPB,uni_G_rf
3,57,0.03267700091163278,0.20625026766404558,LOG_MBPB,uni_G_rf
4,56,0.038264956001989855,0.22190312979875151,LOG_MBPB,uni_G_rf
5,56,0.0439534947644085,0.21238726206146033,LOG_MBPB,uni_G_rf
6,56,0.053197981443052246,0.24591601570237767,LOG_MBPB,uni_G_rf
7,57,0.07120986021440986,0.28178137721871915,LOG_MBPB,uni_G_rf
0,58,0.018642348046895244,0.19570770516682742,LOG_MBPB,uni_M_lgbm
1,55,0.026771086828578497,0.21713605786875204,LOG_MBPB,uni_M_lgbm
2,56,0.03236462009036115,0.26487379736842576,LOG_MBPB,uni_M_lgbm
3,57,0.037810429793608095,0.2066295117878956,LOG_MBPB,uni_M_lgbm
4,56,0.043662108117153334,0.23802378852998143,LOG_MBPB,uni_M_lgbm
5,56,0.04886672565470874,0.24764038097426763,LOG_MBPB,uni_M_lgbm
6,56,0.05651853945036408,0.22554188903755237,LOG_MBPB,uni_M_lgbm
7,57,0.07019922308776241,0.22256489731156123,LOG_MBPB,uni_M_lgbm
0,57,0.00744423280073018,0.2574298247708194,LOG_MBPB,uni_M_rf
1,56,0.011682145036990764,0.20668825527183457,LOG_MBPB,uni_M_rf
2,56,0.01426418035274105,0.2658377935575057,LOG_MBPB,uni_M_rf
3,58,0.016583642753837585,0.22258361801020027,LOG_MBPB,uni_M_rf
4,55,0.019424150643861448,0.23462527679293113,LOG_MBPB,uni_M_rf
5,56,0.02221830360009523,0.2539381088791388,LOG_MBPB,uni_M_rf
6,56,0.025213308228454905,0.29711556264923605,LOG_MBPB,uni_M_rf
7,57,0.03181940139667022,0.27772591354494747,LOG_MBPB,uni_M_rf
0,57,0.013105155424030096,0.11520831178876095,LOG_MBPB,uni_R_lgbm
1,56,0.02178482931044317,0.16304173381475134,LOG_MBPB,uni_R_lgbm
2,56,0.02766902823591808,0.1912470121204312,LOG_MBPB,uni_R_lgbm
3,57,0.03290032546276072,0.19375962189190093,LOG_MBPB,uni_R_lgbm
4,56,0.03876785135626236,0.27780057218303655,LOG_MBPB,uni_R_lgbm
5,56,0.04529058017609654,0.32140518370610716,LOG_MBPB,uni_R_lgbm
6,57,0.05514130393407658,0.26127873938616153,LOG_MBPB,uni_R_lgbm
7,56,0.0700780108518659,0.2629901297097345,LOG_MBPB,uni_R_lgbm
0,57,0.008798275582184507,0.21229554438554507,LOG_MBPB,uni_R_rf
1,56,0.013591661583701063,0.212052596435631,LOG_MBPB,uni_R_rf
2,56,0.016343053730624824,0.22821598897316459,LOG_MBPB,uni_R_rf
3,57,0.018415834102019787,0.2169544276394782,LOG_MBPB,uni_R_rf
4,56,0.02139499907659408,0.232544045483357,LOG_MBPB,uni_R_rf
5,56,0.024569343436450324,0.19800000811933915,LOG_MBPB,uni_R_rf
6,56,0.028410973064670053,0.24568754245066757,LOG_MBPB,uni_R_rf
7,57,0.0391328864270484,0.20451527054495094,LOG_MBPB,uni_R_rf
0,57,0.018454883261729157,0.1374026421192289,LOG_MBPB,uni_S_lgbm
1,56,0.03229535687795039,0.20871091168035832,LOG_MBPB,uni_S_lgbm
2,56,0.04220330211026042,0.209409804658802,LOG_MBPB,uni_S_lgbm
3,57,0.0510055751156465,0.2563360470896091,LOG_MBPB,uni_S_lgbm
4,56,0.060497846091068265,0.27677332021174844,LOG_MBPB,uni_S_lgbm
5,56,0.07156265771556673,0.2766323597446066,LOG_MBPB,uni_S_lgbm
6,56,0.08224182500599227,0.27556021831904015,LOG_MBPB,uni_S_lgbm
7,57,0.11126183323367289,0.264356568074069,LOG_MBPB,uni_S_lgbm
0,57,0.018618187333818113,0.14556401802426575,LOG_MBPB,uni_S_rf
1,56,0.03213399372774554,0.1949850406406929,LOG_MBPB,uni_S_rf
2,56,0.042822009559694396,0.20891561556477625,LOG_MBPB,uni_S_rf
3,57,0.051446572896608145,0.265706777344015,LOG_MBPB,uni_S_rf
4,56,0.059595808119494206,0.29571238323421706,LOG_MBPB,uni_S_rf
5,56,0.06860820889807777,0.2572708142005406,LOG_MBPB,uni_S_rf
6,56,0.07968127922265292,0.3001028148610822,LOG_MBPB,uni_S_rf
7,57,0.1057983772223587,0.2699111974086139,LOG_MBPB,uni_S_rf
0,27,0.014695618910731576,0.1435568759927488,LOG_MGMB,chemeleon
1,26,0.02225195987258064,0.11684637091978017,LOG_MGMB,chemeleon
2,26,0.027250002461203494,0.13601002221605854,LOG_MGMB,chemeleon
3,26,0.032052399152709604,0.1351523226068137,LOG_MGMB,chemeleon
4,26,0.035456766015503655,0.18308102405980267,LOG_MGMB,chemeleon
5,26,0.03942606860650639,0.16068155437040682,LOG_MGMB,chemeleon
6,26,0.04370648738773028,0.17091832222242498,LOG_MGMB,chemeleon
7,26,0.0527262847741788,0.24607865011984195,LOG_MGMB,chemeleon
0,27,0.011440225011548564,0.13627113499620178,LOG_MGMB,chemprop
1,26,0.016287395324742802,0.12128799940072817,LOG_MGMB,chemprop
2,26,0.019433834866940912,0.19268761706607135,LOG_MGMB,chemprop
3,26,0.021724018232311855,0.1646648568930982,LOG_MGMB,chemprop
4,26,0.025817217254878275,0.2571139693997804,LOG_MGMB,chemprop
5,26,0.030956748702488626,0.14249516618269528,LOG_MGMB,chemprop
6,26,0.03671803750451398,0.19481964440432017,LOG_MGMB,chemprop
7,26,0.04750611379491028,0.21026278233019097,LOG_MGMB,chemprop
0,27,0.01640994636816498,0.3185493948471803,LOG_MGMB,chemprop_st
1,26,0.017991276518723072,0.29541699662584536,LOG_MGMB,chemprop_st
2,26,0.01906045186086327,0.2996433617439253,LOG_MGMB,chemprop_st
3,26,0.019981347715905765,0.3337226508880325,LOG_MGMB,chemprop_st
4,26,0.021284754315104966,0.35488426669138207,LOG_MGMB,chemprop_st
5,26,0.024619788610987493,0.33685045234416017,LOG_MGMB,chemprop_st
6,26,0.03265040214775543,0.14559227922202017,LOG_MGMB,chemprop_st
7,26,0.04406181287612137,0.313631492993542,LOG_MGMB,chemprop_st
0,27,0.02779983628842279,0.2832465712175648,LOG_MGMB,fus_GRMS_early_attfp
1,26,0.03841437869207071,0.2143845914774579,LOG_MGMB,fus_GRMS_early_attfp
2,26,0.0478325382749047,0.3003309249019248,LOG_MGMB,fus_GRMS_early_attfp
3,26,0.05497576303873635,0.2574490017314732,LOG_MGMB,fus_GRMS_early_attfp
4,26,0.06574588546945768,0.26972123269405024,LOG_MGMB,fus_GRMS_early_attfp
5,26,0.07988891192803017,0.28337303555395993,LOG_MGMB,fus_GRMS_early_attfp
6,26,0.09702907444706349,0.28579557571923686,LOG_MGMB,fus_GRMS_early_attfp
7,26,0.16830252912805205,0.20116029816970607,LOG_MGMB,fus_GRMS_early_attfp
0,27,0.02485800711890556,0.138369351666072,LOG_MGMB,fus_GRMS_early_lgbm
1,26,0.033441294928221704,0.1806459143302666,LOG_MGMB,fus_GRMS_early_lgbm
2,26,0.040483217685548335,0.18082842694237838,LOG_MGMB,fus_GRMS_early_lgbm
3,26,0.04691813019106043,0.1191754721537662,LOG_MGMB,fus_GRMS_early_lgbm
4,26,0.05339959271475591,0.2862349637814251,LOG_MGMB,fus_GRMS_early_lgbm
5,26,0.06173788325573947,0.26575435818735615,LOG_MGMB,fus_GRMS_early_lgbm
6,26,0.07015148148577295,0.3310095449282061,LOG_MGMB,fus_GRMS_early_lgbm
7,26,0.0942584785861348,0.21949623119565784,LOG_MGMB,fus_GRMS_early_lgbm
0,27,0.019250934063509813,0.15581615098756632,LOG_MGMB,fus_GRMS_early_rf
1,26,0.03070654453095127,0.16015957107501916,LOG_MGMB,fus_GRMS_early_rf
2,26,0.036592190867396644,0.17132847655641428,LOG_MGMB,fus_GRMS_early_rf
3,26,0.04331125758070032,0.24008229677953485,LOG_MGMB,fus_GRMS_early_rf
4,26,0.049220997722310464,0.19578918640073745,LOG_MGMB,fus_GRMS_early_rf
5,26,0.055981406594857855,0.3042030852764063,LOG_MGMB,fus_GRMS_early_rf
6,26,0.06321775313742396,0.2363288977529655,LOG_MGMB,fus_GRMS_early_rf
7,26,0.08102467319874435,0.20977879367467317,LOG_MGMB,fus_GRMS_early_rf
0,27,0.013214628438783045,0.25810800203223655,LOG_MGMB,fus_GRMS_late_attfp
1,26,0.019303377594265522,0.19684340340885084,LOG_MGMB,fus_GRMS_late_attfp
2,26,0.023912127610024297,0.2633631983955432,LOG_MGMB,fus_GRMS_late_attfp
3,26,0.027484692648048363,0.20714500128299992,LOG_MGMB,fus_GRMS_late_attfp
4,26,0.03021413114653593,0.1653400354734007,LOG_MGMB,fus_GRMS_late_attfp
5,26,0.033390775975208356,0.2739997653933321,LOG_MGMB,fus_GRMS_late_attfp
6,26,0.039525029339555234,0.20777087194166585,LOG_MGMB,fus_GRMS_late_attfp
7,26,0.05078614346017513,0.1785907587478279,LOG_MGMB,fus_GRMS_late_attfp
0,27,0.017733729718688678,0.14737744645697826,LOG_MGMB,fus_GRMS_late_lgbm
1,26,0.024886721528243578,0.21518375490187117,LOG_MGMB,fus_GRMS_late_lgbm
2,26,0.029089204337806134,0.1788064432640787,LOG_MGMB,fus_GRMS_late_lgbm
3,26,0.03384682593419244,0.16907462101309795,LOG_MGMB,fus_GRMS_late_lgbm
4,26,0.03832688842786447,0.22981504462606167,LOG_MGMB,fus_GRMS_late_lgbm
5,26,0.04401673489853416,0.28221476855063987,LOG_MGMB,fus_GRMS_late_lgbm
6,26,0.050214249015422006,0.2626006952428036,LOG_MGMB,fus_GRMS_late_lgbm
7,26,0.06810620002465143,0.20783429458605812,LOG_MGMB,fus_GRMS_late_lgbm
0,27,0.019678328132282787,0.2118416658527185,LOG_MGMB,fus_GRMS_late_rf
1,26,0.02708582512206459,0.2519213086524127,LOG_MGMB,fus_GRMS_late_rf
2,26,0.03185577854353662,0.15728408610628256,LOG_MGMB,fus_GRMS_late_rf
3,26,0.03629808581221012,0.20527037677351656,LOG_MGMB,fus_GRMS_late_rf
4,26,0.03975462071277314,0.25426655242501445,LOG_MGMB,fus_GRMS_late_rf
5,26,0.04614162565767245,0.17744730743838516,LOG_MGMB,fus_GRMS_late_rf
6,26,0.05401697617022695,0.25406193290207496,LOG_MGMB,fus_GRMS_late_rf
7,26,0.06807749376069924,0.2149736393322663,LOG_MGMB,fus_GRMS_late_rf
0,27,0.026691121459210813,0.16474710100207582,LOG_MGMB,fus_GRM_early_attfp
1,26,0.03586314494363661,0.18937615852513018,LOG_MGMB,fus_GRM_early_attfp
2,26,0.04483905405664125,0.23341921861561984,LOG_MGMB,fus_GRM_early_attfp
3,26,0.05397341113001803,0.28715155483144394,LOG_MGMB,fus_GRM_early_attfp
4,26,0.06396508678504298,0.2647658991957503,LOG_MGMB,fus_GRM_early_attfp
5,26,0.0752051550854814,0.26392270773068033,LOG_MGMB,fus_GRM_early_attfp
6,26,0.09060698085040794,0.3017826105753205,LOG_MGMB,fus_GRM_early_attfp
7,26,0.11380128692324987,0.3237949049555388,LOG_MGMB,fus_GRM_early_attfp
0,27,0.018558210206028627,0.11108363684772515,LOG_MGMB,fus_GRM_early_lgbm
1,26,0.027999573944138642,0.1548031461103324,LOG_MGMB,fus_GRM_early_lgbm
2,26,0.036469022329848645,0.1755808853696594,LOG_MGMB,fus_GRM_early_lgbm
3,26,0.043587367381671335,0.2133705131478514,LOG_MGMB,fus_GRM_early_lgbm
4,26,0.05285229264338031,0.27377864254209516,LOG_MGMB,fus_GRM_early_lgbm
5,26,0.06213013120188838,0.2425295448532796,LOG_MGMB,fus_GRM_early_lgbm
6,26,0.07155551447315928,0.2891021771051366,LOG_MGMB,fus_GRM_early_lgbm
7,26,0.08926656092919195,0.2652980067613087,LOG_MGMB,fus_GRM_early_lgbm
0,27,0.020751117057056137,0.13980676492017624,LOG_MGMB,fus_GRM_early_rf
1,26,0.031016590526009986,0.18428143375501962,LOG_MGMB,fus_GRM_early_rf
2,26,0.03899476268734587,0.18139249477043534,LOG_MGMB,fus_GRM_early_rf
3,26,0.045817200576349984,0.18582310441594557,LOG_MGMB,fus_GRM_early_rf
4,26,0.05306192786362088,0.3062994958961599,LOG_MGMB,fus_GRM_early_rf
5,27,0.05995582717332949,0.2787230032796688,LOG_MGMB,fus_GRM_early_rf
6,26,0.07143229993602837,0.21518244810349765,LOG_MGMB,fus_GRM_early_rf
7,25,0.09312939404123714,0.22653616215572395,LOG_MGMB,fus_GRM_early_rf
0,27,0.012523755143946987,0.23425281780471863,LOG_MGMB,fus_GRM_late_attfp
1,26,0.018230966055918882,0.284764341130627,LOG_MGMB,fus_GRM_late_attfp
2,26,0.02206322837749188,0.26598313511548105,LOG_MGMB,fus_GRM_late_attfp
3,26,0.025054425958477768,0.20000803270537715,LOG_MGMB,fus_GRM_late_attfp
4,26,0.028994620943105877,0.18028403270326945,LOG_MGMB,fus_GRM_late_attfp
5,26,0.03314317416396609,0.2689641048127041,LOG_MGMB,fus_GRM_late_attfp
6,26,0.03908619932212181,0.16022305493844471,LOG_MGMB,fus_GRM_late_attfp
7,26,0.04848438698588892,0.13960696729666805,LOG_MGMB,fus_GRM_late_attfp
0,27,0.017349481262004966,0.1930718316275976,LOG_MGMB,fus_GRM_late_lgbm
1,26,0.02653277966712215,0.1583545242542871,LOG_MGMB,fus_GRM_late_lgbm
2,26,0.03242765151724118,0.1588230808184502,LOG_MGMB,fus_GRM_late_lgbm
3,26,0.038332472012864424,0.23697606280559644,LOG_MGMB,fus_GRM_late_lgbm
4,26,0.04300601081765635,0.20689888954070207,LOG_MGMB,fus_GRM_late_lgbm
5,27,0.05036411122963025,0.2824530291840636,LOG_MGMB,fus_GRM_late_lgbm
6,25,0.05777269639211223,0.21183604321278374,LOG_MGMB,fus_GRM_late_lgbm
7,26,0.07371135460713571,0.2549442723346929,LOG_MGMB,fus_GRM_late_lgbm
0,27,0.01981876486868998,0.23337817946488498,LOG_MGMB,fus_GRM_late_rf
1,26,0.02731301912638321,0.1555403561303385,LOG_MGMB,fus_GRM_late_rf
2,26,0.031924237579642786,0.2266299789275196,LOG_MGMB,fus_GRM_late_rf
3,26,0.03555670818297492,0.2145250238593184,LOG_MGMB,fus_GRM_late_rf
4,26,0.03959049105026166,0.23162173716605755,LOG_MGMB,fus_GRM_late_rf
5,26,0.04546653916431574,0.1739823671077961,LOG_MGMB,fus_GRM_late_rf
6,26,0.05407031892342641,0.2746440802941737,LOG_MGMB,fus_GRM_late_rf
7,26,0.06816815798224567,0.21738870237952146,LOG_MGMB,fus_GRM_late_rf
0,27,0.023408639443144325,0.25282302059905315,LOG_MGMB,fus_GRS_early_attfp
1,26,0.033503316023406775,0.20443175251368112,LOG_MGMB,fus_GRS_early_attfp
2,26,0.03852987451875981,0.23866350209864234,LOG_MGMB,fus_GRS_early_attfp
3,26,0.0452452134292631,0.3308214511483834,LOG_MGMB,fus_GRS_early_attfp
4,26,0.054839124047015526,0.20906883466209766,LOG_MGMB,fus_GRS_early_attfp
5,26,0.0666654641098567,0.30987427414767765,LOG_MGMB,fus_GRS_early_attfp
6,26,0.08326946917598042,0.2020021025732464,LOG_MGMB,fus_GRS_early_attfp
7,26,0.179853447408875,0.23804438125627164,LOG_MGMB,fus_GRS_early_attfp
0,27,0.020337801067387827,0.11062128673647388,LOG_MGMB,fus_GRS_early_lgbm
1,26,0.03174371384349663,0.14979215056388756,LOG_MGMB,fus_GRS_early_lgbm
2,26,0.037594302607881,0.16794603333801322,LOG_MGMB,fus_GRS_early_lgbm
3,26,0.046107739360016886,0.1624083446890047,LOG_MGMB,fus_GRS_early_lgbm
4,26,0.05438871897238611,0.2056143238787683,LOG_MGMB,fus_GRS_early_lgbm
5,26,0.06135583169812278,0.2911848106229231,LOG_MGMB,fus_GRS_early_lgbm
6,26,0.07364844763863497,0.30532408588387094,LOG_MGMB,fus_GRS_early_lgbm
7,26,0.09880299626477627,0.23828987602815843,LOG_MGMB,fus_GRS_early_lgbm
0,27,0.017840180653642235,0.11542659789314588,LOG_MGMB,fus_GRS_early_rf
1,26,0.030779709032304228,0.20684662745711774,LOG_MGMB,fus_GRS_early_rf
2,26,0.038871589272054,0.16142693478280695,LOG_MGMB,fus_GRS_early_rf
3,26,0.04594317445015579,0.2521801136806853,LOG_MGMB,fus_GRS_early_rf
4,26,0.0525796095726183,0.24542347941769818,LOG_MGMB,fus_GRS_early_rf
5,26,0.05960681883527034,0.20835793261997862,LOG_MGMB,fus_GRS_early_rf
6,26,0.06811972852419951,0.18622010975562364,LOG_MGMB,fus_GRS_early_rf
7,26,0.08676481521401112,0.3000682575402288,LOG_MGMB,fus_GRS_early_rf
0,27,0.021976800752290575,0.1924598032654886,LOG_MGMB,fus_GRS_late_attfp
1,26,0.03152032473980085,0.2323660978753361,LOG_MGMB,fus_GRS_late_attfp
2,26,0.03594467413339329,0.19272779472702856,LOG_MGMB,fus_GRS_late_attfp
3,26,0.04030816959815598,0.23188877654201523,LOG_MGMB,fus_GRS_late_attfp
4,26,0.04466367171109989,0.29868074590149285,LOG_MGMB,fus_GRS_late_attfp
5,26,0.047943950016128944,0.3051161417824119,LOG_MGMB,fus_GRS_late_attfp
6,26,0.05304082672280118,0.2111078083492,LOG_MGMB,fus_GRS_late_attfp
7,26,0.06890971178124225,0.15782306684821096,LOG_MGMB,fus_GRS_late_attfp
0,27,0.014586480035274553,0.14967184640124323,LOG_MGMB,fus_GRS_late_lgbm
1,26,0.025535520579464604,0.21334099212387947,LOG_MGMB,fus_GRS_late_lgbm
2,26,0.0330983657983824,0.18853138924276364,LOG_MGMB,fus_GRS_late_lgbm
3,26,0.03949743156514475,0.23604763837751097,LOG_MGMB,fus_GRS_late_lgbm
4,26,0.045416825384703534,0.21514556787906505,LOG_MGMB,fus_GRS_late_lgbm
5,26,0.05297998464470278,0.2353272159523433,LOG_MGMB,fus_GRS_late_lgbm
6,26,0.0632022816521237,0.2601980294000212,LOG_MGMB,fus_GRS_late_lgbm
7,26,0.08591671791972905,0.31673453037907245,LOG_MGMB,fus_GRS_late_lgbm
0,27,0.013719462631552735,0.1806753169905239,LOG_MGMB,fus_GRS_late_rf
1,26,0.02295111129158559,0.18984248856261254,LOG_MGMB,fus_GRS_late_rf
2,26,0.029728617965298305,0.22598685522587797,LOG_MGMB,fus_GRS_late_rf
3,26,0.03533075622616639,0.18499430846546452,LOG_MGMB,fus_GRS_late_rf
4,26,0.041100110009267304,0.22112356733988556,LOG_MGMB,fus_GRS_late_rf
5,26,0.04789881882562945,0.2883706208607693,LOG_MGMB,fus_GRS_late_rf
6,26,0.05761463055396218,0.2779784431236743,LOG_MGMB,fus_GRS_late_rf
7,26,0.07766308649330968,0.26879850777310915,LOG_MGMB,fus_GRS_late_rf
0,27,0.01850396629402296,0.2796108719412641,LOG_MGMB,fus_GR_early_attfp
1,26,0.027215512939797668,0.29698546049195057,LOG_MGMB,fus_GR_early_attfp
2,26,0.03172352315981089,0.25306315701019694,LOG_MGMB,fus_GR_early_attfp
3,26,0.037914953649943205,0.2867908108560213,LOG_MGMB,fus_GR_early_attfp
4,26,0.044905695641588625,0.21615468175929164,LOG_MGMB,fus_GR_early_attfp
5,26,0.05372845463925678,0.2909647759060958,LOG_MGMB,fus_GR_early_attfp
6,26,0.06119372923410653,0.31765284797338694,LOG_MGMB,fus_GR_early_attfp
7,26,0.0822074149953487,0.2712589048552928,LOG_MGMB,fus_GR_early_attfp
0,27,0.01689600507570338,0.10091223262546295,LOG_MGMB,fus_GR_early_lgbm
1,26,0.02732327390019846,0.16418008640955462,LOG_MGMB,fus_GR_early_lgbm
2,26,0.03396409127635681,0.18989657673903507,LOG_MGMB,fus_GR_early_lgbm
3,26,0.041588916050413184,0.2494082756187153,LOG_MGMB,fus_GR_early_lgbm
4,26,0.04845861873646159,0.24257792715593648,LOG_MGMB,fus_GR_early_lgbm
5,26,0.05636514990927729,0.2826786712636862,LOG_MGMB,fus_GR_early_lgbm
6,26,0.06663593662878134,0.2808203006661301,LOG_MGMB,fus_GR_early_lgbm
7,26,0.08848888289048129,0.23882476634339614,LOG_MGMB,fus_GR_early_lgbm
0,27,0.017682805548911076,0.13766035282505784,LOG_MGMB,fus_GR_early_rf
1,26,0.029172266105986402,0.1647196467737874,LOG_MGMB,fus_GR_early_rf
2,26,0.03706684362145127,0.2148587446170121,LOG_MGMB,fus_GR_early_rf
3,26,0.04428730529688984,0.2145806360236096,LOG_MGMB,fus_GR_early_rf
4,26,0.05194344265065451,0.22587981305671784,LOG_MGMB,fus_GR_early_rf
5,26,0.05806828324492192,0.2953220918879094,LOG_MGMB,fus_GR_early_rf
6,26,0.06897247512074912,0.2173189292562712,LOG_MGMB,fus_GR_early_rf
7,26,0.08644302240706997,0.2599499649902325,LOG_MGMB,fus_GR_early_rf
0,27,0.02251363929144808,0.18552824432004922,LOG_MGMB,fus_GR_late_attfp
1,26,0.03129274719580673,0.16179912539649488,LOG_MGMB,fus_GR_late_attfp
2,26,0.036891019988975336,0.1836009255680065,LOG_MGMB,fus_GR_late_attfp
3,26,0.04148777023695919,0.27490517835671074,LOG_MGMB,fus_GR_late_attfp
4,26,0.04503555096757371,0.28268618530567835,LOG_MGMB,fus_GR_late_attfp
5,26,0.04918140523727456,0.20446988285024226,LOG_MGMB,fus_GR_late_attfp
6,26,0.05458619218922393,0.24313042727742068,LOG_MGMB,fus_GR_late_attfp
7,26,0.06710141918565153,0.23457996583701798,LOG_MGMB,fus_GR_late_attfp
0,27,0.014698588072551463,0.14726961638951716,LOG_MGMB,fus_GR_late_lgbm
1,26,0.024994603385297708,0.2229073380266405,LOG_MGMB,fus_GR_late_lgbm
2,26,0.031610436665016665,0.19763556412104608,LOG_MGMB,fus_GR_late_lgbm
3,26,0.03848536267961463,0.2231462181432599,LOG_MGMB,fus_GR_late_lgbm
4,26,0.04310717324668116,0.20934002520551448,LOG_MGMB,fus_GR_late_lgbm
5,26,0.05030740887423205,0.24418665033919004,LOG_MGMB,fus_GR_late_lgbm
6,26,0.06155462791176526,0.33741177309796466,LOG_MGMB,fus_GR_late_lgbm
7,26,0.08566559813135682,0.2530516634378228,LOG_MGMB,fus_GR_late_lgbm
0,27,0.014026916541884435,0.1955012583349145,LOG_MGMB,fus_GR_late_rf
1,28,0.02268805756845671,0.18172439896047024,LOG_MGMB,fus_GR_late_rf
2,24,0.029588418910390674,0.2004059923757274,LOG_MGMB,fus_GR_late_rf
3,26,0.034981970093856396,0.22542660821061483,LOG_MGMB,fus_GR_late_rf
4,26,0.04165322120383786,0.21147775552196907,LOG_MGMB,fus_GR_late_rf
5,26,0.047244756193793536,0.2731301936927671,LOG_MGMB,fus_GR_late_rf
6,26,0.05832289459502205,0.25890792957602027,LOG_MGMB,fus_GR_late_rf
7,26,0.0775171894787124,0.2981558893121302,LOG_MGMB,fus_GR_late_rf
0,27,0.01329482904128493,0.14076179301593197,LOG_MGMB,lgbm
1,26,0.021521515589955447,0.2701316054044031,LOG_MGMB,lgbm
2,26,0.026367699069217678,0.3324687604865458,LOG_MGMB,lgbm
3,26,0.030649858197369765,0.2630345948925656,LOG_MGMB,lgbm
4,26,0.034596577171856616,0.2919426246523825,LOG_MGMB,lgbm
5,26,0.03933681177282973,0.3792331710291096,LOG_MGMB,lgbm
6,27,0.044512549766288434,0.2855287403920167,LOG_MGMB,lgbm
7,25,0.05884408589000574,0.38511469994009795,LOG_MGMB,lgbm
0,27,0.024812909357393245,0.2123125643367349,LOG_MGMB,uni_G_attfp
1,26,0.038170423866885565,0.25298685035282287,LOG_MGMB,uni_G_attfp
2,26,0.04552709707477321,0.259031350052214,LOG_MGMB,uni_G_attfp
3,26,0.05124009336349855,0.22368359919927888,LOG_MGMB,uni_G_attfp
4,26,0.05944383844922189,0.3152316002080904,LOG_MGMB,uni_G_attfp
5,26,0.06824440950573725,0.24513487981852847,LOG_MGMB,uni_G_attfp
6,26,0.08433015127780709,0.21398859780122914,LOG_MGMB,uni_G_attfp
7,26,0.11884462784265205,0.21433011385782194,LOG_MGMB,uni_G_attfp
0,27,0.01930010339292503,0.08921044188859169,LOG_MGMB,uni_G_lgbm
1,26,0.03362751989856882,0.1935956372630997,LOG_MGMB,uni_G_lgbm
2,26,0.04394799961413719,0.1942820193196625,LOG_MGMB,uni_G_lgbm
3,26,0.05444989282440189,0.2465587722440715,LOG_MGMB,uni_G_lgbm
4,26,0.06259686963220396,0.29586040099487065,LOG_MGMB,uni_G_lgbm
5,26,0.07591883531407045,0.27358386558095715,LOG_MGMB,uni_G_lgbm
6,26,0.09146289819550425,0.31198905969274615,LOG_MGMB,uni_G_lgbm
7,26,0.11419779428570606,0.26211186620462507,LOG_MGMB,uni_G_lgbm
0,27,0.02007784154338927,0.1273627085391262,LOG_MGMB,uni_G_rf
1,26,0.0329260964596999,0.1447341748135485,LOG_MGMB,uni_G_rf
2,26,0.044184255644111436,0.18956081703880923,LOG_MGMB,uni_G_rf
3,26,0.05260293121638793,0.27929079884545605,LOG_MGMB,uni_G_rf
4,26,0.059328132856368954,0.2843686942253385,LOG_MGMB,uni_G_rf
5,26,0.0669250370772837,0.28459659065050114,LOG_MGMB,uni_G_rf
6,26,0.07522877623390992,0.26596658352704117,LOG_MGMB,uni_G_rf
7,26,0.09841852171934994,0.1625080076425108,LOG_MGMB,uni_G_rf
0,27,0.02200068075760775,0.13450264448114121,LOG_MGMB,uni_M_lgbm
1,26,0.02910182022441265,0.20865482172933358,LOG_MGMB,uni_M_lgbm
2,26,0.034794414972699,0.3121806462805325,LOG_MGMB,uni_M_lgbm
3,27,0.039500726342052164,0.20038478533515697,LOG_MGMB,uni_M_lgbm
4,25,0.044884350208011646,0.196831332854724,LOG_MGMB,uni_M_lgbm
5,26,0.050554732049587686,0.24321508174621176,LOG_MGMB,uni_M_lgbm
6,26,0.06277109052786536,0.21949923859064752,LOG_MGMB,uni_M_lgbm
7,26,0.07569532952743198,0.241950291953644,LOG_MGMB,uni_M_lgbm
0,27,0.011458923986477847,0.1960458980898558,LOG_MGMB,uni_M_rf
1,26,0.016107712484710338,0.20420300043566872,LOG_MGMB,uni_M_rf
2,26,0.018447844528261814,0.2519390535390719,LOG_MGMB,uni_M_rf
3,26,0.021339082730151678,0.23144719617227538,LOG_MGMB,uni_M_rf
4,26,0.023788889176821964,0.28954957567368267,LOG_MGMB,uni_M_rf
5,26,0.027047378211206022,0.19294826086553146,LOG_MGMB,uni_M_rf
6,26,0.031618606403850044,0.25060490363085586,LOG_MGMB,uni_M_rf
7,26,0.04105076561357526,0.2707507351247239,LOG_MGMB,uni_M_rf
0,27,0.013501526564699776,0.17327908332156491,LOG_MGMB,uni_R_lgbm
1,26,0.02182319023177054,0.157556961467094,LOG_MGMB,uni_R_lgbm
2,26,0.027270808127587406,0.20841491352802363,LOG_MGMB,uni_R_lgbm
3,26,0.032684815296479944,0.2370561752312567,LOG_MGMB,uni_R_lgbm
4,26,0.03795468562161029,0.2406608778929495,LOG_MGMB,uni_R_lgbm
5,26,0.04463301854565706,0.24667422505849362,LOG_MGMB,uni_R_lgbm
6,26,0.05222948490119172,0.28103094127363437,LOG_MGMB,uni_R_lgbm
7,26,0.07143996690302747,0.2825632562586476,LOG_MGMB,uni_R_lgbm
0,27,0.011355189681810755,0.19582062926691726,LOG_MGMB,uni_R_rf
1,26,0.017617611894983856,0.17576370659856205,LOG_MGMB,uni_R_rf
2,26,0.0219595739173895,0.2125811228380164,LOG_MGMB,uni_R_rf
3,26,0.026006148028914045,0.24921749128206253,LOG_MGMB,uni_R_rf
4,26,0.030109355356436242,0.18761319730769752,LOG_MGMB,uni_R_rf
5,26,0.034830362199797626,0.34813086907923435,LOG_MGMB,uni_R_rf
6,26,0.04025197154156322,0.21433412453070366,LOG_MGMB,uni_R_rf
7,26,0.052299266887626865,0.2700310099019102,LOG_MGMB,uni_R_rf
0,27,0.021647239896310004,0.21006223190262366,LOG_MGMB,uni_S_lgbm
1,26,0.0367281607573514,0.20492226829095134,LOG_MGMB,uni_S_lgbm
2,26,0.04742221259378425,0.2512429432756325,LOG_MGMB,uni_S_lgbm
3,26,0.057194002633850036,0.3432449406606372,LOG_MGMB,uni_S_lgbm
4,26,0.07073457544234046,0.2798680489601116,LOG_MGMB,uni_S_lgbm
5,26,0.08643442382762999,0.2752762873900265,LOG_MGMB,uni_S_lgbm
6,26,0.10579029961049052,0.3467505024102462,LOG_MGMB,uni_S_lgbm
7,26,0.1433028519317985,0.22972371292148944,LOG_MGMB,uni_S_lgbm
0,27,0.024981274088126403,0.1527864636276304,LOG_MGMB,uni_S_rf
1,26,0.03731038543213014,0.2393066208537366,LOG_MGMB,uni_S_rf
2,26,0.04738181174215247,0.4007935221404396,LOG_MGMB,uni_S_rf
3,26,0.06040349643261396,0.26029593936753054,LOG_MGMB,uni_S_rf
4,26,0.06931088720827136,0.27776377031212107,LOG_MGMB,uni_S_rf
5,26,0.08276394103714176,0.28840294129503036,LOG_MGMB,uni_S_rf
6,26,0.10641413901718765,0.24957872741035556,LOG_MGMB,uni_S_rf
7,26,0.14596191241077308,0.29247026150574285,LOG_MGMB,uni_S_rf
0,147,0.029720296121583972,0.31832930442685636,LOG_MLM,chemeleon
1,146,0.043666841869816245,0.2922276862903534,LOG_MLM,chemeleon
2,146,0.05341132416674626,0.3736730467137592,LOG_MLM,chemeleon
3,146,0.06283759230400424,0.3944960870547075,LOG_MLM,chemeleon
4,146,0.07512015956843934,0.3705597104269918,LOG_MLM,chemeleon
5,146,0.08997271684311327,0.4195635046682036,LOG_MLM,chemeleon
6,146,0.11726434979094044,0.3703732387077931,LOG_MLM,chemeleon
7,147,0.15966515162997827,0.3879629265869281,LOG_MLM,chemeleon
0,147,0.02272179782234029,0.34517093478876526,LOG_MLM,chemprop
1,146,0.03495851459184111,0.34147064525037596,LOG_MLM,chemprop
2,146,0.04424481059592696,0.388902726793834,LOG_MLM,chemprop
3,146,0.052947661328206816,0.4104848292376063,LOG_MLM,chemprop
4,146,0.060934871870093214,0.40847217354798776,LOG_MLM,chemprop
5,146,0.06978726026518593,0.4342347914865756,LOG_MLM,chemprop
6,146,0.08051841230607767,0.5141387363095618,LOG_MLM,chemprop
7,147,0.10265813299870288,0.4342416112455907,LOG_MLM,chemprop
0,147,0.027439713445796182,0.33867064660846946,LOG_MLM,chemprop_st
1,146,0.0423049313562021,0.3471740666990082,LOG_MLM,chemprop_st
2,146,0.052954769583032545,0.4183811752858908,LOG_MLM,chemprop_st
3,146,0.06252099639506396,0.41346971525851,LOG_MLM,chemprop_st
4,146,0.07268858619258493,0.4184881033153744,LOG_MLM,chemprop_st
5,146,0.08523389071583631,0.4889695519029194,LOG_MLM,chemprop_st
6,146,0.10042400618424228,0.4402375744665056,LOG_MLM,chemprop_st
7,147,0.13107220361564265,0.42097972183444266,LOG_MLM,chemprop_st
0,147,0.04331270272221413,0.2886996698257718,LOG_MLM,fus_GRMS_early_attfp
1,146,0.07201853193400536,0.39478443912223155,LOG_MLM,fus_GRMS_early_attfp
2,146,0.09261860278890108,0.40139793772505356,LOG_MLM,fus_GRMS_early_attfp
3,146,0.1128425151425119,0.39662612977651535,LOG_MLM,fus_GRMS_early_attfp
4,146,0.13261169505034426,0.4783213234564136,LOG_MLM,fus_GRMS_early_attfp
5,146,0.15492663722074865,0.4288576507820132,LOG_MLM,fus_GRMS_early_attfp
6,146,0.1872773188496199,0.4918416936068273,LOG_MLM,fus_GRMS_early_attfp
7,147,0.2516089743252587,0.4982146004735971,LOG_MLM,fus_GRMS_early_attfp
0,147,0.03589552136754526,0.3319811429727364,LOG_MLM,fus_GRMS_early_lgbm
1,146,0.05505042299785522,0.36846822533708334,LOG_MLM,fus_GRMS_early_lgbm
2,146,0.06885326527034547,0.39715045232007223,LOG_MLM,fus_GRMS_early_lgbm
3,146,0.0820841353135277,0.3479551622148466,LOG_MLM,fus_GRMS_early_lgbm
4,146,0.09628271777733878,0.35584100929681095,LOG_MLM,fus_GRMS_early_lgbm
5,146,0.11112789063407291,0.3744482083954082,LOG_MLM,fus_GRMS_early_lgbm
6,146,0.128837524420976,0.44691534729123183,LOG_MLM,fus_GRMS_early_lgbm
7,147,0.16710842061765396,0.482249253827312,LOG_MLM,fus_GRMS_early_lgbm
0,147,0.029482883406287918,0.33911666644833766,LOG_MLM,fus_GRMS_early_rf
1,146,0.04702500712689972,0.36574003385757453,LOG_MLM,fus_GRMS_early_rf
2,146,0.05927199577641605,0.34293026465293097,LOG_MLM,fus_GRMS_early_rf
3,146,0.07025229151853933,0.39833909397149786,LOG_MLM,fus_GRMS_early_rf
4,146,0.08049523137241095,0.3789139264939287,LOG_MLM,fus_GRMS_early_rf
5,146,0.09222899513422084,0.408075502088852,LOG_MLM,fus_GRMS_early_rf
6,146,0.10733823721776596,0.3884701186371874,LOG_MLM,fus_GRMS_early_rf
7,147,0.1377911243803849,0.45513200154597017,LOG_MLM,fus_GRMS_early_rf
0,147,0.020176275258539652,0.309625358898151,LOG_MLM,fus_GRMS_late_attfp
1,146,0.029552795995053404,0.3545509381136111,LOG_MLM,fus_GRMS_late_attfp
2,146,0.03742741740517872,0.37287517862263464,LOG_MLM,fus_GRMS_late_attfp
3,146,0.044863776556309305,0.3486923758430024,LOG_MLM,fus_GRMS_late_attfp
4,146,0.05197085598296626,0.3671932279892389,LOG_MLM,fus_GRMS_late_attfp
5,146,0.05931282715609361,0.42496872211900155,LOG_MLM,fus_GRMS_late_attfp
6,146,0.06837535438877163,0.40155151482348295,LOG_MLM,fus_GRMS_late_attfp
7,147,0.08664029866854894,0.45419152565907894,LOG_MLM,fus_GRMS_late_attfp
0,147,0.02795605021890511,0.3203610823485751,LOG_MLM,fus_GRMS_late_lgbm
1,146,0.04117581849284898,0.3461007705168517,LOG_MLM,fus_GRMS_late_lgbm
2,146,0.05091723087411025,0.42091711843888024,LOG_MLM,fus_GRMS_late_lgbm
3,146,0.06088273340959027,0.3602395659285366,LOG_MLM,fus_GRMS_late_lgbm
4,146,0.06978918632255335,0.38879401869898733,LOG_MLM,fus_GRMS_late_lgbm
5,146,0.08130107668471027,0.39575654408364147,LOG_MLM,fus_GRMS_late_lgbm
6,146,0.09624199470891741,0.5040362802266443,LOG_MLM,fus_GRMS_late_lgbm
7,147,0.12490883654559046,0.4688524873616705,LOG_MLM,fus_GRMS_late_lgbm
0,147,0.028217264361903256,0.31169365590957415,LOG_MLM,fus_GRMS_late_rf
1,146,0.042989356850728216,0.36681901917844933,LOG_MLM,fus_GRMS_late_rf
2,146,0.05190549138632572,0.41379820172838144,LOG_MLM,fus_GRMS_late_rf
3,146,0.06196218000325316,0.38152699050984673,LOG_MLM,fus_GRMS_late_rf
4,146,0.07077635849430204,0.3690137926690752,LOG_MLM,fus_GRMS_late_rf
5,146,0.08255753565109478,0.4221118795555494,LOG_MLM,fus_GRMS_late_rf
6,146,0.09720191504837385,0.48988061604882344,LOG_MLM,fus_GRMS_late_rf
7,147,0.12504566149843954,0.4596030586278363,LOG_MLM,fus_GRMS_late_rf
0,147,0.03701641406938244,0.29740083258867045,LOG_MLM,fus_GRM_early_attfp
1,146,0.060458381009080076,0.36673916029295056,LOG_MLM,fus_GRM_early_attfp
2,146,0.07528232448969399,0.3788237562671871,LOG_MLM,fus_GRM_early_attfp
3,146,0.08529149627556146,0.39085577259852405,LOG_MLM,fus_GRM_early_attfp
4,146,0.09568642675269129,0.40670130626943657,LOG_MLM,fus_GRM_early_attfp
5,146,0.10760976965107187,0.3968963090212213,LOG_MLM,fus_GRM_early_attfp
6,146,0.1241002305964633,0.41344145573696817,LOG_MLM,fus_GRM_early_attfp
7,147,0.15993044179427066,0.40880604986596025,LOG_MLM,fus_GRM_early_attfp
0,147,0.03081337665813325,0.27950195517848003,LOG_MLM,fus_GRM_early_lgbm
1,147,0.04959499307573138,0.36770300817126383,LOG_MLM,fus_GRM_early_lgbm
2,146,0.06052397129703113,0.39245483869336345,LOG_MLM,fus_GRM_early_lgbm
3,145,0.07144266846430683,0.39080321930081774,LOG_MLM,fus_GRM_early_lgbm
4,147,0.08339624484172213,0.4192761487602211,LOG_MLM,fus_GRM_early_lgbm
5,145,0.09526086052172154,0.411720612267044,LOG_MLM,fus_GRM_early_lgbm
6,147,0.1129651270390448,0.43001480002464615,LOG_MLM,fus_GRM_early_lgbm
7,146,0.15243205381053326,0.4137962652290653,LOG_MLM,fus_GRM_early_lgbm
0,147,0.02723477923761573,0.30569338587380596,LOG_MLM,fus_GRM_early_rf
1,146,0.04524525215849172,0.398613989878357,LOG_MLM,fus_GRM_early_rf
2,146,0.05698299730657421,0.34779279195893764,LOG_MLM,fus_GRM_early_rf
3,146,0.0677654638651613,0.3997871561894972,LOG_MLM,fus_GRM_early_rf
4,146,0.07784381515770789,0.40736655325249904,LOG_MLM,fus_GRM_early_rf
5,146,0.088327090972825,0.42215954990071497,LOG_MLM,fus_GRM_early_rf
6,146,0.10670661587457599,0.42271200642302964,LOG_MLM,fus_GRM_early_rf
7,147,0.14191119865596902,0.4025028853390748,LOG_MLM,fus_GRM_early_rf
0,147,0.018714680690052946,0.3030121284220413,LOG_MLM,fus_GRM_late_attfp
1,146,0.02806793601974976,0.3378582993755599,LOG_MLM,fus_GRM_late_attfp
2,146,0.03476154302368496,0.36816419500036657,LOG_MLM,fus_GRM_late_attfp
3,146,0.041245674185918235,0.36254866221173176,LOG_MLM,fus_GRM_late_attfp
4,146,0.04762504024109533,0.41180934182963846,LOG_MLM,fus_GRM_late_attfp
5,146,0.054658729048917186,0.4001245047060828,LOG_MLM,fus_GRM_late_attfp
6,146,0.06291025986227503,0.39419990450511255,LOG_MLM,fus_GRM_late_attfp
7,147,0.082716210896453,0.4395050170705648,LOG_MLM,fus_GRM_late_attfp
0,147,0.026399946523137627,0.3312979414014699,LOG_MLM,fus_GRM_late_lgbm
1,146,0.03940200424573148,0.3490450964693674,LOG_MLM,fus_GRM_late_lgbm
2,146,0.047922868476102005,0.36243572795973994,LOG_MLM,fus_GRM_late_lgbm
3,146,0.056145640485988434,0.38384445409516493,LOG_MLM,fus_GRM_late_lgbm
4,146,0.06520665179154285,0.39659896819199997,LOG_MLM,fus_GRM_late_lgbm
5,146,0.07624238070856719,0.4031204598675143,LOG_MLM,fus_GRM_late_lgbm
6,146,0.0898636025351518,0.4418562649028723,LOG_MLM,fus_GRM_late_lgbm
7,147,0.11782394483291926,0.505399659901288,LOG_MLM,fus_GRM_late_lgbm
0,147,0.027767648774494894,0.3173469229653847,LOG_MLM,fus_GRM_late_rf
1,146,0.04066347825894355,0.3700293807330405,LOG_MLM,fus_GRM_late_rf
2,146,0.050137443845657305,0.37291714289677225,LOG_MLM,fus_GRM_late_rf
3,146,0.0592989196251499,0.4199997590142304,LOG_MLM,fus_GRM_late_rf
4,147,0.06794270511433674,0.35764912721456715,LOG_MLM,fus_GRM_late_rf
5,145,0.07890736980117594,0.43553467640784127,LOG_MLM,fus_GRM_late_rf
6,146,0.09298844256492272,0.46040436682349095,LOG_MLM,fus_GRM_late_rf
7,147,0.11975066396909567,0.45924086987807106,LOG_MLM,fus_GRM_late_rf
0,147,0.042658546973344064,0.35285914910018373,LOG_MLM,fus_GRS_early_attfp
1,146,0.0672337485661108,0.3307721109186822,LOG_MLM,fus_GRS_early_attfp
2,146,0.08777415963522768,0.356156152183764,LOG_MLM,fus_GRS_early_attfp
3,146,0.10772017133074593,0.4105899126355794,LOG_MLM,fus_GRS_early_attfp
4,146,0.1276372050075859,0.45197144100312325,LOG_MLM,fus_GRS_early_attfp
5,146,0.14989243227713997,0.4597270536488036,LOG_MLM,fus_GRS_early_attfp
6,146,0.17860175723874952,0.5225133002792843,LOG_MLM,fus_GRS_early_attfp
7,147,0.22992452231389915,0.5301618519075703,LOG_MLM,fus_GRS_early_attfp
0,147,0.03545365924719696,0.32260742495128514,LOG_MLM,fus_GRS_early_lgbm
1,146,0.05352371497435845,0.3478119051375,LOG_MLM,fus_GRS_early_lgbm
2,146,0.06921863610739104,0.408041773526415,LOG_MLM,fus_GRS_early_lgbm
3,146,0.08200155879509238,0.3769143674545608,LOG_MLM,fus_GRS_early_lgbm
4,146,0.0933438594176557,0.3764857495456458,LOG_MLM,fus_GRS_early_lgbm
5,146,0.10610423698455469,0.37417405169410256,LOG_MLM,fus_GRS_early_lgbm
6,146,0.12337453498688851,0.43676577753504475,LOG_MLM,fus_GRS_early_lgbm
7,147,0.16028908565028457,0.4703790513439801,LOG_MLM,fus_GRS_early_lgbm
0,147,0.030336199323323678,0.3391947061380638,LOG_MLM,fus_GRS_early_rf
1,146,0.04673717237362282,0.3757115479771945,LOG_MLM,fus_GRS_early_rf
2,146,0.059504096840595364,0.3397104731259189,LOG_MLM,fus_GRS_early_rf
3,146,0.07186256462300701,0.40528702165317837,LOG_MLM,fus_GRS_early_rf
4,146,0.08308550385098307,0.3523412993271372,LOG_MLM,fus_GRS_early_rf
5,146,0.09467885926534193,0.3959380079553632,LOG_MLM,fus_GRS_early_rf
6,146,0.11107590707846739,0.4005443119362514,LOG_MLM,fus_GRS_early_rf
7,147,0.1413051356843776,0.46903886539133255,LOG_MLM,fus_GRS_early_rf
0,147,0.022434923234744036,0.28675405422600986,LOG_MLM,fus_GRS_late_attfp
1,146,0.03492418619900829,0.3829082462752522,LOG_MLM,fus_GRS_late_attfp
2,146,0.042983274845182766,0.3530237149383293,LOG_MLM,fus_GRS_late_attfp
3,146,0.050044308019531386,0.38143489122390783,LOG_MLM,fus_GRS_late_attfp
4,146,0.057863255703572154,0.3702363701188587,LOG_MLM,fus_GRS_late_attfp
5,146,0.06613286761815054,0.3908120368170422,LOG_MLM,fus_GRS_late_attfp
6,146,0.07724209785945732,0.4528052665078562,LOG_MLM,fus_GRS_late_attfp
7,147,0.09865867381810718,0.42975442164966876,LOG_MLM,fus_GRS_late_attfp
0,147,0.03255942438656077,0.3154207635948094,LOG_MLM,fus_GRS_late_lgbm
1,146,0.05150568921679663,0.39765600799801254,LOG_MLM,fus_GRS_late_lgbm
2,146,0.06427770676606702,0.4447221357997298,LOG_MLM,fus_GRS_late_lgbm
3,146,0.0766742729021759,0.3689006673035691,LOG_MLM,fus_GRS_late_lgbm
4,146,0.09069239752004614,0.4434752144828735,LOG_MLM,fus_GRS_late_lgbm
5,146,0.1057638554669038,0.42851949104163434,LOG_MLM,fus_GRS_late_lgbm
6,146,0.12591203795219863,0.42895813399715876,LOG_MLM,fus_GRS_late_lgbm
7,147,0.16619734509868653,0.4403637218899173,LOG_MLM,fus_GRS_late_lgbm
0,147,0.0327842473824808,0.32081422365379536,LOG_MLM,fus_GRS_late_rf
1,146,0.05006490377193171,0.39312786652182297,LOG_MLM,fus_GRS_late_rf
2,146,0.06153870719496565,0.40555006413858874,LOG_MLM,fus_GRS_late_rf
3,146,0.0722272870156223,0.4175021971682427,LOG_MLM,fus_GRS_late_rf
4,146,0.0846864421719722,0.4337781599470998,LOG_MLM,fus_GRS_late_rf
5,146,0.09913877234216335,0.4096527642873533,LOG_MLM,fus_GRS_late_rf
6,146,0.11609259208620556,0.4325727700419263,LOG_MLM,fus_GRS_late_rf
7,147,0.152609417040105,0.426206143915905,LOG_MLM,fus_GRS_late_rf
0,147,0.03776056420588545,0.3187612899045382,LOG_MLM,fus_GR_early_attfp
1,146,0.05642949996508635,0.34516264699764826,LOG_MLM,fus_GR_early_attfp
2,146,0.0693539581867862,0.39629517570130174,LOG_MLM,fus_GR_early_attfp
3,146,0.08033000015944813,0.41279728064736104,LOG_MLM,fus_GR_early_attfp
4,146,0.09120777665143258,0.3798709059523507,LOG_MLM,fus_GR_early_attfp
5,146,0.10635551378592749,0.4194723354140004,LOG_MLM,fus_GR_early_attfp
6,146,0.12268579842566212,0.3678053386731207,LOG_MLM,fus_GR_early_attfp
7,147,0.15890810240381995,0.36990828989390406,LOG_MLM,fus_GR_early_attfp
0,147,0.032058757545673604,0.2959260430222593,LOG_MLM,fus_GR_early_lgbm
1,146,0.05035380320261252,0.3909085119777005,LOG_MLM,fus_GR_early_lgbm
2,147,0.06281233507019408,0.3589453486539126,LOG_MLM,fus_GR_early_lgbm
3,145,0.07283793606027242,0.41316598513072855,LOG_MLM,fus_GR_early_lgbm
4,146,0.08460717760300078,0.38999998769602007,LOG_MLM,fus_GR_early_lgbm
5,146,0.09634885388711793,0.36748017205718386,LOG_MLM,fus_GR_early_lgbm
6,146,0.11329652573372669,0.46854720232512415,LOG_MLM,fus_GR_early_lgbm
7,147,0.14958995032200129,0.4350672882313721,LOG_MLM,fus_GR_early_lgbm
0,147,0.028572510602834736,0.314616003801958,LOG_MLM,fus_GR_early_rf
1,146,0.04474500643340648,0.40672703191632875,LOG_MLM,fus_GR_early_rf
2,146,0.05612854172292736,0.33476894924713646,LOG_MLM,fus_GR_early_rf
3,146,0.06714577321107888,0.402950440877743,LOG_MLM,fus_GR_early_rf
4,146,0.0772762787596191,0.4078553566228491,LOG_MLM,fus_GR_early_rf
5,147,0.08887379331179104,0.4081110681742604,LOG_MLM,fus_GR_early_rf
6,145,0.10520981546830513,0.42204126873756703,LOG_MLM,fus_GR_early_rf
7,147,0.14030814765473934,0.4006277411698962,LOG_MLM,fus_GR_early_rf
0,147,0.020573269090891043,0.30599788062102823,LOG_MLM,fus_GR_late_attfp
1,146,0.031184938938961706,0.34194119018430347,LOG_MLM,fus_GR_late_attfp
2,146,0.037427207393985536,0.3389840357477886,LOG_MLM,fus_GR_late_attfp
3,146,0.04366837722841291,0.35612236617851234,LOG_MLM,fus_GR_late_attfp
4,146,0.04996582521503326,0.4093222357419545,LOG_MLM,fus_GR_late_attfp
5,146,0.05757266179799957,0.39580653254094744,LOG_MLM,fus_GR_late_attfp
6,146,0.06669287216044191,0.4291508811163178,LOG_MLM,fus_GR_late_attfp
7,147,0.08875103858801887,0.4300739678045396,LOG_MLM,fus_GR_late_attfp
0,147,0.031638021447267135,0.3224204133867672,LOG_MLM,fus_GR_late_lgbm
1,146,0.049717463184650666,0.38436271900305763,LOG_MLM,fus_GR_late_lgbm
2,146,0.06179555847098291,0.4460263123170475,LOG_MLM,fus_GR_late_lgbm
3,147,0.07297521272074613,0.3970224336833769,LOG_MLM,fus_GR_late_lgbm
4,145,0.08575206889713388,0.41706366282624746,LOG_MLM,fus_GR_late_lgbm
5,147,0.09886957454789333,0.4508313444921368,LOG_MLM,fus_GR_late_lgbm
6,145,0.11819431832710432,0.4161202383033428,LOG_MLM,fus_GR_late_lgbm
7,147,0.1568067253734675,0.42701498515136554,LOG_MLM,fus_GR_late_lgbm
0,147,0.03053237313422056,0.3309713187833511,LOG_MLM,fus_GR_late_rf
1,146,0.04687484386429105,0.35129450167961057,LOG_MLM,fus_GR_late_rf
2,146,0.057572126468068446,0.4354881398589661,LOG_MLM,fus_GR_late_rf
3,146,0.06900907142869157,0.4067376675363368,LOG_MLM,fus_GR_late_rf
4,146,0.0799546228633006,0.42250351470671865,LOG_MLM,fus_GR_late_rf
5,146,0.09236389004529616,0.4444319915506198,LOG_MLM,fus_GR_late_rf
6,147,0.10944387750503333,0.4209263335464485,LOG_MLM,fus_GR_late_rf
7,146,0.14702803913927026,0.42298880221862434,LOG_MLM,fus_GR_late_rf
0,147,0.021437464599447394,0.33425096802851123,LOG_MLM,lgbm
1,146,0.03478221210966885,0.39831945724071893,LOG_MLM,lgbm
2,146,0.04361179015664309,0.4028519863048943,LOG_MLM,lgbm
3,146,0.052582077346727055,0.4467619774565479,LOG_MLM,lgbm
4,146,0.061350004782585545,0.40541086454326297,LOG_MLM,lgbm
5,146,0.06975495648701052,0.4080730228427775,LOG_MLM,lgbm
6,146,0.08313092493247758,0.39851507108176637,LOG_MLM,lgbm
7,147,0.11437823934831075,0.3556475134347073,LOG_MLM,lgbm
0,147,0.03440119990970899,0.3561257334593802,LOG_MLM,uni_G_attfp
1,146,0.0504300982642005,0.3406881656378883,LOG_MLM,uni_G_attfp
2,146,0.06262746376536919,0.4585225916641195,LOG_MLM,uni_G_attfp
3,146,0.07461601148649986,0.42324033821358364,LOG_MLM,uni_G_attfp
4,146,0.08516036366938631,0.3830977980103198,LOG_MLM,uni_G_attfp
5,146,0.09627889904449044,0.37607572571678516,LOG_MLM,uni_G_attfp
6,146,0.1124908877022168,0.3684442871889779,LOG_MLM,uni_G_attfp
7,147,0.14474900114146386,0.40706172458202333,LOG_MLM,uni_G_attfp
0,147,0.03201450445341901,0.2987957778050163,LOG_MLM,uni_G_lgbm
1,147,0.04994360046697427,0.3922196764238124,LOG_MLM,uni_G_lgbm
2,145,0.061234660601046736,0.4340805327808579,LOG_MLM,uni_G_lgbm
3,147,0.07124627494499827,0.3654861101387006,LOG_MLM,uni_G_lgbm
4,145,0.08233905330947486,0.3739860317617826,LOG_MLM,uni_G_lgbm
5,146,0.0952506421021149,0.42181245569949766,LOG_MLM,uni_G_lgbm
6,146,0.11136051437955714,0.4102685414103719,LOG_MLM,uni_G_lgbm
7,147,0.14702324153073953,0.42237434472325064,LOG_MLM,uni_G_lgbm
0,147,0.029687438673155785,0.2992502824888217,LOG_MLM,uni_G_rf
1,146,0.04570921046024441,0.4266933327114269,LOG_MLM,uni_G_rf
2,146,0.057069955707402996,0.3665534387286184,LOG_MLM,uni_G_rf
3,146,0.06660004838146395,0.3701493287399763,LOG_MLM,uni_G_rf
4,146,0.07700338554231173,0.40690455674380904,LOG_MLM,uni_G_rf
5,146,0.08760666475427076,0.3919273332387009,LOG_MLM,uni_G_rf
6,149,0.10393108178694073,0.43128014389303265,LOG_MLM,uni_G_rf
7,144,0.13693108104778937,0.4108890302492954,LOG_MLM,uni_G_rf
0,147,0.025634546684164844,0.3045149923160635,LOG_MLM,uni_M_lgbm
1,146,0.038207876746930436,0.35185687865493914,LOG_MLM,uni_M_lgbm
2,146,0.046874812041913946,0.3901929507159166,LOG_MLM,uni_M_lgbm
3,146,0.056071088524443834,0.3655586728629194,LOG_MLM,uni_M_lgbm
4,146,0.06414825050994323,0.38640307512506616,LOG_MLM,uni_M_lgbm
5,146,0.07556414203007303,0.45244396066593684,LOG_MLM,uni_M_lgbm
6,146,0.08874797233706817,0.45960510039354147,LOG_MLM,uni_M_lgbm
7,147,0.11406843239542336,0.461115580152308,LOG_MLM,uni_M_lgbm
0,148,0.014342024298884225,0.3327860157075651,LOG_MLM,uni_M_rf
1,145,0.021898061373933596,0.3779223525279111,LOG_MLM,uni_M_rf
2,146,0.02719251636708404,0.34889211172044754,LOG_MLM,uni_M_rf
3,146,0.03148763371876622,0.3482293192292085,LOG_MLM,uni_M_rf
4,146,0.036062441045761465,0.3711274301324332,LOG_MLM,uni_M_rf
5,146,0.041888082363499765,0.35346238622068554,LOG_MLM,uni_M_rf
6,146,0.05118656867681947,0.4677326775778223,LOG_MLM,uni_M_rf
7,147,0.07566215046933483,0.4388200700030776,LOG_MLM,uni_M_rf
0,147,0.02577600675237342,0.3065636456192725,LOG_MLM,uni_R_lgbm
1,146,0.041661092328273114,0.395661387072425,LOG_MLM,uni_R_lgbm
2,146,0.05104823728135465,0.37503467833333093,LOG_MLM,uni_R_lgbm
3,146,0.05977488350072731,0.40151878331386476,LOG_MLM,uni_R_lgbm
4,146,0.06878606872331096,0.40236075002702604,LOG_MLM,uni_R_lgbm
5,146,0.0796226750868656,0.42845448537978953,LOG_MLM,uni_R_lgbm
6,146,0.09558514588988265,0.41207439895314907,LOG_MLM,uni_R_lgbm
7,147,0.12586374274422954,0.42703944286437906,LOG_MLM,uni_R_lgbm
0,147,0.013166711165217362,0.28784842782067604,LOG_MLM,uni_R_rf
1,146,0.020455696549592325,0.29488153368244396,LOG_MLM,uni_R_rf
2,146,0.026355904034491603,0.4072427630651326,LOG_MLM,uni_R_rf
3,146,0.03133601094474835,0.41717823619335687,LOG_MLM,uni_R_rf
4,146,0.036829075141895165,0.4072363372769038,LOG_MLM,uni_R_rf
5,146,0.04330722431057131,0.346239504924585,LOG_MLM,uni_R_rf
6,146,0.05251317101928845,0.36481284138876213,LOG_MLM,uni_R_rf
7,147,0.07726414896322806,0.4121592951048668,LOG_MLM,uni_R_rf
0,147,0.04494541147188747,0.30734509215350436,LOG_MLM,uni_S_lgbm
1,146,0.07652348037418896,0.3564145718078585,LOG_MLM,uni_S_lgbm
2,146,0.09728216779575631,0.4086054228411713,LOG_MLM,uni_S_lgbm
3,146,0.11232045689090397,0.4125982292676856,LOG_MLM,uni_S_lgbm
4,146,0.1301163618874071,0.4393375944661805,LOG_MLM,uni_S_lgbm
5,146,0.1526799811709905,0.4181283959597615,LOG_MLM,uni_S_lgbm
6,146,0.18581496608139456,0.557647670850661,LOG_MLM,uni_S_lgbm
7,147,0.2349981618973032,0.5738445948910768,LOG_MLM,uni_S_lgbm
0,147,0.042089890593186546,0.25554225445780177,LOG_MLM,uni_S_rf
1,146,0.06948180750147911,0.3796746821947378,LOG_MLM,uni_S_rf
2,146,0.08921058257567671,0.4019752012017401,LOG_MLM,uni_S_rf
3,146,0.10747448589520943,0.40512673238733865,LOG_MLM,uni_S_rf
4,146,0.12578920821830372,0.4032697670590804,LOG_MLM,uni_S_rf
5,146,0.14911669425875362,0.45307323849772857,LOG_MLM,uni_S_rf
6,146,0.17634483456038896,0.5468760304452558,LOG_MLM,uni_S_rf
7,147,0.23385576628619098,0.5529419624550006,LOG_MLM,uni_S_rf
0,57,0.012434257080793208,0.17471356692235385,LOG_MPPB,chemeleon
1,57,0.01866261824054672,0.1693616962630791,LOG_MPPB,chemeleon
2,56,0.02253601773427551,0.18609553413552868,LOG_MPPB,chemeleon
3,57,0.026694710074539742,0.17596691539037454,LOG_MPPB,chemeleon
4,57,0.030738559841321605,0.23039166875311745,LOG_MPPB,chemeleon
5,56,0.03539772233969285,0.19208304083433236,LOG_MPPB,chemeleon
6,57,0.04238751811783084,0.24751924587317928,LOG_MPPB,chemeleon
7,57,0.05532119608040752,0.24910554255431933,LOG_MPPB,chemeleon
0,57,0.012802500021014495,0.18933380030005045,LOG_MPPB,chemprop
1,57,0.018363637537654964,0.22409427784928995,LOG_MPPB,chemprop
2,56,0.02248169329971761,0.1774551020612815,LOG_MPPB,chemprop
3,57,0.025372836433652474,0.19809208245105125,LOG_MPPB,chemprop
4,57,0.02819076108182876,0.2390597755949165,LOG_MPPB,chemprop
5,56,0.03271417587539309,0.22484129022343735,LOG_MPPB,chemprop
6,57,0.03994354955036617,0.2544954715440949,LOG_MPPB,chemprop
7,57,0.054231917008900433,0.3142374193603494,LOG_MPPB,chemprop
0,57,0.012001919584520744,0.24085770979592452,LOG_MPPB,chemprop_st
1,57,0.01812546410458178,0.19265493241517698,LOG_MPPB,chemprop_st
2,56,0.021403981356054747,0.3286115961881634,LOG_MPPB,chemprop_st
3,57,0.024638295248920423,0.2689659914607825,LOG_MPPB,chemprop_st
4,57,0.02854139697821018,0.24431226909986864,LOG_MPPB,chemprop_st
5,56,0.0346217328931665,0.2916531215990625,LOG_MPPB,chemprop_st
6,57,0.040609717461215514,0.3637473229779325,LOG_MPPB,chemprop_st
7,57,0.05930472039553772,0.35336051599247265,LOG_MPPB,chemprop_st
0,57,0.028019705178370623,0.20852044750093743,LOG_MPPB,fus_GRMS_early_attfp
1,57,0.04191760549325621,0.24934536837730725,LOG_MPPB,fus_GRMS_early_attfp
2,56,0.05305114032375234,0.23739216619657771,LOG_MPPB,fus_GRMS_early_attfp
3,57,0.06227510115562742,0.24768291612201054,LOG_MPPB,fus_GRMS_early_attfp
4,57,0.06912402701851589,0.27153037013198444,LOG_MPPB,fus_GRMS_early_attfp
5,56,0.0778410726507179,0.28638891291751317,LOG_MPPB,fus_GRMS_early_attfp
6,57,0.09038148328700647,0.3026633579180883,LOG_MPPB,fus_GRMS_early_attfp
7,57,0.14857534711938575,0.3136409766759727,LOG_MPPB,fus_GRMS_early_attfp
0,57,0.02011627541917836,0.2533827216558517,LOG_MPPB,fus_GRMS_early_lgbm
1,57,0.03032962066189637,0.26016546974743193,LOG_MPPB,fus_GRMS_early_lgbm
2,56,0.03587051010774755,0.27630243218111106,LOG_MPPB,fus_GRMS_early_lgbm
3,57,0.041559978378906785,0.2726059203267662,LOG_MPPB,fus_GRMS_early_lgbm
4,57,0.047181130529141545,0.335986240825084,LOG_MPPB,fus_GRMS_early_lgbm
5,56,0.056616468578903026,0.2631201703308516,LOG_MPPB,fus_GRMS_early_lgbm
6,57,0.06754939029964385,0.32087464816414407,LOG_MPPB,fus_GRMS_early_lgbm
7,57,0.09827346927354445,0.33934275367244077,LOG_MPPB,fus_GRMS_early_lgbm
0,57,0.015784057913826872,0.3450696343763093,LOG_MPPB,fus_GRMS_early_rf
1,57,0.024263640199923477,0.2519883363219707,LOG_MPPB,fus_GRMS_early_rf
2,56,0.029770904823835004,0.3268384063688888,LOG_MPPB,fus_GRMS_early_rf
3,57,0.03432170591003702,0.3013475774812252,LOG_MPPB,fus_GRMS_early_rf
4,57,0.03828895594229844,0.333933547527716,LOG_MPPB,fus_GRMS_early_rf
5,56,0.04517734003788879,0.35432167176092777,LOG_MPPB,fus_GRMS_early_rf
6,57,0.05467035739442443,0.3196767099513081,LOG_MPPB,fus_GRMS_early_rf
7,57,0.08339736701761806,0.31389129101424457,LOG_MPPB,fus_GRMS_early_rf
0,57,0.016764957041707062,0.3803490495543527,LOG_MPPB,fus_GRMS_late_attfp
1,57,0.023260061580806422,0.2950088804109872,LOG_MPPB,fus_GRMS_late_attfp
2,56,0.02718373292914725,0.3025339797914847,LOG_MPPB,fus_GRMS_late_attfp
3,57,0.029949039553782225,0.2786294946027573,LOG_MPPB,fus_GRMS_late_attfp
4,57,0.03317295852617782,0.2615155784196848,LOG_MPPB,fus_GRMS_late_attfp
5,56,0.037588668491025254,0.3296566472288592,LOG_MPPB,fus_GRMS_late_attfp
6,57,0.04202647367119153,0.2587937897286189,LOG_MPPB,fus_GRMS_late_attfp
7,57,0.05323134104676816,0.25482402234377505,LOG_MPPB,fus_GRMS_late_attfp
0,57,0.02061501676975257,0.22558447828563355,LOG_MPPB,fus_GRMS_late_lgbm
1,57,0.030044578141787126,0.29006056918137885,LOG_MPPB,fus_GRMS_late_lgbm
2,56,0.03640730974361485,0.24167398713181304,LOG_MPPB,fus_GRMS_late_lgbm
3,57,0.041602300556156484,0.2617886896607077,LOG_MPPB,fus_GRMS_late_lgbm
4,57,0.04702103505902688,0.34980272238794075,LOG_MPPB,fus_GRMS_late_lgbm
5,56,0.053268231361784546,0.3116571009522694,LOG_MPPB,fus_GRMS_late_lgbm
6,57,0.060992564432551195,0.3777067952930782,LOG_MPPB,fus_GRMS_late_lgbm
7,57,0.07528098926481432,0.3516197347402893,LOG_MPPB,fus_GRMS_late_lgbm
0,57,0.018881702615167965,0.2625944720013275,LOG_MPPB,fus_GRMS_late_rf
1,57,0.028071836618099366,0.22665898869583925,LOG_MPPB,fus_GRMS_late_rf
2,56,0.033258405905684886,0.2887154799352404,LOG_MPPB,fus_GRMS_late_rf
3,57,0.0377696129324175,0.30204697995379814,LOG_MPPB,fus_GRMS_late_rf
4,57,0.043289745458910345,0.2969064281767124,LOG_MPPB,fus_GRMS_late_rf
5,56,0.04828615483813876,0.27828700483720353,LOG_MPPB,fus_GRMS_late_rf
6,57,0.05524936894968617,0.362174922936368,LOG_MPPB,fus_GRMS_late_rf
7,57,0.06929637422853419,0.3846393762581392,LOG_MPPB,fus_GRMS_late_rf
0,57,0.012561072141708608,0.27002859791348527,LOG_MPPB,fus_GRM_early_attfp
1,57,0.019440806611004988,0.26850774360008517,LOG_MPPB,fus_GRM_early_attfp
2,56,0.024790960080290407,0.27178737055901236,LOG_MPPB,fus_GRM_early_attfp
3,57,0.029809957353098118,0.25119912685212975,LOG_MPPB,fus_GRM_early_attfp
4,57,0.034397923324944,0.2871853060302271,LOG_MPPB,fus_GRM_early_attfp
5,56,0.039261027345394606,0.37026372226709353,LOG_MPPB,fus_GRM_early_attfp
6,57,0.046397386512440374,0.4837520614722687,LOG_MPPB,fus_GRM_early_attfp
7,57,0.08152676197771451,0.5582066926283512,LOG_MPPB,fus_GRM_early_attfp
0,57,0.015682077031207296,0.3799771541249115,LOG_MPPB,fus_GRM_early_lgbm
1,57,0.024395114524214223,0.2769734351809112,LOG_MPPB,fus_GRM_early_lgbm
2,56,0.03045247201305687,0.32003489083935216,LOG_MPPB,fus_GRM_early_lgbm
3,57,0.03622171986800013,0.2584810735890037,LOG_MPPB,fus_GRM_early_lgbm
4,59,0.041354513108863684,0.296771693024748,LOG_MPPB,fus_GRM_early_lgbm
5,54,0.04769622944682369,0.2871346999379333,LOG_MPPB,fus_GRM_early_lgbm
6,57,0.05760333850987261,0.29243741591646577,LOG_MPPB,fus_GRM_early_lgbm
7,57,0.08563493324208037,0.3437725260139049,LOG_MPPB,fus_GRM_early_lgbm
0,57,0.013152273590202001,0.38810523323851837,LOG_MPPB,fus_GRM_early_rf
1,57,0.020213556250129928,0.38133683153360365,LOG_MPPB,fus_GRM_early_rf
2,56,0.02517748332909946,0.3006084057913857,LOG_MPPB,fus_GRM_early_rf
3,57,0.029779044380809607,0.2999494882000968,LOG_MPPB,fus_GRM_early_rf
4,57,0.03392301903038874,0.31751031916440675,LOG_MPPB,fus_GRM_early_rf
5,56,0.04075755768144655,0.2573460763101905,LOG_MPPB,fus_GRM_early_rf
6,57,0.04842342763383291,0.31019815606034024,LOG_MPPB,fus_GRM_early_rf
7,57,0.0767754969212429,0.3221916060329161,LOG_MPPB,fus_GRM_early_rf
0,57,0.018061779788127667,0.3529499929852276,LOG_MPPB,fus_GRM_late_attfp
1,57,0.02416934187704339,0.35095704206862566,LOG_MPPB,fus_GRM_late_attfp
2,56,0.02735999874400783,0.3106779528422853,LOG_MPPB,fus_GRM_late_attfp
3,57,0.030739182153741756,0.30718494365782095,LOG_MPPB,fus_GRM_late_attfp
4,57,0.03345704875384181,0.2733878833271708,LOG_MPPB,fus_GRM_late_attfp
5,56,0.037112005877633365,0.26813716210111566,LOG_MPPB,fus_GRM_late_attfp
6,57,0.04109782651378417,0.30961547746719414,LOG_MPPB,fus_GRM_late_attfp
7,57,0.049551787018765975,0.27708785980506045,LOG_MPPB,fus_GRM_late_attfp
0,57,0.020431256593561896,0.275473348708941,LOG_MPPB,fus_GRM_late_lgbm
1,57,0.027938956845390012,0.2655839696555156,LOG_MPPB,fus_GRM_late_lgbm
2,56,0.03352698353258916,0.2182638043166833,LOG_MPPB,fus_GRM_late_lgbm
3,57,0.03865267710878499,0.24463623207512392,LOG_MPPB,fus_GRM_late_lgbm
4,57,0.04423704772438436,0.3552980456537348,LOG_MPPB,fus_GRM_late_lgbm
5,56,0.05016610744563097,0.2908654616354927,LOG_MPPB,fus_GRM_late_lgbm
6,57,0.057118541323416296,0.3319338548983841,LOG_MPPB,fus_GRM_late_lgbm
7,57,0.0709989002027344,0.47078140094489807,LOG_MPPB,fus_GRM_late_lgbm
0,58,0.01951483993285667,0.26911129769101205,LOG_MPPB,fus_GRM_late_rf
1,56,0.02920787493641273,0.2780943548083899,LOG_MPPB,fus_GRM_late_rf
2,56,0.03510445044676203,0.23498378410316798,LOG_MPPB,fus_GRM_late_rf
3,57,0.040045423632918305,0.30004748202003545,LOG_MPPB,fus_GRM_late_rf
4,57,0.04529978212630034,0.27580220820618584,LOG_MPPB,fus_GRM_late_rf
5,56,0.051792730892219696,0.30537778436563306,LOG_MPPB,fus_GRM_late_rf
6,57,0.057529844528893564,0.3447542180394813,LOG_MPPB,fus_GRM_late_rf
7,57,0.07363070141899439,0.4655263264684513,LOG_MPPB,fus_GRM_late_rf
0,57,0.02858317043164783,0.23431477119018373,LOG_MPPB,fus_GRS_early_attfp
1,57,0.04130944461260039,0.21328014933759262,LOG_MPPB,fus_GRS_early_attfp
2,56,0.050224621216078916,0.28060525749173965,LOG_MPPB,fus_GRS_early_attfp
3,57,0.057213279894395216,0.26820355858990247,LOG_MPPB,fus_GRS_early_attfp
4,57,0.06388801626199074,0.329935541875296,LOG_MPPB,fus_GRS_early_attfp
5,56,0.07318816319696905,0.288270691224553,LOG_MPPB,fus_GRS_early_attfp
6,57,0.08799104297191235,0.20801928272169734,LOG_MPPB,fus_GRS_early_attfp
7,57,0.15925754961568625,0.29209077206167555,LOG_MPPB,fus_GRS_early_attfp
0,57,0.022118026052939915,0.2492272231911856,LOG_MPPB,fus_GRS_early_lgbm
1,57,0.030905421652141506,0.2712535179838409,LOG_MPPB,fus_GRS_early_lgbm
2,56,0.03694881008786055,0.2611339125917994,LOG_MPPB,fus_GRS_early_lgbm
3,57,0.042535585356753176,0.3005389416243561,LOG_MPPB,fus_GRS_early_lgbm
4,57,0.04914931068287416,0.2852897914726873,LOG_MPPB,fus_GRS_early_lgbm
5,56,0.0581013801127345,0.27806483259657716,LOG_MPPB,fus_GRS_early_lgbm
6,57,0.06867142683452201,0.31700558252647465,LOG_MPPB,fus_GRS_early_lgbm
7,57,0.09744164461931339,0.3497104420084427,LOG_MPPB,fus_GRS_early_lgbm
0,57,0.01607499859850172,0.33004808782830314,LOG_MPPB,fus_GRS_early_rf
1,57,0.02380441310344932,0.25377204604926124,LOG_MPPB,fus_GRS_early_rf
2,56,0.028823313361582836,0.355003305087037,LOG_MPPB,fus_GRS_early_rf
3,57,0.03305628110024839,0.33015419179195893,LOG_MPPB,fus_GRS_early_rf
4,57,0.03729911226807456,0.32837828681768494,LOG_MPPB,fus_GRS_early_rf
5,56,0.04305235651442534,0.31125271983769315,LOG_MPPB,fus_GRS_early_rf
6,57,0.05318960028196202,0.32988375214738175,LOG_MPPB,fus_GRS_early_rf
7,57,0.08118320761132337,0.3019219334665259,LOG_MPPB,fus_GRS_early_rf
0,57,0.01709632984862368,0.3037436536435335,LOG_MPPB,fus_GRS_late_attfp
1,57,0.024154709424622223,0.3155447397691375,LOG_MPPB,fus_GRS_late_attfp
2,56,0.02845494759114769,0.25637311916561795,LOG_MPPB,fus_GRS_late_attfp
3,57,0.0320434965936135,0.2701909896161032,LOG_MPPB,fus_GRS_late_attfp
4,57,0.035691567498542465,0.26781151597068903,LOG_MPPB,fus_GRS_late_attfp
5,56,0.03905547471345551,0.2924927167471229,LOG_MPPB,fus_GRS_late_attfp
6,57,0.044497824517113,0.3590963246471969,LOG_MPPB,fus_GRS_late_attfp
7,57,0.057331516707971965,0.2763290177506627,LOG_MPPB,fus_GRS_late_attfp
0,57,0.01747551560946643,0.25070795211942815,LOG_MPPB,fus_GRS_late_lgbm
1,57,0.02789271750935091,0.24684429670871555,LOG_MPPB,fus_GRS_late_lgbm
2,56,0.03369778560929897,0.2055386012142916,LOG_MPPB,fus_GRS_late_lgbm
3,57,0.03884066828991747,0.269494854810085,LOG_MPPB,fus_GRS_late_lgbm
4,57,0.04389647177222207,0.291442453855445,LOG_MPPB,fus_GRS_late_lgbm
5,56,0.04939748328347428,0.3509520973355554,LOG_MPPB,fus_GRS_late_lgbm
6,57,0.058292892916902074,0.3030164536197341,LOG_MPPB,fus_GRS_late_lgbm
7,57,0.07541667241393682,0.35627625466154295,LOG_MPPB,fus_GRS_late_lgbm
0,57,0.019830995737574554,0.26250569193717227,LOG_MPPB,fus_GRS_late_rf
1,57,0.029142685027130123,0.22289024960170326,LOG_MPPB,fus_GRS_late_rf
2,56,0.03498935052677433,0.2124898765302925,LOG_MPPB,fus_GRS_late_rf
3,57,0.04011215574483078,0.25292461592493853,LOG_MPPB,fus_GRS_late_rf
4,57,0.04612530485979415,0.3062270058368798,LOG_MPPB,fus_GRS_late_rf
5,56,0.05211776407839793,0.33258780707382846,LOG_MPPB,fus_GRS_late_rf
6,57,0.06117728590188943,0.328888584349248,LOG_MPPB,fus_GRS_late_rf
7,57,0.07923023165159676,0.33943981590240385,LOG_MPPB,fus_GRS_late_rf
0,57,0.019988718283861978,0.2893028721112222,LOG_MPPB,fus_GR_early_attfp
1,57,0.02788116659167084,0.3495010410098179,LOG_MPPB,fus_GR_early_attfp
2,56,0.03323730584257732,0.36012279290628973,LOG_MPPB,fus_GR_early_attfp
3,57,0.038107717820223014,0.3935657752026415,LOG_MPPB,fus_GR_early_attfp
4,57,0.04385543155389534,0.2847991775227485,LOG_MPPB,fus_GR_early_attfp
5,56,0.04900980293113002,0.3490126147362057,LOG_MPPB,fus_GR_early_attfp
6,57,0.05638603028074918,0.34739929629816013,LOG_MPPB,fus_GR_early_attfp
7,57,0.094996709649562,0.3649434700847495,LOG_MPPB,fus_GR_early_attfp
0,57,0.017042208900536447,0.3232957246459439,LOG_MPPB,fus_GR_early_lgbm
1,57,0.025238900789998662,0.3067453337320394,LOG_MPPB,fus_GR_early_lgbm
2,56,0.032397140707666146,0.2690018766611443,LOG_MPPB,fus_GR_early_lgbm
3,57,0.03805626326639748,0.29699999414979966,LOG_MPPB,fus_GR_early_lgbm
4,57,0.043702165875822006,0.3200035031937455,LOG_MPPB,fus_GR_early_lgbm
5,56,0.05100383789354569,0.2997648695891129,LOG_MPPB,fus_GR_early_lgbm
6,57,0.060773659051560625,0.3225634218257997,LOG_MPPB,fus_GR_early_lgbm
7,57,0.0934556171067566,0.3289661389584654,LOG_MPPB,fus_GR_early_lgbm
0,57,0.014432775409891137,0.38661242874849927,LOG_MPPB,fus_GR_early_rf
1,57,0.021063121834800906,0.38653241715604075,LOG_MPPB,fus_GR_early_rf
2,56,0.026059290275708445,0.3027724550420036,LOG_MPPB,fus_GR_early_rf
3,57,0.0312155895946905,0.2578233022371933,LOG_MPPB,fus_GR_early_rf
4,57,0.035874185394987476,0.3353465146643967,LOG_MPPB,fus_GR_early_rf
5,56,0.04104569536060877,0.3092561555134994,LOG_MPPB,fus_GR_early_rf
6,57,0.04935844983399539,0.26651124863087255,LOG_MPPB,fus_GR_early_rf
7,57,0.07765010052907748,0.3376196389545434,LOG_MPPB,fus_GR_early_rf
0,57,0.01874659557117022,0.2684887213491425,LOG_MPPB,fus_GR_late_attfp
1,57,0.025467039025423,0.2993918522381963,LOG_MPPB,fus_GR_late_attfp
2,56,0.029507180970209525,0.32322697868527006,LOG_MPPB,fus_GR_late_attfp
3,57,0.033465402594540124,0.31085302324005415,LOG_MPPB,fus_GR_late_attfp
4,57,0.037072354258166025,0.26802321103407084,LOG_MPPB,fus_GR_late_attfp
5,56,0.04096757213552493,0.249592181245212,LOG_MPPB,fus_GR_late_attfp
6,57,0.04485786084447118,0.3582471765655769,LOG_MPPB,fus_GR_late_attfp
7,57,0.059725257993966885,0.36760334234701475,LOG_MPPB,fus_GR_late_attfp
0,57,0.018918925126980814,0.24240372275764563,LOG_MPPB,fus_GR_late_lgbm
1,58,0.028786113586153066,0.2511031299146539,LOG_MPPB,fus_GR_late_lgbm
2,55,0.035116841501789994,0.2886932628695131,LOG_MPPB,fus_GR_late_lgbm
3,57,0.04013452452133568,0.291028811429501,LOG_MPPB,fus_GR_late_lgbm
4,58,0.04619662295749075,0.2873145284313753,LOG_MPPB,fus_GR_late_lgbm
5,55,0.051903609098857446,0.3649736910321814,LOG_MPPB,fus_GR_late_lgbm
6,57,0.06276079535399805,0.3298243119726607,LOG_MPPB,fus_GR_late_lgbm
7,57,0.07931322714180726,0.29711217819000924,LOG_MPPB,fus_GR_late_lgbm
0,57,0.01961956845474486,0.24464040313414184,LOG_MPPB,fus_GR_late_rf
1,57,0.027289479683546346,0.2545453233982916,LOG_MPPB,fus_GR_late_rf
2,56,0.0323200661686105,0.2864601895058451,LOG_MPPB,fus_GR_late_rf
3,57,0.03788962841880091,0.265575064402207,LOG_MPPB,fus_GR_late_rf
4,57,0.04528144504207811,0.2799303053071003,LOG_MPPB,fus_GR_late_rf
5,56,0.05117252755215919,0.34817466212760045,LOG_MPPB,fus_GR_late_rf
6,57,0.06017295063301587,0.30946483539826736,LOG_MPPB,fus_GR_late_rf
7,57,0.07474242921878292,0.36484563553234256,LOG_MPPB,fus_GR_late_rf
0,57,0.018167150367250876,0.24369497858353764,LOG_MPPB,lgbm
1,57,0.027654530224148426,0.27511051630915684,LOG_MPPB,lgbm
2,56,0.03304458063052231,0.30013476568851655,LOG_MPPB,lgbm
3,57,0.0377720753534116,0.2754507408113526,LOG_MPPB,lgbm
4,57,0.041963634848940966,0.3100124821532064,LOG_MPPB,lgbm
5,56,0.04748529245312424,0.2606845871887357,LOG_MPPB,lgbm
6,57,0.05238990703620944,0.28959459228207385,LOG_MPPB,lgbm
7,57,0.061999633530918724,0.28762837463731983,LOG_MPPB,lgbm
0,57,0.019121286958473743,0.2658333135819808,LOG_MPPB,uni_G_attfp
1,57,0.027385706295413214,0.3219681019285359,LOG_MPPB,uni_G_attfp
2,56,0.03333803830922438,0.3408113051874633,LOG_MPPB,uni_G_attfp
3,57,0.037641253726696175,0.38836299326467244,LOG_MPPB,uni_G_attfp
4,57,0.04158979743396249,0.2780669209412262,LOG_MPPB,uni_G_attfp
5,56,0.04666535273123473,0.3118082329430889,LOG_MPPB,uni_G_attfp
6,57,0.0535332113037441,0.34884537443952895,LOG_MPPB,uni_G_attfp
7,57,0.07921222904236111,0.32215126748441575,LOG_MPPB,uni_G_attfp
0,57,0.014197921158832836,0.39079070923367915,LOG_MPPB,uni_G_lgbm
1,57,0.0217063973713239,0.3278032027553993,LOG_MPPB,uni_G_lgbm
2,56,0.026042423384811022,0.301446423368855,LOG_MPPB,uni_G_lgbm
3,57,0.030971572115251006,0.3370479252399309,LOG_MPPB,uni_G_lgbm
4,57,0.0350572057269454,0.3369758800417757,LOG_MPPB,uni_G_lgbm
5,57,0.04118557640392572,0.3121957794789754,LOG_MPPB,uni_G_lgbm
6,56,0.04922245020394151,0.2615805079698856,LOG_MPPB,uni_G_lgbm
7,57,0.07572359230032244,0.31417702012374,LOG_MPPB,uni_G_lgbm
0,57,0.013653848638031341,0.407578224239828,LOG_MPPB,uni_G_rf
1,57,0.020822320931919082,0.339897587717484,LOG_MPPB,uni_G_rf
2,57,0.025712564602429818,0.3246409906346327,LOG_MPPB,uni_G_rf
3,56,0.0304191732403536,0.3068400518227565,LOG_MPPB,uni_G_rf
4,57,0.03519902653210606,0.31833049228180393,LOG_MPPB,uni_G_rf
5,56,0.040975679081588154,0.3148392068586828,LOG_MPPB,uni_G_rf
6,58,0.04841921383824079,0.25548107875554815,LOG_MPPB,uni_G_rf
7,56,0.07722697023318216,0.330664964873999,LOG_MPPB,uni_G_rf
0,57,0.017414336081418146,0.23636232878552885,LOG_MPPB,uni_M_lgbm
1,57,0.02759853309145858,0.265619160007432,LOG_MPPB,uni_M_lgbm
2,56,0.03357420420487479,0.30979168810423896,LOG_MPPB,uni_M_lgbm
3,57,0.03910133521601107,0.30339626958097243,LOG_MPPB,uni_M_lgbm
4,57,0.044961480125072006,0.263415211370072,LOG_MPPB,uni_M_lgbm
5,56,0.051344082330777516,0.35471084398206915,LOG_MPPB,uni_M_lgbm
6,57,0.057683534874408304,0.3767416776548343,LOG_MPPB,uni_M_lgbm
7,57,0.07300431926434217,0.432827609557652,LOG_MPPB,uni_M_lgbm
0,57,0.0090450255433145,0.30392180635761695,LOG_MPPB,uni_M_rf
1,57,0.013423951701280794,0.34720713417547744,LOG_MPPB,uni_M_rf
2,56,0.015945626666853795,0.32697072244996855,LOG_MPPB,uni_M_rf
3,57,0.01843475791856307,0.3614353086593541,LOG_MPPB,uni_M_rf
4,57,0.020821220217226,0.33231123790599926,LOG_MPPB,uni_M_rf
5,56,0.023355389708411976,0.38358605082958913,LOG_MPPB,uni_M_rf
6,57,0.0268991844342123,0.39636973782309187,LOG_MPPB,uni_M_rf
7,57,0.033714329179591024,0.320735590619743,LOG_MPPB,uni_M_rf
0,57,0.0158964011104766,0.25045599323469664,LOG_MPPB,uni_R_lgbm
1,57,0.023054242949742093,0.2589636342320454,LOG_MPPB,uni_R_lgbm
2,56,0.027487609669793505,0.23230257349785477,LOG_MPPB,uni_R_lgbm
3,57,0.032012230325931465,0.2740644892594107,LOG_MPPB,uni_R_lgbm
4,58,0.03682237812951228,0.32578993782640453,LOG_MPPB,uni_R_lgbm
5,55,0.04135364635860388,0.30459742626928954,LOG_MPPB,uni_R_lgbm
6,57,0.04939010909100616,0.34654795218855633,LOG_MPPB,uni_R_lgbm
7,57,0.06349300473121987,0.38517099667003957,LOG_MPPB,uni_R_lgbm
0,57,0.010397958642854194,0.26292807249499045,LOG_MPPB,uni_R_rf
1,58,0.01458099689267224,0.3275431934365402,LOG_MPPB,uni_R_rf
2,55,0.01690624574701477,0.2925107636916846,LOG_MPPB,uni_R_rf
3,57,0.01947312789843557,0.30247495542903385,LOG_MPPB,uni_R_rf
4,57,0.022017932643651154,0.25596579381264983,LOG_MPPB,uni_R_rf
5,56,0.025235569400183892,0.28589899701618865,LOG_MPPB,uni_R_rf
6,58,0.029837577103435813,0.28889847431498644,LOG_MPPB,uni_R_rf
7,56,0.044670846914869965,0.3182757683228173,LOG_MPPB,uni_R_rf
0,57,0.026425203569619117,0.2834058266126369,LOG_MPPB,uni_S_lgbm
1,57,0.039434408595700465,0.2743537112274896,LOG_MPPB,uni_S_lgbm
2,56,0.04585859707471894,0.21594325338505538,LOG_MPPB,uni_S_lgbm
3,57,0.05388824919835383,0.32251106865432816,LOG_MPPB,uni_S_lgbm
4,57,0.06243997341449672,0.3039862766856751,LOG_MPPB,uni_S_lgbm
5,56,0.0714921108386706,0.30694423758576267,LOG_MPPB,uni_S_lgbm
6,57,0.08614451444348134,0.24732033637039963,LOG_MPPB,uni_S_lgbm
7,57,0.1157687634008936,0.3141044964762925,LOG_MPPB,uni_S_lgbm
0,57,0.0246639045744845,0.27755262678802023,LOG_MPPB,uni_S_rf
1,57,0.03543886086610595,0.29337092142203486,LOG_MPPB,uni_S_rf
2,56,0.04389356841959867,0.27725601029704194,LOG_MPPB,uni_S_rf
3,57,0.05123700650808997,0.30614431448906015,LOG_MPPB,uni_S_rf
4,57,0.05927007375153809,0.2789975555902973,LOG_MPPB,uni_S_rf
5,56,0.0689103685587954,0.27749205893329804,LOG_MPPB,uni_S_rf
6,57,0.08196321992995148,0.3151543591524499,LOG_MPPB,uni_S_rf
7,57,0.10922439098481816,0.2795973995724187,LOG_MPPB,uni_S_rf
0,284,0.025199687487081898,0.3462636767629577,LogD,chemeleon
1,284,0.037217772462807615,0.3477808305712676,LogD,chemeleon
2,283,0.04469062847825991,0.3740432378243929,LogD,chemeleon
3,284,0.05203729570447875,0.3947013698629507,LogD,chemeleon
4,284,0.05963774835256764,0.3988193957992254,LogD,chemeleon
5,283,0.06864132133434563,0.452669383047788,LogD,chemeleon
6,284,0.08122871853622159,0.4147219351367324,LogD,chemeleon
7,284,0.11350181306977179,0.5018507178274366,LogD,chemeleon
0,284,0.030726468663037056,0.32280255662338025,LogD,chemprop
1,284,0.045511499300560865,0.36308221661734086,LogD,chemprop
2,283,0.05566758613258953,0.33821131281814837,LogD,chemprop
3,284,0.06583297096890961,0.3724951820001909,LogD,chemprop
4,284,0.07561542513918222,0.37195459266457753,LogD,chemprop
5,283,0.08726394170384529,0.4007917584016184,LogD,chemprop
6,284,0.10193758786363966,0.48790568374170135,LogD,chemprop
7,284,0.14931171499842105,0.6596723163416,LogD,chemprop
0,284,0.026865357857179344,0.3148588915611691,LogD,chemprop_st
1,284,0.04067079922000745,0.33084098298707043,LogD,chemprop_st
2,283,0.0497287795889454,0.3204040316114629,LogD,chemprop_st
3,284,0.058176968746313,0.36271407696307045,LogD,chemprop_st
4,284,0.06759974722529412,0.35927920313990136,LogD,chemprop_st
5,283,0.07937848287477332,0.39556789900883393,LogD,chemprop_st
6,284,0.09596125191688472,0.38880501235415493,LogD,chemprop_st
7,284,0.15615702230111428,0.6011213035063826,LogD,chemprop_st
0,284,0.04729504510194863,0.42106421469855065,LogD,fus_GRMS_early_attfp
1,284,0.07515454544244239,0.4371761919342926,LogD,fus_GRMS_early_attfp
2,283,0.09485270262475783,0.4348102972743368,LogD,fus_GRMS_early_attfp
3,284,0.11416425212054644,0.43051521954139776,LogD,fus_GRMS_early_attfp
4,284,0.13644204163225712,0.4797300329153806,LogD,fus_GRMS_early_attfp
5,283,0.16228595288475833,0.5186437345340901,LogD,fus_GRMS_early_attfp
6,284,0.20711337667283358,0.5943719334740349,LogD,fus_GRMS_early_attfp
7,284,0.31906807948595084,0.6558604511857347,LogD,fus_GRMS_early_attfp
0,284,0.03935192051571968,0.3808774460634187,LogD,fus_GRMS_early_lgbm
1,284,0.05989077914535709,0.3856931131822111,LogD,fus_GRMS_early_lgbm
2,283,0.07269937058882239,0.3952160980304347,LogD,fus_GRMS_early_lgbm
3,284,0.0850808371449897,0.4081413202529519,LogD,fus_GRMS_early_lgbm
4,284,0.09910493336991419,0.41099760984447337,LogD,fus_GRMS_early_lgbm
5,283,0.11492593249566252,0.3865263761672472,LogD,fus_GRMS_early_lgbm
6,284,0.13685100874766282,0.49660863385533366,LogD,fus_GRMS_early_lgbm
7,284,0.18943132660089068,0.6085567348271912,LogD,fus_GRMS_early_lgbm
0,284,0.03243546912590838,0.3543934037558686,LogD,fus_GRMS_early_rf
1,284,0.04864737846142243,0.4407342370892019,LogD,fus_GRMS_early_rf
2,283,0.061027724007297314,0.3724455594817431,LogD,fus_GRMS_early_rf
3,284,0.07193309878868494,0.38796652582159624,LogD,fus_GRMS_early_rf
4,284,0.08374055893063385,0.3919257394366197,LogD,fus_GRMS_early_rf
5,283,0.09770520439749526,0.38268260306242635,LogD,fus_GRMS_early_rf
6,284,0.1202299510611825,0.4521654342723005,LogD,fus_GRMS_early_rf
7,284,0.18531780816673987,0.7194499882629107,LogD,fus_GRMS_early_rf
0,284,0.022683144400134456,0.37495518972231473,LogD,fus_GRMS_late_attfp
1,284,0.033798129822958,0.44890986994853316,LogD,fus_GRMS_late_attfp
2,283,0.04043466244642606,0.39436609334058975,LogD,fus_GRMS_late_attfp
3,284,0.046834763986900584,0.4066172034414091,LogD,fus_GRMS_late_attfp
4,284,0.053468450912760666,0.48603200568384686,LogD,fus_GRMS_late_attfp
5,283,0.06244960483388783,0.4547382024475521,LogD,fus_GRMS_late_attfp
6,284,0.07483160747258663,0.5355301660304548,LogD,fus_GRMS_late_attfp
7,284,0.1146513877932781,0.6201232040899111,LogD,fus_GRMS_late_attfp
0,284,0.03680478412666349,0.4641582478044137,LogD,fus_GRMS_late_lgbm
1,284,0.0540426929909711,0.48145243011347777,LogD,fus_GRMS_late_lgbm
2,283,0.06708496746039541,0.4926060204900252,LogD,fus_GRMS_late_lgbm
3,284,0.07948618489768365,0.5735867410272253,LogD,fus_GRMS_late_lgbm
4,284,0.0910338193130482,0.5007624665832071,LogD,fus_GRMS_late_lgbm
5,283,0.1042688731882196,0.5367283861946646,LogD,fus_GRMS_late_lgbm
6,284,0.12293072226362758,0.5945833728377101,LogD,fus_GRMS_late_lgbm
7,284,0.1773748344578953,0.6238956245982585,LogD,fus_GRMS_late_lgbm
0,284,0.03305009290582092,0.45654151061002185,LogD,fus_GRMS_late_rf
1,284,0.048901260704018124,0.4898070955556547,LogD,fus_GRMS_late_rf
2,283,0.059849481238133134,0.5084292811722562,LogD,fus_GRMS_late_rf
3,284,0.06993625968444854,0.4882550087208057,LogD,fus_GRMS_late_rf
4,284,0.07979357900013159,0.5197809609331548,LogD,fus_GRMS_late_rf
5,283,0.0908849712514144,0.5870094042250025,LogD,fus_GRMS_late_rf
6,284,0.10559630790961506,0.4853271561048625,LogD,fus_GRMS_late_rf
7,284,0.15012478136546717,0.5730868352120793,LogD,fus_GRMS_late_rf
0,284,0.03812452821067971,0.38764657377672024,LogD,fus_GRM_early_attfp
1,284,0.05689781443755619,0.3684476743103333,LogD,fus_GRM_early_attfp
2,283,0.06977193353081965,0.3345616921645592,LogD,fus_GRM_early_attfp
3,284,0.08414971973961338,0.4112968308793407,LogD,fus_GRM_early_attfp
4,284,0.09992001253488389,0.4646923985951382,LogD,fus_GRM_early_attfp
5,283,0.11899069037776892,0.5305786579320793,LogD,fus_GRM_early_attfp
6,284,0.14746568771328214,0.5495263631809765,LogD,fus_GRM_early_attfp
7,284,0.20113350312551373,0.7825047652077087,LogD,fus_GRM_early_attfp
0,284,0.033469129086546215,0.383437314499032,LogD,fus_GRM_early_lgbm
1,284,0.051509778114031395,0.34590583421245613,LogD,fus_GRM_early_lgbm
2,283,0.0637548876074099,0.39020950621377,LogD,fus_GRM_early_lgbm
3,284,0.0744387531570448,0.3847388554306849,LogD,fus_GRM_early_lgbm
4,284,0.0863386451768605,0.4083842586607393,LogD,fus_GRM_early_lgbm
5,283,0.10275606851976464,0.42993980775696133,LogD,fus_GRM_early_lgbm
6,284,0.12453342470336581,0.45374925439628677,LogD,fus_GRM_early_lgbm
7,284,0.20216421755883449,0.709291203390893,LogD,fus_GRM_early_lgbm
0,287,0.032992569931792816,0.35626592311032734,LogD,fus_GRM_early_rf
1,281,0.05002858888772984,0.40999237022732915,LogD,fus_GRM_early_rf
2,283,0.06182867834198544,0.4346516393847155,LogD,fus_GRM_early_rf
3,284,0.07330655003598112,0.3668191129415414,LogD,fus_GRM_early_rf
4,284,0.08525375695217575,0.3658926494905371,LogD,fus_GRM_early_rf
5,283,0.09899848369728403,0.42888756918295246,LogD,fus_GRM_early_rf
6,284,0.12150680706565038,0.44759236863531204,LogD,fus_GRM_early_rf
7,284,0.19725877198776395,0.7288134554969335,LogD,fus_GRM_early_rf
0,284,0.023255412512829237,0.37904834638913754,LogD,fus_GRM_late_attfp
1,284,0.03586285608348424,0.3918288795377167,LogD,fus_GRM_late_attfp
2,283,0.04420048268306668,0.42663477007260164,LogD,fus_GRM_late_attfp
3,284,0.05302237856881176,0.4536548721318094,LogD,fus_GRM_late_attfp
4,284,0.06138162701620775,0.4128963660102495,LogD,fus_GRM_late_attfp
5,283,0.07113536425428608,0.5111069247674184,LogD,fus_GRM_late_attfp
6,284,0.08672400076294914,0.5235322716947594,LogD,fus_GRM_late_attfp
7,284,0.1339916916207057,0.6532508640379553,LogD,fus_GRM_late_attfp
0,284,0.037645469113710375,0.4939375475054185,LogD,fus_GRM_late_lgbm
1,284,0.05567684192836468,0.4668678755442542,LogD,fus_GRM_late_lgbm
2,283,0.06886310162173095,0.5453140569742456,LogD,fus_GRM_late_lgbm
3,284,0.07987513386749075,0.5064017381876541,LogD,fus_GRM_late_lgbm
4,284,0.09198200227276798,0.5235702724519287,LogD,fus_GRM_late_lgbm
5,284,0.10665271572473364,0.5397623100249689,LogD,fus_GRM_late_lgbm
6,283,0.12618897356152695,0.5971801774397365,LogD,fus_GRM_late_lgbm
7,284,0.18823329158075847,0.7491971662763615,LogD,fus_GRM_late_lgbm
0,284,0.03539592939076238,0.5107415537608969,LogD,fus_GRM_late_rf
1,285,0.05223429843700151,0.49620818873581574,LogD,fus_GRM_late_rf
2,283,0.06397906250181781,0.5353753841693775,LogD,fus_GRM_late_rf
3,283,0.07406658338440605,0.5098445667971924,LogD,fus_GRM_late_rf
4,285,0.08499089667930851,0.4936137442350183,LogD,fus_GRM_late_rf
5,282,0.09767066039465785,0.5593869874484446,LogD,fus_GRM_late_rf
6,284,0.11603573842716249,0.5454896672191609,LogD,fus_GRM_late_rf
7,284,0.17434447654599963,0.7166695155969919,LogD,fus_GRM_late_rf
0,284,0.050726165257211776,0.39256923800203164,LogD,fus_GRS_early_attfp
1,284,0.07622248725437246,0.45386712928814155,LogD,fus_GRS_early_attfp
2,283,0.09688815011093434,0.3964520916315092,LogD,fus_GRS_early_attfp
3,284,0.11481031973131445,0.43644610693691377,LogD,fus_GRS_early_attfp
4,284,0.13511186207416984,0.4891530540700949,LogD,fus_GRS_early_attfp
5,283,0.15962918166856685,0.5409979692146235,LogD,fus_GRS_early_attfp
6,284,0.20062005321641144,0.5818223436294832,LogD,fus_GRS_early_attfp
7,284,0.30792790356982913,0.6601140307690162,LogD,fus_GRS_early_attfp
0,284,0.040287315945935945,0.36490837283253436,LogD,fus_GRS_early_lgbm
1,284,0.060214002327419455,0.36662283471244533,LogD,fus_GRS_early_lgbm
2,283,0.07341380195499915,0.4028428027400596,LogD,fus_GRS_early_lgbm
3,284,0.0853621026167001,0.3889175983076708,LogD,fus_GRS_early_lgbm
4,284,0.09896525499246404,0.4133282997211846,LogD,fus_GRS_early_lgbm
5,283,0.11454492238825913,0.46493506622617636,LogD,fus_GRS_early_lgbm
6,284,0.13584895279054246,0.4789759933736022,LogD,fus_GRS_early_lgbm
7,284,0.1883373937308283,0.5929041723887006,LogD,fus_GRS_early_lgbm
0,284,0.03283533073708411,0.3769468075117371,LogD,fus_GRS_early_rf
1,284,0.04888852865506866,0.41188974178403753,LogD,fus_GRS_early_rf
2,283,0.06056881634286747,0.37912276796230854,LogD,fus_GRS_early_rf
3,284,0.07168969834891441,0.38512284037558686,LogD,fus_GRS_early_rf
4,284,0.08314552223119283,0.39105107981220655,LogD,fus_GRS_early_rf
5,283,0.09781254546814126,0.3845767608951708,LogD,fus_GRS_early_rf
6,284,0.11961171425705838,0.4481646009389671,LogD,fus_GRS_early_rf
7,284,0.18217210073503023,0.7231995774647888,LogD,fus_GRS_early_rf
0,284,0.02359609917148442,0.34377672391668174,LogD,fus_GRS_late_attfp
1,284,0.03485627919146325,0.3693400430847221,LogD,fus_GRS_late_attfp
2,283,0.0428840433189441,0.3620729499707795,LogD,fus_GRS_late_attfp
3,284,0.05004201437719865,0.40802639403078755,LogD,fus_GRS_late_attfp
4,284,0.05780309185248826,0.5143935043532665,LogD,fus_GRS_late_attfp
5,283,0.06755020133093786,0.5315149229733346,LogD,fus_GRS_late_attfp
6,284,0.08066971687366217,0.5072304557148419,LogD,fus_GRS_late_attfp
7,284,0.11176620323841016,0.5740006623406645,LogD,fus_GRS_late_attfp
0,284,0.036993461327406815,0.47589095033004697,LogD,fus_GRS_late_lgbm
1,284,0.05410101408091083,0.47959629409422977,LogD,fus_GRS_late_lgbm
2,283,0.06703648672036731,0.514467391910683,LogD,fus_GRS_late_lgbm
3,284,0.07926753418953203,0.5610459890184717,LogD,fus_GRS_late_lgbm
4,284,0.09114642922605219,0.514613148678294,LogD,fus_GRS_late_lgbm
5,283,0.10450607988957969,0.5325969134617679,LogD,fus_GRS_late_lgbm
6,284,0.12318003473087362,0.5628910871161742,LogD,fus_GRS_late_lgbm
7,284,0.179080265419124,0.6561695617677893,LogD,fus_GRS_late_lgbm
0,284,0.0357618434365442,0.46396277961272836,LogD,fus_GRS_late_rf
1,284,0.051685834269171546,0.5138776082346524,LogD,fus_GRS_late_rf
2,283,0.06311419779777297,0.49003711890593976,LogD,fus_GRS_late_rf
3,284,0.07393296658418855,0.5144251238265914,LogD,fus_GRS_late_rf
4,284,0.0852745872191686,0.5731672676560148,LogD,fus_GRS_late_rf
5,283,0.09816077930980575,0.5079920385035673,LogD,fus_GRS_late_rf
6,284,0.1140749638791533,0.5404870106607746,LogD,fus_GRS_late_rf
7,284,0.16226882282904503,0.6129032444541663,LogD,fus_GRS_late_rf
0,284,0.03690019470408719,0.3370482302184256,LogD,fus_GR_early_attfp
1,284,0.055270633687342065,0.36973615492208745,LogD,fus_GR_early_attfp
2,283,0.06791885654588536,0.4224993086314033,LogD,fus_GR_early_attfp
3,284,0.08094053984667342,0.4491403997699979,LogD,fus_GR_early_attfp
4,284,0.09685899573230262,0.40831068640023893,LogD,fus_GR_early_attfp
5,283,0.114080467835204,0.4473543569013845,LogD,fus_GR_early_attfp
6,284,0.13988247876456666,0.5804033962437805,LogD,fus_GR_early_attfp
7,284,0.21025581492451995,0.9007878000131794,LogD,fus_GR_early_attfp
0,284,0.03505325088216365,0.361842053889962,LogD,fus_GR_early_lgbm
1,284,0.05118473952119528,0.3751503124385547,LogD,fus_GR_early_lgbm
2,283,0.06412610092295973,0.41439428279567936,LogD,fus_GR_early_lgbm
3,284,0.07540315261549041,0.39007603301159244,LogD,fus_GR_early_lgbm
4,284,0.08792995277720983,0.3506339913255227,LogD,fus_GR_early_lgbm
5,283,0.102916094898522,0.4509016807880597,LogD,fus_GR_early_lgbm
6,284,0.12519834560140644,0.43314484192537306,LogD,fus_GR_early_lgbm
7,284,0.19414954972282517,0.713160274826053,LogD,fus_GR_early_lgbm
0,284,0.033674347772756186,0.3611103539501493,LogD,fus_GR_early_rf
1,284,0.05106918831363245,0.4253203894254311,LogD,fus_GR_early_rf
2,283,0.06322007679831369,0.3957636734565941,LogD,fus_GR_early_rf
3,285,0.07464065150978316,0.39463864946352,LogD,fus_GR_early_rf
4,283,0.0862580278647654,0.3638848604995091,LogD,fus_GR_early_rf
5,283,0.10069472900931715,0.41472401076336524,LogD,fus_GR_early_rf
6,284,0.12215432920212926,0.46860586337003146,LogD,fus_GR_early_rf
7,284,0.19688832740424567,0.7144418402528309,LogD,fus_GR_early_rf
0,284,0.026659264436698266,0.4263916556710299,LogD,fus_GR_late_attfp
1,284,0.04057705293921589,0.4076173098828696,LogD,fus_GR_late_attfp
2,283,0.04990916548477239,0.4784220870386796,LogD,fus_GR_late_attfp
3,284,0.05810031636943942,0.40542847950746047,LogD,fus_GR_late_attfp
4,284,0.0670317935853937,0.4037601184740033,LogD,fus_GR_late_attfp
5,283,0.07770046604822965,0.41823534691554914,LogD,fus_GR_late_attfp
6,284,0.09073034044796234,0.484605923038973,LogD,fus_GR_late_attfp
7,284,0.136362581128558,0.6568287894389474,LogD,fus_GR_late_attfp
0,284,0.03674832749040793,0.467975840484836,LogD,fus_GR_late_lgbm
1,284,0.05507380580676462,0.49960682004271884,LogD,fus_GR_late_lgbm
2,283,0.06718897678978393,0.5252069987423139,LogD,fus_GR_late_lgbm
3,284,0.07807832354953811,0.5252121399053366,LogD,fus_GR_late_lgbm
4,284,0.0895803686883679,0.5395352874509775,LogD,fus_GR_late_lgbm
5,283,0.10383497678438179,0.5502962527911446,LogD,fus_GR_late_lgbm
6,284,0.1241921496633352,0.5973458234863261,LogD,fus_GR_late_lgbm
7,284,0.1882059707355152,0.7352270776492381,LogD,fus_GR_late_lgbm
0,284,0.03538276714449413,0.5141047825177434,LogD,fus_GR_late_rf
1,284,0.052219955136880554,0.49308031240853395,LogD,fus_GR_late_rf
2,284,0.06403271519856892,0.5425249519377954,LogD,fus_GR_late_rf
3,283,0.07400086610507522,0.5015173488146346,LogD,fus_GR_late_rf
4,284,0.08477843528959876,0.49168496344675655,LogD,fus_GR_late_rf
5,283,0.09760816385727078,0.5607654148912825,LogD,fus_GR_late_rf
6,284,0.11594349256689192,0.5543779267986204,LogD,fus_GR_late_rf
7,284,0.17452090645350876,0.7083810057187744,LogD,fus_GR_late_rf
0,284,0.03125961161466718,0.5694084947286326,LogD,lgbm
1,284,0.04756482690761704,0.5376439041959211,LogD,lgbm
2,283,0.05669794090137464,0.49945888746807354,LogD,lgbm
3,284,0.06656829325225316,0.5234529520276056,LogD,lgbm
4,285,0.07633457973315572,0.44605809148196096,LogD,lgbm
5,282,0.08740710741700541,0.4982843656625941,LogD,lgbm
6,286,0.10411923868629444,0.5558937679079666,LogD,lgbm
7,282,0.1539855084846436,0.5547023061211112,LogD,lgbm
0,284,0.03808570405711324,0.37381477913281447,LogD,uni_G_attfp
1,284,0.05616461479531971,0.4162029416465633,LogD,uni_G_attfp
2,283,0.06865170581086669,0.3970441969344557,LogD,uni_G_attfp
3,284,0.08065452866506703,0.367443552519339,LogD,uni_G_attfp
4,284,0.09335940322414676,0.3747833665995531,LogD,uni_G_attfp
5,283,0.10812885610015241,0.40272362708097637,LogD,uni_G_attfp
6,284,0.12983136448955376,0.44479295403237495,LogD,uni_G_attfp
7,284,0.20364093820550735,0.7622867436838191,LogD,uni_G_attfp
0,284,0.03591924181024374,0.4309909280562342,LogD,uni_G_lgbm
1,284,0.054168443079416775,0.37902569973876343,LogD,uni_G_lgbm
2,283,0.06666871536753687,0.3788559512153361,LogD,uni_G_lgbm
3,284,0.07902254737632167,0.40768581523061603,LogD,uni_G_lgbm
4,284,0.09135780090264166,0.38954485795131605,LogD,uni_G_lgbm
5,283,0.10523722439638161,0.3732469734875866,LogD,uni_G_lgbm
6,284,0.12794098274927185,0.4748931778206869,LogD,uni_G_lgbm
7,284,0.1926731006749347,0.7202617135825599,LogD,uni_G_lgbm
0,284,0.033539600269216256,0.3634739544790108,LogD,uni_G_rf
1,284,0.05105901306574335,0.4126038963307819,LogD,uni_G_rf
2,283,0.0635073172025113,0.4180486444362469,LogD,uni_G_rf
3,284,0.07536217868090812,0.3584456126974552,LogD,uni_G_rf
4,284,0.08719947223637158,0.41028909607715996,LogD,uni_G_rf
5,283,0.1014864475193259,0.39024999104723307,LogD,uni_G_rf
6,284,0.12323739245669817,0.45585247985328436,LogD,uni_G_rf
7,284,0.19501633317522163,0.7285752382064334,LogD,uni_G_rf
0,284,0.0445249531453025,0.5019954513988814,LogD,uni_M_lgbm
1,284,0.06393990814301523,0.5528359295372243,LogD,uni_M_lgbm
2,283,0.07810184940103744,0.6057754661338358,LogD,uni_M_lgbm
3,284,0.0908976932457649,0.5563461243008798,LogD,uni_M_lgbm
4,284,0.10328705964284002,0.5959522470749885,LogD,uni_M_lgbm
5,283,0.11733665040511115,0.701732922308936,LogD,uni_M_lgbm
6,284,0.13791118777181674,0.6357610590705892,LogD,uni_M_lgbm
7,284,0.18616311318148518,0.7742935961065414,LogD,uni_M_lgbm
0,284,0.020373007081576036,0.6300917689884278,LogD,uni_M_rf
1,284,0.03144898375453703,0.6613800356594113,LogD,uni_M_rf
2,283,0.03780187664352703,0.6045420671442334,LogD,uni_M_rf
3,284,0.04356719580856388,0.6458232726797732,LogD,uni_M_rf
4,285,0.04940945626649971,0.622237673331856,LogD,uni_M_rf
5,282,0.05724458633342645,0.6670489732038771,LogD,uni_M_rf
6,284,0.06975347235353437,0.71651422130927,LogD,uni_M_rf
7,284,0.10557292458884243,0.8127560929632709,LogD,uni_M_rf
0,284,0.034345474544625616,0.5148051789683139,LogD,uni_R_lgbm
1,285,0.0508781333110632,0.5116568975324418,LogD,uni_R_lgbm
2,282,0.06170542881752222,0.521371787950664,LogD,uni_R_lgbm
3,284,0.07217367453201447,0.4725713970558581,LogD,uni_R_lgbm
4,284,0.08260354736945993,0.5223556782507054,LogD,uni_R_lgbm
5,283,0.09522928286292774,0.5355133529733064,LogD,uni_R_lgbm
6,284,0.11285144264133051,0.5622308226200786,LogD,uni_R_lgbm
7,284,0.16939533212976604,0.7121084777887603,LogD,uni_R_lgbm
0,284,0.01712839754354505,0.5532949330985916,LogD,uni_R_rf
1,284,0.02607249716656209,0.507237026995305,LogD,uni_R_rf
2,284,0.032616108271797964,0.6146595399061033,LogD,uni_R_rf
3,283,0.03858148929534401,0.5739700965842167,LogD,uni_R_rf
4,284,0.04441206068400533,0.5496432030516433,LogD,uni_R_rf
5,283,0.0519115974293773,0.6451911884570082,LogD,uni_R_rf
6,284,0.0633065278337302,0.6378271279342722,LogD,uni_R_rf
7,284,0.09398616544297249,0.6245564237089202,LogD,uni_R_rf
0,284,0.05377937386214211,0.396461874658732,LogD,uni_S_lgbm
1,284,0.08070727754417402,0.4742557588144169,LogD,uni_S_lgbm
2,283,0.09912930962540335,0.47494030468642395,LogD,uni_S_lgbm
3,284,0.11778269972365647,0.4485669328479676,LogD,uni_S_lgbm
4,284,0.13707861706205282,0.4648590428386507,LogD,uni_S_lgbm
5,283,0.15967916537472818,0.5586613477292868,LogD,uni_S_lgbm
6,284,0.19175052983349322,0.5697599261810469,LogD,uni_S_lgbm
7,284,0.26477991568006215,0.6404144636459342,LogD,uni_S_lgbm
0,284,0.04732304610264243,0.40409417840375583,LogD,uni_S_rf
1,284,0.07231837759602185,0.41743555164319246,LogD,uni_S_rf
2,283,0.08945443619522651,0.46485498233215544,LogD,uni_S_rf
3,284,0.10619949975595774,0.44921847417840377,LogD,uni_S_rf
4,284,0.12532363121577308,0.4774686267605634,LogD,uni_S_rf
5,283,0.14742518006712807,0.5029664369846879,LogD,uni_S_rf
6,284,0.177059439617205,0.5633177406103286,LogD,uni_S_rf
7,284,0.2403689146041145,0.6488426819248826,LogD,uni_S_rf
0,272,0.013274272829185932,0.13520186990001248,LogS,chemeleon
1,271,0.021092659892699334,0.19609231542865235,LogS,chemeleon
2,271,0.028019394632648815,0.22884501976412147,LogS,chemeleon
3,271,0.03506012063252685,0.3166491104033432,LogS,chemeleon
4,271,0.04465877646591404,0.3615583516044813,LogS,chemeleon
5,271,0.05968930688536619,0.4816181667024294,LogS,chemeleon
6,271,0.08059152509297642,0.48433676817324184,LogS,chemeleon
7,272,0.1260142756018227,0.5528166615823389,LogS,chemeleon
0,272,0.015629565501718335,0.2109393830996965,LogS,chemprop
1,271,0.023171059989984796,0.2605035039604777,LogS,chemprop
2,271,0.02898330906625643,0.3102414908650394,LogS,chemprop
3,271,0.034910524781112735,0.33845719608193264,LogS,chemprop
4,271,0.04215364890280994,0.4154868586108227,LogS,chemprop
5,271,0.05135234564272809,0.49790181334108047,LogS,chemprop
6,271,0.06577744969438756,0.5243839261654094,LogS,chemprop
7,272,0.09975882535075557,0.596423743758844,LogS,chemprop
0,272,0.016119314171813205,0.17569526677557423,LogS,chemprop_st
1,271,0.02559597407756891,0.2400150275855215,LogS,chemprop_st
2,271,0.03257618031966495,0.2979323407295389,LogS,chemprop_st
3,271,0.03983703861118234,0.3427275772954297,LogS,chemprop_st
4,271,0.04929387510741798,0.40348531785867175,LogS,chemprop_st
5,271,0.060583176227001226,0.4962383005382489,LogS,chemprop_st
6,271,0.07711039473238286,0.5384666497584853,LogS,chemprop_st
7,272,0.12166404446315932,0.5642597834909557,LogS,chemprop_st
0,272,0.03851847362625631,0.2796159637348554,LogS,fus_GRMS_early_attfp
1,271,0.06058561451608278,0.32687788516358796,LogS,fus_GRMS_early_attfp
2,271,0.07617076556213016,0.37392212287006776,LogS,fus_GRMS_early_attfp
3,271,0.09120719282608607,0.4312335862200965,LogS,fus_GRMS_early_attfp
4,271,0.10951616468036775,0.49917195240932927,LogS,fus_GRMS_early_attfp
5,271,0.13676070049405298,0.5616386352358894,LogS,fus_GRMS_early_attfp
6,271,0.1732114004187498,0.6191788316647602,LogS,fus_GRMS_early_attfp
7,272,0.2994305555049801,0.6849317794911981,LogS,fus_GRMS_early_attfp
0,272,0.014443436918553092,0.11853529550123497,LogS,fus_GRMS_early_lgbm
1,271,0.03560832613067405,0.2453428168321239,LogS,fus_GRMS_early_lgbm
2,271,0.05768322042706094,0.3876033939300721,LogS,fus_GRMS_early_lgbm
3,271,0.0781201742411068,0.45732637505848106,LogS,fus_GRMS_early_lgbm
4,271,0.09774132563202187,0.4805004757852188,LogS,fus_GRMS_early_lgbm
5,271,0.1172581060897892,0.5178589436271284,LogS,fus_GRMS_early_lgbm
6,271,0.14172401524633144,0.6079294189863351,LogS,fus_GRMS_early_lgbm
7,272,0.19253776392649477,0.7239077989897308,LogS,fus_GRMS_early_lgbm
0,272,0.013499226766578871,0.10900394737887258,LogS,fus_GRMS_early_rf
1,271,0.03266995708550195,0.27080983328706026,LogS,fus_GRMS_early_rf
2,271,0.053357341659042844,0.4056247040694586,LogS,fus_GRMS_early_rf
3,271,0.07181188993744753,0.450343682398099,LogS,fus_GRMS_early_rf
4,271,0.08854654525137308,0.502904424160814,LogS,fus_GRMS_early_rf
5,271,0.10655108184893336,0.5416324284484871,LogS,fus_GRMS_early_rf
6,271,0.13071489948423887,0.6193242781968661,LogS,fus_GRMS_early_rf
7,272,0.17841961330056,0.7137216848768304,LogS,fus_GRMS_early_rf
0,272,0.01485709146132114,0.27491976164903476,LogS,fus_GRMS_late_attfp
1,271,0.023465841495623453,0.3486518048336106,LogS,fus_GRMS_late_attfp
2,271,0.030266447802904484,0.4338501039788678,LogS,fus_GRMS_late_attfp
3,271,0.03713531040151136,0.458783494004225,LogS,fus_GRMS_late_attfp
4,271,0.04444548992612201,0.46910030195242847,LogS,fus_GRMS_late_attfp
5,271,0.05196239174612228,0.5327535166068904,LogS,fus_GRMS_late_attfp
6,271,0.06276776390161687,0.5860047383332505,LogS,fus_GRMS_late_attfp
7,272,0.0936880687123689,0.6546070609905221,LogS,fus_GRMS_late_attfp
0,272,0.019332639071906244,0.17553757615230736,LogS,fus_GRMS_late_lgbm
1,271,0.040425618003047385,0.4045938405732331,LogS,fus_GRMS_late_lgbm
2,271,0.055470634711481615,0.4836419889754284,LogS,fus_GRMS_late_lgbm
3,271,0.06679785240212774,0.48998913518523307,LogS,fus_GRMS_late_lgbm
4,271,0.07797019479596662,0.5808539777873124,LogS,fus_GRMS_late_lgbm
5,271,0.0922037306680277,0.6140972047415141,LogS,fus_GRMS_late_lgbm
6,271,0.1096246789803594,0.6670037855915979,LogS,fus_GRMS_late_lgbm
7,272,0.1451244270754295,0.6749325226437556,LogS,fus_GRMS_late_lgbm
0,272,0.017627084154772772,0.17671046100782126,LogS,fus_GRMS_late_rf
1,271,0.038542525514912065,0.40253125872189416,LogS,fus_GRMS_late_rf
2,271,0.05081181392603314,0.4872504806984804,LogS,fus_GRMS_late_rf
3,271,0.0623128027249476,0.5319545544734061,LogS,fus_GRMS_late_rf
4,271,0.07277592560450497,0.519792952692615,LogS,fus_GRMS_late_rf
5,271,0.0836969881988344,0.6050325056466196,LogS,fus_GRMS_late_rf
6,271,0.09903845290992985,0.617228827364929,LogS,fus_GRMS_late_rf
7,272,0.13007582553718885,0.6630897836590113,LogS,fus_GRMS_late_rf
0,272,0.027642528137792742,0.3027432268022365,LogS,fus_GRM_early_attfp
1,271,0.04099450433012591,0.3930050817644736,LogS,fus_GRM_early_attfp
2,271,0.05019300006405221,0.4123546055411595,LogS,fus_GRM_early_attfp
3,271,0.05901507889444438,0.4354304616892904,LogS,fus_GRM_early_attfp
4,271,0.06928516903263979,0.482367800685646,LogS,fus_GRM_early_attfp
5,271,0.08429225555630039,0.5378091208020039,LogS,fus_GRM_early_attfp
6,271,0.11031792680307954,0.6540369846977496,LogS,fus_GRM_early_attfp
7,272,0.1599773331324314,0.7782896965941566,LogS,fus_GRM_early_attfp
0,272,0.010046495943051893,0.13009559578643018,LogS,fus_GRM_early_lgbm
1,272,0.02388458508442363,0.2809430403496264,LogS,fus_GRM_early_lgbm
2,271,0.03735143758241413,0.38539632274839286,LogS,fus_GRM_early_lgbm
3,270,0.05012395247226381,0.45828777070731613,LogS,fus_GRM_early_lgbm
4,271,0.06362950469401842,0.509050541781247,LogS,fus_GRM_early_lgbm
5,271,0.07969950330174388,0.540458027280949,LogS,fus_GRM_early_lgbm
6,271,0.10028284200841034,0.5657472278153785,LogS,fus_GRM_early_lgbm
7,272,0.14956837396411463,0.7110854481306177,LogS,fus_GRM_early_lgbm
0,272,0.010342660445845187,0.11452303771800487,LogS,fus_GRM_early_rf
1,271,0.023700398702118528,0.27764936001665985,LogS,fus_GRM_early_rf
2,271,0.037086669435851906,0.3665035871734992,LogS,fus_GRM_early_rf
3,272,0.05048273559886644,0.46010860981607027,LogS,fus_GRM_early_rf
4,270,0.06409145027151507,0.48601837991468116,LogS,fus_GRM_early_rf
5,271,0.07994550969102546,0.55494150214767,LogS,fus_GRM_early_rf
6,271,0.10057285942336064,0.5820947655986628,LogS,fus_GRM_early_rf
7,272,0.14757833733024595,0.6892960525620251,LogS,fus_GRM_early_rf
0,272,0.016123215716815662,0.3096586321212453,LogS,fus_GRM_late_attfp
1,271,0.02369481810130193,0.3705948901531433,LogS,fus_GRM_late_attfp
2,271,0.029736866779199053,0.4273777523923954,LogS,fus_GRM_late_attfp
3,271,0.03556567295290833,0.473561213890973,LogS,fus_GRM_late_attfp
4,271,0.04153070018044435,0.4902024403637828,LogS,fus_GRM_late_attfp
5,271,0.0480439015772989,0.5531597466242587,LogS,fus_GRM_late_attfp
6,271,0.05627238900463993,0.5663387125040356,LogS,fus_GRM_late_attfp
7,272,0.07584378888777812,0.6435086628426504,LogS,fus_GRM_late_attfp
0,272,0.019190114883007415,0.16367284823095224,LogS,fus_GRM_late_lgbm
1,271,0.04026742350497897,0.415514331552709,LogS,fus_GRM_late_lgbm
2,271,0.05436375366711656,0.469199064682381,LogS,fus_GRM_late_lgbm
3,271,0.06634144626069695,0.5110815508093373,LogS,fus_GRM_late_lgbm
4,272,0.07790513360782943,0.594399263793799,LogS,fus_GRM_late_lgbm
5,270,0.08900278490759772,0.5766650659197637,LogS,fus_GRM_late_lgbm
6,272,0.1036498142500179,0.6597685998606223,LogS,fus_GRM_late_lgbm
7,271,0.13765283457352986,0.6412931725781164,LogS,fus_GRM_late_lgbm
0,272,0.018141627993757126,0.1779286453710899,LogS,fus_GRM_late_rf
1,271,0.03754363205183433,0.4014203837453124,LogS,fus_GRM_late_rf
2,271,0.04882867608284475,0.5160130580555248,LogS,fus_GRM_late_rf
3,271,0.05854210690316636,0.5382595702104124,LogS,fus_GRM_late_rf
4,272,0.06867628268348565,0.5535879580641925,LogS,fus_GRM_late_rf
5,270,0.0784330979030664,0.5680201573086646,LogS,fus_GRM_late_rf
6,271,0.09124962607038517,0.6083360662373355,LogS,fus_GRM_late_rf
7,272,0.11927411554974665,0.6502191228849028,LogS,fus_GRM_late_rf
0,272,0.033739722048639995,0.25090399687786336,LogS,fus_GRS_early_attfp
1,271,0.051316074419409136,0.27489846756049,LogS,fus_GRS_early_attfp
2,271,0.06815336306330927,0.39068661550572137,LogS,fus_GRS_early_attfp
3,271,0.08571953079500408,0.4883728835620048,LogS,fus_GRS_early_attfp
4,271,0.10673690635755849,0.5908032036508664,LogS,fus_GRS_early_attfp
5,271,0.13284318414216237,0.5823488257934994,LogS,fus_GRS_early_attfp
6,271,0.17115425599247422,0.6228616799711735,LogS,fus_GRS_early_attfp
7,272,0.31857987678133115,0.714071322903116,LogS,fus_GRS_early_attfp
0,272,0.014796776173164484,0.10433946868529907,LogS,fus_GRS_early_lgbm
1,271,0.03587867237230175,0.256236196407597,LogS,fus_GRS_early_lgbm
2,271,0.05711905271640302,0.41189003166920474,LogS,fus_GRS_early_lgbm
3,271,0.0767760631986124,0.408778404900697,LogS,fus_GRS_early_lgbm
4,271,0.09672969943577735,0.4761394416617064,LogS,fus_GRS_early_lgbm
5,271,0.11668525016845248,0.5348038230473549,LogS,fus_GRS_early_lgbm
6,271,0.14287828570781227,0.5981903004428295,LogS,fus_GRS_early_lgbm
7,272,0.19373203962385044,0.7416551491283575,LogS,fus_GRS_early_lgbm
0,272,0.013368828458893745,0.11296207445203228,LogS,fus_GRS_early_rf
1,271,0.03340702778608267,0.26257821000556,LogS,fus_GRS_early_rf
2,271,0.05317478955972397,0.3831158834399458,LogS,fus_GRS_early_rf
3,271,0.07235793040276267,0.4591448274742833,LogS,fus_GRS_early_rf
4,271,0.08980916877582773,0.49184485266703265,LogS,fus_GRS_early_rf
5,271,0.10802396238736454,0.5396518386911408,LogS,fus_GRS_early_rf
6,271,0.1322560559219264,0.6218678047912543,LogS,fus_GRS_early_rf
7,272,0.18136886225046334,0.7252914563464268,LogS,fus_GRS_early_rf
0,272,0.014562603412377025,0.23825304119372331,LogS,fus_GRS_late_attfp
1,271,0.024626026059072072,0.3320158498037022,LogS,fus_GRS_late_attfp
2,271,0.03263373311162303,0.40154466512245485,LogS,fus_GRS_late_attfp
3,271,0.04101067933730542,0.4826402495007853,LogS,fus_GRS_late_attfp
4,271,0.04960217425216967,0.48515366967690804,LogS,fus_GRS_late_attfp
5,271,0.058913326504035926,0.4981858661233214,LogS,fus_GRS_late_attfp
6,271,0.07224920323646962,0.5933790043636825,LogS,fus_GRS_late_attfp
7,272,0.10702509361571803,0.647737995028788,LogS,fus_GRS_late_attfp
0,272,0.019250084991128256,0.1552996745273314,LogS,fus_GRS_late_lgbm
1,271,0.04489370510373418,0.3593904033122908,LogS,fus_GRS_late_lgbm
2,271,0.062120722930264945,0.45424258880595164,LogS,fus_GRS_late_lgbm
3,271,0.07503814415010812,0.4978146818822441,LogS,fus_GRS_late_lgbm
4,271,0.08879103239273145,0.5791236577434301,LogS,fus_GRS_late_lgbm
5,271,0.10560855060157001,0.5683263710016686,LogS,fus_GRS_late_lgbm
6,271,0.12495887438145069,0.6797561638467566,LogS,fus_GRS_late_lgbm
7,272,0.16623780317614475,0.7014881607920713,LogS,fus_GRS_late_lgbm
0,272,0.01830040454960348,0.1717606644039196,LogS,fus_GRS_late_rf
1,271,0.04192738693663963,0.3827219864463722,LogS,fus_GRS_late_rf
2,271,0.05724883547414307,0.45862201457447727,LogS,fus_GRS_late_rf
3,271,0.07043776393767427,0.4742098773492761,LogS,fus_GRS_late_rf
4,271,0.08312045675610898,0.5369540240982028,LogS,fus_GRS_late_rf
5,271,0.09716587372190269,0.584739186364728,LogS,fus_GRS_late_rf
6,271,0.11574190946744942,0.6703026794751363,LogS,fus_GRS_late_rf
7,272,0.15589919527094984,0.6867187543674623,LogS,fus_GRS_late_rf
0,272,0.023463139603463218,0.3412625933303838,LogS,fus_GR_early_attfp
1,271,0.035087888915210086,0.36371372402893426,LogS,fus_GR_early_attfp
2,271,0.04405835239816764,0.3996850659447921,LogS,fus_GR_early_attfp
3,271,0.053346022926970056,0.42375750284431596,LogS,fus_GR_early_attfp
4,271,0.0635696816697242,0.4645436939363451,LogS,fus_GR_early_attfp
5,271,0.07630128310418852,0.5558766671171679,LogS,fus_GR_early_attfp
6,271,0.09406773222648994,0.7043910182491938,LogS,fus_GR_early_attfp
7,272,0.13794272281810643,0.7906702097596096,LogS,fus_GR_early_attfp
0,273,0.012563197205464121,0.0960810894001846,LogS,fus_GR_early_lgbm
1,270,0.028284406809508767,0.27805886982007216,LogS,fus_GR_early_lgbm
2,271,0.04230280826446821,0.3501545022379426,LogS,fus_GR_early_lgbm
3,272,0.057588998615291764,0.4489832457234207,LogS,fus_GR_early_lgbm
4,270,0.07287416020365846,0.5096476797860368,LogS,fus_GR_early_lgbm
5,272,0.08931927174394927,0.5624871125390092,LogS,fus_GR_early_lgbm
6,270,0.11099190903531417,0.6060053202824865,LogS,fus_GR_early_lgbm
7,272,0.16896722964613922,0.7294974325417406,LogS,fus_GR_early_lgbm
0,273,0.011120047416686332,0.11898819026448254,LogS,fus_GR_early_rf
1,270,0.024803817386552383,0.2782165145055773,LogS,fus_GR_early_rf
2,271,0.03909966405930232,0.3704589891464384,LogS,fus_GR_early_rf
3,271,0.05221402929808141,0.4619598773537073,LogS,fus_GR_early_rf
4,271,0.06588875196382793,0.49671798975564363,LogS,fus_GR_early_rf
5,271,0.08246592343234051,0.5400372570905774,LogS,fus_GR_early_rf
6,271,0.10353085483212496,0.558947212805982,LogS,fus_GR_early_rf
7,272,0.1510369595685452,0.7026560718682897,LogS,fus_GR_early_rf
0,272,0.01566189454725692,0.2710590273511998,LogS,fus_GR_late_attfp
1,271,0.02428781321385344,0.3648100082582158,LogS,fus_GR_late_attfp
2,271,0.03056456814032112,0.38650806705590124,LogS,fus_GR_late_attfp
3,271,0.0365831129869124,0.4690922084606794,LogS,fus_GR_late_attfp
4,271,0.04343475815637073,0.5337256207751447,LogS,fus_GR_late_attfp
5,271,0.05105823293288866,0.5524241218798398,LogS,fus_GR_late_attfp
6,271,0.06069346949292926,0.5491893962831225,LogS,fus_GR_late_attfp
7,272,0.08360508077611341,0.65210126632573,LogS,fus_GR_late_attfp
0,273,0.017238439483228635,0.14835502287936717,LogS,fus_GR_late_lgbm
1,270,0.041758406028454924,0.39738775893613737,LogS,fus_GR_late_lgbm
2,271,0.05736604379914123,0.4510229549093075,LogS,fus_GR_late_lgbm
3,271,0.06931424977713568,0.4866474475508949,LogS,fus_GR_late_lgbm
4,271,0.08323081342994702,0.5191086875489931,LogS,fus_GR_late_lgbm
5,271,0.09822532573533826,0.5987768627314174,LogS,fus_GR_late_lgbm
6,271,0.11801448994763834,0.6774485011148241,LogS,fus_GR_late_lgbm
7,272,0.15748363938979199,0.7014950139797395,LogS,fus_GR_late_lgbm
0,272,0.016104113039310818,0.15654526379538822,LogS,fus_GR_late_rf
1,271,0.0388220827078524,0.39663530853818113,LogS,fus_GR_late_rf
2,272,0.05386520588514531,0.453214334856182,LogS,fus_GR_late_rf
3,270,0.0656045465243667,0.4448207021351265,LogS,fus_GR_late_rf
4,271,0.07811491790423718,0.49946822323092027,LogS,fus_GR_late_rf
5,271,0.09151846488895965,0.6088135075596962,LogS,fus_GR_late_rf
6,271,0.10967328392237467,0.644750687892714,LogS,fus_GR_late_rf
7,272,0.14868394584462546,0.7215801464890127,LogS,fus_GR_late_rf
0,272,0.018130763510804514,0.28281765699832206,LogS,lgbm
1,271,0.02765112146005025,0.35838799457971793,LogS,lgbm
2,271,0.035582952469662955,0.3900238665160799,LogS,lgbm
3,271,0.04290097975212882,0.42020807852108255,LogS,lgbm
4,271,0.050576151121687445,0.46847145340888624,LogS,lgbm
5,272,0.05888567770588377,0.5112634664610223,LogS,lgbm
6,270,0.0698855039270817,0.5352267418217146,LogS,lgbm
7,272,0.09206196159467332,0.6071912296390074,LogS,lgbm
0,272,0.019106867297637907,0.21660376080254548,LogS,uni_G_attfp
1,271,0.030000590938071097,0.2536875169660135,LogS,uni_G_attfp
2,271,0.038899878220238604,0.36229429148445835,LogS,uni_G_attfp
3,271,0.04965046882262369,0.4255460623810809,LogS,uni_G_attfp
4,271,0.06265020750985326,0.49917182611171373,LogS,uni_G_attfp
5,271,0.07841377531149715,0.5370362675547176,LogS,uni_G_attfp
6,271,0.10079658332870663,0.5574301807956892,LogS,uni_G_attfp
7,272,0.16838162450250724,0.7163261234977125,LogS,uni_G_attfp
0,272,0.010089350061828917,0.1298799419774343,LogS,uni_G_lgbm
1,271,0.02423233125962012,0.2793980519749742,LogS,uni_G_lgbm
2,271,0.03725650451606391,0.38470437801438656,LogS,uni_G_lgbm
3,271,0.05030026663761434,0.45913360326382363,LogS,uni_G_lgbm
4,271,0.06378843825823435,0.511870807018919,LogS,uni_G_lgbm
5,271,0.08006478965649752,0.5354862048493287,LogS,uni_G_lgbm
6,271,0.10028122314011953,0.5649579621438287,LogS,uni_G_lgbm
7,272,0.14954380166073847,0.7086572512770436,LogS,uni_G_lgbm
0,272,0.01130613263799558,0.10348516137596586,LogS,uni_G_rf
1,271,0.025331169528011597,0.279758672340137,LogS,uni_G_rf
2,271,0.03885903457678164,0.3677598895358638,LogS,uni_G_rf
3,272,0.05233940228248026,0.4576743187936157,LogS,uni_G_rf
4,270,0.06622924303789585,0.5078280457613783,LogS,uni_G_rf
5,271,0.08260142082604979,0.5580959464863938,LogS,uni_G_rf
6,271,0.10347371372614478,0.5474003313153508,LogS,uni_G_rf
7,272,0.15373604407043806,0.7023547554050767,LogS,uni_G_rf
0,272,0.02187196638458143,0.36760064990204383,LogS,uni_M_lgbm
1,272,0.035103048795524595,0.4465094767690823,LogS,uni_M_lgbm
2,270,0.04316001668679629,0.4850317100071193,LogS,uni_M_lgbm
3,271,0.05098282073734876,0.5010807502017759,LogS,uni_M_lgbm
4,271,0.05992334485321041,0.5514043575546039,LogS,uni_M_lgbm
5,271,0.0700094593862222,0.5646537139404633,LogS,uni_M_lgbm
6,271,0.08201259243423861,0.6330362052013498,LogS,uni_M_lgbm
7,272,0.10613262661834039,0.631690230470028,LogS,uni_M_lgbm
0,272,0.013226935288902857,0.48523734673898095,LogS,uni_M_rf
1,271,0.019918026407801888,0.521349658147049,LogS,uni_M_rf
2,272,0.02446087068318812,0.5538285230075595,LogS,uni_M_rf
3,272,0.02840462985479575,0.5443604906927826,LogS,uni_M_rf
4,269,0.03248611293560692,0.5624099885694016,LogS,uni_M_rf
5,271,0.0377942031299464,0.6197292942189694,LogS,uni_M_rf
6,271,0.0452252158180845,0.6135426758766501,LogS,uni_M_rf
7,272,0.062625001634808,0.6193368199770046,LogS,uni_M_rf
0,273,0.01960579440301205,0.27128336168429174,LogS,uni_R_lgbm
1,270,0.03244211625329543,0.3427902265469796,LogS,uni_R_lgbm
2,271,0.04137234223631091,0.46022300256887516,LogS,uni_R_lgbm
3,271,0.050318211907363686,0.4466657921801994,LogS,uni_R_lgbm
4,271,0.06003644457165922,0.5158193241835414,LogS,uni_R_lgbm
5,271,0.07013439206610608,0.5497253835602613,LogS,uni_R_lgbm
6,271,0.08406338508448309,0.6477658021643654,LogS,uni_R_lgbm
7,272,0.11231459900034113,0.6808598107086391,LogS,uni_R_lgbm
0,272,0.010082423758658901,0.295842521154056,LogS,uni_R_rf
1,271,0.01682430685586315,0.48943138209669684,LogS,uni_R_rf
2,271,0.021849367627794197,0.5286920990761894,LogS,uni_R_rf
3,271,0.026116593664424512,0.54302840642994,LogS,uni_R_rf
4,272,0.03103327704066826,0.5523355312037355,LogS,uni_R_rf
5,270,0.037442503492846,0.5853684454600357,LogS,uni_R_rf
6,271,0.04656988532821106,0.6096072802565752,LogS,uni_R_rf
7,272,0.06900805265786776,0.587020459813389,LogS,uni_R_rf
0,272,0.017418751500107552,0.11348140772313053,LogS,uni_S_lgbm
1,271,0.039168861452949726,0.2744532863946996,LogS,uni_S_lgbm
2,271,0.06414811354569366,0.3905653082339373,LogS,uni_S_lgbm
3,271,0.09156068131690678,0.48204962092511183,LogS,uni_S_lgbm
4,271,0.11441670385778575,0.5718520149323719,LogS,uni_S_lgbm
5,271,0.1384525818232597,0.6413116164755811,LogS,uni_S_lgbm
6,271,0.17036982928814406,0.617907811004492,LogS,uni_S_lgbm
7,272,0.22998113054646488,0.6364101327934322,LogS,uni_S_lgbm
0,272,0.013547602725990945,0.1044061930544529,LogS,uni_S_rf
1,271,0.03879213461965796,0.28583330169132937,LogS,uni_S_rf
2,271,0.06404247365930031,0.4093705780865952,LogS,uni_S_rf
3,271,0.08734031144966754,0.4602947337732058,LogS,uni_S_rf
4,271,0.10899511069714826,0.5863225941966005,LogS,uni_S_rf
5,271,0.13251211901925286,0.6094601199858198,LogS,uni_S_rf
6,271,0.16319762935029147,0.6343224623911007,LogS,uni_S_rf
7,272,0.2182424423561553,0.6602067826270667,LogS,uni_S_rf
