endpoint,method,repeat,fold,n,r2,spearman,mae
LOG_Caco_AB,chemeleon,0,0,1616,0.23798653112873147,0.6042967537785855,0.2863897951091509
LOG_Caco_AB,chemeleon,0,1,1616,0.22349179301765343,0.5905620128058435,0.2948544732091562
LOG_Caco_AB,chemeleon,0,2,1616,-0.22979585855925477,0.4855456210857693,0.37198689834426135
LOG_Caco_AB,chemeleon,0,3,1616,0.2852970227150642,0.5980391216010066,0.2841448993016299
LOG_Caco_AB,chemeleon,0,4,1616,0.2759204878871755,0.5716712398049629,0.2856745997086175
LOG_Caco_AB,chemeleon,1,0,1616,0.2697823664288147,0.6031766896995252,0.28211825083265357
LOG_Caco_AB,chemeleon,1,1,1616,0.27346166719006104,0.5544128846655265,0.28877985577560766
LOG_Caco_AB,chemeleon,1,2,1616,0.024138748692318135,0.47247405597089953,0.3330977295636855
LOG_Caco_AB,chemeleon,1,3,1616,0.25670721828240695,0.5955604625288764,0.28483589824698996
LOG_Caco_AB,chemeleon,1,4,1616,0.16928732132950242,0.5719913873931696,0.3043820911447486
LOG_Caco_AB,chemeleon,2,0,1616,0.2452086787248201,0.6129279120246887,0.2885687059436367
LOG_Caco_AB,chemeleon,2,1,1616,0.2065213820326992,0.6053188276666917,0.29684905570018105
LOG_Caco_AB,chemeleon,2,2,1616,-0.345722712769174,0.42691202048774757,0.3904289612594311
LOG_Caco_AB,chemeleon,2,3,1616,0.2715758591005111,0.5760045294516664,0.284236015917411
LOG_Caco_AB,chemeleon,2,4,1616,0.20151176999606124,0.6028878161421038,0.2959500373402744
LOG_Caco_AB,chemeleon,3,0,1616,0.29517058081522873,0.6104108539877952,0.27961418690640283
LOG_Caco_AB,chemeleon,3,1,1616,-0.32965269223859184,0.45973828600944705,0.3885048567305821
LOG_Caco_AB,chemeleon,3,2,1616,0.18049501678221147,0.5123483028070187,0.30206820150466285
LOG_Caco_AB,chemeleon,3,3,1616,0.23222045270436198,0.5641495230581252,0.29475270172337065
LOG_Caco_AB,chemeleon,3,4,1616,0.24687525089370044,0.604720630694563,0.29224224664956777
LOG_Caco_AB,chemeleon,4,0,1616,0.23412761705833973,0.5774784320344464,0.2929172497560726
LOG_Caco_AB,chemeleon,4,1,1616,0.18637227762207031,0.5616678224021876,0.3008683214224758
LOG_Caco_AB,chemeleon,4,2,1616,0.2853444638032593,0.6112854699911358,0.278645495087268
LOG_Caco_AB,chemeleon,4,3,1616,-0.0237978179894327,0.5557231044459308,0.33866741220086255
LOG_Caco_AB,chemeleon,4,4,1616,0.3171527497528419,0.575922508100693,0.27814635596052706
LOG_Caco_AB,chemprop,0,0,1616,-0.3735164676956444,0.4484634516284382,0.39125019341768513
LOG_Caco_AB,chemprop,0,1,1616,-0.17928646198358789,0.47405551802629653,0.3626869380519183
LOG_Caco_AB,chemprop,0,2,1616,0.11391789974232447,0.4929723232509817,0.31741634726135187
LOG_Caco_AB,chemprop,0,3,1616,-0.0704940738731068,0.45406814300202875,0.34711091942417066
LOG_Caco_AB,chemprop,0,4,1616,-0.1330566547677141,0.46745044029907656,0.3521767420832789
LOG_Caco_AB,chemprop,1,0,1616,0.22689568101443824,0.591472620402497,0.29543050145866845
LOG_Caco_AB,chemprop,1,1,1616,0.04501000227767138,0.5326847768918899,0.3276524977821343
LOG_Caco_AB,chemprop,1,2,1616,-0.061053373095757646,0.40481348546859297,0.34464747688149144
LOG_Caco_AB,chemprop,1,3,1616,-0.010518791446833431,0.48416338523294417,0.3367228749479396
LOG_Caco_AB,chemprop,1,4,1616,-0.19847096657545138,0.5131719038711751,0.3689354591172599
LOG_Caco_AB,chemprop,2,0,1616,-0.24806038145589682,0.43445276728753685,0.38068165806226173
LOG_Caco_AB,chemprop,2,1,1616,0.09785719568724593,0.5747367380535371,0.3171290634875698
LOG_Caco_AB,chemprop,2,2,1616,0.11111864202697386,0.48046769712199194,0.3222690024712607
LOG_Caco_AB,chemprop,2,3,1616,0.1442374963791514,0.5995570648659704,0.3071670246025527
LOG_Caco_AB,chemprop,2,4,1616,0.043907834754993824,0.5437509102975263,0.3260989964325095
LOG_Caco_AB,chemprop,3,0,1616,0.1754545352948388,0.5717361366816551,0.3046795243209019
LOG_Caco_AB,chemprop,3,1,1616,-0.2907527419483007,0.41122828806210937,0.38045095293753606
LOG_Caco_AB,chemprop,3,2,1616,-0.10467672264746142,0.4524218472026724,0.35367235116950807
LOG_Caco_AB,chemprop,3,3,1616,-0.15054543868980752,0.5081901468279464,0.3552360415923764
LOG_Caco_AB,chemprop,3,4,1616,0.11163520807967242,0.5307498413857438,0.31626582283999727
LOG_Caco_AB,chemprop,4,0,1616,-0.023380838910687096,0.5776317649709957,0.3386061348723109
LOG_Caco_AB,chemprop,4,1,1616,-0.18056751600203014,0.45084491310138636,0.36649981565102274
LOG_Caco_AB,chemprop,4,2,1616,0.044911622332089673,0.47614501385997354,0.3255218173238937
LOG_Caco_AB,chemprop,4,3,1616,-0.42261928303291674,0.44358507484272813,0.397284124824979
LOG_Caco_AB,chemprop,4,4,1616,0.18829674518778527,0.5943890840197619,0.301443255517968
LOG_Caco_AB,chemprop_st,0,0,1616,-0.7414922891059452,0.2131464703615541,0.43417791169951275
LOG_Caco_AB,chemprop_st,0,1,1616,-0.1658936144841634,0.3412339349815443,0.3616942851037447
LOG_Caco_AB,chemprop_st,0,2,1616,-0.16853197341883508,0.3589319430065752,0.36170406451474774
LOG_Caco_AB,chemprop_st,0,3,1616,-0.01959825291718187,0.3793707006195221,0.3417710150202055
LOG_Caco_AB,chemprop_st,0,4,1616,-0.4951940827143717,0.277136409981285,0.3959653386302476
LOG_Caco_AB,chemprop_st,1,0,1616,-0.08250141511493081,0.3895024426525885,0.3528263474198554
LOG_Caco_AB,chemprop_st,1,1,1616,-0.11539525278292029,0.3731328452334336,0.34936895601327506
LOG_Caco_AB,chemprop_st,1,2,1616,-0.4677563524236088,0.2584466594327936,0.4016697619781606
LOG_Caco_AB,chemprop_st,1,3,1616,-0.12635405062235683,0.4326596089785235,0.35364841089725935
LOG_Caco_AB,chemprop_st,1,4,1616,-0.5847873902537017,0.18147254842291474,0.4138712703087011
LOG_Caco_AB,chemprop_st,2,0,1616,-0.3863292553599975,0.22773468395786262,0.39192142992259704
LOG_Caco_AB,chemprop_st,2,1,1616,0.05429821392319456,0.4829665343402097,0.32889054147635366
LOG_Caco_AB,chemprop_st,2,2,1616,-0.5665110123725756,0.16695217604099621,0.40579792164580014
LOG_Caco_AB,chemprop_st,2,3,1616,-0.17827590746325295,0.4427858881022223,0.35991138185667726
LOG_Caco_AB,chemprop_st,2,4,1616,-0.44604615926304314,0.3600213597246336,0.40083934205275856
LOG_Caco_AB,chemprop_st,3,0,1616,-0.16476954215569384,0.3773979547391504,0.3627997761997725
LOG_Caco_AB,chemprop_st,3,1,1616,-0.35590110869658975,0.35025846981211545,0.38775764005277524
LOG_Caco_AB,chemprop_st,3,2,1616,-0.11163098531176807,0.41127948021853966,0.35309656016000046
LOG_Caco_AB,chemprop_st,3,3,1616,-0.35156067337018504,0.2427375244090635,0.38085658518436666
LOG_Caco_AB,chemprop_st,3,4,1616,-0.2876940411164257,0.3158622426586481,0.3782090626349762
LOG_Caco_AB,chemprop_st,4,0,1616,-0.7223999344213028,0.16419351367687715,0.4345792870471448
LOG_Caco_AB,chemprop_st,4,1,1616,-0.5278165023097594,0.24638389425299762,0.40578816710930915
LOG_Caco_AB,chemprop_st,4,2,1616,0.17523182449495733,0.45713355374878173,0.3124342068336349
LOG_Caco_AB,chemprop_st,4,3,1616,-0.8186658801224715,0.297461252419971,0.447783373181928
LOG_Caco_AB,chemprop_st,4,4,1616,-0.009644866904564786,0.4382404309523311,0.33708032657380554
LOG_Caco_AB,lgbm,0,0,1616,0.12476763281285974,0.4642527802331551,0.3219364880058937
LOG_Caco_AB,lgbm,0,1,1616,0.06395544357141802,0.5000106334018103,0.3245096277482941
LOG_Caco_AB,lgbm,0,2,1616,-0.21910082906046902,0.43074800217231946,0.3738711376722527
LOG_Caco_AB,lgbm,0,3,1616,0.07254572320774966,0.5123980821261774,0.32385821214371846
LOG_Caco_AB,lgbm,0,4,1616,-0.0009013003827471611,0.4922582658918985,0.33887861627122345
LOG_Caco_AB,lgbm,1,0,1616,0.16117849338853285,0.5158979657132156,0.29992327549506576
LOG_Caco_AB,lgbm,1,1,1616,-0.0705359313237508,0.4443136527239418,0.350580571892015
LOG_Caco_AB,lgbm,1,2,1616,-0.06182361070874576,0.3469707748150556,0.35189534765119596
LOG_Caco_AB,lgbm,1,3,1616,-0.2565743318488809,0.45961611456472706,0.37832645141607457
LOG_Caco_AB,lgbm,1,4,1616,-0.03767906822459488,0.4599323445483051,0.34440746440263764
LOG_Caco_AB,lgbm,2,0,1616,0.021525948508627324,0.49138417094716136,0.3331642190865922
LOG_Caco_AB,lgbm,2,1,1616,-0.054384018473211615,0.4744624570982519,0.34719123830584786
LOG_Caco_AB,lgbm,2,2,1616,-0.06816505128277628,0.46472244667507023,0.3490816479139069
LOG_Caco_AB,lgbm,2,3,1616,0.16054775872531968,0.4944457048036108,0.30978340464534204
LOG_Caco_AB,lgbm,2,4,1616,-0.05902214122553118,0.44620575176404365,0.3479331219519332
LOG_Caco_AB,lgbm,3,0,1616,0.05712225898403722,0.5059553491859727,0.3269032197247796
LOG_Caco_AB,lgbm,3,1,1616,-0.2939594220041071,0.4166723577076889,0.38569884659345816
LOG_Caco_AB,lgbm,3,2,1616,-0.025090266661323746,0.4553271310830217,0.34248064474411055
LOG_Caco_AB,lgbm,3,3,1616,0.03417767341438693,0.41148502679603177,0.33401169055793173
LOG_Caco_AB,lgbm,3,4,1616,0.028045546789870257,0.47357744060528867,0.3307534784736774
LOG_Caco_AB,lgbm,4,0,1616,0.10668917479349338,0.5213329188139867,0.32129219662337927
LOG_Caco_AB,lgbm,4,1,1616,0.14417511622518908,0.4725173431923928,0.3132878048177287
LOG_Caco_AB,lgbm,4,2,1616,0.006662534990528712,0.5135515806325817,0.3367621650728919
LOG_Caco_AB,lgbm,4,3,1616,-0.25257834989281314,0.4165844679429147,0.3795383764989323
LOG_Caco_AB,lgbm,4,4,1616,0.0710421340733205,0.541933320460713,0.32498521773409816
LOG_Caco_AB,megacl,0,0,1616,-0.25482190218053025,0.39348929293291907,0.3746893096865333
LOG_Caco_AB,megacl,0,1,1616,-1.6201711712407723,0.21126149598977773,0.5541995840443101
LOG_Caco_AB,megacl,0,2,1616,-0.5169491414771907,0.19821436423849187,0.4132483964206329
LOG_Caco_AB,megacl,0,3,1616,-0.5959229205611667,0.16431289166439567,0.41668355217432035
LOG_Caco_AB,megacl,0,4,1616,-0.35795687586279334,0.27626080794347274,0.3959053140405833
LOG_Caco_AB,megacl,1,0,1616,-0.6670889733068042,0.1873620423568245,0.42721113074453476
LOG_Caco_AB,megacl,1,1,1616,-0.6443125535373329,0.18851229326940463,0.4269284358240876
LOG_Caco_AB,megacl,1,2,1616,-0.7782569270275939,0.24660477665467279,0.44598589110716813
LOG_Caco_AB,megacl,1,3,1616,-0.8417767779760688,0.1962732202514757,0.4552564978954337
LOG_Caco_AB,megacl,1,4,1616,-0.7364979911278413,0.26416513614989634,0.44805048280639564
LOG_Caco_AB,megacl,2,0,1616,-1.32250047031485,0.17978818687316975,0.5095099848800181
LOG_Caco_AB,megacl,2,1,1616,-0.6893027395010392,0.3403018486809957,0.44213011665271645
LOG_Caco_AB,megacl,2,2,1616,-0.6054817835954744,0.178490860060984,0.426675974285199
LOG_Caco_AB,megacl,2,3,1616,-0.7362973016328327,0.23292432668636814,0.42889635832074374
LOG_Caco_AB,megacl,2,4,1616,-0.8697641441294053,0.07689888079389538,0.4520219690943116
LOG_Caco_AB,megacl,3,0,1616,-0.3348958930814798,0.2760314983873241,0.38570312075717944
LOG_Caco_AB,megacl,3,1,1616,-0.5329488257762891,0.337642447008685,0.41190479408742325
LOG_Caco_AB,megacl,3,2,1616,-1.0095089397647454,0.22915649952011632,0.47905255268552127
LOG_Caco_AB,megacl,3,3,1616,-0.6032961588030978,0.25460275970804924,0.4168275142905771
LOG_Caco_AB,megacl,3,4,1616,-0.6554657288177872,0.32228726233895605,0.428149052331289
LOG_Caco_AB,megacl,4,0,1616,-1.2199087489050755,0.1479093252187936,0.5063615001263352
LOG_Caco_AB,megacl,4,1,1616,-1.0403910514048689,0.20132327601323113,0.48270986882772376
LOG_Caco_AB,megacl,4,2,1616,-0.4696833700735612,0.17300770014921293,0.40557389783294656
LOG_Caco_AB,megacl,4,3,1616,-0.6686932096832174,0.20669219580410417,0.4315055157594363
LOG_Caco_AB,megacl,4,4,1616,-0.9032924785576564,0.15208174746791472,0.4668679215487224
LOG_Caco_AB,moljepa,0,0,1616,0.09906581607019471,0.40891368184409776,0.31788920807165516
LOG_Caco_AB,moljepa,0,1,1616,0.17998431542205762,0.45319841588296794,0.3098675249852632
LOG_Caco_AB,moljepa,0,2,1616,0.1507330735546043,0.45429286974826066,0.3161165853249001
LOG_Caco_AB,moljepa,0,3,1616,0.18495847847140534,0.44522731579024205,0.3070266405976532
LOG_Caco_AB,moljepa,0,4,1616,0.06227126221426971,0.4228399234763366,0.32919980614652555
LOG_Caco_AB,moljepa,1,0,1616,0.21612604901480548,0.4982653467342866,0.302734214034802
LOG_Caco_AB,moljepa,1,1,1616,0.10280570594951,0.39940706953294064,0.32199043439290614
LOG_Caco_AB,moljepa,1,2,1616,0.11784311666859493,0.3960784749135851,0.32292232897335726
LOG_Caco_AB,moljepa,1,3,1616,0.08722110111212622,0.41111162832005155,0.32574512599427274
LOG_Caco_AB,moljepa,1,4,1616,0.13046165433779,0.4268056465738793,0.31548350292550903
LOG_Caco_AB,moljepa,2,0,1616,0.13498664387472536,0.4153261315853553,0.31570305575238333
LOG_Caco_AB,moljepa,2,1,1616,0.1579224478730895,0.4585109812162925,0.3103234271313514
LOG_Caco_AB,moljepa,2,2,1616,-0.016776038246529845,0.39706625848577076,0.34268805280602854
LOG_Caco_AB,moljepa,2,3,1616,0.2129736530494437,0.4834936056324085,0.30235518228532005
LOG_Caco_AB,moljepa,2,4,1616,0.14881620186296907,0.43014771608940794,0.31300998335668306
LOG_Caco_AB,moljepa,3,0,1616,0.16684170638889584,0.4407346033647956,0.311557460674635
LOG_Caco_AB,moljepa,3,1,1616,0.03802094029514691,0.37808271622161055,0.33151909580885197
LOG_Caco_AB,moljepa,3,2,1616,0.17881841055756786,0.4906599880469673,0.3045419465852424
LOG_Caco_AB,moljepa,3,3,1616,0.10561695895705114,0.41690271263951695,0.3198145170490386
LOG_Caco_AB,moljepa,3,4,1616,0.161205242567811,0.43553928153351734,0.3129047781439306
LOG_Caco_AB,moljepa,4,0,1616,0.20783607788603975,0.48104776088400225,0.3039825902417228
LOG_Caco_AB,moljepa,4,1,1616,0.18012319288012424,0.45160735709634897,0.3095410862689638
LOG_Caco_AB,moljepa,4,2,1616,0.06480785294915181,0.38493880454817764,0.3277321731705049
LOG_Caco_AB,moljepa,4,3,1616,0.1259701439637687,0.4057534085502503,0.3195767834768048
LOG_Caco_AB,moljepa,4,4,1616,0.17161447864899948,0.46327080512300783,0.3092833545920447
LOG_Caco_AB,monroe,0,0,1616,0.46280956717970345,0.6949472675496036,0.2509301731241487
LOG_Caco_AB,monroe,0,1,1616,0.5153596065426254,0.728369910464311,0.23521982681977008
LOG_Caco_AB,monroe,0,2,1616,0.40805960621484283,0.6788424645332691,0.26515270560485643
LOG_Caco_AB,monroe,0,3,1616,0.4528934250052812,0.6956863232846539,0.25039816856007224
LOG_Caco_AB,monroe,0,4,1616,0.4718039972836664,0.7071747772146255,0.2492016359018309
LOG_Caco_AB,monroe,1,0,1616,0.5027110838718064,0.7222766206642869,0.2404817989224476
LOG_Caco_AB,monroe,1,1,1616,0.44236525667512017,0.6820108617722447,0.2566642901548496
LOG_Caco_AB,monroe,1,2,1616,0.4395567778093056,0.6717686301092505,0.2585934952560331
LOG_Caco_AB,monroe,1,3,1616,0.39260468413748717,0.684710438363975,0.2653456376364371
LOG_Caco_AB,monroe,1,4,1616,0.5287358664070448,0.7390660042128949,0.23357702376870104
LOG_Caco_AB,monroe,2,0,1616,0.46599241669781044,0.707078605522584,0.24807492981719517
LOG_Caco_AB,monroe,2,1,1616,0.44079135687038484,0.6981912669920054,0.2555787990956846
LOG_Caco_AB,monroe,2,2,1616,0.38804955778050565,0.6722651437470766,0.2687843162797403
LOG_Caco_AB,monroe,2,3,1616,0.528075404787673,0.7275215038026088,0.23306956155333539
LOG_Caco_AB,monroe,2,4,1616,0.4928416197708144,0.7135430140827793,0.24077296136063064
LOG_Caco_AB,monroe,3,0,1616,0.5007400070145662,0.7243877836615801,0.2442356827681914
LOG_Caco_AB,monroe,3,1,1616,0.4523379535252584,0.6987793346484275,0.25500631386445016
LOG_Caco_AB,monroe,3,2,1616,0.4931366272305924,0.7238005601240848,0.24026866583149334
LOG_Caco_AB,monroe,3,3,1616,0.48173075447769065,0.7044838794182912,0.24782688073841702
LOG_Caco_AB,monroe,3,4,1616,0.49385163468580284,0.7136551384166636,0.24219970984993178
LOG_Caco_AB,monroe,4,0,1616,0.5164520367588743,0.7250186227562504,0.23609543785507633
LOG_Caco_AB,monroe,4,1,1616,0.5171399426147052,0.7273297511339453,0.2365462675649024
LOG_Caco_AB,monroe,4,2,1616,0.45213089578007326,0.6995954215207086,0.256604505135534
LOG_Caco_AB,monroe,4,3,1616,0.4199639070193083,0.6744360403657903,0.26255493757247933
LOG_Caco_AB,monroe,4,4,1616,0.5074644968258172,0.7296473327216011,0.2383520640935958
LOG_Caco_AB,trimole,0,0,1616,0.2940702554845531,0.6007493643640647,0.2906095137844282
LOG_Caco_AB,trimole,0,1,1616,0.22632282848808327,0.551202447156659,0.30501732010494875
LOG_Caco_AB,trimole,0,2,1616,0.1535409487472127,0.5245723104859098,0.31549958442356413
LOG_Caco_AB,trimole,0,3,1616,0.044627210544521234,0.4329595470809231,0.33495038162821
LOG_Caco_AB,trimole,0,4,1616,0.14373562480127133,0.5075465188245682,0.31853269305400916
LOG_Caco_AB,trimole,1,0,1616,0.30789504466699913,0.5770915362619642,0.28741077726451514
LOG_Caco_AB,trimole,1,1,1616,0.23015729555601638,0.5539174713189758,0.3011400975578361
LOG_Caco_AB,trimole,1,2,1616,0.2737795170813748,0.5576307601132808,0.2967791344520894
LOG_Caco_AB,trimole,1,3,1616,0.26786994478483017,0.6135961254664056,0.2906338701125722
LOG_Caco_AB,trimole,1,4,1616,0.22603534097582578,0.5890722432519682,0.3042753868342863
LOG_Caco_AB,trimole,2,0,1616,0.2934941733728168,0.6112618259423654,0.2871378441111903
LOG_Caco_AB,trimole,2,1,1616,0.1844727104385473,0.5206699341619324,0.31224683361163585
LOG_Caco_AB,trimole,2,2,1616,0.11898544134484068,0.5039362314674892,0.3230601771220365
LOG_Caco_AB,trimole,2,3,1616,0.2734434336730539,0.5974678510816753,0.2907692147767768
LOG_Caco_AB,trimole,2,4,1616,0.24957292730350733,0.5746060044327056,0.2957850909619607
LOG_Caco_AB,trimole,3,0,1616,0.26920773592657044,0.5503813902242893,0.2931919562843494
LOG_Caco_AB,trimole,3,1,1616,0.09071844906040838,0.5045753622137061,0.3268734105714909
LOG_Caco_AB,trimole,3,2,1616,0.24068952338811223,0.5422302503074629,0.3011411540555052
LOG_Caco_AB,trimole,3,3,1616,0.24688865269420712,0.5743368602096642,0.2972558248389093
LOG_Caco_AB,trimole,3,4,1616,0.28433481833297847,0.585375975813528,0.29147066286445433
LOG_Caco_AB,trimole,4,0,1616,0.27752006809708163,0.5651267253106843,0.2931573029565224
LOG_Caco_AB,trimole,4,1,1616,0.27681357513476557,0.5816854802888863,0.29641377786673323
LOG_Caco_AB,trimole,4,2,1616,0.13389315833505544,0.5142718939549805,0.316543510326644
LOG_Caco_AB,trimole,4,3,1616,0.07224651166692031,0.5130807388535383,0.32708491666412637
LOG_Caco_AB,trimole,4,4,1616,0.043921883784015625,0.4419610775924383,0.33665048924716373
LOG_Caco_Efflux,chemeleon,0,0,1616,0.21612120492841536,0.6690041645435766,0.34926494802490593
LOG_Caco_Efflux,chemeleon,0,1,1616,0.1919203387490701,0.6661237611923008,0.35303739774573223
LOG_Caco_Efflux,chemeleon,0,2,1616,-0.16847766936323594,0.5691638951721842,0.43740635625645147
LOG_Caco_Efflux,chemeleon,0,3,1616,0.20568291084131152,0.6737209019132679,0.3542438786372367
LOG_Caco_Efflux,chemeleon,0,4,1616,0.2315349088388503,0.6669595418588168,0.3500821349849601
LOG_Caco_Efflux,chemeleon,1,0,1616,0.30843487706167916,0.6989404225459745,0.3279409822301632
LOG_Caco_Efflux,chemeleon,1,1,1616,0.17317251069546824,0.6341514452213618,0.36053151166806013
LOG_Caco_Efflux,chemeleon,1,2,1616,-0.12904675109960273,0.5353305779535741,0.42578906039057757
LOG_Caco_Efflux,chemeleon,1,3,1616,0.12299646554215737,0.600217454789982,0.3777407139893349
LOG_Caco_Efflux,chemeleon,1,4,1616,0.06625489562102871,0.6451709507163707,0.38496977893374534
LOG_Caco_Efflux,chemeleon,2,0,1616,0.11330687850920085,0.6481705364159992,0.3734054313408898
LOG_Caco_Efflux,chemeleon,2,1,1616,0.13801997279670852,0.6031888728954231,0.37355394898293076
LOG_Caco_Efflux,chemeleon,2,2,1616,-0.2550971580837762,0.5244739001685523,0.45217997852283315
LOG_Caco_Efflux,chemeleon,2,3,1616,0.13389203356897605,0.6520954185686402,0.366757397766795
LOG_Caco_Efflux,chemeleon,2,4,1616,0.26920978049531097,0.67826052899751,0.34092394925835223
LOG_Caco_Efflux,chemeleon,3,0,1616,0.21803569238055498,0.6541856571822122,0.35406937534876076
LOG_Caco_Efflux,chemeleon,3,1,1616,-0.22849461782656988,0.5531875914557269,0.4449220298616783
LOG_Caco_Efflux,chemeleon,3,2,1616,0.09548622928399153,0.6169887420459399,0.3752927608913581
LOG_Caco_Efflux,chemeleon,3,3,1616,0.1762358866351864,0.6743758913403298,0.35751113228364056
LOG_Caco_Efflux,chemeleon,3,4,1616,0.20641056717351813,0.6855314920283501,0.35192567236679817
LOG_Caco_Efflux,chemeleon,4,0,1616,0.15216319307931747,0.6716571266235638,0.36654570217772275
LOG_Caco_Efflux,chemeleon,4,1,1616,0.18551326529527135,0.639144273839031,0.3623304581614022
LOG_Caco_Efflux,chemeleon,4,2,1616,0.10009426927619747,0.5801074997006913,0.38159123272339623
LOG_Caco_Efflux,chemeleon,4,3,1616,-0.07839922928949083,0.6316571090848604,0.41423371098317757
LOG_Caco_Efflux,chemeleon,4,4,1616,0.3026387199018937,0.6511574679385307,0.3380436358798825
LOG_Caco_Efflux,chemprop,0,0,1616,-0.21672951789006345,0.4975673238008627,0.45032694638272
LOG_Caco_Efflux,chemprop,0,1,1616,-0.1866115726416866,0.4482199483166597,0.44567503680880666
LOG_Caco_Efflux,chemprop,0,2,1616,0.015008523968770837,0.5445416544243952,0.4012488192044086
LOG_Caco_Efflux,chemprop,0,3,1616,-0.10430349369137204,0.5712216212536958,0.4224175055994918
LOG_Caco_Efflux,chemprop,0,4,1616,0.005400875093724999,0.5589718022357392,0.40043144194926
LOG_Caco_Efflux,chemprop,1,0,1616,0.06459752034324617,0.5748841307750248,0.39139798102360124
LOG_Caco_Efflux,chemprop,1,1,1616,-0.03530725558052117,0.5520142371011227,0.4136983488191691
LOG_Caco_Efflux,chemprop,1,2,1616,-0.0830727595574614,0.47144227636637603,0.4168484308091594
LOG_Caco_Efflux,chemprop,1,3,1616,-0.053289895066158444,0.5384040044735117,0.4181497507401186
LOG_Caco_Efflux,chemprop,1,4,1616,-0.13949993262216753,0.5657255018169189,0.4340613369810195
LOG_Caco_Efflux,chemprop,2,0,1616,-0.13484246338469807,0.5054437643355479,0.4335307836700719
LOG_Caco_Efflux,chemprop,2,1,1616,0.04416363502207976,0.5984451347744515,0.3955224340122183
LOG_Caco_Efflux,chemprop,2,2,1616,-0.0017227734582103693,0.5419526035534832,0.4038834061361448
LOG_Caco_Efflux,chemprop,2,3,1616,0.06910917444622611,0.5867303688200131,0.39183420483872206
LOG_Caco_Efflux,chemprop,2,4,1616,-0.011104989117134423,0.5538284740379523,0.40735203242294676
LOG_Caco_Efflux,chemprop,3,0,1616,0.07845215670579408,0.5780589021715882,0.3893962796563783
LOG_Caco_Efflux,chemprop,3,1,1616,-0.25133879421272787,0.45432188525938677,0.4565530659538878
LOG_Caco_Efflux,chemprop,3,2,1616,-0.06603004947907332,0.5281726604484189,0.41976911030832675
LOG_Caco_Efflux,chemprop,3,3,1616,-0.08212725903565499,0.5894696406049771,0.4174119035376584
LOG_Caco_Efflux,chemprop,3,4,1616,0.003761545977700731,0.5348328291769334,0.4027849598099391
LOG_Caco_Efflux,chemprop,4,0,1616,-0.02076845609187683,0.5427024925141207,0.41045658887327763
LOG_Caco_Efflux,chemprop,4,1,1616,-0.09681124617703762,0.5111844790053778,0.4309657574750081
LOG_Caco_Efflux,chemprop,4,2,1616,-0.08744844515272066,0.5250005790324476,0.42160026230286035
LOG_Caco_Efflux,chemprop,4,3,1616,-0.27244793440401094,0.505957115927639,0.4598301483438876
LOG_Caco_Efflux,chemprop,4,4,1616,0.141116607772244,0.5850952156455714,0.3735582554076391
LOG_Caco_Efflux,chemprop_st,0,0,1616,-0.275406422403651,0.5269354016003169,0.45311432194457657
LOG_Caco_Efflux,chemprop_st,0,1,1616,-0.0827475711597887,0.5443808531174364,0.41880645353226575
LOG_Caco_Efflux,chemprop_st,0,2,1616,-0.086930400587788,0.5888231367546597,0.41748789157567967
LOG_Caco_Efflux,chemprop_st,0,3,1616,-0.1590599095264147,0.5401681508581709,0.4379689918200989
LOG_Caco_Efflux,chemprop_st,0,4,1616,-0.04391882464692376,0.600913274429992,0.4094211625473962
LOG_Caco_Efflux,chemprop_st,1,0,1616,-0.04780200632002729,0.5511891495339896,0.4147914080948772
LOG_Caco_Efflux,chemprop_st,1,1,1616,-0.07981244960145917,0.6024832449209423,0.4140307100546568
LOG_Caco_Efflux,chemprop_st,1,2,1616,-0.09395240023148688,0.5516359119808457,0.41807062321034616
LOG_Caco_Efflux,chemprop_st,1,3,1616,-0.08176914494458676,0.559041399085611,0.4223478077511686
LOG_Caco_Efflux,chemprop_st,1,4,1616,-0.09132523319000474,0.6124624568572437,0.4239164762058257
LOG_Caco_Efflux,chemprop_st,2,0,1616,-0.17316565431069275,0.49612834626544133,0.4396404093435007
LOG_Caco_Efflux,chemprop_st,2,1,1616,0.07892016668088042,0.6662329883376381,0.3853812568954896
LOG_Caco_Efflux,chemprop_st,2,2,1616,-0.06990823339353569,0.518493792856182,0.4152714510587746
LOG_Caco_Efflux,chemprop_st,2,3,1616,-0.1367121404835543,0.5324113717744355,0.4294522539907586
LOG_Caco_Efflux,chemprop_st,2,4,1616,-0.15254742079787365,0.5609145639429456,0.42917680324593077
LOG_Caco_Efflux,chemprop_st,3,0,1616,0.03310693111041796,0.5424417577568267,0.4019112963088666
LOG_Caco_Efflux,chemprop_st,3,1,1616,-0.10624261686430114,0.5241171763258003,0.4244550952752651
LOG_Caco_Efflux,chemprop_st,3,2,1616,-0.2026888971851848,0.5337216795193849,0.4394140864956087
LOG_Caco_Efflux,chemprop_st,3,3,1616,-0.2858497680343157,0.5552287653302936,0.45310909464392257
LOG_Caco_Efflux,chemprop_st,3,4,1616,-0.08920047011092502,0.5199701400786508,0.41926127285167913
LOG_Caco_Efflux,chemprop_st,4,0,1616,-0.2144922257409958,0.5189134515236018,0.4490224591311811
LOG_Caco_Efflux,chemprop_st,4,1,1616,0.031219085044121075,0.5803266524906833,0.3992281583568834
LOG_Caco_Efflux,chemprop_st,4,2,1616,-0.06935302159999068,0.554555340347572,0.4184552633386133
LOG_Caco_Efflux,chemprop_st,4,3,1616,-0.15829519710082263,0.5963673437190625,0.4335701489290937
LOG_Caco_Efflux,chemprop_st,4,4,1616,-0.02843842996001289,0.5898149021731347,0.40814824882367606
LOG_Caco_Efflux,lgbm,0,0,1616,-0.0946616236252058,0.5531888825997812,0.4231879438933745
LOG_Caco_Efflux,lgbm,0,1,1616,0.0021998114035752803,0.5365102793980739,0.4036434917168263
LOG_Caco_Efflux,lgbm,0,2,1616,-0.3387457980391573,0.36480128615591784,0.4719222181883739
LOG_Caco_Efflux,lgbm,0,3,1616,-0.09433949433473598,0.5398630318368653,0.4246602134686508
LOG_Caco_Efflux,lgbm,0,4,1616,-0.18091724842262935,0.4869044565361231,0.44044650938754976
LOG_Caco_Efflux,lgbm,1,0,1616,-0.04160646863575357,0.6139113093657692,0.4079584361827342
LOG_Caco_Efflux,lgbm,1,1,1616,-0.11987705656862224,0.5140256681878081,0.42808194561813667
LOG_Caco_Efflux,lgbm,1,2,1616,-0.20497359020675465,0.445800119635326,0.4460093858759075
LOG_Caco_Efflux,lgbm,1,3,1616,-0.15056323523119008,0.514006981267664,0.4403746110050895
LOG_Caco_Efflux,lgbm,1,4,1616,-0.13267141406852967,0.5158461215072513,0.43208436461912847
LOG_Caco_Efflux,lgbm,2,0,1616,-0.11262345323414658,0.5276528806797838,0.42601551155217116
LOG_Caco_Efflux,lgbm,2,1,1616,-0.17520087660552575,0.4908792441658134,0.44185314562562267
LOG_Caco_Efflux,lgbm,2,2,1616,-0.3080979320438868,0.46258841602273204,0.4624432202680732
LOG_Caco_Efflux,lgbm,2,3,1616,-0.05649138573342438,0.5287285098889857,0.4153451096175983
LOG_Caco_Efflux,lgbm,2,4,1616,-0.12430191225596454,0.5564374139914025,0.42958119277641404
LOG_Caco_Efflux,lgbm,3,0,1616,-0.15666957961191819,0.4986870496716639,0.43679466707302583
LOG_Caco_Efflux,lgbm,3,1,1616,-0.16246690515641649,0.5030157982913632,0.4390108177517434
LOG_Caco_Efflux,lgbm,3,2,1616,-0.0666749600290637,0.5311574443293801,0.4210060068392031
LOG_Caco_Efflux,lgbm,3,3,1616,-0.06251136995274953,0.5553743755820653,0.4145171742442885
LOG_Caco_Efflux,lgbm,3,4,1616,-0.07067716738953189,0.5863788065319582,0.41753540680983264
LOG_Caco_Efflux,lgbm,4,0,1616,-0.09821521988756254,0.5208339424716378,0.42548115071548426
LOG_Caco_Efflux,lgbm,4,1,1616,0.01462858681698409,0.575129913736457,0.4010822410294692
LOG_Caco_Efflux,lgbm,4,2,1616,-0.18237592589163443,0.4635364948455686,0.44440844035356347
LOG_Caco_Efflux,lgbm,4,3,1616,-0.37487043532862496,0.3666954991794923,0.475753087916291
LOG_Caco_Efflux,lgbm,4,4,1616,-0.07819201921418162,0.5399136693943167,0.422059429411719
LOG_Caco_Efflux,megacl,0,0,1616,-0.36360476193670976,0.38647660483724255,0.4663199917421808
LOG_Caco_Efflux,megacl,0,1,1616,-0.6225245444457352,0.1292341303942601,0.5136890067950257
LOG_Caco_Efflux,megacl,0,2,1616,-0.4819773526426352,0.31613866366578686,0.4777723013817258
LOG_Caco_Efflux,megacl,0,3,1616,-0.6317401632998323,0.09993310031075436,0.5105801993837127
LOG_Caco_Efflux,megacl,0,4,1616,-0.37828391175178,0.3397463527450053,0.46858543015977533
LOG_Caco_Efflux,megacl,1,0,1616,-0.40981727202282103,0.36550775613400405,0.4802170360475983
LOG_Caco_Efflux,megacl,1,1,1616,-0.49219485080762704,0.2802607420654992,0.48623230008769275
LOG_Caco_Efflux,megacl,1,2,1616,-0.47852819653159795,0.20596257941296262,0.4867324240292924
LOG_Caco_Efflux,megacl,1,3,1616,-0.1809103764847253,0.439904746280685,0.4358065348870208
LOG_Caco_Efflux,megacl,1,4,1616,-0.423875750808431,0.35391838351111904,0.4793322957848194
LOG_Caco_Efflux,megacl,2,0,1616,-0.6303008776249155,0.14259872395313616,0.5147470023679116
LOG_Caco_Efflux,megacl,2,1,1616,-0.1838114843993084,0.46427724828120615,0.43171359979193
LOG_Caco_Efflux,megacl,2,2,1616,-0.5044517253284999,0.17181655595763962,0.49302100343426947
LOG_Caco_Efflux,megacl,2,3,1616,-0.565997566492993,0.27721637055112447,0.4983288934713604
LOG_Caco_Efflux,megacl,2,4,1616,-0.5629915036456921,0.3013388314208486,0.5000812299415069
LOG_Caco_Efflux,megacl,3,0,1616,-0.3935418061763889,0.33902126957101847,0.4759519970106328
LOG_Caco_Efflux,megacl,3,1,1616,-0.4363703440548883,0.3424432518901028,0.4778794849146513
LOG_Caco_Efflux,megacl,3,2,1616,-0.5679001396480432,0.22137292088127797,0.5032024128144004
LOG_Caco_Efflux,megacl,3,3,1616,-0.5272515376983271,0.22015874471222743,0.4940141493895494
LOG_Caco_Efflux,megacl,3,4,1616,-0.4245206135369728,0.2724438758016994,0.47916755548696494
LOG_Caco_Efflux,megacl,4,0,1616,-0.674615595761157,0.16541109926957806,0.5169414728640158
LOG_Caco_Efflux,megacl,4,1,1616,-0.33793835880373324,0.3644236605439472,0.46045989843162266
LOG_Caco_Efflux,megacl,4,2,1616,-0.5741405486442277,0.3303567409040751,0.5032300382464522
LOG_Caco_Efflux,megacl,4,3,1616,-0.8776796056502476,-0.007028397503826276,0.5563686706665507
LOG_Caco_Efflux,megacl,4,4,1616,-0.5734488449635928,0.2928389034323169,0.4984941830574483
LOG_Caco_Efflux,moljepa,0,0,1616,-0.042943651500449986,0.5456642812867109,0.3946118529891229
LOG_Caco_Efflux,moljepa,0,1,1616,0.10099423781481298,0.6151291454792559,0.37011534664015633
LOG_Caco_Efflux,moljepa,0,2,1616,0.06813019526110264,0.5907118042205652,0.3777257269088881
LOG_Caco_Efflux,moljepa,0,3,1616,0.10155551923180961,0.5908867193303283,0.37085056833605534
LOG_Caco_Efflux,moljepa,0,4,1616,0.031326069946790214,0.5900126155121616,0.388316632547589
LOG_Caco_Efflux,moljepa,1,0,1616,0.07227844941578321,0.6207459640788526,0.3760767741489287
LOG_Caco_Efflux,moljepa,1,1,1616,0.07456226559146206,0.5902807152154073,0.37962404670549144
LOG_Caco_Efflux,moljepa,1,2,1616,-0.015290082522306792,0.5312645223814344,0.39159511737776326
LOG_Caco_Efflux,moljepa,1,3,1616,-0.029764465467378765,0.5946010823809312,0.39581644466144167
LOG_Caco_Efflux,moljepa,1,4,1616,0.0819689538505407,0.6012594234678411,0.3701785615009352
LOG_Caco_Efflux,moljepa,2,0,1616,0.0460423637235966,0.5718067536769502,0.37835260856096986
LOG_Caco_Efflux,moljepa,2,1,1616,0.03372311383261417,0.5606702309328542,0.38427498826532375
LOG_Caco_Efflux,moljepa,2,2,1616,-0.11527778770381203,0.56384767152641,0.4157818778854258
LOG_Caco_Efflux,moljepa,2,3,1616,0.14295294781875667,0.6082786989971258,0.3645048685995849
LOG_Caco_Efflux,moljepa,2,4,1616,0.08063333435145581,0.5767116112932369,0.3705877353188788
LOG_Caco_Efflux,moljepa,3,0,1616,-0.0024632538681639282,0.540410550371581,0.38849715461922957
LOG_Caco_Efflux,moljepa,3,1,1616,0.009075518022344964,0.5735945173521386,0.38742097605505227
LOG_Caco_Efflux,moljepa,3,2,1616,0.030806678471627658,0.6011437359629054,0.3841539327362955
LOG_Caco_Efflux,moljepa,3,3,1616,0.05454295957292565,0.5849438288302826,0.380133868257562
LOG_Caco_Efflux,moljepa,3,4,1616,0.06521375760452486,0.593116341778925,0.3788893881813942
LOG_Caco_Efflux,moljepa,4,0,1616,0.10420246947854417,0.6124370295379266,0.36872525550687485
LOG_Caco_Efflux,moljepa,4,1,1616,0.11951694969876792,0.6157948478168963,0.36749476107031137
LOG_Caco_Efflux,moljepa,4,2,1616,-0.05560740285935273,0.5463479846658983,0.4017918428987017
LOG_Caco_Efflux,moljepa,4,3,1616,-0.07015422754507106,0.5962601196913586,0.406682644165273
LOG_Caco_Efflux,moljepa,4,4,1616,0.09934453793153475,0.5721726086087846,0.3719109769920165
LOG_Caco_Efflux,monroe,0,0,1616,0.2507428844218199,0.7021169678069353,0.3489614209884596
LOG_Caco_Efflux,monroe,0,1,1616,0.3359524945872523,0.7282830388486142,0.3318206511341039
LOG_Caco_Efflux,monroe,0,2,1616,0.26479271545625716,0.7061232787402609,0.3499029407129561
LOG_Caco_Efflux,monroe,0,3,1616,0.34021871549857174,0.7177649005312785,0.33293838508624396
LOG_Caco_Efflux,monroe,0,4,1616,0.243883083292458,0.7052522709870874,0.35232486644986377
LOG_Caco_Efflux,monroe,1,0,1616,0.30955977481915997,0.7234145507485025,0.3369230901045902
LOG_Caco_Efflux,monroe,1,1,1616,0.25164892987733334,0.695598237750745,0.3535942656150314
LOG_Caco_Efflux,monroe,1,2,1616,0.19364330183993017,0.7034721149848963,0.3629510650210487
LOG_Caco_Efflux,monroe,1,3,1616,0.21635830123469657,0.7094359500274802,0.3588203570759093
LOG_Caco_Efflux,monroe,1,4,1616,0.25683716993419836,0.6782911073685598,0.3483499954958318
LOG_Caco_Efflux,monroe,2,0,1616,0.3419533283220161,0.7284599320859577,0.3271184590362189
LOG_Caco_Efflux,monroe,2,1,1616,0.2401021883090524,0.6799681652463662,0.3534512805268641
LOG_Caco_Efflux,monroe,2,2,1616,0.15273752212955904,0.68604630150498,0.374118906659201
LOG_Caco_Efflux,monroe,2,3,1616,0.36015811091366734,0.7369332529380945,0.32641002111136214
LOG_Caco_Efflux,monroe,2,4,1616,0.2553893571793999,0.716035794656939,0.34849783788596483
LOG_Caco_Efflux,monroe,3,0,1616,0.2911928890283988,0.7132905173358606,0.34418844873317644
LOG_Caco_Efflux,monroe,3,1,1616,0.2765290569769794,0.7173360633137756,0.3464657380716055
LOG_Caco_Efflux,monroe,3,2,1616,0.22489771654741986,0.7000092386339511,0.35482161456499967
LOG_Caco_Efflux,monroe,3,3,1616,0.3176634089749901,0.7112197967224744,0.3357730192475777
LOG_Caco_Efflux,monroe,3,4,1616,0.3032239281890129,0.712656244527263,0.33710540292101826
LOG_Caco_Efflux,monroe,4,0,1616,0.3029660683402843,0.7316527343121052,0.33691634173115764
LOG_Caco_Efflux,monroe,4,1,1616,0.3429825114051692,0.7222272143581822,0.3294232478847472
LOG_Caco_Efflux,monroe,4,2,1616,0.27924164656009576,0.6753084975528,0.35033911744881713
LOG_Caco_Efflux,monroe,4,3,1616,0.1939158590098542,0.7121404838106256,0.3592104447661516
LOG_Caco_Efflux,monroe,4,4,1616,0.318485394772403,0.7255368869465556,0.3372021530647076
LOG_Caco_Efflux,trimole,0,0,1616,0.10437653024582028,0.6140325066037671,0.3847992609082174
LOG_Caco_Efflux,trimole,0,1,1616,0.02840443397979997,0.5800550547759349,0.40108591767648205
LOG_Caco_Efflux,trimole,0,2,1616,0.033599973372770986,0.5731359105295081,0.40228878636282916
LOG_Caco_Efflux,trimole,0,3,1616,0.17822191857581426,0.6700821605506079,0.36685888663153127
LOG_Caco_Efflux,trimole,0,4,1616,0.03738168866797764,0.6155288939212441,0.3969396566999359
LOG_Caco_Efflux,trimole,1,0,1616,0.21790483311017905,0.637983933267384,0.3624575303748023
LOG_Caco_Efflux,trimole,1,1,1616,0.1142312183155223,0.6392111798488486,0.3793913544714782
LOG_Caco_Efflux,trimole,1,2,1616,0.013844411867213191,0.5919352184851844,0.40359707957570606
LOG_Caco_Efflux,trimole,1,3,1616,0.03988603564371984,0.604127582042618,0.4002763769724059
LOG_Caco_Efflux,trimole,1,4,1616,-0.1267402680144234,0.6101182510245402,0.42234515739424955
LOG_Caco_Efflux,trimole,2,0,1616,0.08984965621435848,0.6283135148847929,0.3854394330860121
LOG_Caco_Efflux,trimole,2,1,1616,0.1386064606895545,0.6181652169335055,0.37960883792236116
LOG_Caco_Efflux,trimole,2,2,1616,-0.17680830445574602,0.4952932274523392,0.44232727784003656
LOG_Caco_Efflux,trimole,2,3,1616,0.07101558082291937,0.6380538790489674,0.38604141855306506
LOG_Caco_Efflux,trimole,2,4,1616,0.0627207175632486,0.5971494210191648,0.39529122227232383
LOG_Caco_Efflux,trimole,3,0,1616,0.1384023652853681,0.6104664265526133,0.3792183953698272
LOG_Caco_Efflux,trimole,3,1,1616,0.03968318490644607,0.6068706361190004,0.39770706943458695
LOG_Caco_Efflux,trimole,3,2,1616,0.05088957175426545,0.6192495248629762,0.39503961432440815
LOG_Caco_Efflux,trimole,3,3,1616,0.11413567109264167,0.6556687398237026,0.37842941083537374
LOG_Caco_Efflux,trimole,3,4,1616,-0.011626131901986803,0.592199802716498,0.40656536862568043
LOG_Caco_Efflux,trimole,4,0,1616,0.10944583376522599,0.6264298459254716,0.3824275269270457
LOG_Caco_Efflux,trimole,4,1,1616,0.09155069158688589,0.6353635254880983,0.38625383325608503
LOG_Caco_Efflux,trimole,4,2,1616,0.01803260049903488,0.6245072207534176,0.4008128222216083
LOG_Caco_Efflux,trimole,4,3,1616,-0.1511885017169261,0.5538312151888869,0.43093485185910496
LOG_Caco_Efflux,trimole,4,4,1616,0.137841334075109,0.6258286705390903,0.37780699939442436
LOG_HLM,chemeleon,0,0,782,0.32784101035941615,0.6193002707971423,0.29112040244789145
LOG_HLM,chemeleon,0,1,782,0.182852569694943,0.5977486722082779,0.32783639964850175
LOG_HLM,chemeleon,0,2,782,0.1278095648232751,0.5826024486963733,0.33487665953148504
LOG_HLM,chemeleon,0,3,782,0.3058129064240379,0.5975867298281795,0.29770034854223143
LOG_HLM,chemeleon,0,4,782,0.29303291164603784,0.5886400124405224,0.2988086088450549
LOG_HLM,chemeleon,1,0,782,0.2038254839672361,0.5869762480203962,0.3136595446008746
LOG_HLM,chemeleon,1,1,782,0.24158146246583934,0.5818046186765624,0.3103787888898708
LOG_HLM,chemeleon,1,2,782,0.03788853736668685,0.5484729321181117,0.3459952948092694
LOG_HLM,chemeleon,1,3,782,0.22922317154006722,0.587931792126969,0.31308007875711374
LOG_HLM,chemeleon,1,4,782,0.2202717409449596,0.5515837355075645,0.3121531061960763
LOG_HLM,chemeleon,2,0,782,0.1631667706644404,0.5506290696874957,0.3285310289873679
LOG_HLM,chemeleon,2,1,782,0.17389810945451178,0.5863862944516175,0.325898886422329
LOG_HLM,chemeleon,2,2,782,0.2975117713147185,0.6121320714523262,0.29932852295536655
LOG_HLM,chemeleon,2,3,782,0.2525911374294446,0.5872823664204614,0.30994869203050157
LOG_HLM,chemeleon,2,4,782,0.28906212485261196,0.6110323387789222,0.30467717472706823
LOG_HLM,chemeleon,3,0,782,0.17523654201991568,0.5552913339439844,0.32410798469285573
LOG_HLM,chemeleon,3,1,782,0.1495983472180512,0.5418209484194092,0.33208280229950365
LOG_HLM,chemeleon,3,2,782,0.3233032415514291,0.6116663154580143,0.2981324575339627
LOG_HLM,chemeleon,3,3,782,0.2518873302546393,0.5925674947005598,0.30321917172393914
LOG_HLM,chemeleon,3,4,782,0.2369702547836301,0.5998304103254847,0.31310354142535246
LOG_HLM,chemeleon,4,0,782,0.1773889167009819,0.5697799672241467,0.32161347518988764
LOG_HLM,chemeleon,4,1,782,0.2745920121902674,0.6022215039337975,0.30280997388959613
LOG_HLM,chemeleon,4,2,782,0.21845010483691674,0.565413834034333,0.30928388727170236
LOG_HLM,chemeleon,4,3,782,0.10987234655970379,0.5497154606563874,0.3362853631573701
LOG_HLM,chemeleon,4,4,782,0.25644077777354835,0.5860158482772619,0.30695100135950965
LOG_HLM,chemprop,0,0,782,0.21799618474613147,0.49898092172456293,0.31865883888566077
LOG_HLM,chemprop,0,1,782,0.145275434887443,0.49756228227477045,0.3380682267595492
LOG_HLM,chemprop,0,2,782,0.18619482303836177,0.5463185852960448,0.32089957596735197
LOG_HLM,chemprop,0,3,782,0.09381477632782298,0.49478462289261815,0.34101983603107894
LOG_HLM,chemprop,0,4,782,0.08643673744200064,0.47605791320528135,0.3455090175835634
LOG_HLM,chemprop,1,0,782,0.15327154073014493,0.5645769707190635,0.32994172444164094
LOG_HLM,chemprop,1,1,782,0.1228275427967025,0.48665125277567484,0.3410105851901274
LOG_HLM,chemprop,1,2,782,0.06009427657813926,0.45372216067891097,0.35145562315208045
LOG_HLM,chemprop,1,3,782,0.06360911844903128,0.5003668985646645,0.3511116136217227
LOG_HLM,chemprop,1,4,782,0.06137923427130909,0.48729039327377577,0.3488579871817939
LOG_HLM,chemprop,2,0,782,0.14103011493573991,0.5162447673861438,0.33090246740529616
LOG_HLM,chemprop,2,1,782,0.11627517697119183,0.5548113194855071,0.33516571056423766
LOG_HLM,chemprop,2,2,782,0.09890122414370095,0.4624584922426361,0.34485891881337294
LOG_HLM,chemprop,2,3,782,0.12195159988658,0.5126009916104332,0.33444296836065374
LOG_HLM,chemprop,2,4,782,0.27640350029144767,0.5726136012902304,0.3020978510029168
LOG_HLM,chemprop,3,0,782,0.17047858602944554,0.5301425276928642,0.3234581359178173
LOG_HLM,chemprop,3,1,782,0.11242608566792867,0.486207987820246,0.3430444873110102
LOG_HLM,chemprop,3,2,782,0.20717708461738316,0.5463440930715728,0.32388484627238934
LOG_HLM,chemprop,3,3,782,0.13159794338733832,0.46480099184474133,0.3345110445958835
LOG_HLM,chemprop,3,4,782,0.12766411014785328,0.5361022975139406,0.3402646079534205
LOG_HLM,chemprop,4,0,782,0.26399329520518866,0.5516591296158705,0.3065656143129534
LOG_HLM,chemprop,4,1,782,0.21345641371087254,0.49936653705809864,0.32180285474471343
LOG_HLM,chemprop,4,2,782,0.05382189238720547,0.44124732772824377,0.3542298579951437
LOG_HLM,chemprop,4,3,782,-0.02618458795292722,0.4785004740517721,0.36821512266266593
LOG_HLM,chemprop,4,4,782,-0.25325427308903947,0.49652084545523045,0.4043635751777806
LOG_HLM,chemprop_st,0,0,782,0.16495847163084187,0.5026794488012089,0.3337119999023281
LOG_HLM,chemprop_st,0,1,782,0.16314490934696724,0.5168482088342597,0.34101705303373436
LOG_HLM,chemprop_st,0,2,782,0.12599144591614264,0.5055145508504392,0.3363519358161557
LOG_HLM,chemprop_st,0,3,782,0.0854119726059519,0.49409115769171635,0.34538735088667316
LOG_HLM,chemprop_st,0,4,782,0.09819904465395135,0.49975230295400824,0.3471816750116324
LOG_HLM,chemprop_st,1,0,782,0.09860359988945755,0.49933045227579737,0.3378416410372497
LOG_HLM,chemprop_st,1,1,782,0.04718869636907985,0.5259974953492654,0.35499646809675584
LOG_HLM,chemprop_st,1,2,782,-0.011163918141966267,0.38922589210350983,0.3704791002900707
LOG_HLM,chemprop_st,1,3,782,0.07362533578308528,0.45592843611292927,0.35652545330714813
LOG_HLM,chemprop_st,1,4,782,0.07030075885805132,0.4832794869116794,0.3488130646821786
LOG_HLM,chemprop_st,2,0,782,-0.13534257970785135,0.5198203602844209,0.3860392530684074
LOG_HLM,chemprop_st,2,1,782,0.03139694386924641,0.5567408515894672,0.359038744200208
LOG_HLM,chemprop_st,2,2,782,-0.1095156732995819,0.4215470315431835,0.3837516832123872
LOG_HLM,chemprop_st,2,3,782,0.07453936017359286,0.5124952215433637,0.3457824351878527
LOG_HLM,chemprop_st,2,4,782,0.14465075001353622,0.5110155604811206,0.3373781716937245
LOG_HLM,chemprop_st,3,0,782,0.14864104951345258,0.5408998329090238,0.33651058099077147
LOG_HLM,chemprop_st,3,1,782,0.1054617056731949,0.4709080777650837,0.34405357693048677
LOG_HLM,chemprop_st,3,2,782,0.19036539482767134,0.5241066954160161,0.32299236294301675
LOG_HLM,chemprop_st,3,3,782,0.11893588583281889,0.4613270256548317,0.33996868473336517
LOG_HLM,chemprop_st,3,4,782,0.1855545207812983,0.5450428452074382,0.32838601653093796
LOG_HLM,chemprop_st,4,0,782,0.1374120727491016,0.5080607205167103,0.34120598046578443
LOG_HLM,chemprop_st,4,1,782,0.23158519560188562,0.5471839174468642,0.32093995915154677
LOG_HLM,chemprop_st,4,2,782,0.05729531723459602,0.4377529506838735,0.35114603290824364
LOG_HLM,chemprop_st,4,3,782,0.11722725171296244,0.4907490493949152,0.3456371333896332
LOG_HLM,chemprop_st,4,4,782,-0.02862545299560426,0.5111946669718547,0.37134224804692395
LOG_HLM,lgbm,0,0,782,0.17833059773099713,0.5211074588902509,0.3213301647935186
LOG_HLM,lgbm,0,1,782,0.1014735812161982,0.5310338585441637,0.33737555404388214
LOG_HLM,lgbm,0,2,782,0.18449655609792626,0.5498076457710357,0.31756400520008526
LOG_HLM,lgbm,0,3,782,0.03745129763348898,0.5229897313887586,0.353684190123367
LOG_HLM,lgbm,0,4,782,0.18825829075995937,0.5458402112828329,0.32416064902015745
LOG_HLM,lgbm,1,0,782,0.12821805933999664,0.5448396767786686,0.329783169783796
LOG_HLM,lgbm,1,1,782,0.15382450169602535,0.5272523406694694,0.3310168333960558
LOG_HLM,lgbm,1,2,782,0.05259359784818851,0.49836420758591043,0.34665818928987757
LOG_HLM,lgbm,1,3,782,0.130489371486056,0.5117131028910968,0.33232696122283323
LOG_HLM,lgbm,1,4,782,0.18070503531754856,0.5257917653286289,0.32688918514863713
LOG_HLM,lgbm,2,0,782,0.09274491630792159,0.4998033685390914,0.34183660352623907
LOG_HLM,lgbm,2,1,782,0.14763774037139032,0.5399971069561849,0.3292722553663095
LOG_HLM,lgbm,2,2,782,0.21236382699013667,0.5526549455338865,0.32090776954696787
LOG_HLM,lgbm,2,3,782,0.1255468329735081,0.5357015466185109,0.335042145642602
LOG_HLM,lgbm,2,4,782,0.10950379124761866,0.5075612169026928,0.3346881269234712
LOG_HLM,lgbm,3,0,782,0.14331443641962982,0.5542410891514031,0.33508668674906517
LOG_HLM,lgbm,3,1,782,0.12280410935343133,0.5281774622976456,0.3340275503806871
LOG_HLM,lgbm,3,2,782,0.12173068882719751,0.4973315622131268,0.33358438818024777
LOG_HLM,lgbm,3,3,782,0.17468203147283246,0.5333683207241926,0.323416659857765
LOG_HLM,lgbm,3,4,782,0.1466704946186418,0.5513388948294171,0.33159354871684554
LOG_HLM,lgbm,4,0,782,0.06526878052806839,0.5031504510729086,0.34452465599582505
LOG_HLM,lgbm,4,1,782,0.15893263734842544,0.5681670599363964,0.33209163501519856
LOG_HLM,lgbm,4,2,782,0.13823557389806285,0.523130580765591,0.33498952242290786
LOG_HLM,lgbm,4,3,782,0.1879438275926245,0.5489242705585136,0.3227199551759504
LOG_HLM,lgbm,4,4,782,0.18032571448118417,0.5587120618907591,0.3246916929789691
LOG_HLM,megacl,0,0,782,-0.27986846649079045,0.4635998679593148,0.41691961486234547
LOG_HLM,megacl,0,1,782,-0.6721444492991739,0.42060617981494,0.4752271969704746
LOG_HLM,megacl,0,2,782,-0.13611038869023928,0.4676627559810337,0.38749523215920967
LOG_HLM,megacl,0,3,782,0.14209398954347185,0.5275357250806386,0.3371695059050235
LOG_HLM,megacl,0,4,782,-0.14319576251907673,0.39411497857500233,0.39306300185199844
LOG_HLM,megacl,1,0,782,0.12821190146866834,0.4698279558408928,0.3428304254564219
LOG_HLM,megacl,1,1,782,-0.13935776147032097,0.4746388377366294,0.4008264706295578
LOG_HLM,megacl,1,2,782,-0.16750094340184996,0.4035766970353503,0.39282912278084775
LOG_HLM,megacl,1,3,782,-0.03472879852867283,0.45578359796935713,0.3716548294746703
LOG_HLM,megacl,1,4,782,-0.06324146320643398,0.5075145837860235,0.3702501170196115
LOG_HLM,megacl,2,0,782,0.0356674988450818,0.4862851008494615,0.3535710332683067
LOG_HLM,megacl,2,1,782,0.05426377156525919,0.4617272860733191,0.35726850585614933
LOG_HLM,megacl,2,2,782,-0.1261182909371712,0.43855342534088065,0.3958362734280336
LOG_HLM,megacl,2,3,782,-0.012072863350641505,0.52181306912467,0.36915578611579947
LOG_HLM,megacl,2,4,782,-0.14489752309356585,0.4052556406191979,0.3988513910575935
LOG_HLM,megacl,3,0,782,-0.17556450091638998,0.44984123701100626,0.39586089595833923
LOG_HLM,megacl,3,1,782,0.006999133667116464,0.5000078669002637,0.3606746300629834
LOG_HLM,megacl,3,2,782,-0.017893585361855813,0.4877924153560322,0.36510406225772185
LOG_HLM,megacl,3,3,782,-0.05208870710378921,0.4395218452816432,0.3726007593449567
LOG_HLM,megacl,3,4,782,-0.07751104040494838,0.48982130914007393,0.3800928493637257
LOG_HLM,megacl,4,0,782,0.02020657918203772,0.505182222050434,0.3576807526969576
LOG_HLM,megacl,4,1,782,0.18963106189330203,0.5233858278630469,0.3283411138902804
LOG_HLM,megacl,4,2,782,-0.04004881465322807,0.3948838504267242,0.3743273725470659
LOG_HLM,megacl,4,3,782,-0.06303776738630029,0.46335200465112203,0.38322981406288
LOG_HLM,megacl,4,4,782,0.05778230870634471,0.489558326860159,0.35114712184911084
LOG_HLM,moljepa,0,0,782,0.21494929760213222,0.5462975253839819,0.317443417611716
LOG_HLM,moljepa,0,1,782,0.18254480391188344,0.5307898739497124,0.32170598773253944
LOG_HLM,moljepa,0,2,782,0.21278989665071757,0.5455869650801993,0.3142574413049301
LOG_HLM,moljepa,0,3,782,0.1198999187771862,0.5423406270001248,0.3329516737836129
LOG_HLM,moljepa,0,4,782,0.22912287934888476,0.5423913163327038,0.3140007814286691
LOG_HLM,moljepa,1,0,782,0.207302374375265,0.5537328879142459,0.3119254608863143
LOG_HLM,moljepa,1,1,782,0.16415383579134912,0.5250415246492997,0.3269362910082305
LOG_HLM,moljepa,1,2,782,0.14453380176277764,0.5163189288678353,0.3254732825946827
LOG_HLM,moljepa,1,3,782,0.22284181903872335,0.5369106514428087,0.3151467212753763
LOG_HLM,moljepa,1,4,782,0.22196152513985168,0.5443476736329644,0.3151491376960188
LOG_HLM,moljepa,2,0,782,0.20312840609767657,0.5531865953015409,0.3150047490199375
LOG_HLM,moljepa,2,1,782,0.1895115326812148,0.5322793749781457,0.32164804761009497
LOG_HLM,moljepa,2,2,782,0.16786318758896646,0.5010212018583653,0.325252698026571
LOG_HLM,moljepa,2,3,782,0.21343780232212406,0.5543476159449592,0.31356976344881266
LOG_HLM,moljepa,2,4,782,0.24698694054585157,0.5700601736517927,0.30911989016845
LOG_HLM,moljepa,3,0,782,0.16591167745353785,0.5237377518775752,0.32729677275925917
LOG_HLM,moljepa,3,1,782,0.14126146008246376,0.5259325811717196,0.32847397240953774
LOG_HLM,moljepa,3,2,782,0.1719270058306801,0.5341378730203995,0.3245854773588367
LOG_HLM,moljepa,3,3,782,0.2391381914513876,0.5639804112261257,0.30895599148483943
LOG_HLM,moljepa,3,4,782,0.18521405715604822,0.5536704930308206,0.323949037738194
LOG_HLM,moljepa,4,0,782,0.2104481164593892,0.549041487009486,0.3140779129995353
LOG_HLM,moljepa,4,1,782,0.22263075544810196,0.555243612638237,0.3116085202429959
LOG_HLM,moljepa,4,2,782,0.18030970878617625,0.5173067339974035,0.324467392692564
LOG_HLM,moljepa,4,3,782,0.11064371964554409,0.5096719638732339,0.33449892165745165
LOG_HLM,moljepa,4,4,782,0.1958473512047748,0.5445245410669737,0.3195425184763392
LOG_HLM,monroe,0,0,782,0.35220881084915123,0.6394407948054495,0.28676512455861675
LOG_HLM,monroe,0,1,782,0.34013256774609524,0.626981770982212,0.28710532942051636
LOG_HLM,monroe,0,2,782,0.3052240636410726,0.6148199447365161,0.29288362033897897
LOG_HLM,monroe,0,3,782,0.3200567981156024,0.6165393293961835,0.29388655253645035
LOG_HLM,monroe,0,4,782,0.25569431340858007,0.6030082613456872,0.3042988937580115
LOG_HLM,monroe,1,0,782,0.38376780092131035,0.6546274567663651,0.27920232587736155
LOG_HLM,monroe,1,1,782,0.24831592290923066,0.5858413929980506,0.30779844559657776
LOG_HLM,monroe,1,2,782,0.22584220160740864,0.5950041798817766,0.30855122333732116
LOG_HLM,monroe,1,3,782,0.32212970149120035,0.6027044666079917,0.29192844024231024
LOG_HLM,monroe,1,4,782,0.37307610991286966,0.6502638831642837,0.28160676758706044
LOG_HLM,monroe,2,0,782,0.3169224945124812,0.6207624283042067,0.2919703393996735
LOG_HLM,monroe,2,1,782,0.3572644420815265,0.6343356889692195,0.2861053123187532
LOG_HLM,monroe,2,2,782,0.17684536803735973,0.5788778456037752,0.3188901928921493
LOG_HLM,monroe,2,3,782,0.3562734599458429,0.6340569352823773,0.2850009955996767
LOG_HLM,monroe,2,4,782,0.34428169321721525,0.6338470136937486,0.28770822552386216
LOG_HLM,monroe,3,0,782,0.33905706889818554,0.6286270538606087,0.2917200344981644
LOG_HLM,monroe,3,1,782,0.31141583851620114,0.6174855135359035,0.2932525752471316
LOG_HLM,monroe,3,2,782,0.3202176293140916,0.606794368003321,0.2909368866635242
LOG_HLM,monroe,3,3,782,0.28391920566157536,0.6087838490133802,0.30080547879790437
LOG_HLM,monroe,3,4,782,0.3505201864491948,0.6448372262866714,0.28668917949492484
LOG_HLM,monroe,4,0,782,0.31412080224275996,0.6281306371697899,0.29358578582411354
LOG_HLM,monroe,4,1,782,0.3487430285578391,0.6310483603034471,0.28697872644505434
LOG_HLM,monroe,4,2,782,0.26767774753002826,0.5846356895146455,0.3050323284449753
LOG_HLM,monroe,4,3,782,0.3049090347789194,0.6325258288702121,0.29351931300268563
LOG_HLM,monroe,4,4,782,0.34093799814913683,0.6330892081764461,0.28836370660329064
LOG_HLM,trimole,0,0,782,0.15226322629500555,0.5974905223268631,0.33062054760705684
LOG_HLM,trimole,0,1,782,0.19340445854805244,0.6102176572897984,0.32091703003279315
LOG_HLM,trimole,0,2,782,0.19931629061416112,0.557881950205907,0.31708641981217284
LOG_HLM,trimole,0,3,782,0.10484908677766591,0.5349510703746513,0.342068595290377
LOG_HLM,trimole,0,4,782,0.20580758686677947,0.5335309118979801,0.3197941729499647
LOG_HLM,trimole,1,0,782,0.16167218300303243,0.6111041577197401,0.3263177636641915
LOG_HLM,trimole,1,1,782,0.20139339959872715,0.580136890677001,0.31976360680063287
LOG_HLM,trimole,1,2,782,0.1571957608332496,0.5210388332344993,0.3261591825000675
LOG_HLM,trimole,1,3,782,0.18584063446716115,0.583086160458135,0.322514733939947
LOG_HLM,trimole,1,4,782,0.18534729082286783,0.5788170724515598,0.32066640435702204
LOG_HLM,trimole,2,0,782,0.18144649912709288,0.6161168712370809,0.3237659260060175
LOG_HLM,trimole,2,1,782,0.18853858734948925,0.5884775019372146,0.32166509609025323
LOG_HLM,trimole,2,2,782,0.2507623028247662,0.5941085012525132,0.30691612188201167
LOG_HLM,trimole,2,3,782,0.2146061786235337,0.5974255935570104,0.31347484968774564
LOG_HLM,trimole,2,4,782,0.16244951424678034,0.5316619897603057,0.3224534459223909
LOG_HLM,trimole,3,0,782,0.21143373228466278,0.5935511314782423,0.3175081611727479
LOG_HLM,trimole,3,1,782,0.14081788965952213,0.49650658335484554,0.3297929141096416
LOG_HLM,trimole,3,2,782,0.1598845778235397,0.5984708346880934,0.32744952368567515
LOG_HLM,trimole,3,3,782,0.13465733474842334,0.5798154163054096,0.33223221128040165
LOG_HLM,trimole,3,4,782,0.2189640941035832,0.5546112910982197,0.3175694626524908
LOG_HLM,trimole,4,0,782,0.19249228332852586,0.6071285290770121,0.319412278915421
LOG_HLM,trimole,4,1,782,0.1644590250320921,0.5331927765757905,0.3268046300194686
LOG_HLM,trimole,4,2,782,0.1471953695747077,0.49503466871995344,0.33859251197435164
LOG_HLM,trimole,4,3,782,0.15094590354845983,0.5686198282777707,0.3257287665493883
LOG_HLM,trimole,4,4,782,0.1798705909074121,0.5478001955150252,0.3238437788530305
LOG_MBPB,chemeleon,0,0,451,0.6963492430252538,0.8426820474665231,0.16100344343669645
LOG_MBPB,chemeleon,0,1,451,0.7436550274751171,0.8613955922172319,0.14798081272451252
LOG_MBPB,chemeleon,0,2,451,0.6400264237978077,0.8430508783586075,0.17849516839466215
LOG_MBPB,chemeleon,0,3,451,0.7526295869377135,0.8697478796519146,0.14397592548910906
LOG_MBPB,chemeleon,0,4,451,0.7553112613824834,0.8643963693977933,0.14215462150933852
LOG_MBPB,chemeleon,1,0,451,0.7159704300235821,0.8626880373651735,0.15331005654133373
LOG_MBPB,chemeleon,1,1,451,0.7373939225097588,0.8686473759892533,0.1494225208264911
LOG_MBPB,chemeleon,1,2,451,0.7611369007220282,0.8802613015414481,0.14528841915090004
LOG_MBPB,chemeleon,1,3,451,0.7135525839468282,0.8484202817267569,0.15784144076927945
LOG_MBPB,chemeleon,1,4,451,0.7298692209237406,0.8605988678069548,0.15455539518769185
LOG_MBPB,chemeleon,2,0,451,0.7248202742408452,0.865445957857676,0.15734802981806553
LOG_MBPB,chemeleon,2,1,451,0.7438426515839384,0.8685174773987799,0.14989352684273
LOG_MBPB,chemeleon,2,2,451,0.6242652469287657,0.8215779087933226,0.18534704304588343
LOG_MBPB,chemeleon,2,3,451,0.7577749670008468,0.8674725328462103,0.14854285563894032
LOG_MBPB,chemeleon,2,4,451,0.7330119942033466,0.8596307112745748,0.1469238182945623
LOG_MBPB,chemeleon,3,0,451,0.7213541342134981,0.8581236279465478,0.15658421125247526
LOG_MBPB,chemeleon,3,1,451,0.7415835709723244,0.8606455966532319,0.1518205131691653
LOG_MBPB,chemeleon,3,2,451,0.741842001577952,0.8596911755896931,0.14468219432885843
LOG_MBPB,chemeleon,3,3,451,0.5072744520763499,0.8025366460742721,0.21689538385284984
LOG_MBPB,chemeleon,3,4,451,0.7404570460696132,0.8674862683467135,0.14581792221058293
LOG_MBPB,chemeleon,4,0,451,0.7177030753292568,0.8491366861887184,0.1559134469337694
LOG_MBPB,chemeleon,4,1,451,0.7558413968375556,0.866624827902089,0.14241503458650667
LOG_MBPB,chemeleon,4,2,451,0.7245315738660909,0.8601051092835839,0.1552416245006095
LOG_MBPB,chemeleon,4,3,451,0.584820667800322,0.8575462510306603,0.19783256807814442
LOG_MBPB,chemeleon,4,4,451,0.7513745495946561,0.8686453483677504,0.14604467857914838
LOG_MBPB,chemprop,0,0,451,0.6286194473064967,0.8052060161533295,0.18053272932886183
LOG_MBPB,chemprop,0,1,451,0.6786242885758029,0.8292402633335925,0.1665360501671273
LOG_MBPB,chemprop,0,2,451,0.5572595096389341,0.765697379653149,0.20095455805530255
LOG_MBPB,chemprop,0,3,451,0.6829146453613749,0.8354254517363747,0.16668115625598928
LOG_MBPB,chemprop,0,4,451,0.6798589814736669,0.8389585874718237,0.17294795304943975
LOG_MBPB,chemprop,1,0,451,0.6339357525193778,0.8084317266688238,0.18007139066489541
LOG_MBPB,chemprop,1,1,451,0.6911522847593201,0.8395982039243399,0.1653285811360007
LOG_MBPB,chemprop,1,2,451,0.5941650816974451,0.7813202431879362,0.18915589647168757
LOG_MBPB,chemprop,1,3,451,0.6202161706846918,0.7949736572773619,0.1817234538382657
LOG_MBPB,chemprop,1,4,451,0.6364131344986157,0.8087161169363859,0.17900938638433805
LOG_MBPB,chemprop,2,0,451,0.6534135287028342,0.816410979247409,0.1715103478978153
LOG_MBPB,chemprop,2,1,451,0.6498583299401386,0.8197193647609446,0.17779508429672683
LOG_MBPB,chemprop,2,2,451,0.6383691653543426,0.8038632729123331,0.180633813705471
LOG_MBPB,chemprop,2,3,451,0.5531618139147727,0.7844249240501499,0.20675499162794406
LOG_MBPB,chemprop,2,4,451,0.6519987777467106,0.8196954643460442,0.1788000805687115
LOG_MBPB,chemprop,3,0,451,0.6019739441224378,0.7864005071188003,0.19226723020332745
LOG_MBPB,chemprop,3,1,451,0.664713305821504,0.8195723681027027,0.17321602474790523
LOG_MBPB,chemprop,3,2,451,0.6291660189066286,0.8106255212175065,0.1837314431208392
LOG_MBPB,chemprop,3,3,451,0.650208992044089,0.8169875699322874,0.18213852765820468
LOG_MBPB,chemprop,3,4,451,0.6824305939825117,0.833675614379408,0.17088733115277638
LOG_MBPB,chemprop,4,0,451,0.670715056159148,0.8266618099724407,0.16734211518733783
LOG_MBPB,chemprop,4,1,451,0.6404466877647981,0.8099903789402145,0.1805911714577795
LOG_MBPB,chemprop,4,2,451,0.6367299810255471,0.8091755102618023,0.18212614807686753
LOG_MBPB,chemprop,4,3,451,0.6917002100490627,0.837107854326585,0.1648509794272083
LOG_MBPB,chemprop,4,4,451,0.6290387088850045,0.8118923267653473,0.1799628920215032
LOG_MBPB,chemprop_st,0,0,451,0.4024510392398627,0.7019585744536403,0.2299312982871327
LOG_MBPB,chemprop_st,0,1,451,0.5284538660069601,0.7458701192695872,0.20362565064972843
LOG_MBPB,chemprop_st,0,2,451,0.3874358772381278,0.6722097696137218,0.24060106015473715
LOG_MBPB,chemprop_st,0,3,451,0.4325082951089919,0.6962608272163183,0.2310677352067489
LOG_MBPB,chemprop_st,0,4,451,0.4735416490068791,0.747818925162415,0.2178507050519468
LOG_MBPB,chemprop_st,1,0,451,0.5079529386022981,0.7407803726284556,0.20578218340845977
LOG_MBPB,chemprop_st,1,1,451,0.3992578939242655,0.7129829254691028,0.23115090500373356
LOG_MBPB,chemprop_st,1,2,451,0.4421371312090755,0.6994490985116997,0.22648663055375204
LOG_MBPB,chemprop_st,1,3,451,0.12397783261961492,0.5993727651023074,0.2954567425537316
LOG_MBPB,chemprop_st,1,4,451,0.4454565901045874,0.7264985504670065,0.22909573563984495
LOG_MBPB,chemprop_st,2,0,451,0.3934925532805237,0.7254931535111742,0.23900357937547342
LOG_MBPB,chemprop_st,2,1,451,0.4067137637347993,0.7301836544377334,0.2322278092233496
LOG_MBPB,chemprop_st,2,2,451,0.1708401805098947,0.6052980440026221,0.28939666519362633
LOG_MBPB,chemprop_st,2,3,451,0.5436149947431719,0.7526162530250171,0.201353899403767
LOG_MBPB,chemprop_st,2,4,451,0.4889130442174472,0.7357029055756585,0.21161447929916416
LOG_MBPB,chemprop_st,3,0,451,0.4223394416240651,0.7036705410735051,0.2322602322432071
LOG_MBPB,chemprop_st,3,1,451,0.35361270169214165,0.6985902798481974,0.24651520443300656
LOG_MBPB,chemprop_st,3,2,451,0.4479180399158509,0.7182258547353451,0.22421336848402343
LOG_MBPB,chemprop_st,3,3,451,0.4441032142974052,0.7105532041542393,0.22059155035087838
LOG_MBPB,chemprop_st,3,4,451,0.45887600736555245,0.7417930302773562,0.21982085358320974
LOG_MBPB,chemprop_st,4,0,451,0.5534042583837837,0.7513223934907728,0.19751993568024534
LOG_MBPB,chemprop_st,4,1,451,0.4480069705104549,0.7195594410199185,0.22198032262711068
LOG_MBPB,chemprop_st,4,2,451,0.24700296944972988,0.6402628922504147,0.27066326735505397
LOG_MBPB,chemprop_st,4,3,451,0.3547397068769538,0.6658340663873574,0.24439097348502706
LOG_MBPB,chemprop_st,4,4,451,0.44673252734910707,0.7106055952775873,0.2277065366117153
LOG_MBPB,lgbm,0,0,451,0.5544716843901236,0.7262640437509853,0.20493495094930383
LOG_MBPB,lgbm,0,1,451,0.5677825031553024,0.7479347667559921,0.1963187276292672
LOG_MBPB,lgbm,0,2,451,0.2150253305516845,0.5692314207884207,0.27461057760275503
LOG_MBPB,lgbm,0,3,451,0.516655835717378,0.7048269033566525,0.2131421942101322
LOG_MBPB,lgbm,0,4,451,0.47365007774089274,0.6897111982316528,0.2269344765807033
LOG_MBPB,lgbm,1,0,451,0.5189711619526605,0.7292130179109365,0.2153703091567989
LOG_MBPB,lgbm,1,1,451,0.5235540408392447,0.711952474845786,0.2127400521106484
LOG_MBPB,lgbm,1,2,451,0.4155366295739902,0.669367909080441,0.24573580557466185
LOG_MBPB,lgbm,1,3,451,0.4321641058379029,0.6417937889531423,0.23869578373052136
LOG_MBPB,lgbm,1,4,451,0.550973096622855,0.7401346361987935,0.20068490860144103
LOG_MBPB,lgbm,2,0,451,0.5508101838429009,0.7441461998182116,0.20688909454356436
LOG_MBPB,lgbm,2,1,451,0.4383403186083745,0.6660482193360218,0.22309649593339384
LOG_MBPB,lgbm,2,2,451,0.4533992744867007,0.664139669289249,0.2198985321340078
LOG_MBPB,lgbm,2,3,451,0.38932544221464604,0.6830627654320248,0.2423105184513293
LOG_MBPB,lgbm,2,4,451,0.5144552780191833,0.7220080607882521,0.21396470431166167
LOG_MBPB,lgbm,3,0,451,0.4203365306673146,0.6766800145423174,0.2396215764623633
LOG_MBPB,lgbm,3,1,451,0.47407088282753373,0.7170160737301967,0.2292589174771675
LOG_MBPB,lgbm,3,2,451,0.473491602239864,0.6813551789129747,0.22788916321008504
LOG_MBPB,lgbm,3,3,451,0.45473294569077005,0.6716005307939379,0.2335349543700113
LOG_MBPB,lgbm,3,4,451,0.5510126805022557,0.7475140261748973,0.20575766078598745
LOG_MBPB,lgbm,4,0,451,0.3822638070212302,0.6794939298502645,0.24270981595749785
LOG_MBPB,lgbm,4,1,451,0.5706867067196648,0.7529169580981611,0.20872538278756506
LOG_MBPB,lgbm,4,2,451,0.4701739331649166,0.6839544294769535,0.22116878385348876
LOG_MBPB,lgbm,4,3,451,0.430179005498887,0.6543605465152367,0.22879956017465652
LOG_MBPB,lgbm,4,4,451,0.5724427289576304,0.7372111862072963,0.19753294012341244
LOG_MBPB,megacl,0,0,451,0.5628191575596071,0.7540446142163504,0.19939454092481743
LOG_MBPB,megacl,0,1,451,0.4070235811894296,0.7495644865415831,0.23155856695589302
LOG_MBPB,megacl,0,2,451,0.5661920852034065,0.7706204194601298,0.1928507737003861
LOG_MBPB,megacl,0,3,451,0.5522245202399458,0.8024969176926722,0.1983412123977736
LOG_MBPB,megacl,0,4,451,0.515508643616214,0.7324682366600421,0.2093027811895872
LOG_MBPB,megacl,1,0,451,0.5328597441930523,0.7861267782159145,0.2037877629186055
LOG_MBPB,megacl,1,1,451,0.48223107053208303,0.7778547765243033,0.21718851869260605
LOG_MBPB,megacl,1,2,451,0.5342536909628851,0.7694228146697042,0.20841891567785242
LOG_MBPB,megacl,1,3,451,0.36610487182460616,0.6870546836456746,0.25899776527099927
LOG_MBPB,megacl,1,4,451,0.5415148420438805,0.7776416146448933,0.1977545008236425
LOG_MBPB,megacl,2,0,451,0.5791877212832459,0.7869072816802245,0.18371912587065656
LOG_MBPB,megacl,2,1,451,0.6758494587410493,0.8251506759920766,0.17199503869241073
LOG_MBPB,megacl,2,2,451,0.4872936722840102,0.7163400124965951,0.2198886743858141
LOG_MBPB,megacl,2,3,451,0.5869397950947833,0.7744883616037991,0.19073806271207422
LOG_MBPB,megacl,2,4,451,0.5325283270852121,0.7840555045058394,0.2098848581038601
LOG_MBPB,megacl,3,0,451,0.48368935131353274,0.7308853837966724,0.20729386153349288
LOG_MBPB,megacl,3,1,451,0.5487195996041911,0.7995918594312438,0.2046789890943824
LOG_MBPB,megacl,3,2,451,0.5555550454864464,0.7659929294919255,0.19609770279677888
LOG_MBPB,megacl,3,3,451,0.5296847463345856,0.7914453997563392,0.20650790641508196
LOG_MBPB,megacl,3,4,451,0.5275965161694727,0.7402123357980152,0.20125077263424207
LOG_MBPB,megacl,4,0,451,0.5191582105868242,0.7465488248011483,0.20834504640933552
LOG_MBPB,megacl,4,1,451,0.6140100811164446,0.8092583157049853,0.1871546383699964
LOG_MBPB,megacl,4,2,451,0.4794145732194972,0.7478032029917973,0.2119274895025905
LOG_MBPB,megacl,4,3,451,0.5461273438690386,0.7700743604063673,0.20031375550802213
LOG_MBPB,megacl,4,4,451,0.48839516520775617,0.7796257004205892,0.21839856046722364
LOG_MBPB,moljepa,0,0,451,0.4094286778447924,0.7013976984176556,0.23878982017751796
LOG_MBPB,moljepa,0,1,451,0.3836374937603987,0.7016702270537902,0.24370400669719897
LOG_MBPB,moljepa,0,2,451,0.37320904424832746,0.7101597706966537,0.24944075524356626
LOG_MBPB,moljepa,0,3,451,0.5780671144969936,0.7906637775499954,0.20213764386409877
LOG_MBPB,moljepa,0,4,451,0.4385495252989341,0.7447468169570037,0.23643674726511388
LOG_MBPB,moljepa,1,0,451,0.5626515625000363,0.7823116846632651,0.2062367724791448
LOG_MBPB,moljepa,1,1,451,0.4390462315562843,0.741953253518784,0.2365729278713309
LOG_MBPB,moljepa,1,2,451,0.24267667202212073,0.6558511595086368,0.27347656076994203
LOG_MBPB,moljepa,1,3,451,0.33448881089323934,0.6461670739983922,0.26209037079962116
LOG_MBPB,moljepa,1,4,451,0.4718947611660981,0.7417804478466757,0.22647191003816983
LOG_MBPB,moljepa,2,0,451,0.44154982168382695,0.7274517704117364,0.2346532871614739
LOG_MBPB,moljepa,2,1,451,0.5009995565303915,0.758220860304208,0.22266318526711532
LOG_MBPB,moljepa,2,2,451,0.5243365740719039,0.750027920679061,0.2178412995842633
LOG_MBPB,moljepa,2,3,451,0.3367239590589276,0.6713617659755103,0.25419956651341896
LOG_MBPB,moljepa,2,4,451,0.5321648630962796,0.7780461578250562,0.21277058710590274
LOG_MBPB,moljepa,3,0,451,0.3230202967091579,0.67292582503295,0.2605251703108752
LOG_MBPB,moljepa,3,1,451,0.32838465945275097,0.676316531332003,0.25639316380547655
LOG_MBPB,moljepa,3,2,451,0.5344198824338057,0.7705103317330545,0.21127747804201766
LOG_MBPB,moljepa,3,3,451,0.3111740383682261,0.6689170212314653,0.25507387461628317
LOG_MBPB,moljepa,3,4,451,0.49500364306533595,0.7500178152751193,0.22023829445112558
LOG_MBPB,moljepa,4,0,451,0.5601551771875913,0.7769926703812647,0.20458871680806234
LOG_MBPB,moljepa,4,1,451,0.4663713659209222,0.7374507807182676,0.23030340398555488
LOG_MBPB,moljepa,4,2,451,0.44979912086642215,0.7310838944760248,0.2392921129445601
LOG_MBPB,moljepa,4,3,451,0.37156799773399873,0.7309532110040822,0.24908525663057737
LOG_MBPB,moljepa,4,4,451,0.5294689501900071,0.7759782382619557,0.21430940457872202
LOG_MBPB,monroe,0,0,451,0.5862889011339898,0.8184989060699084,0.19391037973131944
LOG_MBPB,monroe,0,1,451,0.6416149953658009,0.8406768985285834,0.18082775619959862
LOG_MBPB,monroe,0,2,451,0.4192159872688357,0.7904179843522975,0.23019899978634442
LOG_MBPB,monroe,0,3,451,0.6691276879987897,0.8522051037239344,0.17087117388298617
LOG_MBPB,monroe,0,4,451,0.6403253262944447,0.8382378007547024,0.181014432651436
LOG_MBPB,monroe,1,0,451,0.6307066325611679,0.8359401786313782,0.18025267918047325
LOG_MBPB,monroe,1,1,451,0.5864532624003227,0.8339193595377141,0.19152604545746485
LOG_MBPB,monroe,1,2,451,0.5448319737209435,0.8174321155657117,0.20486491943587495
LOG_MBPB,monroe,1,3,451,0.6175715561731729,0.8113969330633984,0.18955855807117186
LOG_MBPB,monroe,1,4,451,0.6232205653586389,0.8385057738200423,0.18714907019536212
LOG_MBPB,monroe,2,0,451,0.5757110335179743,0.8236505688830318,0.19728616561689802
LOG_MBPB,monroe,2,1,451,0.6278256185110624,0.847327104397602,0.18667238997878438
LOG_MBPB,monroe,2,2,451,0.47507685267282307,0.7692931777120513,0.21891975211487033
LOG_MBPB,monroe,2,3,451,0.6867752587569474,0.8571912210578352,0.16898493846708282
LOG_MBPB,monroe,2,4,451,0.5882127556700598,0.8316473770144905,0.18984232837192375
LOG_MBPB,monroe,3,0,451,0.6218355453895459,0.8263570510579644,0.18865439370167617
LOG_MBPB,monroe,3,1,451,0.44384249276773624,0.7821563426983683,0.22734906323550583
LOG_MBPB,monroe,3,2,451,0.6148330448809156,0.8384457300626633,0.18551358874181506
LOG_MBPB,monroe,3,3,451,0.5894133258775208,0.8230044771233471,0.19248382414569243
LOG_MBPB,monroe,3,4,451,0.6667125874535716,0.842324308242207,0.16933749266565631
LOG_MBPB,monroe,4,0,451,0.5999682087389717,0.8346990126836383,0.19097665605779907
LOG_MBPB,monroe,4,1,451,0.5939853829882635,0.8178850600317793,0.19204564615879252
LOG_MBPB,monroe,4,2,451,0.6324846651529497,0.8324635927534157,0.18132055236434863
LOG_MBPB,monroe,4,3,451,0.5353167556086198,0.8202989106484181,0.20613169847480747
LOG_MBPB,monroe,4,4,451,0.5466079975828393,0.8157900038306803,0.202815007686898
LOG_MBPB,trimole,0,0,451,0.4736936655995517,0.763707800132936,0.20991896566210358
LOG_MBPB,trimole,0,1,451,0.5599946657437487,0.7843942020302904,0.2073369813762916
LOG_MBPB,trimole,0,2,451,0.2463648202263201,0.6616704330315294,0.2758733628714991
LOG_MBPB,trimole,0,3,451,0.5480073922626224,0.781032647979662,0.20101927753024929
LOG_MBPB,trimole,0,4,451,0.43985303140589527,0.7395639305808133,0.21331935773213573
LOG_MBPB,trimole,1,0,451,0.49657531254447906,0.7391078465718761,0.20666867490369462
LOG_MBPB,trimole,1,1,451,0.4835802062013159,0.7428830478578857,0.2275130937824534
LOG_MBPB,trimole,1,2,451,0.29989209379294846,0.6728680051184368,0.265725128016533
LOG_MBPB,trimole,1,3,451,0.5700711593980151,0.766751452965832,0.2103831320054994
LOG_MBPB,trimole,1,4,451,0.5264774697487029,0.7536841800987311,0.21529206603717427
LOG_MBPB,trimole,2,0,451,0.5170855025574601,0.7774526638923529,0.21986063891392776
LOG_MBPB,trimole,2,1,451,0.42665853454345737,0.7288208727314079,0.22733075776256384
LOG_MBPB,trimole,2,2,451,0.12039904272402169,0.5826310677420234,0.2910271380567757
LOG_MBPB,trimole,2,3,451,0.4653518635967443,0.7329939138692529,0.2184974572355601
LOG_MBPB,trimole,2,4,451,0.5522615283145119,0.7754273291226293,0.2116759372855272
LOG_MBPB,trimole,3,0,451,0.5425870094115495,0.7734940822928632,0.19854669692348778
LOG_MBPB,trimole,3,1,451,0.42569062176472316,0.7499991987662964,0.21514213117344552
LOG_MBPB,trimole,3,2,451,0.5040197367717081,0.7612081602386759,0.21405355162792067
LOG_MBPB,trimole,3,3,451,0.49979882598590997,0.7304541129833565,0.20712256018923575
LOG_MBPB,trimole,3,4,451,0.5279683620457325,0.7581735568343876,0.21830011968465818
LOG_MBPB,trimole,4,0,451,0.5031501426898256,0.7381730476824844,0.21188479363127372
LOG_MBPB,trimole,4,1,451,0.529190291079644,0.7654278069223992,0.21939890335909165
LOG_MBPB,trimole,4,2,451,0.610581973489011,0.7823256330838256,0.19221721792064272
LOG_MBPB,trimole,4,3,451,0.46836180531893834,0.7266067101226976,0.2236704885020902
LOG_MBPB,trimole,4,4,451,0.491381843295423,0.7575297030229177,0.20981959878111267
LOG_MGMB,chemeleon,0,0,209,0.6218359289607231,0.7999704239345551,0.17476395651862703
LOG_MGMB,chemeleon,0,1,209,0.6380426013267455,0.8136595914985706,0.17592275872597815
LOG_MGMB,chemeleon,0,2,209,0.5799969589681314,0.7842378714100767,0.20818342876907087
LOG_MGMB,chemeleon,0,3,209,0.6588379128242636,0.8211831127730704,0.16194205261672143
LOG_MGMB,chemeleon,0,4,209,0.6579344871346737,0.823602443760354,0.15252760337414245
LOG_MGMB,chemeleon,1,0,209,0.6428126409398602,0.8107164336172732,0.17945116517319337
LOG_MGMB,chemeleon,1,1,209,0.670282074719842,0.8306783789434818,0.15927484599697583
LOG_MGMB,chemeleon,1,2,209,0.6544788162309927,0.8148498681674026,0.17990704385859263
LOG_MGMB,chemeleon,1,3,209,0.5917615544292796,0.7740301480839424,0.18909903760911256
LOG_MGMB,chemeleon,1,4,209,0.6245368773717985,0.8126881785131848,0.18658607337669794
LOG_MGMB,chemeleon,2,0,209,0.6330992151118281,0.8077627597631976,0.18027545531133177
LOG_MGMB,chemeleon,2,1,209,0.6483268098352053,0.803309245291632,0.16818759115606136
LOG_MGMB,chemeleon,2,2,209,0.6289020013362068,0.8014374021371133,0.2010498121424279
LOG_MGMB,chemeleon,2,3,209,0.6711975701081387,0.8162484925469025,0.16097882586815052
LOG_MGMB,chemeleon,2,4,209,0.6193366776969593,0.7935707972507248,0.17613903497065236
LOG_MGMB,chemeleon,3,0,209,0.6340045887720196,0.8013697055623537,0.17380590024616668
LOG_MGMB,chemeleon,3,1,209,0.665894858116922,0.8127157829417274,0.16857737159840985
LOG_MGMB,chemeleon,3,2,209,0.6692434833027581,0.8175577311577876,0.16460094237407527
LOG_MGMB,chemeleon,3,3,209,0.6429994826176955,0.8139796714200068,0.19197610059452888
LOG_MGMB,chemeleon,3,4,209,0.6621793368666014,0.808003312640499,0.16502131853903618
LOG_MGMB,chemeleon,4,0,209,0.6367870770269723,0.8020624452691173,0.16930732803904452
LOG_MGMB,chemeleon,4,1,209,0.6556224006170888,0.8122997447686902,0.16198590046146985
LOG_MGMB,chemeleon,4,2,209,0.6830533632590129,0.8178324609466181,0.15786368834390654
LOG_MGMB,chemeleon,4,3,209,0.5885432184199492,0.7931251829042487,0.2064894886378216
LOG_MGMB,chemeleon,4,4,209,0.6594154261591798,0.8203786408555385,0.16192210714222813
LOG_MGMB,chemprop,0,0,209,0.604583682702827,0.7654182236268993,0.1876776247234417
LOG_MGMB,chemprop,0,1,209,0.6250026064117173,0.786445568445199,0.17052911186298625
LOG_MGMB,chemprop,0,2,209,0.5803900686616652,0.7441227215027557,0.204655526736019
LOG_MGMB,chemprop,0,3,209,0.6325694797779768,0.7912835731714675,0.17488866164680994
LOG_MGMB,chemprop,0,4,209,0.6439608585600993,0.7823226498678479,0.18329626574834132
LOG_MGMB,chemprop,1,0,209,0.6347479664263804,0.7854412930448813,0.17644562451749318
LOG_MGMB,chemprop,1,1,209,0.6276273089914866,0.7846986024674213,0.1796937507373389
LOG_MGMB,chemprop,1,2,209,0.6006445570900298,0.7587556976236142,0.19034859233840187
LOG_MGMB,chemprop,1,3,209,0.5808470910520673,0.7525157822763526,0.19825906717181366
LOG_MGMB,chemprop,1,4,209,0.6138039154294218,0.7634011285983817,0.1820834295658654
LOG_MGMB,chemprop,2,0,209,0.6115281205742924,0.7737422733291394,0.18871202693405176
LOG_MGMB,chemprop,2,1,209,0.6388129551881583,0.7774905603762673,0.17165742027279782
LOG_MGMB,chemprop,2,2,209,0.6308971251963459,0.7813420354062812,0.18640237779234897
LOG_MGMB,chemprop,2,3,209,0.5975564724094882,0.7627517672793281,0.1940733811187911
LOG_MGMB,chemprop,2,4,209,0.6233114073489615,0.784744609848326,0.18440071226370922
LOG_MGMB,chemprop,3,0,209,0.5850021851221698,0.7570080743975379,0.20366359339675696
LOG_MGMB,chemprop,3,1,209,0.6252694884625362,0.78248564744591,0.18311082453049918
LOG_MGMB,chemprop,3,2,209,0.6270664348911604,0.7774688711824123,0.18492330404859306
LOG_MGMB,chemprop,3,3,209,0.6141585546325237,0.7685835314331361,0.17935993265118028
LOG_MGMB,chemprop,3,4,209,0.6220676134176948,0.7809325697162302,0.18181435365202284
LOG_MGMB,chemprop,4,0,209,0.6292423641687153,0.7830193330644033,0.17878989975193882
LOG_MGMB,chemprop,4,1,209,0.5819342891925031,0.7594523808201696,0.18854886825920164
LOG_MGMB,chemprop,4,2,209,0.6214209385385305,0.7653393538310629,0.1851623281102977
LOG_MGMB,chemprop,4,3,209,0.6481190833047029,0.8001958601009878,0.17382811871983286
LOG_MGMB,chemprop,4,4,209,0.6065791604534551,0.7564257524049453,0.19480647095849352
LOG_MGMB,chemprop_st,0,0,209,0.30702441912318745,0.41231683317045786,0.3002586851253287
LOG_MGMB,chemprop_st,0,1,209,0.17197136157504211,0.29875878662852134,0.3169870849539201
LOG_MGMB,chemprop_st,0,2,209,0.308160632925637,0.45865809621076886,0.29836773900618546
LOG_MGMB,chemprop_st,0,3,209,0.2599999436848903,0.32682328898032936,0.31300083320732464
LOG_MGMB,chemprop_st,0,4,209,0.2054965354539845,0.2792956927609782,0.32410874845061216
LOG_MGMB,chemprop_st,1,0,209,0.3103343534283237,0.4400671708355173,0.29791160929060334
LOG_MGMB,chemprop_st,1,1,209,0.26685589102268636,0.3437658356225989,0.3085599798616405
LOG_MGMB,chemprop_st,1,2,209,0.22363659220425314,0.2976204325752817,0.3099687134308876
LOG_MGMB,chemprop_st,1,3,209,0.36811524074285107,0.5538171338806559,0.27994341538401185
LOG_MGMB,chemprop_st,1,4,209,0.2791079378606428,0.40899838651063863,0.3046522879344916
LOG_MGMB,chemprop_st,2,0,209,0.2952146340418206,0.35002809741201407,0.29599747033487545
LOG_MGMB,chemprop_st,2,1,209,0.23464197300290945,0.3348213435264453,0.3131078302424614
LOG_MGMB,chemprop_st,2,2,209,0.30480850721932906,0.34160677496157565,0.29647496579020105
LOG_MGMB,chemprop_st,2,3,209,0.281966072495094,0.35501003951568394,0.30721975873605006
LOG_MGMB,chemprop_st,2,4,209,0.3631793367617193,0.5005511027659034,0.2810755246091538
LOG_MGMB,chemprop_st,3,0,209,0.2753270341118891,0.4436642907739587,0.3083802951424972
LOG_MGMB,chemprop_st,3,1,209,0.11247028478481891,0.38245278497698115,0.3564802972687858
LOG_MGMB,chemprop_st,3,2,209,0.3057046996635796,0.2843768793577423,0.2981751497909327
LOG_MGMB,chemprop_st,3,3,209,0.27432526543313474,0.39946697168380213,0.3026725377281733
LOG_MGMB,chemprop_st,3,4,209,0.3520610017552144,0.4834495020353637,0.28299279439869984
LOG_MGMB,chemprop_st,4,0,209,0.17883264253142805,0.40502926403516865,0.33886004926182856
LOG_MGMB,chemprop_st,4,1,209,0.34388944967102564,0.38460132966522614,0.28282636606023165
LOG_MGMB,chemprop_st,4,2,209,0.2934640460397727,0.407407188379638,0.30441540885459245
LOG_MGMB,chemprop_st,4,3,209,0.33527686278939317,0.4185567485177194,0.28661672107571423
LOG_MGMB,chemprop_st,4,4,209,0.323923687903948,0.394987167280291,0.2883324227006667
LOG_MGMB,lgbm,0,0,209,0.39573334109411296,0.6657232789156577,0.27220498350257083
LOG_MGMB,lgbm,0,1,209,0.42386463091294035,0.6309339346813045,0.26205260616991294
LOG_MGMB,lgbm,0,2,209,0.20964277234005413,0.6038907051214023,0.3159090241605453
LOG_MGMB,lgbm,0,3,209,0.2325435932011355,0.6210515869085438,0.310422204042139
LOG_MGMB,lgbm,0,4,209,0.31266532338923725,0.6594263315040514,0.2947147973422608
LOG_MGMB,lgbm,1,0,209,0.17705320047550488,0.608949739219456,0.3260217054702726
LOG_MGMB,lgbm,1,1,209,0.13161738288797786,0.5136506680447758,0.3305420225102093
LOG_MGMB,lgbm,1,2,209,-0.157085433773426,0.5682279907882655,0.3857292159230215
LOG_MGMB,lgbm,1,3,209,0.17727603473997988,0.5662169486984207,0.3269958929803742
LOG_MGMB,lgbm,1,4,209,0.16753487390972,0.6094386256991673,0.3247648640459638
LOG_MGMB,lgbm,2,0,209,0.3643511052256514,0.6532832850515877,0.28319946710563226
LOG_MGMB,lgbm,2,1,209,0.2695946148750843,0.5879625293708113,0.29897729706601095
LOG_MGMB,lgbm,2,2,209,0.5723811208582171,0.7020375851506958,0.21358629121309053
LOG_MGMB,lgbm,2,3,209,0.2432752607067744,0.6476323586637488,0.30755749534143756
LOG_MGMB,lgbm,2,4,209,0.3027836053536964,0.6088958572580432,0.2960889282199876
LOG_MGMB,lgbm,3,0,209,0.16663000315352372,0.5021640198929724,0.32462622275446573
LOG_MGMB,lgbm,3,1,209,0.13012648902671053,0.5816591848672663,0.32650795450354275
LOG_MGMB,lgbm,3,2,209,0.413230957898015,0.6675124459755165,0.2669003355232522
LOG_MGMB,lgbm,3,3,209,0.10699099838127468,0.493330534224387,0.3320991423549868
LOG_MGMB,lgbm,3,4,209,0.3405895025161113,0.6762341305469163,0.2867530877482144
LOG_MGMB,lgbm,4,0,209,0.33148705695124103,0.6344181818665305,0.29263305569676396
LOG_MGMB,lgbm,4,1,209,0.42311935436018766,0.6799167250022747,0.26718101757699997
LOG_MGMB,lgbm,4,2,209,0.15517409843573438,0.5114748293677337,0.32640972948820224
LOG_MGMB,lgbm,4,3,209,0.18960979461546634,0.6177763172023102,0.32257320438328074
LOG_MGMB,lgbm,4,4,209,0.4075281087611261,0.6135765756041561,0.26176096202868226
LOG_MGMB,megacl,0,0,209,0.435695197284223,0.7253030737195785,0.21598041972029722
LOG_MGMB,megacl,0,1,209,0.5387051758438558,0.726403307371497,0.20969189543804875
LOG_MGMB,megacl,0,2,209,0.2626750222493357,0.6224207112924058,0.2961048342562994
LOG_MGMB,megacl,0,3,209,0.49446875735757967,0.7206793319386657,0.2181360337524652
LOG_MGMB,megacl,0,4,209,0.4385769657660854,0.7339550903228385,0.22218189303472702
LOG_MGMB,megacl,1,0,209,0.21297267056730296,0.6088261874833942,0.3294995116979166
LOG_MGMB,megacl,1,1,209,0.5806994527719747,0.7472144174995451,0.19780910756705086
LOG_MGMB,megacl,1,2,209,0.5030671569069418,0.7238630426972643,0.22161532767796951
LOG_MGMB,megacl,1,3,209,0.5096970613054772,0.6921731587301736,0.22855812541034043
LOG_MGMB,megacl,1,4,209,0.38351065645264726,0.717170283272242,0.25566266657553327
LOG_MGMB,megacl,2,0,209,0.3475831573826893,0.7455285756135408,0.23017550120383606
LOG_MGMB,megacl,2,1,209,0.4346182175269475,0.6981219130811387,0.22654220319687146
LOG_MGMB,megacl,2,2,209,0.36081130847057563,0.6314217267422423,0.25379484596536583
LOG_MGMB,megacl,2,3,209,0.3930941711108309,0.728729309100374,0.24645657456129794
LOG_MGMB,megacl,2,4,209,0.4297422323315856,0.7054679773150067,0.24338421359272114
LOG_MGMB,megacl,3,0,209,0.5070141485259956,0.7038662632112278,0.22334417446510005
LOG_MGMB,megacl,3,1,209,0.49976577522475363,0.7221857450391423,0.2346675837276041
LOG_MGMB,megacl,3,2,209,0.544269746493212,0.7306872517820143,0.20530355211538479
LOG_MGMB,megacl,3,3,209,0.4475272721634028,0.7191275687055834,0.21767998965196533
LOG_MGMB,megacl,3,4,209,0.40315248749998056,0.6812818971734567,0.26396140379589583
LOG_MGMB,megacl,4,0,209,0.5652795838734944,0.735138794508684,0.20686171707875767
LOG_MGMB,megacl,4,1,209,0.32512364432739094,0.7244512799245446,0.24423606883564908
LOG_MGMB,megacl,4,2,209,0.5252781901916554,0.7000962869702448,0.22560580270115882
LOG_MGMB,megacl,4,3,209,0.4568579414155607,0.721032274275034,0.2376126803507058
LOG_MGMB,megacl,4,4,209,0.5707439235687675,0.7646111227161728,0.20700757622407304
LOG_MGMB,moljepa,0,0,209,0.5022498055168323,0.697255659823535,0.2182556786375332
LOG_MGMB,moljepa,0,1,209,0.5359687380075564,0.7047912431750655,0.21650780544037035
LOG_MGMB,moljepa,0,2,209,0.34217756109081676,0.5992053868879429,0.27125402281514227
LOG_MGMB,moljepa,0,3,209,0.5356890673081954,0.7104794955921151,0.20677114174609948
LOG_MGMB,moljepa,0,4,209,0.5349163159800745,0.7139549305901746,0.21883255256224587
LOG_MGMB,moljepa,1,0,209,0.5099652310307874,0.7077512579044722,0.22150027678923154
LOG_MGMB,moljepa,1,1,209,0.5796194874876923,0.7550862803723226,0.2094136975494999
LOG_MGMB,moljepa,1,2,209,0.4159952467239476,0.6508848206097854,0.25586604961679044
LOG_MGMB,moljepa,1,3,209,0.43949442023598706,0.6576952274802639,0.251193967065516
LOG_MGMB,moljepa,1,4,209,0.5524247222500711,0.7115810437406311,0.20516839195382014
LOG_MGMB,moljepa,2,0,209,0.5515493246217923,0.7194022984944138,0.21224564389435327
LOG_MGMB,moljepa,2,1,209,0.4720251242998381,0.6717261641595706,0.22750661078286058
LOG_MGMB,moljepa,2,2,209,0.5889075965796147,0.746689276108934,0.20612582164638077
LOG_MGMB,moljepa,2,3,209,0.5109591485328389,0.6854541093732056,0.21635027415319955
LOG_MGMB,moljepa,2,4,209,0.493026844812415,0.6814280302258182,0.2239882431911305
LOG_MGMB,moljepa,3,0,209,0.4379792425005643,0.6556629025798869,0.24788153281216188
LOG_MGMB,moljepa,3,1,209,0.4678244071686125,0.6552666950167993,0.2280164704513461
LOG_MGMB,moljepa,3,2,209,0.5559816949548724,0.7222264944336577,0.21265490336476522
LOG_MGMB,moljepa,3,3,209,0.5692067146747453,0.7374411352988102,0.20098466268595055
LOG_MGMB,moljepa,3,4,209,0.4868607406231087,0.679312347257252,0.22063787127054477
LOG_MGMB,moljepa,4,0,209,0.49837679197603424,0.6876171135240206,0.2229727849503646
LOG_MGMB,moljepa,4,1,209,0.5349005437026377,0.7103596860286416,0.20869791912193564
LOG_MGMB,moljepa,4,2,209,0.5504488581175542,0.7320858761615142,0.21209608305116545
LOG_MGMB,moljepa,4,3,209,0.40381866443784875,0.6514220065392923,0.2500326149701774
LOG_MGMB,moljepa,4,4,209,0.5126194773007675,0.6994423249131009,0.22494807439776868
LOG_MGMB,monroe,0,0,209,0.6019761685838685,0.7957988689831048,0.1996775730813355
LOG_MGMB,monroe,0,1,209,0.5974251111614157,0.8027637292037632,0.20662114077581314
LOG_MGMB,monroe,0,2,209,0.39486589430589736,0.7467089935578931,0.27062127693094096
LOG_MGMB,monroe,0,3,209,0.5979962100426339,0.7889680874153685,0.20375992626559508
LOG_MGMB,monroe,0,4,209,0.6578125104107846,0.8057154313129429,0.16193827856209728
LOG_MGMB,monroe,1,0,209,0.6476844438323526,0.8088735093878944,0.18356971573643766
LOG_MGMB,monroe,1,1,209,0.6454024317025562,0.7814695415762168,0.17173627108720957
LOG_MGMB,monroe,1,2,209,0.5163786205052308,0.7817015502256357,0.23503802621669634
LOG_MGMB,monroe,1,3,209,0.5864917260430755,0.7732493371051615,0.2132028994450008
LOG_MGMB,monroe,1,4,209,0.5997253329237598,0.8024784834421547,0.20530587430675906
LOG_MGMB,monroe,2,0,209,0.623812342259957,0.8088123852961212,0.19474883176282168
LOG_MGMB,monroe,2,1,209,0.6032293914466582,0.7923161102486264,0.20494007228579764
LOG_MGMB,monroe,2,2,209,0.6311815683835678,0.7936483525499639,0.1932484300385895
LOG_MGMB,monroe,2,3,209,0.6272934479990335,0.8031146997952353,0.19292519978490996
LOG_MGMB,monroe,2,4,209,0.6456072027933957,0.8052008058951099,0.1844951968634733
LOG_MGMB,monroe,3,0,209,0.639373847456144,0.7993236916086962,0.18414610469451445
LOG_MGMB,monroe,3,1,209,0.4305238384300968,0.736564366068428,0.25638951570324636
LOG_MGMB,monroe,3,2,209,0.632772373243673,0.8006289867297895,0.18551220581875216
LOG_MGMB,monroe,3,3,209,0.6415248765685306,0.7747386617498734,0.16848401536665253
LOG_MGMB,monroe,3,4,209,0.5887407135590915,0.7895990457820603,0.20528934568772156
LOG_MGMB,monroe,4,0,209,0.6180742680738169,0.8181413676469775,0.2026628688266331
LOG_MGMB,monroe,4,1,209,0.6207368293267255,0.8069201674443448,0.19475979260795606
LOG_MGMB,monroe,4,2,209,0.6619729625736666,0.811283638898997,0.18072736553409177
LOG_MGMB,monroe,4,3,209,0.23408146942976538,0.7025241621854107,0.3080075285769879
LOG_MGMB,monroe,4,4,209,0.6490262149548064,0.8117161082795004,0.1812074787774721
LOG_MGMB,trimole,0,0,209,0.45270699651385116,0.7008212318436416,0.24709006490085936
LOG_MGMB,trimole,0,1,209,0.5117616932766599,0.7218497801072736,0.2291505115844068
LOG_MGMB,trimole,0,2,209,0.5266102261033137,0.7358676270990449,0.23455296280214674
LOG_MGMB,trimole,0,3,209,0.4013831375768244,0.6739716817406868,0.22761277850814007
LOG_MGMB,trimole,0,4,209,0.6156651717591339,0.7614307432326697,0.1939166247646268
LOG_MGMB,trimole,1,0,209,0.5245666768983877,0.7430204885399415,0.2318514864583849
LOG_MGMB,trimole,1,1,209,0.49872828224504884,0.7170092574390757,0.21264268060207545
LOG_MGMB,trimole,1,2,209,0.45993314653806694,0.6984137313257337,0.24598093478729005
LOG_MGMB,trimole,1,3,209,0.38285598041284374,0.6454901265745712,0.2569887273609875
LOG_MGMB,trimole,1,4,209,0.5574886786869117,0.7249376436655363,0.2241897093755277
LOG_MGMB,trimole,2,0,209,0.5269163335130755,0.7413208720056653,0.22784348682534697
LOG_MGMB,trimole,2,1,209,0.4354237750439689,0.6798310734291546,0.2261339822794321
LOG_MGMB,trimole,2,2,209,0.5903541208224891,0.7558605188681174,0.2099359652524494
LOG_MGMB,trimole,2,3,209,0.5139383082405405,0.705610600195811,0.23334529260406914
LOG_MGMB,trimole,2,4,209,0.3834223596379893,0.6715411679477586,0.23060592925611126
LOG_MGMB,trimole,3,0,209,0.4931526870095563,0.723408884122906,0.21759582774930725
LOG_MGMB,trimole,3,1,209,0.3760026189344673,0.6803755517696359,0.2612065983411361
LOG_MGMB,trimole,3,2,209,0.530327173393209,0.7463468497453439,0.20832653932492715
LOG_MGMB,trimole,3,3,209,0.5743423506287544,0.7498000323063837,0.1989121827360176
LOG_MGMB,trimole,3,4,209,0.41958482284087595,0.6709657278780473,0.2402286579578139
LOG_MGMB,trimole,4,0,209,0.5903431977852618,0.7750153632835997,0.19758386373707898
LOG_MGMB,trimole,4,1,209,0.46982842131297087,0.7164466528954423,0.24528084744638792
LOG_MGMB,trimole,4,2,209,0.4695389106000022,0.6832345818687078,0.21981095042615528
LOG_MGMB,trimole,4,3,209,0.424611730996874,0.6758569697165053,0.2446119172483203
LOG_MGMB,trimole,4,4,209,0.5109761438071287,0.7197762727763383,0.2242385474427111
LOG_MLM,chemeleon,0,0,1170,0.17398866435196514,0.5044663955097545,0.39097135665118105
LOG_MLM,chemeleon,0,1,1170,0.21437763885865124,0.49658840278562494,0.3823993101934538
LOG_MLM,chemeleon,0,2,1170,-0.14226085409548328,0.4543196491132054,0.44953622501092466
LOG_MLM,chemeleon,0,3,1170,0.23428360935467496,0.4500852088014931,0.38033352295105166
LOG_MLM,chemeleon,0,4,1170,0.2965772545410732,0.526888575725523,0.3635398384441495
LOG_MLM,chemeleon,1,0,1170,0.1914581973001016,0.49877807872671504,0.3870149613076978
LOG_MLM,chemeleon,1,1,1170,0.0976096870888904,0.4077742894712815,0.41195557041876735
LOG_MLM,chemeleon,1,2,1170,0.09975439212562498,0.4847518231947054,0.41230807715771983
LOG_MLM,chemeleon,1,3,1170,0.1729596894363442,0.462646539331941,0.3896392921639395
LOG_MLM,chemeleon,1,4,1170,0.13904149868929205,0.47649543806825045,0.4010668828534159
LOG_MLM,chemeleon,2,0,1170,0.20537413699904505,0.501616902022272,0.38152765881861167
LOG_MLM,chemeleon,2,1,1170,0.1660557141000738,0.4535315476117243,0.3886875202439612
LOG_MLM,chemeleon,2,2,1170,0.15480544844345023,0.4645350391459037,0.3999902391420614
LOG_MLM,chemeleon,2,3,1170,0.16806186303457693,0.474745743498228,0.3945891440895038
LOG_MLM,chemeleon,2,4,1170,0.3202261082707042,0.5336871171261992,0.3513883082708058
LOG_MLM,chemeleon,3,0,1170,0.06312546146362252,0.44613917935384306,0.4156525583955474
LOG_MLM,chemeleon,3,1,1170,0.07024991725924756,0.4322112493536513,0.41438797151999945
LOG_MLM,chemeleon,3,2,1170,0.26535209430649387,0.5231928430170705,0.3763292034084349
LOG_MLM,chemeleon,3,3,1170,0.13623000954151754,0.49250117236811203,0.4022706510232299
LOG_MLM,chemeleon,3,4,1170,0.14419882095260217,0.5233181843174172,0.40248841381151285
LOG_MLM,chemeleon,4,0,1170,0.13321839457972606,0.5119533372824318,0.40248390656867516
LOG_MLM,chemeleon,4,1,1170,0.15149302672070974,0.47328127638434325,0.39286156608982664
LOG_MLM,chemeleon,4,2,1170,0.037595294830718884,0.40773217735728723,0.42411788783905024
LOG_MLM,chemeleon,4,3,1170,-0.3696485063534751,0.5016411363719171,0.5017719825205474
LOG_MLM,chemeleon,4,4,1170,0.2580210000161184,0.5433591962932913,0.3669840842423732
LOG_MLM,chemprop,0,0,1170,0.06127099817639725,0.41114966722851604,0.4213470919732719
LOG_MLM,chemprop,0,1,1170,0.04820798904107493,0.431186649280709,0.4249493417165521
LOG_MLM,chemprop,0,2,1170,-0.06803656900118615,0.4159763150272305,0.4387806551068877
LOG_MLM,chemprop,0,3,1170,0.038752029545178424,0.4263621376306459,0.4291127487413986
LOG_MLM,chemprop,0,4,1170,-0.029373395944158665,0.38297434175213907,0.4446319944151609
LOG_MLM,chemprop,1,0,1170,0.1159289604753252,0.47977096850000567,0.4043603172594301
LOG_MLM,chemprop,1,1,1170,0.08994458557168494,0.43761404536900983,0.4177761871576979
LOG_MLM,chemprop,1,2,1170,-0.022705141636631287,0.3944260628582171,0.4442706668099151
LOG_MLM,chemprop,1,3,1170,0.07328964927263071,0.4261960665395839,0.412954714864775
LOG_MLM,chemprop,1,4,1170,0.07004758885185813,0.39628419949682675,0.41722475626322353
LOG_MLM,chemprop,2,0,1170,0.06816058078491127,0.41051656216915783,0.4199106591584042
LOG_MLM,chemprop,2,1,1170,0.12513118882590235,0.46011487669917733,0.4071716679119304
LOG_MLM,chemprop,2,2,1170,-0.033856788001059845,0.36368629506768696,0.43348358723627534
LOG_MLM,chemprop,2,3,1170,-0.012057003706335001,0.4169887256834598,0.4389930337239231
LOG_MLM,chemprop,2,4,1170,0.1111810288262044,0.44473066126763694,0.41033010420797666
LOG_MLM,chemprop,3,0,1170,0.0003439751240003064,0.4231408189598805,0.4341842609869698
LOG_MLM,chemprop,3,1,1170,-0.08010206855187829,0.35920706361804855,0.4555273534576382
LOG_MLM,chemprop,3,2,1170,0.11395787556884196,0.41930959267288337,0.40678850888644086
LOG_MLM,chemprop,3,3,1170,0.08979087568507216,0.41674527221052954,0.4135464166959384
LOG_MLM,chemprop,3,4,1170,0.06892299893294229,0.4051390727343118,0.4191469066583972
LOG_MLM,chemprop,4,0,1170,0.10607973642931612,0.42504949221579175,0.40832223213017915
LOG_MLM,chemprop,4,1,1170,0.042845101419763165,0.4028998502857985,0.42616712817559654
LOG_MLM,chemprop,4,2,1170,-0.08431108291473466,0.38764910175195755,0.45324157402179155
LOG_MLM,chemprop,4,3,1170,-0.061954617925054745,0.34541968234054726,0.44504137755240963
LOG_MLM,chemprop,4,4,1170,-0.01895776686683437,0.4718044008736818,0.4319032849831514
LOG_MLM,chemprop_st,0,0,1170,0.16073696006521676,0.4449430865533686,0.39212619603529564
LOG_MLM,chemprop_st,0,1,1170,0.02255960242309063,0.39499285218744373,0.4286040943745808
LOG_MLM,chemprop_st,0,2,1170,-0.09540131438884858,0.3838690833832056,0.4422071013983245
LOG_MLM,chemprop_st,0,3,1170,-0.04179553111608625,0.3810820132895033,0.4473672963592833
LOG_MLM,chemprop_st,0,4,1170,-0.1673734879375941,0.31136090818583706,0.4661829262171334
LOG_MLM,chemprop_st,1,0,1170,0.17623012586109155,0.49311462096853903,0.3935577889887069
LOG_MLM,chemprop_st,1,1,1170,-0.006097249825879114,0.37877901955442705,0.4354737093804709
LOG_MLM,chemprop_st,1,2,1170,-0.2547182650407156,0.3778619953585191,0.4871292036824037
LOG_MLM,chemprop_st,1,3,1170,-0.01115174076251746,0.3679609385290956,0.43761176919084466
LOG_MLM,chemprop_st,1,4,1170,-0.06496052167208921,0.4333361300799969,0.4436644997823807
LOG_MLM,chemprop_st,2,0,1170,-0.05899230711949888,0.40382793035555725,0.4435142747304959
LOG_MLM,chemprop_st,2,1,1170,0.0860706171868294,0.4351328435623962,0.41101263855527925
LOG_MLM,chemprop_st,2,2,1170,-0.16674672926649015,0.3357170632748906,0.46855065248089595
LOG_MLM,chemprop_st,2,3,1170,0.11408880561747936,0.46011519138233925,0.40598783608064276
LOG_MLM,chemprop_st,2,4,1170,0.1246130804637019,0.48662592534955573,0.405488871016808
LOG_MLM,chemprop_st,3,0,1170,-0.10508532354253175,0.3748500878919041,0.450876616339369
LOG_MLM,chemprop_st,3,1,1170,0.04433926816981648,0.44408845287395393,0.42757740723397747
LOG_MLM,chemprop_st,3,2,1170,0.11498207490003509,0.4196098566027087,0.4025866745633621
LOG_MLM,chemprop_st,3,3,1170,0.005982609369544867,0.4013380672695366,0.4263302107058613
LOG_MLM,chemprop_st,3,4,1170,0.07701742562314173,0.44010109878394255,0.41496753538363773
LOG_MLM,chemprop_st,4,0,1170,-0.09665704853766433,0.42153079500947593,0.44908761218457915
LOG_MLM,chemprop_st,4,1,1170,0.08677173771503788,0.46308658238616573,0.41888860329688843
LOG_MLM,chemprop_st,4,2,1170,0.04236195881258209,0.4137515088191894,0.4228415033503993
LOG_MLM,chemprop_st,4,3,1170,-0.19203569795931275,0.3337968666248874,0.4711750226862104
LOG_MLM,chemprop_st,4,4,1170,0.03419673969884418,0.4437873123267492,0.4261973107231367
LOG_MLM,lgbm,0,0,1170,0.038433419402686075,0.42747654303713667,0.41920040043953394
LOG_MLM,lgbm,0,1,1170,0.10625529999617334,0.38993840676554703,0.4103027441047957
LOG_MLM,lgbm,0,2,1170,0.0885774370382938,0.4506928769948207,0.4032209964355386
LOG_MLM,lgbm,0,3,1170,0.14780306845247404,0.46708119354886984,0.4002038390405023
LOG_MLM,lgbm,0,4,1170,0.145064995094198,0.484775427475581,0.3937867512745812
LOG_MLM,lgbm,1,0,1170,0.08053537144223133,0.4078159663098131,0.41289530873128183
LOG_MLM,lgbm,1,1,1170,0.15194109755821894,0.4541427304785802,0.39505686674636453
LOG_MLM,lgbm,1,2,1170,-0.009670294022467552,0.4422895374325247,0.4241367871783593
LOG_MLM,lgbm,1,3,1170,0.07734902855491088,0.43058647443417064,0.4088608220441939
LOG_MLM,lgbm,1,4,1170,-0.006841861808085659,0.41280101281855425,0.4302798538040943
LOG_MLM,lgbm,2,0,1170,0.09659654756225466,0.42486840700157286,0.40514739586587667
LOG_MLM,lgbm,2,1,1170,0.1330399099583779,0.4323684799458323,0.4040121456747124
LOG_MLM,lgbm,2,2,1170,0.022399536373226003,0.4621449502588087,0.42123442695771823
LOG_MLM,lgbm,2,3,1170,0.07241862899937923,0.4201896349143982,0.4156759306447392
LOG_MLM,lgbm,2,4,1170,-0.02406514076717592,0.46260845232971154,0.4338618956314017
LOG_MLM,lgbm,3,0,1170,0.0743176353168381,0.3685809753121319,0.4108403613187216
LOG_MLM,lgbm,3,1,1170,-0.03908637038949969,0.43161569497867314,0.4320110615015378
LOG_MLM,lgbm,3,2,1170,0.06281406074771456,0.447568637733657,0.41105800646591384
LOG_MLM,lgbm,3,3,1170,0.24289488173417195,0.5405618215527442,0.36938471114693094
LOG_MLM,lgbm,3,4,1170,0.0910608042115083,0.4643175577696212,0.40735188157271635
LOG_MLM,lgbm,4,0,1170,0.09235482285926733,0.4645051008947609,0.41225553537812526
LOG_MLM,lgbm,4,1,1170,0.09600889389073186,0.3853506077482499,0.4116517213916154
LOG_MLM,lgbm,4,2,1170,0.15289830037168906,0.45172994243547426,0.395292327648705
LOG_MLM,lgbm,4,3,1170,0.12318296920712768,0.44987830955049163,0.4029104462258676
LOG_MLM,lgbm,4,4,1170,0.08906942377104887,0.44434249123174746,0.41023333514774085
LOG_MLM,megacl,0,0,1170,-0.10402807461648989,0.34362250678480194,0.44923001297802795
LOG_MLM,megacl,0,1,1170,-0.08499172229033403,0.3610960885803203,0.45347542585875494
LOG_MLM,megacl,0,2,1170,0.009131296910623865,0.3600322565225727,0.4304355449944014
LOG_MLM,megacl,0,3,1170,0.09194668360251401,0.4297499625003192,0.4162156320060407
LOG_MLM,megacl,0,4,1170,0.023804504630086543,0.4306155464297363,0.43027157035892305
LOG_MLM,megacl,1,0,1170,0.20805388299490724,0.5305192129804879,0.3844300372074036
LOG_MLM,megacl,1,1,1170,0.165857515978018,0.4297854842352603,0.3983752915603844
LOG_MLM,megacl,1,2,1170,0.17781799572114476,0.45740512875381495,0.3915013765953332
LOG_MLM,megacl,1,3,1170,0.06321337919512804,0.3865416305593277,0.4196912944151479
LOG_MLM,megacl,1,4,1170,0.12086858399300804,0.42978734611063113,0.4060644475361934
LOG_MLM,megacl,2,0,1170,-0.019288612311731956,0.4474880649808788,0.433748566382912
LOG_MLM,megacl,2,1,1170,0.0812529618127471,0.4773416744301846,0.4204407210589871
LOG_MLM,megacl,2,2,1170,0.04939241011447648,0.4387852128584974,0.42524835836012864
LOG_MLM,megacl,2,3,1170,0.11575771850130112,0.43171308611377074,0.41069203421073036
LOG_MLM,megacl,2,4,1170,0.0325147717641191,0.4540818039857231,0.43112570101528175
LOG_MLM,megacl,3,0,1170,0.2345487628507441,0.5425174947776819,0.37435418954892224
LOG_MLM,megacl,3,1,1170,0.03981142430266782,0.35243338560656556,0.41998271888350086
LOG_MLM,megacl,3,2,1170,-0.0775347514710174,0.3434624273550676,0.45172061239521033
LOG_MLM,megacl,3,3,1170,0.14066563287746836,0.4778167036479075,0.3944665159600101
LOG_MLM,megacl,3,4,1170,0.09417958336859489,0.462114469180309,0.40647186034262633
LOG_MLM,megacl,4,0,1170,0.1131117791421995,0.40041168424577545,0.40978013881850006
LOG_MLM,megacl,4,1,1170,-0.037623796792933595,0.3697241188277797,0.44176413402787923
LOG_MLM,megacl,4,2,1170,0.10332469089648,0.40797322091258365,0.41235530271942256
LOG_MLM,megacl,4,3,1170,-0.18446440946723253,0.34452852210356083,0.47519509443319463
LOG_MLM,megacl,4,4,1170,-0.12594636082027955,0.46531641154863235,0.45344062880778346
LOG_MLM,moljepa,0,0,1170,0.13811928680252328,0.39401979491954275,0.395984680940369
LOG_MLM,moljepa,0,1,1170,0.07781939627185142,0.39115584400510367,0.4063845215242296
LOG_MLM,moljepa,0,2,1170,-0.07154588721017885,0.32526047706830036,0.4313603702048316
LOG_MLM,moljepa,0,3,1170,0.13565350676968635,0.42299037843496057,0.38992170226448936
LOG_MLM,moljepa,0,4,1170,0.04708323782260582,0.36072602320902825,0.41579388532287836
LOG_MLM,moljepa,1,0,1170,0.050337185701556986,0.40997950376766934,0.4090175682175355
LOG_MLM,moljepa,1,1,1170,0.07709395430080757,0.3948527544945432,0.407553303704667
LOG_MLM,moljepa,1,2,1170,-0.1612481973477411,0.2648672444082578,0.45558120580272504
LOG_MLM,moljepa,1,3,1170,0.11152409683520403,0.37097159940248114,0.3952272397684377
LOG_MLM,moljepa,1,4,1170,-0.001501095095267857,0.3751481567670234,0.42727118078848664
LOG_MLM,moljepa,2,0,1170,0.12987924577488907,0.45132641622906833,0.39495292013080197
LOG_MLM,moljepa,2,1,1170,0.11816909120606334,0.38231580729632114,0.39896025870616914
LOG_MLM,moljepa,2,2,1170,-0.2542566650150746,0.2734462711346594,0.4759178409535978
LOG_MLM,moljepa,2,3,1170,0.1388087204741183,0.40493512883409827,0.39116085212882373
LOG_MLM,moljepa,2,4,1170,0.0955293835785681,0.4120807959732854,0.3974681488081326
LOG_MLM,moljepa,3,0,1170,0.09874326758506802,0.39318686491734023,0.4010647710786766
LOG_MLM,moljepa,3,1,1170,-0.16638278824430652,0.27499176869394915,0.45522246880887174
LOG_MLM,moljepa,3,2,1170,0.11982146667284799,0.3860631836324839,0.39944062232019495
LOG_MLM,moljepa,3,3,1170,0.1553178419360176,0.4787022892580944,0.38624925152839534
LOG_MLM,moljepa,3,4,1170,0.052179244665788715,0.3650193147374206,0.41388577085706146
LOG_MLM,moljepa,4,0,1170,0.07323171790316296,0.3994297663865631,0.4083101758473205
LOG_MLM,moljepa,4,1,1170,0.13017160689884744,0.4161849132808165,0.390950646198946
LOG_MLM,moljepa,4,2,1170,0.14497691856025385,0.41830915949148545,0.3958353707582617
LOG_MLM,moljepa,4,3,1170,0.02016253597291795,0.348801387563991,0.42370478229495784
LOG_MLM,moljepa,4,4,1170,0.045388500198226045,0.38384753579806513,0.4151138607651055
LOG_MLM,monroe,0,0,1170,0.32557511064047473,0.5587732793260926,0.3486238352352091
LOG_MLM,monroe,0,1,1170,0.2991501872716563,0.541380175355435,0.35739275048131286
LOG_MLM,monroe,0,2,1170,0.28347776083121656,0.5097833973805783,0.36068766913575134
LOG_MLM,monroe,0,3,1170,0.32481497128962233,0.554645138252672,0.3490745906970681
LOG_MLM,monroe,0,4,1170,0.2542381375120839,0.49049678114629336,0.36555944069462404
LOG_MLM,monroe,1,0,1170,0.3189748682202136,0.5615024626927031,0.3496962359861687
LOG_MLM,monroe,1,1,1170,0.2830280485203178,0.5090457763057404,0.3593493085286508
LOG_MLM,monroe,1,2,1170,0.26284027465627824,0.49027689254154727,0.3655867030393252
LOG_MLM,monroe,1,3,1170,0.3034272121054624,0.533886097032245,0.3548041303193109
LOG_MLM,monroe,1,4,1170,0.28793462310410123,0.5469199626102512,0.36057688804053833
LOG_MLM,monroe,2,0,1170,0.31179594175561887,0.5434237802480174,0.356807421208272
LOG_MLM,monroe,2,1,1170,0.2554828469547724,0.49333756839432663,0.36672836908747786
LOG_MLM,monroe,2,2,1170,0.11692218931109677,0.46495950465101127,0.39223823593368046
LOG_MLM,monroe,2,3,1170,0.30546091242649576,0.5526780163530447,0.35553358851408073
LOG_MLM,monroe,2,4,1170,0.32430036418111663,0.560008770369619,0.35084676227503714
LOG_MLM,monroe,3,0,1170,0.34407091739594586,0.5624368806222588,0.34298821886777064
LOG_MLM,monroe,3,1,1170,0.27417652521939717,0.507686112785505,0.3638713342298282
LOG_MLM,monroe,3,2,1170,0.31494375279381936,0.5466019453065696,0.35333760136237036
LOG_MLM,monroe,3,3,1170,0.2927993284781635,0.5266728322214435,0.3590254885417661
LOG_MLM,monroe,3,4,1170,0.29555300147368424,0.5530432923242482,0.358013959155122
LOG_MLM,monroe,4,0,1170,0.3391380638320487,0.566509022266014,0.3473933390302444
LOG_MLM,monroe,4,1,1170,0.33840380547046045,0.5659412618517262,0.34236667357447575
LOG_MLM,monroe,4,2,1170,0.19822991830334669,0.44515123364581044,0.3812814460547663
LOG_MLM,monroe,4,3,1170,0.3015925096080626,0.5348605921100489,0.3513044976516471
LOG_MLM,monroe,4,4,1170,0.30587485355800215,0.5402914390516237,0.35496078145633175
LOG_MLM,trimole,0,0,1170,0.20958276455474634,0.394743449270573,0.37919148655670903
LOG_MLM,trimole,0,1,1170,0.27477701414349764,0.4895115210072088,0.3633090295611742
LOG_MLM,trimole,0,2,1170,0.20873433584556356,0.4509354300608704,0.37526995680552355
LOG_MLM,trimole,0,3,1170,0.26243046455329166,0.467387883470498,0.36800598440061183
LOG_MLM,trimole,0,4,1170,0.27042123274719954,0.4882215856513158,0.3657679656346485
LOG_MLM,trimole,1,0,1170,0.25369178000891046,0.4940808791854644,0.3665533094712171
LOG_MLM,trimole,1,1,1170,0.2747739042572923,0.5099964230254462,0.3640970021726561
LOG_MLM,trimole,1,2,1170,0.21088070712900675,0.4093706235144712,0.38514639866936207
LOG_MLM,trimole,1,3,1170,0.2661815580546891,0.4520024722715304,0.36258135381237827
LOG_MLM,trimole,1,4,1170,0.24586269738172872,0.45385717415743704,0.37273389286483594
LOG_MLM,trimole,2,0,1170,0.18092419459931197,0.40245057785249555,0.3901135359581513
LOG_MLM,trimole,2,1,1170,0.24496658205525024,0.49208025417956874,0.3656613036844802
LOG_MLM,trimole,2,2,1170,0.16602646433659185,0.4087547885519347,0.3881220611046373
LOG_MLM,trimole,2,3,1170,0.2618502998422081,0.4684649843065732,0.3678869898612191
LOG_MLM,trimole,2,4,1170,0.2419398865601896,0.4383924223912979,0.37097824091885384
LOG_MLM,trimole,3,0,1170,0.24341705823304693,0.4571070879323526,0.3716308785053416
LOG_MLM,trimole,3,1,1170,0.2673892265998862,0.47596359777095126,0.3645423264275663
LOG_MLM,trimole,3,2,1170,0.22091976420666226,0.4232812051719901,0.37610657523881735
LOG_MLM,trimole,3,3,1170,0.28181726184000255,0.5278039886866738,0.3579734677279132
LOG_MLM,trimole,3,4,1170,0.2520186778342257,0.44977109078530064,0.3722814033826469
LOG_MLM,trimole,4,0,1170,0.27786554623417425,0.4831776476649253,0.3632687405741291
LOG_MLM,trimole,4,1,1170,0.26694262197282237,0.4626434456741584,0.3661004576423655
LOG_MLM,trimole,4,2,1170,0.25227009031383185,0.47300667283592146,0.36743318351865134
LOG_MLM,trimole,4,3,1170,0.2447245960934562,0.44138871562788295,0.37500640213290126
LOG_MLM,trimole,4,4,1170,0.2925650157631895,0.48764923675339156,0.36059198641428375
LOG_MPPB,chemeleon,0,0,454,0.6217379506937213,0.77801953487477,0.1907624244130078
LOG_MPPB,chemeleon,0,1,454,0.6456039541687579,0.8127592529313119,0.18873630710934522
LOG_MPPB,chemeleon,0,2,454,0.596073780908587,0.7954968333679661,0.1925813849155328
LOG_MPPB,chemeleon,0,3,454,0.679360053911579,0.827427072451948,0.17306949404264954
LOG_MPPB,chemeleon,0,4,454,0.5731460822560837,0.7656611917828849,0.20763896927015094
LOG_MPPB,chemeleon,1,0,454,0.5624040155993992,0.8171555762596715,0.21025257922081977
LOG_MPPB,chemeleon,1,1,454,0.4664110173716648,0.745457521300114,0.23051856590292027
LOG_MPPB,chemeleon,1,2,454,0.6002753662214169,0.7950211277756112,0.20095952848210477
LOG_MPPB,chemeleon,1,3,454,0.47194455098650634,0.7352751109051554,0.22706874444651712
LOG_MPPB,chemeleon,1,4,454,0.5621120686200708,0.7755021231130494,0.21030274430872012
LOG_MPPB,chemeleon,2,0,454,0.6167288394419109,0.8044724599644234,0.19359366768310768
LOG_MPPB,chemeleon,2,1,454,0.5008036844506183,0.7690258199070927,0.2268389665507692
LOG_MPPB,chemeleon,2,2,454,0.46113286748277416,0.7644775948246134,0.23771543722342614
LOG_MPPB,chemeleon,2,3,454,0.45443974692791644,0.7814018600939637,0.22330447406910903
LOG_MPPB,chemeleon,2,4,454,0.5960398388520698,0.8039325124939654,0.20070258568601046
LOG_MPPB,chemeleon,3,0,454,0.4514324465857755,0.7452809432363837,0.2293898416361278
LOG_MPPB,chemeleon,3,1,454,0.522246007981552,0.775433457890114,0.21726038391348632
LOG_MPPB,chemeleon,3,2,454,0.6205229659318214,0.8091570025418247,0.19566283753178174
LOG_MPPB,chemeleon,3,3,454,0.23339575294934622,0.667980547776181,0.27751433937682674
LOG_MPPB,chemeleon,3,4,454,0.5501407373492945,0.8154792194867281,0.21306215588715482
LOG_MPPB,chemeleon,4,0,454,0.5261614067981932,0.7743993889117282,0.2154744458855466
LOG_MPPB,chemeleon,4,1,454,0.616983608652559,0.8121509473511321,0.19400062686383676
LOG_MPPB,chemeleon,4,2,454,0.44839140700705826,0.7632298930594463,0.2329335766584322
LOG_MPPB,chemeleon,4,3,454,0.5472061989466148,0.8061295811180437,0.2116761721910045
LOG_MPPB,chemeleon,4,4,454,0.6007560711297151,0.7993612055090149,0.200654753507367
LOG_MPPB,chemprop,0,0,454,0.4133452051203864,0.6677030368173306,0.2379688122462908
LOG_MPPB,chemprop,0,1,454,0.4607385069365282,0.7058179521293517,0.2297515521365341
LOG_MPPB,chemprop,0,2,454,0.4448741303186339,0.7019724983599036,0.23399713009805528
LOG_MPPB,chemprop,0,3,454,0.46718298813067394,0.7209272958127872,0.23084612597141213
LOG_MPPB,chemprop,0,4,454,0.4983288951287328,0.7132304793261899,0.22209374990022474
LOG_MPPB,chemprop,1,0,454,0.3892026306995392,0.6730259404397904,0.24301539311665846
LOG_MPPB,chemprop,1,1,454,0.48925003448647764,0.7194674227105208,0.2283191870766879
LOG_MPPB,chemprop,1,2,454,0.43458216987100395,0.6751438955813693,0.23244825740468386
LOG_MPPB,chemprop,1,3,454,0.4711416562199662,0.7091600834900563,0.22870385048613398
LOG_MPPB,chemprop,1,4,454,0.4877748408849494,0.725988417284248,0.22512487994242328
LOG_MPPB,chemprop,2,0,454,0.434788540512407,0.6795799031290013,0.24100665064359092
LOG_MPPB,chemprop,2,1,454,0.5622519895449468,0.7714702705390079,0.21034162569985296
LOG_MPPB,chemprop,2,2,454,0.4930754299490998,0.695591339544335,0.22164261967531826
LOG_MPPB,chemprop,2,3,454,0.2560323197556992,0.6382041488992567,0.2610183916064747
LOG_MPPB,chemprop,2,4,454,0.4267798440803915,0.7027914924071538,0.23698323344430977
LOG_MPPB,chemprop,3,0,454,0.36234695336223477,0.683329058229497,0.2570139830784286
LOG_MPPB,chemprop,3,1,454,0.4453149926942761,0.6843277257858963,0.23468173377405205
LOG_MPPB,chemprop,3,2,454,0.5133713528565109,0.7466491898157295,0.21484363192283085
LOG_MPPB,chemprop,3,3,454,0.26528152619851875,0.6410842869882755,0.26589150593561606
LOG_MPPB,chemprop,3,4,454,0.48631904401904813,0.7136607147238627,0.22681129256746108
LOG_MPPB,chemprop,4,0,454,0.4413091690255596,0.7180520308368806,0.23502591603257802
LOG_MPPB,chemprop,4,1,454,0.5019053707469515,0.7025208518072441,0.2221509985615567
LOG_MPPB,chemprop,4,2,454,0.3880154883499093,0.7021663874107194,0.2501234081675618
LOG_MPPB,chemprop,4,3,454,0.5224209088904616,0.7358198500826477,0.2214614382348864
LOG_MPPB,chemprop,4,4,454,0.46512233901408806,0.7038134355226706,0.22904138536852123
LOG_MPPB,chemprop_st,0,0,454,-0.26822045142436335,0.36475536977018486,0.35879750658727944
LOG_MPPB,chemprop_st,0,1,454,0.15624394090045424,0.5002302386237575,0.29126145050806845
LOG_MPPB,chemprop_st,0,2,454,0.198219011920175,0.5278802663984654,0.2804103289711383
LOG_MPPB,chemprop_st,0,3,454,0.23556794578613405,0.5241968340848768,0.2731367226121255
LOG_MPPB,chemprop_st,0,4,454,-0.28366429827074224,0.38893558426316893,0.36514695391832885
LOG_MPPB,chemprop_st,1,0,454,0.26135323501108143,0.5761999400601829,0.2688460634532868
LOG_MPPB,chemprop_st,1,1,454,0.34505230517645213,0.6055045466469183,0.24863358233341026
LOG_MPPB,chemprop_st,1,2,454,0.06552002752594521,0.504514346110965,0.3049791955581541
LOG_MPPB,chemprop_st,1,3,454,0.0952858327813112,0.5176134506302744,0.30602916527796176
LOG_MPPB,chemprop_st,1,4,454,0.17155519433100264,0.5305492576259334,0.28524639719486455
LOG_MPPB,chemprop_st,2,0,454,0.1678866945183194,0.5440432284326459,0.2862073800374341
LOG_MPPB,chemprop_st,2,1,454,0.18807691606458343,0.5405844722814848,0.28503024040288694
LOG_MPPB,chemprop_st,2,2,454,-0.1826641973451204,0.39196914170440605,0.34294669346384077
LOG_MPPB,chemprop_st,2,3,454,0.1705199292291032,0.5430223900065535,0.28784997403698115
LOG_MPPB,chemprop_st,2,4,454,0.29505779634250984,0.5490707422864191,0.256368817389465
LOG_MPPB,chemprop_st,3,0,454,0.17693685485264965,0.4966703013697423,0.2842678227631567
LOG_MPPB,chemprop_st,3,1,454,0.05573388266729018,0.5157126314435428,0.30694899471346226
LOG_MPPB,chemprop_st,3,2,454,-0.07067429422106386,0.47105561667645685,0.32279161544202933
LOG_MPPB,chemprop_st,3,3,454,0.12326474055783765,0.48106766708654725,0.2883451413789871
LOG_MPPB,chemprop_st,3,4,454,0.17586145490267824,0.4850504917664891,0.2852300413235057
LOG_MPPB,chemprop_st,4,0,454,0.3480938080937238,0.5868278150380285,0.24666297438875678
LOG_MPPB,chemprop_st,4,1,454,0.1539968042200961,0.5351955144986009,0.2920206400425389
LOG_MPPB,chemprop_st,4,2,454,0.13464231347366895,0.5026025310077196,0.2929429642452176
LOG_MPPB,chemprop_st,4,3,454,0.2764606777571583,0.606178883085925,0.26900300186999826
LOG_MPPB,chemprop_st,4,4,454,0.022089746496822604,0.48741374275657634,0.31252643139938985
LOG_MPPB,lgbm,0,0,454,0.1351185009454262,0.6133287116342644,0.3064578430469078
LOG_MPPB,lgbm,0,1,454,0.440605893041378,0.66926335533172,0.23996272478608704
LOG_MPPB,lgbm,0,2,454,0.14476577052680417,0.5335982643581638,0.29674680218375826
LOG_MPPB,lgbm,0,3,454,0.19708662564961665,0.5880305552926283,0.29619243529355793
LOG_MPPB,lgbm,0,4,454,0.18517130519630665,0.5788623588823197,0.29948468408213
LOG_MPPB,lgbm,1,0,454,0.280541565136849,0.6210528618064601,0.2785869646627788
LOG_MPPB,lgbm,1,1,454,0.25806624264143596,0.6628025398166527,0.2825624528419419
LOG_MPPB,lgbm,1,2,454,0.006518933061776422,0.5564368420999256,0.33012810632905487
LOG_MPPB,lgbm,1,3,454,0.256973965454676,0.6080743992599402,0.28319817134560066
LOG_MPPB,lgbm,1,4,454,0.385244733584011,0.6623522892645446,0.25782630442782334
LOG_MPPB,lgbm,2,0,454,0.23059898649314692,0.5724577569306993,0.28869473777758153
LOG_MPPB,lgbm,2,1,454,0.301785867428467,0.6425632581274916,0.27854379416485364
LOG_MPPB,lgbm,2,2,454,0.07055733348160154,0.5841457817309612,0.31534343741234566
LOG_MPPB,lgbm,2,3,454,0.1688798224303557,0.5604983944670844,0.30010374288956376
LOG_MPPB,lgbm,2,4,454,0.3291065554554409,0.6389439617982369,0.2686283945174925
LOG_MPPB,lgbm,3,0,454,0.2352816485670115,0.6105273735011038,0.28964553708342383
LOG_MPPB,lgbm,3,1,454,0.24543203214328746,0.5972185006590818,0.28307968760667723
LOG_MPPB,lgbm,3,2,454,0.20752755338235274,0.645980340500455,0.294610687221279
LOG_MPPB,lgbm,3,3,454,0.26742769955992385,0.6490754122962769,0.28367445382324846
LOG_MPPB,lgbm,3,4,454,0.29712546111734284,0.6328125957508841,0.2738150188171064
LOG_MPPB,lgbm,4,0,454,0.3247801936905178,0.6635703014617595,0.2707542881568788
LOG_MPPB,lgbm,4,1,454,0.12318514568406735,0.5965492162297306,0.30736965431970015
LOG_MPPB,lgbm,4,2,454,0.025418811798387453,0.5247320089689144,0.3270159460134901
LOG_MPPB,lgbm,4,3,454,0.28124051063515276,0.649437690225558,0.27866807180436315
LOG_MPPB,lgbm,4,4,454,0.31486720340459795,0.6007896633619677,0.2719405564154292
LOG_MPPB,megacl,0,0,454,0.34836238554414023,0.6424266487550282,0.244382417393404
LOG_MPPB,megacl,0,1,454,0.20943072396152174,0.49052306173574234,0.26878697793748596
LOG_MPPB,megacl,0,2,454,0.06863653497729949,0.5390050213337678,0.30737746897844753
LOG_MPPB,megacl,0,3,454,0.34698984913128184,0.5711846227372899,0.24914374732690903
LOG_MPPB,megacl,0,4,454,0.0665482416651888,0.5252478387401447,0.30885458908109914
LOG_MPPB,megacl,1,0,454,-0.07204434533178028,0.5566664650836767,0.3244518052456527
LOG_MPPB,megacl,1,1,454,0.31006249080793646,0.6286553597817962,0.2528620501852516
LOG_MPPB,megacl,1,2,454,0.19441309707119603,0.5710712587411606,0.27670413637777497
LOG_MPPB,megacl,1,3,454,0.3129580719648849,0.6453822558826188,0.2596613079324039
LOG_MPPB,megacl,1,4,454,0.2514808810626302,0.6296390232798843,0.26422121958079237
LOG_MPPB,megacl,2,0,454,0.373003286697256,0.6522742482400588,0.2394902058492191
LOG_MPPB,megacl,2,1,454,0.18653735313030362,0.5813879139871512,0.29166041655298075
LOG_MPPB,megacl,2,2,454,0.20766597254863228,0.6050925762424326,0.27399004555634354
LOG_MPPB,megacl,2,3,454,0.08774195712476207,0.5113042595759628,0.2951104989370594
LOG_MPPB,megacl,2,4,454,0.3722311153281186,0.6220002904818777,0.23357769290382285
LOG_MPPB,megacl,3,0,454,0.23782447987050237,0.5418711811906568,0.27234296305994554
LOG_MPPB,megacl,3,1,454,0.186819830646487,0.5601345185105123,0.27286713543269675
LOG_MPPB,megacl,3,2,454,0.38490920166990583,0.6628120985273133,0.2327795679292014
LOG_MPPB,megacl,3,3,454,0.12209145143972822,0.4951069136025303,0.2871828200747154
LOG_MPPB,megacl,3,4,454,0.2521308377895114,0.6575162320422573,0.26853479311767636
LOG_MPPB,megacl,4,0,454,0.367551706214019,0.6512078059416297,0.24419005940649047
LOG_MPPB,megacl,4,1,454,0.20187025713428786,0.50898703024558,0.280151187626202
LOG_MPPB,megacl,4,2,454,0.2951612302449841,0.5968225059108591,0.25174787926810566
LOG_MPPB,megacl,4,3,454,0.2320633107946044,0.580592039058617,0.27899574659094467
LOG_MPPB,megacl,4,4,454,0.2477563603171029,0.6138609932475131,0.2748448169238989
LOG_MPPB,moljepa,0,0,454,0.19103469617198243,0.557040668862755,0.29251142758322884
LOG_MPPB,moljepa,0,1,454,0.18533045955728045,0.5612825713853969,0.29023930266816717
LOG_MPPB,moljepa,0,2,454,0.36687571955305687,0.6244343462833846,0.25560991045119386
LOG_MPPB,moljepa,0,3,454,0.18391702759734585,0.6066263118134994,0.29293537155802946
LOG_MPPB,moljepa,0,4,454,0.13378260809837972,0.5556823705610981,0.29993776899119545
LOG_MPPB,moljepa,1,0,454,0.18751937132251484,0.5959558291558784,0.29052387575888056
LOG_MPPB,moljepa,1,1,454,0.21067949262761165,0.6143855385292061,0.2876634257937325
LOG_MPPB,moljepa,1,2,454,0.10678081095838254,0.5172078280836088,0.30055734655395294
LOG_MPPB,moljepa,1,3,454,0.2978097301902245,0.6001994578755666,0.27200411402885993
LOG_MPPB,moljepa,1,4,454,0.28240661614307505,0.6068841379690704,0.2737897162901546
LOG_MPPB,moljepa,2,0,454,0.07337454969676038,0.5067530926747967,0.3104962781693984
LOG_MPPB,moljepa,2,1,454,0.3380683262172385,0.6324717125451558,0.26278624176072757
LOG_MPPB,moljepa,2,2,454,0.2992533290908248,0.6227052888627835,0.26982857026190654
LOG_MPPB,moljepa,2,3,454,0.18324888194297484,0.572314800223588,0.2899770331027893
LOG_MPPB,moljepa,2,4,454,0.22082391566810122,0.6034379493201455,0.2843489305118104
LOG_MPPB,moljepa,3,0,454,0.15266524401957882,0.5169493762157951,0.2996394223779223
LOG_MPPB,moljepa,3,1,454,0.2161533930777757,0.5681443773320464,0.28438378088431987
LOG_MPPB,moljepa,3,2,454,0.32573620083253507,0.6328395043335029,0.26264030864143034
LOG_MPPB,moljepa,3,3,454,0.18009303416384748,0.5724614424516127,0.2940711316088166
LOG_MPPB,moljepa,3,4,454,0.25707654611235076,0.6178104590650719,0.28033490709557823
LOG_MPPB,moljepa,4,0,454,0.09766746734369691,0.559168762393197,0.30522965339282404
LOG_MPPB,moljepa,4,1,454,0.25776373403730457,0.6051912567797872,0.27978202858327583
LOG_MPPB,moljepa,4,2,454,0.2023373706437197,0.5780587256405896,0.28985499278689875
LOG_MPPB,moljepa,4,3,454,0.3138542627140575,0.6285818783680155,0.26616114680131636
LOG_MPPB,moljepa,4,4,454,0.21239541696031639,0.5769842227316251,0.28494951907807103
LOG_MPPB,monroe,0,0,454,0.29384179880748595,0.6314889467257702,0.2614952734552068
LOG_MPPB,monroe,0,1,454,0.32105261563224363,0.6246016992414715,0.25413330902379316
LOG_MPPB,monroe,0,2,454,0.31542642094062734,0.647521937189652,0.25551175915034136
LOG_MPPB,monroe,0,3,454,0.325119884096567,0.6625340746092042,0.25611969926496553
LOG_MPPB,monroe,0,4,454,0.309860902163131,0.619946978689995,0.2556119388451288
LOG_MPPB,monroe,1,0,454,0.38825153110869304,0.6848042008171387,0.241349726780154
LOG_MPPB,monroe,1,1,454,0.2033597321172661,0.611506875290391,0.2775027173181061
LOG_MPPB,monroe,1,2,454,0.26571868470276105,0.6195334052878265,0.25895824075844764
LOG_MPPB,monroe,1,3,454,0.3117350596218198,0.6403732728432383,0.2627602906492047
LOG_MPPB,monroe,1,4,454,0.39432809972909144,0.6705122581965256,0.2413528815381349
LOG_MPPB,monroe,2,0,454,0.21253552242103357,0.5916994023626251,0.27540899960126297
LOG_MPPB,monroe,2,1,454,0.3470580515171625,0.6561170825251386,0.25511278333979004
LOG_MPPB,monroe,2,2,454,0.3802466843805755,0.6494586789900397,0.23809456322734476
LOG_MPPB,monroe,2,3,454,0.2436621606603656,0.610646129654622,0.2653237636266245
LOG_MPPB,monroe,2,4,454,0.32889223830739656,0.6394943812736997,0.2538218211470119
LOG_MPPB,monroe,3,0,454,0.2231028642188564,0.5772002242015765,0.2749458455857398
LOG_MPPB,monroe,3,1,454,0.38305211044233267,0.6588268539280913,0.24301239655155474
LOG_MPPB,monroe,3,2,454,0.28976049493030687,0.6328553419506093,0.2614171273550989
LOG_MPPB,monroe,3,3,454,0.210867925478182,0.6006954894785396,0.2737205320206099
LOG_MPPB,monroe,3,4,454,0.2960309953062772,0.6630535099783464,0.2609870338094042
LOG_MPPB,monroe,4,0,454,0.3353838573605016,0.6631732218452997,0.25116777244091015
LOG_MPPB,monroe,4,1,454,0.32337423039215096,0.6451696983898763,0.2591826032022893
LOG_MPPB,monroe,4,2,454,0.14783068376521558,0.5549140038969064,0.28666758903974254
LOG_MPPB,monroe,4,3,454,0.4060178967987732,0.6832375591217614,0.2380806806257394
LOG_MPPB,monroe,4,4,454,0.23486803505480836,0.6191663829383671,0.2715748462698518
LOG_MPPB,trimole,0,0,454,0.24940575917201346,0.5918320369905545,0.27669937635196773
LOG_MPPB,trimole,0,1,454,0.26825405929660284,0.6194744200745823,0.26997862260991184
LOG_MPPB,trimole,0,2,454,0.2414793152884228,0.5518728455108474,0.27631338847835146
LOG_MPPB,trimole,0,3,454,0.1840401598424164,0.6657963672534726,0.2499596131520522
LOG_MPPB,trimole,0,4,454,0.11330671893925859,0.5197921410132086,0.2974065816061832
LOG_MPPB,trimole,1,0,454,0.11830880426544421,0.567714201378512,0.2977301465471723
LOG_MPPB,trimole,1,1,454,0.08568218808991579,0.5398211732634118,0.2998981565687482
LOG_MPPB,trimole,1,2,454,0.197420277857548,0.521660955789258,0.2835928208292623
LOG_MPPB,trimole,1,3,454,0.19336895207250127,0.5484440291801745,0.2876826724899137
LOG_MPPB,trimole,1,4,454,0.32998712894395654,0.6050013977342337,0.26295636920453797
LOG_MPPB,trimole,2,0,454,-0.31501759969971355,0.5373837987655323,0.3170928422318224
LOG_MPPB,trimole,2,1,454,0.3244477587728568,0.6292777890809013,0.2628502739004916
LOG_MPPB,trimole,2,2,454,0.18246596255367076,0.5192726815250058,0.28100029723392644
LOG_MPPB,trimole,2,3,454,0.3160834078382543,0.60333464978517,0.2627246584552903
LOG_MPPB,trimole,2,4,454,0.30205919099952583,0.6399559470764556,0.2650208832549727
LOG_MPPB,trimole,3,0,454,0.18423116813308094,0.5395575118748802,0.2911604117051046
LOG_MPPB,trimole,3,1,454,0.25455196895668486,0.59576092510361,0.26896105102204043
LOG_MPPB,trimole,3,2,454,0.2505546690568735,0.5414794579764517,0.26650584421126927
LOG_MPPB,trimole,3,3,454,0.10658289513639119,0.5204616178025224,0.30417619758796516
LOG_MPPB,trimole,3,4,454,0.3923395867375147,0.6537048112725883,0.24829655982409773
LOG_MPPB,trimole,4,0,454,0.17459170628297804,0.5240514742503382,0.2838346240423609
LOG_MPPB,trimole,4,1,454,0.14649807250481262,0.596545817870394,0.2882788778987702
LOG_MPPB,trimole,4,2,454,0.21285879792235884,0.5575984397931742,0.28272235305062426
LOG_MPPB,trimole,4,3,454,0.1673194101594041,0.6444823329834816,0.271800013754172
LOG_MPPB,trimole,4,4,454,-0.09967023679679121,0.5103171977227872,0.2891085965910057
LogD,chemeleon,0,0,2270,0.6397192379751526,0.8380287348167628,0.45438477949977973
LogD,chemeleon,0,1,2270,0.6709017951839934,0.8522088384856638,0.42746670243378854
LogD,chemeleon,0,2,2270,0.6587563168021118,0.8229890112274008,0.43347165728398684
LogD,chemeleon,0,3,2270,0.6530634044781973,0.8475467524283153,0.4478239516832599
LogD,chemeleon,0,4,2270,0.6537195567531814,0.8412011824245206,0.4384017971905287
LogD,chemeleon,1,0,2270,0.6985348873091841,0.854887517601724,0.4011034209762996
LogD,chemeleon,1,1,2270,0.6845199966543434,0.8464291072425963,0.4248594737270925
LogD,chemeleon,1,2,2270,0.6570765764623057,0.8483764541908513,0.4354500163429956
LogD,chemeleon,1,3,2270,0.677654899652849,0.8415585713423457,0.4098066939630837
LogD,chemeleon,1,4,2270,0.6455981734288609,0.8377814118572384,0.45540873289559475
LogD,chemeleon,2,0,2270,0.6784695891596001,0.8523565996652938,0.4269642164127753
LogD,chemeleon,2,1,2270,0.6764697074189927,0.8469889088929062,0.42080148855171806
LogD,chemeleon,2,2,2270,0.6628633366382829,0.8315769672177787,0.4324872633033039
LogD,chemeleon,2,3,2270,0.6795393012698308,0.8467740777922348,0.4121576777918943
LogD,chemeleon,2,4,2270,0.7027652477115279,0.8615633574631726,0.39632557760991194
LogD,chemeleon,3,0,2270,0.6410067206231679,0.8244011365696736,0.4551548969248899
LogD,chemeleon,3,1,2270,0.6944237671117407,0.8466351958836643,0.4093654795185022
LogD,chemeleon,3,2,2270,0.6469509799304879,0.8446883274646058,0.4524254206826872
LogD,chemeleon,3,3,2270,0.6614059101099574,0.8336080741598102,0.43436463144162996
LogD,chemeleon,3,4,2270,0.6916682434396135,0.8468404081785232,0.4091559476779207
LogD,chemeleon,4,0,2270,0.6650470303814539,0.8298157210800267,0.42982221975449336
LogD,chemeleon,4,1,2270,0.6767624476825009,0.8480209472935469,0.41639944369246695
LogD,chemeleon,4,2,2270,0.6914194522686463,0.8406691052088536,0.4175965359176212
LogD,chemeleon,4,3,2270,0.7068742238580081,0.8526393958046248,0.40141955211585906
LogD,chemeleon,4,4,2270,0.6718648735776229,0.8474371989129728,0.42097030383511014
LogD,chemprop,0,0,2270,0.643621738720439,0.8189028004031725,0.4562991650666872
LogD,chemprop,0,1,2270,0.6995632906175073,0.8445020187601276,0.4248003645140969
LogD,chemprop,0,2,2270,0.605976436239736,0.8107783670285351,0.46476336146762115
LogD,chemprop,0,3,2270,0.6772883573909516,0.8290707072869236,0.4380053295014537
LogD,chemprop,0,4,2270,0.6451664683054724,0.8093281231264368,0.44972815269604843
LogD,chemprop,1,0,2270,0.6118738815027973,0.8166532303362414,0.47578415570079297
LogD,chemprop,1,1,2270,0.7099304819317136,0.8435110726780934,0.41732703632493395
LogD,chemprop,1,2,2270,0.6758589454683638,0.8344926892563954,0.42652692560052863
LogD,chemprop,1,3,2270,0.6690771350179798,0.827760478669816,0.43828950829911895
LogD,chemprop,1,4,2270,0.6872937612236909,0.8390666688998104,0.4323410682535242
LogD,chemprop,2,0,2270,0.663988783829413,0.8303005924781377,0.43818121050299563
LogD,chemprop,2,1,2270,0.6156691415264195,0.8016576227229328,0.48067597246365645
LogD,chemprop,2,2,2270,0.6394456513872062,0.8161750216447331,0.4513483902508811
LogD,chemprop,2,3,2270,0.719481674729634,0.8532442845246163,0.40770701824418504
LogD,chemprop,2,4,2270,0.6276748826132978,0.8117551659537606,0.4541133455965199
LogD,chemprop,3,0,2270,0.6849037332504376,0.8427315663611629,0.42792280766951535
LogD,chemprop,3,1,2270,0.717257108114683,0.8469179511847741,0.4024925100817621
LogD,chemprop,3,2,2270,0.6788351763165548,0.826301329448196,0.4318964344444934
LogD,chemprop,3,3,2270,0.6551604310327068,0.8174684051581689,0.44970761607863435
LogD,chemprop,3,4,2270,0.7130232330561244,0.8473203627252349,0.41664825307854625
LogD,chemprop,4,0,2270,0.6609970249601114,0.8296328106855579,0.4356951420420705
LogD,chemprop,4,1,2270,0.6310234057631466,0.8202992229107577,0.4601447752132159
LogD,chemprop,4,2,2270,0.6759042600156113,0.8260105663139019,0.44613785516828197
LogD,chemprop,4,3,2270,0.6813887864176112,0.8328026580713505,0.43743746068487005
LogD,chemprop,4,4,2270,0.6849528667377512,0.8367226457540902,0.41659515533196473
LogD,chemprop_st,0,0,2270,0.6925976524674087,0.8555326728067872,0.4100283837711013
LogD,chemprop_st,0,1,2270,0.7139601810773074,0.8574755400151713,0.40474739799466963
LogD,chemprop_st,0,2,2270,0.6851716285454756,0.8481203353162997,0.4171707592211454
LogD,chemprop_st,0,3,2270,0.6796614732918551,0.8528079071056771,0.4143133232661497
LogD,chemprop_st,0,4,2270,0.7017401955256091,0.8532349910170258,0.4008341301627313
LogD,chemprop_st,1,0,2270,0.6864613993745786,0.8491646477952337,0.4155081673137886
LogD,chemprop_st,1,1,2270,0.7252793136579463,0.8624778446604215,0.39875077027026434
LogD,chemprop_st,1,2,2270,0.6642490939128523,0.8422891437400598,0.4435929897647577
LogD,chemprop_st,1,3,2270,0.6601516583239391,0.8266869862048154,0.43984257852484576
LogD,chemprop_st,1,4,2270,0.7377266576008534,0.8775774663039027,0.3779148451037445
LogD,chemprop_st,2,0,2270,0.6506568876635888,0.8315372539736312,0.43956608993039653
LogD,chemprop_st,2,1,2270,0.6715519876473233,0.8394455295128068,0.4363950650100881
LogD,chemprop_st,2,2,2270,0.7150557620147322,0.8596853005853745,0.40397189935198236
LogD,chemprop_st,2,3,2270,0.7548610820109344,0.8781265526350873,0.37068575070171805
LogD,chemprop_st,2,4,2270,0.6859516732408886,0.8525689065802345,0.4158561525414097
LogD,chemprop_st,3,0,2270,0.7065284898093591,0.8570234072591582,0.40529777056929517
LogD,chemprop_st,3,1,2270,0.7372948459601918,0.8721058997016266,0.3746427647242291
LogD,chemprop_st,3,2,2270,0.7341667833881904,0.8686632804949896,0.3831843693303964
LogD,chemprop_st,3,3,2270,0.6965146538435973,0.8479456566893311,0.4179695501465009
LogD,chemprop_st,3,4,2270,0.6860114250253198,0.8468147175588404,0.4157715123206167
LogD,chemprop_st,4,0,2270,0.6937188979467046,0.8554002699595994,0.40671423403348017
LogD,chemprop_st,4,1,2270,0.7255098507131077,0.8634243885872476,0.3948791055281938
LogD,chemprop_st,4,2,2270,0.6836148548798697,0.843683336867835,0.4239951929105727
LogD,chemprop_st,4,3,2270,0.7083698392233762,0.8625560243395468,0.3999310852638326
LogD,chemprop_st,4,4,2270,0.7098044024063961,0.8617222237832323,0.39705704142453746
LogD,lgbm,0,0,2270,0.514182176201778,0.7175134800761412,0.5426263798788326
LogD,lgbm,0,1,2270,0.5148246422698539,0.7197940458236419,0.5423869699934887
LogD,lgbm,0,2,2270,0.4925137208570167,0.6993563004656012,0.5547702644595751
LogD,lgbm,0,3,2270,0.5373086578229527,0.733521274663492,0.5339907874671427
LogD,lgbm,0,4,2270,0.48627291893104996,0.7013702672417966,0.5630018958578847
LogD,lgbm,1,0,2270,0.5347637626852586,0.7327758665684501,0.5356803894162387
LogD,lgbm,1,1,2270,0.4810322432226183,0.6860322761823453,0.5651966522436905
LogD,lgbm,1,2,2270,0.5116503522222329,0.7167272821558647,0.5412200677944027
LogD,lgbm,1,3,2270,0.5098147003096832,0.7151563333627162,0.544281016366656
LogD,lgbm,1,4,2270,0.5050553572710479,0.7160740406031879,0.5473868534683958
LogD,lgbm,2,0,2270,0.5055991882628721,0.7030421347787863,0.5517452966310002
LogD,lgbm,2,1,2270,0.4795558760847425,0.687476639495772,0.5603151591341762
LogD,lgbm,2,2,2270,0.48531407150203976,0.6943637920520646,0.5600331315134867
LogD,lgbm,2,3,2270,0.5247553220417642,0.7278415749376468,0.5290744551490122
LogD,lgbm,2,4,2270,0.5386500502508818,0.743534363175752,0.526821989175513
LogD,lgbm,3,0,2270,0.49738701888341974,0.7030841240108499,0.5501863218288822
LogD,lgbm,3,1,2270,0.5331286239932609,0.7285988774556807,0.5312175463076744
LogD,lgbm,3,2,2270,0.5224013240358285,0.7200325103432456,0.5395333901195462
LogD,lgbm,3,3,2270,0.49970200167695633,0.7033211790469296,0.5499770527221114
LogD,lgbm,3,4,2270,0.5219664152068949,0.7163498375972415,0.5454991748674253
LogD,lgbm,4,0,2270,0.5578537867371524,0.7527849063443817,0.5152038671873405
LogD,lgbm,4,1,2270,0.5061767101215731,0.7037720416603067,0.5463579427397957
LogD,lgbm,4,2,2270,0.48502311123410935,0.6895767047624288,0.5601964881610232
LogD,lgbm,4,3,2270,0.49373485167631304,0.6980132526360966,0.5516111043083343
LogD,lgbm,4,4,2270,0.5238280590706247,0.7217604538642048,0.5365702850904792
LogD,megacl,0,0,2270,0.5602381871770767,0.7724586205096344,0.5132890188303965
LogD,megacl,0,1,2270,0.6384992856996033,0.8096738426670788,0.46535776003920704
LogD,megacl,0,2,2270,0.6247748572887333,0.7956157209837905,0.45331008360881064
LogD,megacl,0,3,2270,0.612806510741841,0.8007975746381423,0.47307287777356827
LogD,megacl,0,4,2270,0.6337836627828308,0.8143514507717889,0.4642085079607929
LogD,megacl,1,0,2270,0.6405343960247898,0.8130395669551049,0.44587489728898677
LogD,megacl,1,1,2270,0.6496028884842329,0.8160751105742102,0.44441235495603526
LogD,megacl,1,2,2270,0.6339046995314416,0.8051481728492279,0.45672325850550655
LogD,megacl,1,3,2270,0.5639117707325951,0.7912525382853343,0.4954991304020837
LogD,megacl,1,4,2270,0.608195202756934,0.7887884544511787,0.47635805333748027
LogD,megacl,2,0,2270,0.5815301298826521,0.7913149537000548,0.4934719648417181
LogD,megacl,2,1,2270,0.6410981749287623,0.8159056424492076,0.45683078502356833
LogD,megacl,2,2,2270,0.5724044128486427,0.7663354430323062,0.508506479244934
LogD,megacl,2,3,2270,0.6359997954041747,0.825655910029488,0.4482088222527313
LogD,megacl,2,4,2270,0.613044656843884,0.797340082544025,0.4575468040427313
LogD,megacl,3,0,2270,0.6027015300208803,0.7856642301826319,0.4780774752511013
LogD,megacl,3,1,2270,0.6513095893801856,0.8211467824262451,0.43876249519471366
LogD,megacl,3,2,2270,0.5926449416950024,0.7980433365497376,0.49347985984863435
LogD,megacl,3,3,2270,0.645337849889654,0.8221854409054505,0.441989761067489
LogD,megacl,3,4,2270,0.599804707442656,0.7931504130910062,0.4892210517903083
LogD,megacl,4,0,2270,0.61756795044812,0.7873034422943319,0.4740614040286344
LogD,megacl,4,1,2270,0.6479652458863284,0.8209778872520065,0.4481472928186343
LogD,megacl,4,2,2270,0.6010249370252414,0.7830888477005327,0.4814972182989692
LogD,megacl,4,3,2270,0.663688776437205,0.815979405147922,0.43561954905903083
LogD,megacl,4,4,2270,0.5956425698724814,0.7999652092233808,0.4766267324660793
LogD,moljepa,0,0,2270,0.5326610895258258,0.7263298661389119,0.5279403788166424
LogD,moljepa,0,1,2270,0.5268621394451201,0.7293597966913002,0.5284553129741274
LogD,moljepa,0,2,2270,0.5263247867733305,0.7250110178234871,0.529612011124384
LogD,moljepa,0,3,2270,0.5278456494704691,0.7296045810021866,0.523557096459792
LogD,moljepa,0,4,2270,0.4923909023053161,0.7088061133923176,0.5410935228078377
LogD,moljepa,1,0,2270,0.5343848425119315,0.731410697309161,0.5202338324953281
LogD,moljepa,1,1,2270,0.5241001505689951,0.7217942737084038,0.5307792365472223
LogD,moljepa,1,2,2270,0.5298402945333684,0.7284754241009672,0.5210428721461002
LogD,moljepa,1,3,2270,0.5317141758144346,0.7281256069011622,0.5341090536747736
LogD,moljepa,1,4,2270,0.5070962485117954,0.723830481496241,0.5397088301601914
LogD,moljepa,2,0,2270,0.5448280944612109,0.7378211125295229,0.5164942781371167
LogD,moljepa,2,1,2270,0.49121193416788556,0.705653849537815,0.5442376303068868
LogD,moljepa,2,2,2270,0.5321285802759423,0.7364342900576174,0.5169113994196123
LogD,moljepa,2,3,2270,0.5348124215419131,0.7338312308153717,0.523769423579592
LogD,moljepa,2,4,2270,0.5308343827740004,0.7315871716699235,0.5237487741083826
LogD,moljepa,3,0,2270,0.484481888078771,0.6949883028144118,0.5582143914043115
LogD,moljepa,3,1,2270,0.5295990515837758,0.7303833698901415,0.523736953924406
LogD,moljepa,3,2,2270,0.5411429529009095,0.7342578554390868,0.5184326973347412
LogD,moljepa,3,3,2270,0.5227823152532913,0.7300417577513498,0.5256143858372377
LogD,moljepa,3,4,2270,0.5083856403929615,0.7126444363786213,0.5377726773149641
LogD,moljepa,4,0,2270,0.5104890750842335,0.7182643098659761,0.5348386419580896
LogD,moljepa,4,1,2270,0.5240157122395797,0.7268769628950096,0.5299016984890211
LogD,moljepa,4,2,2270,0.49014379517818785,0.7049032037140804,0.5496549743020063
LogD,moljepa,4,3,2270,0.5146239599630433,0.7263394330339048,0.5292918146614987
LogD,moljepa,4,4,2270,0.5498685540474557,0.7397929165765643,0.5166671523924441
LogD,monroe,0,0,2270,0.7163450526012789,0.8524572248967001,0.4044507325519007
LogD,monroe,0,1,2270,0.722567598638747,0.8624327559005773,0.39840462972754653
LogD,monroe,0,2,2270,0.7299843049420598,0.8617984335401375,0.3920996449758926
LogD,monroe,0,3,2270,0.7200198453608673,0.8597849784266959,0.39782833416757507
LogD,monroe,0,4,2270,0.7153822880689271,0.8592483605415047,0.40404474562411463
LogD,monroe,1,0,2270,0.7334336494902594,0.8673725991020651,0.39035989373077185
LogD,monroe,1,1,2270,0.7054281203393387,0.8476040542005487,0.4163034688259602
LogD,monroe,1,2,2270,0.7353557469854886,0.867167400150728,0.384863004603696
LogD,monroe,1,3,2270,0.6891496228550953,0.8365952336679201,0.4258936374691943
LogD,monroe,1,4,2270,0.7324888377997221,0.8682466029840513,0.3917695691864855
LogD,monroe,2,0,2270,0.7223034773550537,0.8628785678841874,0.39948820164421006
LogD,monroe,2,1,2270,0.7154167704012608,0.8581453875300775,0.40607563884141096
LogD,monroe,2,2,2270,0.6998717904994838,0.8451890319951084,0.4128662033081219
LogD,monroe,2,3,2270,0.7302173614191233,0.8647609698217245,0.3986024676869102
LogD,monroe,2,4,2270,0.7375833346005459,0.8696240370446815,0.38547506012309685
LogD,monroe,3,0,2270,0.693689139858902,0.840562367204837,0.4167457422986627
LogD,monroe,3,1,2270,0.7061732315512067,0.8575550234697761,0.4132794742301795
LogD,monroe,3,2,2270,0.7387867711469319,0.8693371098566224,0.38208025688379343
LogD,monroe,3,3,2270,0.6914419782783596,0.8397609807174952,0.43166207726388384
LogD,monroe,3,4,2270,0.7391585687865763,0.8687965079194016,0.384652536332357
LogD,monroe,4,0,2270,0.7379891435463368,0.8695680976285819,0.3805000579060929
LogD,monroe,4,1,2270,0.7157127911894915,0.8591057465672273,0.40517741470312546
LogD,monroe,4,2,2270,0.6847644265845114,0.8350906096911133,0.4331528338126937
LogD,monroe,4,3,2270,0.7192679866308757,0.8628413113780565,0.41138018345624405
LogD,monroe,4,4,2270,0.7232722174671982,0.8602730307022489,0.38996434633240584
LogD,trimole,0,0,2270,0.45300818648223296,0.7733495598542337,0.5537569825239643
LogD,trimole,0,1,2270,0.318252232150685,0.7114981432853582,0.5948904674693877
LogD,trimole,0,2,2270,0.28336210168548603,0.709303342542451,0.6291047437285536
LogD,trimole,0,3,2270,0.5282877990518664,0.7185992807781019,0.5328410659332751
LogD,trimole,0,4,2270,0.27795699636678906,0.7333577943429345,0.6101147454425627
LogD,trimole,1,0,2270,0.5669852672951259,0.8092241682621791,0.5197667158857842
LogD,trimole,1,1,2270,0.5936166014841984,0.7972397212829551,0.5003953391864961
LogD,trimole,1,2,2270,0.5342837159901495,0.7752504879507905,0.5204732645765799
LogD,trimole,1,3,2270,0.5885840791379472,0.7812636054134376,0.518177111096319
LogD,trimole,1,4,2270,0.2796983732505063,0.7254027613067956,0.589603016145429
LogD,trimole,2,0,2270,0.5948429737724394,0.8066555163277357,0.49651196694058997
LogD,trimole,2,1,2270,0.6036787309629112,0.7968852586384733,0.49312089528281255
LogD,trimole,2,2,2270,0.430025147199681,0.7340773717902123,0.6147879808589751
LogD,trimole,2,3,2270,0.4767201520493082,0.7653613396846914,0.5658756031758985
LogD,trimole,2,4,2270,0.24859138662975122,0.7543246030471193,0.6324331732153368
LogD,trimole,3,0,2270,0.30564218716920655,0.7302778491646085,0.6252418618790379
LogD,trimole,3,1,2270,0.19148393623827376,0.7211253315480477,0.6241375908137419
LogD,trimole,3,2,2270,0.6036571746795816,0.7963254488293091,0.49466143106048854
LogD,trimole,3,3,2270,-0.5909532988000004,0.7199938304538646,0.7575307336882874
LogD,trimole,3,4,2270,0.5500127608003405,0.7889546195009033,0.5218501255480728
LogD,trimole,4,0,2270,0.5148714838847923,0.7490830587020016,0.5444476353649526
LogD,trimole,4,1,2270,0.1968847388091477,0.7170165798488494,0.6308200910227939
LogD,trimole,4,2,2270,0.5708719913583636,0.7872000872257715,0.5192180949790888
LogD,trimole,4,3,2270,0.27581059855929235,0.7069002844029364,0.642262016624081
LogD,trimole,4,4,2270,0.586591707355141,0.8017360808852584,0.5038857036435131
LogS,chemeleon,0,0,2170,0.4902510991407514,0.5635145200532551,0.3400801778112353
LogS,chemeleon,0,1,2170,0.5028736864395822,0.5605214461765897,0.3397974139323641
LogS,chemeleon,0,2,2170,0.49347533421485545,0.5854633515902711,0.3383271880709802
LogS,chemeleon,0,3,2170,0.5033325358611964,0.5898612274299124,0.34215778199586033
LogS,chemeleon,0,4,2170,0.49707870873668025,0.5589202366942901,0.3630554828545321
LogS,chemeleon,1,0,2170,0.5112737663839576,0.5811056866588833,0.3447984846846328
LogS,chemeleon,1,1,2170,0.4691222880712763,0.5570171874662766,0.36343403832107124
LogS,chemeleon,1,2,2170,0.4889083704668392,0.5762434253369001,0.3387615224303002
LogS,chemeleon,1,3,2170,0.4242855476003794,0.5365526354466083,0.3669174280565386
LogS,chemeleon,1,4,2170,0.46326451058684437,0.5534427506890325,0.3607274145533108
LogS,chemeleon,2,0,2170,0.46720664444684856,0.550706223202472,0.36071879346934815
LogS,chemeleon,2,1,2170,0.48259197383366015,0.5649282813568669,0.3702266432333294
LogS,chemeleon,2,2,2170,0.4527839603309839,0.5430551877655185,0.37759569231329826
LogS,chemeleon,2,3,2170,0.48211348961650946,0.5858034516081687,0.3638537420560969
LogS,chemeleon,2,4,2170,0.4785565866978768,0.570574659988695,0.34999189941744513
LogS,chemeleon,3,0,2170,0.43352535499531764,0.5489738737616001,0.37146328299555637
LogS,chemeleon,3,1,2170,0.5113673358581026,0.5864316554462256,0.3354069382580037
LogS,chemeleon,3,2,2170,0.5223855818979644,0.5930222574093196,0.33651985085632796
LogS,chemeleon,3,3,2170,0.40353914047183315,0.5519133856123232,0.39121139795502685
LogS,chemeleon,3,4,2170,0.4893526107391638,0.5292411706518728,0.3457296410357793
LogS,chemeleon,4,0,2170,0.46208787498514525,0.5443632426840728,0.3685810839113574
LogS,chemeleon,4,1,2170,0.4571383388536421,0.565331342177163,0.36914639438998265
LogS,chemeleon,4,2,2170,0.445629552770649,0.5772968782479884,0.3830587699633184
LogS,chemeleon,4,3,2170,0.4429983713229031,0.5478208175729439,0.3802522845439652
LogS,chemeleon,4,4,2170,0.467368151520686,0.5398795875049387,0.34188476751894237
LogS,chemprop,0,0,2170,0.43743496558573747,0.5558014337612471,0.4123321068132833
LogS,chemprop,0,1,2170,0.45922295737908336,0.5688571942162461,0.39302985123588224
LogS,chemprop,0,2,2170,0.4244423546826449,0.571885632687222,0.4050122148556941
LogS,chemprop,0,3,2170,0.4285264614296036,0.576909024641944,0.4099143991858937
LogS,chemprop,0,4,2170,0.4745781561753729,0.5652558988778963,0.3928716465390264
LogS,chemprop,1,0,2170,0.45920741954531963,0.5657142386149976,0.39487064580732173
LogS,chemprop,1,1,2170,0.48814670343770894,0.587434163934959,0.38995464991193424
LogS,chemprop,1,2,2170,0.47593134004900917,0.57552721249294,0.3870323771537378
LogS,chemprop,1,3,2170,0.427491122172472,0.5700971263896137,0.4095505197357724
LogS,chemprop,1,4,2170,0.45119009824922884,0.5853349730601978,0.4143355720474448
LogS,chemprop,2,0,2170,0.44950842093916343,0.5592862435901959,0.40587325956657444
LogS,chemprop,2,1,2170,0.4544620198894417,0.5738756979148126,0.39916420713216527
LogS,chemprop,2,2,2170,0.42186168036798466,0.5434738783626532,0.4145981374153391
LogS,chemprop,2,3,2170,0.4678001000185401,0.5856657765579769,0.39549507088366215
LogS,chemprop,2,4,2170,0.4330437558728537,0.5680428420755826,0.4070909684472028
LogS,chemprop,3,0,2170,0.47777017838674307,0.5814552913095855,0.38172950189444455
LogS,chemprop,3,1,2170,0.5102727844877613,0.6020894745799751,0.37846890345059975
LogS,chemprop,3,2,2170,0.4579902897850925,0.567959376732166,0.4111265234957849
LogS,chemprop,3,3,2170,0.4063628620948003,0.5541785268866113,0.42737627276885726
LogS,chemprop,3,4,2170,0.46060446397010435,0.575189406242748,0.4092840395018539
LogS,chemprop,4,0,2170,0.4635997680074331,0.5932919058162193,0.39789461819362776
LogS,chemprop,4,1,2170,0.49100926096614383,0.5709194481503,0.37893662277570833
LogS,chemprop,4,2,2170,0.4217627368097244,0.5855684265771526,0.42784831263489975
LogS,chemprop,4,3,2170,0.441140240991316,0.5693079908835024,0.41037974874470534
LogS,chemprop,4,4,2170,0.4608048434717372,0.5780044350354919,0.4003148410206724
LogS,chemprop_st,0,0,2170,0.3540710574745397,0.5347430999918905,0.42168140678964317
LogS,chemprop_st,0,1,2170,0.5243315143401168,0.5790669494179355,0.36303541627729585
LogS,chemprop_st,0,2,2170,0.45206207901970286,0.5205304067791852,0.377908200027878
LogS,chemprop_st,0,3,2170,0.45939340730502876,0.5649122551253878,0.39379494638240453
LogS,chemprop_st,0,4,2170,0.45471461150546455,0.5563700301612268,0.4023949063103544
LogS,chemprop_st,1,0,2170,0.4796036451675092,0.5632404004264585,0.36970796299500863
LogS,chemprop_st,1,1,2170,0.4901830484553056,0.5542666866209925,0.3716270142018631
LogS,chemprop_st,1,2,2170,0.4626898660142139,0.5617170444722746,0.3996493777390753
LogS,chemprop_st,1,3,2170,0.4180964492204715,0.5625400080015351,0.4055084369968441
LogS,chemprop_st,1,4,2170,0.4745676486230904,0.573351445115945,0.385908759894187
LogS,chemprop_st,2,0,2170,0.4871091787545794,0.5510563600252459,0.3689665966268683
LogS,chemprop_st,2,1,2170,0.4634617571014311,0.5602361809430269,0.38255856625131285
LogS,chemprop_st,2,2,2170,0.3965097646133485,0.533030209258258,0.4330509951381034
LogS,chemprop_st,2,3,2170,0.48968282333504065,0.5877329872786999,0.3703116977314684
LogS,chemprop_st,2,4,2170,0.4370500047371697,0.537546589755071,0.39602874924169573
LogS,chemprop_st,3,0,2170,0.42945072839906484,0.544290241497198,0.39798375606742864
LogS,chemprop_st,3,1,2170,0.43135953188822984,0.5593819526033962,0.39650892554185657
LogS,chemprop_st,3,2,2170,0.4707753948021697,0.5494825106146015,0.37363946368648726
LogS,chemprop_st,3,3,2170,0.3855892717079965,0.5548829739118564,0.4204343489840554
LogS,chemprop_st,3,4,2170,0.4522904874098791,0.5496885550607394,0.3965676964796439
LogS,chemprop_st,4,0,2170,0.4038652580336126,0.5534554442497684,0.41862793940108983
LogS,chemprop_st,4,1,2170,0.41185915887658764,0.5453613730115353,0.4026623461526752
LogS,chemprop_st,4,2,2170,0.4454916961496327,0.5619134490197282,0.40021404714829817
LogS,chemprop_st,4,3,2170,0.42983685774880986,0.5491854782538914,0.40168339175794004
LogS,chemprop_st,4,4,2170,0.4619879957134243,0.5426236181530405,0.3862886971407716
LogS,lgbm,0,0,2170,0.3499451670712671,0.4920246362363928,0.4547527461811144
LogS,lgbm,0,1,2170,0.35226078899398683,0.48356695089202995,0.4475783077382405
LogS,lgbm,0,2,2170,0.36051659249615264,0.5096706823078879,0.44423675969328386
LogS,lgbm,0,3,2170,0.3378965145313009,0.46838330745317686,0.44565530806222636
LogS,lgbm,0,4,2170,0.2793191170864461,0.4505842112999294,0.4785576818583601
LogS,lgbm,1,0,2170,0.30223708774514146,0.48038519533037644,0.46870657875368255
LogS,lgbm,1,1,2170,0.33701837566283,0.48604045900926107,0.45342348016344874
LogS,lgbm,1,2,2170,0.2902368229863137,0.4525698802171701,0.46888972928287215
LogS,lgbm,1,3,2170,0.33901706823353417,0.45273461865514014,0.44692860405975254
LogS,lgbm,1,4,2170,0.36504066262623747,0.46288934896329237,0.43771751001605913
LogS,lgbm,2,0,2170,0.302120310459276,0.4651327245163282,0.47027811501015787
LogS,lgbm,2,1,2170,0.3537190251277923,0.48148229350204497,0.44770079388420325
LogS,lgbm,2,2,2170,0.2956003485487092,0.42619342909338404,0.47488470460984133
LogS,lgbm,2,3,2170,0.3721298389081259,0.4878076294297235,0.4366939521837687
LogS,lgbm,2,4,2170,0.36522663291617263,0.49812808620817106,0.4430221009216774
LogS,lgbm,3,0,2170,0.3027704876989953,0.49783403058461806,0.463435049092676
LogS,lgbm,3,1,2170,0.3669033396493432,0.5142392071365554,0.4468015902733349
LogS,lgbm,3,2,2170,0.39692650324705303,0.49980768664697717,0.42848662755029593
LogS,lgbm,3,3,2170,0.3449040263449836,0.4641128086090633,0.44575332432083475
LogS,lgbm,3,4,2170,0.30966083418925605,0.47352305521019555,0.46898803107430764
LogS,lgbm,4,0,2170,0.36412104968385894,0.48003580842161614,0.4395521327428717
LogS,lgbm,4,1,2170,0.368875041131118,0.5063567831798451,0.44262027304368284
LogS,lgbm,4,2,2170,0.26495280990715453,0.44624948944665005,0.47647066312301267
LogS,lgbm,4,3,2170,0.2823510197499335,0.4804585606834923,0.48269114055873014
LogS,lgbm,4,4,2170,0.3709759720838064,0.47741323821997134,0.4371701132967381
LogS,megacl,0,0,2170,0.40300104981474216,0.5301380797695711,0.3944476168219022
LogS,megacl,0,1,2170,0.2974685214130304,0.5190593279081533,0.43701997017592076
LogS,megacl,0,2,2170,0.388755244647243,0.4984207716212355,0.3843854927274954
LogS,megacl,0,3,2170,0.3955641831333614,0.5246413757322413,0.4020729546591792
LogS,megacl,0,4,2170,0.37272380333482336,0.5116516564148225,0.4181338184075103
LogS,megacl,1,0,2170,0.3304020055878232,0.5037952907305123,0.44898180984914826
LogS,megacl,1,1,2170,0.32842595938526264,0.54826480092442,0.42022331294565807
LogS,megacl,1,2,2170,0.4213859165020305,0.5289383051747352,0.38363174446227305
LogS,megacl,1,3,2170,0.3169797650465366,0.48840121002259046,0.4462177575941368
LogS,megacl,1,4,2170,0.2557352992077967,0.4727680078841289,0.4650148618020673
LogS,megacl,2,0,2170,0.2830388002816183,0.4955391017178518,0.437863522420606
LogS,megacl,2,1,2170,0.34175985377174334,0.5207416088589693,0.4194850860780702
LogS,megacl,2,2,2170,0.37800939151220325,0.5130811869298383,0.41795748113222214
LogS,megacl,2,3,2170,0.3215049207839241,0.5277271967937542,0.43710060641732856
LogS,megacl,2,4,2170,0.32574966890552737,0.5214119665358637,0.4499265716944748
LogS,megacl,3,0,2170,0.2181935591385692,0.4686408934865685,0.4752520614561109
LogS,megacl,3,1,2170,0.38713299872096785,0.5534462964532952,0.42536359681734737
LogS,megacl,3,2,2170,0.40411907250246526,0.5064380483718638,0.3641059319921627
LogS,megacl,3,3,2170,0.2553404189068965,0.4885508843222139,0.4654857532880046
LogS,megacl,3,4,2170,0.3441935487805625,0.49866597276947777,0.41094353373097475
LogS,megacl,4,0,2170,0.3207087704091376,0.5304891535870538,0.40928392411953707
LogS,megacl,4,1,2170,0.34020293676657876,0.4871190373180065,0.41182614358015135
LogS,megacl,4,2,2170,0.39447550874437376,0.5210345117901913,0.39240141356818653
LogS,megacl,4,3,2170,0.23758361260764604,0.48170056702577013,0.45661270164423584
LogS,megacl,4,4,2170,0.362095207356278,0.5079534952139001,0.41506508477563664
LogS,moljepa,0,0,2170,0.25951594087126584,0.47464298550527434,0.4656481783793268
LogS,moljepa,0,1,2170,0.34038513680908666,0.48373203887248256,0.43757265215247615
LogS,moljepa,0,2,2170,0.3162042537171994,0.473157102638535,0.4481516091490089
LogS,moljepa,0,3,2170,0.3388293216236301,0.49795101504909833,0.4392906707050419
LogS,moljepa,0,4,2170,0.24629057779713037,0.4540945697957767,0.4734555287724329
LogS,moljepa,1,0,2170,0.3408583510000466,0.4917657228667292,0.4340312965654213
LogS,moljepa,1,1,2170,0.3051377405030098,0.4854972294418817,0.4541034002406211
LogS,moljepa,1,2,2170,0.23559370573769467,0.46623201729449154,0.4762548182167898
LogS,moljepa,1,3,2170,0.2935344140073308,0.4875270029533053,0.46049111523363717
LogS,moljepa,1,4,2170,0.2830246993305974,0.4789644409753744,0.45919659461010204
LogS,moljepa,2,0,2170,0.29211528310357204,0.4832959212637865,0.46167779304706336
LogS,moljepa,2,1,2170,0.2707133641372945,0.4724108095974333,0.46788983390079936
LogS,moljepa,2,2,2170,0.2871330936269849,0.4570836276505065,0.45952996078883174
LogS,moljepa,2,3,2170,0.3426524873368615,0.49872313986919964,0.43252704604925407
LogS,moljepa,2,4,2170,0.33426826814443833,0.5043373030699354,0.441447833684105
LogS,moljepa,3,0,2170,0.25801860388132225,0.4674108279104775,0.4683731040270778
LogS,moljepa,3,1,2170,0.3174634164577741,0.49334404441791535,0.4543424705449449
LogS,moljepa,3,2,2170,0.29544059333756323,0.4960898409325636,0.46531655325317844
LogS,moljepa,3,3,2170,0.2864580042970363,0.472950828603373,0.45020465033299417
LogS,moljepa,3,4,2170,0.27635484699860624,0.4716958920598354,0.46492457440643076
LogS,moljepa,4,0,2170,0.34139317994699325,0.4906342284271832,0.4340644033958726
LogS,moljepa,4,1,2170,0.3151311531224409,0.5000067889505612,0.45107305034701056
LogS,moljepa,4,2,2170,0.27219542542851394,0.47905917273737236,0.46743433970548776
LogS,moljepa,4,3,2170,0.28038051618586657,0.46846617630951687,0.4706404062252297
LogS,moljepa,4,4,2170,0.287320567418627,0.4687038152198932,0.4561479543959372
LogS,monroe,0,0,2170,0.4300750557799913,0.5728949809381771,0.3819719509082844
LogS,monroe,0,1,2170,0.4408072917315474,0.5768121040297715,0.37930350967520154
LogS,monroe,0,2,2170,0.40972132438551645,0.5683049468754374,0.39544651230904326
LogS,monroe,0,3,2170,0.4816738536846863,0.6048940478396299,0.36645575831973565
LogS,monroe,0,4,2170,0.45673274445972056,0.5650852847469177,0.3782958041265641
LogS,monroe,1,0,2170,0.4552687177537589,0.5807312438982813,0.3739801251704968
LogS,monroe,1,1,2170,0.4689518872561024,0.5758868442641939,0.3705547439292256
LogS,monroe,1,2,2170,0.45430681008818763,0.5832895626059744,0.37913697100988775
LogS,monroe,1,3,2170,0.3896866293157526,0.5558877496941182,0.40005919602866
LogS,monroe,1,4,2170,0.44269979054002784,0.578281213495136,0.3802000513582732
LogS,monroe,2,0,2170,0.4352321714617441,0.5748432334254754,0.3814153997191256
LogS,monroe,2,1,2170,0.43366521732397223,0.5742307268098412,0.38188096169360725
LogS,monroe,2,2,2170,0.45964171851043367,0.5533844740212697,0.3769338249016339
LogS,monroe,2,3,2170,0.426355298787392,0.5781656867997996,0.3853011094766978
LogS,monroe,2,4,2170,0.4648120891186658,0.5909233059378876,0.3719142331517441
LogS,monroe,3,0,2170,0.3580140759852414,0.5531812280290479,0.40407741572470424
LogS,monroe,3,1,2170,0.4465325919096922,0.5828687297763099,0.3802513794778511
LogS,monroe,3,2,2170,0.4542349365767693,0.5726621990504287,0.37680578347313276
LogS,monroe,3,3,2170,0.4637592306808068,0.5819600469059877,0.3682130607017616
LogS,monroe,3,4,2170,0.45956015281347584,0.5811575413162977,0.3757795091749719
LogS,monroe,4,0,2170,0.47032386747031185,0.5769403344616374,0.373422582862678
LogS,monroe,4,1,2170,0.4629600854411088,0.594088622462384,0.372658654644061
LogS,monroe,4,2,2170,0.44377103336345014,0.5796278752561621,0.3802774539367843
LogS,monroe,4,3,2170,0.39898576238989414,0.560621366409497,0.39403853656789095
LogS,monroe,4,4,2170,0.4392828363029847,0.5717085463274671,0.38184193708693365
LogS,trimole,0,0,2170,0.35169718883165424,0.4813514637249361,0.4589394870342556
LogS,trimole,0,1,2170,0.33488714250336005,0.47907340988763225,0.4423506073066691
LogS,trimole,0,2,2170,0.33584384877191775,0.47891912366136297,0.44885877448242534
LogS,trimole,0,3,2170,0.3669873754948034,0.511853925880545,0.4408179023516032
LogS,trimole,0,4,2170,0.3165327195776052,0.4753295906254282,0.46278598341101684
LogS,trimole,1,0,2170,0.34131616015603916,0.4853787760610807,0.45084075865859846
LogS,trimole,1,1,2170,0.36964082600868586,0.489453282262019,0.4296086286617749
LogS,trimole,1,2,2170,0.3154217025064171,0.4717398652637749,0.45523777272215993
LogS,trimole,1,3,2170,0.3522524201035745,0.48805983753918664,0.4438876453646236
LogS,trimole,1,4,2170,0.3610332503693081,0.49479968264907315,0.43956721224338247
LogS,trimole,2,0,2170,0.35811304186809967,0.5025950704033687,0.443631161131561
LogS,trimole,2,1,2170,0.3000427196217649,0.4815989215701536,0.47019535896505804
LogS,trimole,2,2,2170,0.350153955556722,0.48858932380821246,0.43971732023128207
LogS,trimole,2,3,2170,0.3699448360313734,0.5044455927493396,0.43577338520315667
LogS,trimole,2,4,2170,0.368142405769024,0.5065003066352621,0.43340383875103794
LogS,trimole,3,0,2170,-0.9854039926947575,0.39492492263395906,0.6571351175958517
LogS,trimole,3,1,2170,0.350115203717121,0.47878793019841304,0.44377150821258865
LogS,trimole,3,2,2170,0.35693214963978026,0.4944184577995923,0.4485780567117805
LogS,trimole,3,3,2170,0.35086483935473,0.484508912289161,0.43555185977486155
LogS,trimole,3,4,2170,0.3256800876232072,0.46803105126382455,0.45623531143707474
LogS,trimole,4,0,2170,0.3732109834867492,0.5016185996824338,0.4350791145867345
LogS,trimole,4,1,2170,0.3645280009299954,0.5014191343641843,0.43912433793023303
LogS,trimole,4,2,2170,0.3384874073924088,0.4840591942092292,0.4532884093614122
LogS,trimole,4,3,2170,0.29810667211913844,0.4556618979349836,0.46086588189048416
LogS,trimole,4,4,2170,0.3646683524570784,0.4967925527955206,0.44087682466852085
